Latitude (decimal degrees):	54.251
Longitude (decimal degrees):	-1.437
Elevation (m):	28
Radiation database:	PVGIS-SARAH3


Slope: 35 deg. 
Azimuth: 0 deg. 
Nominal power of the PV system (c-Si) (kWp):	1500.0
System losses (%):	14.0
time,P,G(i),H_sun,T2m,WS10m,Int
20050101:0011,0.0,0.0,0.0,6.52,4.41,0.0
20050101:0111,0.0,0.0,0.0,6.29,4.21,0.0
20050101:0211,0.0,0.0,0.0,5.98,4.14,0.0
20050101:0311,0.0,0.0,0.0,5.95,4.34,0.0
20050101:0411,0.0,0.0,0.0,6.05,4.48,0.0
20050101:0511,0.0,0.0,0.0,6.49,4.41,0.0
20050101:0611,0.0,0.0,0.0,6.86,4.34,0.0
20050101:0711,0.0,0.0,0.0,7.31,4.69,0.0
20050101:0811,0.0,0.0,0.0,7.57,5.03,0.0
20050101:0911,15855.0,23.89,3.8,7.71,5.45,0.0
20050101:1011,67500.0,67.21,8.67,7.97,5.72,0.0
20050101:1111,148620.0,128.82,11.74,8.31,5.79,0.0
20050101:1211,47775.0,51.92,12.74,8.51,6.14,0.0
20050101:1311,141120.0,123.54,11.59,8.6,6.9,0.0
20050101:1411,14070.0,22.25,8.4,8.94,8.0,0.0
20050101:1511,0.0,4.64,3.42,9.39,8.21,0.0
20050101:1611,0.0,0.0,0.0,9.37,9.38,0.0
20050101:1711,0.0,0.0,0.0,8.26,11.17,0.0
20050101:1811,0.0,0.0,0.0,6.08,8.41,0.0
20050101:1911,0.0,0.0,0.0,5.33,8.07,0.0
20050101:2011,0.0,0.0,0.0,4.66,8.55,0.0
20050101:2111,0.0,0.0,0.0,4.2,8.55,0.0
20050101:2211,0.0,0.0,0.0,3.91,8.41,0.0
20050101:2311,0.0,0.0,0.0,3.54,8.07,0.0
20050102:0011,0.0,0.0,0.0,3.77,7.93,0.0
20050102:0111,0.0,0.0,0.0,3.72,7.86,0.0
20050102:0211,0.0,0.0,0.0,3.5,7.72,0.0
20050102:0311,0.0,0.0,0.0,3.38,7.52,0.0
20050102:0411,0.0,0.0,0.0,3.31,7.66,0.0
20050102:0511,0.0,0.0,0.0,3.34,7.31,0.0
20050102:0611,0.0,0.0,0.0,3.37,7.1,0.0
20050102:0711,0.0,0.0,0.0,3.47,6.69,0.0
20050102:0811,0.0,0.0,0.0,3.58,6.62,0.0
20050102:0911,17115.0,24.74,3.84,3.65,6.41,0.0
20050102:1011,393375.0,301.97,8.72,4.09,6.48,0.0
20050102:1111,573045.0,432.75,11.8,4.88,6.97,0.0
20050102:1211,437490.0,334.83,12.83,5.18,6.9,0.0
20050102:1311,738405.0,558.59,11.7,5.32,6.55,0.0
20050102:1411,362355.0,281.65,8.52,5.46,7.93,0.0
20050102:1511,154140.0,132.87,3.54,5.31,7.52,0.0
20050102:1611,0.0,0.0,0.0,4.69,6.48,0.0
20050102:1711,0.0,0.0,0.0,4.55,6.21,0.0
20050102:1811,0.0,0.0,0.0,4.51,5.93,0.0
20050102:1911,0.0,0.0,0.0,4.65,5.59,0.0
20050102:2011,0.0,0.0,0.0,4.87,5.45,0.0
20050102:2111,0.0,0.0,0.0,5.17,5.52,0.0
20050102:2211,0.0,0.0,0.0,5.71,5.79,0.0
20050102:2311,0.0,0.0,0.0,6.29,6.07,0.0
20050103:0011,0.0,0.0,0.0,6.44,5.93,0.0
20050103:0111,0.0,0.0,0.0,6.61,5.93,0.0
20050103:0211,0.0,0.0,0.0,6.66,5.86,0.0
20050103:0311,0.0,0.0,0.0,6.64,5.59,0.0
20050103:0411,0.0,0.0,0.0,6.65,5.24,0.0
20050103:0511,0.0,0.0,0.0,6.72,5.1,0.0
20050103:0611,0.0,0.0,0.0,6.79,5.17,0.0
20050103:0711,0.0,0.0,0.0,7.48,5.86,0.0
20050103:0811,0.0,0.0,0.0,7.5,5.79,0.0
20050103:0911,0.0,0.93,3.88,7.46,5.72,0.0
20050103:1011,4560.0,12.05,8.78,7.87,5.86,0.0
20050103:1111,8655.0,16.69,11.88,8.36,6.07,0.0
20050103:1211,7785.0,15.76,12.92,8.78,6.83,0.0
20050103:1311,18900.0,26.89,11.8,8.91,7.24,0.0
20050103:1411,120615.0,108.23,8.64,8.73,7.17,0.0
20050103:1511,159345.0,138.68,3.67,8.81,7.38,0.0
20050103:1611,0.0,0.0,0.0,8.61,7.31,0.0
20050103:1711,0.0,0.0,0.0,8.28,7.52,0.0
20050103:1811,0.0,0.0,0.0,8.22,7.93,0.0
20050103:1911,0.0,0.0,0.0,8.4,8.69,0.0
20050103:2011,0.0,0.0,0.0,8.41,8.34,0.0
20050103:2111,0.0,0.0,0.0,8.48,8.34,0.0
20050103:2211,0.0,0.0,0.0,8.47,8.48,0.0
20050103:2311,0.0,0.0,0.0,8.41,8.69,0.0
20050104:0011,0.0,0.0,0.0,8.4,8.97,0.0
20050104:0111,0.0,0.0,0.0,8.61,9.03,0.0
20050104:0211,0.0,0.0,0.0,8.57,8.97,0.0
20050104:0311,0.0,0.0,0.0,8.54,8.83,0.0
20050104:0411,0.0,0.0,0.0,8.49,8.69,0.0
20050104:0511,0.0,0.0,0.0,8.44,8.48,0.0
20050104:0611,0.0,0.0,0.0,8.62,8.69,0.0
20050104:0711,0.0,0.0,0.0,8.9,9.79,0.0
20050104:0811,0.0,0.0,0.0,9.5,10.48,0.0
20050104:0911,1065.0,7.42,3.93,9.73,10.83,0.0
20050104:1011,24915.0,32.45,8.85,9.39,10.14,0.0
20050104:1111,342285.0,269.89,11.97,8.92,8.21,0.0
20050104:1211,760590.0,580.56,13.02,8.29,7.52,0.0
20050104:1311,44505.0,49.14,11.92,8.16,6.76,0.0
20050104:1411,3810.0,11.13,8.76,7.79,6.0,0.0
20050104:1511,190710.0,161.29,3.81,6.98,5.24,0.0
20050104:1611,0.0,0.0,0.0,6.15,4.41,0.0
20050104:1711,0.0,0.0,0.0,5.32,3.86,0.0
20050104:1811,0.0,0.0,0.0,4.97,3.52,0.0
20050104:1911,0.0,0.0,0.0,4.59,3.52,0.0
20050104:2011,0.0,0.0,0.0,4.41,3.79,0.0
20050104:2111,0.0,0.0,0.0,4.54,4.34,0.0
20050104:2211,0.0,0.0,0.0,4.92,4.9,0.0
20050104:2311,0.0,0.0,0.0,5.06,5.17,0.0
20050105:0011,0.0,0.0,0.0,5.18,5.24,0.0
20050105:0111,0.0,0.0,0.0,5.15,5.66,0.0
20050105:0211,0.0,0.0,0.0,5.34,5.79,0.0
20050105:0311,0.0,0.0,0.0,5.43,5.31,0.0
20050105:0411,0.0,0.0,0.0,5.38,5.24,0.0
20050105:0511,0.0,0.0,0.0,5.29,5.03,0.0
20050105:0611,0.0,0.0,0.0,5.33,4.69,0.0
20050105:0711,0.0,0.0,0.0,5.38,5.1,0.0
20050105:0811,0.0,0.0,0.0,5.4,5.24,0.0
20050105:0911,1755.0,8.34,3.99,5.43,5.45,0.0
20050105:1011,121680.0,107.5,8.93,5.75,5.86,0.0
20050105:1111,69015.0,68.32,12.06,6.55,6.69,0.0
20050105:1211,39210.0,44.5,13.13,7.04,7.45,0.0
20050105:1311,27270.0,34.3,12.04,7.43,8.07,0.0
20050105:1411,74175.0,72.52,8.9,7.48,8.48,0.0
20050105:1511,0.0,5.56,3.95,6.96,8.41,0.0
20050105:1611,0.0,0.0,0.0,7.19,8.07,0.0
20050105:1711,0.0,0.0,0.0,7.61,7.45,0.0
20050105:1811,0.0,0.0,0.0,7.71,6.62,0.0
20050105:1911,0.0,0.0,0.0,7.47,6.62,0.0
20050105:2011,0.0,0.0,0.0,6.95,6.48,0.0
20050105:2111,0.0,0.0,0.0,6.29,6.55,0.0
20050105:2211,0.0,0.0,0.0,5.78,6.55,0.0
20050105:2311,0.0,0.0,0.0,5.39,6.34,0.0
20050106:0011,0.0,0.0,0.0,5.12,5.86,0.0
20050106:0111,0.0,0.0,0.0,4.9,5.59,0.0
20050106:0211,0.0,0.0,0.0,4.9,5.24,0.0
20050106:0311,0.0,0.0,0.0,4.72,4.34,0.0
20050106:0411,0.0,0.0,0.0,4.51,3.72,0.0
20050106:0511,0.0,0.0,0.0,4.42,3.1,0.0
20050106:0611,0.0,0.0,0.0,4.11,2.97,0.0
20050106:0711,0.0,0.0,0.0,4.2,3.66,0.0
20050106:0811,0.0,0.0,0.0,4.94,4.48,0.0
20050106:0911,0.0,4.64,4.05,5.41,5.17,0.0
20050106:1011,127365.0,111.73,9.01,5.84,5.79,0.0
20050106:1111,182625.0,152.83,12.16,6.78,6.07,0.0
20050106:1211,110340.0,100.38,13.24,7.53,5.1,0.0
20050106:1311,31380.0,38.01,12.17,8.12,5.72,0.0
20050106:1411,3765.0,11.13,9.03,9.15,7.72,0.0
20050106:1511,3750.0,11.13,4.09,9.83,8.62,0.0
20050106:1611,0.0,0.0,0.0,10.22,8.69,0.0
20050106:1711,0.0,0.0,0.0,10.34,8.21,0.0
20050106:1811,0.0,0.0,0.0,10.07,7.72,0.0
20050106:1911,0.0,0.0,0.0,10.28,7.72,0.0
20050106:2011,0.0,0.0,0.0,10.24,7.72,0.0
20050106:2111,0.0,0.0,0.0,10.14,8.07,0.0
20050106:2211,0.0,0.0,0.0,10.12,8.28,0.0
20050106:2311,0.0,0.0,0.0,10.28,8.48,0.0
20050107:0011,0.0,0.0,0.0,10.63,8.83,0.0
20050107:0111,0.0,0.0,0.0,11.02,9.52,0.0
20050107:0211,0.0,0.0,0.0,11.45,10.55,0.0
20050107:0311,0.0,0.0,0.0,11.73,11.59,0.0
20050107:0411,0.0,0.0,0.0,11.45,11.59,0.0
20050107:0511,0.0,0.0,0.0,10.97,11.1,0.0
20050107:0611,0.0,0.0,0.0,10.89,10.69,0.0
20050107:0711,0.0,0.0,0.0,11.64,10.76,0.0
20050107:0811,0.0,0.0,0.0,12.0,10.76,0.0
20050107:0911,0.0,1.85,4.13,12.31,10.41,0.0
20050107:1011,32835.0,39.78,9.1,12.41,10.0,0.0
20050107:1111,107610.0,99.84,12.26,12.43,9.31,0.0
20050107:1211,42510.0,48.21,13.37,12.33,8.83,0.0
20050107:1311,42585.0,48.21,12.31,11.98,8.83,0.0
20050107:1411,11100.0,19.47,9.18,11.76,8.76,0.0
20050107:1511,4440.0,12.05,4.24,11.65,8.48,0.0
20050107:1611,0.0,0.0,0.0,11.55,8.14,0.0
20050107:1711,0.0,0.0,0.0,11.45,7.79,0.0
20050107:1811,0.0,0.0,0.0,11.32,7.45,0.0
20050107:1911,0.0,0.0,0.0,10.98,8.48,0.0
20050107:2011,0.0,0.0,0.0,10.74,8.69,0.0
20050107:2111,0.0,0.0,0.0,10.35,9.45,0.0
20050107:2211,0.0,0.0,0.0,9.94,10.0,0.0
20050107:2311,0.0,0.0,0.0,9.81,10.28,0.0
20050108:0011,0.0,0.0,0.0,9.86,10.69,0.0
20050108:0111,0.0,0.0,0.0,9.96,11.03,0.0
20050108:0211,0.0,0.0,0.0,10.2,11.1,0.0
20050108:0311,0.0,0.0,0.0,10.56,11.31,0.0
20050108:0411,0.0,0.0,0.0,10.9,11.72,0.0
20050108:0511,0.0,0.0,0.0,9.58,13.45,0.0
20050108:0611,0.0,0.0,0.0,7.89,13.24,0.0
20050108:0711,0.0,0.0,0.0,7.49,15.52,0.0
20050108:0811,0.0,0.0,0.0,6.77,16.14,0.0
20050108:0911,0.0,2.78,4.2,5.82,13.45,0.0
20050108:1011,24405.0,31.52,9.19,5.48,11.72,0.0
20050108:1111,638940.0,478.42,12.38,5.46,10.83,0.0
20050108:1211,58905.0,60.26,13.5,5.62,9.59,0.0
20050108:1311,377670.0,291.83,12.45,5.63,8.55,0.0
20050108:1411,637500.0,481.43,9.33,5.56,9.59,0.0
20050108:1511,293790.0,234.62,4.4,5.1,9.03,0.0
20050108:1611,0.0,0.0,0.0,4.98,8.28,0.0
20050108:1711,0.0,0.0,0.0,4.89,7.72,0.0
20050108:1811,0.0,0.0,0.0,4.91,7.66,0.0
20050108:1911,0.0,0.0,0.0,4.71,7.45,0.0
20050108:2011,0.0,0.0,0.0,4.69,7.79,0.0
20050108:2111,0.0,0.0,0.0,4.82,8.14,0.0
20050108:2211,0.0,0.0,0.0,5.11,8.76,0.0
20050108:2311,0.0,0.0,0.0,5.54,8.97,0.0
20050109:0011,0.0,0.0,0.0,6.02,9.31,0.0
20050109:0111,0.0,0.0,0.0,6.38,9.59,0.0
20050109:0211,0.0,0.0,0.0,6.85,9.31,0.0
20050109:0311,0.0,0.0,0.0,6.84,8.62,0.0
20050109:0411,0.0,0.0,0.0,7.11,7.72,0.0
20050109:0511,0.0,0.0,0.0,7.24,6.69,0.0
20050109:0611,0.0,0.0,0.0,7.43,6.21,0.0
20050109:0711,0.0,0.0,0.0,7.75,5.86,0.0
20050109:0811,0.0,0.0,0.0,8.01,5.79,0.0
20050109:0911,0.0,2.78,4.29,7.94,5.79,0.0
20050109:1011,9555.0,17.62,9.3,7.98,5.86,0.0
20050109:1111,15060.0,23.18,12.5,8.28,5.79,0.0
20050109:1211,74385.0,73.28,13.64,8.64,5.86,0.0
20050109:1311,12210.0,20.4,12.6,8.78,5.86,0.0
20050109:1411,19920.0,27.81,9.49,8.68,6.28,0.0
20050109:1511,5325.0,12.98,4.57,8.62,6.41,0.0
20050109:1611,0.0,0.0,0.0,8.55,6.76,0.0
20050109:1711,0.0,0.0,0.0,9.14,7.38,0.0
20050109:1811,0.0,0.0,0.0,9.93,7.45,0.0
20050109:1911,0.0,0.0,0.0,10.2,8.41,0.0
20050109:2011,0.0,0.0,0.0,11.07,8.76,0.0
20050109:2111,0.0,0.0,0.0,12.03,9.1,0.0
20050109:2211,0.0,0.0,0.0,12.7,9.93,0.0
20050109:2311,0.0,0.0,0.0,13.0,10.34,0.0
20050110:0011,0.0,0.0,0.0,13.01,10.69,0.0
20050110:0111,0.0,0.0,0.0,12.86,10.76,0.0
20050110:0211,0.0,0.0,0.0,12.72,10.69,0.0
20050110:0311,0.0,0.0,0.0,12.83,10.76,0.0
20050110:0411,0.0,0.0,0.0,12.9,10.69,0.0
20050110:0511,0.0,0.0,0.0,12.82,10.69,0.0
20050110:0611,0.0,0.0,0.0,12.38,10.55,0.0
20050110:0711,0.0,0.0,0.0,11.69,10.28,0.0
20050110:0811,0.0,0.0,0.0,11.3,10.14,0.0
20050110:0911,16530.0,24.79,4.38,10.65,9.38,0.0
20050110:1011,357135.0,282.65,9.41,10.39,8.69,0.0
20050110:1111,87045.0,83.33,12.63,10.23,8.34,0.0
20050110:1211,69135.0,69.51,13.78,10.2,7.79,0.0
20050110:1311,334470.0,266.31,12.76,10.13,7.52,0.0
20050110:1411,74145.0,73.27,9.66,10.04,7.1,0.0
20050110:1511,423225.0,338.01,4.74,9.55,5.52,0.0
20050110:1611,0.0,0.0,0.0,8.78,4.21,0.0
20050110:1711,0.0,0.0,0.0,8.05,3.59,0.0
20050110:1811,0.0,0.0,0.0,7.41,3.52,0.0
20050110:1911,0.0,0.0,0.0,7.43,4.14,0.0
20050110:2011,0.0,0.0,0.0,7.1,4.07,0.0
20050110:2111,0.0,0.0,0.0,6.56,4.0,0.0
20050110:2211,0.0,0.0,0.0,6.08,4.0,0.0
20050110:2311,0.0,0.0,0.0,5.99,4.14,0.0
20050111:0011,0.0,0.0,0.0,6.0,4.28,0.0
20050111:0111,0.0,0.0,0.0,6.02,4.28,0.0
20050111:0211,0.0,0.0,0.0,6.17,4.28,0.0
20050111:0311,0.0,0.0,0.0,6.05,4.14,0.0
20050111:0411,0.0,0.0,0.0,6.21,4.14,0.0
20050111:0511,0.0,0.0,0.0,6.45,4.21,0.0
20050111:0611,0.0,0.0,0.0,7.02,4.62,0.0
20050111:0711,0.0,0.0,0.0,6.96,5.17,0.0
20050111:0811,0.0,0.0,0.0,7.12,5.59,0.0
20050111:0911,3105.0,10.2,4.49,6.99,5.79,0.0
20050111:1011,92610.0,86.43,9.53,7.43,6.21,0.0
20050111:1111,14130.0,22.25,12.76,8.07,5.93,0.0
20050111:1211,14100.0,22.25,13.93,8.52,6.55,0.0
20050111:1311,8625.0,16.69,12.93,9.01,7.38,0.0
20050111:1411,19800.0,27.81,9.83,9.89,9.52,0.0
20050111:1511,480.0,6.49,4.91,11.09,9.52,0.0
20050111:1611,0.0,0.0,0.0,11.76,9.52,0.0
20050111:1711,0.0,0.0,0.0,9.78,9.86,0.0
20050111:1811,0.0,0.0,0.0,8.19,9.38,0.0
20050111:1911,0.0,0.0,0.0,8.06,9.52,0.0
20050111:2011,0.0,0.0,0.0,7.65,9.45,0.0
20050111:2111,0.0,0.0,0.0,7.38,9.45,0.0
20050111:2211,0.0,0.0,0.0,7.09,8.97,0.0
20050111:2311,0.0,0.0,0.0,6.79,8.97,0.0
20050112:0011,0.0,0.0,0.0,6.55,9.1,0.0
20050112:0111,0.0,0.0,0.0,6.4,9.31,0.0
20050112:0211,0.0,0.0,0.0,6.17,9.59,0.0
20050112:0311,0.0,0.0,0.0,5.76,9.38,0.0
20050112:0411,0.0,0.0,0.0,5.5,9.45,0.0
20050112:0511,0.0,0.0,0.0,5.31,9.31,0.0
20050112:0611,0.0,0.0,0.0,5.37,9.66,0.0
20050112:0711,0.0,0.0,0.0,5.71,9.31,0.0
20050112:0811,0.0,0.0,0.0,5.52,9.86,0.0
20050112:0911,33420.0,39.37,4.59,5.6,9.1,0.0
20050112:1011,433410.0,332.47,9.65,6.08,8.76,0.0
20050112:1111,645045.0,487.44,12.91,6.65,8.83,0.0
20050112:1211,165135.0,140.37,14.09,6.93,8.21,0.0
20050112:1311,282285.0,224.86,13.1,6.59,7.45,0.0
20050112:1411,497715.0,381.47,10.01,6.22,7.38,0.0
20050112:1511,525.0,6.49,5.1,6.02,8.07,0.0
20050112:1611,0.0,0.0,0.0,5.52,7.72,0.0
20050112:1711,0.0,0.0,0.0,5.23,6.97,0.0
20050112:1811,0.0,0.0,0.0,5.03,7.17,0.0
20050112:1911,0.0,0.0,0.0,5.07,6.97,0.0
20050112:2011,0.0,0.0,0.0,4.86,6.76,0.0
20050112:2111,0.0,0.0,0.0,4.76,6.34,0.0
20050112:2211,0.0,0.0,0.0,4.54,6.34,0.0
20050112:2311,0.0,0.0,0.0,4.58,6.48,0.0
20050113:0011,0.0,0.0,0.0,4.69,6.55,0.0
20050113:0111,0.0,0.0,0.0,4.54,6.21,0.0
20050113:0211,0.0,0.0,0.0,4.37,5.79,0.0
20050113:0311,0.0,0.0,0.0,4.25,5.31,0.0
20050113:0411,0.0,0.0,0.0,4.09,4.97,0.0
20050113:0511,0.0,0.0,0.0,3.8,4.76,0.0
20050113:0611,0.0,0.0,0.0,3.58,0.0,0.0
20050113:0711,0.0,0.0,0.0,3.34,0.0,0.0
20050113:0811,0.0,0.0,0.0,3.02,4.21,0.0
20050113:0911,11640.0,19.42,4.71,2.92,4.0,0.0
20050113:1011,224490.0,181.44,9.78,3.88,4.21,0.0
20050113:1111,652350.0,497.46,13.06,5.05,3.93,0.0
20050113:1211,344025.0,270.33,14.26,5.84,3.59,0.0
20050113:1311,762045.0,586.79,13.27,6.34,3.86,0.0
20050113:1411,675135.0,521.3,10.2,6.48,3.86,0.0
20050113:1511,124290.0,110.85,5.28,6.02,3.03,0.0
20050113:1611,0.0,0.0,0.0,4.78,2.48,0.0
20050113:1711,0.0,0.0,0.0,3.44,2.07,0.0
20050113:1811,0.0,0.0,0.0,1.81,1.86,0.0
20050113:1911,0.0,0.0,0.0,0.81,1.93,0.0
20050113:2011,0.0,0.0,0.0,-0.06,1.86,0.0
20050113:2111,0.0,0.0,0.0,-0.81,1.79,0.0
20050113:2211,0.0,0.0,0.0,-1.15,1.66,0.0
20050113:2311,0.0,0.0,0.0,-0.98,1.38,0.0
20050114:0011,0.0,0.0,0.0,-0.84,1.31,0.0
20050114:0111,0.0,0.0,0.0,-0.94,1.31,0.0
20050114:0211,0.0,0.0,0.0,-1.23,1.45,0.0
20050114:0311,0.0,0.0,0.0,-2.16,1.72,0.0
20050114:0411,0.0,0.0,0.0,-2.73,2.0,0.0
20050114:0511,0.0,0.0,0.0,-2.73,2.21,0.0
20050114:0611,0.0,0.0,0.0,-2.51,2.34,0.0
20050114:0711,0.0,0.0,0.0,-1.79,2.55,0.0
20050114:0811,0.0,0.0,0.0,-1.02,2.9,0.0
20050114:0911,0.0,4.64,4.83,-0.28,3.17,0.0
20050114:1011,91335.0,83.58,9.92,1.08,3.17,0.0
20050114:1111,373095.0,287.2,13.22,2.49,3.45,0.0
20050114:1211,267555.0,212.75,14.43,3.91,4.21,0.0
20050114:1311,154320.0,131.66,13.46,4.82,5.52,0.0
20050114:1411,380865.0,296.16,10.39,5.04,4.62,0.0
20050114:1511,55515.0,57.44,5.48,5.07,4.28,0.0
20050114:1611,0.0,0.0,0.0,4.28,4.07,0.0
20050114:1711,0.0,0.0,0.0,3.64,4.07,0.0
20050114:1811,0.0,0.0,0.0,2.97,4.0,0.0
20050114:1911,0.0,0.0,0.0,2.76,3.86,0.0
20050114:2011,0.0,0.0,0.0,2.42,3.79,0.0
20050114:2111,0.0,0.0,0.0,2.12,3.93,0.0
20050114:2211,0.0,0.0,0.0,2.02,4.14,0.0
20050114:2311,0.0,0.0,0.0,2.22,4.28,0.0
20050115:0011,0.0,0.0,0.0,2.8,4.28,0.0
20050115:0111,0.0,0.0,0.0,3.34,4.28,0.0
20050115:0211,0.0,0.0,0.0,4.3,4.41,0.0
20050115:0311,0.0,0.0,0.0,4.77,4.41,0.0
20050115:0411,0.0,0.0,0.0,5.17,4.48,0.0
20050115:0511,0.0,0.0,0.0,5.56,4.41,0.0
20050115:0611,0.0,0.0,0.0,5.81,4.48,0.0
20050115:0711,0.0,0.0,0.0,5.6,4.41,0.0
20050115:0811,0.0,0.0,0.0,6.03,4.41,0.0
20050115:0911,525.0,6.49,4.96,6.45,4.21,0.0
20050115:1011,2400.0,9.27,10.07,7.02,4.21,0.0
20050115:1111,24090.0,31.52,13.38,7.6,4.34,0.0
20050115:1211,14100.0,22.25,14.61,8.52,5.24,0.0
20050115:1311,49875.0,53.77,13.65,8.97,4.69,0.0
20050115:1411,315675.0,253.25,10.58,9.04,4.14,0.0
20050115:1511,1695.0,8.34,5.68,9.22,4.28,0.0
20050115:1611,0.0,0.0,0.0,8.94,4.28,0.0
20050115:1711,0.0,0.0,0.0,8.96,4.34,0.0
20050115:1811,0.0,0.0,0.0,8.96,4.62,0.0
20050115:1911,0.0,0.0,0.0,8.35,4.76,0.0
20050115:2011,0.0,0.0,0.0,8.31,4.9,0.0
20050115:2111,0.0,0.0,0.0,8.17,4.76,0.0
20050115:2211,0.0,0.0,0.0,7.82,4.62,0.0
20050115:2311,0.0,0.0,0.0,7.48,4.62,0.0
20050116:0011,0.0,0.0,0.0,7.23,4.48,0.0
20050116:0111,0.0,0.0,0.0,6.79,4.21,0.0
20050116:0211,0.0,0.0,0.0,6.42,3.93,0.0
20050116:0311,0.0,0.0,0.0,6.41,3.72,0.0
20050116:0411,0.0,0.0,0.0,6.59,3.59,0.0
20050116:0511,0.0,0.0,0.0,6.89,3.38,0.0
20050116:0611,0.0,0.0,0.0,6.9,3.31,0.0
20050116:0711,0.0,0.0,0.0,6.25,3.52,0.0
20050116:0811,0.0,0.0,0.0,6.51,3.79,0.0
20050116:0911,63540.0,64.26,5.09,6.61,4.07,0.0
20050116:1011,474000.0,367.48,10.22,7.24,4.34,0.0
20050116:1111,710520.0,545.55,13.55,7.65,5.03,0.0
20050116:1211,547500.0,422.52,14.8,8.12,5.24,0.0
20050116:1311,254355.0,207.23,13.85,8.82,5.52,0.0
20050116:1411,24930.0,32.45,10.79,9.14,5.93,0.0
20050116:1511,1065.0,7.42,5.88,9.38,5.86,0.0
20050116:1611,0.0,0.0,0.0,9.55,5.45,0.0
20050116:1711,0.0,0.0,0.0,9.08,5.31,0.0
20050116:1811,0.0,0.0,0.0,7.62,5.03,0.0
20050116:1911,0.0,0.0,0.0,6.64,5.17,0.0
20050116:2011,0.0,0.0,0.0,6.25,5.45,0.0
20050116:2111,0.0,0.0,0.0,6.29,5.66,0.0
20050116:2211,0.0,0.0,0.0,6.57,5.93,0.0
20050116:2311,0.0,0.0,0.0,7.27,6.14,0.0
20050117:0011,0.0,0.0,0.0,7.99,6.41,0.0
20050117:0111,0.0,0.0,0.0,8.38,6.76,0.0
20050117:0211,0.0,0.0,0.0,8.83,6.9,0.0
20050117:0311,0.0,0.0,0.0,9.05,7.1,0.0
20050117:0411,0.0,0.0,0.0,9.18,7.03,0.0
20050117:0511,0.0,0.0,0.0,9.21,6.97,0.0
20050117:0611,0.0,0.0,0.0,9.28,6.9,0.0
20050117:0711,0.0,0.0,0.0,9.48,7.31,0.0
20050117:0811,0.0,0.0,0.0,9.59,7.1,0.0
20050117:0911,13440.0,21.67,5.24,9.54,6.62,0.0
20050117:1011,16905.0,25.03,10.38,9.33,6.55,0.0
20050117:1111,53340.0,56.55,13.73,8.87,6.62,0.0
20050117:1211,349125.0,275.52,14.99,8.61,6.9,0.0
20050117:1311,490440.0,379.84,14.05,8.44,6.14,0.0
20050117:1411,131760.0,116.53,10.99,8.0,5.72,0.0
20050117:1511,8715.0,16.69,6.09,7.24,6.55,0.0
20050117:1611,0.0,0.0,-0.31,6.65,6.34,0.0
20050117:1711,0.0,0.0,0.0,5.84,6.34,0.0
20050117:1811,0.0,0.0,0.0,4.91,5.79,0.0
20050117:1911,0.0,0.0,0.0,4.63,5.03,0.0
20050117:2011,0.0,0.0,0.0,3.97,4.69,0.0
20050117:2111,0.0,0.0,0.0,3.55,4.62,0.0
20050117:2211,0.0,0.0,0.0,3.05,4.83,0.0
20050117:2311,0.0,0.0,0.0,2.37,4.97,0.0
20050118:0011,0.0,0.0,0.0,1.9,5.03,0.0
20050118:0111,0.0,0.0,0.0,1.72,4.9,0.0
20050118:0211,0.0,0.0,0.0,1.56,4.97,0.0
20050118:0311,0.0,0.0,0.0,1.33,4.9,0.0
20050118:0411,0.0,0.0,0.0,1.33,4.83,0.0
20050118:0511,0.0,0.0,0.0,1.21,5.03,0.0
20050118:0611,0.0,0.0,0.0,0.96,4.97,0.0
20050118:0711,0.0,0.0,0.0,1.17,4.83,0.0
20050118:0811,0.0,0.0,0.0,1.11,4.97,0.0
20050118:0911,59115.0,59.37,5.39,0.94,5.24,0.0
20050118:1011,109425.0,97.09,10.55,1.78,5.52,0.0
20050118:1111,477810.0,361.75,13.91,2.97,5.45,0.0
20050118:1211,11670.0,19.47,15.19,3.11,5.86,0.0
20050118:1311,363540.0,279.11,14.26,3.09,8.07,0.0
20050118:1411,10665.0,18.54,11.21,4.6,8.28,0.0
20050118:1511,19335.0,26.89,6.3,4.79,8.55,0.0
20050118:1611,0.0,0.0,-0.1,4.86,8.83,0.0
20050118:1711,0.0,0.0,0.0,5.03,9.24,0.0
20050118:1811,0.0,0.0,0.0,4.99,9.1,0.0
20050118:1911,0.0,0.0,0.0,4.66,7.93,0.0
20050118:2011,0.0,0.0,0.0,4.23,7.38,0.0
20050118:2111,0.0,0.0,0.0,3.89,6.9,0.0
20050118:2211,0.0,0.0,0.0,3.77,6.76,0.0
20050118:2311,0.0,0.0,0.0,3.73,6.9,0.0
20050119:0011,0.0,0.0,0.0,3.67,7.1,0.0
20050119:0111,0.0,0.0,0.0,3.4,7.24,0.0
20050119:0211,0.0,0.0,0.0,3.37,7.1,0.0
20050119:0311,0.0,0.0,0.0,3.33,6.76,0.0
20050119:0411,0.0,0.0,0.0,3.19,6.34,0.0
20050119:0511,0.0,0.0,0.0,3.01,5.93,0.0
20050119:0611,0.0,0.0,0.0,3.06,5.59,0.0
20050119:0711,0.0,0.0,0.0,2.61,4.83,0.0
20050119:0811,0.0,0.0,0.0,2.49,4.62,0.0
20050119:0911,29445.0,35.58,5.54,2.68,4.41,0.0
20050119:1011,208785.0,170.13,10.72,3.88,4.41,0.0
20050119:1111,196935.0,162.84,14.11,5.02,3.66,0.0
20050119:1211,342240.0,268.71,15.4,5.96,4.48,0.0
20050119:1311,484635.0,373.71,14.47,6.76,5.17,0.0
20050119:1411,26235.0,33.38,11.43,7.09,3.86,0.0
20050119:1511,9600.0,17.62,6.52,7.08,4.28,0.0
20050119:1611,1395.0,7.87,0.12,7.07,5.1,0.0
20050119:1711,0.0,0.0,0.0,7.54,5.93,0.0
20050119:1811,0.0,0.0,0.0,8.92,6.48,0.0
20050119:1911,0.0,0.0,0.0,10.07,7.86,0.0
20050119:2011,0.0,0.0,0.0,10.6,10.14,0.0
20050119:2111,0.0,0.0,0.0,10.07,11.03,0.0
20050119:2211,0.0,0.0,0.0,9.54,11.31,0.0
20050119:2311,0.0,0.0,0.0,9.26,11.38,0.0
20050120:0011,0.0,0.0,0.0,8.97,11.1,0.0
20050120:0111,0.0,0.0,0.0,8.86,11.03,0.0
20050120:0211,0.0,0.0,0.0,8.75,10.83,0.0
20050120:0311,0.0,0.0,0.0,8.71,10.69,0.0
20050120:0411,0.0,0.0,0.0,8.6,10.41,0.0
20050120:0511,0.0,0.0,0.0,8.34,9.93,0.0
20050120:0611,0.0,0.0,0.0,8.2,9.45,0.0
20050120:0711,0.0,0.0,0.0,8.44,9.59,0.0
20050120:0811,0.0,0.0,0.0,8.33,9.03,0.0
20050120:0911,4545.0,12.05,5.7,8.59,9.1,0.0
20050120:1011,215265.0,177.65,10.91,8.93,9.31,0.0
20050120:1111,36645.0,42.65,14.3,9.02,9.03,0.0
20050120:1211,78495.0,76.57,15.61,9.03,9.03,0.0
20050120:1311,332010.0,263.07,14.69,9.03,8.76,0.0
20050120:1411,22935.0,30.59,11.65,8.77,8.28,0.0
20050120:1511,8670.0,16.69,6.75,8.26,7.86,0.0
20050120:1611,810.0,7.0,0.34,7.69,7.38,0.0
20050120:1711,0.0,0.0,0.0,7.17,7.1,0.0
20050120:1811,0.0,0.0,0.0,6.78,7.17,0.0
20050120:1911,0.0,0.0,0.0,7.91,7.72,0.0
20050120:2011,0.0,0.0,0.0,7.32,7.72,0.0
20050120:2111,0.0,0.0,0.0,6.35,7.45,0.0
20050120:2211,0.0,0.0,0.0,5.6,7.38,0.0
20050120:2311,0.0,0.0,0.0,4.95,7.45,0.0
20050121:0011,0.0,0.0,0.0,4.52,7.59,0.0
20050121:0111,0.0,0.0,0.0,4.28,7.59,0.0
20050121:0211,0.0,0.0,0.0,4.12,7.66,0.0
20050121:0311,0.0,0.0,0.0,4.0,7.59,0.0
20050121:0411,0.0,0.0,0.0,3.88,7.38,0.0
20050121:0511,0.0,0.0,0.0,3.75,7.24,0.0
20050121:0611,0.0,0.0,0.0,3.73,7.17,0.0
20050121:0711,0.0,0.0,0.0,3.7,6.69,0.0
20050121:0811,0.0,0.0,0.0,3.56,6.34,0.0
20050121:0911,3180.0,10.2,5.87,3.63,5.93,0.0
20050121:1011,37500.0,42.65,11.09,4.32,5.72,0.0
20050121:1111,128475.0,112.98,14.51,5.17,4.76,0.0
20050121:1211,575175.0,438.35,15.83,5.69,5.52,0.0
20050121:1311,71565.0,70.46,14.92,6.1,5.66,0.0
20050121:1411,38250.0,43.57,11.88,6.15,5.17,0.0
20050121:1511,214380.0,177.05,6.97,5.77,4.9,0.0
20050121:1611,3375.0,10.49,0.56,4.89,4.41,0.0
20050121:1711,0.0,0.0,0.0,3.78,4.14,0.0
20050121:1811,0.0,0.0,0.0,2.94,4.0,0.0
20050121:1911,0.0,0.0,0.0,2.35,3.52,0.0
20050121:2011,0.0,0.0,0.0,1.52,3.38,0.0
20050121:2111,0.0,0.0,0.0,0.88,3.31,0.0
20050121:2211,0.0,0.0,0.0,0.36,3.24,0.0
20050121:2311,0.0,0.0,0.0,-0.07,3.1,0.0
20050122:0011,0.0,0.0,0.0,-0.54,3.03,0.0
20050122:0111,0.0,0.0,0.0,-0.98,2.97,0.0
20050122:0211,0.0,0.0,0.0,-1.32,2.9,0.0
20050122:0311,0.0,0.0,0.0,-1.62,2.76,0.0
20050122:0411,0.0,0.0,0.0,-1.95,2.69,0.0
20050122:0511,0.0,0.0,0.0,-2.11,2.55,0.0
20050122:0611,0.0,0.0,0.0,-2.52,2.48,0.0
20050122:0711,0.0,0.0,0.0,-2.45,2.48,0.0
20050122:0811,0.0,0.0,0.0,-2.48,2.34,0.0
20050122:0911,16695.0,23.85,6.05,-2.16,2.21,0.0
20050122:1011,294420.0,228.92,11.29,-0.54,1.93,0.0
20050122:1111,379980.0,292.47,14.72,1.42,2.14,0.0
20050122:1211,775200.0,592.54,16.05,2.34,2.28,0.0
20050122:1311,841770.0,646.79,15.16,2.96,2.48,0.0
20050122:1411,354945.0,276.64,12.12,3.22,2.69,0.0
20050122:1511,135765.0,117.91,7.21,3.01,2.62,0.0
20050122:1611,0.0,4.64,0.79,2.37,2.97,0.0
20050122:1711,0.0,0.0,0.0,1.88,3.31,0.0
20050122:1811,0.0,0.0,0.0,1.31,3.38,0.0
20050122:1911,0.0,0.0,0.0,1.1,3.59,0.0
20050122:2011,0.0,0.0,0.0,0.89,3.59,0.0
20050122:2111,0.0,0.0,0.0,0.73,3.66,0.0
20050122:2211,0.0,0.0,0.0,0.81,3.72,0.0
20050122:2311,0.0,0.0,0.0,0.82,3.79,0.0
20050123:0011,0.0,0.0,0.0,1.06,3.86,0.0
20050123:0111,0.0,0.0,0.0,0.84,3.72,0.0
20050123:0211,0.0,0.0,0.0,0.77,3.93,0.0
20050123:0311,0.0,0.0,0.0,1.01,4.28,0.0
20050123:0411,0.0,0.0,0.0,1.05,4.41,0.0
20050123:0511,0.0,0.0,0.0,1.09,4.48,0.0
20050123:0611,0.0,0.0,0.0,0.59,4.28,0.0
20050123:0711,0.0,0.0,0.0,-0.21,4.14,0.0
20050123:0811,0.0,0.0,0.0,-0.84,4.0,0.0
20050123:0911,84450.0,78.32,6.23,-0.62,4.21,0.0
20050123:1011,203355.0,164.17,11.49,0.73,4.62,0.0
20050123:1111,758670.0,571.18,14.94,2.2,4.07,0.0
20050123:1211,620415.0,468.21,16.28,3.23,4.76,0.0
20050123:1311,281370.0,222.78,15.39,3.92,4.9,0.0
20050123:1411,225285.0,182.95,12.36,4.37,4.62,0.0
20050123:1511,157395.0,134.1,7.45,4.4,5.79,0.0
20050123:1611,0.0,3.71,1.03,3.72,5.38,0.0
20050123:1711,0.0,0.0,0.0,2.92,5.24,0.0
20050123:1811,0.0,0.0,0.0,2.64,5.31,0.0
20050123:1911,0.0,0.0,0.0,2.18,5.59,0.0
20050123:2011,0.0,0.0,0.0,1.97,5.72,0.0
20050123:2111,0.0,0.0,0.0,1.99,6.0,0.0
20050123:2211,0.0,0.0,0.0,2.15,6.34,0.0
20050123:2311,0.0,0.0,0.0,1.82,6.28,0.0
20050124:0011,0.0,0.0,0.0,1.56,6.21,0.0
20050124:0111,0.0,0.0,0.0,1.58,6.21,0.0
20050124:0211,0.0,0.0,0.0,1.48,6.07,0.0
20050124:0311,0.0,0.0,0.0,1.56,6.0,0.0
20050124:0411,0.0,0.0,0.0,1.91,5.93,0.0
20050124:0511,0.0,0.0,0.0,2.09,5.79,0.0
20050124:0611,0.0,0.0,0.0,2.14,5.72,0.0
20050124:0711,0.0,0.0,0.0,2.11,6.48,0.0
20050124:0811,0.0,0.0,0.0,2.04,6.21,0.0
20050124:0911,10800.0,18.54,6.42,2.24,5.86,0.0
20050124:1011,4725.0,12.05,11.69,2.88,5.66,0.0
20050124:1111,42195.0,46.36,15.16,3.22,5.1,0.0
20050124:1211,42195.0,46.36,16.52,3.32,6.41,0.0
20050124:1311,186870.0,154.52,15.64,3.31,5.79,0.0
20050124:1411,76260.0,73.22,12.6,3.3,6.14,0.0
20050124:1511,37725.0,42.65,7.69,3.2,5.93,0.0
20050124:1611,7200.0,14.83,1.26,2.93,5.45,0.0
20050124:1711,0.0,0.0,0.0,2.73,5.03,0.0
20050124:1811,0.0,0.0,0.0,2.65,5.03,0.0
20050124:1911,0.0,0.0,0.0,2.28,5.31,0.0
20050124:2011,0.0,0.0,0.0,2.33,5.38,0.0
20050124:2111,0.0,0.0,0.0,2.09,5.24,0.0
20050124:2211,0.0,0.0,0.0,1.79,5.03,0.0
20050124:2311,0.0,0.0,0.0,1.89,4.97,0.0
20050125:0011,0.0,0.0,0.0,2.04,4.9,0.0
20050125:0111,0.0,0.0,0.0,2.13,4.76,0.0
20050125:0211,0.0,0.0,0.0,2.19,4.55,0.0
20050125:0311,0.0,0.0,0.0,2.45,4.48,0.0
20050125:0411,0.0,0.0,0.0,2.41,4.34,0.0
20050125:0511,0.0,0.0,0.0,2.44,4.21,0.0
20050125:0611,0.0,0.0,0.0,2.46,4.07,0.0
20050125:0711,0.0,0.0,0.0,2.18,4.41,0.0
20050125:0811,0.0,0.0,0.0,2.17,4.07,0.0
20050125:0911,8085.0,15.76,6.62,2.44,3.86,0.0
20050125:1011,27870.0,34.3,11.91,3.0,3.72,0.0
20050125:1111,47790.0,50.99,15.39,3.57,3.93,0.0
20050125:1211,79395.0,76.02,16.76,3.98,3.86,0.0
20050125:1311,25590.0,32.45,15.89,4.12,3.17,0.0
20050125:1411,22425.0,29.67,12.85,4.3,2.83,0.0
20050125:1511,5475.0,12.98,7.94,4.37,2.76,0.0
20050125:1611,0.0,5.56,1.5,4.35,2.76,0.0
20050125:1711,0.0,0.0,0.0,4.2,2.69,0.0
20050125:1811,0.0,0.0,0.0,4.11,2.34,0.0
20050125:1911,0.0,0.0,0.0,4.28,2.76,0.0
20050125:2011,0.0,0.0,0.0,4.17,2.55,0.0
20050125:2111,0.0,0.0,0.0,3.98,2.34,0.0
20050125:2211,0.0,0.0,0.0,3.64,2.21,0.0
20050125:2311,0.0,0.0,0.0,3.32,1.72,0.0
20050126:0011,0.0,0.0,0.0,2.93,0.83,0.0
20050126:0111,0.0,0.0,0.0,2.5,1.31,0.0
20050126:0211,0.0,0.0,0.0,1.76,1.52,0.0
20050126:0311,0.0,0.0,0.0,1.41,1.59,0.0
20050126:0411,0.0,0.0,0.0,1.38,1.52,0.0
20050126:0511,0.0,0.0,0.0,1.07,1.38,0.0
20050126:0611,0.0,0.0,0.0,1.12,1.17,0.0
20050126:0711,0.0,0.0,0.0,2.13,0.76,0.0
20050126:0811,0.0,0.0,0.0,2.58,0.34,0.0
20050126:0911,5535.0,12.98,6.82,2.65,0.34,0.0
20050126:1011,23640.0,30.59,12.13,2.62,0.62,0.0
20050126:1111,56895.0,58.41,15.63,3.51,1.03,0.0
20050126:1211,31995.0,38.01,17.01,4.0,1.31,0.0
20050126:1311,21375.0,28.74,16.14,4.38,2.0,0.0
20050126:1411,21330.0,28.74,13.11,4.97,3.72,0.0
20050126:1511,11550.0,19.47,8.19,5.03,5.03,0.0
20050126:1611,0.0,2.78,1.75,4.7,5.31,0.0
20050126:1711,0.0,0.0,0.0,4.2,4.9,0.0
20050126:1811,0.0,0.0,0.0,4.07,4.69,0.0
20050126:1911,0.0,0.0,0.0,4.49,5.03,0.0
20050126:2011,0.0,0.0,0.0,4.33,5.17,0.0
20050126:2111,0.0,0.0,0.0,4.31,5.24,0.0
20050126:2211,0.0,0.0,0.0,4.22,5.24,0.0
20050126:2311,0.0,0.0,0.0,4.51,5.38,0.0
20050127:0011,0.0,0.0,0.0,4.67,5.59,0.0
20050127:0111,0.0,0.0,0.0,5.01,5.72,0.0
20050127:0211,0.0,0.0,0.0,5.27,5.59,0.0
20050127:0311,0.0,0.0,0.0,5.52,5.38,0.0
20050127:0411,0.0,0.0,0.0,5.72,5.17,0.0
20050127:0511,0.0,0.0,0.0,5.88,5.17,0.0
20050127:0611,0.0,0.0,0.0,6.01,5.38,0.0
20050127:0711,0.0,0.0,0.0,5.83,5.52,0.0
20050127:0811,0.0,0.0,0.0,5.8,5.66,0.0
20050127:0911,100155.0,92.18,7.02,5.7,5.66,0.0
20050127:1011,30705.0,37.08,12.35,5.71,5.93,0.0
20050127:1111,39435.0,44.5,15.87,5.82,6.0,0.0
20050127:1211,70425.0,69.53,17.26,5.99,6.0,0.0
20050127:1311,13350.0,21.32,16.4,6.06,5.79,0.0
20050127:1411,9660.0,17.62,13.37,6.16,5.31,0.0
20050127:1511,3855.0,11.13,8.44,6.06,5.45,0.0
20050127:1611,0.0,4.64,2.0,5.75,5.24,0.0
20050127:1711,0.0,0.0,0.0,5.36,5.38,0.0
20050127:1811,0.0,0.0,0.0,5.28,5.38,0.0
20050127:1911,0.0,0.0,0.0,4.85,5.17,0.0
20050127:2011,0.0,0.0,0.0,4.95,5.45,0.0
20050127:2111,0.0,0.0,0.0,4.86,5.59,0.0
20050127:2211,0.0,0.0,0.0,4.89,5.72,0.0
20050127:2311,0.0,0.0,0.0,4.78,5.59,0.0
20050128:0011,0.0,0.0,0.0,5.03,5.31,0.0
20050128:0111,0.0,0.0,0.0,5.27,5.79,0.0
20050128:0211,0.0,0.0,0.0,5.53,6.55,0.0
20050128:0311,0.0,0.0,0.0,5.7,7.1,0.0
20050128:0411,0.0,0.0,0.0,5.76,7.31,0.0
20050128:0511,0.0,0.0,0.0,5.79,7.31,0.0
20050128:0611,0.0,0.0,0.0,5.69,7.24,0.0
20050128:0711,0.0,0.0,0.0,5.01,6.83,0.0
20050128:0811,0.0,0.0,0.0,4.91,6.97,0.0
20050128:0911,6255.0,13.91,7.24,5.23,7.1,0.0
20050128:1011,47355.0,50.99,12.58,5.66,7.38,0.0
20050128:1111,72855.0,71.39,16.12,5.94,7.31,0.0
20050128:1211,22245.0,29.67,17.52,6.09,7.66,0.0
20050128:1311,16215.0,24.1,16.67,6.3,7.59,0.0
20050128:1411,46080.0,50.06,13.64,6.27,7.79,0.0
20050128:1511,36075.0,41.72,8.7,6.15,7.72,0.0
20050128:1611,525.0,6.49,2.25,5.77,7.17,0.0
20050128:1711,0.0,0.0,0.0,5.46,6.76,0.0
20050128:1811,0.0,0.0,0.0,5.23,6.34,0.0
20050128:1911,0.0,0.0,0.0,5.48,6.28,0.0
20050128:2011,0.0,0.0,0.0,5.39,5.86,0.0
20050128:2111,0.0,0.0,0.0,5.16,5.59,0.0
20050128:2211,0.0,0.0,0.0,4.91,5.17,0.0
20050128:2311,0.0,0.0,0.0,4.9,4.9,0.0
20050129:0011,0.0,0.0,0.0,5.01,4.76,0.0
20050129:0111,0.0,0.0,0.0,5.03,4.76,0.0
20050129:0211,0.0,0.0,0.0,5.12,4.76,0.0
20050129:0311,0.0,0.0,0.0,5.19,4.9,0.0
20050129:0411,0.0,0.0,0.0,5.36,5.03,0.0
20050129:0511,0.0,0.0,0.0,5.53,4.76,0.0
20050129:0611,0.0,0.0,0.0,5.23,4.14,0.0
20050129:0711,0.0,0.0,0.0,5.53,4.41,0.0
20050129:0811,0.0,0.0,0.0,5.66,4.07,0.0
20050129:0911,4635.0,12.05,7.46,5.88,3.93,0.0
20050129:1011,145815.0,126.13,12.82,6.26,4.07,0.0
20050129:1111,139020.0,121.79,16.37,6.73,4.14,0.0
20050129:1211,177465.0,150.65,17.79,7.48,4.55,0.0
20050129:1311,159975.0,138.03,16.94,7.85,4.55,0.0
20050129:1411,474135.0,370.3,13.9,7.95,3.86,0.0
20050129:1511,125895.0,112.73,8.96,8.03,3.1,0.0
20050129:1611,70665.0,72.43,2.5,7.45,1.86,0.0
20050129:1711,0.0,0.0,0.0,5.83,1.52,0.0
20050129:1811,0.0,0.0,0.0,3.59,1.79,0.0
20050129:1911,0.0,0.0,0.0,2.45,2.34,0.0
20050129:2011,0.0,0.0,0.0,1.77,2.34,0.0
20050129:2111,0.0,0.0,0.0,1.46,2.48,0.0
20050129:2211,0.0,0.0,0.0,1.82,2.48,0.0
20050129:2311,0.0,0.0,0.0,1.7,2.41,0.0
20050130:0011,0.0,0.0,0.0,1.69,2.14,0.0
20050130:0111,0.0,0.0,0.0,1.17,2.07,0.0
20050130:0211,0.0,0.0,0.0,0.91,2.07,0.0
20050130:0311,0.0,0.0,0.0,0.75,2.07,0.0
20050130:0411,0.0,0.0,0.0,0.5,2.14,0.0
20050130:0511,0.0,0.0,0.0,0.54,2.0,0.0
20050130:0611,0.0,0.0,0.0,0.73,2.07,0.0
20050130:0711,0.0,0.0,0.0,1.64,2.76,0.0
20050130:0811,0.0,0.0,0.0,2.3,2.97,0.0
20050130:0911,169830.0,143.34,7.68,3.55,3.1,0.0
20050130:1011,561660.0,433.33,13.06,4.89,2.21,0.0
20050130:1111,727485.0,563.1,16.63,6.3,2.76,0.0
20050130:1211,253470.0,206.07,18.06,7.47,5.1,0.0
20050130:1311,400020.0,313.87,17.21,7.57,4.21,0.0
20050130:1411,769845.0,597.53,14.18,7.67,4.0,0.0
20050130:1511,564435.0,442.67,9.23,7.41,3.38,0.0
20050130:1611,114180.0,107.3,2.76,7.22,3.31,0.0
20050130:1711,0.0,0.0,0.0,6.17,3.17,0.0
20050130:1811,0.0,0.0,0.0,5.66,3.38,0.0
20050130:1911,0.0,0.0,0.0,5.35,3.86,0.0
20050130:2011,0.0,0.0,0.0,5.24,3.86,0.0
20050130:2111,0.0,0.0,0.0,4.93,3.93,0.0
20050130:2211,0.0,0.0,0.0,4.87,3.79,0.0
20050130:2311,0.0,0.0,0.0,4.59,3.72,0.0
20050131:0011,0.0,0.0,0.0,4.47,3.79,0.0
20050131:0111,0.0,0.0,0.0,4.67,4.0,0.0
20050131:0211,0.0,0.0,0.0,4.82,4.07,0.0
20050131:0311,0.0,0.0,0.0,5.03,4.14,0.0
20050131:0411,0.0,0.0,0.0,5.38,4.41,0.0
20050131:0511,0.0,0.0,0.0,5.89,4.69,0.0
20050131:0611,0.0,0.0,0.0,6.68,4.83,0.0
20050131:0711,0.0,0.0,0.0,6.8,5.1,0.0
20050131:0811,0.0,0.0,0.0,7.28,5.17,0.0
20050131:0911,214305.0,178.67,7.92,7.98,5.24,0.0
20050131:1011,144495.0,126.33,13.31,8.82,5.45,0.0
20050131:1111,106320.0,98.25,16.89,9.24,5.52,0.0
20050131:1211,295020.0,238.42,18.34,9.72,5.31,0.0
20050131:1311,277110.0,225.23,17.49,9.74,5.59,0.0
20050131:1411,404895.0,319.76,14.46,9.86,5.45,0.0
20050131:1511,98205.0,92.12,9.5,9.77,5.59,0.0
20050131:1611,277170.0,236.65,3.02,9.35,5.03,0.0
20050131:1711,0.0,0.0,0.0,8.82,4.83,0.0
20050131:1811,0.0,0.0,0.0,8.58,4.83,0.0
20050131:1911,0.0,0.0,0.0,9.31,5.38,0.0
20050131:2011,0.0,0.0,0.0,9.63,5.38,0.0
20050131:2111,0.0,0.0,0.0,9.74,4.83,0.0
20050131:2211,0.0,0.0,0.0,9.09,4.28,0.0
20050131:2311,0.0,0.0,0.0,7.8,4.41,0.0
20050201:0011,0.0,0.0,0.0,6.78,4.14,0.0
20050201:0111,0.0,0.0,0.0,6.29,3.72,0.0
20050201:0211,0.0,0.0,0.0,6.08,3.24,0.0
20050201:0311,0.0,0.0,0.0,6.0,2.76,0.0
20050201:0411,0.0,0.0,0.0,5.97,2.55,0.0
20050201:0511,0.0,0.0,0.0,5.92,2.34,0.0
20050201:0611,0.0,0.0,0.0,5.91,2.21,0.0
20050201:0711,0.0,0.0,0.0,5.9,1.66,0.0
20050201:0811,0.0,0.0,0.0,5.93,1.1,0.0
20050201:0911,59055.0,60.56,8.15,6.03,0.97,0.0
20050201:1011,125490.0,111.84,13.57,6.77,1.24,0.0
20050201:1111,37875.0,43.57,17.16,7.75,2.21,0.0
20050201:1211,126405.0,113.71,18.62,8.81,3.24,0.0
20050201:1311,773820.0,604.34,17.78,9.66,4.21,0.0
20050201:1411,823320.0,643.58,14.74,10.14,5.03,0.0
20050201:1511,145830.0,128.66,9.78,10.28,5.03,0.0
20050201:1611,123765.0,115.66,3.29,9.97,4.34,0.0
20050201:1711,0.0,0.0,0.0,9.42,3.66,0.0
20050201:1811,0.0,0.0,0.0,8.49,2.97,0.0
20050201:1911,0.0,0.0,0.0,7.33,2.28,0.0
20050201:2011,0.0,0.0,0.0,6.09,2.62,0.0
20050201:2111,0.0,0.0,0.0,5.5,2.83,0.0
20050201:2211,0.0,0.0,0.0,4.54,3.1,0.0
20050201:2311,0.0,0.0,0.0,4.04,3.17,0.0
20050202:0011,0.0,0.0,0.0,3.44,3.17,0.0
20050202:0111,0.0,0.0,0.0,3.03,3.1,0.0
20050202:0211,0.0,0.0,0.0,2.7,3.1,0.0
20050202:0311,0.0,0.0,0.0,2.62,3.1,0.0
20050202:0411,0.0,0.0,0.0,2.26,3.1,0.0
20050202:0511,0.0,0.0,0.0,2.23,3.17,0.0
20050202:0611,0.0,0.0,0.0,2.04,3.24,0.0
20050202:0711,0.0,0.0,0.0,2.8,3.24,0.0
20050202:0811,0.0,0.0,0.0,3.0,3.17,0.0
20050202:0911,55065.0,56.72,8.4,3.48,3.03,0.0
20050202:1011,66630.0,66.28,13.83,4.9,3.03,0.0
20050202:1111,163005.0,139.3,17.44,6.2,3.93,0.0
20050202:1211,657480.0,506.51,18.9,6.89,4.0,0.0
20050202:1311,299640.0,240.14,18.07,7.36,4.14,0.0
20050202:1411,245685.0,200.87,15.02,7.59,3.93,0.0
20050202:1511,144090.0,126.16,10.05,7.58,3.45,0.0
20050202:1611,253575.0,215.89,3.56,7.04,3.03,0.0
20050202:1711,0.0,0.0,0.0,5.93,2.97,0.0
20050202:1811,0.0,0.0,0.0,5.68,2.83,0.0
20050202:1911,0.0,0.0,0.0,5.32,3.1,0.0
20050202:2011,0.0,0.0,0.0,6.01,3.24,0.0
20050202:2111,0.0,0.0,0.0,6.71,3.24,0.0
20050202:2211,0.0,0.0,0.0,6.95,3.17,0.0
20050202:2311,0.0,0.0,0.0,7.13,3.17,0.0
20050203:0011,0.0,0.0,0.0,7.29,3.17,0.0
20050203:0111,0.0,0.0,0.0,7.09,3.24,0.0
20050203:0211,0.0,0.0,0.0,6.93,3.38,0.0
20050203:0311,0.0,0.0,0.0,6.96,3.24,0.0
20050203:0411,0.0,0.0,0.0,7.13,2.97,0.0
20050203:0511,0.0,0.0,0.0,7.14,2.41,0.0
20050203:0611,0.0,0.0,0.0,7.36,1.93,0.0
20050203:0711,0.0,0.0,0.0,7.35,1.59,0.0
20050203:0811,0.0,0.0,0.0,7.27,1.66,0.0
20050203:0911,273360.0,223.97,8.65,7.59,1.59,0.0
20050203:1011,110115.0,100.79,14.09,8.06,1.66,0.0
20050203:1111,200100.0,169.07,17.72,9.11,2.0,0.0
20050203:1211,119115.0,108.7,19.2,9.74,2.76,0.0
20050203:1311,443310.0,351.23,18.36,9.98,3.1,0.0
20050203:1411,768540.0,605.79,15.31,10.09,3.38,0.0
20050203:1511,224280.0,187.61,10.33,9.72,3.1,0.0
20050203:1611,201300.0,176.39,3.83,9.3,3.03,0.0
20050203:1711,0.0,0.0,0.0,8.57,2.9,0.0
20050203:1811,0.0,0.0,0.0,7.73,3.03,0.0
20050203:1911,0.0,0.0,0.0,7.59,3.72,0.0
20050203:2011,0.0,0.0,0.0,7.12,3.93,0.0
20050203:2111,0.0,0.0,0.0,6.84,4.07,0.0
20050203:2211,0.0,0.0,0.0,6.59,4.28,0.0
20050203:2311,0.0,0.0,0.0,6.26,4.0,0.0
20050204:0011,0.0,0.0,0.0,5.64,3.59,0.0
20050204:0111,0.0,0.0,0.0,4.97,3.17,0.0
20050204:0211,0.0,0.0,0.0,4.5,2.9,0.0
20050204:0311,0.0,0.0,0.0,4.0,2.76,0.0
20050204:0411,0.0,0.0,0.0,3.69,2.69,0.0
20050204:0511,0.0,0.0,0.0,3.66,2.62,0.0
20050204:0611,0.0,0.0,0.0,3.69,2.76,0.0
20050204:0711,0.0,0.0,0.0,4.29,2.9,0.0
20050204:0811,0.0,0.0,0.0,4.26,3.03,0.0
20050204:0911,1125.0,7.42,8.9,4.64,3.24,0.0
20050204:1011,7920.0,15.76,14.37,5.73,3.45,0.0
20050204:1111,14220.0,22.25,18.01,6.85,4.41,0.0
20050204:1211,41265.0,46.36,19.49,7.64,5.72,0.0
20050204:1311,20955.0,28.74,18.66,8.35,5.79,0.0
20050204:1411,43335.0,48.21,15.61,8.31,5.03,0.0
20050204:1511,13155.0,21.32,10.62,8.44,4.62,0.0
20050204:1611,16080.0,24.1,4.1,7.65,4.28,0.0
20050204:1711,0.0,0.0,0.0,7.1,4.21,0.0
20050204:1811,0.0,0.0,0.0,6.83,4.34,0.0
20050204:1911,0.0,0.0,0.0,6.48,4.69,0.0
20050204:2011,0.0,0.0,0.0,6.03,4.9,0.0
20050204:2111,0.0,0.0,0.0,5.57,4.97,0.0
20050204:2211,0.0,0.0,0.0,5.11,5.03,0.0
20050204:2311,0.0,0.0,0.0,4.96,5.1,0.0
20050205:0011,0.0,0.0,0.0,4.87,0.0,0.0
20050205:0111,0.0,0.0,0.0,4.71,0.0,0.0
20050205:0211,0.0,0.0,0.0,4.37,4.97,0.0
20050205:0311,0.0,0.0,0.0,4.46,4.83,0.0
20050205:0411,0.0,0.0,0.0,4.39,4.76,0.0
20050205:0511,0.0,0.0,0.0,4.19,4.62,0.0
20050205:0611,0.0,0.0,0.0,4.1,4.48,0.0
20050205:0711,0.0,0.0,0.0,4.97,4.34,0.0
20050205:0811,0.0,0.0,0.0,5.09,4.14,0.0
20050205:0911,28650.0,35.24,9.16,5.22,3.93,0.0
20050205:1011,27525.0,34.3,14.64,5.36,4.0,0.0
20050205:1111,45045.0,49.14,18.3,5.55,4.07,0.0
20050205:1211,18225.0,25.96,19.79,5.71,3.38,0.0
20050205:1311,17220.0,25.03,18.96,5.81,3.03,0.0
20050205:1411,13335.0,21.32,15.9,5.92,2.21,0.0
20050205:1511,9660.0,17.62,10.91,6.01,1.72,0.0
20050205:1611,15240.0,23.18,4.38,5.99,1.66,0.0
20050205:1711,0.0,0.0,0.0,5.54,1.66,0.0
20050205:1811,0.0,0.0,0.0,5.18,1.45,0.0
20050205:1911,0.0,0.0,0.0,3.88,1.45,0.0
20050205:2011,0.0,0.0,0.0,3.64,1.03,0.0
20050205:2111,0.0,0.0,0.0,3.61,0.76,0.0
20050205:2211,0.0,0.0,0.0,3.2,0.83,0.0
20050205:2311,0.0,0.0,0.0,2.94,0.9,0.0
20050206:0011,0.0,0.0,0.0,2.64,1.1,0.0
20050206:0111,0.0,0.0,0.0,2.62,1.03,0.0
20050206:0211,0.0,0.0,0.0,2.96,1.24,0.0
20050206:0311,0.0,0.0,0.0,3.36,1.45,0.0
20050206:0411,0.0,0.0,0.0,3.43,1.66,0.0
20050206:0511,0.0,0.0,0.0,3.71,1.59,0.0
20050206:0611,0.0,0.0,0.0,3.88,1.52,0.0
20050206:0711,0.0,0.0,0.0,3.04,1.31,0.0
20050206:0811,0.0,0.0,0.0,3.36,1.24,0.0
20050206:0911,9795.0,17.62,9.43,3.71,1.17,0.0
20050206:1011,17340.0,25.03,14.93,4.37,1.31,0.0
20050206:1111,21285.0,28.74,18.6,5.2,1.45,0.0
20050206:1211,45990.0,50.06,20.1,5.92,1.17,0.0
20050206:1311,32625.0,38.94,19.27,6.63,0.97,0.0
20050206:1411,106395.0,97.86,16.2,6.68,1.1,0.0
20050206:1511,27315.0,34.3,11.19,6.6,1.38,0.0
20050206:1611,310020.0,259.19,4.65,6.34,1.38,0.0
20050206:1711,0.0,0.0,0.0,5.89,1.31,0.0
20050206:1811,0.0,0.0,0.0,5.22,1.03,0.0
20050206:1911,0.0,0.0,0.0,3.98,1.79,0.0
20050206:2011,0.0,0.0,0.0,3.37,1.93,0.0
20050206:2111,0.0,0.0,0.0,3.04,1.93,0.0
20050206:2211,0.0,0.0,0.0,2.56,1.86,0.0
20050206:2311,0.0,0.0,0.0,2.52,1.66,0.0
20050207:0011,0.0,0.0,0.0,1.97,1.79,0.0
20050207:0111,0.0,0.0,0.0,1.76,1.93,0.0
20050207:0211,0.0,0.0,0.0,1.92,2.14,0.0
20050207:0311,0.0,0.0,0.0,2.38,2.21,0.0
20050207:0411,0.0,0.0,0.0,2.5,2.28,0.0
20050207:0511,0.0,0.0,0.0,2.69,2.21,0.0
20050207:0611,0.0,0.0,0.0,2.77,2.21,0.0
20050207:0711,0.0,0.0,0.0,2.75,2.28,0.0
20050207:0811,0.0,0.0,0.0,2.27,2.55,0.0
20050207:0911,23700.0,30.59,9.7,2.43,3.24,0.0
20050207:1011,76470.0,73.46,15.21,3.2,3.59,0.0
20050207:1111,40830.0,45.43,18.9,4.3,4.48,0.0
20050207:1211,29670.0,36.16,20.41,5.35,4.69,0.0
20050207:1311,43755.0,48.21,19.58,6.43,5.17,0.0
20050207:1411,60690.0,62.12,16.51,7.15,5.52,0.0
20050207:1511,52575.0,55.63,11.49,7.32,4.97,0.0
20050207:1611,150420.0,133.85,4.93,7.13,4.62,0.0
20050207:1711,0.0,0.0,0.0,6.44,4.28,0.0
20050207:1811,0.0,0.0,0.0,5.94,4.07,0.0
20050207:1911,0.0,0.0,0.0,5.16,3.79,0.0
20050207:2011,0.0,0.0,0.0,4.64,3.93,0.0
20050207:2111,0.0,0.0,0.0,4.05,3.86,0.0
20050207:2211,0.0,0.0,0.0,3.54,3.72,0.0
20050207:2311,0.0,0.0,0.0,3.36,3.52,0.0
20050208:0011,0.0,0.0,0.0,3.29,3.31,0.0
20050208:0111,0.0,0.0,0.0,3.41,3.24,0.0
20050208:0211,0.0,0.0,0.0,3.71,3.31,0.0
20050208:0311,0.0,0.0,0.0,3.71,3.38,0.0
20050208:0411,0.0,0.0,0.0,3.81,3.45,0.0
20050208:0511,0.0,0.0,0.0,3.73,3.45,0.0
20050208:0611,0.0,0.0,0.0,3.57,3.52,0.0
20050208:0711,0.0,0.0,0.0,3.04,3.1,0.0
20050208:0811,0.0,0.0,0.0,3.25,3.1,0.0
20050208:0911,204330.0,168.18,9.97,3.79,4.41,0.0
20050208:1011,362670.0,281.47,15.5,4.23,4.83,0.0
20050208:1111,781740.0,593.9,19.2,4.99,5.03,0.0
20050208:1211,990945.0,760.87,20.72,5.94,5.31,0.0
20050208:1311,849630.0,651.83,19.9,7.11,5.72,0.0
20050208:1411,656520.0,505.45,16.81,8.02,5.86,0.0
20050208:1511,269595.0,218.99,11.78,8.16,5.59,0.0
20050208:1611,246585.0,208.27,5.22,7.64,4.62,0.0
20050208:1711,0.0,0.0,0.0,6.53,4.48,0.0
20050208:1811,0.0,0.0,0.0,5.73,4.62,0.0
20050208:1911,0.0,0.0,0.0,5.5,4.21,0.0
20050208:2011,0.0,0.0,0.0,5.12,4.34,0.0
20050208:2111,0.0,0.0,0.0,5.12,4.48,0.0
20050208:2211,0.0,0.0,0.0,5.24,4.69,0.0
20050208:2311,0.0,0.0,0.0,5.59,4.9,0.0
20050209:0011,0.0,0.0,0.0,5.94,4.9,0.0
20050209:0111,0.0,0.0,0.0,6.33,4.83,0.0
20050209:0211,0.0,0.0,0.0,6.44,4.9,0.0
20050209:0311,0.0,0.0,0.0,6.39,4.97,0.0
20050209:0411,0.0,0.0,0.0,6.45,5.24,0.0
20050209:0511,0.0,0.0,0.0,6.51,5.52,0.0
20050209:0611,0.0,0.0,0.0,6.62,5.66,0.0
20050209:0711,0.0,0.0,0.0,6.67,5.79,0.0
20050209:0811,0.0,0.0,0.0,6.95,5.79,0.0
20050209:0911,5370.0,12.98,10.25,7.41,5.93,0.0
20050209:1011,35715.0,41.72,15.8,8.0,6.07,0.0
20050209:1111,32370.0,38.94,19.52,8.64,6.21,0.0
20050209:1211,191025.0,162.16,21.04,9.51,5.79,0.0
20050209:1311,55275.0,58.41,20.21,10.18,7.72,0.0
20050209:1411,443610.0,348.44,17.12,10.11,6.48,0.0
20050209:1511,39690.0,45.43,12.08,9.91,5.38,0.0
20050209:1611,16905.0,25.03,5.5,9.28,6.14,0.0
20050209:1711,0.0,0.0,0.0,8.97,6.07,0.0
20050209:1811,0.0,0.0,0.0,8.88,6.34,0.0
20050209:1911,0.0,0.0,0.0,8.53,6.83,0.0
20050209:2011,0.0,0.0,0.0,8.48,7.1,0.0
20050209:2111,0.0,0.0,0.0,8.57,7.59,0.0
20050209:2211,0.0,0.0,0.0,8.59,8.34,0.0
20050209:2311,0.0,0.0,0.0,8.66,8.9,0.0
20050210:0011,0.0,0.0,0.0,8.81,9.03,0.0
20050210:0111,0.0,0.0,0.0,9.17,9.1,0.0
20050210:0211,0.0,0.0,0.0,9.41,9.03,0.0
20050210:0311,0.0,0.0,0.0,9.43,8.14,0.0
20050210:0411,0.0,0.0,0.0,9.04,6.76,0.0
20050210:0511,0.0,0.0,0.0,8.15,6.28,0.0
20050210:0611,0.0,0.0,0.0,6.78,5.38,0.0
20050210:0711,0.0,0.0,0.0,6.44,5.38,0.0
20050210:0811,0.0,0.0,0.0,6.0,4.55,0.0
20050210:0911,167355.0,142.53,10.54,6.21,4.55,0.0
20050210:1011,57210.0,59.33,16.1,7.02,4.21,0.0
20050210:1111,33570.0,39.87,19.83,7.93,6.48,0.0
20050210:1211,25065.0,32.45,21.36,8.24,6.76,0.0
20050210:1311,62625.0,63.97,20.54,8.52,7.45,0.0
20050210:1411,497415.0,386.05,17.44,8.26,5.93,0.0
20050210:1511,70350.0,70.0,12.38,7.99,4.69,0.0
20050210:1611,262275.0,219.69,5.79,7.67,4.21,0.0
20050210:1711,0.0,0.0,0.0,6.37,3.1,0.0
20050210:1811,0.0,0.0,0.0,5.77,2.69,0.0
20050210:1911,0.0,0.0,0.0,5.08,3.17,0.0
20050210:2011,0.0,0.0,0.0,4.75,2.97,0.0
20050210:2111,0.0,0.0,0.0,4.99,2.83,0.0
20050210:2211,0.0,0.0,0.0,5.18,2.48,0.0
20050210:2311,0.0,0.0,0.0,5.07,2.34,0.0
20050211:0011,0.0,0.0,0.0,4.97,2.21,0.0
20050211:0111,0.0,0.0,0.0,4.68,2.28,0.0
20050211:0211,0.0,0.0,0.0,3.51,2.41,0.0
20050211:0311,0.0,0.0,0.0,2.4,2.41,0.0
20050211:0411,0.0,0.0,0.0,1.6,2.34,0.0
20050211:0511,0.0,0.0,0.0,0.77,2.0,0.0
20050211:0611,0.0,0.0,0.0,0.48,1.66,0.0
20050211:0711,0.0,0.0,0.0,0.16,1.66,0.0
20050211:0811,0.0,0.0,0.0,0.12,1.45,0.0
20050211:0911,228075.0,185.1,10.83,1.45,0.83,0.0
20050211:1011,227220.0,185.75,16.41,4.24,1.1,0.0
20050211:1111,374100.0,295.53,20.15,6.05,1.72,0.0
20050211:1211,634575.0,496.58,21.69,6.58,1.59,0.0
20050211:1311,24195.0,31.52,20.86,6.63,2.21,0.0
20050211:1411,52755.0,55.63,17.75,6.32,2.28,0.0
20050211:1511,144855.0,126.19,12.68,6.09,2.69,0.0
20050211:1611,36090.0,41.8,6.08,5.48,2.9,0.0
20050211:1711,0.0,0.0,0.0,5.12,3.03,0.0
20050211:1811,0.0,0.0,0.0,4.96,3.24,0.0
20050211:1911,0.0,0.0,0.0,4.68,3.72,0.0
20050211:2011,0.0,0.0,0.0,4.75,3.93,0.0
20050211:2111,0.0,0.0,0.0,4.89,3.38,0.0
20050211:2211,0.0,0.0,0.0,5.35,2.9,0.0
20050211:2311,0.0,0.0,0.0,6.39,2.83,0.0
20050212:0011,0.0,0.0,0.0,8.01,3.38,0.0
20050212:0111,0.0,0.0,0.0,9.59,4.76,0.0
20050212:0211,0.0,0.0,0.0,10.34,6.28,0.0
20050212:0311,0.0,0.0,0.0,10.64,7.24,0.0
20050212:0411,0.0,0.0,0.0,10.69,7.59,0.0
20050212:0511,0.0,0.0,0.0,10.64,7.79,0.0
20050212:0611,0.0,0.0,0.0,10.45,8.14,0.0
20050212:0711,0.0,0.0,0.0,10.1,8.83,0.0
20050212:0811,0.0,5.56,4.12,9.41,9.52,0.0
20050212:0911,11370.0,19.47,11.12,7.72,9.38,0.0
20050212:1011,42630.0,47.28,16.72,6.67,8.48,0.0
20050212:1111,66705.0,66.75,20.48,6.82,9.52,0.0
20050212:1211,71070.0,70.46,22.02,7.85,10.0,0.0
20050212:1311,290370.0,233.43,21.19,8.38,8.34,0.0
20050212:1411,187155.0,157.83,18.07,7.78,7.59,0.0
20050212:1511,54990.0,57.48,12.99,7.08,8.0,0.0
20050212:1611,380325.0,306.78,6.37,6.74,8.83,0.0
20050212:1711,0.0,0.0,0.0,6.02,8.34,0.0
20050212:1811,0.0,0.0,0.0,5.79,8.97,0.0
20050212:1911,0.0,0.0,0.0,5.2,8.62,0.0
20050212:2011,0.0,0.0,0.0,4.82,8.14,0.0
20050212:2111,0.0,0.0,0.0,4.46,7.79,0.0
20050212:2211,0.0,0.0,0.0,4.22,7.86,0.0
20050212:2311,0.0,0.0,0.0,3.99,7.79,0.0
20050213:0011,0.0,0.0,0.0,4.08,8.0,0.0
20050213:0111,0.0,0.0,0.0,3.96,7.93,0.0
20050213:0211,0.0,0.0,0.0,3.68,8.07,0.0
20050213:0311,0.0,0.0,0.0,3.4,8.34,0.0
20050213:0411,0.0,0.0,0.0,3.16,8.41,0.0
20050213:0511,0.0,0.0,0.0,2.84,8.14,0.0
20050213:0611,0.0,0.0,0.0,2.41,7.52,0.0
20050213:0711,0.0,0.0,0.0,1.89,6.69,0.0
20050213:0811,38475.0,45.38,4.41,1.71,6.76,0.0
20050213:0911,356025.0,275.2,11.42,2.16,6.83,0.0
20050213:1011,689805.0,515.97,17.04,2.93,6.62,0.0
20050213:1111,81165.0,76.95,20.8,2.92,6.97,0.0
20050213:1211,260595.0,207.81,22.36,3.44,7.52,0.0
20050213:1311,501615.0,381.6,21.52,4.62,7.72,0.0
20050213:1411,92145.0,86.22,18.39,5.73,8.0,0.0
20050213:1511,360315.0,281.52,13.3,5.79,8.97,0.0
20050213:1611,2430.0,9.27,6.66,5.25,9.93,0.0
20050213:1711,0.0,0.0,0.0,4.63,9.66,0.0
20050213:1811,0.0,0.0,0.0,3.96,9.17,0.0
20050213:1911,0.0,0.0,0.0,3.1,8.97,0.0
20050213:2011,0.0,0.0,0.0,2.37,8.55,0.0
20050213:2111,0.0,0.0,0.0,1.93,7.86,0.0
20050213:2211,0.0,0.0,0.0,1.85,7.72,0.0
20050213:2311,0.0,0.0,0.0,1.91,7.72,0.0
20050214:0011,0.0,0.0,0.0,1.97,7.45,0.0
20050214:0111,0.0,0.0,0.0,2.02,7.31,0.0
20050214:0211,0.0,0.0,0.0,1.98,6.83,0.0
20050214:0311,0.0,0.0,0.0,1.64,6.76,0.0
20050214:0411,0.0,0.0,0.0,1.33,6.83,0.0
20050214:0511,0.0,0.0,0.0,1.37,6.28,0.0
20050214:0611,0.0,0.0,0.0,1.36,6.0,0.0
20050214:0711,0.0,0.0,0.0,1.22,6.34,0.0
20050214:0811,0.0,4.64,4.7,1.54,6.21,0.0
20050214:0911,331485.0,257.74,11.73,2.14,6.28,0.0
20050214:1011,163320.0,137.59,17.36,3.15,5.93,0.0
20050214:1111,90360.0,84.37,21.14,4.19,7.17,0.0
20050214:1211,305400.0,241.02,22.7,5.06,8.83,0.0
20050214:1311,163770.0,139.52,21.86,5.27,7.93,0.0
20050214:1411,21285.0,28.74,18.72,5.46,7.66,0.0
20050214:1511,46260.0,50.06,13.6,5.48,7.31,0.0
20050214:1611,70035.0,69.31,6.95,5.04,6.97,0.0
20050214:1711,0.0,0.0,0.0,4.4,6.62,0.0
20050214:1811,0.0,0.0,0.0,3.59,6.41,0.0
20050214:1911,0.0,0.0,0.0,3.29,6.83,0.0
20050214:2011,0.0,0.0,0.0,3.02,6.97,0.0
20050214:2111,0.0,0.0,0.0,2.91,7.24,0.0
20050214:2211,0.0,0.0,0.0,2.97,7.03,0.0
20050214:2311,0.0,0.0,0.0,2.76,6.69,0.0
20050215:0011,0.0,0.0,0.0,2.62,6.14,0.0
20050215:0111,0.0,0.0,0.0,2.51,6.0,0.0
20050215:0211,0.0,0.0,0.0,2.2,5.79,0.0
20050215:0311,0.0,0.0,0.0,2.14,5.52,0.0
20050215:0411,0.0,0.0,0.0,2.24,5.38,0.0
20050215:0511,0.0,0.0,0.0,2.52,5.38,0.0
20050215:0611,0.0,0.0,0.0,2.41,5.24,0.0
20050215:0711,0.0,0.0,0.0,2.62,5.38,0.0
20050215:0811,15705.0,24.08,4.99,2.81,5.24,0.0
20050215:0911,3930.0,11.13,12.04,3.27,5.24,0.0
20050215:1011,681765.0,516.17,17.68,4.12,4.9,0.0
20050215:1111,461025.0,354.49,21.47,5.05,5.17,0.0
20050215:1211,946815.0,724.54,23.04,5.68,5.52,0.0
20050215:1311,709110.0,540.58,22.2,5.88,5.72,0.0
20050215:1411,859530.0,658.41,19.05,6.03,5.38,0.0
20050215:1511,407190.0,318.06,13.92,5.96,4.9,0.0
20050215:1611,85755.0,81.93,7.25,5.5,3.72,0.0
20050215:1711,0.0,0.0,-0.51,4.37,2.9,0.0
20050215:1811,0.0,0.0,0.0,2.73,2.69,0.0
20050215:1911,0.0,0.0,0.0,2.47,2.41,0.0
20050215:2011,0.0,0.0,0.0,1.6,2.41,0.0
20050215:2111,0.0,0.0,0.0,0.83,2.34,0.0
20050215:2211,0.0,0.0,0.0,0.79,2.14,0.0
20050215:2311,0.0,0.0,0.0,0.52,2.0,0.0
20050216:0011,0.0,0.0,0.0,0.16,1.72,0.0
20050216:0111,0.0,0.0,0.0,-1.06,1.66,0.0
20050216:0211,0.0,0.0,0.0,-2.06,1.79,0.0
20050216:0311,0.0,0.0,0.0,-2.82,1.72,0.0
20050216:0411,0.0,0.0,0.0,-3.25,1.52,0.0
20050216:0511,0.0,0.0,0.0,-3.23,1.31,0.0
20050216:0611,0.0,0.0,0.0,-2.99,1.03,0.0
20050216:0711,0.0,0.0,0.0,-4.88,0.83,0.0
20050216:0811,12555.0,20.29,5.29,-4.48,0.69,0.0
20050216:0911,383880.0,295.74,12.35,-2.05,0.55,0.0
20050216:1011,757755.0,584.0,18.01,1.03,0.9,0.0
20050216:1111,958890.0,747.94,21.82,3.13,1.86,0.0
20050216:1211,1008885.0,787.68,23.38,4.38,2.69,0.0
20050216:1311,139620.0,122.12,22.54,4.98,3.03,0.0
20050216:1411,154560.0,133.14,19.37,5.19,3.31,0.0
20050216:1511,218820.0,180.13,14.23,5.25,3.24,0.0
20050216:1611,37290.0,42.65,7.54,5.19,2.9,0.0
20050216:1711,0.0,0.0,-0.23,4.76,2.41,0.0
20050216:1811,0.0,0.0,0.0,4.22,2.62,0.0
20050216:1911,0.0,0.0,0.0,4.3,2.62,0.0
20050216:2011,0.0,0.0,0.0,4.3,2.55,0.0
20050216:2111,0.0,0.0,0.0,4.42,2.48,0.0
20050216:2211,0.0,0.0,0.0,4.2,2.41,0.0
20050216:2311,0.0,0.0,0.0,4.32,2.34,0.0
20050217:0011,0.0,0.0,0.0,4.15,2.21,0.0
20050217:0111,0.0,0.0,0.0,4.16,2.07,0.0
20050217:0211,0.0,0.0,0.0,4.3,2.0,0.0
20050217:0311,0.0,0.0,0.0,4.36,1.86,0.0
20050217:0411,0.0,0.0,0.0,4.49,1.93,0.0
20050217:0511,0.0,0.0,0.0,4.74,2.21,0.0
20050217:0611,0.0,0.0,0.0,5.43,2.76,0.0
20050217:0711,0.0,0.0,0.0,5.49,2.97,0.0
20050217:0811,1125.0,7.42,5.59,5.32,3.1,0.0
20050217:0911,103410.0,94.58,12.67,5.27,3.17,0.0
20050217:1011,273750.0,219.7,18.34,5.41,3.24,0.0
20050217:1111,237645.0,194.13,22.16,5.89,4.07,0.0
20050217:1211,280755.0,226.14,23.73,6.14,3.79,0.0
20050217:1311,91575.0,86.22,22.88,6.4,3.59,0.0
20050217:1411,70110.0,69.53,19.71,6.55,3.38,0.0
20050217:1511,35940.0,41.72,14.54,6.55,2.97,0.0
20050217:1611,97785.0,91.7,7.84,6.39,2.34,0.0
20050217:1711,0.0,1.75,0.05,6.1,1.93,0.0
20050217:1811,0.0,0.0,0.0,5.16,1.45,0.0
20050217:1911,0.0,0.0,0.0,4.17,1.17,0.0
20050217:2011,0.0,0.0,0.0,2.87,1.72,0.0
20050217:2111,0.0,0.0,0.0,2.48,1.59,0.0
20050217:2211,0.0,0.0,0.0,1.96,1.79,0.0
20050217:2311,0.0,0.0,0.0,2.13,1.86,0.0
20050218:0011,0.0,0.0,0.0,1.55,2.21,0.0
20050218:0111,0.0,0.0,0.0,1.22,2.55,0.0
20050218:0211,0.0,0.0,0.0,1.19,2.76,0.0
20050218:0311,0.0,0.0,0.0,1.91,3.03,0.0
20050218:0411,0.0,0.0,0.0,2.66,3.45,0.0
20050218:0511,0.0,0.0,0.0,3.63,4.07,0.0
20050218:0611,0.0,0.0,0.0,4.46,4.62,0.0
20050218:0711,0.0,0.0,0.0,4.55,4.83,0.0
20050218:0811,8775.0,16.81,5.9,4.84,5.03,0.0
20050218:0911,36090.0,41.72,12.99,5.91,5.45,0.0
20050218:1011,657225.0,502.16,18.68,6.57,5.52,0.0
20050218:1111,123810.0,110.92,22.51,7.11,5.59,0.0
20050218:1211,1012185.0,786.21,24.08,8.46,5.72,0.0
20050218:1311,1080225.0,841.58,23.23,8.89,6.21,0.0
20050218:1411,554925.0,430.38,20.04,9.01,6.34,0.0
20050218:1511,730740.0,568.16,14.86,8.73,5.52,0.0
20050218:1611,502890.0,404.47,8.14,8.05,5.45,0.0
20050218:1711,4035.0,11.37,0.34,6.6,5.52,0.0
20050218:1811,0.0,0.0,0.0,5.42,5.52,0.0
20050218:1911,0.0,0.0,0.0,5.17,5.52,0.0
20050218:2011,0.0,0.0,0.0,4.35,5.38,0.0
20050218:2111,0.0,0.0,0.0,3.77,5.24,0.0
20050218:2211,0.0,0.0,0.0,3.31,5.24,0.0
20050218:2311,0.0,0.0,0.0,2.99,5.24,0.0
20050219:0011,0.0,0.0,0.0,2.44,4.97,0.0
20050219:0111,0.0,0.0,0.0,2.05,4.97,0.0
20050219:0211,0.0,0.0,0.0,1.62,5.1,0.0
20050219:0311,0.0,0.0,0.0,1.41,5.52,0.0
20050219:0411,0.0,0.0,0.0,1.05,5.72,0.0
20050219:0511,0.0,0.0,0.0,0.73,5.72,0.0
20050219:0611,0.0,0.0,0.0,0.45,5.72,0.0
20050219:0711,0.0,0.0,0.0,0.49,5.86,0.0
20050219:0811,110325.0,102.27,6.21,0.38,5.79,0.0
20050219:0911,505320.0,382.46,13.32,1.16,5.24,0.0
20050219:1011,769035.0,573.91,19.02,2.21,6.28,0.0
20050219:1111,469320.0,356.32,22.86,3.14,7.03,0.0
20050219:1211,282105.0,223.87,24.44,3.7,6.97,0.0
20050219:1311,517530.0,393.05,23.58,4.21,7.52,0.0
20050219:1411,623820.0,470.96,20.37,4.26,7.31,0.0
20050219:1511,204825.0,168.37,15.18,4.03,6.76,0.0
20050219:1611,44430.0,48.21,8.44,3.44,5.79,0.0
20050219:1711,4905.0,12.24,0.62,2.51,5.24,0.0
20050219:1811,0.0,0.0,0.0,1.47,5.03,0.0
20050219:1911,0.0,0.0,0.0,0.84,5.66,0.0
20050219:2011,0.0,0.0,0.0,0.4,5.86,0.0
20050219:2111,0.0,0.0,0.0,0.2,6.14,0.0
20050219:2211,0.0,0.0,0.0,-0.05,6.28,0.0
20050219:2311,0.0,0.0,0.0,-0.27,6.41,0.0
20050220:0011,0.0,0.0,0.0,-0.38,6.41,0.0
20050220:0111,0.0,0.0,0.0,-0.56,6.41,0.0
20050220:0211,0.0,0.0,0.0,-0.77,6.41,0.0
20050220:0311,0.0,0.0,0.0,-0.72,6.41,0.0
20050220:0411,0.0,0.0,0.0,-0.79,6.48,0.0
20050220:0511,0.0,0.0,0.0,-0.6,6.69,0.0
20050220:0611,0.0,0.0,0.0,-0.31,6.83,0.0
20050220:0711,0.0,0.0,0.0,-0.4,6.69,0.0
20050220:0811,14490.0,22.13,6.53,-0.06,6.69,0.0
20050220:0911,46170.0,49.14,13.65,0.81,5.72,0.0
20050220:1011,57630.0,58.41,19.37,1.75,7.17,0.0
20050220:1111,72885.0,70.46,23.22,2.58,7.93,0.0
20050220:1211,26790.0,33.38,24.8,3.29,8.34,0.0
20050220:1311,35430.0,40.79,23.93,3.65,8.21,0.0
20050220:1411,41010.0,45.43,20.71,3.68,7.93,0.0
20050220:1511,14520.0,22.25,15.49,3.31,7.24,0.0
20050220:1611,56925.0,58.14,8.74,2.66,6.07,0.0
20050220:1711,6390.0,13.91,0.91,1.98,6.41,0.0
20050220:1811,0.0,0.0,0.0,1.32,6.21,0.0
20050220:1911,0.0,0.0,0.0,0.95,6.48,0.0
20050220:2011,0.0,0.0,0.0,1.07,6.48,0.0
20050220:2111,0.0,0.0,0.0,0.66,6.28,0.0
20050220:2211,0.0,0.0,0.0,0.63,6.28,0.0
20050220:2311,0.0,0.0,0.0,0.58,6.41,0.0
20050221:0011,0.0,0.0,0.0,0.84,6.41,0.0
20050221:0111,0.0,0.0,0.0,0.86,6.21,0.0
20050221:0211,0.0,0.0,0.0,0.56,5.93,0.0
20050221:0311,0.0,0.0,0.0,0.54,5.72,0.0
20050221:0411,0.0,0.0,0.0,0.39,5.38,0.0
20050221:0511,0.0,0.0,0.0,0.42,5.17,0.0
20050221:0611,0.0,0.0,0.0,0.57,5.1,0.0
20050221:0711,0.0,0.0,0.0,0.07,5.03,0.0
20050221:0811,121365.0,110.23,6.85,0.01,4.9,0.0
20050221:0911,226455.0,181.63,13.98,0.73,4.83,0.0
20050221:1011,627765.0,469.35,19.71,1.64,5.66,0.0
20050221:1111,23730.0,30.59,23.57,2.28,4.9,0.0
20050221:1211,27885.0,34.3,25.16,2.94,4.28,0.0
20050221:1311,166605.0,141.09,24.28,3.38,4.07,0.0
20050221:1411,324000.0,255.0,21.05,3.83,4.14,0.0
20050221:1511,28830.0,35.23,15.81,3.84,4.41,0.0
20050221:1611,192900.0,161.8,9.04,3.22,4.21,0.0
20050221:1711,0.0,2.78,1.2,1.97,4.0,0.0
20050221:1811,0.0,0.0,0.0,0.97,3.86,0.0
20050221:1911,0.0,0.0,0.0,0.68,3.59,0.0
20050221:2011,0.0,0.0,0.0,1.19,3.72,0.0
20050221:2111,0.0,0.0,0.0,1.57,3.86,0.0
20050221:2211,0.0,0.0,0.0,1.6,3.72,0.0
20050221:2311,0.0,0.0,0.0,0.89,3.52,0.0
20050222:0011,0.0,0.0,0.0,0.43,3.45,0.0
20050222:0111,0.0,0.0,0.0,0.28,3.45,0.0
20050222:0211,0.0,0.0,0.0,0.52,4.0,0.0
20050222:0311,0.0,0.0,0.0,0.56,4.34,0.0
20050222:0411,0.0,0.0,0.0,1.07,4.97,0.0
20050222:0511,0.0,0.0,0.0,1.03,5.03,0.0
20050222:0611,0.0,0.0,0.0,0.95,4.83,0.0
20050222:0711,0.0,0.0,0.0,0.96,4.97,0.0
20050222:0811,42705.0,47.29,7.17,1.14,4.9,0.0
20050222:0911,55155.0,56.55,14.32,2.06,5.17,0.0
20050222:1011,93300.0,86.22,20.06,2.78,4.97,0.0
20050222:1111,279345.0,221.75,23.94,3.35,5.66,0.0
20050222:1211,442260.0,339.76,25.52,3.79,5.38,0.0
20050222:1311,149130.0,128.43,24.64,4.01,5.17,0.0
20050222:1411,110325.0,99.2,21.39,3.25,5.52,0.0
20050222:1511,21600.0,28.74,16.14,2.68,4.62,0.0
20050222:1611,41250.0,45.43,9.34,2.3,4.62,0.0
20050222:1711,11790.0,19.47,1.49,1.49,4.21,0.0
20050222:1811,0.0,0.0,0.0,0.64,4.07,0.0
20050222:1911,0.0,0.0,0.0,0.19,3.79,0.0
20050222:2011,0.0,0.0,0.0,-0.16,3.72,0.0
20050222:2111,0.0,0.0,0.0,-0.46,3.59,0.0
20050222:2211,0.0,0.0,0.0,-0.4,3.59,0.0
20050222:2311,0.0,0.0,0.0,-0.55,3.59,0.0
20050223:0011,0.0,0.0,0.0,-0.41,3.66,0.0
20050223:0111,0.0,0.0,0.0,-0.45,3.52,0.0
20050223:0211,0.0,0.0,0.0,-0.59,3.38,0.0
20050223:0311,0.0,0.0,0.0,-0.66,3.17,0.0
20050223:0411,0.0,0.0,0.0,-0.77,3.1,0.0
20050223:0511,0.0,0.0,0.0,-0.98,3.1,0.0
20050223:0611,0.0,0.0,0.0,-0.89,3.03,0.0
20050223:0711,0.0,0.0,0.0,-1.23,3.24,0.0
20050223:0811,23760.0,30.55,7.5,-0.9,3.31,0.0
20050223:0911,13770.0,21.32,14.66,0.42,3.24,0.0
20050223:1011,92490.0,85.29,20.42,1.66,3.79,0.0
20050223:1111,121875.0,107.54,24.3,2.4,4.62,0.0
20050223:1211,116790.0,103.84,25.89,2.67,5.1,0.0
20050223:1311,45870.0,49.14,25.0,2.12,5.38,0.0
20050223:1411,703215.0,529.1,21.73,2.52,5.45,0.0
20050223:1511,338910.0,263.96,16.46,2.56,5.1,0.0
20050223:1611,289770.0,232.22,9.65,1.73,4.41,0.0
20050223:1711,14685.0,22.25,1.77,1.19,4.97,0.0
20050223:1811,0.0,0.0,0.0,0.55,4.34,0.0
20050223:1911,0.0,0.0,0.0,0.46,4.62,0.0
20050223:2011,0.0,0.0,0.0,0.5,4.76,0.0
20050223:2111,0.0,0.0,0.0,0.58,5.17,0.0
20050223:2211,0.0,0.0,0.0,0.71,5.93,0.0
20050223:2311,0.0,0.0,0.0,0.86,6.21,0.0
20050224:0011,0.0,0.0,0.0,0.92,6.34,0.0
20050224:0111,0.0,0.0,0.0,1.02,6.62,0.0
20050224:0211,0.0,0.0,0.0,1.13,6.9,0.0
20050224:0311,0.0,0.0,0.0,1.2,6.97,0.0
20050224:0411,0.0,0.0,0.0,1.1,6.97,0.0
20050224:0511,0.0,0.0,0.0,1.15,7.1,0.0
20050224:0611,0.0,0.0,0.0,1.27,7.17,0.0
20050224:0711,0.0,0.0,0.0,1.19,7.03,0.0
20050224:0811,3990.0,11.13,7.83,1.25,7.1,0.0
20050224:0911,32520.0,38.01,15.0,1.35,7.24,0.0
20050224:1011,17640.0,25.03,20.78,1.53,7.45,0.0
20050224:1111,28035.0,34.3,24.67,2.06,7.03,0.0
20050224:1211,29115.0,35.23,26.26,2.16,7.72,0.0
20050224:1311,29085.0,35.23,25.36,2.24,7.03,0.0
20050224:1411,24840.0,31.52,22.08,2.06,7.66,0.0
20050224:1511,16590.0,24.1,16.78,2.04,7.38,0.0
20050224:1611,6405.0,13.91,9.95,1.85,6.14,0.0
20050224:1711,0.0,3.71,2.06,1.82,6.48,0.0
20050224:1811,0.0,0.0,0.0,1.91,6.0,0.0
20050224:1911,0.0,0.0,0.0,1.97,5.31,0.0
20050224:2011,0.0,0.0,0.0,1.88,4.69,0.0
20050224:2111,0.0,0.0,0.0,1.84,3.93,0.0
20050224:2211,0.0,0.0,0.0,1.33,3.17,0.0
20050224:2311,0.0,0.0,0.0,0.83,2.9,0.0
20050225:0011,0.0,0.0,0.0,0.73,2.62,0.0
20050225:0111,0.0,0.0,0.0,0.58,2.62,0.0
20050225:0211,0.0,0.0,0.0,0.43,2.76,0.0
20050225:0311,0.0,0.0,0.0,0.54,2.9,0.0
20050225:0411,0.0,0.0,0.0,0.92,2.9,0.0
20050225:0511,0.0,0.0,0.0,0.35,2.69,0.0
20050225:0611,0.0,0.0,0.0,0.32,2.55,0.0
20050225:0711,0.0,0.0,0.0,0.06,2.76,0.0
20050225:0811,4005.0,11.13,8.16,0.84,2.97,0.0
20050225:0911,406530.0,313.38,15.35,1.89,3.1,0.0
20050225:1011,67920.0,66.75,21.14,2.67,3.93,0.0
20050225:1111,38790.0,43.57,25.04,3.31,4.21,0.0
20050225:1211,29940.0,36.16,26.63,3.59,4.28,0.0
20050225:1311,72195.0,70.46,25.72,4.16,4.48,0.0
20050225:1411,68520.0,67.68,22.42,4.58,5.1,0.0
20050225:1511,137415.0,119.64,17.1,4.16,5.31,0.0
20050225:1611,37605.0,42.65,10.25,3.68,4.62,0.0
20050225:1711,18600.0,27.19,2.35,3.26,4.14,0.0
20050225:1811,0.0,0.0,0.0,3.12,3.86,0.0
20050225:1911,0.0,0.0,0.0,3.21,3.93,0.0
20050225:2011,0.0,0.0,0.0,3.32,4.07,0.0
20050225:2111,0.0,0.0,0.0,3.43,4.0,0.0
20050225:2211,0.0,0.0,0.0,3.35,4.0,0.0
20050225:2311,0.0,0.0,0.0,3.36,4.34,0.0
20050226:0011,0.0,0.0,0.0,2.99,4.41,0.0
20050226:0111,0.0,0.0,0.0,2.86,4.21,0.0
20050226:0211,0.0,0.0,0.0,2.28,4.0,0.0
20050226:0311,0.0,0.0,0.0,1.93,4.07,0.0
20050226:0411,0.0,0.0,0.0,1.59,4.28,0.0
20050226:0511,0.0,0.0,0.0,1.7,4.62,0.0
20050226:0611,0.0,0.0,0.0,1.57,4.76,0.0
20050226:0711,0.0,0.0,0.0,1.93,5.45,0.0
20050226:0811,95775.0,90.04,8.5,2.76,5.52,0.0
20050226:0911,75630.0,72.93,15.7,3.69,5.1,0.0
20050226:1011,130995.0,114.99,21.5,4.27,5.24,0.0
20050226:1111,691995.0,525.67,25.41,5.04,5.66,0.0
20050226:1211,550080.0,421.27,27.01,5.41,5.66,0.0
20050226:1311,365595.0,286.81,26.09,5.43,5.31,0.0
20050226:1411,148305.0,128.42,22.77,5.15,5.24,0.0
20050226:1511,106650.0,97.03,17.43,4.78,4.83,0.0
20050226:1611,547380.0,432.24,10.56,4.38,3.93,0.0
20050226:1711,51690.0,60.08,2.64,3.7,3.72,0.0
20050226:1811,0.0,0.0,0.0,3.15,3.59,0.0
20050226:1911,0.0,0.0,0.0,2.63,3.45,0.0
20050226:2011,0.0,0.0,0.0,2.34,3.1,0.0
20050226:2111,0.0,0.0,0.0,2.17,2.55,0.0
20050226:2211,0.0,0.0,0.0,1.74,2.07,0.0
20050226:2311,0.0,0.0,0.0,1.37,2.14,0.0
20050227:0011,0.0,0.0,0.0,1.18,2.28,0.0
20050227:0111,0.0,0.0,0.0,1.11,2.28,0.0
20050227:0211,0.0,0.0,0.0,0.93,2.28,0.0
20050227:0311,0.0,0.0,0.0,0.9,2.21,0.0
20050227:0411,0.0,0.0,0.0,0.87,2.07,0.0
20050227:0511,0.0,0.0,0.0,0.91,1.79,0.0
20050227:0611,0.0,0.0,0.0,0.89,1.52,0.0
20050227:0711,0.0,0.0,0.0,0.78,1.17,0.0
20050227:0811,47190.0,50.59,8.84,0.84,1.03,0.0
20050227:0911,42450.0,46.36,16.05,1.49,1.03,0.0
20050227:1011,210105.0,172.31,21.87,1.97,1.31,0.0
20050227:1111,961035.0,744.71,25.79,2.76,2.34,0.0
20050227:1211,408930.0,318.5,27.38,3.37,2.34,0.0
20050227:1311,1092930.0,863.44,26.45,3.37,2.07,0.0
20050227:1411,811710.0,626.39,23.12,3.38,2.41,0.0
20050227:1511,33225.0,38.94,17.75,3.31,2.41,0.0
20050227:1611,35475.0,40.79,10.86,2.98,2.14,0.0
20050227:1711,45285.0,53.19,2.93,2.31,1.72,0.0
20050227:1811,0.0,0.0,0.0,1.32,1.72,0.0
20050227:1911,0.0,0.0,0.0,-0.04,2.0,0.0
20050227:2011,0.0,0.0,0.0,-0.84,2.07,0.0
20050227:2111,0.0,0.0,0.0,-1.24,2.0,0.0
20050227:2211,0.0,0.0,0.0,-1.72,1.93,0.0
20050227:2311,0.0,0.0,0.0,-2.23,1.86,0.0
20050228:0011,0.0,0.0,0.0,-3.0,1.79,0.0
20050228:0111,0.0,0.0,0.0,-3.77,1.66,0.0
20050228:0211,0.0,0.0,0.0,-4.51,1.52,0.0
20050228:0311,0.0,0.0,0.0,-4.45,1.24,0.0
20050228:0411,0.0,0.0,0.0,-4.51,1.24,0.0
20050228:0511,0.0,0.0,0.0,-4.93,1.38,0.0
20050228:0611,0.0,0.0,0.0,-5.25,1.66,0.0
20050228:0711,0.0,0.0,0.0,-3.28,1.79,0.0
20050228:0811,32820.0,37.96,9.18,-2.64,1.86,0.0
20050228:0911,78045.0,73.76,16.41,-0.34,2.28,0.0
20050228:1011,77910.0,74.17,22.24,1.45,3.17,0.0
20050228:1111,50325.0,52.85,26.17,2.6,4.34,0.0
20050228:1211,370965.0,288.31,27.76,3.29,5.1,0.0
20050228:1311,611235.0,464.75,26.82,3.95,5.17,0.0
20050228:1411,485850.0,372.93,23.46,4.47,5.24,0.0
20050228:1511,129810.0,114.25,18.08,4.54,5.45,0.0
20050228:1611,81765.0,77.89,11.17,3.98,4.34,0.0
20050228:1711,10740.0,18.54,3.22,3.31,4.62,0.0
20050228:1811,0.0,0.0,0.0,2.6,4.21,0.0
20050228:1911,0.0,0.0,0.0,2.21,4.0,0.0
20050228:2011,0.0,0.0,0.0,1.97,3.86,0.0
20050228:2111,0.0,0.0,0.0,1.79,3.72,0.0
20050228:2211,0.0,0.0,0.0,1.7,3.24,0.0
20050228:2311,0.0,0.0,0.0,1.59,2.83,0.0
20050301:0011,0.0,0.0,0.0,1.29,2.55,0.0
20050301:0111,0.0,0.0,0.0,0.82,2.34,0.0
20050301:0211,0.0,0.0,0.0,0.71,2.0,0.0
20050301:0311,0.0,0.0,0.0,0.53,2.14,0.0
20050301:0411,0.0,0.0,0.0,0.48,2.21,0.0
20050301:0511,0.0,0.0,0.0,0.76,2.28,0.0
20050301:0611,0.0,0.0,0.0,0.78,2.28,0.0
20050301:0711,0.0,0.0,0.0,1.04,2.62,0.0
20050301:0811,1170.0,7.42,9.53,1.45,1.79,0.0
20050301:0911,493215.0,379.73,16.77,2.37,2.07,0.0
20050301:1011,264030.0,211.82,22.61,3.32,2.55,0.0
20050301:1111,293640.0,234.27,26.55,4.18,3.24,0.0
20050301:1211,31905.0,38.01,28.14,4.78,3.24,0.0
20050301:1311,150255.0,129.79,27.19,4.3,3.1,0.0
20050301:1411,123255.0,109.4,23.81,3.99,3.38,0.0
20050301:1511,24660.0,31.52,18.41,3.18,3.31,0.0
20050301:1611,215670.0,178.02,11.47,2.64,3.03,0.0
20050301:1711,15585.0,23.18,3.51,2.17,2.9,0.0
20050301:1811,0.0,0.0,0.0,1.59,2.97,0.0
20050301:1911,0.0,0.0,0.0,1.48,3.17,0.0
20050301:2011,0.0,0.0,0.0,1.48,3.24,0.0
20050301:2111,0.0,0.0,0.0,1.36,3.24,0.0
20050301:2211,0.0,0.0,0.0,1.06,3.31,0.0
20050301:2311,0.0,0.0,0.0,0.82,3.31,0.0
20050302:0011,0.0,0.0,0.0,0.37,3.24,0.0
20050302:0111,0.0,0.0,0.0,-0.21,3.31,0.0
20050302:0211,0.0,0.0,0.0,-0.34,3.45,0.0
20050302:0311,0.0,0.0,0.0,-0.7,3.45,0.0
20050302:0411,0.0,0.0,0.0,-0.8,3.59,0.0
20050302:0511,0.0,0.0,0.0,-0.7,3.79,0.0
20050302:0611,0.0,0.0,0.0,-0.35,3.86,0.0
20050302:0711,0.0,0.0,0.0,-0.44,3.79,0.0
20050302:0811,1185.0,7.42,9.88,0.2,3.93,0.0
20050302:0911,17640.0,25.03,17.13,1.46,3.52,0.0
20050302:1011,79950.0,76.02,22.99,2.63,4.28,0.0
20050302:1111,113970.0,101.98,26.93,3.13,4.28,0.0
20050302:1211,39855.0,44.5,28.52,3.58,4.0,0.0
20050302:1311,259470.0,209.21,27.56,3.76,3.79,0.0
20050302:1411,50100.0,52.85,24.16,3.53,4.62,0.0
20050302:1511,93330.0,86.22,18.73,2.8,5.52,0.0
20050302:1611,57405.0,58.41,11.78,2.41,5.31,0.0
20050302:1711,4770.0,12.05,3.8,1.76,4.21,0.0
20050302:1811,0.0,0.0,0.0,0.78,3.31,0.0
20050302:1911,0.0,0.0,0.0,-0.07,3.93,0.0
20050302:2011,0.0,0.0,0.0,-0.77,3.66,0.0
20050302:2111,0.0,0.0,0.0,-1.17,3.52,0.0
20050302:2211,0.0,0.0,0.0,-1.63,3.45,0.0
20050302:2311,0.0,0.0,0.0,-1.8,3.52,0.0
20050303:0011,0.0,0.0,0.0,-1.91,3.52,0.0
20050303:0111,0.0,0.0,0.0,-1.86,3.45,0.0
20050303:0211,0.0,0.0,0.0,-1.94,3.24,0.0
20050303:0311,0.0,0.0,0.0,-2.0,3.1,0.0
20050303:0411,0.0,0.0,0.0,-1.76,2.97,0.0
20050303:0511,0.0,0.0,0.0,-1.56,2.83,0.0
20050303:0611,0.0,0.0,0.0,-1.65,2.62,0.0
20050303:0711,0.0,0.0,0.0,-1.21,2.34,0.0
20050303:0811,89355.0,83.13,10.23,-1.13,2.07,0.0
20050303:0911,87315.0,81.08,17.49,0.52,2.14,0.0
20050303:1011,205305.0,168.47,23.36,1.85,2.34,0.0
20050303:1111,664095.0,508.36,27.32,2.77,2.48,0.0
20050303:1211,197940.0,164.71,28.91,3.63,2.83,0.0
20050303:1311,689880.0,530.92,27.93,3.86,2.69,0.0
20050303:1411,317115.0,252.05,24.51,3.96,2.21,0.0
20050303:1511,481275.0,375.33,19.06,4.08,1.59,0.0
20050303:1611,505005.0,402.74,12.09,3.99,1.31,0.0
20050303:1711,133590.0,133.49,4.09,3.44,0.55,0.0
20050303:1811,0.0,0.0,0.0,1.64,1.24,0.0
20050303:1911,0.0,0.0,0.0,1.15,2.14,0.0
20050303:2011,0.0,0.0,0.0,0.66,2.62,0.0
20050303:2111,0.0,0.0,0.0,0.44,2.83,0.0
20050303:2211,0.0,0.0,0.0,0.08,2.9,0.0
20050303:2311,0.0,0.0,0.0,0.06,3.1,0.0
20050304:0011,0.0,0.0,0.0,0.65,3.66,0.0
20050304:0111,0.0,0.0,0.0,1.34,4.55,0.0
20050304:0211,0.0,0.0,0.0,2.27,5.66,0.0
20050304:0311,0.0,0.0,0.0,2.66,6.28,0.0
20050304:0411,0.0,0.0,0.0,2.99,6.0,0.0
20050304:0511,0.0,0.0,0.0,3.46,5.31,0.0
20050304:0611,0.0,0.0,0.0,4.26,5.03,0.0
20050304:0711,0.0,0.0,0.0,4.65,5.45,0.0
20050304:0811,20370.0,27.81,10.58,4.57,5.52,0.0
20050304:0911,139410.0,120.83,17.86,4.26,7.17,0.0
20050304:1011,404925.0,312.17,23.74,4.31,6.83,0.0
20050304:1111,588510.0,446.07,27.7,4.76,7.59,0.0
20050304:1211,301800.0,239.9,29.29,5.16,7.52,0.0
20050304:1311,161490.0,138.14,28.3,5.28,7.38,0.0
20050304:1411,28635.0,35.23,24.86,5.25,7.1,0.0
20050304:1511,31890.0,38.01,19.39,5.1,6.62,0.0
20050304:1611,130530.0,115.2,12.39,4.65,5.03,0.0
20050304:1711,180315.0,175.1,4.38,3.82,4.34,0.0
20050304:1811,0.0,0.0,0.0,2.29,3.72,0.0
20050304:1911,0.0,0.0,0.0,1.6,3.59,0.0
20050304:2011,0.0,0.0,0.0,1.03,3.86,0.0
20050304:2111,0.0,0.0,0.0,0.69,4.34,0.0
20050304:2211,0.0,0.0,0.0,0.6,4.83,0.0
20050304:2311,0.0,0.0,0.0,0.47,5.17,0.0
20050305:0011,0.0,0.0,0.0,0.37,5.38,0.0
20050305:0111,0.0,0.0,0.0,0.22,5.66,0.0
20050305:0211,0.0,0.0,0.0,0.18,5.72,0.0
20050305:0311,0.0,0.0,0.0,-0.08,5.66,0.0
20050305:0411,0.0,0.0,0.0,-0.32,5.59,0.0
20050305:0511,0.0,0.0,0.0,-0.49,5.45,0.0
20050305:0611,0.0,0.0,0.0,-0.52,5.38,0.0
20050305:0711,0.0,0.0,0.0,0.11,5.79,0.0
20050305:0811,68760.0,67.33,10.94,0.86,6.21,0.0
20050305:0911,257250.0,204.55,18.23,1.99,5.52,0.0
20050305:1011,402300.0,308.8,24.12,3.26,7.1,0.0
20050305:1111,30960.0,37.08,28.09,4.24,8.28,0.0
20050305:1211,478290.0,365.08,29.68,4.64,9.72,0.0
20050305:1311,1164390.0,881.95,28.68,4.69,8.76,0.0
20050305:1411,416100.0,322.0,25.22,4.99,6.97,0.0
20050305:1511,681420.0,516.43,19.71,4.2,6.62,0.0
20050305:1611,577545.0,449.59,12.7,3.95,6.07,0.0
20050305:1711,216105.0,205.78,4.67,2.75,5.52,0.0
20050305:1811,0.0,0.0,0.0,1.88,4.76,0.0
20050305:1911,0.0,0.0,0.0,1.0,3.24,0.0
20050305:2011,0.0,0.0,0.0,0.58,2.9,0.0
20050305:2111,0.0,0.0,0.0,0.04,2.9,0.0
20050305:2211,0.0,0.0,0.0,-0.34,2.83,0.0
20050305:2311,0.0,0.0,0.0,-0.25,2.69,0.0
20050306:0011,0.0,0.0,0.0,-0.26,2.48,0.0
20050306:0111,0.0,0.0,0.0,-0.62,2.21,0.0
20050306:0211,0.0,0.0,0.0,-1.08,2.07,0.0
20050306:0311,0.0,0.0,0.0,-0.81,1.86,0.0
20050306:0411,0.0,0.0,0.0,-1.11,2.14,0.0
20050306:0511,0.0,0.0,0.0,-1.0,2.34,0.0
20050306:0611,0.0,0.0,0.0,-0.76,2.34,0.0
20050306:0711,0.0,0.0,0.0,-0.76,2.34,0.0
20050306:0811,197460.0,164.88,11.3,-0.25,2.21,0.0
20050306:0911,334905.0,260.63,18.6,0.94,2.69,0.0
20050306:1011,788145.0,598.61,24.51,2.13,3.24,0.0
20050306:1111,1088070.0,842.73,28.48,3.1,3.45,0.0
20050306:1211,213375.0,175.97,30.07,3.73,3.31,0.0
20050306:1311,1185555.0,930.09,29.05,4.14,3.59,0.0
20050306:1411,783480.0,600.54,25.57,4.4,3.93,0.0
20050306:1511,784890.0,602.29,20.04,4.48,4.21,0.0
20050306:1611,257700.0,209.93,13.0,4.44,4.28,0.0
20050306:1711,185385.0,178.21,4.96,4.11,3.66,0.0
20050306:1811,0.0,0.0,0.0,2.82,3.1,0.0
20050306:1911,0.0,0.0,0.0,2.11,2.9,0.0
20050306:2011,0.0,0.0,0.0,1.69,2.97,0.0
20050306:2111,0.0,0.0,0.0,1.61,3.1,0.0
20050306:2211,0.0,0.0,0.0,1.54,0.0,0.0
20050306:2311,0.0,0.0,0.0,0.89,0.0,0.0
20050307:0011,0.0,0.0,0.0,0.89,3.1,0.0
20050307:0111,0.0,0.0,0.0,0.59,3.24,0.0
20050307:0211,0.0,0.0,0.0,0.67,3.31,0.0
20050307:0311,0.0,0.0,0.0,0.92,3.45,0.0
20050307:0411,0.0,0.0,0.0,1.12,3.59,0.0
20050307:0511,0.0,0.0,0.0,1.19,3.72,0.0
20050307:0611,0.0,0.0,0.0,1.71,3.79,0.0
20050307:0711,0.0,0.0,0.0,1.91,3.93,0.0
20050307:0811,210285.0,175.91,11.66,2.69,3.93,0.0
20050307:0911,295440.0,234.52,18.97,3.98,3.86,0.0
20050307:1011,560340.0,429.95,24.89,5.2,4.28,0.0
20050307:1111,519660.0,401.66,28.88,6.63,5.38,0.0
20050307:1211,152295.0,132.58,30.46,7.21,5.24,0.0
20050307:1311,185565.0,157.83,29.43,7.78,5.1,0.0
20050307:1411,140850.0,124.23,25.92,7.67,4.9,0.0
20050307:1511,26190.0,33.38,20.37,7.42,4.28,0.0
20050307:1611,40260.0,45.43,13.31,7.01,3.52,0.0
20050307:1711,53145.0,58.32,5.25,6.55,3.17,0.0
20050307:1811,0.0,0.0,0.0,5.55,2.69,0.0
20050307:1911,0.0,0.0,0.0,4.54,2.48,0.0
20050307:2011,0.0,0.0,0.0,4.17,2.55,0.0
20050307:2111,0.0,0.0,0.0,3.91,2.83,0.0
20050307:2211,0.0,0.0,0.0,3.57,3.1,0.0
20050307:2311,0.0,0.0,0.0,3.21,3.31,0.0
20050308:0011,0.0,0.0,0.0,3.26,3.45,0.0
20050308:0111,0.0,0.0,0.0,3.26,3.45,0.0
20050308:0211,0.0,0.0,0.0,3.3,3.45,0.0
20050308:0311,0.0,0.0,0.0,2.92,3.52,0.0
20050308:0411,0.0,0.0,0.0,2.82,3.72,0.0
20050308:0511,0.0,0.0,0.0,3.04,3.93,0.0
20050308:0611,0.0,0.0,0.0,3.12,4.14,0.0
20050308:0711,0.0,0.0,0.0,3.41,4.41,0.0
20050308:0811,80130.0,76.88,12.02,3.64,4.41,0.0
20050308:0911,151245.0,129.89,19.35,4.26,4.55,0.0
20050308:1011,357525.0,280.02,25.28,5.15,5.66,0.0
20050308:1111,322575.0,256.46,29.27,5.94,5.38,0.0
20050308:1211,60900.0,62.12,30.85,6.37,5.03,0.0
20050308:1311,56190.0,58.41,29.8,6.63,4.69,0.0
20050308:1411,268245.0,217.87,26.27,6.54,4.28,0.0
20050308:1511,29490.0,36.16,20.7,6.49,4.21,0.0
20050308:1611,69060.0,68.61,13.61,6.3,3.93,0.0
20050308:1711,24300.0,31.52,5.54,5.93,3.59,0.0
20050308:1811,0.0,0.0,0.0,4.66,3.03,0.0
20050308:1911,0.0,0.0,0.0,4.08,2.55,0.0
20050308:2011,0.0,0.0,0.0,3.61,2.34,0.0
20050308:2111,0.0,0.0,0.0,2.99,2.48,0.0
20050308:2211,0.0,0.0,0.0,2.5,2.76,0.0
20050308:2311,0.0,0.0,0.0,2.81,3.03,0.0
20050309:0011,0.0,0.0,0.0,3.16,3.38,0.0
20050309:0111,0.0,0.0,0.0,3.36,3.52,0.0
20050309:0211,0.0,0.0,0.0,3.08,3.38,0.0
20050309:0311,0.0,0.0,0.0,3.38,3.24,0.0
20050309:0411,0.0,0.0,0.0,3.26,3.03,0.0
20050309:0511,0.0,0.0,0.0,3.49,2.9,0.0
20050309:0611,0.0,0.0,0.0,3.12,2.83,0.0
20050309:0711,0.0,0.0,0.0,3.31,2.97,0.0
20050309:0811,167835.0,144.63,12.39,4.3,2.9,0.0
20050309:0911,383655.0,301.07,19.73,5.24,3.03,0.0
20050309:1011,283485.0,227.87,25.67,6.14,4.97,0.0
20050309:1111,216435.0,179.96,29.67,6.75,4.76,0.0
20050309:1211,46935.0,50.99,31.24,7.14,4.21,0.0
20050309:1311,150915.0,131.65,30.18,7.12,4.07,0.0
20050309:1411,40215.0,45.43,26.62,7.22,3.86,0.0
20050309:1511,71205.0,70.46,21.02,6.81,3.45,0.0
20050309:1611,39210.0,44.5,13.92,6.72,3.31,0.0
20050309:1711,15210.0,23.18,5.83,6.41,2.28,0.0
20050309:1811,0.0,0.0,0.0,5.83,1.59,0.0
20050309:1911,0.0,0.0,0.0,5.25,0.83,0.0
20050309:2011,0.0,0.0,0.0,4.78,0.9,0.0
20050309:2111,0.0,0.0,0.0,3.95,1.17,0.0
20050309:2211,0.0,0.0,0.0,3.4,1.45,0.0
20050309:2311,0.0,0.0,0.0,2.84,1.66,0.0
20050310:0011,0.0,0.0,0.0,2.78,1.59,0.0
20050310:0111,0.0,0.0,0.0,2.84,1.59,0.0
20050310:0211,0.0,0.0,0.0,2.63,1.72,0.0
20050310:0311,0.0,0.0,0.0,2.69,1.72,0.0
20050310:0411,0.0,0.0,0.0,2.72,1.72,0.0
20050310:0511,0.0,0.0,0.0,2.56,1.79,0.0
20050310:0611,0.0,0.0,0.0,1.93,1.66,0.0
20050310:0711,4950.0,14.18,4.52,2.72,1.38,0.0
20050310:0811,210315.0,176.98,12.75,3.71,1.31,0.0
20050310:0911,319365.0,254.46,20.1,4.79,1.72,0.0
20050310:1011,78525.0,76.02,26.06,5.84,1.93,0.0
20050310:1111,65385.0,65.82,30.06,6.48,2.07,0.0
20050310:1211,99810.0,92.71,31.64,6.55,2.62,0.0
20050310:1311,86580.0,82.51,30.56,6.68,2.62,0.0
20050310:1411,167160.0,143.88,26.98,6.87,2.97,0.0
20050310:1511,64140.0,64.9,21.35,6.95,3.38,0.0
20050310:1611,74730.0,73.24,14.22,6.9,3.86,0.0
20050310:1711,14250.0,22.25,6.12,6.52,3.52,0.0
20050310:1811,0.0,0.0,0.0,5.54,3.52,0.0
20050310:1911,0.0,0.0,0.0,5.27,3.66,0.0
20050310:2011,0.0,0.0,0.0,5.22,4.0,0.0
20050310:2111,0.0,0.0,0.0,5.62,4.41,0.0
20050310:2211,0.0,0.0,0.0,5.81,4.83,0.0
20050310:2311,0.0,0.0,0.0,6.1,5.52,0.0
20050311:0011,0.0,0.0,0.0,6.11,6.14,0.0
20050311:0111,0.0,0.0,0.0,6.2,6.97,0.0
20050311:0211,0.0,0.0,0.0,6.16,7.59,0.0
20050311:0311,0.0,0.0,0.0,6.07,8.0,0.0
20050311:0411,0.0,0.0,0.0,5.93,8.28,0.0
20050311:0511,0.0,0.0,0.0,5.83,8.41,0.0
20050311:0611,0.0,0.0,0.0,5.76,8.34,0.0
20050311:0711,0.0,0.93,4.88,6.01,8.55,0.0
20050311:0811,17205.0,25.03,13.12,6.23,8.41,0.0
20050311:0911,252375.0,204.71,20.48,6.54,7.03,0.0
20050311:1011,260370.0,210.96,26.45,6.72,7.66,0.0
20050311:1111,226830.0,187.21,30.46,7.22,9.17,0.0
20050311:1211,101115.0,93.64,32.03,7.23,7.93,0.0
20050311:1311,110490.0,101.05,30.93,7.87,7.79,0.0
20050311:1411,453645.0,353.76,27.33,7.9,7.31,0.0
20050311:1511,893415.0,686.36,21.67,7.58,7.38,0.0
20050311:1611,549720.0,432.16,14.52,7.17,7.17,0.0
20050311:1711,55125.0,58.94,6.41,6.25,6.41,0.0
20050311:1811,0.0,0.0,0.0,4.99,5.66,0.0
20050311:1911,0.0,0.0,0.0,4.33,4.97,0.0
20050311:2011,0.0,0.0,0.0,3.47,5.03,0.0
20050311:2111,0.0,0.0,0.0,3.1,5.1,0.0
20050311:2211,0.0,0.0,0.0,2.52,5.1,0.0
20050311:2311,0.0,0.0,0.0,1.95,5.1,0.0
20050312:0011,0.0,0.0,0.0,1.42,5.24,0.0
20050312:0111,0.0,0.0,0.0,1.05,5.31,0.0
20050312:0211,0.0,0.0,0.0,0.6,5.38,0.0
20050312:0311,0.0,0.0,0.0,0.27,5.45,0.0
20050312:0411,0.0,0.0,0.0,0.05,5.59,0.0
20050312:0511,0.0,0.0,0.0,-0.03,5.66,0.0
20050312:0611,0.0,0.0,0.0,-0.09,5.59,0.0
20050312:0711,0.0,0.0,0.0,0.17,5.66,0.0
20050312:0811,320865.0,255.6,13.49,1.21,5.1,0.0
20050312:0911,650775.0,489.97,20.86,2.72,6.0,0.0
20050312:1011,943980.0,713.09,26.84,4.2,6.62,0.0
20050312:1111,924030.0,703.2,30.86,5.48,6.76,0.0
20050312:1211,519600.0,400.8,32.42,6.56,7.03,0.0
20050312:1311,95115.0,89.0,31.31,7.06,7.03,0.0
20050312:1411,179055.0,152.19,27.68,6.82,6.14,0.0
20050312:1511,71310.0,70.46,22.0,6.85,5.86,0.0
20050312:1611,108060.0,98.9,14.83,6.68,5.24,0.0
20050312:1711,20205.0,27.81,6.7,5.99,3.93,0.0
20050312:1811,0.0,0.0,0.0,4.39,3.24,0.0
20050312:1911,0.0,0.0,0.0,2.69,2.76,0.0
20050312:2011,0.0,0.0,0.0,1.65,2.9,0.0
20050312:2111,0.0,0.0,0.0,0.91,3.03,0.0
20050312:2211,0.0,0.0,0.0,0.39,3.1,0.0
20050312:2311,0.0,0.0,0.0,-0.03,3.17,0.0
20050313:0011,0.0,0.0,0.0,-0.42,3.1,0.0
20050313:0111,0.0,0.0,0.0,-0.82,2.9,0.0
20050313:0211,0.0,0.0,0.0,-1.36,2.83,0.0
20050313:0311,0.0,0.0,0.0,-1.82,2.76,0.0
20050313:0411,0.0,0.0,0.0,-2.23,2.69,0.0
20050313:0511,0.0,0.0,0.0,-2.55,2.69,0.0
20050313:0611,0.0,0.0,0.0,-2.77,2.69,0.0
20050313:0711,24600.0,36.23,5.61,-2.43,2.9,0.0
20050313:0811,311640.0,247.58,13.86,-0.76,2.83,0.0
20050313:0911,661725.0,499.63,21.25,1.29,3.72,0.0
20050313:1011,954315.0,728.71,27.24,2.73,3.79,0.0
20050313:1111,1020960.0,789.64,31.26,3.91,3.66,0.0
20050313:1211,771660.0,593.95,32.82,4.79,3.72,0.0
20050313:1311,985290.0,762.92,31.69,5.42,4.41,0.0
20050313:1411,1115715.0,867.54,28.03,5.7,4.83,0.0
20050313:1511,836460.0,643.26,22.33,5.48,4.83,0.0
20050313:1611,320700.0,256.99,15.13,5.08,4.48,0.0
20050313:1711,236415.0,217.29,6.98,4.45,3.79,0.0
20050313:1811,0.0,0.0,0.0,3.25,3.52,0.0
20050313:1911,0.0,0.0,0.0,2.08,3.59,0.0
20050313:2011,0.0,0.0,0.0,1.15,3.59,0.0
20050313:2111,0.0,0.0,0.0,0.65,3.45,0.0
20050313:2211,0.0,0.0,0.0,0.48,3.24,0.0
20050313:2311,0.0,0.0,0.0,0.23,2.97,0.0
20050314:0011,0.0,0.0,0.0,-0.08,2.69,0.0
20050314:0111,0.0,0.0,0.0,-0.13,2.55,0.0
20050314:0211,0.0,0.0,0.0,-0.21,2.62,0.0
20050314:0311,0.0,0.0,0.0,0.19,2.62,0.0
20050314:0411,0.0,0.0,0.0,0.5,2.69,0.0
20050314:0511,0.0,0.0,0.0,0.63,2.76,0.0
20050314:0611,0.0,0.0,0.0,0.77,2.83,0.0
20050314:0711,0.0,2.78,5.97,1.12,3.38,0.0
20050314:0811,49170.0,51.92,14.23,2.46,3.1,0.0
20050314:0911,247725.0,200.13,21.63,4.25,4.76,0.0
20050314:1011,101700.0,93.64,27.63,5.85,6.28,0.0
20050314:1111,169995.0,145.56,31.66,6.95,6.28,0.0
20050314:1211,185295.0,157.61,33.21,7.85,5.93,0.0
20050314:1311,161625.0,139.99,32.07,7.89,5.1,0.0
20050314:1411,856590.0,667.15,28.39,8.14,4.62,0.0
20050314:1511,384900.0,305.71,22.65,8.42,4.62,0.0
20050314:1611,59145.0,61.19,15.43,8.26,4.14,0.0
20050314:1711,32550.0,38.94,7.27,7.37,3.1,0.0
20050314:1811,0.0,0.0,0.0,6.37,2.76,0.0
20050314:1911,0.0,0.0,0.0,5.76,3.17,0.0
20050314:2011,0.0,0.0,0.0,5.6,4.14,0.0
20050314:2111,0.0,0.0,0.0,5.59,4.97,0.0
20050314:2211,0.0,0.0,0.0,5.61,5.38,0.0
20050314:2311,0.0,0.0,0.0,5.86,5.45,0.0
20050315:0011,0.0,0.0,0.0,6.48,5.45,0.0
20050315:0111,0.0,0.0,0.0,7.19,5.86,0.0
20050315:0211,0.0,0.0,0.0,8.09,6.41,0.0
20050315:0311,0.0,0.0,0.0,8.54,6.69,0.0
20050315:0411,0.0,0.0,0.0,8.7,6.62,0.0
20050315:0511,0.0,0.0,0.0,8.69,6.34,0.0
20050315:0611,0.0,0.0,0.0,8.58,5.72,0.0
20050315:0711,0.0,2.78,6.33,8.72,5.45,0.0
20050315:0811,15960.0,24.1,14.61,8.92,5.03,0.0
20050315:0911,64740.0,65.82,22.01,8.95,5.03,0.0
20050315:1011,35460.0,41.72,28.03,9.39,5.79,0.0
20050315:1111,84210.0,81.59,32.06,10.0,5.38,0.0
20050315:1211,60885.0,63.04,33.61,10.4,6.9,0.0
20050315:1311,91080.0,87.15,32.44,10.6,6.21,0.0
20050315:1411,83970.0,81.59,28.74,10.72,6.48,0.0
20050315:1511,90825.0,87.15,22.97,11.16,6.28,0.0
20050315:1611,14790.0,23.18,15.73,11.48,6.07,0.0
20050315:1711,2985.0,10.2,7.55,11.67,6.28,0.0
20050315:1811,0.0,0.0,0.0,11.53,6.28,0.0
20050315:1911,0.0,0.0,0.0,11.52,6.21,0.0
20050315:2011,0.0,0.0,0.0,11.55,6.21,0.0
20050315:2111,0.0,0.0,0.0,11.61,6.41,0.0
20050315:2211,0.0,0.0,0.0,11.63,6.69,0.0
20050315:2311,0.0,0.0,0.0,11.56,6.76,0.0
20050316:0011,0.0,0.0,0.0,11.57,6.62,0.0
20050316:0111,0.0,0.0,0.0,11.49,6.41,0.0
20050316:0211,0.0,0.0,0.0,11.56,6.41,0.0
20050316:0311,0.0,0.0,0.0,11.61,6.48,0.0
20050316:0411,0.0,0.0,0.0,11.56,6.55,0.0
20050316:0511,0.0,0.0,0.0,11.63,6.62,0.0
20050316:0611,0.0,0.0,0.0,11.69,6.83,0.0
20050316:0711,0.0,2.78,6.7,12.04,7.24,0.0
20050316:0811,19530.0,27.81,14.98,12.3,7.59,0.0
20050316:0911,126225.0,115.16,22.4,12.74,7.86,0.0
20050316:1011,94680.0,90.86,28.42,13.28,8.69,0.0
20050316:1111,199365.0,171.63,32.46,13.6,9.38,0.0
20050316:1211,65550.0,67.68,34.01,13.84,9.59,0.0
20050316:1311,65535.0,67.68,32.82,13.91,9.52,0.0
20050316:1411,57690.0,61.19,29.09,13.57,7.52,0.0
20050316:1511,269025.0,223.98,23.3,13.18,6.14,0.0
20050316:1611,26505.0,34.3,16.03,12.69,6.41,0.0
20050316:1711,3690.0,11.13,7.84,12.37,7.03,0.0
20050316:1811,0.0,0.0,-0.82,12.07,7.03,0.0
20050316:1911,0.0,0.0,0.0,12.03,7.38,0.0
20050316:2011,0.0,0.0,0.0,11.38,7.59,0.0
20050316:2111,0.0,0.0,0.0,11.15,7.45,0.0
20050316:2211,0.0,0.0,0.0,11.48,7.86,0.0
20050316:2311,0.0,0.0,0.0,11.76,8.0,0.0
20050317:0011,0.0,0.0,0.0,11.71,8.07,0.0
20050317:0111,0.0,0.0,0.0,11.67,8.14,0.0
20050317:0211,0.0,0.0,0.0,11.42,8.0,0.0
20050317:0311,0.0,0.0,0.0,11.08,7.86,0.0
20050317:0411,0.0,0.0,0.0,11.25,8.28,0.0
20050317:0511,0.0,0.0,0.0,11.47,8.48,0.0
20050317:0611,0.0,0.0,0.0,11.3,7.86,0.0
20050317:0711,6000.0,13.91,7.07,11.55,7.86,0.0
20050317:0811,24555.0,32.45,15.36,12.01,7.66,0.0
20050317:0911,17595.0,25.96,22.78,12.17,6.83,0.0
20050317:1011,61395.0,63.97,28.82,12.39,5.93,0.0
20050317:1111,48945.0,53.77,32.87,12.65,4.55,0.0
20050317:1211,39060.0,45.43,34.4,13.01,5.24,0.0
20050317:1311,39090.0,45.43,33.2,12.89,5.38,0.0
20050317:1411,68040.0,69.53,29.44,12.93,5.79,0.0
20050317:1511,121575.0,112.18,23.62,13.43,5.52,0.0
20050317:1611,182670.0,159.87,16.33,13.95,5.66,0.0
20050317:1711,34650.0,41.72,8.12,13.82,6.41,0.0
20050317:1811,0.0,0.0,-0.54,13.16,5.66,0.0
20050317:1911,0.0,0.0,0.0,12.0,5.72,0.0
20050317:2011,0.0,0.0,0.0,11.22,5.66,0.0
20050317:2111,0.0,0.0,0.0,10.57,5.72,0.0
20050317:2211,0.0,0.0,0.0,10.16,6.0,0.0
20050317:2311,0.0,0.0,0.0,10.11,6.34,0.0
20050318:0011,0.0,0.0,0.0,9.88,6.34,0.0
20050318:0111,0.0,0.0,0.0,9.36,6.28,0.0
20050318:0211,0.0,0.0,0.0,9.16,6.28,0.0
20050318:0311,0.0,0.0,0.0,8.84,6.41,0.0
20050318:0411,0.0,0.0,0.0,8.8,6.14,0.0
20050318:0511,0.0,0.0,0.0,8.62,5.45,0.0
20050318:0611,0.0,0.0,0.0,8.67,5.17,0.0
20050318:0711,0.0,3.71,7.43,9.49,5.66,0.0
20050318:0811,6885.0,14.83,15.73,9.89,5.52,0.0
20050318:0911,51735.0,55.63,23.17,10.51,4.9,0.0
20050318:1011,66375.0,67.68,29.22,11.01,5.31,0.0
20050318:1111,62760.0,64.9,33.27,11.61,5.79,0.0
20050318:1211,121200.0,111.25,34.8,12.09,5.66,0.0
20050318:1311,70380.0,71.39,33.58,12.77,5.72,0.0
20050318:1411,87585.0,85.29,29.79,13.05,5.24,0.0
20050318:1511,156885.0,139.17,23.94,12.74,4.69,0.0
20050318:1611,211575.0,181.13,16.63,12.23,4.34,0.0
20050318:1711,78315.0,79.46,8.41,11.62,3.72,0.0
20050318:1811,0.0,0.0,-0.27,11.0,3.52,0.0
20050318:1911,0.0,0.0,0.0,10.11,3.17,0.0
20050318:2011,0.0,0.0,0.0,9.68,2.83,0.0
20050318:2111,0.0,0.0,0.0,9.3,2.28,0.0
20050318:2211,0.0,0.0,0.0,8.95,1.79,0.0
20050318:2311,0.0,0.0,0.0,8.37,1.38,0.0
20050319:0011,0.0,0.0,0.0,7.9,1.52,0.0
20050319:0111,0.0,0.0,0.0,7.44,1.66,0.0
20050319:0211,0.0,0.0,0.0,7.03,1.66,0.0
20050319:0311,0.0,0.0,0.0,7.09,1.52,0.0
20050319:0411,0.0,0.0,0.0,7.1,1.38,0.0
20050319:0511,0.0,0.0,0.0,6.9,1.24,0.0
20050319:0611,0.0,0.0,0.0,6.48,1.31,0.0
20050319:0711,64680.0,73.83,7.8,6.23,1.1,0.0
20050319:0811,336450.0,276.24,16.11,7.28,0.9,0.0
20050319:0911,115245.0,105.67,23.56,8.4,0.41,0.0
20050319:1011,177165.0,153.91,29.61,9.29,0.28,0.0
20050319:1111,209205.0,178.96,33.67,10.62,1.31,0.0
20050319:1211,213390.0,182.65,35.2,11.72,2.21,0.0
20050319:1311,215325.0,184.53,33.95,12.41,2.41,0.0
20050319:1411,352650.0,289.96,30.14,12.94,2.34,0.0
20050319:1511,182295.0,159.69,24.26,13.37,2.21,0.0
20050319:1611,120030.0,111.45,16.93,13.6,2.21,0.0
20050319:1711,17460.0,25.96,8.69,13.35,1.79,0.0
20050319:1811,0.0,5.25,0.01,12.61,2.0,0.0
20050319:1911,0.0,0.0,0.0,11.37,2.55,0.0
20050319:2011,0.0,0.0,0.0,10.46,2.55,0.0
20050319:2111,0.0,0.0,0.0,9.94,2.41,0.0
20050319:2211,0.0,0.0,0.0,9.24,2.41,0.0
20050319:2311,0.0,0.0,0.0,9.26,2.34,0.0
20050320:0011,0.0,0.0,0.0,9.05,2.28,0.0
20050320:0111,0.0,0.0,0.0,9.01,2.14,0.0
20050320:0211,0.0,0.0,0.0,9.01,1.93,0.0
20050320:0311,0.0,0.0,0.0,9.0,1.93,0.0
20050320:0411,0.0,0.0,0.0,8.86,1.93,0.0
20050320:0511,0.0,0.0,0.0,8.79,2.07,0.0
20050320:0611,0.0,0.0,0.0,8.68,2.14,0.0
20050320:0711,8640.0,16.69,8.17,8.66,2.28,0.0
20050320:0811,69180.0,69.48,16.48,8.93,2.9,0.0
20050320:0911,87900.0,84.37,23.94,9.3,3.45,0.0
20050320:1011,83025.0,80.66,30.01,9.79,3.93,0.0
20050320:1111,127830.0,115.89,34.07,10.76,4.28,0.0
20050320:1211,404235.0,325.53,35.59,11.4,4.34,0.0
20050320:1311,131955.0,119.6,34.33,11.87,4.48,0.0
20050320:1411,58065.0,61.19,30.49,11.98,4.41,0.0
20050320:1511,48000.0,52.85,24.58,12.01,4.41,0.0
20050320:1611,66150.0,67.68,17.23,11.56,4.41,0.0
20050320:1711,40545.0,46.36,8.97,10.96,4.41,0.0
20050320:1811,0.0,4.37,0.29,9.89,4.07,0.0
20050320:1911,0.0,0.0,0.0,8.75,3.79,0.0
20050320:2011,0.0,0.0,0.0,8.15,3.86,0.0
20050320:2111,0.0,0.0,0.0,7.54,4.0,0.0
20050320:2211,0.0,0.0,0.0,6.81,3.93,0.0
20050320:2311,0.0,0.0,0.0,6.14,3.72,0.0
20050321:0011,0.0,0.0,0.0,5.79,3.52,0.0
20050321:0111,0.0,0.0,0.0,5.21,3.45,0.0
20050321:0211,0.0,0.0,0.0,4.72,3.38,0.0
20050321:0311,0.0,0.0,0.0,4.39,3.45,0.0
20050321:0411,0.0,0.0,0.0,4.46,3.31,0.0
20050321:0511,0.0,0.0,0.0,4.4,3.1,0.0
20050321:0611,0.0,0.0,0.0,4.56,3.17,0.0
20050321:0711,1755.0,8.34,8.54,5.12,3.59,0.0
20050321:0811,126465.0,112.85,16.86,6.11,4.14,0.0
20050321:0911,244455.0,200.74,24.33,7.56,4.83,0.0
20050321:1011,381720.0,303.71,30.41,9.02,5.17,0.0
20050321:1111,574050.0,451.88,34.48,10.86,5.38,0.0
20050321:1211,1063410.0,920.04,35.99,11.82,0.0,0.0
20050321:1311,967665.0,829.12,34.71,12.66,0.0,0.0
20050321:1411,966495.0,768.81,30.83,12.79,5.52,0.0
20050321:1511,366885.0,297.14,24.9,12.3,5.31,0.0
20050321:1611,204240.0,174.66,17.52,11.27,4.62,0.0
20050321:1711,46245.0,50.99,9.25,10.14,5.03,0.0
20050321:1811,0.0,3.5,0.56,9.15,4.83,0.0
20050321:1911,0.0,0.0,0.0,8.44,4.48,0.0
20050321:2011,0.0,0.0,0.0,8.47,4.34,0.0
20050321:2111,0.0,0.0,0.0,8.69,4.28,0.0
20050321:2211,0.0,0.0,0.0,8.54,4.34,0.0
20050321:2311,0.0,0.0,0.0,8.56,4.21,0.0
20050322:0011,0.0,0.0,0.0,8.76,4.21,0.0
20050322:0111,0.0,0.0,0.0,9.11,4.07,0.0
20050322:0211,0.0,0.0,0.0,9.18,4.0,0.0
20050322:0311,0.0,0.0,0.0,9.21,4.07,0.0
20050322:0411,0.0,0.0,0.0,9.26,4.07,0.0
20050322:0511,0.0,0.0,0.0,9.24,3.93,0.0
20050322:0611,0.0,0.0,0.0,9.2,4.0,0.0
20050322:0711,0.0,5.56,8.91,10.21,4.21,0.0
20050322:0811,8535.0,16.69,17.23,10.7,4.28,0.0
20050322:0911,201975.0,172.18,24.72,11.27,4.62,0.0
20050322:1011,246465.0,206.68,30.81,12.07,4.62,0.0
20050322:1111,51210.0,55.63,34.88,12.54,4.83,0.0
20050322:1211,179595.0,156.68,36.38,12.69,4.83,0.0
20050322:1311,70140.0,71.39,35.08,13.3,4.41,0.0
20050322:1411,91890.0,89.0,31.18,13.68,4.21,0.0
20050322:1511,100200.0,95.49,25.22,13.45,4.41,0.0
20050322:1611,19410.0,27.81,17.82,13.26,4.41,0.0
20050322:1711,5160.0,12.98,9.53,13.03,3.93,0.0
20050322:1811,3870.0,11.37,0.84,12.15,3.17,0.0
20050322:1911,0.0,0.0,0.0,10.88,2.55,0.0
20050322:2011,0.0,0.0,0.0,9.78,2.62,0.0
20050322:2111,0.0,0.0,0.0,9.07,2.9,0.0
20050322:2211,0.0,0.0,0.0,8.4,2.97,0.0
20050322:2311,0.0,0.0,0.0,8.03,3.1,0.0
20050323:0011,0.0,0.0,0.0,7.77,3.24,0.0
20050323:0111,0.0,0.0,0.0,7.71,3.31,0.0
20050323:0211,0.0,0.0,0.0,7.48,3.17,0.0
20050323:0311,0.0,0.0,0.0,7.28,3.17,0.0
20050323:0411,0.0,0.0,0.0,7.26,3.17,0.0
20050323:0511,0.0,0.0,0.0,7.47,3.31,0.0
20050323:0611,0.0,0.0,0.0,7.75,3.38,0.0
20050323:0711,89970.0,95.28,9.27,7.95,3.45,0.0
20050323:0811,402615.0,326.66,17.61,9.21,2.97,0.0
20050323:0911,691335.0,544.22,25.1,10.83,4.07,0.0
20050323:1011,184890.0,160.27,31.2,12.21,4.97,0.0
20050323:1111,461295.0,371.07,35.28,12.97,4.41,0.0
20050323:1211,475575.0,383.56,36.78,13.61,4.41,0.0
20050323:1311,369660.0,303.04,35.46,13.64,3.72,0.0
20050323:1411,175875.0,154.83,31.53,13.9,3.79,0.0
20050323:1511,238845.0,203.09,25.54,13.99,3.45,0.0
20050323:1611,278265.0,234.61,18.11,14.27,3.66,0.0
20050323:1711,128355.0,123.26,9.81,13.71,3.1,0.0
20050323:1811,6795.0,14.87,1.11,12.69,3.1,0.0
20050323:1911,0.0,0.0,0.0,11.47,2.76,0.0
20050323:2011,0.0,0.0,0.0,10.66,2.97,0.0
20050323:2111,0.0,0.0,0.0,10.04,3.17,0.0
20050323:2211,0.0,0.0,0.0,9.54,3.31,0.0
20050323:2311,0.0,0.0,0.0,9.0,3.45,0.0
20050324:0011,0.0,0.0,0.0,8.64,3.38,0.0
20050324:0111,0.0,0.0,0.0,8.22,3.38,0.0
20050324:0211,0.0,0.0,0.0,7.75,3.52,0.0
20050324:0311,0.0,0.0,0.0,7.41,3.59,0.0
20050324:0411,0.0,0.0,0.0,7.45,3.45,0.0
20050324:0511,0.0,0.0,0.0,7.6,3.45,0.0
20050324:0611,0.0,0.0,0.0,7.78,3.38,0.0
20050324:0711,10425.0,18.54,9.64,8.16,3.03,0.0
20050324:0811,69255.0,69.53,17.98,8.94,2.9,0.0
20050324:0911,235380.0,196.61,25.49,9.76,3.1,0.0
20050324:1011,382395.0,308.69,31.6,11.03,3.31,0.0
20050324:1111,518580.0,416.14,35.68,12.45,3.31,0.0
20050324:1211,217485.0,187.21,37.18,14.26,3.79,0.0
20050324:1311,422880.0,346.0,35.83,15.02,3.79,0.0
20050324:1411,327450.0,272.76,31.87,15.85,4.28,0.0
20050324:1511,194625.0,170.37,25.85,15.68,3.86,0.0
20050324:1611,201705.0,175.68,18.4,14.59,2.9,0.0
20050324:1711,167700.0,158.43,10.09,14.17,2.76,0.0
20050324:1811,0.0,2.78,1.39,13.15,2.69,0.0
20050324:1911,0.0,0.0,0.0,11.54,3.1,0.0
20050324:2011,0.0,0.0,0.0,10.78,2.97,0.0
20050324:2111,0.0,0.0,0.0,9.91,2.83,0.0
20050324:2211,0.0,0.0,0.0,8.73,2.76,0.0
20050324:2311,0.0,0.0,0.0,7.97,2.76,0.0
20050325:0011,0.0,0.0,0.0,7.39,2.48,0.0
20050325:0111,0.0,0.0,0.0,6.79,2.21,0.0
20050325:0211,0.0,0.0,0.0,6.01,2.14,0.0
20050325:0311,0.0,0.0,0.0,5.51,2.14,0.0
20050325:0411,0.0,0.0,0.0,5.54,2.28,0.0
20050325:0511,0.0,0.0,0.0,5.88,2.0,0.0
20050325:0611,0.0,0.0,0.0,6.89,2.14,0.0
20050325:0711,65370.0,69.95,10.01,7.72,2.07,0.0
20050325:0811,123405.0,112.04,18.36,9.06,2.14,0.0
20050325:0911,281820.0,231.9,25.88,10.3,3.03,0.0
20050325:1011,420900.0,338.43,32.0,11.44,3.38,0.0
20050325:1111,876525.0,701.02,36.09,12.38,3.93,0.0
20050325:1211,897645.0,722.82,37.57,13.39,4.0,0.0
20050325:1311,961935.0,780.07,36.2,13.79,3.79,0.0
20050325:1411,386610.0,316.36,32.21,14.07,3.72,0.0
20050325:1511,164700.0,146.39,26.17,14.1,3.1,0.0
20050325:1611,261615.0,221.99,18.7,13.82,2.28,0.0
20050325:1711,176280.0,165.78,10.37,13.44,1.66,0.0
20050325:1811,7590.0,15.76,1.66,12.54,1.45,0.0
20050325:1911,0.0,0.0,0.0,10.84,2.14,0.0
20050325:2011,0.0,0.0,0.0,9.84,2.28,0.0
20050325:2111,0.0,0.0,0.0,8.92,2.34,0.0
20050325:2211,0.0,0.0,0.0,8.0,2.34,0.0
20050325:2311,0.0,0.0,0.0,7.78,2.28,0.0
20050326:0011,0.0,0.0,0.0,7.52,2.28,0.0
20050326:0111,0.0,0.0,0.0,7.12,2.21,0.0
20050326:0211,0.0,0.0,0.0,6.81,2.21,0.0
20050326:0311,0.0,0.0,0.0,6.79,2.14,0.0
20050326:0411,0.0,0.0,0.0,7.42,2.07,0.0
20050326:0511,0.0,0.0,0.0,7.87,2.14,0.0
20050326:0611,0.0,0.0,0.0,8.14,2.48,0.0
20050326:0711,115455.0,117.07,10.38,8.65,3.24,0.0
20050326:0811,125820.0,113.7,18.73,8.95,2.97,0.0
20050326:0911,221745.0,185.96,26.26,9.14,3.17,0.0
20050326:1011,105780.0,98.27,32.39,9.2,3.31,0.0
20050326:1111,168855.0,146.48,36.49,9.09,3.38,0.0
20050326:1211,98700.0,92.71,37.96,9.09,3.66,0.0
20050326:1311,247740.0,205.59,36.58,8.79,3.72,0.0
20050326:1411,142275.0,126.09,32.56,9.04,4.34,0.0
20050326:1511,55590.0,58.41,26.48,8.76,4.34,0.0
20050326:1611,66075.0,66.75,18.99,8.27,4.21,0.0
20050326:1711,19020.0,26.89,10.65,7.7,4.07,0.0
20050326:1811,0.0,3.71,1.93,7.18,3.86,0.0
20050326:1911,0.0,0.0,0.0,6.85,3.52,0.0
20050326:2011,0.0,0.0,0.0,6.56,3.59,0.0
20050326:2111,0.0,0.0,0.0,6.46,3.45,0.0
20050326:2211,0.0,0.0,0.0,6.39,3.17,0.0
20050326:2311,0.0,0.0,0.0,6.37,3.31,0.0
20050327:0011,0.0,0.0,0.0,6.31,2.97,0.0
20050327:0111,0.0,0.0,0.0,6.2,2.9,0.0
20050327:0211,0.0,0.0,0.0,6.18,2.76,0.0
20050327:0311,0.0,0.0,0.0,6.13,2.62,0.0
20050327:0411,0.0,0.0,0.0,6.13,2.9,0.0
20050327:0511,0.0,0.0,0.0,6.08,2.97,0.0
20050327:0611,0.0,0.0,0.0,6.04,3.17,0.0
20050327:0711,38985.0,44.73,10.74,6.58,3.03,0.0
20050327:0811,72030.0,71.39,19.11,6.87,0.0,0.0
20050327:0911,37920.0,43.57,26.65,7.1,0.0,0.0
20050327:1011,86310.0,82.51,32.79,7.41,3.03,0.0
20050327:1111,101760.0,94.56,36.89,7.68,3.38,0.0
20050327:1211,46770.0,50.99,38.36,7.83,4.07,0.0
20050327:1311,46725.0,50.99,36.95,8.08,4.28,0.0
20050327:1411,41160.0,46.36,32.9,7.96,3.66,0.0
20050327:1511,31335.0,38.01,26.79,8.16,2.97,0.0
20050327:1611,29280.0,36.16,19.27,7.79,3.1,0.0
20050327:1711,131190.0,120.89,10.92,7.3,3.1,0.0
20050327:1811,0.0,3.71,2.21,6.85,2.97,0.0
20050327:1911,0.0,0.0,0.0,6.27,3.31,0.0
20050327:2011,0.0,0.0,0.0,6.02,3.17,0.0
20050327:2111,0.0,0.0,0.0,5.81,3.1,0.0
20050327:2211,0.0,0.0,0.0,5.64,3.24,0.0
20050327:2311,0.0,0.0,0.0,5.56,3.1,0.0
20050328:0011,0.0,0.0,0.0,5.59,2.9,0.0
20050328:0111,0.0,0.0,0.0,5.71,2.76,0.0
20050328:0211,0.0,0.0,0.0,5.77,2.76,0.0
20050328:0311,0.0,0.0,0.0,5.75,2.69,0.0
20050328:0411,0.0,0.0,0.0,5.79,2.48,0.0
20050328:0511,0.0,0.0,0.0,5.84,2.48,0.0
20050328:0611,0.0,0.0,0.0,5.83,2.48,0.0
20050328:0711,1740.0,8.34,11.11,6.01,2.55,0.0
20050328:0811,61965.0,63.04,19.48,6.35,2.48,0.0
20050328:0911,56070.0,58.41,27.03,6.76,2.55,0.0
20050328:1011,117570.0,106.62,33.18,7.22,2.55,0.0
20050328:1111,119745.0,108.47,37.29,7.64,2.48,0.0
20050328:1211,149790.0,131.65,38.75,8.11,2.34,0.0
20050328:1311,171405.0,148.34,37.32,8.48,2.21,0.0
20050328:1411,240330.0,200.77,33.24,8.78,2.0,0.0
20050328:1511,159870.0,139.99,27.1,9.09,1.93,0.0
20050328:1611,176415.0,152.58,19.56,9.0,1.93,0.0
20050328:1711,73710.0,73.54,11.2,8.89,1.86,0.0
20050328:1811,10410.0,18.54,2.48,8.35,1.79,0.0
20050328:1911,0.0,0.0,0.0,7.57,1.79,0.0
20050328:2011,0.0,0.0,0.0,6.92,1.72,0.0
20050328:2111,0.0,0.0,0.0,6.54,1.52,0.0
20050328:2211,0.0,0.0,0.0,6.22,1.31,0.0
20050328:2311,0.0,0.0,0.0,5.96,1.31,0.0
20050329:0011,0.0,0.0,0.0,5.79,1.24,0.0
20050329:0111,0.0,0.0,0.0,5.68,1.31,0.0
20050329:0211,0.0,0.0,0.0,5.57,1.38,0.0
20050329:0311,0.0,0.0,0.0,5.51,1.17,0.0
20050329:0411,0.0,0.0,0.0,5.47,0.97,0.0
20050329:0511,0.0,0.0,0.0,5.29,0.76,0.0
20050329:0611,0.0,0.0,0.0,5.22,0.69,0.0
20050329:0711,59235.0,62.13,11.47,5.7,1.52,0.0
20050329:0811,179565.0,153.35,19.85,6.12,1.31,0.0
20050329:0911,76965.0,75.1,27.41,6.55,0.97,0.0
20050329:1011,149985.0,131.65,33.58,7.17,0.97,0.0
20050329:1111,193140.0,165.02,37.68,7.94,0.9,0.0
20050329:1211,227850.0,191.78,39.14,8.48,1.03,0.0
20050329:1311,373470.0,303.58,37.68,9.08,1.03,0.0
20050329:1411,147165.0,130.72,33.57,9.43,0.97,0.0
20050329:1511,159045.0,139.99,27.41,9.55,0.83,0.0
20050329:1611,133080.0,120.11,19.85,9.78,0.69,0.0
20050329:1711,59730.0,62.12,11.47,9.71,1.52,0.0
20050329:1811,4515.0,12.05,2.75,9.11,2.0,0.0
20050329:1911,0.0,0.0,0.0,7.65,2.0,0.0
20050329:2011,0.0,0.0,0.0,7.19,2.07,0.0
20050329:2111,0.0,0.0,0.0,6.75,2.0,0.0
20050329:2211,0.0,0.0,0.0,6.11,1.86,0.0
20050329:2311,0.0,0.0,0.0,5.87,1.79,0.0
20050330:0011,0.0,0.0,0.0,5.53,1.72,0.0
20050330:0111,0.0,0.0,0.0,5.3,1.86,0.0
20050330:0211,0.0,0.0,0.0,5.41,2.07,0.0
20050330:0311,0.0,0.0,0.0,5.57,2.28,0.0
20050330:0411,0.0,0.0,0.0,5.65,2.48,0.0
20050330:0511,0.0,0.0,0.0,5.75,2.76,0.0
20050330:0611,0.0,0.0,0.0,5.86,2.9,0.0
20050330:0711,2415.0,9.27,11.84,6.25,3.52,0.0
20050330:0811,30540.0,37.08,20.22,6.54,3.72,0.0
20050330:0911,86655.0,82.51,27.79,6.77,3.93,0.0
20050330:1011,81690.0,78.8,33.97,7.26,3.86,0.0
20050330:1111,138330.0,122.38,38.08,7.63,4.28,0.0
20050330:1211,104205.0,96.42,39.53,7.76,4.07,0.0
20050330:1311,54675.0,57.48,38.05,7.94,4.21,0.0
20050330:1411,104070.0,96.42,33.91,8.04,4.21,0.0
20050330:1511,89760.0,85.29,27.72,7.9,4.21,0.0
20050330:1611,21015.0,28.74,20.13,7.67,4.21,0.0
20050330:1711,11400.0,19.47,11.74,7.16,4.14,0.0
20050330:1811,0.0,4.64,3.02,6.68,3.93,0.0
20050330:1911,0.0,0.0,0.0,5.86,3.66,0.0
20050330:2011,0.0,0.0,0.0,5.46,3.52,0.0
20050330:2111,0.0,0.0,0.0,5.11,3.45,0.0
20050330:2211,0.0,0.0,0.0,4.84,3.45,0.0
20050330:2311,0.0,0.0,0.0,4.39,3.24,0.0
20050331:0011,0.0,0.0,0.0,4.3,3.03,0.0
20050331:0111,0.0,0.0,0.0,4.52,2.9,0.0
20050331:0211,0.0,0.0,0.0,4.78,2.83,0.0
20050331:0311,0.0,0.0,0.0,5.29,2.62,0.0
20050331:0411,0.0,0.0,0.0,5.5,2.41,0.0
20050331:0511,0.0,0.0,0.0,5.59,2.21,0.0
20050331:0611,0.0,0.0,0.0,5.72,2.07,0.0
20050331:0711,68865.0,70.15,12.2,6.33,2.28,0.0
20050331:0811,218445.0,182.96,20.59,7.28,2.41,0.0
20050331:0911,303525.0,246.89,28.17,8.47,2.48,0.0
20050331:1011,285615.0,235.5,34.36,10.03,2.69,0.0
20050331:1111,149895.0,133.5,38.48,11.57,3.03,0.0
20050331:1211,1160475.0,948.86,39.91,12.7,3.79,0.0
20050331:1311,471945.0,381.1,38.42,13.23,4.07,0.0
20050331:1411,251865.0,212.54,34.25,13.32,4.21,0.0
20050331:1511,172920.0,151.85,28.02,13.02,4.14,0.0
20050331:1611,113625.0,105.69,20.42,12.54,4.14,0.0
20050331:1711,114420.0,107.95,12.02,11.54,3.86,0.0
20050331:1811,20925.0,31.87,3.29,10.37,3.45,0.0
20050331:1911,0.0,0.0,0.0,8.79,2.9,0.0
20050331:2011,0.0,0.0,0.0,8.07,2.83,0.0
20050331:2111,0.0,0.0,0.0,7.51,2.62,0.0
20050331:2211,0.0,0.0,0.0,7.48,2.48,0.0
20050331:2311,0.0,0.0,0.0,7.47,2.41,0.0
20050401:0011,0.0,0.0,0.0,7.67,2.41,0.0
20050401:0111,0.0,0.0,0.0,7.87,2.62,0.0
20050401:0211,0.0,0.0,0.0,8.07,2.76,0.0
20050401:0311,0.0,0.0,0.0,8.14,2.9,0.0
20050401:0411,0.0,0.0,0.0,8.23,3.1,0.0
20050401:0511,0.0,0.0,0.0,8.33,3.31,0.0
20050401:0611,0.0,0.0,0.0,8.4,3.31,0.0
20050401:0711,13155.0,21.32,12.56,8.45,3.38,0.0
20050401:0811,98535.0,92.4,20.96,8.8,4.62,0.0
20050401:0911,62340.0,63.97,28.55,9.15,4.48,0.0
20050401:1011,379050.0,303.98,34.75,9.86,4.55,0.0
20050401:1111,540540.0,428.39,38.87,10.42,4.07,0.0
20050401:1211,532800.0,422.8,40.3,10.94,4.76,0.0
20050401:1311,681255.0,539.84,38.78,11.79,4.76,0.0
20050401:1411,793980.0,630.51,34.58,12.24,4.69,0.0
20050401:1511,627180.0,498.72,28.33,12.08,4.21,0.0
20050401:1611,509760.0,412.94,20.7,11.72,3.38,0.0
20050401:1711,163485.0,149.9,12.29,11.61,3.31,0.0
20050401:1811,14820.0,23.18,3.55,11.01,2.9,0.0
20050401:1911,0.0,0.0,0.0,10.58,2.69,0.0
20050401:2011,0.0,0.0,0.0,10.15,2.55,0.0
20050401:2111,0.0,0.0,0.0,9.55,2.41,0.0
20050401:2211,0.0,0.0,0.0,9.26,2.28,0.0
20050401:2311,0.0,0.0,0.0,9.11,2.07,0.0
20050402:0011,0.0,0.0,0.0,8.76,2.07,0.0
20050402:0111,0.0,0.0,0.0,8.41,2.14,0.0
20050402:0211,0.0,0.0,0.0,8.32,2.07,0.0
20050402:0311,0.0,0.0,0.0,8.1,1.86,0.0
20050402:0411,0.0,0.0,0.0,7.88,1.66,0.0
20050402:0511,0.0,0.0,0.0,7.67,1.52,0.0
20050402:0611,0.0,0.0,0.0,7.24,1.52,0.0
20050402:0711,58230.0,61.03,12.92,7.33,0.83,0.0
20050402:0811,313455.0,258.0,21.33,9.07,1.03,0.0
20050402:0911,365910.0,297.18,28.93,10.07,1.38,0.0
20050402:1011,342705.0,281.44,35.14,11.82,2.07,0.0
20050402:1111,600705.0,484.49,39.27,13.14,2.76,0.0
20050402:1211,750630.0,608.77,40.69,14.52,3.24,0.0
20050402:1311,762285.0,618.62,39.14,15.52,3.86,0.0
20050402:1411,657810.0,534.11,34.91,15.85,3.66,0.0
20050402:1511,399525.0,328.83,28.63,15.62,3.52,0.0
20050402:1611,571890.0,470.47,20.98,15.58,3.79,0.0
20050402:1711,235125.0,217.44,12.56,14.85,3.59,0.0
20050402:1811,18960.0,33.99,3.82,13.22,3.59,0.0
20050402:1911,0.0,0.0,0.0,11.07,3.45,0.0
20050402:2011,0.0,0.0,0.0,9.36,3.03,0.0
20050402:2111,0.0,0.0,0.0,7.93,2.76,0.0
20050402:2211,0.0,0.0,0.0,6.64,2.48,0.0
20050402:2311,0.0,0.0,0.0,5.51,2.28,0.0
20050403:0011,0.0,0.0,0.0,4.55,2.14,0.0
20050403:0111,0.0,0.0,0.0,3.64,2.14,0.0
20050403:0211,0.0,0.0,0.0,2.74,1.93,0.0
20050403:0311,0.0,0.0,0.0,2.3,1.45,0.0
20050403:0411,0.0,0.0,0.0,2.19,1.38,0.0
20050403:0511,0.0,0.0,0.0,1.16,1.72,0.0
20050403:0611,30.0,5.56,4.55,0.62,1.93,0.0
20050403:0711,137295.0,126.81,13.28,3.18,1.31,0.0
20050403:0811,448740.0,358.68,21.69,7.09,1.86,0.0
20050403:0911,654150.0,517.03,29.3,9.22,2.41,0.0
20050403:1011,628380.0,499.47,35.52,11.09,3.17,0.0
20050403:1111,868365.0,696.53,39.66,12.49,3.79,0.0
20050403:1211,1034070.0,840.45,41.07,13.84,4.21,0.0
20050403:1311,1041780.0,846.93,39.5,15.21,5.03,0.0
20050403:1411,879645.0,710.96,35.24,16.08,5.31,0.0
20050403:1511,431400.0,353.01,28.93,15.99,4.62,0.0
20050403:1611,118965.0,111.25,21.26,15.59,4.21,0.0
20050403:1711,155745.0,144.63,12.82,14.96,4.0,0.0
20050403:1811,18045.0,26.91,4.09,14.42,4.07,0.0
20050403:1911,0.0,0.0,0.0,13.44,3.86,0.0
20050403:2011,0.0,0.0,0.0,13.06,3.86,0.0
20050403:2111,0.0,0.0,0.0,12.84,4.21,0.0
20050403:2211,0.0,0.0,0.0,12.65,4.41,0.0
20050403:2311,0.0,0.0,0.0,12.45,4.62,0.0
20050404:0011,0.0,0.0,0.0,12.24,4.69,0.0
20050404:0111,0.0,0.0,0.0,12.1,4.41,0.0
20050404:0211,0.0,0.0,0.0,11.68,3.79,0.0
20050404:0311,0.0,0.0,0.0,11.02,3.1,0.0
20050404:0411,0.0,0.0,0.0,10.11,3.17,0.0
20050404:0511,0.0,0.0,0.0,9.27,3.03,0.0
20050404:0611,0.0,0.93,4.9,8.52,2.55,0.0
20050404:0711,11355.0,19.47,13.64,7.86,2.97,0.0
20050404:0811,373740.0,300.06,22.05,8.18,3.66,0.0
20050404:0911,233100.0,193.99,29.68,8.7,4.21,0.0
20050404:1011,508275.0,400.07,35.91,9.47,5.03,0.0
20050404:1111,834855.0,654.75,40.05,9.88,5.17,0.0
20050404:1211,839820.0,660.0,41.45,10.42,5.52,0.0
20050404:1311,941895.0,742.5,39.86,10.83,5.79,0.0
20050404:1411,527865.0,416.9,35.57,10.74,5.86,0.0
20050404:1511,325320.0,263.79,29.23,10.17,5.66,0.0
20050404:1611,195795.0,166.72,21.54,9.54,5.45,0.0
20050404:1711,224655.0,199.98,13.09,8.8,4.9,0.0
20050404:1811,6975.0,14.83,4.35,8.07,4.55,0.0
20050404:1911,0.0,0.0,0.0,6.61,4.76,0.0
20050404:2011,0.0,0.0,0.0,5.88,4.9,0.0
20050404:2111,0.0,0.0,0.0,5.65,4.97,0.0
20050404:2211,0.0,0.0,0.0,5.62,5.24,0.0
20050404:2311,0.0,0.0,0.0,5.51,5.38,0.0
20050405:0011,0.0,0.0,0.0,5.49,5.66,0.0
20050405:0111,0.0,0.0,0.0,5.49,5.79,0.0
20050405:0211,0.0,0.0,0.0,5.64,5.86,0.0
20050405:0311,0.0,0.0,0.0,5.56,5.66,0.0
20050405:0411,0.0,0.0,0.0,5.5,5.59,0.0
20050405:0511,0.0,0.0,0.0,5.42,5.66,0.0
20050405:0611,3180.0,10.6,5.26,5.35,5.59,0.0
20050405:0711,183120.0,166.96,13.99,6.17,5.45,0.0
20050405:0811,305505.0,245.95,22.42,7.06,6.34,0.0
20050405:0911,176205.0,150.56,30.05,7.62,5.93,0.0
20050405:1011,336825.0,269.65,36.29,7.98,6.21,0.0
20050405:1111,430440.0,340.62,40.44,8.87,6.14,0.0
20050405:1211,943530.0,737.02,41.83,8.99,5.93,0.0
20050405:1311,971325.0,760.89,40.22,9.51,6.0,0.0
20050405:1411,603570.0,472.68,35.9,9.78,5.86,0.0
20050405:1511,511335.0,403.01,29.53,10.04,5.72,0.0
20050405:1611,341790.0,277.41,21.82,9.97,5.24,0.0
20050405:1711,127095.0,116.56,13.36,9.55,4.28,0.0
20050405:1811,22530.0,30.59,4.61,9.02,0.0,0.0
20050405:1911,0.0,0.0,0.0,7.9,0.0,0.0
20050405:2011,0.0,0.0,0.0,7.36,3.66,0.0
20050405:2111,0.0,0.0,0.0,7.04,4.07,0.0
20050405:2211,0.0,0.0,0.0,6.89,4.55,0.0
20050405:2311,0.0,0.0,0.0,6.91,5.1,0.0
20050406:0011,0.0,0.0,0.0,6.94,5.66,0.0
20050406:0111,0.0,0.0,0.0,6.96,6.34,0.0
20050406:0211,0.0,0.0,0.0,7.25,6.83,0.0
20050406:0311,0.0,0.0,0.0,7.53,7.45,0.0
20050406:0411,0.0,0.0,0.0,7.71,8.14,0.0
20050406:0511,0.0,0.0,0.0,7.88,8.55,0.0
20050406:0611,0.0,1.85,5.61,8.05,8.55,0.0
20050406:0711,16065.0,24.1,14.34,7.87,8.48,0.0
20050406:0811,91170.0,86.22,22.77,7.99,8.76,0.0
20050406:0911,81585.0,78.8,30.42,7.97,7.59,0.0
20050406:1011,129795.0,115.89,36.67,8.14,7.24,0.0
20050406:1111,924405.0,712.36,40.82,9.52,9.45,0.0
20050406:1211,1202775.0,935.68,42.21,9.78,9.31,0.0
20050406:1311,1099305.0,853.71,40.57,10.33,9.59,0.0
20050406:1411,1021275.0,790.06,36.22,10.37,9.79,0.0
20050406:1511,135120.0,120.52,29.82,9.61,9.24,0.0
20050406:1611,598350.0,470.22,22.09,9.32,8.48,0.0
20050406:1711,162720.0,144.93,13.62,8.43,6.97,0.0
20050406:1811,1095.0,7.42,4.88,7.63,6.83,0.0
20050406:1911,0.0,0.0,0.0,6.48,5.52,0.0
20050406:2011,0.0,0.0,0.0,5.77,5.59,0.0
20050406:2111,0.0,0.0,0.0,5.31,5.1,0.0
20050406:2211,0.0,0.0,0.0,4.7,5.45,0.0
20050406:2311,0.0,0.0,0.0,3.82,5.45,0.0
20050407:0011,0.0,0.0,0.0,3.64,4.97,0.0
20050407:0111,0.0,0.0,0.0,3.46,4.69,0.0
20050407:0211,0.0,0.0,0.0,3.51,4.41,0.0
20050407:0311,0.0,0.0,0.0,3.06,4.21,0.0
20050407:0411,0.0,0.0,0.0,2.61,3.66,0.0
20050407:0511,0.0,0.0,0.0,2.32,3.45,0.0
20050407:0611,8910.0,21.5,5.96,2.44,3.1,0.0
20050407:0711,153735.0,137.89,14.69,3.54,3.59,0.0
20050407:0811,531270.0,411.1,23.13,5.08,6.28,0.0
20050407:0911,803565.0,612.7,30.79,6.57,7.03,0.0
20050407:1011,114210.0,103.84,37.05,7.65,7.24,0.0
20050407:1111,463290.0,362.98,41.21,8.14,7.59,0.0
20050407:1211,474675.0,373.74,42.59,9.11,6.97,0.0
20050407:1311,929490.0,729.42,40.93,10.2,6.14,0.0
20050407:1411,47205.0,51.92,36.54,10.83,5.59,0.0
20050407:1511,641970.0,503.17,30.12,10.18,5.72,0.0
20050407:1611,540705.0,427.31,22.37,9.15,6.55,0.0
20050407:1711,323340.0,290.54,13.88,8.65,5.38,0.0
20050407:1811,33435.0,44.19,5.14,7.93,5.38,0.0
20050407:1911,0.0,0.0,0.0,6.73,5.24,0.0
20050407:2011,0.0,0.0,0.0,5.66,5.66,0.0
20050407:2111,0.0,0.0,0.0,5.0,6.07,0.0
20050407:2211,0.0,0.0,0.0,4.55,6.21,0.0
20050407:2311,0.0,0.0,0.0,4.17,6.41,0.0
20050408:0011,0.0,0.0,0.0,3.87,6.55,0.0
20050408:0111,0.0,0.0,0.0,3.59,6.62,0.0
20050408:0211,0.0,0.0,0.0,3.14,6.69,0.0
20050408:0311,0.0,0.0,0.0,2.77,6.9,0.0
20050408:0411,0.0,0.0,0.0,2.72,7.17,0.0
20050408:0511,0.0,0.0,0.0,2.59,7.24,0.0
20050408:0611,9375.0,18.12,6.3,2.39,7.31,0.0
20050408:0711,104040.0,95.69,15.04,2.65,7.45,0.0
20050408:0811,502095.0,384.1,23.49,3.08,8.21,0.0
20050408:0911,419295.0,322.31,31.15,3.85,9.45,0.0
20050408:1011,241410.0,196.03,37.43,4.63,9.52,0.0
20050408:1111,174465.0,147.41,41.59,4.97,8.9,0.0
20050408:1211,129345.0,114.03,42.96,5.07,8.69,0.0
20050408:1311,441105.0,342.49,41.28,5.43,8.14,0.0
20050408:1411,310815.0,247.6,36.86,5.45,8.0,0.0
20050408:1511,180465.0,152.05,30.41,5.18,7.93,0.0
20050408:1611,666165.0,511.88,22.64,4.36,7.86,0.0
20050408:1711,77220.0,74.17,14.14,3.8,7.31,0.0
20050408:1811,23265.0,39.96,5.4,3.18,6.41,0.0
20050408:1911,0.0,0.0,0.0,2.07,5.31,0.0
20050408:2011,0.0,0.0,0.0,1.43,4.62,0.0
20050408:2111,0.0,0.0,0.0,0.94,4.21,0.0
20050408:2211,0.0,0.0,0.0,0.62,3.86,0.0
20050408:2311,0.0,0.0,0.0,0.76,3.72,0.0
20050409:0011,0.0,0.0,0.0,0.75,3.79,0.0
20050409:0111,0.0,0.0,0.0,0.46,3.93,0.0
20050409:0211,0.0,0.0,0.0,0.38,4.28,0.0
20050409:0311,0.0,0.0,0.0,1.08,4.83,0.0
20050409:0411,0.0,0.0,0.0,1.46,5.31,0.0
20050409:0511,0.0,0.0,0.0,1.66,5.38,0.0
20050409:0611,13425.0,27.19,6.65,2.13,5.38,0.0
20050409:0711,226545.0,199.26,15.39,3.34,4.97,0.0
20050409:0811,549900.0,424.45,23.84,5.08,6.55,0.0
20050409:0911,861465.0,656.42,31.51,6.86,7.59,0.0
20050409:1011,720285.0,553.16,37.8,8.2,8.28,0.0
20050409:1111,416175.0,329.07,41.97,8.88,8.07,0.0
20050409:1211,458895.0,360.73,43.33,8.56,7.59,0.0
20050409:1311,262770.0,214.84,41.63,7.53,6.83,0.0
20050409:1411,345150.0,274.77,37.18,7.06,7.03,0.0
20050409:1511,204615.0,171.2,30.7,6.78,6.14,0.0
20050409:1611,130455.0,115.89,22.91,6.9,6.07,0.0
20050409:1711,46965.0,50.99,14.4,7.19,5.86,0.0
20050409:1811,32880.0,39.69,5.66,7.26,5.59,0.0
20050409:1911,0.0,0.0,0.0,7.11,4.83,0.0
20050409:2011,0.0,0.0,0.0,6.91,4.62,0.0
20050409:2111,0.0,0.0,0.0,6.91,4.76,0.0
20050409:2211,0.0,0.0,0.0,6.95,5.31,0.0
20050409:2311,0.0,0.0,0.0,7.25,5.86,0.0
20050410:0011,0.0,0.0,0.0,7.43,5.66,0.0
20050410:0111,0.0,0.0,0.0,7.71,5.38,0.0
20050410:0211,0.0,0.0,0.0,7.67,5.31,0.0
20050410:0311,0.0,0.0,0.0,7.38,5.24,0.0
20050410:0411,0.0,0.0,0.0,6.78,4.97,0.0
20050410:0511,0.0,0.0,0.0,6.39,4.69,0.0
20050410:0611,16575.0,29.43,6.99,6.17,4.28,0.0
20050410:0711,197160.0,176.01,15.73,6.98,3.45,0.0
20050410:0811,271230.0,222.42,24.19,8.55,4.69,0.0
20050410:0911,275280.0,226.39,31.87,9.88,4.76,0.0
20050410:1011,361080.0,292.39,38.17,11.08,4.9,0.0
20050410:1111,899025.0,710.44,42.35,11.59,5.72,0.0
20050410:1211,641580.0,508.15,43.7,11.95,5.66,0.0
20050410:1311,1042890.0,833.24,41.97,12.27,5.52,0.0
20050410:1411,879960.0,698.44,37.5,13.12,6.14,0.0
20050410:1511,848625.0,673.29,30.99,13.27,6.14,0.0
20050410:1611,660675.0,531.59,23.18,12.92,5.86,0.0
20050410:1711,295935.0,268.5,14.66,12.3,4.97,0.0
20050410:1811,31455.0,51.96,5.92,11.31,4.55,0.0
20050410:1911,0.0,0.0,0.0,9.96,3.93,0.0
20050410:2011,0.0,0.0,0.0,8.79,3.72,0.0
20050410:2111,0.0,0.0,0.0,8.16,3.72,0.0
20050410:2211,0.0,0.0,0.0,7.71,3.72,0.0
20050410:2311,0.0,0.0,0.0,7.36,3.66,0.0
20050411:0011,0.0,0.0,0.0,7.11,3.52,0.0
20050411:0111,0.0,0.0,0.0,6.95,3.31,0.0
20050411:0211,0.0,0.0,0.0,6.73,3.1,0.0
20050411:0311,0.0,0.0,0.0,6.48,2.97,0.0
20050411:0411,0.0,0.0,0.0,6.21,2.9,0.0
20050411:0511,0.0,0.0,0.0,5.91,2.83,0.0
20050411:0611,19500.0,33.71,7.33,6.05,2.76,0.0
20050411:0711,206400.0,184.39,16.07,7.8,2.9,0.0
20050411:0811,535365.0,424.45,24.53,9.5,4.41,0.0
20050411:0911,643440.0,504.65,32.23,10.34,4.9,0.0
20050411:1011,244890.0,204.95,38.54,11.17,5.52,0.0
20050411:1111,186855.0,161.32,42.72,11.59,5.79,0.0
20050411:1211,275505.0,228.48,44.07,11.6,6.0,0.0
20050411:1311,259455.0,216.67,42.32,12.01,6.21,0.0
20050411:1411,183825.0,159.46,37.81,12.4,6.34,0.0
20050411:1511,301065.0,248.05,31.28,12.5,6.62,0.0
20050411:1611,620550.0,496.93,23.45,12.56,6.69,0.0
20050411:1711,223380.0,199.02,14.92,12.3,5.93,0.0
20050411:1811,47085.0,57.52,6.17,11.67,4.62,0.0
20050411:1911,0.0,0.0,0.0,11.06,4.55,0.0
20050411:2011,0.0,0.0,0.0,10.7,4.48,0.0
20050411:2111,0.0,0.0,0.0,10.04,4.34,0.0
20050411:2211,0.0,0.0,0.0,9.14,4.28,0.0
20050411:2311,0.0,0.0,0.0,8.59,4.34,0.0
20050412:0011,0.0,0.0,0.0,8.29,4.34,0.0
20050412:0111,0.0,0.0,0.0,8.0,4.34,0.0
20050412:0211,0.0,0.0,0.0,7.9,4.28,0.0
20050412:0311,0.0,0.0,0.0,8.25,4.41,0.0
20050412:0411,0.0,0.0,0.0,8.95,4.48,0.0
20050412:0511,0.0,0.0,0.0,9.19,4.34,0.0
20050412:0611,11415.0,19.96,7.67,9.39,4.0,0.0
20050412:0711,88680.0,85.65,16.41,9.62,3.24,0.0
20050412:0811,539250.0,431.02,24.88,9.77,2.83,0.0
20050412:0911,770205.0,609.88,32.59,10.1,3.03,0.0
20050412:1011,688500.0,546.26,38.91,10.79,3.45,0.0
20050412:1111,553425.0,441.34,43.09,11.66,4.28,0.0
20050412:1211,743940.0,591.68,44.44,12.14,4.76,0.0
20050412:1311,992160.0,793.64,42.66,12.25,5.03,0.0
20050412:1411,1034925.0,826.71,38.13,12.06,5.1,0.0
20050412:1511,583995.0,463.23,31.56,11.76,5.03,0.0
20050412:1611,352575.0,287.51,23.71,11.33,4.83,0.0
20050412:1711,133830.0,121.74,15.18,10.66,4.28,0.0
20050412:1811,45705.0,51.69,6.43,9.83,3.38,0.0
20050412:1911,0.0,0.0,0.0,8.73,2.9,0.0
20050412:2011,0.0,0.0,0.0,7.86,2.62,0.0
20050412:2111,0.0,0.0,0.0,7.42,2.48,0.0
20050412:2211,0.0,0.0,0.0,7.11,2.14,0.0
20050412:2311,0.0,0.0,0.0,6.72,1.79,0.0
20050413:0011,0.0,0.0,0.0,6.43,1.72,0.0
20050413:0111,0.0,0.0,0.0,6.01,1.52,0.0
20050413:0211,0.0,0.0,0.0,5.4,1.24,0.0
20050413:0311,0.0,0.0,0.0,4.56,1.31,0.0
20050413:0411,0.0,0.0,0.0,3.47,1.66,0.0
20050413:0511,0.0,0.0,0.0,3.01,1.86,0.0
20050413:0611,22440.0,31.15,8.0,3.22,1.66,0.0
20050413:0711,99045.0,92.57,16.74,5.42,1.45,0.0
20050413:0811,27465.0,34.3,25.22,5.63,2.0,0.0
20050413:0911,130515.0,115.89,32.94,5.97,2.62,0.0
20050413:1011,326565.0,263.1,39.27,6.88,2.9,0.0
20050413:1111,270195.0,221.93,43.46,7.74,3.1,0.0
20050413:1211,282225.0,232.15,44.8,8.87,3.1,0.0
20050413:1311,426105.0,342.84,43.0,9.87,2.83,0.0
20050413:1411,287220.0,237.74,38.44,10.48,2.69,0.0
20050413:1511,241785.0,203.15,31.85,10.71,2.83,0.0
20050413:1611,360840.0,294.6,23.98,10.59,2.83,0.0
20050413:1711,67845.0,68.61,15.43,9.67,2.69,0.0
20050413:1811,53220.0,61.96,6.68,9.21,2.62,0.0
20050413:1911,0.0,0.0,0.0,7.27,2.41,0.0
20050413:2011,0.0,0.0,0.0,6.37,2.34,0.0
20050413:2111,0.0,0.0,0.0,5.37,2.28,0.0
20050413:2211,0.0,0.0,0.0,4.73,2.0,0.0
20050413:2311,0.0,0.0,0.0,4.21,1.93,0.0
20050414:0011,0.0,0.0,0.0,3.59,1.93,0.0
20050414:0111,0.0,0.0,0.0,3.05,1.86,0.0
20050414:0211,0.0,0.0,0.0,2.63,1.86,0.0
20050414:0311,0.0,0.0,0.0,2.74,1.86,0.0
20050414:0411,0.0,0.0,0.0,3.16,1.86,0.0
20050414:0511,0.0,0.0,0.0,4.35,2.14,0.0
20050414:0611,11520.0,19.47,8.33,5.28,2.69,0.0
20050414:0711,23250.0,30.59,17.07,6.15,4.21,0.0
20050414:0811,33750.0,39.87,25.55,6.8,4.97,0.0
20050414:0911,57255.0,59.33,33.29,6.92,4.34,0.0
20050414:1011,56040.0,58.41,39.63,7.22,4.97,0.0
20050414:1111,54735.0,57.48,43.83,7.7,4.34,0.0
20050414:1211,72945.0,72.31,45.16,8.56,3.79,0.0
20050414:1311,56595.0,59.33,43.34,9.07,3.31,0.0
20050414:1411,80175.0,78.8,38.74,9.95,0.0,0.0
20050414:1511,192960.0,166.49,32.13,9.49,0.0,0.0
20050414:1611,111495.0,102.91,24.24,9.54,2.69,0.0
20050414:1711,34440.0,40.79,15.68,8.78,2.9,0.0
20050414:1811,2370.0,9.27,6.94,8.33,2.83,0.0
20050414:1911,0.0,0.0,0.0,7.08,2.28,0.0
20050414:2011,0.0,0.0,0.0,6.56,2.28,0.0
20050414:2111,0.0,0.0,0.0,6.44,2.41,0.0
20050414:2211,0.0,0.0,0.0,6.07,2.69,0.0
20050414:2311,0.0,0.0,0.0,6.07,3.24,0.0
20050415:0011,0.0,0.0,0.0,5.99,3.72,0.0
20050415:0111,0.0,0.0,0.0,5.8,4.21,0.0
20050415:0211,0.0,0.0,0.0,5.64,4.34,0.0
20050415:0311,0.0,0.0,0.0,5.42,4.41,0.0
20050415:0411,0.0,0.0,0.0,5.24,4.41,0.0
20050415:0511,0.0,0.0,0.0,5.21,4.48,0.0
20050415:0611,29985.0,40.07,8.66,5.36,4.55,0.0
20050415:0711,99000.0,91.95,17.4,5.38,5.31,0.0
20050415:0811,146265.0,126.95,25.89,5.49,6.97,0.0
20050415:0911,137625.0,120.52,33.63,5.66,8.21,0.0
20050415:1011,252285.0,205.16,39.99,5.77,8.28,0.0
20050415:1111,267030.0,216.63,44.2,6.32,7.86,0.0
20050415:1211,275505.0,223.13,45.52,6.73,8.48,0.0
20050415:1311,180375.0,152.97,43.67,6.64,7.31,0.0
20050415:1411,111090.0,101.05,39.05,6.7,7.59,0.0
20050415:1511,66705.0,66.75,32.4,6.69,7.38,0.0
20050415:1611,86970.0,82.51,24.5,6.51,7.66,0.0
20050415:1711,29550.0,36.16,15.94,6.24,7.03,0.0
20050415:1811,5415.0,12.98,7.19,6.05,6.69,0.0
20050415:1911,0.0,0.0,0.0,5.88,6.14,0.0
20050415:2011,0.0,0.0,0.0,5.57,6.34,0.0
20050415:2111,0.0,0.0,0.0,5.15,6.62,0.0
20050415:2211,0.0,0.0,0.0,4.34,7.24,0.0
20050415:2311,0.0,0.0,0.0,3.2,6.83,0.0
20050416:0011,0.0,0.0,0.0,3.31,6.83,0.0
20050416:0111,0.0,0.0,0.0,4.08,5.79,0.0
20050416:0211,0.0,0.0,0.0,5.23,3.31,0.0
20050416:0311,0.0,0.0,0.0,5.19,1.86,0.0
20050416:0411,0.0,0.0,0.0,4.24,3.86,0.0
20050416:0511,0.0,0.0,0.0,3.31,4.41,0.0
20050416:0611,30240.0,38.13,8.98,3.03,4.41,0.0
20050416:0711,118845.0,106.88,17.73,3.92,4.69,0.0
20050416:0811,199830.0,166.18,26.22,4.37,4.48,0.0
20050416:0911,405045.0,316.91,33.97,5.21,4.76,0.0
20050416:1011,439380.0,343.66,40.35,5.75,4.76,0.0
20050416:1111,284925.0,231.16,44.56,6.57,4.48,0.0
20050416:1211,149580.0,130.72,45.87,7.33,4.34,0.0
20050416:1311,334230.0,269.62,44.01,7.94,4.07,0.0
20050416:1411,466725.0,369.57,39.35,8.14,3.66,0.0
20050416:1511,634845.0,499.13,32.68,8.33,3.38,0.0
20050416:1611,563295.0,448.18,24.76,8.22,3.24,0.0
20050416:1711,230730.0,200.78,16.19,8.31,3.17,0.0
20050416:1811,42855.0,62.95,7.44,7.98,2.55,0.0
20050416:1911,0.0,0.0,0.0,6.91,2.07,0.0
20050416:2011,0.0,0.0,0.0,6.1,1.45,0.0
20050416:2111,0.0,0.0,0.0,5.84,0.55,0.0
20050416:2211,0.0,0.0,0.0,5.88,0.28,0.0
20050416:2311,0.0,0.0,0.0,5.49,0.41,0.0
20050417:0011,0.0,0.0,0.0,4.26,0.9,0.0
20050417:0111,0.0,0.0,0.0,2.93,1.1,0.0
20050417:0211,0.0,0.0,0.0,1.78,1.24,0.0
20050417:0311,0.0,0.0,0.0,1.36,1.03,0.0
20050417:0411,0.0,0.0,0.0,1.03,0.21,0.0
20050417:0511,0.0,0.0,0.0,0.61,0.14,0.0
20050417:0611,38745.0,52.52,9.3,0.42,0.34,0.0
20050417:0711,227760.0,195.11,18.05,3.43,1.86,0.0
20050417:0811,491925.0,386.51,26.55,6.14,3.1,0.0
20050417:0911,901080.0,701.2,34.31,7.42,4.21,0.0
20050417:1011,1020270.0,800.74,40.7,8.35,4.69,0.0
20050417:1111,1210965.0,966.06,44.92,9.44,4.97,0.0
20050417:1211,837285.0,660.82,46.22,10.54,5.17,0.0
20050417:1311,791115.0,625.46,44.34,11.41,5.45,0.0
20050417:1411,678435.0,536.59,39.65,11.97,5.72,0.0
20050417:1511,341250.0,278.34,32.96,12.12,5.86,0.0
20050417:1611,153045.0,135.75,25.01,11.98,5.66,0.0
20050417:1711,66195.0,67.68,16.44,11.54,5.17,0.0
20050417:1811,23655.0,31.52,7.69,11.01,5.03,0.0
20050417:1911,0.0,0.0,0.0,9.47,5.31,0.0
20050417:2011,0.0,0.0,0.0,8.84,5.38,0.0
20050417:2111,0.0,0.0,0.0,8.19,5.52,0.0
20050417:2211,0.0,0.0,0.0,7.99,5.59,0.0
20050417:2311,0.0,0.0,0.0,7.83,5.59,0.0
20050418:0011,0.0,0.0,0.0,7.72,5.45,0.0
20050418:0111,0.0,0.0,0.0,7.72,5.31,0.0
20050418:0211,0.0,0.0,0.0,7.72,5.31,0.0
20050418:0311,0.0,0.0,0.0,7.74,5.24,0.0
20050418:0411,0.0,0.0,0.0,7.77,4.97,0.0
20050418:0511,0.0,0.0,0.0,7.82,4.69,0.0
20050418:0611,0.0,0.0,0.0,7.88,4.83,0.0
20050418:0711,0.0,0.0,0.0,8.0,5.1,0.0
20050418:0811,0.0,0.0,0.0,8.3,5.38,0.0
20050418:0911,0.0,0.0,0.0,8.69,5.79,0.0
20050418:1011,0.0,0.0,0.0,8.93,6.14,0.0
20050418:1111,0.0,0.0,0.0,9.31,6.55,0.0
20050418:1211,0.0,0.0,0.0,10.01,5.52,0.0
20050418:1311,101745.0,95.49,44.66,10.41,4.9,0.0
20050418:1411,312375.0,254.11,39.95,9.64,5.79,0.0
20050418:1511,244365.0,202.33,33.23,8.73,5.86,0.0
20050418:1611,420930.0,334.7,25.27,8.24,5.59,0.0
20050418:1711,218385.0,188.74,16.68,7.97,5.38,0.0
20050418:1811,49275.0,66.47,7.94,7.51,4.41,0.0
20050418:1911,0.0,0.0,-0.57,6.94,2.69,0.0
20050418:2011,0.0,0.0,0.0,5.71,2.07,0.0
20050418:2111,0.0,0.0,0.0,4.27,1.86,0.0
20050418:2211,0.0,0.0,0.0,2.75,2.14,0.0
20050418:2311,0.0,0.0,0.0,1.75,1.93,0.0
20050419:0011,0.0,0.0,0.0,1.77,1.52,0.0
20050419:0111,0.0,0.0,0.0,3.51,0.9,0.0
20050419:0211,0.0,0.0,0.0,3.68,0.14,0.0
20050419:0311,0.0,0.0,0.0,1.64,1.45,0.0
20050419:0411,0.0,0.0,0.0,-0.75,2.0,0.0
20050419:0511,0.0,0.0,0.0,-1.14,2.28,0.0
20050419:0611,42690.0,60.05,9.93,-0.17,2.0,0.0
20050419:0711,277470.0,237.47,18.68,4.44,2.07,0.0
20050419:0811,596805.0,471.9,27.19,7.72,2.62,0.0
20050419:0911,630765.0,496.75,34.98,9.5,3.59,0.0
20050419:1011,896625.0,711.43,41.39,10.27,3.93,0.0
20050419:1111,532455.0,424.06,45.62,10.65,4.07,0.0
20050419:1211,306600.0,252.14,46.92,10.95,4.34,0.0
20050419:1311,676905.0,536.22,44.99,10.98,4.69,0.0
20050419:1411,684585.0,540.37,40.25,10.78,4.97,0.0
20050419:1511,466920.0,370.98,33.5,10.28,5.31,0.0
20050419:1611,261600.0,216.41,25.52,9.72,5.38,0.0
20050419:1711,148545.0,131.81,16.93,8.92,5.17,0.0
20050419:1811,35670.0,41.72,8.18,8.16,4.69,0.0
20050419:1911,0.0,0.0,-0.31,7.29,4.48,0.0
20050419:2011,0.0,0.0,0.0,6.93,4.28,0.0
20050419:2111,0.0,0.0,0.0,6.73,4.0,0.0
20050419:2211,0.0,0.0,0.0,6.4,4.0,0.0
20050419:2311,0.0,0.0,0.0,6.18,4.21,0.0
20050420:0011,0.0,0.0,0.0,5.9,4.14,0.0
20050420:0111,0.0,0.0,0.0,5.73,3.86,0.0
20050420:0211,0.0,0.0,0.0,5.79,4.0,0.0
20050420:0311,0.0,0.0,0.0,5.82,4.34,0.0
20050420:0411,0.0,0.0,0.0,5.85,4.55,0.0
20050420:0511,0.0,0.0,0.0,5.88,4.76,0.0
20050420:0611,8790.0,16.69,10.24,5.82,4.97,0.0
20050420:0711,27435.0,34.3,18.99,6.09,5.03,0.0
20050420:0811,74955.0,73.24,27.51,6.46,5.03,0.0
20050420:0911,123105.0,110.33,35.3,6.77,5.45,0.0
20050420:1011,113250.0,102.91,41.73,7.01,5.93,0.0
20050420:1111,124050.0,111.25,45.97,7.3,5.72,0.0
20050420:1211,140970.0,124.23,47.26,7.68,5.86,0.0
20050420:1311,110235.0,101.05,45.31,8.07,5.79,0.0
20050420:1411,100545.0,93.64,40.54,8.08,5.45,0.0
20050420:1511,225990.0,188.25,33.77,8.07,5.31,0.0
20050420:1611,520845.0,410.96,25.77,7.9,5.1,0.0
20050420:1711,213240.0,183.63,17.17,7.55,4.41,0.0
20050420:1811,56775.0,59.9,8.43,7.28,4.0,0.0
20050420:1911,0.0,0.0,-0.06,6.43,3.72,0.0
20050420:2011,0.0,0.0,0.0,5.96,3.1,0.0
20050420:2111,0.0,0.0,0.0,5.17,2.55,0.0
20050420:2211,0.0,0.0,0.0,4.37,2.41,0.0
20050420:2311,0.0,0.0,0.0,3.68,2.41,0.0
20050421:0011,0.0,0.0,0.0,3.16,2.41,0.0
20050421:0111,0.0,0.0,0.0,2.83,2.34,0.0
20050421:0211,0.0,0.0,0.0,2.42,2.21,0.0
20050421:0311,0.0,0.0,0.0,1.88,2.14,0.0
20050421:0411,0.0,0.0,0.0,1.28,1.93,0.0
20050421:0511,0.0,0.0,0.0,0.63,1.79,0.0
20050421:0611,52050.0,65.17,10.55,1.23,1.45,0.0
20050421:0711,194040.0,166.61,19.3,4.69,1.59,0.0
20050421:0811,474195.0,375.03,27.82,6.67,2.41,0.0
20050421:0911,889200.0,704.59,35.63,7.87,2.41,0.0
20050421:1011,1103865.0,896.64,42.06,9.2,2.41,0.0
20050421:1111,1113135.0,910.68,46.32,10.3,2.62,0.0
20050421:1211,1273005.0,1063.82,47.6,11.22,2.62,0.0
20050421:1311,1160385.0,961.9,45.63,11.82,2.62,0.0
20050421:1411,1019670.0,835.93,40.83,12.3,2.62,0.0
20050421:1511,757995.0,612.92,34.03,12.51,2.55,0.0
20050421:1611,667635.0,545.9,26.02,12.58,2.48,0.0
20050421:1711,257175.0,226.95,17.41,12.32,2.28,0.0
20050421:1811,52635.0,72.69,8.67,11.44,2.28,0.0
20050421:1911,270.0,6.12,0.2,9.51,3.03,0.0
20050421:2011,0.0,0.0,0.0,7.32,3.03,0.0
20050421:2111,0.0,0.0,0.0,5.81,2.62,0.0
20050421:2211,0.0,0.0,0.0,4.61,2.21,0.0
20050421:2311,0.0,0.0,0.0,3.65,1.93,0.0
20050422:0011,0.0,0.0,0.0,2.74,1.59,0.0
20050422:0111,0.0,0.0,0.0,2.25,1.17,0.0
20050422:0211,0.0,0.0,0.0,2.05,1.1,0.0
20050422:0311,0.0,0.0,0.0,1.36,1.31,0.0
20050422:0411,0.0,0.0,0.0,1.01,1.24,0.0
20050422:0511,0.0,0.0,0.0,0.13,1.52,0.0
20050422:0611,53490.0,68.21,10.85,0.97,1.17,0.0
20050422:0711,272670.0,231.67,19.6,4.11,0.97,0.0
20050422:0811,595140.0,471.0,28.13,6.4,1.59,0.0
20050422:0911,902400.0,718.1,35.95,8.42,2.34,0.0
20050422:1011,1096515.0,884.4,42.4,10.07,3.24,0.0
20050422:1111,1218495.0,993.27,46.66,11.14,3.86,0.0
20050422:1211,1293075.0,1061.87,47.94,11.9,4.21,0.0
20050422:1311,1241055.0,1015.02,45.94,12.46,4.41,0.0
20050422:1411,1108365.0,896.37,41.12,12.88,4.69,0.0
20050422:1511,826785.0,659.56,34.3,12.77,4.83,0.0
20050422:1611,552375.0,444.46,26.27,12.13,4.76,0.0
20050422:1711,247470.0,215.38,17.65,11.24,4.48,0.0
20050422:1811,73950.0,76.71,8.92,10.11,3.79,0.0
20050422:1911,0.0,3.5,0.45,8.44,3.45,0.0
20050422:2011,0.0,0.0,0.0,6.58,3.24,0.0
20050422:2111,0.0,0.0,0.0,5.5,3.1,0.0
20050422:2211,0.0,0.0,0.0,4.68,2.9,0.0
20050422:2311,0.0,0.0,0.0,4.08,2.69,0.0
20050423:0011,0.0,0.0,0.0,3.66,2.48,0.0
20050423:0111,0.0,0.0,0.0,3.1,2.34,0.0
20050423:0211,0.0,0.0,0.0,2.63,2.28,0.0
20050423:0311,0.0,0.0,0.0,2.11,2.28,0.0
20050423:0411,0.0,0.0,0.0,1.66,2.34,0.0
20050423:0511,0.0,0.0,0.0,1.39,2.34,0.0
20050423:0611,58860.0,71.18,11.15,2.33,2.07,0.0
20050423:0711,272625.0,231.0,19.9,5.67,2.83,0.0
20050423:0811,562905.0,441.8,28.43,7.37,3.72,0.0
20050423:0911,627870.0,491.7,36.26,8.64,4.07,0.0
20050423:1011,838740.0,660.76,42.73,9.61,4.34,0.0
20050423:1111,1073895.0,858.63,47.0,10.42,4.55,0.0
20050423:1211,1317810.0,1074.64,48.27,10.93,4.55,0.0
20050423:1311,1270515.0,1034.0,46.26,11.2,4.48,0.0
20050423:1411,1164735.0,938.73,41.4,11.14,4.48,0.0
20050423:1511,950280.0,755.94,34.56,10.8,4.34,0.0
20050423:1611,676125.0,539.91,26.51,10.14,4.34,0.0
20050423:1711,297765.0,258.42,17.89,9.16,4.07,0.0
20050423:1811,45105.0,71.02,9.16,7.98,3.45,0.0
20050423:1911,840.0,7.0,0.7,6.21,2.9,0.0
20050423:2011,0.0,0.0,0.0,4.68,2.48,0.0
20050423:2111,0.0,0.0,0.0,3.68,2.28,0.0
20050423:2211,0.0,0.0,0.0,2.93,2.28,0.0
20050423:2311,0.0,0.0,0.0,2.55,2.21,0.0
20050424:0011,0.0,0.0,0.0,2.3,2.21,0.0
20050424:0111,0.0,0.0,0.0,2.18,2.21,0.0
20050424:0211,0.0,0.0,0.0,2.06,2.28,0.0
20050424:0311,0.0,0.0,0.0,1.82,2.34,0.0
20050424:0411,0.0,0.0,0.0,1.78,2.28,0.0
20050424:0511,0.0,0.0,0.0,2.0,2.21,0.0
20050424:0611,58665.0,76.57,11.45,2.69,1.86,0.0
20050424:0711,300135.0,254.67,20.19,5.69,2.28,0.0
20050424:0811,621825.0,488.77,28.73,7.1,2.97,0.0
20050424:0911,857685.0,676.99,36.57,8.37,2.97,0.0
20050424:1011,1147215.0,928.42,43.05,9.58,3.1,0.0
20050424:1111,1232010.0,1009.04,47.33,10.62,3.38,0.0
20050424:1211,1332960.0,1107.29,48.6,11.44,3.45,0.0
20050424:1311,1258620.0,1037.67,46.57,11.93,3.66,0.0
20050424:1411,1154700.0,940.91,41.69,11.99,3.79,0.0
20050424:1511,959475.0,772.22,34.81,12.0,3.72,0.0
20050424:1611,662430.0,534.45,26.76,11.66,3.72,0.0
20050424:1711,275580.0,240.16,18.13,11.01,3.59,0.0
20050424:1811,65865.0,81.09,9.39,10.03,3.1,0.0
20050424:1911,0.0,4.37,0.94,8.2,2.97,0.0
20050424:2011,0.0,0.0,0.0,6.33,2.83,0.0
20050424:2111,0.0,0.0,0.0,5.23,2.62,0.0
20050424:2211,0.0,0.0,0.0,4.44,2.55,0.0
20050424:2311,0.0,0.0,0.0,4.05,2.41,0.0
20050425:0011,0.0,0.0,0.0,3.9,2.55,0.0
20050425:0111,0.0,0.0,0.0,3.9,2.69,0.0
20050425:0211,0.0,0.0,0.0,4.1,2.76,0.0
20050425:0311,0.0,0.0,0.0,4.14,2.83,0.0
20050425:0411,0.0,0.0,0.0,4.0,2.97,0.0
20050425:0511,0.0,0.0,0.0,3.85,3.1,0.0
20050425:0611,57405.0,61.8,11.74,4.82,3.03,0.0
20050425:0711,194640.0,167.01,20.48,6.95,4.0,0.0
20050425:0811,491715.0,388.67,29.03,8.81,4.48,0.0
20050425:0911,858345.0,675.84,36.88,10.22,4.41,0.0
20050425:1011,1037595.0,831.5,43.37,11.49,4.28,0.0
20050425:1111,1190475.0,971.28,47.66,12.14,4.07,0.0
20050425:1211,1189905.0,977.22,48.93,13.06,4.07,0.0
20050425:1311,1249155.0,1032.11,46.87,13.52,4.07,0.0
20050425:1411,1142745.0,935.41,41.96,13.67,4.07,0.0
20050425:1511,945495.0,763.92,35.07,13.44,4.0,0.0
20050425:1611,694935.0,563.63,27.0,12.92,4.0,0.0
20050425:1711,327195.0,291.39,18.36,11.94,4.14,0.0
20050425:1811,52260.0,75.9,9.63,10.55,3.72,0.0
20050425:1911,4695.0,12.24,1.19,8.79,3.31,0.0
20050425:2011,0.0,0.0,0.0,7.0,3.03,0.0
20050425:2111,0.0,0.0,0.0,5.92,2.69,0.0
20050425:2211,0.0,0.0,0.0,5.25,2.55,0.0
20050425:2311,0.0,0.0,0.0,4.8,2.48,0.0
20050426:0011,0.0,0.0,0.0,4.5,2.48,0.0
20050426:0111,0.0,0.0,0.0,4.3,2.48,0.0
20050426:0211,0.0,0.0,0.0,4.34,2.34,0.0
20050426:0311,0.0,0.0,0.0,4.28,2.28,0.0
20050426:0411,0.0,0.0,0.0,4.22,2.14,0.0
20050426:0511,0.0,0.0,0.0,4.31,2.0,0.0
20050426:0611,25410.0,32.45,12.02,5.31,1.72,0.0
20050426:0711,38040.0,43.57,20.77,6.91,2.28,0.0
20050426:0811,27195.0,34.3,29.32,7.56,2.34,0.0
20050426:0911,81075.0,78.8,37.18,8.49,2.48,0.0
20050426:1011,118755.0,108.47,43.69,9.4,2.62,0.0
20050426:1111,223470.0,189.13,47.99,10.39,2.76,0.0
20050426:1211,129525.0,117.74,49.25,11.52,2.97,0.0
20050426:1311,308745.0,256.58,47.17,12.62,2.97,0.0
20050426:1411,238530.0,203.04,42.24,13.11,2.69,0.0
20050426:1511,394365.0,324.17,35.32,13.38,2.21,0.0
20050426:1611,276555.0,231.97,27.24,12.64,2.62,0.0
20050426:1711,116145.0,107.57,18.6,11.8,2.97,0.0
20050426:1811,7650.0,15.76,9.87,11.35,2.48,0.0
20050426:1911,3240.0,10.49,1.43,10.5,2.21,0.0
20050426:2011,0.0,0.0,0.0,9.83,2.07,0.0
20050426:2111,0.0,0.0,0.0,9.34,1.93,0.0
20050426:2211,0.0,0.0,0.0,8.94,1.72,0.0
20050426:2311,0.0,0.0,0.0,8.59,1.66,0.0
20050427:0011,0.0,0.0,0.0,8.18,1.86,0.0
20050427:0111,0.0,0.0,0.0,8.18,2.07,0.0
20050427:0211,0.0,0.0,0.0,8.25,2.69,0.0
20050427:0311,0.0,0.0,0.0,8.14,3.03,0.0
20050427:0411,0.0,0.0,0.0,7.78,3.1,0.0
20050427:0511,0.0,0.0,0.0,7.36,3.24,0.0
20050427:0611,40440.0,45.92,12.3,7.55,3.52,0.0
20050427:0711,331230.0,281.96,21.05,8.37,4.55,0.0
20050427:0811,442470.0,350.56,29.61,9.19,5.79,0.0
20050427:0911,708690.0,553.31,37.48,10.06,5.86,0.0
20050427:1011,382800.0,308.41,44.0,10.94,6.0,0.0
20050427:1111,326205.0,266.94,48.31,11.64,6.0,0.0
20050427:1211,663840.0,526.77,49.57,12.23,5.93,0.0
20050427:1311,1044870.0,835.24,47.47,12.59,5.93,0.0
20050427:1411,922890.0,735.97,42.51,12.91,5.59,0.0
20050427:1511,856830.0,684.39,35.58,13.03,4.9,0.0
20050427:1611,654735.0,528.03,27.47,12.87,4.83,0.0
20050427:1711,308670.0,272.73,18.83,12.58,4.28,0.0
20050427:1811,47385.0,76.09,10.1,11.84,2.83,0.0
20050427:1911,7680.0,15.74,1.68,10.32,2.62,0.0
20050427:2011,0.0,0.0,0.0,8.64,2.48,0.0
20050427:2111,0.0,0.0,0.0,7.42,2.34,0.0
20050427:2211,0.0,0.0,0.0,6.67,2.34,0.0
20050427:2311,0.0,0.0,0.0,6.43,2.48,0.0
20050428:0011,0.0,0.0,0.0,6.44,2.48,0.0
20050428:0111,0.0,0.0,0.0,6.75,2.69,0.0
20050428:0211,0.0,0.0,0.0,7.01,2.97,0.0
20050428:0311,0.0,0.0,0.0,7.47,3.24,0.0
20050428:0411,0.0,0.0,0.0,7.68,3.79,0.0
20050428:0511,0.0,0.0,0.0,8.11,4.83,0.0
20050428:0611,3060.0,10.2,12.58,8.77,5.17,0.0
20050428:0711,14010.0,22.25,21.33,9.67,5.45,0.0
20050428:0811,91350.0,87.15,29.89,9.99,6.34,0.0
20050428:0911,329040.0,266.89,37.77,10.66,6.9,0.0
20050428:1011,97860.0,92.71,44.31,11.62,9.38,0.0
20050428:1111,182175.0,157.61,48.63,12.01,9.1,0.0
20050428:1211,166680.0,145.56,49.88,11.4,8.07,0.0
20050428:1311,89640.0,86.22,47.77,11.36,7.79,0.0
20050428:1411,173490.0,151.12,42.79,11.98,7.86,0.0
20050428:1511,337515.0,275.97,35.82,12.81,7.17,0.0
20050428:1611,327105.0,270.44,27.71,14.39,7.24,0.0
20050428:1711,172650.0,154.08,19.06,15.03,6.55,0.0
20050428:1811,42045.0,48.21,10.33,14.3,6.07,0.0
20050428:1911,0.0,3.5,1.92,13.37,5.24,0.0
20050428:2011,0.0,0.0,0.0,12.48,4.83,0.0
20050428:2111,0.0,0.0,0.0,11.84,4.55,0.0
20050428:2211,0.0,0.0,0.0,11.09,4.41,0.0
20050428:2311,0.0,0.0,0.0,10.58,4.28,0.0
20050429:0011,0.0,0.0,0.0,10.08,4.0,0.0
20050429:0111,0.0,0.0,0.0,9.42,3.72,0.0
20050429:0211,0.0,0.0,0.0,8.64,3.24,0.0
20050429:0311,0.0,0.0,0.0,7.89,2.9,0.0
20050429:0411,0.0,0.0,0.0,7.27,2.69,0.0
20050429:0511,0.0,2.62,4.33,6.76,2.55,0.0
20050429:0611,49620.0,53.81,12.85,7.59,2.34,0.0
20050429:0711,113010.0,104.08,21.6,9.19,3.03,0.0
20050429:0811,310680.0,254.56,30.16,10.78,4.21,0.0
20050429:0911,554535.0,440.79,38.06,12.23,5.31,0.0
20050429:1011,767385.0,610.11,44.61,13.05,5.52,0.0
20050429:1111,1097895.0,884.62,48.94,13.77,5.86,0.0
20050429:1211,1223610.0,995.57,50.19,14.28,5.93,0.0
20050429:1311,1027335.0,829.93,48.06,14.83,5.93,0.0
20050429:1411,1011450.0,819.56,43.05,15.35,5.45,0.0
20050429:1511,931365.0,752.76,36.07,15.52,5.24,0.0
20050429:1611,667845.0,545.53,27.94,15.32,4.62,0.0
20050429:1711,330015.0,297.83,19.29,14.8,3.66,0.0
20050429:1811,51510.0,79.71,10.56,13.97,2.62,0.0
20050429:1911,11640.0,20.11,2.16,12.87,2.0,0.0
20050429:2011,0.0,0.0,0.0,10.83,1.72,0.0
20050429:2111,0.0,0.0,0.0,8.75,1.59,0.0
20050429:2211,0.0,0.0,0.0,8.05,1.31,0.0
20050429:2311,0.0,0.0,0.0,8.75,0.83,0.0
20050430:0011,0.0,0.0,0.0,8.47,0.48,0.0
20050430:0111,0.0,0.0,0.0,7.98,0.55,0.0
20050430:0211,0.0,0.0,0.0,7.66,0.69,0.0
20050430:0311,0.0,0.0,0.0,7.81,0.62,0.0
20050430:0411,0.0,0.0,0.0,8.2,0.14,0.0
20050430:0511,0.0,0.87,4.6,8.31,0.28,0.0
20050430:0611,16950.0,25.03,13.12,8.31,0.41,0.0
20050430:0711,53130.0,56.55,21.86,8.84,0.9,0.0
20050430:0811,134160.0,120.52,30.44,9.02,0.83,0.0
20050430:0911,248790.0,208.85,38.34,9.47,0.69,0.0
20050430:1011,311640.0,257.97,44.91,9.89,0.62,0.0
20050430:1111,301185.0,250.0,49.25,10.02,0.76,0.0
20050430:1211,260325.0,218.8,50.5,10.41,0.76,0.0
20050430:1311,124710.0,114.03,48.35,10.67,0.69,0.0
20050430:1411,181620.0,158.54,43.32,11.16,0.62,0.0
20050430:1511,125130.0,114.96,36.31,11.77,0.41,0.0
20050430:1611,239460.0,204.28,28.17,12.11,0.55,0.0
20050430:1711,180675.0,160.28,19.51,12.32,0.76,0.0
20050430:1811,88545.0,90.69,10.79,12.3,0.9,0.0
20050430:1911,0.0,4.37,2.39,13.1,2.14,0.0
20050430:2011,0.0,0.0,0.0,12.21,2.41,0.0
20050430:2111,0.0,0.0,0.0,11.34,2.14,0.0
20050430:2211,0.0,0.0,0.0,10.72,1.86,0.0
20050430:2311,0.0,0.0,0.0,9.72,2.07,0.0
20050501:0011,0.0,0.0,0.0,9.1,1.79,0.0
20050501:0111,0.0,0.0,0.0,8.95,1.79,0.0
20050501:0211,0.0,0.0,0.0,8.67,2.07,0.0
20050501:0311,0.0,0.0,0.0,9.11,2.14,0.0
20050501:0411,0.0,0.0,0.0,9.35,2.48,0.0
20050501:0511,0.0,0.87,4.87,9.6,2.34,0.0
20050501:0611,3750.0,11.13,13.38,9.98,2.07,0.0
20050501:0711,177420.0,154.77,22.13,9.9,3.93,0.0
20050501:0811,92910.0,89.0,30.7,11.27,3.31,0.0
20050501:0911,177390.0,154.83,38.62,12.0,3.45,0.0
20050501:1011,224880.0,190.98,45.2,12.27,4.97,0.0
20050501:1111,225735.0,192.84,49.55,13.55,4.48,0.0
20050501:1211,131880.0,121.45,50.8,15.75,4.69,0.0
20050501:1311,59565.0,63.97,48.64,18.23,4.9,0.0
20050501:1411,565500.0,465.72,43.58,19.35,5.38,0.0
20050501:1511,590835.0,486.0,36.55,19.4,5.17,0.0
20050501:1611,268260.0,231.17,28.4,19.28,4.62,0.0
20050501:1711,270570.0,243.04,19.73,18.79,4.34,0.0
20050501:1811,61590.0,85.34,11.01,17.33,3.17,0.0
20050501:1911,3780.0,11.37,2.63,15.55,2.55,0.0
20050501:2011,0.0,0.0,0.0,13.93,2.28,0.0
20050501:2111,0.0,0.0,0.0,12.44,2.41,0.0
20050501:2211,0.0,0.0,0.0,11.21,2.69,0.0
20050501:2311,0.0,0.0,0.0,10.98,2.83,0.0
20050502:0011,0.0,0.0,0.0,10.76,2.69,0.0
20050502:0111,0.0,0.0,0.0,10.49,2.55,0.0
20050502:0211,0.0,0.0,0.0,10.19,2.69,0.0
20050502:0311,0.0,0.0,0.0,10.1,2.76,0.0
20050502:0411,0.0,0.0,0.0,10.09,2.69,0.0
20050502:0511,0.0,1.75,5.13,10.08,2.83,0.0
20050502:0611,27750.0,35.23,13.64,10.96,2.9,0.0
20050502:0711,316410.0,273.0,22.38,12.32,3.1,0.0
20050502:0811,618885.0,495.78,30.97,13.89,5.31,0.0
20050502:0911,699435.0,560.83,38.89,14.77,4.9,0.0
20050502:1011,1032135.0,839.62,45.49,15.93,5.1,0.0
20050502:1111,935910.0,765.68,49.85,16.88,4.9,0.0
20050502:1211,1228710.0,1026.6,51.1,17.62,4.9,0.0
20050502:1311,1242015.0,1044.76,48.92,17.97,4.48,0.0
20050502:1411,870360.0,717.39,43.84,18.51,4.48,0.0
20050502:1511,324015.0,274.45,36.79,18.67,4.07,0.0
20050502:1611,85755.0,85.29,28.63,17.32,5.24,0.0
20050502:1711,19185.0,27.81,19.95,15.34,3.79,0.0
20050502:1811,78900.0,80.43,11.24,15.18,0.0,0.0
20050502:1911,16695.0,25.36,2.86,14.57,0.0,0.0
20050502:2011,0.0,0.0,0.0,13.33,3.52,0.0
20050502:2111,0.0,0.0,0.0,12.67,3.52,0.0
20050502:2211,0.0,0.0,0.0,12.23,3.59,0.0
20050502:2311,0.0,0.0,0.0,11.72,3.52,0.0
20050503:0011,0.0,0.0,0.0,11.43,3.72,0.0
20050503:0111,0.0,0.0,0.0,11.39,3.79,0.0
20050503:0211,0.0,0.0,0.0,11.24,3.86,0.0
20050503:0311,0.0,0.0,0.0,11.29,3.79,0.0
20050503:0411,0.0,0.0,0.0,11.02,3.59,0.0
20050503:0511,1935.0,8.74,5.39,11.04,3.52,0.0
20050503:0611,6000.0,13.91,13.89,11.73,3.72,0.0
20050503:0711,63615.0,65.82,22.64,12.22,3.38,0.0
20050503:0811,171060.0,150.74,31.22,13.3,3.52,0.0
20050503:0911,597780.0,482.94,39.16,14.29,3.38,0.0
20050503:1011,565035.0,459.71,45.77,15.03,3.38,0.0
20050503:1111,428130.0,353.09,50.15,15.57,3.38,0.0
20050503:1211,77235.0,77.88,51.4,15.53,3.45,0.0
20050503:1311,92070.0,89.93,49.2,15.47,2.48,0.0
20050503:1411,879330.0,737.23,44.09,15.96,1.59,0.0
20050503:1511,916650.0,773.09,37.03,16.26,1.38,0.0
20050503:1611,177105.0,157.84,28.85,16.08,1.72,0.0
20050503:1711,277005.0,246.03,20.17,15.8,2.07,0.0
20050503:1811,80445.0,95.08,11.46,14.63,1.93,0.0
20050503:1911,19500.0,27.98,3.09,13.72,0.9,0.0
20050503:2011,0.0,0.0,0.0,12.59,1.31,0.0
20050503:2111,0.0,0.0,0.0,11.38,1.93,0.0
20050503:2211,0.0,0.0,0.0,10.94,2.28,0.0
20050503:2311,0.0,0.0,0.0,10.71,2.69,0.0
20050504:0011,0.0,0.0,0.0,10.62,3.59,0.0
20050504:0111,0.0,0.0,0.0,10.04,5.45,0.0
20050504:0211,0.0,0.0,0.0,9.15,6.0,0.0
20050504:0311,0.0,0.0,0.0,8.64,6.62,0.0
20050504:0411,0.0,0.0,0.0,8.41,6.9,0.0
20050504:0511,0.0,1.75,5.64,8.04,7.45,0.0
20050504:0611,11370.0,19.47,14.14,7.79,6.48,0.0
20050504:0711,0.0,0.0,0.0,7.75,6.9,0.0
20050504:0811,433065.0,340.31,31.48,7.85,7.52,0.0
20050504:0911,277920.0,226.23,39.42,8.04,7.31,0.0
20050504:1011,753090.0,582.8,46.05,8.51,7.1,0.0
20050504:1111,987780.0,770.19,50.44,8.88,6.76,0.0
20050504:1211,1318530.0,1046.59,51.69,8.9,6.28,0.0
20050504:1311,1326180.0,1058.0,49.47,9.26,5.86,0.0
20050504:1411,1197450.0,950.37,44.34,9.37,5.38,0.0
20050504:1511,982050.0,772.73,37.26,9.48,5.1,0.0
20050504:1611,425535.0,341.19,29.07,9.69,4.55,0.0
20050504:1711,359145.0,316.86,20.39,9.49,3.38,0.0
20050504:1811,71010.0,92.1,11.68,9.13,2.28,0.0
20050504:1911,20100.0,27.98,3.32,8.34,1.31,0.0
20050504:2011,0.0,0.0,0.0,7.0,1.72,0.0
20050504:2111,0.0,0.0,0.0,5.69,2.28,0.0
20050504:2211,0.0,0.0,0.0,5.1,2.41,0.0
20050504:2311,0.0,0.0,0.0,5.49,2.14,0.0
20050505:0011,0.0,0.0,0.0,5.89,2.34,0.0
20050505:0111,0.0,0.0,0.0,6.65,2.9,0.0
20050505:0211,0.0,0.0,0.0,7.34,3.38,0.0
20050505:0311,0.0,0.0,0.0,7.74,3.59,0.0
20050505:0411,0.0,0.0,0.0,8.65,3.86,0.0
20050505:0511,4680.0,12.24,5.89,9.27,4.14,0.0
20050505:0611,16845.0,25.03,14.38,9.84,4.21,0.0
20050505:0711,206940.0,177.96,23.13,10.79,5.38,0.0
20050505:0811,83565.0,81.59,31.72,11.6,5.79,0.0
20050505:0911,134385.0,121.45,39.68,12.21,6.41,0.0
20050505:1011,266250.0,222.02,46.32,12.3,6.55,0.0
20050505:1111,486855.0,389.96,50.72,12.52,6.48,0.0
20050505:1211,436350.0,352.19,51.97,13.14,7.1,0.0
20050505:1311,363360.0,296.93,49.74,13.56,7.52,0.0
20050505:1411,218460.0,186.35,44.59,13.41,8.07,0.0
20050505:1511,120885.0,111.25,37.49,12.92,7.59,0.0
20050505:1611,181740.0,157.83,29.29,12.44,6.83,0.0
20050505:1711,301485.0,260.64,20.6,12.13,6.28,0.0
20050505:1811,51450.0,55.63,11.89,11.66,5.24,0.0
20050505:1911,22635.0,30.61,3.54,11.28,6.41,0.0
20050505:2011,0.0,0.0,0.0,10.59,6.21,0.0
20050505:2111,0.0,0.0,0.0,9.72,5.79,0.0
20050505:2211,0.0,0.0,0.0,8.9,5.45,0.0
20050505:2311,0.0,0.0,0.0,8.15,5.59,0.0
20050506:0011,0.0,0.0,0.0,7.75,5.66,0.0
20050506:0111,0.0,0.0,0.0,7.57,5.45,0.0
20050506:0211,0.0,0.0,0.0,7.35,5.31,0.0
20050506:0311,0.0,0.0,0.0,7.01,5.17,0.0
20050506:0411,0.0,0.0,0.0,6.68,5.1,0.0
20050506:0511,9510.0,17.49,6.13,6.54,4.97,0.0
20050506:0611,91020.0,108.04,14.62,7.27,5.03,0.0
20050506:0711,357210.0,299.3,23.36,8.58,5.45,0.0
20050506:0811,658950.0,515.47,31.96,9.76,6.34,0.0
20050506:0911,923490.0,720.85,39.93,10.89,6.9,0.0
20050506:1011,1054560.0,830.84,46.59,11.72,7.24,0.0
20050506:1111,1275615.0,1020.09,51.0,12.02,6.97,0.0
20050506:1211,990930.0,785.07,52.26,12.07,6.97,0.0
20050506:1311,1009770.0,800.68,50.01,12.29,7.03,0.0
20050506:1411,289065.0,239.14,44.84,12.42,7.59,0.0
20050506:1511,457755.0,365.94,37.72,12.1,7.24,0.0
20050506:1611,269955.0,223.97,29.5,11.55,6.97,0.0
20050506:1711,75600.0,75.1,20.81,11.2,6.48,0.0
20050506:1811,8535.0,16.69,12.11,10.65,5.31,0.0
20050506:1911,0.0,5.25,3.76,9.86,4.55,0.0
20050506:2011,0.0,0.0,0.0,9.28,3.86,0.0
20050506:2111,0.0,0.0,0.0,8.78,3.24,0.0
20050506:2211,0.0,0.0,0.0,8.38,2.76,0.0
20050506:2311,0.0,0.0,0.0,7.97,2.14,0.0
20050507:0011,0.0,0.0,0.0,7.39,2.55,0.0
20050507:0111,0.0,0.0,0.0,7.56,3.24,0.0
20050507:0211,0.0,0.0,0.0,7.4,3.93,0.0
20050507:0311,0.0,0.0,0.0,6.9,4.41,0.0
20050507:0411,0.0,0.0,0.0,6.21,4.55,0.0
20050507:0511,10395.0,18.36,6.37,5.82,4.76,0.0
20050507:0611,94965.0,108.97,14.85,6.29,4.9,0.0
20050507:0711,374445.0,311.72,23.59,7.42,5.45,0.0
20050507:0811,530490.0,415.34,32.2,8.52,6.21,0.0
20050507:0911,919140.0,714.49,40.18,9.59,6.48,0.0
20050507:1011,476910.0,378.52,46.85,10.54,6.62,0.0
20050507:1111,1319160.0,1055.89,51.28,10.83,6.34,0.0
20050507:1211,1038780.0,824.26,52.53,11.2,6.21,0.0
20050507:1311,1210080.0,965.42,50.27,11.59,6.69,0.0
20050507:1411,1166520.0,924.14,45.08,11.38,6.9,0.0
20050507:1511,82755.0,80.66,37.94,10.89,7.17,0.0
20050507:1611,392865.0,315.25,29.71,10.21,6.97,0.0
20050507:1711,326805.0,279.94,21.02,9.86,5.31,0.0
20050507:1811,77445.0,97.86,12.32,9.6,5.45,0.0
20050507:1911,3990.0,11.37,3.98,8.41,4.83,0.0
20050507:2011,0.0,0.0,0.0,7.71,4.55,0.0
20050507:2111,0.0,0.0,0.0,7.18,4.62,0.0
20050507:2211,0.0,0.0,0.0,6.86,4.83,0.0
20050507:2311,0.0,0.0,0.0,6.47,4.69,0.0
20050508:0011,0.0,0.0,0.0,5.76,4.48,0.0
20050508:0111,0.0,0.0,0.0,5.3,4.34,0.0
20050508:0211,0.0,0.0,0.0,4.93,4.28,0.0
20050508:0311,0.0,0.0,0.0,4.7,4.21,0.0
20050508:0411,0.0,0.0,0.0,4.51,4.21,0.0
20050508:0511,13110.0,20.99,6.61,4.58,4.21,0.0
20050508:0611,97140.0,111.85,15.08,5.67,3.86,0.0
20050508:0711,373530.0,309.72,23.82,6.65,4.97,0.0
20050508:0811,691365.0,537.86,32.43,7.89,5.38,0.0
20050508:0911,911280.0,709.3,40.42,9.02,5.72,0.0
20050508:1011,563100.0,444.04,47.11,9.81,5.31,0.0
20050508:1111,1183230.0,949.93,51.55,10.61,4.97,0.0
20050508:1211,707985.0,562.64,52.8,11.33,4.76,0.0
20050508:1311,761355.0,606.7,50.53,11.76,4.62,0.0
20050508:1411,110625.0,102.91,45.32,11.73,5.24,0.0
20050508:1511,162795.0,142.77,38.16,11.13,5.24,0.0
20050508:1611,369495.0,299.85,29.93,10.59,4.21,0.0
20050508:1711,120285.0,109.4,21.23,9.17,3.79,0.0
20050508:1811,112800.0,109.34,12.53,8.73,3.86,0.0
20050508:1911,25935.0,33.23,4.2,7.9,2.34,0.0
20050508:2011,0.0,0.0,0.0,7.25,2.48,0.0
20050508:2111,0.0,0.0,0.0,6.25,2.83,0.0
20050508:2211,0.0,0.0,0.0,5.69,2.9,0.0
20050508:2311,0.0,0.0,0.0,5.13,3.03,0.0
20050509:0011,0.0,0.0,0.0,4.89,3.24,0.0
20050509:0111,0.0,0.0,0.0,4.66,3.38,0.0
20050509:0211,0.0,0.0,0.0,4.21,3.38,0.0
20050509:0311,0.0,0.0,0.0,3.83,3.38,0.0
20050509:0411,0.0,0.0,0.0,3.43,3.38,0.0
20050509:0511,14100.0,21.86,6.83,3.29,3.45,0.0
20050509:0611,100455.0,115.08,15.3,4.36,3.24,0.0
20050509:0711,379710.0,313.97,24.04,5.86,4.21,0.0
20050509:0811,629880.0,489.81,32.66,6.96,4.76,0.0
20050509:0911,738420.0,575.27,40.66,8.02,4.55,0.0
20050509:1011,702585.0,574.69,47.36,8.73,0.0,0.0
20050509:1111,768135.0,634.68,51.82,9.31,0.0,0.0
20050509:1211,206580.0,175.22,53.07,9.83,4.76,0.0
20050509:1311,732675.0,579.58,50.79,9.81,4.28,0.0
20050509:1411,1181760.0,951.44,45.55,9.97,4.14,0.0
20050509:1511,295755.0,243.16,38.38,10.06,3.79,0.0
20050509:1611,190335.0,163.36,30.13,9.98,3.38,0.0
20050509:1711,72465.0,72.31,21.44,9.79,3.17,0.0
20050509:1811,108840.0,112.33,12.74,9.03,3.03,0.0
20050509:1911,5475.0,13.12,4.42,7.59,2.41,0.0
20050509:2011,0.0,0.0,0.0,6.18,2.41,0.0
20050509:2111,0.0,0.0,0.0,5.1,2.62,0.0
20050509:2211,0.0,0.0,0.0,4.62,2.76,0.0
20050509:2311,0.0,0.0,0.0,4.46,2.97,0.0
20050510:0011,0.0,0.0,0.0,4.38,3.38,0.0
20050510:0111,0.0,0.0,0.0,4.64,3.93,0.0
20050510:0211,0.0,0.0,0.0,4.57,4.41,0.0
20050510:0311,0.0,0.0,0.0,4.84,4.62,0.0
20050510:0411,0.0,0.0,0.0,4.68,4.55,0.0
20050510:0511,13965.0,21.86,7.06,5.01,4.62,0.0
20050510:0611,104355.0,115.85,15.52,5.35,4.21,0.0
20050510:0711,376425.0,310.19,24.26,5.96,5.31,0.0
20050510:0811,678255.0,524.86,32.88,6.73,5.38,0.0
20050510:0911,947190.0,734.62,40.89,7.7,5.38,0.0
20050510:1011,647520.0,506.0,47.6,8.72,5.52,0.0
20050510:1111,686955.0,539.0,52.08,9.34,5.45,0.0
20050510:1211,582210.0,459.42,53.34,9.72,5.45,0.0
20050510:1311,681315.0,535.25,51.04,9.42,5.38,0.0
20050510:1411,764010.0,599.45,45.78,9.55,5.38,0.0
20050510:1511,852900.0,669.75,38.59,9.84,5.38,0.0
20050510:1611,435120.0,347.96,30.34,9.88,5.45,0.0
20050510:1711,362760.0,313.55,21.64,9.48,5.24,0.0
20050510:1811,78045.0,101.28,12.94,8.88,4.28,0.0
20050510:1911,33960.0,40.23,4.63,7.81,3.52,0.0
20050510:2011,0.0,0.0,0.0,6.23,2.9,0.0
20050510:2111,0.0,0.0,0.0,4.97,2.62,0.0
20050510:2211,0.0,0.0,0.0,4.08,2.62,0.0
20050510:2311,0.0,0.0,0.0,3.39,2.62,0.0
20050511:0011,0.0,0.0,0.0,2.8,2.55,0.0
20050511:0111,0.0,0.0,0.0,2.27,2.48,0.0
20050511:0211,0.0,0.0,0.0,2.01,2.34,0.0
20050511:0311,0.0,0.0,0.0,1.54,2.28,0.0
20050511:0411,0.0,0.0,0.0,1.1,2.21,0.0
20050511:0511,12435.0,20.11,7.27,1.32,1.86,0.0
20050511:0611,111750.0,109.41,15.73,3.7,1.24,0.0
20050511:0711,372990.0,312.68,24.47,6.73,1.31,0.0
20050511:0811,644475.0,516.48,33.09,8.36,1.17,0.0
20050511:0911,918105.0,748.7,41.11,9.67,1.17,0.0
20050511:1011,1129410.0,940.69,47.84,10.62,1.59,0.0
20050511:1111,1214490.0,1044.49,52.33,10.96,0.9,0.0
20050511:1211,1215750.0,1056.79,53.59,11.48,0.69,0.0
20050511:1311,1197900.0,1033.45,51.28,12.12,0.97,0.0
20050511:1411,1066530.0,896.01,46.01,12.34,1.38,0.0
20050511:1511,889215.0,728.09,38.8,12.29,1.93,0.0
20050511:1611,402480.0,330.03,30.54,12.2,2.21,0.0
20050511:1711,347325.0,304.06,21.84,11.95,2.48,0.0
20050511:1811,97620.0,110.76,13.15,11.62,2.34,0.0
20050511:1911,33405.0,40.23,4.84,10.85,2.55,0.0
20050511:2011,0.0,0.0,0.0,8.81,2.76,0.0
20050511:2111,0.0,0.0,0.0,7.24,2.69,0.0
20050511:2211,0.0,0.0,0.0,6.22,2.41,0.0
20050511:2311,0.0,0.0,0.0,5.48,2.14,0.0
20050512:0011,0.0,0.0,0.0,4.59,1.93,0.0
20050512:0111,0.0,0.0,0.0,3.6,1.79,0.0
20050512:0211,0.0,0.0,0.0,2.99,1.59,0.0
20050512:0311,0.0,0.0,0.0,2.67,1.31,0.0
20050512:0411,0.0,0.0,0.0,2.56,1.17,0.0
20050512:0511,17880.0,25.36,7.48,2.45,1.17,0.0
20050512:0611,114030.0,116.73,15.94,4.03,0.83,0.0
20050512:0711,360960.0,303.35,24.67,7.08,0.69,0.0
20050512:0811,651180.0,523.68,33.3,9.04,1.17,0.0
20050512:0911,929415.0,752.15,41.33,10.55,2.07,0.0
20050512:1011,1138500.0,933.19,48.08,11.65,2.97,0.0
20050512:1111,1291170.0,1069.66,52.58,12.38,3.66,0.0
20050512:1211,1279605.0,1060.11,53.85,12.83,3.86,0.0
20050512:1311,1188780.0,977.63,51.53,13.14,4.0,0.0
20050512:1411,1103145.0,899.45,46.24,13.23,4.07,0.0
20050512:1511,831735.0,668.14,39.01,13.05,4.14,0.0
20050512:1611,399315.0,325.94,30.74,12.7,4.07,0.0
20050512:1711,347850.0,302.24,22.03,12.07,3.93,0.0
20050512:1811,84315.0,106.1,13.34,11.22,3.31,0.0
20050512:1911,36675.0,42.85,5.05,9.6,2.76,0.0
20050512:2011,0.0,0.0,0.0,7.7,2.62,0.0
20050512:2111,0.0,0.0,0.0,6.26,2.62,0.0
20050512:2211,0.0,0.0,0.0,5.33,2.48,0.0
20050512:2311,0.0,0.0,0.0,4.66,2.28,0.0
20050513:0011,0.0,0.0,0.0,4.27,2.14,0.0
20050513:0111,0.0,0.0,0.0,3.93,2.14,0.0
20050513:0211,0.0,0.0,0.0,4.26,2.21,0.0
20050513:0311,0.0,0.0,0.0,4.23,2.41,0.0
20050513:0411,0.0,0.0,0.0,4.3,2.55,0.0
20050513:0511,315.0,6.12,7.69,4.68,2.55,0.0
20050513:0611,112845.0,110.7,16.14,6.33,2.83,0.0
20050513:0711,329310.0,272.6,24.87,8.22,5.45,0.0
20050513:0811,435045.0,344.9,33.5,9.02,5.79,0.0
20050513:0911,721665.0,562.65,41.55,9.53,6.0,0.0
20050513:1011,943020.0,738.78,48.31,10.01,6.34,0.0
20050513:1111,1212675.0,962.08,52.82,10.18,6.41,0.0
20050513:1211,1298340.0,1038.52,54.1,10.61,6.34,0.0
20050513:1311,1240140.0,989.07,51.76,10.65,6.28,0.0
20050513:1411,1093860.0,866.28,46.46,11.06,6.34,0.0
20050513:1511,1002810.0,789.88,39.22,10.94,6.28,0.0
20050513:1611,471765.0,376.49,30.93,10.6,6.21,0.0
20050513:1711,358740.0,308.04,22.23,9.98,6.0,0.0
20050513:1811,115860.0,118.18,13.54,9.29,5.66,0.0
20050513:1911,22050.0,29.73,5.25,8.14,5.03,0.0
20050513:2011,0.0,0.0,0.0,7.5,4.76,0.0
20050513:2111,0.0,0.0,0.0,7.34,4.69,0.0
20050513:2211,0.0,0.0,0.0,7.47,4.62,0.0
20050513:2311,0.0,0.0,0.0,7.18,4.48,0.0
20050514:0011,0.0,0.0,0.0,6.94,4.41,0.0
20050514:0111,0.0,0.0,0.0,6.47,4.41,0.0
20050514:0211,0.0,0.0,0.0,5.89,4.48,0.0
20050514:0311,0.0,0.0,0.0,5.84,4.76,0.0
20050514:0411,0.0,0.0,0.0,5.66,4.62,0.0
20050514:0511,22365.0,29.73,7.89,5.47,4.34,0.0
20050514:0611,111660.0,122.22,16.33,6.48,4.41,0.0
20050514:0711,354720.0,292.17,25.06,7.78,6.9,0.0
20050514:0811,619275.0,482.23,33.7,8.77,6.83,0.0
20050514:0911,953340.0,740.62,41.75,9.89,7.1,0.0
20050514:1011,1022190.0,801.72,48.53,10.6,7.03,0.0
20050514:1111,1031070.0,814.64,53.06,11.22,6.83,0.0
20050514:1211,1016280.0,805.35,54.34,11.46,6.62,0.0
20050514:1311,963630.0,762.94,52.0,11.55,6.48,0.0
20050514:1411,894165.0,706.16,46.67,11.64,6.41,0.0
20050514:1511,926400.0,730.41,39.42,11.4,6.21,0.0
20050514:1611,418935.0,336.87,31.13,10.92,5.79,0.0
20050514:1711,343485.0,293.28,22.42,10.32,5.17,0.0
20050514:1811,86385.0,108.28,13.73,9.69,4.48,0.0
20050514:1911,23880.0,31.48,5.45,8.78,3.52,0.0
20050514:2011,0.0,0.0,0.0,7.99,2.83,0.0
20050514:2111,0.0,0.0,0.0,6.96,2.55,0.0
20050514:2211,0.0,0.0,0.0,5.85,0.0,0.0
20050514:2311,0.0,0.0,0.0,5.04,0.0,0.0
20050515:0011,0.0,0.0,0.0,4.6,2.28,0.0
20050515:0111,0.0,0.0,0.0,4.52,2.0,0.0
20050515:0211,0.0,0.0,0.0,4.26,1.79,0.0
20050515:0311,0.0,0.0,0.0,4.08,1.66,0.0
20050515:0411,0.0,0.0,0.0,3.83,1.72,0.0
20050515:0511,7965.0,15.74,8.08,4.32,1.38,0.0
20050515:0611,45885.0,50.06,16.52,6.4,1.24,0.0
20050515:0711,178290.0,153.82,25.25,7.65,1.38,0.0
20050515:0811,289695.0,238.82,33.89,9.01,1.59,0.0
20050515:0911,380730.0,309.57,41.96,9.63,1.45,0.0
20050515:1011,230895.0,195.62,48.75,10.52,1.45,0.0
20050515:1111,429360.0,351.77,53.3,11.7,1.31,0.0
20050515:1211,1008750.0,849.25,54.58,12.06,1.03,0.0
20050515:1311,908640.0,757.71,52.23,12.92,1.24,0.0
20050515:1411,514395.0,421.14,46.88,13.88,2.07,0.0
20050515:1511,376320.0,311.27,39.62,14.49,2.83,0.0
20050515:1611,671655.0,549.57,31.32,14.61,3.45,0.0
20050515:1711,147570.0,133.28,22.61,14.34,3.72,0.0
20050515:1811,81465.0,80.85,13.93,13.57,3.45,0.0
20050515:1911,10770.0,19.24,5.65,13.24,3.17,0.0
20050515:2011,0.0,0.0,0.0,11.34,3.31,0.0
20050515:2111,0.0,0.0,0.0,9.71,3.1,0.0
20050515:2211,0.0,0.0,0.0,9.04,2.97,0.0
20050515:2311,0.0,0.0,0.0,8.28,2.83,0.0
20050516:0011,0.0,0.0,0.0,7.81,2.9,0.0
20050516:0111,0.0,0.0,0.0,7.7,3.03,0.0
20050516:0211,0.0,0.0,0.0,7.59,3.17,0.0
20050516:0311,0.0,0.0,0.0,7.85,3.52,0.0
20050516:0411,0.0,0.0,0.0,7.83,4.07,0.0
20050516:0511,0.0,4.37,8.27,8.51,4.97,0.0
20050516:0611,21900.0,29.67,16.7,8.83,5.45,0.0
20050516:0711,65970.0,66.75,25.43,8.76,5.45,0.0
20050516:0811,127050.0,114.03,34.08,8.47,6.21,0.0
20050516:0911,135960.0,120.52,42.15,7.87,6.0,0.0
20050516:1011,158205.0,137.21,48.96,7.67,5.79,0.0
20050516:1111,487485.0,382.86,53.52,7.76,6.14,0.0
20050516:1211,268410.0,219.72,54.81,8.02,6.21,0.0
20050516:1311,349065.0,279.84,52.45,7.9,5.93,0.0
20050516:1411,320730.0,258.89,47.09,8.05,5.79,0.0
20050516:1511,424230.0,335.93,39.81,8.07,5.59,0.0
20050516:1611,220755.0,184.05,31.51,7.63,5.31,0.0
20050516:1711,229110.0,192.1,22.79,7.39,4.97,0.0
20050516:1811,61800.0,63.04,14.11,7.13,4.21,0.0
20050516:1911,20325.0,27.98,5.84,6.45,3.38,0.0
20050516:2011,0.0,0.0,0.0,5.59,2.48,0.0
20050516:2111,0.0,0.0,0.0,4.38,2.21,0.0
20050516:2211,0.0,0.0,0.0,3.28,2.34,0.0
20050516:2311,0.0,0.0,0.0,2.65,2.34,0.0
20050517:0011,0.0,0.0,0.0,1.94,2.41,0.0
20050517:0111,0.0,0.0,0.0,1.55,2.41,0.0
20050517:0211,0.0,0.0,0.0,1.14,2.34,0.0
20050517:0311,0.0,0.0,0.0,0.54,2.34,0.0
20050517:0411,0.0,0.0,0.0,0.13,2.34,0.0
20050517:0511,26970.0,33.23,8.46,0.38,2.14,0.0
20050517:0611,126090.0,123.9,16.88,3.06,1.86,0.0
20050517:0711,393180.0,323.88,25.61,5.23,2.69,0.0
20050517:0811,724740.0,565.53,34.26,6.42,3.45,0.0
20050517:0911,278400.0,227.51,42.34,7.28,3.31,0.0
20050517:1011,698160.0,549.04,49.16,8.14,3.59,0.0
20050517:1111,1130895.0,911.21,53.74,8.7,3.38,0.0
20050517:1211,1084485.0,876.82,55.04,9.57,3.31,0.0
20050517:1311,1132545.0,923.42,52.67,10.35,3.17,0.0
20050517:1411,928785.0,748.95,47.3,10.55,2.9,0.0
20050517:1511,890430.0,719.51,40.0,10.9,2.48,0.0
20050517:1611,408240.0,332.67,31.69,10.75,2.0,0.0
20050517:1711,258750.0,220.37,22.97,10.57,1.66,0.0
20050517:1811,73200.0,106.68,14.3,10.08,1.31,0.0
20050517:1911,39780.0,45.47,6.03,9.22,1.38,0.0
20050517:2011,0.0,0.0,0.0,8.11,2.07,0.0
20050517:2111,0.0,0.0,0.0,6.77,2.14,0.0
20050517:2211,0.0,0.0,0.0,5.82,2.14,0.0
20050517:2311,0.0,0.0,0.0,4.99,2.28,0.0
20050518:0011,0.0,0.0,0.0,4.52,2.21,0.0
20050518:0111,0.0,0.0,0.0,3.95,2.07,0.0
20050518:0211,0.0,0.0,0.0,3.43,1.86,0.0
20050518:0311,0.0,0.0,0.0,2.83,1.93,0.0
20050518:0411,0.0,0.0,0.0,2.58,1.79,0.0
20050518:0511,22665.0,29.73,8.63,2.75,1.59,0.0
20050518:0611,122235.0,126.66,17.05,5.17,1.38,0.0
20050518:0711,262605.0,219.64,25.78,7.32,1.31,0.0
20050518:0811,422670.0,339.84,34.43,8.29,1.52,0.0
20050518:0911,480690.0,384.93,42.52,9.29,2.14,0.0
20050518:1011,808590.0,646.49,49.36,9.96,2.76,0.0
20050518:1111,952875.0,768.18,53.96,10.2,2.97,0.0
20050518:1211,965415.0,778.5,55.26,10.85,3.45,0.0
20050518:1311,1097610.0,890.38,52.88,11.55,3.93,0.0
20050518:1411,670635.0,536.66,47.5,12.06,3.93,0.0
20050518:1511,508650.0,409.41,40.19,12.45,4.0,0.0
20050518:1611,138540.0,125.16,31.87,12.71,4.14,0.0
20050518:1711,63495.0,65.82,23.15,12.66,3.93,0.0
20050518:1811,27570.0,35.23,14.48,12.3,4.0,0.0
20050518:1911,2565.0,9.62,6.22,10.98,3.1,0.0
20050518:2011,0.0,0.0,0.0,10.35,3.17,0.0
20050518:2111,0.0,0.0,0.0,9.8,3.45,0.0
20050518:2211,0.0,0.0,0.0,9.36,3.72,0.0
20050518:2311,0.0,0.0,0.0,8.94,3.86,0.0
20050519:0011,0.0,0.0,0.0,8.1,3.93,0.0
20050519:0111,0.0,0.0,0.0,7.67,4.14,0.0
20050519:0211,0.0,0.0,0.0,7.17,4.14,0.0
20050519:0311,0.0,0.0,0.0,6.76,4.28,0.0
20050519:0411,0.0,0.0,0.0,6.85,4.62,0.0
20050519:0511,1395.0,7.87,8.8,6.97,4.69,0.0
20050519:0611,20040.0,27.81,17.22,7.51,4.83,0.0
20050519:0711,33330.0,39.87,25.94,9.17,4.55,0.0
20050519:0811,320775.0,262.04,34.6,10.67,4.55,0.0
20050519:0911,191010.0,165.02,42.7,12.55,6.48,0.0
20050519:1011,213075.0,182.64,49.56,13.53,6.34,0.0
20050519:1111,191460.0,166.88,54.17,14.55,5.93,0.0
20050519:1211,193155.0,168.73,55.48,15.26,5.72,0.0
20050519:1311,635670.0,515.01,53.09,16.03,5.66,0.0
20050519:1411,471030.0,385.6,47.69,16.29,5.38,0.0
20050519:1511,265515.0,226.16,40.38,16.61,4.97,0.0
20050519:1611,100965.0,97.35,32.05,16.56,4.14,0.0
20050519:1711,149460.0,136.03,23.33,16.45,3.31,0.0
20050519:1811,23970.0,32.45,14.66,16.2,2.48,0.0
20050519:1911,33615.0,41.1,6.41,15.32,2.55,0.0
20050519:2011,0.0,0.0,0.0,13.96,2.69,0.0
20050519:2111,0.0,0.0,0.0,12.64,3.17,0.0
20050519:2211,0.0,0.0,0.0,11.99,3.38,0.0
20050519:2311,0.0,0.0,0.0,11.32,3.24,0.0
20050520:0011,0.0,0.0,0.0,11.22,3.66,0.0
20050520:0111,0.0,0.0,0.0,11.44,4.34,0.0
20050520:0211,0.0,0.0,0.0,11.5,4.48,0.0
20050520:0311,0.0,0.0,0.0,11.78,4.55,0.0
20050520:0411,0.0,0.0,0.0,12.05,4.62,0.0
20050520:0511,24390.0,32.35,8.97,12.36,4.62,0.0
20050520:0611,8415.0,16.69,17.38,12.8,4.97,0.0
20050520:0711,251310.0,214.65,26.1,13.7,5.1,0.0
20050520:0811,305610.0,254.34,34.76,14.45,5.45,0.0
20050520:0911,573270.0,458.15,42.87,13.98,6.34,0.0
20050520:1011,537675.0,434.56,49.74,15.09,5.79,0.0
20050520:1111,721485.0,584.33,54.37,16.31,5.66,0.0
20050520:1211,633210.0,515.54,55.69,17.05,5.72,0.0
20050520:1311,148650.0,135.36,53.3,17.34,5.86,0.0
20050520:1411,595815.0,484.97,47.89,17.4,6.21,0.0
20050520:1511,764115.0,617.36,40.56,16.56,5.93,0.0
20050520:1611,308055.0,257.81,32.22,15.7,5.93,0.0
20050520:1711,340920.0,295.39,23.5,14.47,5.45,0.0
20050520:1811,126645.0,119.94,14.83,13.65,4.76,0.0
20050520:1911,46335.0,51.59,6.59,12.69,4.34,0.0
20050520:2011,0.0,0.0,0.0,11.5,3.72,0.0
20050520:2111,0.0,0.0,0.0,10.5,3.59,0.0
20050520:2211,0.0,0.0,0.0,9.69,3.45,0.0
20050520:2311,0.0,0.0,0.0,9.1,3.45,0.0
20050521:0011,0.0,0.0,0.0,8.56,3.38,0.0
20050521:0111,0.0,0.0,0.0,8.16,3.17,0.0
20050521:0211,0.0,0.0,0.0,7.87,3.17,0.0
20050521:0311,0.0,0.0,0.0,7.61,3.17,0.0
20050521:0411,0.0,0.0,0.0,7.45,2.97,0.0
20050521:0511,28935.0,35.85,9.13,7.66,2.69,0.0
20050521:0611,126390.0,122.44,17.53,8.84,2.76,0.0
20050521:0711,317475.0,264.9,26.25,10.19,4.07,0.0
20050521:0811,569535.0,453.43,34.91,11.26,4.34,0.0
20050521:0911,494790.0,396.52,43.04,12.13,4.69,0.0
20050521:1011,581370.0,465.05,49.92,12.76,5.03,0.0
20050521:1111,543645.0,437.27,54.57,13.3,5.17,0.0
20050521:1211,1257600.0,1029.73,55.89,13.62,5.1,0.0
20050521:1311,1280220.0,1055.87,53.5,13.9,4.62,0.0
20050521:1411,781950.0,631.15,48.07,14.12,4.28,0.0
20050521:1511,607860.0,491.58,40.73,14.19,3.79,0.0
20050521:1611,276300.0,232.78,32.39,14.13,3.45,0.0
20050521:1711,174915.0,154.16,23.67,13.31,3.45,0.0
20050521:1811,129105.0,130.25,15.01,11.99,2.28,0.0
20050521:1911,29385.0,36.73,6.77,11.17,2.48,0.0
20050521:2011,0.0,0.0,0.0,10.35,1.93,0.0
20050521:2111,0.0,0.0,0.0,9.24,2.0,0.0
20050521:2211,0.0,0.0,0.0,8.18,2.34,0.0
20050521:2311,0.0,0.0,0.0,7.75,2.48,0.0
20050522:0011,0.0,0.0,0.0,7.84,2.62,0.0
20050522:0111,0.0,0.0,0.0,7.72,2.69,0.0
20050522:0211,0.0,0.0,0.0,7.74,2.69,0.0
20050522:0311,0.0,0.0,0.0,7.45,2.0,0.0
20050522:0411,0.0,0.0,0.0,6.99,0.9,0.0
20050522:0511,2640.0,9.62,9.28,7.31,0.69,0.0
20050522:0611,116055.0,109.32,17.68,8.09,1.59,0.0
20050522:0711,383745.0,320.27,26.4,9.33,3.79,0.0
20050522:0811,451605.0,361.4,35.06,10.49,4.21,0.0
20050522:0911,170850.0,149.26,43.2,11.51,4.55,0.0
20050522:1011,334665.0,274.83,50.1,12.12,4.48,0.0
20050522:1111,908250.0,727.62,54.76,12.98,5.24,0.0
20050522:1211,571620.0,459.5,56.09,13.61,5.52,0.0
20050522:1311,280980.0,235.48,53.7,13.97,5.17,0.0
20050522:1411,482160.0,392.02,48.26,14.32,4.48,0.0
20050522:1511,896160.0,726.32,40.91,14.61,4.14,0.0
20050522:1611,39810.0,46.36,32.56,14.52,4.21,0.0
20050522:1711,220740.0,191.19,23.83,14.28,4.0,0.0
20050522:1811,121140.0,128.89,15.17,13.04,4.55,0.0
20050522:1911,5340.0,13.12,6.94,11.28,2.34,0.0
20050522:2011,0.0,0.0,-0.52,10.42,2.62,0.0
20050522:2111,0.0,0.0,0.0,9.36,2.76,0.0
20050522:2211,0.0,0.0,0.0,8.88,2.62,0.0
20050522:2311,0.0,0.0,0.0,8.43,2.69,0.0
20050523:0011,0.0,0.0,0.0,7.94,2.97,0.0
20050523:0111,0.0,0.0,0.0,7.92,3.45,0.0
20050523:0211,0.0,0.0,0.0,7.79,3.59,0.0
20050523:0311,0.0,0.0,0.0,7.47,3.79,0.0
20050523:0411,0.0,0.0,0.0,7.23,4.07,0.0
20050523:0511,27030.0,34.1,9.43,7.26,4.0,0.0
20050523:0611,115605.0,108.0,17.82,7.94,4.62,0.0
20050523:0711,253815.0,211.5,26.54,8.63,5.31,0.0
20050523:0811,568785.0,447.2,35.21,9.54,5.66,0.0
20050523:0911,787575.0,616.99,43.35,10.55,5.93,0.0
20050523:1011,409650.0,329.47,50.26,11.34,6.41,0.0
20050523:1111,132150.0,119.6,54.94,12.06,7.03,0.0
20050523:1211,474330.0,380.01,56.29,12.08,6.76,0.0
20050523:1311,1235445.0,991.14,53.89,12.84,6.97,0.0
20050523:1411,343545.0,282.16,48.44,13.66,7.1,0.0
20050523:1511,480570.0,386.22,41.08,13.72,7.45,0.0
20050523:1611,347895.0,285.21,32.72,13.5,7.31,0.0
20050523:1711,391830.0,342.23,24.0,13.06,6.62,0.0
20050523:1811,110565.0,126.2,15.34,12.7,6.83,0.0
20050523:1911,11730.0,20.11,7.11,11.57,6.62,0.0
20050523:2011,0.0,0.0,-0.34,10.83,6.62,0.0
20050523:2111,0.0,0.0,0.0,10.24,6.48,0.0
20050523:2211,0.0,0.0,0.0,9.74,6.21,0.0
20050523:2311,0.0,0.0,0.0,9.53,5.86,0.0
20050524:0011,0.0,0.0,0.0,9.45,5.38,0.0
20050524:0111,0.0,0.0,0.0,8.98,4.97,0.0
20050524:0211,0.0,0.0,0.0,8.94,4.62,0.0
20050524:0311,0.0,0.0,0.0,8.81,4.34,0.0
20050524:0411,0.0,0.0,0.0,8.33,3.93,0.0
20050524:0511,285.0,6.12,9.57,8.1,3.66,0.0
20050524:0611,53445.0,56.55,17.96,8.15,3.52,0.0
20050524:0711,45315.0,50.06,26.67,9.21,3.66,0.0
20050524:0811,111675.0,102.91,35.35,9.62,4.34,0.0
20050524:0911,189225.0,162.24,43.5,10.08,4.9,0.0
20050524:1011,294375.0,242.69,50.43,10.8,4.41,0.0
20050524:1111,375255.0,305.5,55.12,12.0,4.97,0.0
20050524:1211,659490.0,531.17,56.48,14.16,4.97,0.0
20050524:1311,363180.0,301.87,54.07,16.07,4.83,0.0
20050524:1411,272415.0,231.19,48.61,16.26,5.1,0.0
20050524:1511,348720.0,290.16,41.24,15.83,4.48,0.0
20050524:1611,211635.0,183.82,32.88,16.05,4.97,0.0
20050524:1711,339225.0,294.43,24.16,15.35,4.14,0.0
20050524:1811,125145.0,118.16,15.5,14.92,4.0,0.0
20050524:1911,42975.0,48.97,7.28,13.82,3.59,0.0
20050524:2011,0.0,0.0,-0.17,13.19,3.24,0.0
20050524:2111,0.0,0.0,0.0,12.5,3.17,0.0
20050524:2211,0.0,0.0,0.0,12.29,3.03,0.0
20050524:2311,0.0,0.0,0.0,12.31,3.24,0.0
20050525:0011,0.0,0.0,0.0,12.28,3.72,0.0
20050525:0111,0.0,0.0,0.0,12.01,3.79,0.0
20050525:0211,0.0,0.0,0.0,11.61,3.38,0.0
20050525:0311,0.0,0.0,0.0,10.91,3.52,0.0
20050525:0411,0.0,0.0,0.0,10.78,3.79,0.0
20050525:0511,255.0,6.12,9.71,11.08,3.59,0.0
20050525:0611,9360.0,17.62,18.09,11.39,3.59,0.0
20050525:0711,38145.0,44.5,26.8,12.06,3.24,0.0
20050525:0811,217905.0,186.09,35.48,12.44,3.72,0.0
20050525:0911,268470.0,225.51,43.64,14.15,6.21,0.0
20050525:1011,322650.0,268.25,50.58,15.44,7.03,0.0
20050525:1111,286170.0,241.43,55.3,16.51,7.03,0.0
20050525:1211,646065.0,524.15,56.66,17.29,6.97,0.0
20050525:1311,911205.0,742.02,54.25,18.39,7.17,0.0
20050525:1411,433770.0,359.48,48.78,18.48,6.07,0.0
20050525:1511,539640.0,443.02,41.41,19.19,6.76,0.0
20050525:1611,318825.0,270.1,33.04,19.28,6.62,0.0
20050525:1711,307935.0,269.88,24.31,19.16,5.66,0.0
20050525:1811,132600.0,133.55,15.66,18.76,4.97,0.0
20050525:1911,47175.0,53.34,7.44,17.75,4.69,0.0
20050525:2011,0.0,1.75,0.0,16.69,4.62,0.0
20050525:2111,0.0,0.0,0.0,15.82,4.76,0.0
20050525:2211,0.0,0.0,0.0,15.47,4.83,0.0
20050525:2311,0.0,0.0,0.0,14.96,4.97,0.0
20050526:0011,0.0,0.0,0.0,14.2,4.9,0.0
20050526:0111,0.0,0.0,0.0,13.57,4.69,0.0
20050526:0211,0.0,0.0,0.0,13.17,4.41,0.0
20050526:0311,0.0,0.0,0.0,12.96,4.14,0.0
20050526:0411,0.0,0.0,0.0,12.76,4.07,0.0
20050526:0511,13380.0,21.86,9.84,12.49,4.0,0.0
20050526:0611,67875.0,69.53,18.21,13.16,3.72,0.0
20050526:0711,193380.0,169.79,26.92,15.03,3.86,0.0
20050526:0811,178650.0,157.76,35.6,15.45,4.9,0.0
20050526:0911,235170.0,201.46,43.77,15.72,6.14,0.0
20050526:1011,142725.0,129.79,50.73,15.63,5.59,0.0
20050526:1111,182910.0,161.32,55.46,15.94,5.45,0.0
20050526:1211,637485.0,518.44,56.84,16.56,5.45,0.0
20050526:1311,1054890.0,865.72,54.43,17.21,5.66,0.0
20050526:1411,1128540.0,925.96,48.95,17.42,5.86,0.0
20050526:1511,925590.0,752.33,41.56,17.23,5.66,0.0
20050526:1611,462150.0,380.47,33.19,16.79,5.24,0.0
20050526:1711,383670.0,340.95,24.46,16.2,4.76,0.0
20050526:1811,86265.0,119.39,15.81,15.57,3.59,0.0
20050526:1911,40755.0,47.22,7.6,14.58,2.62,0.0
20050526:2011,0.0,1.75,0.16,13.12,2.34,0.0
20050526:2111,0.0,0.0,0.0,11.7,2.0,0.0
20050526:2211,0.0,0.0,0.0,10.29,1.93,0.0
20050526:2311,0.0,0.0,0.0,9.67,1.93,0.0
20050527:0011,0.0,0.0,0.0,9.69,1.59,0.0
20050527:0111,0.0,0.0,0.0,9.76,1.45,0.0
20050527:0211,0.0,0.0,0.0,9.51,1.31,0.0
20050527:0311,0.0,0.0,0.0,9.26,1.1,0.0
20050527:0411,0.0,0.0,0.0,9.76,0.55,0.0
20050527:0511,2580.0,9.62,9.96,10.02,0.21,0.0
20050527:0611,42660.0,48.21,18.33,10.62,0.21,0.0
20050527:0711,48855.0,53.77,27.04,12.53,1.17,0.0
20050527:0811,466065.0,383.1,35.72,14.02,1.66,0.0
20050527:0911,738120.0,603.29,43.9,15.6,2.76,0.0
20050527:1011,936255.0,770.68,50.87,16.79,3.79,0.0
20050527:1111,936135.0,769.63,55.62,17.29,4.62,0.0
20050527:1211,663375.0,541.75,57.01,17.4,5.24,0.0
20050527:1311,285840.0,241.97,54.6,16.69,5.52,0.0
20050527:1411,95760.0,92.71,49.11,15.51,5.03,0.0
20050527:1511,94995.0,91.78,41.72,14.59,4.62,0.0
20050527:1611,86055.0,84.37,33.34,13.76,4.21,0.0
20050527:1711,142455.0,128.72,24.61,13.65,4.48,0.0
20050527:1811,83925.0,82.51,15.96,13.3,4.07,0.0
20050527:1911,53850.0,57.71,7.75,11.91,4.21,0.0
20050527:2011,0.0,3.5,0.32,11.25,4.21,0.0
20050527:2111,0.0,0.0,0.0,10.51,3.72,0.0
20050527:2211,0.0,0.0,0.0,10.1,3.38,0.0
20050527:2311,0.0,0.0,0.0,10.05,3.03,0.0
20050528:0011,0.0,0.0,0.0,10.29,2.62,0.0
20050528:0111,0.0,0.0,0.0,10.01,2.07,0.0
20050528:0211,0.0,0.0,0.0,9.98,1.45,0.0
20050528:0311,0.0,0.0,0.0,9.65,0.48,0.0
20050528:0411,0.0,0.0,0.0,9.08,1.66,0.0
20050528:0511,36510.0,42.85,10.08,10.5,2.76,0.0
20050528:0611,65760.0,67.68,18.44,12.63,3.59,0.0
20050528:0711,342390.0,290.77,27.15,14.69,4.76,0.0
20050528:0811,616935.0,496.87,35.84,16.04,6.76,0.0
20050528:0911,818100.0,655.03,44.02,16.51,7.38,0.0
20050528:1011,934260.0,748.06,51.01,16.87,8.97,0.0
20050528:1111,981795.0,788.25,55.77,17.45,10.0,0.0
20050528:1211,689280.0,554.6,57.17,17.26,9.72,0.0
20050528:1311,539865.0,438.08,54.76,17.22,9.03,0.0
20050528:1411,297375.0,250.06,49.27,16.88,8.41,0.0
20050528:1511,570480.0,460.48,41.87,16.82,8.62,0.0
20050528:1611,117720.0,110.33,33.49,16.44,8.76,0.0
20050528:1711,230745.0,198.94,24.76,15.34,7.52,0.0
20050528:1811,130155.0,137.57,16.11,14.77,8.14,0.0
20050528:1911,58710.0,62.09,7.9,13.81,8.28,0.0
20050528:2011,0.0,5.25,0.48,13.1,8.07,0.0
20050528:2111,0.0,0.0,0.0,12.53,7.86,0.0
20050528:2211,0.0,0.0,0.0,11.89,7.52,0.0
20050528:2311,0.0,0.0,0.0,11.31,7.03,0.0
20050529:0011,0.0,0.0,0.0,10.77,6.28,0.0
20050529:0111,0.0,0.0,0.0,10.48,5.66,0.0
20050529:0211,0.0,0.0,0.0,10.02,4.9,0.0
20050529:0311,0.0,0.0,0.0,9.63,4.41,0.0
20050529:0411,0.0,0.0,0.0,9.1,3.93,0.0
20050529:0511,39855.0,45.47,10.19,9.21,3.93,0.0
20050529:0611,104325.0,98.49,18.55,9.86,4.34,0.0
20050529:0711,269955.0,225.71,27.26,10.73,5.93,0.0
20050529:0811,702135.0,554.5,35.94,11.54,5.79,0.0
20050529:0911,813870.0,643.76,44.13,12.24,5.66,0.0
20050529:1011,1008570.0,803.51,51.14,12.71,6.07,0.0
20050529:1111,1178205.0,950.02,55.92,13.08,6.0,0.0
20050529:1211,1185585.0,962.34,57.33,13.7,5.79,0.0
20050529:1311,1182375.0,963.89,54.92,13.86,5.24,0.0
20050529:1411,1028775.0,833.35,49.42,14.43,5.17,0.0
20050529:1511,706185.0,567.72,42.01,14.33,4.97,0.0
20050529:1611,394605.0,323.67,33.63,14.06,4.62,0.0
20050529:1711,373035.0,321.87,24.9,13.62,3.86,0.0
20050529:1811,148455.0,141.42,16.25,13.22,3.1,0.0
20050529:1911,9150.0,17.49,8.05,12.92,2.34,0.0
20050529:2011,0.0,3.5,0.63,11.63,2.14,0.0
20050529:2111,0.0,0.0,0.0,10.08,2.14,0.0
20050529:2211,0.0,0.0,0.0,8.5,2.21,0.0
20050529:2311,0.0,0.0,0.0,7.42,2.21,0.0
20050530:0011,0.0,0.0,0.0,6.76,2.28,0.0
20050530:0111,0.0,0.0,0.0,6.27,2.21,0.0
20050530:0211,0.0,0.0,0.0,5.92,2.28,0.0
20050530:0311,0.0,0.0,0.0,5.8,2.41,0.0
20050530:0411,0.0,0.0,0.0,5.68,2.41,0.0
20050530:0511,33195.0,39.35,10.3,6.23,2.14,0.0
20050530:0611,139200.0,139.37,18.65,8.34,1.86,0.0
20050530:0711,371160.0,311.02,27.35,10.28,2.55,0.0
20050530:0811,674190.0,541.83,36.04,11.33,2.48,0.0
20050530:0911,925365.0,751.57,44.24,12.47,2.55,0.0
20050530:1011,1098825.0,910.08,51.26,13.18,2.55,0.0
20050530:1111,1126800.0,943.29,56.06,13.81,2.48,0.0
20050530:1211,1027695.0,856.92,57.48,14.51,2.55,0.0
20050530:1311,1047120.0,876.61,55.07,15.09,2.55,0.0
20050530:1411,1101090.0,924.06,49.57,15.53,2.62,0.0
20050530:1511,704295.0,578.08,42.15,15.73,2.69,0.0
20050530:1611,250515.0,214.84,33.77,15.81,2.62,0.0
20050530:1711,116430.0,109.4,25.03,15.48,2.48,0.0
20050530:1811,93540.0,126.58,16.39,14.73,2.41,0.0
20050530:1911,46080.0,51.59,8.19,13.63,3.1,0.0
20050530:2011,0.0,1.75,0.78,12.02,3.45,0.0
20050530:2111,0.0,0.0,0.0,10.43,3.86,0.0
20050530:2211,0.0,0.0,0.0,9.5,3.86,0.0
20050530:2311,0.0,0.0,0.0,8.84,3.31,0.0
20050531:0011,0.0,0.0,0.0,8.26,2.83,0.0
20050531:0111,0.0,0.0,0.0,7.52,2.69,0.0
20050531:0211,0.0,0.0,0.0,7.06,2.62,0.0
20050531:0311,0.0,0.0,0.0,6.72,2.41,0.0
20050531:0411,0.0,0.0,0.0,6.23,2.14,0.0
20050531:0511,33165.0,39.35,10.4,6.32,1.79,0.0
20050531:0611,129000.0,142.36,18.75,8.46,1.86,0.0
20050531:0711,379110.0,317.96,27.45,9.86,2.07,0.0
20050531:0811,637470.0,513.02,36.14,10.93,2.07,0.0
20050531:0911,882135.0,716.94,44.35,11.53,1.93,0.0
20050531:1011,1060890.0,882.3,51.38,12.3,1.79,0.0
20050531:1111,1069035.0,897.61,56.19,12.76,1.66,0.0
20050531:1211,1030695.0,864.76,57.63,13.27,1.72,0.0
20050531:1311,1012395.0,844.39,55.22,13.58,2.07,0.0
20050531:1411,334485.0,278.88,49.71,13.64,1.93,0.0
20050531:1511,202635.0,176.15,42.29,13.84,1.93,0.0
20050531:1611,140070.0,127.01,33.9,13.51,2.62,0.0
20050531:1711,98865.0,94.56,25.17,13.46,2.9,0.0
20050531:1811,100665.0,95.72,16.53,12.54,3.79,0.0
20050531:1911,38430.0,44.6,8.33,11.15,3.72,0.0
20050531:2011,270.0,6.12,0.92,9.81,3.24,0.0
20050531:2111,0.0,0.0,0.0,8.73,2.83,0.0
20050531:2211,0.0,0.0,0.0,8.62,2.55,0.0
20050531:2311,0.0,0.0,0.0,8.25,2.48,0.0
20050601:0011,0.0,0.0,0.0,8.23,0.0,0.0
20050601:0111,0.0,0.0,0.0,8.07,0.0,0.0
20050601:0211,0.0,0.0,0.0,7.72,2.55,0.0
20050601:0311,0.0,0.0,0.0,7.45,2.48,0.0
20050601:0411,0.0,0.0,0.0,7.27,2.41,0.0
20050601:0511,810.0,7.0,10.49,8.11,2.55,0.0
20050601:0611,15990.0,24.1,18.83,8.61,2.76,0.0
20050601:0711,27045.0,34.3,27.53,8.68,3.79,0.0
20050601:0811,91620.0,87.15,36.23,9.08,4.14,0.0
20050601:0911,157710.0,138.14,44.44,9.63,4.41,0.0
20050601:1011,181785.0,156.68,51.49,10.21,4.97,0.0
20050601:1111,243300.0,203.96,56.32,11.19,5.38,0.0
20050601:1211,179100.0,155.75,57.77,11.93,5.03,0.0
20050601:1311,224310.0,190.98,55.36,12.61,4.41,0.0
20050601:1411,94545.0,90.86,49.85,13.04,4.34,0.0
20050601:1511,160800.0,142.77,42.42,13.48,4.41,0.0
20050601:1611,137925.0,125.16,34.03,13.6,4.07,0.0
20050601:1711,151710.0,136.13,25.3,13.78,3.52,0.0
20050601:1811,147795.0,143.32,16.66,14.07,3.59,0.0
20050601:1911,5955.0,13.99,8.46,14.68,4.0,0.0
20050601:2011,0.0,1.75,1.06,14.51,3.86,0.0
20050601:2111,0.0,0.0,0.0,14.04,3.86,0.0
20050601:2211,0.0,0.0,0.0,13.73,4.21,0.0
20050601:2311,0.0,0.0,0.0,13.68,4.28,0.0
20050602:0011,0.0,0.0,0.0,13.55,4.41,0.0
20050602:0111,0.0,0.0,0.0,13.43,4.0,0.0
20050602:0211,0.0,0.0,0.0,13.3,3.66,0.0
20050602:0311,0.0,0.0,0.0,13.27,3.31,0.0
20050602:0411,0.0,0.0,0.0,13.19,3.17,0.0
20050602:0511,750.0,7.0,10.58,13.23,3.38,0.0
20050602:0611,15555.0,24.1,18.92,13.55,4.07,0.0
20050602:0711,23295.0,31.52,27.61,13.87,4.14,0.0
20050602:0811,52950.0,57.48,36.31,14.37,5.52,0.0
20050602:0911,195960.0,170.59,44.53,14.93,6.14,0.0
20050602:1011,138375.0,126.09,51.59,15.05,5.52,0.0
20050602:1111,308640.0,258.1,56.44,15.22,5.38,0.0
20050602:1211,207930.0,180.79,57.9,16.08,5.79,0.0
20050602:1311,224565.0,194.69,55.5,17.13,5.31,0.0
20050602:1411,252210.0,216.94,49.98,17.9,5.45,0.0
20050602:1511,264765.0,226.7,42.55,17.89,5.45,0.0
20050602:1611,105180.0,101.05,34.16,17.46,4.62,0.0
20050602:1711,300420.0,259.29,25.42,16.97,4.55,0.0
20050602:1811,88350.0,87.15,16.78,16.48,4.48,0.0
20050602:1911,58035.0,62.09,8.59,15.73,4.21,0.0
20050602:2011,0.0,5.25,1.19,14.88,4.07,0.0
20050602:2111,0.0,0.0,0.0,13.89,4.07,0.0
20050602:2211,0.0,0.0,0.0,13.07,3.93,0.0
20050602:2311,0.0,0.0,0.0,12.46,4.0,0.0
20050603:0011,0.0,0.0,0.0,12.08,4.14,0.0
20050603:0111,0.0,0.0,0.0,12.03,4.07,0.0
20050603:0211,0.0,0.0,0.0,12.08,3.86,0.0
20050603:0311,0.0,0.0,0.0,12.35,3.72,0.0
20050603:0411,0.0,0.0,0.0,12.49,3.59,0.0
20050603:0511,18705.0,27.11,10.66,12.88,3.52,0.0
20050603:0611,56520.0,60.26,18.99,13.3,3.45,0.0
20050603:0711,126990.0,116.82,27.69,14.18,4.9,0.0
20050603:0811,321270.0,267.22,36.39,14.93,5.03,0.0
20050603:0911,744930.0,601.29,44.62,15.7,4.83,0.0
20050603:1011,946950.0,772.18,51.69,16.52,4.97,0.0
20050603:1111,255330.0,218.8,56.55,16.85,4.34,0.0
20050603:1211,585570.0,481.43,58.03,17.23,4.07,0.0
20050603:1311,281475.0,240.12,55.63,17.4,3.86,0.0
20050603:1411,63180.0,66.75,50.11,17.01,2.97,0.0
20050603:1511,204735.0,179.86,42.67,16.97,2.76,0.0
20050603:1611,300810.0,255.11,34.28,16.47,2.55,0.0
20050603:1711,28050.0,36.16,25.54,15.77,2.55,0.0
20050603:1811,14445.0,23.18,16.9,15.47,2.41,0.0
20050603:1911,3795.0,11.37,8.72,14.8,2.76,0.0
20050603:2011,3840.0,11.37,1.32,13.56,3.17,0.0
20050603:2111,0.0,0.0,0.0,12.59,3.17,0.0
20050603:2211,0.0,0.0,0.0,12.05,2.97,0.0
20050603:2311,0.0,0.0,0.0,11.62,2.83,0.0
20050604:0011,0.0,0.0,0.0,11.27,3.03,0.0
20050604:0111,0.0,0.0,0.0,10.97,3.1,0.0
20050604:0211,0.0,0.0,0.0,10.66,2.97,0.0
20050604:0311,0.0,0.0,0.0,10.65,2.9,0.0
20050604:0411,0.0,0.0,0.0,10.62,2.9,0.0
20050604:0511,26460.0,34.1,10.74,11.14,3.17,0.0
20050604:0611,22515.0,30.59,19.06,12.06,4.55,0.0
20050604:0711,69270.0,70.46,27.76,12.63,5.59,0.0
20050604:0811,302070.0,249.97,36.46,12.94,5.66,0.0
20050604:0911,234840.0,199.58,44.69,13.49,5.03,0.0
20050604:1011,286350.0,239.52,51.78,13.91,5.17,0.0
20050604:1111,447180.0,363.69,56.66,14.26,5.66,0.0
20050604:1211,320925.0,266.45,58.15,14.45,5.93,0.0
20050604:1311,985440.0,791.88,55.76,14.4,6.41,0.0
20050604:1411,752025.0,600.73,50.23,14.44,6.76,0.0
20050604:1511,700350.0,559.76,42.79,15.06,7.24,0.0
20050604:1611,357885.0,295.48,34.39,15.23,6.48,0.0
20050604:1711,242730.0,208.44,25.66,15.0,5.52,0.0
20050604:1811,51705.0,56.55,17.02,14.84,4.9,0.0
20050604:1911,23235.0,31.48,8.84,13.98,4.28,0.0
20050604:2011,0.0,2.62,1.44,13.06,3.79,0.0
20050604:2111,0.0,0.0,0.0,12.52,3.72,0.0
20050604:2211,0.0,0.0,0.0,12.23,3.86,0.0
20050604:2311,0.0,0.0,0.0,11.98,3.72,0.0
20050605:0011,0.0,0.0,0.0,11.65,3.31,0.0
20050605:0111,0.0,0.0,0.0,11.46,3.03,0.0
20050605:0211,0.0,0.0,0.0,11.09,2.76,0.0
20050605:0311,0.0,0.0,0.0,10.99,2.55,0.0
20050605:0411,0.0,0.0,0.0,11.21,2.21,0.0
20050605:0511,21630.0,29.73,10.81,11.4,1.79,0.0
20050605:0611,59145.0,62.12,19.13,11.64,1.52,0.0
20050605:0711,150375.0,134.25,27.82,11.7,2.0,0.0
20050605:0811,203775.0,175.48,36.52,11.99,2.21,0.0
20050605:0911,401775.0,328.69,44.77,12.27,2.21,0.0
20050605:1011,317355.0,263.69,51.86,12.74,2.62,0.0
20050605:1111,446790.0,364.58,56.76,12.82,2.83,0.0
20050605:1211,357450.0,294.48,58.27,12.57,2.9,0.0
20050605:1311,236655.0,201.18,55.88,12.79,2.97,0.0
20050605:1411,220095.0,188.2,50.35,12.64,3.17,0.0
20050605:1511,147495.0,131.65,42.91,11.68,3.38,0.0
20050605:1611,108165.0,101.05,34.51,11.44,3.1,0.0
20050605:1711,70800.0,71.39,25.77,11.13,2.69,0.0
20050605:1811,101325.0,95.74,17.13,10.87,2.34,0.0
20050605:1911,10935.0,19.24,8.95,10.59,2.34,0.0
20050605:2011,0.0,2.62,1.56,10.25,2.41,0.0
20050605:2111,0.0,0.0,0.0,9.88,2.34,0.0
20050605:2211,0.0,0.0,0.0,9.58,2.07,0.0
20050605:2311,0.0,0.0,0.0,9.32,1.79,0.0
20050606:0011,0.0,0.0,0.0,9.35,1.93,0.0
20050606:0111,0.0,0.0,0.0,9.31,2.21,0.0
20050606:0211,0.0,0.0,0.0,9.22,2.34,0.0
20050606:0311,0.0,0.0,0.0,9.09,2.62,0.0
20050606:0411,0.0,0.0,0.0,8.94,2.76,0.0
20050606:0511,3975.0,11.37,10.87,8.94,2.83,0.0
20050606:0611,84690.0,82.01,19.19,9.2,2.9,0.0
20050606:0711,317925.0,263.78,27.88,9.64,3.86,0.0
20050606:0811,515070.0,409.71,36.58,9.98,4.0,0.0
20050606:0911,491205.0,391.89,44.83,10.48,4.14,0.0
20050606:1011,613260.0,487.76,51.94,11.06,4.41,0.0
20050606:1111,850800.0,679.36,56.85,11.54,4.48,0.0
20050606:1211,668295.0,534.66,58.37,11.98,4.34,0.0
20050606:1311,1022925.0,826.95,55.99,11.99,4.14,0.0
20050606:1411,954645.0,767.39,50.46,12.11,4.28,0.0
20050606:1511,693660.0,552.91,43.02,11.89,4.41,0.0
20050606:1611,664755.0,532.09,34.61,11.48,4.34,0.0
20050606:1711,406320.0,347.77,25.88,11.3,4.34,0.0
20050606:1811,132510.0,144.97,17.24,10.76,3.79,0.0
20050606:1911,70575.0,70.83,9.06,9.87,3.31,0.0
20050606:2011,795.0,7.0,1.67,9.13,2.69,0.0
20050606:2111,0.0,0.0,0.0,7.8,2.14,0.0
20050606:2211,0.0,0.0,0.0,6.62,2.14,0.0
20050606:2311,0.0,0.0,0.0,5.75,2.0,0.0
20050607:0011,0.0,0.0,0.0,4.87,2.07,0.0
20050607:0111,0.0,0.0,0.0,4.22,2.07,0.0
20050607:0211,0.0,0.0,0.0,3.71,2.07,0.0
20050607:0311,0.0,0.0,0.0,3.21,2.07,0.0
20050607:0411,0.0,0.0,0.0,2.81,2.0,0.0
20050607:0511,45195.0,48.97,10.93,3.61,1.52,0.0
20050607:0611,145425.0,135.15,19.24,6.91,1.1,0.0
20050607:0711,370740.0,309.4,27.93,8.47,1.38,0.0
20050607:0811,656400.0,531.54,36.63,9.56,0.83,0.0
20050607:0911,899595.0,747.98,44.89,10.66,0.34,0.0
20050607:1011,1067805.0,909.66,52.01,11.78,0.55,0.0
20050607:1111,1181550.0,1016.57,56.94,12.84,1.1,0.0
20050607:1211,1221975.0,1053.59,58.47,13.82,1.52,0.0
20050607:1311,1213170.0,1038.65,56.1,14.73,2.0,0.0
20050607:1411,1025055.0,860.29,50.57,15.4,2.21,0.0
20050607:1511,896460.0,745.49,43.12,15.89,2.21,0.0
20050607:1611,674850.0,559.76,34.72,16.12,2.34,0.0
20050607:1711,394245.0,346.94,25.98,16.15,2.41,0.0
20050607:1811,123270.0,144.02,17.35,15.9,2.34,0.0
20050607:1911,65490.0,68.21,9.17,15.15,2.28,0.0
20050607:2011,0.0,2.62,1.78,13.68,2.62,0.0
20050607:2111,0.0,0.0,0.0,12.2,2.69,0.0
20050607:2211,0.0,0.0,0.0,11.08,2.69,0.0
20050607:2311,0.0,0.0,0.0,9.94,2.62,0.0
20050608:0011,0.0,0.0,0.0,8.96,2.62,0.0
20050608:0111,0.0,0.0,0.0,8.28,2.41,0.0
20050608:0211,0.0,0.0,0.0,7.56,2.14,0.0
20050608:0311,0.0,0.0,0.0,6.7,1.93,0.0
20050608:0411,0.0,0.0,0.0,6.04,1.66,0.0
20050608:0511,47610.0,51.59,10.98,6.91,1.1,0.0
20050608:0611,143805.0,137.88,19.29,10.03,0.9,0.0
20050608:0711,377805.0,323.64,27.98,13.03,1.24,0.0
20050608:0811,652305.0,536.81,36.68,14.75,1.66,0.0
20050608:0911,862710.0,719.9,44.94,16.08,1.59,0.0
20050608:1011,1035525.0,886.13,52.07,17.17,1.52,0.0
20050608:1111,1123965.0,971.77,57.02,18.12,1.93,0.0
20050608:1211,1099245.0,948.26,58.57,18.73,2.21,0.0
20050608:1311,895065.0,758.41,56.2,18.85,2.28,0.0
20050608:1411,838800.0,706.51,50.67,19.17,2.48,0.0
20050608:1511,304605.0,261.04,43.22,19.15,2.76,0.0
20050608:1611,193410.0,172.44,34.82,19.23,3.31,0.0
20050608:1711,372030.0,326.85,26.08,18.62,3.45,0.0
20050608:1811,147285.0,153.38,17.45,17.89,3.38,0.0
20050608:1911,48360.0,54.22,9.27,16.97,3.31,0.0
20050608:2011,225.0,6.12,1.88,15.22,2.69,0.0
20050608:2111,0.0,0.0,0.0,13.54,2.41,0.0
20050608:2211,0.0,0.0,0.0,12.11,2.34,0.0
20050608:2311,0.0,0.0,0.0,10.85,2.34,0.0
20050609:0011,0.0,0.0,0.0,9.94,2.28,0.0
20050609:0111,0.0,0.0,0.0,9.06,2.21,0.0
20050609:0211,0.0,0.0,0.0,8.48,2.14,0.0
20050609:0311,0.0,0.0,0.0,7.88,2.14,0.0
20050609:0411,0.0,0.0,0.0,7.47,2.21,0.0
20050609:0511,43110.0,48.1,11.03,8.27,1.93,0.0
20050609:0611,142140.0,138.25,19.33,11.23,1.93,0.0
20050609:0711,383655.0,329.48,28.01,13.59,1.79,0.0
20050609:0811,654645.0,539.95,36.72,15.66,1.86,0.0
20050609:0911,875805.0,731.44,44.99,17.12,1.93,0.0
20050609:1011,995040.0,842.62,52.13,18.41,2.34,0.0
20050609:1111,908775.0,767.27,57.09,19.45,2.83,0.0
20050609:1211,149640.0,138.14,58.66,19.95,2.9,0.0
20050609:1311,357765.0,304.41,56.3,20.05,3.31,0.0
20050609:1411,412305.0,347.29,50.77,19.7,3.52,0.0
20050609:1511,584580.0,486.57,43.32,19.8,3.59,0.0
20050609:1611,308445.0,264.55,34.91,19.81,3.17,0.0
20050609:1711,57900.0,63.04,26.18,19.92,3.38,0.0
20050609:1811,147705.0,140.28,17.54,19.46,2.76,0.0
20050609:1911,65385.0,69.08,9.36,18.2,0.69,0.0
20050609:2011,0.0,2.62,1.97,17.53,0.34,0.0
20050609:2111,0.0,0.0,0.0,15.49,1.59,0.0
20050609:2211,0.0,0.0,0.0,14.55,2.34,0.0
20050609:2311,0.0,0.0,0.0,14.24,2.97,0.0
20050610:0011,0.0,0.0,0.0,13.87,3.66,0.0
20050610:0111,0.0,0.0,0.0,12.91,4.41,0.0
20050610:0211,0.0,0.0,0.0,12.03,4.62,0.0
20050610:0311,0.0,0.0,0.0,11.29,4.69,0.0
20050610:0411,0.0,0.0,0.0,10.93,4.55,0.0
20050610:0511,13530.0,21.86,11.07,10.53,4.41,0.0
20050610:0611,73500.0,73.24,19.36,10.36,4.62,0.0
20050610:0711,147075.0,130.52,28.05,10.44,4.76,0.0
20050610:0811,323655.0,264.41,36.76,10.86,4.9,0.0
20050610:0911,377475.0,305.81,45.03,11.19,4.69,0.0
20050610:1011,996360.0,797.14,52.18,11.68,4.55,0.0
20050610:1111,1184310.0,963.92,57.16,12.36,4.41,0.0
20050610:1211,1248375.0,1025.03,58.74,12.39,4.14,0.0
20050610:1311,1230870.0,1013.48,56.38,12.53,3.79,0.0
20050610:1411,1112520.0,909.69,50.86,12.66,3.52,0.0
20050610:1511,946890.0,766.91,43.41,12.57,3.24,0.0
20050610:1611,716085.0,580.6,35.0,12.55,3.1,0.0
20050610:1711,420015.0,364.33,26.26,12.2,3.17,0.0
20050610:1811,113805.0,140.54,17.63,11.74,3.03,0.0
20050610:1911,50745.0,55.09,9.45,11.51,2.62,0.0
20050610:2011,11775.0,20.11,2.07,10.83,1.45,0.0
20050610:2111,0.0,0.0,0.0,10.25,1.03,0.0
20050610:2211,0.0,0.0,0.0,9.76,0.48,0.0
20050610:2311,0.0,0.0,0.0,9.51,0.48,0.0
20050611:0011,0.0,0.0,0.0,8.11,1.1,0.0
20050611:0111,0.0,0.0,0.0,8.16,0.97,0.0
20050611:0211,0.0,0.0,0.0,8.2,1.03,0.0
20050611:0311,0.0,0.0,0.0,8.77,1.17,0.0
20050611:0411,0.0,0.87,3.53,9.13,1.24,0.0
20050611:0511,36705.0,42.85,11.1,9.29,1.45,0.0
20050611:0611,30045.0,37.08,19.39,9.46,1.66,0.0
20050611:0711,75885.0,75.1,28.08,9.65,1.79,0.0
20050611:0811,226785.0,191.46,36.79,9.79,2.0,0.0
20050611:0911,312225.0,257.22,45.07,10.88,2.83,0.0
20050611:1011,670815.0,538.51,52.23,11.66,3.03,0.0
20050611:1111,674370.0,542.67,57.22,11.98,3.17,0.0
20050611:1211,622185.0,500.35,58.81,12.6,4.0,0.0
20050611:1311,590445.0,475.28,56.47,13.09,4.41,0.0
20050611:1411,480165.0,389.01,50.95,13.17,4.21,0.0
20050611:1511,594480.0,478.67,43.5,13.19,3.93,0.0
20050611:1611,473265.0,385.58,35.09,13.34,3.38,0.0
20050611:1711,216900.0,187.33,26.35,13.43,2.48,0.0
20050611:1811,114075.0,107.12,17.72,13.23,1.03,0.0
20050611:1911,72705.0,73.45,9.54,12.39,0.76,0.0
20050611:2011,2550.0,9.62,2.15,11.73,1.86,0.0
20050611:2111,0.0,0.0,0.0,11.02,2.48,0.0
20050611:2211,0.0,0.0,0.0,10.77,2.97,0.0
20050611:2311,0.0,0.0,0.0,10.66,3.24,0.0
20050612:0011,0.0,0.0,0.0,10.43,3.24,0.0
20050612:0111,0.0,0.0,0.0,10.51,3.1,0.0
20050612:0211,0.0,0.0,0.0,9.98,3.03,0.0
20050612:0311,0.0,0.0,0.0,9.55,2.97,0.0
20050612:0411,0.0,4.37,3.56,9.29,3.03,0.0
20050612:0511,21855.0,29.73,11.13,9.62,3.24,0.0
20050612:0611,58635.0,61.19,19.42,9.98,3.79,0.0
20050612:0711,130350.0,117.74,28.1,10.6,4.34,0.0
20050612:0811,370995.0,301.9,36.81,11.63,4.07,0.0
20050612:0911,592455.0,474.03,45.09,11.62,3.38,0.0
20050612:1011,415215.0,337.12,52.26,11.97,3.72,0.0
20050612:1111,701160.0,558.63,57.27,11.07,4.14,0.0
20050612:1211,660060.0,526.39,58.88,11.37,4.41,0.0
20050612:1311,191835.0,165.02,56.54,11.02,4.21,0.0
20050612:1411,448410.0,359.73,51.03,10.7,4.69,0.0
20050612:1511,140295.0,125.16,43.58,10.29,4.9,0.0
20050612:1611,218865.0,184.58,35.17,9.93,4.76,0.0
20050612:1711,75045.0,74.17,26.43,9.2,3.72,0.0
20050612:1811,136770.0,149.5,17.8,9.15,2.69,0.0
20050612:1911,76260.0,75.2,9.62,9.15,2.48,0.0
20050612:2011,11070.0,19.24,2.23,8.63,2.55,0.0
20050612:2111,0.0,0.0,0.0,7.66,2.9,0.0
20050612:2211,0.0,0.0,0.0,7.51,2.83,0.0
20050612:2311,0.0,0.0,0.0,7.0,2.76,0.0
20050613:0011,0.0,0.0,0.0,6.44,2.83,0.0
20050613:0111,0.0,0.0,0.0,6.01,2.83,0.0
20050613:0211,0.0,0.0,0.0,5.73,2.9,0.0
20050613:0311,0.0,0.0,0.0,5.68,2.97,0.0
20050613:0411,0.0,0.87,3.59,6.05,3.03,0.0
20050613:0511,1395.0,7.87,11.15,7.26,3.31,0.0
20050613:0611,11295.0,19.47,19.44,8.66,3.93,0.0
20050613:0711,60960.0,63.04,28.12,9.78,3.45,0.0
20050613:0811,206370.0,175.45,36.83,10.61,5.52,0.0
20050613:0911,277665.0,229.72,45.12,11.12,5.79,0.0
20050613:1011,142035.0,127.01,52.3,11.2,4.48,0.0
20050613:1111,86910.0,84.37,57.32,11.81,4.55,0.0
20050613:1211,79755.0,78.8,58.94,12.38,5.72,0.0
20050613:1311,172605.0,151.12,56.62,12.46,5.1,0.0
20050613:1411,113685.0,105.69,51.1,12.66,5.24,0.0
20050613:1511,232965.0,197.47,43.65,12.58,4.76,0.0
20050613:1611,177585.0,154.83,35.24,12.22,4.83,0.0
20050613:1711,85680.0,83.44,26.51,12.0,4.76,0.0
20050613:1811,63750.0,65.82,17.87,11.93,4.34,0.0
20050613:1911,9240.0,17.49,9.7,11.44,5.03,0.0
20050613:2011,0.0,4.37,2.31,11.2,4.9,0.0
20050613:2111,0.0,0.0,0.0,11.01,4.83,0.0
20050613:2211,0.0,0.0,0.0,11.0,4.69,0.0
20050613:2311,0.0,0.0,0.0,10.88,4.55,0.0
20050614:0011,0.0,0.0,0.0,10.75,4.41,0.0
20050614:0111,0.0,0.0,0.0,10.63,4.34,0.0
20050614:0211,0.0,0.0,0.0,10.23,4.28,0.0
20050614:0311,0.0,0.0,0.0,10.27,4.14,0.0
20050614:0411,0.0,0.87,3.61,10.24,4.07,0.0
20050614:0511,1350.0,7.87,11.17,10.38,4.0,0.0
20050614:0611,81645.0,80.14,19.45,10.99,3.45,0.0
20050614:0711,220050.0,187.84,28.13,11.52,4.0,0.0
20050614:0811,118440.0,109.4,36.84,12.59,4.9,0.0
20050614:0911,349470.0,287.1,45.13,13.36,5.03,0.0
20050614:1011,268710.0,225.29,52.32,13.41,5.72,0.0
20050614:1111,302475.0,250.66,57.36,12.94,5.66,0.0
20050614:1211,249900.0,210.45,58.99,12.73,5.1,0.0
20050614:1311,399195.0,324.97,56.68,12.8,5.17,0.0
20050614:1411,135930.0,123.31,51.17,13.46,6.14,0.0
20050614:1511,142980.0,128.87,43.72,13.63,5.93,0.0
20050614:1611,80295.0,79.73,35.31,13.9,5.38,0.0
20050614:1711,136665.0,124.23,26.58,13.88,4.76,0.0
20050614:1811,44310.0,50.06,17.94,13.67,3.86,0.0
20050614:1911,9930.0,18.36,9.77,13.51,3.72,0.0
20050614:2011,0.0,3.5,2.38,12.93,3.38,0.0
20050614:2111,0.0,0.0,0.0,11.82,3.17,0.0
20050614:2211,0.0,0.0,0.0,10.99,3.1,0.0
20050614:2311,0.0,0.0,0.0,10.13,3.17,0.0
20050615:0011,0.0,0.0,0.0,9.64,3.1,0.0
20050615:0111,0.0,0.0,0.0,9.26,3.17,0.0
20050615:0211,0.0,0.0,0.0,8.89,3.31,0.0
20050615:0311,0.0,0.0,0.0,8.61,3.45,0.0
20050615:0411,0.0,0.87,3.63,8.63,3.38,0.0
20050615:0511,1365.0,7.87,11.18,9.4,3.45,0.0
20050615:0611,81735.0,80.14,19.46,10.82,3.72,0.0
20050615:0711,65850.0,67.68,28.13,12.56,4.83,0.0
20050615:0811,388275.0,316.3,36.85,13.96,6.9,0.0
20050615:0911,363390.0,297.41,45.14,14.25,7.72,0.0
20050615:1011,134205.0,122.38,52.34,14.53,7.79,0.0
20050615:1111,233805.0,199.33,57.39,14.88,7.93,0.0
20050615:1211,202830.0,175.22,59.04,14.3,7.24,0.0
20050615:1311,158235.0,140.92,56.74,14.13,6.28,0.0
20050615:1411,151815.0,136.28,51.23,14.52,5.31,0.0
20050615:1511,187935.0,165.02,43.79,15.4,4.55,0.0
20050615:1611,461430.0,380.97,35.38,16.44,3.79,0.0
20050615:1711,354855.0,307.04,26.64,17.08,2.97,0.0
20050615:1811,38130.0,45.43,18.01,17.38,2.55,0.0
20050615:1911,66000.0,69.08,9.83,16.78,2.28,0.0
20050615:2011,10605.0,19.24,2.44,15.84,2.34,0.0
20050615:2111,0.0,0.0,0.0,14.56,2.69,0.0
20050615:2211,0.0,0.0,0.0,13.81,2.9,0.0
20050615:2311,0.0,0.0,0.0,13.75,2.83,0.0
20050616:0011,0.0,0.0,0.0,13.49,2.62,0.0
20050616:0111,0.0,0.0,0.0,13.1,2.62,0.0
20050616:0211,0.0,0.0,0.0,13.27,2.62,0.0
20050616:0311,0.0,0.0,0.0,13.27,2.55,0.0
20050616:0411,0.0,0.87,3.64,12.95,2.55,0.0
20050616:0511,1305.0,7.87,11.18,13.51,2.55,0.0
20050616:0611,29310.0,37.08,19.46,14.27,2.55,0.0
20050616:0711,58380.0,62.12,28.13,14.6,3.38,0.0
20050616:0811,125250.0,115.89,36.85,14.7,3.38,0.0
20050616:0911,266085.0,225.07,45.15,14.58,3.86,0.0
20050616:1011,328830.0,273.54,52.35,15.0,4.97,0.0
20050616:1111,137175.0,125.16,57.42,14.95,4.97,0.0
20050616:1211,177930.0,156.68,59.08,14.84,5.66,0.0
20050616:1311,154695.0,139.07,56.79,15.34,4.9,0.0
20050616:1411,131610.0,121.45,51.29,16.3,5.31,0.0
20050616:1511,128055.0,119.6,43.85,18.5,7.1,0.0
20050616:1611,252105.0,217.49,35.44,18.64,5.52,0.0
20050616:1711,272835.0,236.24,26.7,18.6,5.38,0.0
20050616:1811,156210.0,157.39,18.07,18.57,5.31,0.0
20050616:1911,70905.0,73.45,9.89,18.27,4.97,0.0
20050616:2011,5835.0,13.99,2.5,17.69,4.62,0.0
20050616:2111,0.0,0.0,0.0,16.96,4.34,0.0
20050616:2211,0.0,0.0,0.0,16.07,4.14,0.0
20050616:2311,0.0,0.0,0.0,15.46,4.0,0.0
20050617:0011,0.0,0.0,0.0,15.06,3.93,0.0
20050617:0111,0.0,0.0,0.0,14.58,3.79,0.0
20050617:0211,0.0,0.0,0.0,14.51,3.59,0.0
20050617:0311,0.0,0.0,0.0,14.55,3.38,0.0
20050617:0411,0.0,0.87,3.64,14.65,3.03,0.0
20050617:0511,1860.0,8.74,11.18,15.1,2.76,0.0
20050617:0611,19125.0,27.81,19.45,15.85,2.62,0.0
20050617:0711,91665.0,89.93,28.13,16.72,4.07,0.0
20050617:0811,172110.0,153.9,36.84,17.15,4.41,0.0
20050617:0911,158520.0,143.7,45.15,18.07,4.9,0.0
20050617:1011,459045.0,380.39,52.36,18.25,4.62,0.0
20050617:1111,626190.0,516.13,57.43,18.81,4.69,0.0
20050617:1211,643275.0,531.9,59.12,19.45,4.76,0.0
20050617:1311,603045.0,500.56,56.83,20.07,4.69,0.0
20050617:1411,929190.0,775.65,51.34,20.47,4.48,0.0
20050617:1511,799560.0,665.18,43.9,20.73,4.28,0.0
20050617:1611,583305.0,488.68,35.49,20.99,4.14,0.0
20050617:1711,340095.0,299.01,26.76,20.87,3.79,0.0
20050617:1811,121185.0,146.56,18.12,20.67,3.17,0.0
20050617:1911,54720.0,60.34,9.94,19.83,2.9,0.0
20050617:2011,14580.0,23.61,2.55,19.04,2.41,0.0
20050617:2111,0.0,0.0,0.0,18.09,2.14,0.0
20050617:2211,0.0,0.0,0.0,17.33,1.79,0.0
20050617:2311,0.0,0.0,0.0,16.37,1.66,0.0
20050618:0011,0.0,0.0,0.0,15.36,1.38,0.0
20050618:0111,0.0,0.0,0.0,14.91,0.97,0.0
20050618:0211,0.0,0.0,0.0,14.93,0.83,0.0
20050618:0311,0.0,0.0,0.0,14.88,0.83,0.0
20050618:0411,0.0,0.87,3.64,14.91,1.03,0.0
20050618:0511,14865.0,23.61,11.17,15.45,1.03,0.0
20050618:0611,47865.0,53.77,19.44,16.51,1.17,0.0
20050618:0711,138555.0,128.64,28.12,18.06,1.38,0.0
20050618:0811,321105.0,274.43,36.83,19.09,2.14,0.0
20050618:0911,425670.0,358.25,45.14,20.5,3.66,0.0
20050618:1011,522990.0,439.86,52.36,22.21,4.28,0.0
20050618:1111,600585.0,506.88,57.45,22.62,3.72,0.0
20050618:1211,642450.0,544.39,59.14,22.82,3.31,0.0
20050618:1311,617685.0,524.06,56.87,23.55,3.66,0.0
20050618:1411,835425.0,709.45,51.39,24.39,4.41,0.0
20050618:1511,667560.0,566.74,43.95,24.71,4.0,0.0
20050618:1611,584655.0,499.83,35.54,24.82,3.79,0.0
20050618:1711,373845.0,339.13,26.81,24.85,3.66,0.0
20050618:1811,131115.0,151.74,18.17,24.68,3.45,0.0
20050618:1911,70740.0,75.2,9.99,24.23,3.1,0.0
20050618:2011,10185.0,19.24,2.6,22.7,3.38,0.0
20050618:2111,0.0,0.0,0.0,21.19,3.66,0.0
20050618:2211,0.0,0.0,0.0,20.17,3.86,0.0
20050618:2311,0.0,0.0,0.0,19.54,4.21,0.0
20050619:0011,0.0,0.0,0.0,18.96,4.34,0.0
20050619:0111,0.0,0.0,0.0,18.41,4.21,0.0
20050619:0211,0.0,0.0,0.0,17.8,3.93,0.0
20050619:0311,0.0,0.0,0.0,17.16,3.79,0.0
20050619:0411,0.0,0.87,3.63,16.65,3.59,0.0
20050619:0511,37320.0,44.6,11.16,16.78,3.45,0.0
20050619:0611,73290.0,75.5,19.43,17.76,3.38,0.0
20050619:0711,315105.0,274.73,28.1,18.91,3.52,0.0
20050619:0811,530745.0,442.57,36.82,20.08,3.66,0.0
20050619:0911,766710.0,640.35,45.13,21.64,3.79,0.0
20050619:1011,900480.0,763.16,52.35,22.95,3.79,0.0
20050619:1111,647220.0,548.82,57.45,24.02,4.0,0.0
20050619:1211,1037625.0,892.59,59.16,24.87,4.55,0.0
20050619:1311,1069650.0,922.77,56.91,25.57,4.76,0.0
20050619:1411,925230.0,793.13,51.43,24.3,3.66,0.0
20050619:1511,538695.0,454.37,43.99,21.65,2.97,0.0
20050619:1611,46755.0,53.77,35.59,21.28,2.34,0.0
20050619:1711,28170.0,37.08,26.85,21.61,2.28,0.0
20050619:1811,14805.0,24.1,18.22,21.99,2.48,0.0
20050619:1911,4290.0,12.24,10.04,21.15,2.07,0.0
20050619:2011,0.0,3.5,2.64,20.22,1.59,0.0
20050619:2111,0.0,0.0,0.0,19.11,0.69,0.0
20050619:2211,0.0,0.0,0.0,17.91,1.59,0.0
20050619:2311,0.0,0.0,0.0,17.39,1.86,0.0
20050620:0011,0.0,0.0,0.0,17.18,2.28,0.0
20050620:0111,0.0,0.0,0.0,16.72,2.69,0.0
20050620:0211,0.0,0.0,0.0,16.09,2.83,0.0
20050620:0311,0.0,0.0,0.0,15.64,2.83,0.0
20050620:0411,0.0,0.87,3.61,15.13,2.48,0.0
20050620:0511,37650.0,44.6,11.14,14.95,2.21,0.0
20050620:0611,122595.0,139.38,19.41,15.11,2.34,0.0
20050620:0711,370110.0,320.93,28.08,15.72,2.34,0.0
20050620:0811,619200.0,514.44,36.8,17.13,1.86,0.0
20050620:0911,854325.0,717.18,45.11,18.55,2.0,0.0
20050620:1011,739605.0,618.49,52.34,19.8,2.97,0.0
20050620:1111,1008630.0,856.36,57.45,20.51,3.38,0.0
20050620:1211,1063995.0,908.87,59.18,20.95,3.52,0.0
20050620:1311,1112535.0,953.11,56.93,21.14,3.59,0.0
20050620:1411,1069980.0,908.59,51.46,21.19,3.86,0.0
20050620:1511,907845.0,758.81,44.03,20.89,4.21,0.0
20050620:1611,703575.0,587.52,35.63,20.35,4.21,0.0
20050620:1711,414600.0,369.33,26.89,19.69,3.72,0.0
20050620:1811,0.0,0.0,0.0,18.96,2.62,0.0
20050620:1911,48075.0,54.22,10.07,17.9,2.0,0.0
20050620:2011,15630.0,24.48,2.67,16.77,1.79,0.0
20050620:2111,0.0,0.0,0.0,15.25,2.0,0.0
20050620:2211,0.0,0.0,0.0,13.73,2.07,0.0
20050620:2311,0.0,0.0,0.0,12.54,2.0,0.0
20050621:0011,0.0,0.0,0.0,11.65,1.86,0.0
20050621:0111,0.0,0.0,0.0,10.89,1.79,0.0
20050621:0211,0.0,0.0,0.0,10.35,1.93,0.0
20050621:0311,0.0,0.0,0.0,9.83,1.86,0.0
20050621:0411,0.0,0.87,3.59,9.93,2.0,0.0
20050621:0511,1335.0,7.87,11.12,11.39,2.28,0.0
20050621:0611,49800.0,54.7,19.38,13.47,2.9,0.0
20050621:0711,57360.0,61.19,28.05,14.28,3.38,0.0
20050621:0811,63705.0,66.75,36.77,15.73,5.31,0.0
20050621:0911,303345.0,255.04,45.09,16.3,5.24,0.0
20050621:1011,573405.0,467.72,52.32,17.03,5.31,0.0
20050621:1111,305340.0,258.08,57.44,17.41,5.31,0.0
20050621:1211,482310.0,398.28,59.18,18.17,5.59,0.0
20050621:1311,725475.0,594.18,56.95,18.77,6.07,0.0
20050621:1411,803295.0,657.12,51.49,18.83,6.14,0.0
20050621:1511,471630.0,389.65,44.06,18.76,6.0,0.0
20050621:1611,542175.0,446.99,35.66,18.66,5.72,0.0
20050621:1711,347865.0,299.84,26.93,18.36,5.24,0.0
20050621:1811,144060.0,157.72,18.29,17.86,4.41,0.0
20050621:1911,66975.0,69.96,10.1,17.16,3.17,0.0
20050621:2011,13110.0,21.86,2.7,16.03,2.69,0.0
20050621:2111,0.0,0.0,0.0,14.8,2.28,0.0
20050621:2211,0.0,0.0,0.0,13.96,2.0,0.0
20050621:2311,0.0,0.0,0.0,13.24,1.86,0.0
20050622:0011,0.0,0.0,0.0,13.12,1.86,0.0
20050622:0111,0.0,0.0,0.0,13.0,2.14,0.0
20050622:0211,0.0,0.0,0.0,12.84,2.41,0.0
20050622:0311,0.0,0.0,0.0,13.3,2.55,0.0
20050622:0411,0.0,0.87,3.57,13.48,2.83,0.0
20050622:0511,20430.0,28.86,11.09,13.89,2.76,0.0
20050622:0611,82380.0,81.98,19.35,14.71,2.9,0.0
20050622:0711,239505.0,206.94,28.02,15.59,4.34,0.0
20050622:0811,545820.0,445.19,36.74,16.7,5.03,0.0
20050622:0911,754995.0,615.28,45.06,17.78,4.76,0.0
20050622:1011,706410.0,581.66,52.3,19.1,4.62,0.0
20050622:1111,926235.0,771.97,57.43,20.21,4.69,0.0
20050622:1211,1165320.0,986.65,59.18,21.16,4.97,0.0
20050622:1311,1155165.0,977.57,56.96,22.16,5.45,0.0
20050622:1411,1094565.0,924.25,51.51,22.5,5.24,0.0
20050622:1511,901080.0,755.14,44.09,22.66,4.9,0.0
20050622:1611,693600.0,583.94,35.69,22.69,4.69,0.0
20050622:1711,407865.0,367.7,26.96,22.6,4.41,0.0
20050622:1811,118710.0,149.37,18.32,22.27,3.59,0.0
20050622:1911,54315.0,60.34,10.13,21.31,2.83,0.0
20050622:2011,12825.0,21.86,2.72,19.8,2.55,0.0
20050622:2111,0.0,0.0,0.0,18.08,2.34,0.0
20050622:2211,0.0,0.0,0.0,16.82,2.21,0.0
20050622:2311,0.0,0.0,0.0,15.96,2.28,0.0
20050623:0011,0.0,0.0,0.0,15.27,2.41,0.0
20050623:0111,0.0,0.0,0.0,14.79,2.48,0.0
20050623:0211,0.0,0.0,0.0,14.47,2.76,0.0
20050623:0311,0.0,0.0,0.0,14.17,2.83,0.0
20050623:0411,0.0,5.25,3.53,13.84,2.76,0.0
20050623:0511,37800.0,44.6,11.05,14.19,2.55,0.0
20050623:0611,136665.0,139.16,19.31,15.69,2.62,0.0
20050623:0711,379365.0,329.86,27.98,16.7,3.59,0.0
20050623:0811,657045.0,540.3,36.7,17.87,3.86,0.0
20050623:0911,888015.0,733.9,45.02,19.13,4.0,0.0
20050623:1011,1053840.0,885.68,52.27,20.23,4.07,0.0
20050623:1111,1164315.0,994.81,57.41,21.1,4.0,0.0
20050623:1211,1197315.0,1033.58,59.17,21.75,3.79,0.0
20050623:1311,1211385.0,1052.91,56.97,22.17,3.52,0.0
20050623:1411,1099620.0,950.0,51.53,22.43,3.17,0.0
20050623:1511,875220.0,745.3,44.11,22.65,3.03,0.0
20050623:1611,667335.0,567.28,35.72,22.55,3.03,0.0
20050623:1711,400410.0,359.73,26.98,22.12,2.76,0.0
20050623:1811,118905.0,151.69,18.34,21.45,2.28,0.0
20050623:1911,69885.0,73.45,10.15,20.59,1.93,0.0
20050623:2011,0.0,3.5,2.74,18.97,1.93,0.0
20050623:2111,0.0,0.0,0.0,17.06,2.14,0.0
20050623:2211,0.0,0.0,0.0,15.43,2.07,0.0
20050623:2311,0.0,0.0,0.0,14.05,2.0,0.0
20050624:0011,0.0,0.0,0.0,13.01,2.07,0.0
20050624:0111,0.0,0.0,0.0,12.57,2.14,0.0
20050624:0211,0.0,0.0,0.0,12.51,2.21,0.0
20050624:0311,0.0,0.0,0.0,12.56,2.14,0.0
20050624:0411,0.0,0.87,3.5,12.58,2.34,0.0
20050624:0511,25185.0,33.23,11.01,13.41,2.21,0.0
20050624:0611,80985.0,81.05,19.27,15.16,2.34,0.0
20050624:0711,276960.0,239.53,27.94,16.43,2.76,0.0
20050624:0811,556905.0,461.81,36.66,17.42,2.34,0.0
20050624:0911,339675.0,288.42,44.98,18.23,2.0,0.0
20050624:1011,138825.0,128.87,52.23,18.39,1.72,0.0
20050624:1111,223920.0,196.55,57.38,18.26,1.86,0.0
20050624:1211,196590.0,174.3,59.16,17.72,2.07,0.0
20050624:1311,162825.0,147.41,56.97,17.77,2.55,0.0
20050624:1411,111300.0,106.62,51.54,18.47,2.69,0.0
20050624:1511,147045.0,135.36,44.13,18.76,2.97,0.0
20050624:1611,170610.0,153.9,35.74,18.57,3.31,0.0
20050624:1711,37005.0,44.5,27.0,17.95,3.93,0.0
20050624:1811,16185.0,25.03,18.36,16.95,4.28,0.0
20050624:1911,5160.0,13.12,10.17,16.16,4.0,0.0
20050624:2011,0.0,3.5,2.75,15.26,4.14,0.0
20050624:2111,0.0,0.0,0.0,14.37,3.79,0.0
20050624:2211,0.0,0.0,0.0,13.89,3.79,0.0
20050624:2311,0.0,0.0,0.0,13.64,3.72,0.0
20050625:0011,0.0,0.0,0.0,13.39,3.79,0.0
20050625:0111,0.0,0.0,0.0,13.38,3.93,0.0
20050625:0211,0.0,0.0,0.0,13.21,3.93,0.0
20050625:0311,0.0,0.0,0.0,12.99,4.21,0.0
20050625:0411,0.0,0.87,3.45,12.74,4.41,0.0
20050625:0511,12495.0,20.99,10.97,12.91,4.48,0.0
20050625:0611,53220.0,57.48,19.22,13.37,5.52,0.0
20050625:0711,242910.0,207.78,27.89,13.89,5.31,0.0
20050625:0811,201255.0,174.5,36.61,14.54,5.38,0.0
20050625:0911,180525.0,158.54,44.94,14.39,4.83,0.0
20050625:1011,274470.0,231.15,52.19,14.45,4.62,0.0
20050625:1111,241560.0,205.82,57.35,14.43,4.41,0.0
20050625:1211,327240.0,272.35,59.14,14.62,4.41,0.0
20050625:1311,524760.0,426.98,56.96,14.68,4.28,0.0
20050625:1411,568455.0,461.36,51.54,14.63,4.14,0.0
20050625:1511,515925.0,420.15,44.14,14.8,3.86,0.0
20050625:1611,483990.0,396.03,35.75,14.72,3.59,0.0
20050625:1711,374895.0,319.32,27.01,14.36,3.31,0.0
20050625:1811,170610.0,158.49,18.37,14.16,3.17,0.0
20050625:1911,72465.0,73.45,10.18,13.56,2.55,0.0
20050625:2011,255.0,6.12,2.75,12.73,1.66,0.0
20050625:2111,0.0,0.0,0.0,11.82,1.1,0.0
20050625:2211,0.0,0.0,0.0,11.57,0.55,0.0
20050625:2311,0.0,0.0,0.0,11.11,0.41,0.0
20050626:0011,0.0,0.0,0.0,9.41,1.1,0.0
20050626:0111,0.0,0.0,0.0,8.01,1.45,0.0
20050626:0211,0.0,0.0,0.0,7.51,1.45,0.0
20050626:0311,0.0,0.0,0.0,6.86,1.52,0.0
20050626:0411,0.0,0.0,0.0,6.7,1.38,0.0
20050626:0511,38805.0,44.6,10.91,8.82,0.55,0.0
20050626:0611,138645.0,137.26,19.17,11.13,0.21,0.0
20050626:0711,374205.0,323.77,27.84,12.41,0.62,0.0
20050626:0811,638430.0,523.56,36.56,13.93,1.66,0.0
20050626:0911,854580.0,706.18,44.88,15.04,1.86,0.0
20050626:1011,1033950.0,883.52,52.14,16.06,1.24,0.0
20050626:1111,1125225.0,999.01,57.3,17.08,0.55,0.0
20050626:1211,1135140.0,1026.04,59.11,18.03,0.28,0.0
20050626:1311,1122975.0,1011.19,56.95,18.61,0.41,0.0
20050626:1411,1026780.0,895.29,51.54,19.11,1.17,0.0
20050626:1511,818205.0,687.94,44.14,19.15,2.34,0.0
20050626:1611,532005.0,445.41,35.75,19.09,2.76,0.0
20050626:1711,414630.0,367.09,27.02,19.05,2.83,0.0
20050626:1811,135135.0,157.73,18.38,18.57,2.62,0.0
20050626:1911,60465.0,64.71,10.18,17.78,2.55,0.0
20050626:2011,14745.0,23.61,2.75,16.98,2.55,0.0
20050626:2111,0.0,0.0,0.0,15.55,2.55,0.0
20050626:2211,0.0,0.0,0.0,14.17,2.48,0.0
20050626:2311,0.0,0.0,0.0,12.92,2.34,0.0
20050627:0011,0.0,0.0,0.0,11.93,2.14,0.0
20050627:0111,0.0,0.0,0.0,10.92,1.93,0.0
20050627:0211,0.0,0.0,0.0,9.89,1.59,0.0
20050627:0311,0.0,0.0,0.0,8.75,1.45,0.0
20050627:0411,0.0,0.0,0.0,8.05,1.45,0.0
20050627:0511,38790.0,44.6,10.86,9.0,1.1,0.0
20050627:0611,135540.0,136.08,19.11,11.77,1.1,0.0
20050627:0711,375510.0,325.06,27.78,13.84,1.93,0.0
20050627:0811,641490.0,526.4,36.5,15.42,2.41,0.0
20050627:0911,870705.0,720.75,44.83,16.93,2.55,0.0
20050627:1011,1050735.0,891.48,52.09,18.26,2.41,0.0
20050627:1111,1154430.0,1002.36,57.26,19.4,2.21,0.0
20050627:1211,1179750.0,1042.72,59.07,20.29,1.79,0.0
20050627:1311,1179255.0,1050.84,56.93,20.98,1.59,0.0
20050627:1411,1076805.0,949.32,51.53,21.47,1.52,0.0
20050627:1511,905370.0,785.73,44.14,21.79,1.38,0.0
20050627:1611,697020.0,602.55,35.76,21.87,1.1,0.0
20050627:1711,418200.0,380.93,27.02,21.69,1.1,0.0
20050627:1811,122250.0,154.18,18.38,21.04,1.86,0.0
20050627:1911,48375.0,55.09,10.18,20.72,2.0,0.0
20050627:2011,16350.0,25.36,2.75,18.59,2.62,0.0
20050627:2111,0.0,0.0,0.0,16.19,2.9,0.0
20050627:2211,0.0,0.0,0.0,14.66,2.41,0.0
20050627:2311,0.0,0.0,0.0,14.07,1.66,0.0
20050628:0011,0.0,0.0,0.0,13.17,1.1,0.0
20050628:0111,0.0,0.0,0.0,13.35,0.62,0.0
20050628:0211,0.0,0.0,0.0,13.4,0.41,0.0
20050628:0311,0.0,0.0,0.0,13.19,0.34,0.0
20050628:0411,0.0,0.0,0.0,12.94,0.62,0.0
20050628:0511,38055.0,44.6,10.8,12.6,0.69,0.0
20050628:0611,132255.0,134.66,19.05,14.16,0.83,0.0
20050628:0711,366810.0,321.43,27.72,15.2,0.97,0.0
20050628:0811,637905.0,531.32,36.44,16.85,1.52,0.0
20050628:0911,865710.0,724.48,44.77,18.36,2.21,0.0
20050628:1011,1056540.0,896.86,52.03,19.56,2.9,0.0
20050628:1111,1165845.0,996.74,57.2,20.46,3.66,0.0
20050628:1211,1211505.0,1037.11,59.03,20.99,4.21,0.0
20050628:1311,1185405.0,1010.46,56.9,21.25,4.48,0.0
20050628:1411,1039665.0,874.28,51.51,21.27,4.76,0.0
20050628:1511,970875.0,810.52,44.13,21.04,4.76,0.0
20050628:1611,418515.0,352.55,35.75,20.56,4.48,0.0
20050628:1711,421395.0,373.22,27.02,19.77,4.41,0.0
20050628:1811,129225.0,155.2,18.37,18.57,4.0,0.0
20050628:1911,67005.0,69.96,10.17,17.11,3.31,0.0
20050628:2011,0.0,4.37,2.73,15.36,2.83,0.0
20050628:2111,0.0,0.0,0.0,13.63,2.62,0.0
20050628:2211,0.0,0.0,0.0,12.63,2.69,0.0
20050628:2311,0.0,0.0,0.0,12.09,2.48,0.0
20050629:0011,0.0,0.0,0.0,11.86,2.55,0.0
20050629:0111,0.0,0.0,0.0,11.66,2.83,0.0
20050629:0211,0.0,0.0,0.0,11.74,2.83,0.0
20050629:0311,0.0,0.0,0.0,11.81,2.07,0.0
20050629:0411,0.0,0.0,0.0,11.98,2.41,0.0
20050629:0511,41250.0,47.22,10.73,12.21,2.48,0.0
20050629:0611,22425.0,30.59,18.98,12.71,3.38,0.0
20050629:0711,194010.0,169.01,27.65,13.23,3.66,0.0
20050629:0811,56490.0,60.26,36.37,13.54,4.14,0.0
20050629:0911,173760.0,152.97,44.7,13.84,4.62,0.0
20050629:1011,191685.0,166.88,51.97,13.94,4.62,0.0
20050629:1111,146010.0,131.65,57.14,14.08,4.48,0.0
20050629:1211,113865.0,106.62,58.98,14.28,4.34,0.0
20050629:1311,150615.0,135.36,56.86,14.21,4.07,0.0
20050629:1411,166215.0,147.41,51.49,14.01,3.79,0.0
20050629:1511,150630.0,135.36,44.12,14.19,4.07,0.0
20050629:1611,118470.0,110.33,35.74,14.41,4.07,0.0
20050629:1711,84615.0,83.44,27.01,14.35,3.79,0.0
20050629:1811,35610.0,42.65,18.36,14.11,3.24,0.0
20050629:1911,5235.0,13.12,10.15,14.0,2.69,0.0
20050629:2011,0.0,3.5,2.71,13.9,2.28,0.0
20050629:2111,0.0,0.0,0.0,13.76,1.79,0.0
20050629:2211,0.0,0.0,0.0,13.65,1.45,0.0
20050629:2311,0.0,0.0,0.0,13.57,1.31,0.0
20050630:0011,0.0,0.0,0.0,13.51,1.17,0.0
20050630:0111,0.0,0.0,0.0,13.57,1.1,0.0
20050630:0211,0.0,0.0,0.0,13.57,1.17,0.0
20050630:0311,0.0,0.0,0.0,13.46,1.03,0.0
20050630:0411,0.0,0.0,0.0,13.45,0.9,0.0
20050630:0511,33885.0,41.1,10.66,13.67,1.38,0.0
20050630:0611,68520.0,70.46,18.91,14.13,1.59,0.0
20050630:0711,231210.0,201.58,27.58,15.24,1.45,0.0
20050630:0811,317055.0,268.4,36.3,16.53,1.86,0.0
20050630:0911,379185.0,317.87,44.63,17.28,2.48,0.0
20050630:1011,650535.0,540.44,51.89,18.29,2.62,0.0
20050630:1111,881910.0,744.69,57.08,19.3,2.55,0.0
20050630:1211,1018755.0,873.27,58.92,20.05,2.55,0.0
20050630:1311,375870.0,320.35,56.82,20.53,2.76,0.0
20050630:1411,788055.0,664.36,51.46,20.74,2.9,0.0
20050630:1511,515865.0,434.0,44.1,21.02,3.1,0.0
20050630:1611,46290.0,52.85,35.73,19.0,4.0,0.0
20050630:1711,313005.0,270.17,27.0,18.34,3.79,0.0
20050630:1811,144180.0,135.01,18.35,18.54,2.83,0.0
20050630:1911,60465.0,64.71,10.13,17.8,2.62,0.0
20050630:2011,15660.0,24.48,2.69,16.58,3.1,0.0
20050630:2111,0.0,0.0,0.0,15.7,3.38,0.0
20050630:2211,0.0,0.0,0.0,14.88,3.31,0.0
20050630:2311,0.0,0.0,0.0,14.15,3.31,0.0
20050701:0011,0.0,0.0,0.0,13.66,3.17,0.0
20050701:0111,0.0,0.0,0.0,13.33,2.97,0.0
20050701:0211,0.0,0.0,0.0,12.69,2.76,0.0
20050701:0311,0.0,0.0,0.0,12.31,2.69,0.0
20050701:0411,0.0,0.0,0.0,12.09,2.69,0.0
20050701:0511,10815.0,19.24,10.58,12.62,2.21,0.0
20050701:0611,96315.0,93.59,18.83,13.98,2.62,0.0
20050701:0711,272850.0,234.4,27.5,15.26,3.93,0.0
20050701:0811,409395.0,338.42,36.22,16.21,3.93,0.0
20050701:0911,781830.0,637.46,44.55,17.45,4.48,0.0
20050701:1011,544260.0,447.49,51.82,18.09,4.9,0.0
20050701:1111,908835.0,749.22,57.0,18.72,5.17,0.0
20050701:1211,1081365.0,900.09,58.86,19.01,5.24,0.0
20050701:1311,1076415.0,896.59,56.78,19.17,5.17,0.0
20050701:1411,1005510.0,834.36,51.43,19.42,5.1,0.0
20050701:1511,564495.0,466.64,44.07,19.36,4.76,0.0
20050701:1611,536385.0,446.07,35.71,19.38,4.28,0.0
20050701:1711,304155.0,263.7,26.98,19.29,3.66,0.0
20050701:1811,134025.0,126.26,18.32,18.84,2.62,0.0
20050701:1911,64515.0,68.21,10.11,18.01,1.86,0.0
20050701:2011,210.0,6.12,2.65,17.38,0.97,0.0
20050701:2111,0.0,0.0,0.0,16.81,0.55,0.0
20050701:2211,0.0,0.0,0.0,16.1,0.76,0.0
20050701:2311,0.0,0.0,0.0,15.56,1.03,0.0
20050702:0011,0.0,0.0,0.0,15.41,1.03,0.0
20050702:0111,0.0,0.0,0.0,15.22,1.17,0.0
20050702:0211,0.0,0.0,0.0,15.25,1.38,0.0
20050702:0311,0.0,0.0,0.0,14.93,1.45,0.0
20050702:0411,0.0,0.0,0.0,14.44,1.59,0.0
20050702:0511,18480.0,27.11,10.5,14.9,1.52,0.0
20050702:0611,43860.0,50.06,18.75,15.3,1.45,0.0
20050702:0711,116145.0,109.4,27.42,15.55,1.38,0.0
20050702:0811,264555.0,227.02,36.14,16.24,1.45,0.0
20050702:0911,399540.0,334.5,44.47,17.12,2.0,0.0
20050702:1011,407580.0,342.49,51.74,18.44,2.62,0.0
20050702:1111,551055.0,460.32,56.93,19.9,3.45,0.0
20050702:1211,1030035.0,871.15,58.79,21.01,4.21,0.0
20050702:1311,1111965.0,944.09,56.72,22.09,4.83,0.0
20050702:1411,1024470.0,864.13,51.39,22.55,5.03,0.0
20050702:1511,875655.0,732.51,44.04,22.63,5.1,0.0
20050702:1611,376035.0,320.49,35.68,22.31,5.03,0.0
20050702:1711,242625.0,214.69,26.95,21.97,4.76,0.0
20050702:1811,140160.0,133.22,18.3,21.38,3.72,0.0
20050702:1911,20595.0,29.73,10.07,20.5,4.07,0.0
20050702:2011,14505.0,23.61,2.62,20.05,4.69,0.0
20050702:2111,0.0,0.0,0.0,19.36,4.9,0.0
20050702:2211,0.0,0.0,0.0,18.7,5.03,0.0
20050702:2311,0.0,0.0,0.0,17.66,4.9,0.0
20050703:0011,0.0,0.0,0.0,16.97,5.1,0.0
20050703:0111,0.0,0.0,0.0,16.05,4.9,0.0
20050703:0211,0.0,0.0,0.0,15.47,4.83,0.0
20050703:0311,0.0,0.0,0.0,15.01,4.69,0.0
20050703:0411,0.0,0.0,0.0,14.98,4.48,0.0
20050703:0511,37635.0,44.6,10.41,15.23,4.21,0.0
20050703:0611,125625.0,131.81,18.67,15.62,4.28,0.0
20050703:0711,353550.0,305.33,27.33,15.29,4.34,0.0
20050703:0811,418335.0,343.95,36.05,15.68,4.55,0.0
20050703:0911,689520.0,558.55,44.38,16.52,4.97,0.0
20050703:1011,621975.0,507.09,51.65,17.35,5.31,0.0
20050703:1111,1022070.0,840.99,56.84,18.16,5.66,0.0
20050703:1211,1173315.0,975.32,58.72,18.37,5.59,0.0
20050703:1311,1068540.0,886.2,56.66,18.9,5.52,0.0
20050703:1411,594330.0,490.02,51.34,19.24,5.31,0.0
20050703:1511,681315.0,560.66,44.0,18.94,4.69,0.0
20050703:1611,580860.0,481.03,35.65,18.64,4.14,0.0
20050703:1711,345960.0,298.59,26.92,18.01,3.17,0.0
20050703:1811,167805.0,166.46,18.26,17.43,2.62,0.0
20050703:1911,6630.0,14.87,10.04,16.45,1.59,0.0
20050703:2011,15705.0,24.48,2.57,15.83,0.9,0.0
20050703:2111,0.0,0.0,0.0,15.27,0.34,0.0
20050703:2211,0.0,0.0,0.0,14.39,0.76,0.0
20050703:2311,0.0,0.0,0.0,13.37,1.1,0.0
20050704:0011,0.0,0.0,0.0,13.0,1.03,0.0
20050704:0111,0.0,0.0,0.0,13.05,0.9,0.0
20050704:0211,0.0,0.0,0.0,12.96,0.83,0.0
20050704:0311,0.0,0.0,0.0,13.08,0.76,0.0
20050704:0411,0.0,0.0,0.0,12.22,0.0,0.0
20050704:0511,22440.0,30.61,10.32,12.24,0.0,0.0
20050704:0611,49770.0,54.7,18.57,13.33,1.38,0.0
20050704:0711,66300.0,68.61,27.24,14.11,2.0,0.0
20050704:0811,94620.0,91.78,35.96,14.96,2.55,0.0
20050704:0911,164550.0,147.41,44.29,15.79,2.97,0.0
20050704:1011,194925.0,171.51,51.56,16.41,3.38,0.0
20050704:1111,147345.0,134.43,56.75,17.06,4.0,0.0
20050704:1211,203565.0,178.93,58.63,17.67,4.48,0.0
20050704:1311,296325.0,250.67,56.59,16.83,4.69,0.0
20050704:1411,444015.0,366.59,51.29,16.97,4.69,0.0
20050704:1511,270825.0,230.4,43.96,16.5,4.55,0.0
20050704:1611,117825.0,110.33,35.61,15.54,4.14,0.0
20050704:1711,191325.0,168.2,26.88,15.45,3.45,0.0
20050704:1811,30255.0,38.01,18.22,14.91,3.59,0.0
20050704:1911,5235.0,13.12,9.99,14.31,3.24,0.0
20050704:2011,1890.0,8.74,2.52,13.73,3.38,0.0
20050704:2111,0.0,0.0,0.0,13.22,3.72,0.0
20050704:2211,0.0,0.0,0.0,12.98,4.21,0.0
20050704:2311,0.0,0.0,0.0,12.84,4.34,0.0
20050705:0011,0.0,0.0,0.0,12.51,4.55,0.0
20050705:0111,0.0,0.0,0.0,12.2,4.9,0.0
20050705:0211,0.0,0.0,0.0,11.93,4.76,0.0
20050705:0311,0.0,0.0,0.0,11.7,4.62,0.0
20050705:0411,0.0,0.0,0.0,11.61,4.48,0.0
20050705:0511,32265.0,39.35,10.22,11.83,4.0,0.0
20050705:0611,114045.0,127.26,18.48,12.43,3.17,0.0
20050705:0711,359385.0,309.25,27.15,13.62,4.34,0.0
20050705:0811,378180.0,310.83,35.87,14.6,4.9,0.0
20050705:0911,469125.0,381.59,44.19,15.26,5.31,0.0
20050705:1011,393645.0,324.4,51.46,15.86,5.59,0.0
20050705:1111,286830.0,242.32,56.65,16.39,5.66,0.0
20050705:1211,248970.0,212.31,58.54,15.6,5.31,0.0
20050705:1311,303570.0,254.38,56.52,15.16,4.83,0.0
20050705:1411,133905.0,122.38,51.23,14.49,4.9,0.0
20050705:1511,142710.0,128.87,43.91,13.91,5.45,0.0
20050705:1611,263115.0,221.34,35.56,14.0,6.21,0.0
20050705:1711,100245.0,95.49,26.84,13.45,4.83,0.0
20050705:1811,30540.0,38.01,18.18,13.15,4.28,0.0
20050705:1911,4560.0,12.24,9.94,13.06,4.14,0.0
20050705:2011,14220.0,22.74,2.46,12.81,2.97,0.0
20050705:2111,0.0,0.0,0.0,12.72,2.21,0.0
20050705:2211,0.0,0.0,0.0,12.71,1.66,0.0
20050705:2311,0.0,0.0,0.0,12.72,1.03,0.0
20050706:0011,0.0,0.0,0.0,12.82,1.03,0.0
20050706:0111,0.0,0.0,0.0,12.96,2.07,0.0
20050706:0211,0.0,0.0,0.0,12.95,2.14,0.0
20050706:0311,0.0,0.0,0.0,12.97,2.69,0.0
20050706:0411,0.0,0.0,0.0,13.0,3.03,0.0
20050706:0511,36030.0,42.85,10.12,13.06,3.17,0.0
20050706:0611,122865.0,119.31,18.38,13.37,3.66,0.0
20050706:0711,100185.0,95.49,27.05,13.55,4.76,0.0
20050706:0811,209535.0,180.19,35.77,13.57,5.1,0.0
20050706:0911,224085.0,191.22,44.09,13.39,5.1,0.0
20050706:1011,305355.0,254.06,51.35,13.94,5.31,0.0
20050706:1111,487320.0,395.07,56.55,14.28,5.38,0.0
20050706:1211,248895.0,211.38,58.45,14.78,5.66,0.0
20050706:1311,0.0,0.0,0.0,15.09,5.79,0.0
20050706:1411,145035.0,130.72,51.16,14.19,6.41,0.0
20050706:1511,142665.0,128.87,43.85,14.34,7.52,0.0
20050706:1611,133095.0,121.45,35.51,14.31,7.03,0.0
20050706:1711,34650.0,41.72,26.79,13.81,6.14,0.0
20050706:1811,46590.0,51.92,18.12,13.4,5.66,0.0
20050706:1911,25230.0,33.23,9.88,13.32,6.69,0.0
20050706:2011,10785.0,19.24,2.4,13.2,7.17,0.0
20050706:2111,0.0,0.0,0.0,12.78,7.31,0.0
20050706:2211,0.0,0.0,0.0,12.56,7.72,0.0
20050706:2311,0.0,0.0,0.0,12.43,7.72,0.0
20050707:0011,0.0,0.0,0.0,12.51,7.24,0.0
20050707:0111,0.0,0.0,0.0,12.59,6.55,0.0
20050707:0211,0.0,0.0,0.0,12.48,6.14,0.0
20050707:0311,0.0,0.0,0.0,12.39,5.93,0.0
20050707:0411,0.0,0.0,0.0,12.44,6.0,0.0
20050707:0511,38205.0,44.6,10.02,12.5,5.93,0.0
20050707:0611,43485.0,49.14,18.28,12.63,5.86,0.0
20050707:0711,85140.0,83.44,26.94,13.51,6.41,0.0
20050707:0811,96540.0,92.71,35.66,13.93,5.38,0.0
20050707:0911,192150.0,167.81,43.99,15.08,5.86,0.0
20050707:1011,188790.0,165.95,51.25,16.1,5.72,0.0
20050707:1111,350805.0,293.32,56.44,17.13,5.17,0.0
20050707:1211,692115.0,567.46,58.35,17.73,4.76,0.0
20050707:1311,958965.0,795.54,56.35,18.35,4.41,0.0
20050707:1411,892845.0,738.47,51.09,18.45,4.28,0.0
20050707:1511,729870.0,600.73,43.79,18.34,4.07,0.0
20050707:1611,726135.0,600.26,35.45,18.26,4.07,0.0
20050707:1711,425790.0,373.87,26.73,17.9,3.79,0.0
20050707:1811,135375.0,157.41,18.07,17.23,3.17,0.0
20050707:1911,57780.0,62.09,9.82,16.3,2.41,0.0
20050707:2011,14025.0,22.74,2.33,15.16,2.28,0.0
20050707:2111,0.0,0.0,0.0,13.61,2.34,0.0
20050707:2211,0.0,0.0,0.0,12.53,2.48,0.0
20050707:2311,0.0,0.0,0.0,11.71,2.69,0.0
20050708:0011,0.0,0.0,0.0,11.19,2.83,0.0
20050708:0111,0.0,0.0,0.0,10.78,2.9,0.0
20050708:0211,0.0,0.0,0.0,10.66,3.03,0.0
20050708:0311,0.0,0.0,0.0,10.47,3.17,0.0
20050708:0411,0.0,0.0,0.0,10.43,3.17,0.0
20050708:0511,6855.0,14.87,9.91,11.13,3.1,0.0
20050708:0611,47790.0,52.85,18.17,12.69,3.03,0.0
20050708:0711,293865.0,251.49,26.84,14.13,4.28,0.0
20050708:0811,608625.0,492.12,35.56,14.8,4.55,0.0
20050708:0911,528990.0,430.26,43.87,15.76,4.48,0.0
20050708:1011,481710.0,395.05,51.13,16.5,4.69,0.0
20050708:1111,1055490.0,871.08,56.32,17.08,4.69,0.0
20050708:1211,723090.0,593.68,58.24,17.61,4.41,0.0
20050708:1311,963120.0,798.93,56.25,17.94,4.21,0.0
20050708:1411,998280.0,830.95,51.01,18.32,4.0,0.0
20050708:1511,852750.0,704.38,43.72,18.18,3.79,0.0
20050708:1611,687705.0,568.56,35.39,17.97,3.72,0.0
20050708:1711,423480.0,370.88,26.67,17.42,3.59,0.0
20050708:1811,130065.0,155.89,18.0,16.91,3.31,0.0
20050708:1911,56700.0,61.21,9.75,16.52,2.9,0.0
20050708:2011,14010.0,22.74,2.26,15.37,2.48,0.0
20050708:2111,0.0,0.0,0.0,13.82,2.28,0.0
20050708:2211,0.0,0.0,0.0,12.97,2.07,0.0
20050708:2311,0.0,0.0,0.0,12.2,1.93,0.0
20050709:0011,0.0,0.0,0.0,11.67,1.93,0.0
20050709:0111,0.0,0.0,0.0,11.37,1.93,0.0
20050709:0211,0.0,0.0,0.0,11.07,2.0,0.0
20050709:0311,0.0,0.0,0.0,11.11,2.0,0.0
20050709:0411,0.0,0.0,0.0,11.53,1.79,0.0
20050709:0511,5310.0,13.12,9.79,12.17,1.59,0.0
20050709:0611,100440.0,97.3,18.05,13.56,2.34,0.0
20050709:0711,289440.0,249.19,26.72,14.04,2.28,0.0
20050709:0811,619935.0,508.79,35.44,15.26,2.34,0.0
20050709:0911,857070.0,711.24,43.76,16.87,2.21,0.0
20050709:1011,710820.0,594.82,51.01,18.31,1.93,0.0
20050709:1111,1165980.0,1025.27,56.2,19.76,1.72,0.0
20050709:1211,1204020.0,1076.68,58.12,20.98,1.59,0.0
20050709:1311,1143780.0,1023.54,56.15,22.0,1.45,0.0
20050709:1411,991950.0,877.33,50.92,22.7,1.24,0.0
20050709:1511,897285.0,786.25,43.65,23.09,1.17,0.0
20050709:1611,582615.0,503.38,35.32,23.07,1.17,0.0
20050709:1711,381450.0,343.32,26.6,22.83,1.24,0.0
20050709:1811,159405.0,164.24,17.93,22.33,1.45,0.0
20050709:1911,34425.0,42.85,9.68,21.5,1.52,0.0
20050709:2011,7215.0,15.74,2.17,20.12,1.72,0.0
20050709:2111,0.0,0.0,0.0,18.44,1.79,0.0
20050709:2211,0.0,0.0,0.0,17.09,1.66,0.0
20050709:2311,0.0,0.0,0.0,16.07,1.59,0.0
20050710:0011,0.0,0.0,0.0,15.21,1.59,0.0
20050710:0111,0.0,0.0,0.0,14.59,1.38,0.0
20050710:0211,0.0,0.0,0.0,15.27,0.9,0.0
20050710:0311,0.0,0.0,0.0,15.07,0.9,0.0
20050710:0411,0.0,0.0,0.0,13.54,1.45,0.0
20050710:0511,31890.0,39.35,9.67,13.8,1.24,0.0
20050710:0611,114720.0,120.48,17.94,15.94,1.1,0.0
20050710:0711,298830.0,265.21,26.61,18.44,1.1,0.0
20050710:0811,443310.0,377.08,35.33,20.08,1.17,0.0
20050710:0911,608730.0,519.12,43.64,21.37,1.03,0.0
20050710:1011,263355.0,234.27,50.89,22.37,0.0,0.0
20050710:1111,804555.0,719.32,56.08,23.45,0.0,0.0
20050710:1211,902715.0,815.51,58.0,24.36,0.34,0.0
20050710:1311,1030905.0,940.79,56.04,25.08,0.76,0.0
20050710:1411,832395.0,738.25,50.83,25.47,1.03,0.0
20050710:1511,877425.0,777.73,43.57,25.66,1.17,0.0
20050710:1611,629685.0,548.53,35.25,25.36,1.59,0.0
20050710:1711,366315.0,329.87,26.53,24.64,2.48,0.0
20050710:1811,155445.0,160.4,17.86,23.35,2.97,0.0
20050710:1911,47895.0,55.09,9.6,22.7,2.34,0.0
20050710:2011,12705.0,21.86,2.09,21.35,2.14,0.0
20050710:2111,0.0,0.0,0.0,19.73,1.86,0.0
20050710:2211,0.0,0.0,0.0,18.53,1.45,0.0
20050710:2311,0.0,0.0,0.0,17.21,1.24,0.0
20050711:0011,0.0,0.0,0.0,16.3,1.31,0.0
20050711:0111,0.0,0.0,0.0,15.58,1.45,0.0
20050711:0211,0.0,0.0,0.0,15.1,1.45,0.0
20050711:0311,0.0,0.0,0.0,14.62,1.52,0.0
20050711:0411,0.0,0.0,0.0,14.12,1.59,0.0
20050711:0511,18510.0,27.11,9.55,14.58,1.38,0.0
20050711:0611,95745.0,118.6,17.81,17.27,0.9,0.0
20050711:0711,318360.0,286.25,26.49,19.27,0.83,0.0
20050711:0811,592905.0,506.08,35.21,20.79,0.97,0.0
20050711:0911,817965.0,703.56,43.52,22.09,1.31,0.0
20050711:1011,675270.0,579.9,50.76,23.11,1.59,0.0
20050711:1111,1032855.0,914.96,55.94,23.88,1.72,0.0
20050711:1211,1067595.0,951.37,57.87,24.4,1.86,0.0
20050711:1311,992145.0,877.54,55.93,24.72,1.93,0.0
20050711:1411,1005960.0,888.07,50.73,24.88,2.0,0.0
20050711:1511,779730.0,674.16,43.48,24.64,2.07,0.0
20050711:1611,681435.0,589.11,35.17,24.58,2.14,0.0
20050711:1711,375240.0,338.61,26.45,24.1,2.14,0.0
20050711:1811,118650.0,152.79,17.78,23.42,2.14,0.0
20050711:1911,47040.0,54.22,9.51,22.12,2.34,0.0
20050711:2011,11940.0,20.99,1.99,20.43,2.28,0.0
20050711:2111,0.0,0.0,0.0,18.61,2.14,0.0
20050711:2211,0.0,0.0,0.0,17.27,2.0,0.0
20050711:2311,0.0,0.0,0.0,16.15,1.79,0.0
20050712:0011,0.0,0.0,0.0,15.26,1.66,0.0
20050712:0111,0.0,0.0,0.0,14.43,1.66,0.0
20050712:0211,0.0,0.0,0.0,13.82,1.72,0.0
20050712:0311,0.0,0.0,0.0,13.32,1.86,0.0
20050712:0411,0.0,0.0,0.0,12.91,1.86,0.0
20050712:0511,13320.0,21.86,9.42,13.18,1.59,0.0
20050712:0611,95175.0,93.56,17.69,14.53,1.79,0.0
20050712:0711,198600.0,175.53,26.36,15.76,2.14,0.0
20050712:0811,304500.0,259.71,35.08,17.74,2.0,0.0
20050712:0911,404400.0,343.37,43.39,20.06,1.72,0.0
20050712:1011,379890.0,326.66,50.63,21.64,1.59,0.0
20050712:1111,1099710.0,978.54,55.81,22.86,1.59,0.0
20050712:1211,1164795.0,1056.92,57.74,23.9,1.45,0.0
20050712:1311,1125720.0,1022.84,55.81,24.83,1.38,0.0
20050712:1411,1042185.0,935.83,50.63,25.32,1.45,0.0
20050712:1511,651225.0,568.24,43.39,25.6,1.24,0.0
20050712:1611,311775.0,276.45,35.08,25.52,1.17,0.0
20050712:1711,39525.0,48.21,26.36,25.47,1.31,0.0
20050712:1811,137670.0,134.01,17.69,24.64,1.24,0.0
20050712:1911,66660.0,71.71,9.42,23.84,1.66,0.0
20050712:2011,0.0,2.62,1.89,22.87,1.59,0.0
20050712:2111,0.0,0.0,0.0,21.39,1.59,0.0
20050712:2211,0.0,0.0,0.0,19.95,1.72,0.0
20050712:2311,0.0,0.0,0.0,18.51,1.66,0.0
20050713:0011,0.0,0.0,0.0,17.3,1.45,0.0
20050713:0111,0.0,0.0,0.0,16.54,1.31,0.0
20050713:0211,0.0,0.0,0.0,15.76,1.38,0.0
20050713:0311,0.0,0.0,0.0,15.24,1.93,0.0
20050713:0411,0.0,0.0,0.0,15.07,2.14,0.0
20050713:0511,27750.0,35.85,9.29,15.48,1.93,0.0
20050713:0611,112590.0,118.39,17.56,16.88,1.79,0.0
20050713:0711,271980.0,238.78,26.24,17.24,2.07,0.0
20050713:0811,417045.0,350.69,34.95,18.24,1.93,0.0
20050713:0911,711150.0,597.19,43.26,19.13,1.66,0.0
20050713:1011,568440.0,482.35,50.49,20.22,1.17,0.0
20050713:1111,874230.0,758.91,55.66,21.28,1.24,0.0
20050713:1211,1091310.0,964.5,57.6,22.63,1.93,0.0
20050713:1311,1129245.0,997.14,55.68,23.69,2.48,0.0
20050713:1411,957330.0,829.56,50.51,24.34,2.9,0.0
20050713:1511,634260.0,540.51,43.29,24.39,3.17,0.0
20050713:1611,367980.0,318.32,34.99,24.23,3.38,0.0
20050713:1711,211620.0,191.44,26.27,23.87,3.38,0.0
20050713:1811,122370.0,118.7,17.6,22.95,3.24,0.0
20050713:1911,60045.0,65.58,9.32,22.32,1.72,0.0
20050713:2011,0.0,4.37,1.78,20.75,2.0,0.0
20050713:2111,0.0,0.0,0.0,18.74,2.28,0.0
20050713:2211,0.0,0.0,0.0,17.52,2.48,0.0
20050713:2311,0.0,0.0,0.0,16.4,2.55,0.0
20050714:0011,0.0,0.0,0.0,15.61,2.55,0.0
20050714:0111,0.0,0.0,0.0,14.85,2.41,0.0
20050714:0211,0.0,0.0,0.0,14.2,2.28,0.0
20050714:0311,0.0,0.0,0.0,13.54,2.0,0.0
20050714:0411,0.0,0.0,0.0,12.88,1.79,0.0
20050714:0511,31065.0,38.48,9.15,12.8,1.31,0.0
20050714:0611,13560.0,22.25,17.43,14.96,1.24,0.0
20050714:0711,81090.0,81.59,26.1,16.92,1.86,0.0
20050714:0811,104625.0,101.05,34.82,17.93,2.21,0.0
20050714:0911,165315.0,150.19,43.12,19.06,2.62,0.0
20050714:1011,170520.0,154.83,50.34,19.79,2.62,0.0
20050714:1111,613650.0,515.98,55.51,21.12,3.03,0.0
20050714:1211,521910.0,441.24,57.45,22.26,3.59,0.0
20050714:1311,709725.0,598.75,55.54,23.18,4.28,0.0
20050714:1411,429480.0,366.17,50.4,23.43,4.34,0.0
20050714:1511,192420.0,174.3,43.18,22.96,3.93,0.0
20050714:1611,83460.0,85.29,34.89,22.44,3.66,0.0
20050714:1711,52965.0,59.33,26.18,22.14,3.66,0.0
20050714:1811,17595.0,26.89,17.5,21.51,2.97,0.0
20050714:1911,3660.0,11.37,9.21,19.88,2.76,0.0
20050714:2011,0.0,2.62,1.67,19.06,2.83,0.0
20050714:2111,0.0,0.0,0.0,18.3,2.83,0.0
20050714:2211,0.0,0.0,0.0,17.68,2.9,0.0
20050714:2311,0.0,0.0,0.0,17.12,2.83,0.0
20050715:0011,0.0,0.0,0.0,16.82,2.69,0.0
20050715:0111,0.0,0.0,0.0,16.25,2.69,0.0
20050715:0211,0.0,0.0,0.0,15.79,2.69,0.0
20050715:0311,0.0,0.0,0.0,15.63,2.76,0.0
20050715:0411,0.0,0.0,0.0,15.47,2.69,0.0
20050715:0511,1275.0,7.87,9.01,15.5,2.62,0.0
20050715:0611,111735.0,115.12,17.29,15.98,3.03,0.0
20050715:0711,258060.0,225.0,25.97,16.61,3.66,0.0
20050715:0811,421380.0,350.18,34.68,17.56,3.79,0.0
20050715:0911,331365.0,279.72,42.98,18.15,3.93,0.0
20050715:1011,459480.0,381.96,50.2,18.97,4.55,0.0
20050715:1111,151830.0,139.07,55.36,19.09,4.62,0.0
20050715:1211,738990.0,610.79,57.29,19.23,4.62,0.0
20050715:1311,526650.0,437.25,55.4,19.46,4.69,0.0
20050715:1411,411495.0,345.22,50.27,19.65,4.62,0.0
20050715:1511,700890.0,579.65,43.07,19.61,4.28,0.0
20050715:1611,89070.0,89.0,34.78,19.88,3.86,0.0
20050715:1711,308775.0,268.74,26.07,19.71,3.45,0.0
20050715:1811,160650.0,155.53,17.39,19.47,3.1,0.0
20050715:1911,25470.0,34.1,9.1,18.15,2.0,0.0
20050715:2011,210.0,6.12,1.55,17.37,1.59,0.0
20050715:2111,0.0,0.0,0.0,16.43,1.66,0.0
20050715:2211,0.0,0.0,0.0,15.45,1.93,0.0
20050715:2311,0.0,0.0,0.0,14.85,2.07,0.0
20050716:0011,0.0,0.0,0.0,13.94,2.21,0.0
20050716:0111,0.0,0.0,0.0,13.27,2.34,0.0
20050716:0211,0.0,0.0,0.0,12.85,2.55,0.0
20050716:0311,0.0,0.0,0.0,12.66,2.55,0.0
20050716:0411,0.0,0.0,0.0,12.14,2.41,0.0
20050716:0511,20625.0,28.86,8.87,12.09,2.21,0.0
20050716:0611,108585.0,106.98,17.15,12.99,2.34,0.0
20050716:0711,190965.0,167.78,25.83,13.92,2.9,0.0
20050716:0811,291735.0,246.05,34.54,15.07,2.69,0.0
20050716:0911,501960.0,413.83,42.83,16.27,2.41,0.0
20050716:1011,595035.0,492.56,50.04,17.29,2.41,0.0
20050716:1111,1133550.0,970.31,55.2,18.4,2.55,0.0
20050716:1211,1219680.0,1056.17,57.14,19.45,2.83,0.0
20050716:1311,1186230.0,1027.19,55.26,20.32,2.9,0.0
20050716:1411,1123650.0,964.95,50.14,20.84,3.1,0.0
20050716:1511,960495.0,811.22,42.95,21.28,3.52,0.0
20050716:1611,730830.0,613.86,34.67,21.32,3.93,0.0
20050716:1711,418215.0,371.85,25.96,20.94,4.34,0.0
20050716:1811,122820.0,152.76,17.28,20.22,4.41,0.0
20050716:1911,46785.0,53.34,8.99,19.24,3.59,0.0
20050716:2011,8865.0,17.49,1.43,17.93,3.45,0.0
20050716:2111,0.0,0.0,0.0,16.62,3.38,0.0
20050716:2211,0.0,0.0,0.0,15.7,3.17,0.0
20050716:2311,0.0,0.0,0.0,14.93,2.76,0.0
20050717:0011,0.0,0.0,0.0,14.35,2.48,0.0
20050717:0111,0.0,0.0,0.0,13.95,2.41,0.0
20050717:0211,0.0,0.0,0.0,13.66,2.28,0.0
20050717:0311,0.0,0.0,0.0,13.33,2.21,0.0
20050717:0411,0.0,0.0,0.0,13.21,2.07,0.0
20050717:0511,27030.0,34.98,8.72,13.75,1.66,0.0
20050717:0611,90600.0,110.64,17.01,15.26,1.93,0.0
20050717:0711,332625.0,296.95,25.69,17.27,2.07,0.0
20050717:0811,601860.0,505.61,34.4,18.73,1.59,0.0
20050717:0911,787125.0,669.99,42.68,20.32,1.24,0.0
20050717:1011,538110.0,458.4,49.89,21.94,1.66,0.0
20050717:1111,760455.0,652.46,55.03,23.14,2.21,0.0
20050717:1211,1019445.0,892.09,56.97,23.84,2.48,0.0
20050717:1311,496950.0,426.38,55.1,24.34,2.83,0.0
20050717:1411,500760.0,427.32,50.0,24.1,3.45,0.0
20050717:1511,611055.0,517.79,42.83,23.99,3.72,0.0
20050717:1611,316635.0,275.23,34.56,23.6,3.72,0.0
20050717:1711,257310.0,229.17,25.85,23.14,3.38,0.0
20050717:1811,104790.0,103.57,17.16,22.84,2.83,0.0
20050717:1911,59640.0,65.58,8.86,23.74,2.21,0.0
20050717:2011,660.0,7.0,1.29,22.4,1.93,0.0
20050717:2111,0.0,0.0,0.0,21.22,1.79,0.0
20050717:2211,0.0,0.0,0.0,19.88,2.07,0.0
20050717:2311,0.0,0.0,0.0,18.77,2.07,0.0
20050718:0011,0.0,0.0,0.0,17.84,2.14,0.0
20050718:0111,0.0,0.0,0.0,17.35,2.48,0.0
20050718:0211,0.0,0.0,0.0,16.67,2.97,0.0
20050718:0311,0.0,0.0,0.0,15.53,3.03,0.0
20050718:0411,0.0,0.0,0.0,14.89,2.83,0.0
20050718:0511,25035.0,33.23,8.56,14.54,2.9,0.0
20050718:0611,94425.0,111.61,16.86,15.07,3.86,0.0
20050718:0711,329925.0,289.56,25.54,15.97,4.69,0.0
20050718:0811,529965.0,434.09,34.25,17.09,4.83,0.0
20050718:0911,383460.0,319.97,42.53,18.33,4.9,0.0
20050718:1011,194970.0,173.37,49.72,19.46,5.1,0.0
20050718:1111,349155.0,295.75,54.86,20.17,5.59,0.0
20050718:1211,110805.0,106.62,56.8,20.05,5.72,0.0
20050718:1311,460260.0,383.08,54.94,19.1,4.83,0.0
20050718:1411,144330.0,132.58,49.86,18.27,5.03,0.0
20050718:1511,125970.0,117.74,42.7,17.79,5.24,0.0
20050718:1611,448665.0,370.47,34.43,17.44,5.17,0.0
20050718:1711,418695.0,364.16,25.73,17.36,5.38,0.0
20050718:1811,123405.0,150.99,17.04,17.2,5.59,0.0
20050718:1911,52590.0,57.71,8.73,16.67,4.83,0.0
20050718:2011,8205.0,16.61,1.16,15.73,4.83,0.0
20050718:2111,0.0,0.0,0.0,14.68,4.34,0.0
20050718:2211,0.0,0.0,0.0,14.3,4.21,0.0
20050718:2311,0.0,0.0,0.0,13.66,4.0,0.0
20050719:0011,0.0,0.0,0.0,13.3,3.72,0.0
20050719:0111,0.0,0.0,0.0,13.11,3.66,0.0
20050719:0211,0.0,0.0,0.0,12.66,3.86,0.0
20050719:0311,0.0,0.0,0.0,12.37,4.07,0.0
20050719:0411,0.0,0.0,0.0,12.32,4.14,0.0
20050719:0511,23445.0,31.48,8.41,12.32,4.14,0.0
20050719:0611,105030.0,112.39,16.71,13.08,4.21,0.0
20050719:0711,299475.0,257.7,25.39,14.21,6.07,0.0
20050719:0811,599610.0,481.85,34.1,15.1,6.9,0.0
20050719:0911,710460.0,567.9,42.37,15.48,6.69,0.0
20050719:1011,529635.0,428.88,49.56,16.13,6.97,0.0
20050719:1111,745755.0,599.22,54.69,16.41,7.79,0.0
20050719:1211,877950.0,707.7,56.62,17.05,8.07,0.0
20050719:1311,203025.0,177.08,54.77,16.76,8.21,0.0
20050719:1411,152535.0,138.14,49.71,17.21,7.79,0.0
20050719:1511,841800.0,678.03,42.56,17.16,7.38,0.0
20050719:1611,146805.0,133.5,34.3,16.88,7.31,0.0
20050719:1711,218535.0,189.86,25.6,16.47,6.62,0.0
20050719:1811,128415.0,120.28,16.91,16.17,5.93,0.0
20050719:1911,36570.0,43.72,8.6,15.68,5.66,0.0
20050719:2011,1860.0,8.74,1.01,14.99,5.24,0.0
20050719:2111,0.0,0.0,0.0,14.51,4.83,0.0
20050719:2211,0.0,0.0,0.0,13.9,4.62,0.0
20050719:2311,0.0,0.0,0.0,13.6,4.41,0.0
20050720:0011,0.0,0.0,0.0,13.5,4.41,0.0
20050720:0111,0.0,0.0,0.0,13.49,4.62,0.0
20050720:0211,0.0,0.0,0.0,13.41,4.69,0.0
20050720:0311,0.0,0.0,0.0,13.33,4.83,0.0
20050720:0411,0.0,0.0,0.0,12.96,4.76,0.0
20050720:0511,20565.0,28.86,8.25,12.77,4.83,0.0
20050720:0611,87810.0,87.0,16.55,13.09,4.55,0.0
20050720:0711,162525.0,144.8,25.24,14.26,6.14,0.0
20050720:0811,99480.0,95.49,33.95,15.28,6.76,0.0
20050720:0911,364110.0,300.46,42.21,16.35,7.86,0.0
20050720:1011,321945.0,269.18,49.39,16.91,7.79,0.0
20050720:1111,883860.0,714.28,54.51,17.59,7.79,0.0
20050720:1211,1138320.0,931.46,56.44,18.13,7.45,0.0
20050720:1311,1010655.0,829.55,54.6,18.62,6.48,0.0
20050720:1411,811800.0,665.16,49.55,19.41,6.34,0.0
20050720:1511,641415.0,525.9,42.42,19.6,6.34,0.0
20050720:1611,411660.0,342.71,34.17,18.99,6.34,0.0
20050720:1711,388155.0,335.83,25.47,18.72,6.48,0.0
20050720:1811,128535.0,152.41,16.77,17.99,5.86,0.0
20050720:1911,40290.0,47.22,8.46,17.01,5.24,0.0
20050720:2011,5910.0,13.99,0.86,15.92,4.69,0.0
20050720:2111,0.0,0.0,0.0,14.93,4.28,0.0
20050720:2211,0.0,0.0,0.0,14.12,4.07,0.0
20050720:2311,0.0,0.0,0.0,13.5,3.93,0.0
20050721:0011,0.0,0.0,0.0,12.89,3.79,0.0
20050721:0111,0.0,0.0,0.0,12.46,3.93,0.0
20050721:0211,0.0,0.0,0.0,12.16,4.07,0.0
20050721:0311,0.0,0.0,0.0,11.96,4.07,0.0
20050721:0411,0.0,0.0,0.0,11.9,4.14,0.0
20050721:0511,17865.0,26.23,8.09,12.23,4.21,0.0
20050721:0611,91950.0,107.09,16.39,13.2,4.55,0.0
20050721:0711,253575.0,219.37,25.08,14.41,4.9,0.0
20050721:0811,556080.0,451.99,33.79,15.83,4.97,0.0
20050721:0911,535110.0,437.03,42.05,17.37,5.03,0.0
20050721:1011,238155.0,206.74,49.21,18.59,4.9,0.0
20050721:1111,509730.0,422.69,54.32,19.36,4.9,0.0
20050721:1211,635055.0,525.97,56.25,20.08,4.97,0.0
20050721:1311,252120.0,219.72,54.42,20.64,4.9,0.0
20050721:1411,555135.0,462.98,49.39,21.12,4.83,0.0
20050721:1511,394695.0,334.07,42.27,21.44,4.69,0.0
20050721:1611,237075.0,208.49,34.03,21.29,4.34,0.0
20050721:1711,152460.0,140.84,25.33,20.79,3.52,0.0
20050721:1811,151260.0,151.24,16.63,20.34,2.62,0.0
20050721:1911,57975.0,62.96,8.31,19.2,2.69,0.0
20050721:2011,2415.0,9.62,0.71,18.16,2.55,0.0
20050721:2111,0.0,0.0,0.0,16.73,2.97,0.0
20050721:2211,0.0,0.0,0.0,15.73,2.97,0.0
20050721:2311,0.0,0.0,0.0,15.16,2.69,0.0
20050722:0011,0.0,0.0,0.0,14.84,2.76,0.0
20050722:0111,0.0,0.0,0.0,14.65,2.34,0.0
20050722:0211,0.0,0.0,0.0,14.48,2.0,0.0
20050722:0311,0.0,0.0,0.0,14.34,2.14,0.0
20050722:0411,0.0,0.0,0.0,14.13,2.62,0.0
20050722:0511,3150.0,10.49,7.92,14.04,2.69,0.0
20050722:0611,75105.0,76.44,16.23,14.02,3.1,0.0
20050722:0711,153855.0,138.44,24.92,14.32,3.66,0.0
20050722:0811,210450.0,182.49,33.63,15.23,3.93,0.0
20050722:0911,227145.0,195.9,41.88,15.69,3.86,0.0
20050722:1011,1040160.0,857.66,49.03,16.07,3.66,0.0
20050722:1111,297015.0,251.64,54.13,16.56,3.45,0.0
20050722:1211,858630.0,711.08,56.05,16.96,3.24,0.0
20050722:1311,600240.0,496.37,54.24,17.57,3.1,0.0
20050722:1411,589995.0,488.61,49.22,17.97,3.03,0.0
20050722:1511,895920.0,743.78,42.11,17.86,3.17,0.0
20050722:1611,709560.0,587.48,33.88,17.74,3.38,0.0
20050722:1711,398085.0,345.65,25.18,16.89,3.72,0.0
20050722:1811,132885.0,151.26,16.49,15.95,3.66,0.0
20050722:1911,59115.0,62.96,8.16,15.32,2.41,0.0
20050722:2011,3810.0,11.37,0.55,14.49,2.07,0.0
20050722:2111,0.0,0.0,0.0,13.49,2.0,0.0
20050722:2211,0.0,0.0,0.0,12.85,1.93,0.0
20050722:2311,0.0,0.0,0.0,12.2,1.79,0.0
20050723:0011,0.0,0.0,0.0,11.78,1.45,0.0
20050723:0111,0.0,0.0,0.0,11.41,1.1,0.0
20050723:0211,0.0,0.0,0.0,11.38,0.83,0.0
20050723:0311,0.0,0.0,0.0,11.39,0.97,0.0
20050723:0411,0.0,0.0,0.0,11.5,1.17,0.0
20050723:0511,9210.0,17.49,7.75,11.68,1.45,0.0
20050723:0611,100110.0,100.01,16.07,11.86,1.45,0.0
20050723:0711,228915.0,198.19,24.76,12.07,1.59,0.0
20050723:0811,209400.0,180.65,33.46,12.62,1.45,0.0
20050723:0911,375660.0,311.08,41.71,13.28,1.24,0.0
20050723:1011,300870.0,254.58,48.85,14.76,1.17,0.0
20050723:1111,471270.0,394.09,53.93,15.74,0.76,0.0
20050723:1211,584550.0,493.46,55.85,16.7,0.34,0.0
20050723:1311,486810.0,412.8,54.05,17.5,0.21,0.0
20050723:1411,333750.0,286.37,49.04,18.04,0.34,0.0
20050723:1511,601545.0,509.46,41.95,18.3,0.55,0.0
20050723:1611,531540.0,449.36,33.73,18.44,0.97,0.0
20050723:1711,377085.0,331.56,25.03,18.2,1.45,0.0
20050723:1811,150615.0,144.92,16.33,17.64,2.07,0.0
20050723:1911,51600.0,56.84,8.0,16.26,2.83,0.0
20050723:2011,2475.0,9.62,0.38,15.11,3.03,0.0
20050723:2111,0.0,0.0,0.0,13.87,2.76,0.0
20050723:2211,0.0,0.0,0.0,12.91,2.28,0.0
20050723:2311,0.0,0.0,0.0,12.49,1.93,0.0
20050724:0011,0.0,0.0,0.0,11.92,1.59,0.0
20050724:0111,0.0,0.0,0.0,11.7,1.17,0.0
20050724:0211,0.0,0.0,0.0,11.64,0.83,0.0
20050724:0311,0.0,0.0,0.0,11.3,0.97,0.0
20050724:0411,0.0,0.0,0.0,10.98,1.1,0.0
20050724:0511,3210.0,10.49,7.58,11.35,1.03,0.0
20050724:0611,55605.0,59.33,15.9,12.21,1.31,0.0
20050724:0711,207810.0,181.01,24.6,12.92,2.97,0.0
20050724:0811,299130.0,249.66,33.29,13.38,3.03,0.0
20050724:0911,223650.0,192.2,41.53,14.33,3.45,0.0
20050724:1011,167880.0,149.26,48.66,14.93,3.86,0.0
20050724:1111,240150.0,205.82,53.73,15.62,4.34,0.0
20050724:1211,213735.0,185.42,55.65,15.76,4.28,0.0
20050724:1311,221970.0,191.91,53.85,15.81,4.14,0.0
20050724:1411,230835.0,199.33,48.86,16.43,4.21,0.0
20050724:1511,357180.0,297.89,41.78,16.59,4.28,0.0
20050724:1611,183465.0,162.24,33.57,16.37,4.48,0.0
20050724:1711,82995.0,82.51,24.88,15.65,4.76,0.0
20050724:1811,44100.0,50.06,16.17,14.69,4.9,0.0
20050724:1911,5250.0,13.12,7.83,13.82,3.86,0.0
20050724:2011,0.0,1.75,0.2,13.0,3.66,0.0
20050724:2111,0.0,0.0,0.0,12.46,3.52,0.0
20050724:2211,0.0,0.0,0.0,12.11,3.52,0.0
20050724:2311,0.0,0.0,0.0,12.0,3.59,0.0
20050725:0011,0.0,0.0,0.0,11.8,3.45,0.0
20050725:0111,0.0,0.0,0.0,11.64,3.31,0.0
20050725:0211,0.0,0.0,0.0,11.57,3.31,0.0
20050725:0311,0.0,0.0,0.0,11.38,3.31,0.0
20050725:0411,0.0,0.0,0.0,11.4,3.45,0.0
20050725:0511,1920.0,8.74,7.4,11.56,3.45,0.0
20050725:0611,97050.0,98.18,15.73,12.19,3.24,0.0
20050725:0711,221325.0,191.43,24.43,12.8,4.83,0.0
20050725:0811,158340.0,140.92,33.12,13.75,5.17,0.0
20050725:0911,189855.0,165.95,41.36,14.85,5.38,0.0
20050725:1011,253590.0,215.45,48.47,15.18,5.31,0.0
20050725:1111,597570.0,484.03,53.53,15.43,5.1,0.0
20050725:1211,291090.0,245.17,55.44,15.8,5.24,0.0
20050725:1311,260130.0,220.65,53.65,15.28,5.31,0.0
20050725:1411,284745.0,239.57,48.68,15.02,4.9,0.0
20050725:1511,379395.0,312.69,41.61,14.95,4.55,0.0
20050725:1611,292650.0,245.79,33.4,14.96,4.28,0.0
20050725:1711,235515.0,202.69,24.71,14.61,4.0,0.0
20050725:1811,95250.0,92.13,16.01,14.35,4.0,0.0
20050725:1911,33945.0,41.1,7.66,13.55,3.31,0.0
20050725:2011,0.0,1.75,0.02,13.12,2.83,0.0
20050725:2111,0.0,0.0,0.0,12.49,2.34,0.0
20050725:2211,0.0,0.0,0.0,12.05,2.0,0.0
20050725:2311,0.0,0.0,0.0,11.36,1.72,0.0
20050726:0011,0.0,0.0,0.0,10.64,1.86,0.0
20050726:0111,0.0,0.0,0.0,10.07,2.0,0.0
20050726:0211,0.0,0.0,0.0,9.36,2.0,0.0
20050726:0311,0.0,0.0,0.0,8.82,1.86,0.0
20050726:0411,0.0,0.0,0.0,8.25,1.79,0.0
20050726:0511,810.0,7.0,7.22,8.68,1.31,0.0
20050726:0611,76350.0,76.75,15.55,10.37,0.69,0.0
20050726:0711,201345.0,176.85,24.25,12.79,0.69,0.0
20050726:0811,362010.0,302.91,32.95,13.94,0.48,0.0
20050726:0911,560685.0,462.76,41.17,14.78,1.03,0.0
20050726:1011,432570.0,361.0,48.28,15.62,1.03,0.0
20050726:1111,281730.0,242.38,53.32,16.26,0.21,0.0
20050726:1211,285510.0,245.18,55.22,16.31,0.41,0.0
20050726:1311,586470.0,491.88,53.44,16.76,0.9,0.0
20050726:1411,524760.0,438.08,48.48,16.91,1.38,0.0
20050726:1511,510405.0,425.24,41.43,17.02,1.59,0.0
20050726:1611,391200.0,328.92,33.23,16.99,1.59,0.0
20050726:1711,211455.0,186.53,24.54,17.02,1.59,0.0
20050726:1811,139605.0,133.12,15.84,16.98,1.86,0.0
20050726:1911,48435.0,54.22,7.49,16.46,2.0,0.0
20050726:2011,0.0,0.0,-0.16,15.4,2.69,0.0
20050726:2111,0.0,0.0,0.0,13.97,2.97,0.0
20050726:2211,0.0,0.0,0.0,13.15,2.76,0.0
20050726:2311,0.0,0.0,0.0,12.57,2.48,0.0
20050727:0011,0.0,0.0,0.0,11.91,2.14,0.0
20050727:0111,0.0,0.0,0.0,11.4,1.93,0.0
20050727:0211,0.0,0.0,0.0,10.78,1.79,0.0
20050727:0311,0.0,0.0,0.0,10.04,1.79,0.0
20050727:0411,0.0,0.0,0.0,9.91,1.59,0.0
20050727:0511,0.0,4.37,7.04,10.05,1.31,0.0
20050727:0611,59325.0,62.46,15.38,11.59,1.17,0.0
20050727:0711,219150.0,191.66,24.08,13.4,1.72,0.0
20050727:0811,540705.0,444.84,32.77,15.15,2.14,0.0
20050727:0911,799830.0,658.97,40.99,16.58,2.48,0.0
20050727:1011,656775.0,543.43,48.08,17.88,2.76,0.0
20050727:1111,1081650.0,919.6,53.1,18.46,2.76,0.0
20050727:1211,785670.0,656.22,55.0,18.7,2.9,0.0
20050727:1311,477795.0,399.09,53.22,18.68,3.03,0.0
20050727:1411,348720.0,295.68,48.28,19.05,3.24,0.0
20050727:1511,546750.0,453.28,41.24,18.9,3.59,0.0
20050727:1611,680970.0,563.38,33.05,18.44,4.0,0.0
20050727:1711,376710.0,327.59,24.37,17.98,4.34,0.0
20050727:1811,145140.0,141.23,15.66,17.01,4.0,0.0
20050727:1911,40485.0,47.22,7.3,15.92,3.1,0.0
20050727:2011,0.0,0.0,-0.35,14.61,2.76,0.0
20050727:2111,0.0,0.0,0.0,13.46,2.41,0.0
20050727:2211,0.0,0.0,0.0,12.95,2.14,0.0
20050727:2311,0.0,0.0,0.0,12.58,1.93,0.0
20050728:0011,0.0,0.0,0.0,12.21,1.79,0.0
20050728:0111,0.0,0.0,0.0,12.28,1.93,0.0
20050728:0211,0.0,0.0,0.0,12.62,2.62,0.0
20050728:0311,0.0,0.0,0.0,12.77,2.97,0.0
20050728:0411,0.0,0.0,0.0,12.59,2.97,0.0
20050728:0511,13380.0,21.86,6.85,12.48,3.31,0.0
20050728:0611,5970.0,13.91,15.2,12.4,4.07,0.0
20050728:0711,34905.0,41.72,23.9,12.3,4.34,0.0
20050728:0811,30690.0,38.01,32.59,12.31,4.34,0.0
20050728:0911,223755.0,190.36,40.8,12.46,4.55,0.0
20050728:1011,108840.0,101.98,47.87,12.76,4.83,0.0
20050728:1111,164640.0,145.56,52.88,13.26,4.69,0.0
20050728:1211,109695.0,102.91,54.77,13.46,5.24,0.0
20050728:1311,65535.0,67.68,53.0,13.56,5.59,0.0
20050728:1411,65670.0,67.68,48.08,13.18,5.72,0.0
20050728:1511,188880.0,164.1,41.05,13.57,6.55,0.0
20050728:1611,56610.0,60.26,32.87,13.24,5.45,0.0
20050728:1711,34785.0,41.72,24.19,13.04,5.66,0.0
20050728:1811,12840.0,21.32,15.48,12.82,5.79,0.0
20050728:1911,51465.0,55.97,7.11,13.11,5.24,0.0
20050728:2011,0.0,0.0,-0.55,13.34,4.83,0.0
20050728:2111,0.0,0.0,0.0,13.62,4.21,0.0
20050728:2211,0.0,0.0,0.0,13.94,3.31,0.0
20050728:2311,0.0,0.0,0.0,14.29,2.48,0.0
20050729:0011,0.0,0.0,0.0,14.68,1.86,0.0
20050729:0111,0.0,0.0,0.0,15.24,1.72,0.0
20050729:0211,0.0,0.0,0.0,15.22,1.72,0.0
20050729:0311,0.0,0.0,0.0,15.08,2.0,0.0
20050729:0411,0.0,0.0,0.0,14.82,2.28,0.0
20050729:0511,0.0,5.25,6.66,14.73,2.34,0.0
20050729:0611,48435.0,54.12,15.02,15.14,2.28,0.0
20050729:0711,177270.0,159.09,23.72,15.5,1.59,0.0
20050729:0811,164595.0,148.51,32.41,16.78,1.45,0.0
20050729:0911,144765.0,133.5,40.61,18.18,1.72,0.0
20050729:1011,100710.0,98.27,47.67,18.79,1.93,0.0
20050729:1111,348960.0,297.88,52.66,19.55,2.07,0.0
20050729:1211,544440.0,459.69,54.54,19.84,1.72,0.0
20050729:1311,605190.0,515.05,52.77,20.39,1.17,0.0
20050729:1411,327480.0,284.19,47.86,20.43,0.41,0.0
20050729:1511,281070.0,245.83,40.85,20.45,0.55,0.0
20050729:1611,309960.0,267.53,32.68,19.75,1.24,0.0
20050729:1711,270915.0,238.75,24.0,19.5,1.93,0.0
20050729:1811,117300.0,113.51,15.29,18.57,2.48,0.0
20050729:1911,29220.0,37.6,6.92,18.26,1.31,0.0
20050729:2011,0.0,0.0,-0.75,17.17,2.34,0.0
20050729:2111,0.0,0.0,0.0,15.93,2.62,0.0
20050729:2211,0.0,0.0,0.0,15.41,2.62,0.0
20050729:2311,0.0,0.0,0.0,15.1,2.62,0.0
20050730:0011,0.0,0.0,0.0,14.85,2.76,0.0
20050730:0111,0.0,0.0,0.0,14.61,2.76,0.0
20050730:0211,0.0,0.0,0.0,14.5,2.69,0.0
20050730:0311,0.0,0.0,0.0,14.41,2.62,0.0
20050730:0411,0.0,0.0,0.0,14.3,2.48,0.0
20050730:0511,0.0,3.5,6.47,14.36,2.55,0.0
20050730:0611,36585.0,43.57,14.83,14.45,2.55,0.0
20050730:0711,94890.0,91.78,23.54,14.48,2.97,0.0
20050730:0811,242280.0,207.15,32.22,14.67,2.69,0.0
20050730:0911,267315.0,226.65,40.41,14.91,3.03,0.0
20050730:1011,103950.0,99.2,47.46,15.03,3.24,0.0
20050730:1111,297600.0,250.25,52.43,15.08,3.66,0.0
20050730:1211,269430.0,228.07,54.3,15.1,4.34,0.0
20050730:1311,157125.0,140.92,52.54,15.2,4.62,0.0
20050730:1411,160995.0,143.7,47.65,14.91,4.97,0.0
20050730:1511,130290.0,119.6,40.65,14.53,4.62,0.0
20050730:1611,116160.0,108.47,32.49,14.39,4.34,0.0
20050730:1711,192510.0,168.37,23.81,14.26,4.34,0.0
20050730:1811,65340.0,67.68,15.1,14.04,4.34,0.0
20050730:1911,21465.0,29.73,6.72,13.02,4.07,0.0
20050730:2011,0.0,0.0,0.0,12.63,4.41,0.0
20050730:2111,0.0,0.0,0.0,12.25,4.48,0.0
20050730:2211,0.0,0.0,0.0,11.96,4.48,0.0
20050730:2311,0.0,0.0,0.0,11.61,4.41,0.0
20050731:0011,0.0,0.0,0.0,11.59,4.34,0.0
20050731:0111,0.0,0.0,0.0,11.5,4.34,0.0
20050731:0211,0.0,0.0,0.0,11.49,4.34,0.0
20050731:0311,0.0,0.0,0.0,11.45,4.34,0.0
20050731:0411,0.0,0.0,0.0,11.43,4.34,0.0
20050731:0511,11745.0,20.11,6.28,11.35,4.34,0.0
20050731:0611,60975.0,64.06,14.64,11.5,4.34,0.0
20050731:0711,159120.0,141.25,23.35,11.9,5.1,0.0
20050731:0811,254445.0,213.25,32.03,12.58,6.14,0.0
20050731:0911,247635.0,208.98,40.21,13.37,5.66,0.0
20050731:1011,131850.0,120.52,47.24,14.0,4.9,0.0
20050731:1111,343530.0,284.98,52.2,14.92,4.69,0.0
20050731:1211,579660.0,472.34,54.06,15.71,4.21,0.0
20050731:1311,1018815.0,844.11,52.3,16.13,3.59,0.0
20050731:1411,900570.0,744.07,47.42,16.83,3.38,0.0
20050731:1511,806070.0,665.04,40.44,17.37,3.17,0.0
20050731:1611,408465.0,340.78,32.29,17.07,2.83,0.0
20050731:1711,317325.0,274.78,23.62,16.49,2.69,0.0
20050731:1811,137340.0,137.14,14.9,15.68,2.62,0.0
20050731:1911,42630.0,48.97,6.52,15.15,1.86,0.0
20050731:2011,0.0,0.0,0.0,14.49,1.93,0.0
20050731:2111,0.0,0.0,0.0,14.01,1.86,0.0
20050731:2211,0.0,0.0,0.0,13.49,1.66,0.0
20050731:2311,0.0,0.0,0.0,12.9,1.45,0.0
20050801:0011,0.0,0.0,0.0,12.62,1.31,0.0
20050801:0111,0.0,0.0,0.0,12.57,1.17,0.0
20050801:0211,0.0,0.0,0.0,12.59,1.17,0.0
20050801:0311,0.0,0.0,0.0,12.6,1.17,0.0
20050801:0411,0.0,0.0,0.0,12.5,1.17,0.0
20050801:0511,0.0,4.37,6.08,12.5,1.1,0.0
20050801:0611,32685.0,39.87,14.45,12.51,1.1,0.0
20050801:0711,115230.0,107.45,23.17,12.41,1.1,0.0
20050801:0811,119910.0,111.25,31.84,12.98,1.1,0.0
20050801:0911,208920.0,181.11,40.01,13.34,1.03,0.0
20050801:1011,192510.0,168.73,47.02,13.9,1.03,0.0
20050801:1111,401670.0,335.28,51.96,14.5,0.76,0.0
20050801:1211,547800.0,457.0,53.81,15.07,0.55,0.0
20050801:1311,290805.0,247.98,52.06,15.44,0.76,0.0
20050801:1411,346650.0,293.55,47.19,16.15,0.69,0.0
20050801:1511,132795.0,123.31,40.23,16.64,0.97,0.0
20050801:1611,138405.0,127.94,32.08,17.1,1.31,0.0
20050801:1711,131430.0,122.34,23.41,17.13,1.72,0.0
20050801:1811,70995.0,73.24,14.69,16.75,1.72,0.0
20050801:1911,17415.0,26.23,6.31,16.61,1.38,0.0
20050801:2011,0.0,0.0,0.0,15.39,1.93,0.0
20050801:2111,0.0,0.0,0.0,13.82,2.21,0.0
20050801:2211,0.0,0.0,0.0,12.93,2.28,0.0
20050801:2311,0.0,0.0,0.0,12.2,2.21,0.0
20050802:0011,0.0,0.0,0.0,11.59,2.07,0.0
20050802:0111,0.0,0.0,0.0,10.99,2.07,0.0
20050802:0211,0.0,0.0,0.0,10.76,1.79,0.0
20050802:0311,0.0,0.0,0.0,10.36,1.66,0.0
20050802:0411,0.0,0.0,0.0,9.91,1.59,0.0
20050802:0511,0.0,2.62,5.88,9.77,1.31,0.0
20050802:0611,82230.0,90.34,14.26,11.15,1.1,0.0
20050802:0711,300495.0,265.47,22.98,12.4,1.24,0.0
20050802:0811,571950.0,470.07,31.65,14.36,1.72,0.0
20050802:0911,787380.0,647.41,39.81,16.07,2.34,0.0
20050802:1011,838155.0,692.42,46.8,17.58,3.24,0.0
20050802:1111,677460.0,558.69,51.72,18.88,4.28,0.0
20050802:1211,1064910.0,892.71,53.56,19.59,4.55,0.0
20050802:1311,856170.0,711.88,51.81,19.93,4.48,0.0
20050802:1411,1053945.0,882.19,46.96,20.66,4.97,0.0
20050802:1511,675765.0,559.23,40.01,20.81,5.1,0.0
20050802:1611,527295.0,440.52,31.87,20.32,4.21,0.0
20050802:1711,374910.0,332.35,23.2,19.87,3.72,0.0
20050802:1811,129915.0,136.42,14.48,19.15,3.45,0.0
20050802:1911,32280.0,40.23,6.09,17.51,3.79,0.0
20050802:2011,0.0,0.0,0.0,15.95,3.52,0.0
20050802:2111,0.0,0.0,0.0,15.12,3.31,0.0
20050802:2211,0.0,0.0,0.0,14.97,3.31,0.0
20050802:2311,0.0,0.0,0.0,15.03,3.86,0.0
20050803:0011,0.0,0.0,0.0,15.02,3.52,0.0
20050803:0111,0.0,0.0,0.0,14.73,3.03,0.0
20050803:0211,0.0,0.0,0.0,14.29,3.17,0.0
20050803:0311,0.0,0.0,0.0,12.88,3.1,0.0
20050803:0411,0.0,0.0,0.0,11.79,2.76,0.0
20050803:0511,5340.0,13.12,5.68,11.36,2.76,0.0
20050803:0611,75480.0,88.63,14.06,12.58,3.17,0.0
20050803:0711,279360.0,245.45,22.78,14.24,4.21,0.0
20050803:0811,505245.0,410.39,31.45,15.28,5.31,0.0
20050803:0911,802320.0,643.67,39.6,16.16,6.0,0.0
20050803:1011,961545.0,775.39,46.58,16.19,6.21,0.0
20050803:1111,681180.0,550.02,51.48,16.84,6.9,0.0
20050803:1211,552990.0,449.63,53.3,16.94,6.76,0.0
20050803:1311,602370.0,488.37,51.56,17.27,7.38,0.0
20050803:1411,400815.0,331.2,46.72,17.5,7.24,0.0
20050803:1511,606645.0,491.73,39.78,17.5,6.9,0.0
20050803:1611,158010.0,142.77,31.65,17.64,6.83,0.0
20050803:1711,238605.0,207.22,22.99,16.95,6.55,0.0
20050803:1811,123030.0,135.03,14.27,16.19,5.24,0.0
20050803:1911,25845.0,34.1,5.87,15.68,4.9,0.0
20050803:2011,0.0,0.0,0.0,14.83,4.34,0.0
20050803:2111,0.0,0.0,0.0,13.92,4.21,0.0
20050803:2211,0.0,0.0,0.0,13.43,4.14,0.0
20050803:2311,0.0,0.0,0.0,13.04,4.14,0.0
20050804:0011,0.0,0.0,0.0,12.82,4.28,0.0
20050804:0111,0.0,0.0,0.0,12.67,4.21,0.0
20050804:0211,0.0,0.0,0.0,12.51,4.07,0.0
20050804:0311,0.0,0.0,0.0,12.39,3.93,0.0
20050804:0411,0.0,0.0,0.0,12.28,3.86,0.0
20050804:0511,0.0,2.62,5.47,12.57,3.93,0.0
20050804:0611,47805.0,53.2,13.87,13.47,4.21,0.0
20050804:0711,84675.0,83.44,22.59,14.28,4.07,0.0
20050804:0811,437655.0,357.34,31.25,15.7,6.28,0.0
20050804:0911,452265.0,369.14,39.39,16.5,6.07,0.0
20050804:1011,475350.0,388.79,46.35,16.83,5.72,0.0
20050804:1111,459810.0,376.66,51.23,16.8,6.28,0.0
20050804:1211,1162530.0,953.85,53.04,16.99,6.14,0.0
20050804:1311,713505.0,579.99,51.3,17.49,6.0,0.0
20050804:1411,528465.0,430.0,46.47,16.84,6.48,0.0
20050804:1511,344490.0,286.87,39.55,16.76,6.14,0.0
20050804:1611,234255.0,201.68,31.43,16.6,5.38,0.0
20050804:1711,145440.0,132.54,22.77,16.39,5.1,0.0
20050804:1811,102120.0,99.26,14.05,15.86,4.07,0.0
20050804:1911,29730.0,37.6,5.64,15.3,3.1,0.0
20050804:2011,0.0,0.0,0.0,14.74,2.97,0.0
20050804:2111,0.0,0.0,0.0,14.17,3.17,0.0
20050804:2211,0.0,0.0,0.0,13.36,3.1,0.0
20050804:2311,0.0,0.0,0.0,13.12,3.17,0.0
20050805:0011,0.0,0.0,0.0,12.93,2.97,0.0
20050805:0111,0.0,0.0,0.0,12.85,2.83,0.0
20050805:0211,0.0,0.0,0.0,12.76,2.48,0.0
20050805:0311,0.0,0.0,0.0,12.77,2.14,0.0
20050805:0411,0.0,0.0,0.0,12.84,1.86,0.0
20050805:0511,0.0,2.62,5.26,12.76,1.79,0.0
20050805:0611,30525.0,38.01,13.67,13.01,1.86,0.0
20050805:0711,250440.0,220.31,22.39,13.75,2.55,0.0
20050805:0811,566415.0,460.19,31.05,14.73,3.86,0.0
20050805:0911,500805.0,408.5,39.17,15.84,3.86,0.0
20050805:1011,930570.0,760.15,46.11,16.75,4.48,0.0
20050805:1111,1021650.0,839.02,50.97,17.7,5.38,0.0
20050805:1211,1155375.0,954.29,52.77,18.06,5.93,0.0
20050805:1311,214200.0,187.28,51.03,18.25,6.34,0.0
20050805:1411,562860.0,459.66,46.22,18.03,6.34,0.0
20050805:1511,941580.0,765.21,39.31,18.34,6.62,0.0
20050805:1611,644460.0,527.19,31.2,18.01,6.07,0.0
20050805:1711,243105.0,212.21,22.55,17.72,5.52,0.0
20050805:1811,121215.0,130.46,13.82,17.08,4.76,0.0
20050805:1911,40440.0,47.22,5.41,16.2,4.14,0.0
20050805:2011,0.0,0.0,0.0,15.18,3.86,0.0
20050805:2111,0.0,0.0,0.0,14.28,3.79,0.0
20050805:2211,0.0,0.0,0.0,13.57,3.79,0.0
20050805:2311,0.0,0.0,0.0,12.83,3.72,0.0
20050806:0011,0.0,0.0,0.0,12.21,3.59,0.0
20050806:0111,0.0,0.0,0.0,11.72,3.45,0.0
20050806:0211,0.0,0.0,0.0,11.41,3.38,0.0
20050806:0311,0.0,0.0,0.0,11.13,3.31,0.0
20050806:0411,0.0,0.0,0.0,11.06,3.31,0.0
20050806:0511,0.0,1.75,5.05,10.83,3.24,0.0
20050806:0611,35010.0,41.72,13.47,11.56,3.03,0.0
20050806:0711,132795.0,121.36,22.19,13.05,3.79,0.0
20050806:0811,245190.0,208.38,30.84,14.38,4.34,0.0
20050806:0911,445695.0,363.65,38.96,15.53,4.9,0.0
20050806:1011,443715.0,363.75,45.88,16.04,4.83,0.0
20050806:1111,865530.0,705.2,50.72,17.0,5.24,0.0
20050806:1211,648900.0,529.71,52.5,17.43,5.17,0.0
20050806:1311,618570.0,505.08,50.76,17.55,5.38,0.0
20050806:1411,397005.0,329.73,45.97,17.62,5.31,0.0
20050806:1511,503070.0,412.16,39.07,17.15,4.9,0.0
20050806:1611,322875.0,271.0,30.97,16.65,4.55,0.0
20050806:1711,276330.0,239.45,22.32,16.15,3.38,0.0
20050806:1811,99630.0,126.35,13.59,15.83,2.9,0.0
20050806:1911,37605.0,44.6,5.17,15.21,2.41,0.0
20050806:2011,0.0,0.0,0.0,14.13,2.14,0.0
20050806:2111,0.0,0.0,0.0,13.18,2.21,0.0
20050806:2211,0.0,0.0,0.0,12.33,2.41,0.0
20050806:2311,0.0,0.0,0.0,11.99,2.62,0.0
20050807:0011,0.0,0.0,0.0,11.37,2.62,0.0
20050807:0111,0.0,0.0,0.0,10.68,2.62,0.0
20050807:0211,0.0,0.0,0.0,9.91,2.62,0.0
20050807:0311,0.0,0.0,0.0,9.35,2.69,0.0
20050807:0411,0.0,0.0,0.0,8.97,2.76,0.0
20050807:0511,1365.0,7.87,4.84,8.8,2.83,0.0
20050807:0611,65565.0,82.38,13.26,9.85,2.83,0.0
20050807:0711,296970.0,260.41,21.99,11.68,3.66,0.0
20050807:0811,585765.0,470.53,30.64,13.1,4.62,0.0
20050807:0911,689520.0,551.8,38.74,14.33,4.9,0.0
20050807:1011,553620.0,447.44,45.64,15.63,5.79,0.0
20050807:1111,804810.0,651.33,50.45,16.2,5.52,0.0
20050807:1211,503400.0,411.55,52.22,16.55,5.38,0.0
20050807:1311,106845.0,101.98,50.49,16.71,5.93,0.0
20050807:1411,687885.0,557.35,45.7,17.09,6.14,0.0
20050807:1511,252585.0,216.77,38.82,17.67,6.0,0.0
20050807:1611,282660.0,240.35,30.73,17.82,5.79,0.0
20050807:1711,359385.0,314.51,22.08,17.4,4.55,0.0
20050807:1811,92595.0,123.34,13.35,16.96,3.38,0.0
20050807:1911,36600.0,43.72,4.93,15.39,3.52,0.0
20050807:2011,0.0,0.0,0.0,13.98,3.03,0.0
20050807:2111,0.0,0.0,0.0,12.73,2.83,0.0
20050807:2211,0.0,0.0,0.0,11.74,2.76,0.0
20050807:2311,0.0,0.0,0.0,11.06,2.69,0.0
20050808:0011,0.0,0.0,0.0,10.21,2.62,0.0
20050808:0111,0.0,0.0,0.0,9.72,2.62,0.0
20050808:0211,0.0,0.0,0.0,9.34,2.76,0.0
20050808:0311,0.0,0.0,0.0,9.6,2.97,0.0
20050808:0411,0.0,0.0,0.0,10.02,3.1,0.0
20050808:0511,0.0,4.37,4.63,10.35,3.24,0.0
20050808:0611,70455.0,79.18,13.05,11.13,3.1,0.0
20050808:0711,243570.0,212.36,21.78,11.9,3.59,0.0
20050808:0811,341370.0,281.0,30.43,12.94,3.79,0.0
20050808:0911,766650.0,616.36,38.52,14.56,4.14,0.0
20050808:1011,1056210.0,870.42,45.4,15.72,3.59,0.0
20050808:1111,1197825.0,1013.46,50.19,16.95,3.17,0.0
20050808:1211,1241325.0,1069.6,51.94,18.18,2.83,0.0
20050808:1311,1220250.0,1051.43,50.21,19.24,3.03,0.0
20050808:1411,508470.0,425.66,45.44,19.85,2.97,0.0
20050808:1511,698490.0,584.42,38.57,20.14,2.76,0.0
20050808:1611,483390.0,407.71,30.48,20.12,2.48,0.0
20050808:1711,274920.0,244.05,21.84,19.68,1.93,0.0
20050808:1811,60300.0,64.9,13.11,18.79,1.31,0.0
20050808:1911,14730.0,23.61,4.68,17.13,1.45,0.0
20050808:2011,0.0,0.0,0.0,15.08,1.79,0.0
20050808:2111,0.0,0.0,0.0,13.2,1.93,0.0
20050808:2211,0.0,0.0,0.0,11.78,1.86,0.0
20050808:2311,0.0,0.0,0.0,10.91,1.52,0.0
20050809:0011,0.0,0.0,0.0,10.17,0.97,0.0
20050809:0111,0.0,0.0,0.0,10.6,0.48,0.0
20050809:0211,0.0,0.0,0.0,10.36,0.48,0.0
20050809:0311,0.0,0.0,0.0,9.66,0.76,0.0
20050809:0411,0.0,0.0,0.0,8.58,0.9,0.0
20050809:0511,0.0,4.37,4.41,8.33,0.69,0.0
20050809:0611,50025.0,54.83,12.85,9.61,0.62,0.0
20050809:0711,185205.0,164.49,21.58,12.08,1.03,0.0
20050809:0811,60750.0,63.97,30.22,13.77,1.38,0.0
20050809:0911,827670.0,682.95,38.29,15.21,1.72,0.0
20050809:1011,569040.0,471.72,45.15,16.5,1.52,0.0
20050809:1111,680655.0,569.3,49.92,17.72,1.59,0.0
20050809:1211,1111365.0,1015.94,51.66,19.19,0.0,0.0
20050809:1311,442260.0,379.74,49.93,19.65,0.0,0.0
20050809:1411,665145.0,556.54,45.16,19.75,2.55,0.0
20050809:1511,384660.0,324.43,38.31,19.35,2.97,0.0
20050809:1611,271890.0,234.08,30.23,18.6,3.03,0.0
20050809:1711,87675.0,87.15,21.59,17.69,2.83,0.0
20050809:1811,88695.0,88.71,12.86,16.58,2.55,0.0
20050809:1911,27795.0,35.85,4.43,15.13,1.72,0.0
20050809:2011,0.0,0.0,0.0,14.26,1.45,0.0
20050809:2111,0.0,0.0,0.0,13.56,1.31,0.0
20050809:2211,0.0,0.0,0.0,13.22,1.03,0.0
20050809:2311,0.0,0.0,0.0,12.8,0.83,0.0
20050810:0011,0.0,0.0,0.0,12.27,0.9,0.0
20050810:0111,0.0,0.0,0.0,12.01,0.69,0.0
20050810:0211,0.0,0.0,0.0,12.08,0.62,0.0
20050810:0311,0.0,0.0,0.0,12.0,0.9,0.0
20050810:0411,0.0,0.0,0.0,12.07,0.83,0.0
20050810:0511,0.0,0.87,4.19,12.33,0.9,0.0
20050810:0611,35805.0,43.02,12.64,13.64,1.03,0.0
20050810:0711,145695.0,133.74,21.37,15.21,1.38,0.0
20050810:0811,360750.0,302.44,30.0,16.49,2.14,0.0
20050810:0911,705765.0,580.23,38.06,17.66,2.9,0.0
20050810:1011,443055.0,369.76,44.9,18.44,2.83,0.0
20050810:1111,410355.0,345.18,49.65,19.13,2.9,0.0
20050810:1211,491280.0,410.8,51.37,19.84,3.52,0.0
20050810:1311,144765.0,134.43,49.64,20.63,3.93,0.0
20050810:1411,88725.0,89.0,44.89,20.71,4.14,0.0
20050810:1511,414270.0,348.11,38.04,20.55,4.41,0.0
20050810:1611,335115.0,285.41,29.98,20.45,4.48,0.0
20050810:1711,340635.0,304.52,21.34,20.13,4.07,0.0
20050810:1811,101205.0,117.91,12.61,19.67,3.1,0.0
20050810:1911,24435.0,33.23,4.17,18.96,2.62,0.0
20050810:2011,0.0,0.0,0.0,17.61,2.62,0.0
20050810:2111,0.0,0.0,0.0,16.5,2.9,0.0
20050810:2211,0.0,0.0,0.0,15.92,2.83,0.0
20050810:2311,0.0,0.0,0.0,15.49,2.69,0.0
20050811:0011,0.0,0.0,0.0,15.05,2.55,0.0
20050811:0111,0.0,0.0,0.0,14.83,2.41,0.0
20050811:0211,0.0,0.0,0.0,14.53,2.34,0.0
20050811:0311,0.0,0.0,0.0,14.35,2.14,0.0
20050811:0411,0.0,0.0,0.0,13.88,1.86,0.0
20050811:0511,0.0,1.75,3.97,13.65,1.45,0.0
20050811:0611,11835.0,20.4,12.42,13.85,1.17,0.0
20050811:0711,50550.0,55.63,21.16,14.22,0.07,0.0
20050811:0811,211695.0,185.04,29.79,15.38,0.69,0.0
20050811:0911,236355.0,205.02,37.83,16.82,1.72,0.0
20050811:1011,502455.0,417.48,44.65,18.03,2.48,0.0
20050811:1111,476190.0,398.44,49.37,18.96,2.62,0.0
20050811:1211,520125.0,434.18,51.08,18.89,2.69,0.0
20050811:1311,189480.0,169.66,49.34,19.77,3.52,0.0
20050811:1411,243810.0,212.76,44.6,19.5,3.1,0.0
20050811:1511,275610.0,238.39,37.77,19.79,2.83,0.0
20050811:1611,208785.0,184.69,29.72,19.11,2.83,0.0
20050811:1711,77460.0,78.8,21.09,17.81,3.03,0.0
20050811:1811,85980.0,86.82,12.35,17.28,2.07,0.0
20050811:1911,27540.0,35.85,3.91,16.87,2.14,0.0
20050811:2011,0.0,0.0,0.0,15.86,2.14,0.0
20050811:2111,0.0,0.0,0.0,15.0,2.14,0.0
20050811:2211,0.0,0.0,0.0,14.63,1.59,0.0
20050811:2311,0.0,0.0,0.0,14.25,1.17,0.0
20050812:0011,0.0,0.0,0.0,13.88,1.03,0.0
20050812:0111,0.0,0.0,0.0,13.67,1.24,0.0
20050812:0211,0.0,0.0,0.0,13.43,2.21,0.0
20050812:0311,0.0,0.0,0.0,13.23,2.69,0.0
20050812:0411,0.0,0.0,0.0,13.14,2.62,0.0
20050812:0511,0.0,0.0,0.0,13.03,2.0,0.0
20050812:0611,51990.0,58.12,12.21,13.11,1.66,0.0
20050812:0711,123750.0,115.17,20.95,13.96,1.72,0.0
20050812:0811,236670.0,203.3,29.57,14.52,1.52,0.0
20050812:0911,121140.0,113.11,37.6,15.01,1.45,0.0
20050812:1011,96510.0,93.64,44.4,15.37,1.1,0.0
20050812:1111,283005.0,242.05,49.09,15.52,0.55,0.0
20050812:1211,256080.0,221.58,50.78,15.78,0.0,0.0
20050812:1311,594525.0,497.66,49.05,16.21,0.69,0.0
20050812:1411,188340.0,167.81,44.32,16.88,0.69,0.0
20050812:1511,340950.0,290.1,37.5,17.27,0.62,0.0
20050812:1611,347820.0,296.16,29.45,17.76,0.9,0.0
20050812:1711,240495.0,213.48,20.83,17.45,1.1,0.0
20050812:1811,99000.0,99.78,12.09,17.1,0.97,0.0
20050812:1911,18390.0,27.11,3.64,15.62,0.41,0.0
20050812:2011,0.0,0.0,0.0,15.03,0.41,0.0
20050812:2111,0.0,0.0,0.0,14.45,0.62,0.0
20050812:2211,0.0,0.0,0.0,13.84,1.24,0.0
20050812:2311,0.0,0.0,0.0,13.02,1.72,0.0
20050813:0011,0.0,0.0,0.0,12.07,2.21,0.0
20050813:0111,0.0,0.0,0.0,11.52,2.62,0.0
20050813:0211,0.0,0.0,0.0,11.53,2.48,0.0
20050813:0311,0.0,0.0,0.0,11.4,2.28,0.0
20050813:0411,0.0,0.0,0.0,11.38,2.34,0.0
20050813:0511,0.0,0.0,0.0,11.41,2.34,0.0
20050813:0611,7620.0,15.76,11.99,12.03,2.28,0.0
20050813:0711,91980.0,89.03,20.73,13.04,2.76,0.0
20050813:0811,57570.0,61.19,29.35,13.58,3.72,0.0
20050813:0911,100035.0,95.49,37.37,13.7,3.93,0.0
20050813:1011,122310.0,113.11,44.14,13.94,4.21,0.0
20050813:1111,57360.0,61.19,48.81,14.46,5.1,0.0
20050813:1211,61365.0,64.9,50.48,16.06,5.72,0.0
20050813:1311,104100.0,100.13,48.74,17.44,5.31,0.0
20050813:1411,225720.0,196.55,44.02,18.03,4.69,0.0
20050813:1511,233220.0,202.94,37.22,18.47,4.14,0.0
20050813:1611,359265.0,300.7,29.18,17.63,4.62,0.0
20050813:1711,376020.0,337.03,20.56,17.34,3.86,0.0
20050813:1811,103800.0,107.06,11.82,16.59,3.59,0.0
20050813:1911,19320.0,27.98,3.37,15.7,4.14,0.0
20050813:2011,0.0,0.0,0.0,14.39,4.14,0.0
20050813:2111,0.0,0.0,0.0,13.62,4.14,0.0
20050813:2211,0.0,0.0,0.0,13.01,4.21,0.0
20050813:2311,0.0,0.0,0.0,12.5,4.21,0.0
20050814:0011,0.0,0.0,0.0,12.54,4.34,0.0
20050814:0111,0.0,0.0,0.0,12.21,4.34,0.0
20050814:0211,0.0,0.0,0.0,12.07,4.41,0.0
20050814:0311,0.0,0.0,0.0,12.27,4.48,0.0
20050814:0411,0.0,0.0,0.0,12.42,4.55,0.0
20050814:0511,0.0,0.0,0.0,12.72,4.76,0.0
20050814:0611,33855.0,41.17,11.77,13.19,5.17,0.0
20050814:0711,171360.0,153.72,20.51,14.07,5.1,0.0
20050814:0811,261750.0,220.76,29.12,15.01,6.97,0.0
20050814:0911,409920.0,334.51,37.13,15.58,6.41,0.0
20050814:1011,779280.0,625.0,43.88,16.13,6.62,0.0
20050814:1111,1083930.0,880.91,48.52,16.87,6.62,0.0
20050814:1211,660360.0,535.58,50.17,17.43,6.55,0.0
20050814:1311,874800.0,711.21,48.44,17.49,6.14,0.0
20050814:1411,463020.0,380.3,43.73,17.13,5.31,0.0
20050814:1511,351225.0,293.26,36.93,17.38,5.17,0.0
20050814:1611,572955.0,470.27,28.91,17.11,4.69,0.0
20050814:1711,374880.0,335.07,20.29,16.49,3.93,0.0
20050814:1811,73965.0,105.33,11.55,15.92,3.17,0.0
20050814:1911,22185.0,30.61,3.09,14.71,2.62,0.0
20050814:2011,0.0,0.0,0.0,13.32,2.14,0.0
20050814:2111,0.0,0.0,0.0,12.26,1.86,0.0
20050814:2211,0.0,0.0,0.0,11.2,1.72,0.0
20050814:2311,0.0,0.0,0.0,10.32,1.79,0.0
20050815:0011,0.0,0.0,0.0,9.97,1.45,0.0
20050815:0111,0.0,0.0,0.0,9.63,1.24,0.0
20050815:0211,0.0,0.0,0.0,9.49,1.17,0.0
20050815:0311,0.0,0.0,0.0,9.36,1.17,0.0
20050815:0411,0.0,0.0,0.0,9.26,1.17,0.0
20050815:0511,0.0,0.0,0.0,9.4,1.17,0.0
20050815:0611,51345.0,68.27,11.55,10.29,1.1,0.0
20050815:0711,218445.0,194.89,20.3,13.35,1.59,0.0
20050815:0811,538260.0,440.73,28.9,15.27,2.97,0.0
20050815:0911,837270.0,685.35,36.89,16.64,3.17,0.0
20050815:1011,986340.0,819.69,43.61,17.68,3.24,0.0
20050815:1111,975645.0,814.36,48.23,18.58,3.59,0.0
20050815:1211,1161435.0,982.86,49.86,19.26,3.93,0.0
20050815:1311,1100685.0,930.76,48.12,19.84,3.86,0.0
20050815:1411,1055715.0,890.18,43.43,20.49,3.93,0.0
20050815:1511,904365.0,754.88,36.65,20.59,4.0,0.0
20050815:1611,571875.0,477.28,28.63,20.09,4.14,0.0
20050815:1711,294885.0,262.71,20.01,19.12,4.07,0.0
20050815:1811,65220.0,69.22,11.28,18.2,3.72,0.0
20050815:1911,12195.0,20.99,2.81,16.95,3.38,0.0
20050815:2011,0.0,0.0,0.0,16.29,2.97,0.0
20050815:2111,0.0,0.0,0.0,15.72,2.76,0.0
20050815:2211,0.0,0.0,0.0,15.14,2.62,0.0
20050815:2311,0.0,0.0,0.0,14.76,2.48,0.0
20050816:0011,0.0,0.0,0.0,14.52,2.34,0.0
20050816:0111,0.0,0.0,0.0,14.31,2.21,0.0
20050816:0211,0.0,0.0,0.0,14.01,2.14,0.0
20050816:0311,0.0,0.0,0.0,13.83,2.14,0.0
20050816:0411,0.0,0.0,0.0,13.85,2.0,0.0
20050816:0511,0.0,0.0,0.0,13.73,2.0,0.0
20050816:0611,52455.0,62.03,11.33,14.42,1.79,0.0
20050816:0711,163710.0,149.68,20.08,15.88,2.0,0.0
20050816:0811,272100.0,232.7,28.67,16.85,2.28,0.0
20050816:0911,434010.0,362.5,36.64,17.85,1.79,0.0
20050816:1011,608430.0,510.78,43.35,18.99,1.38,0.0
20050816:1111,1009350.0,881.98,47.94,19.86,1.1,0.0
20050816:1211,461145.0,392.51,49.55,20.24,1.1,0.0
20050816:1311,291120.0,252.86,47.81,20.33,1.45,0.0
20050816:1411,125730.0,119.6,43.12,20.87,1.79,0.0
20050816:1511,322245.0,277.77,36.35,20.97,1.93,0.0
20050816:1611,183165.0,165.97,28.35,20.95,2.0,0.0
20050816:1711,194280.0,177.04,19.73,20.61,1.79,0.0
20050816:1811,86940.0,90.91,10.99,20.31,1.72,0.0
20050816:1911,7980.0,16.61,2.52,19.98,1.93,0.0
20050816:2011,0.0,0.0,0.0,18.7,2.28,0.0
20050816:2111,0.0,0.0,0.0,17.51,2.62,0.0
20050816:2211,0.0,0.0,0.0,16.26,2.9,0.0
20050816:2311,0.0,0.0,0.0,15.42,2.97,0.0
20050817:0011,0.0,0.0,0.0,15.08,2.9,0.0
20050817:0111,0.0,0.0,0.0,14.68,2.76,0.0
20050817:0211,0.0,0.0,0.0,14.26,2.55,0.0
20050817:0311,0.0,0.0,0.0,14.07,2.48,0.0
20050817:0411,0.0,0.0,0.0,13.98,2.48,0.0
20050817:0511,0.0,0.0,0.0,13.71,2.28,0.0
20050817:0611,51810.0,64.0,11.11,14.33,1.86,0.0
20050817:0711,253725.0,230.37,19.85,15.91,2.0,0.0
20050817:0811,526770.0,438.25,28.44,17.95,2.48,0.0
20050817:0911,812820.0,676.06,36.4,19.66,2.97,0.0
20050817:1011,989760.0,833.61,43.08,21.16,3.72,0.0
20050817:1111,550920.0,461.43,47.64,22.33,4.76,0.0
20050817:1211,829665.0,697.45,49.23,22.66,4.55,0.0
20050817:1311,960015.0,813.11,47.49,22.92,4.48,0.0
20050817:1411,1014870.0,862.36,42.81,23.05,4.28,0.0
20050817:1511,829530.0,699.28,36.05,23.19,4.07,0.0
20050817:1611,593430.0,503.93,28.06,23.31,3.86,0.0
20050817:1711,330915.0,305.97,19.45,23.19,3.24,0.0
20050817:1811,83865.0,101.02,10.71,22.5,2.41,0.0
20050817:1911,15225.0,24.48,2.23,21.37,1.72,0.0
20050817:2011,0.0,0.0,0.0,19.19,1.72,0.0
20050817:2111,0.0,0.0,0.0,17.41,2.14,0.0
20050817:2211,0.0,0.0,0.0,16.53,2.55,0.0
20050817:2311,0.0,0.0,0.0,15.79,2.83,0.0
20050818:0011,0.0,0.0,0.0,15.38,2.97,0.0
20050818:0111,0.0,0.0,0.0,14.9,3.03,0.0
20050818:0211,0.0,0.0,0.0,14.26,2.83,0.0
20050818:0311,0.0,0.0,0.0,13.69,2.69,0.0
20050818:0411,0.0,0.0,0.0,13.2,2.41,0.0
20050818:0511,0.0,0.0,0.0,12.73,2.21,0.0
20050818:0611,47895.0,57.04,10.89,13.06,1.86,0.0
20050818:0711,235830.0,213.54,19.63,15.56,1.72,0.0
20050818:0811,505350.0,421.93,28.21,17.73,1.86,0.0
20050818:0911,785880.0,658.28,36.15,19.65,2.14,0.0
20050818:1011,977025.0,832.12,42.8,20.88,2.55,0.0
20050818:1111,1037745.0,889.35,47.34,21.79,3.1,0.0
20050818:1211,1162260.0,1005.68,48.91,22.36,3.52,0.0
20050818:1311,641730.0,540.86,47.16,22.42,3.38,0.0
20050818:1411,907350.0,771.17,42.49,22.57,3.38,0.0
20050818:1511,632265.0,530.2,35.75,21.94,3.45,0.0
20050818:1611,348285.0,297.88,27.76,21.38,3.72,0.0
20050818:1711,251985.0,227.16,19.16,20.67,3.45,0.0
20050818:1811,86130.0,98.65,10.42,19.84,2.9,0.0
20050818:1911,2385.0,9.62,1.93,19.41,2.83,0.0
20050818:2011,0.0,0.0,0.0,18.29,2.97,0.0
20050818:2111,0.0,0.0,0.0,17.53,3.03,0.0
20050818:2211,0.0,0.0,0.0,17.01,3.03,0.0
20050818:2311,0.0,0.0,0.0,16.43,2.76,0.0
20050819:0011,0.0,0.0,0.0,15.92,2.69,0.0
20050819:0111,0.0,0.0,0.0,15.46,2.9,0.0
20050819:0211,0.0,0.0,0.0,15.16,2.97,0.0
20050819:0311,0.0,0.0,0.0,14.91,2.97,0.0
20050819:0411,0.0,0.0,0.0,14.59,2.9,0.0
20050819:0511,0.0,0.0,0.0,14.29,2.76,0.0
20050819:0611,9195.0,17.62,10.66,14.13,2.76,0.0
20050819:0711,69690.0,71.39,19.4,14.28,2.62,0.0
20050819:0811,198000.0,172.57,27.98,14.59,2.97,0.0
20050819:0911,776325.0,629.91,35.9,15.28,3.17,0.0
20050819:1011,818205.0,669.52,42.53,16.63,3.52,0.0
20050819:1111,1075290.0,896.71,47.04,17.52,3.72,0.0
20050819:1211,439455.0,365.88,48.59,18.64,4.14,0.0
20050819:1311,585630.0,484.59,46.84,19.36,4.14,0.0
20050819:1411,761010.0,629.3,42.17,19.53,4.14,0.0
20050819:1511,649800.0,537.15,35.45,19.85,4.14,0.0
20050819:1611,640320.0,534.51,27.47,19.62,3.86,0.0
20050819:1711,295815.0,266.48,18.87,18.99,3.31,0.0
20050819:1811,76350.0,79.92,10.13,18.08,2.9,0.0
20050819:1911,0.0,3.5,1.64,16.96,2.07,0.0
20050819:2011,0.0,0.0,0.0,15.47,2.34,0.0
20050819:2111,0.0,0.0,0.0,14.78,2.62,0.0
20050819:2211,0.0,0.0,0.0,14.44,2.97,0.0
20050819:2311,0.0,0.0,0.0,13.93,3.24,0.0
20050820:0011,0.0,0.0,0.0,13.12,3.17,0.0
20050820:0111,0.0,0.0,0.0,12.62,3.31,0.0
20050820:0211,0.0,0.0,0.0,12.25,3.59,0.0
20050820:0311,0.0,0.0,0.0,11.85,3.72,0.0
20050820:0411,0.0,0.0,0.0,11.69,3.86,0.0
20050820:0511,0.0,0.0,0.0,11.73,4.0,0.0
20050820:0611,21495.0,29.67,10.43,12.27,4.21,0.0
20050820:0711,142575.0,130.14,19.18,13.25,5.03,0.0
20050820:0811,270780.0,227.07,27.74,14.06,5.72,0.0
20050820:0911,345135.0,285.04,35.65,15.36,5.66,0.0
20050820:1011,619710.0,500.8,42.25,16.6,5.72,0.0
20050820:1111,1093845.0,896.55,46.73,17.37,5.72,0.0
20050820:1211,966135.0,791.95,48.26,18.07,5.66,0.0
20050820:1311,845040.0,692.78,46.5,18.54,5.31,0.0
20050820:1411,983355.0,809.91,41.85,18.85,5.31,0.0
20050820:1511,942855.0,776.93,35.13,19.1,4.97,0.0
20050820:1611,659115.0,546.81,27.16,18.98,4.55,0.0
20050820:1711,355695.0,325.18,18.57,18.49,4.07,0.0
20050820:1811,63600.0,89.83,9.83,17.58,3.59,0.0
20050820:1911,11445.0,20.11,1.33,15.8,2.97,0.0
20050820:2011,0.0,0.0,0.0,14.24,2.62,0.0
20050820:2111,0.0,0.0,0.0,13.16,2.62,0.0
20050820:2211,0.0,0.0,0.0,12.38,2.76,0.0
20050820:2311,0.0,0.0,0.0,12.2,2.55,0.0
20050821:0011,0.0,0.0,0.0,11.87,2.48,0.0
20050821:0111,0.0,0.0,0.0,11.95,2.34,0.0
20050821:0211,0.0,0.0,0.0,12.26,2.28,0.0
20050821:0311,0.0,0.0,0.0,12.22,2.21,0.0
20050821:0411,0.0,0.0,0.0,11.92,2.0,0.0
20050821:0511,0.0,0.0,0.0,10.85,2.14,0.0
20050821:0611,42375.0,59.47,10.2,10.75,1.79,0.0
20050821:0711,265875.0,238.35,18.95,11.98,1.72,0.0
20050821:0811,522765.0,430.69,27.51,14.08,1.31,0.0
20050821:0911,808125.0,675.42,35.4,16.27,1.1,0.0
20050821:1011,959130.0,821.7,41.97,17.85,1.1,0.0
20050821:1111,1148355.0,1005.01,46.42,19.18,1.66,0.0
20050821:1211,1210590.0,1057.65,47.93,20.18,2.48,0.0
20050821:1311,1100490.0,944.67,46.17,20.81,3.1,0.0
20050821:1411,1077375.0,919.17,41.52,21.11,3.38,0.0
20050821:1511,888450.0,746.75,34.82,21.05,3.45,0.0
20050821:1611,637965.0,537.04,26.86,20.77,3.52,0.0
20050821:1711,297405.0,270.26,18.27,20.12,3.45,0.0
20050821:1811,56280.0,86.12,9.53,19.07,2.76,0.0
20050821:1911,9660.0,18.36,1.02,18.04,2.0,0.0
20050821:2011,0.0,0.0,0.0,16.87,2.28,0.0
20050821:2111,0.0,0.0,0.0,16.22,2.55,0.0
20050821:2211,0.0,0.0,0.0,16.44,2.76,0.0
20050821:2311,0.0,0.0,0.0,16.86,2.97,0.0
20050822:0011,0.0,0.0,0.0,17.32,3.17,0.0
20050822:0111,0.0,0.0,0.0,17.39,3.17,0.0
20050822:0211,0.0,0.0,0.0,17.28,3.17,0.0
20050822:0311,0.0,0.0,0.0,17.1,3.03,0.0
20050822:0411,0.0,0.0,0.0,16.94,2.97,0.0
20050822:0511,0.0,0.0,0.0,16.78,2.9,0.0
20050822:0611,420.0,6.49,9.97,16.64,2.76,0.0
20050822:0711,21945.0,30.59,18.72,16.63,2.41,0.0
20050822:0811,40395.0,47.28,27.27,16.68,2.97,0.0
20050822:0911,61215.0,64.9,35.14,16.25,3.38,0.0
20050822:1011,112755.0,106.62,41.69,16.19,4.0,0.0
20050822:1111,211980.0,184.49,46.11,16.33,4.34,0.0
20050822:1211,194625.0,171.51,47.6,17.41,5.38,0.0
20050822:1311,139020.0,127.94,45.83,17.62,5.79,0.0
20050822:1411,494625.0,403.87,41.19,16.55,5.03,0.0
20050822:1511,565845.0,459.21,34.5,16.04,4.55,0.0
20050822:1611,477045.0,392.81,26.55,16.07,3.86,0.0
20050822:1711,300990.0,270.15,17.96,15.82,3.1,0.0
20050822:1811,54075.0,82.22,9.22,15.28,1.86,0.0
20050822:1911,8265.0,16.61,0.71,14.41,1.59,0.0
20050822:2011,0.0,0.0,0.0,13.37,1.59,0.0
20050822:2111,0.0,0.0,0.0,12.54,1.59,0.0
20050822:2211,0.0,0.0,0.0,11.67,1.93,0.0
20050822:2311,0.0,0.0,0.0,11.76,2.07,0.0
20050823:0011,0.0,0.0,0.0,12.16,2.28,0.0
20050823:0111,0.0,0.0,0.0,11.72,2.55,0.0
20050823:0211,0.0,0.0,0.0,11.41,2.62,0.0
20050823:0311,0.0,0.0,0.0,10.52,2.69,0.0
20050823:0411,0.0,0.0,0.0,9.76,2.34,0.0
20050823:0511,0.0,0.0,0.0,9.03,2.14,0.0
20050823:0611,15945.0,24.1,9.74,9.02,1.86,0.0
20050823:0711,166635.0,150.51,18.49,12.03,1.93,0.0
20050823:0811,567960.0,461.36,27.03,13.89,3.17,0.0
20050823:0911,766665.0,616.3,34.88,15.37,4.55,0.0
20050823:1011,952410.0,770.85,41.4,16.84,5.79,0.0
20050823:1111,819480.0,665.21,45.79,17.74,6.07,0.0
20050823:1211,1173675.0,966.94,47.26,18.21,6.34,0.0
20050823:1311,433485.0,358.39,45.49,18.31,6.14,0.0
20050823:1411,515460.0,422.33,40.86,18.57,6.48,0.0
20050823:1511,338970.0,284.27,34.18,18.24,5.72,0.0
20050823:1611,76410.0,77.88,26.23,17.89,4.76,0.0
20050823:1711,53220.0,58.41,17.65,17.36,4.62,0.0
20050823:1811,34050.0,41.72,8.91,17.08,4.55,0.0
20050823:1911,0.0,1.75,0.4,16.7,4.69,0.0
20050823:2011,0.0,0.0,0.0,16.43,4.83,0.0
20050823:2111,0.0,0.0,0.0,16.35,4.97,0.0
20050823:2211,0.0,0.0,0.0,16.23,5.17,0.0
20050823:2311,0.0,0.0,0.0,15.92,5.38,0.0
20050824:0011,0.0,0.0,0.0,15.32,5.52,0.0
20050824:0111,0.0,0.0,0.0,15.01,5.86,0.0
20050824:0211,0.0,0.0,0.0,14.93,6.28,0.0
20050824:0311,0.0,0.0,0.0,14.96,6.76,0.0
20050824:0411,0.0,0.0,0.0,14.88,7.24,0.0
20050824:0511,0.0,0.0,0.0,14.69,7.31,0.0
20050824:0611,2910.0,10.2,9.51,14.59,7.52,0.0
20050824:0711,143850.0,131.95,18.25,14.17,7.66,0.0
20050824:0811,26280.0,34.3,26.79,14.35,7.59,0.0
20050824:0911,110400.0,103.84,34.62,14.69,7.72,0.0
20050824:1011,45150.0,50.99,41.11,14.97,7.24,0.0
20050824:1111,78615.0,78.8,45.47,15.31,6.07,0.0
20050824:1211,149535.0,135.36,46.92,15.96,5.1,0.0
20050824:1311,1032885.0,845.87,45.14,16.28,4.83,0.0
20050824:1411,843135.0,683.97,40.52,16.91,5.38,0.0
20050824:1511,896460.0,726.89,33.85,17.08,5.59,0.0
20050824:1611,443220.0,364.81,25.92,16.63,5.66,0.0
20050824:1711,332850.0,301.85,17.34,15.78,5.38,0.0
20050824:1811,61500.0,66.19,8.6,14.83,4.76,0.0
20050824:1911,3150.0,10.49,0.08,13.97,3.59,0.0
20050824:2011,0.0,0.0,0.0,13.16,3.17,0.0
20050824:2111,0.0,0.0,0.0,12.94,2.97,0.0
20050824:2211,0.0,0.0,0.0,12.25,2.97,0.0
20050824:2311,0.0,0.0,0.0,12.03,2.97,0.0
20050825:0011,0.0,0.0,0.0,11.52,2.97,0.0
20050825:0111,0.0,0.0,0.0,11.25,3.03,0.0
20050825:0211,0.0,0.0,0.0,10.63,2.9,0.0
20050825:0311,0.0,0.0,0.0,10.4,3.1,0.0
20050825:0411,0.0,0.0,0.0,10.25,3.1,0.0
20050825:0511,0.0,0.0,0.0,9.91,3.1,0.0
20050825:0611,33615.0,52.71,9.27,10.06,3.1,0.0
20050825:0711,261405.0,232.85,18.02,10.89,3.59,0.0
20050825:0811,552195.0,442.9,26.54,12.04,4.07,0.0
20050825:0911,694095.0,551.41,34.35,13.23,4.97,0.0
20050825:1011,820620.0,655.25,40.82,14.18,5.45,0.0
20050825:1111,763980.0,612.24,45.15,14.47,5.38,0.0
20050825:1211,926955.0,747.81,46.58,14.84,5.38,0.0
20050825:1311,273375.0,230.19,44.79,14.84,5.72,0.0
20050825:1411,50715.0,55.63,40.18,14.53,5.86,0.0
20050825:1511,384465.0,313.77,33.52,14.17,5.86,0.0
20050825:1611,523560.0,423.73,25.59,13.94,5.52,0.0
20050825:1711,252960.0,223.07,17.02,13.87,5.52,0.0
20050825:1811,58125.0,77.16,8.28,13.34,4.28,0.0
20050825:1911,0.0,0.0,-0.24,12.25,3.59,0.0
20050825:2011,0.0,0.0,0.0,11.32,3.45,0.0
20050825:2111,0.0,0.0,0.0,10.75,3.66,0.0
20050825:2211,0.0,0.0,0.0,10.35,3.66,0.0
20050825:2311,0.0,0.0,0.0,10.22,3.93,0.0
20050826:0011,0.0,0.0,0.0,9.89,3.86,0.0
20050826:0111,0.0,0.0,0.0,9.97,3.79,0.0
20050826:0211,0.0,0.0,0.0,9.97,3.66,0.0
20050826:0311,0.0,0.0,0.0,10.07,3.72,0.0
20050826:0411,0.0,0.0,0.0,9.96,3.72,0.0
20050826:0511,0.0,0.0,0.0,9.76,3.79,0.0
20050826:0611,1680.0,8.34,9.04,9.72,3.86,0.0
20050826:0711,120825.0,111.89,17.78,10.96,3.86,0.0
20050826:0811,300150.0,247.52,26.3,12.09,5.24,0.0
20050826:0911,810540.0,640.82,34.09,12.83,5.45,0.0
20050826:1011,539895.0,431.6,40.53,13.62,5.93,0.0
20050826:1111,1035270.0,830.57,44.83,14.24,6.21,0.0
20050826:1211,768990.0,614.52,46.23,14.29,6.0,0.0
20050826:1311,328980.0,272.06,44.44,14.53,6.62,0.0
20050826:1411,119925.0,111.25,39.83,14.41,6.62,0.0
20050826:1511,118815.0,110.33,33.18,14.21,6.14,0.0
20050826:1611,313905.0,260.58,25.27,14.18,5.86,0.0
20050826:1711,224295.0,198.74,16.7,14.07,4.97,0.0
20050826:1811,41190.0,69.64,7.96,13.65,4.55,0.0
20050826:1911,0.0,0.0,-0.57,13.18,3.72,0.0
20050826:2011,0.0,0.0,0.0,12.8,3.45,0.0
20050826:2111,0.0,0.0,0.0,12.53,3.79,0.0
20050826:2211,0.0,0.0,0.0,12.32,3.86,0.0
20050826:2311,0.0,0.0,0.0,12.77,4.0,0.0
20050827:0011,0.0,0.0,0.0,13.01,4.0,0.0
20050827:0111,0.0,0.0,0.0,13.04,4.0,0.0
20050827:0211,0.0,0.0,0.0,12.83,3.79,0.0
20050827:0311,0.0,0.0,0.0,12.91,3.66,0.0
20050827:0411,0.0,0.0,0.0,12.68,3.24,0.0
20050827:0511,0.0,0.0,0.0,12.58,2.97,0.0
20050827:0611,28755.0,38.4,8.8,12.53,2.76,0.0
20050827:0711,38925.0,45.43,17.54,13.44,2.76,0.0
20050827:0811,348030.0,287.79,26.05,14.67,4.21,0.0
20050827:0911,469680.0,381.34,33.82,15.39,4.55,0.0
20050827:1011,501750.0,407.87,40.23,16.17,5.1,0.0
20050827:1111,614520.0,498.68,44.5,16.42,4.83,0.0
20050827:1211,677205.0,550.16,45.88,16.74,4.9,0.0
20050827:1311,610095.0,496.72,44.08,17.18,5.1,0.0
20050827:1411,720075.0,585.47,39.48,17.3,4.97,0.0
20050827:1511,525045.0,428.95,32.84,17.14,4.62,0.0
20050827:1611,272145.0,232.16,24.94,17.22,4.48,0.0
20050827:1711,302730.0,277.97,16.38,16.88,4.0,0.0
20050827:1811,54105.0,70.93,7.63,16.31,3.1,0.0
20050827:1911,0.0,0.0,-0.9,14.68,2.83,0.0
20050827:2011,0.0,0.0,0.0,13.41,2.76,0.0
20050827:2111,0.0,0.0,0.0,12.58,2.69,0.0
20050827:2211,0.0,0.0,0.0,12.11,2.41,0.0
20050827:2311,0.0,0.0,0.0,11.74,2.34,0.0
20050828:0011,0.0,0.0,0.0,11.49,2.34,0.0
20050828:0111,0.0,0.0,0.0,11.46,2.48,0.0
20050828:0211,0.0,0.0,0.0,11.5,2.69,0.0
20050828:0311,0.0,0.0,0.0,11.67,2.9,0.0
20050828:0411,0.0,0.0,0.0,11.86,2.97,0.0
20050828:0511,0.0,0.0,0.0,11.94,3.03,0.0
20050828:0611,2280.0,9.27,8.56,12.76,3.31,0.0
20050828:0711,87765.0,86.14,17.31,13.71,3.86,0.0
20050828:0811,62025.0,64.9,25.8,13.85,4.69,0.0
20050828:0911,91425.0,89.0,33.55,14.88,5.17,0.0
20050828:1011,171855.0,152.97,39.94,16.53,6.28,0.0
20050828:1111,208590.0,182.64,44.17,18.34,8.14,0.0
20050828:1211,173490.0,155.75,45.53,19.28,8.97,0.0
20050828:1311,120285.0,114.03,43.72,20.03,8.9,0.0
20050828:1411,451080.0,373.07,39.13,20.45,8.83,0.0
20050828:1511,841080.0,684.06,32.5,20.94,9.03,0.0
20050828:1611,315570.0,268.68,24.61,20.64,8.0,0.0
20050828:1711,289995.0,269.33,16.05,19.94,6.9,0.0
20050828:1811,51135.0,67.36,7.3,19.0,6.21,0.0
20050828:1911,0.0,0.0,-1.23,17.53,6.0,0.0
20050828:2011,0.0,0.0,0.0,16.86,5.79,0.0
20050828:2111,0.0,0.0,0.0,16.41,5.72,0.0
20050828:2211,0.0,0.0,0.0,16.11,5.66,0.0
20050828:2311,0.0,0.0,0.0,15.68,5.66,0.0
20050829:0011,0.0,0.0,0.0,15.44,5.72,0.0
20050829:0111,0.0,0.0,0.0,15.39,5.93,0.0
20050829:0211,0.0,0.0,0.0,15.58,6.07,0.0
20050829:0311,0.0,0.0,0.0,15.93,6.14,0.0
20050829:0411,0.0,0.0,0.0,16.09,6.07,0.0
20050829:0511,0.0,0.0,0.0,16.09,5.93,0.0
20050829:0611,27000.0,38.59,8.32,16.06,5.52,0.0
20050829:0711,140895.0,132.16,17.06,17.1,5.38,0.0
20050829:0811,208380.0,182.38,25.55,17.65,4.76,0.0
20050829:0911,482925.0,395.65,33.28,18.39,5.59,0.0
20050829:1011,576000.0,472.12,39.64,18.39,4.41,0.0
20050829:1111,235470.0,204.59,43.84,18.11,3.72,0.0
20050829:1211,900045.0,742.78,45.18,18.33,4.34,0.0
20050829:1311,922680.0,763.21,43.36,17.95,3.93,0.0
20050829:1411,1071225.0,890.18,38.77,18.81,4.62,0.0
20050829:1511,885990.0,729.12,32.16,19.02,4.76,0.0
20050829:1611,599625.0,498.09,24.27,18.65,4.55,0.0
20050829:1711,298845.0,278.38,15.72,17.92,3.52,0.0
20050829:1811,42045.0,62.41,6.97,16.86,2.28,0.0
20050829:1911,0.0,0.0,0.0,15.08,2.34,0.0
20050829:2011,0.0,0.0,0.0,13.3,2.41,0.0
20050829:2111,0.0,0.0,0.0,11.98,2.34,0.0
20050829:2211,0.0,0.0,0.0,10.86,2.14,0.0
20050829:2311,0.0,0.0,0.0,9.55,1.66,0.0
20050830:0011,0.0,0.0,0.0,8.36,1.66,0.0
20050830:0111,0.0,0.0,0.0,7.58,1.59,0.0
20050830:0211,0.0,0.0,0.0,7.41,1.31,0.0
20050830:0311,0.0,0.0,0.0,7.26,1.24,0.0
20050830:0411,0.0,0.0,0.0,7.54,1.03,0.0
20050830:0511,0.0,0.0,0.0,8.47,0.69,0.0
20050830:0611,25590.0,35.91,8.08,8.83,0.41,0.0
20050830:0711,206355.0,186.17,16.82,10.42,0.55,0.0
20050830:0811,215010.0,185.49,25.29,13.47,1.45,0.0
20050830:0911,442860.0,363.27,33.01,14.85,2.14,0.0
20050830:1011,323400.0,271.31,39.33,15.68,2.48,0.0
20050830:1111,694635.0,570.76,43.51,16.72,2.83,0.0
20050830:1211,1091715.0,923.59,44.82,17.96,2.97,0.0
20050830:1311,1138815.0,970.42,43.0,19.19,3.17,0.0
20050830:1411,857835.0,718.28,38.41,20.57,3.52,0.0
20050830:1511,805065.0,673.62,31.81,21.25,3.66,0.0
20050830:1611,438060.0,372.31,23.93,21.71,3.66,0.0
20050830:1711,236730.0,221.38,15.39,21.6,3.31,0.0
20050830:1811,36390.0,44.65,6.64,20.51,3.17,0.0
20050830:1911,0.0,0.0,0.0,18.83,3.31,0.0
20050830:2011,0.0,0.0,0.0,17.68,3.52,0.0
20050830:2111,0.0,0.0,0.0,17.15,3.79,0.0
20050830:2211,0.0,0.0,0.0,16.7,4.07,0.0
20050830:2311,0.0,0.0,0.0,16.04,4.07,0.0
20050831:0011,0.0,0.0,0.0,15.3,3.93,0.0
20050831:0111,0.0,0.0,0.0,14.46,3.66,0.0
20050831:0211,0.0,0.0,0.0,13.82,3.24,0.0
20050831:0311,0.0,0.0,0.0,13.33,2.83,0.0
20050831:0411,0.0,0.0,0.0,13.04,2.55,0.0
20050831:0511,0.0,0.0,0.0,12.94,2.55,0.0
20050831:0611,18990.0,28.4,7.84,13.29,2.55,0.0
20050831:0711,69615.0,71.89,16.58,15.53,2.9,0.0
20050831:0811,295230.0,249.84,25.04,17.28,4.21,0.0
20050831:0911,520005.0,427.85,32.73,19.23,4.41,0.0
20050831:1011,661590.0,549.31,39.03,21.22,4.07,0.0
20050831:1111,1040160.0,886.49,43.17,22.49,3.79,0.0
20050831:1211,996450.0,852.45,44.46,23.96,4.07,0.0
20050831:1311,862785.0,734.35,42.63,25.13,4.48,0.0
20050831:1411,881550.0,750.91,38.05,26.04,4.9,0.0
20050831:1511,600210.0,509.37,31.46,26.55,5.31,0.0
20050831:1611,100455.0,101.05,23.59,26.76,5.38,0.0
20050831:1711,38460.0,47.28,15.05,26.21,5.17,0.0
20050831:1811,12090.0,21.32,6.3,22.89,4.48,0.0
20050831:1911,0.0,0.0,0.0,20.98,2.69,0.0
20050831:2011,0.0,0.0,0.0,20.48,2.97,0.0
20050831:2111,0.0,0.0,0.0,19.99,2.83,0.0
20050831:2211,0.0,0.0,0.0,19.45,2.97,0.0
20050831:2311,0.0,0.0,0.0,18.99,3.45,0.0
20050901:0011,0.0,0.0,0.0,18.48,2.76,0.0
20050901:0111,0.0,0.0,0.0,18.14,2.41,0.0
20050901:0211,0.0,0.0,0.0,17.55,2.21,0.0
20050901:0311,0.0,0.0,0.0,16.81,2.07,0.0
20050901:0411,0.0,0.0,0.0,16.67,2.07,0.0
20050901:0511,0.0,0.0,0.0,16.71,2.28,0.0
20050901:0611,21120.0,33.49,7.59,16.78,2.62,0.0
20050901:0711,132450.0,125.61,16.33,16.84,2.97,0.0
20050901:0811,255300.0,218.95,24.78,17.36,3.93,0.0
20050901:0911,266790.0,228.07,32.45,18.1,4.69,0.0
20050901:1011,677460.0,552.64,38.72,18.51,4.97,0.0
20050901:1111,791640.0,647.81,42.83,18.66,5.1,0.0
20050901:1211,900630.0,741.99,44.1,18.95,4.97,0.0
20050901:1311,979485.0,811.33,42.26,18.86,4.62,0.0
20050901:1411,712380.0,585.88,37.69,19.27,4.48,0.0
20050901:1511,740370.0,609.35,31.11,19.19,4.28,0.0
20050901:1611,447990.0,375.1,23.25,18.75,3.93,0.0
20050901:1711,209805.0,194.01,14.71,18.06,3.38,0.0
20050901:1811,34005.0,51.85,5.96,17.19,2.76,0.0
20050901:1911,0.0,0.0,0.0,15.3,2.69,0.0
20050901:2011,0.0,0.0,0.0,13.84,2.62,0.0
20050901:2111,0.0,0.0,0.0,12.79,2.41,0.0
20050901:2211,0.0,0.0,0.0,11.76,2.28,0.0
20050901:2311,0.0,0.0,0.0,10.94,2.34,0.0
20050902:0011,0.0,0.0,0.0,10.29,2.21,0.0
20050902:0111,0.0,0.0,0.0,9.56,2.07,0.0
20050902:0211,0.0,0.0,0.0,8.92,2.07,0.0
20050902:0311,0.0,0.0,0.0,8.27,1.86,0.0
20050902:0411,0.0,0.0,0.0,7.88,1.66,0.0
20050902:0511,0.0,0.0,0.0,7.78,1.38,0.0
20050902:0611,20745.0,36.38,7.35,7.76,1.24,0.0
20050902:0711,229305.0,207.43,16.09,9.84,0.69,0.0
20050902:0811,525135.0,434.54,24.53,13.19,0.41,0.0
20050902:0911,765900.0,642.52,32.17,15.34,0.34,0.0
20050902:1011,988320.0,852.83,38.41,16.75,0.62,0.0
20050902:1111,1046235.0,906.18,42.49,17.83,1.17,0.0
20050902:1211,993390.0,855.05,43.73,18.7,1.52,0.0
20050902:1311,1156455.0,1012.65,41.89,19.25,1.72,0.0
20050902:1411,1044285.0,900.93,37.32,19.71,1.86,0.0
20050902:1511,707955.0,595.52,30.75,19.94,1.93,0.0
20050902:1611,592245.0,504.42,22.9,19.87,1.86,0.0
20050902:1711,274875.0,262.71,14.37,19.49,1.86,0.0
20050902:1811,23265.0,39.05,5.62,18.37,2.34,0.0
20050902:1911,0.0,0.0,0.0,16.61,2.55,0.0
20050902:2011,0.0,0.0,0.0,14.71,2.9,0.0
20050902:2111,0.0,0.0,0.0,13.35,2.76,0.0
20050902:2211,0.0,0.0,0.0,12.31,2.41,0.0
20050902:2311,0.0,0.0,0.0,11.39,2.14,0.0
20050903:0011,0.0,0.0,0.0,10.42,1.86,0.0
20050903:0111,0.0,0.0,0.0,9.47,1.66,0.0
20050903:0211,0.0,0.0,0.0,8.67,1.66,0.0
20050903:0311,0.0,0.0,0.0,8.12,1.72,0.0
20050903:0411,0.0,0.0,0.0,8.05,1.59,0.0
20050903:0511,0.0,0.0,0.0,8.74,1.38,0.0
20050903:0611,14640.0,23.9,7.1,9.11,1.38,0.0
20050903:0711,106485.0,101.56,15.84,12.07,2.21,0.0
20050903:0811,236160.0,200.7,24.27,13.29,3.31,0.0
20050903:0911,411495.0,335.81,31.89,14.66,3.86,0.0
20050903:1011,554670.0,449.69,38.1,16.26,4.76,0.0
20050903:1111,369615.0,308.05,42.15,17.84,5.31,0.0
20050903:1211,230640.0,201.18,43.36,19.2,5.52,0.0
20050903:1311,596340.0,492.52,41.51,20.33,5.17,0.0
20050903:1411,418740.0,351.35,36.95,21.02,5.03,0.0
20050903:1511,353685.0,300.11,30.39,21.4,4.97,0.0
20050903:1611,294255.0,254.2,22.55,21.32,4.76,0.0
20050903:1711,140475.0,134.03,14.02,20.85,4.0,0.0
20050903:1811,26040.0,35.03,5.27,19.53,0.0,0.0
20050903:1911,0.0,0.0,0.0,17.55,0.0,0.0
20050903:2011,0.0,0.0,0.0,16.04,3.1,0.0
20050903:2111,0.0,0.0,0.0,15.26,3.03,0.0
20050903:2211,0.0,0.0,0.0,14.93,2.9,0.0
20050903:2311,0.0,0.0,0.0,14.65,2.83,0.0
20050904:0011,0.0,0.0,0.0,14.53,2.83,0.0
20050904:0111,0.0,0.0,0.0,14.24,2.76,0.0
20050904:0211,0.0,0.0,0.0,14.27,2.62,0.0
20050904:0311,0.0,0.0,0.0,14.03,2.48,0.0
20050904:0411,0.0,0.0,0.0,13.8,2.28,0.0
20050904:0511,0.0,0.0,0.0,13.43,2.14,0.0
20050904:0611,11175.0,20.04,6.86,13.53,2.07,0.0
20050904:0711,79965.0,80.47,15.59,14.84,3.1,0.0
20050904:0811,122535.0,114.15,24.01,15.64,3.45,0.0
20050904:0911,139245.0,127.94,31.61,16.88,4.0,0.0
20050904:1011,215100.0,188.6,37.79,18.49,4.28,0.0
20050904:1111,210225.0,186.35,41.8,20.51,4.83,0.0
20050904:1211,1134990.0,964.62,43.0,22.1,4.69,0.0
20050904:1311,1157985.0,992.91,41.14,23.19,4.55,0.0
20050904:1411,998535.0,846.7,36.58,23.74,4.69,0.0
20050904:1511,753720.0,633.61,30.03,23.95,4.69,0.0
20050904:1611,551370.0,470.78,22.19,23.75,4.62,0.0
20050904:1711,278190.0,273.16,13.67,22.95,3.93,0.0
20050904:1811,32325.0,42.9,4.93,21.3,3.66,0.0
20050904:1911,0.0,0.0,0.0,18.81,3.31,0.0
20050904:2011,0.0,0.0,0.0,17.38,3.17,0.0
20050904:2111,0.0,0.0,0.0,16.52,2.97,0.0
20050904:2211,0.0,0.0,0.0,15.57,2.62,0.0
20050904:2311,0.0,0.0,0.0,14.73,2.28,0.0
20050905:0011,0.0,0.0,0.0,13.93,2.07,0.0
20050905:0111,0.0,0.0,0.0,13.49,2.0,0.0
20050905:0211,0.0,0.0,0.0,12.88,1.72,0.0
20050905:0311,0.0,0.0,0.0,12.64,1.31,0.0
20050905:0411,0.0,0.0,0.0,12.7,1.17,0.0
20050905:0511,0.0,0.0,0.0,13.81,0.69,0.0
20050905:0611,13620.0,23.66,6.61,13.21,1.03,0.0
20050905:0711,26175.0,34.3,15.34,14.58,1.38,0.0
20050905:0811,197655.0,174.31,23.74,16.54,1.38,0.0
20050905:0911,302580.0,257.59,31.32,18.16,2.0,0.0
20050905:1011,842325.0,707.27,37.47,19.57,2.28,0.0
20050905:1111,415770.0,351.52,41.45,20.77,2.69,0.0
20050905:1211,772335.0,650.36,42.62,21.94,3.24,0.0
20050905:1311,1056045.0,905.67,40.76,22.59,3.45,0.0
20050905:1411,357045.0,306.47,36.21,23.11,3.59,0.0
20050905:1511,317160.0,274.01,29.66,23.11,3.79,0.0
20050905:1611,314040.0,273.02,21.84,22.44,2.9,0.0
20050905:1711,174870.0,168.26,13.32,21.82,1.86,0.0
20050905:1811,21795.0,34.13,4.58,20.96,1.52,0.0
20050905:1911,0.0,0.0,0.0,20.0,0.97,0.0
20050905:2011,0.0,0.0,0.0,18.67,0.97,0.0
20050905:2111,0.0,0.0,0.0,17.78,1.1,0.0
20050905:2211,0.0,0.0,0.0,17.53,0.9,0.0
20050905:2311,0.0,0.0,0.0,16.67,1.03,0.0
20050906:0011,0.0,0.0,0.0,16.65,0.76,0.0
20050906:0111,0.0,0.0,0.0,15.94,0.69,0.0
20050906:0211,0.0,0.0,0.0,14.64,1.17,0.0
20050906:0311,0.0,0.0,0.0,14.81,1.1,0.0
20050906:0411,0.0,0.0,0.0,15.33,1.1,0.0
20050906:0511,0.0,0.0,0.0,15.56,1.17,0.0
20050906:0611,14055.0,27.05,6.36,15.58,1.31,0.0
20050906:0711,212505.0,197.9,15.09,15.07,1.59,0.0
20050906:0811,373260.0,311.3,23.48,15.62,1.86,0.0
20050906:0911,639690.0,525.44,31.04,16.4,1.86,0.0
20050906:1011,931650.0,792.2,37.15,18.69,1.52,0.0
20050906:1111,1072260.0,935.67,41.1,20.33,1.59,0.0
20050906:1211,1121700.0,986.02,42.25,21.78,2.0,0.0
20050906:1311,1113600.0,974.23,40.38,22.48,2.41,0.0
20050906:1411,1000185.0,862.48,35.83,22.76,2.62,0.0
20050906:1511,797130.0,676.82,29.3,22.77,2.76,0.0
20050906:1611,549645.0,471.63,21.48,22.46,2.76,0.0
20050906:1711,239250.0,234.76,12.97,21.84,2.34,0.0
20050906:1811,28725.0,38.06,4.22,20.65,2.14,0.0
20050906:1911,0.0,0.0,0.0,19.49,2.28,0.0
20050906:2011,0.0,0.0,0.0,17.93,2.07,0.0
20050906:2111,0.0,0.0,0.0,16.77,1.93,0.0
20050906:2211,0.0,0.0,0.0,15.47,2.0,0.0
20050906:2311,0.0,0.0,0.0,14.82,2.14,0.0
20050907:0011,0.0,0.0,0.0,14.61,2.41,0.0
20050907:0111,0.0,0.0,0.0,14.42,2.55,0.0
20050907:0211,0.0,0.0,0.0,14.43,2.69,0.0
20050907:0311,0.0,0.0,0.0,14.19,2.76,0.0
20050907:0411,0.0,0.0,0.0,14.26,2.9,0.0
20050907:0511,0.0,0.0,0.0,14.44,3.31,0.0
20050907:0611,990.0,7.42,6.11,14.71,3.59,0.0
20050907:0711,16290.0,25.03,14.84,15.7,4.07,0.0
20050907:0811,43725.0,50.06,23.21,16.4,6.0,0.0
20050907:0911,125145.0,116.82,30.75,17.37,5.93,0.0
20050907:1011,127170.0,118.67,36.83,17.8,5.59,0.0
20050907:1111,256155.0,219.85,40.75,18.05,5.72,0.0
20050907:1211,439155.0,362.21,41.88,18.39,6.21,0.0
20050907:1311,495930.0,407.42,39.99,19.28,6.9,0.0
20050907:1411,501210.0,411.88,35.45,19.53,6.55,0.0
20050907:1511,405300.0,337.12,28.93,19.64,6.0,0.0
20050907:1611,220110.0,193.39,21.12,19.54,5.31,0.0
20050907:1711,154440.0,147.51,12.61,19.25,4.83,0.0
20050907:1811,24660.0,34.02,3.87,18.7,4.9,0.0
20050907:1911,0.0,0.0,0.0,17.88,4.62,0.0
20050907:2011,0.0,0.0,0.0,17.48,4.83,0.0
20050907:2111,0.0,0.0,0.0,17.25,5.1,0.0
20050907:2211,0.0,0.0,0.0,17.04,5.45,0.0
20050907:2311,0.0,0.0,0.0,16.86,5.66,0.0
20050908:0011,0.0,0.0,0.0,16.75,5.72,0.0
20050908:0111,0.0,0.0,0.0,16.79,5.66,0.0
20050908:0211,0.0,0.0,0.0,16.84,5.52,0.0
20050908:0311,0.0,0.0,0.0,16.93,5.24,0.0
20050908:0411,0.0,0.0,0.0,17.03,4.9,0.0
20050908:0511,0.0,0.0,0.0,17.17,4.48,0.0
20050908:0611,9480.0,20.6,5.86,17.31,4.07,0.0
20050908:0711,121875.0,118.17,14.58,17.71,3.79,0.0
20050908:0811,165300.0,149.23,22.95,18.24,3.72,0.0
20050908:0911,546330.0,448.43,30.46,18.6,3.72,0.0
20050908:1011,820800.0,677.0,36.51,18.93,3.66,0.0
20050908:1111,362505.0,305.88,40.4,19.52,3.66,0.0
20050908:1211,433140.0,362.58,41.5,19.71,3.52,0.0
20050908:1311,324225.0,276.75,39.61,20.29,3.66,0.0
20050908:1411,236850.0,207.8,35.07,20.23,2.97,0.0
20050908:1511,266130.0,230.81,28.56,20.03,2.48,0.0
20050908:1611,165045.0,150.76,20.76,19.82,1.86,0.0
20050908:1711,126195.0,122.86,12.26,19.28,1.31,0.0
20050908:1811,22665.0,31.54,3.51,18.37,0.9,0.0
20050908:1911,0.0,0.0,0.0,17.24,0.97,0.0
20050908:2011,0.0,0.0,0.0,16.38,1.45,0.0
20050908:2111,0.0,0.0,0.0,15.87,1.86,0.0
20050908:2211,0.0,0.0,0.0,15.73,2.21,0.0
20050908:2311,0.0,0.0,0.0,15.6,2.76,0.0
20050909:0011,0.0,0.0,0.0,15.51,3.38,0.0
20050909:0111,0.0,0.0,0.0,15.34,4.0,0.0
20050909:0211,0.0,0.0,0.0,15.14,4.34,0.0
20050909:0311,0.0,0.0,0.0,14.86,4.83,0.0
20050909:0411,0.0,0.0,0.0,14.69,5.1,0.0
20050909:0511,0.0,0.0,0.0,14.51,5.38,0.0
20050909:0611,0.0,5.56,5.61,14.29,5.59,0.0
20050909:0711,10935.0,19.47,14.33,14.28,5.1,0.0
20050909:0811,80190.0,79.73,22.68,14.28,6.28,0.0
20050909:0911,96420.0,92.71,30.17,14.34,6.62,0.0
20050909:1011,81270.0,80.66,36.19,14.49,6.62,0.0
20050909:1111,61695.0,64.9,40.04,15.09,6.48,0.0
20050909:1211,122520.0,114.03,41.12,15.95,6.34,0.0
20050909:1311,291090.0,245.35,39.22,16.38,5.31,0.0
20050909:1411,221640.0,192.44,34.69,17.02,4.48,0.0
20050909:1511,149160.0,136.28,28.18,17.63,3.45,0.0
20050909:1611,67335.0,70.46,20.4,17.92,3.03,0.0
20050909:1711,40155.0,47.28,11.9,17.83,3.1,0.0
20050909:1811,16470.0,25.36,3.15,17.21,2.62,0.0
20050909:1911,0.0,0.0,0.0,16.2,2.69,0.0
20050909:2011,0.0,0.0,0.0,15.6,2.55,0.0
20050909:2111,0.0,0.0,0.0,15.51,2.55,0.0
20050909:2211,0.0,0.0,0.0,15.51,2.55,0.0
20050909:2311,0.0,0.0,0.0,15.52,2.97,0.0
20050910:0011,0.0,0.0,0.0,15.46,3.31,0.0
20050910:0111,0.0,0.0,0.0,15.19,3.72,0.0
20050910:0211,0.0,0.0,0.0,14.97,3.79,0.0
20050910:0311,0.0,0.0,0.0,14.73,4.0,0.0
20050910:0411,0.0,0.0,0.0,14.53,4.07,0.0
20050910:0511,0.0,0.0,0.0,14.33,4.55,0.0
20050910:0611,0.0,1.85,5.36,14.19,4.55,0.0
20050910:0711,4350.0,12.05,14.07,14.62,4.34,0.0
20050910:0811,100320.0,96.1,22.41,14.76,4.28,0.0
20050910:0911,67305.0,69.53,29.87,15.0,5.03,0.0
20050910:1011,67230.0,69.53,35.87,15.26,5.24,0.0
20050910:1111,73950.0,75.1,39.69,15.48,5.31,0.0
20050910:1211,160440.0,143.7,40.74,15.7,5.31,0.0
20050910:1311,109560.0,103.84,38.83,15.87,5.24,0.0
20050910:1411,51390.0,56.55,34.3,16.08,5.24,0.0
20050910:1511,45975.0,51.92,27.81,15.92,5.17,0.0
20050910:1611,35355.0,42.65,20.03,15.68,5.24,0.0
20050910:1711,7470.0,15.76,11.54,15.18,5.24,0.0
20050910:1811,0.0,4.37,2.79,14.73,5.17,0.0
20050910:1911,0.0,0.0,0.0,14.5,4.41,0.0
20050910:2011,0.0,0.0,0.0,14.37,4.21,0.0
20050910:2111,0.0,0.0,0.0,13.92,4.0,0.0
20050910:2211,0.0,0.0,0.0,13.77,3.93,0.0
20050910:2311,0.0,0.0,0.0,13.57,3.66,0.0
20050911:0011,0.0,0.0,0.0,13.21,3.52,0.0
20050911:0111,0.0,0.0,0.0,12.7,3.52,0.0
20050911:0211,0.0,0.0,0.0,12.35,3.66,0.0
20050911:0311,0.0,0.0,0.0,12.21,3.86,0.0
20050911:0411,0.0,0.0,0.0,12.18,4.0,0.0
20050911:0511,0.0,0.0,0.0,12.12,4.07,0.0
20050911:0611,5010.0,14.65,5.11,12.47,4.14,0.0
20050911:0711,78360.0,79.04,13.82,13.16,4.41,0.0
20050911:0811,180540.0,157.96,22.14,13.99,5.38,0.0
20050911:0911,130170.0,119.6,29.58,14.74,4.76,0.0
20050911:1011,175995.0,155.75,35.54,15.28,4.14,0.0
20050911:1111,272010.0,230.92,39.33,16.1,3.93,0.0
20050911:1211,637920.0,520.65,40.36,16.67,3.59,0.0
20050911:1311,404715.0,335.98,38.44,17.24,3.52,0.0
20050911:1411,404940.0,336.34,33.92,17.65,3.52,0.0
20050911:1511,496155.0,408.72,27.43,17.67,3.31,0.0
20050911:1611,432795.0,363.22,19.66,17.13,2.97,0.0
20050911:1711,139815.0,135.08,11.18,16.52,2.34,0.0
20050911:1811,12300.0,20.99,2.43,15.49,1.66,0.0
20050911:1911,0.0,0.0,0.0,13.9,1.66,0.0
20050911:2011,0.0,0.0,0.0,12.41,1.59,0.0
20050911:2111,0.0,0.0,0.0,11.33,1.72,0.0
20050911:2211,0.0,0.0,0.0,10.82,1.79,0.0
20050911:2311,0.0,0.0,0.0,10.32,1.93,0.0
20050912:0011,0.0,0.0,0.0,9.98,2.0,0.0
20050912:0111,0.0,0.0,0.0,9.72,1.93,0.0
20050912:0211,0.0,0.0,0.0,9.49,1.93,0.0
20050912:0311,0.0,0.0,0.0,9.23,1.93,0.0
20050912:0411,0.0,0.0,0.0,9.09,1.93,0.0
20050912:0511,0.0,0.0,0.0,8.77,1.93,0.0
20050912:0611,3375.0,11.58,4.85,8.45,1.79,0.0
20050912:0711,197085.0,181.93,13.56,10.34,0.9,0.0
20050912:0811,471060.0,389.99,21.86,13.67,0.62,0.0
20050912:0911,709455.0,591.04,29.28,15.91,0.62,0.0
20050912:1011,934770.0,797.2,35.21,17.35,0.97,0.0
20050912:1111,1066620.0,923.34,38.97,18.56,1.45,0.0
20050912:1211,1091160.0,946.8,39.98,19.46,1.79,0.0
20050912:1311,1045350.0,900.28,38.05,20.17,2.14,0.0
20050912:1411,951480.0,809.83,33.53,20.62,2.41,0.0
20050912:1511,754635.0,634.47,27.05,20.89,2.62,0.0
20050912:1611,536610.0,458.96,19.29,20.81,2.69,0.0
20050912:1711,223830.0,225.95,10.81,20.14,2.28,0.0
20050912:1811,15465.0,24.48,2.07,18.64,2.41,0.0
20050912:1911,0.0,0.0,0.0,16.9,2.55,0.0
20050912:2011,0.0,0.0,0.0,15.5,2.41,0.0
20050912:2111,0.0,0.0,0.0,14.37,2.28,0.0
20050912:2211,0.0,0.0,0.0,13.51,2.34,0.0
20050912:2311,0.0,0.0,0.0,13.03,2.41,0.0
20050913:0011,0.0,0.0,0.0,12.73,2.62,0.0
20050913:0111,0.0,0.0,0.0,12.55,2.69,0.0
20050913:0211,0.0,0.0,0.0,12.5,2.76,0.0
20050913:0311,0.0,0.0,0.0,12.48,2.83,0.0
20050913:0411,0.0,0.0,0.0,12.25,2.83,0.0
20050913:0511,0.0,0.0,0.0,12.06,2.83,0.0
20050913:0611,1800.0,9.08,4.6,12.07,2.97,0.0
20050913:0711,73950.0,75.74,13.3,13.6,2.9,0.0
20050913:0811,323730.0,269.4,21.59,14.78,3.66,0.0
20050913:0911,423870.0,345.62,28.98,15.98,4.9,0.0
20050913:1011,641685.0,517.68,34.88,16.81,5.38,0.0
20050913:1111,639675.0,518.94,38.61,17.91,5.86,0.0
20050913:1211,790665.0,643.07,39.59,18.73,6.28,0.0
20050913:1311,240150.0,208.21,37.66,19.32,6.97,0.0
20050913:1411,397110.0,330.3,33.14,19.84,7.1,0.0
20050913:1511,295755.0,251.63,26.67,19.86,6.55,0.0
20050913:1611,340140.0,289.24,18.92,19.73,6.34,0.0
20050913:1711,55230.0,60.73,10.45,19.03,5.72,0.0
20050913:1811,10485.0,19.24,1.7,17.97,5.45,0.0
20050913:1911,0.0,0.0,0.0,16.86,6.07,0.0
20050913:2011,0.0,0.0,0.0,16.4,6.48,0.0
20050913:2111,0.0,0.0,0.0,16.0,6.76,0.0
20050913:2211,0.0,0.0,0.0,15.63,7.1,0.0
20050913:2311,0.0,0.0,0.0,15.53,7.38,0.0
20050914:0011,0.0,0.0,0.0,15.75,7.31,0.0
20050914:0111,0.0,0.0,0.0,16.1,7.24,0.0
20050914:0211,0.0,0.0,0.0,16.79,6.9,0.0
20050914:0311,0.0,0.0,0.0,17.03,5.86,0.0
20050914:0411,0.0,0.0,0.0,17.26,4.9,0.0
20050914:0511,0.0,0.0,0.0,17.12,4.41,0.0
20050914:0611,1290.0,8.98,4.34,16.0,4.76,0.0
20050914:0711,142275.0,135.55,13.04,14.67,5.1,0.0
20050914:0811,285330.0,238.79,21.31,14.88,5.79,0.0
20050914:0911,407100.0,330.83,28.68,15.56,6.55,0.0
20050914:1011,919410.0,735.21,34.55,16.27,7.03,0.0
20050914:1111,1041990.0,839.63,38.24,16.78,7.31,0.0
20050914:1211,1017105.0,821.08,39.2,17.04,7.31,0.0
20050914:1311,1095885.0,889.17,37.26,17.32,7.1,0.0
20050914:1411,1002285.0,810.17,32.75,17.53,7.03,0.0
20050914:1511,832800.0,671.25,26.29,17.31,6.9,0.0
20050914:1611,567300.0,469.15,18.55,16.89,6.55,0.0
20050914:1711,87525.0,88.2,10.08,16.34,5.52,0.0
20050914:1811,5925.0,13.99,1.34,15.46,4.69,0.0
20050914:1911,0.0,0.0,0.0,14.79,3.72,0.0
20050914:2011,0.0,0.0,0.0,14.29,3.66,0.0
20050914:2111,0.0,0.0,0.0,13.89,3.72,0.0
20050914:2211,0.0,0.0,0.0,13.05,3.72,0.0
20050914:2311,0.0,0.0,0.0,12.51,3.52,0.0
20050915:0011,0.0,0.0,0.0,12.14,3.03,0.0
20050915:0111,0.0,0.0,0.0,11.86,2.34,0.0
20050915:0211,0.0,0.0,0.0,11.16,1.52,0.0
20050915:0311,0.0,0.0,0.0,11.64,1.1,0.0
20050915:0411,0.0,0.0,0.0,11.04,1.38,0.0
20050915:0511,0.0,0.0,0.0,11.13,1.31,0.0
20050915:0611,0.0,0.93,4.09,11.4,1.17,0.0
20050915:0711,25470.0,33.38,12.78,12.34,1.1,0.0
20050915:0811,105405.0,99.69,21.04,12.81,1.17,0.0
20050915:0911,38985.0,45.43,28.38,13.09,2.28,0.0
20050915:1011,126285.0,115.89,34.22,12.85,2.83,0.0
20050915:1111,147930.0,132.58,37.88,12.73,3.31,0.0
20050915:1211,94695.0,90.86,38.82,12.53,3.45,0.0
20050915:1311,95970.0,91.78,36.87,12.35,3.59,0.0
20050915:1411,82020.0,80.66,32.36,12.25,3.93,0.0
20050915:1511,113910.0,105.69,25.91,12.07,4.34,0.0
20050915:1611,153225.0,136.0,18.18,11.7,4.69,0.0
20050915:1711,40500.0,46.36,9.71,11.27,4.69,0.0
20050915:1811,10095.0,18.36,0.97,10.85,4.69,0.0
20050915:1911,0.0,0.0,0.0,10.27,4.34,0.0
20050915:2011,0.0,0.0,0.0,9.99,4.41,0.0
20050915:2111,0.0,0.0,0.0,9.52,4.83,0.0
20050915:2211,0.0,0.0,0.0,9.6,5.1,0.0
20050915:2311,0.0,0.0,0.0,9.27,5.17,0.0
20050916:0011,0.0,0.0,0.0,8.91,5.24,0.0
20050916:0111,0.0,0.0,0.0,9.01,5.52,0.0
20050916:0211,0.0,0.0,0.0,8.72,5.66,0.0
20050916:0311,0.0,0.0,0.0,8.27,5.59,0.0
20050916:0411,0.0,0.0,0.0,8.29,5.72,0.0
20050916:0511,0.0,0.0,0.0,8.14,5.59,0.0
20050916:0611,0.0,0.0,0.0,8.29,5.59,0.0
20050916:0711,113730.0,107.71,12.51,8.48,5.86,0.0
20050916:0811,486780.0,383.51,20.76,9.04,6.69,0.0
20050916:0911,830820.0,641.49,28.08,9.99,7.66,0.0
20050916:1011,933705.0,726.66,33.88,10.5,7.1,0.0
20050916:1111,419985.0,335.47,37.51,11.29,6.9,0.0
20050916:1211,135825.0,122.38,38.43,11.85,6.41,0.0
20050916:1311,334995.0,273.73,36.47,12.19,5.72,0.0
20050916:1411,47895.0,52.85,31.97,12.53,5.24,0.0
20050916:1511,303990.0,250.6,25.53,12.53,4.83,0.0
20050916:1611,400170.0,328.49,17.8,12.28,4.41,0.0
20050916:1711,211020.0,207.95,9.34,11.89,3.31,0.0
20050916:1811,8445.0,16.61,0.6,10.81,2.21,0.0
20050916:1911,0.0,0.0,0.0,9.62,2.55,0.0
20050916:2011,0.0,0.0,0.0,8.44,2.76,0.0
20050916:2111,0.0,0.0,0.0,7.93,2.83,0.0
20050916:2211,0.0,0.0,0.0,7.3,2.9,0.0
20050916:2311,0.0,0.0,0.0,7.09,2.83,0.0
20050917:0011,0.0,0.0,0.0,6.69,2.69,0.0
20050917:0111,0.0,0.0,0.0,6.34,2.69,0.0
20050917:0211,0.0,0.0,0.0,5.85,2.62,0.0
20050917:0311,0.0,0.0,0.0,5.35,2.48,0.0
20050917:0411,0.0,0.0,0.0,4.84,2.34,0.0
20050917:0511,0.0,0.0,0.0,4.27,2.21,0.0
20050917:0611,0.0,0.0,0.0,4.14,2.0,0.0
20050917:0711,168435.0,154.18,12.25,5.59,1.86,0.0
20050917:0811,455340.0,363.85,20.48,7.73,1.79,0.0
20050917:0911,710550.0,564.19,27.78,9.91,2.21,0.0
20050917:1011,961440.0,775.64,33.55,11.66,2.83,0.0
20050917:1111,586815.0,470.97,37.15,12.95,3.31,0.0
20050917:1211,527310.0,425.67,38.04,13.92,3.72,0.0
20050917:1311,583695.0,470.29,36.07,14.31,3.93,0.0
20050917:1411,341370.0,281.17,31.57,13.76,3.86,0.0
20050917:1511,153540.0,137.09,25.14,13.24,3.72,0.0
20050917:1611,318435.0,265.8,17.43,13.01,3.79,0.0
20050917:1711,106395.0,105.32,8.98,12.85,3.86,0.0
20050917:1811,6030.0,13.99,0.24,12.62,3.86,0.0
20050917:1911,0.0,0.0,0.0,12.39,4.21,0.0
20050917:2011,0.0,0.0,0.0,12.5,4.28,0.0
20050917:2111,0.0,0.0,0.0,12.64,4.21,0.0
20050917:2211,0.0,0.0,0.0,12.79,4.28,0.0
20050917:2311,0.0,0.0,0.0,12.97,4.0,0.0
20050918:0011,0.0,0.0,0.0,13.04,3.66,0.0
20050918:0111,0.0,0.0,0.0,12.71,3.31,0.0
20050918:0211,0.0,0.0,0.0,12.3,2.97,0.0
20050918:0311,0.0,0.0,0.0,11.83,2.62,0.0
20050918:0411,0.0,0.0,0.0,11.77,2.41,0.0
20050918:0511,0.0,0.0,0.0,11.36,2.28,0.0
20050918:0611,0.0,0.0,0.0,10.92,2.21,0.0
20050918:0711,148995.0,141.51,11.98,11.59,2.0,0.0
20050918:0811,463095.0,377.12,20.2,13.06,2.76,0.0
20050918:0911,738375.0,594.6,27.47,14.5,3.24,0.0
20050918:1011,918585.0,751.22,33.21,15.94,3.31,0.0
20050918:1111,1030455.0,853.08,36.78,17.08,3.66,0.0
20050918:1211,408705.0,338.43,37.65,17.38,4.0,0.0
20050918:1311,512625.0,419.26,35.68,17.28,4.34,0.0
20050918:1411,316980.0,265.72,31.18,16.7,4.14,0.0
20050918:1511,320760.0,268.21,24.76,16.35,3.79,0.0
20050918:1611,342060.0,288.88,17.05,16.07,3.52,0.0
20050918:1711,91770.0,93.81,8.61,15.51,2.97,0.0
20050918:1811,0.0,0.0,-0.13,14.45,2.34,0.0
20050918:1911,0.0,0.0,0.0,14.23,2.14,0.0
20050918:2011,0.0,0.0,0.0,13.39,2.28,0.0
20050918:2111,0.0,0.0,0.0,13.03,2.41,0.0
20050918:2211,0.0,0.0,0.0,12.77,2.48,0.0
20050918:2311,0.0,0.0,0.0,12.75,2.48,0.0
20050919:0011,0.0,0.0,0.0,12.92,2.62,0.0
20050919:0111,0.0,0.0,0.0,13.04,2.97,0.0
20050919:0211,0.0,0.0,0.0,13.12,3.31,0.0
20050919:0311,0.0,0.0,0.0,13.04,3.59,0.0
20050919:0411,0.0,0.0,0.0,12.58,3.72,0.0
20050919:0511,0.0,0.0,0.0,12.51,3.79,0.0
20050919:0611,0.0,0.0,0.0,11.91,3.72,0.0
20050919:0711,71415.0,73.88,11.72,12.2,3.72,0.0
20050919:0811,323145.0,266.53,19.92,13.17,4.41,0.0
20050919:0911,746835.0,593.33,27.16,14.32,5.38,0.0
20050919:1011,603690.0,482.12,32.87,15.32,6.34,0.0
20050919:1111,908550.0,728.35,36.41,16.08,6.69,0.0
20050919:1211,943170.0,760.6,37.26,16.48,6.34,0.0
20050919:1311,499830.0,405.49,35.28,17.01,6.9,0.0
20050919:1411,293145.0,246.5,30.78,17.0,6.69,0.0
20050919:1511,0.0,0.0,0.0,16.85,6.07,0.0
20050919:1611,106470.0,101.77,16.68,16.57,4.62,0.0
20050919:1711,15315.0,24.1,8.24,16.22,4.21,0.0
20050919:1811,0.0,0.0,-0.5,15.46,3.79,0.0
20050919:1911,0.0,0.0,0.0,15.1,4.07,0.0
20050919:2011,0.0,0.0,0.0,14.93,4.34,0.0
20050919:2111,0.0,0.0,0.0,14.63,4.41,0.0
20050919:2211,0.0,0.0,0.0,14.32,4.34,0.0
20050919:2311,0.0,0.0,0.0,14.16,4.21,0.0
20050920:0011,0.0,0.0,0.0,14.0,4.0,0.0
20050920:0111,0.0,0.0,0.0,14.29,4.0,0.0
20050920:0211,0.0,0.0,0.0,14.42,3.86,0.0
20050920:0311,0.0,0.0,0.0,14.36,3.52,0.0
20050920:0411,0.0,0.0,0.0,14.41,3.03,0.0
20050920:0511,0.0,0.0,0.0,13.94,2.48,0.0
20050920:0611,0.0,0.0,0.0,13.35,2.21,0.0
20050920:0711,76305.0,78.69,11.45,13.6,2.34,0.0
20050920:0811,381495.0,314.72,19.63,14.43,2.97,0.0
20050920:0911,486675.0,394.33,26.85,15.11,3.52,0.0
20050920:1011,695820.0,561.62,32.53,15.77,4.07,0.0
20050920:1111,977835.0,800.38,36.04,16.29,4.14,0.0
20050920:1211,855180.0,699.43,36.87,16.57,3.79,0.0
20050920:1311,1011075.0,837.87,34.88,16.94,3.52,0.0
20050920:1411,853950.0,702.7,30.39,16.98,3.17,0.0
20050920:1511,634440.0,520.51,23.99,17.0,2.97,0.0
20050920:1611,507180.0,428.67,16.3,16.71,2.62,0.0
20050920:1711,140985.0,144.51,7.87,16.01,2.07,0.0
20050920:1811,0.0,0.0,-0.87,14.57,2.21,0.0
20050920:1911,0.0,0.0,0.0,13.52,2.07,0.0
20050920:2011,0.0,0.0,0.0,12.25,1.79,0.0
20050920:2111,0.0,0.0,0.0,11.02,1.45,0.0
20050920:2211,0.0,0.0,0.0,10.37,1.24,0.0
20050920:2311,0.0,0.0,0.0,10.62,0.9,0.0
20050921:0011,0.0,0.0,0.0,10.98,0.62,0.0
20050921:0111,0.0,0.0,0.0,10.79,0.62,0.0
20050921:0211,0.0,0.0,0.0,10.64,0.34,0.0
20050921:0311,0.0,0.0,0.0,10.68,0.07,0.0
20050921:0411,0.0,0.0,0.0,10.74,0.55,0.0
20050921:0511,0.0,0.0,0.0,9.93,1.03,0.0
20050921:0611,0.0,0.0,0.0,9.6,1.52,0.0
20050921:0711,23700.0,31.52,11.18,10.43,1.24,0.0
20050921:0811,86175.0,84.27,19.35,12.57,1.45,0.0
20050921:0911,140910.0,127.88,26.55,13.76,2.07,0.0
20050921:1011,283125.0,238.42,32.19,15.12,2.97,0.0
20050921:1111,733035.0,594.04,35.67,15.96,3.93,0.0
20050921:1211,621540.0,503.73,36.48,16.13,4.21,0.0
20050921:1311,731385.0,591.95,34.48,16.32,4.55,0.0
20050921:1411,587175.0,475.78,29.99,16.52,4.55,0.0
20050921:1511,556215.0,452.93,23.6,16.74,4.28,0.0
20050921:1611,432000.0,363.57,15.93,16.81,4.07,0.0
20050921:1711,59025.0,64.65,7.49,16.6,3.45,0.0
20050921:1811,0.0,0.0,-1.24,16.13,3.66,0.0
20050921:1911,0.0,0.0,0.0,15.78,3.59,0.0
20050921:2011,0.0,0.0,0.0,15.87,3.79,0.0
20050921:2111,0.0,0.0,0.0,15.96,3.79,0.0
20050921:2211,0.0,0.0,0.0,15.81,3.66,0.0
20050921:2311,0.0,0.0,0.0,15.1,3.59,0.0
20050922:0011,0.0,0.0,0.0,14.57,3.45,0.0
20050922:0111,0.0,0.0,0.0,14.03,3.24,0.0
20050922:0211,0.0,0.0,0.0,13.67,3.17,0.0
20050922:0311,0.0,0.0,0.0,13.41,3.1,0.0
20050922:0411,0.0,0.0,0.0,13.16,3.1,0.0
20050922:0511,0.0,0.0,0.0,12.91,3.1,0.0
20050922:0611,0.0,0.0,0.0,12.74,3.1,0.0
20050922:0711,59745.0,64.22,10.91,12.93,3.03,0.0
20050922:0811,310965.0,259.01,19.06,14.09,3.31,0.0
20050922:0911,514305.0,415.72,26.23,15.55,4.0,0.0
20050922:1011,892680.0,726.35,31.85,17.05,4.41,0.0
20050922:1111,1051410.0,866.72,35.3,18.16,4.83,0.0
20050922:1211,1033935.0,853.38,36.08,18.86,5.17,0.0
20050922:1311,1090470.0,901.92,34.08,19.42,5.66,0.0
20050922:1411,957060.0,785.75,29.6,19.67,5.79,0.0
20050922:1511,732630.0,600.1,23.22,19.56,5.59,0.0
20050922:1611,465795.0,395.23,15.55,19.13,5.03,0.0
20050922:1711,173130.0,185.15,7.12,18.32,4.14,0.0
20050922:1811,0.0,0.0,0.0,17.14,3.72,0.0
20050922:1911,0.0,0.0,0.0,16.46,3.38,0.0
20050922:2011,0.0,0.0,0.0,15.59,3.52,0.0
20050922:2111,0.0,0.0,0.0,15.02,3.52,0.0
20050922:2211,0.0,0.0,0.0,14.18,3.59,0.0
20050922:2311,0.0,0.0,0.0,13.6,3.72,0.0
20050923:0011,0.0,0.0,0.0,13.03,3.93,0.0
20050923:0111,0.0,0.0,0.0,12.56,4.14,0.0
20050923:0211,0.0,0.0,0.0,12.24,4.28,0.0
20050923:0311,0.0,0.0,0.0,11.96,4.28,0.0
20050923:0411,0.0,0.0,0.0,11.8,4.48,0.0
20050923:0511,0.0,0.0,0.0,11.66,4.55,0.0
20050923:0611,0.0,0.0,0.0,11.77,4.69,0.0
20050923:0711,87165.0,88.38,10.64,12.77,5.24,0.0
20050923:0811,134400.0,122.36,18.78,13.95,5.03,0.0
20050923:0911,116070.0,108.47,25.92,14.72,5.31,0.0
20050923:1011,73095.0,74.17,31.51,14.73,5.52,0.0
20050923:1111,100545.0,96.42,34.93,15.33,5.72,0.0
20050923:1211,236700.0,203.06,35.69,16.15,5.38,0.0
20050923:1311,322935.0,270.13,33.68,17.05,5.45,0.0
20050923:1411,324930.0,271.14,29.2,16.94,5.52,0.0
20050923:1511,650115.0,524.36,22.83,16.62,6.0,0.0
20050923:1611,471555.0,394.04,15.17,15.93,5.38,0.0
20050923:1711,24135.0,32.45,6.75,15.1,4.97,0.0
20050923:1811,0.0,0.0,0.0,13.9,5.1,0.0
20050923:1911,0.0,0.0,0.0,12.64,5.1,0.0
20050923:2011,0.0,0.0,0.0,11.26,4.69,0.0
20050923:2111,0.0,0.0,0.0,10.19,4.28,0.0
20050923:2211,0.0,0.0,0.0,9.3,3.59,0.0
20050923:2311,0.0,0.0,0.0,8.31,2.69,0.0
20050924:0011,0.0,0.0,0.0,7.37,2.34,0.0
20050924:0111,0.0,0.0,0.0,6.48,2.14,0.0
20050924:0211,0.0,0.0,0.0,5.52,2.0,0.0
20050924:0311,0.0,0.0,0.0,4.59,2.0,0.0
20050924:0411,0.0,0.0,0.0,3.84,1.93,0.0
20050924:0511,0.0,0.0,0.0,3.31,1.66,0.0
20050924:0611,0.0,0.0,0.0,3.01,1.45,0.0
20050924:0711,154410.0,143.19,10.37,3.63,1.1,0.0
20050924:0811,432555.0,348.71,18.49,7.11,0.41,0.0
20050924:0911,663180.0,536.28,25.61,9.49,0.28,0.0
20050924:1011,943995.0,764.25,31.17,10.9,2.14,0.0
20050924:1111,969825.0,780.6,34.55,11.91,3.52,0.0
20050924:1211,898560.0,720.4,35.3,12.6,4.07,0.0
20050924:1311,1047345.0,846.65,33.28,13.28,4.41,0.0
20050924:1411,951300.0,764.13,28.81,13.67,4.69,0.0
20050924:1511,785640.0,629.53,22.45,13.83,4.83,0.0
20050924:1611,485220.0,401.7,14.79,13.63,5.03,0.0
20050924:1711,177045.0,187.16,6.38,12.91,4.41,0.0
20050924:1811,0.0,0.0,0.0,11.66,4.14,0.0
20050924:1911,0.0,0.0,0.0,10.06,3.59,0.0
20050924:2011,0.0,0.0,0.0,9.26,3.45,0.0
20050924:2111,0.0,0.0,0.0,9.02,3.45,0.0
20050924:2211,0.0,0.0,0.0,9.19,3.45,0.0
20050924:2311,0.0,0.0,0.0,9.81,3.72,0.0
20050925:0011,0.0,0.0,0.0,10.41,4.14,0.0
20050925:0111,0.0,0.0,0.0,11.31,4.48,0.0
20050925:0211,0.0,0.0,0.0,11.66,4.55,0.0
20050925:0311,0.0,0.0,0.0,11.63,4.34,0.0
20050925:0411,0.0,0.0,0.0,11.62,4.21,0.0
20050925:0511,0.0,0.0,0.0,11.49,4.14,0.0
20050925:0611,0.0,0.0,0.0,11.17,4.07,0.0
20050925:0711,22545.0,30.59,10.1,11.79,4.34,0.0
20050925:0811,59100.0,62.12,18.2,12.29,4.21,0.0
20050925:0911,192135.0,166.48,25.3,13.33,3.72,0.0
20050925:1011,244065.0,207.4,30.82,15.31,5.79,0.0
20050925:1111,639225.0,513.87,34.18,15.98,5.45,0.0
20050925:1211,102570.0,98.27,34.9,15.81,4.83,0.0
20050925:1311,1035750.0,845.73,32.88,16.27,4.83,0.0
20050925:1411,619095.0,499.87,28.41,16.26,4.76,0.0
20050925:1511,497880.0,404.77,22.06,16.15,4.76,0.0
20050925:1611,332505.0,282.0,14.42,15.72,4.21,0.0
20050925:1711,47565.0,54.56,6.01,14.91,3.17,0.0
20050925:1811,0.0,0.0,0.0,13.7,2.62,0.0
20050925:1911,0.0,0.0,0.0,12.75,2.69,0.0
20050925:2011,0.0,0.0,0.0,12.18,2.55,0.0
20050925:2111,0.0,0.0,0.0,11.93,2.55,0.0
20050925:2211,0.0,0.0,0.0,11.56,2.62,0.0
20050925:2311,0.0,0.0,0.0,11.42,2.55,0.0
20050926:0011,0.0,0.0,0.0,11.44,2.34,0.0
20050926:0111,0.0,0.0,0.0,11.26,2.28,0.0
20050926:0211,0.0,0.0,0.0,11.32,2.34,0.0
20050926:0311,0.0,0.0,0.0,11.21,2.34,0.0
20050926:0411,0.0,0.0,0.0,11.23,2.62,0.0
20050926:0511,0.0,0.0,0.0,11.13,2.97,0.0
20050926:0611,0.0,0.0,0.0,11.01,3.24,0.0
20050926:0711,22605.0,30.59,9.83,11.3,3.66,0.0
20050926:0811,69165.0,70.46,17.91,11.73,0.0,0.0
20050926:0911,191430.0,166.76,24.98,12.27,0.0,0.0
20050926:1011,496845.0,395.44,30.48,12.75,5.45,0.0
20050926:1111,116910.0,108.47,33.81,13.35,5.79,0.0
20050926:1211,103665.0,98.27,34.51,13.76,5.52,0.0
20050926:1311,89145.0,87.15,32.48,14.93,6.07,0.0
20050926:1411,81840.0,81.59,28.02,15.93,6.76,0.0
20050926:1511,151965.0,137.48,21.67,16.94,7.03,0.0
20050926:1611,116835.0,110.37,14.04,17.07,6.21,0.0
20050926:1711,68745.0,77.99,5.64,16.94,6.41,0.0
20050926:1811,0.0,0.0,0.0,16.53,6.76,0.0
20050926:1911,0.0,0.0,0.0,15.94,7.24,0.0
20050926:2011,0.0,0.0,0.0,15.53,7.17,0.0
20050926:2111,0.0,0.0,0.0,15.41,7.17,0.0
20050926:2211,0.0,0.0,0.0,15.64,7.03,0.0
20050926:2311,0.0,0.0,0.0,15.78,6.14,0.0
20050927:0011,0.0,0.0,0.0,15.37,5.24,0.0
20050927:0111,0.0,0.0,0.0,15.06,4.55,0.0
20050927:0211,0.0,0.0,0.0,14.44,4.41,0.0
20050927:0311,0.0,0.0,0.0,13.63,4.62,0.0
20050927:0411,0.0,0.0,0.0,13.4,5.03,0.0
20050927:0511,0.0,0.0,0.0,13.22,5.38,0.0
20050927:0611,0.0,0.0,0.0,12.92,5.45,0.0
20050927:0711,114045.0,113.34,9.56,12.63,5.52,0.0
20050927:0811,465930.0,377.12,17.62,13.56,5.24,0.0
20050927:0911,605730.0,479.07,24.67,14.58,7.79,0.0
20050927:1011,213030.0,183.11,30.13,15.04,8.0,0.0
20050927:1111,198765.0,172.49,33.43,14.98,7.52,0.0
20050927:1211,612630.0,488.63,34.12,15.32,7.38,0.0
20050927:1311,931890.0,743.13,32.08,15.47,7.45,0.0
20050927:1411,923190.0,735.35,27.62,15.24,7.24,0.0
20050927:1511,508530.0,408.46,21.29,14.9,6.76,0.0
20050927:1611,455280.0,379.13,13.67,14.34,6.0,0.0
20050927:1711,86100.0,96.61,5.27,13.54,5.24,0.0
20050927:1811,0.0,0.0,0.0,12.83,4.62,0.0
20050927:1911,0.0,0.0,0.0,11.9,4.69,0.0
20050927:2011,0.0,0.0,0.0,11.36,4.34,0.0
20050927:2111,0.0,0.0,0.0,10.65,4.34,0.0
20050927:2211,0.0,0.0,0.0,10.06,4.34,0.0
20050927:2311,0.0,0.0,0.0,9.84,4.28,0.0
20050928:0011,0.0,0.0,0.0,9.47,4.28,0.0
20050928:0111,0.0,0.0,0.0,9.22,4.14,0.0
20050928:0211,0.0,0.0,0.0,9.23,4.14,0.0
20050928:0311,0.0,0.0,0.0,8.93,4.07,0.0
20050928:0411,0.0,0.0,0.0,8.79,3.93,0.0
20050928:0511,0.0,0.0,0.0,8.69,3.86,0.0
20050928:0611,0.0,0.0,0.0,8.63,3.86,0.0
20050928:0711,89040.0,90.03,9.28,8.85,3.93,0.0
20050928:0811,376500.0,304.26,17.33,10.26,3.93,0.0
20050928:0911,596415.0,468.56,24.35,11.61,5.52,0.0
20050928:1011,905805.0,712.26,29.79,12.71,6.69,0.0
20050928:1111,687855.0,542.81,33.06,13.84,7.52,0.0
20050928:1211,500715.0,400.85,33.72,14.78,7.86,0.0
20050928:1311,186780.0,163.24,31.68,15.14,8.62,0.0
20050928:1411,307950.0,253.86,27.23,14.19,8.14,0.0
20050928:1511,78300.0,77.88,20.9,13.42,8.76,0.0
20050928:1611,32835.0,39.87,13.29,12.28,8.14,0.0
20050928:1711,2985.0,10.2,4.9,11.8,7.38,0.0
20050928:1811,0.0,0.0,0.0,11.34,7.03,0.0
20050928:1911,0.0,0.0,0.0,11.19,5.66,0.0
20050928:2011,0.0,0.0,0.0,11.29,4.69,0.0
20050928:2111,0.0,0.0,0.0,10.61,4.41,0.0
20050928:2211,0.0,0.0,0.0,9.77,4.21,0.0
20050928:2311,0.0,0.0,0.0,9.15,4.34,0.0
20050929:0011,0.0,0.0,0.0,8.7,4.62,0.0
20050929:0111,0.0,0.0,0.0,8.55,4.83,0.0
20050929:0211,0.0,0.0,0.0,8.5,5.1,0.0
20050929:0311,0.0,0.0,0.0,8.59,5.31,0.0
20050929:0411,0.0,0.0,0.0,8.7,5.59,0.0
20050929:0511,0.0,0.0,0.0,8.66,5.52,0.0
20050929:0611,0.0,0.0,0.0,8.65,5.52,0.0
20050929:0711,113130.0,111.41,9.01,9.01,5.38,0.0
20050929:0811,416610.0,334.28,17.04,10.11,4.48,0.0
20050929:0911,665400.0,521.08,24.03,11.38,5.59,0.0
20050929:1011,620820.0,489.02,29.44,12.4,5.93,0.0
20050929:1111,723705.0,573.92,32.68,13.42,5.52,0.0
20050929:1211,383535.0,312.06,33.33,14.23,6.34,0.0
20050929:1311,638655.0,508.38,31.28,14.34,6.07,0.0
20050929:1411,671940.0,534.3,26.83,13.91,5.52,0.0
20050929:1511,203355.0,175.11,20.52,13.7,5.1,0.0
20050929:1611,353280.0,296.7,12.92,13.34,4.55,0.0
20050929:1711,101415.0,117.9,4.54,12.58,3.66,0.0
20050929:1811,0.0,0.0,0.0,11.98,0.0,0.0
20050929:1911,0.0,0.0,0.0,11.02,0.0,0.0
20050929:2011,0.0,0.0,0.0,10.49,2.41,0.0
20050929:2111,0.0,0.0,0.0,10.01,2.83,0.0
20050929:2211,0.0,0.0,0.0,9.56,3.17,0.0
20050929:2311,0.0,0.0,0.0,9.6,3.66,0.0
20050930:0011,0.0,0.0,0.0,9.68,4.14,0.0
20050930:0111,0.0,0.0,0.0,9.68,4.62,0.0
20050930:0211,0.0,0.0,0.0,10.02,5.03,0.0
20050930:0311,0.0,0.0,0.0,10.51,4.83,0.0
20050930:0411,0.0,0.0,0.0,11.14,4.14,0.0
20050930:0511,0.0,0.0,0.0,12.03,3.52,0.0
20050930:0611,0.0,0.0,0.0,13.15,3.45,0.0
20050930:0711,14625.0,23.18,8.73,13.49,3.66,0.0
20050930:0811,126060.0,116.4,16.75,14.84,4.0,0.0
20050930:0911,70275.0,72.31,23.71,16.06,4.07,0.0
20050930:1011,233655.0,201.12,29.09,17.23,5.17,0.0
20050930:1111,303150.0,254.67,32.31,17.66,6.62,0.0
20050930:1211,35880.0,43.57,32.94,18.57,7.31,0.0
20050930:1311,379200.0,314.47,30.88,18.42,5.93,0.0
20050930:1411,682665.0,552.91,26.44,18.37,5.93,0.0
20050930:1511,233505.0,201.67,20.14,18.3,5.79,0.0
20050930:1611,80580.0,81.25,12.55,17.48,5.79,0.0
20050930:1711,26685.0,35.76,4.17,16.99,5.72,0.0
20050930:1811,0.0,0.0,0.0,16.57,5.59,0.0
20050930:1911,0.0,0.0,0.0,16.26,5.38,0.0
20050930:2011,0.0,0.0,0.0,14.36,6.07,0.0
20050930:2111,0.0,0.0,0.0,12.76,5.24,0.0
20050930:2211,0.0,0.0,0.0,12.29,5.45,0.0
20050930:2311,0.0,0.0,0.0,11.55,5.72,0.0
20051001:0011,0.0,0.0,0.0,10.81,5.79,0.0
20051001:0111,0.0,0.0,0.0,10.38,5.79,0.0
20051001:0211,0.0,0.0,0.0,10.16,5.86,0.0
20051001:0311,0.0,0.0,0.0,10.22,5.79,0.0
20051001:0411,0.0,0.0,0.0,10.29,5.59,0.0
20051001:0511,0.0,0.0,0.0,10.24,5.66,0.0
20051001:0611,0.0,0.0,0.0,10.33,5.31,0.0
20051001:0711,48810.0,55.26,8.46,10.45,5.17,0.0
20051001:0811,422010.0,339.28,16.45,11.0,5.1,0.0
20051001:0911,253935.0,210.91,23.4,11.84,5.93,0.0
20051001:1011,321990.0,262.36,28.74,12.34,6.76,0.0
20051001:1111,364695.0,295.21,31.94,12.76,6.97,0.0
20051001:1211,1078920.0,855.46,32.55,12.86,6.9,0.0
20051001:1311,397725.0,320.47,30.49,12.93,6.62,0.0
20051001:1411,452040.0,361.35,26.05,13.11,6.48,0.0
20051001:1511,590370.0,469.32,19.76,13.14,6.14,0.0
20051001:1611,386760.0,323.81,12.17,12.86,4.97,0.0
20051001:1711,53835.0,65.67,3.8,12.28,4.9,0.0
20051001:1811,0.0,0.0,0.0,11.78,4.97,0.0
20051001:1911,0.0,0.0,0.0,11.5,4.41,0.0
20051001:2011,0.0,0.0,0.0,11.09,4.41,0.0
20051001:2111,0.0,0.0,0.0,10.51,4.34,0.0
20051001:2211,0.0,0.0,0.0,10.11,4.41,0.0
20051001:2311,0.0,0.0,0.0,9.64,4.62,0.0
20051002:0011,0.0,0.0,0.0,9.43,4.9,0.0
20051002:0111,0.0,0.0,0.0,9.42,5.03,0.0
20051002:0211,0.0,0.0,0.0,9.22,4.83,0.0
20051002:0311,0.0,0.0,0.0,8.73,4.62,0.0
20051002:0411,0.0,0.0,0.0,8.03,4.41,0.0
20051002:0511,0.0,0.0,0.0,7.82,4.34,0.0
20051002:0611,0.0,0.0,0.0,7.66,4.14,0.0
20051002:0711,104235.0,104.36,8.18,7.68,3.66,0.0
20051002:0811,222360.0,186.36,16.16,8.62,3.17,0.0
20051002:0911,355395.0,285.07,23.08,9.58,3.59,0.0
20051002:1011,93420.0,89.0,28.4,10.22,3.59,0.0
20051002:1111,143325.0,127.94,31.56,10.75,3.31,0.0
20051002:1211,229635.0,194.41,32.15,11.55,3.03,0.0
20051002:1311,1089630.0,892.49,30.09,12.59,2.97,0.0
20051002:1411,695775.0,557.64,25.66,13.22,3.31,0.0
20051002:1511,741060.0,598.1,19.38,13.9,3.72,0.0
20051002:1611,119625.0,111.82,11.8,14.04,3.59,0.0
20051002:1711,43620.0,55.64,3.44,13.55,2.76,0.0
20051002:1811,0.0,0.0,0.0,12.99,2.55,0.0
20051002:1911,0.0,0.0,0.0,12.93,2.48,0.0
20051002:2011,0.0,0.0,0.0,12.31,2.21,0.0
20051002:2111,0.0,0.0,0.0,11.52,2.21,0.0
20051002:2211,0.0,0.0,0.0,10.85,2.28,0.0
20051002:2311,0.0,0.0,0.0,10.31,2.21,0.0
20051003:0011,0.0,0.0,0.0,10.07,2.14,0.0
20051003:0111,0.0,0.0,0.0,9.25,2.21,0.0
20051003:0211,0.0,0.0,0.0,8.44,2.07,0.0
20051003:0311,0.0,0.0,0.0,7.55,2.0,0.0
20051003:0411,0.0,0.0,0.0,6.81,2.0,0.0
20051003:0511,0.0,0.0,0.0,6.26,2.0,0.0
20051003:0611,0.0,0.0,0.0,5.99,1.86,0.0
20051003:0711,525.0,6.49,7.9,6.5,1.72,0.0
20051003:0811,185925.0,159.87,15.86,8.97,1.17,0.0
20051003:0911,639180.0,514.41,22.76,12.14,1.59,0.0
20051003:1011,194025.0,168.74,28.05,13.44,2.14,0.0
20051003:1111,107595.0,101.98,31.19,14.43,2.07,0.0
20051003:1211,81900.0,81.59,31.76,14.81,1.52,0.0
20051003:1311,144540.0,131.65,29.7,15.01,1.31,0.0
20051003:1411,175020.0,155.47,25.27,14.98,1.24,0.0
20051003:1511,104925.0,100.13,19.0,14.86,1.45,0.0
20051003:1611,60495.0,63.97,11.43,14.64,1.66,0.0
20051003:1711,7515.0,15.76,3.08,14.0,1.79,0.0
20051003:1811,0.0,0.0,0.0,13.2,2.07,0.0
20051003:1911,0.0,0.0,0.0,12.14,1.86,0.0
20051003:2011,0.0,0.0,0.0,11.56,1.86,0.0
20051003:2111,0.0,0.0,0.0,10.94,1.79,0.0
20051003:2211,0.0,0.0,0.0,10.14,1.59,0.0
20051003:2311,0.0,0.0,0.0,9.17,1.38,0.0
20051004:0011,0.0,0.0,0.0,8.5,1.24,0.0
20051004:0111,0.0,0.0,0.0,7.95,1.24,0.0
20051004:0211,0.0,0.0,0.0,7.17,1.24,0.0
20051004:0311,0.0,0.0,0.0,6.18,1.17,0.0
20051004:0411,0.0,0.0,0.0,5.83,0.76,0.0
20051004:0511,0.0,0.0,0.0,6.14,0.76,0.0
20051004:0611,0.0,0.0,0.0,6.42,0.76,0.0
20051004:0711,18210.0,26.49,7.62,8.45,0.55,0.0
20051004:0811,88725.0,85.6,15.57,10.07,0.21,0.0
20051004:0911,118095.0,109.6,22.44,12.29,0.48,0.0
20051004:1011,166665.0,147.78,27.7,13.17,1.31,0.0
20051004:1111,217455.0,187.32,30.81,13.73,1.79,0.0
20051004:1211,232875.0,199.62,31.37,14.08,1.72,0.0
20051004:1311,222105.0,191.37,29.3,14.17,1.59,0.0
20051004:1411,118185.0,110.33,24.88,14.22,1.79,0.0
20051004:1511,127335.0,117.44,18.62,14.21,2.0,0.0
20051004:1611,136035.0,125.52,11.07,14.02,1.86,0.0
20051004:1711,27540.0,38.77,2.72,13.56,1.31,0.0
20051004:1811,0.0,0.0,0.0,12.88,1.52,0.0
20051004:1911,0.0,0.0,0.0,12.32,1.03,0.0
20051004:2011,0.0,0.0,0.0,11.7,0.9,0.0
20051004:2111,0.0,0.0,0.0,11.34,1.03,0.0
20051004:2211,0.0,0.0,0.0,10.75,1.38,0.0
20051004:2311,0.0,0.0,0.0,10.26,1.45,0.0
20051005:0011,0.0,0.0,0.0,10.08,1.31,0.0
20051005:0111,0.0,0.0,0.0,10.07,1.24,0.0
20051005:0211,0.0,0.0,0.0,9.2,1.38,0.0
20051005:0311,0.0,0.0,0.0,9.05,0.97,0.0
20051005:0411,0.0,0.0,0.0,9.79,0.48,0.0
20051005:0511,0.0,0.0,0.0,9.67,0.21,0.0
20051005:0611,0.0,0.0,0.0,9.58,0.28,0.0
20051005:0711,27585.0,35.93,7.34,8.83,0.69,0.0
20051005:0811,71730.0,72.02,15.27,10.04,0.21,0.0
20051005:0911,429705.0,349.21,22.12,11.48,0.55,0.0
20051005:1011,902775.0,747.79,27.35,12.61,0.9,0.0
20051005:1111,461700.0,377.73,30.44,13.47,1.03,0.0
20051005:1211,694410.0,568.92,30.98,14.11,1.31,0.0
20051005:1311,612330.0,499.51,28.91,14.35,1.59,0.0
20051005:1411,545325.0,445.37,24.49,14.58,1.52,0.0
20051005:1511,645495.0,531.35,18.24,14.63,1.45,0.0
20051005:1611,389250.0,335.22,10.7,14.56,1.52,0.0
20051005:1711,65955.0,88.96,2.36,13.95,1.17,0.0
20051005:1811,0.0,0.0,0.0,12.99,0.9,0.0
20051005:1911,0.0,0.0,0.0,13.01,0.55,0.0
20051005:2011,0.0,0.0,0.0,12.51,0.69,0.0
20051005:2111,0.0,0.0,0.0,11.57,0.97,0.0
20051005:2211,0.0,0.0,0.0,10.74,1.45,0.0
20051005:2311,0.0,0.0,0.0,10.61,1.45,0.0
20051006:0011,0.0,0.0,0.0,10.65,1.45,0.0
20051006:0111,0.0,0.0,0.0,10.21,1.59,0.0
20051006:0211,0.0,0.0,0.0,10.13,1.17,0.0
20051006:0311,0.0,0.0,0.0,10.67,0.62,0.0
20051006:0411,0.0,0.0,0.0,10.87,0.28,0.0
20051006:0511,0.0,0.0,0.0,10.86,0.21,0.0
20051006:0611,0.0,0.0,0.0,10.89,0.34,0.0
20051006:0711,2325.0,9.27,7.06,10.55,0.69,0.0
20051006:0811,60660.0,63.38,14.97,11.57,0.83,0.0
20051006:0911,56655.0,60.26,21.79,12.55,1.86,0.0
20051006:1011,143130.0,129.07,27.0,12.88,2.28,0.0
20051006:1111,170235.0,150.38,30.07,13.43,2.55,0.0
20051006:1211,93960.0,90.86,30.6,13.93,2.69,0.0
20051006:1311,92535.0,89.93,28.52,14.52,2.83,0.0
20051006:1411,96975.0,93.64,24.11,14.94,2.76,0.0
20051006:1511,92220.0,89.93,17.87,15.25,2.9,0.0
20051006:1611,90105.0,88.83,10.34,15.39,2.55,0.0
20051006:1711,16335.0,25.03,2.0,15.22,2.28,0.0
20051006:1811,0.0,0.0,0.0,14.9,2.07,0.0
20051006:1911,0.0,0.0,0.0,13.57,1.79,0.0
20051006:2011,0.0,0.0,0.0,13.42,1.93,0.0
20051006:2111,0.0,0.0,0.0,13.31,2.07,0.0
20051006:2211,0.0,0.0,0.0,13.32,2.21,0.0
20051006:2311,0.0,0.0,0.0,13.27,2.34,0.0
20051007:0011,0.0,0.0,0.0,13.16,2.34,0.0
20051007:0111,0.0,0.0,0.0,13.26,2.34,0.0
20051007:0211,0.0,0.0,0.0,13.16,2.34,0.0
20051007:0311,0.0,0.0,0.0,13.01,2.34,0.0
20051007:0411,0.0,0.0,0.0,12.84,2.28,0.0
20051007:0511,0.0,0.0,0.0,12.83,2.21,0.0
20051007:0611,0.0,0.0,0.0,12.88,2.14,0.0
20051007:0711,6765.0,14.83,6.78,12.71,2.21,0.0
20051007:0811,53640.0,57.84,14.68,13.19,3.1,0.0
20051007:0911,59745.0,63.04,21.47,13.79,3.52,0.0
20051007:1011,70830.0,72.31,26.65,14.5,4.07,0.0
20051007:1111,74085.0,75.1,29.69,14.97,4.21,0.0
20051007:1211,45015.0,50.99,30.21,15.43,5.31,0.0
20051007:1311,114195.0,107.54,28.13,15.99,5.38,0.0
20051007:1411,147390.0,133.79,23.72,16.35,5.45,0.0
20051007:1511,102780.0,98.66,17.49,16.37,4.62,0.0
20051007:1611,105585.0,101.84,9.97,16.15,4.41,0.0
20051007:1711,12615.0,21.32,1.65,15.72,4.28,0.0
20051007:1811,0.0,0.0,0.0,15.38,0.0,0.0
20051007:1911,0.0,0.0,0.0,14.09,0.0,0.0
20051007:2011,0.0,0.0,0.0,13.64,4.21,0.0
20051007:2111,0.0,0.0,0.0,13.19,4.21,0.0
20051007:2211,0.0,0.0,0.0,12.93,4.21,0.0
20051007:2311,0.0,0.0,0.0,12.86,4.14,0.0
20051008:0011,0.0,0.0,0.0,12.63,4.14,0.0
20051008:0111,0.0,0.0,0.0,12.62,4.14,0.0
20051008:0211,0.0,0.0,0.0,12.42,4.28,0.0
20051008:0311,0.0,0.0,0.0,12.43,4.55,0.0
20051008:0411,0.0,0.0,0.0,12.36,4.76,0.0
20051008:0511,0.0,0.0,0.0,12.3,4.9,0.0
20051008:0611,0.0,0.0,0.0,12.67,4.97,0.0
20051008:0711,9735.0,18.46,6.5,13.63,5.86,0.0
20051008:0811,5910.0,13.91,14.38,13.86,5.72,0.0
20051008:0911,35640.0,42.65,21.15,14.21,5.79,0.0
20051008:1011,48465.0,53.77,26.31,14.77,6.69,0.0
20051008:1111,30255.0,38.01,29.32,15.11,6.48,0.0
20051008:1211,32325.0,39.87,29.82,15.01,4.55,0.0
20051008:1311,67365.0,69.53,27.74,14.57,3.38,0.0
20051008:1411,50925.0,55.63,23.34,13.44,3.52,0.0
20051008:1511,83145.0,81.59,17.12,12.28,3.59,0.0
20051008:1611,21570.0,29.67,9.61,11.43,2.41,0.0
20051008:1711,5235.0,12.98,1.29,10.97,2.48,0.0
20051008:1811,0.0,0.0,0.0,10.41,2.97,0.0
20051008:1911,0.0,0.0,0.0,9.55,3.03,0.0
20051008:2011,0.0,0.0,0.0,8.4,2.9,0.0
20051008:2111,0.0,0.0,0.0,7.79,2.76,0.0
20051008:2211,0.0,0.0,0.0,7.45,2.76,0.0
20051008:2311,0.0,0.0,0.0,7.3,2.69,0.0
20051009:0011,0.0,0.0,0.0,6.99,2.83,0.0
20051009:0111,0.0,0.0,0.0,6.89,2.83,0.0
20051009:0211,0.0,0.0,0.0,6.78,2.9,0.0
20051009:0311,0.0,0.0,0.0,6.83,2.9,0.0
20051009:0411,0.0,0.0,0.0,6.91,2.97,0.0
20051009:0511,0.0,0.0,0.0,6.8,3.1,0.0
20051009:0611,0.0,0.0,0.0,6.68,2.97,0.0
20051009:0711,19335.0,28.07,6.22,6.7,2.97,0.0
20051009:0811,216765.0,181.66,14.08,7.77,3.17,0.0
20051009:0911,107415.0,99.53,20.83,9.41,3.72,0.0
20051009:1011,155520.0,136.85,25.96,10.56,4.48,0.0
20051009:1111,405075.0,324.67,28.95,11.88,5.38,0.0
20051009:1211,296790.0,244.79,29.44,12.98,6.14,0.0
20051009:1311,706965.0,557.83,27.35,13.5,6.62,0.0
20051009:1411,481860.0,384.46,22.96,13.76,6.62,0.0
20051009:1511,165990.0,146.47,16.75,13.86,5.66,0.0
20051009:1611,42165.0,48.21,9.25,13.68,5.59,0.0
20051009:1711,9270.0,17.62,0.94,13.03,5.52,0.0
20051009:1811,0.0,0.0,0.0,12.43,5.59,0.0
20051009:1911,0.0,0.0,0.0,11.81,5.93,0.0
20051009:2011,0.0,0.0,0.0,11.49,6.07,0.0
20051009:2111,0.0,0.0,0.0,11.15,6.07,0.0
20051009:2211,0.0,0.0,0.0,10.92,5.93,0.0
20051009:2311,0.0,0.0,0.0,10.53,5.72,0.0
20051010:0011,0.0,0.0,0.0,10.11,5.45,0.0
20051010:0111,0.0,0.0,0.0,9.55,5.38,0.0
20051010:0211,0.0,0.0,0.0,9.12,5.31,0.0
20051010:0311,0.0,0.0,0.0,8.82,5.1,0.0
20051010:0411,0.0,0.0,0.0,8.79,5.03,0.0
20051010:0511,0.0,0.0,0.0,8.93,4.9,0.0
20051010:0611,0.0,0.0,0.0,9.0,4.76,0.0
20051010:0711,44280.0,53.34,5.94,9.31,5.17,0.0
20051010:0811,268515.0,222.44,13.78,10.52,4.97,0.0
20051010:0911,237330.0,198.4,20.51,12.07,5.66,0.0
20051010:1011,341580.0,278.45,25.61,13.94,6.28,0.0
20051010:1111,1020570.0,817.7,28.58,15.74,6.69,0.0
20051010:1211,1026270.0,828.78,29.06,17.4,6.97,0.0
20051010:1311,778245.0,626.69,26.97,18.97,8.07,0.0
20051010:1411,341070.0,284.82,22.58,19.41,7.1,0.0
20051010:1511,252600.0,217.39,16.39,19.58,6.41,0.0
20051010:1611,8925.0,17.62,8.9,19.16,5.72,0.0
20051010:1711,7305.0,15.74,0.59,18.23,5.38,0.0
20051010:1811,0.0,0.0,0.0,17.23,5.1,0.0
20051010:1911,0.0,0.0,0.0,16.77,5.24,0.0
20051010:2011,0.0,0.0,0.0,16.33,5.31,0.0
20051010:2111,0.0,0.0,0.0,15.73,5.45,0.0
20051010:2211,0.0,0.0,0.0,15.43,5.66,0.0
20051010:2311,0.0,0.0,0.0,14.65,5.03,0.0
20051011:0011,0.0,0.0,0.0,13.96,4.55,0.0
20051011:0111,0.0,0.0,0.0,13.43,4.28,0.0
20051011:0211,0.0,0.0,0.0,13.14,4.14,0.0
20051011:0311,0.0,0.0,0.0,13.01,4.14,0.0
20051011:0411,0.0,0.0,0.0,13.1,4.0,0.0
20051011:0511,0.0,0.0,0.0,13.16,3.72,0.0
20051011:0611,0.0,0.0,0.0,13.14,3.52,0.0
20051011:0711,1620.0,8.34,5.66,13.68,3.86,0.0
20051011:0811,211065.0,182.57,13.48,14.71,3.86,0.0
20051011:0911,234810.0,200.09,20.19,15.97,4.48,0.0
20051011:1011,198390.0,173.4,25.26,17.1,5.93,0.0
20051011:1111,235275.0,202.66,28.21,17.73,5.38,0.0
20051011:1211,138420.0,127.94,28.67,18.34,5.03,0.0
20051011:1311,306855.0,258.93,26.58,18.52,4.48,0.0
20051011:1411,205620.0,180.82,22.21,19.03,4.48,0.0
20051011:1511,187455.0,166.6,16.02,19.11,4.97,0.0
20051011:1611,199140.0,181.38,8.55,18.87,5.03,0.0
20051011:1711,690.0,7.0,0.25,18.44,5.24,0.0
20051011:1811,0.0,0.0,0.0,18.01,5.31,0.0
20051011:1911,0.0,0.0,0.0,17.3,4.97,0.0
20051011:2011,0.0,0.0,0.0,17.29,5.59,0.0
20051011:2111,0.0,0.0,0.0,16.91,5.93,0.0
20051011:2211,0.0,0.0,0.0,16.41,6.07,0.0
20051011:2311,0.0,0.0,0.0,16.22,6.07,0.0
20051012:0011,0.0,0.0,0.0,16.09,6.07,0.0
20051012:0111,0.0,0.0,0.0,16.13,5.59,0.0
20051012:0211,0.0,0.0,0.0,16.24,4.97,0.0
20051012:0311,0.0,0.0,0.0,16.21,4.41,0.0
20051012:0411,0.0,0.0,0.0,16.18,4.07,0.0
20051012:0511,0.0,0.0,0.0,16.17,4.07,0.0
20051012:0611,0.0,0.0,0.0,16.17,4.14,0.0
20051012:0711,12375.0,22.29,5.38,16.43,5.17,0.0
20051012:0811,125640.0,116.88,13.18,16.58,5.1,0.0
20051012:0911,163620.0,146.18,19.86,17.0,5.52,0.0
20051012:1011,183540.0,162.56,24.92,17.68,4.83,0.0
20051012:1111,101220.0,98.27,27.85,18.54,5.17,0.0
20051012:1211,104550.0,101.05,28.29,18.84,5.59,0.0
20051012:1311,111345.0,106.62,26.2,18.96,5.1,0.0
20051012:1411,361965.0,301.49,21.84,18.97,4.9,0.0
20051012:1511,232815.0,201.45,15.66,17.96,3.66,0.0
20051012:1611,38100.0,45.43,8.19,17.6,2.97,0.0
20051012:1711,0.0,0.0,-0.09,16.63,2.07,0.0
20051012:1811,0.0,0.0,0.0,15.67,1.86,0.0
20051012:1911,0.0,0.0,0.0,15.69,1.66,0.0
20051012:2011,0.0,0.0,0.0,15.32,1.79,0.0
20051012:2111,0.0,0.0,0.0,14.85,2.34,0.0
20051012:2211,0.0,0.0,0.0,14.11,2.69,0.0
20051012:2311,0.0,0.0,0.0,13.47,2.69,0.0
20051013:0011,0.0,0.0,0.0,12.95,2.62,0.0
20051013:0111,0.0,0.0,0.0,12.51,2.69,0.0
20051013:0211,0.0,0.0,0.0,12.12,2.62,0.0
20051013:0311,0.0,0.0,0.0,11.75,2.62,0.0
20051013:0411,0.0,0.0,0.0,11.37,2.62,0.0
20051013:0511,0.0,0.0,0.0,11.07,2.76,0.0
20051013:0611,0.0,0.0,0.0,10.78,2.9,0.0
20051013:0711,9495.0,18.55,5.1,10.66,2.69,0.0
20051013:0811,15765.0,24.1,12.88,11.07,2.83,0.0
20051013:0911,141705.0,126.78,19.54,11.55,2.9,0.0
20051013:1011,832605.0,662.33,24.57,11.95,3.45,0.0
20051013:1111,310365.0,255.09,27.48,12.99,4.83,0.0
20051013:1211,62220.0,64.9,27.92,13.21,4.55,0.0
20051013:1311,253485.0,212.61,25.82,12.95,4.21,0.0
20051013:1411,108735.0,101.98,21.46,12.77,3.86,0.0
20051013:1511,150945.0,134.48,15.3,12.63,3.79,0.0
20051013:1611,87015.0,85.84,7.85,12.3,3.45,0.0
20051013:1711,0.0,0.0,-0.43,11.62,2.83,0.0
20051013:1811,0.0,0.0,0.0,10.8,2.55,0.0
20051013:1911,0.0,0.0,0.0,10.27,2.28,0.0
20051013:2011,0.0,0.0,0.0,9.54,2.14,0.0
20051013:2111,0.0,0.0,0.0,8.97,2.14,0.0
20051013:2211,0.0,0.0,0.0,8.22,2.14,0.0
20051013:2311,0.0,0.0,0.0,7.68,1.93,0.0
20051014:0011,0.0,0.0,0.0,7.05,2.0,0.0
20051014:0111,0.0,0.0,0.0,6.3,2.21,0.0
20051014:0211,0.0,0.0,0.0,6.07,0.0,0.0
20051014:0311,0.0,0.0,0.0,5.91,0.0,0.0
20051014:0411,0.0,0.0,0.0,5.39,2.0,0.0
20051014:0511,0.0,0.0,0.0,5.8,1.59,0.0
20051014:0611,0.0,0.0,0.0,5.86,1.72,0.0
20051014:0711,510.0,6.49,4.82,6.73,1.66,0.0
20051014:0811,138390.0,123.34,12.59,8.26,1.17,0.0
20051014:0911,151425.0,133.72,19.22,10.12,1.38,0.0
20051014:1011,101295.0,95.49,24.23,10.98,3.17,0.0
20051014:1111,114180.0,105.69,27.11,11.36,3.38,0.0
20051014:1211,100980.0,95.49,27.54,11.67,3.38,0.0
20051014:1311,132870.0,120.52,25.45,12.03,3.38,0.0
20051014:1411,111330.0,103.84,21.1,12.18,3.24,0.0
20051014:1511,100125.0,95.03,14.95,12.3,3.17,0.0
20051014:1611,96435.0,93.77,7.5,12.17,2.62,0.0
20051014:1711,0.0,0.0,-0.77,11.27,2.0,0.0
20051014:1811,0.0,0.0,0.0,10.22,2.28,0.0
20051014:1911,0.0,0.0,0.0,10.71,2.55,0.0
20051014:2011,0.0,0.0,0.0,10.64,2.62,0.0
20051014:2111,0.0,0.0,0.0,10.55,2.62,0.0
20051014:2211,0.0,0.0,0.0,10.8,2.69,0.0
20051014:2311,0.0,0.0,0.0,10.67,2.62,0.0
20051015:0011,0.0,0.0,0.0,10.97,2.69,0.0
20051015:0111,0.0,0.0,0.0,11.05,2.69,0.0
20051015:0211,0.0,0.0,0.0,11.05,2.55,0.0
20051015:0311,0.0,0.0,0.0,11.27,2.41,0.0
20051015:0411,0.0,0.0,0.0,11.24,2.34,0.0
20051015:0511,0.0,0.0,0.0,11.43,2.14,0.0
20051015:0611,0.0,0.0,0.0,11.54,2.21,0.0
20051015:0711,13290.0,23.59,4.53,11.59,2.21,0.0
20051015:0811,66165.0,68.02,12.29,12.4,2.21,0.0
20051015:0911,102705.0,97.45,18.9,13.54,3.59,0.0
20051015:1011,197415.0,171.2,23.88,14.63,3.79,0.0
20051015:1111,220590.0,189.84,26.75,15.58,4.28,0.0
20051015:1211,118470.0,111.25,27.16,16.49,4.41,0.0
20051015:1311,429585.0,351.26,25.07,17.0,4.76,0.0
20051015:1411,371265.0,306.58,20.73,17.35,4.69,0.0
20051015:1511,166545.0,149.06,14.59,17.09,4.41,0.0
20051015:1611,110730.0,107.53,7.16,16.33,4.0,0.0
20051015:1711,0.0,0.0,-1.11,14.88,3.59,0.0
20051015:1811,0.0,0.0,0.0,13.49,3.52,0.0
20051015:1911,0.0,0.0,0.0,12.59,3.17,0.0
20051015:2011,0.0,0.0,0.0,12.2,3.03,0.0
20051015:2111,0.0,0.0,0.0,11.76,2.83,0.0
20051015:2211,0.0,0.0,0.0,11.46,2.76,0.0
20051015:2311,0.0,0.0,0.0,11.18,2.69,0.0
20051016:0011,0.0,0.0,0.0,11.0,2.76,0.0
20051016:0111,0.0,0.0,0.0,11.05,2.83,0.0
20051016:0211,0.0,0.0,0.0,11.68,2.83,0.0
20051016:0311,0.0,0.0,0.0,12.06,2.76,0.0
20051016:0411,0.0,0.0,0.0,12.25,2.83,0.0
20051016:0511,0.0,0.0,0.0,12.39,2.97,0.0
20051016:0611,0.0,0.0,0.0,12.38,3.1,0.0
20051016:0711,2625.0,10.24,4.25,12.53,3.38,0.0
20051016:0811,84675.0,82.97,11.99,12.66,3.38,0.0
20051016:0911,72480.0,73.24,18.58,13.18,4.62,0.0
20051016:1011,112920.0,105.69,23.54,13.91,4.62,0.0
20051016:1111,282795.0,235.88,26.39,14.48,4.62,0.0
20051016:1211,533760.0,428.79,26.79,15.21,4.97,0.0
20051016:1311,921930.0,742.9,24.7,15.53,5.03,0.0
20051016:1411,778740.0,625.31,20.37,15.7,5.1,0.0
20051016:1511,651750.0,527.93,14.24,15.25,4.76,0.0
20051016:1611,370395.0,322.03,6.82,14.27,4.14,0.0
20051016:1711,0.0,0.0,0.0,12.92,3.66,0.0
20051016:1811,0.0,0.0,0.0,11.69,3.45,0.0
20051016:1911,0.0,0.0,0.0,11.22,3.59,0.0
20051016:2011,0.0,0.0,0.0,11.09,3.38,0.0
20051016:2111,0.0,0.0,0.0,11.15,3.31,0.0
20051016:2211,0.0,0.0,0.0,11.37,3.38,0.0
20051016:2311,0.0,0.0,0.0,11.57,3.31,0.0
20051017:0011,0.0,0.0,0.0,11.66,3.38,0.0
20051017:0111,0.0,0.0,0.0,11.8,3.31,0.0
20051017:0211,0.0,0.0,0.0,12.04,3.38,0.0
20051017:0311,0.0,0.0,0.0,11.76,3.24,0.0
20051017:0411,0.0,0.0,0.0,11.8,3.24,0.0
20051017:0511,0.0,0.0,0.0,11.57,3.17,0.0
20051017:0611,0.0,0.0,0.0,11.45,3.17,0.0
20051017:0711,2115.0,9.54,3.97,11.09,2.97,0.0
20051017:0811,155040.0,137.65,11.69,11.56,2.83,0.0
20051017:0911,267345.0,221.57,18.26,12.78,4.48,0.0
20051017:1011,152595.0,136.41,23.2,14.0,4.55,0.0
20051017:1111,75270.0,76.02,26.03,14.87,4.48,0.0
20051017:1211,311700.0,259.37,26.42,15.66,4.28,0.0
20051017:1311,84960.0,84.37,24.33,16.28,3.93,0.0
20051017:1411,54510.0,59.33,20.01,16.55,3.66,0.0
20051017:1511,142305.0,129.86,13.89,16.29,3.31,0.0
20051017:1611,125595.0,120.11,6.48,15.55,3.1,0.0
20051017:1711,0.0,0.0,0.0,14.35,3.31,0.0
20051017:1811,0.0,0.0,0.0,12.68,3.31,0.0
20051017:1911,0.0,0.0,0.0,12.46,3.79,0.0
20051017:2011,0.0,0.0,0.0,11.83,3.45,0.0
20051017:2111,0.0,0.0,0.0,11.55,3.45,0.0
20051017:2211,0.0,0.0,0.0,11.03,3.17,0.0
20051017:2311,0.0,0.0,0.0,10.45,3.1,0.0
20051018:0011,0.0,0.0,0.0,10.13,3.17,0.0
20051018:0111,0.0,0.0,0.0,9.78,3.17,0.0
20051018:0211,0.0,0.0,0.0,9.79,3.24,0.0
20051018:0311,0.0,0.0,0.0,9.78,3.24,0.0
20051018:0411,0.0,0.0,0.0,9.84,3.38,0.0
20051018:0511,0.0,0.0,0.0,9.94,3.52,0.0
20051018:0611,0.0,0.0,0.0,9.76,3.59,0.0
20051018:0711,0.0,0.0,0.0,10.03,3.66,0.0
20051018:0811,142200.0,127.09,11.39,10.66,4.0,0.0
20051018:0911,75270.0,75.1,17.94,11.75,4.07,0.0
20051018:1011,307455.0,250.58,22.86,12.33,6.76,0.0
20051018:1111,166440.0,146.02,25.67,12.53,6.28,0.0
20051018:1211,239220.0,201.02,26.06,12.72,6.21,0.0
20051018:1311,132885.0,120.52,23.97,12.59,5.93,0.0
20051018:1411,62490.0,64.9,19.65,12.49,5.93,0.0
20051018:1511,15675.0,24.1,13.55,12.16,5.17,0.0
20051018:1611,24555.0,32.45,6.15,11.9,5.03,0.0
20051018:1711,0.0,0.0,0.0,11.31,4.41,0.0
20051018:1811,0.0,0.0,0.0,11.07,4.14,0.0
20051018:1911,0.0,0.0,0.0,10.75,3.86,0.0
20051018:2011,0.0,0.0,0.0,10.82,3.66,0.0
20051018:2111,0.0,0.0,0.0,10.86,3.45,0.0
20051018:2211,0.0,0.0,0.0,10.87,3.17,0.0
20051018:2311,0.0,0.0,0.0,10.87,3.03,0.0
20051019:0011,0.0,0.0,0.0,10.94,3.1,0.0
20051019:0111,0.0,0.0,0.0,11.1,3.17,0.0
20051019:0211,0.0,0.0,0.0,11.04,3.31,0.0
20051019:0311,0.0,0.0,0.0,10.96,3.38,0.0
20051019:0411,0.0,0.0,0.0,11.04,3.45,0.0
20051019:0511,0.0,0.0,0.0,11.13,3.52,0.0
20051019:0611,0.0,0.0,0.0,11.17,3.45,0.0
20051019:0711,0.0,0.0,0.0,11.1,4.34,0.0
20051019:0811,172650.0,150.8,11.1,11.17,4.07,0.0
20051019:0911,165600.0,144.36,17.63,11.48,4.21,0.0
20051019:1011,92610.0,89.0,22.52,12.2,4.69,0.0
20051019:1111,93600.0,89.93,25.31,12.56,4.48,0.0
20051019:1211,633975.0,503.67,25.69,13.44,4.62,0.0
20051019:1311,329505.0,270.52,23.6,13.96,4.41,0.0
20051019:1411,214335.0,183.52,19.3,14.1,4.07,0.0
20051019:1511,24270.0,32.45,13.21,14.03,3.66,0.0
20051019:1611,113160.0,109.08,5.82,13.18,2.69,0.0
20051019:1711,0.0,0.0,0.0,11.82,3.24,0.0
20051019:1811,0.0,0.0,0.0,11.36,3.59,0.0
20051019:1911,0.0,0.0,0.0,10.91,3.52,0.0
20051019:2011,0.0,0.0,0.0,10.22,3.45,0.0
20051019:2111,0.0,0.0,0.0,9.72,3.59,0.0
20051019:2211,0.0,0.0,0.0,9.39,3.59,0.0
20051019:2311,0.0,0.0,0.0,9.39,3.66,0.0
20051020:0011,0.0,0.0,0.0,9.08,3.52,0.0
20051020:0111,0.0,0.0,0.0,9.11,3.24,0.0
20051020:0211,0.0,0.0,0.0,9.16,2.97,0.0
20051020:0311,0.0,0.0,0.0,8.83,2.76,0.0
20051020:0411,0.0,0.0,0.0,8.88,2.83,0.0
20051020:0511,0.0,0.0,0.0,8.86,2.83,0.0
20051020:0611,0.0,0.0,0.0,8.72,2.9,0.0
20051020:0711,0.0,0.0,0.0,9.38,3.03,0.0
20051020:0811,91365.0,87.44,10.8,10.16,4.14,0.0
20051020:0911,527895.0,414.21,17.31,11.0,5.52,0.0
20051020:1011,447225.0,353.01,22.18,11.55,7.03,0.0
20051020:1111,558120.0,438.27,24.96,12.09,6.76,0.0
20051020:1211,105570.0,99.2,25.33,12.46,6.34,0.0
20051020:1311,71520.0,72.31,23.24,12.88,6.69,0.0
20051020:1411,882855.0,698.83,18.95,12.99,5.93,0.0
20051020:1511,505920.0,406.38,12.87,12.81,5.03,0.0
20051020:1611,233940.0,208.91,5.5,12.33,4.41,0.0
20051020:1711,0.0,0.0,0.0,11.32,3.86,0.0
20051020:1811,0.0,0.0,0.0,10.21,3.31,0.0
20051020:1911,0.0,0.0,0.0,9.64,3.66,0.0
20051020:2011,0.0,0.0,0.0,9.52,3.66,0.0
20051020:2111,0.0,0.0,0.0,9.41,3.45,0.0
20051020:2211,0.0,0.0,0.0,9.4,3.66,0.0
20051020:2311,0.0,0.0,0.0,9.39,3.38,0.0
20051021:0011,0.0,0.0,0.0,9.09,3.31,0.0
20051021:0111,0.0,0.0,0.0,8.92,3.17,0.0
20051021:0211,0.0,0.0,0.0,8.52,2.9,0.0
20051021:0311,0.0,0.0,0.0,8.11,2.97,0.0
20051021:0411,0.0,0.0,0.0,7.97,2.83,0.0
20051021:0511,0.0,0.0,0.0,7.8,2.9,0.0
20051021:0611,0.0,0.0,0.0,7.75,2.9,0.0
20051021:0711,0.0,0.0,0.0,8.34,3.38,0.0
20051021:0811,29115.0,36.16,10.5,8.89,3.52,0.0
20051021:0911,34305.0,40.79,16.99,9.63,3.31,0.0
20051021:1011,56340.0,59.33,21.84,10.02,3.52,0.0
20051021:1111,68625.0,69.53,24.61,10.95,3.66,0.0
20051021:1211,25605.0,33.38,24.97,11.66,3.66,0.0
20051021:1311,43620.0,49.14,22.88,11.82,3.66,0.0
20051021:1411,173565.0,151.77,18.6,12.47,2.62,0.0
20051021:1511,76095.0,76.16,12.54,12.9,2.76,0.0
20051021:1611,40710.0,47.43,5.17,12.76,2.97,0.0
20051021:1711,0.0,0.0,0.0,11.44,2.83,0.0
20051021:1811,0.0,0.0,0.0,11.04,2.28,0.0
20051021:1911,0.0,0.0,0.0,10.56,1.31,0.0
20051021:2011,0.0,0.0,0.0,10.23,0.83,0.0
20051021:2111,0.0,0.0,0.0,10.12,2.0,0.0
20051021:2211,0.0,0.0,0.0,9.72,2.97,0.0
20051021:2311,0.0,0.0,0.0,10.21,3.66,0.0
20051022:0011,0.0,0.0,0.0,10.52,3.93,0.0
20051022:0111,0.0,0.0,0.0,10.69,4.14,0.0
20051022:0211,0.0,0.0,0.0,10.66,4.0,0.0
20051022:0311,0.0,0.0,0.0,10.64,4.0,0.0
20051022:0411,0.0,0.0,0.0,10.5,3.79,0.0
20051022:0511,0.0,0.0,0.0,10.35,3.79,0.0
20051022:0611,0.0,0.0,0.0,10.13,3.31,0.0
20051022:0711,0.0,0.0,0.0,10.47,3.31,0.0
20051022:0811,3015.0,10.2,10.21,10.39,3.17,0.0
20051022:0911,60750.0,63.04,16.68,10.42,3.03,0.0
20051022:1011,56205.0,59.33,21.51,10.37,2.9,0.0
20051022:1111,64035.0,65.82,24.26,10.89,3.38,0.0
20051022:1211,56100.0,59.33,24.61,10.75,2.76,0.0
20051022:1311,48285.0,52.85,22.53,10.63,2.62,0.0
20051022:1411,54975.0,58.41,18.25,10.67,2.48,0.0
20051022:1511,32025.0,38.94,12.21,10.39,2.34,0.0
20051022:1611,18765.0,26.89,4.86,9.98,2.97,0.0
20051022:1711,0.0,0.0,0.0,9.55,3.52,0.0
20051022:1811,0.0,0.0,0.0,9.22,3.45,0.0
20051022:1911,0.0,0.0,0.0,9.22,3.1,0.0
20051022:2011,0.0,0.0,0.0,9.01,2.97,0.0
20051022:2111,0.0,0.0,0.0,8.76,2.9,0.0
20051022:2211,0.0,0.0,0.0,8.6,2.83,0.0
20051022:2311,0.0,0.0,0.0,8.45,2.76,0.0
20051023:0011,0.0,0.0,0.0,8.33,2.55,0.0
20051023:0111,0.0,0.0,0.0,8.28,2.28,0.0
20051023:0211,0.0,0.0,0.0,8.15,1.72,0.0
20051023:0311,0.0,0.0,0.0,8.03,1.38,0.0
20051023:0411,0.0,0.0,0.0,7.93,1.31,0.0
20051023:0511,0.0,0.0,0.0,7.86,1.17,0.0
20051023:0611,0.0,0.0,0.0,7.73,1.03,0.0
20051023:0711,0.0,0.0,0.0,7.9,1.45,0.0
20051023:0811,1710.0,8.34,9.91,8.2,1.59,0.0
20051023:0911,62355.0,63.97,16.36,8.64,1.79,0.0
20051023:1011,79710.0,77.88,21.18,8.99,2.48,0.0
20051023:1111,25905.0,33.38,23.91,9.43,3.1,0.0
20051023:1211,257520.0,213.28,24.26,9.78,2.41,0.0
20051023:1311,59700.0,62.12,22.18,9.91,2.0,0.0
20051023:1411,45015.0,50.06,17.91,10.25,1.52,0.0
20051023:1511,248370.0,208.4,11.88,10.57,1.38,0.0
20051023:1611,127050.0,121.22,4.54,10.21,1.1,0.0
20051023:1711,0.0,0.0,0.0,9.39,1.79,0.0
20051023:1811,0.0,0.0,0.0,8.92,1.93,0.0
20051023:1911,0.0,0.0,0.0,9.37,0.48,0.0
20051023:2011,0.0,0.0,0.0,8.92,0.69,0.0
20051023:2111,0.0,0.0,0.0,7.82,1.03,0.0
20051023:2211,0.0,0.0,0.0,6.15,1.86,0.0
20051023:2311,0.0,0.0,0.0,6.04,1.93,0.0
20051024:0011,0.0,0.0,0.0,6.55,2.07,0.0
20051024:0111,0.0,0.0,0.0,7.3,2.55,0.0
20051024:0211,0.0,0.0,0.0,8.18,2.97,0.0
20051024:0311,0.0,0.0,0.0,8.72,3.59,0.0
20051024:0411,0.0,0.0,0.0,9.24,4.21,0.0
20051024:0511,0.0,0.0,0.0,9.79,4.9,0.0
20051024:0611,0.0,0.0,0.0,10.26,5.45,0.0
20051024:0711,0.0,0.0,0.0,10.52,6.0,0.0
20051024:0811,7695.0,15.76,9.62,10.56,6.07,0.0
20051024:0911,29925.0,37.08,16.05,10.55,5.24,0.0
20051024:1011,39510.0,45.43,20.84,10.79,4.62,0.0
20051024:1111,131655.0,119.26,23.56,11.82,4.48,0.0
20051024:1211,35700.0,42.65,23.91,13.84,5.59,0.0
20051024:1311,89010.0,87.15,21.83,15.23,6.07,0.0
20051024:1411,91110.0,89.0,17.58,15.68,5.79,0.0
20051024:1511,47040.0,52.85,11.56,16.07,5.79,0.0
20051024:1611,12585.0,21.32,4.23,16.25,5.93,0.0
20051024:1711,0.0,0.0,0.0,16.27,5.72,0.0
20051024:1811,0.0,0.0,0.0,16.07,5.59,0.0
20051024:1911,0.0,0.0,0.0,15.68,5.38,0.0
20051024:2011,0.0,0.0,0.0,15.48,5.31,0.0
20051024:2111,0.0,0.0,0.0,15.27,5.03,0.0
20051024:2211,0.0,0.0,0.0,15.01,5.31,0.0
20051024:2311,0.0,0.0,0.0,14.67,4.34,0.0
20051025:0011,0.0,0.0,0.0,14.0,2.97,0.0
20051025:0111,0.0,0.0,0.0,13.33,1.1,0.0
20051025:0211,0.0,0.0,0.0,13.09,1.72,0.0
20051025:0311,0.0,0.0,0.0,13.04,3.24,0.0
20051025:0411,0.0,0.0,0.0,12.53,5.66,0.0
20051025:0511,0.0,0.0,0.0,12.11,6.48,0.0
20051025:0611,0.0,0.0,0.0,11.86,6.62,0.0
20051025:0711,0.0,0.0,0.0,11.1,5.72,0.0
20051025:0811,12960.0,21.32,9.32,11.15,5.72,0.0
20051025:0911,30825.0,38.01,15.74,11.55,6.14,0.0
20051025:1011,16650.0,25.03,20.51,11.97,7.1,0.0
20051025:1111,237645.0,198.59,23.22,12.16,7.45,0.0
20051025:1211,109230.0,101.98,23.56,12.43,7.52,0.0
20051025:1311,193770.0,166.38,21.49,12.75,7.52,0.0
20051025:1411,386625.0,310.1,17.24,12.97,7.52,0.0
20051025:1511,95205.0,90.99,11.24,12.6,7.1,0.0
20051025:1611,251970.0,226.45,3.93,12.34,7.03,0.0
20051025:1711,0.0,0.0,0.0,11.89,7.52,0.0
20051025:1811,0.0,0.0,0.0,11.92,7.93,0.0
20051025:1911,0.0,0.0,0.0,11.91,8.28,0.0
20051025:2011,0.0,0.0,0.0,11.96,8.69,0.0
20051025:2111,0.0,0.0,0.0,12.17,8.41,0.0
20051025:2211,0.0,0.0,0.0,11.92,8.14,0.0
20051025:2311,0.0,0.0,0.0,11.84,7.45,0.0
20051026:0011,0.0,0.0,0.0,11.73,6.69,0.0
20051026:0111,0.0,0.0,0.0,11.52,6.0,0.0
20051026:0211,0.0,0.0,0.0,11.44,5.45,0.0
20051026:0311,0.0,0.0,0.0,11.59,5.1,0.0
20051026:0411,0.0,0.0,0.0,11.7,4.76,0.0
20051026:0511,0.0,0.0,0.0,11.9,4.41,0.0
20051026:0611,0.0,0.0,0.0,11.87,4.21,0.0
20051026:0711,0.0,0.0,0.0,11.55,3.79,0.0
20051026:0811,199035.0,172.21,9.03,11.79,3.72,0.0
20051026:0911,489375.0,390.7,15.43,12.68,3.45,0.0
20051026:1011,272190.0,226.24,20.19,13.85,4.41,0.0
20051026:1111,328275.0,269.49,22.88,14.68,5.17,0.0
20051026:1211,52740.0,57.48,23.21,15.1,4.97,0.0
20051026:1311,41865.0,48.21,21.15,14.98,4.62,0.0
20051026:1411,17370.0,25.96,16.92,14.41,4.28,0.0
20051026:1511,71055.0,72.38,10.92,14.29,4.55,0.0
20051026:1611,4350.0,12.05,3.63,14.51,4.41,0.0
20051026:1711,0.0,0.0,0.0,14.81,4.34,0.0
20051026:1811,0.0,0.0,0.0,15.4,4.28,0.0
20051026:1911,0.0,0.0,0.0,15.55,4.97,0.0
20051026:2011,0.0,0.0,0.0,16.07,5.1,0.0
20051026:2111,0.0,0.0,0.0,16.05,5.1,0.0
20051026:2211,0.0,0.0,0.0,15.55,4.9,0.0
20051026:2311,0.0,0.0,0.0,14.87,4.76,0.0
20051027:0011,0.0,0.0,0.0,14.37,4.83,0.0
20051027:0111,0.0,0.0,0.0,14.24,5.1,0.0
20051027:0211,0.0,0.0,0.0,14.65,5.31,0.0
20051027:0311,0.0,0.0,0.0,15.19,5.45,0.0
20051027:0411,0.0,0.0,0.0,15.25,5.1,0.0
20051027:0511,0.0,0.0,0.0,14.91,4.69,0.0
20051027:0611,0.0,0.0,0.0,14.21,4.55,0.0
20051027:0711,0.0,0.0,0.0,13.72,4.62,0.0
20051027:0811,34035.0,41.22,8.74,13.6,4.69,0.0
20051027:0911,546255.0,435.52,15.12,14.28,4.97,0.0
20051027:1011,685635.0,546.89,19.86,15.34,4.9,0.0
20051027:1111,829875.0,664.84,22.54,16.44,5.79,0.0
20051027:1211,948990.0,764.92,22.87,17.63,6.69,0.0
20051027:1311,872865.0,704.94,20.81,18.33,6.55,0.0
20051027:1411,694380.0,560.87,16.59,18.52,6.62,0.0
20051027:1511,502215.0,414.1,10.61,18.27,5.72,0.0
20051027:1611,197280.0,186.68,3.33,17.58,5.45,0.0
20051027:1711,0.0,0.0,0.0,16.58,5.72,0.0
20051027:1811,0.0,0.0,0.0,16.12,6.14,0.0
20051027:1911,0.0,0.0,0.0,15.74,6.41,0.0
20051027:2011,0.0,0.0,0.0,15.46,6.21,0.0
20051027:2111,0.0,0.0,0.0,15.05,5.93,0.0
20051027:2211,0.0,0.0,0.0,14.68,5.45,0.0
20051027:2311,0.0,0.0,0.0,14.3,5.45,0.0
20051028:0011,0.0,0.0,0.0,14.27,5.45,0.0
20051028:0111,0.0,0.0,0.0,14.57,5.31,0.0
20051028:0211,0.0,0.0,0.0,14.58,5.17,0.0
20051028:0311,0.0,0.0,0.0,14.69,5.1,0.0
20051028:0411,0.0,0.0,0.0,14.88,5.17,0.0
20051028:0511,0.0,0.0,0.0,14.93,5.24,0.0
20051028:0611,0.0,0.0,0.0,14.96,5.31,0.0
20051028:0711,0.0,0.0,0.0,15.6,5.45,0.0
20051028:0811,37965.0,45.02,8.45,15.68,5.72,0.0
20051028:0911,48180.0,53.77,14.81,15.9,6.21,0.0
20051028:1011,92970.0,90.68,19.54,16.47,6.34,0.0
20051028:1111,464130.0,374.19,22.21,17.17,8.0,0.0
20051028:1211,202830.0,176.48,22.53,17.38,8.0,0.0
20051028:1311,177510.0,157.09,20.48,17.3,7.24,0.0
20051028:1411,57705.0,62.12,16.27,17.34,7.66,0.0
20051028:1511,121830.0,113.72,10.31,16.9,7.31,0.0
20051028:1611,80400.0,85.12,3.04,16.15,6.9,0.0
20051028:1711,0.0,0.0,0.0,15.26,5.93,0.0
20051028:1811,0.0,0.0,0.0,14.96,5.66,0.0
20051028:1911,0.0,0.0,0.0,14.03,5.24,0.0
20051028:2011,0.0,0.0,0.0,13.34,5.03,0.0
20051028:2111,0.0,0.0,0.0,12.92,4.69,0.0
20051028:2211,0.0,0.0,0.0,12.53,4.34,0.0
20051028:2311,0.0,0.0,0.0,12.15,4.14,0.0
20051029:0011,0.0,0.0,0.0,11.78,3.79,0.0
20051029:0111,0.0,0.0,0.0,11.4,3.38,0.0
20051029:0211,0.0,0.0,0.0,10.96,3.03,0.0
20051029:0311,0.0,0.0,0.0,10.7,2.9,0.0
20051029:0411,0.0,0.0,0.0,10.37,2.9,0.0
20051029:0511,0.0,0.0,0.0,10.12,3.03,0.0
20051029:0611,0.0,0.0,0.0,9.94,3.24,0.0
20051029:0711,0.0,0.0,0.0,10.15,3.52,0.0
20051029:0811,110520.0,103.16,8.16,10.75,3.86,0.0
20051029:0911,349725.0,281.72,14.51,12.0,5.1,0.0
20051029:1011,199515.0,170.49,19.22,12.77,5.31,0.0
20051029:1111,72360.0,73.24,21.88,13.7,6.21,0.0
20051029:1211,191250.0,165.8,22.2,14.49,6.48,0.0
20051029:1311,239070.0,202.4,20.15,15.18,5.93,0.0
20051029:1411,710895.0,567.69,15.95,15.55,5.93,0.0
20051029:1511,212865.0,183.55,10.0,15.31,6.14,0.0
20051029:1611,66105.0,72.35,2.75,14.78,6.14,0.0
20051029:1711,0.0,0.0,0.0,14.5,6.48,0.0
20051029:1811,0.0,0.0,0.0,14.73,6.55,0.0
20051029:1911,0.0,0.0,0.0,14.46,6.97,0.0
20051029:2011,0.0,0.0,0.0,14.85,6.9,0.0
20051029:2111,0.0,0.0,0.0,14.95,6.97,0.0
20051029:2211,0.0,0.0,0.0,14.98,7.1,0.0
20051029:2311,0.0,0.0,0.0,15.18,7.45,0.0
20051030:0011,0.0,0.0,0.0,15.55,7.86,0.0
20051030:0111,0.0,0.0,0.0,15.93,7.79,0.0
20051030:0211,0.0,0.0,0.0,16.11,7.52,0.0
20051030:0311,0.0,0.0,0.0,16.02,7.1,0.0
20051030:0411,0.0,0.0,0.0,15.65,6.62,0.0
20051030:0511,0.0,0.0,0.0,15.12,6.34,0.0
20051030:0611,0.0,0.0,0.0,14.87,6.21,0.0
20051030:0711,0.0,0.0,0.0,15.54,6.48,0.0
20051030:0811,2220.0,9.27,7.87,15.64,7.03,0.0
20051030:0911,40590.0,47.28,14.2,16.13,7.66,0.0
20051030:1011,197055.0,171.08,18.9,16.83,7.59,0.0
20051030:1111,192675.0,168.66,21.55,17.44,7.1,0.0
20051030:1211,67740.0,70.46,21.87,17.33,7.86,0.0
20051030:1311,182715.0,160.47,19.83,16.5,6.83,0.0
20051030:1411,126375.0,117.0,15.64,16.61,6.55,0.0
20051030:1511,422505.0,347.85,9.71,16.75,6.34,0.0
20051030:1611,9090.0,17.62,2.46,16.16,6.0,0.0
20051030:1711,0.0,0.0,0.0,15.36,5.72,0.0
20051030:1811,0.0,0.0,0.0,14.75,5.86,0.0
20051030:1911,0.0,0.0,0.0,14.42,6.07,0.0
20051030:2011,0.0,0.0,0.0,14.01,6.55,0.0
20051030:2111,0.0,0.0,0.0,13.68,6.9,0.0
20051030:2211,0.0,0.0,0.0,13.54,7.03,0.0
20051030:2311,0.0,0.0,0.0,13.35,6.62,0.0
20051031:0011,0.0,0.0,0.0,12.87,6.07,0.0
20051031:0111,0.0,0.0,0.0,12.45,5.38,0.0
20051031:0211,0.0,0.0,0.0,11.85,4.55,0.0
20051031:0311,0.0,0.0,0.0,11.46,4.14,0.0
20051031:0411,0.0,0.0,0.0,11.06,3.93,0.0
20051031:0511,0.0,0.0,0.0,10.64,3.79,0.0
20051031:0611,0.0,0.0,0.0,10.37,3.86,0.0
20051031:0711,0.0,0.0,0.0,9.92,3.72,0.0
20051031:0811,39240.0,45.28,7.59,10.12,3.86,0.0
20051031:0911,92985.0,88.56,13.9,10.86,3.59,0.0
20051031:1011,136275.0,122.46,18.58,11.85,4.14,0.0
20051031:1111,208140.0,177.49,21.22,12.7,4.21,0.0
20051031:1211,248295.0,208.38,21.54,13.38,4.21,0.0
20051031:1311,238470.0,201.16,19.51,14.06,5.1,0.0
20051031:1411,103050.0,97.8,15.34,14.11,5.1,0.0
20051031:1511,57540.0,61.2,9.42,13.92,4.83,0.0
20051031:1611,2265.0,9.27,2.19,13.39,4.9,0.0
20051031:1711,0.0,0.0,0.0,12.66,4.97,0.0
20051031:1811,0.0,0.0,0.0,12.19,5.17,0.0
20051031:1911,0.0,0.0,0.0,12.13,5.38,0.0
20051031:2011,0.0,0.0,0.0,12.29,5.31,0.0
20051031:2111,0.0,0.0,0.0,12.38,4.97,0.0
20051031:2211,0.0,0.0,0.0,11.85,4.41,0.0
20051031:2311,0.0,0.0,0.0,11.5,3.86,0.0
20051101:0011,0.0,0.0,0.0,10.76,3.45,0.0
20051101:0111,0.0,0.0,0.0,10.28,3.31,0.0
20051101:0211,0.0,0.0,0.0,10.25,3.38,0.0
20051101:0311,0.0,0.0,0.0,10.48,3.24,0.0
20051101:0411,0.0,0.0,0.0,10.49,3.03,0.0
20051101:0511,0.0,0.0,0.0,10.24,3.03,0.0
20051101:0611,0.0,0.0,0.0,9.74,2.97,0.0
20051101:0711,0.0,0.0,0.0,9.09,2.9,0.0
20051101:0811,115455.0,106.67,7.3,9.13,2.97,0.0
20051101:0911,373860.0,298.31,13.6,9.8,3.45,0.0
20051101:1011,737325.0,579.13,18.27,10.58,3.66,0.0
20051101:1111,54945.0,58.41,20.9,11.14,5.03,0.0
20051101:1211,384825.0,307.73,21.22,11.52,5.31,0.0
20051101:1311,466320.0,368.93,19.19,11.78,5.66,0.0
20051101:1411,349275.0,281.56,15.03,11.73,5.31,0.0
20051101:1511,577080.0,463.35,9.13,11.37,4.28,0.0
20051101:1611,12075.0,20.4,1.91,10.53,3.72,0.0
20051101:1711,0.0,0.0,0.0,9.14,3.17,0.0
20051101:1811,0.0,0.0,0.0,8.18,3.24,0.0
20051101:1911,0.0,0.0,0.0,7.63,3.45,0.0
20051101:2011,0.0,0.0,0.0,7.27,3.45,0.0
20051101:2111,0.0,0.0,0.0,7.18,3.45,0.0
20051101:2211,0.0,0.0,0.0,6.93,3.59,0.0
20051101:2311,0.0,0.0,0.0,6.94,3.79,0.0
20051102:0011,0.0,0.0,0.0,7.44,4.34,0.0
20051102:0111,0.0,0.0,0.0,7.95,4.69,0.0
20051102:0211,0.0,0.0,0.0,8.25,4.97,0.0
20051102:0311,0.0,0.0,0.0,8.83,5.72,0.0
20051102:0411,0.0,0.0,0.0,9.49,6.62,0.0
20051102:0511,0.0,0.0,0.0,9.98,6.83,0.0
20051102:0611,0.0,0.0,0.0,10.27,5.38,0.0
20051102:0711,0.0,0.0,0.0,10.78,5.24,0.0
20051102:0811,18960.0,27.27,7.02,11.63,4.69,0.0
20051102:0911,79380.0,78.41,13.31,12.81,4.83,0.0
20051102:1011,595395.0,472.87,17.96,14.3,4.9,0.0
20051102:1111,41745.0,48.21,20.58,15.62,5.17,0.0
20051102:1211,276960.0,231.74,20.9,16.27,6.55,0.0
20051102:1311,417270.0,339.26,18.88,16.54,5.45,0.0
20051102:1411,781830.0,627.2,14.74,16.71,6.48,0.0
20051102:1511,36225.0,43.57,8.84,16.69,5.93,0.0
20051102:1611,0.0,3.71,1.64,15.8,4.97,0.0
20051102:1711,0.0,0.0,0.0,15.2,4.76,0.0
20051102:1811,0.0,0.0,0.0,14.65,4.62,0.0
20051102:1911,0.0,0.0,0.0,14.27,4.76,0.0
20051102:2011,0.0,0.0,0.0,14.02,4.69,0.0
20051102:2111,0.0,0.0,0.0,13.64,4.62,0.0
20051102:2211,0.0,0.0,0.0,13.57,5.17,0.0
20051102:2311,0.0,0.0,0.0,13.38,5.31,0.0
20051103:0011,0.0,0.0,0.0,13.35,5.03,0.0
20051103:0111,0.0,0.0,0.0,13.04,5.1,0.0
20051103:0211,0.0,0.0,0.0,12.72,5.59,0.0
20051103:0311,0.0,0.0,0.0,12.54,5.86,0.0
20051103:0411,0.0,0.0,0.0,12.92,6.14,0.0
20051103:0511,0.0,0.0,0.0,12.89,6.14,0.0
20051103:0611,0.0,0.0,0.0,12.81,6.34,0.0
20051103:0711,0.0,0.0,0.0,12.55,6.28,0.0
20051103:0811,0.0,4.64,6.74,12.55,6.69,0.0
20051103:0911,83895.0,81.89,13.01,12.91,7.03,0.0
20051103:1011,97425.0,92.85,17.65,13.18,7.59,0.0
20051103:1111,36855.0,43.57,20.27,13.5,7.31,0.0
20051103:1211,28305.0,36.16,20.59,14.4,7.03,0.0
20051103:1311,20235.0,28.74,18.57,14.75,6.9,0.0
20051103:1411,68475.0,70.46,14.44,15.09,6.76,0.0
20051103:1511,381795.0,313.72,8.57,15.08,6.9,0.0
20051103:1611,5100.0,12.98,1.38,14.66,6.97,0.0
20051103:1711,0.0,0.0,0.0,14.15,7.31,0.0
20051103:1811,0.0,0.0,0.0,13.64,7.03,0.0
20051103:1911,0.0,0.0,0.0,13.44,6.48,0.0
20051103:2011,0.0,0.0,0.0,13.52,6.14,0.0
20051103:2111,0.0,0.0,0.0,13.32,6.07,0.0
20051103:2211,0.0,0.0,0.0,12.92,6.41,0.0
20051103:2311,0.0,0.0,0.0,12.47,7.24,0.0
20051104:0011,0.0,0.0,0.0,11.73,7.38,0.0
20051104:0111,0.0,0.0,0.0,11.31,7.17,0.0
20051104:0211,0.0,0.0,0.0,11.04,7.03,0.0
20051104:0311,0.0,0.0,0.0,10.8,6.55,0.0
20051104:0411,0.0,0.0,0.0,10.37,6.21,0.0
20051104:0511,0.0,0.0,0.0,9.99,6.07,0.0
20051104:0611,0.0,0.0,0.0,9.54,5.93,0.0
20051104:0711,0.0,0.0,0.0,9.63,5.72,0.0
20051104:0811,0.0,3.71,6.46,9.39,5.72,0.0
20051104:0911,5295.0,12.98,12.72,9.32,5.79,0.0
20051104:1011,53160.0,56.55,17.35,9.43,5.59,0.0
20051104:1111,107100.0,99.17,19.96,9.49,5.24,0.0
20051104:1211,112680.0,103.8,20.27,10.08,4.28,0.0
20051104:1311,136275.0,122.01,18.27,10.74,4.41,0.0
20051104:1411,120510.0,109.96,14.15,11.14,5.03,0.0
20051104:1511,9375.0,17.62,8.29,11.11,5.38,0.0
20051104:1611,3000.0,10.2,1.12,10.77,5.45,0.0
20051104:1711,0.0,0.0,0.0,10.14,5.45,0.0
20051104:1811,0.0,0.0,0.0,9.65,5.24,0.0
20051104:1911,0.0,0.0,0.0,8.91,5.45,0.0
20051104:2011,0.0,0.0,0.0,8.8,5.1,0.0
20051104:2111,0.0,0.0,0.0,8.55,4.9,0.0
20051104:2211,0.0,0.0,0.0,8.3,4.76,0.0
20051104:2311,0.0,0.0,0.0,7.97,4.55,0.0
20051105:0011,0.0,0.0,0.0,7.91,4.48,0.0
20051105:0111,0.0,0.0,0.0,7.87,4.28,0.0
20051105:0211,0.0,0.0,0.0,7.93,4.0,0.0
20051105:0311,0.0,0.0,0.0,7.93,3.79,0.0
20051105:0411,0.0,0.0,0.0,7.6,3.52,0.0
20051105:0511,0.0,0.0,0.0,7.42,3.45,0.0
20051105:0611,0.0,0.0,0.0,7.41,3.45,0.0
20051105:0711,0.0,0.0,0.0,7.58,3.45,0.0
20051105:0811,1710.0,8.34,6.19,7.68,3.52,0.0
20051105:0911,463950.0,363.89,12.43,8.32,3.52,0.0
20051105:1011,493380.0,386.04,17.05,9.17,3.86,0.0
20051105:1111,45150.0,50.06,19.65,10.0,4.34,0.0
20051105:1211,169725.0,147.16,19.97,10.61,4.76,0.0
20051105:1311,500160.0,393.91,17.97,10.68,4.41,0.0
20051105:1411,181290.0,155.78,13.87,11.01,4.41,0.0
20051105:1511,243945.0,204.47,8.03,11.31,5.66,0.0
20051105:1611,3705.0,11.13,0.87,11.78,5.38,0.0
20051105:1711,0.0,0.0,0.0,12.06,5.03,0.0
20051105:1811,0.0,0.0,0.0,12.13,4.69,0.0
20051105:1911,0.0,0.0,0.0,12.51,4.62,0.0
20051105:2011,0.0,0.0,0.0,12.53,4.21,0.0
20051105:2111,0.0,0.0,0.0,12.63,4.14,0.0
20051105:2211,0.0,0.0,0.0,12.73,4.28,0.0
20051105:2311,0.0,0.0,0.0,12.79,4.97,0.0
20051106:0011,0.0,0.0,0.0,13.16,5.86,0.0
20051106:0111,0.0,0.0,0.0,13.44,6.34,0.0
20051106:0211,0.0,0.0,0.0,13.52,6.41,0.0
20051106:0311,0.0,0.0,0.0,13.5,6.97,0.0
20051106:0411,0.0,0.0,0.0,13.7,7.59,0.0
20051106:0511,0.0,0.0,0.0,13.75,7.66,0.0
20051106:0611,0.0,0.0,0.0,13.68,7.59,0.0
20051106:0711,0.0,0.0,0.0,13.9,7.79,0.0
20051106:0811,2250.0,9.27,5.91,14.0,8.14,0.0
20051106:0911,4365.0,12.05,12.15,14.05,8.41,0.0
20051106:1011,56520.0,60.26,16.75,13.81,8.62,0.0
20051106:1111,44355.0,50.06,19.35,13.78,8.07,0.0
20051106:1211,39135.0,45.43,19.67,12.73,6.69,0.0
20051106:1311,124485.0,113.72,17.68,12.5,5.66,0.0
20051106:1411,255795.0,212.26,13.59,12.38,5.24,0.0
20051106:1511,260550.0,218.17,7.76,12.09,4.83,0.0
20051106:1611,1335.0,7.87,0.62,11.29,4.41,0.0
20051106:1711,0.0,0.0,0.0,10.43,4.28,0.0
20051106:1811,0.0,0.0,0.0,9.97,4.21,0.0
20051106:1911,0.0,0.0,0.0,9.4,4.55,0.0
20051106:2011,0.0,0.0,0.0,9.0,4.48,0.0
20051106:2111,0.0,0.0,0.0,8.61,4.55,0.0
20051106:2211,0.0,0.0,0.0,8.37,4.48,0.0
20051106:2311,0.0,0.0,0.0,8.25,4.55,0.0
20051107:0011,0.0,0.0,0.0,7.98,4.83,0.0
20051107:0111,0.0,0.0,0.0,7.89,5.03,0.0
20051107:0211,0.0,0.0,0.0,7.99,5.24,0.0
20051107:0311,0.0,0.0,0.0,8.07,5.31,0.0
20051107:0411,0.0,0.0,0.0,8.46,5.24,0.0
20051107:0511,0.0,0.0,0.0,8.55,4.97,0.0
20051107:0611,0.0,0.0,0.0,8.12,4.83,0.0
20051107:0711,0.0,0.0,0.0,7.83,4.83,0.0
20051107:0811,101760.0,95.91,5.64,7.8,4.76,0.0
20051107:0911,260970.0,212.28,11.86,8.56,4.97,0.0
20051107:1011,708705.0,551.04,16.46,9.53,4.41,0.0
20051107:1111,893940.0,696.34,19.05,10.34,5.72,0.0
20051107:1211,598200.0,466.3,19.37,10.92,6.14,0.0
20051107:1311,347865.0,279.28,17.39,11.22,5.66,0.0
20051107:1411,122565.0,111.56,13.32,11.35,4.97,0.0
20051107:1511,512295.0,411.69,7.51,11.04,4.76,0.0
20051107:1611,1950.0,8.74,0.38,10.33,5.03,0.0
20051107:1711,0.0,0.0,0.0,9.72,5.72,0.0
20051107:1811,0.0,0.0,0.0,9.63,6.97,0.0
20051107:1911,0.0,0.0,0.0,9.77,8.14,0.0
20051107:2011,0.0,0.0,0.0,10.1,8.76,0.0
20051107:2111,0.0,0.0,0.0,10.43,9.17,0.0
20051107:2211,0.0,0.0,0.0,10.81,9.45,0.0
20051107:2311,0.0,0.0,0.0,11.06,9.1,0.0
20051108:0011,0.0,0.0,0.0,11.0,8.48,0.0
20051108:0111,0.0,0.0,0.0,10.91,7.52,0.0
20051108:0211,0.0,0.0,0.0,10.93,6.21,0.0
20051108:0311,0.0,0.0,0.0,10.9,4.69,0.0
20051108:0411,0.0,0.0,0.0,10.62,3.59,0.0
20051108:0511,0.0,0.0,0.0,10.24,2.76,0.0
20051108:0611,0.0,0.0,0.0,9.98,1.86,0.0
20051108:0711,0.0,0.0,0.0,9.78,2.83,0.0
20051108:0811,34665.0,41.71,5.37,10.6,5.79,0.0
20051108:0911,19635.0,27.81,11.58,11.36,7.79,0.0
20051108:1011,60495.0,63.04,16.17,11.78,8.21,0.0
20051108:1111,53475.0,57.48,18.75,12.71,8.76,0.0
20051108:1211,19410.0,27.81,19.08,13.45,8.76,0.0
20051108:1311,25350.0,33.38,17.11,13.73,8.41,0.0
20051108:1411,21330.0,29.67,13.05,13.81,7.66,0.0
20051108:1511,8415.0,16.69,7.26,13.12,6.34,0.0
20051108:1611,255.0,6.12,0.14,12.39,4.28,0.0
20051108:1711,0.0,0.0,0.0,11.28,2.76,0.0
20051108:1811,0.0,0.0,0.0,10.08,3.45,0.0
20051108:1911,0.0,0.0,0.0,8.49,3.03,0.0
20051108:2011,0.0,0.0,0.0,8.06,2.62,0.0
20051108:2111,0.0,0.0,0.0,7.77,2.76,0.0
20051108:2211,0.0,0.0,0.0,7.6,2.28,0.0
20051108:2311,0.0,0.0,0.0,7.32,1.59,0.0
20051109:0011,0.0,0.0,0.0,6.78,1.24,0.0
20051109:0111,0.0,0.0,0.0,6.49,1.66,0.0
20051109:0211,0.0,0.0,0.0,6.26,2.07,0.0
20051109:0311,0.0,0.0,0.0,6.22,2.41,0.0
20051109:0411,0.0,0.0,0.0,5.91,2.62,0.0
20051109:0511,0.0,0.0,0.0,5.58,2.69,0.0
20051109:0611,0.0,0.0,0.0,5.08,2.48,0.0
20051109:0711,0.0,0.0,0.0,4.85,2.83,0.0
20051109:0811,103440.0,96.57,5.11,4.9,2.69,0.0
20051109:0911,268605.0,216.57,11.3,6.01,2.69,0.0
20051109:1011,671100.0,522.1,15.88,7.49,2.69,0.0
20051109:1111,896100.0,702.95,18.46,8.57,3.45,0.0
20051109:1211,972165.0,766.8,18.79,9.19,3.79,0.0
20051109:1311,911340.0,717.2,16.83,9.44,3.93,0.0
20051109:1411,695715.0,545.82,12.79,9.4,3.79,0.0
20051109:1511,539595.0,432.31,7.01,8.88,3.17,0.0
20051109:1611,0.0,0.0,-0.09,7.72,3.17,0.0
20051109:1711,0.0,0.0,0.0,6.48,3.17,0.0
20051109:1811,0.0,0.0,0.0,6.0,3.38,0.0
20051109:1911,0.0,0.0,0.0,5.9,3.66,0.0
20051109:2011,0.0,0.0,0.0,5.95,4.0,0.0
20051109:2111,0.0,0.0,0.0,6.3,4.55,0.0
20051109:2211,0.0,0.0,0.0,6.96,4.97,0.0
20051109:2311,0.0,0.0,0.0,7.44,5.38,0.0
20051110:0011,0.0,0.0,0.0,7.78,6.0,0.0
20051110:0111,0.0,0.0,0.0,8.13,6.55,0.0
20051110:0211,0.0,0.0,0.0,8.41,7.24,0.0
20051110:0311,0.0,0.0,0.0,8.97,7.17,0.0
20051110:0411,0.0,0.0,0.0,9.72,7.1,0.0
20051110:0511,0.0,0.0,0.0,10.62,6.83,0.0
20051110:0611,0.0,0.0,0.0,11.43,6.9,0.0
20051110:0711,0.0,0.0,0.0,12.3,6.97,0.0
20051110:0811,0.0,3.71,4.84,12.91,6.55,0.0
20051110:0911,15570.0,24.1,11.03,13.44,6.34,0.0
20051110:1011,29430.0,37.08,15.6,13.79,6.21,0.0
20051110:1111,25275.0,33.38,18.18,14.24,6.28,0.0
20051110:1211,180210.0,157.12,18.51,14.56,6.14,0.0
20051110:1311,557355.0,442.64,16.56,14.3,5.72,0.0
20051110:1411,242895.0,203.83,12.53,13.75,4.9,0.0
20051110:1511,125040.0,114.95,6.77,12.96,4.0,0.0
20051110:1611,0.0,0.0,-0.32,11.87,2.97,0.0
20051110:1711,0.0,0.0,0.0,10.65,2.69,0.0
20051110:1811,0.0,0.0,0.0,9.66,2.69,0.0
20051110:1911,0.0,0.0,0.0,10.1,2.62,0.0
20051110:2011,0.0,0.0,0.0,10.08,2.41,0.0
20051110:2111,0.0,0.0,0.0,10.01,2.48,0.0
20051110:2211,0.0,0.0,0.0,10.1,2.48,0.0
20051110:2311,0.0,0.0,0.0,10.85,2.62,0.0
20051111:0011,0.0,0.0,0.0,11.3,3.1,0.0
20051111:0111,0.0,0.0,0.0,12.15,4.21,0.0
20051111:0211,0.0,0.0,0.0,12.96,5.72,0.0
20051111:0311,0.0,0.0,0.0,13.49,6.55,0.0
20051111:0411,0.0,0.0,0.0,13.78,6.76,0.0
20051111:0511,0.0,0.0,0.0,13.82,6.48,0.0
20051111:0611,0.0,0.0,0.0,13.77,6.9,0.0
20051111:0711,0.0,0.0,0.0,13.35,7.17,0.0
20051111:0811,0.0,3.71,4.58,13.06,7.24,0.0
20051111:0911,17535.0,25.96,10.76,12.86,7.66,0.0
20051111:1011,47850.0,52.85,15.32,12.94,8.28,0.0
20051111:1111,154035.0,136.01,17.89,12.97,8.62,0.0
20051111:1211,123300.0,112.93,18.23,13.27,8.97,0.0
20051111:1311,38970.0,45.43,16.3,13.56,7.1,0.0
20051111:1411,8370.0,16.69,12.28,13.83,9.79,0.0
20051111:1511,29520.0,37.08,6.54,13.35,9.86,0.0
20051111:1611,0.0,0.0,-0.54,12.11,9.03,0.0
20051111:1711,0.0,0.0,0.0,10.53,7.72,0.0
20051111:1811,0.0,0.0,0.0,9.36,6.62,0.0
20051111:1911,0.0,0.0,0.0,8.42,6.55,0.0
20051111:2011,0.0,0.0,0.0,7.83,6.69,0.0
20051111:2111,0.0,0.0,0.0,7.26,6.55,0.0
20051111:2211,0.0,0.0,0.0,7.12,6.41,0.0
20051111:2311,0.0,0.0,0.0,6.9,6.62,0.0
20051112:0011,0.0,0.0,0.0,6.57,6.69,0.0
20051112:0111,0.0,0.0,0.0,6.26,6.55,0.0
20051112:0211,0.0,0.0,0.0,5.91,6.48,0.0
20051112:0311,0.0,0.0,0.0,5.71,6.41,0.0
20051112:0411,0.0,0.0,0.0,5.64,6.14,0.0
20051112:0511,0.0,0.0,0.0,5.64,5.86,0.0
20051112:0611,0.0,0.0,0.0,6.39,5.59,0.0
20051112:0711,0.0,0.0,0.0,6.82,5.1,0.0
20051112:0811,33735.0,40.67,4.32,7.44,4.83,0.0
20051112:0911,207165.0,172.32,10.49,8.0,4.76,0.0
20051112:1011,530970.0,412.77,15.05,8.63,4.21,0.0
20051112:1111,832080.0,644.29,17.62,9.3,5.52,0.0
20051112:1211,516360.0,402.86,17.96,9.65,5.17,0.0
20051112:1311,528375.0,412.8,16.03,9.89,5.03,0.0
20051112:1411,676920.0,529.77,12.04,9.81,4.62,0.0
20051112:1511,183255.0,157.58,6.31,9.26,4.48,0.0
20051112:1611,0.0,0.0,-0.75,8.27,4.21,0.0
20051112:1711,0.0,0.0,0.0,7.47,3.93,0.0
20051112:1811,0.0,0.0,0.0,6.99,3.72,0.0
20051112:1911,0.0,0.0,0.0,6.7,2.76,0.0
20051112:2011,0.0,0.0,0.0,6.47,2.69,0.0
20051112:2111,0.0,0.0,0.0,6.46,2.97,0.0
20051112:2211,0.0,0.0,0.0,6.4,3.38,0.0
20051112:2311,0.0,0.0,0.0,6.93,3.66,0.0
20051113:0011,0.0,0.0,0.0,6.64,3.86,0.0
20051113:0111,0.0,0.0,0.0,6.16,4.14,0.0
20051113:0211,0.0,0.0,0.0,5.68,4.21,0.0
20051113:0311,0.0,0.0,0.0,5.5,4.34,0.0
20051113:0411,0.0,0.0,0.0,5.06,4.28,0.0
20051113:0511,0.0,0.0,0.0,4.76,4.34,0.0
20051113:0611,0.0,0.0,0.0,4.84,4.34,0.0
20051113:0711,0.0,0.0,0.0,4.64,4.28,0.0
20051113:0811,19875.0,27.82,4.07,4.29,4.14,0.0
20051113:0911,236340.0,191.35,10.23,4.72,4.07,0.0
20051113:1011,636990.0,487.81,14.77,5.62,3.79,0.0
20051113:1111,814860.0,627.57,17.34,6.34,3.93,0.0
20051113:1211,859770.0,668.25,17.69,7.02,3.52,0.0
20051113:1311,818220.0,638.41,15.78,7.4,3.17,0.0
20051113:1411,663315.0,519.1,11.8,7.52,2.76,0.0
20051113:1511,361785.0,293.06,6.08,7.12,1.79,0.0
20051113:1611,0.0,0.0,0.0,6.2,1.59,0.0
20051113:1711,0.0,0.0,0.0,4.16,1.72,0.0
20051113:1811,0.0,0.0,0.0,2.23,1.59,0.0
20051113:1911,0.0,0.0,0.0,0.94,2.0,0.0
20051113:2011,0.0,0.0,0.0,0.33,2.07,0.0
20051113:2111,0.0,0.0,0.0,0.14,2.21,0.0
20051113:2211,0.0,0.0,0.0,0.29,2.34,0.0
20051113:2311,0.0,0.0,0.0,0.77,2.62,0.0
20051114:0011,0.0,0.0,0.0,1.67,2.97,0.0
20051114:0111,0.0,0.0,0.0,2.42,2.97,0.0
20051114:0211,0.0,0.0,0.0,3.03,3.17,0.0
20051114:0311,0.0,0.0,0.0,3.67,3.38,0.0
20051114:0411,0.0,0.0,0.0,4.56,3.52,0.0
20051114:0511,0.0,0.0,0.0,5.22,3.66,0.0
20051114:0611,0.0,0.0,0.0,6.06,4.0,0.0
20051114:0711,0.0,0.0,0.0,7.48,5.24,0.0
20051114:0811,0.0,0.93,3.81,7.74,5.31,0.0
20051114:0911,11325.0,19.47,9.96,8.25,5.66,0.0
20051114:1011,233055.0,191.53,14.51,8.99,6.07,0.0
20051114:1111,158145.0,137.45,17.08,9.61,5.31,0.0
20051114:1211,196260.0,165.9,17.43,9.93,5.86,0.0
20051114:1311,398295.0,314.77,15.53,10.05,5.72,0.0
20051114:1411,47475.0,51.92,11.56,9.8,7.03,0.0
20051114:1511,66120.0,67.18,5.87,9.7,7.1,0.0
20051114:1611,0.0,0.0,0.0,9.35,7.1,0.0
20051114:1711,0.0,0.0,0.0,9.27,7.31,0.0
20051114:1811,0.0,0.0,0.0,9.58,7.45,0.0
20051114:1911,0.0,0.0,0.0,9.5,7.79,0.0
20051114:2011,0.0,0.0,0.0,9.94,7.72,0.0
20051114:2111,0.0,0.0,0.0,10.22,7.66,0.0
20051114:2211,0.0,0.0,0.0,10.51,7.52,0.0
20051114:2311,0.0,0.0,0.0,10.81,7.31,0.0
20051115:0011,0.0,0.0,0.0,11.11,7.17,0.0
20051115:0111,0.0,0.0,0.0,11.61,6.9,0.0
20051115:0211,0.0,0.0,0.0,11.95,6.21,0.0
20051115:0311,0.0,0.0,0.0,12.12,5.59,0.0
20051115:0411,0.0,0.0,0.0,11.93,5.66,0.0
20051115:0511,0.0,0.0,0.0,10.65,5.52,0.0
20051115:0611,0.0,0.0,0.0,9.44,4.83,0.0
20051115:0711,0.0,0.0,0.0,9.24,4.21,0.0
20051115:0811,11640.0,20.21,3.56,8.71,3.86,0.0
20051115:0911,34860.0,41.02,9.71,8.45,3.59,0.0
20051115:1011,491820.0,384.87,14.25,8.65,3.1,0.0
20051115:1111,228840.0,189.62,16.81,9.2,3.86,0.0
20051115:1211,238425.0,196.96,17.17,9.38,4.0,0.0
20051115:1311,861660.0,675.18,15.29,9.52,4.21,0.0
20051115:1411,648645.0,508.79,11.33,9.41,3.79,0.0
20051115:1511,280980.0,232.09,5.65,8.74,3.1,0.0
20051115:1611,0.0,0.0,0.0,7.27,2.76,0.0
20051115:1711,0.0,0.0,0.0,6.04,2.76,0.0
20051115:1811,0.0,0.0,0.0,5.3,3.03,0.0
20051115:1911,0.0,0.0,0.0,5.02,3.17,0.0
20051115:2011,0.0,0.0,0.0,4.84,3.45,0.0
20051115:2111,0.0,0.0,0.0,5.05,3.79,0.0
20051115:2211,0.0,0.0,0.0,5.06,3.93,0.0
20051115:2311,0.0,0.0,0.0,5.08,4.07,0.0
20051116:0011,0.0,0.0,0.0,5.2,4.34,0.0
20051116:0111,0.0,0.0,0.0,5.17,4.62,0.0
20051116:0211,0.0,0.0,0.0,5.17,5.03,0.0
20051116:0311,0.0,0.0,0.0,4.64,5.17,0.0
20051116:0411,0.0,0.0,0.0,4.07,5.31,0.0
20051116:0511,0.0,0.0,0.0,3.45,5.52,0.0
20051116:0611,0.0,0.0,0.0,3.16,5.72,0.0
20051116:0711,0.0,0.0,0.0,2.98,6.07,0.0
20051116:0811,0.0,0.0,0.0,2.9,5.59,0.0
20051116:0911,222780.0,180.3,9.45,3.49,5.17,0.0
20051116:1011,285480.0,226.12,13.99,4.35,4.07,0.0
20051116:1111,812250.0,617.24,16.56,5.16,5.24,0.0
20051116:1211,861570.0,656.84,16.92,5.55,5.38,0.0
20051116:1311,831870.0,636.54,15.05,5.81,5.03,0.0
20051116:1411,670845.0,515.93,11.11,5.85,4.48,0.0
20051116:1511,205710.0,172.14,5.45,5.37,4.07,0.0
20051116:1611,0.0,0.0,0.0,4.43,3.79,0.0
20051116:1711,0.0,0.0,0.0,3.82,3.79,0.0
20051116:1811,0.0,0.0,0.0,3.29,3.86,0.0
20051116:1911,0.0,0.0,0.0,3.26,4.14,0.0
20051116:2011,0.0,0.0,0.0,2.67,3.93,0.0
20051116:2111,0.0,0.0,0.0,2.08,3.86,0.0
20051116:2211,0.0,0.0,0.0,1.65,3.86,0.0
20051116:2311,0.0,0.0,0.0,1.49,3.86,0.0
20051117:0011,0.0,0.0,0.0,1.25,3.79,0.0
20051117:0111,0.0,0.0,0.0,1.24,3.72,0.0
20051117:0211,0.0,0.0,0.0,1.01,3.59,0.0
20051117:0311,0.0,0.0,0.0,0.78,3.45,0.0
20051117:0411,0.0,0.0,0.0,0.51,3.38,0.0
20051117:0511,0.0,0.0,0.0,0.14,3.24,0.0
20051117:0611,0.0,0.0,0.0,-0.21,3.17,0.0
20051117:0711,0.0,0.0,0.0,-0.69,3.52,0.0
20051117:0811,0.0,0.0,0.0,-0.66,3.45,0.0
20051117:0911,164040.0,136.34,9.21,0.23,3.38,0.0
20051117:1011,613665.0,463.5,13.74,1.76,3.1,0.0
20051117:1111,790905.0,601.7,16.31,3.14,3.38,0.0
20051117:1211,903180.0,694.13,16.68,4.04,3.38,0.0
20051117:1311,869070.0,669.75,14.81,4.56,3.31,0.0
20051117:1411,721845.0,556.86,10.9,4.61,3.1,0.0
20051117:1511,337095.0,269.94,5.25,3.94,2.55,0.0
20051117:1611,0.0,0.0,0.0,2.35,2.69,0.0
20051117:1711,0.0,0.0,0.0,1.22,2.69,0.0
20051117:1811,0.0,0.0,0.0,0.48,2.69,0.0
20051117:1911,0.0,0.0,0.0,0.45,2.76,0.0
20051117:2011,0.0,0.0,0.0,-0.08,2.9,0.0
20051117:2111,0.0,0.0,0.0,-0.36,2.9,0.0
20051117:2211,0.0,0.0,0.0,-0.19,2.83,0.0
20051117:2311,0.0,0.0,0.0,-0.33,2.83,0.0
20051118:0011,0.0,0.0,0.0,-0.28,2.69,0.0
20051118:0111,0.0,0.0,0.0,-0.63,2.76,0.0
20051118:0211,0.0,0.0,0.0,-0.81,2.69,0.0
20051118:0311,0.0,0.0,0.0,-0.73,2.55,0.0
20051118:0411,0.0,0.0,0.0,-1.2,2.55,0.0
20051118:0511,0.0,0.0,0.0,-1.55,2.55,0.0
20051118:0611,0.0,0.0,0.0,-1.59,2.41,0.0
20051118:0711,0.0,0.0,0.0,-1.82,2.62,0.0
20051118:0811,0.0,0.0,0.0,-1.79,2.55,0.0
20051118:0911,281070.0,219.86,8.96,-0.67,2.21,0.0
20051118:1011,699825.0,533.44,13.49,1.75,1.93,0.0
20051118:1111,805170.0,622.48,16.06,3.78,1.93,0.0
20051118:1211,846165.0,659.7,16.44,4.94,2.0,0.0
20051118:1311,826140.0,646.05,14.59,5.52,2.0,0.0
20051118:1411,679935.0,531.66,10.69,5.53,1.79,0.0
20051118:1511,300120.0,243.77,5.06,4.84,1.86,0.0
20051118:1611,0.0,0.0,0.0,3.25,2.34,0.0
20051118:1711,0.0,0.0,0.0,1.58,2.48,0.0
20051118:1811,0.0,0.0,0.0,0.57,2.48,0.0
20051118:1911,0.0,0.0,0.0,0.32,2.48,0.0
20051118:2011,0.0,0.0,0.0,-0.19,2.48,0.0
20051118:2111,0.0,0.0,0.0,-0.64,2.41,0.0
20051118:2211,0.0,0.0,0.0,-0.94,2.34,0.0
20051118:2311,0.0,0.0,0.0,-1.02,2.21,0.0
20051119:0011,0.0,0.0,0.0,-1.19,2.14,0.0
20051119:0111,0.0,0.0,0.0,-1.21,2.07,0.0
20051119:0211,0.0,0.0,0.0,-1.5,1.93,0.0
20051119:0311,0.0,0.0,0.0,-2.24,2.0,0.0
20051119:0411,0.0,0.0,0.0,-2.64,2.0,0.0
20051119:0511,0.0,0.0,0.0,-2.92,1.93,0.0
20051119:0611,0.0,0.0,0.0,-3.11,1.86,0.0
20051119:0711,0.0,0.0,0.0,-3.8,1.59,0.0
20051119:0811,0.0,0.0,0.0,-3.68,1.38,0.0
20051119:0911,126465.0,108.18,8.72,-2.91,0.97,0.0
20051119:1011,424080.0,324.17,13.24,-0.49,0.83,0.0
20051119:1111,776820.0,603.5,15.82,1.77,0.62,0.0
20051119:1211,876540.0,691.05,16.2,3.26,0.76,0.0
20051119:1311,845850.0,666.84,14.37,3.96,0.9,0.0
20051119:1411,575355.0,448.31,10.48,4.12,1.17,0.0
20051119:1511,455955.0,362.1,4.87,3.59,1.59,0.0
20051119:1611,0.0,0.0,0.0,1.83,2.0,0.0
20051119:1711,0.0,0.0,0.0,0.02,2.28,0.0
20051119:1811,0.0,0.0,0.0,-1.12,2.28,0.0
20051119:1911,0.0,0.0,0.0,-0.74,2.48,0.0
20051119:2011,0.0,0.0,0.0,-0.57,2.41,0.0
20051119:2111,0.0,0.0,0.0,-0.61,2.48,0.0
20051119:2211,0.0,0.0,0.0,-0.44,2.41,0.0
20051119:2311,0.0,0.0,0.0,-0.41,2.41,0.0
20051120:0011,0.0,0.0,0.0,-0.31,2.41,0.0
20051120:0111,0.0,0.0,0.0,-0.3,2.48,0.0
20051120:0211,0.0,0.0,0.0,-0.37,2.48,0.0
20051120:0311,0.0,0.0,0.0,-0.34,2.41,0.0
20051120:0411,0.0,0.0,0.0,-0.08,2.48,0.0
20051120:0511,0.0,0.0,0.0,0.0,2.41,0.0
20051120:0611,0.0,0.0,0.0,0.03,2.21,0.0
20051120:0711,0.0,0.0,0.0,0.78,2.34,0.0
20051120:0811,0.0,0.0,0.0,1.25,2.48,0.0
20051120:0911,177990.0,147.55,8.48,1.91,2.55,0.0
20051120:1011,557835.0,425.16,13.01,2.91,2.55,0.0
20051120:1111,799515.0,615.16,15.58,4.17,2.55,0.0
20051120:1211,775485.0,600.29,15.98,5.19,2.41,0.0
20051120:1311,750210.0,582.11,14.15,5.73,2.48,0.0
20051120:1411,681000.0,531.38,10.29,5.83,2.21,0.0
20051120:1511,402540.0,322.75,4.69,5.4,2.07,0.0
20051120:1611,0.0,0.0,0.0,4.39,2.07,0.0
20051120:1711,0.0,0.0,0.0,2.98,2.07,0.0
20051120:1811,0.0,0.0,0.0,2.03,1.93,0.0
20051120:1911,0.0,0.0,0.0,0.9,2.34,0.0
20051120:2011,0.0,0.0,0.0,0.3,2.21,0.0
20051120:2111,0.0,0.0,0.0,0.11,2.21,0.0
20051120:2211,0.0,0.0,0.0,-0.23,2.14,0.0
20051120:2311,0.0,0.0,0.0,0.02,1.93,0.0
20051121:0011,0.0,0.0,0.0,-0.01,1.72,0.0
20051121:0111,0.0,0.0,0.0,-0.18,1.52,0.0
20051121:0211,0.0,0.0,0.0,-0.46,1.52,0.0
20051121:0311,0.0,0.0,0.0,-0.89,1.72,0.0
20051121:0411,0.0,0.0,0.0,-0.89,1.66,0.0
20051121:0511,0.0,0.0,0.0,-0.73,1.38,0.0
20051121:0611,0.0,0.0,0.0,-0.69,1.31,0.0
20051121:0711,0.0,0.0,0.0,0.01,1.66,0.0
20051121:0811,0.0,0.0,0.0,0.02,1.66,0.0
20051121:0911,91470.0,83.77,8.25,0.58,1.38,0.0
20051121:1011,481920.0,368.89,12.77,1.47,1.31,0.0
20051121:1111,596535.0,458.62,15.35,2.34,1.03,0.0
20051121:1211,498270.0,385.78,15.76,2.95,0.76,0.0
20051121:1311,405615.0,317.07,13.95,3.5,0.69,0.0
20051121:1411,205710.0,169.84,10.1,3.77,0.83,0.0
20051121:1511,16425.0,24.1,4.52,3.6,0.76,0.0
20051121:1611,0.0,0.0,0.0,2.94,0.55,0.0
20051121:1711,0.0,0.0,0.0,2.7,0.48,0.0
20051121:1811,0.0,0.0,0.0,1.88,0.28,0.0
20051121:1911,0.0,0.0,0.0,-0.18,1.66,0.0
20051121:2011,0.0,0.0,0.0,-1.38,0.0,0.0
20051121:2111,0.0,0.0,0.0,-2.38,0.0,0.0
20051121:2211,0.0,0.0,0.0,-2.94,1.31,0.0
20051121:2311,0.0,0.0,0.0,-3.46,0.83,0.0
20051122:0011,0.0,0.0,0.0,-3.47,0.9,0.0
20051122:0111,0.0,0.0,0.0,-3.17,1.03,0.0
20051122:0211,0.0,0.0,0.0,-3.44,0.83,0.0
20051122:0311,0.0,0.0,0.0,-3.24,0.62,0.0
20051122:0411,0.0,0.0,0.0,-3.08,0.41,0.0
20051122:0511,0.0,0.0,0.0,-3.18,0.34,0.0
20051122:0611,0.0,0.0,0.0,-2.94,0.41,0.0
20051122:0711,0.0,0.0,0.0,-2.51,0.69,0.0
20051122:0811,0.0,0.0,0.0,-2.43,0.55,0.0
20051122:0911,9210.0,16.69,8.03,-2.07,0.34,0.0
20051122:1011,34980.0,39.87,12.54,-0.79,0.28,0.0
20051122:1111,27135.0,33.38,15.13,0.27,0.34,0.0
20051122:1211,41310.0,45.43,15.54,1.43,0.55,0.0
20051122:1311,49080.0,51.92,13.75,2.4,0.69,0.0
20051122:1411,32115.0,38.01,9.91,3.16,0.69,0.0
20051122:1511,20490.0,27.81,4.35,3.08,0.76,0.0
20051122:1611,0.0,0.0,0.0,1.52,1.31,0.0
20051122:1711,0.0,0.0,0.0,-0.39,1.72,0.0
20051122:1811,0.0,0.0,0.0,-1.54,0.0,0.0
20051122:1911,0.0,0.0,0.0,-0.2,0.0,0.0
20051122:2011,0.0,0.0,0.0,-1.27,1.24,0.0
20051122:2111,0.0,0.0,0.0,-2.16,1.31,0.0
20051122:2211,0.0,0.0,0.0,-2.75,1.38,0.0
20051122:2311,0.0,0.0,0.0,-2.92,1.31,0.0
20051123:0011,0.0,0.0,0.0,-3.15,1.38,0.0
20051123:0111,0.0,0.0,0.0,-3.12,1.45,0.0
20051123:0211,0.0,0.0,0.0,-3.59,1.66,0.0
20051123:0311,0.0,0.0,0.0,-3.48,1.72,0.0
20051123:0411,0.0,0.0,0.0,-3.47,1.79,0.0
20051123:0511,0.0,0.0,0.0,-3.37,1.79,0.0
20051123:0611,0.0,0.0,0.0,-3.14,1.72,0.0
20051123:0711,0.0,0.0,0.0,-3.31,1.66,0.0
20051123:0811,0.0,0.0,0.0,-3.43,1.86,0.0
20051123:0911,46470.0,48.7,7.8,-2.25,1.72,0.0
20051123:1011,0.0,0.0,0.0,0.41,1.38,0.0
20051123:1111,233280.0,188.53,14.91,2.43,1.03,0.0
20051123:1211,340080.0,267.85,15.33,3.77,1.1,0.0
20051123:1311,428985.0,334.97,13.55,4.54,1.24,0.0
20051123:1411,715305.0,560.29,9.73,4.57,1.38,0.0
20051123:1511,359505.0,288.26,4.19,3.82,1.79,0.0
20051123:1611,0.0,0.0,0.0,2.02,2.21,0.0
20051123:1711,0.0,0.0,0.0,0.95,2.55,0.0
20051123:1811,0.0,0.0,0.0,0.8,2.55,0.0
20051123:1911,0.0,0.0,0.0,0.1,2.62,0.0
20051123:2011,0.0,0.0,0.0,0.16,2.48,0.0
20051123:2111,0.0,0.0,0.0,0.11,2.48,0.0
20051123:2211,0.0,0.0,0.0,0.54,2.62,0.0
20051123:2311,0.0,0.0,0.0,1.49,2.83,0.0
20051124:0011,0.0,0.0,0.0,2.44,2.97,0.0
20051124:0111,0.0,0.0,0.0,4.17,3.31,0.0
20051124:0211,0.0,0.0,0.0,5.87,4.07,0.0
20051124:0311,0.0,0.0,0.0,6.97,4.55,0.0
20051124:0411,0.0,0.0,0.0,7.41,4.97,0.0
20051124:0511,0.0,0.0,0.0,7.79,5.1,0.0
20051124:0611,0.0,0.0,0.0,8.23,5.24,0.0
20051124:0711,0.0,0.0,0.0,8.27,5.59,0.0
20051124:0811,0.0,0.0,0.0,7.49,5.17,0.0
20051124:0911,106440.0,96.95,7.59,6.9,4.97,0.0
20051124:1011,124605.0,110.68,12.1,7.21,5.03,0.0
20051124:1111,713640.0,545.84,14.69,7.38,5.72,0.0
20051124:1211,554205.0,421.25,15.13,6.19,7.79,0.0
20051124:1311,751140.0,565.32,13.36,5.35,8.41,0.0
20051124:1411,535110.0,406.57,9.56,4.7,8.14,0.0
20051124:1511,96930.0,89.7,4.04,3.9,7.72,0.0
20051124:1611,0.0,0.0,0.0,2.96,7.52,0.0
20051124:1711,0.0,0.0,0.0,2.33,7.72,0.0
20051124:1811,0.0,0.0,0.0,2.0,8.0,0.0
20051124:1911,0.0,0.0,0.0,1.53,8.0,0.0
20051124:2011,0.0,0.0,0.0,1.18,8.0,0.0
20051124:2111,0.0,0.0,0.0,0.68,8.0,0.0
20051124:2211,0.0,0.0,0.0,0.33,7.66,0.0
20051124:2311,0.0,0.0,0.0,-0.06,7.24,0.0
20051125:0011,0.0,0.0,0.0,-0.37,6.97,0.0
20051125:0111,0.0,0.0,0.0,-0.65,6.76,0.0
20051125:0211,0.0,0.0,0.0,-0.92,6.62,0.0
20051125:0311,0.0,0.0,0.0,-1.05,6.62,0.0
20051125:0411,0.0,0.0,0.0,-1.14,6.48,0.0
20051125:0511,0.0,0.0,0.0,-0.99,6.55,0.0
20051125:0611,0.0,0.0,0.0,-0.79,6.69,0.0
20051125:0711,0.0,0.0,0.0,-0.44,6.97,0.0
20051125:0811,0.0,0.0,0.0,-0.1,6.76,0.0
20051125:0911,27645.0,33.69,7.37,0.36,6.62,0.0
20051125:1011,669465.0,496.47,11.89,1.1,6.62,0.0
20051125:1111,667305.0,499.11,14.49,1.85,5.1,0.0
20051125:1211,781815.0,587.05,14.93,2.66,5.31,0.0
20051125:1311,758925.0,572.13,13.18,3.37,5.45,0.0
20051125:1411,146055.0,124.86,9.4,3.44,6.0,0.0
20051125:1511,220665.0,181.89,3.89,3.27,5.45,0.0
20051125:1611,0.0,0.0,0.0,2.71,5.52,0.0
20051125:1711,0.0,0.0,0.0,2.83,6.34,0.0
20051125:1811,0.0,0.0,0.0,3.27,6.83,0.0
20051125:1911,0.0,0.0,0.0,3.73,6.9,0.0
20051125:2011,0.0,0.0,0.0,4.24,6.69,0.0
20051125:2111,0.0,0.0,0.0,4.37,6.14,0.0
20051125:2211,0.0,0.0,0.0,4.5,5.52,0.0
20051125:2311,0.0,0.0,0.0,4.51,5.38,0.0
20051126:0011,0.0,0.0,0.0,4.18,5.52,0.0
20051126:0111,0.0,0.0,0.0,3.95,5.66,0.0
20051126:0211,0.0,0.0,0.0,3.82,5.72,0.0
20051126:0311,0.0,0.0,0.0,4.06,6.21,0.0
20051126:0411,0.0,0.0,0.0,3.92,6.41,0.0
20051126:0511,0.0,0.0,0.0,3.95,6.48,0.0
20051126:0611,0.0,0.0,0.0,4.21,6.34,0.0
20051126:0711,0.0,0.0,0.0,3.98,6.14,0.0
20051126:0811,0.0,0.0,0.0,3.84,6.14,0.0
20051126:0911,78735.0,74.95,7.17,4.13,5.93,0.0
20051126:1011,11565.0,19.47,11.68,4.8,6.0,0.0
20051126:1111,251355.0,201.75,14.29,5.2,5.66,0.0
20051126:1211,792225.0,602.4,14.74,5.55,5.45,0.0
20051126:1311,352035.0,275.55,13.01,5.71,4.76,0.0
20051126:1411,4635.0,12.05,9.24,5.48,6.0,0.0
20051126:1511,3150.0,10.2,3.75,4.74,5.1,0.0
20051126:1611,0.0,0.0,0.0,4.07,4.97,0.0
20051126:1711,0.0,0.0,0.0,3.82,4.83,0.0
20051126:1811,0.0,0.0,0.0,3.72,4.9,0.0
20051126:1911,0.0,0.0,0.0,4.02,4.97,0.0
20051126:2011,0.0,0.0,0.0,3.73,4.76,0.0
20051126:2111,0.0,0.0,0.0,3.47,4.48,0.0
20051126:2211,0.0,0.0,0.0,3.24,4.41,0.0
20051126:2311,0.0,0.0,0.0,3.0,4.0,0.0
20051127:0011,0.0,0.0,0.0,2.54,3.72,0.0
20051127:0111,0.0,0.0,0.0,2.23,3.72,0.0
20051127:0211,0.0,0.0,0.0,1.76,3.86,0.0
20051127:0311,0.0,0.0,0.0,1.67,4.0,0.0
20051127:0411,0.0,0.0,0.0,2.03,4.14,0.0
20051127:0511,0.0,0.0,0.0,2.56,4.34,0.0
20051127:0611,0.0,0.0,0.0,2.89,4.69,0.0
20051127:0711,0.0,0.0,0.0,3.1,4.83,0.0
20051127:0811,0.0,0.0,0.0,3.15,5.1,0.0
20051127:0911,7185.0,14.83,6.96,3.25,5.31,0.0
20051127:1011,331680.0,257.43,11.48,3.59,5.59,0.0
20051127:1111,15435.0,23.18,14.09,3.85,5.17,0.0
20051127:1211,14445.0,22.25,14.56,4.13,5.03,0.0
20051127:1311,116895.0,104.06,12.84,4.3,5.1,0.0
20051127:1411,52320.0,54.69,9.09,4.36,5.66,0.0
20051127:1511,99870.0,92.24,3.62,4.21,5.31,0.0
20051127:1611,0.0,0.0,0.0,3.74,4.97,0.0
20051127:1711,0.0,0.0,0.0,3.48,4.83,0.0
20051127:1811,0.0,0.0,0.0,3.06,4.69,0.0
20051127:1911,0.0,0.0,0.0,2.76,4.9,0.0
20051127:2011,0.0,0.0,0.0,2.6,4.76,0.0
20051127:2111,0.0,0.0,0.0,2.4,4.62,0.0
20051127:2211,0.0,0.0,0.0,2.48,4.83,0.0
20051127:2311,0.0,0.0,0.0,2.45,4.9,0.0
20051128:0011,0.0,0.0,0.0,2.31,4.9,0.0
20051128:0111,0.0,0.0,0.0,2.17,4.83,0.0
20051128:0211,0.0,0.0,0.0,2.03,4.9,0.0
20051128:0311,0.0,0.0,0.0,1.85,5.03,0.0
20051128:0411,0.0,0.0,0.0,1.51,4.97,0.0
20051128:0511,0.0,0.0,0.0,0.94,4.9,0.0
20051128:0611,0.0,0.0,0.0,0.79,5.17,0.0
20051128:0711,0.0,0.0,0.0,0.23,4.9,0.0
20051128:0811,0.0,0.0,0.0,0.01,4.97,0.0
20051128:0911,33435.0,38.54,6.77,0.42,5.38,0.0
20051128:1011,29220.0,35.23,11.29,1.34,5.79,0.0
20051128:1111,55110.0,56.55,13.9,2.21,5.17,0.0
20051128:1211,240930.0,192.41,14.38,2.57,5.17,0.0
20051128:1311,47955.0,50.99,12.68,3.04,5.59,0.0
20051128:1411,33300.0,38.94,8.95,3.18,6.14,0.0
20051128:1511,8055.0,15.76,3.49,3.07,6.14,0.0
20051128:1611,0.0,0.0,0.0,2.91,5.93,0.0
20051128:1711,0.0,0.0,0.0,2.99,5.93,0.0
20051128:1811,0.0,0.0,0.0,2.45,5.72,0.0
20051128:1911,0.0,0.0,0.0,1.77,5.72,0.0
20051128:2011,0.0,0.0,0.0,1.49,5.79,0.0
20051128:2111,0.0,0.0,0.0,1.22,5.66,0.0
20051128:2211,0.0,0.0,0.0,1.04,5.59,0.0
20051128:2311,0.0,0.0,0.0,0.81,5.31,0.0
20051129:0011,0.0,0.0,0.0,0.69,5.03,0.0
20051129:0111,0.0,0.0,0.0,0.44,4.62,0.0
20051129:0211,0.0,0.0,0.0,-0.02,4.28,0.0
20051129:0311,0.0,0.0,0.0,-0.15,4.07,0.0
20051129:0411,0.0,0.0,0.0,-0.17,3.86,0.0
20051129:0511,0.0,0.0,0.0,-0.34,3.59,0.0
20051129:0611,0.0,0.0,0.0,-0.47,3.17,0.0
20051129:0711,0.0,0.0,0.0,-0.92,2.97,0.0
20051129:0811,0.0,0.0,0.0,-0.77,2.9,0.0
20051129:0911,3285.0,10.2,6.57,-0.67,2.69,0.0
20051129:1011,89370.0,82.01,11.1,0.16,2.55,0.0
20051129:1111,545370.0,412.76,13.72,1.45,2.69,0.0
20051129:1211,873225.0,667.65,14.21,2.4,2.83,0.0
20051129:1311,798075.0,611.02,12.52,2.86,2.69,0.0
20051129:1411,602280.0,462.61,8.81,2.83,2.34,0.0
20051129:1511,224265.0,184.75,3.37,1.98,2.34,0.0
20051129:1611,0.0,0.0,0.0,0.39,2.55,0.0
20051129:1711,0.0,0.0,0.0,-0.79,2.55,0.0
20051129:1811,0.0,0.0,0.0,-1.67,2.48,0.0
20051129:1911,0.0,0.0,0.0,-2.33,2.34,0.0
20051129:2011,0.0,0.0,0.0,-3.02,2.21,0.0
20051129:2111,0.0,0.0,0.0,-3.68,2.07,0.0
20051129:2211,0.0,0.0,0.0,-4.28,1.86,0.0
20051129:2311,0.0,0.0,0.0,-4.76,1.66,0.0
20051130:0011,0.0,0.0,0.0,-5.06,1.45,0.0
20051130:0111,0.0,0.0,0.0,-5.11,1.24,0.0
20051130:0211,0.0,0.0,0.0,-4.7,0.97,0.0
20051130:0311,0.0,0.0,0.0,-3.84,0.76,0.0
20051130:0411,0.0,0.0,0.0,-3.01,0.97,0.0
20051130:0511,0.0,0.0,0.0,-1.64,1.31,0.0
20051130:0611,0.0,0.0,0.0,-0.85,1.93,0.0
20051130:0711,0.0,0.0,0.0,-1.31,2.0,0.0
20051130:0811,0.0,0.0,0.0,-0.41,2.21,0.0
20051130:0911,37380.0,41.82,6.39,0.59,2.48,0.0
20051130:1011,48795.0,51.36,10.92,1.67,2.69,0.0
20051130:1111,20610.0,27.81,13.55,2.16,2.83,0.0
20051130:1211,15540.0,23.18,14.05,2.61,2.9,0.0
20051130:1311,28950.0,35.23,12.37,2.93,2.69,0.0
20051130:1411,8925.0,16.69,8.68,3.31,2.41,0.0
20051130:1511,26385.0,33.19,3.26,3.6,2.21,0.0
20051130:1611,0.0,0.0,0.0,3.19,2.21,0.0
20051130:1711,0.0,0.0,0.0,2.88,2.28,0.0
20051130:1811,0.0,0.0,0.0,3.1,2.34,0.0
20051130:1911,0.0,0.0,0.0,3.17,2.34,0.0
20051130:2011,0.0,0.0,0.0,3.3,2.48,0.0
20051130:2111,0.0,0.0,0.0,3.59,2.55,0.0
20051130:2211,0.0,0.0,0.0,3.69,2.76,0.0
20051130:2311,0.0,0.0,0.0,3.61,2.97,0.0
20051201:0011,0.0,0.0,0.0,3.62,3.1,0.0
20051201:0111,0.0,0.0,0.0,3.78,3.31,0.0
20051201:0211,0.0,0.0,0.0,4.13,3.52,0.0
20051201:0311,0.0,0.0,0.0,4.33,3.72,0.0
20051201:0411,0.0,0.0,0.0,4.6,3.93,0.0
20051201:0511,0.0,0.0,0.0,4.66,4.14,0.0
20051201:0611,0.0,0.0,0.0,4.76,4.34,0.0
20051201:0711,0.0,0.0,0.0,4.69,4.55,0.0
20051201:0811,0.0,0.0,0.0,4.72,5.03,0.0
20051201:0911,19440.0,26.97,6.21,5.09,5.31,0.0
20051201:1011,19230.0,26.89,10.74,5.77,5.52,0.0
20051201:1111,33795.0,39.87,13.38,6.64,6.34,0.0
20051201:1211,17100.0,25.03,13.89,7.16,6.9,0.0
20051201:1311,10485.0,18.54,12.23,7.28,7.03,0.0
20051201:1411,28335.0,35.23,8.56,7.23,7.03,0.0
20051201:1511,24105.0,31.55,3.15,7.09,7.59,0.0
20051201:1611,0.0,0.0,0.0,6.97,7.72,0.0
20051201:1711,0.0,0.0,0.0,6.9,8.07,0.0
20051201:1811,0.0,0.0,0.0,6.93,8.21,0.0
20051201:1911,0.0,0.0,0.0,7.04,7.24,0.0
20051201:2011,0.0,0.0,0.0,7.09,7.31,0.0
20051201:2111,0.0,0.0,0.0,7.08,7.38,0.0
20051201:2211,0.0,0.0,0.0,7.01,6.69,0.0
20051201:2311,0.0,0.0,0.0,7.03,6.62,0.0
20051202:0011,0.0,0.0,0.0,6.84,7.59,0.0
20051202:0111,0.0,0.0,0.0,6.39,7.59,0.0
20051202:0211,0.0,0.0,0.0,5.96,7.17,0.0
20051202:0311,0.0,0.0,0.0,5.62,6.9,0.0
20051202:0411,0.0,0.0,0.0,5.36,6.76,0.0
20051202:0511,0.0,0.0,0.0,5.29,6.9,0.0
20051202:0611,0.0,0.0,0.0,5.33,7.24,0.0
20051202:0711,0.0,0.0,0.0,5.1,6.55,0.0
20051202:0811,0.0,0.0,0.0,5.16,6.62,0.0
20051202:0911,28380.0,34.9,6.03,5.28,6.62,0.0
20051202:1011,46965.0,50.54,10.57,5.47,6.83,0.0
20051202:1111,99420.0,91.49,13.21,6.01,6.55,0.0
20051202:1211,13305.0,21.32,13.74,6.65,6.34,0.0
20051202:1311,159675.0,136.69,12.1,7.28,6.34,0.0
20051202:1411,97350.0,90.37,8.44,7.54,5.93,0.0
20051202:1511,38835.0,44.49,3.05,7.56,6.34,0.0
20051202:1611,0.0,0.0,0.0,7.28,5.38,0.0
20051202:1711,0.0,0.0,0.0,6.63,4.83,0.0
20051202:1811,0.0,0.0,0.0,6.2,4.9,0.0
20051202:1911,0.0,0.0,0.0,6.13,4.76,0.0
20051202:2011,0.0,0.0,0.0,6.05,4.9,0.0
20051202:2111,0.0,0.0,0.0,6.2,5.17,0.0
20051202:2211,0.0,0.0,0.0,6.35,5.24,0.0
20051202:2311,0.0,0.0,0.0,6.45,5.03,0.0
20051203:0011,0.0,0.0,0.0,6.43,4.97,0.0
20051203:0111,0.0,0.0,0.0,6.32,4.83,0.0
20051203:0211,0.0,0.0,0.0,6.23,4.76,0.0
20051203:0311,0.0,0.0,0.0,6.13,4.48,0.0
20051203:0411,0.0,0.0,0.0,6.22,4.14,0.0
20051203:0511,0.0,0.0,0.0,6.23,3.59,0.0
20051203:0611,0.0,0.0,0.0,6.13,3.1,0.0
20051203:0711,0.0,0.0,0.0,6.06,3.38,0.0
20051203:0811,0.0,0.0,0.0,6.02,4.07,0.0
20051203:0911,98430.0,90.72,5.86,6.14,4.48,0.0
20051203:1011,13320.0,21.32,10.4,6.25,4.69,0.0
20051203:1111,15225.0,23.18,13.06,6.4,4.76,0.0
20051203:1211,29475.0,36.16,13.6,6.63,4.21,0.0
20051203:1311,14220.0,22.25,11.97,6.81,3.72,0.0
20051203:1411,30495.0,37.08,8.33,6.88,3.52,0.0
20051203:1511,4605.0,12.05,2.96,6.46,3.31,0.0
20051203:1611,0.0,0.0,0.0,6.31,3.52,0.0
20051203:1711,0.0,0.0,0.0,5.92,3.66,0.0
20051203:1811,0.0,0.0,0.0,5.58,3.79,0.0
20051203:1911,0.0,0.0,0.0,5.68,3.52,0.0
20051203:2011,0.0,0.0,0.0,5.67,3.52,0.0
20051203:2111,0.0,0.0,0.0,5.5,3.24,0.0
20051203:2211,0.0,0.0,0.0,5.43,3.17,0.0
20051203:2311,0.0,0.0,0.0,5.3,3.17,0.0
20051204:0011,0.0,0.0,0.0,5.14,3.38,0.0
20051204:0111,0.0,0.0,0.0,5.41,3.59,0.0
20051204:0211,0.0,0.0,0.0,5.58,3.79,0.0
20051204:0311,0.0,0.0,0.0,5.54,3.86,0.0
20051204:0411,0.0,0.0,0.0,5.47,3.79,0.0
20051204:0511,0.0,0.0,0.0,5.43,3.72,0.0
20051204:0611,0.0,0.0,0.0,5.06,3.52,0.0
20051204:0711,0.0,0.0,0.0,4.55,3.59,0.0
20051204:0811,0.0,0.0,0.0,4.49,3.59,0.0
20051204:0911,0.0,5.56,5.7,4.47,3.59,0.0
20051204:1011,81840.0,77.76,10.25,5.19,3.52,0.0
20051204:1111,683655.0,525.18,12.91,6.03,3.45,0.0
20051204:1211,293865.0,235.0,13.46,6.8,3.17,0.0
20051204:1311,329490.0,262.0,11.86,7.32,2.97,0.0
20051204:1411,5370.0,12.98,8.23,7.34,3.03,0.0
20051204:1511,8730.0,16.69,2.88,6.75,2.76,0.0
20051204:1611,0.0,0.0,0.0,5.54,2.76,0.0
20051204:1711,0.0,0.0,0.0,4.9,2.55,0.0
20051204:1811,0.0,0.0,0.0,4.6,2.34,0.0
20051204:1911,0.0,0.0,0.0,3.98,2.07,0.0
20051204:2011,0.0,0.0,0.0,3.58,2.0,0.0
20051204:2111,0.0,0.0,0.0,3.42,1.93,0.0
20051204:2211,0.0,0.0,0.0,2.63,2.07,0.0
20051204:2311,0.0,0.0,0.0,2.08,2.0,0.0
20051205:0011,0.0,0.0,0.0,1.67,1.93,0.0
20051205:0111,0.0,0.0,0.0,1.75,1.72,0.0
20051205:0211,0.0,0.0,0.0,1.85,1.59,0.0
20051205:0311,0.0,0.0,0.0,1.78,1.52,0.0
20051205:0411,0.0,0.0,0.0,1.98,1.45,0.0
20051205:0511,0.0,0.0,0.0,1.87,1.38,0.0
20051205:0611,0.0,0.0,0.0,1.91,1.31,0.0
20051205:0711,0.0,0.0,0.0,0.78,1.59,0.0
20051205:0811,0.0,0.0,0.0,1.04,1.66,0.0
20051205:0911,206025.0,168.39,5.54,1.63,2.0,0.0
20051205:1011,547575.0,416.9,10.09,2.18,2.28,0.0
20051205:1111,668145.0,509.03,12.77,2.75,2.34,0.0
20051205:1211,595125.0,454.61,13.34,3.31,2.41,0.0
20051205:1311,318570.0,250.67,11.74,3.81,2.28,0.0
20051205:1411,243390.0,196.9,8.14,4.18,2.21,0.0
20051205:1511,208950.0,175.18,2.8,4.1,2.14,0.0
20051205:1611,0.0,0.0,0.0,3.88,1.59,0.0
20051205:1711,0.0,0.0,0.0,3.75,1.66,0.0
20051205:1811,0.0,0.0,0.0,3.78,1.79,0.0
20051205:1911,0.0,0.0,0.0,3.74,1.86,0.0
20051205:2011,0.0,0.0,0.0,3.72,2.0,0.0
20051205:2111,0.0,0.0,0.0,3.7,2.07,0.0
20051205:2211,0.0,0.0,0.0,3.52,2.21,0.0
20051205:2311,0.0,0.0,0.0,3.18,2.41,0.0
20051206:0011,0.0,0.0,0.0,3.32,2.62,0.0
20051206:0111,0.0,0.0,0.0,3.47,2.83,0.0
20051206:0211,0.0,0.0,0.0,3.55,3.1,0.0
20051206:0311,0.0,0.0,0.0,3.68,3.38,0.0
20051206:0411,0.0,0.0,0.0,4.02,3.45,0.0
20051206:0511,0.0,0.0,0.0,4.55,3.45,0.0
20051206:0611,0.0,0.0,0.0,4.92,3.59,0.0
20051206:0711,0.0,0.0,0.0,5.12,4.0,0.0
20051206:0811,0.0,0.0,0.0,5.04,4.14,0.0
20051206:0911,96930.0,89.27,5.39,5.09,4.14,0.0
20051206:1011,128355.0,112.42,9.95,5.3,4.28,0.0
20051206:1111,24330.0,31.52,12.63,5.77,4.28,0.0
20051206:1211,51675.0,54.7,13.21,6.3,3.86,0.0
20051206:1311,38145.0,43.57,11.64,6.62,4.07,0.0
20051206:1411,6210.0,13.91,8.05,6.49,4.34,0.0
20051206:1511,198630.0,168.14,2.73,5.92,3.93,0.0
20051206:1611,0.0,0.0,0.0,4.85,3.79,0.0
20051206:1711,0.0,0.0,0.0,4.51,3.86,0.0
20051206:1811,0.0,0.0,0.0,4.35,4.07,0.0
20051206:1911,0.0,0.0,0.0,4.24,4.0,0.0
20051206:2011,0.0,0.0,0.0,4.28,4.0,0.0
20051206:2111,0.0,0.0,0.0,4.39,4.0,0.0
20051206:2211,0.0,0.0,0.0,4.25,3.86,0.0
20051206:2311,0.0,0.0,0.0,4.05,3.72,0.0
20051207:0011,0.0,0.0,0.0,3.48,3.45,0.0
20051207:0111,0.0,0.0,0.0,3.27,3.31,0.0
20051207:0211,0.0,0.0,0.0,2.79,3.03,0.0
20051207:0311,0.0,0.0,0.0,2.06,2.83,0.0
20051207:0411,0.0,0.0,0.0,1.39,2.69,0.0
20051207:0511,0.0,0.0,0.0,0.71,2.48,0.0
20051207:0611,0.0,0.0,0.0,0.13,2.41,0.0
20051207:0711,0.0,0.0,0.0,-0.65,2.21,0.0
20051207:0811,0.0,0.0,0.0,-1.31,1.86,0.0
20051207:0911,166455.0,137.69,5.24,-2.06,1.38,0.0
20051207:1011,525375.0,398.25,9.81,-0.71,1.1,0.0
20051207:1111,740235.0,572.03,12.51,1.7,0.76,0.0
20051207:1211,464400.0,360.65,13.1,3.32,0.62,0.0
20051207:1311,795330.0,622.16,11.54,4.17,1.24,0.0
20051207:1411,676215.0,525.03,7.97,4.09,1.93,0.0
20051207:1511,101010.0,93.19,2.66,3.42,2.48,0.0
20051207:1611,0.0,0.0,0.0,2.65,2.9,0.0
20051207:1711,0.0,0.0,0.0,2.29,3.38,0.0
20051207:1811,0.0,0.0,0.0,2.17,3.66,0.0
20051207:1911,0.0,0.0,0.0,2.48,3.45,0.0
20051207:2011,0.0,0.0,0.0,2.43,3.52,0.0
20051207:2111,0.0,0.0,0.0,2.49,3.38,0.0
20051207:2211,0.0,0.0,0.0,2.57,3.31,0.0
20051207:2311,0.0,0.0,0.0,2.86,3.38,0.0
20051208:0011,0.0,0.0,0.0,3.19,3.38,0.0
20051208:0111,0.0,0.0,0.0,3.45,3.17,0.0
20051208:0211,0.0,0.0,0.0,3.68,2.9,0.0
20051208:0311,0.0,0.0,0.0,3.95,2.76,0.0
20051208:0411,0.0,0.0,0.0,3.94,2.48,0.0
20051208:0511,0.0,0.0,0.0,3.62,2.34,0.0
20051208:0611,0.0,0.0,0.0,2.92,2.28,0.0
20051208:0711,0.0,0.0,0.0,1.64,2.48,0.0
20051208:0811,0.0,0.0,0.0,1.23,2.48,0.0
20051208:0911,22800.0,29.56,5.11,1.01,2.28,0.0
20051208:1011,70620.0,68.45,9.68,2.39,1.79,0.0
20051208:1111,608385.0,470.42,12.38,4.66,1.52,0.0
20051208:1211,437280.0,342.46,12.99,6.11,1.45,0.0
20051208:1311,701340.0,551.19,11.45,6.64,1.38,0.0
20051208:1411,421350.0,332.99,7.9,6.53,1.45,0.0
20051208:1511,98505.0,92.18,2.61,5.69,1.86,0.0
20051208:1611,0.0,0.0,0.0,3.9,2.14,0.0
20051208:1711,0.0,0.0,0.0,2.26,2.0,0.0
20051208:1811,0.0,0.0,0.0,0.85,1.93,0.0
20051208:1911,0.0,0.0,0.0,0.17,1.24,0.0
20051208:2011,0.0,0.0,0.0,-0.83,0.97,0.0
20051208:2111,0.0,0.0,0.0,-1.33,0.76,0.0
20051208:2211,0.0,0.0,0.0,-1.03,0.62,0.0
20051208:2311,0.0,0.0,0.0,-1.07,0.69,0.0
20051209:0011,0.0,0.0,0.0,-1.0,0.69,0.0
20051209:0111,0.0,0.0,0.0,-0.74,0.55,0.0
20051209:0211,0.0,0.0,0.0,-0.27,0.55,0.0
20051209:0311,0.0,0.0,0.0,-0.21,0.69,0.0
20051209:0411,0.0,0.0,0.0,0.13,1.03,0.0
20051209:0511,0.0,0.0,0.0,0.44,1.59,0.0
20051209:0611,0.0,0.0,0.0,0.63,1.93,0.0
20051209:0711,0.0,0.0,0.0,1.13,2.34,0.0
20051209:0811,0.0,0.0,0.0,1.48,2.28,0.0
20051209:0911,12750.0,20.4,4.97,1.79,2.62,0.0
20051209:1011,59955.0,60.16,9.55,2.41,3.03,0.0
20051209:1111,17490.0,25.03,12.27,2.93,3.31,0.0
20051209:1211,27810.0,34.3,12.89,3.42,3.38,0.0
20051209:1311,29850.0,36.16,11.37,4.09,3.38,0.0
20051209:1411,25560.0,32.45,7.83,4.32,3.59,0.0
20051209:1511,37695.0,43.11,2.56,4.52,3.72,0.0
20051209:1611,0.0,0.0,0.0,4.66,3.72,0.0
20051209:1711,0.0,0.0,0.0,4.79,3.72,0.0
20051209:1811,0.0,0.0,0.0,4.97,3.52,0.0
20051209:1911,0.0,0.0,0.0,5.28,3.45,0.0
20051209:2011,0.0,0.0,0.0,5.47,3.31,0.0
20051209:2111,0.0,0.0,0.0,5.58,3.38,0.0
20051209:2211,0.0,0.0,0.0,5.66,3.31,0.0
20051209:2311,0.0,0.0,0.0,5.39,3.17,0.0
20051210:0011,0.0,0.0,0.0,5.65,3.17,0.0
20051210:0111,0.0,0.0,0.0,5.84,3.17,0.0
20051210:0211,0.0,0.0,0.0,6.04,3.38,0.0
20051210:0311,0.0,0.0,0.0,6.43,3.45,0.0
20051210:0411,0.0,0.0,0.0,6.58,3.38,0.0
20051210:0511,0.0,0.0,0.0,6.58,3.24,0.0
20051210:0611,0.0,0.0,0.0,6.85,3.24,0.0
20051210:0711,0.0,0.0,0.0,7.63,3.93,0.0
20051210:0811,0.0,0.0,0.0,7.65,4.0,0.0
20051210:0911,0.0,2.78,4.85,7.81,3.79,0.0
20051210:1011,201900.0,168.11,9.44,8.18,3.66,0.0
20051210:1111,212835.0,176.8,12.16,8.79,3.59,0.0
20051210:1211,192705.0,162.65,12.8,9.38,3.31,0.0
20051210:1311,426645.0,336.74,11.3,9.57,3.52,0.0
20051210:1411,5280.0,12.98,7.77,9.55,3.79,0.0
20051210:1511,495.0,6.49,2.52,9.49,3.79,0.0
20051210:1611,0.0,0.0,0.0,9.36,3.93,0.0
20051210:1711,0.0,0.0,0.0,9.41,4.07,0.0
20051210:1811,0.0,0.0,0.0,9.48,4.14,0.0
20051210:1911,0.0,0.0,0.0,9.5,4.0,0.0
20051210:2011,0.0,0.0,0.0,9.47,4.0,0.0
20051210:2111,0.0,0.0,0.0,9.46,4.0,0.0
20051210:2211,0.0,0.0,0.0,9.47,4.07,0.0
20051210:2311,0.0,0.0,0.0,9.39,4.14,0.0
20051211:0011,0.0,0.0,0.0,9.41,4.07,0.0
20051211:0111,0.0,0.0,0.0,9.35,4.0,0.0
20051211:0211,0.0,0.0,0.0,9.36,4.07,0.0
20051211:0311,0.0,0.0,0.0,9.29,4.21,0.0
20051211:0411,0.0,0.0,0.0,9.08,4.48,0.0
20051211:0511,0.0,0.0,0.0,9.13,4.76,0.0
20051211:0611,0.0,0.0,0.0,8.92,4.76,0.0
20051211:0711,0.0,0.0,0.0,9.17,4.69,0.0
20051211:0811,0.0,0.0,0.0,8.89,4.83,0.0
20051211:0911,55395.0,57.93,4.73,8.49,4.9,0.0
20051211:1011,404595.0,316.86,9.32,8.53,5.1,0.0
20051211:1111,614580.0,475.06,12.06,8.91,4.9,0.0
20051211:1211,113445.0,103.33,12.72,9.25,5.31,0.0
20051211:1311,654255.0,508.56,11.23,9.35,4.55,0.0
20051211:1411,241575.0,198.49,7.72,9.25,5.52,0.0
20051211:1511,240300.0,201.59,2.48,8.84,5.1,0.0
20051211:1611,0.0,0.0,0.0,8.31,4.9,0.0
20051211:1711,0.0,0.0,0.0,7.77,4.76,0.0
20051211:1811,0.0,0.0,0.0,7.6,4.28,0.0
20051211:1911,0.0,0.0,0.0,7.38,3.1,0.0
20051211:2011,0.0,0.0,0.0,7.34,2.69,0.0
20051211:2111,0.0,0.0,0.0,7.45,2.41,0.0
20051211:2211,0.0,0.0,0.0,7.93,2.69,0.0
20051211:2311,0.0,0.0,0.0,8.34,3.1,0.0
20051212:0011,0.0,0.0,0.0,8.59,4.69,0.0
20051212:0111,0.0,0.0,0.0,8.16,5.52,0.0
20051212:0211,0.0,0.0,0.0,7.42,4.83,0.0
20051212:0311,0.0,0.0,0.0,6.98,4.55,0.0
20051212:0411,0.0,0.0,0.0,6.19,4.34,0.0
20051212:0511,0.0,0.0,0.0,5.5,4.28,0.0
20051212:0611,0.0,0.0,0.0,4.87,4.21,0.0
20051212:0711,0.0,0.0,0.0,4.27,4.0,0.0
20051212:0811,0.0,0.0,0.0,4.09,3.93,0.0
20051212:0911,123960.0,109.34,4.61,4.06,3.86,0.0
20051212:1011,96570.0,88.57,9.22,4.73,3.72,0.0
20051212:1111,91410.0,85.3,11.97,5.39,3.17,0.0
20051212:1211,109725.0,99.36,12.64,5.87,3.45,0.0
20051212:1311,301275.0,239.64,11.17,6.22,3.52,0.0
20051212:1411,253470.0,205.27,7.68,6.11,3.45,0.0
20051212:1511,152235.0,133.02,2.45,5.49,3.1,0.0
20051212:1611,0.0,0.0,0.0,4.75,3.1,0.0
20051212:1711,0.0,0.0,0.0,4.13,3.1,0.0
20051212:1811,0.0,0.0,0.0,3.82,2.9,0.0
20051212:1911,0.0,0.0,0.0,2.99,2.62,0.0
20051212:2011,0.0,0.0,0.0,2.1,2.62,0.0
20051212:2111,0.0,0.0,0.0,1.18,2.55,0.0
20051212:2211,0.0,0.0,0.0,0.48,2.55,0.0
20051212:2311,0.0,0.0,0.0,0.03,2.55,0.0
20051213:0011,0.0,0.0,0.0,-0.23,2.55,0.0
20051213:0111,0.0,0.0,0.0,-0.69,2.41,0.0
20051213:0211,0.0,0.0,0.0,-1.13,2.34,0.0
20051213:0311,0.0,0.0,0.0,-1.39,2.28,0.0
20051213:0411,0.0,0.0,0.0,-1.63,2.28,0.0
20051213:0511,0.0,0.0,0.0,-1.61,2.41,0.0
20051213:0611,0.0,0.0,0.0,-1.46,2.55,0.0
20051213:0711,0.0,0.0,0.0,-0.98,2.62,0.0
20051213:0811,0.0,0.0,0.0,-0.7,2.55,0.0
20051213:0911,10500.0,18.08,4.51,0.15,2.83,0.0
20051213:1011,243135.0,193.76,9.12,2.06,2.76,0.0
20051213:1111,21420.0,28.74,11.89,4.1,2.9,0.0
20051213:1211,352425.0,276.33,12.57,5.53,3.1,0.0
20051213:1311,752280.0,578.5,11.12,6.24,4.07,0.0
20051213:1411,462135.0,359.14,7.64,6.38,4.34,0.0
20051213:1511,396600.0,317.54,2.43,6.04,4.28,0.0
20051213:1611,0.0,0.0,0.0,5.8,4.34,0.0
20051213:1711,0.0,0.0,0.0,5.69,4.28,0.0
20051213:1811,0.0,0.0,0.0,5.65,4.21,0.0
20051213:1911,0.0,0.0,0.0,5.73,4.34,0.0
20051213:2011,0.0,0.0,0.0,6.04,4.41,0.0
20051213:2111,0.0,0.0,0.0,6.43,4.28,0.0
20051213:2211,0.0,0.0,0.0,6.77,4.07,0.0
20051213:2311,0.0,0.0,0.0,6.82,4.0,0.0
20051214:0011,0.0,0.0,0.0,6.97,4.0,0.0
20051214:0111,0.0,0.0,0.0,6.59,3.86,0.0
20051214:0211,0.0,0.0,0.0,6.19,3.86,0.0
20051214:0311,0.0,0.0,0.0,5.82,3.93,0.0
20051214:0411,0.0,0.0,0.0,5.37,4.07,0.0
20051214:0511,0.0,0.0,0.0,5.27,4.21,0.0
20051214:0611,0.0,0.0,0.0,4.94,4.14,0.0
20051214:0711,0.0,0.0,0.0,5.6,3.93,0.0
20051214:0811,0.0,0.0,0.0,5.3,3.86,0.0
20051214:0911,0.0,1.85,4.41,5.14,3.72,0.0
20051214:1011,27480.0,34.3,9.03,5.68,3.66,0.0
20051214:1111,229290.0,187.12,11.81,6.43,3.31,0.0
20051214:1211,250905.0,203.74,12.51,7.1,3.03,0.0
20051214:1311,108750.0,99.17,11.07,7.43,3.1,0.0
20051214:1411,173085.0,147.01,7.62,7.13,2.97,0.0
20051214:1511,70035.0,69.85,2.42,6.08,2.76,0.0
20051214:1611,0.0,0.0,0.0,4.59,2.76,0.0
20051214:1711,0.0,0.0,0.0,3.62,2.83,0.0
20051214:1811,0.0,0.0,0.0,3.1,3.03,0.0
20051214:1911,0.0,0.0,0.0,2.93,2.83,0.0
20051214:2011,0.0,0.0,0.0,2.95,3.17,0.0
20051214:2111,0.0,0.0,0.0,3.23,3.31,0.0
20051214:2211,0.0,0.0,0.0,3.98,3.59,0.0
20051214:2311,0.0,0.0,0.0,5.0,4.07,0.0
20051215:0011,0.0,0.0,0.0,5.96,4.62,0.0
20051215:0111,0.0,0.0,0.0,6.33,5.17,0.0
20051215:0211,0.0,0.0,0.0,6.41,5.31,0.0
20051215:0311,0.0,0.0,0.0,6.42,4.9,0.0
20051215:0411,0.0,0.0,0.0,6.3,4.62,0.0
20051215:0511,0.0,0.0,0.0,6.3,4.62,0.0
20051215:0611,0.0,0.0,0.0,6.14,4.62,0.0
20051215:0711,0.0,0.0,0.0,6.5,4.97,0.0
20051215:0811,0.0,0.0,0.0,6.3,4.69,0.0
20051215:0911,18885.0,26.56,4.31,6.28,4.55,0.0
20051215:1011,145200.0,125.48,8.95,6.91,4.62,0.0
20051215:1111,483210.0,373.9,11.74,7.56,4.55,0.0
20051215:1211,69060.0,68.94,12.46,8.09,4.69,0.0
20051215:1311,267180.0,216.19,11.03,8.33,4.62,0.0
20051215:1411,39990.0,45.31,7.6,8.29,4.55,0.0
20051215:1511,22890.0,30.55,2.41,7.58,4.55,0.0
20051215:1611,0.0,0.0,0.0,7.26,4.83,0.0
20051215:1711,0.0,0.0,0.0,7.38,5.03,0.0
20051215:1811,0.0,0.0,0.0,7.55,5.52,0.0
20051215:1911,0.0,0.0,0.0,8.44,6.34,0.0
20051215:2011,0.0,0.0,0.0,9.19,6.97,0.0
20051215:2111,0.0,0.0,0.0,9.71,7.72,0.0
20051215:2211,0.0,0.0,0.0,9.68,8.34,0.0
20051215:2311,0.0,0.0,0.0,9.78,8.55,0.0
20051216:0011,0.0,0.0,0.0,9.81,8.62,0.0
20051216:0111,0.0,0.0,0.0,10.21,9.17,0.0
20051216:0211,0.0,0.0,0.0,10.33,9.03,0.0
20051216:0311,0.0,0.0,0.0,10.55,8.62,0.0
20051216:0411,0.0,0.0,0.0,10.79,8.14,0.0
20051216:0511,0.0,0.0,0.0,10.9,7.79,0.0
20051216:0611,0.0,0.0,0.0,10.66,7.72,0.0
20051216:0711,0.0,0.0,0.0,10.14,7.38,0.0
20051216:0811,0.0,0.0,0.0,8.87,6.69,0.0
20051216:0911,53535.0,56.31,4.23,7.87,6.28,0.0
20051216:1011,94620.0,87.88,8.87,7.44,6.41,0.0
20051216:1111,17115.0,25.03,11.68,7.02,6.69,0.0
20051216:1211,98160.0,90.75,12.41,6.71,6.76,0.0
20051216:1311,557205.0,425.42,11.0,6.29,6.28,0.0
20051216:1411,534405.0,409.96,7.58,5.72,6.0,0.0
20051216:1511,57045.0,59.02,2.42,4.85,5.52,0.0
20051216:1611,0.0,0.0,0.0,3.96,5.31,0.0
20051216:1711,0.0,0.0,0.0,3.14,5.31,0.0
20051216:1811,0.0,0.0,0.0,2.67,5.31,0.0
20051216:1911,0.0,0.0,0.0,2.49,4.97,0.0
20051216:2011,0.0,0.0,0.0,2.01,5.03,0.0
20051216:2111,0.0,0.0,0.0,1.61,5.17,0.0
20051216:2211,0.0,0.0,0.0,1.3,5.38,0.0
20051216:2311,0.0,0.0,0.0,1.05,5.45,0.0
20051217:0011,0.0,0.0,0.0,0.77,5.52,0.0
20051217:0111,0.0,0.0,0.0,0.39,5.59,0.0
20051217:0211,0.0,0.0,0.0,0.19,5.72,0.0
20051217:0311,0.0,0.0,0.0,-0.02,5.79,0.0
20051217:0411,0.0,0.0,0.0,-0.2,5.86,0.0
20051217:0511,0.0,0.0,0.0,-0.32,5.93,0.0
20051217:0611,0.0,0.0,0.0,-0.41,5.86,0.0
20051217:0711,0.0,0.0,0.0,-0.17,5.86,0.0
20051217:0811,0.0,0.0,0.0,-0.17,5.86,0.0
20051217:0911,10065.0,17.62,4.15,-0.17,5.86,0.0
20051217:1011,463500.0,347.36,8.8,0.44,5.93,0.0
20051217:1111,517740.0,386.9,11.62,1.1,5.86,0.0
20051217:1211,211725.0,170.68,12.37,1.6,5.03,0.0
20051217:1311,601680.0,451.21,10.98,1.82,5.1,0.0
20051217:1411,484560.0,366.92,7.58,1.76,5.52,0.0
20051217:1511,274185.0,219.83,2.42,1.22,4.9,0.0
20051217:1611,0.0,0.0,0.0,0.34,4.55,0.0
20051217:1711,0.0,0.0,0.0,-0.23,4.34,0.0
20051217:1811,0.0,0.0,0.0,-0.59,4.21,0.0
20051217:1911,0.0,0.0,0.0,-0.66,4.21,0.0
20051217:2011,0.0,0.0,0.0,-0.94,4.07,0.0
20051217:2111,0.0,0.0,0.0,-1.18,3.79,0.0
20051217:2211,0.0,0.0,0.0,-1.54,3.52,0.0
20051217:2311,0.0,0.0,0.0,-1.82,3.38,0.0
20051218:0011,0.0,0.0,0.0,-1.92,3.24,0.0
20051218:0111,0.0,0.0,0.0,-2.13,2.97,0.0
20051218:0211,0.0,0.0,0.0,-2.48,2.83,0.0
20051218:0311,0.0,0.0,0.0,-2.78,2.55,0.0
20051218:0411,0.0,0.0,0.0,-3.16,2.28,0.0
20051218:0511,0.0,0.0,0.0,-3.68,2.07,0.0
20051218:0611,0.0,0.0,0.0,-4.08,1.86,0.0
20051218:0711,0.0,0.0,0.0,-4.1,2.0,0.0
20051218:0811,0.0,0.0,0.0,-4.13,1.79,0.0
20051218:0911,2625.0,9.27,4.07,-3.75,1.66,0.0
20051218:1011,334305.0,256.24,8.74,-1.9,1.38,0.0
20051218:1111,57300.0,57.92,11.58,0.62,1.72,0.0
20051218:1211,68670.0,67.1,12.34,1.99,2.41,0.0
20051218:1311,65280.0,64.65,10.97,2.79,2.83,0.0
20051218:1411,234855.0,189.1,7.58,3.12,3.66,0.0
20051218:1511,138375.0,121.11,2.44,3.18,3.86,0.0
20051218:1611,0.0,0.0,0.0,3.12,4.21,0.0
20051218:1711,0.0,0.0,0.0,3.66,4.34,0.0
20051218:1811,0.0,0.0,0.0,4.65,4.62,0.0
20051218:1911,0.0,0.0,0.0,5.14,5.03,0.0
20051218:2011,0.0,0.0,0.0,5.57,4.76,0.0
20051218:2111,0.0,0.0,0.0,5.95,4.55,0.0
20051218:2211,0.0,0.0,0.0,6.43,4.07,0.0
20051218:2311,0.0,0.0,0.0,6.16,4.14,0.0
20051219:0011,0.0,0.0,0.0,4.94,4.28,0.0
20051219:0111,0.0,0.0,0.0,4.4,4.41,0.0
20051219:0211,0.0,0.0,0.0,4.27,4.28,0.0
20051219:0311,0.0,0.0,0.0,4.05,4.21,0.0
20051219:0411,0.0,0.0,0.0,3.68,4.07,0.0
20051219:0511,0.0,0.0,0.0,3.3,4.0,0.0
20051219:0611,0.0,0.0,0.0,2.91,3.72,0.0
20051219:0711,0.0,0.0,0.0,2.88,3.38,0.0
20051219:0811,0.0,0.0,0.0,2.59,3.24,0.0
20051219:0911,27825.0,34.14,4.01,2.54,3.17,0.0
20051219:1011,416490.0,320.77,8.69,3.55,3.03,0.0
20051219:1111,642330.0,492.7,11.54,5.06,2.9,0.0
20051219:1211,198000.0,164.56,12.32,6.38,3.1,0.0
20051219:1311,572160.0,443.33,10.96,7.15,3.31,0.0
20051219:1411,381960.0,301.53,7.59,7.13,3.17,0.0
20051219:1511,151200.0,132.58,2.46,6.32,2.69,0.0
20051219:1611,0.0,0.0,0.0,4.89,2.55,0.0
20051219:1711,0.0,0.0,0.0,3.74,2.48,0.0
20051219:1811,0.0,0.0,0.0,2.69,2.48,0.0
20051219:1911,0.0,0.0,0.0,3.3,2.48,0.0
20051219:2011,0.0,0.0,0.0,3.01,2.41,0.0
20051219:2111,0.0,0.0,0.0,2.24,2.62,0.0
20051219:2211,0.0,0.0,0.0,2.11,2.55,0.0
20051219:2311,0.0,0.0,0.0,2.0,2.62,0.0
20051220:0011,0.0,0.0,0.0,1.96,2.55,0.0
20051220:0111,0.0,0.0,0.0,1.84,2.55,0.0
20051220:0211,0.0,0.0,0.0,2.23,2.48,0.0
20051220:0311,0.0,0.0,0.0,2.12,2.55,0.0
20051220:0411,0.0,0.0,0.0,1.57,2.69,0.0
20051220:0511,0.0,0.0,0.0,1.63,2.69,0.0
20051220:0611,0.0,0.0,0.0,1.57,2.69,0.0
20051220:0711,0.0,0.0,0.0,1.67,2.62,0.0
20051220:0811,0.0,0.0,0.0,1.44,2.62,0.0
20051220:0911,0.0,1.85,3.95,1.3,2.48,0.0
20051220:1011,16560.0,24.1,8.64,2.14,2.21,0.0
20051220:1111,20355.0,27.81,11.51,4.44,2.0,0.0
20051220:1211,52815.0,55.63,12.3,6.06,2.21,0.0
20051220:1311,126975.0,112.62,10.96,6.8,2.69,0.0
20051220:1411,27270.0,34.3,7.6,7.09,2.9,0.0
20051220:1511,390390.0,314.55,2.49,6.58,2.76,0.0
20051220:1611,0.0,0.0,0.0,5.88,2.76,0.0
20051220:1711,0.0,0.0,0.0,5.71,2.69,0.0
20051220:1811,0.0,0.0,0.0,5.53,2.76,0.0
20051220:1911,0.0,0.0,0.0,6.2,2.62,0.0
20051220:2011,0.0,0.0,0.0,5.81,2.83,0.0
20051220:2111,0.0,0.0,0.0,5.67,2.97,0.0
20051220:2211,0.0,0.0,0.0,5.81,3.1,0.0
20051220:2311,0.0,0.0,0.0,5.77,3.17,0.0
20051221:0011,0.0,0.0,0.0,6.09,3.31,0.0
20051221:0111,0.0,0.0,0.0,6.54,3.72,0.0
20051221:0211,0.0,0.0,0.0,6.86,4.07,0.0
20051221:0311,0.0,0.0,0.0,6.91,4.41,0.0
20051221:0411,0.0,0.0,0.0,7.0,4.69,0.0
20051221:0511,0.0,0.0,0.0,7.21,5.1,0.0
20051221:0611,0.0,0.0,0.0,7.26,5.38,0.0
20051221:0711,0.0,0.0,0.0,7.67,5.79,0.0
20051221:0811,0.0,0.0,0.0,7.91,6.0,0.0
20051221:0911,0.0,1.85,3.89,8.31,5.86,0.0
20051221:1011,22920.0,30.59,8.6,8.91,5.79,0.0
20051221:1111,18840.0,26.89,11.48,9.45,5.31,0.0
20051221:1211,41895.0,47.28,12.3,9.76,4.41,0.0
20051221:1311,259980.0,212.67,10.97,9.66,3.31,0.0
20051221:1411,93630.0,88.28,7.63,9.22,2.34,0.0
20051221:1511,70575.0,70.76,2.53,8.13,2.21,0.0
20051221:1611,0.0,0.0,0.0,6.61,2.48,0.0
20051221:1711,0.0,0.0,0.0,5.34,2.55,0.0
20051221:1811,0.0,0.0,0.0,4.56,2.62,0.0
20051221:1911,0.0,0.0,0.0,4.21,2.55,0.0
20051221:2011,0.0,0.0,0.0,3.96,2.48,0.0
20051221:2111,0.0,0.0,0.0,3.49,2.48,0.0
20051221:2211,0.0,0.0,0.0,3.17,2.34,0.0
20051221:2311,0.0,0.0,0.0,2.81,2.28,0.0
20051222:0011,0.0,0.0,0.0,2.83,2.21,0.0
20051222:0111,0.0,0.0,0.0,3.21,2.28,0.0
20051222:0211,0.0,0.0,0.0,3.31,2.28,0.0
20051222:0311,0.0,0.0,0.0,3.6,2.07,0.0
20051222:0411,0.0,0.0,0.0,3.85,1.93,0.0
20051222:0511,0.0,0.0,0.0,4.01,1.72,0.0
20051222:0611,0.0,0.0,0.0,4.37,1.79,0.0
20051222:0711,0.0,0.0,0.0,4.66,1.93,0.0
20051222:0811,0.0,0.0,0.0,5.34,2.21,0.0
20051222:0911,0.0,1.85,3.85,6.01,2.55,0.0
20051222:1011,13260.0,21.32,8.57,7.05,3.1,0.0
20051222:1111,45600.0,50.06,11.46,8.01,3.52,0.0
20051222:1211,17955.0,25.96,12.29,8.44,3.45,0.0
20051222:1311,7785.0,15.76,10.99,8.57,3.86,0.0
20051222:1411,39900.0,45.29,7.66,8.65,4.48,0.0
20051222:1511,24375.0,31.95,2.57,8.4,4.62,0.0
20051222:1611,0.0,0.0,0.0,8.05,4.55,0.0
20051222:1711,0.0,0.0,0.0,7.58,4.14,0.0
20051222:1811,0.0,0.0,0.0,7.47,3.93,0.0
20051222:1911,0.0,0.0,0.0,8.04,4.28,0.0
20051222:2011,0.0,0.0,0.0,8.14,4.48,0.0
20051222:2111,0.0,0.0,0.0,8.31,4.41,0.0
20051222:2211,0.0,0.0,0.0,8.59,4.34,0.0
20051222:2311,0.0,0.0,0.0,8.87,4.62,0.0
20051223:0011,0.0,0.0,0.0,8.94,4.97,0.0
20051223:0111,0.0,0.0,0.0,8.79,5.24,0.0
20051223:0211,0.0,0.0,0.0,8.74,5.45,0.0
20051223:0311,0.0,0.0,0.0,8.72,5.59,0.0
20051223:0411,0.0,0.0,0.0,8.81,5.66,0.0
20051223:0511,0.0,0.0,0.0,8.58,5.38,0.0
20051223:0611,0.0,0.0,0.0,8.74,5.45,0.0
20051223:0711,0.0,0.0,0.0,8.91,5.45,0.0
20051223:0811,0.0,0.0,0.0,8.92,5.45,0.0
20051223:0911,43980.0,48.78,3.81,8.95,5.31,0.0
20051223:1011,97935.0,91.11,8.55,9.38,5.31,0.0
20051223:1111,13050.0,21.32,11.46,9.92,5.31,0.0
20051223:1211,25815.0,33.38,12.3,10.14,5.1,0.0
20051223:1311,316665.0,254.6,11.01,10.35,4.62,0.0
20051223:1411,359220.0,287.04,7.7,10.22,4.83,0.0
20051223:1511,143820.0,128.33,2.62,9.72,4.41,0.0
20051223:1611,0.0,0.0,0.0,8.9,4.14,0.0
20051223:1711,0.0,0.0,0.0,8.2,4.14,0.0
20051223:1811,0.0,0.0,0.0,7.89,4.14,0.0
20051223:1911,0.0,0.0,0.0,7.25,4.21,0.0
20051223:2011,0.0,0.0,0.0,6.81,4.07,0.0
20051223:2111,0.0,0.0,0.0,6.56,3.93,0.0
20051223:2211,0.0,0.0,0.0,6.28,3.86,0.0
20051223:2311,0.0,0.0,0.0,6.21,4.0,0.0
20051224:0011,0.0,0.0,0.0,6.35,4.21,0.0
20051224:0111,0.0,0.0,0.0,6.97,4.41,0.0
20051224:0211,0.0,0.0,0.0,7.35,4.48,0.0
20051224:0311,0.0,0.0,0.0,7.47,4.48,0.0
20051224:0411,0.0,0.0,0.0,7.8,4.41,0.0
20051224:0511,0.0,0.0,0.0,7.91,4.21,0.0
20051224:0611,0.0,0.0,0.0,7.61,3.86,0.0
20051224:0711,0.0,0.0,0.0,6.96,2.97,0.0
20051224:0811,0.0,0.0,0.0,5.88,2.62,0.0
20051224:0911,8415.0,16.25,3.78,5.21,2.28,0.0
20051224:1011,290565.0,231.86,8.53,5.62,2.07,0.0
20051224:1111,370365.0,291.45,11.45,6.21,1.86,0.0
20051224:1211,733530.0,572.37,12.32,6.68,2.07,0.0
20051224:1311,649290.0,507.41,11.04,7.0,1.93,0.0
20051224:1411,392535.0,310.44,7.75,6.7,1.86,0.0
20051224:1511,99000.0,92.28,2.68,5.8,2.28,0.0
20051224:1611,0.0,0.0,0.0,4.16,2.62,0.0
20051224:1711,0.0,0.0,0.0,2.92,2.69,0.0
20051224:1811,0.0,0.0,0.0,2.14,2.76,0.0
20051224:1911,0.0,0.0,0.0,2.27,2.97,0.0
20051224:2011,0.0,0.0,0.0,2.04,2.97,0.0
20051224:2111,0.0,0.0,0.0,2.17,2.97,0.0
20051224:2211,0.0,0.0,0.0,2.35,3.03,0.0
20051224:2311,0.0,0.0,0.0,2.5,3.03,0.0
20051225:0011,0.0,0.0,0.0,2.96,2.97,0.0
20051225:0111,0.0,0.0,0.0,3.11,2.9,0.0
20051225:0211,0.0,0.0,0.0,3.51,2.69,0.0
20051225:0311,0.0,0.0,0.0,3.58,2.55,0.0
20051225:0411,0.0,0.0,0.0,3.54,2.55,0.0
20051225:0511,0.0,0.0,0.0,3.65,2.48,0.0
20051225:0611,0.0,0.0,0.0,3.51,2.48,0.0
20051225:0711,0.0,0.0,0.0,3.59,2.55,0.0
20051225:0811,0.0,0.0,0.0,3.44,2.55,0.0
20051225:0911,0.0,2.78,3.76,3.48,2.48,0.0
20051225:1011,35745.0,41.07,8.52,4.11,2.34,0.0
20051225:1111,26520.0,33.38,11.46,4.83,2.14,0.0
20051225:1211,66315.0,66.17,12.34,5.45,2.34,0.0
20051225:1311,103710.0,94.77,11.08,5.58,2.34,0.0
20051225:1411,31755.0,38.01,7.8,5.59,2.55,0.0
20051225:1511,52470.0,55.32,2.75,5.02,2.28,0.0
20051225:1611,0.0,0.0,0.0,4.19,2.28,0.0
20051225:1711,0.0,0.0,0.0,3.64,2.41,0.0
20051225:1811,0.0,0.0,0.0,3.12,2.48,0.0
20051225:1911,0.0,0.0,0.0,3.4,2.62,0.0
20051225:2011,0.0,0.0,0.0,3.48,2.83,0.0
20051225:2111,0.0,0.0,0.0,3.68,3.03,0.0
20051225:2211,0.0,0.0,0.0,3.8,3.24,0.0
20051225:2311,0.0,0.0,0.0,3.59,3.31,0.0
20051226:0011,0.0,0.0,0.0,3.8,3.38,0.0
20051226:0111,0.0,0.0,0.0,3.96,3.31,0.0
20051226:0211,0.0,0.0,0.0,4.08,3.31,0.0
20051226:0311,0.0,0.0,0.0,4.13,3.38,0.0
20051226:0411,0.0,0.0,0.0,4.13,3.45,0.0
20051226:0511,0.0,0.0,0.0,4.14,3.45,0.0
20051226:0611,0.0,0.0,0.0,4.27,3.59,0.0
20051226:0711,0.0,0.0,0.0,4.2,4.0,0.0
20051226:0811,0.0,0.0,0.0,4.3,4.07,0.0
20051226:0911,7605.0,15.34,3.74,4.29,4.07,0.0
20051226:1011,20385.0,27.81,8.52,4.31,4.0,0.0
20051226:1111,234945.0,189.57,11.47,4.74,4.0,0.0
20051226:1211,9720.0,17.62,12.37,5.12,3.66,0.0
20051226:1311,134880.0,117.68,11.13,5.43,3.72,0.0
20051226:1411,32865.0,38.94,7.86,5.56,4.21,0.0
20051226:1511,99150.0,91.84,2.82,4.9,3.93,0.0
20051226:1611,0.0,0.0,0.0,4.08,3.72,0.0
20051226:1711,0.0,0.0,0.0,3.48,3.52,0.0
20051226:1811,0.0,0.0,0.0,3.16,3.38,0.0
20051226:1911,0.0,0.0,0.0,2.94,3.45,0.0
20051226:2011,0.0,0.0,0.0,2.6,3.03,0.0
20051226:2111,0.0,0.0,0.0,2.39,2.69,0.0
20051226:2211,0.0,0.0,0.0,1.93,2.55,0.0
20051226:2311,0.0,0.0,0.0,1.12,2.62,0.0
20051227:0011,0.0,0.0,0.0,0.48,2.83,0.0
20051227:0111,0.0,0.0,0.0,0.43,2.9,0.0
20051227:0211,0.0,0.0,0.0,0.27,3.03,0.0
20051227:0311,0.0,0.0,0.0,0.3,3.17,0.0
20051227:0411,0.0,0.0,0.0,0.47,3.24,0.0
20051227:0511,0.0,0.0,0.0,0.55,3.31,0.0
20051227:0611,0.0,0.0,0.0,0.84,3.45,0.0
20051227:0711,0.0,0.0,0.0,0.95,4.14,0.0
20051227:0811,0.0,0.0,0.0,1.05,4.14,0.0
20051227:0911,0.0,0.93,3.73,1.05,4.07,0.0
20051227:1011,7245.0,14.83,8.52,1.83,4.41,0.0
20051227:1111,391155.0,299.12,11.5,2.59,4.76,0.0
20051227:1211,289890.0,227.36,12.41,2.87,4.62,0.0
20051227:1311,529890.0,402.21,11.19,3.23,4.28,0.0
20051227:1411,13575.0,21.32,7.93,3.02,4.62,0.0
20051227:1511,128595.0,113.02,2.9,2.49,4.62,0.0
20051227:1611,0.0,0.0,0.0,1.63,3.93,0.0
20051227:1711,0.0,0.0,0.0,1.09,3.72,0.0
20051227:1811,0.0,0.0,0.0,0.9,3.93,0.0
20051227:1911,0.0,0.0,0.0,0.96,3.79,0.0
20051227:2011,0.0,0.0,0.0,0.61,3.31,0.0
20051227:2111,0.0,0.0,0.0,0.33,2.9,0.0
20051227:2211,0.0,0.0,0.0,0.19,2.69,0.0
20051227:2311,0.0,0.0,0.0,0.05,2.55,0.0
20051228:0011,0.0,0.0,0.0,-0.24,2.48,0.0
20051228:0111,0.0,0.0,0.0,-0.74,2.55,0.0
20051228:0211,0.0,0.0,0.0,-1.01,2.55,0.0
20051228:0311,0.0,0.0,0.0,-1.45,2.48,0.0
20051228:0411,0.0,0.0,0.0,-1.86,2.41,0.0
20051228:0511,0.0,0.0,0.0,-1.98,2.48,0.0
20051228:0611,0.0,0.0,0.0,-1.83,2.62,0.0
20051228:0711,0.0,0.0,0.0,-2.0,2.76,0.0
20051228:0811,0.0,0.0,0.0,-1.65,2.83,0.0
20051228:0911,7875.0,15.34,3.73,-1.32,2.97,0.0
20051228:1011,21960.0,28.74,8.53,-0.49,2.9,0.0
20051228:1111,198030.0,160.55,11.53,0.47,2.69,0.0
20051228:1211,30285.0,36.16,12.46,1.28,2.9,0.0
20051228:1311,450855.0,342.85,11.25,1.39,3.1,0.0
20051228:1411,3240.0,10.2,8.0,0.97,3.31,0.0
20051228:1511,3255.0,10.2,2.98,0.4,3.24,0.0
20051228:1611,0.0,0.0,0.0,-0.65,3.24,0.0
20051228:1711,0.0,0.0,0.0,-1.27,3.24,0.0
20051228:1811,0.0,0.0,0.0,-1.77,3.17,0.0
20051228:1911,0.0,0.0,0.0,-1.31,2.9,0.0
20051228:2011,0.0,0.0,0.0,-1.41,2.76,0.0
20051228:2111,0.0,0.0,0.0,-1.33,2.76,0.0
20051228:2211,0.0,0.0,0.0,-1.35,2.69,0.0
20051228:2311,0.0,0.0,0.0,-1.6,2.55,0.0
20051229:0011,0.0,0.0,0.0,-2.21,2.48,0.0
20051229:0111,0.0,0.0,0.0,-3.06,2.34,0.0
20051229:0211,0.0,0.0,0.0,-3.38,2.07,0.0
20051229:0311,0.0,0.0,0.0,-4.12,1.93,0.0
20051229:0411,0.0,0.0,0.0,-5.01,1.86,0.0
20051229:0511,0.0,0.0,0.0,-5.64,1.93,0.0
20051229:0611,0.0,0.0,0.0,-6.1,1.79,0.0
20051229:0711,0.0,0.0,0.0,-4.83,1.52,0.0
20051229:0811,0.0,0.0,0.0,-4.67,1.24,0.0
20051229:0911,7995.0,15.32,3.73,-4.3,0.97,0.0
20051229:1011,105960.0,92.98,8.55,-3.24,0.62,0.0
20051229:1111,115440.0,100.67,11.56,-1.99,0.48,0.0
20051229:1211,32880.0,38.01,12.51,-1.34,1.24,0.0
20051229:1311,322965.0,248.95,11.32,-1.3,1.52,0.0
20051229:1411,8265.0,15.76,8.09,-1.17,1.93,0.0
20051229:1511,0.0,4.64,3.08,-1.35,2.41,0.0
20051229:1611,0.0,0.0,0.0,-1.77,2.07,0.0
20051229:1711,0.0,0.0,0.0,-1.97,2.21,0.0
20051229:1811,0.0,0.0,0.0,-2.13,2.55,0.0
20051229:1911,0.0,0.0,0.0,-1.9,3.31,0.0
20051229:2011,0.0,0.0,0.0,-2.06,3.45,0.0
20051229:2111,0.0,0.0,0.0,-2.19,3.66,0.0
20051229:2211,0.0,0.0,0.0,-2.39,3.93,0.0
20051229:2311,0.0,0.0,0.0,-2.49,4.28,0.0
20051230:0011,0.0,0.0,0.0,-2.46,4.62,0.0
20051230:0111,0.0,0.0,0.0,-2.42,5.03,0.0
20051230:0211,0.0,0.0,0.0,-2.05,5.59,0.0
20051230:0311,0.0,0.0,0.0,-1.4,6.14,0.0
20051230:0411,0.0,0.0,0.0,-0.81,6.34,0.0
20051230:0511,0.0,0.0,0.0,-0.27,6.41,0.0
20051230:0611,0.0,0.0,0.0,0.11,6.48,0.0
20051230:0711,0.0,0.0,0.0,0.21,6.55,0.0
20051230:0811,0.0,0.0,0.0,0.4,6.55,0.0
20051230:0911,0.0,2.78,3.75,0.43,6.76,0.0
20051230:1011,4020.0,11.13,8.58,0.45,6.83,0.0
20051230:1111,15735.0,23.18,11.61,0.62,6.97,0.0
20051230:1211,31500.0,37.08,12.57,0.77,6.69,0.0
20051230:1311,7290.0,14.83,11.39,1.01,5.79,0.0
20051230:1411,3240.0,10.2,8.18,1.42,4.55,0.0
20051230:1511,0.0,4.64,3.18,1.79,3.86,0.0
20051230:1611,0.0,0.0,0.0,2.27,3.17,0.0
20051230:1711,0.0,0.0,0.0,2.91,2.97,0.0
20051230:1811,0.0,0.0,0.0,3.7,3.1,0.0
20051230:1911,0.0,0.0,0.0,3.47,3.24,0.0
20051230:2011,0.0,0.0,0.0,4.2,3.72,0.0
20051230:2111,0.0,0.0,0.0,4.58,4.14,0.0
20051230:2211,0.0,0.0,0.0,5.12,4.69,0.0
20051230:2311,0.0,0.0,0.0,5.09,4.62,0.0
20051231:0011,0.0,0.0,0.0,4.72,4.48,0.0
20051231:0111,0.0,0.0,0.0,4.56,4.14,0.0
20051231:0211,0.0,0.0,0.0,4.11,4.0,0.0
20051231:0311,0.0,0.0,0.0,4.02,4.07,0.0
20051231:0411,0.0,0.0,0.0,3.87,4.0,0.0
20051231:0511,0.0,0.0,0.0,3.46,3.79,0.0
20051231:0611,0.0,0.0,0.0,3.29,3.52,0.0
20051231:0711,0.0,0.0,0.0,3.89,4.14,0.0
20051231:0811,0.0,0.0,0.0,4.51,4.34,0.0
20051231:0911,6600.0,14.26,3.77,4.69,4.48,0.0
20051231:1011,149685.0,127.77,8.62,4.91,4.28,0.0
20051231:1111,462195.0,354.73,11.66,5.02,4.14,0.0
20051231:1211,294705.0,233.24,12.64,5.09,4.0,0.0
20051231:1311,65460.0,65.41,11.48,5.44,4.21,0.0
20051231:1411,141060.0,122.36,8.27,5.85,4.34,0.0
20051231:1511,525.0,6.49,3.28,5.69,4.0,0.0
20051231:1611,0.0,0.0,0.0,4.87,3.66,0.0
20051231:1711,0.0,0.0,0.0,4.43,3.31,0.0
20051231:1811,0.0,0.0,0.0,4.12,2.9,0.0
20051231:1911,0.0,0.0,0.0,4.17,3.24,0.0
20051231:2011,0.0,0.0,0.0,4.18,3.03,0.0
20051231:2111,0.0,0.0,0.0,4.04,2.69,0.0
20051231:2211,0.0,0.0,0.0,3.58,2.21,0.0
20051231:2311,0.0,0.0,0.0,2.87,1.59,0.0

P: PV system power (W)
G(i): Global irradiance on the inclined plane (plane of the array) (W/m2)
H_sun: Sun height (degree)
T2m: 2-m air temperature (degree Celsius)
WS10m: 10-m total wind speed (m/s)
Int: 1 means solar radiation values are reconstructed



PVGIS (c) European Union, 2001-2026