Latitude (decimal degrees):	54.251
Longitude (decimal degrees):	-1.437
Elevation (m):	28
Radiation database:	PVGIS-SARAH3


Slope: 35 deg. 
Azimuth: 0 deg. 
Nominal power of the PV system (c-Si) (kWp):	2200.0
System losses (%):	14.0
time,P,G(i),H_sun,T2m,WS10m,Int
20230101:0011,0.0,0.0,0.0,8.38,3.86,0.0
20230101:0111,0.0,0.0,0.0,8.46,4.55,0.0
20230101:0211,0.0,0.0,0.0,8.21,5.03,0.0
20230101:0311,0.0,0.0,0.0,7.9,5.79,0.0
20230101:0411,0.0,0.0,0.0,7.64,6.55,0.0
20230101:0511,0.0,0.0,0.0,7.57,6.48,0.0
20230101:0611,0.0,0.0,0.0,7.59,6.55,0.0
20230101:0711,0.0,0.0,0.0,6.99,5.86,0.0
20230101:0811,0.0,0.0,0.0,6.79,5.93,0.0
20230101:0911,88594.0,61.78,3.8,6.77,6.0,0.0
20230101:1011,285296.0,162.1,8.67,7.57,6.21,0.0
20230101:1111,1052634.0,549.9,11.74,8.1,6.34,0.0
20230101:1211,1126158.0,588.89,12.74,8.55,6.55,0.0
20230101:1311,1029402.0,539.72,11.59,8.89,6.34,0.0
20230101:1411,661210.0,351.59,8.4,8.83,6.34,0.0
20230101:1511,54626.0,43.16,3.42,8.32,5.24,0.0
20230101:1611,0.0,0.0,0.0,7.52,4.55,0.0
20230101:1711,0.0,0.0,0.0,6.81,4.21,0.0
20230101:1811,0.0,0.0,0.0,6.37,4.34,0.0
20230101:1911,0.0,0.0,0.0,6.93,4.0,0.0
20230101:2011,0.0,0.0,0.0,6.81,3.66,0.0
20230101:2111,0.0,0.0,0.0,6.42,3.24,0.0
20230101:2211,0.0,0.0,0.0,6.22,3.03,0.0
20230101:2311,0.0,0.0,0.0,6.24,2.69,0.0
20230102:0011,0.0,0.0,0.0,6.45,2.62,0.0
20230102:0111,0.0,0.0,0.0,6.24,2.62,0.0
20230102:0211,0.0,0.0,0.0,5.72,2.55,0.0
20230102:0311,0.0,0.0,0.0,5.17,2.62,0.0
20230102:0411,0.0,0.0,0.0,4.96,2.9,0.0
20230102:0511,0.0,0.0,0.0,4.83,2.97,0.0
20230102:0611,0.0,0.0,0.0,3.99,2.62,0.0
20230102:0711,0.0,0.0,0.0,3.34,3.1,0.0
20230102:0811,0.0,0.0,0.0,2.33,2.83,0.0
20230102:0911,250074.0,143.28,3.84,1.44,2.62,0.0
20230102:1011,844624.0,438.36,8.72,1.83,2.48,0.0
20230102:1111,1060994.0,553.05,11.8,3.13,2.48,0.0
20230102:1211,1062798.0,553.79,12.83,4.14,3.1,0.0
20230102:1311,1015366.0,530.01,11.7,4.67,3.17,0.0
20230102:1411,548042.0,291.54,8.52,4.83,3.24,0.0
20230102:1511,121528.0,79.02,3.54,4.38,2.69,0.0
20230102:1611,0.0,0.0,0.0,3.17,2.41,0.0
20230102:1711,0.0,0.0,0.0,1.99,2.21,0.0
20230102:1811,0.0,0.0,0.0,0.71,2.21,0.0
20230102:1911,0.0,0.0,0.0,-0.14,2.34,0.0
20230102:2011,0.0,0.0,0.0,-0.78,2.34,0.0
20230102:2111,0.0,0.0,0.0,-1.33,2.28,0.0
20230102:2211,0.0,0.0,0.0,-1.81,2.34,0.0
20230102:2311,0.0,0.0,0.0,-2.05,2.48,0.0
20230103:0011,0.0,0.0,0.0,-1.99,2.62,0.0
20230103:0111,0.0,0.0,0.0,-1.64,2.76,0.0
20230103:0211,0.0,0.0,0.0,-1.12,3.03,0.0
20230103:0311,0.0,0.0,0.0,-0.8,3.38,0.0
20230103:0411,0.0,0.0,0.0,-0.38,3.66,0.0
20230103:0511,0.0,0.0,0.0,0.21,4.21,0.0
20230103:0611,0.0,0.0,0.0,0.69,4.62,0.0
20230103:0711,0.0,0.0,0.0,0.88,4.97,0.0
20230103:0811,0.0,0.0,0.0,1.72,5.45,0.0
20230103:0911,26554.0,25.6,3.88,3.03,5.93,0.0
20230103:1011,92356.0,63.02,8.78,4.75,6.14,0.0
20230103:1111,90332.0,62.48,11.88,6.18,6.07,0.0
20230103:1211,643456.0,339.79,12.92,7.38,5.72,0.0
20230103:1311,176836.0,108.16,11.8,8.35,5.52,0.0
20230103:1411,47432.0,38.94,8.64,8.75,5.45,0.0
20230103:1511,3454.0,9.27,3.67,8.72,5.03,0.0
20230103:1611,0.0,0.0,0.0,8.43,5.38,0.0
20230103:1711,0.0,0.0,0.0,8.91,5.79,0.0
20230103:1811,0.0,0.0,0.0,9.71,6.0,0.0
20230103:1911,0.0,0.0,0.0,10.2,6.48,0.0
20230103:2011,0.0,0.0,0.0,10.38,6.34,0.0
20230103:2111,0.0,0.0,0.0,10.61,6.0,0.0
20230103:2211,0.0,0.0,0.0,10.96,6.28,0.0
20230103:2311,0.0,0.0,0.0,11.33,7.24,0.0
20230104:0011,0.0,0.0,0.0,11.52,7.86,0.0
20230104:0111,0.0,0.0,0.0,11.72,8.28,0.0
20230104:0211,0.0,0.0,0.0,11.9,8.21,0.0
20230104:0311,0.0,0.0,0.0,11.52,8.14,0.0
20230104:0411,0.0,0.0,0.0,11.31,8.62,0.0
20230104:0511,0.0,0.0,0.0,11.16,8.97,0.0
20230104:0611,0.0,0.0,0.0,10.64,9.03,0.0
20230104:0711,0.0,0.0,0.0,10.39,9.03,0.0
20230104:0811,0.0,0.0,0.0,10.13,9.17,0.0
20230104:0911,310530.0,178.46,3.93,10.0,9.24,0.0
20230104:1011,712888.0,377.72,8.85,10.08,9.17,0.0
20230104:1111,928356.0,486.32,11.97,10.21,9.17,0.0
20230104:1211,990550.0,518.03,13.02,10.34,9.45,0.0
20230104:1311,869682.0,456.55,11.92,10.35,9.17,0.0
20230104:1411,547844.0,294.88,8.76,10.18,8.83,0.0
20230104:1511,235862.0,140.26,3.81,9.84,8.55,0.0
20230104:1611,0.0,0.0,0.0,9.6,8.34,0.0
20230104:1711,0.0,0.0,0.0,9.82,8.14,0.0
20230104:1811,0.0,0.0,0.0,9.78,7.79,0.0
20230104:1911,0.0,0.0,0.0,9.85,7.52,0.0
20230104:2011,0.0,0.0,0.0,9.77,7.31,0.0
20230104:2111,0.0,0.0,0.0,9.74,7.17,0.0
20230104:2211,0.0,0.0,0.0,9.65,6.97,0.0
20230104:2311,0.0,0.0,0.0,9.53,6.62,0.0
20230105:0011,0.0,0.0,0.0,9.27,6.14,0.0
20230105:0111,0.0,0.0,0.0,9.27,5.79,0.0
20230105:0211,0.0,0.0,0.0,9.37,5.31,0.0
20230105:0311,0.0,0.0,0.0,9.37,4.76,0.0
20230105:0411,0.0,0.0,0.0,9.28,4.21,0.0
20230105:0511,0.0,0.0,0.0,9.08,3.66,0.0
20230105:0611,0.0,0.0,0.0,8.84,3.45,0.0
20230105:0711,0.0,0.0,0.0,8.84,2.9,0.0
20230105:0811,0.0,0.0,0.0,8.76,2.97,0.0
20230105:0911,23892.0,24.41,3.99,8.67,2.97,0.0
20230105:1011,57222.0,44.58,8.93,8.75,3.03,0.0
20230105:1111,36564.0,32.45,12.06,9.02,3.31,0.0
20230105:1211,237292.0,139.59,13.13,9.28,4.0,0.0
20230105:1311,53482.0,42.65,12.04,9.71,4.41,0.0
20230105:1411,40810.0,35.23,8.9,10.64,4.9,0.0
20230105:1511,2442.0,8.34,3.95,10.85,5.03,0.0
20230105:1611,0.0,0.0,0.0,10.64,5.38,0.0
20230105:1711,0.0,0.0,0.0,10.28,5.86,0.0
20230105:1811,0.0,0.0,0.0,10.39,6.28,0.0
20230105:1911,0.0,0.0,0.0,10.65,6.62,0.0
20230105:2011,0.0,0.0,0.0,10.92,7.24,0.0
20230105:2111,0.0,0.0,0.0,11.09,7.45,0.0
20230105:2211,0.0,0.0,0.0,10.67,7.03,0.0
20230105:2311,0.0,0.0,0.0,9.2,6.69,0.0
20230106:0011,0.0,0.0,0.0,7.77,5.79,0.0
20230106:0111,0.0,0.0,0.0,7.58,5.93,0.0
20230106:0211,0.0,0.0,0.0,7.48,6.48,0.0
20230106:0311,0.0,0.0,0.0,7.04,6.55,0.0
20230106:0411,0.0,0.0,0.0,6.87,6.62,0.0
20230106:0511,0.0,0.0,0.0,6.76,6.97,0.0
20230106:0611,0.0,0.0,0.0,6.69,7.03,0.0
20230106:0711,0.0,0.0,0.0,6.99,7.24,0.0
20230106:0811,0.0,0.0,0.0,6.98,7.24,0.0
20230106:0911,0.0,5.56,4.05,7.01,6.9,0.0
20230106:1011,35376.0,31.52,9.01,7.45,6.55,0.0
20230106:1111,33770.0,30.59,12.16,8.08,6.28,0.0
20230106:1211,168674.0,104.33,13.24,8.69,5.03,0.0
20230106:1311,85448.0,60.51,12.17,9.05,5.1,0.0
20230106:1411,7788.0,12.98,9.03,9.07,5.17,0.0
20230106:1511,26576.0,26.16,4.09,8.94,4.62,0.0
20230106:1611,0.0,0.0,0.0,8.4,4.21,0.0
20230106:1711,0.0,0.0,0.0,7.64,4.21,0.0
20230106:1811,0.0,0.0,0.0,7.7,4.76,0.0
20230106:1911,0.0,0.0,0.0,7.77,4.83,0.0
20230106:2011,0.0,0.0,0.0,7.52,5.17,0.0
20230106:2111,0.0,0.0,0.0,7.71,5.38,0.0
20230106:2211,0.0,0.0,0.0,8.47,5.72,0.0
20230106:2311,0.0,0.0,0.0,9.64,5.72,0.0
20230107:0011,0.0,0.0,0.0,10.76,6.34,0.0
20230107:0111,0.0,0.0,0.0,11.22,6.62,0.0
20230107:0211,0.0,0.0,0.0,11.12,7.24,0.0
20230107:0311,0.0,0.0,0.0,10.98,7.86,0.0
20230107:0411,0.0,0.0,0.0,11.03,8.28,0.0
20230107:0511,0.0,0.0,0.0,11.05,8.62,0.0
20230107:0611,0.0,0.0,0.0,10.92,8.9,0.0
20230107:0711,0.0,0.0,0.0,10.96,8.34,0.0
20230107:0811,0.0,0.0,0.0,10.73,8.62,0.0
20230107:0911,5478.0,11.13,4.13,10.4,8.55,0.0
20230107:1011,12562.0,16.69,9.1,10.16,8.0,0.0
20230107:1111,24706.0,25.03,12.26,10.01,7.52,0.0
20230107:1211,952072.0,500.81,13.37,9.97,6.76,0.0
20230107:1311,982388.0,518.11,12.31,10.21,6.34,0.0
20230107:1411,511412.0,277.65,9.18,10.15,6.07,0.0
20230107:1511,70444.0,52.3,4.24,9.43,5.38,0.0
20230107:1611,0.0,0.0,0.0,8.68,5.59,0.0
20230107:1711,0.0,0.0,0.0,7.94,6.21,0.0
20230107:1811,0.0,0.0,0.0,7.73,6.21,0.0
20230107:1911,0.0,0.0,0.0,7.88,5.52,0.0
20230107:2011,0.0,0.0,0.0,7.25,5.45,0.0
20230107:2111,0.0,0.0,0.0,6.56,6.0,0.0
20230107:2211,0.0,0.0,0.0,6.28,6.97,0.0
20230107:2311,0.0,0.0,0.0,6.42,7.31,0.0
20230108:0011,0.0,0.0,0.0,6.69,7.38,0.0
20230108:0111,0.0,0.0,0.0,7.16,7.59,0.0
20230108:0211,0.0,0.0,0.0,7.1,7.17,0.0
20230108:0311,0.0,0.0,0.0,7.18,6.69,0.0
20230108:0411,0.0,0.0,0.0,7.28,6.21,0.0
20230108:0511,0.0,0.0,0.0,7.19,5.72,0.0
20230108:0611,0.0,0.0,0.0,7.02,5.17,0.0
20230108:0711,0.0,0.0,0.0,6.31,4.83,0.0
20230108:0811,0.0,0.0,0.0,5.98,4.97,0.0
20230108:0911,7964.0,12.98,4.2,5.66,5.17,0.0
20230108:1011,322784.0,179.85,9.19,6.06,5.38,0.0
20230108:1111,236280.0,137.24,12.38,6.5,5.72,0.0
20230108:1211,321090.0,179.31,13.5,6.76,6.83,0.0
20230108:1311,37004.0,32.45,12.45,6.99,6.69,0.0
20230108:1411,158334.0,97.78,9.33,6.4,6.28,0.0
20230108:1511,114510.0,75.49,4.4,6.17,6.07,0.0
20230108:1611,0.0,0.0,0.0,5.59,4.97,0.0
20230108:1711,0.0,0.0,0.0,5.32,4.34,0.0
20230108:1811,0.0,0.0,0.0,4.43,4.07,0.0
20230108:1911,0.0,0.0,0.0,4.26,4.07,0.0
20230108:2011,0.0,0.0,0.0,4.21,4.28,0.0
20230108:2111,0.0,0.0,0.0,4.17,4.48,0.0
20230108:2211,0.0,0.0,0.0,4.2,4.9,0.0
20230108:2311,0.0,0.0,0.0,4.55,4.9,0.0
20230109:0011,0.0,0.0,0.0,4.97,4.55,0.0
20230109:0111,0.0,0.0,0.0,5.25,4.0,0.0
20230109:0211,0.0,0.0,0.0,5.29,3.86,0.0
20230109:0311,0.0,0.0,0.0,5.24,3.86,0.0
20230109:0411,0.0,0.0,0.0,5.26,3.86,0.0
20230109:0511,0.0,0.0,0.0,5.17,3.59,0.0
20230109:0611,0.0,0.0,0.0,5.18,3.45,0.0
20230109:0711,0.0,0.0,0.0,5.53,4.14,0.0
20230109:0811,0.0,0.0,0.0,5.26,4.21,0.0
20230109:0911,28050.0,26.75,4.29,5.22,4.62,0.0
20230109:1011,168190.0,102.57,9.3,5.63,4.97,0.0
20230109:1111,904596.0,470.53,12.5,6.18,5.38,0.0
20230109:1211,1056902.0,550.39,13.64,6.59,5.24,0.0
20230109:1311,975898.0,506.14,12.6,6.68,6.55,0.0
20230109:1411,618772.0,326.46,9.49,6.65,6.83,0.0
20230109:1511,223938.0,132.15,4.57,6.47,6.21,0.0
20230109:1611,0.0,0.0,0.0,6.12,6.21,0.0
20230109:1711,0.0,0.0,0.0,5.92,6.28,0.0
20230109:1811,0.0,0.0,0.0,6.04,6.41,0.0
20230109:1911,0.0,0.0,0.0,6.04,6.0,0.0
20230109:2011,0.0,0.0,0.0,6.2,5.66,0.0
20230109:2111,0.0,0.0,0.0,6.09,5.38,0.0
20230109:2211,0.0,0.0,0.0,5.85,5.45,0.0
20230109:2311,0.0,0.0,0.0,5.91,5.38,0.0
20230110:0011,0.0,0.0,0.0,5.62,4.9,0.0
20230110:0111,0.0,0.0,0.0,5.24,4.14,0.0
20230110:0211,0.0,0.0,0.0,4.97,3.59,0.0
20230110:0311,0.0,0.0,0.0,4.81,3.52,0.0
20230110:0411,0.0,0.0,0.0,4.72,3.38,0.0
20230110:0511,0.0,0.0,0.0,4.42,3.59,0.0
20230110:0611,0.0,0.0,0.0,4.49,3.79,0.0
20230110:0711,0.0,0.0,0.0,4.63,4.41,0.0
20230110:0811,0.0,0.0,0.0,4.74,5.1,0.0
20230110:0911,2596.0,8.34,4.38,4.67,6.69,0.0
20230110:1011,19712.0,21.32,9.41,4.82,7.38,0.0
20230110:1111,38786.0,33.38,12.63,5.73,7.24,0.0
20230110:1211,65758.0,49.14,13.78,6.72,6.48,0.0
20230110:1311,63690.0,48.21,12.76,8.01,6.14,0.0
20230110:1411,32032.0,29.67,9.66,9.4,5.79,0.0
20230110:1511,12496.0,16.69,4.74,10.87,6.34,0.0
20230110:1611,0.0,0.0,0.0,11.7,7.52,0.0
20230110:1711,0.0,0.0,0.0,11.91,8.14,0.0
20230110:1811,0.0,0.0,0.0,12.03,8.62,0.0
20230110:1911,0.0,0.0,0.0,12.17,9.59,0.0
20230110:2011,0.0,0.0,0.0,11.42,9.45,0.0
20230110:2111,0.0,0.0,0.0,9.69,8.14,0.0
20230110:2211,0.0,0.0,0.0,9.31,7.66,0.0
20230110:2311,0.0,0.0,0.0,8.64,7.79,0.0
20230111:0011,0.0,0.0,0.0,7.71,7.59,0.0
20230111:0111,0.0,0.0,0.0,7.14,7.31,0.0
20230111:0211,0.0,0.0,0.0,6.6,6.97,0.0
20230111:0311,0.0,0.0,0.0,6.5,7.24,0.0
20230111:0411,0.0,0.0,0.0,6.67,7.38,0.0
20230111:0511,0.0,0.0,0.0,6.46,7.24,0.0
20230111:0611,0.0,0.0,0.0,6.51,7.24,0.0
20230111:0711,0.0,0.0,0.0,6.63,7.31,0.0
20230111:0811,0.0,0.0,0.0,6.72,7.59,0.0
20230111:0911,196372.0,118.2,4.49,6.59,7.66,0.0
20230111:1011,459184.0,247.42,9.53,7.01,8.0,0.0
20230111:1111,962346.0,499.17,12.76,7.44,7.86,0.0
20230111:1211,944526.0,491.99,13.93,7.79,6.9,0.0
20230111:1311,106546.0,71.52,12.93,7.34,6.83,0.0
20230111:1411,11550.0,15.76,9.83,6.74,6.83,0.0
20230111:1511,60698.0,46.15,4.91,6.35,6.83,0.0
20230111:1611,0.0,0.0,0.0,5.61,6.76,0.0
20230111:1711,0.0,0.0,0.0,5.2,6.21,0.0
20230111:1811,0.0,0.0,0.0,5.19,6.14,0.0
20230111:1911,0.0,0.0,0.0,5.83,6.41,0.0
20230111:2011,0.0,0.0,0.0,5.84,6.48,0.0
20230111:2111,0.0,0.0,0.0,5.92,6.14,0.0
20230111:2211,0.0,0.0,0.0,6.0,5.86,0.0
20230111:2311,0.0,0.0,0.0,6.18,5.24,0.0
20230112:0011,0.0,0.0,0.0,6.66,4.34,0.0
20230112:0111,0.0,0.0,0.0,7.01,3.72,0.0
20230112:0211,0.0,0.0,0.0,7.37,2.55,0.0
20230112:0311,0.0,0.0,0.0,8.15,3.72,0.0
20230112:0411,0.0,0.0,0.0,8.35,5.03,0.0
20230112:0511,0.0,0.0,0.0,8.27,4.76,0.0
20230112:0611,0.0,0.0,0.0,8.41,4.34,0.0
20230112:0711,0.0,0.0,0.0,7.23,3.31,0.0
20230112:0811,0.0,0.0,0.0,6.63,2.41,0.0
20230112:0911,44704.0,37.06,4.59,6.76,2.97,0.0
20230112:1011,88330.0,61.89,9.65,8.39,3.93,0.0
20230112:1111,55132.0,43.57,12.91,9.5,5.03,0.0
20230112:1211,104566.0,71.3,14.09,10.38,7.03,0.0
20230112:1311,42482.0,36.16,13.1,10.09,8.28,0.0
20230112:1411,690118.0,364.22,10.01,8.63,8.21,0.0
20230112:1511,227810.0,134.44,5.1,7.74,8.41,0.0
20230112:1611,0.0,0.0,0.0,6.95,8.76,0.0
20230112:1711,0.0,0.0,0.0,6.75,8.97,0.0
20230112:1811,0.0,0.0,0.0,6.5,9.38,0.0
20230112:1911,0.0,0.0,0.0,7.22,9.93,0.0
20230112:2011,0.0,0.0,0.0,7.18,10.76,0.0
20230112:2111,0.0,0.0,0.0,7.12,11.17,0.0
20230112:2211,0.0,0.0,0.0,6.63,11.66,0.0
20230112:2311,0.0,0.0,0.0,5.67,11.31,0.0
20230113:0011,0.0,0.0,0.0,5.21,10.9,0.0
20230113:0111,0.0,0.0,0.0,5.77,10.97,0.0
20230113:0211,0.0,0.0,0.0,6.27,11.1,0.0
20230113:0311,0.0,0.0,0.0,6.52,10.83,0.0
20230113:0411,0.0,0.0,0.0,6.52,10.62,0.0
20230113:0511,0.0,0.0,0.0,6.67,10.41,0.0
20230113:0611,0.0,0.0,0.0,6.67,10.0,0.0
20230113:0711,0.0,0.0,0.0,7.06,9.52,0.0
20230113:0811,0.0,0.0,0.0,6.91,9.1,0.0
20230113:0911,73502.0,53.44,4.71,6.77,8.62,0.0
20230113:1011,544324.0,289.5,9.78,7.11,8.28,0.0
20230113:1111,1104752.0,572.58,13.06,7.58,8.0,0.0
20230113:1211,746504.0,391.04,14.26,7.76,7.24,0.0
20230113:1311,692956.0,364.09,13.27,7.91,7.79,0.0
20230113:1411,125554.0,81.36,10.2,7.78,7.66,0.0
20230113:1511,344806.0,193.52,5.28,7.4,6.83,0.0
20230113:1611,0.0,0.0,0.0,7.09,6.55,0.0
20230113:1711,0.0,0.0,0.0,6.45,6.34,0.0
20230113:1811,0.0,0.0,0.0,5.98,6.55,0.0
20230113:1911,0.0,0.0,0.0,6.13,5.52,0.0
20230113:2011,0.0,0.0,0.0,5.8,4.69,0.0
20230113:2111,0.0,0.0,0.0,5.62,4.14,0.0
20230113:2211,0.0,0.0,0.0,5.44,3.59,0.0
20230113:2311,0.0,0.0,0.0,4.94,3.38,0.0
20230114:0011,0.0,0.0,0.0,4.63,3.79,0.0
20230114:0111,0.0,0.0,0.0,4.68,4.48,0.0
20230114:0211,0.0,0.0,0.0,4.95,5.31,0.0
20230114:0311,0.0,0.0,0.0,5.75,6.34,0.0
20230114:0411,0.0,0.0,0.0,6.42,6.97,0.0
20230114:0511,0.0,0.0,0.0,6.59,6.97,0.0
20230114:0611,0.0,0.0,0.0,6.77,6.76,0.0
20230114:0711,0.0,0.0,0.0,7.97,5.86,0.0
20230114:0811,0.0,0.0,0.0,8.38,4.83,0.0
20230114:0911,16588.0,19.47,4.83,8.62,4.69,0.0
20230114:1011,125752.0,81.71,9.92,8.25,5.66,0.0
20230114:1111,1111682.0,579.22,13.22,7.69,6.55,0.0
20230114:1211,1209516.0,626.93,14.43,7.23,7.45,0.0
20230114:1311,1028764.0,531.15,13.46,6.5,7.59,0.0
20230114:1411,790284.0,409.9,10.39,5.78,7.66,0.0
20230114:1511,443234.0,240.28,5.48,5.1,8.07,0.0
20230114:1611,0.0,0.0,0.0,4.58,7.79,0.0
20230114:1711,0.0,0.0,0.0,4.45,8.0,0.0
20230114:1811,0.0,0.0,0.0,4.25,8.21,0.0
20230114:1911,0.0,0.0,0.0,4.3,8.76,0.0
20230114:2011,0.0,0.0,0.0,4.44,9.31,0.0
20230114:2111,0.0,0.0,0.0,4.59,9.72,0.0
20230114:2211,0.0,0.0,0.0,4.43,10.21,0.0
20230114:2311,0.0,0.0,0.0,4.23,10.69,0.0
20230115:0011,0.0,0.0,0.0,4.0,10.76,0.0
20230115:0111,0.0,0.0,0.0,3.96,10.69,0.0
20230115:0211,0.0,0.0,0.0,3.87,10.9,0.0
20230115:0311,0.0,0.0,0.0,3.72,11.03,0.0
20230115:0411,0.0,0.0,0.0,3.51,10.97,0.0
20230115:0511,0.0,0.0,0.0,3.08,10.21,0.0
20230115:0611,0.0,0.0,0.0,2.98,9.03,0.0
20230115:0711,0.0,0.0,0.0,3.44,7.1,0.0
20230115:0811,0.0,0.0,0.0,3.88,5.66,0.0
20230115:0911,293414.0,166.25,4.96,4.27,4.76,0.0
20230115:1011,553124.0,293.05,10.07,4.78,4.41,0.0
20230115:1111,1103872.0,575.81,13.38,5.48,4.14,0.0
20230115:1211,1161688.0,610.2,14.61,6.18,3.66,0.0
20230115:1311,1091904.0,573.41,13.65,6.46,3.72,0.0
20230115:1411,588632.0,313.7,10.58,6.42,3.45,0.0
20230115:1511,102872.0,69.18,5.68,5.86,3.03,0.0
20230115:1611,0.0,0.0,0.0,4.68,2.9,0.0
20230115:1711,0.0,0.0,0.0,3.7,2.55,0.0
20230115:1811,0.0,0.0,0.0,2.86,2.07,0.0
20230115:1911,0.0,0.0,0.0,1.51,1.72,0.0
20230115:2011,0.0,0.0,0.0,0.55,1.66,0.0
20230115:2111,0.0,0.0,0.0,-0.25,1.79,0.0
20230115:2211,0.0,0.0,0.0,-0.42,1.59,0.0
20230115:2311,0.0,0.0,0.0,0.24,1.03,0.0
20230116:0011,0.0,0.0,0.0,0.82,0.48,0.0
20230116:0111,0.0,0.0,0.0,-0.73,1.24,0.0
20230116:0211,0.0,0.0,0.0,-1.48,1.79,0.0
20230116:0311,0.0,0.0,0.0,-1.36,2.14,0.0
20230116:0411,0.0,0.0,0.0,-0.27,2.76,0.0
20230116:0511,0.0,0.0,0.0,0.1,3.31,0.0
20230116:0611,0.0,0.0,0.0,0.3,3.66,0.0
20230116:0711,0.0,0.0,0.0,-0.2,4.0,0.0
20230116:0811,0.0,0.0,0.0,0.13,4.83,0.0
20230116:0911,62304.0,46.08,5.09,0.47,5.59,0.0
20230116:1011,147334.0,90.32,10.22,0.77,4.83,0.0
20230116:1111,595386.0,308.0,13.55,0.86,4.69,0.0
20230116:1211,1225444.0,624.43,14.8,1.08,4.9,0.0
20230116:1311,1191476.0,608.29,13.85,1.15,4.55,0.0
20230116:1411,917928.0,470.65,10.79,1.02,3.72,0.0
20230116:1511,386628.0,209.23,5.88,0.46,3.52,0.0
20230116:1611,0.0,0.0,0.0,-0.81,3.24,0.0
20230116:1711,0.0,0.0,0.0,-2.02,2.97,0.0
20230116:1811,0.0,0.0,0.0,-2.62,2.9,0.0
20230116:1911,0.0,0.0,0.0,-2.97,2.62,0.0
20230116:2011,0.0,0.0,0.0,-3.25,2.55,0.0
20230116:2111,0.0,0.0,0.0,-3.46,2.55,0.0
20230116:2211,0.0,0.0,0.0,-3.63,2.48,0.0
20230116:2311,0.0,0.0,0.0,-3.86,2.41,0.0
20230117:0011,0.0,0.0,0.0,-4.05,2.41,0.0
20230117:0111,0.0,0.0,0.0,-4.21,2.41,0.0
20230117:0211,0.0,0.0,0.0,-4.35,2.34,0.0
20230117:0311,0.0,0.0,0.0,-4.48,2.41,0.0
20230117:0411,0.0,0.0,0.0,-4.39,2.55,0.0
20230117:0511,0.0,0.0,0.0,-4.2,2.69,0.0
20230117:0611,0.0,0.0,0.0,-3.99,2.76,0.0
20230117:0711,0.0,0.0,0.0,-4.04,2.76,0.0
20230117:0811,0.0,0.0,0.0,-4.0,2.76,0.0
20230117:0911,413886.0,220.03,5.24,-3.74,2.69,0.0
20230117:1011,516758.0,268.24,10.38,-2.16,2.69,0.0
20230117:1111,1101826.0,564.34,13.73,-0.27,2.83,0.0
20230117:1211,1260754.0,649.65,14.99,0.89,3.24,0.0
20230117:1311,1196756.0,617.01,14.05,1.58,3.38,0.0
20230117:1411,983400.0,506.73,10.99,1.76,3.45,0.0
20230117:1511,475288.0,253.87,6.09,1.27,3.38,0.0
20230117:1611,0.0,0.0,0.0,0.0,3.31,0.0
20230117:1711,0.0,0.0,0.0,-1.05,3.45,0.0
20230117:1811,0.0,0.0,0.0,-1.39,3.66,0.0
20230117:1911,0.0,0.0,0.0,-1.09,3.72,0.0
20230117:2011,0.0,0.0,0.0,-0.82,3.79,0.0
20230117:2111,0.0,0.0,0.0,-0.67,3.79,0.0
20230117:2211,0.0,0.0,0.0,-0.48,3.86,0.0
20230117:2311,0.0,0.0,0.0,-0.41,3.79,0.0
20230118:0011,0.0,0.0,0.0,-0.58,3.79,0.0
20230118:0111,0.0,0.0,0.0,-0.41,4.0,0.0
20230118:0211,0.0,0.0,0.0,-0.45,4.21,0.0
20230118:0311,0.0,0.0,0.0,-0.31,4.41,0.0
20230118:0411,0.0,0.0,0.0,-0.11,4.55,0.0
20230118:0511,0.0,0.0,0.0,0.19,4.55,0.0
20230118:0611,0.0,0.0,0.0,0.62,4.62,0.0
20230118:0711,0.0,0.0,0.0,0.46,5.1,0.0
20230118:0811,0.0,0.0,0.0,0.49,5.03,0.0
20230118:0911,455598.0,243.42,5.39,0.45,4.97,0.0
20230118:1011,797654.0,408.24,10.55,1.18,5.17,0.0
20230118:1111,1101210.0,563.22,13.91,2.28,5.03,0.0
20230118:1211,1207888.0,622.22,15.19,3.03,4.55,0.0
20230118:1311,1158630.0,596.88,14.26,3.51,4.83,0.0
20230118:1411,764170.0,395.62,11.21,3.61,5.1,0.0
20230118:1511,521004.0,277.97,6.3,3.27,4.69,0.0
20230118:1611,0.0,0.0,0.0,2.46,4.41,0.0
20230118:1711,0.0,0.0,0.0,1.73,4.34,0.0
20230118:1811,0.0,0.0,0.0,1.53,4.41,0.0
20230118:1911,0.0,0.0,0.0,1.46,3.93,0.0
20230118:2011,0.0,0.0,0.0,0.31,3.72,0.0
20230118:2111,0.0,0.0,0.0,-0.4,3.72,0.0
20230118:2211,0.0,0.0,0.0,-0.92,3.72,0.0
20230118:2311,0.0,0.0,0.0,-1.27,3.66,0.0
20230119:0011,0.0,0.0,0.0,-1.51,3.52,0.0
20230119:0111,0.0,0.0,0.0,-1.65,3.38,0.0
20230119:0211,0.0,0.0,0.0,-1.83,3.24,0.0
20230119:0311,0.0,0.0,0.0,-1.98,3.03,0.0
20230119:0411,0.0,0.0,0.0,-2.14,2.9,0.0
20230119:0511,0.0,0.0,0.0,-2.31,2.69,0.0
20230119:0611,0.0,0.0,0.0,-2.48,2.41,0.0
20230119:0711,0.0,0.0,0.0,-2.49,2.62,0.0
20230119:0811,0.0,0.0,0.0,-2.6,2.55,0.0
20230119:0911,322476.0,176.36,5.54,-2.53,2.48,0.0
20230119:1011,819434.0,420.5,10.72,-0.78,2.41,0.0
20230119:1111,1117930.0,577.7,14.11,1.21,2.62,0.0
20230119:1211,1219240.0,632.08,15.4,2.44,3.24,0.0
20230119:1311,1040996.0,537.79,14.47,2.99,3.66,0.0
20230119:1411,452540.0,241.56,11.43,3.01,3.93,0.0
20230119:1511,428318.0,231.36,6.52,2.6,4.0,0.0
20230119:1611,0.0,0.0,0.0,2.02,4.34,0.0
20230119:1711,0.0,0.0,0.0,1.91,4.76,0.0
20230119:1811,0.0,0.0,0.0,2.32,4.9,0.0
20230119:1911,0.0,0.0,0.0,1.86,4.76,0.0
20230119:2011,0.0,0.0,0.0,1.65,4.62,0.0
20230119:2111,0.0,0.0,0.0,1.43,4.62,0.0
20230119:2211,0.0,0.0,0.0,1.42,4.55,0.0
20230119:2311,0.0,0.0,0.0,1.19,4.48,0.0
20230120:0011,0.0,0.0,0.0,1.0,4.34,0.0
20230120:0111,0.0,0.0,0.0,0.68,4.28,0.0
20230120:0211,0.0,0.0,0.0,0.49,4.28,0.0
20230120:0311,0.0,0.0,0.0,0.3,4.21,0.0
20230120:0411,0.0,0.0,0.0,0.15,4.21,0.0
20230120:0511,0.0,0.0,0.0,0.04,4.14,0.0
20230120:0611,0.0,0.0,0.0,-0.08,4.21,0.0
20230120:0711,0.0,0.0,0.0,0.4,4.28,0.0
20230120:0811,0.0,0.0,0.0,0.48,4.14,0.0
20230120:0911,55374.0,42.29,5.7,0.76,4.0,0.0
20230120:1011,115038.0,74.37,10.91,1.85,4.07,0.0
20230120:1111,504636.0,267.33,14.3,3.01,3.52,0.0
20230120:1211,527956.0,279.61,15.61,4.05,4.21,0.0
20230120:1311,359458.0,197.27,14.69,4.52,4.28,0.0
20230120:1411,551870.0,292.6,11.65,4.62,3.72,0.0
20230120:1511,329384.0,183.82,6.75,4.41,3.45,0.0
20230120:1611,0.0,0.0,0.0,3.72,3.03,0.0
20230120:1711,0.0,0.0,0.0,2.46,2.9,0.0
20230120:1811,0.0,0.0,0.0,1.59,2.69,0.0
20230120:1911,0.0,0.0,0.0,0.81,2.55,0.0
20230120:2011,0.0,0.0,0.0,0.13,2.21,0.0
20230120:2111,0.0,0.0,0.0,-0.79,2.07,0.0
20230120:2211,0.0,0.0,0.0,-1.43,1.86,0.0
20230120:2311,0.0,0.0,0.0,-1.48,1.52,0.0
20230121:0011,0.0,0.0,0.0,-1.41,1.38,0.0
20230121:0111,0.0,0.0,0.0,-0.29,1.03,0.0
20230121:0211,0.0,0.0,0.0,0.53,0.76,0.0
20230121:0311,0.0,0.0,0.0,0.57,0.14,0.0
20230121:0411,0.0,0.0,0.0,0.31,0.97,0.0
20230121:0511,0.0,0.0,0.0,-1.51,1.52,0.0
20230121:0611,0.0,0.0,0.0,-1.63,1.66,0.0
20230121:0711,0.0,0.0,0.0,-1.94,1.24,0.0
20230121:0811,0.0,0.0,0.0,-2.3,1.03,0.0
20230121:0911,208406.0,120.37,5.87,-2.73,1.31,0.0
20230121:1011,389400.0,208.51,11.09,-1.15,1.38,0.0
20230121:1111,261448.0,147.43,14.51,0.67,1.72,0.0
20230121:1211,335610.0,184.55,15.83,2.01,2.28,0.0
20230121:1311,388014.0,210.01,14.92,2.32,2.83,0.0
20230121:1411,395582.0,213.47,11.88,2.27,3.03,0.0
20230121:1511,181236.0,108.11,6.97,1.62,2.97,0.0
20230121:1611,0.0,0.0,0.0,0.18,2.97,0.0
20230121:1711,0.0,0.0,0.0,-1.42,2.97,0.0
20230121:1811,0.0,0.0,0.0,-2.32,2.9,0.0
20230121:1911,0.0,0.0,0.0,-2.17,2.83,0.0
20230121:2011,0.0,0.0,0.0,-2.47,2.69,0.0
20230121:2111,0.0,0.0,0.0,-2.66,2.83,0.0
20230121:2211,0.0,0.0,0.0,-2.35,2.9,0.0
20230121:2311,0.0,0.0,0.0,-2.44,2.97,0.0
20230122:0011,0.0,0.0,0.0,-2.51,3.03,0.0
20230122:0111,0.0,0.0,0.0,-2.27,2.9,0.0
20230122:0211,0.0,0.0,0.0,-2.47,2.83,0.0
20230122:0311,0.0,0.0,0.0,-2.67,2.9,0.0
20230122:0411,0.0,0.0,0.0,-2.48,2.97,0.0
20230122:0511,0.0,0.0,0.0,-2.34,2.97,0.0
20230122:0611,0.0,0.0,0.0,-2.03,2.97,0.0
20230122:0711,0.0,0.0,0.0,-2.13,2.83,0.0
20230122:0811,0.0,0.0,0.0,-2.06,2.76,0.0
20230122:0911,2750.0,8.34,6.05,-1.57,2.9,0.0
20230122:1011,87538.0,59.5,11.29,-0.55,2.83,0.0
20230122:1111,24508.0,24.1,14.72,0.58,2.62,0.0
20230122:1211,25850.0,25.03,16.05,1.46,2.83,0.0
20230122:1311,42570.0,35.23,15.16,2.41,2.9,0.0
20230122:1411,47212.0,38.01,12.12,2.98,2.69,0.0
20230122:1511,24200.0,24.1,7.21,2.87,2.48,0.0
20230122:1611,0.0,0.0,0.0,2.47,2.55,0.0
20230122:1711,0.0,0.0,0.0,1.91,2.69,0.0
20230122:1811,0.0,0.0,0.0,1.67,2.62,0.0
20230122:1911,0.0,0.0,0.0,0.83,1.86,0.0
20230122:2011,0.0,0.0,0.0,0.78,2.07,0.0
20230122:2111,0.0,0.0,0.0,0.7,2.0,0.0
20230122:2211,0.0,0.0,0.0,0.35,2.0,0.0
20230122:2311,0.0,0.0,0.0,0.2,2.07,0.0
20230123:0011,0.0,0.0,0.0,0.38,1.86,0.0
20230123:0111,0.0,0.0,0.0,0.16,1.86,0.0
20230123:0211,0.0,0.0,0.0,-0.12,2.07,0.0
20230123:0311,0.0,0.0,0.0,-0.12,2.21,0.0
20230123:0411,0.0,0.0,0.0,0.0,2.21,0.0
20230123:0511,0.0,0.0,0.0,-0.27,2.28,0.0
20230123:0611,0.0,0.0,0.0,-0.47,2.07,0.0
20230123:0711,0.0,0.0,0.0,0.73,2.07,0.0
20230123:0811,0.0,0.0,0.0,0.96,2.21,0.0
20230123:0911,128238.0,81.21,6.23,0.95,2.28,0.0
20230123:1011,62370.0,46.36,11.49,1.4,2.34,0.0
20230123:1111,661166.0,345.2,14.94,2.17,2.28,0.0
20230123:1211,149292.0,92.77,16.28,3.14,2.34,0.0
20230123:1311,314534.0,175.73,15.39,4.43,2.55,0.0
20230123:1411,266706.0,152.08,12.36,4.85,2.55,0.0
20230123:1511,45584.0,37.25,7.45,4.67,2.41,0.0
20230123:1611,0.0,0.0,0.0,4.23,2.28,0.0
20230123:1711,0.0,0.0,0.0,3.47,2.14,0.0
20230123:1811,0.0,0.0,0.0,3.3,2.0,0.0
20230123:1911,0.0,0.0,0.0,2.89,1.93,0.0
20230123:2011,0.0,0.0,0.0,2.22,2.0,0.0
20230123:2111,0.0,0.0,0.0,1.95,2.0,0.0
20230123:2211,0.0,0.0,0.0,1.83,1.93,0.0
20230123:2311,0.0,0.0,0.0,1.68,1.93,0.0
20230124:0011,0.0,0.0,0.0,1.45,1.86,0.0
20230124:0111,0.0,0.0,0.0,1.49,1.59,0.0
20230124:0211,0.0,0.0,0.0,1.36,1.52,0.0
20230124:0311,0.0,0.0,0.0,1.62,1.45,0.0
20230124:0411,0.0,0.0,0.0,2.12,1.52,0.0
20230124:0511,0.0,0.0,0.0,2.38,1.66,0.0
20230124:0611,0.0,0.0,0.0,2.91,1.79,0.0
20230124:0711,0.0,0.0,0.0,3.1,2.14,0.0
20230124:0811,0.0,0.0,0.0,3.51,1.93,0.0
20230124:0911,2618.0,8.34,6.42,3.84,1.93,0.0
20230124:1011,41954.0,35.23,11.69,5.08,1.93,0.0
20230124:1111,84128.0,59.33,15.16,6.21,2.14,0.0
20230124:1211,85514.0,60.26,16.52,7.03,2.9,0.0
20230124:1311,100716.0,68.61,15.64,7.37,3.38,0.0
20230124:1411,178178.0,108.89,12.6,7.5,3.17,0.0
20230124:1511,279752.0,160.75,7.69,7.25,3.17,0.0
20230124:1611,0.0,0.0,0.0,6.9,3.03,0.0
20230124:1711,0.0,0.0,0.0,6.49,3.03,0.0
20230124:1811,0.0,0.0,0.0,6.52,2.97,0.0
20230124:1911,0.0,0.0,0.0,6.15,3.1,0.0
20230124:2011,0.0,0.0,0.0,6.31,3.17,0.0
20230124:2111,0.0,0.0,0.0,6.17,3.1,0.0
20230124:2211,0.0,0.0,0.0,6.36,3.1,0.0
20230124:2311,0.0,0.0,0.0,6.48,3.1,0.0
20230125:0011,0.0,0.0,0.0,6.47,3.24,0.0
20230125:0111,0.0,0.0,0.0,6.53,3.31,0.0
20230125:0211,0.0,0.0,0.0,6.57,3.45,0.0
20230125:0311,0.0,0.0,0.0,6.75,3.45,0.0
20230125:0411,0.0,0.0,0.0,6.92,3.45,0.0
20230125:0511,0.0,0.0,0.0,7.05,3.38,0.0
20230125:0611,0.0,0.0,0.0,7.26,3.38,0.0
20230125:0711,0.0,0.0,0.0,7.51,3.72,0.0
20230125:0811,0.0,0.0,0.0,7.59,3.86,0.0
20230125:0911,57772.0,44.77,6.62,7.69,4.28,0.0
20230125:1011,380578.0,210.55,11.91,7.94,4.55,0.0
20230125:1111,746328.0,395.02,15.39,8.3,4.62,0.0
20230125:1211,19294.0,21.32,16.76,8.58,4.41,0.0
20230125:1311,16588.0,19.47,15.89,8.59,4.34,0.0
20230125:1411,160160.0,99.97,12.85,8.55,4.69,0.0
20230125:1511,540474.0,293.43,7.94,8.57,4.97,0.0
20230125:1611,0.0,0.0,0.0,7.87,4.62,0.0
20230125:1711,0.0,0.0,0.0,6.33,4.41,0.0
20230125:1811,0.0,0.0,0.0,5.21,4.28,0.0
20230125:1911,0.0,0.0,0.0,4.63,4.0,0.0
20230125:2011,0.0,0.0,0.0,3.87,3.79,0.0
20230125:2111,0.0,0.0,0.0,3.33,3.79,0.0
20230125:2211,0.0,0.0,0.0,2.96,3.79,0.0
20230125:2311,0.0,0.0,0.0,2.71,3.86,0.0
20230126:0011,0.0,0.0,0.0,2.51,3.93,0.0
20230126:0111,0.0,0.0,0.0,2.46,4.0,0.0
20230126:0211,0.0,0.0,0.0,2.46,4.0,0.0
20230126:0311,0.0,0.0,0.0,2.57,4.07,0.0
20230126:0411,0.0,0.0,0.0,2.87,4.21,0.0
20230126:0511,0.0,0.0,0.0,3.2,4.55,0.0
20230126:0611,0.0,0.0,0.0,4.11,5.03,0.0
20230126:0711,0.0,0.0,0.0,4.67,4.9,0.0
20230126:0811,0.0,0.0,0.0,4.97,5.1,0.0
20230126:0911,509828.0,275.4,6.82,5.36,5.1,0.0
20230126:1011,729432.0,382.15,12.13,5.66,4.97,0.0
20230126:1111,226006.0,132.5,15.63,6.11,4.69,0.0
20230126:1211,57618.0,44.5,17.01,6.5,5.59,0.0
20230126:1311,236720.0,138.18,16.14,6.83,5.38,0.0
20230126:1411,41646.0,35.23,13.11,6.72,4.97,0.0
20230126:1511,326942.0,183.6,8.19,6.55,4.62,0.0
20230126:1611,0.0,0.93,1.75,5.69,4.07,0.0
20230126:1711,0.0,0.0,0.0,4.81,3.93,0.0
20230126:1811,0.0,0.0,0.0,4.26,3.79,0.0
20230126:1911,0.0,0.0,0.0,4.59,4.14,0.0
20230126:2011,0.0,0.0,0.0,4.92,4.41,0.0
20230126:2111,0.0,0.0,0.0,4.96,4.48,0.0
20230126:2211,0.0,0.0,0.0,4.88,4.21,0.0
20230126:2311,0.0,0.0,0.0,4.95,3.93,0.0
20230127:0011,0.0,0.0,0.0,4.88,3.72,0.0
20230127:0111,0.0,0.0,0.0,4.7,3.59,0.0
20230127:0211,0.0,0.0,0.0,4.46,3.31,0.0
20230127:0311,0.0,0.0,0.0,4.16,2.97,0.0
20230127:0411,0.0,0.0,0.0,3.96,2.62,0.0
20230127:0511,0.0,0.0,0.0,3.91,2.21,0.0
20230127:0611,0.0,0.0,0.0,3.75,2.07,0.0
20230127:0711,0.0,0.0,0.0,3.57,2.21,0.0
20230127:0811,0.0,0.0,0.0,3.6,2.21,0.0
20230127:0911,71874.0,51.98,7.02,3.64,2.07,0.0
20230127:1011,112706.0,74.03,12.35,4.12,1.86,0.0
20230127:1111,366850.0,202.64,15.87,5.04,1.86,0.0
20230127:1211,419012.0,229.49,17.26,5.39,1.45,0.0
20230127:1311,672628.0,359.06,16.4,5.66,1.17,0.0
20230127:1411,44836.0,37.08,13.37,6.14,1.52,0.0
20230127:1511,52338.0,41.41,8.44,6.11,1.52,0.0
20230127:1611,0.0,0.93,2.0,5.78,1.1,0.0
20230127:1711,0.0,0.0,0.0,4.69,1.1,0.0
20230127:1811,0.0,0.0,0.0,3.6,1.45,0.0
20230127:1911,0.0,0.0,0.0,2.37,1.93,0.0
20230127:2011,0.0,0.0,0.0,1.98,2.07,0.0
20230127:2111,0.0,0.0,0.0,1.3,2.21,0.0
20230127:2211,0.0,0.0,0.0,1.05,2.21,0.0
20230127:2311,0.0,0.0,0.0,0.59,2.34,0.0
20230128:0011,0.0,0.0,0.0,0.24,2.48,0.0
20230128:0111,0.0,0.0,0.0,0.23,2.62,0.0
20230128:0211,0.0,0.0,0.0,0.95,2.62,0.0
20230128:0311,0.0,0.0,0.0,0.93,2.76,0.0
20230128:0411,0.0,0.0,0.0,1.45,2.76,0.0
20230128:0511,0.0,0.0,0.0,1.89,2.69,0.0
20230128:0611,0.0,0.0,0.0,1.85,2.62,0.0
20230128:0711,0.0,0.0,0.0,2.87,2.41,0.0
20230128:0811,0.0,0.0,0.0,3.14,1.79,0.0
20230128:0911,281028.0,159.89,7.24,3.37,1.66,0.0
20230128:1011,232452.0,135.33,12.58,4.8,1.66,0.0
20230128:1111,216964.0,128.31,16.12,5.78,1.86,0.0
20230128:1211,245146.0,142.8,17.52,6.19,2.28,0.0
20230128:1311,378488.0,209.19,16.67,6.18,2.41,0.0
20230128:1411,109450.0,72.96,13.64,6.28,2.55,0.0
20230128:1511,46354.0,38.01,8.7,6.46,2.48,0.0
20230128:1611,0.0,0.93,2.25,6.38,2.28,0.0
20230128:1711,0.0,0.0,0.0,5.83,2.21,0.0
20230128:1811,0.0,0.0,0.0,5.2,2.21,0.0
20230128:1911,0.0,0.0,0.0,5.32,2.48,0.0
20230128:2011,0.0,0.0,0.0,5.64,2.21,0.0
20230128:2111,0.0,0.0,0.0,5.41,2.14,0.0
20230128:2211,0.0,0.0,0.0,5.22,1.79,0.0
20230128:2311,0.0,0.0,0.0,5.16,1.79,0.0
20230129:0011,0.0,0.0,0.0,5.14,1.93,0.0
20230129:0111,0.0,0.0,0.0,5.02,2.14,0.0
20230129:0211,0.0,0.0,0.0,5.15,2.21,0.0
20230129:0311,0.0,0.0,0.0,4.92,2.21,0.0
20230129:0411,0.0,0.0,0.0,4.95,2.21,0.0
20230129:0511,0.0,0.0,0.0,4.54,2.34,0.0
20230129:0611,0.0,0.0,0.0,4.24,2.62,0.0
20230129:0711,0.0,0.0,0.0,4.3,4.14,0.0
20230129:0811,0.0,0.0,0.0,4.3,4.69,0.0
20230129:0911,1650.0,7.42,7.46,4.8,4.97,0.0
20230129:1011,211090.0,124.44,12.82,5.55,5.38,0.0
20230129:1111,460944.0,248.5,16.37,6.17,5.45,0.0
20230129:1211,101112.0,68.61,17.79,6.92,6.41,0.0
20230129:1311,294206.0,166.87,16.94,7.18,6.76,0.0
20230129:1411,208516.0,123.93,13.9,7.25,6.69,0.0
20230129:1511,32428.0,29.67,8.96,7.16,6.76,0.0
20230129:1611,0.0,1.85,2.5,7.24,7.17,0.0
20230129:1711,0.0,0.0,0.0,7.33,7.31,0.0
20230129:1811,0.0,0.0,0.0,7.51,6.9,0.0
20230129:1911,0.0,0.0,0.0,7.88,6.83,0.0
20230129:2011,0.0,0.0,0.0,8.39,6.83,0.0
20230129:2111,0.0,0.0,0.0,8.97,6.83,0.0
20230129:2211,0.0,0.0,0.0,8.46,7.45,0.0
20230129:2311,0.0,0.0,0.0,6.96,7.45,0.0
20230130:0011,0.0,0.0,0.0,5.96,7.1,0.0
20230130:0111,0.0,0.0,0.0,5.84,7.17,0.0
20230130:0211,0.0,0.0,0.0,5.51,7.03,0.0
20230130:0311,0.0,0.0,0.0,5.21,6.97,0.0
20230130:0411,0.0,0.0,0.0,5.13,6.9,0.0
20230130:0511,0.0,0.0,0.0,5.2,6.9,0.0
20230130:0611,0.0,0.0,0.0,5.35,6.83,0.0
20230130:0711,0.0,0.0,0.0,5.81,7.1,0.0
20230130:0811,0.0,0.0,0.0,5.85,6.76,0.0
20230130:0911,523028.0,281.79,7.68,5.93,6.34,0.0
20230130:1011,882398.0,460.62,13.06,6.72,5.93,0.0
20230130:1111,1134056.0,594.57,16.63,7.44,5.03,0.0
20230130:1211,1187230.0,622.42,18.06,8.16,5.86,0.0
20230130:1311,1230812.0,647.55,17.21,8.59,5.66,0.0
20230130:1411,1032680.0,544.24,14.18,8.72,5.24,0.0
20230130:1511,662222.0,355.61,9.23,8.46,4.55,0.0
20230130:1611,748.0,6.49,2.76,7.62,4.14,0.0
20230130:1711,0.0,0.0,0.0,6.25,3.79,0.0
20230130:1811,0.0,0.0,0.0,5.27,3.66,0.0
20230130:1911,0.0,0.0,0.0,5.33,3.66,0.0
20230130:2011,0.0,0.0,0.0,5.07,3.59,0.0
20230130:2111,0.0,0.0,0.0,5.21,4.0,0.0
20230130:2211,0.0,0.0,0.0,5.62,5.1,0.0
20230130:2311,0.0,0.0,0.0,6.07,6.0,0.0
20230131:0011,0.0,0.0,0.0,6.59,6.21,0.0
20230131:0111,0.0,0.0,0.0,6.63,6.07,0.0
20230131:0211,0.0,0.0,0.0,7.04,6.34,0.0
20230131:0311,0.0,0.0,0.0,7.52,6.83,0.0
20230131:0411,0.0,0.0,0.0,7.67,6.9,0.0
20230131:0511,0.0,0.0,0.0,7.95,6.83,0.0
20230131:0611,0.0,0.0,0.0,8.37,7.17,0.0
20230131:0711,0.0,0.0,0.0,8.91,8.0,0.0
20230131:0811,0.0,0.0,0.0,8.37,8.48,0.0
20230131:0911,518408.0,280.57,7.92,7.62,8.41,0.0
20230131:1011,891198.0,463.59,13.31,7.61,8.76,0.0
20230131:1111,1028368.0,533.85,16.89,7.71,8.0,0.0
20230131:1211,1247444.0,646.66,18.34,7.66,8.34,0.0
20230131:1311,1219152.0,631.18,17.49,7.46,8.34,0.0
20230131:1411,1055648.0,547.24,14.46,7.17,7.79,0.0
20230131:1511,397298.0,217.86,9.5,6.65,7.52,0.0
20230131:1611,0.0,5.56,3.02,5.94,8.0,0.0
20230131:1711,0.0,0.0,0.0,5.31,7.72,0.0
20230131:1811,0.0,0.0,0.0,5.03,7.66,0.0
20230131:1911,0.0,0.0,0.0,5.63,8.21,0.0
20230131:2011,0.0,0.0,0.0,5.82,8.34,0.0
20230131:2111,0.0,0.0,0.0,5.77,8.55,0.0
20230131:2211,0.0,0.0,0.0,5.65,8.28,0.0
20230131:2311,0.0,0.0,0.0,5.45,7.86,0.0
20230201:0011,0.0,0.0,0.0,5.38,7.86,0.0
20230201:0111,0.0,0.0,0.0,5.25,7.66,0.0
20230201:0211,0.0,0.0,0.0,5.29,7.45,0.0
20230201:0311,0.0,0.0,0.0,5.32,7.38,0.0
20230201:0411,0.0,0.0,0.0,5.43,7.93,0.0
20230201:0511,0.0,0.0,0.0,5.71,8.34,0.0
20230201:0611,0.0,0.0,0.0,5.94,8.69,0.0
20230201:0711,0.0,0.0,0.0,6.14,8.34,0.0
20230201:0811,0.0,0.0,0.0,6.01,7.93,0.0
20230201:0911,597366.0,319.28,8.15,6.63,7.79,0.0
20230201:1011,876634.0,456.42,13.57,7.31,7.86,0.0
20230201:1111,1170488.0,611.76,17.16,7.97,6.28,0.0
20230201:1211,902946.0,472.13,18.62,8.43,7.38,0.0
20230201:1311,663256.0,350.9,17.78,8.59,7.86,0.0
20230201:1411,273680.0,157.43,14.74,8.79,7.86,0.0
20230201:1511,107976.0,72.51,9.78,8.46,6.34,0.0
20230201:1611,2508.0,8.34,3.29,7.93,6.48,0.0
20230201:1711,0.0,0.0,0.0,7.66,6.14,0.0
20230201:1811,0.0,0.0,0.0,7.59,6.07,0.0
20230201:1911,0.0,0.0,0.0,7.62,5.52,0.0
20230201:2011,0.0,0.0,0.0,7.8,5.59,0.0
20230201:2111,0.0,0.0,0.0,8.24,6.07,0.0
20230201:2211,0.0,0.0,0.0,8.22,6.0,0.0
20230201:2311,0.0,0.0,0.0,8.08,6.0,0.0
20230202:0011,0.0,0.0,0.0,8.34,6.41,0.0
20230202:0111,0.0,0.0,0.0,8.51,6.48,0.0
20230202:0211,0.0,0.0,0.0,8.58,6.21,0.0
20230202:0311,0.0,0.0,0.0,8.45,5.86,0.0
20230202:0411,0.0,0.0,0.0,8.5,5.72,0.0
20230202:0511,0.0,0.0,0.0,8.6,5.66,0.0
20230202:0611,0.0,0.0,0.0,8.4,5.24,0.0
20230202:0711,0.0,0.0,0.0,8.88,5.45,0.0
20230202:0811,0.0,0.0,0.0,8.98,5.52,0.0
20230202:0911,5544.0,11.13,8.4,9.07,5.79,0.0
20230202:1011,41140.0,35.23,13.83,9.13,6.21,0.0
20230202:1111,123970.0,81.59,17.44,9.38,6.41,0.0
20230202:1211,84590.0,60.26,18.9,9.53,5.38,0.0
20230202:1311,155672.0,98.46,18.07,9.6,5.24,0.0
20230202:1411,77902.0,56.55,15.02,9.67,6.14,0.0
20230202:1511,21956.0,23.18,10.05,9.49,7.45,0.0
20230202:1611,0.0,4.64,3.56,9.32,7.45,0.0
20230202:1711,0.0,0.0,0.0,8.9,7.59,0.0
20230202:1811,0.0,0.0,0.0,8.67,7.1,0.0
20230202:1911,0.0,0.0,0.0,9.39,6.97,0.0
20230202:2011,0.0,0.0,0.0,9.32,6.55,0.0
20230202:2111,0.0,0.0,0.0,9.25,6.69,0.0
20230202:2211,0.0,0.0,0.0,9.37,7.03,0.0
20230202:2311,0.0,0.0,0.0,9.66,7.38,0.0
20230203:0011,0.0,0.0,0.0,9.67,7.72,0.0
20230203:0111,0.0,0.0,0.0,9.82,7.66,0.0
20230203:0211,0.0,0.0,0.0,9.91,7.24,0.0
20230203:0311,0.0,0.0,0.0,9.97,6.62,0.0
20230203:0411,0.0,0.0,0.0,10.11,6.0,0.0
20230203:0511,0.0,0.0,0.0,9.97,5.52,0.0
20230203:0611,0.0,0.0,0.0,9.67,5.59,0.0
20230203:0711,0.0,0.0,0.0,9.86,5.59,0.0
20230203:0811,0.0,0.93,1.78,9.82,5.45,0.0
20230203:0911,29018.0,27.81,8.65,9.8,5.03,0.0
20230203:1011,208142.0,125.39,14.09,9.93,4.76,0.0
20230203:1111,125136.0,82.51,17.72,9.99,4.34,0.0
20230203:1211,243826.0,144.23,19.2,10.08,3.93,0.0
20230203:1311,294646.0,169.95,18.36,10.23,4.21,0.0
20230203:1411,113608.0,76.34,15.31,10.49,4.69,0.0
20230203:1511,45430.0,38.01,10.33,10.54,4.41,0.0
20230203:1611,704.0,6.49,3.83,10.37,4.48,0.0
20230203:1711,0.0,0.0,0.0,10.05,3.72,0.0
20230203:1811,0.0,0.0,0.0,9.38,3.52,0.0
20230203:1911,0.0,0.0,0.0,9.14,3.24,0.0
20230203:2011,0.0,0.0,0.0,8.99,2.97,0.0
20230203:2111,0.0,0.0,0.0,8.87,2.76,0.0
20230203:2211,0.0,0.0,0.0,8.42,2.28,0.0
20230203:2311,0.0,0.0,0.0,8.17,2.07,0.0
20230204:0011,0.0,0.0,0.0,7.21,2.28,0.0
20230204:0111,0.0,0.0,0.0,6.99,2.41,0.0
20230204:0211,0.0,0.0,0.0,7.11,2.41,0.0
20230204:0311,0.0,0.0,0.0,6.93,2.41,0.0
20230204:0411,0.0,0.0,0.0,6.89,2.34,0.0
20230204:0511,0.0,0.0,0.0,6.57,2.28,0.0
20230204:0611,0.0,0.0,0.0,6.68,2.14,0.0
20230204:0711,0.0,0.0,0.0,7.13,2.28,0.0
20230204:0811,0.0,1.85,2.02,7.3,2.48,0.0
20230204:0911,6688.0,12.05,8.9,8.01,2.76,0.0
20230204:1011,39688.0,34.3,14.37,8.59,3.1,0.0
20230204:1111,76362.0,55.63,18.01,9.16,4.14,0.0
20230204:1211,44132.0,37.08,19.49,9.46,4.48,0.0
20230204:1311,63074.0,48.21,18.66,9.74,4.62,0.0
20230204:1411,44022.0,37.08,15.61,9.96,4.83,0.0
20230204:1511,17798.0,20.4,10.62,9.86,4.28,0.0
20230204:1611,0.0,5.56,4.1,9.51,4.55,0.0
20230204:1711,0.0,0.0,0.0,8.99,4.41,0.0
20230204:1811,0.0,0.0,0.0,8.41,4.28,0.0
20230204:1911,0.0,0.0,0.0,9.17,4.62,0.0
20230204:2011,0.0,0.0,0.0,9.23,5.24,0.0
20230204:2111,0.0,0.0,0.0,8.25,5.38,0.0
20230204:2211,0.0,0.0,0.0,6.86,4.62,0.0
20230204:2311,0.0,0.0,0.0,5.25,4.21,0.0
20230205:0011,0.0,0.0,0.0,4.08,3.93,0.0
20230205:0111,0.0,0.0,0.0,3.08,3.86,0.0
20230205:0211,0.0,0.0,0.0,2.44,3.66,0.0
20230205:0311,0.0,0.0,0.0,2.0,3.79,0.0
20230205:0411,0.0,0.0,0.0,1.81,3.79,0.0
20230205:0511,0.0,0.0,0.0,1.43,3.1,0.0
20230205:0611,0.0,0.0,0.0,0.95,3.1,0.0
20230205:0711,0.0,0.0,0.0,0.64,3.03,0.0
20230205:0811,0.0,2.78,2.27,0.24,2.62,0.0
20230205:0911,250954.0,142.76,9.16,0.48,1.86,0.0
20230205:1011,878526.0,462.2,14.64,2.89,1.24,0.0
20230205:1111,938762.0,500.98,18.3,4.86,0.76,0.0
20230205:1211,927146.0,497.97,19.79,5.71,0.55,0.0
20230205:1311,812460.0,432.74,18.96,6.4,1.66,0.0
20230205:1411,782496.0,415.65,15.9,6.69,2.34,0.0
20230205:1511,304172.0,172.67,10.91,6.52,2.34,0.0
20230205:1611,4576.0,10.2,4.38,5.79,2.14,0.0
20230205:1711,0.0,0.0,0.0,4.45,2.21,0.0
20230205:1811,0.0,0.0,0.0,3.56,2.0,0.0
20230205:1911,0.0,0.0,0.0,2.87,1.93,0.0
20230205:2011,0.0,0.0,0.0,2.06,1.59,0.0
20230205:2111,0.0,0.0,0.0,0.84,2.0,0.0
20230205:2211,0.0,0.0,0.0,-0.8,2.34,0.0
20230205:2311,0.0,0.0,0.0,-1.72,2.28,0.0
20230206:0011,0.0,0.0,0.0,-2.34,2.28,0.0
20230206:0111,0.0,0.0,0.0,-2.56,2.41,0.0
20230206:0211,0.0,0.0,0.0,-2.51,2.41,0.0
20230206:0311,0.0,0.0,0.0,-2.45,2.41,0.0
20230206:0411,0.0,0.0,0.0,-2.52,2.34,0.0
20230206:0511,0.0,0.0,0.0,-2.82,2.41,0.0
20230206:0611,0.0,0.0,0.0,-3.16,2.34,0.0
20230206:0711,0.0,0.0,0.0,-3.2,1.72,0.0
20230206:0811,0.0,1.85,2.52,-2.84,1.52,0.0
20230206:0911,667876.0,349.09,9.43,-1.53,1.38,0.0
20230206:1011,1137136.0,597.72,14.93,1.83,1.45,0.0
20230206:1111,1286208.0,682.84,18.6,3.9,1.86,0.0
20230206:1211,1376628.0,735.32,20.1,5.19,2.28,0.0
20230206:1311,1367146.0,729.29,19.27,5.98,2.69,0.0
20230206:1411,1083588.0,572.93,16.2,6.5,2.97,0.0
20230206:1511,289344.0,165.05,11.19,6.53,2.76,0.0
20230206:1611,15488.0,18.54,4.65,6.0,2.0,0.0
20230206:1711,0.0,0.0,0.0,4.53,2.34,0.0
20230206:1811,0.0,0.0,0.0,2.86,2.41,0.0
20230206:1911,0.0,0.0,0.0,2.48,2.41,0.0
20230206:2011,0.0,0.0,0.0,1.61,2.34,0.0
20230206:2111,0.0,0.0,0.0,1.16,2.14,0.0
20230206:2211,0.0,0.0,0.0,0.41,2.28,0.0
20230206:2311,0.0,0.0,0.0,-0.36,2.34,0.0
20230207:0011,0.0,0.0,0.0,-0.56,2.28,0.0
20230207:0111,0.0,0.0,0.0,-0.86,2.21,0.0
20230207:0211,0.0,0.0,0.0,-0.97,2.07,0.0
20230207:0311,0.0,0.0,0.0,-0.7,1.86,0.0
20230207:0411,0.0,0.0,0.0,-0.21,1.66,0.0
20230207:0511,0.0,0.0,0.0,0.38,1.52,0.0
20230207:0611,0.0,0.0,0.0,0.44,1.59,0.0
20230207:0711,0.0,0.0,0.0,-0.44,2.14,0.0
20230207:0811,0.0,2.78,2.77,-0.03,2.28,0.0
20230207:0911,97020.0,65.06,9.7,1.47,2.21,0.0
20230207:1011,102124.0,68.61,15.21,4.3,2.07,0.0
20230207:1111,106260.0,71.39,18.9,6.48,2.76,0.0
20230207:1211,266024.0,154.38,20.41,7.76,3.38,0.0
20230207:1311,363308.0,203.46,19.58,8.44,3.72,0.0
20230207:1411,635624.0,340.87,16.51,8.6,3.59,0.0
20230207:1511,95964.0,66.19,11.49,8.36,2.97,0.0
20230207:1611,12738.0,16.69,4.93,7.68,2.48,0.0
20230207:1711,0.0,0.0,0.0,6.41,2.34,0.0
20230207:1811,0.0,0.0,0.0,5.57,2.21,0.0
20230207:1911,0.0,0.0,0.0,4.95,2.0,0.0
20230207:2011,0.0,0.0,0.0,4.15,1.86,0.0
20230207:2111,0.0,0.0,0.0,3.36,1.86,0.0
20230207:2211,0.0,0.0,0.0,2.13,1.93,0.0
20230207:2311,0.0,0.0,0.0,1.53,2.07,0.0
20230208:0011,0.0,0.0,0.0,1.35,2.14,0.0
20230208:0111,0.0,0.0,0.0,1.65,2.07,0.0
20230208:0211,0.0,0.0,0.0,2.02,1.93,0.0
20230208:0311,0.0,0.0,0.0,2.08,1.86,0.0
20230208:0411,0.0,0.0,0.0,1.66,1.93,0.0
20230208:0511,0.0,0.0,0.0,1.51,2.14,0.0
20230208:0611,0.0,0.0,0.0,0.94,2.21,0.0
20230208:0711,0.0,0.0,0.0,0.41,2.55,0.0
20230208:0811,0.0,4.64,3.03,0.1,2.76,0.0
20230208:0911,528550.0,280.48,9.97,1.28,2.9,0.0
20230208:1011,869308.0,452.58,15.5,3.54,3.17,0.0
20230208:1111,729124.0,382.58,19.2,5.24,4.0,0.0
20230208:1211,1098812.0,574.79,20.72,6.38,4.62,0.0
20230208:1311,1184744.0,621.0,19.9,7.32,5.24,0.0
20230208:1411,941358.0,493.48,16.81,7.68,5.52,0.0
20230208:1511,284416.0,162.61,11.78,7.48,5.31,0.0
20230208:1611,11550.0,15.76,5.22,6.62,5.1,0.0
20230208:1711,0.0,0.0,0.0,5.26,4.9,0.0
20230208:1811,0.0,0.0,0.0,4.5,5.1,0.0
20230208:1911,0.0,0.0,0.0,4.2,5.1,0.0
20230208:2011,0.0,0.0,0.0,4.14,5.24,0.0
20230208:2111,0.0,0.0,0.0,4.02,5.17,0.0
20230208:2211,0.0,0.0,0.0,3.98,5.24,0.0
20230208:2311,0.0,0.0,0.0,4.28,5.1,0.0
20230209:0011,0.0,0.0,0.0,5.04,4.69,0.0
20230209:0111,0.0,0.0,0.0,6.23,3.79,0.0
20230209:0211,0.0,0.0,0.0,6.15,3.03,0.0
20230209:0311,0.0,0.0,0.0,5.01,3.1,0.0
20230209:0411,0.0,0.0,0.0,3.35,2.55,0.0
20230209:0511,0.0,0.0,0.0,1.75,2.07,0.0
20230209:0611,0.0,0.0,0.0,0.29,2.21,0.0
20230209:0711,0.0,0.0,0.0,-0.39,2.62,0.0
20230209:0811,15224.0,18.37,3.3,-0.64,2.62,0.0
20230209:0911,692538.0,362.94,10.25,1.14,2.76,0.0
20230209:1011,1101144.0,575.48,15.8,4.18,3.17,0.0
20230209:1111,1285108.0,674.28,19.52,6.26,4.48,0.0
20230209:1211,1358566.0,711.53,21.04,7.44,6.14,0.0
20230209:1311,1186724.0,621.95,20.21,7.81,5.72,0.0
20230209:1411,346588.0,193.89,17.12,7.88,5.24,0.0
20230209:1511,76956.0,55.63,12.08,7.64,4.34,0.0
20230209:1611,18084.0,20.4,5.5,7.09,3.72,0.0
20230209:1711,0.0,0.0,0.0,6.11,3.38,0.0
20230209:1811,0.0,0.0,0.0,4.92,3.1,0.0
20230209:1911,0.0,0.0,0.0,4.84,3.38,0.0
20230209:2011,0.0,0.0,0.0,4.36,3.1,0.0
20230209:2111,0.0,0.0,0.0,3.81,2.83,0.0
20230209:2211,0.0,0.0,0.0,3.32,2.76,0.0
20230209:2311,0.0,0.0,0.0,2.97,2.69,0.0
20230210:0011,0.0,0.0,0.0,2.74,2.69,0.0
20230210:0111,0.0,0.0,0.0,2.38,2.69,0.0
20230210:0211,0.0,0.0,0.0,2.46,2.76,0.0
20230210:0311,0.0,0.0,0.0,2.48,2.97,0.0
20230210:0411,0.0,0.0,0.0,3.03,3.45,0.0
20230210:0511,0.0,0.0,0.0,3.53,4.0,0.0
20230210:0611,0.0,0.0,0.0,3.85,4.34,0.0
20230210:0711,0.0,0.0,0.0,3.83,4.34,0.0
20230210:0811,0.0,4.64,3.57,4.01,4.55,0.0
20230210:0911,37422.0,32.45,10.54,4.76,4.97,0.0
20230210:1011,32692.0,29.67,16.1,5.58,5.38,0.0
20230210:1111,35596.0,31.52,19.83,6.35,5.86,0.0
20230210:1211,39974.0,34.3,21.36,7.35,4.76,0.0
20230210:1311,27852.0,26.89,20.54,7.92,4.28,0.0
20230210:1411,24926.0,25.03,17.44,8.31,6.21,0.0
20230210:1511,17930.0,20.4,12.38,8.51,5.93,0.0
20230210:1611,2486.0,8.34,5.79,8.55,5.79,0.0
20230210:1711,0.0,0.0,0.0,8.5,5.66,0.0
20230210:1811,0.0,0.0,0.0,8.48,5.59,0.0
20230210:1911,0.0,0.0,0.0,8.96,5.86,0.0
20230210:2011,0.0,0.0,0.0,8.94,6.07,0.0
20230210:2111,0.0,0.0,0.0,8.7,6.21,0.0
20230210:2211,0.0,0.0,0.0,8.49,6.21,0.0
20230210:2311,0.0,0.0,0.0,8.27,6.07,0.0
20230211:0011,0.0,0.0,0.0,8.02,5.72,0.0
20230211:0111,0.0,0.0,0.0,7.77,5.1,0.0
20230211:0211,0.0,0.0,0.0,7.64,4.28,0.0
20230211:0311,0.0,0.0,0.0,7.73,3.31,0.0
20230211:0411,0.0,0.0,0.0,7.73,2.55,0.0
20230211:0511,0.0,0.0,0.0,7.23,2.21,0.0
20230211:0611,0.0,0.0,0.0,6.67,2.28,0.0
20230211:0711,0.0,0.0,0.0,6.8,2.62,0.0
20230211:0811,1606.0,7.42,3.84,7.07,2.69,0.0
20230211:0911,153406.0,96.58,10.83,7.81,2.76,0.0
20230211:1011,808412.0,431.9,16.41,8.7,2.97,0.0
20230211:1111,741268.0,395.85,20.15,9.66,4.55,0.0
20230211:1211,1120504.0,598.12,21.69,10.23,4.34,0.0
20230211:1311,1356454.0,731.2,20.86,10.48,3.93,0.0
20230211:1411,1224564.0,658.06,17.75,10.43,3.79,0.0
20230211:1511,421806.0,234.85,12.68,10.15,3.52,0.0
20230211:1611,6622.0,12.05,6.08,9.42,2.69,0.0
20230211:1711,0.0,0.0,0.0,8.08,2.34,0.0
20230211:1811,0.0,0.0,0.0,6.88,2.28,0.0
20230211:1911,0.0,0.0,0.0,5.68,2.28,0.0
20230211:2011,0.0,0.0,0.0,4.93,2.21,0.0
20230211:2111,0.0,0.0,0.0,4.4,2.14,0.0
20230211:2211,0.0,0.0,0.0,4.24,2.0,0.0
20230211:2311,0.0,0.0,0.0,4.24,1.93,0.0
20230212:0011,0.0,0.0,0.0,4.0,1.93,0.0
20230212:0111,0.0,0.0,0.0,3.77,1.59,0.0
20230212:0211,0.0,0.0,0.0,3.45,1.45,0.0
20230212:0311,0.0,0.0,0.0,2.7,1.52,0.0
20230212:0411,0.0,0.0,0.0,2.02,1.59,0.0
20230212:0511,0.0,0.0,0.0,1.94,1.52,0.0
20230212:0611,0.0,0.0,0.0,2.64,1.31,0.0
20230212:0711,0.0,0.0,0.0,1.69,1.59,0.0
20230212:0811,44.0,5.56,4.12,1.62,1.59,0.0
20230212:0911,55022.0,42.65,11.12,3.72,1.03,0.0
20230212:1011,92642.0,63.97,16.72,5.93,1.17,0.0
20230212:1111,90090.0,63.04,20.48,7.96,1.86,0.0
20230212:1211,76494.0,55.63,22.02,8.64,2.55,0.0
20230212:1311,76362.0,55.63,21.19,9.0,2.9,0.0
20230212:1411,86284.0,61.19,18.07,9.18,2.97,0.0
20230212:1511,76296.0,55.63,12.99,9.22,3.1,0.0
20230212:1611,104544.0,71.93,6.37,8.5,2.21,0.0
20230212:1711,0.0,0.0,0.0,7.26,2.28,0.0
20230212:1811,0.0,0.0,0.0,6.2,2.48,0.0
20230212:1911,0.0,0.0,0.0,6.27,2.69,0.0
20230212:2011,0.0,0.0,0.0,5.77,2.83,0.0
20230212:2111,0.0,0.0,0.0,5.13,2.83,0.0
20230212:2211,0.0,0.0,0.0,4.42,2.76,0.0
20230212:2311,0.0,0.0,0.0,3.97,2.76,0.0
20230213:0011,0.0,0.0,0.0,3.68,2.76,0.0
20230213:0111,0.0,0.0,0.0,3.77,2.69,0.0
20230213:0211,0.0,0.0,0.0,3.91,2.55,0.0
20230213:0311,0.0,0.0,0.0,3.81,2.55,0.0
20230213:0411,0.0,0.0,0.0,3.72,2.48,0.0
20230213:0511,0.0,0.0,0.0,3.56,2.48,0.0
20230213:0611,0.0,0.0,0.0,3.61,2.41,0.0
20230213:0711,0.0,0.0,0.0,3.74,2.34,0.0
20230213:0811,2618.0,8.34,4.41,3.66,2.21,0.0
20230213:0911,69674.0,50.99,11.42,4.56,2.62,0.0
20230213:1011,89716.0,62.12,17.04,5.29,3.45,0.0
20230213:1111,110132.0,73.24,20.8,5.86,3.59,0.0
20230213:1211,146542.0,92.71,22.36,6.59,3.72,0.0
20230213:1311,121550.0,79.73,21.52,7.22,3.79,0.0
20230213:1411,85272.0,60.26,18.39,7.75,3.93,0.0
20230213:1511,166804.0,103.45,13.3,7.99,3.86,0.0
20230213:1611,398816.0,227.86,6.66,7.75,3.52,0.0
20230213:1711,0.0,0.0,0.0,6.25,2.9,0.0
20230213:1811,0.0,0.0,0.0,4.67,2.97,0.0
20230213:1911,0.0,0.0,0.0,4.1,2.83,0.0
20230213:2011,0.0,0.0,0.0,3.38,2.62,0.0
20230213:2111,0.0,0.0,0.0,2.65,2.55,0.0
20230213:2211,0.0,0.0,0.0,2.05,2.48,0.0
20230213:2311,0.0,0.0,0.0,1.57,2.48,0.0
20230214:0011,0.0,0.0,0.0,1.14,2.55,0.0
20230214:0111,0.0,0.0,0.0,0.85,2.55,0.0
20230214:0211,0.0,0.0,0.0,0.53,2.55,0.0
20230214:0311,0.0,0.0,0.0,0.15,2.55,0.0
20230214:0411,0.0,0.0,0.0,-0.29,2.41,0.0
20230214:0511,0.0,0.0,0.0,-0.73,2.21,0.0
20230214:0611,0.0,0.0,0.0,-1.09,1.86,0.0
20230214:0711,0.0,0.0,0.0,-1.74,1.52,0.0
20230214:0811,36696.0,31.81,4.7,-1.95,1.31,0.0
20230214:0911,190036.0,112.13,11.73,-0.2,1.38,0.0
20230214:1011,246488.0,141.53,17.36,2.41,1.72,0.0
20230214:1111,352220.0,196.19,21.14,5.31,2.34,0.0
20230214:1211,214258.0,128.42,22.7,7.85,2.83,0.0
20230214:1311,402886.0,225.14,21.86,9.63,3.17,0.0
20230214:1411,774708.0,417.59,18.72,10.93,3.38,0.0
20230214:1511,626142.0,342.37,13.6,11.51,3.17,0.0
20230214:1611,351472.0,205.83,6.95,10.96,2.83,0.0
20230214:1711,0.0,0.0,0.0,9.32,3.17,0.0
20230214:1811,0.0,0.0,0.0,7.8,3.17,0.0
20230214:1911,0.0,0.0,0.0,6.37,2.83,0.0
20230214:2011,0.0,0.0,0.0,5.46,2.69,0.0
20230214:2111,0.0,0.0,0.0,4.8,2.62,0.0
20230214:2211,0.0,0.0,0.0,4.23,2.62,0.0
20230214:2311,0.0,0.0,0.0,3.79,2.69,0.0
20230215:0011,0.0,0.0,0.0,3.44,2.83,0.0
20230215:0111,0.0,0.0,0.0,3.28,2.76,0.0
20230215:0211,0.0,0.0,0.0,3.1,2.9,0.0
20230215:0311,0.0,0.0,0.0,2.94,3.03,0.0
20230215:0411,0.0,0.0,0.0,2.75,3.17,0.0
20230215:0511,0.0,0.0,0.0,2.39,3.24,0.0
20230215:0611,0.0,0.0,0.0,2.0,3.24,0.0
20230215:0711,0.0,0.0,0.0,1.48,3.24,0.0
20230215:0811,0.0,4.64,4.99,1.39,3.31,0.0
20230215:0911,539968.0,287.42,12.04,2.93,3.24,0.0
20230215:1011,1202762.0,632.27,17.68,5.47,3.52,0.0
20230215:1111,1390092.0,739.04,21.47,7.97,4.28,0.0
20230215:1211,1304864.0,695.07,23.04,9.65,4.9,0.0
20230215:1311,191686.0,117.5,22.2,9.86,5.03,0.0
20230215:1411,283052.0,163.73,19.05,9.7,5.24,0.0
20230215:1511,291588.0,168.11,13.92,9.78,4.34,0.0
20230215:1611,143220.0,92.98,7.25,9.31,3.86,0.0
20230215:1711,0.0,0.0,0.0,7.84,3.24,0.0
20230215:1811,0.0,0.0,0.0,6.35,2.97,0.0
20230215:1911,0.0,0.0,0.0,5.96,2.83,0.0
20230215:2011,0.0,0.0,0.0,5.59,2.9,0.0
20230215:2111,0.0,0.0,0.0,5.43,3.17,0.0
20230215:2211,0.0,0.0,0.0,5.19,3.38,0.0
20230215:2311,0.0,0.0,0.0,5.22,3.52,0.0
20230216:0011,0.0,0.0,0.0,5.23,3.45,0.0
20230216:0111,0.0,0.0,0.0,5.28,3.31,0.0
20230216:0211,0.0,0.0,0.0,5.32,3.24,0.0
20230216:0311,0.0,0.0,0.0,5.11,2.9,0.0
20230216:0411,0.0,0.0,0.0,4.82,2.48,0.0
20230216:0511,0.0,0.0,0.0,4.73,2.62,0.0
20230216:0611,0.0,0.0,0.0,4.63,2.83,0.0
20230216:0711,0.0,0.0,0.0,5.63,3.45,0.0
20230216:0811,0.0,4.64,5.29,5.87,3.1,0.0
20230216:0911,74074.0,53.77,12.35,6.27,2.69,0.0
20230216:1011,274824.0,158.37,18.01,7.05,2.41,0.0
20230216:1111,164824.0,102.91,21.82,7.9,2.62,0.0
20230216:1211,162404.0,101.98,23.38,8.81,2.97,0.0
20230216:1311,74382.0,54.7,22.54,10.03,4.21,0.0
20230216:1411,797764.0,425.75,19.37,10.03,4.55,0.0
20230216:1511,241296.0,142.47,14.23,9.91,5.03,0.0
20230216:1611,295152.0,173.39,7.54,9.33,5.38,0.0
20230216:1711,0.0,0.0,0.0,8.8,4.97,0.0
20230216:1811,0.0,0.0,0.0,8.42,5.03,0.0
20230216:1911,0.0,0.0,0.0,9.11,4.9,0.0
20230216:2011,0.0,0.0,0.0,9.53,5.17,0.0
20230216:2111,0.0,0.0,0.0,9.92,5.52,0.0
20230216:2211,0.0,0.0,0.0,10.35,5.72,0.0
20230216:2311,0.0,0.0,0.0,10.69,5.86,0.0
20230217:0011,0.0,0.0,0.0,10.96,5.93,0.0
20230217:0111,0.0,0.0,0.0,11.11,6.48,0.0
20230217:0211,0.0,0.0,0.0,11.13,7.31,0.0
20230217:0311,0.0,0.0,0.0,10.98,8.28,0.0
20230217:0411,0.0,0.0,0.0,10.72,9.1,0.0
20230217:0511,0.0,0.0,0.0,10.69,10.28,0.0
20230217:0611,0.0,0.0,0.0,11.03,11.31,0.0
20230217:0711,0.0,0.0,0.0,12.07,12.48,0.0
20230217:0811,134574.0,90.98,5.59,12.05,12.97,0.0
20230217:0911,269808.0,157.63,12.67,11.82,12.97,0.0
20230217:1011,551606.0,297.61,18.34,10.81,10.9,0.0
20230217:1111,974776.0,510.21,22.16,10.29,10.55,0.0
20230217:1211,1395350.0,730.3,23.73,10.2,9.86,0.0
20230217:1311,1278618.0,671.29,22.88,10.27,8.55,0.0
20230217:1411,1103146.0,580.97,19.71,10.07,7.03,0.0
20230217:1511,480722.0,263.38,14.54,9.69,5.1,0.0
20230217:1611,214786.0,131.13,7.84,9.37,3.79,0.0
20230217:1711,0.0,0.0,0.0,8.26,2.83,0.0
20230217:1811,0.0,0.0,0.0,7.82,2.48,0.0
20230217:1911,0.0,0.0,0.0,8.1,2.34,0.0
20230217:2011,0.0,0.0,0.0,7.99,2.34,0.0
20230217:2111,0.0,0.0,0.0,7.69,2.41,0.0
20230217:2211,0.0,0.0,0.0,7.57,2.34,0.0
20230217:2311,0.0,0.0,0.0,7.42,2.41,0.0
20230218:0011,0.0,0.0,0.0,7.81,2.69,0.0
20230218:0111,0.0,0.0,0.0,9.25,4.55,0.0
20230218:0211,0.0,0.0,0.0,9.9,6.14,0.0
20230218:0311,0.0,0.0,0.0,9.48,6.97,0.0
20230218:0411,0.0,0.0,0.0,9.72,8.41,0.0
20230218:0511,0.0,0.0,0.0,10.21,8.9,0.0
20230218:0611,0.0,0.0,0.0,10.27,8.41,0.0
20230218:0711,0.0,0.0,0.0,10.47,8.21,0.0
20230218:0811,280126.0,170.1,5.9,10.53,8.0,0.0
20230218:0911,367158.0,206.6,12.99,10.57,7.72,0.0
20230218:1011,669108.0,359.05,18.68,10.79,6.34,0.0
20230218:1111,724636.0,388.34,22.51,11.27,6.41,0.0
20230218:1211,734008.0,394.15,24.08,11.81,6.62,0.0
20230218:1311,233156.0,140.04,23.23,11.87,5.17,0.0
20230218:1411,302192.0,175.09,20.04,11.55,4.14,0.0
20230218:1511,117744.0,78.8,14.86,11.12,4.9,0.0
20230218:1611,107448.0,73.58,8.14,10.59,4.76,0.0
20230218:1711,0.0,0.0,0.0,10.15,4.48,0.0
20230218:1811,0.0,0.0,0.0,9.75,4.34,0.0
20230218:1911,0.0,0.0,0.0,9.53,4.28,0.0
20230218:2011,0.0,0.0,0.0,9.5,4.97,0.0
20230218:2111,0.0,0.0,0.0,9.52,5.45,0.0
20230218:2211,0.0,0.0,0.0,9.49,5.45,0.0
20230218:2311,0.0,0.0,0.0,9.35,5.24,0.0
20230219:0011,0.0,0.0,0.0,9.29,5.17,0.0
20230219:0111,0.0,0.0,0.0,8.84,5.1,0.0
20230219:0211,0.0,0.0,0.0,8.38,4.76,0.0
20230219:0311,0.0,0.0,0.0,7.65,3.93,0.0
20230219:0411,0.0,0.0,0.0,7.13,3.38,0.0
20230219:0511,0.0,0.0,0.0,6.81,2.34,0.0
20230219:0611,0.0,0.0,0.0,6.69,1.59,0.0
20230219:0711,0.0,0.0,0.0,6.48,1.93,0.0
20230219:0811,336710.0,198.37,6.21,6.18,2.34,0.0
20230219:0911,842402.0,448.84,13.32,6.49,2.97,0.0
20230219:1011,1223992.0,648.55,19.02,7.13,3.59,0.0
20230219:1111,1385032.0,734.64,22.86,7.94,4.55,0.0
20230219:1211,615934.0,330.39,24.44,9.13,6.14,0.0
20230219:1311,79486.0,57.48,23.58,9.91,6.83,0.0
20230219:1411,160006.0,100.77,20.37,9.84,6.83,0.0
20230219:1511,81268.0,58.41,15.18,9.61,6.55,0.0
20230219:1611,26180.0,25.96,8.44,9.59,7.52,0.0
20230219:1711,0.0,0.0,0.0,8.81,6.83,0.0
20230219:1811,0.0,0.0,0.0,8.21,6.76,0.0
20230219:1911,0.0,0.0,0.0,7.7,6.62,0.0
20230219:2011,0.0,0.0,0.0,7.65,6.9,0.0
20230219:2111,0.0,0.0,0.0,8.08,7.24,0.0
20230219:2211,0.0,0.0,0.0,8.48,7.66,0.0
20230219:2311,0.0,0.0,0.0,8.79,8.07,0.0
20230220:0011,0.0,0.0,0.0,9.23,8.34,0.0
20230220:0111,0.0,0.0,0.0,9.64,8.55,0.0
20230220:0211,0.0,0.0,0.0,9.85,8.62,0.0
20230220:0311,0.0,0.0,0.0,9.82,8.69,0.0
20230220:0411,0.0,0.0,0.0,9.79,8.55,0.0
20230220:0511,0.0,0.0,0.0,9.66,8.28,0.0
20230220:0611,0.0,0.0,0.0,9.52,7.86,0.0
20230220:0711,0.0,0.0,0.0,10.22,8.0,0.0
20230220:0811,66110.0,50.7,6.53,10.39,8.07,0.0
20230220:0911,176286.0,109.31,13.65,10.59,8.07,0.0
20230220:1011,64460.0,49.14,19.37,10.62,6.34,0.0
20230220:1111,329934.0,188.4,23.22,10.78,6.55,0.0
20230220:1211,111100.0,75.1,24.8,10.73,6.07,0.0
20230220:1311,787974.0,420.59,23.93,11.16,6.83,0.0
20230220:1411,1203554.0,638.16,20.71,11.43,7.17,0.0
20230220:1511,845592.0,452.01,15.49,11.35,6.62,0.0
20230220:1611,472076.0,267.54,8.74,10.9,5.1,0.0
20230220:1711,0.0,0.0,0.0,10.48,5.93,0.0
20230220:1811,0.0,0.0,0.0,10.18,5.66,0.0
20230220:1911,0.0,0.0,0.0,10.36,6.0,0.0
20230220:2011,0.0,0.0,0.0,10.19,5.86,0.0
20230220:2111,0.0,0.0,0.0,10.08,5.52,0.0
20230220:2211,0.0,0.0,0.0,10.04,5.17,0.0
20230220:2311,0.0,0.0,0.0,9.83,4.76,0.0
20230221:0011,0.0,0.0,0.0,9.79,4.41,0.0
20230221:0111,0.0,0.0,0.0,9.58,4.0,0.0
20230221:0211,0.0,0.0,0.0,9.51,3.66,0.0
20230221:0311,0.0,0.0,0.0,9.33,3.38,0.0
20230221:0411,0.0,0.0,0.0,9.13,3.1,0.0
20230221:0511,0.0,0.0,0.0,8.95,2.76,0.0
20230221:0611,0.0,0.0,0.0,8.24,2.41,0.0
20230221:0711,0.0,0.0,0.0,7.76,2.55,0.0
20230221:0811,48400.0,39.73,6.85,7.84,2.07,0.0
20230221:0911,170368.0,105.96,13.98,8.84,2.41,0.0
20230221:1011,146036.0,93.64,19.71,9.8,3.79,0.0
20230221:1111,182622.0,113.11,23.57,10.23,4.14,0.0
20230221:1211,56430.0,44.5,25.16,10.49,4.48,0.0
20230221:1311,123200.0,81.59,24.28,10.41,4.62,0.0
20230221:1411,672584.0,362.23,21.05,10.41,4.48,0.0
20230221:1511,656150.0,354.69,15.81,10.28,4.14,0.0
20230221:1611,221100.0,134.4,9.04,9.97,3.66,0.0
20230221:1711,0.0,0.0,0.0,9.45,3.03,0.0
20230221:1811,0.0,0.0,0.0,8.7,2.69,0.0
20230221:1911,0.0,0.0,0.0,8.59,2.48,0.0
20230221:2011,0.0,0.0,0.0,7.75,2.28,0.0
20230221:2111,0.0,0.0,0.0,6.83,2.14,0.0
20230221:2211,0.0,0.0,0.0,6.12,2.21,0.0
20230221:2311,0.0,0.0,0.0,5.71,2.28,0.0
20230222:0011,0.0,0.0,0.0,6.09,2.34,0.0
20230222:0111,0.0,0.0,0.0,6.37,2.41,0.0
20230222:0211,0.0,0.0,0.0,6.56,2.28,0.0
20230222:0311,0.0,0.0,0.0,6.51,2.34,0.0
20230222:0411,0.0,0.0,0.0,6.24,2.34,0.0
20230222:0511,0.0,0.0,0.0,6.23,2.28,0.0
20230222:0611,0.0,0.0,0.0,5.99,2.28,0.0
20230222:0711,0.0,0.0,0.0,5.55,2.28,0.0
20230222:0811,277310.0,165.15,7.17,5.98,2.28,0.0
20230222:0911,64042.0,48.21,14.32,6.49,2.21,0.0
20230222:1011,275330.0,158.68,20.06,7.25,3.66,0.0
20230222:1111,266508.0,154.83,23.94,7.92,4.41,0.0
20230222:1211,71918.0,52.85,25.52,7.81,4.55,0.0
20230222:1311,334928.0,189.02,24.64,7.79,5.24,0.0
20230222:1411,198902.0,119.83,21.39,7.2,5.45,0.0
20230222:1511,259820.0,150.05,16.14,6.74,5.45,0.0
20230222:1611,103026.0,69.76,9.34,6.34,5.1,0.0
20230222:1711,0.0,0.0,0.0,6.09,4.97,0.0
20230222:1811,0.0,0.0,0.0,5.71,4.48,0.0
20230222:1911,0.0,0.0,0.0,5.57,4.76,0.0
20230222:2011,0.0,0.0,0.0,5.36,4.62,0.0
20230222:2111,0.0,0.0,0.0,5.18,5.03,0.0
20230222:2211,0.0,0.0,0.0,4.87,5.66,0.0
20230222:2311,0.0,0.0,0.0,4.84,6.14,0.0
20230223:0011,0.0,0.0,0.0,4.6,6.28,0.0
20230223:0111,0.0,0.0,0.0,4.63,6.28,0.0
20230223:0211,0.0,0.0,0.0,4.34,5.93,0.0
20230223:0311,0.0,0.0,0.0,4.24,5.72,0.0
20230223:0411,0.0,0.0,0.0,3.82,5.45,0.0
20230223:0511,0.0,0.0,0.0,3.57,5.31,0.0
20230223:0611,0.0,0.0,0.0,3.26,4.9,0.0
20230223:0711,0.0,0.0,0.0,3.17,4.69,0.0
20230223:0811,400312.0,226.87,7.5,2.97,4.07,0.0
20230223:0911,948772.0,496.58,14.66,3.59,3.52,0.0
20230223:1011,1312080.0,687.53,20.42,4.67,3.86,0.0
20230223:1111,1558898.0,829.86,24.3,5.6,3.66,0.0
20230223:1211,1568666.0,841.94,25.89,6.31,3.31,0.0
20230223:1311,1529990.0,824.36,25.0,6.45,2.83,0.0
20230223:1411,1328602.0,710.33,21.73,6.88,2.83,0.0
20230223:1511,959728.0,510.15,16.46,7.14,3.03,0.0
20230223:1611,529738.0,294.46,9.65,6.95,2.55,0.0
20230223:1711,0.0,1.85,1.77,5.88,2.14,0.0
20230223:1811,0.0,0.0,0.0,4.47,2.55,0.0
20230223:1911,0.0,0.0,0.0,3.79,2.97,0.0
20230223:2011,0.0,0.0,0.0,3.87,3.24,0.0
20230223:2111,0.0,0.0,0.0,3.99,3.52,0.0
20230223:2211,0.0,0.0,0.0,4.76,3.72,0.0
20230223:2311,0.0,0.0,0.0,5.57,4.0,0.0
20230224:0011,0.0,0.0,0.0,6.29,4.41,0.0
20230224:0111,0.0,0.0,0.0,6.62,4.76,0.0
20230224:0211,0.0,0.0,0.0,7.02,5.1,0.0
20230224:0311,0.0,0.0,0.0,7.25,5.24,0.0
20230224:0411,0.0,0.0,0.0,7.29,5.17,0.0
20230224:0511,0.0,0.0,0.0,7.48,5.03,0.0
20230224:0611,0.0,0.0,0.0,7.69,4.83,0.0
20230224:0711,0.0,0.0,0.0,7.72,4.14,0.0
20230224:0811,3476.0,9.27,7.83,7.79,4.14,0.0
20230224:0911,698764.0,373.33,15.0,8.06,4.76,0.0
20230224:1011,1024100.0,539.22,20.78,8.41,5.38,0.0
20230224:1111,316162.0,180.01,24.67,8.44,5.79,0.0
20230224:1211,1104070.0,579.81,26.26,8.6,6.48,0.0
20230224:1311,1227710.0,643.29,25.36,8.3,6.76,0.0
20230224:1411,882816.0,462.28,22.08,7.81,6.83,0.0
20230224:1511,820534.0,430.57,16.78,7.11,6.55,0.0
20230224:1611,480062.0,265.09,9.95,6.31,5.86,0.0
20230224:1711,0.0,3.71,2.06,5.61,6.34,0.0
20230224:1811,0.0,0.0,0.0,4.93,5.93,0.0
20230224:1911,0.0,0.0,0.0,4.67,5.66,0.0
20230224:2011,0.0,0.0,0.0,4.49,5.86,0.0
20230224:2111,0.0,0.0,0.0,4.42,5.86,0.0
20230224:2211,0.0,0.0,0.0,4.07,5.66,0.0
20230224:2311,0.0,0.0,0.0,3.8,5.52,0.0
20230225:0011,0.0,0.0,0.0,3.63,5.31,0.0
20230225:0111,0.0,0.0,0.0,3.4,5.1,0.0
20230225:0211,0.0,0.0,0.0,3.36,5.17,0.0
20230225:0311,0.0,0.0,0.0,3.35,5.17,0.0
20230225:0411,0.0,0.0,0.0,3.46,5.45,0.0
20230225:0511,0.0,0.0,0.0,3.33,5.31,0.0
20230225:0611,0.0,0.0,0.0,3.05,5.1,0.0
20230225:0711,0.0,0.0,0.0,2.97,5.38,0.0
20230225:0811,193050.0,117.47,8.16,3.21,5.17,0.0
20230225:0911,121418.0,78.56,15.35,4.0,4.69,0.0
20230225:1011,204886.0,121.59,21.14,4.7,6.34,0.0
20230225:1111,625570.0,329.65,25.04,5.62,7.31,0.0
20230225:1211,66044.0,49.14,26.63,5.86,6.9,0.0
20230225:1311,274076.0,157.14,25.72,5.85,6.55,0.0
20230225:1411,126060.0,81.59,22.42,5.95,6.55,0.0
20230225:1511,937772.0,488.78,17.1,5.94,6.07,0.0
20230225:1611,177496.0,108.84,10.25,5.75,5.72,0.0
20230225:1711,0.0,3.71,2.35,5.11,4.62,0.0
20230225:1811,0.0,0.0,0.0,4.3,4.14,0.0
20230225:1911,0.0,0.0,0.0,4.07,4.62,0.0
20230225:2011,0.0,0.0,0.0,3.88,4.41,0.0
20230225:2111,0.0,0.0,0.0,3.72,4.07,0.0
20230225:2211,0.0,0.0,0.0,4.11,3.93,0.0
20230225:2311,0.0,0.0,0.0,3.94,3.59,0.0
20230226:0011,0.0,0.0,0.0,3.76,3.24,0.0
20230226:0111,0.0,0.0,0.0,3.59,3.17,0.0
20230226:0211,0.0,0.0,0.0,3.29,3.1,0.0
20230226:0311,0.0,0.0,0.0,3.01,3.17,0.0
20230226:0411,0.0,0.0,0.0,3.16,3.24,0.0
20230226:0511,0.0,0.0,0.0,3.1,3.24,0.0
20230226:0611,0.0,0.0,0.0,3.2,3.17,0.0
20230226:0711,0.0,0.0,0.0,3.65,3.66,0.0
20230226:0811,147972.0,93.88,8.5,3.84,3.52,0.0
20230226:0911,427636.0,233.36,15.7,5.06,3.24,0.0
20230226:1011,711304.0,374.12,21.5,6.07,5.38,0.0
20230226:1111,416834.0,228.68,25.41,6.6,5.66,0.0
20230226:1211,364892.0,203.54,27.01,6.98,5.45,0.0
20230226:1311,358446.0,200.46,26.09,7.2,5.17,0.0
20230226:1411,502722.0,272.11,22.77,7.25,4.76,0.0
20230226:1511,988086.0,520.88,17.43,7.14,4.48,0.0
20230226:1611,159302.0,99.83,10.56,6.72,3.79,0.0
20230226:1711,3542.0,9.27,2.64,6.05,2.97,0.0
20230226:1811,0.0,0.0,0.0,5.06,2.55,0.0
20230226:1911,0.0,0.0,0.0,4.61,3.17,0.0
20230226:2011,0.0,0.0,0.0,4.06,3.17,0.0
20230226:2111,0.0,0.0,0.0,4.3,3.31,0.0
20230226:2211,0.0,0.0,0.0,4.13,3.17,0.0
20230226:2311,0.0,0.0,0.0,4.19,3.1,0.0
20230227:0011,0.0,0.0,0.0,4.24,3.03,0.0
20230227:0111,0.0,0.0,0.0,4.0,2.97,0.0
20230227:0211,0.0,0.0,0.0,4.02,2.97,0.0
20230227:0311,0.0,0.0,0.0,3.76,2.97,0.0
20230227:0411,0.0,0.0,0.0,3.55,3.03,0.0
20230227:0511,0.0,0.0,0.0,3.35,3.03,0.0
20230227:0611,0.0,0.0,0.0,3.41,3.03,0.0
20230227:0711,0.0,0.0,0.0,3.56,3.31,0.0
20230227:0811,245872.0,145.53,8.84,4.12,3.38,0.0
20230227:0911,740256.0,391.72,16.05,5.14,3.24,0.0
20230227:1011,640948.0,339.86,21.87,6.25,4.69,0.0
20230227:1111,554202.0,298.02,25.79,7.06,4.76,0.0
20230227:1211,427460.0,235.04,27.38,7.11,4.9,0.0
20230227:1311,951632.0,501.24,26.45,7.6,4.9,0.0
20230227:1411,722458.0,382.29,23.12,7.31,5.1,0.0
20230227:1511,960872.0,505.76,17.75,7.19,4.9,0.0
20230227:1611,583352.0,319.83,10.86,6.75,4.34,0.0
20230227:1711,0.0,3.71,2.93,6.28,4.0,0.0
20230227:1811,0.0,0.0,0.0,5.63,3.72,0.0
20230227:1911,0.0,0.0,0.0,5.65,3.72,0.0
20230227:2011,0.0,0.0,0.0,5.58,3.59,0.0
20230227:2111,0.0,0.0,0.0,5.56,3.45,0.0
20230227:2211,0.0,0.0,0.0,5.61,3.31,0.0
20230227:2311,0.0,0.0,0.0,5.53,3.03,0.0
20230228:0011,0.0,0.0,0.0,5.44,2.76,0.0
20230228:0111,0.0,0.0,0.0,5.25,2.55,0.0
20230228:0211,0.0,0.0,0.0,4.89,2.48,0.0
20230228:0311,0.0,0.0,0.0,4.63,2.69,0.0
20230228:0411,0.0,0.0,0.0,4.33,2.97,0.0
20230228:0511,0.0,0.0,0.0,4.76,3.17,0.0
20230228:0611,0.0,0.0,0.0,5.18,3.52,0.0
20230228:0711,0.0,0.0,0.0,4.9,3.72,0.0
20230228:0811,286198.0,167.07,9.18,5.28,4.14,0.0
20230228:0911,130746.0,84.0,16.41,5.73,4.83,0.0
20230228:1011,201916.0,120.96,22.24,6.33,6.28,0.0
20230228:1111,299860.0,170.81,26.17,6.88,6.21,0.0
20230228:1211,673706.0,357.09,27.76,7.24,6.41,0.0
20230228:1311,247610.0,144.99,26.82,7.77,7.17,0.0
20230228:1411,183502.0,112.18,23.46,7.7,6.62,0.0
20230228:1511,217448.0,129.22,18.08,7.61,6.69,0.0
20230228:1611,219384.0,131.18,11.17,7.33,5.79,0.0
20230228:1711,748.0,6.49,3.22,6.76,5.79,0.0
20230228:1811,0.0,0.0,0.0,6.47,5.59,0.0
20230228:1911,0.0,0.0,0.0,6.13,5.45,0.0
20230228:2011,0.0,0.0,0.0,5.96,5.24,0.0
20230228:2111,0.0,0.0,0.0,6.1,5.1,0.0
20230228:2211,0.0,0.0,0.0,5.98,4.76,0.0
20230228:2311,0.0,0.0,0.0,5.92,4.76,0.0
20230301:0011,0.0,0.0,0.0,5.9,4.9,0.0
20230301:0111,0.0,0.0,0.0,5.78,5.03,0.0
20230301:0211,0.0,0.0,0.0,5.54,5.03,0.0
20230301:0311,0.0,0.0,0.0,5.54,4.9,0.0
20230301:0411,0.0,0.0,0.0,5.55,4.69,0.0
20230301:0511,0.0,0.0,0.0,5.33,4.55,0.0
20230301:0611,0.0,0.0,0.0,5.32,4.69,0.0
20230301:0711,0.0,0.0,0.0,5.25,4.76,0.0
20230301:0811,180554.0,111.3,9.53,5.53,5.03,0.0
20230301:0911,209418.0,124.37,16.77,5.82,5.1,0.0
20230301:1011,651200.0,343.46,22.61,6.35,6.9,0.0
20230301:1111,284240.0,162.82,26.55,6.91,7.31,0.0
20230301:1211,127160.0,82.51,28.14,7.08,6.97,0.0
20230301:1311,501314.0,271.06,27.19,7.51,7.45,0.0
20230301:1411,370414.0,205.96,23.81,7.67,7.66,0.0
20230301:1511,273614.0,157.3,18.41,7.27,6.69,0.0
20230301:1611,195822.0,118.72,11.47,7.08,6.62,0.0
20230301:1711,0.0,5.56,3.51,6.65,6.07,0.0
20230301:1811,0.0,0.0,0.0,6.12,5.59,0.0
20230301:1911,0.0,0.0,0.0,5.89,5.38,0.0
20230301:2011,0.0,0.0,0.0,5.79,5.17,0.0
20230301:2111,0.0,0.0,0.0,5.59,4.9,0.0
20230301:2211,0.0,0.0,0.0,5.34,4.41,0.0
20230301:2311,0.0,0.0,0.0,5.24,3.93,0.0
20230302:0011,0.0,0.0,0.0,4.96,3.24,0.0
20230302:0111,0.0,0.0,0.0,4.37,2.62,0.0
20230302:0211,0.0,0.0,0.0,3.99,2.28,0.0
20230302:0311,0.0,0.0,0.0,3.84,2.14,0.0
20230302:0411,0.0,0.0,0.0,3.35,2.14,0.0
20230302:0511,0.0,0.0,0.0,3.12,2.14,0.0
20230302:0611,0.0,0.0,0.0,2.95,2.07,0.0
20230302:0711,0.0,0.93,1.72,2.77,1.93,0.0
20230302:0811,58476.0,44.5,9.88,3.19,1.66,0.0
20230302:0911,91630.0,63.04,17.13,4.57,2.0,0.0
20230302:1011,162910.0,101.05,22.99,5.72,2.28,0.0
20230302:1111,293810.0,168.32,26.93,6.23,2.34,0.0
20230302:1211,114884.0,76.02,28.52,6.39,2.07,0.0
20230302:1311,254166.0,148.66,27.56,6.65,1.86,0.0
20230302:1411,142516.0,90.86,24.16,6.78,1.66,0.0
20230302:1511,176440.0,108.49,18.73,6.74,1.79,0.0
20230302:1611,108416.0,72.69,11.78,6.54,2.0,0.0
20230302:1711,770.0,6.49,3.8,6.17,1.93,0.0
20230302:1811,0.0,0.0,0.0,5.3,1.86,0.0
20230302:1911,0.0,0.0,0.0,4.44,1.86,0.0
20230302:2011,0.0,0.0,0.0,3.9,1.72,0.0
20230302:2111,0.0,0.0,0.0,2.97,1.79,0.0
20230302:2211,0.0,0.0,0.0,2.49,1.59,0.0
20230302:2311,0.0,0.0,0.0,1.65,1.86,0.0
20230303:0011,0.0,0.0,0.0,1.47,1.72,0.0
20230303:0111,0.0,0.0,0.0,1.63,1.72,0.0
20230303:0211,0.0,0.0,0.0,1.76,1.79,0.0
20230303:0311,0.0,0.0,0.0,1.89,1.93,0.0
20230303:0411,0.0,0.0,0.0,1.92,2.14,0.0
20230303:0511,0.0,0.0,0.0,2.25,2.21,0.0
20230303:0611,0.0,0.0,0.0,2.03,2.41,0.0
20230303:0711,0.0,0.93,2.06,2.39,2.55,0.0
20230303:0811,71478.0,51.75,10.23,2.93,2.55,0.0
20230303:0911,170698.0,104.35,17.49,4.46,2.9,0.0
20230303:1011,241692.0,141.12,23.36,5.85,4.14,0.0
20230303:1111,184118.0,112.18,27.32,6.49,4.0,0.0
20230303:1211,126962.0,82.51,28.91,6.92,3.66,0.0
20230303:1311,206668.0,124.23,27.93,7.22,3.52,0.0
20230303:1411,181434.0,111.25,24.51,7.37,3.45,0.0
20230303:1511,172876.0,106.55,19.06,7.09,3.59,0.0
20230303:1611,118162.0,77.86,12.09,6.67,3.72,0.0
20230303:1711,2552.0,8.34,4.09,6.03,3.17,0.0
20230303:1811,0.0,0.0,0.0,5.12,2.97,0.0
20230303:1911,0.0,0.0,0.0,4.38,2.83,0.0
20230303:2011,0.0,0.0,0.0,4.02,2.97,0.0
20230303:2111,0.0,0.0,0.0,3.61,2.83,0.0
20230303:2211,0.0,0.0,0.0,3.22,2.69,0.0
20230303:2311,0.0,0.0,0.0,3.31,2.55,0.0
20230304:0011,0.0,0.0,0.0,3.13,2.34,0.0
20230304:0111,0.0,0.0,0.0,3.09,2.21,0.0
20230304:0211,0.0,0.0,0.0,2.8,2.34,0.0
20230304:0311,0.0,0.0,0.0,2.59,2.48,0.0
20230304:0411,0.0,0.0,0.0,2.37,2.62,0.0
20230304:0511,0.0,0.0,0.0,2.25,2.69,0.0
20230304:0611,0.0,0.0,0.0,2.12,2.62,0.0
20230304:0711,0.0,1.85,2.4,1.85,2.55,0.0
20230304:0811,130130.0,83.32,10.58,2.52,2.34,0.0
20230304:0911,217052.0,127.6,17.86,3.81,2.76,0.0
20230304:1011,226710.0,133.24,23.74,4.85,2.83,0.0
20230304:1111,406120.0,224.58,27.7,6.19,2.83,0.0
20230304:1211,1025816.0,546.43,29.29,7.23,2.83,0.0
20230304:1311,1300090.0,698.24,28.3,7.28,2.69,0.0
20230304:1411,502986.0,274.27,24.86,7.54,2.97,0.0
20230304:1511,391424.0,217.35,19.39,7.26,3.17,0.0
20230304:1611,77176.0,55.63,12.39,6.9,3.03,0.0
20230304:1711,1628.0,7.42,4.38,6.33,2.34,0.0
20230304:1811,0.0,0.0,0.0,5.22,2.14,0.0
20230304:1911,0.0,0.0,0.0,4.71,1.66,0.0
20230304:2011,0.0,0.0,0.0,4.28,1.66,0.0
20230304:2111,0.0,0.0,0.0,3.98,1.59,0.0
20230304:2211,0.0,0.0,0.0,3.56,1.59,0.0
20230304:2311,0.0,0.0,0.0,2.48,2.0,0.0
20230305:0011,0.0,0.0,0.0,1.6,2.0,0.0
20230305:0111,0.0,0.0,0.0,1.09,2.07,0.0
20230305:0211,0.0,0.0,0.0,0.54,2.14,0.0
20230305:0311,0.0,0.0,0.0,0.32,2.14,0.0
20230305:0411,0.0,0.0,0.0,0.7,2.07,0.0
20230305:0511,0.0,0.0,0.0,0.66,2.0,0.0
20230305:0611,0.0,0.0,0.0,0.39,1.93,0.0
20230305:0711,0.0,3.71,2.75,0.91,1.72,0.0
20230305:0811,73348.0,52.53,10.94,1.56,1.52,0.0
20230305:0911,316954.0,177.12,18.23,2.7,1.72,0.0
20230305:1011,329076.0,183.92,24.12,3.49,2.0,0.0
20230305:1111,600006.0,320.58,28.09,4.41,2.14,0.0
20230305:1211,475420.0,259.0,29.68,5.14,2.14,0.0
20230305:1311,564520.0,304.23,28.68,5.57,2.21,0.0
20230305:1411,152196.0,95.49,25.22,5.87,2.62,0.0
20230305:1511,89298.0,62.12,19.71,6.04,2.41,0.0
20230305:1611,152812.0,96.12,12.7,6.14,2.14,0.0
20230305:1711,33044.0,31.56,4.67,5.93,1.38,0.0
20230305:1811,0.0,0.0,0.0,5.02,1.38,0.0
20230305:1911,0.0,0.0,0.0,3.36,1.59,0.0
20230305:2011,0.0,0.0,0.0,1.75,1.72,0.0
20230305:2111,0.0,0.0,0.0,0.94,1.66,0.0
20230305:2211,0.0,0.0,0.0,0.97,1.31,0.0
20230305:2311,0.0,0.0,0.0,1.61,0.83,0.0
20230306:0011,0.0,0.0,0.0,1.63,0.55,0.0
20230306:0111,0.0,0.0,0.0,0.55,0.97,0.0
20230306:0211,0.0,0.0,0.0,-0.84,1.31,0.0
20230306:0311,0.0,0.0,0.0,-0.81,1.52,0.0
20230306:0411,0.0,0.0,0.0,0.22,1.79,0.0
20230306:0511,0.0,0.0,0.0,0.9,2.14,0.0
20230306:0611,0.0,0.0,0.0,1.61,2.48,0.0
20230306:0711,22.0,5.56,3.1,2.28,2.41,0.0
20230306:0811,74272.0,53.39,11.3,3.6,2.9,0.0
20230306:0911,335962.0,187.08,18.6,4.43,3.79,0.0
20230306:1011,626076.0,331.51,24.51,5.58,5.1,0.0
20230306:1111,820600.0,432.51,28.48,6.29,4.28,0.0
20230306:1211,755150.0,399.5,30.07,6.99,5.1,0.0
20230306:1311,1062116.0,558.1,29.05,7.38,5.31,0.0
20230306:1411,477752.0,259.64,25.57,7.08,5.31,0.0
20230306:1511,646206.0,342.6,20.04,6.09,4.9,0.0
20230306:1611,290422.0,166.3,13.0,5.25,4.14,0.0
20230306:1711,14300.0,17.62,4.96,4.51,3.31,0.0
20230306:1811,0.0,0.0,0.0,3.08,2.76,0.0
20230306:1911,0.0,0.0,0.0,2.37,2.0,0.0
20230306:2011,0.0,0.0,0.0,1.4,2.21,0.0
20230306:2111,0.0,0.0,0.0,0.72,2.28,0.0
20230306:2211,0.0,0.0,0.0,0.0,2.41,0.0
20230306:2311,0.0,0.0,0.0,-0.47,2.48,0.0
20230307:0011,0.0,0.0,0.0,-0.98,2.55,0.0
20230307:0111,0.0,0.0,0.0,-1.26,2.69,0.0
20230307:0211,0.0,0.0,0.0,-1.53,2.83,0.0
20230307:0311,0.0,0.0,0.0,-1.82,2.9,0.0
20230307:0411,0.0,0.0,0.0,-2.14,2.9,0.0
20230307:0511,0.0,0.0,0.0,-2.52,2.97,0.0
20230307:0611,0.0,0.0,0.0,-2.64,3.17,0.0
20230307:0711,14366.0,18.09,3.45,-2.5,3.17,0.0
20230307:0811,590106.0,316.4,11.66,-1.25,2.97,0.0
20230307:0911,1081498.0,556.36,18.97,0.36,3.66,0.0
20230307:1011,1459502.0,756.38,24.89,1.74,4.21,0.0
20230307:1111,1291730.0,671.48,28.88,2.91,4.07,0.0
20230307:1211,1765808.0,942.52,30.46,3.74,3.72,0.0
20230307:1311,1718442.0,918.73,29.43,4.35,3.59,0.0
20230307:1411,1415568.0,748.13,25.92,4.64,3.38,0.0
20230307:1511,452276.0,245.19,20.37,4.64,3.38,0.0
20230307:1611,39050.0,33.38,13.31,4.24,3.31,0.0
20230307:1711,157872.0,112.06,5.25,3.3,2.41,0.0
20230307:1811,0.0,0.0,0.0,1.98,1.93,0.0
20230307:1911,0.0,0.0,0.0,0.56,1.45,0.0
20230307:2011,0.0,0.0,0.0,-0.73,1.31,0.0
20230307:2111,0.0,0.0,0.0,-2.47,1.66,0.0
20230307:2211,0.0,0.0,0.0,-3.43,1.66,0.0
20230307:2311,0.0,0.0,0.0,-3.68,1.38,0.0
20230308:0011,0.0,0.0,0.0,-3.74,1.24,0.0
20230308:0111,0.0,0.0,0.0,-3.68,1.1,0.0
20230308:0211,0.0,0.0,0.0,-3.92,1.1,0.0
20230308:0311,0.0,0.0,0.0,-4.88,1.38,0.0
20230308:0411,0.0,0.0,0.0,-5.25,1.66,0.0
20230308:0511,0.0,0.0,0.0,-5.03,1.86,0.0
20230308:0611,0.0,0.0,0.0,-4.86,1.93,0.0
20230308:0711,6094.0,11.13,3.81,-4.52,2.14,0.0
20230308:0811,258104.0,146.53,12.02,-2.47,1.86,0.0
20230308:0911,613976.0,322.16,19.35,0.69,2.21,0.0
20230308:1011,854524.0,444.04,25.28,2.15,2.97,0.0
20230308:1111,1450416.0,761.72,29.27,2.97,3.45,0.0
20230308:1211,749628.0,393.1,30.85,3.62,3.66,0.0
20230308:1311,403832.0,221.01,29.8,3.82,3.66,0.0
20230308:1411,391270.0,214.31,26.27,3.72,3.79,0.0
20230308:1511,319594.0,178.2,20.7,3.25,3.72,0.0
20230308:1611,198616.0,118.12,13.61,2.69,3.24,0.0
20230308:1711,48708.0,40.49,5.54,1.91,2.76,0.0
20230308:1811,0.0,0.0,0.0,0.81,2.55,0.0
20230308:1911,0.0,0.0,0.0,0.55,2.41,0.0
20230308:2011,0.0,0.0,0.0,0.02,2.41,0.0
20230308:2111,0.0,0.0,0.0,-0.1,2.28,0.0
20230308:2211,0.0,0.0,0.0,-0.29,2.34,0.0
20230308:2311,0.0,0.0,0.0,-0.36,2.34,0.0
20230309:0011,0.0,0.0,0.0,-0.65,2.34,0.0
20230309:0111,0.0,0.0,0.0,-0.92,2.34,0.0
20230309:0211,0.0,0.0,0.0,-1.34,2.41,0.0
20230309:0311,0.0,0.0,0.0,-1.65,2.48,0.0
20230309:0411,0.0,0.0,0.0,-1.65,2.41,0.0
20230309:0511,0.0,0.0,0.0,-1.59,2.34,0.0
20230309:0611,0.0,0.0,0.0,-1.49,2.34,0.0
20230309:0711,2728.0,8.34,4.16,-0.94,2.34,0.0
20230309:0811,64416.0,47.28,12.39,0.18,2.21,0.0
20230309:0911,100012.0,66.75,19.73,1.59,2.34,0.0
20230309:1011,204094.0,120.52,25.67,2.33,3.17,0.0
20230309:1111,197010.0,116.82,29.67,2.39,4.34,0.0
20230309:1211,275374.0,155.91,31.24,2.11,4.28,0.0
20230309:1311,296846.0,166.32,30.18,1.95,4.83,0.0
20230309:1411,261690.0,148.76,26.62,1.79,4.69,0.0
20230309:1511,100188.0,66.75,21.02,1.59,4.76,0.0
20230309:1611,54142.0,41.72,13.92,1.49,4.9,0.0
20230309:1711,63096.0,49.2,5.83,1.27,4.69,0.0
20230309:1811,0.0,0.0,0.0,1.17,4.83,0.0
20230309:1911,0.0,0.0,0.0,1.2,5.17,0.0
20230309:2011,0.0,0.0,0.0,1.09,5.38,0.0
20230309:2111,0.0,0.0,0.0,1.18,5.66,0.0
20230309:2211,0.0,0.0,0.0,1.19,5.86,0.0
20230309:2311,0.0,0.0,0.0,1.16,6.07,0.0
20230310:0011,0.0,0.0,0.0,1.13,6.14,0.0
20230310:0111,0.0,0.0,0.0,1.05,6.28,0.0
20230310:0211,0.0,0.0,0.0,0.96,6.41,0.0
20230310:0311,0.0,0.0,0.0,0.88,6.34,0.0
20230310:0411,0.0,0.0,0.0,0.84,6.21,0.0
20230310:0511,0.0,0.0,0.0,0.77,5.79,0.0
20230310:0611,0.0,0.0,0.0,0.61,5.72,0.0
20230310:0711,858.0,6.49,4.52,0.62,5.79,0.0
20230310:0811,66044.0,48.21,12.75,0.77,5.45,0.0
20230310:0911,262086.0,148.2,20.1,1.13,5.1,0.0
20230310:1011,424204.0,228.18,26.06,1.67,4.62,0.0
20230310:1111,950642.0,488.23,30.06,2.05,5.38,0.0
20230310:1211,1428878.0,736.93,31.64,2.32,5.52,0.0
20230310:1311,1572736.0,817.44,30.56,2.58,5.03,0.0
20230310:1411,1495802.0,777.78,26.98,2.84,4.62,0.0
20230310:1511,1194512.0,619.85,21.35,2.87,4.07,0.0
20230310:1611,321046.0,179.99,14.22,2.59,3.1,0.0
20230310:1711,189904.0,127.87,6.12,1.53,1.93,0.0
20230310:1811,0.0,0.0,0.0,0.36,1.24,0.0
20230310:1911,0.0,0.0,0.0,-1.27,1.59,0.0
20230310:2011,0.0,0.0,0.0,-3.48,2.0,0.0
20230310:2111,0.0,0.0,0.0,-4.1,2.07,0.0
20230310:2211,0.0,0.0,0.0,-4.99,2.21,0.0
20230310:2311,0.0,0.0,0.0,-3.92,1.93,0.0
20230311:0011,0.0,0.0,0.0,-3.44,1.72,0.0
20230311:0111,0.0,0.0,0.0,-4.11,1.79,0.0
20230311:0211,0.0,0.0,0.0,-4.94,1.86,0.0
20230311:0311,0.0,0.0,0.0,-5.27,1.79,0.0
20230311:0411,0.0,0.0,0.0,-4.74,1.66,0.0
20230311:0511,0.0,0.0,0.0,-3.77,1.52,0.0
20230311:0611,0.0,0.0,0.0,-4.12,1.52,0.0
20230311:0711,26554.0,26.31,4.88,-2.0,1.45,0.0
20230311:0811,386254.0,213.25,13.12,-0.02,1.17,0.0
20230311:0911,884268.0,465.54,20.48,2.1,1.31,0.0
20230311:1011,831512.0,431.56,26.45,0.11,1.79,0.0
20230311:1111,624888.0,334.21,30.46,5.02,2.34,0.0
20230311:1211,956912.0,506.35,32.03,5.22,2.55,0.0
20230311:1311,981970.0,520.11,30.93,5.63,2.62,0.0
20230311:1411,453750.0,248.18,27.33,5.89,2.83,0.0
20230311:1511,488004.0,264.77,21.67,5.74,2.83,0.0
20230311:1611,128964.0,83.12,14.52,5.32,2.83,0.0
20230311:1711,18326.0,20.4,6.41,4.63,2.55,0.0
20230311:1811,0.0,0.0,0.0,3.42,2.55,0.0
20230311:1911,0.0,0.0,0.0,3.09,3.38,0.0
20230311:2011,0.0,0.0,0.0,2.21,4.21,0.0
20230311:2111,0.0,0.0,0.0,2.04,4.76,0.0
20230311:2211,0.0,0.0,0.0,1.33,4.97,0.0
20230311:2311,0.0,0.0,0.0,1.06,5.24,0.0
20230312:0011,0.0,0.0,0.0,1.01,5.31,0.0
20230312:0111,0.0,0.0,0.0,0.79,5.1,0.0
20230312:0211,0.0,0.0,0.0,0.92,4.21,0.0
20230312:0311,0.0,0.0,0.0,1.44,3.31,0.0
20230312:0411,0.0,0.0,0.0,3.4,3.31,0.0
20230312:0511,0.0,0.0,0.0,6.4,5.45,0.0
20230312:0611,0.0,0.0,0.0,7.04,6.07,0.0
20230312:0711,11506.0,15.76,5.24,7.44,5.86,0.0
20230312:0811,360690.0,204.66,13.49,7.71,6.07,0.0
20230312:0911,1007270.0,531.68,20.86,8.44,5.79,0.0
20230312:1011,590392.0,317.85,26.84,9.8,8.62,0.0
20230312:1111,82676.0,59.33,30.86,10.38,8.76,0.0
20230312:1211,712976.0,382.21,32.42,10.4,7.38,0.0
20230312:1311,1264142.0,672.32,31.31,10.62,6.48,0.0
20230312:1411,489654.0,270.16,27.68,11.1,6.0,0.0
20230312:1511,141988.0,91.78,22.0,10.98,6.14,0.0
20230312:1611,172722.0,108.09,14.83,10.67,5.31,0.0
20230312:1711,3410.0,9.27,6.7,10.45,5.79,0.0
20230312:1811,0.0,0.0,0.0,9.6,5.59,0.0
20230312:1911,0.0,0.0,0.0,9.49,5.03,0.0
20230312:2011,0.0,0.0,0.0,9.28,4.83,0.0
20230312:2111,0.0,0.0,0.0,9.05,4.48,0.0
20230312:2211,0.0,0.0,0.0,8.8,4.83,0.0
20230312:2311,0.0,0.0,0.0,8.92,5.31,0.0
20230313:0011,0.0,0.0,0.0,9.26,5.66,0.0
20230313:0111,0.0,0.0,0.0,10.1,6.34,0.0
20230313:0211,0.0,0.0,0.0,10.85,7.24,0.0
20230313:0311,0.0,0.0,0.0,11.18,7.79,0.0
20230313:0411,0.0,0.0,0.0,11.3,8.14,0.0
20230313:0511,0.0,0.0,0.0,11.51,8.97,0.0
20230313:0611,0.0,0.0,0.0,11.35,8.69,0.0
20230313:0711,1540.0,7.42,5.61,10.52,8.69,0.0
20230313:0811,178090.0,110.74,13.86,10.22,9.1,0.0
20230313:0911,424270.0,234.84,21.25,10.16,9.31,0.0
20230313:1011,287738.0,166.69,27.24,10.23,8.9,0.0
20230313:1111,590722.0,319.63,31.26,10.48,8.48,0.0
20230313:1211,460460.0,255.25,32.82,10.87,7.31,0.0
20230313:1311,84106.0,60.26,31.69,10.92,8.41,0.0
20230313:1411,200640.0,122.38,28.03,10.65,8.21,0.0
20230313:1511,149446.0,95.49,22.33,10.49,7.45,0.0
20230313:1611,13816.0,17.62,15.13,10.24,7.59,0.0
20230313:1711,704.0,6.49,6.98,9.81,6.76,0.0
20230313:1811,0.0,0.0,0.0,9.47,5.31,0.0
20230313:1911,0.0,0.0,0.0,8.57,4.41,0.0
20230313:2011,0.0,0.0,0.0,6.61,4.97,0.0
20230313:2111,0.0,0.0,0.0,4.65,5.38,0.0
20230313:2211,0.0,0.0,0.0,3.82,5.45,0.0
20230313:2311,0.0,0.0,0.0,3.61,5.93,0.0
20230314:0011,0.0,0.0,0.0,3.4,6.14,0.0
20230314:0111,0.0,0.0,0.0,3.38,5.93,0.0
20230314:0211,0.0,0.0,0.0,3.33,5.31,0.0
20230314:0311,0.0,0.0,0.0,3.23,5.17,0.0
20230314:0411,0.0,0.0,0.0,2.78,5.31,0.0
20230314:0511,0.0,0.0,0.0,2.27,5.1,0.0
20230314:0611,0.0,0.0,0.0,1.65,4.41,0.0
20230314:0711,155496.0,111.26,5.97,1.19,3.17,0.0
20230314:0811,434390.0,237.59,14.23,1.63,2.9,0.0
20230314:0911,1056396.0,548.11,21.63,2.88,4.0,0.0
20230314:1011,1365936.0,711.82,27.63,4.29,4.83,0.0
20230314:1111,1755798.0,925.72,31.66,5.42,5.93,0.0
20230314:1211,1302840.0,679.91,33.21,6.16,6.41,0.0
20230314:1311,556886.0,297.86,32.07,5.94,6.69,0.0
20230314:1411,558514.0,297.62,28.39,5.47,6.55,0.0
20230314:1511,138864.0,88.08,22.65,5.25,5.93,0.0
20230314:1611,616726.0,331.43,15.43,4.89,5.03,0.0
20230314:1711,52008.0,41.58,7.27,4.12,4.21,0.0
20230314:1811,0.0,0.0,0.0,3.09,3.38,0.0
20230314:1911,0.0,0.0,0.0,2.12,2.76,0.0
20230314:2011,0.0,0.0,0.0,1.45,2.28,0.0
20230314:2111,0.0,0.0,0.0,0.45,1.86,0.0
20230314:2211,0.0,0.0,0.0,-0.62,2.0,0.0
20230314:2311,0.0,0.0,0.0,-1.85,2.14,0.0
20230315:0011,0.0,0.0,0.0,-2.67,2.0,0.0
20230315:0111,0.0,0.0,0.0,-3.63,1.79,0.0
20230315:0211,0.0,0.0,0.0,-4.53,1.66,0.0
20230315:0311,0.0,0.0,0.0,-5.2,1.59,0.0
20230315:0411,0.0,0.0,0.0,-5.49,1.52,0.0
20230315:0511,0.0,0.0,0.0,-5.6,1.45,0.0
20230315:0611,0.0,0.0,0.0,-5.57,1.45,0.0
20230315:0711,121000.0,84.87,6.33,-4.63,1.59,0.0
20230315:0811,351362.0,193.07,14.61,-1.82,1.52,0.0
20230315:0911,1026146.0,534.67,22.01,1.05,2.07,0.0
20230315:1011,1065856.0,556.17,28.03,3.24,3.1,0.0
20230315:1111,1312278.0,691.16,32.06,4.82,3.72,0.0
20230315:1211,1235476.0,650.94,33.61,5.95,4.28,0.0
20230315:1311,743622.0,394.02,32.44,6.54,4.69,0.0
20230315:1411,524436.0,283.47,28.74,6.56,4.28,0.0
20230315:1511,241670.0,141.43,22.97,6.34,4.0,0.0
20230315:1611,79266.0,56.55,15.73,5.97,3.79,0.0
20230315:1711,40348.0,34.58,7.55,5.21,3.66,0.0
20230315:1811,0.0,0.0,0.0,4.14,4.0,0.0
20230315:1911,0.0,0.0,0.0,4.18,4.62,0.0
20230315:2011,0.0,0.0,0.0,4.25,5.1,0.0
20230315:2111,0.0,0.0,0.0,4.56,5.24,0.0
20230315:2211,0.0,0.0,0.0,4.94,5.24,0.0
20230315:2311,0.0,0.0,0.0,5.39,5.31,0.0
20230316:0011,0.0,0.0,0.0,5.8,5.1,0.0
20230316:0111,0.0,0.0,0.0,6.12,4.9,0.0
20230316:0211,0.0,0.0,0.0,6.51,5.03,0.0
20230316:0311,0.0,0.0,0.0,6.94,5.38,0.0
20230316:0411,0.0,0.0,0.0,7.47,5.52,0.0
20230316:0511,0.0,0.0,0.0,8.06,5.52,0.0
20230316:0611,0.0,0.0,0.0,8.43,5.31,0.0
20230316:0711,22022.0,23.18,6.7,8.88,5.31,0.0
20230316:0811,305294.0,176.73,14.98,9.12,5.1,0.0
20230316:0911,79596.0,57.48,22.4,9.51,5.38,0.0
20230316:1011,116732.0,77.88,28.42,9.81,5.66,0.0
20230316:1111,66198.0,50.06,32.46,10.21,6.07,0.0
20230316:1211,147202.0,94.56,34.01,10.95,5.72,0.0
20230316:1311,330814.0,190.35,32.82,11.67,6.55,0.0
20230316:1411,185306.0,114.96,29.09,11.61,6.34,0.0
20230316:1511,352726.0,200.55,23.3,11.13,6.07,0.0
20230316:1611,126962.0,83.65,16.03,10.64,5.79,0.0
20230316:1711,20438.0,22.25,7.84,10.45,5.66,0.0
20230316:1811,0.0,0.0,0.0,10.15,5.31,0.0
20230316:1911,0.0,0.0,0.0,10.42,5.45,0.0
20230316:2011,0.0,0.0,0.0,10.16,5.1,0.0
20230316:2111,0.0,0.0,0.0,9.87,4.83,0.0
20230316:2211,0.0,0.0,0.0,9.51,4.48,0.0
20230316:2311,0.0,0.0,0.0,9.39,4.28,0.0
20230317:0011,0.0,0.0,0.0,9.34,3.93,0.0
20230317:0111,0.0,0.0,0.0,9.48,3.79,0.0
20230317:0211,0.0,0.0,0.0,9.54,3.66,0.0
20230317:0311,0.0,0.0,0.0,9.43,3.52,0.0
20230317:0411,0.0,0.0,0.0,9.32,3.45,0.0
20230317:0511,0.0,0.0,0.0,9.03,3.17,0.0
20230317:0611,0.0,0.0,0.0,8.97,3.1,0.0
20230317:0711,60324.0,48.37,7.07,8.98,3.24,0.0
20230317:0811,481932.0,270.39,15.36,9.42,2.9,0.0
20230317:0911,905828.0,485.95,22.78,10.55,4.48,0.0
20230317:1011,1465640.0,795.27,28.82,11.57,4.55,0.0
20230317:1111,219582.0,133.5,32.87,12.3,4.62,0.0
20230317:1211,347534.0,200.49,34.4,12.69,4.34,0.0
20230317:1311,1075470.0,584.93,33.2,13.11,4.21,0.0
20230317:1411,1412180.0,776.28,29.44,13.28,3.79,0.0
20230317:1511,735966.0,403.55,23.62,13.47,3.52,0.0
20230317:1611,133408.0,88.24,16.33,13.37,3.17,0.0
20230317:1711,225214.0,152.88,8.12,11.81,2.21,0.0
20230317:1811,0.0,0.0,0.0,10.72,2.28,0.0
20230317:1911,0.0,0.0,0.0,9.42,2.41,0.0
20230317:2011,0.0,0.0,0.0,8.66,2.41,0.0
20230317:2111,0.0,0.0,0.0,8.11,2.34,0.0
20230317:2211,0.0,0.0,0.0,7.41,2.55,0.0
20230317:2311,0.0,0.0,0.0,6.99,2.41,0.0
20230318:0011,0.0,0.0,0.0,6.89,2.28,0.0
20230318:0111,0.0,0.0,0.0,6.74,2.21,0.0
20230318:0211,0.0,0.0,0.0,6.71,2.21,0.0
20230318:0311,0.0,0.0,0.0,6.94,2.14,0.0
20230318:0411,0.0,0.0,0.0,6.69,2.14,0.0
20230318:0511,0.0,0.0,0.0,6.68,2.07,0.0
20230318:0611,0.0,0.0,0.0,6.81,2.0,0.0
20230318:0711,10318.0,14.83,7.43,6.54,1.66,0.0
20230318:0811,61842.0,47.28,15.73,8.19,1.86,0.0
20230318:0911,111430.0,75.1,23.17,9.55,2.41,0.0
20230318:1011,315480.0,182.98,29.22,10.87,2.21,0.0
20230318:1111,293876.0,172.47,33.27,11.79,2.76,0.0
20230318:1211,379368.0,217.29,34.8,12.41,3.17,0.0
20230318:1311,138732.0,90.86,33.58,12.67,3.03,0.0
20230318:1411,46288.0,38.94,29.79,13.18,3.03,0.0
20230318:1511,32802.0,30.59,23.94,13.22,2.97,0.0
20230318:1611,347820.0,202.01,16.63,12.92,2.9,0.0
20230318:1711,38940.0,34.3,8.41,12.04,2.34,0.0
20230318:1811,0.0,0.0,0.0,10.98,2.55,0.0
20230318:1911,0.0,0.0,0.0,10.04,2.9,0.0
20230318:2011,0.0,0.0,0.0,9.32,3.24,0.0
20230318:2111,0.0,0.0,0.0,8.84,3.24,0.0
20230318:2211,0.0,0.0,0.0,8.36,3.52,0.0
20230318:2311,0.0,0.0,0.0,7.95,4.0,0.0
20230319:0011,0.0,0.0,0.0,7.49,4.21,0.0
20230319:0111,0.0,0.0,0.0,6.9,4.14,0.0
20230319:0211,0.0,0.0,0.0,6.39,4.0,0.0
20230319:0311,0.0,0.0,0.0,5.88,3.79,0.0
20230319:0411,0.0,0.0,0.0,5.55,3.52,0.0
20230319:0511,0.0,0.0,0.0,5.58,3.03,0.0
20230319:0611,0.0,0.0,0.0,5.51,2.97,0.0
20230319:0711,197890.0,135.53,7.8,5.64,2.62,0.0
20230319:0811,689810.0,376.25,16.11,6.82,3.31,0.0
20230319:0911,1161402.0,619.22,23.56,7.71,3.45,0.0
20230319:1011,1458490.0,791.32,29.61,8.52,2.9,0.0
20230319:1111,1271314.0,688.44,33.67,9.53,3.03,0.0
20230319:1211,977482.0,528.44,35.2,10.23,3.03,0.0
20230319:1311,1290168.0,701.8,33.95,10.41,3.1,0.0
20230319:1411,532114.0,292.93,30.14,10.56,3.79,0.0
20230319:1511,668690.0,362.29,24.26,10.22,3.79,0.0
20230319:1611,99594.0,68.61,16.93,9.75,4.14,0.0
20230319:1711,82698.0,60.72,8.69,8.96,4.28,0.0
20230319:1811,0.0,0.0,0.0,8.01,3.52,0.0
20230319:1911,0.0,0.0,0.0,7.57,3.24,0.0
20230319:2011,0.0,0.0,0.0,7.14,2.28,0.0
20230319:2111,0.0,0.0,0.0,6.62,1.79,0.0
20230319:2211,0.0,0.0,0.0,5.87,2.21,0.0
20230319:2311,0.0,0.0,0.0,6.06,2.48,0.0
20230320:0011,0.0,0.0,0.0,6.18,2.83,0.0
20230320:0111,0.0,0.0,0.0,6.28,3.17,0.0
20230320:0211,0.0,0.0,0.0,6.35,3.17,0.0
20230320:0311,0.0,0.0,0.0,6.39,3.1,0.0
20230320:0411,0.0,0.0,0.0,6.52,2.97,0.0
20230320:0511,0.0,0.0,0.0,6.8,2.83,0.0
20230320:0611,0.0,0.0,0.0,7.26,2.76,0.0
20230320:0711,10252.0,14.83,8.17,7.41,1.72,0.0
20230320:0811,44396.0,37.08,16.48,8.05,1.45,0.0
20230320:0911,181324.0,112.18,23.94,8.74,1.17,0.0
20230320:1011,316888.0,182.73,30.01,9.45,2.07,0.0
20230320:1111,290752.0,169.65,34.07,10.29,3.03,0.0
20230320:1211,468908.0,261.34,35.59,10.46,3.38,0.0
20230320:1311,269038.0,158.54,34.33,10.84,4.07,0.0
20230320:1411,199276.0,122.38,30.49,11.18,3.66,0.0
20230320:1511,170830.0,107.54,24.58,11.33,2.76,0.0
20230320:1611,231000.0,139.71,17.23,11.81,2.48,0.0
20230320:1711,146564.0,101.08,8.97,11.98,2.62,0.0
20230320:1811,0.0,0.0,0.0,11.16,2.48,0.0
20230320:1911,0.0,0.0,0.0,10.75,2.41,0.0
20230320:2011,0.0,0.0,0.0,10.43,2.62,0.0
20230320:2111,0.0,0.0,0.0,10.64,3.03,0.0
20230320:2211,0.0,0.0,0.0,10.87,3.66,0.0
20230320:2311,0.0,0.0,0.0,10.82,4.0,0.0
20230321:0011,0.0,0.0,0.0,10.57,4.14,0.0
20230321:0111,0.0,0.0,0.0,10.38,4.55,0.0
20230321:0211,0.0,0.0,0.0,9.99,4.69,0.0
20230321:0311,0.0,0.0,0.0,9.59,4.9,0.0
20230321:0411,0.0,0.0,0.0,9.25,4.9,0.0
20230321:0511,0.0,0.0,0.0,9.09,4.62,0.0
20230321:0611,0.0,0.0,0.0,8.98,4.62,0.0
20230321:0711,0.0,0.0,0.0,9.52,4.48,0.0
20230321:0811,0.0,0.0,0.0,10.0,4.76,0.0
20230321:0911,417780.0,233.28,24.33,10.29,4.97,0.0
20230321:1011,615736.0,335.71,30.41,11.45,5.31,0.0
20230321:1111,588126.0,323.26,34.48,12.49,5.79,0.0
20230321:1211,229724.0,139.07,35.99,13.05,6.07,0.0
20230321:1311,628738.0,343.4,34.71,12.53,6.9,0.0
20230321:1411,241428.0,144.63,30.83,12.34,7.31,0.0
20230321:1511,637164.0,346.53,24.9,12.15,6.34,0.0
20230321:1611,417428.0,236.45,17.52,12.19,5.93,0.0
20230321:1711,130878.0,90.61,9.25,11.64,5.31,0.0
20230321:1811,0.0,0.0,0.0,10.95,5.1,0.0
20230321:1911,0.0,0.0,0.0,10.38,4.69,0.0
20230321:2011,0.0,0.0,0.0,9.99,4.97,0.0
20230321:2111,0.0,0.0,0.0,9.7,5.38,0.0
20230321:2211,0.0,0.0,0.0,9.21,5.86,0.0
20230321:2311,0.0,0.0,0.0,9.04,6.62,0.0
20230322:0011,0.0,0.0,0.0,9.0,7.24,0.0
20230322:0111,0.0,0.0,0.0,9.1,7.66,0.0
20230322:0211,0.0,0.0,0.0,9.23,8.14,0.0
20230322:0311,0.0,0.0,0.0,9.54,8.28,0.0
20230322:0411,0.0,0.0,0.0,9.92,7.86,0.0
20230322:0511,0.0,0.0,0.0,10.16,7.86,0.0
20230322:0611,0.0,0.0,0.0,9.11,8.07,0.0
20230322:0711,0.0,0.0,0.0,8.48,7.1,0.0
20230322:0811,698698.0,378.89,17.23,8.39,6.48,0.0
20230322:0911,1172160.0,617.72,24.72,9.29,7.1,0.0
20230322:1011,1449470.0,767.11,30.81,10.16,7.59,0.0
20230322:1111,1725218.0,925.28,34.88,11.03,7.52,0.0
20230322:1211,1725086.0,928.76,36.38,11.65,7.52,0.0
20230322:1311,1659548.0,892.77,35.08,12.26,7.72,0.0
20230322:1411,1389608.0,743.9,31.18,12.51,7.38,0.0
20230322:1511,1163404.0,619.65,25.22,12.21,7.86,0.0
20230322:1611,769758.0,420.63,17.82,11.09,5.93,0.0
20230322:1711,253572.0,166.87,9.53,11.21,5.93,0.0
20230322:1811,0.0,0.0,0.0,10.62,5.52,0.0
20230322:1911,0.0,0.0,0.0,10.01,5.31,0.0
20230322:2011,0.0,0.0,0.0,9.5,5.93,0.0
20230322:2111,0.0,0.0,0.0,8.92,6.21,0.0
20230322:2211,0.0,0.0,0.0,8.63,6.41,0.0
20230322:2311,0.0,0.0,0.0,8.51,6.28,0.0
20230323:0011,0.0,0.0,0.0,8.5,6.28,0.0
20230323:0111,0.0,0.0,0.0,8.01,6.69,0.0
20230323:0211,0.0,0.0,0.0,7.16,6.62,0.0
20230323:0311,0.0,0.0,0.0,6.65,6.34,0.0
20230323:0411,0.0,0.0,0.0,6.34,5.93,0.0
20230323:0511,0.0,0.0,0.0,6.14,5.79,0.0
20230323:0611,0.0,0.0,0.0,6.31,5.86,0.0
20230323:0711,103356.0,72.12,9.27,6.65,5.93,0.0
20230323:0811,65450.0,49.14,17.61,7.6,6.07,0.0
20230323:0911,100144.0,68.61,25.1,8.89,6.69,0.0
20230323:1011,349338.0,198.27,31.2,10.4,9.03,0.0
20230323:1111,90794.0,63.97,35.28,10.94,8.76,0.0
20230323:1211,90596.0,63.97,36.78,11.37,8.48,0.0
20230323:1311,1637306.0,877.49,35.46,11.7,7.86,0.0
20230323:1411,297132.0,173.28,31.53,12.2,7.72,0.0
20230323:1511,571670.0,312.73,25.54,12.21,7.31,0.0
20230323:1611,745844.0,408.82,18.11,12.03,6.55,0.0
20230323:1711,33154.0,30.59,9.81,11.42,5.72,0.0
20230323:1811,0.0,0.0,0.0,10.24,5.24,0.0
20230323:1911,0.0,0.0,0.0,9.87,4.48,0.0
20230323:2011,0.0,0.0,0.0,9.02,4.41,0.0
20230323:2111,0.0,0.0,0.0,8.53,4.34,0.0
20230323:2211,0.0,0.0,0.0,7.98,4.07,0.0
20230323:2311,0.0,0.0,0.0,7.32,4.34,0.0
20230324:0011,0.0,0.0,0.0,7.35,4.97,0.0
20230324:0111,0.0,0.0,0.0,7.45,5.66,0.0
20230324:0211,0.0,0.0,0.0,7.14,6.28,0.0
20230324:0311,0.0,0.0,0.0,7.0,6.34,0.0
20230324:0411,0.0,0.0,0.0,6.88,6.21,0.0
20230324:0511,0.0,0.0,0.0,6.65,5.93,0.0
20230324:0611,0.0,0.0,0.0,6.57,5.86,0.0
20230324:0711,56628.0,44.28,9.64,7.15,6.97,0.0
20230324:0811,719400.0,388.95,17.98,8.06,6.07,0.0
20230324:0911,893706.0,470.41,25.49,9.13,8.83,0.0
20230324:1011,753984.0,401.42,31.6,10.01,8.76,0.0
20230324:1111,367576.0,208.43,35.68,11.09,8.41,0.0
20230324:1211,1198230.0,637.45,37.18,11.65,8.28,0.0
20230324:1311,640288.0,347.81,35.83,12.06,8.69,0.0
20230324:1411,1101496.0,586.56,31.87,11.72,7.45,0.0
20230324:1511,886930.0,473.51,25.85,11.47,7.31,0.0
20230324:1611,343178.0,196.84,18.4,11.31,6.48,0.0
20230324:1711,15070.0,18.54,10.09,10.78,6.34,0.0
20230324:1811,0.0,0.0,0.0,9.96,6.07,0.0
20230324:1911,0.0,0.0,0.0,9.26,5.72,0.0
20230324:2011,0.0,0.0,0.0,8.68,5.72,0.0
20230324:2111,0.0,0.0,0.0,8.46,5.79,0.0
20230324:2211,0.0,0.0,0.0,8.06,5.66,0.0
20230324:2311,0.0,0.0,0.0,7.74,5.72,0.0
20230325:0011,0.0,0.0,0.0,7.59,5.93,0.0
20230325:0111,0.0,0.0,0.0,7.53,6.41,0.0
20230325:0211,0.0,0.0,0.0,7.32,6.76,0.0
20230325:0311,0.0,0.0,0.0,6.81,6.62,0.0
20230325:0411,0.0,0.0,0.0,6.8,6.48,0.0
20230325:0511,0.0,0.0,0.0,6.93,6.34,0.0
20230325:0611,0.0,0.0,0.0,7.02,6.07,0.0
20230325:0711,106282.0,73.37,10.01,7.21,6.14,0.0
20230325:0811,352308.0,198.41,18.36,7.52,6.76,0.0
20230325:0911,357126.0,200.48,25.88,8.01,6.07,0.0
20230325:1011,250866.0,147.41,32.0,8.59,5.79,0.0
20230325:1111,635910.0,343.32,36.09,9.12,5.45,0.0
20230325:1211,1419792.0,763.53,37.57,9.65,4.76,0.0
20230325:1311,1151106.0,617.84,36.2,9.62,4.0,0.0
20230325:1411,560648.0,307.62,32.21,9.73,2.97,0.0
20230325:1511,191444.0,117.74,26.17,9.6,2.0,0.0
20230325:1611,307890.0,178.77,18.7,9.18,1.03,0.0
20230325:1711,67276.0,50.74,10.37,8.69,0.48,0.0
20230325:1811,0.0,0.0,0.0,7.78,1.52,0.0
20230325:1911,0.0,0.0,0.0,6.99,2.07,0.0
20230325:2011,0.0,0.0,0.0,6.29,2.48,0.0
20230325:2111,0.0,0.0,0.0,5.93,2.41,0.0
20230325:2211,0.0,0.0,0.0,5.67,2.34,0.0
20230325:2311,0.0,0.0,0.0,5.37,2.41,0.0
20230326:0011,0.0,0.0,0.0,5.27,2.62,0.0
20230326:0111,0.0,0.0,0.0,5.26,2.76,0.0
20230326:0211,0.0,0.0,0.0,5.26,2.9,0.0
20230326:0311,0.0,0.0,0.0,5.17,3.17,0.0
20230326:0411,0.0,0.0,0.0,5.09,3.38,0.0
20230326:0511,0.0,0.0,0.0,4.93,3.52,0.0
20230326:0611,0.0,0.0,0.0,4.69,3.66,0.0
20230326:0711,263428.0,167.59,10.38,4.42,3.93,0.0
20230326:0811,752862.0,401.85,18.73,4.85,4.62,0.0
20230326:0911,598356.0,318.25,26.26,5.34,5.17,0.0
20230326:1011,834174.0,438.12,32.39,6.18,5.66,0.0
20230326:1111,672320.0,358.61,36.49,7.17,5.72,0.0
20230326:1211,407660.0,225.91,37.96,7.15,5.52,0.0
20230326:1311,514382.0,279.45,36.58,7.24,5.59,0.0
20230326:1411,501908.0,272.74,32.56,7.25,5.72,0.0
20230326:1511,420486.0,231.4,26.48,6.99,5.59,0.0
20230326:1611,392392.0,218.26,18.99,6.69,5.24,0.0
20230326:1711,88572.0,62.24,10.65,5.89,4.76,0.0
20230326:1811,0.0,1.85,1.93,4.89,4.14,0.0
20230326:1911,0.0,0.0,0.0,3.84,3.59,0.0
20230326:2011,0.0,0.0,0.0,3.26,3.38,0.0
20230326:2111,0.0,0.0,0.0,2.33,3.1,0.0
20230326:2211,0.0,0.0,0.0,1.57,2.9,0.0
20230326:2311,0.0,0.0,0.0,0.97,2.97,0.0
20230327:0011,0.0,0.0,0.0,0.46,2.97,0.0
20230327:0111,0.0,0.0,0.0,0.24,2.9,0.0
20230327:0211,0.0,0.0,0.0,0.12,2.76,0.0
20230327:0311,0.0,0.0,0.0,-0.02,2.69,0.0
20230327:0411,0.0,0.0,0.0,-0.29,2.62,0.0
20230327:0511,0.0,0.0,0.0,-0.78,2.55,0.0
20230327:0611,0.0,1.85,2.02,-1.24,2.48,0.0
20230327:0711,310706.0,192.23,10.74,-0.58,2.0,0.0
20230327:0811,826738.0,439.36,19.11,2.13,2.48,0.0
20230327:0911,1261326.0,664.79,26.65,3.58,2.76,0.0
20230327:1011,1566532.0,846.09,32.79,4.74,2.28,0.0
20230327:1111,1759186.0,976.44,36.89,5.62,1.79,0.0
20230327:1211,1795398.0,1011.34,38.36,6.31,1.45,0.0
20230327:1311,1727088.0,978.09,36.95,7.04,1.1,0.0
20230327:1411,1577378.0,881.8,32.9,7.82,1.24,0.0
20230327:1511,1223838.0,668.08,26.79,8.07,1.45,0.0
20230327:1611,798204.0,438.41,19.27,8.2,1.66,0.0
20230327:1711,287254.0,183.56,10.92,8.1,1.86,0.0
20230327:1811,0.0,2.78,2.21,7.04,2.07,0.0
20230327:1911,0.0,0.0,0.0,5.36,2.62,0.0
20230327:2011,0.0,0.0,0.0,4.04,2.55,0.0
20230327:2111,0.0,0.0,0.0,3.12,2.76,0.0
20230327:2211,0.0,0.0,0.0,2.41,2.97,0.0
20230327:2311,0.0,0.0,0.0,2.0,3.1,0.0
20230328:0011,0.0,0.0,0.0,1.7,3.24,0.0
20230328:0111,0.0,0.0,0.0,1.57,3.24,0.0
20230328:0211,0.0,0.0,0.0,1.97,3.24,0.0
20230328:0311,0.0,0.0,0.0,2.29,3.24,0.0
20230328:0411,0.0,0.0,0.0,2.78,3.45,0.0
20230328:0511,0.0,0.0,0.0,3.26,3.66,0.0
20230328:0611,0.0,0.93,2.39,3.77,3.86,0.0
20230328:0711,8030.0,12.98,11.11,4.49,3.86,0.0
20230328:0811,131604.0,84.37,19.48,5.16,3.86,0.0
20230328:0911,208406.0,124.23,27.03,5.83,4.97,0.0
20230328:1011,164758.0,101.98,33.18,6.32,5.24,0.0
20230328:1111,180840.0,110.33,37.29,6.27,4.62,0.0
20230328:1211,92466.0,63.97,38.75,6.93,4.9,0.0
20230328:1311,235752.0,139.07,37.32,7.44,5.1,0.0
20230328:1411,183260.0,112.18,33.24,7.74,5.24,0.0
20230328:1511,253110.0,148.04,27.1,7.64,4.76,0.0
20230328:1611,67100.0,50.06,19.56,7.47,4.41,0.0
20230328:1711,7876.0,12.98,11.2,7.27,4.14,0.0
20230328:1811,0.0,0.93,2.48,7.2,3.66,0.0
20230328:1911,0.0,0.0,0.0,7.64,3.86,0.0
20230328:2011,0.0,0.0,0.0,7.83,3.38,0.0
20230328:2111,0.0,0.0,0.0,8.1,3.03,0.0
20230328:2211,0.0,0.0,0.0,8.43,2.9,0.0
20230328:2311,0.0,0.0,0.0,8.59,2.9,0.0
20230329:0011,0.0,0.0,0.0,8.81,2.9,0.0
20230329:0111,0.0,0.0,0.0,8.94,3.1,0.0
20230329:0211,0.0,0.0,0.0,8.99,3.03,0.0
20230329:0311,0.0,0.0,0.0,8.78,2.9,0.0
20230329:0411,0.0,0.0,0.0,8.68,2.9,0.0
20230329:0511,0.0,0.0,0.0,8.64,2.76,0.0
20230329:0611,0.0,1.85,2.75,8.44,2.83,0.0
20230329:0711,131450.0,87.91,11.47,9.36,3.24,0.0
20230329:0811,123420.0,81.59,19.85,9.87,3.59,0.0
20230329:0911,264198.0,155.28,27.41,10.2,5.03,0.0
20230329:1011,351428.0,200.58,33.58,11.01,5.86,0.0
20230329:1111,506154.0,280.45,37.68,11.48,5.66,0.0
20230329:1211,259908.0,153.9,39.14,11.46,5.72,0.0
20230329:1311,278036.0,163.17,37.68,11.37,6.14,0.0
20230329:1411,165968.0,104.76,33.57,11.58,6.07,0.0
20230329:1511,607332.0,332.04,27.41,11.64,4.9,0.0
20230329:1611,257620.0,153.16,19.85,12.04,5.31,0.0
20230329:1711,24354.0,25.03,11.47,12.39,5.17,0.0
20230329:1811,0.0,2.78,2.75,12.29,4.9,0.0
20230329:1911,0.0,0.0,0.0,12.09,4.76,0.0
20230329:2011,0.0,0.0,0.0,11.51,4.14,0.0
20230329:2111,0.0,0.0,0.0,11.07,3.93,0.0
20230329:2211,0.0,0.0,0.0,10.85,3.45,0.0
20230329:2311,0.0,0.0,0.0,10.55,3.17,0.0
20230330:0011,0.0,0.0,0.0,10.46,3.17,0.0
20230330:0111,0.0,0.0,0.0,10.55,3.24,0.0
20230330:0211,0.0,0.0,0.0,10.29,3.03,0.0
20230330:0311,0.0,0.0,0.0,10.05,3.59,0.0
20230330:0411,0.0,0.0,0.0,9.76,4.28,0.0
20230330:0511,0.0,0.0,0.0,9.29,3.93,0.0
20230330:0611,0.0,3.71,3.11,8.88,3.93,0.0
20230330:0711,100518.0,69.78,11.84,9.52,4.76,0.0
20230330:0811,121616.0,80.66,20.22,10.1,4.28,0.0
20230330:0911,1139380.0,609.09,27.79,11.15,5.66,0.0
20230330:1011,981486.0,527.21,33.97,11.98,5.79,0.0
20230330:1111,541882.0,300.25,38.08,12.41,5.24,0.0
20230330:1211,530442.0,295.08,39.53,13.22,6.07,0.0
20230330:1311,381700.0,218.31,38.05,13.28,6.14,0.0
20230330:1411,454630.0,254.96,33.91,12.59,5.79,0.0
20230330:1511,779240.0,423.14,27.72,12.95,5.31,0.0
20230330:1611,523952.0,293.26,20.13,12.74,4.69,0.0
20230330:1711,185130.0,121.23,11.74,12.55,4.28,0.0
20230330:1811,3300.0,9.54,3.02,11.79,3.17,0.0
20230330:1911,0.0,0.0,0.0,10.65,2.83,0.0
20230330:2011,0.0,0.0,0.0,9.7,2.48,0.0
20230330:2111,0.0,0.0,0.0,8.84,2.55,0.0
20230330:2211,0.0,0.0,0.0,8.59,2.76,0.0
20230330:2311,0.0,0.0,0.0,8.26,3.1,0.0
20230331:0011,0.0,0.0,0.0,8.23,3.24,0.0
20230331:0111,0.0,0.0,0.0,8.03,3.24,0.0
20230331:0211,0.0,0.0,0.0,7.87,3.45,0.0
20230331:0311,0.0,0.0,0.0,8.12,3.59,0.0
20230331:0411,0.0,0.0,0.0,8.21,3.72,0.0
20230331:0511,0.0,0.0,0.0,8.32,3.86,0.0
20230331:0611,2486.0,8.34,3.47,8.41,4.07,0.0
20230331:0711,117458.0,79.06,12.2,8.65,3.86,0.0
20230331:0811,289300.0,167.54,20.59,9.05,5.03,0.0
20230331:0911,351252.0,199.25,28.17,9.73,5.45,0.0
20230331:1011,257928.0,152.05,34.36,10.23,5.93,0.0
20230331:1111,513744.0,282.84,38.48,10.33,6.0,0.0
20230331:1211,205964.0,125.16,39.91,10.3,5.86,0.0
20230331:1311,621104.0,337.15,38.42,9.95,5.66,0.0
20230331:1411,319176.0,183.24,34.25,9.73,5.31,0.0
20230331:1511,240152.0,142.57,28.02,9.62,5.1,0.0
20230331:1611,225126.0,134.58,20.42,9.04,4.62,0.0
20230331:1711,100254.0,69.15,12.02,8.4,4.34,0.0
20230331:1811,0.0,2.78,3.29,7.74,4.34,0.0
20230331:1911,0.0,0.0,0.0,7.72,4.21,0.0
20230331:2011,0.0,0.0,0.0,7.38,4.21,0.0
20230331:2111,0.0,0.0,0.0,7.1,4.21,0.0
20230331:2211,0.0,0.0,0.0,6.97,4.21,0.0
20230331:2311,0.0,0.0,0.0,6.84,4.28,0.0
20230401:0011,0.0,0.0,0.0,6.77,4.14,0.0
20230401:0111,0.0,0.0,0.0,6.63,4.21,0.0
20230401:0211,0.0,0.0,0.0,6.55,4.14,0.0
20230401:0311,0.0,0.0,0.0,6.41,4.14,0.0
20230401:0411,0.0,0.0,0.0,6.22,3.93,0.0
20230401:0511,0.0,0.0,0.0,6.11,3.79,0.0
20230401:0611,2552.0,8.34,3.83,5.79,3.66,0.0
20230401:0711,239206.0,148.0,12.56,6.17,4.97,0.0
20230401:0811,262042.0,152.09,20.96,6.84,5.24,0.0
20230401:0911,250052.0,146.26,28.55,7.32,5.1,0.0
20230401:1011,264506.0,153.9,34.75,7.65,5.17,0.0
20230401:1111,276628.0,160.39,38.87,8.16,5.38,0.0
20230401:1211,196856.0,119.6,40.3,8.57,5.52,0.0
20230401:1311,214984.0,128.87,38.78,8.48,6.0,0.0
20230401:1411,186516.0,114.03,34.58,8.23,5.93,0.0
20230401:1511,195800.0,118.67,28.33,7.66,4.83,0.0
20230401:1611,146036.0,92.71,20.7,7.5,4.76,0.0
20230401:1711,70510.0,51.92,12.29,7.11,4.07,0.0
20230401:1811,0.0,3.71,3.55,6.8,4.0,0.0
20230401:1911,0.0,0.0,0.0,6.66,3.93,0.0
20230401:2011,0.0,0.0,0.0,6.48,3.86,0.0
20230401:2111,0.0,0.0,0.0,6.35,3.66,0.0
20230401:2211,0.0,0.0,0.0,6.26,3.45,0.0
20230401:2311,0.0,0.0,0.0,6.16,3.17,0.0
20230402:0011,0.0,0.0,0.0,6.01,3.03,0.0
20230402:0111,0.0,0.0,0.0,5.83,2.9,0.0
20230402:0211,0.0,0.0,0.0,5.32,2.83,0.0
20230402:0311,0.0,0.0,0.0,4.81,2.69,0.0
20230402:0411,0.0,0.0,0.0,4.25,2.69,0.0
20230402:0511,0.0,0.0,0.0,3.7,2.69,0.0
20230402:0611,1672.0,7.42,4.19,3.71,2.55,0.0
20230402:0711,333058.0,203.75,12.92,5.03,2.41,0.0
20230402:0811,735108.0,394.28,21.33,5.66,3.38,0.0
20230402:0911,1172028.0,620.08,28.93,6.04,3.45,0.0
20230402:1011,1314104.0,701.51,35.14,6.62,3.24,0.0
20230402:1111,1535116.0,832.88,39.27,7.29,3.03,0.0
20230402:1211,1371480.0,742.73,40.69,7.92,2.9,0.0
20230402:1311,1149368.0,619.27,39.14,8.21,2.76,0.0
20230402:1411,1267200.0,683.66,34.91,8.44,2.9,0.0
20230402:1511,995060.0,532.84,28.63,8.33,3.03,0.0
20230402:1611,664554.0,362.12,20.98,7.81,2.9,0.0
20230402:1711,254518.0,158.98,12.56,7.3,2.69,0.0
20230402:1811,11198.0,16.09,3.82,6.37,2.07,0.0
20230402:1911,0.0,0.0,0.0,5.18,2.28,0.0
20230402:2011,0.0,0.0,0.0,3.91,2.14,0.0
20230402:2111,0.0,0.0,0.0,2.93,1.93,0.0
20230402:2211,0.0,0.0,0.0,2.22,1.86,0.0
20230402:2311,0.0,0.0,0.0,1.13,2.0,0.0
20230403:0011,0.0,0.0,0.0,0.88,1.79,0.0
20230403:0111,0.0,0.0,0.0,0.62,1.66,0.0
20230403:0211,0.0,0.0,0.0,0.06,1.66,0.0
20230403:0311,0.0,0.0,0.0,-0.36,1.72,0.0
20230403:0411,0.0,0.0,0.0,-0.45,1.72,0.0
20230403:0511,0.0,0.0,0.0,-0.23,1.59,0.0
20230403:0611,19976.0,21.85,4.55,-0.6,1.59,0.0
20230403:0711,241274.0,145.28,13.28,1.67,1.45,0.0
20230403:0811,716496.0,382.19,21.69,3.93,2.9,0.0
20230403:0911,1269378.0,666.94,29.3,5.0,4.07,0.0
20230403:1011,1022054.0,538.25,35.52,5.83,4.14,0.0
20230403:1111,1796234.0,971.89,39.66,6.72,4.21,0.0
20230403:1211,1895344.0,1036.27,41.07,7.56,4.21,0.0
20230403:1311,1826770.0,999.73,39.5,8.32,4.07,0.0
20230403:1411,1638274.0,891.36,35.24,8.87,3.79,0.0
20230403:1511,1274284.0,685.83,28.93,9.3,3.66,0.0
20230403:1611,846890.0,461.97,21.26,9.28,3.38,0.0
20230403:1711,325204.0,204.09,12.82,9.01,3.31,0.0
20230403:1811,13574.0,17.9,4.09,8.11,2.62,0.0
20230403:1911,0.0,0.0,0.0,6.34,2.97,0.0
20230403:2011,0.0,0.0,0.0,4.97,3.24,0.0
20230403:2111,0.0,0.0,0.0,3.85,3.38,0.0
20230403:2211,0.0,0.0,0.0,3.02,3.31,0.0
20230403:2311,0.0,0.0,0.0,2.39,3.17,0.0
20230404:0011,0.0,0.0,0.0,1.92,3.03,0.0
20230404:0111,0.0,0.0,0.0,1.39,2.83,0.0
20230404:0211,0.0,0.0,0.0,0.81,2.69,0.0
20230404:0311,0.0,0.0,0.0,0.27,2.55,0.0
20230404:0411,0.0,0.0,0.0,-0.29,2.34,0.0
20230404:0511,0.0,0.0,0.0,-0.83,2.34,0.0
20230404:0611,24244.0,24.88,4.9,-1.2,2.34,0.0
20230404:0711,401148.0,238.5,13.64,0.32,2.0,0.0
20230404:0811,904266.0,480.22,22.05,3.06,2.55,0.0
20230404:0911,1356322.0,720.15,29.68,5.08,3.1,0.0
20230404:1011,1632928.0,881.71,35.91,6.84,3.52,0.0
20230404:1111,1814340.0,994.54,40.05,8.31,3.86,0.0
20230404:1211,1858010.0,1025.94,41.45,9.54,4.07,0.0
20230404:1311,1762244.0,971.29,39.86,10.5,4.14,0.0
20230404:1411,1590358.0,870.67,35.57,11.21,4.14,0.0
20230404:1511,1300112.0,705.92,29.23,11.6,4.07,0.0
20230404:1611,742412.0,408.75,21.54,11.67,4.0,0.0
20230404:1711,36124.0,32.45,13.09,11.26,3.38,0.0
20230404:1811,16214.0,19.59,4.35,9.95,3.1,0.0
20230404:1911,0.0,0.0,0.0,8.35,3.03,0.0
20230404:2011,0.0,0.0,0.0,7.06,3.03,0.0
20230404:2111,0.0,0.0,0.0,6.29,3.03,0.0
20230404:2211,0.0,0.0,0.0,5.65,2.9,0.0
20230404:2311,0.0,0.0,0.0,4.93,2.76,0.0
20230405:0011,0.0,0.0,0.0,4.26,2.76,0.0
20230405:0111,0.0,0.0,0.0,4.01,2.69,0.0
20230405:0211,0.0,0.0,0.0,3.66,2.62,0.0
20230405:0311,0.0,0.0,0.0,3.31,2.55,0.0
20230405:0411,0.0,0.0,0.0,3.35,2.48,0.0
20230405:0511,0.0,0.0,0.0,3.71,2.48,0.0
20230405:0611,3586.0,9.27,5.26,4.38,2.48,0.0
20230405:0711,46552.0,38.01,13.99,5.66,2.48,0.0
20230405:0811,102652.0,69.53,22.42,6.78,2.69,0.0
20230405:0911,213620.0,127.94,30.05,7.3,3.03,0.0
20230405:1011,245630.0,144.63,36.29,7.71,3.24,0.0
20230405:1111,342562.0,194.48,40.44,8.15,3.79,0.0
20230405:1211,288530.0,166.88,41.83,8.47,4.48,0.0
20230405:1311,178926.0,110.33,40.22,8.5,4.69,0.0
20230405:1411,148830.0,94.56,35.9,8.47,4.34,0.0
20230405:1511,86724.0,61.19,29.53,8.28,3.79,0.0
20230405:1611,252032.0,148.1,21.82,8.15,3.66,0.0
20230405:1711,147686.0,95.49,13.36,7.95,3.31,0.0
20230405:1811,0.0,3.71,4.61,7.83,3.03,0.0
20230405:1911,0.0,0.0,0.0,8.46,2.69,0.0
20230405:2011,0.0,0.0,0.0,8.46,2.55,0.0
20230405:2111,0.0,0.0,0.0,8.42,2.48,0.0
20230405:2211,0.0,0.0,0.0,8.4,2.41,0.0
20230405:2311,0.0,0.0,0.0,8.38,2.28,0.0
20230406:0011,0.0,0.0,0.0,8.36,2.28,0.0
20230406:0111,0.0,0.0,0.0,8.52,2.28,0.0
20230406:0211,0.0,0.0,0.0,8.59,2.28,0.0
20230406:0311,0.0,0.0,0.0,8.61,2.0,0.0
20230406:0411,0.0,0.0,0.0,8.56,1.72,0.0
20230406:0511,0.0,0.0,0.0,8.45,1.72,0.0
20230406:0611,0.0,4.64,5.61,8.42,2.07,0.0
20230406:0711,109296.0,73.95,14.34,8.77,2.97,0.0
20230406:0811,389994.0,219.52,22.77,9.11,3.79,0.0
20230406:0911,1045198.0,558.36,30.42,9.32,4.21,0.0
20230406:1011,1523918.0,825.49,36.67,9.78,4.14,0.0
20230406:1111,920106.0,495.03,40.82,10.68,4.9,0.0
20230406:1211,1101056.0,591.82,42.21,11.44,5.72,0.0
20230406:1311,1245794.0,669.26,40.57,11.61,6.07,0.0
20230406:1411,901406.0,483.92,36.22,11.4,6.0,0.0
20230406:1511,613360.0,335.0,29.82,11.78,5.86,0.0
20230406:1611,455202.0,254.19,22.09,10.62,5.45,0.0
20230406:1711,134442.0,88.28,13.62,9.63,5.45,0.0
20230406:1811,1562.0,7.42,4.88,8.94,4.55,0.0
20230406:1911,0.0,0.0,0.0,8.95,3.86,0.0
20230406:2011,0.0,0.0,0.0,8.56,3.38,0.0
20230406:2111,0.0,0.0,0.0,7.69,3.17,0.0
20230406:2211,0.0,0.0,0.0,6.71,3.17,0.0
20230406:2311,0.0,0.0,0.0,6.12,3.38,0.0
20230407:0011,0.0,0.0,0.0,5.19,3.52,0.0
20230407:0111,0.0,0.0,0.0,4.5,3.45,0.0
20230407:0211,0.0,0.0,0.0,3.92,3.31,0.0
20230407:0311,0.0,0.0,0.0,3.38,3.1,0.0
20230407:0411,0.0,0.0,0.0,2.74,2.83,0.0
20230407:0511,0.0,0.0,0.0,2.13,2.76,0.0
20230407:0611,40040.0,45.19,5.96,1.79,2.55,0.0
20230407:0711,424380.0,253.2,14.69,3.89,2.34,0.0
20230407:0811,914606.0,492.36,23.13,6.72,2.9,0.0
20230407:0911,1343606.0,721.11,30.79,8.38,3.66,0.0
20230407:1011,1514238.0,821.05,37.05,9.59,4.0,0.0
20230407:1111,1511620.0,824.28,41.21,10.25,4.0,0.0
20230407:1211,1530254.0,838.3,42.59,10.74,3.93,0.0
20230407:1311,1685992.0,932.95,40.93,10.96,3.66,0.0
20230407:1411,1241108.0,674.4,36.54,11.09,3.59,0.0
20230407:1511,1232308.0,669.87,30.12,11.38,3.52,0.0
20230407:1611,835868.0,459.68,22.37,11.2,3.45,0.0
20230407:1711,355036.0,223.39,13.88,10.46,3.45,0.0
20230407:1811,16918.0,26.52,5.14,9.37,3.17,0.0
20230407:1911,0.0,0.0,0.0,7.32,2.55,0.0
20230407:2011,0.0,0.0,0.0,6.33,1.93,0.0
20230407:2111,0.0,0.0,0.0,5.63,1.72,0.0
20230407:2211,0.0,0.0,0.0,5.34,1.45,0.0
20230407:2311,0.0,0.0,0.0,5.39,1.31,0.0
20230408:0011,0.0,0.0,0.0,5.61,1.31,0.0
20230408:0111,0.0,0.0,0.0,5.84,0.97,0.0
20230408:0211,0.0,0.0,0.0,5.69,0.76,0.0
20230408:0311,0.0,0.0,0.0,5.82,0.41,0.0
20230408:0411,0.0,0.0,0.0,5.56,0.55,0.0
20230408:0511,0.0,0.0,0.0,5.12,0.76,0.0
20230408:0611,39512.0,35.16,6.3,5.0,0.55,0.0
20230408:0711,309320.0,184.9,15.04,5.17,0.69,0.0
20230408:0811,562518.0,307.84,23.49,5.62,0.76,0.0
20230408:0911,821436.0,444.26,31.15,6.49,0.83,0.0
20230408:1011,1272018.0,697.68,37.43,7.62,1.24,0.0
20230408:1111,1693604.0,952.53,41.59,9.02,1.86,0.0
20230408:1211,1773464.0,1008.08,42.96,10.67,2.14,0.0
20230408:1311,1617968.0,915.01,41.28,11.47,2.0,0.0
20230408:1411,1463044.0,818.22,36.86,12.05,2.14,0.0
20230408:1511,961752.0,527.82,30.41,12.1,2.21,0.0
20230408:1611,825968.0,459.39,22.64,12.23,2.34,0.0
20230408:1711,342958.0,217.6,14.14,12.02,2.34,0.0
20230408:1811,18656.0,27.96,5.4,11.07,2.41,0.0
20230408:1911,0.0,0.0,0.0,9.5,3.38,0.0
20230408:2011,0.0,0.0,0.0,7.95,3.59,0.0
20230408:2111,0.0,0.0,0.0,6.56,3.24,0.0
20230408:2211,0.0,0.0,0.0,5.68,2.9,0.0
20230408:2311,0.0,0.0,0.0,5.02,2.48,0.0
20230409:0011,0.0,0.0,0.0,4.46,2.28,0.0
20230409:0111,0.0,0.0,0.0,3.96,2.07,0.0
20230409:0211,0.0,0.0,0.0,3.53,2.0,0.0
20230409:0311,0.0,0.0,0.0,3.18,1.93,0.0
20230409:0411,0.0,0.0,0.0,2.65,2.07,0.0
20230409:0511,0.0,0.0,0.0,2.34,2.28,0.0
20230409:0611,22.0,5.56,6.65,2.77,2.28,0.0
20230409:0711,286638.0,169.97,15.39,4.88,3.38,0.0
20230409:0811,163130.0,101.05,23.84,5.77,3.52,0.0
20230409:0911,196240.0,118.67,31.51,6.94,3.79,0.0
20230409:1011,189904.0,115.89,37.8,8.12,4.34,0.0
20230409:1111,160864.0,101.05,41.97,8.99,5.03,0.0
20230409:1211,202818.0,123.31,43.33,9.81,5.52,0.0
20230409:1311,988526.0,529.2,41.63,10.41,5.66,0.0
20230409:1411,965382.0,517.64,37.18,11.13,5.72,0.0
20230409:1511,500874.0,277.75,30.7,11.88,5.79,0.0
20230409:1611,403942.0,229.47,22.91,12.09,4.62,0.0
20230409:1711,46574.0,38.94,14.4,12.23,4.9,0.0
20230409:1811,7634.0,12.98,5.66,11.87,5.03,0.0
20230409:1911,0.0,0.0,0.0,10.78,4.41,0.0
20230409:2011,0.0,0.0,0.0,10.52,4.76,0.0
20230409:2111,0.0,0.0,0.0,10.29,5.03,0.0
20230409:2211,0.0,0.0,0.0,10.39,5.45,0.0
20230409:2311,0.0,0.0,0.0,10.17,5.66,0.0
20230410:0011,0.0,0.0,0.0,9.78,5.79,0.0
20230410:0111,0.0,0.0,0.0,9.25,5.66,0.0
20230410:0211,0.0,0.0,0.0,8.69,5.79,0.0
20230410:0311,0.0,0.0,0.0,8.7,5.93,0.0
20230410:0411,0.0,0.0,0.0,8.92,6.0,0.0
20230410:0511,0.0,0.0,0.0,9.27,5.72,0.0
20230410:0611,10120.0,14.83,6.99,9.51,5.45,0.0
20230410:0711,103070.0,70.46,15.73,9.67,4.97,0.0
20230410:0811,534996.0,295.0,24.19,10.15,4.34,0.0
20230410:0911,864600.0,464.9,31.87,10.83,4.9,0.0
20230410:1011,234058.0,140.92,38.17,11.93,4.41,0.0
20230410:1111,130152.0,86.22,42.35,12.91,4.21,0.0
20230410:1211,379236.0,217.62,43.7,12.98,4.21,0.0
20230410:1311,202972.0,124.23,41.97,11.38,5.1,0.0
20230410:1411,173954.0,108.47,37.5,10.24,5.03,0.0
20230410:1511,317768.0,182.27,30.99,9.4,5.03,0.0
20230410:1611,659824.0,357.54,23.18,8.96,6.07,0.0
20230410:1711,325116.0,199.8,14.66,8.38,5.38,0.0
20230410:1811,1584.0,7.42,5.92,7.93,4.69,0.0
20230410:1911,0.0,0.0,0.0,7.24,5.1,0.0
20230410:2011,0.0,0.0,0.0,6.78,4.97,0.0
20230410:2111,0.0,0.0,0.0,6.57,4.9,0.0
20230410:2211,0.0,0.0,0.0,6.2,5.17,0.0
20230410:2311,0.0,0.0,0.0,6.08,5.86,0.0
20230411:0011,0.0,0.0,0.0,6.03,6.28,0.0
20230411:0111,0.0,0.0,0.0,5.84,6.41,0.0
20230411:0211,0.0,0.0,0.0,5.51,6.41,0.0
20230411:0311,0.0,0.0,0.0,5.48,6.28,0.0
20230411:0411,0.0,0.0,0.0,5.25,5.86,0.0
20230411:0511,0.0,0.0,0.0,5.19,5.66,0.0
20230411:0611,56584.0,58.07,7.33,5.21,5.38,0.0
20230411:0711,426668.0,251.58,16.07,6.09,4.69,0.0
20230411:0811,918082.0,487.65,24.53,7.27,6.0,0.0
20230411:0911,1280268.0,675.67,32.23,8.5,6.21,0.0
20230411:1011,1527108.0,815.38,38.54,9.53,6.14,0.0
20230411:1111,1574144.0,849.7,42.72,10.44,5.72,0.0
20230411:1211,1804220.0,989.61,44.07,11.32,5.38,0.0
20230411:1311,839322.0,454.49,42.32,12.27,6.0,0.0
20230411:1411,490842.0,273.83,37.81,12.64,6.28,0.0
20230411:1511,280918.0,164.68,31.28,11.67,7.1,0.0
20230411:1611,158620.0,100.13,23.45,9.9,6.9,0.0
20230411:1711,61864.0,47.28,14.92,8.65,7.03,0.0
20230411:1811,4510.0,10.2,6.17,8.18,8.07,0.0
20230411:1911,0.0,0.0,0.0,7.43,8.9,0.0
20230411:2011,0.0,0.0,0.0,6.9,10.07,0.0
20230411:2111,0.0,0.0,0.0,6.93,10.55,0.0
20230411:2211,0.0,0.0,0.0,7.61,9.79,0.0
20230411:2311,0.0,0.0,0.0,6.08,8.28,0.0
20230412:0011,0.0,0.0,0.0,5.36,7.45,0.0
20230412:0111,0.0,0.0,0.0,4.68,7.1,0.0
20230412:0211,0.0,0.0,0.0,4.42,6.28,0.0
20230412:0311,0.0,0.0,0.0,3.89,5.66,0.0
20230412:0411,0.0,0.0,0.0,3.55,5.17,0.0
20230412:0511,0.0,0.0,0.0,3.29,4.9,0.0
20230412:0611,63118.0,61.81,7.67,3.23,4.97,0.0
20230412:0711,467082.0,272.51,16.41,3.98,4.41,0.0
20230412:0811,957396.0,502.08,24.88,5.17,6.76,0.0
20230412:0911,1275758.0,664.59,32.59,6.39,6.97,0.0
20230412:1011,937244.0,493.14,38.91,7.53,6.97,0.0
20230412:1111,622688.0,335.2,43.09,8.5,7.66,0.0
20230412:1211,211772.0,127.01,44.44,8.44,8.21,0.0
20230412:1311,296758.0,169.66,42.66,7.45,8.62,0.0
20230412:1411,179586.0,109.4,38.13,6.13,7.59,0.0
20230412:1511,331232.0,186.82,31.56,6.79,6.28,0.0
20230412:1611,142824.0,90.86,23.71,7.18,5.52,0.0
20230412:1711,179762.0,112.11,15.18,7.6,4.07,0.0
20230412:1811,42416.0,37.67,6.43,7.19,1.59,0.0
20230412:1911,0.0,0.0,0.0,6.44,1.45,0.0
20230412:2011,0.0,0.0,0.0,5.43,2.69,0.0
20230412:2111,0.0,0.0,0.0,5.14,4.0,0.0
20230412:2211,0.0,0.0,0.0,4.99,4.69,0.0
20230412:2311,0.0,0.0,0.0,4.54,4.28,0.0
20230413:0011,0.0,0.0,0.0,4.3,3.72,0.0
20230413:0111,0.0,0.0,0.0,4.41,3.59,0.0
20230413:0211,0.0,0.0,0.0,4.35,4.0,0.0
20230413:0311,0.0,0.0,0.0,5.13,4.76,0.0
20230413:0411,0.0,0.0,0.0,5.55,5.17,0.0
20230413:0511,0.0,0.0,0.0,5.89,5.38,0.0
20230413:0611,67452.0,54.1,8.0,6.15,5.17,0.0
20230413:0711,263670.0,156.17,16.74,6.57,5.17,0.0
20230413:0811,375694.0,209.6,25.22,6.95,5.31,0.0
20230413:0911,1062138.0,559.65,32.94,7.6,5.59,0.0
20230413:1011,661716.0,355.07,39.27,8.05,5.86,0.0
20230413:1111,377630.0,212.02,43.46,8.58,6.21,0.0
20230413:1211,1236268.0,657.64,44.8,9.29,6.21,0.0
20230413:1311,79618.0,57.48,43.0,9.54,6.48,0.0
20230413:1411,76230.0,55.63,38.44,9.75,6.83,0.0
20230413:1511,640772.0,345.25,31.85,9.63,7.1,0.0
20230413:1611,278234.0,161.8,23.98,9.46,7.17,0.0
20230413:1711,264308.0,161.33,15.43,9.3,6.48,0.0
20230413:1811,46134.0,41.65,6.68,8.79,5.24,0.0
20230413:1911,0.0,0.0,0.0,7.54,4.62,0.0
20230413:2011,0.0,0.0,0.0,6.87,4.21,0.0
20230413:2111,0.0,0.0,0.0,6.35,3.72,0.0
20230413:2211,0.0,0.0,0.0,5.62,3.38,0.0
20230413:2311,0.0,0.0,0.0,5.02,3.1,0.0
20230414:0011,0.0,0.0,0.0,4.22,2.69,0.0
20230414:0111,0.0,0.0,0.0,3.44,2.55,0.0
20230414:0211,0.0,0.0,0.0,2.78,2.41,0.0
20230414:0311,0.0,0.0,0.0,2.16,2.21,0.0
20230414:0411,0.0,0.0,0.0,1.44,2.14,0.0
20230414:0511,0.0,0.0,0.0,0.96,2.0,0.0
20230414:0611,71610.0,54.16,8.33,0.94,1.72,0.0
20230414:0711,374946.0,217.03,17.07,3.47,1.86,0.0
20230414:0811,876920.0,469.72,25.55,5.66,2.48,0.0
20230414:0911,1027114.0,548.21,33.29,7.47,3.1,0.0
20230414:1011,704154.0,380.43,39.63,9.13,4.14,0.0
20230414:1111,638616.0,347.67,43.83,9.44,4.07,0.0
20230414:1211,504108.0,279.5,45.16,9.94,3.59,0.0
20230414:1311,727738.0,396.62,43.34,9.99,2.97,0.0
20230414:1411,296384.0,172.44,38.74,9.65,2.28,0.0
20230414:1511,188452.0,115.89,32.13,9.05,2.14,0.0
20230414:1611,129074.0,84.37,24.24,8.5,1.31,0.0
20230414:1711,58520.0,45.43,15.68,8.34,0.9,0.0
20230414:1811,12738.0,16.69,6.94,7.72,1.31,0.0
20230414:1911,0.0,0.0,0.0,6.96,1.45,0.0
20230414:2011,0.0,0.0,0.0,6.77,1.45,0.0
20230414:2111,0.0,0.0,0.0,6.45,1.45,0.0
20230414:2211,0.0,0.0,0.0,6.31,1.45,0.0
20230414:2311,0.0,0.0,0.0,6.16,1.52,0.0
20230415:0011,0.0,0.0,0.0,6.14,1.59,0.0
20230415:0111,0.0,0.0,0.0,6.11,1.72,0.0
20230415:0211,0.0,0.0,0.0,5.91,1.93,0.0
20230415:0311,0.0,0.0,0.0,5.86,1.93,0.0
20230415:0411,0.0,0.0,0.0,5.41,2.14,0.0
20230415:0511,0.0,0.0,0.0,4.8,2.41,0.0
20230415:0611,73876.0,71.96,8.66,5.04,2.48,0.0
20230415:0711,317130.0,185.5,17.4,6.06,2.69,0.0
20230415:0811,754886.0,406.86,25.89,7.79,3.45,0.0
20230415:0911,447040.0,248.75,33.63,9.15,3.38,0.0
20230415:1011,1205116.0,654.55,39.99,10.08,3.03,0.0
20230415:1111,1190970.0,652.54,44.2,10.68,2.55,0.0
20230415:1211,831996.0,458.07,45.52,11.14,1.79,0.0
20230415:1311,573166.0,321.57,43.67,11.97,1.1,0.0
20230415:1411,415536.0,237.91,39.05,12.08,0.9,0.0
20230415:1511,516934.0,291.63,32.4,12.39,0.9,0.0
20230415:1611,451528.0,257.58,24.5,12.31,0.97,0.0
20230415:1711,368280.0,232.1,15.94,12.2,1.52,0.0
20230415:1811,39468.0,44.9,7.19,11.21,2.0,0.0
20230415:1911,0.0,0.0,0.0,10.19,2.34,0.0
20230415:2011,0.0,0.0,0.0,8.53,2.62,0.0
20230415:2111,0.0,0.0,0.0,7.69,2.76,0.0
20230415:2211,0.0,0.0,0.0,7.04,2.76,0.0
20230415:2311,0.0,0.0,0.0,6.77,2.48,0.0
20230416:0011,0.0,0.0,0.0,6.54,2.34,0.0
20230416:0111,0.0,0.0,0.0,6.43,2.14,0.0
20230416:0211,0.0,0.0,0.0,6.42,2.0,0.0
20230416:0311,0.0,0.0,0.0,6.15,2.07,0.0
20230416:0411,0.0,0.0,0.0,6.01,2.0,0.0
20230416:0511,0.0,0.0,0.0,6.08,1.79,0.0
20230416:0611,74712.0,56.53,8.98,6.16,1.66,0.0
20230416:0711,346632.0,203.94,17.73,7.28,1.52,0.0
20230416:0811,861938.0,470.54,26.22,8.9,1.86,0.0
20230416:0911,1265594.0,692.64,33.97,10.14,2.21,0.0
20230416:1011,1270654.0,698.23,40.35,11.44,2.69,0.0
20230416:1111,876326.0,479.81,44.56,12.08,3.1,0.0
20230416:1211,838618.0,459.49,45.87,12.38,3.45,0.0
20230416:1311,1137158.0,622.94,44.01,13.03,3.79,0.0
20230416:1411,1211386.0,664.73,39.35,13.72,3.93,0.0
20230416:1511,496254.0,279.28,32.68,13.55,3.31,0.0
20230416:1611,350152.0,203.35,24.76,13.54,3.03,0.0
20230416:1711,47828.0,39.87,16.19,13.11,2.48,0.0
20230416:1811,682.0,6.49,7.44,12.64,2.28,0.0
20230416:1911,0.0,0.0,0.0,12.3,1.86,0.0
20230416:2011,0.0,0.0,0.0,11.35,1.86,0.0
20230416:2111,0.0,0.0,0.0,10.71,1.59,0.0
20230416:2211,0.0,0.0,0.0,9.92,1.31,0.0
20230416:2311,0.0,0.0,0.0,9.69,0.97,0.0
20230417:0011,0.0,0.0,0.0,9.52,0.97,0.0
20230417:0111,0.0,0.0,0.0,9.41,0.97,0.0
20230417:0211,0.0,0.0,0.0,9.26,0.97,0.0
20230417:0311,0.0,0.0,0.0,9.04,1.1,0.0
20230417:0411,0.0,0.0,0.0,9.03,1.24,0.0
20230417:0511,0.0,0.0,0.0,8.97,1.31,0.0
20230417:0611,62458.0,48.69,9.3,9.07,1.24,0.0
20230417:0711,198726.0,122.42,18.05,9.28,1.17,0.0
20230417:0811,364606.0,208.84,26.55,10.61,1.72,0.0
20230417:0911,629376.0,347.74,34.31,11.69,2.34,0.0
20230417:1011,717640.0,395.84,40.7,12.38,2.62,0.0
20230417:1111,904574.0,499.95,44.92,13.56,2.69,0.0
20230417:1211,234806.0,142.77,46.22,13.93,3.03,0.0
20230417:1311,385946.0,222.78,44.34,14.17,3.1,0.0
20230417:1411,907412.0,501.52,39.65,14.44,3.03,0.0
20230417:1511,1060862.0,585.26,32.96,14.16,2.97,0.0
20230417:1611,787358.0,438.19,25.01,13.52,3.1,0.0
20230417:1711,342936.0,213.13,16.44,12.64,3.38,0.0
20230417:1811,48796.0,48.49,7.69,11.13,2.97,0.0
20230417:1911,0.0,0.0,0.0,9.37,2.62,0.0
20230417:2011,0.0,0.0,0.0,7.37,2.28,0.0
20230417:2111,0.0,0.0,0.0,5.98,1.93,0.0
20230417:2211,0.0,0.0,0.0,4.99,1.72,0.0
20230417:2311,0.0,0.0,0.0,4.65,1.31,0.0
20230418:0011,0.0,0.0,0.0,4.76,1.17,0.0
20230418:0111,0.0,0.0,0.0,4.95,1.45,0.0
20230418:0211,0.0,0.0,0.0,5.35,2.0,0.0
20230418:0311,0.0,0.0,0.0,5.39,1.86,0.0
20230418:0411,0.0,0.0,0.0,5.44,2.14,0.0
20230418:0511,0.0,0.0,0.0,5.04,2.41,0.0
20230418:0611,98428.0,76.69,9.62,5.52,2.55,0.0
20230418:0711,496254.0,289.04,18.37,6.97,3.72,0.0
20230418:0811,982674.0,528.32,26.87,8.11,3.66,0.0
20230418:0911,1399904.0,756.3,34.64,9.69,3.86,0.0
20230418:1011,1678556.0,923.66,41.04,11.14,4.07,0.0
20230418:1111,1842324.0,1023.81,45.27,12.15,4.62,0.0
20230418:1211,1798170.0,1000.43,46.57,12.89,4.76,0.0
20230418:1311,1697080.0,941.83,44.66,13.25,4.62,0.0
20230418:1411,1614448.0,888.98,39.95,13.31,4.83,0.0
20230418:1511,1287572.0,699.0,33.23,12.95,5.03,0.0
20230418:1611,885962.0,485.55,25.27,12.34,5.1,0.0
20230418:1711,399652.0,248.05,16.68,11.35,4.76,0.0
20230418:1811,50292.0,50.62,7.94,10.05,4.34,0.0
20230418:1911,0.0,0.0,0.0,8.12,3.93,0.0
20230418:2011,0.0,0.0,0.0,6.94,3.72,0.0
20230418:2111,0.0,0.0,0.0,6.49,3.79,0.0
20230418:2211,0.0,0.0,0.0,6.31,3.86,0.0
20230418:2311,0.0,0.0,0.0,6.11,3.72,0.0
20230419:0011,0.0,0.0,0.0,5.83,3.52,0.0
20230419:0111,0.0,0.0,0.0,5.6,3.31,0.0
20230419:0211,0.0,0.0,0.0,5.26,3.24,0.0
20230419:0311,0.0,0.0,0.0,5.1,3.31,0.0
20230419:0411,0.0,0.0,0.0,5.37,3.38,0.0
20230419:0511,0.0,0.0,0.0,5.65,3.52,0.0
20230419:0611,99682.0,74.02,9.93,6.53,3.72,0.0
20230419:0711,152746.0,96.59,18.68,8.08,4.0,0.0
20230419:0811,355256.0,201.12,27.19,9.2,5.66,0.0
20230419:0911,629178.0,341.13,34.98,9.71,5.38,0.0
20230419:1011,790394.0,425.67,41.39,10.27,5.45,0.0
20230419:1111,1869736.0,1025.88,45.62,11.21,5.59,0.0
20230419:1211,1928718.0,1062.72,46.92,12.07,6.0,0.0
20230419:1311,1864016.0,1022.7,44.99,12.63,6.41,0.0
20230419:1411,1621466.0,878.84,40.25,12.59,6.55,0.0
20230419:1511,1294634.0,695.64,33.5,12.2,6.28,0.0
20230419:1611,893464.0,486.79,25.52,11.61,5.72,0.0
20230419:1711,405658.0,250.76,16.93,10.85,4.83,0.0
20230419:1811,48796.0,51.33,8.18,9.85,3.86,0.0
20230419:1911,0.0,0.0,0.0,8.15,3.24,0.0
20230419:2011,0.0,0.0,0.0,6.6,3.03,0.0
20230419:2111,0.0,0.0,0.0,5.75,3.17,0.0
20230419:2211,0.0,0.0,0.0,5.33,3.31,0.0
20230419:2311,0.0,0.0,0.0,5.2,3.31,0.0
20230420:0011,0.0,0.0,0.0,5.11,3.17,0.0
20230420:0111,0.0,0.0,0.0,4.67,2.97,0.0
20230420:0211,0.0,0.0,0.0,4.2,2.83,0.0
20230420:0311,0.0,0.0,0.0,3.88,2.9,0.0
20230420:0411,0.0,0.0,0.0,3.68,2.9,0.0
20230420:0511,0.0,0.87,1.67,3.7,2.9,0.0
20230420:0611,101948.0,87.31,10.24,4.35,2.83,0.0
20230420:0711,532642.0,309.58,18.99,6.74,3.1,0.0
20230420:0811,1009096.0,541.95,27.51,8.59,4.21,0.0
20230420:0911,1398760.0,753.22,35.3,9.89,4.41,0.0
20230420:1011,1464386.0,792.06,41.73,10.97,5.17,0.0
20230420:1111,1869758.0,1027.55,45.97,11.6,5.66,0.0
20230420:1211,1955250.0,1076.82,47.26,11.93,6.14,0.0
20230420:1311,1881198.0,1029.14,45.31,12.0,6.48,0.0
20230420:1411,1629056.0,880.6,40.54,11.79,6.41,0.0
20230420:1511,1311508.0,702.22,33.77,11.38,6.28,0.0
20230420:1611,907170.0,491.86,25.77,10.81,6.0,0.0
20230420:1711,408298.0,250.51,17.17,10.15,5.59,0.0
20230420:1811,53526.0,53.67,8.43,9.24,4.97,0.0
20230420:1911,0.0,0.0,0.0,8.06,4.76,0.0
20230420:2011,0.0,0.0,0.0,7.34,4.34,0.0
20230420:2111,0.0,0.0,0.0,7.35,4.21,0.0
20230420:2211,0.0,0.0,0.0,6.95,3.86,0.0
20230420:2311,0.0,0.0,0.0,6.65,3.66,0.0
20230421:0011,0.0,0.0,0.0,6.72,3.86,0.0
20230421:0111,0.0,0.0,0.0,6.87,4.21,0.0
20230421:0211,0.0,0.0,0.0,7.0,4.34,0.0
20230421:0311,0.0,0.0,0.0,7.13,4.41,0.0
20230421:0411,0.0,0.0,0.0,7.32,4.48,0.0
20230421:0511,0.0,0.87,1.98,7.37,4.83,0.0
20230421:0611,97570.0,69.97,10.55,7.93,5.17,0.0
20230421:0711,290686.0,170.65,19.3,8.96,5.79,0.0
20230421:0811,264528.0,155.05,27.82,9.7,6.0,0.0
20230421:0911,214808.0,129.79,35.63,10.62,7.31,0.0
20230421:1011,173690.0,108.47,42.06,10.98,7.86,0.0
20230421:1111,174878.0,109.4,46.32,11.72,8.34,0.0
20230421:1211,220550.0,133.5,47.6,11.97,7.52,0.0
20230421:1311,227854.0,137.21,45.63,11.63,6.62,0.0
20230421:1411,233508.0,139.99,40.83,11.28,6.21,0.0
20230421:1511,143946.0,92.71,34.03,10.61,5.59,0.0
20230421:1611,44000.0,37.08,26.02,10.06,5.1,0.0
20230421:1711,17886.0,20.4,17.41,8.93,4.41,0.0
20230421:1811,16610.0,19.47,8.67,8.34,4.07,0.0
20230421:1911,0.0,0.0,0.0,7.71,3.86,0.0
20230421:2011,0.0,0.0,0.0,7.48,3.66,0.0
20230421:2111,0.0,0.0,0.0,7.44,3.45,0.0
20230421:2211,0.0,0.0,0.0,7.49,3.66,0.0
20230421:2311,0.0,0.0,0.0,7.45,3.79,0.0
20230422:0011,0.0,0.0,0.0,7.5,3.72,0.0
20230422:0111,0.0,0.0,0.0,7.66,3.52,0.0
20230422:0211,0.0,0.0,0.0,7.68,3.31,0.0
20230422:0311,0.0,0.0,0.0,7.67,2.97,0.0
20230422:0411,0.0,0.0,0.0,7.66,2.48,0.0
20230422:0511,0.0,0.87,2.29,7.68,1.93,0.0
20230422:0611,22132.0,23.18,10.85,7.77,1.38,0.0
20230422:0711,71742.0,52.85,19.6,7.98,1.93,0.0
20230422:0811,86460.0,61.19,28.13,8.5,1.59,0.0
20230422:0911,130174.0,85.29,35.95,9.41,1.03,0.0
20230422:1011,136972.0,89.0,42.4,9.95,2.21,0.0
20230422:1111,215732.0,130.72,46.66,10.42,2.97,0.0
20230422:1211,432080.0,244.06,47.94,11.21,3.1,0.0
20230422:1311,782188.0,428.67,45.94,11.83,3.24,0.0
20230422:1411,876722.0,477.55,41.12,11.93,3.72,0.0
20230422:1511,639386.0,351.48,34.3,12.12,4.0,0.0
20230422:1611,640376.0,353.24,26.27,11.45,3.93,0.0
20230422:1711,117568.0,78.8,17.65,11.02,3.52,0.0
20230422:1811,64064.0,50.0,8.92,10.53,3.03,0.0
20230422:1911,0.0,0.0,0.0,9.57,2.07,0.0
20230422:2011,0.0,0.0,0.0,8.17,1.93,0.0
20230422:2111,0.0,0.0,0.0,6.62,1.72,0.0
20230422:2211,0.0,0.0,0.0,5.36,1.52,0.0
20230422:2311,0.0,0.0,0.0,5.7,0.97,0.0
20230423:0011,0.0,0.0,0.0,4.48,0.9,0.0
20230423:0111,0.0,0.0,0.0,3.38,1.03,0.0
20230423:0211,0.0,0.0,0.0,3.41,0.83,0.0
20230423:0311,0.0,0.0,0.0,3.95,1.17,0.0
20230423:0411,0.0,0.0,0.0,4.44,1.45,0.0
20230423:0511,0.0,2.62,2.6,4.63,1.79,0.0
20230423:0611,68068.0,50.54,11.15,5.45,2.21,0.0
20230423:0711,178112.0,109.81,19.9,7.41,3.03,0.0
20230423:0811,388630.0,218.26,28.43,8.46,3.52,0.0
20230423:0911,554796.0,304.55,36.26,9.61,3.66,0.0
20230423:1011,332134.0,190.98,42.73,10.4,3.86,0.0
20230423:1111,515856.0,286.16,47.0,10.63,4.07,0.0
20230423:1211,537064.0,297.04,48.27,10.59,4.21,0.0
20230423:1311,1366134.0,742.32,46.26,10.72,4.21,0.0
20230423:1411,1559360.0,850.13,41.4,10.86,4.28,0.0
20230423:1511,667700.0,363.63,34.56,10.94,4.62,0.0
20230423:1611,567798.0,313.0,26.51,10.78,4.97,0.0
20230423:1711,268246.0,161.88,17.89,10.36,5.17,0.0
20230423:1811,10142.0,14.83,9.16,9.28,4.97,0.0
20230423:1911,0.0,0.0,0.0,8.23,5.31,0.0
20230423:2011,0.0,0.0,0.0,7.37,5.45,0.0
20230423:2111,0.0,0.0,0.0,6.86,5.59,0.0
20230423:2211,0.0,0.0,0.0,6.24,5.79,0.0
20230423:2311,0.0,0.0,0.0,5.73,5.72,0.0
20230424:0011,0.0,0.0,0.0,5.34,5.24,0.0
20230424:0111,0.0,0.0,0.0,5.38,5.03,0.0
20230424:0211,0.0,0.0,0.0,5.09,4.83,0.0
20230424:0311,0.0,0.0,0.0,5.02,4.83,0.0
20230424:0411,0.0,0.0,0.0,4.49,4.55,0.0
20230424:0511,0.0,2.62,2.89,4.32,4.55,0.0
20230424:0611,89584.0,62.6,11.45,4.5,4.14,0.0
20230424:0711,366300.0,207.87,20.19,5.23,5.38,0.0
20230424:0811,702658.0,372.71,28.73,6.02,6.48,0.0
20230424:0911,609840.0,326.63,36.57,6.91,6.48,0.0
20230424:1011,875864.0,463.17,43.05,7.64,6.62,0.0
20230424:1111,267080.0,154.83,47.33,7.34,6.34,0.0
20230424:1211,359722.0,202.11,48.6,7.63,6.28,0.0
20230424:1311,659604.0,354.73,46.57,7.98,5.86,0.0
20230424:1411,1284954.0,679.17,41.69,7.97,6.0,0.0
20230424:1511,733656.0,390.4,34.81,7.69,6.21,0.0
20230424:1611,857494.0,457.97,26.76,7.52,6.0,0.0
20230424:1711,385066.0,228.75,18.13,7.03,5.72,0.0
20230424:1811,60918.0,59.52,9.39,6.35,4.97,0.0
20230424:1911,0.0,0.0,0.0,5.45,3.93,0.0
20230424:2011,0.0,0.0,0.0,4.64,3.72,0.0
20230424:2111,0.0,0.0,0.0,3.97,3.52,0.0
20230424:2211,0.0,0.0,0.0,3.24,3.31,0.0
20230424:2311,0.0,0.0,0.0,2.59,3.17,0.0
20230425:0011,0.0,0.0,0.0,2.05,3.03,0.0
20230425:0111,0.0,0.0,0.0,1.68,2.97,0.0
20230425:0211,0.0,0.0,0.0,1.41,2.9,0.0
20230425:0311,0.0,0.0,0.0,0.95,2.83,0.0
20230425:0411,0.0,0.0,0.0,0.61,2.83,0.0
20230425:0511,3124.0,8.74,3.19,0.58,2.83,0.0
20230425:0611,127402.0,104.28,11.74,1.33,2.55,0.0
20230425:0711,578842.0,326.83,20.48,2.9,3.24,0.0
20230425:0811,1062864.0,560.9,29.03,4.37,3.72,0.0
20230425:0911,1447952.0,771.37,36.88,5.53,3.38,0.0
20230425:1011,1609740.0,871.51,43.37,6.58,3.24,0.0
20230425:1111,1710148.0,938.14,47.66,7.67,3.24,0.0
20230425:1211,1743302.0,964.23,48.93,8.23,3.03,0.0
20230425:1311,1709840.0,949.21,46.87,8.64,2.69,0.0
20230425:1411,1359424.0,743.62,41.96,8.85,2.34,0.0
20230425:1511,993894.0,538.62,35.07,8.89,2.14,0.0
20230425:1611,783156.0,429.51,27.0,8.79,1.79,0.0
20230425:1711,302544.0,180.12,18.36,8.16,2.07,0.0
20230425:1811,86152.0,66.01,9.63,7.43,2.76,0.0
20230425:1911,0.0,0.0,0.0,6.37,2.9,0.0
20230425:2011,0.0,0.0,0.0,4.56,2.83,0.0
20230425:2111,0.0,0.0,0.0,3.37,2.34,0.0
20230425:2211,0.0,0.0,0.0,2.72,1.93,0.0
20230425:2311,0.0,0.0,0.0,2.66,1.79,0.0
20230426:0011,0.0,0.0,0.0,2.08,1.79,0.0
20230426:0111,0.0,0.0,0.0,1.96,1.66,0.0
20230426:0211,0.0,0.0,0.0,1.65,1.59,0.0
20230426:0311,0.0,0.0,0.0,1.39,1.52,0.0
20230426:0411,0.0,0.0,0.0,0.94,1.52,0.0
20230426:0511,0.0,2.62,3.48,0.75,1.45,0.0
20230426:0611,60456.0,45.43,12.02,1.94,0.97,0.0
20230426:0711,278300.0,160.92,20.77,4.04,1.31,0.0
20230426:0811,543840.0,296.36,29.32,5.38,1.38,0.0
20230426:0911,408254.0,228.54,37.18,7.18,1.45,0.0
20230426:1011,637164.0,349.88,43.69,8.76,1.52,0.0
20230426:1111,1715890.0,969.71,47.99,9.35,1.86,0.0
20230426:1211,761090.0,417.68,49.25,9.66,1.66,0.0
20230426:1311,586740.0,325.49,47.17,10.19,1.66,0.0
20230426:1411,634238.0,350.79,42.24,10.48,1.59,0.0
20230426:1511,566984.0,315.54,35.32,10.28,0.97,0.0
20230426:1611,768790.0,427.99,27.24,10.31,0.83,0.0
20230426:1711,404074.0,248.9,18.6,10.19,0.41,0.0
20230426:1811,82632.0,66.77,9.87,9.99,0.48,0.0
20230426:1911,0.0,0.0,0.0,9.37,1.86,0.0
20230426:2011,0.0,0.0,0.0,7.49,2.28,0.0
20230426:2111,0.0,0.0,0.0,6.16,2.41,0.0
20230426:2211,0.0,0.0,0.0,5.23,2.41,0.0
20230426:2311,0.0,0.0,0.0,4.23,2.28,0.0
20230427:0011,0.0,0.0,0.0,3.27,2.14,0.0
20230427:0111,0.0,0.0,0.0,2.42,1.93,0.0
20230427:0211,0.0,0.0,0.0,2.21,1.59,0.0
20230427:0311,0.0,0.0,0.0,1.73,1.72,0.0
20230427:0411,0.0,0.0,0.0,1.52,1.93,0.0
20230427:0511,0.0,2.62,3.77,1.53,1.86,0.0
20230427:0611,61908.0,46.36,12.3,2.76,1.59,0.0
20230427:0711,193908.0,117.13,21.05,5.33,2.28,0.0
20230427:0811,509388.0,278.67,29.61,6.8,2.83,0.0
20230427:0911,1006940.0,538.58,37.48,8.08,3.38,0.0
20230427:1011,661562.0,359.8,44.0,9.69,4.21,0.0
20230427:1111,1240052.0,668.63,48.31,10.62,4.97,0.0
20230427:1211,704638.0,383.65,49.57,11.6,6.28,0.0
20230427:1311,435424.0,244.89,47.47,11.87,6.34,0.0
20230427:1411,554664.0,305.85,42.51,11.68,6.21,0.0
20230427:1511,461076.0,257.45,35.58,11.68,6.21,0.0
20230427:1611,103928.0,71.39,27.47,11.43,5.86,0.0
20230427:1711,39270.0,34.3,18.83,10.72,5.45,0.0
20230427:1811,33440.0,30.59,10.1,9.84,5.38,0.0
20230427:1911,0.0,0.0,0.0,9.6,4.83,0.0
20230427:2011,0.0,0.0,0.0,8.48,4.41,0.0
20230427:2111,0.0,0.0,0.0,7.53,4.14,0.0
20230427:2211,0.0,0.0,0.0,6.91,3.72,0.0
20230427:2311,0.0,0.0,0.0,6.64,3.17,0.0
20230428:0011,0.0,0.0,0.0,6.65,3.38,0.0
20230428:0111,0.0,0.0,0.0,6.56,3.17,0.0
20230428:0211,0.0,0.0,0.0,6.59,3.38,0.0
20230428:0311,0.0,0.0,0.0,6.62,3.45,0.0
20230428:0411,0.0,0.0,0.0,6.54,3.17,0.0
20230428:0511,0.0,2.62,4.05,6.61,2.83,0.0
20230428:0611,80982.0,57.96,12.58,6.73,2.34,0.0
20230428:0711,119570.0,78.8,21.33,7.1,1.45,0.0
20230428:0811,150722.0,95.49,29.89,7.61,1.72,0.0
20230428:0911,219824.0,131.65,37.77,7.81,1.93,0.0
20230428:1011,262328.0,153.9,44.31,8.29,2.14,0.0
20230428:1111,317196.0,182.64,48.63,8.86,2.28,0.0
20230428:1211,285824.0,166.88,49.88,9.5,2.21,0.0
20230428:1311,352352.0,202.11,47.77,10.31,2.28,0.0
20230428:1411,365816.0,210.0,42.79,10.97,1.79,0.0
20230428:1511,436700.0,247.57,35.82,11.35,1.45,0.0
20230428:1611,685850.0,384.24,27.71,11.84,0.97,0.0
20230428:1711,422818.0,264.5,19.06,11.95,0.48,0.0
20230428:1811,27170.0,26.89,10.33,12.01,0.21,0.0
20230428:1911,0.0,0.87,1.92,11.56,1.72,0.0
20230428:2011,0.0,0.0,0.0,10.44,2.0,0.0
20230428:2111,0.0,0.0,0.0,9.37,1.93,0.0
20230428:2211,0.0,0.0,0.0,8.59,1.79,0.0
20230428:2311,0.0,0.0,0.0,7.76,1.79,0.0
20230429:0011,0.0,0.0,0.0,6.94,1.59,0.0
20230429:0111,0.0,0.0,0.0,6.11,1.24,0.0
20230429:0211,0.0,0.0,0.0,5.97,0.83,0.0
20230429:0311,0.0,0.0,0.0,5.29,0.97,0.0
20230429:0411,0.0,0.0,0.0,5.13,1.31,0.0
20230429:0511,2992.0,8.74,4.33,5.23,1.59,0.0
20230429:0611,118162.0,79.73,12.85,6.54,1.86,0.0
20230429:0711,193622.0,118.01,21.6,7.74,2.97,0.0
20230429:0811,275902.0,161.01,30.16,8.78,2.76,0.0
20230429:0911,248402.0,147.41,38.06,9.62,2.48,0.0
20230429:1011,235070.0,140.92,44.61,10.32,2.34,0.0
20230429:1111,242814.0,145.56,48.94,11.09,1.93,0.0
20230429:1211,239998.0,144.63,50.19,11.63,1.24,0.0
20230429:1311,264704.0,157.61,48.06,11.66,1.45,0.0
20230429:1411,353584.0,204.43,43.05,12.03,1.93,0.0
20230429:1511,618530.0,342.88,36.07,12.07,2.41,0.0
20230429:1611,476916.0,268.25,27.94,11.73,2.9,0.0
20230429:1711,105556.0,72.31,19.29,11.15,3.17,0.0
20230429:1811,36300.0,32.45,10.56,10.36,3.38,0.0
20230429:1911,0.0,0.87,2.16,9.98,2.9,0.0
20230429:2011,0.0,0.0,0.0,9.35,2.55,0.0
20230429:2111,0.0,0.0,0.0,8.98,2.28,0.0
20230429:2211,0.0,0.0,0.0,8.72,2.21,0.0
20230429:2311,0.0,0.0,0.0,8.46,2.07,0.0
20230430:0011,0.0,0.0,0.0,8.31,1.93,0.0
20230430:0111,0.0,0.0,0.0,8.33,1.66,0.0
20230430:0211,0.0,0.0,0.0,7.99,1.45,0.0
20230430:0311,0.0,0.0,0.0,7.89,1.17,0.0
20230430:0411,0.0,0.0,0.0,7.73,1.17,0.0
20230430:0511,0.0,3.5,4.6,7.42,1.38,0.0
20230430:0611,108746.0,74.18,13.12,8.02,1.52,0.0
20230430:0711,59884.0,46.36,21.86,9.45,2.62,0.0
20230430:0811,227634.0,137.21,30.44,10.98,3.24,0.0
20230430:0911,505494.0,282.48,38.34,12.28,3.93,0.0
20230430:1011,809490.0,443.04,44.91,12.96,4.41,0.0
20230430:1111,626538.0,347.88,49.25,13.56,4.41,0.0
20230430:1211,733502.0,404.22,50.5,13.9,5.1,0.0
20230430:1311,514338.0,288.42,48.35,13.47,4.9,0.0
20230430:1411,309386.0,180.79,43.32,12.73,4.62,0.0
20230430:1511,113388.0,76.95,36.31,12.53,4.28,0.0
20230430:1611,259798.0,154.68,28.17,12.75,5.59,0.0
20230430:1711,43472.0,37.08,19.51,12.33,4.14,0.0
20230430:1811,51238.0,41.72,10.79,12.07,3.66,0.0
20230430:1911,0.0,0.87,2.39,12.38,2.97,0.0
20230430:2011,0.0,0.0,0.0,11.22,2.76,0.0
20230430:2111,0.0,0.0,0.0,10.77,2.48,0.0
20230430:2211,0.0,0.0,0.0,10.34,2.41,0.0
20230430:2311,0.0,0.0,0.0,9.93,2.34,0.0
20230501:0011,0.0,0.0,0.0,10.06,2.07,0.0
20230501:0111,0.0,0.0,0.0,9.99,2.07,0.0
20230501:0211,0.0,0.0,0.0,10.06,2.07,0.0
20230501:0311,0.0,0.0,0.0,10.01,2.21,0.0
20230501:0411,0.0,0.0,0.0,9.99,2.21,0.0
20230501:0511,12452.0,16.61,4.87,9.95,2.14,0.0
20230501:0611,143528.0,118.9,13.38,10.3,2.48,0.0
20230501:0711,555390.0,322.12,22.13,10.97,3.79,0.0
20230501:0811,636218.0,350.41,30.7,11.89,3.93,0.0
20230501:0911,626934.0,346.81,38.62,12.84,3.79,0.0
20230501:1011,351472.0,203.96,45.2,13.87,4.07,0.0
20230501:1111,1198450.0,662.17,49.55,14.63,4.14,0.0
20230501:1211,644380.0,360.57,50.8,14.89,3.66,0.0
20230501:1311,497046.0,282.68,48.64,15.07,3.24,0.0
20230501:1411,609752.0,341.06,43.58,14.66,3.72,0.0
20230501:1511,1107414.0,604.09,36.55,13.47,4.41,0.0
20230501:1611,806894.0,440.76,28.4,11.39,4.76,0.0
20230501:1711,405174.0,242.67,19.73,9.91,4.76,0.0
20230501:1811,86218.0,62.05,11.01,9.09,4.55,0.0
20230501:1911,0.0,1.75,2.63,8.69,3.86,0.0
20230501:2011,0.0,0.0,0.0,8.23,3.52,0.0
20230501:2111,0.0,0.0,0.0,8.12,3.31,0.0
20230501:2211,0.0,0.0,0.0,7.99,2.62,0.0
20230501:2311,0.0,0.0,0.0,7.84,2.34,0.0
20230502:0011,0.0,0.0,0.0,7.72,2.0,0.0
20230502:0111,0.0,0.0,0.0,7.5,1.66,0.0
20230502:0211,0.0,0.0,0.0,7.4,1.59,0.0
20230502:0311,0.0,0.0,0.0,7.28,1.52,0.0
20230502:0411,0.0,0.0,0.0,7.21,1.38,0.0
20230502:0511,2046.0,7.87,5.13,7.12,1.31,0.0
20230502:0611,136576.0,90.33,13.64,7.19,1.79,0.0
20230502:0711,0.0,0.0,0.0,7.26,2.21,0.0
20230502:0811,440330.0,244.64,30.97,7.62,2.41,0.0
20230502:0911,563750.0,308.52,38.89,8.06,2.55,0.0
20230502:1011,563794.0,309.8,45.49,8.81,2.76,0.0
20230502:1111,388322.0,219.72,49.85,9.49,2.9,0.0
20230502:1211,324852.0,187.28,51.1,9.99,2.83,0.0
20230502:1311,1045374.0,570.07,48.92,10.51,2.83,0.0
20230502:1411,743116.0,406.44,43.84,10.85,2.97,0.0
20230502:1511,569052.0,314.75,36.79,11.14,3.1,0.0
20230502:1611,613162.0,339.04,28.63,11.24,3.38,0.0
20230502:1711,241252.0,146.04,19.95,11.16,3.31,0.0
20230502:1811,104742.0,78.25,11.24,10.9,3.03,0.0
20230502:1911,0.0,3.5,2.86,10.93,2.97,0.0
20230502:2011,0.0,0.0,0.0,10.19,2.97,0.0
20230502:2111,0.0,0.0,0.0,9.64,2.97,0.0
20230502:2211,0.0,0.0,0.0,9.05,2.9,0.0
20230502:2311,0.0,0.0,0.0,8.39,2.9,0.0
20230503:0011,0.0,0.0,0.0,7.84,2.83,0.0
20230503:0111,0.0,0.0,0.0,7.52,2.76,0.0
20230503:0211,0.0,0.0,0.0,7.23,2.62,0.0
20230503:0311,0.0,0.0,0.0,6.92,2.55,0.0
20230503:0411,0.0,0.0,0.0,6.83,2.41,0.0
20230503:0511,28380.0,27.11,5.39,6.59,2.28,0.0
20230503:0611,168432.0,118.42,13.89,7.02,2.34,0.0
20230503:0711,331342.0,190.46,22.64,7.52,2.76,0.0
20230503:0811,930336.0,502.98,31.22,9.08,3.1,0.0
20230503:0911,999174.0,541.08,39.16,10.48,3.31,0.0
20230503:1011,1545852.0,854.59,45.77,11.77,3.45,0.0
20230503:1111,1745480.0,976.4,50.15,12.67,3.86,0.0
20230503:1211,1415788.0,780.37,51.4,12.83,4.14,0.0
20230503:1311,1108932.0,606.37,49.2,13.06,4.34,0.0
20230503:1411,1320770.0,722.19,44.09,12.98,4.48,0.0
20230503:1511,661870.0,363.75,37.03,12.56,4.48,0.0
20230503:1611,587576.0,325.12,28.85,11.82,4.55,0.0
20230503:1711,368060.0,219.06,20.17,10.96,4.55,0.0
20230503:1811,89298.0,63.75,11.46,9.84,4.21,0.0
20230503:1911,0.0,4.37,3.09,8.54,3.93,0.0
20230503:2011,0.0,0.0,0.0,7.09,3.59,0.0
20230503:2111,0.0,0.0,0.0,6.19,3.38,0.0
20230503:2211,0.0,0.0,0.0,5.87,3.24,0.0
20230503:2311,0.0,0.0,0.0,5.59,3.17,0.0
20230504:0011,0.0,0.0,0.0,5.36,3.17,0.0
20230504:0111,0.0,0.0,0.0,5.06,3.03,0.0
20230504:0211,0.0,0.0,0.0,4.97,2.97,0.0
20230504:0311,0.0,0.0,0.0,4.87,3.1,0.0
20230504:0411,0.0,0.0,0.0,4.68,3.24,0.0
20230504:0511,25916.0,25.36,5.64,4.7,3.24,0.0
20230504:0611,175142.0,120.18,14.14,5.71,3.03,0.0
20230504:0711,140888.0,89.93,22.88,7.37,5.24,0.0
20230504:0811,429990.0,238.08,31.48,8.01,5.52,0.0
20230504:0911,809468.0,432.22,39.42,8.84,5.79,0.0
20230504:1011,971300.0,517.65,46.05,9.26,6.0,0.0
20230504:1111,1266078.0,677.5,50.44,10.21,6.28,0.0
20230504:1211,1386176.0,744.31,51.69,10.54,6.34,0.0
20230504:1311,1352142.0,725.96,49.47,10.96,6.48,0.0
20230504:1411,966042.0,518.05,44.34,11.08,6.48,0.0
20230504:1511,590260.0,322.42,37.26,10.82,6.55,0.0
20230504:1611,493284.0,272.87,29.07,10.34,6.48,0.0
20230504:1711,355454.0,209.06,20.39,9.73,6.28,0.0
20230504:1811,61710.0,47.28,11.68,9.06,5.66,0.0
20230504:1911,1188.0,7.0,3.32,8.03,4.76,0.0
20230504:2011,0.0,0.0,0.0,7.39,4.48,0.0
20230504:2111,0.0,0.0,0.0,7.09,4.0,0.0
20230504:2211,0.0,0.0,0.0,7.32,3.59,0.0
20230504:2311,0.0,0.0,0.0,7.5,3.17,0.0
20230505:0011,0.0,0.0,0.0,7.62,2.76,0.0
20230505:0111,0.0,0.0,0.0,8.13,2.21,0.0
20230505:0211,0.0,0.0,0.0,8.34,1.59,0.0
20230505:0311,0.0,0.0,0.0,8.12,1.52,0.0
20230505:0411,0.0,0.0,0.0,7.85,1.66,0.0
20230505:0511,12606.0,16.61,5.89,8.08,1.66,0.0
20230505:0611,51964.0,41.72,14.38,9.13,1.66,0.0
20230505:0711,194898.0,119.69,23.13,9.37,1.38,0.0
20230505:0811,229262.0,138.14,31.72,10.77,2.34,0.0
20230505:0911,238766.0,143.7,39.68,11.93,2.83,0.0
20230505:1011,365068.0,210.45,46.32,12.56,2.9,0.0
20230505:1111,662772.0,369.8,50.72,13.57,2.62,0.0
20230505:1211,1173392.0,657.46,51.97,14.71,2.48,0.0
20230505:1311,1315402.0,742.12,49.74,15.66,2.69,0.0
20230505:1411,576268.0,327.44,44.59,16.2,2.34,0.0
20230505:1511,458744.0,263.71,37.49,16.31,2.76,0.0
20230505:1611,635184.0,357.22,29.29,15.55,3.72,0.0
20230505:1711,36938.0,33.38,20.6,14.68,2.76,0.0
20230505:1811,29744.0,28.74,11.89,14.13,2.0,0.0
20230505:1911,0.0,5.25,3.54,13.25,1.93,0.0
20230505:2011,0.0,0.0,0.0,11.95,2.28,0.0
20230505:2111,0.0,0.0,0.0,11.13,2.21,0.0
20230505:2211,0.0,0.0,0.0,10.5,2.14,0.0
20230505:2311,0.0,0.0,0.0,9.89,1.93,0.0
20230506:0011,0.0,0.0,0.0,8.84,1.86,0.0
20230506:0111,0.0,0.0,0.0,7.73,1.72,0.0
20230506:0211,0.0,0.0,0.0,7.02,1.52,0.0
20230506:0311,0.0,0.0,0.0,6.4,1.38,0.0
20230506:0411,0.0,0.0,0.0,5.99,1.24,0.0
20230506:0511,35464.0,31.48,6.13,6.19,1.03,0.0
20230506:0611,93346.0,64.9,14.62,7.92,0.76,0.0
20230506:0711,294932.0,173.38,23.36,10.43,2.07,0.0
20230506:0811,470712.0,265.09,31.96,12.02,2.69,0.0
20230506:0911,589050.0,329.09,39.93,13.62,3.03,0.0
20230506:1011,681054.0,380.72,46.59,14.94,3.1,0.0
20230506:1111,939048.0,523.53,51.0,16.09,3.52,0.0
20230506:1211,1163558.0,650.83,52.26,16.55,3.72,0.0
20230506:1311,1160016.0,648.41,50.01,16.81,3.86,0.0
20230506:1411,814220.0,455.23,44.84,17.05,3.86,0.0
20230506:1511,633446.0,356.43,37.72,16.69,3.72,0.0
20230506:1611,360954.0,210.64,29.5,15.72,3.86,0.0
20230506:1711,157982.0,101.92,20.81,14.37,4.14,0.0
20230506:1811,95678.0,68.75,12.11,13.95,3.79,0.0
20230506:1911,2772.0,8.74,3.76,13.31,2.62,0.0
20230506:2011,0.0,0.0,0.0,12.55,2.21,0.0
20230506:2111,0.0,0.0,0.0,12.12,1.86,0.0
20230506:2211,0.0,0.0,0.0,11.59,1.79,0.0
20230506:2311,0.0,0.0,0.0,11.18,1.79,0.0
20230507:0011,0.0,0.0,0.0,10.99,1.66,0.0
20230507:0111,0.0,0.0,0.0,11.12,1.52,0.0
20230507:0211,0.0,0.0,0.0,11.12,1.38,0.0
20230507:0311,0.0,0.0,0.0,11.11,1.17,0.0
20230507:0411,0.0,0.0,0.0,10.66,1.31,0.0
20230507:0511,40348.0,34.98,6.37,10.48,1.17,0.0
20230507:0611,152834.0,100.88,14.85,10.99,1.66,0.0
20230507:0711,186846.0,116.85,23.59,12.19,0.97,0.0
20230507:0811,459448.0,262.15,32.2,13.41,1.38,0.0
20230507:0911,605990.0,342.52,40.18,14.56,1.31,0.0
20230507:1011,1349260.0,777.89,46.85,15.51,1.1,0.0
20230507:1111,1389784.0,808.86,51.28,16.34,1.1,0.0
20230507:1211,1191256.0,687.1,52.53,16.87,1.1,0.0
20230507:1311,1136938.0,651.47,50.27,17.39,1.52,0.0
20230507:1411,1075250.0,614.4,45.08,17.86,1.59,0.0
20230507:1511,1109482.0,632.32,37.94,18.36,1.93,0.0
20230507:1611,849376.0,484.55,29.71,18.22,2.48,0.0
20230507:1711,419760.0,262.36,21.02,17.94,2.9,0.0
20230507:1811,79860.0,78.93,12.32,17.25,2.76,0.0
20230507:1911,7568.0,13.12,3.98,16.31,2.0,0.0
20230507:2011,0.0,0.0,0.0,14.84,2.07,0.0
20230507:2111,0.0,0.0,0.0,13.1,1.66,0.0
20230507:2211,0.0,0.0,0.0,11.82,1.24,0.0
20230507:2311,0.0,0.0,0.0,10.72,1.38,0.0
20230508:0011,0.0,0.0,0.0,10.06,1.45,0.0
20230508:0111,0.0,0.0,0.0,9.0,1.66,0.0
20230508:0211,0.0,0.0,0.0,8.83,2.21,0.0
20230508:0311,0.0,0.0,0.0,9.28,2.41,0.0
20230508:0411,0.0,0.0,0.0,9.95,2.76,0.0
20230508:0511,0.0,5.25,6.61,10.45,3.03,0.0
20230508:0611,42240.0,36.16,15.08,10.92,3.24,0.0
20230508:0711,85184.0,61.19,23.82,11.78,3.31,0.0
20230508:0811,189332.0,117.74,32.43,12.45,3.72,0.0
20230508:0911,318186.0,185.42,40.42,12.5,3.86,0.0
20230508:1011,376134.0,215.51,47.11,12.52,4.34,0.0
20230508:1111,465212.0,261.92,51.55,12.4,4.34,0.0
20230508:1211,395076.0,225.29,52.8,12.63,5.03,0.0
20230508:1311,222662.0,135.36,50.53,12.81,4.97,0.0
20230508:1411,429440.0,243.66,45.32,13.27,5.17,0.0
20230508:1511,268994.0,160.39,38.16,13.95,5.17,0.0
20230508:1611,216018.0,132.58,29.93,13.98,4.48,0.0
20230508:1711,34122.0,31.52,21.23,14.11,3.86,0.0
20230508:1811,13508.0,17.62,12.53,14.02,3.38,0.0
20230508:1911,0.0,2.62,4.2,13.75,3.86,0.0
20230508:2011,0.0,0.0,0.0,13.47,3.45,0.0
20230508:2111,0.0,0.0,0.0,13.44,3.1,0.0
20230508:2211,0.0,0.0,0.0,13.31,2.69,0.0
20230508:2311,0.0,0.0,0.0,12.96,2.76,0.0
20230509:0011,0.0,0.0,0.0,12.69,2.69,0.0
20230509:0111,0.0,0.0,0.0,12.39,2.62,0.0
20230509:0211,0.0,0.0,0.0,12.11,2.48,0.0
20230509:0311,0.0,0.0,0.0,11.95,2.48,0.0
20230509:0411,0.0,0.0,0.0,11.86,2.55,0.0
20230509:0511,30272.0,28.86,6.83,11.97,2.41,0.0
20230509:0611,175824.0,134.62,15.3,12.14,2.21,0.0
20230509:0711,574046.0,332.73,24.04,13.1,4.21,0.0
20230509:0811,973258.0,535.17,32.66,13.79,3.93,0.0
20230509:0911,848848.0,468.55,40.66,14.56,3.72,0.0
20230509:1011,1636074.0,927.63,47.36,15.54,3.31,0.0
20230509:1111,1542970.0,877.94,51.82,16.51,3.31,0.0
20230509:1211,1340680.0,757.18,53.07,17.04,3.52,0.0
20230509:1311,1194050.0,670.27,50.79,17.34,3.79,0.0
20230509:1411,958980.0,535.81,45.55,17.34,3.86,0.0
20230509:1511,264440.0,160.39,38.38,17.0,3.66,0.0
20230509:1611,183590.0,116.82,30.13,16.82,3.66,0.0
20230509:1711,269984.0,165.1,21.44,16.17,2.83,0.0
20230509:1811,93192.0,67.32,12.74,15.71,2.07,0.0
20230509:1911,0.0,3.5,4.42,14.8,1.24,0.0
20230509:2011,0.0,0.0,0.0,13.09,1.45,0.0
20230509:2111,0.0,0.0,0.0,11.69,2.48,0.0
20230509:2211,0.0,0.0,0.0,10.53,2.97,0.0
20230509:2311,0.0,0.0,0.0,10.02,3.03,0.0
20230510:0011,0.0,0.0,0.0,9.58,2.97,0.0
20230510:0111,0.0,0.0,0.0,8.87,2.83,0.0
20230510:0211,0.0,0.0,0.0,8.4,2.62,0.0
20230510:0311,0.0,0.0,0.0,7.87,2.21,0.0
20230510:0411,0.0,0.0,0.0,7.18,2.14,0.0
20230510:0511,33924.0,30.61,7.06,6.92,2.07,0.0
20230510:0611,178288.0,115.38,15.52,9.04,2.0,0.0
20230510:0711,617958.0,357.57,24.26,11.5,3.03,0.0
20230510:0811,1075536.0,589.16,32.88,12.85,3.93,0.0
20230510:0911,889240.0,487.47,40.89,13.81,4.28,0.0
20230510:1011,1202454.0,659.79,47.6,14.12,4.69,0.0
20230510:1111,911174.0,501.18,52.08,14.39,4.76,0.0
20230510:1211,1227204.0,677.95,53.34,14.81,4.55,0.0
20230510:1311,650144.0,363.52,51.04,15.18,4.14,0.0
20230510:1411,707190.0,394.25,45.78,15.36,3.86,0.0
20230510:1511,721864.0,399.67,38.59,14.62,4.14,0.0
20230510:1611,518870.0,292.42,30.34,14.18,4.14,0.0
20230510:1711,85844.0,62.12,21.64,14.13,3.66,0.0
20230510:1811,82742.0,60.47,12.94,13.69,2.9,0.0
20230510:1911,0.0,3.5,4.63,12.81,2.69,0.0
20230510:2011,0.0,0.0,0.0,11.92,2.62,0.0
20230510:2111,0.0,0.0,0.0,11.18,2.48,0.0
20230510:2211,0.0,0.0,0.0,10.68,2.21,0.0
20230510:2311,0.0,0.0,0.0,10.34,2.07,0.0
20230511:0011,0.0,0.0,0.0,9.76,2.07,0.0
20230511:0111,0.0,0.0,0.0,9.53,2.07,0.0
20230511:0211,0.0,0.0,0.0,9.44,1.93,0.0
20230511:0311,0.0,0.0,0.0,9.64,1.79,0.0
20230511:0411,0.0,0.0,0.0,9.58,1.59,0.0
20230511:0511,14916.0,18.36,7.27,9.31,1.45,0.0
20230511:0611,116402.0,78.34,15.73,10.46,1.45,0.0
20230511:0711,404426.0,234.06,24.47,11.54,1.66,0.0
20230511:0811,509058.0,286.78,33.09,11.95,1.38,0.0
20230511:0911,700106.0,390.73,41.11,12.69,1.24,0.0
20230511:1011,913946.0,515.71,47.84,13.81,0.69,0.0
20230511:1111,479490.0,276.25,52.33,14.53,0.41,0.0
20230511:1211,293590.0,176.15,53.59,15.11,0.28,0.0
20230511:1311,652410.0,371.34,51.28,15.4,0.9,0.0
20230511:1411,98582.0,69.53,46.01,14.84,2.41,0.0
20230511:1511,134508.0,89.0,38.8,13.88,3.17,0.0
20230511:1611,167332.0,106.62,30.54,13.54,2.97,0.0
20230511:1711,432520.0,262.31,21.84,13.37,2.69,0.0
20230511:1811,102564.0,87.95,13.15,13.19,2.9,0.0
20230511:1911,20878.0,22.74,4.84,12.64,2.34,0.0
20230511:2011,0.0,0.0,0.0,11.32,2.62,0.0
20230511:2111,0.0,0.0,0.0,10.08,2.55,0.0
20230511:2211,0.0,0.0,0.0,9.18,2.62,0.0
20230511:2311,0.0,0.0,0.0,8.82,2.9,0.0
20230512:0011,0.0,0.0,0.0,9.08,3.03,0.0
20230512:0111,0.0,0.0,0.0,9.06,3.24,0.0
20230512:0211,0.0,0.0,0.0,9.28,3.66,0.0
20230512:0311,0.0,0.0,0.0,9.37,3.59,0.0
20230512:0411,0.0,0.0,0.0,9.44,3.38,0.0
20230512:0511,7920.0,13.12,7.48,9.45,3.66,0.0
20230512:0611,103070.0,70.46,15.94,9.53,3.72,0.0
20230512:0711,190146.0,116.82,24.67,9.87,5.1,0.0
20230512:0811,279950.0,163.39,33.3,10.1,5.38,0.0
20230512:0911,311960.0,179.86,41.33,10.21,6.0,0.0
20230512:1011,246576.0,146.48,48.08,10.83,6.41,0.0
20230512:1111,292644.0,170.59,52.58,11.19,6.21,0.0
20230512:1211,313852.0,181.71,53.85,11.39,6.14,0.0
20230512:1311,249238.0,148.34,51.53,11.45,5.79,0.0
20230512:1411,218790.0,132.58,46.24,11.7,6.07,0.0
20230512:1511,289982.0,169.66,39.01,11.72,5.86,0.0
20230512:1611,231506.0,139.07,30.74,11.37,5.72,0.0
20230512:1711,195492.0,120.23,22.03,10.81,5.66,0.0
20230512:1811,82764.0,59.55,13.34,10.05,5.38,0.0
20230512:1911,21318.0,22.74,5.05,9.08,4.97,0.0
20230512:2011,0.0,0.0,0.0,8.54,4.0,0.0
20230512:2111,0.0,0.0,0.0,8.15,3.72,0.0
20230512:2211,0.0,0.0,0.0,7.84,3.59,0.0
20230512:2311,0.0,0.0,0.0,7.62,3.38,0.0
20230513:0011,0.0,0.0,0.0,7.48,3.24,0.0
20230513:0111,0.0,0.0,0.0,7.19,3.03,0.0
20230513:0211,0.0,0.0,0.0,7.08,3.03,0.0
20230513:0311,0.0,0.0,0.0,6.83,2.97,0.0
20230513:0411,0.0,0.0,0.0,6.83,2.9,0.0
20230513:0511,32538.0,29.73,7.69,6.83,3.03,0.0
20230513:0611,134816.0,87.13,16.14,7.08,3.24,0.0
20230513:0711,285142.0,165.09,24.87,7.31,3.38,0.0
20230513:0811,358160.0,202.56,33.5,8.02,3.17,0.0
20230513:0911,557062.0,306.49,41.55,9.07,2.76,0.0
20230513:1011,445192.0,250.21,48.31,9.96,2.28,0.0
20230513:1111,709698.0,392.77,52.82,11.11,1.79,0.0
20230513:1211,1025750.0,571.84,54.1,12.44,1.59,0.0
20230513:1311,1650176.0,959.71,51.76,13.38,1.31,0.0
20230513:1411,1541936.0,897.15,46.46,14.25,0.97,0.0
20230513:1511,1259390.0,721.01,39.22,14.83,0.83,0.0
20230513:1611,911328.0,520.19,30.93,15.04,0.83,0.0
20230513:1711,478082.0,297.13,22.23,14.88,1.24,0.0
20230513:1811,91388.0,88.25,13.54,14.23,1.79,0.0
20230513:1911,24750.0,25.36,5.25,12.97,2.41,0.0
20230513:2011,0.0,0.0,0.0,10.85,2.48,0.0
20230513:2111,0.0,0.0,0.0,9.19,2.48,0.0
20230513:2211,0.0,0.0,0.0,8.08,2.28,0.0
20230513:2311,0.0,0.0,0.0,7.32,2.14,0.0
20230514:0011,0.0,0.0,0.0,6.76,2.14,0.0
20230514:0111,0.0,0.0,0.0,6.55,2.21,0.0
20230514:0211,0.0,0.0,0.0,6.21,2.14,0.0
20230514:0311,0.0,0.0,0.0,6.22,2.0,0.0
20230514:0411,0.0,0.0,0.0,6.46,1.86,0.0
20230514:0511,26972.0,26.23,7.89,6.8,1.66,0.0
20230514:0611,112706.0,75.56,16.33,7.91,1.45,0.0
20230514:0711,182578.0,113.11,25.06,9.43,1.45,0.0
20230514:0811,642532.0,356.79,33.7,11.77,1.93,0.0
20230514:0911,1045902.0,580.79,41.75,13.69,2.21,0.0
20230514:1011,1162898.0,652.72,48.53,15.39,2.48,0.0
20230514:1111,1668480.0,960.24,53.06,16.71,3.03,0.0
20230514:1211,1723612.0,989.72,54.34,17.27,3.72,0.0
20230514:1311,1294502.0,727.68,52.0,17.21,3.93,0.0
20230514:1411,711194.0,399.05,46.67,17.1,4.28,0.0
20230514:1511,844734.0,468.8,39.42,16.37,4.41,0.0
20230514:1611,540342.0,305.2,31.13,15.5,4.62,0.0
20230514:1711,171600.0,109.29,22.42,14.34,3.45,0.0
20230514:1811,122716.0,83.97,13.73,13.7,3.38,0.0
20230514:1911,0.0,4.37,5.45,13.52,3.38,0.0
20230514:2011,0.0,0.0,0.0,12.59,3.03,0.0
20230514:2111,0.0,0.0,0.0,12.11,3.31,0.0
20230514:2211,0.0,0.0,0.0,11.16,3.66,0.0
20230514:2311,0.0,0.0,0.0,10.58,3.93,0.0
20230515:0011,0.0,0.0,0.0,9.57,4.0,0.0
20230515:0111,0.0,0.0,0.0,8.73,4.21,0.0
20230515:0211,0.0,0.0,0.0,7.62,4.34,0.0
20230515:0311,0.0,0.0,0.0,6.97,4.28,0.0
20230515:0411,0.0,0.0,0.0,6.58,4.14,0.0
20230515:0511,48686.0,39.35,8.08,6.46,4.14,0.0
20230515:0611,194986.0,150.01,16.52,7.44,3.66,0.0
20230515:0711,654786.0,370.28,25.25,8.52,4.48,0.0
20230515:0811,1096480.0,589.69,33.89,9.71,4.55,0.0
20230515:0911,1396934.0,754.22,41.96,10.68,4.76,0.0
20230515:1011,1738792.0,955.19,48.75,11.49,4.83,0.0
20230515:1111,1868108.0,1039.65,53.3,12.11,4.69,0.0
20230515:1211,1509596.0,832.94,54.58,12.47,4.34,0.0
20230515:1311,1572714.0,872.98,52.23,12.92,4.07,0.0
20230515:1411,945076.0,518.31,46.88,13.21,3.86,0.0
20230515:1511,525184.0,294.37,39.62,13.18,3.66,0.0
20230515:1611,969496.0,537.02,31.32,13.37,3.52,0.0
20230515:1711,496430.0,303.26,22.61,13.22,3.24,0.0
20230515:1811,25696.0,25.96,13.93,12.73,2.41,0.0
20230515:1911,17160.0,20.11,5.65,11.81,1.66,0.0
20230515:2011,0.0,0.0,0.0,10.52,1.03,0.0
20230515:2111,0.0,0.0,0.0,10.27,0.28,0.0
20230515:2211,0.0,0.0,0.0,7.23,1.79,0.0
20230515:2311,0.0,0.0,0.0,6.77,2.62,0.0
20230516:0011,0.0,0.0,0.0,6.88,3.24,0.0
20230516:0111,0.0,0.0,0.0,6.7,3.38,0.0
20230516:0211,0.0,0.0,0.0,6.27,3.31,0.0
20230516:0311,0.0,0.0,0.0,5.91,3.24,0.0
20230516:0411,0.0,0.0,0.0,5.61,3.17,0.0
20230516:0511,59444.0,45.47,8.27,5.83,3.03,0.0
20230516:0611,200618.0,148.19,16.7,7.37,2.83,0.0
20230516:0711,627792.0,356.66,25.43,9.42,3.93,0.0
20230516:0811,1023638.0,552.62,34.08,10.95,4.9,0.0
20230516:0911,715572.0,390.73,42.15,12.31,5.59,0.0
20230516:1011,931766.0,507.84,48.96,13.18,5.31,0.0
20230516:1111,1226588.0,674.01,53.52,13.33,4.28,0.0
20230516:1211,662090.0,367.23,54.81,13.5,4.28,0.0
20230516:1311,1531112.0,849.98,52.45,14.28,4.62,0.0
20230516:1411,1167694.0,643.54,47.09,14.45,4.14,0.0
20230516:1511,629948.0,351.36,39.81,14.97,4.41,0.0
20230516:1611,691768.0,385.85,31.51,15.1,4.55,0.0
20230516:1711,477290.0,291.45,22.79,14.9,4.48,0.0
20230516:1811,95128.0,91.81,14.11,13.43,3.79,0.0
20230516:1911,34232.0,31.48,5.84,13.02,2.76,0.0
20230516:2011,0.0,0.0,0.0,11.87,2.28,0.0
20230516:2111,0.0,0.0,0.0,10.73,1.72,0.0
20230516:2211,0.0,0.0,0.0,9.94,1.52,0.0
20230516:2311,0.0,0.0,0.0,8.77,1.66,0.0
20230517:0011,0.0,0.0,0.0,8.14,1.66,0.0
20230517:0111,0.0,0.0,0.0,8.2,1.45,0.0
20230517:0211,0.0,0.0,0.0,8.19,1.38,0.0
20230517:0311,0.0,0.0,0.0,8.19,1.24,0.0
20230517:0411,0.0,0.0,0.0,8.08,1.03,0.0
20230517:0511,49478.0,40.23,8.46,8.73,0.55,0.0
20230517:0611,200640.0,128.35,16.88,9.42,0.14,0.0
20230517:0711,425172.0,245.07,25.61,10.24,0.34,0.0
20230517:0811,985314.0,552.12,34.26,11.14,0.41,0.0
20230517:0911,1189254.0,667.94,42.34,12.53,1.1,0.0
20230517:1011,1585386.0,914.6,49.16,13.6,1.38,0.0
20230517:1111,1713404.0,1006.31,53.74,14.23,1.31,0.0
20230517:1211,1689710.0,995.85,55.04,14.73,1.24,0.0
20230517:1311,1049356.0,593.23,52.67,15.16,1.52,0.0
20230517:1411,1172446.0,661.48,47.3,15.62,2.07,0.0
20230517:1511,1043944.0,583.47,40.0,15.71,2.55,0.0
20230517:1611,319814.0,189.13,31.69,15.7,3.03,0.0
20230517:1711,162580.0,104.76,22.97,15.18,3.03,0.0
20230517:1811,53680.0,43.57,14.3,14.4,2.34,0.0
20230517:1911,24596.0,25.36,6.03,13.96,2.07,0.0
20230517:2011,0.0,0.0,0.0,13.02,1.93,0.0
20230517:2111,0.0,0.0,0.0,12.02,1.86,0.0
20230517:2211,0.0,0.0,0.0,11.1,1.79,0.0
20230517:2311,0.0,0.0,0.0,10.37,1.72,0.0
20230518:0011,0.0,0.0,0.0,9.74,1.72,0.0
20230518:0111,0.0,0.0,0.0,9.4,1.66,0.0
20230518:0211,0.0,0.0,0.0,9.19,1.66,0.0
20230518:0311,0.0,0.0,0.0,8.79,1.59,0.0
20230518:0411,0.0,0.0,0.0,8.18,1.45,0.0
20230518:0511,9108.0,13.99,8.63,8.26,1.17,0.0
20230518:0611,100672.0,69.53,17.05,10.26,0.9,0.0
20230518:0711,302610.0,178.69,25.78,12.46,1.72,0.0
20230518:0811,932888.0,517.64,34.43,13.74,2.48,0.0
20230518:0911,1357290.0,759.22,42.52,15.01,2.9,0.0
20230518:1011,1155242.0,645.76,49.36,16.16,3.38,0.0
20230518:1111,711084.0,400.26,53.96,16.96,3.72,0.0
20230518:1211,901758.0,505.55,55.26,17.4,3.93,0.0
20230518:1311,550572.0,313.45,52.88,17.02,3.86,0.0
20230518:1411,459602.0,264.26,47.5,16.52,3.52,0.0
20230518:1511,406362.0,235.41,40.19,16.21,3.45,0.0
20230518:1611,299794.0,178.59,31.87,15.96,3.31,0.0
20230518:1711,235004.0,144.57,23.15,15.57,2.76,0.0
20230518:1811,36872.0,33.38,14.48,14.91,2.41,0.0
20230518:1911,33990.0,31.48,6.22,14.26,1.86,0.0
20230518:2011,0.0,0.0,0.0,13.29,1.79,0.0
20230518:2111,0.0,0.0,0.0,12.18,2.0,0.0
20230518:2211,0.0,0.0,0.0,11.44,2.0,0.0
20230518:2311,0.0,0.0,0.0,10.75,2.0,0.0
20230519:0011,0.0,0.0,0.0,10.05,2.0,0.0
20230519:0111,0.0,0.0,0.0,9.58,1.79,0.0
20230519:0211,0.0,0.0,0.0,9.12,1.59,0.0
20230519:0311,0.0,0.0,0.0,8.62,1.59,0.0
20230519:0411,0.0,0.0,0.0,8.26,1.52,0.0
20230519:0511,54076.0,42.85,8.8,8.39,1.45,0.0
20230519:0611,185064.0,117.29,17.22,10.14,1.45,0.0
20230519:0711,386342.0,223.56,25.94,11.76,1.66,0.0
20230519:0811,479402.0,271.57,34.6,12.73,1.79,0.0
20230519:0911,339020.0,197.78,42.7,13.51,2.41,0.0
20230519:1011,422928.0,242.73,49.56,14.19,2.69,0.0
20230519:1111,396198.0,228.07,54.17,13.87,3.03,0.0
20230519:1211,751058.0,414.86,55.48,13.37,3.93,0.0
20230519:1311,1052128.0,580.83,53.09,13.64,3.38,0.0
20230519:1411,1230130.0,684.87,47.69,14.16,2.83,0.0
20230519:1511,1238358.0,688.38,40.38,14.42,2.83,0.0
20230519:1611,867416.0,483.35,32.05,14.61,3.31,0.0
20230519:1711,209990.0,130.21,23.33,14.61,3.38,0.0
20230519:1811,151294.0,102.74,14.66,14.08,3.17,0.0
20230519:1911,38324.0,34.1,6.41,13.42,2.14,0.0
20230519:2011,0.0,0.0,0.0,12.12,1.93,0.0
20230519:2111,0.0,0.0,0.0,10.7,1.52,0.0
20230519:2211,0.0,0.0,0.0,9.32,1.17,0.0
20230519:2311,0.0,0.0,0.0,8.71,0.97,0.0
20230520:0011,0.0,0.0,0.0,7.7,1.1,0.0
20230520:0111,0.0,0.0,0.0,7.37,1.03,0.0
20230520:0211,0.0,0.0,0.0,6.82,0.55,0.0
20230520:0311,0.0,0.0,0.0,5.68,0.34,0.0
20230520:0411,0.0,0.0,0.0,5.29,0.48,0.0
20230520:0511,42790.0,35.85,8.97,5.79,0.62,0.0
20230520:0611,200794.0,124.92,17.38,6.67,0.69,0.0
20230520:0711,620796.0,358.55,26.1,9.16,0.34,0.0
20230520:0811,1050368.0,588.46,34.76,10.96,0.55,0.0
20230520:0911,1415018.0,809.19,42.87,12.92,0.9,0.0
20230520:1011,1670284.0,971.43,49.74,14.34,1.52,0.0
20230520:1111,1825318.0,1069.71,54.37,15.32,2.14,0.0
20230520:1211,1864874.0,1095.01,55.69,15.95,2.41,0.0
20230520:1311,1793000.0,1046.56,53.3,16.33,2.48,0.0
20230520:1411,1569282.0,900.14,47.89,16.57,2.55,0.0
20230520:1511,1291378.0,729.87,40.56,16.6,2.48,0.0
20230520:1611,904816.0,511.02,32.22,16.35,2.55,0.0
20230520:1711,476146.0,291.16,23.5,15.88,2.76,0.0
20230520:1811,113696.0,100.52,14.83,15.09,2.76,0.0
20230520:1911,38258.0,34.1,6.59,13.77,2.07,0.0
20230520:2011,0.0,0.0,0.0,12.05,2.0,0.0
20230520:2111,0.0,0.0,0.0,10.31,1.66,0.0
20230520:2211,0.0,0.0,0.0,8.86,1.03,0.0
20230520:2311,0.0,0.0,0.0,9.09,0.34,0.0
20230521:0011,0.0,0.0,0.0,8.53,0.0,0.0
20230521:0111,0.0,0.0,0.0,8.12,0.07,0.0
20230521:0211,0.0,0.0,0.0,7.84,0.48,0.0
20230521:0311,0.0,0.0,0.0,7.34,0.76,0.0
20230521:0411,0.0,0.0,0.0,7.22,0.69,0.0
20230521:0511,72908.0,53.34,9.13,6.93,0.9,0.0
20230521:0611,210606.0,155.58,17.53,8.55,0.62,0.0
20230521:0711,618024.0,361.56,26.25,11.71,0.28,0.0
20230521:0811,1013232.0,575.85,34.91,13.51,0.34,0.0
20230521:0911,1384042.0,800.76,43.04,14.69,0.69,0.0
20230521:1011,1073006.0,610.51,49.92,15.77,1.24,0.0
20230521:1111,1715186.0,1010.75,54.57,16.61,1.79,0.0
20230521:1211,1760968.0,1034.33,55.89,17.19,2.34,0.0
20230521:1311,1621334.0,938.68,53.5,17.46,2.69,0.0
20230521:1411,1525524.0,872.8,48.07,17.41,2.9,0.0
20230521:1511,1294458.0,730.17,40.73,17.07,2.9,0.0
20230521:1611,907698.0,511.61,32.39,16.73,3.1,0.0
20230521:1711,474870.0,289.65,23.67,16.09,3.1,0.0
20230521:1811,118602.0,102.64,15.01,15.13,2.62,0.0
20230521:1911,42482.0,36.73,6.77,13.87,2.34,0.0
20230521:2011,0.0,0.0,0.0,12.04,2.34,0.0
20230521:2111,0.0,0.0,0.0,10.33,2.41,0.0
20230521:2211,0.0,0.0,0.0,9.06,2.55,0.0
20230521:2311,0.0,0.0,0.0,8.17,2.69,0.0
20230522:0011,0.0,0.0,0.0,7.63,2.76,0.0
20230522:0111,0.0,0.0,0.0,7.26,2.83,0.0
20230522:0211,0.0,0.0,0.0,7.03,2.9,0.0
20230522:0311,0.0,0.0,0.0,7.09,2.97,0.0
20230522:0411,0.0,0.87,1.56,6.89,3.1,0.0
20230522:0511,57354.0,44.6,9.28,7.73,3.03,0.0
20230522:0611,206008.0,157.89,17.68,9.54,2.69,0.0
20230522:0711,640992.0,369.07,26.4,11.91,3.1,0.0
20230522:0811,1067264.0,589.14,35.06,13.66,3.31,0.0
20230522:0911,1402060.0,782.81,43.2,15.19,3.38,0.0
20230522:1011,1689666.0,963.57,50.1,16.29,3.45,0.0
20230522:1111,1838782.0,1065.59,54.76,17.16,3.45,0.0
20230522:1211,1805320.0,1048.1,56.09,17.57,3.38,0.0
20230522:1311,1718112.0,989.51,53.7,17.65,3.52,0.0
20230522:1411,1511950.0,856.54,48.26,17.54,3.79,0.0
20230522:1511,1282424.0,714.96,40.91,17.28,4.34,0.0
20230522:1611,894696.0,498.98,32.56,16.37,4.76,0.0
20230522:1711,458282.0,273.95,23.83,15.03,4.9,0.0
20230522:1811,162448.0,110.23,15.17,13.79,4.97,0.0
20230522:1911,41448.0,35.85,6.94,12.3,4.0,0.0
20230522:2011,0.0,0.0,0.0,11.37,3.38,0.0
20230522:2111,0.0,0.0,0.0,10.53,2.83,0.0
20230522:2211,0.0,0.0,0.0,9.82,2.48,0.0
20230522:2311,0.0,0.0,0.0,9.11,2.34,0.0
20230523:0011,0.0,0.0,0.0,8.58,2.14,0.0
20230523:0111,0.0,0.0,0.0,8.18,2.0,0.0
20230523:0211,0.0,0.0,0.0,7.65,2.07,0.0
20230523:0311,0.0,0.0,0.0,7.39,1.93,0.0
20230523:0411,0.0,0.87,1.72,7.64,1.45,0.0
20230523:0511,66220.0,49.84,9.43,8.31,0.9,0.0
20230523:0611,224444.0,143.82,17.82,9.77,0.55,0.0
20230523:0711,574860.0,332.69,26.54,11.12,0.55,0.0
20230523:0811,839322.0,470.98,35.21,12.12,0.41,0.0
20230523:0911,1109944.0,623.32,43.35,13.09,1.1,0.0
20230523:1011,1627494.0,936.38,50.26,14.04,1.79,0.0
20230523:1111,754622.0,424.39,54.94,15.21,2.07,0.0
20230523:1211,1734524.0,1018.18,56.29,16.36,2.0,0.0
20230523:1311,815738.0,463.06,53.89,17.02,1.79,0.0
20230523:1411,1145386.0,651.46,48.44,17.51,2.14,0.0
20230523:1511,1228062.0,694.21,41.08,18.11,2.97,0.0
20230523:1611,668162.0,379.91,32.72,17.92,3.17,0.0
20230523:1711,414348.0,249.97,24.0,17.72,3.66,0.0
20230523:1811,148214.0,111.25,15.34,16.88,3.79,0.0
20230523:1911,40722.0,35.85,7.11,15.59,3.66,0.0
20230523:2011,0.0,0.0,0.0,13.93,3.72,0.0
20230523:2111,0.0,0.0,0.0,12.73,3.66,0.0
20230523:2211,0.0,0.0,0.0,12.07,3.52,0.0
20230523:2311,0.0,0.0,0.0,11.33,3.38,0.0
20230524:0011,0.0,0.0,0.0,10.65,3.17,0.0
20230524:0111,0.0,0.0,0.0,9.87,2.9,0.0
20230524:0211,0.0,0.0,0.0,9.37,2.69,0.0
20230524:0311,0.0,0.0,0.0,8.73,2.55,0.0
20230524:0411,0.0,0.87,1.87,8.16,2.48,0.0
20230524:0511,61666.0,47.22,9.57,8.5,2.41,0.0
20230524:0611,208560.0,158.5,17.96,10.1,2.62,0.0
20230524:0711,641102.0,368.6,26.67,11.69,3.1,0.0
20230524:0811,1057122.0,583.66,35.35,12.9,2.76,0.0
20230524:0911,1388926.0,778.91,43.5,14.11,2.41,0.0
20230524:1011,1599378.0,919.61,50.43,15.15,2.07,0.0
20230524:1111,1688016.0,986.04,55.12,16.18,2.0,0.0
20230524:1211,1754456.0,1035.95,56.48,17.1,2.0,0.0
20230524:1311,1683066.0,991.01,54.07,17.82,2.0,0.0
20230524:1411,1539604.0,896.53,48.61,18.38,2.07,0.0
20230524:1511,1271754.0,728.15,41.24,18.7,2.21,0.0
20230524:1611,895444.0,511.64,32.88,18.86,2.55,0.0
20230524:1711,376464.0,227.36,24.16,18.24,2.55,0.0
20230524:1811,90992.0,65.82,15.5,17.07,2.76,0.0
20230524:1911,2706.0,8.74,7.28,15.68,3.24,0.0
20230524:2011,0.0,0.0,0.0,14.02,2.69,0.0
20230524:2111,0.0,0.0,0.0,13.19,1.86,0.0
20230524:2211,0.0,0.0,0.0,12.84,0.97,0.0
20230524:2311,0.0,0.0,0.0,12.7,0.34,0.0
20230525:0011,0.0,0.0,0.0,12.71,0.28,0.0
20230525:0111,0.0,0.0,0.0,12.83,0.34,0.0
20230525:0211,0.0,0.0,0.0,12.53,0.55,0.0
20230525:0311,0.0,0.0,0.0,12.03,0.69,0.0
20230525:0411,0.0,0.87,2.01,11.45,0.76,0.0
20230525:0511,59312.0,46.35,9.71,10.89,0.76,0.0
20230525:0611,206118.0,158.69,18.09,12.08,0.69,0.0
20230525:0711,627330.0,367.31,26.8,13.13,1.1,0.0
20230525:0811,1025706.0,575.77,35.48,14.08,1.52,0.0
20230525:0911,1355508.0,768.69,43.64,15.0,1.79,0.0
20230525:1011,1603932.0,929.3,50.58,15.86,1.86,0.0
20230525:1111,1600456.0,929.15,55.3,16.57,2.14,0.0
20230525:1211,441320.0,256.28,56.66,17.17,2.34,0.0
20230525:1311,278740.0,168.73,54.25,17.36,2.34,0.0
20230525:1411,216964.0,135.36,48.78,17.32,2.41,0.0
20230525:1511,229108.0,141.85,41.41,17.29,2.62,0.0
20230525:1611,203676.0,127.94,33.04,17.16,3.1,0.0
20230525:1711,198088.0,124.87,24.31,16.83,3.24,0.0
20230525:1811,84788.0,62.12,15.66,16.47,2.97,0.0
20230525:1911,13222.0,17.49,7.44,15.39,3.03,0.0
20230525:2011,0.0,0.0,0.0,14.73,2.9,0.0
20230525:2111,0.0,0.0,0.0,14.18,2.83,0.0
20230525:2211,0.0,0.0,0.0,13.66,2.9,0.0
20230525:2311,0.0,0.0,0.0,13.21,2.9,0.0
20230526:0011,0.0,0.0,0.0,12.71,2.83,0.0
20230526:0111,0.0,0.0,0.0,12.34,2.83,0.0
20230526:0211,0.0,0.0,0.0,11.83,2.83,0.0
20230526:0311,0.0,0.0,0.0,11.56,2.69,0.0
20230526:0411,0.0,0.87,2.15,11.1,2.48,0.0
20230526:0511,74514.0,55.09,9.84,11.2,2.21,0.0
20230526:0611,215556.0,157.77,18.21,11.85,2.34,0.0
20230526:0711,610962.0,354.04,26.92,13.09,2.34,0.0
20230526:0811,1042580.0,580.53,35.6,14.24,2.48,0.0
20230526:0911,1360326.0,765.52,43.77,15.22,2.48,0.0
20230526:1011,1596892.0,919.51,50.73,16.51,2.41,0.0
20230526:1111,1774190.0,1034.67,55.46,17.05,2.69,0.0
20230526:1211,1740420.0,1009.92,56.84,17.4,3.03,0.0
20230526:1311,1458358.0,834.73,54.43,17.64,2.97,0.0
20230526:1411,1450878.0,827.99,48.95,17.79,2.97,0.0
20230526:1511,1032086.0,584.28,41.56,17.94,2.34,0.0
20230526:1611,384274.0,226.25,33.19,17.94,2.14,0.0
20230526:1711,325688.0,197.11,24.46,17.92,2.07,0.0
20230526:1811,162888.0,110.4,15.81,17.51,1.79,0.0
20230526:1911,22792.0,24.48,7.6,17.75,2.14,0.0
20230526:2011,0.0,0.0,0.0,16.5,2.83,0.0
20230526:2111,0.0,0.0,0.0,14.97,3.38,0.0
20230526:2211,0.0,0.0,0.0,13.54,3.52,0.0
20230526:2311,0.0,0.0,0.0,12.47,3.31,0.0
20230527:0011,0.0,0.0,0.0,11.67,3.03,0.0
20230527:0111,0.0,0.0,0.0,11.16,2.9,0.0
20230527:0211,0.0,0.0,0.0,10.38,2.83,0.0
20230527:0311,0.0,0.0,0.0,10.02,2.62,0.0
20230527:0411,0.0,1.75,2.28,9.9,2.41,0.0
20230527:0511,79574.0,57.71,9.96,10.16,2.21,0.0
20230527:0611,233574.0,151.04,18.33,11.17,2.28,0.0
20230527:0711,607706.0,351.71,27.04,13.44,2.9,0.0
20230527:0811,1029116.0,569.63,35.72,14.48,3.38,0.0
20230527:0911,1362350.0,759.02,43.9,15.53,3.59,0.0
20230527:1011,1568776.0,889.75,50.87,16.95,3.66,0.0
20230527:1111,1378212.0,782.83,55.62,17.99,3.59,0.0
20230527:1211,1051072.0,594.69,57.01,18.89,3.66,0.0
20230527:1311,553894.0,318.65,54.6,19.15,3.59,0.0
20230527:1411,1005400.0,569.14,49.11,19.2,3.38,0.0
20230527:1511,785752.0,445.63,41.72,19.13,3.1,0.0
20230527:1611,589732.0,338.52,33.34,18.96,3.1,0.0
20230527:1711,450032.0,274.2,24.61,18.61,2.76,0.0
20230527:1811,166232.0,113.67,15.96,18.16,2.34,0.0
20230527:1911,41646.0,36.73,7.75,17.59,2.48,0.0
20230527:2011,0.0,0.0,0.0,16.04,2.55,0.0
20230527:2111,0.0,0.0,0.0,14.61,2.76,0.0
20230527:2211,0.0,0.0,0.0,13.74,2.9,0.0
20230527:2311,0.0,0.0,0.0,13.08,2.97,0.0
20230528:0011,0.0,0.0,0.0,12.25,3.03,0.0
20230528:0111,0.0,0.0,0.0,11.4,3.03,0.0
20230528:0211,0.0,0.0,0.0,10.75,3.03,0.0
20230528:0311,0.0,0.0,0.0,10.25,3.17,0.0
20230528:0411,0.0,0.87,2.41,9.8,3.45,0.0
20230528:0511,49214.0,40.23,10.08,10.15,3.52,0.0
20230528:0611,215314.0,134.57,18.44,10.92,3.52,0.0
20230528:0711,399586.0,229.52,27.15,12.46,4.07,0.0
20230528:0811,609290.0,338.06,35.84,13.02,4.14,0.0
20230528:0911,663850.0,367.57,44.02,13.7,4.41,0.0
20230528:1011,315942.0,185.42,51.01,14.13,4.28,0.0
20230528:1111,317020.0,186.35,55.77,14.52,4.14,0.0
20230528:1211,562122.0,315.28,57.17,14.05,4.21,0.0
20230528:1311,678920.0,377.23,54.76,14.08,4.21,0.0
20230528:1411,732842.0,405.32,49.27,13.8,4.0,0.0
20230528:1511,233750.0,141.85,41.87,13.61,3.86,0.0
20230528:1611,223828.0,136.28,33.49,13.12,4.07,0.0
20230528:1711,197670.0,122.23,24.76,12.54,4.07,0.0
20230528:1811,76846.0,56.55,16.11,12.13,3.72,0.0
20230528:1911,57596.0,45.47,7.9,12.01,2.97,0.0
20230528:2011,0.0,0.0,0.0,11.1,2.62,0.0
20230528:2111,0.0,0.0,0.0,10.1,2.28,0.0
20230528:2211,0.0,0.0,0.0,9.13,1.79,0.0
20230528:2311,0.0,0.0,0.0,8.22,1.59,0.0
20230529:0011,0.0,0.0,0.0,7.12,1.93,0.0
20230529:0111,0.0,0.0,0.0,6.28,2.14,0.0
20230529:0211,0.0,0.0,0.0,5.83,2.14,0.0
20230529:0311,0.0,0.0,0.0,5.67,2.14,0.0
20230529:0411,1232.0,7.0,2.53,5.81,2.14,0.0
20230529:0511,82676.0,58.59,10.19,6.41,2.14,0.0
20230529:0611,228426.0,162.82,18.55,8.49,2.34,0.0
20230529:0711,643896.0,366.49,27.26,10.1,3.24,0.0
20230529:0811,891066.0,485.5,35.94,11.32,3.72,0.0
20230529:0911,1141184.0,623.56,44.13,12.18,3.59,0.0
20230529:1011,1385692.0,767.25,51.14,12.94,3.45,0.0
20230529:1111,1782308.0,1012.66,55.92,13.79,3.31,0.0
20230529:1211,1774806.0,1016.56,57.33,14.45,3.03,0.0
20230529:1311,1721082.0,987.31,54.92,15.05,2.83,0.0
20230529:1411,1563320.0,890.09,49.42,15.4,2.62,0.0
20230529:1511,1306382.0,734.75,42.01,15.65,2.55,0.0
20230529:1611,938388.0,527.98,33.63,15.66,2.55,0.0
20230529:1711,501622.0,303.39,24.9,15.36,2.69,0.0
20230529:1811,134618.0,113.59,16.25,14.73,2.76,0.0
20230529:1911,52712.0,42.85,8.05,13.5,2.48,0.0
20230529:2011,0.0,0.0,0.0,11.82,2.21,0.0
20230529:2111,0.0,0.0,0.0,10.27,1.72,0.0
20230529:2211,0.0,0.0,0.0,8.95,0.97,0.0
20230529:2311,0.0,0.0,0.0,7.33,1.45,0.0
20230530:0011,0.0,0.0,0.0,6.26,1.93,0.0
20230530:0111,0.0,0.0,0.0,5.64,2.07,0.0
20230530:0211,0.0,0.0,0.0,5.4,2.21,0.0
20230530:0311,0.0,0.0,0.0,5.37,2.41,0.0
20230530:0411,0.0,1.75,2.65,5.77,2.41,0.0
20230530:0511,17600.0,20.11,10.3,7.57,2.07,0.0
20230530:0611,112860.0,76.02,18.65,10.06,2.34,0.0
20230530:0711,207966.0,127.01,27.35,11.46,4.14,0.0
20230530:0811,297880.0,174.44,36.04,12.17,4.21,0.0
20230530:0911,371976.0,213.5,44.24,12.54,4.0,0.0
20230530:1011,444114.0,251.93,51.26,13.02,3.79,0.0
20230530:1111,684244.0,379.62,56.06,13.5,3.86,0.0
20230530:1211,1158410.0,639.58,57.48,14.05,4.07,0.0
20230530:1311,1446192.0,803.76,55.07,14.41,4.28,0.0
20230530:1411,1425204.0,789.31,49.57,14.52,4.34,0.0
20230530:1511,1297142.0,712.33,42.15,14.11,4.34,0.0
20230530:1611,923868.0,510.55,33.77,14.22,4.34,0.0
20230530:1711,502590.0,298.91,25.03,13.74,4.21,0.0
20230530:1811,133628.0,113.87,16.39,13.1,4.14,0.0
20230530:1911,53042.0,42.85,8.19,12.32,3.24,0.0
20230530:2011,0.0,0.0,0.0,11.21,2.69,0.0
20230530:2111,0.0,0.0,0.0,10.0,2.34,0.0
20230530:2211,0.0,0.0,0.0,9.48,2.28,0.0
20230530:2311,0.0,0.0,0.0,9.52,2.41,0.0
20230531:0011,0.0,0.0,0.0,9.78,2.62,0.0
20230531:0111,0.0,0.0,0.0,9.89,2.76,0.0
20230531:0211,0.0,0.0,0.0,9.83,2.76,0.0
20230531:0311,0.0,0.0,0.0,9.8,2.76,0.0
20230531:0411,0.0,1.75,2.75,9.8,2.83,0.0
20230531:0511,23848.0,24.48,10.4,9.89,3.03,0.0
20230531:0611,107844.0,73.24,18.75,10.16,3.79,0.0
20230531:0711,207416.0,126.09,27.45,10.19,3.93,0.0
20230531:0811,272690.0,160.39,36.14,10.71,3.86,0.0
20230531:0911,475574.0,266.48,44.35,11.52,3.86,0.0
20230531:1011,488114.0,273.95,51.38,12.19,3.93,0.0
20230531:1111,681274.0,377.28,56.19,12.99,3.79,0.0
20230531:1211,712580.0,395.01,57.63,13.46,3.72,0.0
20230531:1311,684948.0,381.13,55.22,14.06,3.72,0.0
20230531:1411,1022076.0,563.99,49.71,14.3,3.79,0.0
20230531:1511,1240866.0,683.83,42.29,14.2,3.86,0.0
20230531:1611,845922.0,468.16,33.9,13.89,3.86,0.0
20230531:1711,411048.0,240.21,25.17,13.49,3.93,0.0
20230531:1811,108152.0,74.17,16.53,12.77,3.93,0.0
20230531:1911,19756.0,21.86,8.33,11.29,3.52,0.0
20230531:2011,0.0,0.0,0.0,10.48,3.03,0.0
20230531:2111,0.0,0.0,0.0,9.91,2.97,0.0
20230531:2211,0.0,0.0,0.0,9.49,2.9,0.0
20230531:2311,0.0,0.0,0.0,9.27,2.76,0.0
20230601:0011,0.0,0.0,0.0,9.21,2.9,0.0
20230601:0111,0.0,0.0,0.0,9.1,2.69,0.0
20230601:0211,0.0,0.0,0.0,9.12,2.48,0.0
20230601:0311,0.0,0.0,0.0,9.09,2.48,0.0
20230601:0411,0.0,1.75,2.85,8.95,2.55,0.0
20230601:0511,26620.0,26.23,10.49,9.19,2.97,0.0
20230601:0611,87714.0,62.12,18.83,9.86,3.66,0.0
20230601:0711,187286.0,115.89,27.53,10.85,3.79,0.0
20230601:0811,205942.0,126.09,36.23,11.67,4.0,0.0
20230601:0911,320452.0,186.35,44.44,12.33,4.28,0.0
20230601:1011,346874.0,200.25,51.49,12.61,4.62,0.0
20230601:1111,406648.0,231.78,56.32,13.05,4.97,0.0
20230601:1211,372768.0,214.16,57.77,13.19,5.03,0.0
20230601:1311,259600.0,154.83,55.36,12.97,5.03,0.0
20230601:1411,275440.0,163.17,49.85,13.04,5.03,0.0
20230601:1511,583484.0,323.76,42.42,13.13,5.1,0.0
20230601:1611,240636.0,144.63,34.03,12.52,4.97,0.0
20230601:1711,149842.0,96.42,25.3,11.98,4.97,0.0
20230601:1811,73898.0,54.7,16.66,11.4,4.83,0.0
20230601:1911,10076.0,14.87,8.46,10.91,4.62,0.0
20230601:2011,0.0,0.0,0.0,10.49,4.0,0.0
20230601:2111,0.0,0.0,0.0,10.04,3.79,0.0
20230601:2211,0.0,0.0,0.0,9.77,3.86,0.0
20230601:2311,0.0,0.0,0.0,9.46,3.79,0.0
20230602:0011,0.0,0.0,0.0,9.09,3.52,0.0
20230602:0111,0.0,0.0,0.0,8.88,3.31,0.0
20230602:0211,0.0,0.0,0.0,8.79,3.17,0.0
20230602:0311,0.0,0.0,0.0,8.73,3.03,0.0
20230602:0411,0.0,1.75,2.95,8.68,2.9,0.0
20230602:0511,73920.0,54.22,10.58,8.8,2.9,0.0
20230602:0611,242858.0,150.95,18.92,9.2,3.59,0.0
20230602:0711,568370.0,319.87,27.61,10.03,4.21,0.0
20230602:0811,1069442.0,579.44,36.31,10.97,4.28,0.0
20230602:0911,1435170.0,783.03,44.53,12.04,4.34,0.0
20230602:1011,1712854.0,949.8,51.59,12.92,4.48,0.0
20230602:1111,1895256.0,1067.47,56.44,13.74,4.48,0.0
20230602:1211,1888040.0,1069.82,57.9,14.34,4.28,0.0
20230602:1311,1803054.0,1019.77,55.5,14.78,4.14,0.0
20230602:1411,1643554.0,920.78,49.98,14.98,4.14,0.0
20230602:1511,1359446.0,752.25,42.55,14.93,4.07,0.0
20230602:1611,973852.0,540.03,34.16,14.6,4.0,0.0
20230602:1711,528616.0,316.82,25.42,14.03,3.86,0.0
20230602:1811,166100.0,124.78,16.78,13.2,3.52,0.0
20230602:1911,48730.0,40.23,8.59,11.91,2.69,0.0
20230602:2011,0.0,0.0,0.0,10.56,2.28,0.0
20230602:2111,0.0,0.0,0.0,9.09,2.07,0.0
20230602:2211,0.0,0.0,0.0,8.12,1.86,0.0
20230602:2311,0.0,0.0,0.0,7.19,1.72,0.0
20230603:0011,0.0,0.0,0.0,6.24,1.79,0.0
20230603:0111,0.0,0.0,0.0,5.52,1.93,0.0
20230603:0211,0.0,0.0,0.0,5.02,1.93,0.0
20230603:0311,0.0,0.0,0.0,4.78,1.93,0.0
20230603:0411,0.0,5.25,3.04,4.51,2.07,0.0
20230603:0511,73568.0,53.34,10.66,5.35,1.72,0.0
20230603:0611,219560.0,165.56,18.99,8.63,1.72,0.0
20230603:0711,660154.0,377.74,27.69,9.91,2.28,0.0
20230603:0811,1067330.0,586.38,36.39,11.18,2.41,0.0
20230603:0911,1415722.0,787.57,44.62,12.57,2.55,0.0
20230603:1011,1651848.0,934.75,51.69,13.87,2.9,0.0
20230603:1111,1839156.0,1057.12,56.55,14.93,3.17,0.0
20230603:1211,1864610.0,1077.4,58.03,15.64,3.24,0.0
20230603:1311,1763212.0,1015.86,55.63,16.15,3.1,0.0
20230603:1411,1605648.0,917.12,50.11,16.44,2.97,0.0
20230603:1511,1317096.0,742.12,42.67,16.51,2.83,0.0
20230603:1611,957638.0,539.34,34.28,16.32,2.83,0.0
20230603:1711,520674.0,314.69,25.54,15.77,3.1,0.0
20230603:1811,142450.0,119.59,16.9,14.78,3.24,0.0
20230603:1911,61644.0,48.1,8.72,13.35,2.76,0.0
20230603:2011,0.0,0.0,0.0,11.61,2.21,0.0
20230603:2111,0.0,0.0,0.0,10.03,2.0,0.0
20230603:2211,0.0,0.0,0.0,8.83,1.86,0.0
20230603:2311,0.0,0.0,0.0,7.75,1.79,0.0
20230604:0011,0.0,0.0,0.0,6.73,1.86,0.0
20230604:0111,0.0,0.0,0.0,6.02,1.93,0.0
20230604:0211,0.0,0.0,0.0,5.55,2.07,0.0
20230604:0311,0.0,0.0,0.0,5.27,2.14,0.0
20230604:0411,5984.0,11.37,3.12,5.11,2.14,0.0
20230604:0511,71742.0,52.47,10.74,6.05,1.79,0.0
20230604:0611,219340.0,164.7,19.06,9.0,1.79,0.0
20230604:0711,644512.0,368.58,27.76,10.97,3.17,0.0
20230604:0811,752752.0,413.24,36.46,11.52,3.1,0.0
20230604:0911,585596.0,325.67,44.69,12.27,3.17,0.0
20230604:1011,338228.0,196.55,51.78,13.0,3.31,0.0
20230604:1111,430188.0,245.68,56.66,13.63,3.24,0.0
20230604:1211,480370.0,273.32,58.15,14.52,3.24,0.0
20230604:1311,463430.0,264.94,55.76,15.08,3.24,0.0
20230604:1411,722370.0,404.22,50.23,15.45,3.24,0.0
20230604:1511,846274.0,471.54,42.79,15.71,3.24,0.0
20230604:1611,777832.0,435.58,34.39,15.64,3.31,0.0
20230604:1711,503822.0,300.43,25.66,15.11,3.38,0.0
20230604:1811,145266.0,120.84,17.02,14.25,3.38,0.0
20230604:1911,58850.0,46.35,8.84,12.79,3.03,0.0
20230604:2011,0.0,0.0,0.0,11.39,2.48,0.0
20230604:2111,0.0,0.0,0.0,10.0,2.07,0.0
20230604:2211,0.0,0.0,0.0,9.56,1.79,0.0
20230604:2311,0.0,0.0,0.0,8.82,1.79,0.0
20230605:0011,0.0,0.0,0.0,8.31,1.59,0.0
20230605:0111,0.0,0.0,0.0,8.14,1.52,0.0
20230605:0211,0.0,0.0,0.0,8.39,1.52,0.0
20230605:0311,0.0,0.0,0.0,8.6,1.79,0.0
20230605:0411,0.0,1.75,3.2,8.88,2.07,0.0
20230605:0511,43538.0,36.73,10.81,9.24,2.62,0.0
20230605:0611,232056.0,143.08,19.13,9.57,3.38,0.0
20230605:0711,475618.0,268.9,27.82,10.38,3.45,0.0
20230605:0811,1017962.0,554.61,36.52,11.1,3.45,0.0
20230605:0911,1398892.0,768.55,44.77,11.97,3.38,0.0
20230605:1011,1600170.0,892.89,51.86,12.92,3.45,0.0
20230605:1111,1820280.0,1032.53,56.76,13.62,3.52,0.0
20230605:1211,1835790.0,1046.16,58.27,14.35,3.59,0.0
20230605:1311,1759626.0,997.66,55.88,14.76,3.72,0.0
20230605:1411,1614052.0,907.28,50.35,15.06,3.72,0.0
20230605:1511,1342396.0,743.48,42.91,14.87,3.86,0.0
20230605:1611,976316.0,540.94,34.51,14.49,4.0,0.0
20230605:1711,533962.0,318.46,25.77,13.91,4.14,0.0
20230605:1811,139832.0,120.05,17.13,12.98,4.14,0.0
20230605:1911,54582.0,43.72,8.95,12.23,3.72,0.0
20230605:2011,0.0,0.87,1.56,11.03,3.03,0.0
20230605:2111,0.0,0.0,0.0,10.16,2.69,0.0
20230605:2211,0.0,0.0,0.0,9.69,2.41,0.0
20230605:2311,0.0,0.0,0.0,9.61,2.21,0.0
20230606:0011,0.0,0.0,0.0,9.32,1.86,0.0
20230606:0111,0.0,0.0,0.0,9.35,2.0,0.0
20230606:0211,0.0,0.0,0.0,9.3,2.21,0.0
20230606:0311,0.0,0.0,0.0,9.33,2.28,0.0
20230606:0411,0.0,1.75,3.27,9.26,2.28,0.0
20230606:0511,17402.0,20.11,10.87,9.5,2.97,0.0
20230606:0611,82720.0,59.33,19.19,9.77,3.17,0.0
20230606:0711,0.0,0.0,0.0,10.07,2.97,0.0
20230606:0811,277596.0,163.17,36.58,10.75,3.1,0.0
20230606:0911,310684.0,180.79,44.83,11.31,3.24,0.0
20230606:1011,237072.0,142.77,51.94,12.05,3.31,0.0
20230606:1111,469788.0,265.51,56.85,12.76,3.38,0.0
20230606:1211,548768.0,307.85,58.37,13.3,3.52,0.0
20230606:1311,747450.0,414.37,55.99,13.73,3.59,0.0
20230606:1411,725098.0,402.4,50.46,13.99,3.59,0.0
20230606:1511,704198.0,390.89,43.02,13.99,3.45,0.0
20230606:1611,577236.0,323.63,34.61,13.79,3.31,0.0
20230606:1711,320078.0,188.66,25.88,13.43,3.24,0.0
20230606:1811,93016.0,65.82,17.24,12.76,3.1,0.0
20230606:1911,11176.0,15.74,9.06,11.69,3.17,0.0
20230606:2011,0.0,0.87,1.67,11.08,2.97,0.0
20230606:2111,0.0,0.0,0.0,10.67,2.62,0.0
20230606:2211,0.0,0.0,0.0,10.25,2.14,0.0
20230606:2311,0.0,0.0,0.0,9.97,1.93,0.0
20230607:0011,0.0,0.0,0.0,9.73,1.72,0.0
20230607:0111,0.0,0.0,0.0,9.32,1.59,0.0
20230607:0211,0.0,0.0,0.0,9.29,1.45,0.0
20230607:0311,0.0,0.0,0.0,8.86,1.59,0.0
20230607:0411,0.0,2.62,3.33,8.69,1.72,0.0
20230607:0511,14938.0,18.36,10.93,9.14,1.66,0.0
20230607:0611,100936.0,69.53,19.24,10.1,2.21,0.0
20230607:0711,196306.0,120.52,27.93,10.32,2.76,0.0
20230607:0811,284592.0,166.88,36.63,10.78,2.97,0.0
20230607:0911,319374.0,185.42,44.89,11.35,3.03,0.0
20230607:1011,350350.0,202.11,52.01,11.98,3.1,0.0
20230607:1111,361900.0,208.6,56.94,12.54,3.24,0.0
20230607:1211,524128.0,295.02,58.47,13.31,3.31,0.0
20230607:1311,659626.0,368.13,56.1,13.91,3.24,0.0
20230607:1411,785774.0,436.96,50.57,14.42,3.1,0.0
20230607:1511,1106424.0,613.63,43.12,14.5,3.03,0.0
20230607:1611,706530.0,394.23,34.72,14.29,3.17,0.0
20230607:1711,494648.0,290.33,25.98,13.75,3.52,0.0
20230607:1811,199342.0,132.77,17.35,12.94,3.79,0.0
20230607:1911,65362.0,49.84,9.17,11.35,3.66,0.0
20230607:2011,0.0,0.87,1.78,10.34,3.03,0.0
20230607:2111,0.0,0.0,0.0,9.74,2.69,0.0
20230607:2211,0.0,0.0,0.0,9.14,2.21,0.0
20230607:2311,0.0,0.0,0.0,8.8,2.0,0.0
20230608:0011,0.0,0.0,0.0,9.12,2.0,0.0
20230608:0111,0.0,0.0,0.0,9.09,2.28,0.0
20230608:0211,0.0,0.0,0.0,8.9,2.07,0.0
20230608:0311,0.0,0.0,0.0,8.91,2.07,0.0
20230608:0411,0.0,2.62,3.39,8.93,2.21,0.0
20230608:0511,22638.0,23.61,10.98,9.03,2.69,0.0
20230608:0611,118448.0,78.8,19.29,9.47,3.38,0.0
20230608:0711,218196.0,131.65,27.98,9.86,3.24,0.0
20230608:0811,446402.0,250.55,36.68,10.61,3.38,0.0
20230608:0911,576334.0,318.73,44.94,11.07,3.52,0.0
20230608:1011,563794.0,313.38,52.07,11.87,3.72,0.0
20230608:1111,938124.0,514.74,57.02,12.75,3.93,0.0
20230608:1211,1407604.0,781.47,58.57,13.69,4.0,0.0
20230608:1311,1367740.0,758.67,56.2,14.06,4.07,0.0
20230608:1411,1502226.0,834.76,50.67,14.39,4.21,0.0
20230608:1511,1351108.0,744.23,43.22,14.34,4.28,0.0
20230608:1611,980430.0,540.63,34.82,14.07,4.48,0.0
20230608:1711,528132.0,310.72,26.08,13.35,4.48,0.0
20230608:1811,165242.0,129.0,17.45,12.53,4.28,0.0
20230608:1911,26290.0,26.23,9.27,11.52,4.0,0.0
20230608:2011,0.0,0.87,1.88,10.56,3.31,0.0
20230608:2111,0.0,0.0,0.0,9.83,2.83,0.0
20230608:2211,0.0,0.0,0.0,9.34,2.62,0.0
20230608:2311,0.0,0.0,0.0,8.77,2.34,0.0
20230609:0011,0.0,0.0,0.0,8.02,2.21,0.0
20230609:0111,0.0,0.0,0.0,7.69,2.14,0.0
20230609:0211,0.0,0.0,0.0,7.49,2.07,0.0
20230609:0311,0.0,0.0,0.0,7.41,2.14,0.0
20230609:0411,0.0,2.62,3.44,7.24,2.14,0.0
20230609:0511,37950.0,33.23,11.03,8.24,1.86,0.0
20230609:0611,153736.0,98.16,19.33,10.01,3.52,0.0
20230609:0711,340538.0,195.97,28.01,10.25,3.59,0.0
20230609:0811,786610.0,430.16,36.72,11.27,3.45,0.0
20230609:0911,1277034.0,699.8,44.99,12.4,3.59,0.0
20230609:1011,1580942.0,881.52,52.13,13.61,3.72,0.0
20230609:1111,1777490.0,1007.88,57.09,14.91,3.86,0.0
20230609:1211,1814780.0,1034.34,58.66,15.82,4.07,0.0
20230609:1311,1748384.0,992.73,56.3,16.44,4.28,0.0
20230609:1411,1422322.0,796.54,50.77,16.65,4.28,0.0
20230609:1511,1289310.0,716.6,43.32,16.62,4.34,0.0
20230609:1611,941116.0,524.95,34.91,16.32,4.28,0.0
20230609:1711,523996.0,313.25,26.18,15.73,4.14,0.0
20230609:1811,154352.0,125.8,17.54,14.81,4.0,0.0
20230609:1911,69278.0,52.47,9.36,13.18,3.38,0.0
20230609:2011,0.0,0.87,1.97,11.99,2.76,0.0
20230609:2111,0.0,0.0,0.0,10.66,2.41,0.0
20230609:2211,0.0,0.0,0.0,9.78,2.28,0.0
20230609:2311,0.0,0.0,0.0,9.2,2.21,0.0
20230610:0011,0.0,0.0,0.0,8.81,2.28,0.0
20230610:0111,0.0,0.0,0.0,8.72,2.34,0.0
20230610:0211,0.0,0.0,0.0,8.66,2.41,0.0
20230610:0311,0.0,0.0,0.0,8.66,2.48,0.0
20230610:0411,2002.0,7.87,3.49,8.74,2.55,0.0
20230610:0511,85998.0,61.21,11.07,9.78,2.34,0.0
20230610:0611,221474.0,162.78,19.36,11.95,2.62,0.0
20230610:0711,626428.0,363.65,28.05,13.61,3.03,0.0
20230610:0811,1026256.0,571.53,36.76,15.57,3.31,0.0
20230610:0911,1349524.0,760.42,45.03,17.45,3.38,0.0
20230610:1011,1603624.0,923.33,52.18,19.26,3.52,0.0
20230610:1111,1752388.0,1027.66,57.16,20.81,3.59,0.0
20230610:1211,1752300.0,1031.27,58.74,22.14,3.93,0.0
20230610:1311,1681834.0,984.6,56.38,23.14,4.41,0.0
20230610:1411,1528626.0,885.01,50.86,23.62,4.83,0.0
20230610:1511,1271292.0,726.58,43.41,23.54,5.17,0.0
20230610:1611,918324.0,526.32,35.0,22.88,5.17,0.0
20230610:1711,511126.0,314.07,26.26,21.84,5.03,0.0
20230610:1811,141944.0,124.43,17.63,20.47,4.48,0.0
20230610:1911,64438.0,50.72,9.45,18.59,3.79,0.0
20230610:2011,0.0,2.62,2.07,16.74,3.38,0.0
20230610:2111,0.0,0.0,0.0,15.06,2.83,0.0
20230610:2211,0.0,0.0,0.0,13.84,2.41,0.0
20230610:2311,0.0,0.0,0.0,12.96,2.07,0.0
20230611:0011,0.0,0.0,0.0,12.02,1.86,0.0
20230611:0111,0.0,0.0,0.0,10.96,1.59,0.0
20230611:0211,0.0,0.0,0.0,10.27,1.59,0.0
20230611:0311,0.0,0.0,0.0,9.96,1.45,0.0
20230611:0411,0.0,2.62,3.53,9.73,1.45,0.0
20230611:0511,16016.0,19.24,11.1,10.86,1.03,0.0
20230611:0611,105644.0,73.24,19.39,13.61,0.9,0.0
20230611:0711,439758.0,257.35,28.08,15.6,1.52,0.0
20230611:0811,875314.0,497.73,36.79,17.22,1.59,0.0
20230611:0911,865282.0,495.24,45.07,18.91,1.59,0.0
20230611:1011,1248236.0,728.1,52.23,20.49,1.72,0.0
20230611:1111,1570030.0,937.61,57.22,21.99,2.07,0.0
20230611:1211,1559602.0,930.61,58.81,23.22,2.55,0.0
20230611:1311,1617352.0,966.42,56.47,24.3,2.97,0.0
20230611:1411,1471382.0,870.03,50.95,24.94,3.17,0.0
20230611:1511,1214400.0,710.42,43.5,25.39,3.17,0.0
20230611:1611,872212.0,511.73,35.09,25.43,3.1,0.0
20230611:1711,106238.0,76.95,26.35,25.13,2.69,0.0
20230611:1811,16324.0,20.4,17.72,24.32,2.34,0.0
20230611:1911,3410.0,9.62,9.54,22.48,2.21,0.0
20230611:2011,0.0,0.87,2.15,20.48,2.07,0.0
20230611:2111,0.0,0.0,0.0,18.46,2.07,0.0
20230611:2211,0.0,0.0,0.0,16.96,1.86,0.0
20230611:2311,0.0,0.0,0.0,15.8,1.79,0.0
20230612:0011,0.0,0.0,0.0,14.72,1.72,0.0
20230612:0111,0.0,0.0,0.0,13.86,1.72,0.0
20230612:0211,0.0,0.0,0.0,13.19,1.79,0.0
20230612:0311,0.0,0.0,0.0,12.69,2.0,0.0
20230612:0411,374.0,6.12,3.56,12.42,2.14,0.0
20230612:0511,79860.0,58.59,11.13,13.21,1.79,0.0
20230612:0611,210694.0,160.8,19.42,15.86,1.86,0.0
20230612:0711,607354.0,362.17,28.1,18.21,2.21,0.0
20230612:0811,995984.0,569.97,36.81,20.16,2.62,0.0
20230612:0911,0.0,0.0,0.0,21.82,3.17,0.0
20230612:1011,1334212.0,774.42,52.26,23.01,3.59,0.0
20230612:1111,1683748.0,998.57,57.27,23.85,3.66,0.0
20230612:1211,1687444.0,1006.96,58.88,24.46,3.52,0.0
20230612:1311,1391236.0,820.65,56.54,24.87,3.38,0.0
20230612:1411,1486606.0,876.73,51.03,24.91,3.45,0.0
20230612:1511,1230284.0,715.63,43.58,24.81,3.52,0.0
20230612:1611,895488.0,521.92,35.17,24.63,3.52,0.0
20230612:1711,504548.0,314.8,26.43,24.17,3.72,0.0
20230612:1811,154990.0,128.19,17.8,23.1,3.66,0.0
20230612:1911,73480.0,56.84,9.62,21.97,3.1,0.0
20230612:2011,0.0,0.87,2.23,20.38,3.03,0.0
20230612:2111,0.0,0.0,0.0,18.89,2.76,0.0
20230612:2211,0.0,0.0,0.0,18.08,2.55,0.0
20230612:2311,0.0,0.0,0.0,17.33,2.14,0.0
20230613:0011,0.0,0.0,0.0,16.33,1.86,0.0
20230613:0111,0.0,0.0,0.0,15.27,1.93,0.0
20230613:0211,0.0,0.0,0.0,14.22,1.79,0.0
20230613:0311,0.0,0.0,0.0,13.18,1.79,0.0
20230613:0411,2794.0,8.74,3.59,12.5,2.07,0.0
20230613:0511,73810.0,55.09,11.15,13.03,1.93,0.0
20230613:0611,217294.0,163.22,19.44,15.45,2.14,0.0
20230613:0711,620752.0,367.18,28.12,17.3,2.97,0.0
20230613:0811,1028126.0,581.24,36.83,18.98,3.59,0.0
20230613:0911,1366332.0,777.32,45.12,20.43,4.07,0.0
20230613:1011,1598234.0,923.08,52.3,21.58,4.34,0.0
20230613:1111,1697234.0,992.67,57.32,22.53,4.34,0.0
20230613:1211,1725966.0,1019.08,58.94,23.26,4.07,0.0
20230613:1311,1665070.0,985.77,56.62,23.85,3.72,0.0
20230613:1411,1502204.0,882.73,51.1,24.27,3.59,0.0
20230613:1511,1256948.0,730.63,43.65,24.41,3.52,0.0
20230613:1611,906862.0,527.81,35.24,24.21,3.45,0.0
20230613:1711,516912.0,322.16,26.51,23.76,3.24,0.0
20230613:1811,148918.0,128.6,17.87,22.85,2.97,0.0
20230613:1911,55000.0,45.47,9.7,20.8,3.03,0.0
20230613:2011,0.0,1.75,2.31,18.81,2.55,0.0
20230613:2111,0.0,0.0,0.0,16.93,2.21,0.0
20230613:2211,0.0,0.0,0.0,15.42,2.0,0.0
20230613:2311,0.0,0.0,0.0,13.87,1.86,0.0
20230614:0011,0.0,0.0,0.0,12.45,1.93,0.0
20230614:0111,0.0,0.0,0.0,11.25,1.86,0.0
20230614:0211,0.0,0.0,0.0,10.48,1.72,0.0
20230614:0311,0.0,0.0,0.0,9.69,1.86,0.0
20230614:0411,13750.0,17.49,3.61,8.92,2.07,0.0
20230614:0511,64240.0,48.97,11.17,9.89,1.93,0.0
20230614:0611,211134.0,165.53,19.45,13.58,1.93,0.0
20230614:0711,642598.0,378.19,28.13,16.22,3.17,0.0
20230614:0811,1055098.0,592.53,36.84,17.84,3.86,0.0
20230614:0911,1370622.0,774.01,45.13,19.17,4.28,0.0
20230614:1011,1630882.0,935.08,52.32,20.31,4.62,0.0
20230614:1111,1785894.0,1034.67,57.36,21.2,5.03,0.0
20230614:1211,1811524.0,1051.25,58.99,21.75,5.38,0.0
20230614:1311,1737560.0,1004.53,56.68,22.02,5.45,0.0
20230614:1411,1586794.0,910.8,51.17,22.04,5.24,0.0
20230614:1511,1319516.0,750.1,43.72,21.83,4.97,0.0
20230614:1611,1003222.0,571.7,35.31,21.34,4.83,0.0
20230614:1711,561572.0,344.65,26.58,20.55,4.55,0.0
20230614:1811,141856.0,128.92,17.94,19.52,4.07,0.0
20230614:1911,54428.0,44.6,9.77,17.81,3.31,0.0
20230614:2011,0.0,1.75,2.38,16.2,2.83,0.0
20230614:2111,0.0,0.0,0.0,14.49,2.34,0.0
20230614:2211,0.0,0.0,0.0,13.31,2.0,0.0
20230614:2311,0.0,0.0,0.0,12.32,1.79,0.0
20230615:0011,0.0,0.0,0.0,11.31,1.79,0.0
20230615:0111,0.0,0.0,0.0,10.48,1.72,0.0
20230615:0211,0.0,0.0,0.0,9.79,1.79,0.0
20230615:0311,0.0,0.0,0.0,9.22,1.79,0.0
20230615:0411,12540.0,16.61,3.63,8.85,1.79,0.0
20230615:0511,71786.0,53.34,11.18,10.09,1.24,0.0
20230615:0611,211156.0,162.67,19.46,13.27,1.17,0.0
20230615:0711,626054.0,370.21,28.13,15.27,1.45,0.0
20230615:0811,1021438.0,582.0,36.85,17.09,1.59,0.0
20230615:0911,1329834.0,769.23,45.14,18.81,1.72,0.0
20230615:1011,1566488.0,924.14,52.34,20.29,2.07,0.0
20230615:1111,1713888.0,1024.66,57.39,21.4,2.41,0.0
20230615:1211,1710324.0,1021.64,59.04,22.18,2.76,0.0
20230615:1311,1569348.0,928.45,56.74,22.73,2.97,0.0
20230615:1411,1331704.0,776.64,51.23,22.86,3.03,0.0
20230615:1511,1251052.0,720.8,43.79,22.29,3.31,0.0
20230615:1611,927696.0,533.28,35.38,22.04,3.72,0.0
20230615:1711,528374.0,324.64,26.64,21.48,3.79,0.0
20230615:1811,149182.0,129.6,18.01,20.72,3.45,0.0
20230615:1911,55308.0,45.47,9.83,19.7,2.76,0.0
20230615:2011,0.0,1.75,2.44,18.03,2.48,0.0
20230615:2111,0.0,0.0,0.0,16.18,2.28,0.0
20230615:2211,0.0,0.0,0.0,14.79,2.07,0.0
20230615:2311,0.0,0.0,0.0,13.49,1.79,0.0
20230616:0011,0.0,0.0,0.0,12.28,1.38,0.0
20230616:0111,0.0,0.0,0.0,13.3,0.76,0.0
20230616:0211,0.0,0.0,0.0,13.06,0.21,0.0
20230616:0311,0.0,0.0,0.0,12.66,0.69,0.0
20230616:0411,7810.0,13.12,3.64,11.61,0.97,0.0
20230616:0511,72468.0,54.22,11.18,12.21,0.55,0.0
20230616:0611,209638.0,162.62,19.46,13.85,0.34,0.0
20230616:0711,620224.0,370.49,28.13,16.49,0.9,0.0
20230616:0811,1011692.0,579.54,36.85,18.05,1.52,0.0
20230616:0911,1324686.0,767.45,45.15,19.51,1.86,0.0
20230616:1011,1557138.0,921.04,52.35,21.08,2.14,0.0
20230616:1111,1680778.0,1008.96,57.42,22.34,2.34,0.0
20230616:1211,1695056.0,1024.86,59.08,23.23,2.34,0.0
20230616:1311,1630090.0,985.08,56.79,23.78,2.21,0.0
20230616:1411,1479478.0,883.52,51.29,24.02,2.21,0.0
20230616:1511,1248038.0,733.04,43.85,24.23,2.41,0.0
20230616:1611,891550.0,521.14,35.44,24.08,2.69,0.0
20230616:1711,508904.0,314.86,26.7,23.64,3.03,0.0
20230616:1811,152614.0,131.41,18.07,22.92,3.24,0.0
20230616:1911,69212.0,54.22,9.89,21.65,3.1,0.0
20230616:2011,0.0,1.75,2.5,19.87,2.9,0.0
20230616:2111,0.0,0.0,0.0,18.02,2.69,0.0
20230616:2211,0.0,0.0,0.0,16.56,2.41,0.0
20230616:2311,0.0,0.0,0.0,15.35,2.21,0.0
20230617:0011,0.0,0.0,0.0,14.3,2.0,0.0
20230617:0111,0.0,0.0,0.0,13.17,1.93,0.0
20230617:0211,0.0,0.0,0.0,12.26,1.93,0.0
20230617:0311,0.0,0.0,0.0,11.38,1.79,0.0
20230617:0411,7854.0,13.12,3.64,10.83,1.66,0.0
20230617:0511,97702.0,68.21,11.18,11.47,1.24,0.0
20230617:0611,234058.0,163.19,19.45,14.09,1.1,0.0
20230617:0711,484396.0,283.43,28.13,15.87,1.52,0.0
20230617:0811,675070.0,384.78,36.84,17.61,2.0,0.0
20230617:0911,931238.0,530.5,45.15,19.07,2.28,0.0
20230617:1011,771078.0,441.47,52.36,20.08,2.76,0.0
20230617:1111,806322.0,461.53,57.43,20.48,3.17,0.0
20230617:1211,693792.0,399.63,59.12,20.77,2.97,0.0
20230617:1311,262526.0,162.24,56.83,21.0,3.31,0.0
20230617:1411,230164.0,144.63,51.34,21.01,2.97,0.0
20230617:1511,321332.0,194.69,43.9,21.21,2.9,0.0
20230617:1611,228140.0,143.7,35.49,21.33,3.03,0.0
20230617:1711,192566.0,124.07,26.76,21.11,2.9,0.0
20230617:1811,115214.0,80.66,18.12,20.67,2.9,0.0
20230617:1911,34386.0,32.35,9.94,19.5,2.28,0.0
20230617:2011,0.0,1.75,2.55,18.12,2.07,0.0
20230617:2111,0.0,0.0,0.0,16.39,2.28,0.0
20230617:2211,0.0,0.0,0.0,14.89,2.34,0.0
20230617:2311,0.0,0.0,0.0,13.92,2.0,0.0
20230618:0011,0.0,0.0,0.0,12.88,1.79,0.0
20230618:0111,0.0,0.0,0.0,11.88,1.72,0.0
20230618:0211,0.0,0.0,0.0,10.9,1.59,0.0
20230618:0311,0.0,0.0,0.0,10.49,1.31,0.0
20230618:0411,2860.0,8.74,3.64,10.47,1.17,0.0
20230618:0511,91498.0,64.71,11.17,11.22,0.97,0.0
20230618:0611,76142.0,56.55,19.44,13.48,1.03,0.0
20230618:0711,327052.0,193.72,28.12,14.85,1.66,0.0
20230618:0811,772508.0,435.8,36.83,16.54,2.34,0.0
20230618:0911,1031074.0,581.58,45.14,17.78,2.76,0.0
20230618:1011,1508672.0,871.21,52.36,18.8,2.69,0.0
20230618:1111,1126620.0,644.84,57.45,20.28,3.17,0.0
20230618:1211,1567412.0,912.34,59.14,21.5,3.79,0.0
20230618:1311,1252460.0,719.43,56.87,22.17,4.28,0.0
20230618:1411,606936.0,351.53,51.39,22.38,4.48,0.0
20230618:1511,200640.0,128.87,43.95,22.42,4.97,0.0
20230618:1611,134552.0,91.78,35.54,21.62,4.83,0.0
20230618:1711,89628.0,65.82,26.81,20.15,3.38,0.0
20230618:1811,18128.0,21.32,18.17,19.19,2.97,0.0
20230618:1911,13024.0,17.49,9.99,17.61,2.48,0.0
20230618:2011,0.0,2.62,2.6,16.72,2.41,0.0
20230618:2111,0.0,0.0,0.0,16.24,2.07,0.0
20230618:2211,0.0,0.0,0.0,16.04,1.52,0.0
20230618:2311,0.0,0.0,0.0,15.94,1.03,0.0
20230619:0011,0.0,0.0,0.0,15.89,0.76,0.0
20230619:0111,0.0,0.0,0.0,15.9,0.69,0.0
20230619:0211,0.0,0.0,0.0,15.92,0.83,0.0
20230619:0311,0.0,0.0,0.0,15.9,2.07,0.0
20230619:0411,0.0,2.62,3.63,15.79,3.45,0.0
20230619:0511,20504.0,22.74,11.16,15.89,4.21,0.0
20230619:0611,204556.0,158.31,19.43,16.0,4.21,0.0
20230619:0711,608322.0,358.09,28.1,16.95,4.34,0.0
20230619:0811,939444.0,524.73,36.82,17.96,4.97,0.0
20230619:0911,1034704.0,578.57,45.13,18.71,4.83,0.0
20230619:1011,1170378.0,659.75,52.35,19.85,4.9,0.0
20230619:1111,889812.0,504.97,57.45,20.7,4.76,0.0
20230619:1211,708114.0,405.43,59.16,21.04,4.48,0.0
20230619:1311,695706.0,398.82,56.91,21.35,4.62,0.0
20230619:1411,974204.0,553.96,51.43,21.67,4.76,0.0
20230619:1511,275990.0,169.66,43.99,21.5,4.41,0.0
20230619:1611,911680.0,521.03,35.59,21.35,4.07,0.0
20230619:1711,202664.0,129.64,26.85,21.37,3.72,0.0
20230619:1811,173228.0,135.94,18.22,21.09,3.03,0.0
20230619:1911,66660.0,52.47,10.04,20.45,2.14,0.0
20230619:2011,0.0,1.75,2.64,19.23,1.79,0.0
20230619:2111,0.0,0.0,0.0,17.58,1.31,0.0
20230619:2211,0.0,0.0,0.0,16.21,1.31,0.0
20230619:2311,0.0,0.0,0.0,15.31,1.38,0.0
20230620:0011,0.0,0.0,0.0,16.0,0.9,0.0
20230620:0111,0.0,0.0,0.0,16.17,0.28,0.0
20230620:0211,0.0,0.0,0.0,15.7,0.69,0.0
20230620:0311,0.0,0.0,0.0,14.7,1.1,0.0
20230620:0411,0.0,2.62,3.61,14.6,1.03,0.0
20230620:0511,33814.0,31.48,11.14,15.08,0.76,0.0
20230620:0611,30910.0,29.67,19.41,15.49,0.69,0.0
20230620:0711,63492.0,50.06,28.08,17.69,0.97,0.0
20230620:0811,101552.0,72.31,36.8,18.35,1.03,0.0
20230620:0911,127952.0,87.15,45.11,18.11,0.97,0.0
20230620:1011,116622.0,80.66,52.34,17.86,1.38,0.0
20230620:1111,128348.0,87.15,57.45,17.8,1.86,0.0
20230620:1211,165286.0,107.54,59.18,17.85,2.14,0.0
20230620:1311,138732.0,92.71,56.93,17.48,2.62,0.0
20230620:1411,290136.0,174.3,51.46,16.77,2.69,0.0
20230620:1511,376486.0,220.17,44.03,16.32,2.62,0.0
20230620:1611,424182.0,245.65,35.63,16.31,2.62,0.0
20230620:1711,276430.0,167.31,26.89,16.86,3.31,0.0
20230620:1811,155782.0,132.38,18.26,17.32,3.03,0.0
20230620:1911,10780.0,15.74,10.07,17.25,2.07,0.0
20230620:2011,0.0,1.75,2.67,16.75,2.21,0.0
20230620:2111,0.0,0.0,0.0,16.4,2.48,0.0
20230620:2211,0.0,0.0,0.0,15.85,2.76,0.0
20230620:2311,0.0,0.0,0.0,15.31,3.03,0.0
20230621:0011,0.0,0.0,0.0,14.51,3.1,0.0
20230621:0111,0.0,0.0,0.0,13.9,2.97,0.0
20230621:0211,0.0,0.0,0.0,13.4,2.83,0.0
20230621:0311,0.0,0.0,0.0,13.36,2.9,0.0
20230621:0411,0.0,4.37,3.59,13.43,2.97,0.0
20230621:0511,70444.0,53.34,11.12,14.08,3.1,0.0
20230621:0611,204996.0,158.95,19.38,15.21,3.59,0.0
20230621:0711,587598.0,344.62,28.05,16.83,4.14,0.0
20230621:0811,934142.0,523.18,36.77,18.05,4.55,0.0
20230621:0911,1227380.0,687.09,45.09,18.85,4.9,0.0
20230621:1011,1469666.0,829.1,52.32,19.45,5.38,0.0
20230621:1111,1553530.0,881.21,57.44,19.98,5.72,0.0
20230621:1211,1245376.0,702.5,59.18,20.26,5.79,0.0
20230621:1311,1618650.0,923.78,56.95,20.45,5.45,0.0
20230621:1411,1505768.0,855.39,51.49,20.89,5.45,0.0
20230621:1511,1304336.0,737.63,44.06,20.98,4.97,0.0
20230621:1611,939444.0,534.79,35.66,20.93,4.41,0.0
20230621:1711,537108.0,327.68,26.93,20.75,3.86,0.0
20230621:1811,160292.0,134.44,18.29,20.26,3.03,0.0
20230621:1911,58036.0,47.22,10.1,20.14,1.93,0.0
20230621:2011,286.0,6.12,2.7,18.8,2.14,0.0
20230621:2111,0.0,0.0,0.0,17.23,2.14,0.0
20230621:2211,0.0,0.0,0.0,15.75,1.93,0.0
20230621:2311,0.0,0.0,0.0,14.44,1.86,0.0
20230622:0011,0.0,0.0,0.0,13.4,1.72,0.0
20230622:0111,0.0,0.0,0.0,12.6,1.59,0.0
20230622:0211,0.0,0.0,0.0,12.33,1.45,0.0
20230622:0311,0.0,0.0,0.0,11.84,1.38,0.0
20230622:0411,10032.0,14.87,3.57,11.44,1.31,0.0
20230622:0511,66308.0,50.72,11.09,12.58,0.9,0.0
20230622:0611,203280.0,157.47,19.35,15.02,0.83,0.0
20230622:0711,595078.0,357.07,28.02,17.55,1.17,0.0
20230622:0811,990858.0,568.49,36.74,18.75,1.66,0.0
20230622:0911,1295360.0,754.54,45.06,19.73,1.45,0.0
20230622:1011,1520266.0,913.74,52.3,20.61,1.03,0.0
20230622:1111,1634820.0,1001.89,57.43,21.42,0.97,0.0
20230622:1211,1649582.0,1025.01,59.18,21.66,0.62,0.0
20230622:1311,1507550.0,928.22,56.96,22.0,0.48,0.0
20230622:1411,844074.0,496.36,51.51,22.0,0.62,0.0
20230622:1511,852522.0,500.32,44.09,21.92,0.62,0.0
20230622:1611,766370.0,445.64,35.69,21.39,1.59,0.0
20230622:1711,316822.0,193.43,26.96,20.97,2.28,0.0
20230622:1811,203412.0,136.16,18.32,20.52,2.55,0.0
20230622:1911,80608.0,60.34,10.13,19.03,2.9,0.0
20230622:2011,0.0,1.75,2.72,17.82,2.83,0.0
20230622:2111,0.0,0.0,0.0,16.38,2.48,0.0
20230622:2211,0.0,0.0,0.0,15.31,2.21,0.0
20230622:2311,0.0,0.0,0.0,14.4,2.14,0.0
20230623:0011,0.0,0.0,0.0,13.75,2.07,0.0
20230623:0111,0.0,0.0,0.0,13.32,1.93,0.0
20230623:0211,0.0,0.0,0.0,12.97,1.86,0.0
20230623:0311,0.0,0.0,0.0,12.74,1.93,0.0
20230623:0411,0.0,2.62,3.53,12.83,1.86,0.0
20230623:0511,4642.0,10.49,11.05,13.52,1.66,0.0
20230623:0611,47388.0,39.87,19.31,14.81,1.93,0.0
20230623:0711,118030.0,80.66,27.98,15.69,2.14,0.0
20230623:0811,222728.0,138.14,36.7,16.72,2.34,0.0
20230623:0911,344278.0,204.19,45.02,17.6,2.41,0.0
20230623:1011,646140.0,369.56,52.27,18.65,2.62,0.0
20230623:1111,441826.0,259.0,57.41,19.68,2.9,0.0
20230623:1211,961444.0,548.94,59.17,20.64,3.52,0.0
20230623:1311,1475804.0,852.27,56.97,21.5,4.07,0.0
20230623:1411,631554.0,364.69,51.53,22.17,4.48,0.0
20230623:1511,526878.0,307.14,44.11,22.48,4.76,0.0
20230623:1611,170588.0,112.18,35.72,22.13,4.21,0.0
20230623:1711,244618.0,153.13,26.98,21.55,3.17,0.0
20230623:1811,45804.0,39.87,18.34,21.4,3.86,0.0
20230623:1911,17666.0,20.99,10.15,19.07,4.0,0.0
20230623:2011,0.0,1.75,2.74,18.3,3.93,0.0
20230623:2111,0.0,0.0,0.0,17.99,3.86,0.0
20230623:2211,0.0,0.0,0.0,17.94,3.79,0.0
20230623:2311,0.0,0.0,0.0,17.82,3.93,0.0
20230624:0011,0.0,0.0,0.0,17.89,4.0,0.0
20230624:0111,0.0,0.0,0.0,17.82,4.0,0.0
20230624:0211,0.0,0.0,0.0,17.89,4.07,0.0
20230624:0311,0.0,0.0,0.0,17.74,4.0,0.0
20230624:0411,0.0,4.37,3.5,17.66,3.93,0.0
20230624:0511,4488.0,10.49,11.01,17.81,3.86,0.0
20230624:0611,128678.0,87.53,19.27,18.31,3.38,0.0
20230624:0711,144716.0,96.42,27.94,18.89,4.34,0.0
20230624:0811,270314.0,165.02,36.66,19.57,5.1,0.0
20230624:0911,318252.0,191.91,44.98,20.81,5.03,0.0
20230624:1011,330154.0,199.33,52.23,22.06,5.45,0.0
20230624:1111,373934.0,223.43,57.38,22.17,5.03,0.0
20230624:1211,1174162.0,671.99,59.16,22.5,4.9,0.0
20230624:1311,1144396.0,655.99,56.97,23.37,5.17,0.0
20230624:1411,1452616.0,838.77,51.54,23.87,4.97,0.0
20230624:1511,1115202.0,639.82,44.13,23.77,4.48,0.0
20230624:1611,874302.0,505.78,35.74,24.07,4.21,0.0
20230624:1711,528528.0,328.37,27.0,23.96,3.52,0.0
20230624:1811,152108.0,133.56,18.36,23.56,2.41,0.0
20230624:1911,60038.0,48.97,10.17,22.7,0.9,0.0
20230624:2011,0.0,1.75,2.75,21.77,0.55,0.0
20230624:2111,0.0,0.0,0.0,19.96,1.72,0.0
20230624:2211,0.0,0.0,0.0,18.74,2.07,0.0
20230624:2311,0.0,0.0,0.0,18.22,2.28,0.0
20230625:0011,0.0,0.0,0.0,18.03,2.62,0.0
20230625:0111,0.0,0.0,0.0,17.87,2.76,0.0
20230625:0211,0.0,0.0,0.0,17.7,2.9,0.0
20230625:0311,0.0,0.0,0.0,17.41,3.03,0.0
20230625:0411,5478.0,11.37,3.45,17.22,3.24,0.0
20230625:0511,67738.0,52.47,10.97,17.5,3.31,0.0
20230625:0611,193424.0,154.18,19.22,18.72,3.59,0.0
20230625:0711,588082.0,352.65,27.89,20.4,4.76,0.0
20230625:0811,963886.0,546.58,36.61,21.46,5.24,0.0
20230625:0911,837012.0,477.0,44.94,22.55,5.38,0.0
20230625:1011,1480710.0,851.76,52.19,23.74,5.59,0.0
20230625:1111,1538394.0,893.5,57.35,24.85,5.72,0.0
20230625:1211,1106116.0,638.25,59.14,25.67,6.21,0.0
20230625:1311,365750.0,222.51,56.96,26.19,6.28,0.0
20230625:1411,973830.0,561.4,51.54,25.98,6.34,0.0
20230625:1511,1296724.0,735.71,44.14,22.49,5.52,0.0
20230625:1611,500302.0,290.05,35.75,20.41,4.69,0.0
20230625:1711,238480.0,148.66,27.01,19.79,2.83,0.0
20230625:1811,172722.0,113.84,18.37,19.61,2.9,0.0
20230625:1911,77770.0,58.59,10.18,18.64,3.03,0.0
20230625:2011,0.0,1.75,2.75,17.52,3.66,0.0
20230625:2111,0.0,0.0,0.0,16.51,3.86,0.0
20230625:2211,0.0,0.0,0.0,15.51,3.52,0.0
20230625:2311,0.0,0.0,0.0,14.67,3.31,0.0
20230626:0011,0.0,0.0,0.0,14.31,3.79,0.0
20230626:0111,0.0,0.0,0.0,14.17,4.14,0.0
20230626:0211,0.0,0.0,0.0,13.9,4.07,0.0
20230626:0311,0.0,0.0,0.0,13.44,3.79,0.0
20230626:0411,1100.0,7.0,3.4,13.23,3.59,0.0
20230626:0511,64658.0,49.84,10.91,13.42,3.66,0.0
20230626:0611,207416.0,156.27,19.17,14.26,4.0,0.0
20230626:0711,584430.0,340.56,27.84,15.35,4.48,0.0
20230626:0811,673354.0,375.93,36.56,16.14,5.45,0.0
20230626:0911,1018710.0,560.85,44.88,16.57,6.14,0.0
20230626:1011,731566.0,406.81,52.14,16.49,6.34,0.0
20230626:1111,1577224.0,877.01,57.3,17.04,6.62,0.0
20230626:1211,1464298.0,813.98,59.11,17.42,6.69,0.0
20230626:1311,1607496.0,897.16,56.95,17.59,6.55,0.0
20230626:1411,1496308.0,829.83,51.54,17.79,6.83,0.0
20230626:1511,1290278.0,712.54,44.14,17.84,6.48,0.0
20230626:1611,885390.0,492.67,35.75,17.53,6.14,0.0
20230626:1711,537328.0,317.86,27.02,17.36,6.14,0.0
20230626:1811,179872.0,140.41,18.38,17.11,5.59,0.0
20230626:1911,78672.0,58.59,10.18,16.59,4.55,0.0
20230626:2011,5544.0,11.37,2.75,15.85,3.66,0.0
20230626:2111,0.0,0.0,0.0,14.87,3.24,0.0
20230626:2211,0.0,0.0,0.0,14.13,2.97,0.0
20230626:2311,0.0,0.0,0.0,13.63,2.69,0.0
20230627:0011,0.0,0.0,0.0,13.01,2.62,0.0
20230627:0111,0.0,0.0,0.0,12.83,2.48,0.0
20230627:0211,0.0,0.0,0.0,12.7,2.28,0.0
20230627:0311,0.0,0.0,0.0,12.49,2.0,0.0
20230627:0411,1936.0,7.87,3.35,12.39,1.93,0.0
20230627:0511,83072.0,60.34,10.86,12.92,1.86,0.0
20230627:0611,177408.0,113.74,19.11,14.41,1.93,0.0
20230627:0711,362736.0,213.23,27.78,15.16,2.55,0.0
20230627:0811,258830.0,156.68,36.5,15.97,3.72,0.0
20230627:0911,280016.0,167.81,44.83,16.08,4.69,0.0
20230627:1011,146828.0,96.42,52.09,16.02,4.48,0.0
20230627:1111,99726.0,70.46,57.26,16.22,4.55,0.0
20230627:1211,187682.0,118.67,59.07,16.45,5.1,0.0
20230627:1311,177078.0,113.11,56.93,16.79,5.31,0.0
20230627:1411,240438.0,147.41,51.53,17.36,5.66,0.0
20230627:1511,199782.0,126.09,44.14,18.26,5.52,0.0
20230627:1611,192896.0,122.38,35.76,17.97,4.07,0.0
20230627:1711,164186.0,106.62,27.02,17.53,3.45,0.0
20230627:1811,27786.0,27.81,18.38,17.51,2.9,0.0
20230627:1911,3564.0,9.62,10.18,17.2,2.69,0.0
20230627:2011,0.0,1.75,2.75,17.34,2.76,0.0
20230627:2111,0.0,0.0,0.0,17.24,3.1,0.0
20230627:2211,0.0,0.0,0.0,17.23,3.45,0.0
20230627:2311,0.0,0.0,0.0,17.33,3.59,0.0
20230628:0011,0.0,0.0,0.0,17.27,3.59,0.0
20230628:0111,0.0,0.0,0.0,17.08,3.38,0.0
20230628:0211,0.0,0.0,0.0,16.85,3.03,0.0
20230628:0311,0.0,0.0,0.0,16.72,2.69,0.0
20230628:0411,0.0,1.75,3.29,16.75,2.41,0.0
20230628:0511,34870.0,32.35,10.8,16.92,2.28,0.0
20230628:0611,220616.0,144.61,19.05,17.27,2.21,0.0
20230628:0711,386474.0,229.15,27.72,17.98,2.9,0.0
20230628:0811,621962.0,355.76,36.44,18.66,2.76,0.0
20230628:0911,879714.0,496.7,44.77,19.12,3.59,0.0
20230628:1011,848364.0,479.4,52.03,19.45,4.21,0.0
20230628:1111,921404.0,521.45,57.2,19.96,4.41,0.0
20230628:1211,997348.0,564.37,59.03,20.67,5.1,0.0
20230628:1311,215490.0,136.28,56.9,21.06,4.76,0.0
20230628:1411,267740.0,165.02,51.51,21.42,4.76,0.0
20230628:1511,118360.0,82.51,44.13,21.27,5.1,0.0
20230628:1611,84678.0,63.04,35.75,20.71,5.24,0.0
20230628:1711,144078.0,96.42,27.02,19.78,4.34,0.0
20230628:1811,101420.0,72.31,18.37,19.2,3.66,0.0
20230628:1911,64482.0,50.72,10.17,18.27,2.62,0.0
20230628:2011,0.0,1.75,2.73,17.61,2.69,0.0
20230628:2111,0.0,0.0,0.0,16.93,2.9,0.0
20230628:2211,0.0,0.0,0.0,16.22,3.1,0.0
20230628:2311,0.0,0.0,0.0,15.78,3.17,0.0
20230629:0011,0.0,0.0,0.0,15.26,3.17,0.0
20230629:0111,0.0,0.0,0.0,14.86,3.1,0.0
20230629:0211,0.0,0.0,0.0,14.33,3.1,0.0
20230629:0311,0.0,0.0,0.0,13.56,3.03,0.0
20230629:0411,8844.0,13.99,3.22,12.48,3.03,0.0
20230629:0511,63470.0,48.97,10.73,12.39,2.9,0.0
20230629:0611,191136.0,153.57,18.98,13.15,2.97,0.0
20230629:0711,602338.0,352.7,27.65,14.32,3.24,0.0
20230629:0811,959530.0,534.15,36.37,15.62,3.59,0.0
20230629:0911,1332958.0,743.67,44.7,16.59,4.0,0.0
20230629:1011,944504.0,527.42,51.97,17.43,4.48,0.0
20230629:1111,398398.0,232.7,57.14,17.99,4.41,0.0
20230629:1211,843260.0,474.07,58.98,17.86,4.21,0.0
20230629:1311,980188.0,549.5,56.86,17.88,4.34,0.0
20230629:1411,962104.0,538.33,51.49,17.77,4.34,0.0
20230629:1511,1031404.0,575.1,44.12,17.69,4.48,0.0
20230629:1611,835406.0,468.14,35.74,17.73,4.76,0.0
20230629:1711,525052.0,310.33,27.01,17.44,4.83,0.0
20230629:1811,167772.0,139.01,18.36,16.92,4.41,0.0
20230629:1911,62260.0,48.97,10.15,16.17,3.66,0.0
20230629:2011,3630.0,9.62,2.71,15.34,3.17,0.0
20230629:2111,0.0,0.0,0.0,13.89,3.03,0.0
20230629:2211,0.0,0.0,0.0,12.97,2.83,0.0
20230629:2311,0.0,0.0,0.0,12.32,2.55,0.0
20230630:0011,0.0,0.0,0.0,11.98,2.48,0.0
20230630:0111,0.0,0.0,0.0,11.76,2.48,0.0
20230630:0211,0.0,0.0,0.0,11.42,2.48,0.0
20230630:0311,0.0,0.0,0.0,11.09,2.55,0.0
20230630:0411,0.0,1.75,3.15,10.99,2.62,0.0
20230630:0511,11154.0,15.74,10.66,11.92,2.55,0.0
20230630:0611,152768.0,98.99,18.91,13.22,2.9,0.0
20230630:0711,239338.0,145.31,27.58,14.23,3.66,0.0
20230630:0811,329626.0,193.16,36.3,14.86,4.34,0.0
20230630:0911,179916.0,114.03,44.63,15.44,4.83,0.0
20230630:1011,431596.0,247.23,51.89,15.62,5.66,0.0
20230630:1111,0.0,0.0,0.0,15.32,5.1,0.0
20230630:1211,697532.0,388.3,58.92,15.11,4.83,0.0
20230630:1311,206184.0,127.94,56.82,15.15,4.9,0.0
20230630:1411,265210.0,159.46,51.46,15.19,4.07,0.0
20230630:1511,250558.0,152.05,44.1,15.85,4.41,0.0
20230630:1611,143264.0,94.56,35.73,16.2,4.21,0.0
20230630:1711,111386.0,76.95,27.0,16.01,3.79,0.0
20230630:1811,67408.0,51.92,18.35,15.88,3.72,0.0
20230630:1911,15510.0,19.24,10.13,16.26,3.59,0.0
20230630:2011,0.0,1.75,2.69,16.17,3.66,0.0
20230630:2111,0.0,0.0,0.0,16.17,3.86,0.0
20230630:2211,0.0,0.0,0.0,16.24,3.93,0.0
20230630:2311,0.0,0.0,0.0,16.22,3.93,0.0
20230701:0011,0.0,0.0,0.0,16.1,4.0,0.0
20230701:0111,0.0,0.0,0.0,16.03,4.21,0.0
20230701:0211,0.0,0.0,0.0,15.85,4.34,0.0
20230701:0311,0.0,0.0,0.0,15.61,4.41,0.0
20230701:0411,0.0,1.75,3.07,15.42,4.41,0.0
20230701:0511,32450.0,30.61,10.58,15.34,4.41,0.0
20230701:0611,91828.0,65.82,18.83,15.46,4.07,0.0
20230701:0711,171138.0,109.4,27.5,15.62,4.76,0.0
20230701:0811,328262.0,193.16,36.22,16.11,5.45,0.0
20230701:0911,786896.0,435.61,44.55,16.79,6.83,0.0
20230701:1011,778008.0,432.16,51.82,17.07,6.76,0.0
20230701:1111,1374274.0,760.62,57.0,17.75,7.38,0.0
20230701:1211,231572.0,142.77,58.86,17.9,7.45,0.0
20230701:1311,1239326.0,685.9,56.78,17.93,7.24,0.0
20230701:1411,762938.0,424.04,51.43,17.61,7.86,0.0
20230701:1511,1168090.0,639.39,44.07,16.73,7.38,0.0
20230701:1611,512358.0,290.13,35.71,16.66,7.31,0.0
20230701:1711,295108.0,176.46,26.98,16.8,7.1,0.0
20230701:1811,161370.0,137.77,18.32,16.29,5.93,0.0
20230701:1911,80718.0,59.46,10.11,15.42,6.07,0.0
20230701:2011,6622.0,12.24,2.65,14.37,5.72,0.0
20230701:2111,0.0,0.0,0.0,13.54,5.38,0.0
20230701:2211,0.0,0.0,0.0,12.77,5.17,0.0
20230701:2311,0.0,0.0,0.0,12.38,4.97,0.0
20230702:0011,0.0,0.0,0.0,12.15,4.76,0.0
20230702:0111,0.0,0.0,0.0,11.85,4.55,0.0
20230702:0211,0.0,0.0,0.0,11.7,4.41,0.0
20230702:0311,0.0,0.0,0.0,11.54,4.28,0.0
20230702:0411,0.0,1.75,2.99,11.6,4.21,0.0
20230702:0511,91454.0,64.71,10.5,11.95,4.07,0.0
20230702:0611,226468.0,153.93,18.75,12.8,3.86,0.0
20230702:0711,361504.0,209.98,27.42,13.98,6.0,0.0
20230702:0811,664246.0,367.96,36.14,14.69,6.21,0.0
20230702:0911,686532.0,379.99,44.47,15.12,6.28,0.0
20230702:1011,459052.0,260.54,51.74,14.86,6.34,0.0
20230702:1111,696256.0,386.23,56.93,15.42,6.62,0.0
20230702:1211,321530.0,189.13,58.79,16.02,7.52,0.0
20230702:1311,519574.0,293.47,56.72,16.31,8.14,0.0
20230702:1411,612282.0,341.73,51.39,16.19,8.28,0.0
20230702:1511,604714.0,337.28,44.04,15.98,7.86,0.0
20230702:1611,929324.0,509.7,35.68,15.64,7.59,0.0
20230702:1711,323136.0,190.49,26.95,15.29,6.48,0.0
20230702:1811,28182.0,27.81,18.3,15.2,6.48,0.0
20230702:1911,56958.0,45.47,10.07,14.37,5.79,0.0
20230702:2011,0.0,1.75,2.62,13.65,5.45,0.0
20230702:2111,0.0,0.0,0.0,12.76,4.9,0.0
20230702:2211,0.0,0.0,0.0,12.13,4.48,0.0
20230702:2311,0.0,0.0,0.0,11.55,4.14,0.0
20230703:0011,0.0,0.0,0.0,11.04,3.86,0.0
20230703:0111,0.0,0.0,0.0,10.72,3.72,0.0
20230703:0211,0.0,0.0,0.0,10.51,3.72,0.0
20230703:0311,0.0,0.0,0.0,10.58,3.93,0.0
20230703:0411,5742.0,11.37,2.9,10.69,4.14,0.0
20230703:0511,16016.0,19.24,10.41,11.08,4.34,0.0
20230703:0611,221980.0,139.52,18.67,11.72,4.41,0.0
20230703:0711,622402.0,360.67,27.33,12.97,6.21,0.0
20230703:0811,492514.0,276.34,36.05,13.63,6.34,0.0
20230703:0911,657426.0,363.38,44.38,14.21,6.07,0.0
20230703:1011,303468.0,178.93,51.65,14.69,5.72,0.0
20230703:1111,298650.0,176.15,56.84,14.36,5.72,0.0
20230703:1211,475948.0,269.22,58.72,14.06,5.03,0.0
20230703:1311,1269092.0,698.73,56.66,14.12,4.76,0.0
20230703:1411,1437414.0,792.46,51.34,14.51,5.03,0.0
20230703:1511,1323674.0,725.16,44.0,15.45,5.86,0.0
20230703:1611,986040.0,540.95,35.65,15.6,7.03,0.0
20230703:1711,573650.0,336.47,26.92,15.12,6.62,0.0
20230703:1811,173910.0,139.84,18.26,14.66,5.93,0.0
20230703:1911,82654.0,60.34,10.04,14.43,5.59,0.0
20230703:2011,0.0,1.75,2.57,13.19,4.83,0.0
20230703:2111,0.0,0.0,0.0,12.27,4.28,0.0
20230703:2211,0.0,0.0,0.0,11.6,4.07,0.0
20230703:2311,0.0,0.0,0.0,11.14,4.28,0.0
20230704:0011,0.0,0.0,0.0,10.83,4.14,0.0
20230704:0111,0.0,0.0,0.0,10.6,4.07,0.0
20230704:0211,0.0,0.0,0.0,10.54,4.14,0.0
20230704:0311,0.0,0.0,0.0,10.4,4.0,0.0
20230704:0411,7876.0,13.12,2.81,10.3,3.79,0.0
20230704:0511,88836.0,62.96,10.32,10.71,3.72,0.0
20230704:0611,185548.0,147.9,18.57,12.02,4.0,0.0
20230704:0711,597784.0,346.55,27.24,13.38,5.86,0.0
20230704:0811,825528.0,452.62,35.96,14.22,6.21,0.0
20230704:0911,587840.0,328.77,44.29,15.26,5.72,0.0
20230704:1011,407132.0,234.87,51.56,16.11,5.59,0.0
20230704:1111,812218.0,451.32,56.75,16.48,5.66,0.0
20230704:1211,1711028.0,962.39,58.63,16.89,5.59,0.0
20230704:1311,1631608.0,916.49,56.59,17.28,5.52,0.0
20230704:1411,1540462.0,862.99,51.29,17.46,5.17,0.0
20230704:1511,1310144.0,730.76,43.96,17.4,4.48,0.0
20230704:1611,915024.0,513.05,35.61,17.4,4.0,0.0
20230704:1711,367730.0,217.7,26.88,17.16,3.66,0.0
20230704:1811,164406.0,107.25,18.22,16.66,3.1,0.0
20230704:1911,81818.0,60.34,9.99,15.94,2.14,0.0
20230704:2011,1078.0,7.0,2.52,14.9,1.93,0.0
20230704:2111,0.0,0.0,0.0,13.7,2.0,0.0
20230704:2211,0.0,0.0,0.0,12.53,2.14,0.0
20230704:2311,0.0,0.0,0.0,11.7,2.14,0.0
20230705:0011,0.0,0.0,0.0,10.81,2.28,0.0
20230705:0111,0.0,0.0,0.0,10.23,2.28,0.0
20230705:0211,0.0,0.0,0.0,10.14,2.07,0.0
20230705:0311,0.0,0.0,0.0,9.85,2.0,0.0
20230705:0411,0.0,1.75,2.71,9.65,2.21,0.0
20230705:0511,87296.0,62.09,10.22,10.43,2.28,0.0
20230705:0611,219604.0,139.42,18.48,12.35,2.97,0.0
20230705:0711,0.0,0.0,0.0,13.21,3.86,0.0
20230705:0811,1025068.0,564.37,35.87,14.27,4.41,0.0
20230705:0911,967692.0,532.25,44.19,15.29,5.03,0.0
20230705:1011,428120.0,246.0,51.46,16.06,5.45,0.0
20230705:1111,714296.0,398.01,56.65,15.86,5.24,0.0
20230705:1211,261250.0,157.61,58.54,15.96,5.45,0.0
20230705:1311,199672.0,125.16,56.52,16.65,5.72,0.0
20230705:1411,385748.0,224.36,51.23,16.99,5.86,0.0
20230705:1511,324346.0,191.91,43.91,17.08,5.59,0.0
20230705:1611,441144.0,253.74,35.56,16.95,5.31,0.0
20230705:1711,222992.0,137.87,26.84,16.77,5.24,0.0
20230705:1811,145794.0,96.46,18.18,16.3,4.69,0.0
20230705:1911,60918.0,48.1,9.94,15.8,3.79,0.0
20230705:2011,0.0,5.25,2.46,14.77,3.24,0.0
20230705:2111,0.0,0.0,0.0,13.55,3.03,0.0
20230705:2211,0.0,0.0,0.0,13.04,2.76,0.0
20230705:2311,0.0,0.0,0.0,12.6,2.83,0.0
20230706:0011,0.0,0.0,0.0,12.34,2.83,0.0
20230706:0111,0.0,0.0,0.0,12.18,2.9,0.0
20230706:0211,0.0,0.0,0.0,12.15,2.76,0.0
20230706:0311,0.0,0.0,0.0,12.54,2.76,0.0
20230706:0411,0.0,1.75,2.61,12.3,2.76,0.0
20230706:0511,37114.0,33.23,10.12,12.53,2.83,0.0
20230706:0611,130086.0,86.58,18.38,13.39,3.31,0.0
20230706:0711,194590.0,121.45,27.05,14.47,4.48,0.0
20230706:0811,313434.0,184.72,35.77,14.92,4.21,0.0
20230706:0911,630300.0,353.16,44.09,15.92,4.62,0.0
20230706:1011,1019348.0,566.07,51.35,16.39,4.41,0.0
20230706:1111,860794.0,480.94,56.55,17.44,4.9,0.0
20230706:1211,1164944.0,651.64,58.45,18.36,5.38,0.0
20230706:1311,1138588.0,637.53,56.44,19.18,5.79,0.0
20230706:1411,430474.0,250.95,51.16,19.38,5.31,0.0
20230706:1511,382998.0,225.77,43.85,19.6,4.9,0.0
20230706:1611,272074.0,166.05,35.51,19.69,5.03,0.0
20230706:1711,399850.0,238.08,26.79,19.28,4.14,0.0
20230706:1811,198572.0,130.18,18.12,18.28,3.52,0.0
20230706:1911,79508.0,59.46,9.88,18.23,4.41,0.0
20230706:2011,4488.0,10.49,2.4,17.81,4.62,0.0
20230706:2111,0.0,0.0,0.0,17.21,4.62,0.0
20230706:2211,0.0,0.0,0.0,16.67,4.9,0.0
20230706:2311,0.0,0.0,0.0,16.03,5.1,0.0
20230707:0011,0.0,0.0,0.0,15.6,5.17,0.0
20230707:0111,0.0,0.0,0.0,15.09,5.17,0.0
20230707:0211,0.0,0.0,0.0,14.76,5.03,0.0
20230707:0311,0.0,0.0,0.0,14.39,4.76,0.0
20230707:0411,0.0,1.75,2.5,13.89,4.48,0.0
20230707:0511,68992.0,52.47,10.02,14.09,4.41,0.0
20230707:0611,199870.0,128.2,18.28,15.0,4.0,0.0
20230707:0711,344674.0,203.68,26.94,16.49,4.97,0.0
20230707:0811,962214.0,536.86,35.66,17.97,5.31,0.0
20230707:0911,1088120.0,607.99,43.99,19.68,5.79,0.0
20230707:1011,1504690.0,851.75,51.25,20.94,5.93,0.0
20230707:1111,1697564.0,974.94,56.44,21.86,5.79,0.0
20230707:1211,1695518.0,981.05,58.35,22.6,5.52,0.0
20230707:1311,1657128.0,961.11,56.35,23.13,5.24,0.0
20230707:1411,1455696.0,839.41,51.09,23.69,5.1,0.0
20230707:1511,1287990.0,738.27,43.79,24.03,5.1,0.0
20230707:1611,937442.0,540.08,35.45,24.21,4.97,0.0
20230707:1711,532400.0,328.13,26.73,24.34,4.55,0.0
20230707:1811,165110.0,137.88,18.07,24.11,3.38,0.0
20230707:1911,57200.0,47.22,9.82,23.02,3.24,0.0
20230707:2011,1760.0,7.87,2.33,21.15,3.38,0.0
20230707:2111,0.0,0.0,0.0,19.59,3.59,0.0
20230707:2211,0.0,0.0,0.0,19.0,3.93,0.0
20230707:2311,0.0,0.0,0.0,18.75,4.28,0.0
20230708:0011,0.0,0.0,0.0,18.2,4.07,0.0
20230708:0111,0.0,0.0,0.0,17.5,3.86,0.0
20230708:0211,0.0,0.0,0.0,16.87,3.72,0.0
20230708:0311,0.0,0.0,0.0,16.39,3.59,0.0
20230708:0411,0.0,3.5,2.39,16.06,3.38,0.0
20230708:0511,71104.0,54.22,9.91,16.45,3.24,0.0
20230708:0611,180972.0,141.48,18.17,17.97,3.1,0.0
20230708:0711,426646.0,254.71,26.84,20.31,4.21,0.0
20230708:0811,515284.0,299.54,35.56,21.64,4.97,0.0
20230708:0911,1020162.0,579.55,43.87,22.7,5.38,0.0
20230708:1011,136730.0,93.64,51.13,23.33,5.38,0.0
20230708:1111,283690.0,175.22,56.32,23.5,5.03,0.0
20230708:1211,275990.0,171.51,58.24,24.1,4.76,0.0
20230708:1311,363396.0,220.65,56.25,24.88,4.28,0.0
20230708:1411,222794.0,142.77,51.01,25.05,4.34,0.0
20230708:1511,548944.0,322.9,43.72,24.79,4.34,0.0
20230708:1611,109934.0,78.8,35.39,24.49,4.28,0.0
20230708:1711,86262.0,64.9,26.67,24.18,4.0,0.0
20230708:1811,150964.0,102.67,18.0,23.41,3.93,0.0
20230708:1911,75064.0,57.71,9.75,21.69,2.9,0.0
20230708:2011,0.0,0.87,2.26,20.11,3.17,0.0
20230708:2111,0.0,0.0,0.0,18.96,3.31,0.0
20230708:2211,0.0,0.0,0.0,18.27,3.45,0.0
20230708:2311,0.0,0.0,0.0,17.94,3.03,0.0
20230709:0011,0.0,0.0,0.0,17.58,2.76,0.0
20230709:0111,0.0,0.0,0.0,17.28,2.97,0.0
20230709:0211,0.0,0.0,0.0,17.15,3.17,0.0
20230709:0311,0.0,0.0,0.0,17.21,3.38,0.0
20230709:0411,0.0,0.87,2.27,17.11,3.45,0.0
20230709:0511,65010.0,50.72,9.79,16.82,3.45,0.0
20230709:0611,208626.0,139.01,18.05,16.56,2.69,0.0
20230709:0711,425524.0,251.57,26.72,16.98,2.28,0.0
20230709:0811,564190.0,323.5,35.44,17.94,2.48,0.0
20230709:0911,227436.0,141.85,43.76,18.76,2.55,0.0
20230709:1011,703758.0,403.07,51.01,19.64,2.62,0.0
20230709:1111,793628.0,454.22,56.2,20.42,3.1,0.0
20230709:1211,1277188.0,735.03,58.12,20.96,3.45,0.0
20230709:1311,1634996.0,953.06,56.15,21.49,3.79,0.0
20230709:1411,1478620.0,852.86,50.92,21.52,3.86,0.0
20230709:1511,1159246.0,660.33,43.65,21.14,3.72,0.0
20230709:1611,734184.0,421.36,35.32,21.25,3.59,0.0
20230709:1711,500258.0,302.3,26.6,21.19,3.52,0.0
20230709:1811,18084.0,21.32,17.93,19.55,3.93,0.0
20230709:1911,30382.0,29.73,9.68,19.45,2.69,0.0
20230709:2011,0.0,0.87,2.17,18.5,3.03,0.0
20230709:2111,0.0,0.0,0.0,17.49,3.17,0.0
20230709:2211,0.0,0.0,0.0,16.06,2.83,0.0
20230709:2311,0.0,0.0,0.0,15.08,2.55,0.0
20230710:0011,0.0,0.0,0.0,14.22,2.48,0.0
20230710:0111,0.0,0.0,0.0,13.65,2.28,0.0
20230710:0211,0.0,0.0,0.0,13.01,2.21,0.0
20230710:0311,0.0,0.0,0.0,12.61,2.14,0.0
20230710:0411,0.0,1.75,2.15,12.13,2.14,0.0
20230710:0511,60346.0,47.22,9.67,12.64,2.0,0.0
20230710:0611,178156.0,114.81,17.94,14.3,2.14,0.0
20230710:0711,406384.0,238.82,26.61,15.6,2.41,0.0
20230710:0811,1012990.0,569.27,35.33,16.9,3.17,0.0
20230710:0911,1012704.0,566.98,43.64,18.35,4.21,0.0
20230710:1011,810678.0,457.83,50.89,19.3,4.41,0.0
20230710:1111,903892.0,510.31,56.08,20.17,5.24,0.0
20230710:1211,800470.0,453.59,58.0,20.4,5.38,0.0
20230710:1311,255618.0,156.68,56.04,18.63,4.0,0.0
20230710:1411,520740.0,299.16,50.83,18.05,3.45,0.0
20230710:1511,622094.0,352.15,43.57,18.22,4.83,0.0
20230710:1611,256190.0,155.75,35.25,17.1,5.03,0.0
20230710:1711,101046.0,71.39,26.53,17.0,5.45,0.0
20230710:1811,82940.0,61.19,17.86,17.38,6.0,0.0
20230710:1911,9658.0,14.87,9.6,17.59,5.72,0.0
20230710:2011,0.0,0.87,2.09,17.06,5.31,0.0
20230710:2111,0.0,0.0,0.0,16.48,4.97,0.0
20230710:2211,0.0,0.0,0.0,15.92,4.55,0.0
20230710:2311,0.0,0.0,0.0,15.15,4.48,0.0
20230711:0011,0.0,0.0,0.0,14.88,4.34,0.0
20230711:0111,0.0,0.0,0.0,14.52,3.72,0.0
20230711:0211,0.0,0.0,0.0,14.39,3.79,0.0
20230711:0311,0.0,0.0,0.0,14.2,2.97,0.0
20230711:0411,0.0,0.87,2.02,14.07,2.14,0.0
20230711:0511,16918.0,20.11,9.55,14.28,1.79,0.0
20230711:0611,143000.0,94.65,17.81,14.88,1.93,0.0
20230711:0711,213642.0,132.46,26.49,15.84,4.07,0.0
20230711:0811,745888.0,415.84,35.21,16.43,5.1,0.0
20230711:0911,958870.0,529.66,43.52,16.89,5.72,0.0
20230711:1011,866492.0,482.32,50.76,17.57,5.59,0.0
20230711:1111,641168.0,362.86,55.94,18.43,5.52,0.0
20230711:1211,917026.0,513.84,57.87,18.66,5.38,0.0
20230711:1311,275902.0,167.81,55.93,19.22,4.97,0.0
20230711:1411,1224806.0,685.96,50.73,18.73,5.1,0.0
20230711:1511,376860.0,220.23,43.48,17.46,5.24,0.0
20230711:1611,466202.0,268.21,35.17,17.59,4.55,0.0
20230711:1711,471394.0,277.68,26.45,17.26,4.34,0.0
20230711:1811,166848.0,137.16,17.78,17.04,4.14,0.0
20230711:1911,57662.0,46.35,9.51,16.82,3.86,0.0
20230711:2011,2706.0,8.74,1.99,15.82,3.66,0.0
20230711:2111,0.0,0.0,0.0,14.65,3.45,0.0
20230711:2211,0.0,0.0,0.0,13.83,3.24,0.0
20230711:2311,0.0,0.0,0.0,13.13,3.17,0.0
20230712:0011,0.0,0.0,0.0,12.64,3.1,0.0
20230712:0111,0.0,0.0,0.0,12.43,3.17,0.0
20230712:0211,0.0,0.0,0.0,12.44,3.24,0.0
20230712:0311,0.0,0.0,0.0,12.4,3.24,0.0
20230712:0411,0.0,0.87,1.89,12.3,3.45,0.0
20230712:0511,28776.0,27.98,9.42,12.91,3.72,0.0
20230712:0611,86020.0,62.12,17.69,13.82,4.28,0.0
20230712:0711,408034.0,237.15,26.36,14.88,6.07,0.0
20230712:0811,280610.0,167.0,35.08,14.87,5.86,0.0
20230712:0911,434808.0,248.19,43.39,15.33,6.34,0.0
20230712:1011,352638.0,205.82,50.63,16.16,6.69,0.0
20230712:1111,557876.0,314.98,55.81,16.67,6.41,0.0
20230712:1211,846230.0,469.88,57.74,17.11,6.41,0.0
20230712:1311,1209230.0,668.12,55.81,17.2,6.69,0.0
20230712:1411,387332.0,225.29,50.63,17.34,6.69,0.0
20230712:1511,687830.0,384.01,43.39,17.32,6.62,0.0
20230712:1611,412808.0,238.58,35.08,17.33,6.69,0.0
20230712:1711,153164.0,100.13,26.36,16.9,6.0,0.0
20230712:1811,205810.0,138.75,17.69,16.53,5.72,0.0
20230712:1911,65340.0,50.72,9.42,15.98,4.69,0.0
20230712:2011,0.0,0.87,1.89,15.26,4.62,0.0
20230712:2111,0.0,0.0,0.0,14.37,4.07,0.0
20230712:2211,0.0,0.0,0.0,13.55,3.79,0.0
20230712:2311,0.0,0.0,0.0,13.16,3.72,0.0
20230713:0011,0.0,0.0,0.0,12.77,3.66,0.0
20230713:0111,0.0,0.0,0.0,12.7,3.45,0.0
20230713:0211,0.0,0.0,0.0,12.68,3.31,0.0
20230713:0311,0.0,0.0,0.0,12.39,3.17,0.0
20230713:0411,0.0,0.87,1.75,12.05,2.97,0.0
20230713:0511,71038.0,53.34,9.29,12.45,2.97,0.0
20230713:0611,174570.0,137.18,17.56,13.36,3.72,0.0
20230713:0711,466796.0,272.15,26.24,14.6,3.45,0.0
20230713:0811,930798.0,516.8,34.95,15.74,4.28,0.0
20230713:0911,1186988.0,658.43,43.26,16.44,4.34,0.0
20230713:1011,1431958.0,801.56,50.49,16.97,4.55,0.0
20230713:1111,1223684.0,683.35,55.66,17.45,4.9,0.0
20230713:1211,1414512.0,794.53,57.6,18.06,5.24,0.0
20230713:1311,1359204.0,763.19,55.68,18.15,5.03,0.0
20230713:1411,819456.0,459.84,50.51,18.42,4.9,0.0
20230713:1511,616660.0,350.16,43.29,18.51,4.41,0.0
20230713:1611,642488.0,365.0,34.99,18.64,4.21,0.0
20230713:1711,447040.0,264.64,26.27,18.31,4.14,0.0
20230713:1811,200156.0,140.73,17.6,17.77,3.79,0.0
20230713:1911,73810.0,55.97,9.32,17.17,2.83,0.0
20230713:2011,0.0,0.87,1.78,16.14,2.41,0.0
20230713:2111,0.0,0.0,0.0,14.74,2.07,0.0
20230713:2211,0.0,0.0,0.0,13.65,1.93,0.0
20230713:2311,0.0,0.0,0.0,12.64,1.86,0.0
20230714:0011,0.0,0.0,0.0,12.51,1.79,0.0
20230714:0111,0.0,0.0,0.0,12.32,2.0,0.0
20230714:0211,0.0,0.0,0.0,12.34,2.07,0.0
20230714:0311,0.0,0.0,0.0,12.11,2.07,0.0
20230714:0411,0.0,0.87,1.61,12.01,2.07,0.0
20230714:0511,51568.0,41.97,9.15,12.23,1.93,0.0
20230714:0611,41602.0,36.16,17.43,13.63,2.14,0.0
20230714:0711,161062.0,103.84,26.1,14.87,2.83,0.0
20230714:0811,454762.0,260.71,34.82,15.88,3.59,0.0
20230714:0911,423214.0,244.51,43.12,16.76,4.34,0.0
20230714:1011,393448.0,229.32,50.34,17.33,4.41,0.0
20230714:1111,820974.0,459.92,55.51,17.87,4.9,0.0
20230714:1211,460702.0,264.07,57.45,16.63,5.17,0.0
20230714:1311,489500.0,278.72,55.54,15.96,4.83,0.0
20230714:1411,245454.0,149.26,50.4,16.01,5.38,0.0
20230714:1511,147510.0,96.42,43.18,15.42,6.69,0.0
20230714:1611,105402.0,73.24,34.89,15.11,6.83,0.0
20230714:1711,103774.0,72.31,26.18,15.05,6.69,0.0
20230714:1811,77396.0,57.48,17.5,15.19,6.9,0.0
20230714:1911,5566.0,11.37,9.21,15.13,6.97,0.0
20230714:2011,0.0,1.75,1.67,15.44,6.21,0.0
20230714:2111,0.0,0.0,0.0,15.86,5.24,0.0
20230714:2211,0.0,0.0,0.0,16.31,4.83,0.0
20230714:2311,0.0,0.0,0.0,16.56,4.9,0.0
20230715:0011,0.0,0.0,0.0,16.14,4.97,0.0
20230715:0111,0.0,0.0,0.0,15.27,4.69,0.0
20230715:0211,0.0,0.0,0.0,14.43,4.62,0.0
20230715:0311,0.0,0.0,0.0,13.84,4.62,0.0
20230715:0411,0.0,0.87,1.47,13.66,4.69,0.0
20230715:0511,32714.0,30.61,9.01,13.87,4.69,0.0
20230715:0611,199892.0,132.36,17.29,14.56,4.62,0.0
20230715:0711,285406.0,170.34,25.97,15.21,6.14,0.0
20230715:0811,497376.0,282.13,34.68,16.08,5.86,0.0
20230715:0911,359326.0,210.71,42.98,17.53,6.14,0.0
20230715:1011,467478.0,266.53,50.2,16.44,6.97,0.0
20230715:1111,1278684.0,708.44,55.36,17.07,6.07,0.0
20230715:1211,538098.0,306.91,57.29,18.5,6.62,0.0
20230715:1311,1757426.0,972.28,55.4,16.28,7.38,0.0
20230715:1411,1292390.0,712.04,50.27,17.1,6.83,0.0
20230715:1511,570614.0,322.65,43.07,17.76,6.41,0.0
20230715:1611,243034.0,148.34,34.78,16.78,6.28,0.0
20230715:1711,430188.0,252.14,26.07,17.04,6.69,0.0
20230715:1811,86922.0,63.04,17.39,15.72,6.48,0.0
20230715:1911,68464.0,52.47,9.1,15.79,7.17,0.0
20230715:2011,0.0,0.87,1.55,15.35,7.17,0.0
20230715:2111,0.0,0.0,0.0,14.95,7.31,0.0
20230715:2211,0.0,0.0,0.0,14.72,7.17,0.0
20230715:2311,0.0,0.0,0.0,14.58,6.97,0.0
20230716:0011,0.0,0.0,0.0,14.43,6.34,0.0
20230716:0111,0.0,0.0,0.0,14.37,5.79,0.0
20230716:0211,0.0,0.0,0.0,14.42,5.52,0.0
20230716:0311,0.0,0.0,0.0,14.29,5.66,0.0
20230716:0411,0.0,0.87,1.32,14.19,6.41,0.0
20230716:0511,4620.0,10.49,8.87,13.94,6.69,0.0
20230716:0611,17380.0,20.4,17.15,13.92,6.62,0.0
20230716:0711,298452.0,176.55,25.83,14.28,6.9,0.0
20230716:0811,618442.0,342.63,34.54,14.28,6.9,0.0
20230716:0911,703780.0,387.16,42.83,14.91,7.72,0.0
20230716:1011,1029424.0,563.02,50.04,16.25,7.93,0.0
20230716:1111,1350734.0,741.57,55.2,16.93,8.14,0.0
20230716:1211,1090672.0,599.81,57.14,17.24,8.14,0.0
20230716:1311,1311684.0,721.84,55.26,17.16,7.72,0.0
20230716:1411,848034.0,469.27,50.14,17.64,7.86,0.0
20230716:1511,1285416.0,707.5,42.95,17.62,6.83,0.0
20230716:1611,836638.0,465.34,34.67,17.65,6.55,0.0
20230716:1711,394108.0,231.86,25.96,16.95,5.72,0.0
20230716:1811,111342.0,76.95,17.28,16.24,4.9,0.0
20230716:1911,59532.0,47.22,8.99,15.51,4.21,0.0
20230716:2011,0.0,0.87,1.43,14.73,3.93,0.0
20230716:2111,0.0,0.0,0.0,13.72,3.66,0.0
20230716:2211,0.0,0.0,0.0,13.29,3.72,0.0
20230716:2311,0.0,0.0,0.0,12.89,3.66,0.0
20230717:0011,0.0,0.0,0.0,12.55,3.52,0.0
20230717:0111,0.0,0.0,0.0,12.38,3.31,0.0
20230717:0211,0.0,0.0,0.0,12.45,3.45,0.0
20230717:0311,0.0,0.0,0.0,12.58,3.59,0.0
20230717:0411,0.0,0.0,0.0,12.74,3.38,0.0
20230717:0511,67870.0,51.59,8.72,12.82,3.24,0.0
20230717:0611,174086.0,112.2,17.01,13.22,3.59,0.0
20230717:0711,125708.0,84.37,25.69,14.5,3.86,0.0
20230717:0811,941248.0,520.85,34.4,15.59,4.83,0.0
20230717:0911,753720.0,418.02,42.68,16.1,5.45,0.0
20230717:1011,839344.0,465.6,49.89,16.4,5.24,0.0
20230717:1111,989362.0,549.85,55.03,17.06,5.17,0.0
20230717:1211,899580.0,501.77,56.97,17.58,5.31,0.0
20230717:1311,1096766.0,610.37,55.1,17.67,5.45,0.0
20230717:1411,999636.0,555.94,50.0,17.86,5.52,0.0
20230717:1511,658746.0,370.57,42.83,17.81,5.31,0.0
20230717:1611,628870.0,355.03,34.56,17.75,5.17,0.0
20230717:1711,387970.0,229.57,25.85,17.73,4.83,0.0
20230717:1811,170324.0,135.23,17.16,17.36,4.48,0.0
20230717:1911,66616.0,51.59,8.86,16.5,3.66,0.0
20230717:2011,0.0,0.0,0.0,15.24,3.17,0.0
20230717:2111,0.0,0.0,0.0,13.92,2.83,0.0
20230717:2211,0.0,0.0,0.0,13.18,2.69,0.0
20230717:2311,0.0,0.0,0.0,12.69,2.62,0.0
20230718:0011,0.0,0.0,0.0,12.18,2.41,0.0
20230718:0111,0.0,0.0,0.0,11.39,2.14,0.0
20230718:0211,0.0,0.0,0.0,10.48,1.79,0.0
20230718:0311,0.0,0.0,0.0,9.5,1.66,0.0
20230718:0411,0.0,0.0,0.0,8.96,1.66,0.0
20230718:0511,1980.0,7.87,8.56,9.67,1.24,0.0
20230718:0611,178882.0,116.15,16.86,12.58,1.1,0.0
20230718:0711,287298.0,172.08,25.54,14.27,1.66,0.0
20230718:0811,534402.0,303.84,34.25,15.17,2.14,0.0
20230718:0911,508244.0,290.19,42.53,15.81,2.41,0.0
20230718:1011,586168.0,332.33,49.72,15.93,2.62,0.0
20230718:1111,801218.0,449.86,54.86,15.96,2.69,0.0
20230718:1211,377058.0,220.65,56.8,16.56,2.83,0.0
20230718:1311,204028.0,127.94,54.94,16.78,3.03,0.0
20230718:1411,200904.0,126.09,49.86,16.57,3.31,0.0
20230718:1511,196944.0,123.31,42.7,15.33,3.38,0.0
20230718:1611,469414.0,268.47,34.43,14.99,2.34,0.0
20230718:1711,312862.0,186.38,25.73,14.84,1.93,0.0
20230718:1811,36894.0,33.38,17.04,14.72,1.79,0.0
20230718:1911,6622.0,12.24,8.73,14.18,1.72,0.0
20230718:2011,0.0,0.0,0.0,13.92,1.66,0.0
20230718:2111,0.0,0.0,0.0,13.7,1.66,0.0
20230718:2211,0.0,0.0,0.0,13.55,1.52,0.0
20230718:2311,0.0,0.0,0.0,13.41,1.31,0.0
20230719:0011,0.0,0.0,0.0,13.23,1.1,0.0
20230719:0111,0.0,0.0,0.0,12.97,0.9,0.0
20230719:0211,0.0,0.0,0.0,13.03,0.62,0.0
20230719:0311,0.0,0.0,0.0,12.68,0.9,0.0
20230719:0411,0.0,0.0,0.0,12.21,1.45,0.0
20230719:0511,61842.0,48.1,8.41,12.56,1.45,0.0
20230719:0611,170060.0,110.62,16.71,13.45,1.66,0.0
20230719:0711,495682.0,291.07,25.39,13.74,2.41,0.0
20230719:0811,744084.0,415.87,34.1,14.45,2.48,0.0
20230719:0911,887612.0,495.14,42.37,15.03,2.34,0.0
20230719:1011,1130536.0,639.39,49.56,16.44,2.14,0.0
20230719:1111,869616.0,493.17,54.69,17.1,1.93,0.0
20230719:1211,1134980.0,649.58,56.62,17.67,1.86,0.0
20230719:1311,1467356.0,860.9,54.77,17.98,1.45,0.0
20230719:1411,475332.0,277.53,49.71,18.53,1.31,0.0
20230719:1511,337854.0,202.38,42.56,18.51,1.1,0.0
20230719:1611,578006.0,335.46,34.3,17.72,0.21,0.0
20230719:1711,309870.0,188.22,25.6,17.53,0.14,0.0
20230719:1811,50028.0,41.72,16.91,16.22,0.83,0.0
20230719:1911,4554.0,10.49,8.6,15.71,0.48,0.0
20230719:2011,0.0,0.0,0.0,14.41,0.41,0.0
20230719:2111,0.0,0.0,0.0,13.54,0.97,0.0
20230719:2211,0.0,0.0,0.0,12.67,0.9,0.0
20230719:2311,0.0,0.0,0.0,12.02,1.03,0.0
20230720:0011,0.0,0.0,0.0,11.6,1.45,0.0
20230720:0111,0.0,0.0,0.0,10.57,1.93,0.0
20230720:0211,0.0,0.0,0.0,10.18,1.93,0.0
20230720:0311,0.0,0.0,0.0,9.75,2.14,0.0
20230720:0411,0.0,0.0,0.0,9.37,2.21,0.0
20230720:0511,32076.0,29.73,8.25,9.51,2.07,0.0
20230720:0611,164076.0,106.01,16.55,11.57,1.93,0.0
20230720:0711,406362.0,237.64,25.24,13.98,2.83,0.0
20230720:0811,881672.0,490.98,33.95,15.05,3.24,0.0
20230720:0911,1273888.0,709.56,42.21,15.97,3.59,0.0
20230720:1011,1184810.0,663.1,49.39,16.44,3.45,0.0
20230720:1111,936430.0,525.71,54.51,17.04,3.31,0.0
20230720:1211,929984.0,524.44,56.44,17.6,3.1,0.0
20230720:1311,1327920.0,755.03,54.6,17.81,3.17,0.0
20230720:1411,213312.0,133.5,49.55,17.87,3.31,0.0
20230720:1511,409178.0,238.78,42.42,17.78,3.17,0.0
20230720:1611,260062.0,158.54,34.17,17.61,3.38,0.0
20230720:1711,218812.0,136.11,25.47,17.07,3.38,0.0
20230720:1811,36520.0,33.38,16.77,16.74,3.17,0.0
20230720:1911,13200.0,17.49,8.46,15.5,2.62,0.0
20230720:2011,0.0,0.0,0.0,14.9,2.48,0.0
20230720:2111,0.0,0.0,0.0,14.04,2.21,0.0
20230720:2211,0.0,0.0,0.0,12.99,2.14,0.0
20230720:2311,0.0,0.0,0.0,12.11,2.34,0.0
20230721:0011,0.0,0.0,0.0,11.9,2.48,0.0
20230721:0111,0.0,0.0,0.0,11.41,2.69,0.0
20230721:0211,0.0,0.0,0.0,11.32,2.76,0.0
20230721:0311,0.0,0.0,0.0,11.2,2.69,0.0
20230721:0411,0.0,0.0,0.0,11.08,2.69,0.0
20230721:0511,23694.0,24.48,8.09,10.96,2.69,0.0
20230721:0611,122474.0,82.25,16.39,12.08,2.55,0.0
20230721:0711,124630.0,83.44,25.08,13.27,2.76,0.0
20230721:0811,239998.0,145.56,33.79,14.02,3.1,0.0
20230721:0911,645590.0,361.03,42.05,14.75,3.17,0.0
20230721:1011,500236.0,284.82,49.21,15.15,2.9,0.0
20230721:1111,1121956.0,630.97,54.32,15.8,2.55,0.0
20230721:1211,343464.0,203.04,56.25,16.89,2.62,0.0
20230721:1311,846120.0,478.29,54.42,17.45,2.62,0.0
20230721:1411,671352.0,381.51,49.39,17.61,2.55,0.0
20230721:1511,885236.0,499.14,42.27,17.67,2.62,0.0
20230721:1611,711964.0,400.67,34.03,17.3,4.0,0.0
20230721:1711,264880.0,160.67,25.33,16.73,4.62,0.0
20230721:1811,160864.0,105.9,16.63,16.34,4.07,0.0
20230721:1911,14366.0,18.36,8.31,15.59,2.14,0.0
20230721:2011,0.0,0.0,0.0,14.88,2.55,0.0
20230721:2111,0.0,0.0,0.0,14.37,2.62,0.0
20230721:2211,0.0,0.0,0.0,13.89,2.69,0.0
20230721:2311,0.0,0.0,0.0,13.48,2.34,0.0
20230722:0011,0.0,0.0,0.0,13.11,1.72,0.0
20230722:0111,0.0,0.0,0.0,12.83,1.59,0.0
20230722:0211,0.0,0.0,0.0,12.72,2.21,0.0
20230722:0311,0.0,0.0,0.0,12.55,2.76,0.0
20230722:0411,0.0,0.0,0.0,12.52,3.03,0.0
20230722:0511,5654.0,11.37,7.92,12.66,3.03,0.0
20230722:0611,104962.0,72.65,16.23,12.81,3.03,0.0
20230722:0711,68332.0,51.92,24.92,13.12,3.17,0.0
20230722:0811,225236.0,137.21,33.63,13.34,3.72,0.0
20230722:0911,308132.0,180.79,41.88,13.58,4.62,0.0
20230722:1011,369534.0,213.23,49.03,13.59,4.0,0.0
20230722:1111,272206.0,162.24,54.13,13.85,4.07,0.0
20230722:1211,391446.0,225.29,56.05,14.15,4.07,0.0
20230722:1311,303006.0,178.93,54.24,14.49,4.14,0.0
20230722:1411,227238.0,139.07,49.22,14.7,3.72,0.0
20230722:1511,265320.0,159.46,42.11,14.88,3.45,0.0
20230722:1611,249370.0,151.12,33.88,15.04,3.38,0.0
20230722:1711,132044.0,88.08,25.18,14.98,2.97,0.0
20230722:1811,77264.0,57.48,16.49,15.01,2.48,0.0
20230722:1911,47718.0,40.23,8.16,15.9,2.34,0.0
20230722:2011,0.0,0.0,0.0,15.48,2.48,0.0
20230722:2111,0.0,0.0,0.0,15.01,2.34,0.0
20230722:2211,0.0,0.0,0.0,14.79,2.07,0.0
20230722:2311,0.0,0.0,0.0,14.51,2.07,0.0
20230723:0011,0.0,0.0,0.0,14.52,1.93,0.0
20230723:0111,0.0,0.0,0.0,14.46,1.86,0.0
20230723:0211,0.0,0.0,0.0,14.41,2.07,0.0
20230723:0311,0.0,0.0,0.0,14.37,2.28,0.0
20230723:0411,0.0,0.0,0.0,14.34,2.48,0.0
20230723:0511,40964.0,35.85,7.75,14.32,2.48,0.0
20230723:0611,14740.0,18.54,16.07,14.34,2.62,0.0
20230723:0711,142450.0,93.64,24.76,14.59,2.69,0.0
20230723:0811,239118.0,145.56,33.46,14.69,2.9,0.0
20230723:0911,302060.0,178.93,41.71,14.78,3.24,0.0
20230723:1011,312334.0,184.49,48.85,14.99,3.38,0.0
20230723:1111,420046.0,241.44,53.93,15.01,3.72,0.0
20230723:1211,401588.0,231.78,55.85,15.34,4.21,0.0
20230723:1311,429858.0,246.08,54.05,15.18,5.17,0.0
20230723:1411,279884.0,166.88,49.04,14.99,5.03,0.0
20230723:1511,400950.0,230.49,41.95,14.83,4.76,0.0
20230723:1611,252340.0,152.05,33.73,14.57,5.1,0.0
20230723:1711,206712.0,127.79,25.03,14.28,5.59,0.0
20230723:1811,113036.0,77.31,16.33,13.83,5.31,0.0
20230723:1911,57178.0,45.47,8.0,13.62,5.52,0.0
20230723:2011,0.0,0.0,0.0,13.31,5.24,0.0
20230723:2111,0.0,0.0,0.0,13.09,4.9,0.0
20230723:2211,0.0,0.0,0.0,12.9,4.83,0.0
20230723:2311,0.0,0.0,0.0,12.67,4.83,0.0
20230724:0011,0.0,0.0,0.0,12.36,4.69,0.0
20230724:0111,0.0,0.0,0.0,12.25,4.69,0.0
20230724:0211,0.0,0.0,0.0,11.93,4.83,0.0
20230724:0311,0.0,0.0,0.0,11.54,4.83,0.0
20230724:0411,0.0,0.0,0.0,11.21,4.69,0.0
20230724:0511,54934.0,43.72,7.58,11.05,4.76,0.0
20230724:0611,182908.0,122.98,15.9,11.33,5.31,0.0
20230724:0711,426734.0,246.39,24.6,12.24,5.66,0.0
20230724:0811,602514.0,333.29,33.29,13.36,6.34,0.0
20230724:0911,423632.0,241.02,41.53,14.05,6.14,0.0
20230724:1011,847506.0,465.12,48.66,14.79,6.0,0.0
20230724:1111,1626790.0,904.72,53.73,15.46,5.52,0.0
20230724:1211,887524.0,491.47,55.65,15.86,5.1,0.0
20230724:1311,1732346.0,976.44,53.85,15.97,4.69,0.0
20230724:1411,1459568.0,817.38,48.86,16.48,4.28,0.0
20230724:1511,657052.0,369.18,41.78,16.52,3.79,0.0
20230724:1611,792902.0,444.45,33.57,16.19,3.17,0.0
20230724:1711,493306.0,291.43,24.88,15.48,2.69,0.0
20230724:1811,153010.0,101.3,16.17,15.03,2.41,0.0
20230724:1911,56826.0,45.47,7.83,14.42,1.79,0.0
20230724:2011,0.0,0.0,0.0,13.54,1.79,0.0
20230724:2111,0.0,0.0,0.0,12.36,1.79,0.0
20230724:2211,0.0,0.0,0.0,11.53,1.72,0.0
20230724:2311,0.0,0.0,0.0,11.02,1.66,0.0
20230725:0011,0.0,0.0,0.0,10.57,1.59,0.0
20230725:0111,0.0,0.0,0.0,9.73,1.52,0.0
20230725:0211,0.0,0.0,0.0,8.94,1.38,0.0
20230725:0311,0.0,0.0,0.0,8.16,1.66,0.0
20230725:0411,0.0,0.0,0.0,7.7,2.0,0.0
20230725:0511,18788.0,20.99,7.4,8.37,1.86,0.0
20230725:0611,171886.0,111.95,15.73,10.64,1.86,0.0
20230725:0711,531872.0,315.02,24.43,12.87,2.48,0.0
20230725:0811,974072.0,542.61,33.12,14.49,2.83,0.0
20230725:0911,1247114.0,695.58,41.36,15.55,3.1,0.0
20230725:1011,845064.0,472.67,48.47,16.1,3.03,0.0
20230725:1111,520212.0,297.8,53.53,16.99,3.17,0.0
20230725:1211,910118.0,512.43,55.44,17.23,3.03,0.0
20230725:1311,720962.0,407.96,53.65,17.61,3.1,0.0
20230725:1411,1179486.0,665.78,48.68,18.12,3.38,0.0
20230725:1511,674586.0,379.28,41.61,16.5,3.31,0.0
20230725:1611,621720.0,349.86,33.4,16.46,4.41,0.0
20230725:1711,458018.0,268.65,24.71,15.66,4.83,0.0
20230725:1811,138336.0,92.23,16.01,15.03,3.86,0.0
20230725:1911,27082.0,27.11,7.66,15.2,3.38,0.0
20230725:2011,0.0,0.0,0.0,14.35,3.17,0.0
20230725:2111,0.0,0.0,0.0,13.51,3.17,0.0
20230725:2211,0.0,0.0,0.0,12.69,3.1,0.0
20230725:2311,0.0,0.0,0.0,12.08,3.1,0.0
20230726:0011,0.0,0.0,0.0,11.95,3.03,0.0
20230726:0111,0.0,0.0,0.0,11.79,3.1,0.0
20230726:0211,0.0,0.0,0.0,12.15,3.03,0.0
20230726:0311,0.0,0.0,0.0,12.25,2.76,0.0
20230726:0411,0.0,0.0,0.0,11.99,2.41,0.0
20230726:0511,17160.0,20.11,7.22,11.81,2.21,0.0
20230726:0611,138248.0,118.16,15.55,12.71,2.0,0.0
20230726:0711,533940.0,318.58,24.25,14.4,3.45,0.0
20230726:0811,732798.0,408.12,32.95,15.81,4.76,0.0
20230726:0911,1212398.0,674.61,41.17,17.03,4.21,0.0
20230726:1011,851092.0,477.38,48.28,18.01,4.14,0.0
20230726:1111,996424.0,560.06,53.32,18.56,4.21,0.0
20230726:1211,962456.0,541.87,55.22,18.91,4.34,0.0
20230726:1311,1083632.0,610.69,53.44,18.91,4.14,0.0
20230726:1411,1540814.0,877.7,48.48,19.6,4.34,0.0
20230726:1511,870100.0,489.9,41.43,19.95,4.83,0.0
20230726:1611,251592.0,155.0,33.23,19.52,4.41,0.0
20230726:1711,151580.0,100.13,24.54,18.72,4.41,0.0
20230726:1811,40876.0,36.16,15.84,17.16,4.0,0.0
20230726:1911,6556.0,12.24,7.49,15.74,3.45,0.0
20230726:2011,0.0,0.0,0.0,14.89,3.45,0.0
20230726:2111,0.0,0.0,0.0,14.57,3.86,0.0
20230726:2211,0.0,0.0,0.0,14.37,4.21,0.0
20230726:2311,0.0,0.0,0.0,14.21,4.0,0.0
20230727:0011,0.0,0.0,0.0,14.09,3.59,0.0
20230727:0111,0.0,0.0,0.0,13.96,3.31,0.0
20230727:0211,0.0,0.0,0.0,14.04,3.31,0.0
20230727:0311,0.0,0.0,0.0,14.17,2.83,0.0
20230727:0411,0.0,0.0,0.0,14.35,2.34,0.0
20230727:0511,23210.0,24.48,7.04,14.57,2.21,0.0
20230727:0611,83754.0,61.19,15.38,14.88,2.0,0.0
20230727:0711,266882.0,162.3,24.08,15.63,1.52,0.0
20230727:0811,532972.0,304.78,32.77,16.38,2.07,0.0
20230727:0911,621742.0,352.5,40.99,17.07,2.69,0.0
20230727:1011,1029534.0,579.33,48.08,17.93,3.24,0.0
20230727:1111,494560.0,285.35,53.1,18.42,3.66,0.0
20230727:1211,305030.0,183.57,55.0,19.08,4.28,0.0
20230727:1311,655358.0,372.89,53.22,19.22,4.34,0.0
20230727:1411,781660.0,441.12,48.28,19.05,4.28,0.0
20230727:1511,683056.0,386.99,41.24,18.99,4.0,0.0
20230727:1611,438394.0,255.22,33.05,18.98,3.93,0.0
20230727:1711,411796.0,247.16,24.37,19.26,3.66,0.0
20230727:1811,169532.0,121.25,15.66,19.12,2.83,0.0
20230727:1911,49786.0,41.97,7.3,19.08,3.52,0.0
20230727:2011,0.0,0.0,0.0,17.83,3.45,0.0
20230727:2111,0.0,0.0,0.0,16.7,3.1,0.0
20230727:2211,0.0,0.0,0.0,15.96,2.9,0.0
20230727:2311,0.0,0.0,0.0,15.25,2.62,0.0
20230728:0011,0.0,0.0,0.0,14.85,2.21,0.0
20230728:0111,0.0,0.0,0.0,14.52,2.07,0.0
20230728:0211,0.0,0.0,0.0,14.17,2.07,0.0
20230728:0311,0.0,0.0,0.0,14.15,1.86,0.0
20230728:0411,0.0,0.0,0.0,13.82,1.79,0.0
20230728:0511,4620.0,10.49,6.85,13.78,1.59,0.0
20230728:0611,167508.0,115.65,15.2,15.43,1.45,0.0
20230728:0711,364650.0,218.19,23.9,16.88,2.41,0.0
20230728:0811,566852.0,323.84,32.59,17.6,2.9,0.0
20230728:0911,486684.0,280.78,40.8,18.58,3.72,0.0
20230728:1011,1045748.0,589.09,47.87,19.62,4.41,0.0
20230728:1111,685124.0,390.77,52.88,20.38,4.69,0.0
20230728:1211,809358.0,459.84,54.77,20.77,4.83,0.0
20230728:1311,843216.0,478.82,53.0,20.94,4.83,0.0
20230728:1411,1177594.0,667.69,48.08,21.11,4.76,0.0
20230728:1511,828432.0,469.42,41.05,20.9,4.62,0.0
20230728:1611,410674.0,241.83,32.87,20.57,4.28,0.0
20230728:1711,362120.0,219.0,24.19,20.27,3.59,0.0
20230728:1811,65978.0,51.92,15.48,19.82,2.41,0.0
20230728:1911,39886.0,35.85,7.11,19.3,2.21,0.0
20230728:2011,0.0,0.0,0.0,18.37,2.28,0.0
20230728:2111,0.0,0.0,0.0,17.55,2.41,0.0
20230728:2211,0.0,0.0,0.0,16.81,2.41,0.0
20230728:2311,0.0,0.0,0.0,16.29,2.48,0.0
20230729:0011,0.0,0.0,0.0,15.88,2.62,0.0
20230729:0111,0.0,0.0,0.0,15.51,2.97,0.0
20230729:0211,0.0,0.0,0.0,15.26,3.38,0.0
20230729:0311,0.0,0.0,0.0,14.91,3.45,0.0
20230729:0411,0.0,0.0,0.0,14.67,3.52,0.0
20230729:0511,12100.0,16.61,6.66,14.62,3.66,0.0
20230729:0611,130042.0,88.11,15.02,14.94,3.38,0.0
20230729:0711,491700.0,291.56,23.72,15.25,5.1,0.0
20230729:0811,526020.0,296.61,32.41,15.38,5.31,0.0
20230729:0911,317746.0,187.58,40.61,15.99,5.17,0.0
20230729:1011,1013100.0,560.66,47.67,17.11,5.59,0.0
20230729:1111,1408902.0,785.04,52.66,17.62,5.86,0.0
20230729:1211,1731356.0,975.07,54.54,18.38,6.34,0.0
20230729:1311,1561362.0,874.0,52.77,18.37,6.34,0.0
20230729:1411,1025398.0,569.04,47.86,18.62,6.69,0.0
20230729:1511,1274526.0,705.17,40.85,18.52,6.55,0.0
20230729:1611,140272.0,93.64,32.68,18.4,6.48,0.0
20230729:1711,194524.0,123.2,24.0,18.05,6.14,0.0
20230729:1811,149754.0,121.54,15.29,17.53,5.45,0.0
20230729:1911,7546.0,13.12,6.92,16.79,5.52,0.0
20230729:2011,0.0,0.0,0.0,15.99,4.76,0.0
20230729:2111,0.0,0.0,0.0,15.31,4.28,0.0
20230729:2211,0.0,0.0,0.0,14.69,4.28,0.0
20230729:2311,0.0,0.0,0.0,14.42,4.28,0.0
20230730:0011,0.0,0.0,0.0,14.06,4.14,0.0
20230730:0111,0.0,0.0,0.0,13.74,4.28,0.0
20230730:0211,0.0,0.0,0.0,13.54,4.34,0.0
20230730:0311,0.0,0.0,0.0,13.34,4.34,0.0
20230730:0411,0.0,0.0,0.0,13.16,4.62,0.0
20230730:0511,42724.0,36.73,6.47,13.02,4.83,0.0
20230730:0611,127666.0,113.08,14.83,13.69,4.69,0.0
20230730:0711,528594.0,314.46,23.54,14.61,5.93,0.0
20230730:0811,670714.0,370.98,32.22,14.93,7.1,0.0
20230730:0911,997282.0,543.52,40.41,15.48,7.17,0.0
20230730:1011,1025464.0,561.63,47.46,16.19,7.17,0.0
20230730:1111,364012.0,212.31,52.43,16.96,7.72,0.0
20230730:1211,490270.0,279.01,54.3,16.94,7.45,0.0
20230730:1311,1223442.0,673.92,52.54,17.16,7.17,0.0
20230730:1411,991892.0,547.74,47.65,17.62,6.9,0.0
20230730:1511,576246.0,324.75,40.65,17.56,7.03,0.0
20230730:1611,314050.0,186.43,32.49,17.38,6.41,0.0
20230730:1711,87846.0,63.97,23.81,17.25,6.0,0.0
20230730:1811,45474.0,38.94,15.1,16.71,4.69,0.0
20230730:1911,2706.0,8.74,6.72,15.8,3.72,0.0
20230730:2011,0.0,0.0,0.0,15.12,2.69,0.0
20230730:2111,0.0,0.0,0.0,14.44,2.41,0.0
20230730:2211,0.0,0.0,0.0,14.21,2.62,0.0
20230730:2311,0.0,0.0,0.0,14.28,2.41,0.0
20230731:0011,0.0,0.0,0.0,14.39,2.41,0.0
20230731:0111,0.0,0.0,0.0,14.69,2.55,0.0
20230731:0211,0.0,0.0,0.0,15.09,2.62,0.0
20230731:0311,0.0,0.0,0.0,15.47,2.76,0.0
20230731:0411,0.0,0.0,0.0,15.92,3.38,0.0
20230731:0511,10846.0,15.74,6.28,16.23,3.93,0.0
20230731:0611,39534.0,35.23,14.64,16.45,4.07,0.0
20230731:0711,403392.0,240.5,23.35,16.82,4.07,0.0
20230731:0811,207460.0,129.79,32.03,17.02,3.72,0.0
20230731:0911,325952.0,193.16,40.21,17.49,5.24,0.0
20230731:1011,735460.0,412.63,47.24,17.55,4.41,0.0
20230731:1111,363176.0,213.23,52.2,17.8,5.52,0.0
20230731:1211,216282.0,134.43,54.06,17.27,5.52,0.0
20230731:1311,190872.0,120.52,52.3,16.66,4.83,0.0
20230731:1411,319440.0,189.13,47.42,16.63,4.83,0.0
20230731:1511,136598.0,90.86,40.44,16.04,4.28,0.0
20230731:1611,55000.0,44.5,32.29,15.43,4.83,0.0
20230731:1711,91806.0,65.82,23.62,15.51,3.86,0.0
20230731:1811,131912.0,89.19,14.9,15.2,4.28,0.0
20230731:1911,40898.0,35.85,6.52,14.82,4.07,0.0
20230731:2011,0.0,0.0,0.0,14.48,3.72,0.0
20230731:2111,0.0,0.0,0.0,14.26,4.07,0.0
20230731:2211,0.0,0.0,0.0,14.2,4.14,0.0
20230731:2311,0.0,0.0,0.0,14.15,3.93,0.0
20230801:0011,0.0,0.0,0.0,14.07,4.07,0.0
20230801:0111,0.0,0.0,0.0,14.18,4.0,0.0
20230801:0211,0.0,0.0,0.0,14.19,4.0,0.0
20230801:0311,0.0,0.0,0.0,14.16,3.93,0.0
20230801:0411,0.0,0.0,0.0,14.0,3.86,0.0
20230801:0511,9856.0,14.87,6.08,14.22,3.79,0.0
20230801:0611,147796.0,100.31,14.45,14.63,3.93,0.0
20230801:0711,274384.0,165.25,23.17,14.67,3.59,0.0
20230801:0811,527868.0,297.57,31.84,15.46,5.45,0.0
20230801:0911,401280.0,231.98,40.01,16.49,5.59,0.0
20230801:1011,654566.0,367.7,47.02,17.27,5.17,0.0
20230801:1111,919182.0,514.14,51.96,17.84,4.48,0.0
20230801:1211,202796.0,127.94,53.81,18.48,4.69,0.0
20230801:1311,460988.0,266.5,52.06,18.33,4.62,0.0
20230801:1411,414282.0,241.35,47.19,18.16,4.28,0.0
20230801:1511,158840.0,103.84,40.23,18.01,4.14,0.0
20230801:1611,246642.0,151.32,32.08,17.89,4.14,0.0
20230801:1711,253154.0,155.4,23.41,17.74,4.34,0.0
20230801:1811,144166.0,98.6,14.69,17.31,3.59,0.0
20230801:1911,40458.0,35.85,6.31,16.63,2.07,0.0
20230801:2011,0.0,0.0,0.0,15.75,2.14,0.0
20230801:2111,0.0,0.0,0.0,14.86,2.0,0.0
20230801:2211,0.0,0.0,0.0,14.35,1.66,0.0
20230801:2311,0.0,0.0,0.0,13.74,1.93,0.0
20230802:0011,0.0,0.0,0.0,12.99,2.41,0.0
20230802:0111,0.0,0.0,0.0,12.81,2.62,0.0
20230802:0211,0.0,0.0,0.0,12.85,2.76,0.0
20230802:0311,0.0,0.0,0.0,12.85,2.76,0.0
20230802:0411,0.0,0.0,0.0,12.94,2.97,0.0
20230802:0511,1914.0,7.87,5.88,13.22,3.24,0.0
20230802:0611,21428.0,23.18,14.26,13.68,3.72,0.0
20230802:0711,28292.0,27.81,22.98,14.38,3.03,0.0
20230802:0811,53614.0,43.57,31.65,14.87,4.41,0.0
20230802:0911,283096.0,168.73,39.81,14.99,4.34,0.0
20230802:1011,181852.0,114.96,46.8,15.08,4.34,0.0
20230802:1111,260304.0,156.68,51.72,15.17,4.9,0.0
20230802:1211,180510.0,114.03,53.56,14.89,5.45,0.0
20230802:1311,146102.0,95.49,51.81,14.92,6.21,0.0
20230802:1411,184118.0,115.89,46.96,14.84,6.14,0.0
20230802:1511,304854.0,179.86,40.01,15.0,5.93,0.0
20230802:1611,224158.0,137.21,31.87,14.82,5.66,0.0
20230802:1711,173514.0,110.29,23.2,14.81,5.72,0.0
20230802:1811,41470.0,36.16,14.48,14.59,6.62,0.0
20230802:1911,5566.0,11.37,6.09,14.92,5.86,0.0
20230802:2011,0.0,0.0,0.0,14.54,6.07,0.0
20230802:2111,0.0,0.0,0.0,14.14,6.28,0.0
20230802:2211,0.0,0.0,0.0,13.77,6.14,0.0
20230802:2311,0.0,0.0,0.0,13.47,6.07,0.0
20230803:0011,0.0,0.0,0.0,13.15,5.72,0.0
20230803:0111,0.0,0.0,0.0,12.79,5.45,0.0
20230803:0211,0.0,0.0,0.0,12.73,5.17,0.0
20230803:0311,0.0,0.0,0.0,12.66,4.9,0.0
20230803:0411,0.0,0.0,0.0,12.79,4.69,0.0
20230803:0511,28776.0,27.98,5.68,13.01,4.55,0.0
20230803:0611,117546.0,106.49,14.06,13.48,4.34,0.0
20230803:0711,529012.0,316.15,22.78,14.11,5.03,0.0
20230803:0811,705650.0,391.06,31.45,15.11,5.72,0.0
20230803:0911,795784.0,440.27,39.6,16.05,5.1,0.0
20230803:1011,656106.0,368.21,46.58,16.67,4.55,0.0
20230803:1111,1374230.0,772.08,51.48,17.44,4.34,0.0
20230803:1211,720984.0,406.11,53.3,17.71,4.21,0.0
20230803:1311,377036.0,221.58,51.56,18.33,4.41,0.0
20230803:1411,668668.0,378.52,46.72,18.63,4.41,0.0
20230803:1511,489654.0,282.23,39.78,18.52,3.72,0.0
20230803:1611,202334.0,127.94,31.65,18.61,3.45,0.0
20230803:1711,170192.0,110.3,22.99,18.02,2.62,0.0
20230803:1811,72996.0,55.63,14.27,17.59,1.52,0.0
20230803:1911,0.0,5.25,5.87,16.88,1.72,0.0
20230803:2011,0.0,0.0,0.0,15.63,2.14,0.0
20230803:2111,0.0,0.0,0.0,15.0,1.86,0.0
20230803:2211,0.0,0.0,0.0,14.56,1.66,0.0
20230803:2311,0.0,0.0,0.0,14.2,1.86,0.0
20230804:0011,0.0,0.0,0.0,13.62,2.0,0.0
20230804:0111,0.0,0.0,0.0,13.7,1.93,0.0
20230804:0211,0.0,0.0,0.0,13.74,1.72,0.0
20230804:0311,0.0,0.0,0.0,13.73,1.79,0.0
20230804:0411,0.0,0.0,0.0,13.68,2.0,0.0
20230804:0511,31372.0,29.73,5.47,13.57,1.86,0.0
20230804:0611,144672.0,106.76,13.87,13.72,1.79,0.0
20230804:0711,277662.0,167.39,22.59,14.0,1.59,0.0
20230804:0811,536756.0,304.01,31.25,14.08,1.79,0.0
20230804:0911,320100.0,188.54,39.39,14.22,2.0,0.0
20230804:1011,336556.0,197.47,46.35,14.46,2.14,0.0
20230804:1111,479270.0,273.05,51.23,14.17,2.28,0.0
20230804:1211,714868.0,399.7,53.04,14.6,2.69,0.0
20230804:1311,1001902.0,556.34,51.3,14.52,2.97,0.0
20230804:1411,430848.0,247.39,46.47,14.72,2.76,0.0
20230804:1511,394240.0,228.38,39.55,15.0,2.34,0.0
20230804:1611,170566.0,109.4,31.43,15.37,1.59,0.0
20230804:1711,62766.0,49.14,22.77,15.21,1.38,0.0
20230804:1811,91938.0,66.18,14.05,15.32,1.45,0.0
20230804:1911,23210.0,24.48,5.64,14.65,2.21,0.0
20230804:2011,0.0,0.0,0.0,13.42,2.41,0.0
20230804:2111,0.0,0.0,0.0,13.07,2.34,0.0
20230804:2211,0.0,0.0,0.0,12.66,2.14,0.0
20230804:2311,0.0,0.0,0.0,12.33,2.07,0.0
20230805:0011,0.0,0.0,0.0,12.08,1.86,0.0
20230805:0111,0.0,0.0,0.0,11.95,1.79,0.0
20230805:0211,0.0,0.0,0.0,11.96,1.52,0.0
20230805:0311,0.0,0.0,0.0,11.95,1.24,0.0
20230805:0411,0.0,0.0,0.0,11.81,1.03,0.0
20230805:0511,0.0,4.37,5.26,11.51,0.97,0.0
20230805:0611,51348.0,41.72,13.67,11.26,0.55,0.0
20230805:0711,86592.0,62.12,22.39,11.93,1.17,0.0
20230805:0811,281732.0,167.56,31.05,12.98,1.31,0.0
20230805:0911,385638.0,223.4,39.17,13.57,1.1,0.0
20230805:1011,807906.0,455.43,46.11,14.43,0.9,0.0
20230805:1111,735944.0,415.93,50.97,15.01,1.17,0.0
20230805:1211,506616.0,289.4,52.77,15.21,2.0,0.0
20230805:1311,259666.0,156.68,51.03,15.23,3.52,0.0
20230805:1411,338734.0,197.47,46.22,14.41,4.83,0.0
20230805:1511,336358.0,195.05,39.31,13.35,5.72,0.0
20230805:1611,151052.0,97.35,31.2,12.83,5.86,0.0
20230805:1711,251240.0,151.0,22.55,12.84,5.93,0.0
20230805:1811,111034.0,76.47,13.82,12.63,6.21,0.0
20230805:1911,0.0,4.37,5.41,12.3,5.24,0.0
20230805:2011,0.0,0.0,0.0,11.99,4.83,0.0
20230805:2111,0.0,0.0,0.0,11.78,4.69,0.0
20230805:2211,0.0,0.0,0.0,11.5,4.62,0.0
20230805:2311,0.0,0.0,0.0,11.17,4.55,0.0
20230806:0011,0.0,0.0,0.0,10.89,4.48,0.0
20230806:0111,0.0,0.0,0.0,10.52,4.48,0.0
20230806:0211,0.0,0.0,0.0,10.38,4.48,0.0
20230806:0311,0.0,0.0,0.0,10.21,4.28,0.0
20230806:0411,0.0,0.0,0.0,10.14,4.07,0.0
20230806:0511,26510.0,26.23,5.05,10.03,4.0,0.0
20230806:0611,122584.0,103.61,13.47,10.65,4.0,0.0
20230806:0711,524304.0,311.22,22.19,11.95,4.41,0.0
20230806:0811,952556.0,519.72,30.84,13.2,5.66,0.0
20230806:0911,1278310.0,696.4,38.96,14.11,5.38,0.0
20230806:1011,1638978.0,907.22,45.88,15.04,5.38,0.0
20230806:1111,1470282.0,816.79,50.72,15.34,4.83,0.0
20230806:1211,494736.0,281.51,52.5,16.01,4.83,0.0
20230806:1311,204842.0,127.94,50.76,16.45,4.76,0.0
20230806:1411,598906.0,337.63,45.97,16.61,4.48,0.0
20230806:1511,921228.0,510.68,39.07,16.18,4.0,0.0
20230806:1611,840334.0,468.32,30.97,16.03,4.07,0.0
20230806:1711,272272.0,164.97,22.32,15.54,3.17,0.0
20230806:1811,134772.0,92.61,13.59,14.91,2.28,0.0
20230806:1911,14476.0,18.36,5.17,14.43,1.52,0.0
20230806:2011,0.0,0.0,0.0,13.7,1.03,0.0
20230806:2111,0.0,0.0,0.0,12.71,1.03,0.0
20230806:2211,0.0,0.0,0.0,11.42,1.31,0.0
20230806:2311,0.0,0.0,0.0,10.15,1.66,0.0
20230807:0011,0.0,0.0,0.0,9.35,1.66,0.0
20230807:0111,0.0,0.0,0.0,8.74,1.79,0.0
20230807:0211,0.0,0.0,0.0,8.31,2.0,0.0
20230807:0311,0.0,0.0,0.0,8.14,2.07,0.0
20230807:0411,0.0,0.0,0.0,7.97,2.21,0.0
20230807:0511,13816.0,17.49,4.84,8.07,2.21,0.0
20230807:0611,117018.0,101.41,13.26,9.98,2.07,0.0
20230807:0711,504922.0,302.78,21.99,13.14,2.69,0.0
20230807:0811,912714.0,505.56,30.64,14.54,3.79,0.0
20230807:0911,1179882.0,650.27,38.74,15.59,4.48,0.0
20230807:1011,1418890.0,787.09,45.64,16.18,5.03,0.0
20230807:1111,1833964.0,1034.6,50.45,16.76,5.45,0.0
20230807:1211,508002.0,289.48,52.22,17.06,5.52,0.0
20230807:1311,1026366.0,569.2,50.49,17.4,5.66,0.0
20230807:1411,677908.0,379.69,45.7,17.45,5.86,0.0
20230807:1511,1027598.0,566.73,38.82,16.94,5.59,0.0
20230807:1611,784960.0,437.02,30.73,16.82,5.66,0.0
20230807:1711,453244.0,270.95,22.08,16.47,5.1,0.0
20230807:1811,127028.0,87.94,13.35,15.94,4.34,0.0
20230807:1911,24464.0,25.36,4.93,15.11,3.93,0.0
20230807:2011,0.0,0.0,0.0,14.05,3.79,0.0
20230807:2111,0.0,0.0,0.0,13.06,3.86,0.0
20230807:2211,0.0,0.0,0.0,12.94,4.0,0.0
20230807:2311,0.0,0.0,0.0,12.65,3.93,0.0
20230808:0011,0.0,0.0,0.0,12.76,3.66,0.0
20230808:0111,0.0,0.0,0.0,12.53,3.31,0.0
20230808:0211,0.0,0.0,0.0,12.45,3.03,0.0
20230808:0311,0.0,0.0,0.0,11.93,2.97,0.0
20230808:0411,0.0,0.0,0.0,11.37,2.97,0.0
20230808:0511,23716.0,24.48,4.63,10.83,2.97,0.0
20230808:0611,119680.0,101.12,13.05,11.52,3.17,0.0
20230808:0711,499972.0,299.15,21.78,13.21,3.45,0.0
20230808:0811,920590.0,509.39,30.43,14.47,3.93,0.0
20230808:0911,1333200.0,738.48,38.52,15.62,4.14,0.0
20230808:1011,1220406.0,678.68,45.4,16.5,4.28,0.0
20230808:1111,1757492.0,997.12,50.19,17.52,4.9,0.0
20230808:1211,1125982.0,628.18,51.94,17.92,5.1,0.0
20230808:1311,1255738.0,701.51,50.21,18.12,5.24,0.0
20230808:1411,1413368.0,790.13,45.44,17.94,5.17,0.0
20230808:1511,1010240.0,561.64,38.57,17.65,4.62,0.0
20230808:1611,937552.0,525.21,30.48,17.81,4.62,0.0
20230808:1711,511918.0,312.4,21.84,17.51,4.0,0.0
20230808:1811,107470.0,102.01,13.11,16.98,3.59,0.0
20230808:1911,15532.0,19.24,4.68,16.08,3.38,0.0
20230808:2011,0.0,0.0,0.0,14.36,3.17,0.0
20230808:2111,0.0,0.0,0.0,13.39,3.24,0.0
20230808:2211,0.0,0.0,0.0,12.41,3.31,0.0
20230808:2311,0.0,0.0,0.0,11.73,3.38,0.0
20230809:0011,0.0,0.0,0.0,11.15,3.17,0.0
20230809:0111,0.0,0.0,0.0,10.49,3.1,0.0
20230809:0211,0.0,0.0,0.0,10.03,2.97,0.0
20230809:0311,0.0,0.0,0.0,9.63,2.76,0.0
20230809:0411,0.0,0.0,0.0,9.5,2.62,0.0
20230809:0511,14916.0,18.36,4.41,9.44,2.55,0.0
20230809:0611,132638.0,92.85,12.85,10.57,2.34,0.0
20230809:0711,484924.0,291.66,21.58,13.33,2.55,0.0
20230809:0811,874632.0,486.93,30.22,15.04,3.31,0.0
20230809:0911,1334762.0,740.4,38.29,16.65,4.55,0.0
20230809:1011,1503040.0,839.06,45.15,17.97,5.59,0.0
20230809:1111,1400784.0,786.42,49.92,18.66,5.31,0.0
20230809:1211,1435478.0,814.02,51.66,19.89,5.03,0.0
20230809:1311,1052568.0,594.33,49.93,20.26,4.69,0.0
20230809:1411,681736.0,388.9,45.16,20.63,4.41,0.0
20230809:1511,852082.0,482.25,38.31,20.71,4.28,0.0
20230809:1611,384714.0,227.67,30.23,20.39,4.07,0.0
20230809:1711,245146.0,153.18,21.59,20.03,3.52,0.0
20230809:1811,117876.0,84.2,12.86,19.49,3.03,0.0
20230809:1911,16434.0,20.11,4.43,19.14,2.28,0.0
20230809:2011,0.0,0.0,0.0,18.29,2.14,0.0
20230809:2111,0.0,0.0,0.0,17.59,2.07,0.0
20230809:2211,0.0,0.0,0.0,17.12,2.0,0.0
20230809:2311,0.0,0.0,0.0,16.68,1.93,0.0
20230810:0011,0.0,0.0,0.0,16.41,1.72,0.0
20230810:0111,0.0,0.0,0.0,15.57,1.45,0.0
20230810:0211,0.0,0.0,0.0,14.8,1.17,0.0
20230810:0311,0.0,0.0,0.0,13.96,1.24,0.0
20230810:0411,0.0,0.0,0.0,13.81,1.1,0.0
20230810:0511,9834.0,14.87,4.19,14.51,0.69,0.0
20230810:0611,125378.0,90.45,12.64,15.33,0.14,0.0
20230810:0711,314864.0,192.1,21.37,16.46,0.55,0.0
20230810:0811,669988.0,385.45,30.0,18.24,1.1,0.0
20230810:0911,1068870.0,614.75,38.06,19.51,1.45,0.0
20230810:1011,1183930.0,686.86,44.9,20.71,1.79,0.0
20230810:1111,1236906.0,720.1,49.65,21.96,2.41,0.0
20230810:1211,1576432.0,931.88,51.37,23.09,3.1,0.0
20230810:1311,376376.0,226.7,49.64,23.61,3.86,0.0
20230810:1411,691944.0,401.22,44.89,23.87,3.86,0.0
20230810:1511,811250.0,468.37,38.04,23.72,3.31,0.0
20230810:1611,858110.0,497.73,29.98,23.71,3.45,0.0
20230810:1711,448712.0,282.47,21.34,23.63,3.66,0.0
20230810:1811,107228.0,96.11,12.61,23.26,3.45,0.0
20230810:1911,18502.0,21.86,4.17,22.56,3.38,0.0
20230810:2011,0.0,0.0,0.0,21.24,3.17,0.0
20230810:2111,0.0,0.0,0.0,20.42,3.1,0.0
20230810:2211,0.0,0.0,0.0,19.91,3.1,0.0
20230810:2311,0.0,0.0,0.0,19.42,3.1,0.0
20230811:0011,0.0,0.0,0.0,19.2,3.1,0.0
20230811:0111,0.0,0.0,0.0,18.82,3.31,0.0
20230811:0211,0.0,0.0,0.0,18.87,3.45,0.0
20230811:0311,0.0,0.0,0.0,18.61,3.72,0.0
20230811:0411,0.0,0.0,0.0,18.47,3.93,0.0
20230811:0511,2640.0,8.74,3.97,18.3,4.21,0.0
20230811:0611,111870.0,95.83,12.42,18.43,4.69,0.0
20230811:0711,467478.0,286.03,21.16,18.56,5.17,0.0
20230811:0811,908424.0,508.83,29.79,18.51,5.45,0.0
20230811:0911,1334344.0,743.36,37.83,18.78,5.52,0.0
20230811:1011,1474968.0,829.13,44.65,19.38,5.52,0.0
20230811:1111,1433630.0,808.46,49.37,20.18,5.93,0.0
20230811:1211,1306404.0,737.39,51.08,21.02,6.14,0.0
20230811:1311,1620696.0,927.65,49.34,21.3,5.45,0.0
20230811:1411,988658.0,558.0,44.6,21.44,5.59,0.0
20230811:1511,866140.0,489.55,37.77,21.23,5.03,0.0
20230811:1611,461714.0,269.93,29.72,21.24,4.76,0.0
20230811:1711,382514.0,235.32,21.09,21.06,3.86,0.0
20230811:1811,100936.0,94.07,12.35,20.31,3.17,0.0
20230811:1911,15246.0,19.24,3.91,19.3,3.1,0.0
20230811:2011,0.0,0.0,0.0,17.79,2.76,0.0
20230811:2111,0.0,0.0,0.0,16.74,2.76,0.0
20230811:2211,0.0,0.0,0.0,15.9,2.9,0.0
20230811:2311,0.0,0.0,0.0,15.52,3.1,0.0
20230812:0011,0.0,0.0,0.0,15.13,3.31,0.0
20230812:0111,0.0,0.0,0.0,14.5,3.45,0.0
20230812:0211,0.0,0.0,0.0,14.4,3.59,0.0
20230812:0311,0.0,0.0,0.0,14.59,3.86,0.0
20230812:0411,0.0,0.0,0.0,14.7,4.0,0.0
20230812:0511,7656.0,13.12,3.75,14.45,3.93,0.0
20230812:0611,15972.0,19.47,12.21,14.9,4.14,0.0
20230812:0711,233772.0,144.19,20.95,16.01,4.69,0.0
20230812:0811,626714.0,351.13,29.57,17.11,7.1,0.0
20230812:0911,328438.0,194.57,37.6,18.15,7.03,0.0
20230812:1011,562628.0,319.5,44.4,18.58,6.41,0.0
20230812:1111,469502.0,271.03,49.09,19.23,6.48,0.0
20230812:1211,309958.0,186.35,50.78,19.92,6.48,0.0
20230812:1311,799260.0,449.27,49.05,19.92,6.41,0.0
20230812:1411,1289068.0,723.41,44.32,19.63,5.31,0.0
20230812:1511,814550.0,452.42,37.5,17.74,5.72,0.0
20230812:1611,549318.0,313.75,29.45,18.53,4.69,0.0
20230812:1711,411422.0,251.17,20.83,18.45,3.86,0.0
20230812:1811,102212.0,92.33,12.09,18.42,4.76,0.0
20230812:1911,1826.0,7.87,3.64,17.63,4.55,0.0
20230812:2011,0.0,0.0,0.0,17.16,4.34,0.0
20230812:2111,0.0,0.0,0.0,16.63,4.41,0.0
20230812:2211,0.0,0.0,0.0,16.23,4.41,0.0
20230812:2311,0.0,0.0,0.0,15.97,4.34,0.0
20230813:0011,0.0,0.0,0.0,15.67,4.28,0.0
20230813:0111,0.0,0.0,0.0,15.37,4.07,0.0
20230813:0211,0.0,0.0,0.0,15.04,3.93,0.0
20230813:0311,0.0,0.0,0.0,15.1,3.86,0.0
20230813:0411,0.0,0.0,0.0,14.89,3.72,0.0
20230813:0511,0.0,2.62,3.53,14.85,3.66,0.0
20230813:0611,45848.0,38.94,11.99,15.05,3.66,0.0
20230813:0711,234080.0,144.32,20.73,15.66,3.79,0.0
20230813:0811,269522.0,162.18,29.35,15.96,4.34,0.0
20230813:0911,581262.0,327.16,37.37,16.37,4.48,0.0
20230813:1011,611116.0,344.5,44.14,17.13,4.69,0.0
20230813:1111,1017720.0,566.21,48.81,17.77,5.17,0.0
20230813:1211,668338.0,377.11,50.48,18.46,5.45,0.0
20230813:1311,1279916.0,716.13,48.74,18.84,5.52,0.0
20230813:1411,278146.0,168.73,44.02,18.98,5.52,0.0
20230813:1511,367048.0,216.26,37.22,18.91,5.24,0.0
20230813:1611,395890.0,231.47,29.18,18.62,4.97,0.0
20230813:1711,412236.0,251.16,20.56,18.09,4.48,0.0
20230813:1811,76472.0,57.81,11.82,17.58,3.24,0.0
20230813:1911,0.0,2.62,3.37,16.78,3.17,0.0
20230813:2011,0.0,0.0,0.0,15.72,2.9,0.0
20230813:2111,0.0,0.0,0.0,14.91,2.62,0.0
20230813:2211,0.0,0.0,0.0,14.65,2.41,0.0
20230813:2311,0.0,0.0,0.0,14.3,2.34,0.0
20230814:0011,0.0,0.0,0.0,13.85,2.41,0.0
20230814:0111,0.0,0.0,0.0,13.46,2.41,0.0
20230814:0211,0.0,0.0,0.0,13.71,2.41,0.0
20230814:0311,0.0,0.0,0.0,14.19,2.55,0.0
20230814:0411,0.0,0.0,0.0,14.52,2.62,0.0
20230814:0511,0.0,1.75,3.3,14.43,2.48,0.0
20230814:0611,6380.0,12.05,11.77,14.57,2.62,0.0
20230814:0711,257180.0,156.99,20.51,14.71,2.55,0.0
20230814:0811,75526.0,56.55,29.12,15.34,2.48,0.0
20230814:0911,80256.0,59.33,37.13,15.59,2.28,0.0
20230814:1011,98054.0,69.53,43.88,15.92,2.48,0.0
20230814:1111,196086.0,123.31,48.52,16.05,2.83,0.0
20230814:1211,322916.0,190.98,50.17,16.3,3.93,0.0
20230814:1311,318692.0,189.13,48.44,16.65,3.66,0.0
20230814:1411,119042.0,81.59,43.73,17.04,3.24,0.0
20230814:1511,194700.0,123.31,36.93,17.78,3.72,0.0
20230814:1611,854920.0,483.5,28.91,18.73,3.79,0.0
20230814:1711,306746.0,188.81,20.29,19.23,4.0,0.0
20230814:1811,57398.0,46.36,11.55,17.85,4.69,0.0
20230814:1911,8536.0,13.99,3.09,17.83,2.55,0.0
20230814:2011,0.0,0.0,0.0,17.02,2.55,0.0
20230814:2111,0.0,0.0,0.0,16.37,2.9,0.0
20230814:2211,0.0,0.0,0.0,15.81,3.52,0.0
20230814:2311,0.0,0.0,0.0,15.45,4.14,0.0
20230815:0011,0.0,0.0,0.0,15.24,3.79,0.0
20230815:0111,0.0,0.0,0.0,15.13,3.38,0.0
20230815:0211,0.0,0.0,0.0,14.96,3.03,0.0
20230815:0311,0.0,0.0,0.0,14.52,2.83,0.0
20230815:0411,0.0,0.0,0.0,13.96,2.97,0.0
20230815:0511,0.0,2.62,3.07,13.92,3.1,0.0
20230815:0611,109582.0,89.34,11.55,14.42,3.31,0.0
20230815:0711,393404.0,236.86,20.3,15.54,3.52,0.0
20230815:0811,816178.0,456.55,28.9,16.63,4.0,0.0
20230815:0911,1218888.0,681.47,36.89,17.74,3.86,0.0
20230815:1011,1252812.0,706.24,43.61,18.45,3.72,0.0
20230815:1111,1282578.0,726.69,48.23,18.85,3.72,0.0
20230815:1211,804804.0,455.78,49.86,19.39,3.79,0.0
20230815:1311,806278.0,457.17,48.12,19.85,3.86,0.0
20230815:1411,616352.0,353.31,43.43,20.01,3.45,0.0
20230815:1511,207526.0,131.65,36.65,20.12,3.17,0.0
20230815:1611,383416.0,227.24,28.63,20.19,3.17,0.0
20230815:1711,162140.0,106.71,20.01,19.73,2.97,0.0
20230815:1811,99616.0,74.09,11.28,18.99,2.69,0.0
20230815:1911,0.0,3.5,2.81,17.99,1.79,0.0
20230815:2011,0.0,0.0,0.0,16.42,1.86,0.0
20230815:2111,0.0,0.0,0.0,15.54,1.93,0.0
20230815:2211,0.0,0.0,0.0,14.49,2.0,0.0
20230815:2311,0.0,0.0,0.0,13.57,2.14,0.0
20230816:0011,0.0,0.0,0.0,12.93,2.14,0.0
20230816:0111,0.0,0.0,0.0,12.45,1.93,0.0
20230816:0211,0.0,0.0,0.0,11.9,1.86,0.0
20230816:0311,0.0,0.0,0.0,11.64,1.79,0.0
20230816:0411,0.0,0.0,0.0,11.25,1.86,0.0
20230816:0511,4730.0,10.49,2.84,11.03,1.66,0.0
20230816:0611,92730.0,66.66,11.33,11.7,1.93,0.0
20230816:0711,275550.0,166.37,20.08,12.56,1.31,0.0
20230816:0811,704132.0,397.62,28.67,14.47,1.1,0.0
20230816:0911,881826.0,500.68,36.64,16.45,0.9,0.0
20230816:1011,761794.0,437.48,43.35,17.88,0.62,0.0
20230816:1111,425084.0,251.0,47.94,18.89,0.76,0.0
20230816:1211,246334.0,152.97,49.55,19.23,1.03,0.0
20230816:1311,403392.0,239.33,47.81,19.72,1.31,0.0
20230816:1411,437558.0,258.14,43.12,20.03,1.45,0.0
20230816:1511,123596.0,85.29,36.35,19.96,1.45,0.0
20230816:1611,252714.0,156.68,28.35,19.97,1.66,0.0
20230816:1711,314358.0,194.72,19.73,19.37,2.21,0.0
20230816:1811,87758.0,65.8,10.99,18.61,2.62,0.0
20230816:1911,0.0,3.5,2.52,17.69,2.62,0.0
20230816:2011,0.0,0.0,0.0,16.3,2.55,0.0
20230816:2111,0.0,0.0,0.0,15.54,2.34,0.0
20230816:2211,0.0,0.0,0.0,14.77,2.21,0.0
20230816:2311,0.0,0.0,0.0,14.16,2.0,0.0
20230817:0011,0.0,0.0,0.0,14.32,1.93,0.0
20230817:0111,0.0,0.0,0.0,14.15,1.93,0.0
20230817:0211,0.0,0.0,0.0,14.37,2.0,0.0
20230817:0311,0.0,0.0,0.0,14.53,2.28,0.0
20230817:0411,0.0,0.0,0.0,14.5,2.21,0.0
20230817:0511,0.0,1.75,2.61,14.42,2.28,0.0
20230817:0611,42922.0,37.08,11.11,14.67,3.52,0.0
20230817:0711,250228.0,152.93,19.85,14.84,4.41,0.0
20230817:0811,582384.0,327.36,28.44,15.53,4.34,0.0
20230817:0911,620994.0,347.8,36.4,16.05,4.28,0.0
20230817:1011,524744.0,298.57,43.08,16.99,4.34,0.0
20230817:1111,753808.0,423.42,47.64,17.92,4.34,0.0
20230817:1211,610918.0,347.53,49.23,18.53,4.21,0.0
20230817:1311,887766.0,499.65,47.49,19.04,4.21,0.0
20230817:1411,1120042.0,628.91,42.81,19.2,4.41,0.0
20230817:1511,1182984.0,661.11,36.05,18.8,4.62,0.0
20230817:1611,686378.0,388.26,28.06,18.6,4.83,0.0
20230817:1711,273108.0,168.35,19.45,17.84,4.69,0.0
20230817:1811,64086.0,50.38,10.71,16.85,4.34,0.0
20230817:1911,0.0,1.75,2.23,15.29,3.93,0.0
20230817:2011,0.0,0.0,0.0,14.49,3.52,0.0
20230817:2111,0.0,0.0,0.0,13.79,3.1,0.0
20230817:2211,0.0,0.0,0.0,13.25,3.03,0.0
20230817:2311,0.0,0.0,0.0,12.81,2.9,0.0
20230818:0011,0.0,0.0,0.0,12.52,2.62,0.0
20230818:0111,0.0,0.0,0.0,12.38,2.48,0.0
20230818:0211,0.0,0.0,0.0,12.37,2.55,0.0
20230818:0311,0.0,0.0,0.0,12.24,2.69,0.0
20230818:0411,0.0,0.0,0.0,12.45,2.9,0.0
20230818:0511,0.0,0.87,2.38,12.57,3.1,0.0
20230818:0611,31328.0,29.67,10.89,13.37,3.38,0.0
20230818:0711,208758.0,129.83,19.63,14.19,3.66,0.0
20230818:0811,183568.0,115.89,28.21,15.41,5.86,0.0
20230818:0911,223036.0,137.21,36.15,15.86,5.66,0.0
20230818:1011,176022.0,112.18,42.8,16.09,5.66,0.0
20230818:1111,172326.0,110.33,47.34,16.42,5.72,0.0
20230818:1211,209286.0,130.72,48.91,17.35,5.52,0.0
20230818:1311,222772.0,138.14,47.16,17.68,5.66,0.0
20230818:1411,132132.0,89.0,42.49,17.89,5.59,0.0
20230818:1511,297682.0,178.44,35.75,17.98,5.31,0.0
20230818:1611,197582.0,125.16,27.76,18.8,5.72,0.0
20230818:1711,79288.0,59.33,19.16,18.3,4.76,0.0
20230818:1811,19646.0,22.25,10.42,17.43,4.97,0.0
20230818:1911,0.0,0.87,1.93,16.5,4.97,0.0
20230818:2011,0.0,0.0,0.0,16.16,4.83,0.0
20230818:2111,0.0,0.0,0.0,15.98,4.9,0.0
20230818:2211,0.0,0.0,0.0,15.95,4.69,0.0
20230818:2311,0.0,0.0,0.0,15.92,4.69,0.0
20230819:0011,0.0,0.0,0.0,16.22,4.62,0.0
20230819:0111,0.0,0.0,0.0,16.99,4.97,0.0
20230819:0211,0.0,0.0,0.0,17.78,5.17,0.0
20230819:0311,0.0,0.0,0.0,18.66,5.66,0.0
20230819:0411,0.0,0.0,0.0,18.96,5.66,0.0
20230819:0511,2662.0,8.74,2.14,18.23,5.31,0.0
20230819:0611,87890.0,82.08,10.66,17.48,5.52,0.0
20230819:0711,370964.0,225.69,19.4,17.7,6.21,0.0
20230819:0811,841566.0,468.2,27.98,18.36,7.79,0.0
20230819:0911,772156.0,429.93,35.9,19.05,7.45,0.0
20230819:1011,782166.0,437.56,42.53,19.91,7.66,0.0
20230819:1111,1155418.0,644.36,47.04,20.71,7.79,0.0
20230819:1211,1010548.0,567.03,48.59,21.26,7.17,0.0
20230819:1311,218988.0,138.14,46.84,21.55,7.72,0.0
20230819:1411,628694.0,358.94,42.17,21.27,6.14,0.0
20230819:1511,1226126.0,687.08,35.45,21.54,6.55,0.0
20230819:1611,557040.0,321.45,27.47,21.45,5.79,0.0
20230819:1711,240614.0,152.36,18.87,21.13,5.03,0.0
20230819:1811,90068.0,74.32,10.13,20.38,4.41,0.0
20230819:1911,0.0,4.37,1.64,19.08,4.07,0.0
20230819:2011,0.0,0.0,0.0,18.02,3.52,0.0
20230819:2111,0.0,0.0,0.0,17.24,3.45,0.0
20230819:2211,0.0,0.0,0.0,16.58,3.38,0.0
20230819:2311,0.0,0.0,0.0,16.09,3.38,0.0
20230820:0011,0.0,0.0,0.0,15.65,3.45,0.0
20230820:0111,0.0,0.0,0.0,15.37,3.66,0.0
20230820:0211,0.0,0.0,0.0,15.08,3.38,0.0
20230820:0311,0.0,0.0,0.0,14.6,2.97,0.0
20230820:0411,0.0,0.0,0.0,14.35,2.97,0.0
20230820:0511,0.0,3.5,1.91,14.27,3.1,0.0
20230820:0611,89980.0,82.46,10.43,14.82,2.97,0.0
20230820:0711,384934.0,233.24,19.18,15.88,3.38,0.0
20230820:0811,798930.0,446.69,27.74,17.29,4.97,0.0
20230820:0911,936892.0,521.79,35.65,18.62,5.1,0.0
20230820:1011,604670.0,344.01,42.25,19.35,5.03,0.0
20230820:1111,810898.0,457.4,46.73,19.9,5.03,0.0
20230820:1211,1653080.0,946.19,48.26,20.44,5.17,0.0
20230820:1311,998866.0,562.54,46.5,20.41,5.17,0.0
20230820:1411,1090826.0,614.23,41.85,20.36,4.83,0.0
20230820:1511,1224916.0,691.29,35.13,20.61,4.55,0.0
20230820:1611,740080.0,422.98,27.16,20.45,4.0,0.0
20230820:1711,429682.0,272.26,18.57,20.27,3.72,0.0
20230820:1811,82808.0,73.16,9.83,19.55,2.9,0.0
20230820:1911,0.0,1.75,1.33,18.41,2.34,0.0
20230820:2011,0.0,0.0,0.0,16.86,2.07,0.0
20230820:2111,0.0,0.0,0.0,15.31,2.0,0.0
20230820:2211,0.0,0.0,0.0,13.99,2.14,0.0
20230820:2311,0.0,0.0,0.0,13.31,2.41,0.0
20230821:0011,0.0,0.0,0.0,13.01,2.62,0.0
20230821:0111,0.0,0.0,0.0,12.91,2.9,0.0
20230821:0211,0.0,0.0,0.0,12.94,3.03,0.0
20230821:0311,0.0,0.0,0.0,12.91,3.03,0.0
20230821:0411,0.0,0.0,0.0,12.75,2.97,0.0
20230821:0511,0.0,1.75,1.67,12.58,2.97,0.0
20230821:0611,93456.0,79.81,10.2,13.08,2.9,0.0
20230821:0711,435182.0,264.36,18.95,14.99,3.31,0.0
20230821:0811,876546.0,488.68,27.51,16.48,4.41,0.0
20230821:0911,1306844.0,724.78,35.4,17.85,5.38,0.0
20230821:1011,1523016.0,852.81,41.97,18.92,5.86,0.0
20230821:1111,1651320.0,934.1,46.42,19.81,6.07,0.0
20230821:1211,1759362.0,1002.45,47.93,20.45,6.21,0.0
20230821:1311,1452484.0,822.05,46.17,20.75,5.79,0.0
20230821:1411,829620.0,467.54,41.52,20.71,5.66,0.0
20230821:1511,301356.0,182.65,34.82,21.22,6.62,0.0
20230821:1611,546084.0,315.1,26.86,20.69,4.97,0.0
20230821:1711,352220.0,220.75,18.27,20.5,4.55,0.0
20230821:1811,84326.0,69.95,9.53,19.78,4.48,0.0
20230821:1911,0.0,0.0,0.0,18.91,4.34,0.0
20230821:2011,0.0,0.0,0.0,18.18,4.28,0.0
20230821:2111,0.0,0.0,0.0,17.73,4.41,0.0
20230821:2211,0.0,0.0,0.0,16.99,4.28,0.0
20230821:2311,0.0,0.0,0.0,16.62,4.28,0.0
20230822:0011,0.0,0.0,0.0,16.36,4.21,0.0
20230822:0111,0.0,0.0,0.0,16.03,4.21,0.0
20230822:0211,0.0,0.0,0.0,16.01,4.21,0.0
20230822:0311,0.0,0.0,0.0,15.64,4.21,0.0
20230822:0411,0.0,0.0,0.0,15.38,4.21,0.0
20230822:0511,0.0,1.75,1.43,15.21,4.28,0.0
20230822:0611,86196.0,78.08,9.97,15.33,4.34,0.0
20230822:0711,413930.0,252.48,18.72,16.36,4.14,0.0
20230822:0811,850080.0,472.78,27.27,17.44,6.34,0.0
20230822:0911,847198.0,469.1,35.14,18.07,6.48,0.0
20230822:1011,1543146.0,861.63,41.69,18.9,6.34,0.0
20230822:1111,1781670.0,1005.06,46.11,19.26,6.69,0.0
20230822:1211,1579402.0,889.1,47.6,19.35,6.21,0.0
20230822:1311,710050.0,400.25,45.83,19.54,6.07,0.0
20230822:1411,1119778.0,624.96,41.19,20.02,6.21,0.0
20230822:1511,623392.0,353.7,34.5,19.93,5.59,0.0
20230822:1611,501270.0,288.8,26.55,19.33,5.17,0.0
20230822:1711,221540.0,140.36,17.96,18.9,4.69,0.0
20230822:1811,74822.0,59.42,9.22,18.2,4.07,0.0
20230822:1911,0.0,0.0,0.0,17.19,3.52,0.0
20230822:2011,0.0,0.0,0.0,16.19,3.31,0.0
20230822:2111,0.0,0.0,0.0,15.54,3.17,0.0
20230822:2211,0.0,0.0,0.0,15.14,3.03,0.0
20230822:2311,0.0,0.0,0.0,14.55,2.83,0.0
20230823:0011,0.0,0.0,0.0,14.22,2.62,0.0
20230823:0111,0.0,0.0,0.0,13.82,2.48,0.0
20230823:0211,0.0,0.0,0.0,13.74,2.48,0.0
20230823:0311,0.0,0.0,0.0,13.64,2.55,0.0
20230823:0411,0.0,0.0,0.0,13.4,2.48,0.0
20230823:0511,0.0,0.0,0.0,13.46,2.41,0.0
20230823:0611,49170.0,40.79,9.74,13.94,2.34,0.0
20230823:0711,19888.0,22.25,18.49,15.17,2.48,0.0
20230823:0811,329164.0,194.31,27.03,15.99,2.83,0.0
20230823:0911,768812.0,429.73,34.88,17.15,3.59,0.0
20230823:1011,825594.0,462.95,41.4,18.53,4.28,0.0
20230823:1111,536470.0,308.12,45.79,19.31,4.41,0.0
20230823:1211,716386.0,406.17,47.26,19.71,4.48,0.0
20230823:1311,645018.0,368.37,45.49,19.87,3.79,0.0
20230823:1411,495132.0,287.39,40.86,20.17,3.52,0.0
20230823:1511,677622.0,386.69,34.18,20.19,3.1,0.0
20230823:1611,194524.0,124.59,26.23,20.09,2.69,0.0
20230823:1711,52228.0,43.57,17.65,19.58,2.14,0.0
20230823:1811,15554.0,19.47,8.91,19.14,2.0,0.0
20230823:1911,0.0,0.0,0.0,18.34,2.07,0.0
20230823:2011,0.0,0.0,0.0,17.98,2.07,0.0
20230823:2111,0.0,0.0,0.0,17.7,2.14,0.0
20230823:2211,0.0,0.0,0.0,17.54,2.07,0.0
20230823:2311,0.0,0.0,0.0,17.27,1.86,0.0
20230824:0011,0.0,0.0,0.0,17.05,1.72,0.0
20230824:0111,0.0,0.0,0.0,16.57,1.93,0.0
20230824:0211,0.0,0.0,0.0,16.06,2.28,0.0
20230824:0311,0.0,0.0,0.0,15.84,2.48,0.0
20230824:0411,0.0,0.0,0.0,16.28,2.83,0.0
20230824:0511,0.0,0.0,0.0,16.14,3.1,0.0
20230824:0611,70048.0,54.87,9.51,15.94,3.03,0.0
20230824:0711,92818.0,66.75,18.25,16.43,1.79,0.0
20230824:0811,122254.0,83.44,26.79,16.93,1.93,0.0
20230824:0911,175824.0,113.11,34.62,17.49,2.34,0.0
20230824:1011,184052.0,117.74,41.11,17.84,2.48,0.0
20230824:1111,207460.0,130.72,45.47,18.35,2.69,0.0
20230824:1211,674608.0,384.15,46.92,18.65,2.83,0.0
20230824:1311,418308.0,245.3,45.14,19.21,3.1,0.0
20230824:1411,830456.0,469.19,40.52,19.36,3.45,0.0
20230824:1511,603966.0,343.54,33.85,19.04,3.86,0.0
20230824:1611,726374.0,411.5,25.92,18.54,4.28,0.0
20230824:1711,391754.0,247.72,17.34,17.88,3.93,0.0
20230824:1811,58344.0,60.05,8.6,17.33,3.38,0.0
20230824:1911,0.0,0.0,0.0,15.67,3.1,0.0
20230824:2011,0.0,0.0,0.0,14.42,2.9,0.0
20230824:2111,0.0,0.0,0.0,13.65,2.97,0.0
20230824:2211,0.0,0.0,0.0,12.61,2.9,0.0
20230824:2311,0.0,0.0,0.0,11.8,2.76,0.0
20230825:0011,0.0,0.0,0.0,11.3,2.48,0.0
20230825:0111,0.0,0.0,0.0,11.01,2.41,0.0
20230825:0211,0.0,0.0,0.0,10.83,2.28,0.0
20230825:0311,0.0,0.0,0.0,10.54,2.21,0.0
20230825:0411,0.0,0.0,0.0,10.74,2.21,0.0
20230825:0511,0.0,0.0,0.0,11.11,2.14,0.0
20230825:0611,87032.0,71.31,9.27,11.72,2.07,0.0
20230825:0711,359788.0,216.85,18.02,13.01,2.34,0.0
20230825:0811,756448.0,420.7,26.54,14.28,3.17,0.0
20230825:0911,891814.0,493.22,34.35,15.37,3.45,0.0
20230825:1011,1258554.0,702.21,40.82,16.03,3.45,0.0
20230825:1111,574046.0,325.37,45.15,16.75,3.59,0.0
20230825:1211,910140.0,508.42,46.58,16.8,3.52,0.0
20230825:1311,619014.0,349.88,44.79,16.79,3.31,0.0
20230825:1411,578732.0,326.91,40.18,16.45,3.66,0.0
20230825:1511,433950.0,249.49,33.52,16.21,3.66,0.0
20230825:1611,372042.0,216.74,25.59,15.6,3.1,0.0
20230825:1711,333014.0,206.62,17.02,15.45,3.1,0.0
20230825:1811,61270.0,49.64,8.28,15.05,2.97,0.0
20230825:1911,0.0,0.0,0.0,14.63,3.03,0.0
20230825:2011,0.0,0.0,0.0,13.48,2.83,0.0
20230825:2111,0.0,0.0,0.0,12.66,2.55,0.0
20230825:2211,0.0,0.0,0.0,11.98,2.34,0.0
20230825:2311,0.0,0.0,0.0,11.49,2.34,0.0
20230826:0011,0.0,0.0,0.0,11.23,2.34,0.0
20230826:0111,0.0,0.0,0.0,11.18,2.28,0.0
20230826:0211,0.0,0.0,0.0,10.69,2.21,0.0
20230826:0311,0.0,0.0,0.0,10.82,2.0,0.0
20230826:0411,0.0,0.0,0.0,10.61,1.93,0.0
20230826:0511,0.0,0.0,0.0,10.74,1.79,0.0
20230826:0611,83336.0,70.14,9.04,10.94,1.52,0.0
20230826:0711,376046.0,227.31,17.78,11.88,0.76,0.0
20230826:0811,814594.0,457.51,26.3,13.3,1.03,0.0
20230826:0911,1123254.0,635.61,34.09,14.3,0.83,0.0
20230826:1011,1308648.0,759.35,40.53,15.35,0.48,0.0
20230826:1111,1603206.0,958.46,44.83,16.01,0.55,0.0
20230826:1211,1671472.0,1004.66,46.23,16.58,0.76,0.0
20230826:1311,325138.0,193.77,44.44,16.7,1.31,0.0
20230826:1411,350834.0,206.97,39.83,16.62,2.07,0.0
20230826:1511,877008.0,491.9,33.18,16.48,2.14,0.0
20230826:1611,621500.0,352.6,25.27,16.29,2.62,0.0
20230826:1711,371756.0,234.07,16.7,15.99,2.97,0.0
20230826:1811,62436.0,51.1,7.96,15.3,2.28,0.0
20230826:1911,0.0,0.0,0.0,13.87,1.93,0.0
20230826:2011,0.0,0.0,0.0,12.68,2.21,0.0
20230826:2111,0.0,0.0,0.0,12.08,2.34,0.0
20230826:2211,0.0,0.0,0.0,11.63,2.41,0.0
20230826:2311,0.0,0.0,0.0,11.12,2.28,0.0
20230827:0011,0.0,0.0,0.0,10.79,2.07,0.0
20230827:0111,0.0,0.0,0.0,10.62,1.93,0.0
20230827:0211,0.0,0.0,0.0,10.12,1.93,0.0
20230827:0311,0.0,0.0,0.0,10.07,1.59,0.0
20230827:0411,0.0,0.0,0.0,9.83,1.59,0.0
20230827:0511,0.0,0.0,0.0,9.43,1.38,0.0
20230827:0611,67518.0,52.22,8.8,9.28,1.17,0.0
20230827:0711,118976.0,79.73,17.54,11.02,1.38,0.0
20230827:0811,442926.0,252.07,26.05,12.6,1.66,0.0
20230827:0911,885632.0,495.01,33.82,14.87,1.59,0.0
20230827:1011,504570.0,289.79,40.23,15.75,0.97,0.0
20230827:1111,812988.0,463.86,44.5,16.65,0.69,0.0
20230827:1211,860266.0,490.13,45.88,17.79,1.45,0.0
20230827:1311,1547502.0,900.12,44.08,18.29,2.21,0.0
20230827:1411,76296.0,57.48,39.48,17.47,2.55,0.0
20230827:1511,159522.0,103.84,32.84,16.73,2.55,0.0
20230827:1611,179696.0,114.96,24.94,17.03,2.55,0.0
20230827:1711,70334.0,53.77,16.38,16.21,1.59,0.0
20230827:1811,32406.0,30.59,7.63,15.32,2.0,0.0
20230827:1911,0.0,0.0,0.0,14.58,2.34,0.0
20230827:2011,0.0,0.0,0.0,14.05,2.48,0.0
20230827:2111,0.0,0.0,0.0,13.86,2.28,0.0
20230827:2211,0.0,0.0,0.0,12.93,2.48,0.0
20230827:2311,0.0,0.0,0.0,12.4,2.55,0.0
20230828:0011,0.0,0.0,0.0,11.79,2.62,0.0
20230828:0111,0.0,0.0,0.0,11.38,2.69,0.0
20230828:0211,0.0,0.0,0.0,11.16,2.55,0.0
20230828:0311,0.0,0.0,0.0,11.03,2.41,0.0
20230828:0411,0.0,0.0,0.0,10.71,2.48,0.0
20230828:0511,0.0,0.0,0.0,10.85,2.55,0.0
20230828:0611,53526.0,43.55,8.56,11.16,2.55,0.0
20230828:0711,246906.0,151.14,17.31,12.58,2.69,0.0
20230828:0811,697026.0,386.57,25.8,13.59,3.52,0.0
20230828:0911,851400.0,468.97,33.55,14.43,3.45,0.0
20230828:1011,733788.0,408.5,39.94,15.18,3.1,0.0
20230828:1111,842556.0,469.7,44.17,16.02,3.24,0.0
20230828:1211,650430.0,366.65,45.53,16.49,3.1,0.0
20230828:1311,1108712.0,621.94,43.72,16.99,3.1,0.0
20230828:1411,660198.0,372.64,39.13,17.22,2.97,0.0
20230828:1511,540760.0,308.24,32.5,17.34,2.83,0.0
20230828:1611,215336.0,134.35,24.61,17.11,2.41,0.0
20230828:1711,218240.0,139.05,16.05,16.86,2.41,0.0
20230828:1811,30800.0,29.67,7.3,16.32,2.48,0.0
20230828:1911,0.0,0.0,0.0,15.21,2.55,0.0
20230828:2011,0.0,0.0,0.0,14.59,2.62,0.0
20230828:2111,0.0,0.0,0.0,13.75,2.62,0.0
20230828:2211,0.0,0.0,0.0,13.41,2.69,0.0
20230828:2311,0.0,0.0,0.0,12.9,2.62,0.0
20230829:0011,0.0,0.0,0.0,12.05,2.62,0.0
20230829:0111,0.0,0.0,0.0,11.59,2.48,0.0
20230829:0211,0.0,0.0,0.0,11.44,2.28,0.0
20230829:0311,0.0,0.0,0.0,11.34,1.93,0.0
20230829:0411,0.0,0.0,0.0,11.18,2.0,0.0
20230829:0511,0.0,0.0,0.0,11.26,2.21,0.0
20230829:0611,51788.0,42.64,8.32,11.84,2.28,0.0
20230829:0711,194854.0,122.6,17.06,13.35,2.21,0.0
20230829:0811,188782.0,118.67,25.55,14.72,3.03,0.0
20230829:0911,222860.0,137.21,33.28,15.27,2.97,0.0
20230829:1011,738606.0,412.59,39.64,15.96,3.1,0.0
20230829:1111,914804.0,510.49,43.84,16.86,3.59,0.0
20230829:1211,929346.0,519.78,45.18,17.42,3.72,0.0
20230829:1311,928378.0,517.75,43.36,17.5,4.21,0.0
20230829:1411,1486826.0,834.76,38.77,17.84,4.55,0.0
20230829:1511,1243044.0,691.62,32.16,17.66,4.55,0.0
20230829:1611,782166.0,440.37,24.27,17.27,4.48,0.0
20230829:1711,375518.0,240.28,15.72,16.65,4.14,0.0
20230829:1811,41316.0,45.7,6.97,15.62,3.59,0.0
20230829:1911,0.0,0.0,0.0,14.58,3.45,0.0
20230829:2011,0.0,0.0,0.0,13.44,3.38,0.0
20230829:2111,0.0,0.0,0.0,13.05,3.38,0.0
20230829:2211,0.0,0.0,0.0,12.53,3.45,0.0
20230829:2311,0.0,0.0,0.0,12.36,3.59,0.0
20230830:0011,0.0,0.0,0.0,12.2,3.52,0.0
20230830:0111,0.0,0.0,0.0,11.7,3.38,0.0
20230830:0211,0.0,0.0,0.0,11.19,3.31,0.0
20230830:0311,0.0,0.0,0.0,10.89,3.31,0.0
20230830:0411,0.0,0.0,0.0,10.52,3.24,0.0
20230830:0511,0.0,0.0,0.0,10.12,3.1,0.0
20230830:0611,70796.0,66.32,8.08,10.11,2.9,0.0
20230830:0711,281556.0,170.44,16.82,11.59,2.69,0.0
20230830:0811,848342.0,467.23,25.29,13.17,3.79,0.0
20230830:0911,993520.0,544.14,33.01,14.2,4.0,0.0
20230830:1011,1350030.0,745.98,39.33,15.05,4.34,0.0
20230830:1111,1039676.0,574.03,43.51,15.91,4.62,0.0
20230830:1211,1045044.0,579.15,44.82,16.09,4.21,0.0
20230830:1311,652212.0,365.29,43.0,16.23,4.28,0.0
20230830:1411,610720.0,342.92,38.41,16.37,4.28,0.0
20230830:1511,769428.0,427.49,31.81,16.22,3.86,0.0
20230830:1611,460438.0,264.45,23.93,16.17,3.45,0.0
20230830:1711,346830.0,221.86,15.39,16.08,2.83,0.0
20230830:1811,48356.0,44.17,6.64,15.52,1.52,0.0
20230830:1911,0.0,0.0,0.0,14.39,1.59,0.0
20230830:2011,0.0,0.0,0.0,12.9,1.1,0.0
20230830:2111,0.0,0.0,0.0,11.42,1.38,0.0
20230830:2211,0.0,0.0,0.0,9.71,1.72,0.0
20230830:2311,0.0,0.0,0.0,8.72,1.79,0.0
20230831:0011,0.0,0.0,0.0,8.08,1.79,0.0
20230831:0111,0.0,0.0,0.0,7.68,1.72,0.0
20230831:0211,0.0,0.0,0.0,7.09,1.79,0.0
20230831:0311,0.0,0.0,0.0,6.82,1.59,0.0
20230831:0411,0.0,0.0,0.0,6.56,1.52,0.0
20230831:0511,0.0,0.0,0.0,6.48,1.45,0.0
20230831:0611,70202.0,61.55,7.84,7.0,0.97,0.0
20230831:0711,378510.0,227.68,16.58,9.4,0.41,0.0
20230831:0811,863236.0,488.72,25.04,12.38,0.07,0.0
20230831:0911,1185514.0,676.47,32.73,14.7,0.62,0.0
20230831:1011,1389960.0,799.02,39.03,16.27,1.52,0.0
20230831:1111,1729574.0,1010.38,43.17,17.35,2.41,0.0
20230831:1211,1782220.0,1043.85,44.46,18.03,2.76,0.0
20230831:1311,1672418.0,970.55,42.63,18.33,2.9,0.0
20230831:1411,1144704.0,647.88,38.05,18.31,2.69,0.0
20230831:1511,941512.0,530.8,31.46,18.47,2.69,0.0
20230831:1611,752334.0,430.38,23.59,18.34,2.55,0.0
20230831:1711,352858.0,230.16,15.05,18.12,2.48,0.0
20230831:1811,44176.0,40.15,6.3,16.99,2.48,0.0
20230831:1911,0.0,0.0,0.0,15.59,2.62,0.0
20230831:2011,0.0,0.0,0.0,14.73,2.41,0.0
20230831:2111,0.0,0.0,0.0,14.05,2.55,0.0
20230831:2211,0.0,0.0,0.0,13.87,2.28,0.0
20230831:2311,0.0,0.0,0.0,13.39,2.28,0.0
20230901:0011,0.0,0.0,0.0,12.9,2.14,0.0
20230901:0111,0.0,0.0,0.0,12.65,2.21,0.0
20230901:0211,0.0,0.0,0.0,12.66,2.07,0.0
20230901:0311,0.0,0.0,0.0,12.91,1.86,0.0
20230901:0411,0.0,0.0,0.0,13.13,1.93,0.0
20230901:0511,0.0,0.0,0.0,13.26,2.07,0.0
20230901:0611,50116.0,42.29,7.59,13.46,2.48,0.0
20230901:0711,100914.0,70.46,16.33,13.36,1.86,0.0
20230901:0811,158070.0,101.98,24.78,14.18,2.41,0.0
20230901:0911,161062.0,103.84,32.45,14.82,2.69,0.0
20230901:1011,257576.0,155.75,38.72,15.35,3.1,0.0
20230901:1111,196504.0,123.31,42.83,15.71,3.1,0.0
20230901:1211,163350.0,105.69,44.1,16.4,3.24,0.0
20230901:1311,226336.0,139.99,42.26,16.95,3.31,0.0
20230901:1411,242770.0,149.26,37.69,17.66,3.38,0.0
20230901:1511,291192.0,175.12,31.11,17.59,3.38,0.0
20230901:1611,308528.0,184.34,23.25,17.33,3.38,0.0
20230901:1711,109428.0,76.45,14.71,16.81,3.17,0.0
20230901:1811,19778.0,22.25,5.96,16.07,2.9,0.0
20230901:1911,0.0,0.0,0.0,15.44,2.41,0.0
20230901:2011,0.0,0.0,0.0,15.05,2.28,0.0
20230901:2111,0.0,0.0,0.0,14.62,2.07,0.0
20230901:2211,0.0,0.0,0.0,14.43,1.79,0.0
20230901:2311,0.0,0.0,0.0,14.09,1.79,0.0
20230902:0011,0.0,0.0,0.0,13.77,1.72,0.0
20230902:0111,0.0,0.0,0.0,13.44,1.66,0.0
20230902:0211,0.0,0.0,0.0,13.39,1.52,0.0
20230902:0311,0.0,0.0,0.0,13.35,1.52,0.0
20230902:0411,0.0,0.0,0.0,12.83,1.52,0.0
20230902:0511,0.0,0.0,0.0,12.39,1.38,0.0
20230902:0611,45870.0,39.56,7.35,12.0,1.52,0.0
20230902:0711,157014.0,102.01,16.09,13.48,0.9,0.0
20230902:0811,374462.0,218.87,24.53,15.15,0.97,0.0
20230902:0911,1043108.0,589.86,32.17,16.53,1.45,0.0
20230902:1011,1260556.0,722.36,38.41,17.36,1.59,0.0
20230902:1111,1461790.0,857.95,42.49,18.41,1.38,0.0
20230902:1211,1661594.0,1003.0,43.73,19.18,1.1,0.0
20230902:1311,1638406.0,980.07,41.89,19.6,1.45,0.0
20230902:1411,1381226.0,802.97,37.32,19.93,1.93,0.0
20230902:1511,1093862.0,625.3,30.75,20.14,2.28,0.0
20230902:1611,623172.0,361.21,22.9,20.16,2.41,0.0
20230902:1711,318406.0,211.72,14.37,19.92,2.07,0.0
20230902:1811,31724.0,32.74,5.62,19.36,2.07,0.0
20230902:1911,0.0,0.0,0.0,18.5,2.07,0.0
20230902:2011,0.0,0.0,0.0,16.48,2.21,0.0
20230902:2111,0.0,0.0,0.0,14.78,1.79,0.0
20230902:2211,0.0,0.0,0.0,13.61,2.07,0.0
20230902:2311,0.0,0.0,0.0,13.07,2.34,0.0
20230903:0011,0.0,0.0,0.0,12.85,2.41,0.0
20230903:0111,0.0,0.0,0.0,12.49,2.14,0.0
20230903:0211,0.0,0.0,0.0,11.82,1.86,0.0
20230903:0311,0.0,0.0,0.0,11.35,1.86,0.0
20230903:0411,0.0,0.0,0.0,11.12,2.07,0.0
20230903:0511,0.0,0.0,0.0,11.01,2.0,0.0
20230903:0611,55396.0,46.85,7.1,10.95,1.93,0.0
20230903:0711,288574.0,177.08,15.84,13.41,2.14,0.0
20230903:0811,800206.0,451.64,24.27,16.5,2.34,0.0
20230903:0911,1219702.0,686.94,31.89,18.1,3.1,0.0
20230903:1011,1546666.0,887.91,38.1,19.49,3.45,0.0
20230903:1111,1669536.0,969.78,42.15,20.62,3.72,0.0
20230903:1211,1699544.0,988.0,43.36,21.37,4.21,0.0
20230903:1311,1578126.0,909.97,41.51,21.85,4.55,0.0
20230903:1411,1396956.0,798.86,36.95,21.91,4.41,0.0
20230903:1511,1163976.0,662.16,30.39,21.93,4.14,0.0
20230903:1611,727012.0,420.67,22.55,21.54,3.66,0.0
20230903:1711,321288.0,215.34,14.02,20.92,2.83,0.0
20230903:1811,19316.0,26.48,5.27,19.69,2.34,0.0
20230903:1911,0.0,0.0,0.0,18.29,2.0,0.0
20230903:2011,0.0,0.0,0.0,16.03,1.72,0.0
20230903:2111,0.0,0.0,0.0,14.41,1.52,0.0
20230903:2211,0.0,0.0,0.0,13.77,1.24,0.0
20230903:2311,0.0,0.0,0.0,12.86,1.31,0.0
20230904:0011,0.0,0.0,0.0,11.98,1.52,0.0
20230904:0111,0.0,0.0,0.0,12.21,1.31,0.0
20230904:0211,0.0,0.0,0.0,13.01,1.03,0.0
20230904:0311,0.0,0.0,0.0,12.81,1.1,0.0
20230904:0411,0.0,0.0,0.0,12.36,1.24,0.0
20230904:0511,0.0,0.0,0.0,11.24,1.59,0.0
20230904:0611,56694.0,56.37,6.86,10.82,1.79,0.0
20230904:0711,375936.0,231.17,15.59,13.3,1.17,0.0
20230904:0811,832172.0,473.11,24.01,16.91,1.66,0.0
20230904:0911,1220208.0,696.45,31.61,19.06,2.28,0.0
20230904:1011,1517164.0,884.35,37.79,20.86,2.69,0.0
20230904:1111,1665026.0,983.54,41.8,22.25,3.1,0.0
20230904:1211,1686850.0,1001.88,43.0,23.2,3.24,0.0
20230904:1311,1593482.0,943.19,41.14,23.88,3.24,0.0
20230904:1411,1411168.0,827.75,36.58,24.37,3.17,0.0
20230904:1511,1056748.0,614.12,30.03,24.62,2.83,0.0
20230904:1611,690822.0,409.07,22.19,24.65,2.34,0.0
20230904:1711,289080.0,197.86,13.67,24.28,1.59,0.0
20230904:1811,24222.0,27.7,4.93,23.23,1.79,0.0
20230904:1911,0.0,0.0,0.0,21.2,2.48,0.0
20230904:2011,0.0,0.0,0.0,19.21,2.55,0.0
20230904:2111,0.0,0.0,0.0,17.7,2.34,0.0
20230904:2211,0.0,0.0,0.0,16.26,2.0,0.0
20230904:2311,0.0,0.0,0.0,15.15,1.52,0.0
20230905:0011,0.0,0.0,0.0,15.96,0.97,0.0
20230905:0111,0.0,0.0,0.0,15.62,0.55,0.0
20230905:0211,0.0,0.0,0.0,15.08,0.41,0.0
20230905:0311,0.0,0.0,0.0,14.6,0.62,0.0
20230905:0411,0.0,0.0,0.0,13.12,1.17,0.0
20230905:0511,0.0,0.0,0.0,11.28,1.59,0.0
20230905:0611,53834.0,53.25,6.61,11.17,1.93,0.0
20230905:0711,383416.0,236.09,15.34,13.47,1.38,0.0
20230905:0811,834020.0,473.44,23.74,16.59,1.66,0.0
20230905:0911,1218360.0,697.38,31.32,18.83,1.93,0.0
20230905:1011,1504382.0,879.28,37.47,20.61,2.34,0.0
20230905:1111,1640804.0,966.26,41.45,21.83,3.03,0.0
20230905:1211,1682296.0,989.77,42.62,22.59,3.66,0.0
20230905:1311,1597750.0,932.35,40.76,22.93,4.0,0.0
20230905:1411,1431232.0,826.17,36.21,22.83,4.0,0.0
20230905:1511,1151722.0,658.08,29.66,22.38,3.79,0.0
20230905:1611,723294.0,418.96,21.84,21.61,3.79,0.0
20230905:1711,301466.0,203.56,13.32,20.5,3.31,0.0
20230905:1811,20438.0,24.51,4.58,18.92,2.83,0.0
20230905:1911,0.0,0.0,0.0,17.12,2.76,0.0
20230905:2011,0.0,0.0,0.0,15.66,2.34,0.0
20230905:2111,0.0,0.0,0.0,14.62,2.28,0.0
20230905:2211,0.0,0.0,0.0,13.84,2.28,0.0
20230905:2311,0.0,0.0,0.0,13.46,2.28,0.0
20230906:0011,0.0,0.0,0.0,13.08,2.14,0.0
20230906:0111,0.0,0.0,0.0,12.69,2.07,0.0
20230906:0211,0.0,0.0,0.0,12.34,2.0,0.0
20230906:0311,0.0,0.0,0.0,12.01,2.0,0.0
20230906:0411,0.0,0.0,0.0,11.73,1.93,0.0
20230906:0511,0.0,0.0,0.0,11.49,1.79,0.0
20230906:0611,2420.0,8.34,6.36,11.51,1.59,0.0
20230906:0711,160556.0,104.66,15.09,14.35,1.1,0.0
20230906:0811,296670.0,177.48,23.48,15.36,0.76,0.0
20230906:0911,643390.0,367.04,31.04,16.15,0.28,0.0
20230906:1011,1359754.0,807.29,37.15,17.57,0.14,0.0
20230906:1111,1502864.0,918.12,41.1,19.61,0.14,0.0
20230906:1211,1551814.0,953.72,42.25,21.36,0.48,0.0
20230906:1311,1456686.0,881.95,40.38,22.74,0.97,0.0
20230906:1411,1254088.0,745.15,35.83,23.73,1.31,0.0
20230906:1511,1010262.0,594.26,29.3,24.4,1.38,0.0
20230906:1611,403656.0,245.28,21.48,24.7,1.45,0.0
20230906:1711,161260.0,112.42,12.97,24.65,1.24,0.0
20230906:1811,16016.0,20.23,4.22,23.67,1.72,0.0
20230906:1911,0.0,0.0,0.0,22.0,2.0,0.0
20230906:2011,0.0,0.0,0.0,20.25,1.93,0.0
20230906:2111,0.0,0.0,0.0,18.63,1.79,0.0
20230906:2211,0.0,0.0,0.0,17.32,1.72,0.0
20230906:2311,0.0,0.0,0.0,16.49,1.59,0.0
20230907:0011,0.0,0.0,0.0,16.05,1.52,0.0
20230907:0111,0.0,0.0,0.0,16.85,0.97,0.0
20230907:0211,0.0,0.0,0.0,17.13,0.48,0.0
20230907:0311,0.0,0.0,0.0,16.95,0.28,0.0
20230907:0411,0.0,0.0,0.0,16.77,0.62,0.0
20230907:0511,0.0,0.0,0.0,16.38,0.83,0.0
20230907:0611,15884.0,19.47,6.11,15.62,1.03,0.0
20230907:0711,184800.0,119.5,14.84,15.85,1.1,0.0
20230907:0811,604428.0,348.79,23.21,18.46,1.1,0.0
20230907:0911,888976.0,509.34,30.75,19.72,1.31,0.0
20230907:1011,963622.0,558.63,36.83,21.17,1.17,0.0
20230907:1111,1050566.0,612.02,40.75,22.21,1.59,0.0
20230907:1211,1438470.0,859.89,41.88,23.25,1.72,0.0
20230907:1311,816354.0,477.04,39.99,24.01,1.72,0.0
20230907:1411,1226830.0,725.64,35.45,24.59,1.79,0.0
20230907:1511,1018776.0,594.59,28.93,24.62,2.21,0.0
20230907:1611,423390.0,254.72,21.12,24.2,2.76,0.0
20230907:1711,82126.0,62.43,12.61,23.06,2.41,0.0
20230907:1811,10538.0,15.76,3.87,21.27,2.21,0.0
20230907:1911,0.0,0.0,0.0,18.89,2.21,0.0
20230907:2011,0.0,0.0,0.0,17.55,2.0,0.0
20230907:2111,0.0,0.0,0.0,16.68,1.66,0.0
20230907:2211,0.0,0.0,0.0,15.98,1.79,0.0
20230907:2311,0.0,0.0,0.0,15.48,1.86,0.0
20230908:0011,0.0,0.0,0.0,14.95,1.93,0.0
20230908:0111,0.0,0.0,0.0,14.56,2.0,0.0
20230908:0211,0.0,0.0,0.0,14.62,1.93,0.0
20230908:0311,0.0,0.0,0.0,14.43,1.66,0.0
20230908:0411,0.0,0.0,0.0,14.21,1.31,0.0
20230908:0511,0.0,0.0,0.0,14.0,1.24,0.0
20230908:0611,30470.0,30.02,5.86,13.89,1.24,0.0
20230908:0711,154220.0,101.36,14.58,14.44,0.76,0.0
20230908:0811,301444.0,180.28,22.95,15.45,0.48,0.0
20230908:0911,498740.0,288.56,30.46,16.97,0.28,0.0
20230908:1011,945318.0,549.3,36.51,18.68,0.07,0.0
20230908:1111,1204500.0,718.68,40.4,20.48,0.14,0.0
20230908:1211,1040952.0,618.5,41.5,22.05,0.21,0.0
20230908:1311,1083126.0,648.8,39.61,23.22,0.21,0.0
20230908:1411,540936.0,322.25,35.07,24.07,0.41,0.0
20230908:1511,1003816.0,594.98,28.56,24.51,0.83,0.0
20230908:1611,556710.0,334.62,20.76,24.88,1.1,0.0
20230908:1711,198000.0,138.54,12.26,24.9,1.03,0.0
20230908:1811,7832.0,13.7,3.51,24.06,1.59,0.0
20230908:1911,0.0,0.0,0.0,22.3,1.59,0.0
20230908:2011,0.0,0.0,0.0,20.29,1.79,0.0
20230908:2111,0.0,0.0,0.0,18.89,1.86,0.0
20230908:2211,0.0,0.0,0.0,17.96,1.93,0.0
20230908:2311,0.0,0.0,0.0,17.42,1.79,0.0
20230909:0011,0.0,0.0,0.0,17.12,1.66,0.0
20230909:0111,0.0,0.0,0.0,17.21,1.38,0.0
20230909:0211,0.0,0.0,0.0,16.35,1.86,0.0
20230909:0311,0.0,0.0,0.0,16.08,1.79,0.0
20230909:0411,0.0,0.0,0.0,15.74,1.72,0.0
20230909:0511,0.0,0.0,0.0,15.22,1.79,0.0
20230909:0611,14630.0,18.54,5.61,15.38,1.86,0.0
20230909:0711,175978.0,115.2,14.33,16.9,0.97,0.0
20230909:0811,183678.0,118.97,22.68,20.21,1.17,0.0
20230909:0911,719840.0,415.9,30.17,22.13,1.79,0.0
20230909:1011,1322882.0,781.54,36.19,23.72,1.93,0.0
20230909:1111,1489554.0,897.64,40.04,24.93,1.93,0.0
20230909:1211,1522268.0,923.75,41.12,25.84,2.0,0.0
20230909:1311,1400212.0,837.07,39.22,26.53,2.62,0.0
20230909:1411,1140106.0,670.71,34.69,26.5,2.76,0.0
20230909:1511,1012308.0,593.32,28.18,26.18,2.55,0.0
20230909:1611,631136.0,377.99,20.4,25.72,2.07,0.0
20230909:1711,140844.0,100.49,11.9,24.34,1.52,0.0
20230909:1811,7172.0,13.12,3.15,23.81,1.31,0.0
20230909:1911,0.0,0.0,0.0,23.01,1.72,0.0
20230909:2011,0.0,0.0,0.0,21.03,1.79,0.0
20230909:2111,0.0,0.0,0.0,19.58,1.86,0.0
20230909:2211,0.0,0.0,0.0,18.65,1.86,0.0
20230909:2311,0.0,0.0,0.0,17.76,1.72,0.0
20230910:0011,0.0,0.0,0.0,16.98,1.52,0.0
20230910:0111,0.0,0.0,0.0,16.79,1.59,0.0
20230910:0211,0.0,0.0,0.0,16.49,1.45,0.0
20230910:0311,0.0,0.0,0.0,16.35,1.45,0.0
20230910:0411,0.0,0.0,0.0,16.25,1.59,0.0
20230910:0511,0.0,0.0,0.0,16.23,1.59,0.0
20230910:0611,32956.0,37.37,5.36,16.43,1.59,0.0
20230910:0711,205282.0,132.39,14.07,16.61,1.24,0.0
20230910:0811,745910.0,426.13,22.41,17.5,1.38,0.0
20230910:0911,748198.0,426.17,29.87,19.23,1.72,0.0
20230910:1011,648362.0,374.84,35.87,21.92,2.28,0.0
20230910:1111,142780.0,97.35,39.69,23.43,2.48,0.0
20230910:1211,238986.0,152.05,40.74,24.76,2.48,0.0
20230910:1311,926662.0,540.58,38.83,24.88,2.41,0.0
20230910:1411,783574.0,454.79,34.3,24.47,2.69,0.0
20230910:1511,209748.0,135.11,27.81,23.66,2.07,0.0
20230910:1611,254320.0,159.89,20.03,22.97,1.59,0.0
20230910:1711,65362.0,52.28,11.54,22.16,1.31,0.0
20230910:1811,4356.0,10.49,2.79,21.35,0.21,0.0
20230910:1911,0.0,0.0,0.0,20.7,1.59,0.0
20230910:2011,0.0,0.0,0.0,20.25,1.93,0.0
20230910:2111,0.0,0.0,0.0,19.79,1.93,0.0
20230910:2211,0.0,0.0,0.0,19.3,2.0,0.0
20230910:2311,0.0,0.0,0.0,19.03,2.07,0.0
20230911:0011,0.0,0.0,0.0,18.51,2.28,0.0
20230911:0111,0.0,0.0,0.0,17.98,2.28,0.0
20230911:0211,0.0,0.0,0.0,17.73,2.55,0.0
20230911:0311,0.0,0.0,0.0,17.72,2.83,0.0
20230911:0411,0.0,0.0,0.0,17.44,3.17,0.0
20230911:0511,0.0,0.0,0.0,17.52,3.38,0.0
20230911:0611,28446.0,31.52,5.11,17.49,3.38,0.0
20230911:0711,221342.0,142.46,13.82,18.18,3.38,0.0
20230911:0811,550198.0,314.0,22.14,18.65,4.83,0.0
20230911:0911,553454.0,315.01,29.58,19.44,5.17,0.0
20230911:1011,530222.0,304.68,35.54,20.27,4.76,0.0
20230911:1111,541662.0,312.19,39.33,20.87,4.62,0.0
20230911:1211,295284.0,179.86,40.36,21.05,4.28,0.0
20230911:1311,152790.0,101.98,38.44,21.45,4.07,0.0
20230911:1411,136994.0,92.71,33.92,20.15,3.24,0.0
20230911:1511,311410.0,187.95,27.43,20.25,3.03,0.0
20230911:1611,134772.0,91.46,19.66,19.99,2.76,0.0
20230911:1711,152812.0,106.81,11.18,19.48,2.28,0.0
20230911:1811,4444.0,10.49,2.43,18.78,2.28,0.0
20230911:1911,0.0,0.0,0.0,17.33,2.07,0.0
20230911:2011,0.0,0.0,0.0,16.74,2.0,0.0
20230911:2111,0.0,0.0,0.0,16.09,2.07,0.0
20230911:2211,0.0,0.0,0.0,15.8,1.72,0.0
20230911:2311,0.0,0.0,0.0,15.59,1.66,0.0
20230912:0011,0.0,0.0,0.0,15.41,1.79,0.0
20230912:0111,0.0,0.0,0.0,15.19,1.79,0.0
20230912:0211,0.0,0.0,0.0,15.06,1.86,0.0
20230912:0311,0.0,0.0,0.0,14.89,2.14,0.0
20230912:0411,0.0,0.0,0.0,14.65,2.55,0.0
20230912:0511,0.0,0.0,0.0,14.28,2.97,0.0
20230912:0611,21692.0,24.36,4.85,13.94,3.31,0.0
20230912:0711,14784.0,18.54,13.56,13.84,3.38,0.0
20230912:0811,240658.0,145.58,21.86,13.81,3.59,0.0
20230912:0911,346940.0,201.29,29.28,13.93,3.59,0.0
20230912:1011,180906.0,114.03,35.21,14.11,3.93,0.0
20230912:1111,182578.0,114.96,38.97,14.19,3.93,0.0
20230912:1211,187990.0,117.74,39.98,14.09,4.55,0.0
20230912:1311,309254.0,181.55,38.05,13.95,4.83,0.0
20230912:1411,205700.0,127.01,33.53,13.88,4.83,0.0
20230912:1511,191752.0,119.6,27.05,13.93,5.17,0.0
20230912:1611,161282.0,103.26,19.29,13.68,5.03,0.0
20230912:1711,126632.0,87.52,10.81,13.33,4.62,0.0
20230912:1811,1914.0,7.87,2.07,12.85,4.07,0.0
20230912:1911,0.0,0.0,0.0,12.64,3.93,0.0
20230912:2011,0.0,0.0,0.0,12.16,3.93,0.0
20230912:2111,0.0,0.0,0.0,11.75,3.93,0.0
20230912:2211,0.0,0.0,0.0,11.29,3.79,0.0
20230912:2311,0.0,0.0,0.0,10.85,3.59,0.0
20230913:0011,0.0,0.0,0.0,10.8,3.45,0.0
20230913:0111,0.0,0.0,0.0,10.85,3.45,0.0
20230913:0211,0.0,0.0,0.0,10.81,3.38,0.0
20230913:0311,0.0,0.0,0.0,10.7,3.31,0.0
20230913:0411,0.0,0.0,0.0,10.36,3.31,0.0
20230913:0511,0.0,0.0,0.0,10.8,3.31,0.0
20230913:0611,27918.0,34.37,4.6,10.29,2.9,0.0
20230913:0711,388828.0,236.97,13.3,10.31,2.76,0.0
20230913:0811,858462.0,473.76,21.59,12.27,2.76,0.0
20230913:0911,1235432.0,682.16,28.98,13.84,2.97,0.0
20230913:1011,1507968.0,852.33,34.88,14.89,2.55,0.0
20230913:1111,1547766.0,891.8,38.61,15.41,1.79,0.0
20230913:1211,977064.0,551.84,39.59,15.67,1.24,0.0
20230913:1311,1005202.0,568.47,37.66,15.94,1.24,0.0
20230913:1411,931854.0,522.6,33.14,16.06,1.79,0.0
20230913:1511,1019964.0,570.36,26.67,16.02,2.28,0.0
20230913:1611,538780.0,309.44,18.92,15.91,2.48,0.0
20230913:1711,131846.0,92.21,10.45,15.61,2.55,0.0
20230913:1811,0.0,5.25,1.7,14.94,2.62,0.0
20230913:1911,0.0,0.0,0.0,14.3,2.97,0.0
20230913:2011,0.0,0.0,0.0,13.77,3.52,0.0
20230913:2111,0.0,0.0,0.0,13.68,4.21,0.0
20230913:2211,0.0,0.0,0.0,13.62,4.62,0.0
20230913:2311,0.0,0.0,0.0,13.59,4.62,0.0
20230914:0011,0.0,0.0,0.0,13.96,4.62,0.0
20230914:0111,0.0,0.0,0.0,14.3,4.55,0.0
20230914:0211,0.0,0.0,0.0,14.63,4.62,0.0
20230914:0311,0.0,0.0,0.0,14.81,4.69,0.0
20230914:0411,0.0,0.0,0.0,14.8,4.41,0.0
20230914:0511,0.0,0.0,0.0,14.67,3.93,0.0
20230914:0611,0.0,4.64,4.34,14.5,3.45,0.0
20230914:0711,61490.0,48.21,13.04,14.53,2.97,0.0
20230914:0811,270820.0,162.59,21.31,15.13,2.76,0.0
20230914:0911,824626.0,457.47,28.68,16.07,3.24,0.0
20230914:1011,1142680.0,638.77,34.55,16.79,3.03,0.0
20230914:1111,837188.0,469.07,38.24,17.63,3.24,0.0
20230914:1211,892166.0,500.23,39.2,18.43,3.72,0.0
20230914:1311,604494.0,343.37,37.26,18.67,3.79,0.0
20230914:1411,1192686.0,670.06,32.75,18.77,3.72,0.0
20230914:1511,367400.0,216.24,26.29,18.55,3.31,0.0
20230914:1611,484330.0,282.27,18.55,18.18,2.83,0.0
20230914:1711,34870.0,32.45,10.08,17.64,2.0,0.0
20230914:1811,0.0,0.87,1.34,16.56,1.52,0.0
20230914:1911,0.0,0.0,0.0,15.1,1.38,0.0
20230914:2011,0.0,0.0,0.0,14.59,0.97,0.0
20230914:2111,0.0,0.0,0.0,14.6,0.76,0.0
20230914:2211,0.0,0.0,0.0,14.47,0.69,0.0
20230914:2311,0.0,0.0,0.0,13.98,0.83,0.0
20230915:0011,0.0,0.0,0.0,13.93,1.24,0.0
20230915:0111,0.0,0.0,0.0,13.79,1.66,0.0
20230915:0211,0.0,0.0,0.0,13.62,1.66,0.0
20230915:0311,0.0,0.0,0.0,13.32,1.66,0.0
20230915:0411,0.0,0.0,0.0,13.25,1.59,0.0
20230915:0511,0.0,0.0,0.0,13.33,1.59,0.0
20230915:0611,2376.0,8.34,4.09,13.33,1.52,0.0
20230915:0711,32802.0,30.59,12.78,13.09,1.79,0.0
20230915:0811,74580.0,55.63,21.04,13.47,1.86,0.0
20230915:0911,200948.0,125.16,28.38,14.17,1.72,0.0
20230915:1011,419386.0,241.77,34.22,14.99,1.72,0.0
20230915:1111,312752.0,186.23,37.88,15.74,1.31,0.0
20230915:1211,486816.0,280.74,38.82,16.44,1.03,0.0
20230915:1311,501226.0,288.78,36.87,16.95,1.17,0.0
20230915:1411,983818.0,560.13,32.36,17.76,1.17,0.0
20230915:1511,793430.0,451.61,25.91,18.17,1.17,0.0
20230915:1611,454982.0,267.67,18.18,18.35,1.66,0.0
20230915:1711,161128.0,115.23,9.71,17.96,1.79,0.0
20230915:1811,0.0,0.0,0.0,17.34,2.07,0.0
20230915:1911,0.0,0.0,0.0,15.68,2.62,0.0
20230915:2011,0.0,0.0,0.0,15.12,2.62,0.0
20230915:2111,0.0,0.0,0.0,14.71,2.41,0.0
20230915:2211,0.0,0.0,0.0,14.42,2.34,0.0
20230915:2311,0.0,0.0,0.0,13.81,2.62,0.0
20230916:0011,0.0,0.0,0.0,13.68,2.83,0.0
20230916:0111,0.0,0.0,0.0,13.58,2.97,0.0
20230916:0211,0.0,0.0,0.0,13.48,3.03,0.0
20230916:0311,0.0,0.0,0.0,13.75,3.24,0.0
20230916:0411,0.0,0.0,0.0,13.5,3.59,0.0
20230916:0511,0.0,0.0,0.0,13.46,3.72,0.0
20230916:0611,0.0,2.78,3.83,13.44,3.93,0.0
20230916:0711,143110.0,94.84,12.51,13.37,4.41,0.0
20230916:0811,124520.0,83.44,20.76,13.93,5.45,0.0
20230916:0911,115654.0,78.8,28.08,14.65,5.66,0.0
20230916:1011,101838.0,71.39,33.88,15.46,5.72,0.0
20230916:1111,273306.0,164.1,37.51,16.17,5.72,0.0
20230916:1211,217756.0,134.43,38.43,15.81,5.24,0.0
20230916:1311,260304.0,156.68,36.47,15.27,5.24,0.0
20230916:1411,470162.0,265.57,31.97,14.92,5.38,0.0
20230916:1511,178838.0,113.11,25.53,14.91,6.0,0.0
20230916:1611,369666.0,215.09,17.8,15.09,6.21,0.0
20230916:1711,26840.0,26.89,9.34,14.76,5.17,0.0
20230916:1811,0.0,0.0,0.0,14.35,4.48,0.0
20230916:1911,0.0,0.0,0.0,14.18,4.48,0.0
20230916:2011,0.0,0.0,0.0,14.13,4.14,0.0
20230916:2111,0.0,0.0,0.0,14.18,3.72,0.0
20230916:2211,0.0,0.0,0.0,14.21,3.45,0.0
20230916:2311,0.0,0.0,0.0,14.18,3.31,0.0
20230917:0011,0.0,0.0,0.0,14.22,3.31,0.0
20230917:0111,0.0,0.0,0.0,14.25,2.97,0.0
20230917:0211,0.0,0.0,0.0,14.32,2.97,0.0
20230917:0311,0.0,0.0,0.0,14.36,2.97,0.0
20230917:0411,0.0,0.0,0.0,14.36,2.83,0.0
20230917:0511,0.0,0.0,0.0,14.21,2.48,0.0
20230917:0611,0.0,2.78,3.57,14.26,2.48,0.0
20230917:0711,42878.0,37.08,12.25,14.78,3.38,0.0
20230917:0811,282898.0,168.73,20.48,15.29,3.93,0.0
20230917:0911,237930.0,145.32,27.78,16.09,4.76,0.0
20230917:1011,397584.0,230.17,33.55,17.05,5.38,0.0
20230917:1111,150876.0,99.2,37.15,17.61,5.59,0.0
20230917:1211,495462.0,283.04,38.04,18.03,5.52,0.0
20230917:1311,729256.0,407.3,36.07,18.29,5.45,0.0
20230917:1411,668954.0,374.45,31.57,18.14,5.17,0.0
20230917:1511,553300.0,312.99,25.14,17.88,4.62,0.0
20230917:1611,92510.0,66.75,17.43,17.53,4.28,0.0
20230917:1711,37972.0,34.3,8.98,16.93,4.48,0.0
20230917:1811,0.0,0.0,0.0,16.11,4.07,0.0
20230917:1911,0.0,0.0,0.0,15.56,3.38,0.0
20230917:2011,0.0,0.0,0.0,15.41,3.66,0.0
20230917:2111,0.0,0.0,0.0,15.32,4.0,0.0
20230917:2211,0.0,0.0,0.0,15.18,3.45,0.0
20230917:2311,0.0,0.0,0.0,14.95,3.24,0.0
20230918:0011,0.0,0.0,0.0,14.95,3.45,0.0
20230918:0111,0.0,0.0,0.0,14.98,3.31,0.0
20230918:0211,0.0,0.0,0.0,15.17,3.17,0.0
20230918:0311,0.0,0.0,0.0,15.43,3.1,0.0
20230918:0411,0.0,0.0,0.0,15.65,3.03,0.0
20230918:0511,0.0,0.0,0.0,15.86,3.24,0.0
20230918:0611,6314.0,12.05,3.31,16.13,3.72,0.0
20230918:0711,41162.0,36.16,11.98,15.85,3.79,0.0
20230918:0811,73722.0,55.63,20.2,16.12,4.34,0.0
20230918:0911,690184.0,382.78,27.47,16.48,4.97,0.0
20230918:1011,351758.0,205.48,33.21,16.08,4.76,0.0
20230918:1111,88462.0,63.97,36.78,15.75,4.69,0.0
20230918:1211,212740.0,131.65,37.65,15.57,4.97,0.0
20230918:1311,451968.0,256.39,35.68,14.55,4.76,0.0
20230918:1411,682638.0,374.94,31.18,14.01,4.9,0.0
20230918:1511,889856.0,482.36,24.76,13.71,5.86,0.0
20230918:1611,471130.0,268.62,17.05,13.85,5.59,0.0
20230918:1711,164934.0,118.4,8.61,13.36,6.0,0.0
20230918:1811,0.0,0.0,0.0,12.14,5.72,0.0
20230918:1911,0.0,0.0,0.0,11.65,4.76,0.0
20230918:2011,0.0,0.0,0.0,11.28,5.1,0.0
20230918:2111,0.0,0.0,0.0,11.04,5.03,0.0
20230918:2211,0.0,0.0,0.0,11.19,4.9,0.0
20230918:2311,0.0,0.0,0.0,10.99,4.9,0.0
20230919:0011,0.0,0.0,0.0,10.78,5.17,0.0
20230919:0111,0.0,0.0,0.0,10.72,5.31,0.0
20230919:0211,0.0,0.0,0.0,10.96,5.24,0.0
20230919:0311,0.0,0.0,0.0,11.42,5.45,0.0
20230919:0411,0.0,0.0,0.0,11.69,5.45,0.0
20230919:0511,0.0,0.0,0.0,11.32,5.1,0.0
20230919:0611,0.0,3.71,3.05,11.02,4.21,0.0
20230919:0711,39138.0,34.3,11.72,11.35,4.55,0.0
20230919:0811,101772.0,70.46,19.92,12.31,5.66,0.0
20230919:0911,200882.0,124.23,27.16,14.0,8.0,0.0
20230919:1011,125092.0,84.37,32.87,16.21,10.0,0.0
20230919:1111,458436.0,261.23,36.41,17.39,9.31,0.0
20230919:1211,309650.0,184.42,37.26,18.11,7.79,0.0
20230919:1311,142758.0,94.56,35.28,17.32,6.97,0.0
20230919:1411,228580.0,140.92,30.78,17.25,6.28,0.0
20230919:1511,81422.0,60.26,24.37,17.18,6.55,0.0
20230919:1611,102740.0,72.31,16.68,17.09,7.59,0.0
20230919:1711,6292.0,12.05,8.24,16.83,7.72,0.0
20230919:1811,0.0,0.0,0.0,16.67,7.17,0.0
20230919:1911,0.0,0.0,0.0,16.85,7.59,0.0
20230919:2011,0.0,0.0,0.0,16.72,7.66,0.0
20230919:2111,0.0,0.0,0.0,16.96,8.07,0.0
20230919:2211,0.0,0.0,0.0,16.88,8.34,0.0
20230919:2311,0.0,0.0,0.0,16.76,8.28,0.0
20230920:0011,0.0,0.0,0.0,16.94,8.34,0.0
20230920:0111,0.0,0.0,0.0,16.91,8.41,0.0
20230920:0211,0.0,0.0,0.0,17.06,8.62,0.0
20230920:0311,0.0,0.0,0.0,17.32,8.69,0.0
20230920:0411,0.0,0.0,0.0,17.27,8.69,0.0
20230920:0511,0.0,0.0,0.0,17.27,8.62,0.0
20230920:0611,0.0,1.85,2.79,17.11,8.69,0.0
20230920:0711,6248.0,12.05,11.45,17.47,9.31,0.0
20230920:0811,48400.0,40.79,19.63,17.32,9.03,0.0
20230920:0911,319242.0,187.93,26.85,16.99,8.9,0.0
20230920:1011,338184.0,198.22,32.53,17.15,9.1,0.0
20230920:1111,367796.0,214.03,36.04,17.24,8.76,0.0
20230920:1211,191136.0,120.52,36.87,16.91,8.0,0.0
20230920:1311,1068452.0,583.77,34.88,16.58,6.83,0.0
20230920:1411,851202.0,466.96,30.39,16.45,6.07,0.0
20230920:1511,225720.0,138.89,23.99,16.48,5.66,0.0
20230920:1611,60984.0,48.21,16.3,16.37,5.52,0.0
20230920:1711,8558.0,13.91,7.87,15.79,4.76,0.0
20230920:1811,0.0,0.0,0.0,15.07,4.34,0.0
20230920:1911,0.0,0.0,0.0,13.81,3.93,0.0
20230920:2011,0.0,0.0,0.0,13.32,3.79,0.0
20230920:2111,0.0,0.0,0.0,13.12,3.72,0.0
20230920:2211,0.0,0.0,0.0,12.48,3.79,0.0
20230920:2311,0.0,0.0,0.0,11.96,3.86,0.0
20230921:0011,0.0,0.0,0.0,11.42,3.52,0.0
20230921:0111,0.0,0.0,0.0,11.01,3.38,0.0
20230921:0211,0.0,0.0,0.0,10.66,3.31,0.0
20230921:0311,0.0,0.0,0.0,10.32,3.31,0.0
20230921:0411,0.0,0.0,0.0,10.0,3.24,0.0
20230921:0511,0.0,0.0,0.0,9.55,3.1,0.0
20230921:0611,7832.0,15.68,2.53,9.11,3.1,0.0
20230921:0711,373824.0,229.23,11.18,9.73,3.31,0.0
20230921:0811,830170.0,454.32,19.35,11.31,3.59,0.0
20230921:0911,1221594.0,663.29,26.55,12.86,4.41,0.0
20230921:1011,1416052.0,776.86,32.19,13.93,4.55,0.0
20230921:1111,389862.0,224.34,35.67,14.86,4.9,0.0
20230921:1211,831952.0,457.36,36.48,15.5,5.17,0.0
20230921:1311,1145364.0,628.83,34.48,15.67,4.97,0.0
20230921:1411,1088032.0,597.88,29.99,15.59,4.34,0.0
20230921:1511,1036728.0,571.97,23.6,15.46,3.79,0.0
20230921:1611,584892.0,335.73,15.93,15.2,3.17,0.0
20230921:1711,160380.0,120.77,7.49,14.53,2.14,0.0
20230921:1811,0.0,0.0,0.0,13.53,1.93,0.0
20230921:1911,0.0,0.0,0.0,11.67,2.14,0.0
20230921:2011,0.0,0.0,0.0,10.39,2.0,0.0
20230921:2111,0.0,0.0,0.0,9.1,1.86,0.0
20230921:2211,0.0,0.0,0.0,7.97,1.86,0.0
20230921:2311,0.0,0.0,0.0,7.11,1.86,0.0
20230922:0011,0.0,0.0,0.0,6.63,1.86,0.0
20230922:0111,0.0,0.0,0.0,6.54,2.0,0.0
20230922:0211,0.0,0.0,0.0,6.56,2.21,0.0
20230922:0311,0.0,0.0,0.0,6.63,2.34,0.0
20230922:0411,0.0,0.0,0.0,7.14,2.21,0.0
20230922:0511,0.0,0.0,0.0,7.35,2.28,0.0
20230922:0611,0.0,3.71,2.27,7.72,2.21,0.0
20230922:0711,267300.0,166.41,10.91,9.37,2.21,0.0
20230922:0811,573980.0,317.21,19.06,11.33,3.86,0.0
20230922:0911,583858.0,321.77,26.23,12.46,3.86,0.0
20230922:1011,584782.0,324.68,31.85,13.66,3.72,0.0
20230922:1111,563156.0,315.33,35.3,14.62,3.59,0.0
20230922:1211,717332.0,397.99,36.08,14.77,3.17,0.0
20230922:1311,664532.0,369.49,34.08,15.2,3.66,0.0
20230922:1411,723470.0,400.76,29.6,15.33,3.45,0.0
20230922:1511,579546.0,324.57,23.22,15.43,3.38,0.0
20230922:1611,328394.0,194.88,15.55,14.9,2.76,0.0
20230922:1711,60984.0,49.73,7.12,13.45,2.28,0.0
20230922:1811,0.0,0.0,0.0,12.61,2.55,0.0
20230922:1911,0.0,0.0,0.0,11.55,2.83,0.0
20230922:2011,0.0,0.0,0.0,10.79,2.69,0.0
20230922:2111,0.0,0.0,0.0,10.14,2.83,0.0
20230922:2211,0.0,0.0,0.0,9.81,2.9,0.0
20230922:2311,0.0,0.0,0.0,9.59,2.97,0.0
20230923:0011,0.0,0.0,0.0,9.49,2.9,0.0
20230923:0111,0.0,0.0,0.0,9.43,2.76,0.0
20230923:0211,0.0,0.0,0.0,9.43,2.55,0.0
20230923:0311,0.0,0.0,0.0,9.12,2.48,0.0
20230923:0411,0.0,0.0,0.0,9.12,2.34,0.0
20230923:0511,0.0,0.0,0.0,8.79,2.28,0.0
20230923:0611,726.0,6.49,2.0,8.82,1.86,0.0
20230923:0711,140184.0,93.11,10.64,9.79,0.97,0.0
20230923:0811,284592.0,167.94,18.78,11.26,0.76,0.0
20230923:0911,133342.0,88.08,25.92,12.2,0.48,0.0
20230923:1011,925518.0,510.88,31.51,12.84,1.72,0.0
20230923:1111,881342.0,486.63,34.93,14.08,2.62,0.0
20230923:1211,542916.0,305.19,35.69,14.89,3.59,0.0
20230923:1311,591778.0,330.81,33.68,15.33,4.0,0.0
20230923:1411,291786.0,173.41,29.2,15.36,4.14,0.0
20230923:1511,531300.0,297.91,22.83,15.07,4.14,0.0
20230923:1611,192500.0,120.95,15.17,14.64,3.86,0.0
20230923:1711,79750.0,63.3,6.75,13.89,3.17,0.0
20230923:1811,0.0,0.0,0.0,12.88,2.62,0.0
20230923:1911,0.0,0.0,0.0,12.14,2.62,0.0
20230923:2011,0.0,0.0,0.0,11.18,3.03,0.0
20230923:2111,0.0,0.0,0.0,10.8,3.52,0.0
20230923:2211,0.0,0.0,0.0,10.87,4.28,0.0
20230923:2311,0.0,0.0,0.0,11.14,4.76,0.0
20230924:0011,0.0,0.0,0.0,11.33,5.03,0.0
20230924:0111,0.0,0.0,0.0,11.52,5.52,0.0
20230924:0211,0.0,0.0,0.0,11.82,5.66,0.0
20230924:0311,0.0,0.0,0.0,12.17,5.66,0.0
20230924:0411,0.0,0.0,0.0,12.84,5.59,0.0
20230924:0511,0.0,0.0,0.0,13.59,5.38,0.0
20230924:0611,0.0,1.85,1.74,14.16,5.1,0.0
20230924:0711,19932.0,22.25,10.37,14.82,5.17,0.0
20230924:0811,228250.0,139.73,18.49,15.55,5.31,0.0
20230924:0911,196592.0,123.29,25.61,16.24,5.17,0.0
20230924:1011,91322.0,65.82,31.17,16.74,5.72,0.0
20230924:1111,83050.0,61.19,34.55,17.19,6.97,0.0
20230924:1211,124168.0,84.37,35.3,17.35,6.48,0.0
20230924:1311,97658.0,69.53,33.28,17.31,6.9,0.0
20230924:1411,43780.0,38.01,28.81,17.67,6.97,0.0
20230924:1511,385198.0,223.49,22.45,18.17,7.24,0.0
20230924:1611,141812.0,94.76,14.79,18.69,7.86,0.0
20230924:1711,3168.0,9.27,6.38,18.51,8.14,0.0
20230924:1811,0.0,0.0,0.0,18.08,8.55,0.0
20230924:1911,0.0,0.0,0.0,17.86,8.55,0.0
20230924:2011,0.0,0.0,0.0,17.52,9.1,0.0
20230924:2111,0.0,0.0,0.0,17.21,9.31,0.0
20230924:2211,0.0,0.0,0.0,16.94,9.03,0.0
20230924:2311,0.0,0.0,0.0,16.54,8.55,0.0
20230925:0011,0.0,0.0,0.0,16.44,7.17,0.0
20230925:0111,0.0,0.0,0.0,16.14,6.21,0.0
20230925:0211,0.0,0.0,0.0,15.45,5.72,0.0
20230925:0311,0.0,0.0,0.0,14.84,5.66,0.0
20230925:0411,0.0,0.0,0.0,14.26,5.45,0.0
20230925:0511,0.0,0.0,0.0,13.7,5.38,0.0
20230925:0611,0.0,2.78,1.48,13.3,5.31,0.0
20230925:0711,283602.0,179.42,10.1,13.64,5.38,0.0
20230925:0811,753676.0,417.76,18.2,14.77,4.83,0.0
20230925:0911,1087064.0,592.63,25.3,15.93,6.14,0.0
20230925:1011,1254220.0,686.61,30.82,16.97,6.76,0.0
20230925:1111,1383712.0,762.75,34.18,17.73,6.9,0.0
20230925:1211,1251338.0,690.35,34.9,18.37,6.97,0.0
20230925:1311,680658.0,379.9,32.88,18.59,7.03,0.0
20230925:1411,1193852.0,659.26,28.41,18.65,6.34,0.0
20230925:1511,734646.0,409.7,22.06,18.36,5.52,0.0
20230925:1611,348898.0,208.77,14.42,18.03,4.48,0.0
20230925:1711,40656.0,37.5,6.01,17.32,3.59,0.0
20230925:1811,0.0,0.0,0.0,15.8,3.03,0.0
20230925:1911,0.0,0.0,0.0,14.98,3.03,0.0
20230925:2011,0.0,0.0,0.0,14.18,2.97,0.0
20230925:2111,0.0,0.0,0.0,13.45,2.97,0.0
20230925:2211,0.0,0.0,0.0,12.87,2.97,0.0
20230925:2311,0.0,0.0,0.0,12.34,2.97,0.0
20230926:0011,0.0,0.0,0.0,11.92,2.97,0.0
20230926:0111,0.0,0.0,0.0,11.63,3.03,0.0
20230926:0211,0.0,0.0,0.0,11.42,3.1,0.0
20230926:0311,0.0,0.0,0.0,11.4,3.24,0.0
20230926:0411,0.0,0.0,0.0,11.41,3.31,0.0
20230926:0511,0.0,0.0,0.0,11.31,3.59,0.0
20230926:0611,0.0,0.0,0.0,11.23,3.79,0.0
20230926:0711,152548.0,101.67,9.83,12.72,4.69,0.0
20230926:0811,101354.0,70.46,17.91,13.12,5.38,0.0
20230926:0911,335346.0,194.44,24.98,14.18,5.79,0.0
20230926:1011,223740.0,137.21,30.48,15.22,5.72,0.0
20230926:1111,682440.0,376.52,33.81,15.57,6.21,0.0
20230926:1211,1004366.0,549.79,34.51,16.06,5.86,0.0
20230926:1311,1340240.0,741.0,32.48,17.49,5.79,0.0
20230926:1411,177408.0,114.03,28.02,18.59,6.55,0.0
20230926:1511,308352.0,183.93,21.67,18.89,6.55,0.0
20230926:1611,418088.0,247.02,14.04,18.19,5.45,0.0
20230926:1711,103202.0,88.31,5.64,17.12,4.55,0.0
20230926:1811,0.0,0.0,0.0,15.84,3.93,0.0
20230926:1911,0.0,0.0,0.0,14.42,3.45,0.0
20230926:2011,0.0,0.0,0.0,14.12,3.52,0.0
20230926:2111,0.0,0.0,0.0,14.11,3.86,0.0
20230926:2211,0.0,0.0,0.0,13.51,3.86,0.0
20230926:2311,0.0,0.0,0.0,12.9,3.59,0.0
20230927:0011,0.0,0.0,0.0,12.36,3.38,0.0
20230927:0111,0.0,0.0,0.0,11.75,3.03,0.0
20230927:0211,0.0,0.0,0.0,11.26,2.69,0.0
20230927:0311,0.0,0.0,0.0,10.89,2.41,0.0
20230927:0411,0.0,0.0,0.0,10.65,2.07,0.0
20230927:0511,0.0,0.0,0.0,10.19,2.28,0.0
20230927:0611,0.0,0.0,0.0,9.74,2.34,0.0
20230927:0711,167442.0,110.28,9.56,11.0,2.14,0.0
20230927:0811,374352.0,214.48,17.62,12.15,2.97,0.0
20230927:0911,198880.0,123.36,24.67,13.61,3.59,0.0
20230927:1011,427548.0,243.55,30.13,14.67,4.21,0.0
20230927:1111,305690.0,180.9,33.43,15.77,5.31,0.0
20230927:1211,56342.0,45.43,34.12,16.35,6.76,0.0
20230927:1311,107844.0,75.1,32.08,16.82,7.38,0.0
20230927:1411,91542.0,65.82,27.62,16.37,6.34,0.0
20230927:1511,45584.0,38.94,21.29,16.4,6.48,0.0
20230927:1611,22418.0,24.1,13.67,16.62,7.1,0.0
20230927:1711,0.0,4.64,5.27,16.94,8.07,0.0
20230927:1811,0.0,0.0,0.0,17.25,8.62,0.0
20230927:1911,0.0,0.0,0.0,16.8,9.03,0.0
20230927:2011,0.0,0.0,0.0,16.62,8.9,0.0
20230927:2111,0.0,0.0,0.0,16.4,8.97,0.0
20230927:2211,0.0,0.0,0.0,15.9,9.17,0.0
20230927:2311,0.0,0.0,0.0,16.16,9.38,0.0
20230928:0011,0.0,0.0,0.0,16.15,8.69,0.0
20230928:0111,0.0,0.0,0.0,15.97,8.28,0.0
20230928:0211,0.0,0.0,0.0,15.63,7.79,0.0
20230928:0311,0.0,0.0,0.0,15.29,7.52,0.0
20230928:0411,0.0,0.0,0.0,15.08,7.38,0.0
20230928:0511,0.0,0.0,0.0,14.76,6.9,0.0
20230928:0611,0.0,0.0,0.0,14.33,6.07,0.0
20230928:0711,18656.0,21.32,9.28,14.4,5.52,0.0
20230928:0811,129272.0,86.33,17.33,14.78,5.17,0.0
20230928:0911,130482.0,87.15,24.35,15.37,6.28,0.0
20230928:1011,228536.0,139.99,29.79,15.6,5.66,0.0
20230928:1111,512380.0,287.95,33.06,15.55,5.93,0.0
20230928:1211,274230.0,164.15,33.72,15.69,5.93,0.0
20230928:1311,824362.0,451.76,31.68,16.26,6.55,0.0
20230928:1411,654698.0,362.51,27.23,16.45,6.14,0.0
20230928:1511,148302.0,97.35,20.9,16.45,5.24,0.0
20230928:1611,301752.0,181.8,13.29,15.94,4.48,0.0
20230928:1711,41316.0,39.2,4.9,15.28,4.28,0.0
20230928:1811,0.0,0.0,0.0,14.81,4.41,0.0
20230928:1911,0.0,0.0,0.0,14.02,4.62,0.0
20230928:2011,0.0,0.0,0.0,13.87,4.97,0.0
20230928:2111,0.0,0.0,0.0,13.65,5.17,0.0
20230928:2211,0.0,0.0,0.0,14.06,5.03,0.0
20230928:2311,0.0,0.0,0.0,14.05,4.62,0.0
20230929:0011,0.0,0.0,0.0,13.91,4.14,0.0
20230929:0111,0.0,0.0,0.0,13.57,3.79,0.0
20230929:0211,0.0,0.0,0.0,13.55,3.45,0.0
20230929:0311,0.0,0.0,0.0,13.55,3.31,0.0
20230929:0411,0.0,0.0,0.0,12.8,3.24,0.0
20230929:0511,0.0,0.0,0.0,12.25,3.31,0.0
20230929:0611,0.0,0.0,0.0,11.63,3.45,0.0
20230929:0711,217030.0,140.32,9.01,12.12,3.86,0.0
20230929:0811,704682.0,390.25,17.04,13.38,3.93,0.0
20230929:0911,1086756.0,588.89,24.03,14.54,5.93,0.0
20230929:1011,1246366.0,677.35,29.44,15.26,6.41,0.0
20230929:1111,1439746.0,788.93,32.68,16.08,6.62,0.0
20230929:1211,959068.0,523.9,33.33,16.31,6.76,0.0
20230929:1311,1147850.0,626.69,31.28,16.62,6.83,0.0
20230929:1411,1144396.0,623.7,26.83,16.59,6.9,0.0
20230929:1511,914870.0,501.76,20.52,16.24,6.07,0.0
20230929:1611,430716.0,252.56,12.92,15.68,4.9,0.0
20230929:1711,64768.0,60.06,4.54,14.95,4.83,0.0
20230929:1811,0.0,0.0,0.0,14.07,4.28,0.0
20230929:1911,0.0,0.0,0.0,13.47,4.14,0.0
20230929:2011,0.0,0.0,0.0,13.01,4.0,0.0
20230929:2111,0.0,0.0,0.0,12.88,3.86,0.0
20230929:2211,0.0,0.0,0.0,12.61,3.59,0.0
20230929:2311,0.0,0.0,0.0,12.24,3.45,0.0
20230930:0011,0.0,0.0,0.0,12.14,3.17,0.0
20230930:0111,0.0,0.0,0.0,11.74,2.76,0.0
20230930:0211,0.0,0.0,0.0,11.24,2.28,0.0
20230930:0311,0.0,0.0,0.0,10.84,2.21,0.0
20230930:0411,0.0,0.0,0.0,10.45,2.0,0.0
20230930:0511,0.0,0.0,0.0,9.81,1.93,0.0
20230930:0611,0.0,0.0,0.0,9.3,1.93,0.0
20230930:0711,136466.0,92.05,8.73,9.13,1.59,0.0
20230930:0811,581526.0,325.08,16.75,11.63,1.52,0.0
20230930:0911,398046.0,227.84,23.71,13.66,2.14,0.0
20230930:1011,190432.0,119.6,29.09,14.64,2.55,0.0
20230930:1111,236742.0,144.63,32.31,15.36,3.24,0.0
20230930:1211,188100.0,118.67,32.94,15.64,3.66,0.0
20230930:1311,160930.0,103.84,30.88,15.26,3.66,0.0
20230930:1411,108636.0,75.1,26.44,14.84,3.31,0.0
20230930:1511,63118.0,49.14,20.14,14.42,3.45,0.0
20230930:1611,34210.0,31.52,12.55,13.6,3.31,0.0
20230930:1711,22154.0,25.07,4.17,13.23,3.45,0.0
20230930:1811,0.0,0.0,0.0,12.94,4.0,0.0
20230930:1911,0.0,0.0,0.0,12.78,4.0,0.0
20230930:2011,0.0,0.0,0.0,12.73,4.76,0.0
20230930:2111,0.0,0.0,0.0,12.79,4.97,0.0
20230930:2211,0.0,0.0,0.0,13.04,4.62,0.0
20230930:2311,0.0,0.0,0.0,13.55,4.07,0.0
20231001:0011,0.0,0.0,0.0,14.45,3.86,0.0
20231001:0111,0.0,0.0,0.0,15.43,4.07,0.0
20231001:0211,0.0,0.0,0.0,16.18,4.28,0.0
20231001:0311,0.0,0.0,0.0,16.55,4.41,0.0
20231001:0411,0.0,0.0,0.0,16.71,4.34,0.0
20231001:0511,0.0,0.0,0.0,16.78,4.07,0.0
20231001:0611,0.0,0.0,0.0,16.7,3.72,0.0
20231001:0711,159060.0,109.02,8.46,16.91,4.07,0.0
20231001:0811,447788.0,258.09,16.45,17.19,3.86,0.0
20231001:0911,204314.0,128.26,23.4,17.46,3.59,0.0
20231001:1011,286110.0,172.12,28.74,17.73,4.21,0.0
20231001:1111,177584.0,114.03,31.94,17.84,3.79,0.0
20231001:1211,678040.0,380.87,32.55,18.38,4.21,0.0
20231001:1311,647284.0,364.38,30.49,18.26,3.79,0.0
20231001:1411,423236.0,244.93,26.05,18.46,4.0,0.0
20231001:1511,562364.0,318.94,19.76,18.2,3.72,0.0
20231001:1611,183172.0,118.41,12.17,17.92,3.24,0.0
20231001:1711,39138.0,41.42,3.8,17.23,2.97,0.0
20231001:1811,0.0,0.0,0.0,15.83,2.48,0.0
20231001:1911,0.0,0.0,0.0,15.22,2.07,0.0
20231001:2011,0.0,0.0,0.0,14.35,2.07,0.0
20231001:2111,0.0,0.0,0.0,13.96,2.0,0.0
20231001:2211,0.0,0.0,0.0,13.84,2.0,0.0
20231001:2311,0.0,0.0,0.0,13.85,2.0,0.0
20231002:0011,0.0,0.0,0.0,13.79,2.07,0.0
20231002:0111,0.0,0.0,0.0,13.87,2.28,0.0
20231002:0211,0.0,0.0,0.0,13.94,2.41,0.0
20231002:0311,0.0,0.0,0.0,14.0,2.48,0.0
20231002:0411,0.0,0.0,0.0,13.93,2.41,0.0
20231002:0511,0.0,0.0,0.0,13.71,2.28,0.0
20231002:0611,0.0,0.0,0.0,13.45,2.14,0.0
20231002:0711,24200.0,25.03,8.18,13.32,1.72,0.0
20231002:0811,211948.0,130.77,16.16,13.97,2.0,0.0
20231002:0911,321376.0,188.45,23.08,14.56,2.41,0.0
20231002:1011,123486.0,83.44,28.4,15.18,2.97,0.0
20231002:1111,90112.0,64.9,31.56,15.55,3.52,0.0
20231002:1211,145332.0,95.49,32.15,15.55,3.66,0.0
20231002:1311,178112.0,113.11,30.09,15.28,3.72,0.0
20231002:1411,162800.0,104.76,25.66,14.92,3.1,0.0
20231002:1511,156706.0,101.26,19.38,14.35,2.48,0.0
20231002:1611,28336.0,27.81,11.8,13.92,2.21,0.0
20231002:1711,11044.0,16.6,3.44,13.03,1.86,0.0
20231002:1811,0.0,0.0,0.0,12.51,1.66,0.0
20231002:1911,0.0,0.0,0.0,12.67,1.52,0.0
20231002:2011,0.0,0.0,0.0,12.64,1.86,0.0
20231002:2111,0.0,0.0,0.0,12.32,1.59,0.0
20231002:2211,0.0,0.0,0.0,11.95,1.38,0.0
20231002:2311,0.0,0.0,0.0,11.83,1.38,0.0
20231003:0011,0.0,0.0,0.0,11.69,1.86,0.0
20231003:0111,0.0,0.0,0.0,11.51,2.34,0.0
20231003:0211,0.0,0.0,0.0,11.32,2.69,0.0
20231003:0311,0.0,0.0,0.0,11.06,2.76,0.0
20231003:0411,0.0,0.0,0.0,11.07,3.03,0.0
20231003:0511,0.0,0.0,0.0,11.13,3.38,0.0
20231003:0611,0.0,0.0,0.0,11.22,3.59,0.0
20231003:0711,2442.0,8.34,7.9,11.06,4.21,0.0
20231003:0811,472956.0,264.92,15.86,12.07,4.83,0.0
20231003:0911,1163140.0,624.23,22.76,12.55,6.0,0.0
20231003:1011,1379510.0,741.61,28.05,13.22,6.9,0.0
20231003:1111,1002100.0,538.29,31.19,13.51,7.38,0.0
20231003:1211,1313246.0,708.99,31.76,14.38,7.38,0.0
20231003:1311,855734.0,462.57,29.7,14.5,7.86,0.0
20231003:1411,397056.0,225.86,25.27,14.49,7.72,0.0
20231003:1511,896038.0,486.58,19.0,14.36,6.69,0.0
20231003:1611,386562.0,227.78,11.43,14.19,6.21,0.0
20231003:1711,0.0,4.64,3.08,13.44,5.66,0.0
20231003:1811,0.0,0.0,0.0,12.75,5.03,0.0
20231003:1911,0.0,0.0,0.0,12.55,4.48,0.0
20231003:2011,0.0,0.0,0.0,12.34,4.14,0.0
20231003:2111,0.0,0.0,0.0,12.28,3.93,0.0
20231003:2211,0.0,0.0,0.0,11.98,3.86,0.0
20231003:2311,0.0,0.0,0.0,11.71,3.66,0.0
20231004:0011,0.0,0.0,0.0,11.48,3.45,0.0
20231004:0111,0.0,0.0,0.0,11.63,3.59,0.0
20231004:0211,0.0,0.0,0.0,12.11,3.79,0.0
20231004:0311,0.0,0.0,0.0,12.0,4.07,0.0
20231004:0411,0.0,0.0,0.0,12.07,4.34,0.0
20231004:0511,0.0,0.0,0.0,11.95,4.28,0.0
20231004:0611,0.0,0.0,0.0,11.72,4.41,0.0
20231004:0711,17556.0,20.4,7.62,12.26,4.9,0.0
20231004:0811,38830.0,34.3,15.57,12.79,5.24,0.0
20231004:0911,74778.0,55.63,22.44,13.38,4.83,0.0
20231004:1011,106018.0,73.24,27.7,13.81,5.45,0.0
20231004:1111,272734.0,162.41,30.81,14.4,6.21,0.0
20231004:1211,425744.0,242.22,31.37,15.24,6.69,0.0
20231004:1311,425150.0,242.41,29.3,16.2,7.72,0.0
20231004:1411,631928.0,348.91,24.88,16.33,7.59,0.0
20231004:1511,243826.0,147.71,18.62,16.02,7.31,0.0
20231004:1611,18546.0,21.32,11.07,15.39,6.83,0.0
20231004:1711,0.0,1.85,2.72,14.73,6.34,0.0
20231004:1811,0.0,0.0,0.0,14.08,6.0,0.0
20231004:1911,0.0,0.0,0.0,14.16,6.34,0.0
20231004:2011,0.0,0.0,0.0,14.41,6.21,0.0
20231004:2111,0.0,0.0,0.0,14.32,5.86,0.0
20231004:2211,0.0,0.0,0.0,14.5,5.59,0.0
20231004:2311,0.0,0.0,0.0,14.52,5.24,0.0
20231005:0011,0.0,0.0,0.0,14.41,4.97,0.0
20231005:0111,0.0,0.0,0.0,14.23,4.62,0.0
20231005:0211,0.0,0.0,0.0,14.1,4.21,0.0
20231005:0311,0.0,0.0,0.0,13.73,3.72,0.0
20231005:0411,0.0,0.0,0.0,13.39,3.38,0.0
20231005:0511,0.0,0.0,0.0,13.47,3.17,0.0
20231005:0611,0.0,0.0,0.0,13.63,3.1,0.0
20231005:0711,49214.0,41.33,7.34,13.74,2.97,0.0
20231005:0811,184712.0,115.9,15.27,13.75,3.45,0.0
20231005:0911,144848.0,94.56,22.12,13.95,4.07,0.0
20231005:1011,77638.0,57.48,27.35,14.34,4.34,0.0
20231005:1111,108438.0,75.1,30.44,15.55,5.38,0.0
20231005:1211,133452.0,89.0,30.98,15.91,5.72,0.0
20231005:1311,83600.0,61.19,28.91,15.66,4.69,0.0
20231005:1411,69256.0,52.85,24.49,15.3,5.31,0.0
20231005:1511,80894.0,59.33,18.24,14.48,5.66,0.0
20231005:1611,50776.0,41.72,10.7,13.95,5.31,0.0
20231005:1711,0.0,2.78,2.36,13.9,5.66,0.0
20231005:1811,0.0,0.0,0.0,14.32,5.79,0.0
20231005:1911,0.0,0.0,0.0,14.74,6.0,0.0
20231005:2011,0.0,0.0,0.0,14.99,6.21,0.0
20231005:2111,0.0,0.0,0.0,15.21,6.34,0.0
20231005:2211,0.0,0.0,0.0,15.43,6.48,0.0
20231005:2311,0.0,0.0,0.0,15.71,6.41,0.0
20231006:0011,0.0,0.0,0.0,15.84,6.41,0.0
20231006:0111,0.0,0.0,0.0,15.92,6.48,0.0
20231006:0211,0.0,0.0,0.0,16.03,6.62,0.0
20231006:0311,0.0,0.0,0.0,16.11,6.76,0.0
20231006:0411,0.0,0.0,0.0,16.12,6.97,0.0
20231006:0511,0.0,0.0,0.0,16.13,6.83,0.0
20231006:0611,0.0,0.0,0.0,16.17,6.55,0.0
20231006:0711,3212.0,9.27,7.06,16.91,6.48,0.0
20231006:0811,29304.0,28.74,14.97,17.12,6.69,0.0
20231006:0911,117546.0,80.66,21.79,17.27,6.76,0.0
20231006:1011,145816.0,96.42,27.0,17.68,6.14,0.0
20231006:1111,74756.0,56.55,30.07,17.81,6.69,0.0
20231006:1211,130438.0,88.08,30.6,18.06,6.76,0.0
20231006:1311,66858.0,51.92,28.52,17.66,6.14,0.0
20231006:1411,97614.0,69.53,24.11,17.31,6.0,0.0
20231006:1511,62238.0,49.14,17.87,17.41,6.34,0.0
20231006:1611,42328.0,37.08,10.34,17.43,6.07,0.0
20231006:1711,0.0,1.85,2.0,17.22,6.41,0.0
20231006:1811,0.0,0.0,0.0,16.93,6.07,0.0
20231006:1911,0.0,0.0,0.0,17.3,6.83,0.0
20231006:2011,0.0,0.0,0.0,17.16,6.9,0.0
20231006:2111,0.0,0.0,0.0,17.03,6.83,0.0
20231006:2211,0.0,0.0,0.0,16.81,6.97,0.0
20231006:2311,0.0,0.0,0.0,16.63,7.31,0.0
20231007:0011,0.0,0.0,0.0,16.4,7.17,0.0
20231007:0111,0.0,0.0,0.0,15.82,7.03,0.0
20231007:0211,0.0,0.0,0.0,15.41,6.83,0.0
20231007:0311,0.0,0.0,0.0,15.11,6.21,0.0
20231007:0411,0.0,0.0,0.0,15.05,6.0,0.0
20231007:0511,0.0,0.0,0.0,15.12,5.86,0.0
20231007:0611,0.0,0.0,0.0,15.18,5.79,0.0
20231007:0711,638.0,6.49,6.78,15.21,5.59,0.0
20231007:0811,29546.0,28.74,14.68,15.56,5.86,0.0
20231007:0911,53350.0,43.57,21.47,15.89,6.0,0.0
20231007:1011,194876.0,122.38,26.65,16.31,6.0,0.0
20231007:1111,727452.0,401.21,29.69,17.12,6.83,0.0
20231007:1211,728530.0,402.46,30.21,17.83,7.59,0.0
20231007:1311,869946.0,477.97,28.13,18.42,7.86,0.0
20231007:1411,382184.0,221.65,23.72,18.26,7.17,0.0
20231007:1511,18238.0,21.32,17.49,18.16,6.48,0.0
20231007:1611,48224.0,40.79,9.97,17.89,5.66,0.0
20231007:1711,0.0,3.71,1.65,17.34,4.55,0.0
20231007:1811,0.0,0.0,0.0,16.79,3.52,0.0
20231007:1911,0.0,0.0,0.0,16.91,3.31,0.0
20231007:2011,0.0,0.0,0.0,16.4,2.48,0.0
20231007:2111,0.0,0.0,0.0,15.8,1.93,0.0
20231007:2211,0.0,0.0,0.0,15.03,2.07,0.0
20231007:2311,0.0,0.0,0.0,14.09,2.62,0.0
20231008:0011,0.0,0.0,0.0,13.33,2.76,0.0
20231008:0111,0.0,0.0,0.0,12.76,2.83,0.0
20231008:0211,0.0,0.0,0.0,12.41,2.48,0.0
20231008:0311,0.0,0.0,0.0,12.28,2.62,0.0
20231008:0411,0.0,0.0,0.0,12.27,3.1,0.0
20231008:0511,0.0,0.0,0.0,12.3,2.97,0.0
20231008:0611,0.0,0.0,0.0,12.34,2.55,0.0
20231008:0711,6490.0,12.05,6.5,12.3,3.1,0.0
20231008:0811,84810.0,61.19,14.38,12.64,3.03,0.0
20231008:0911,109494.0,75.1,21.15,13.25,3.1,0.0
20231008:1011,122430.0,82.51,26.31,14.16,3.03,0.0
20231008:1111,183260.0,115.89,29.32,15.18,3.31,0.0
20231008:1211,280632.0,168.56,29.82,16.48,3.31,0.0
20231008:1311,227590.0,141.16,27.74,17.77,2.97,0.0
20231008:1411,123068.0,84.37,23.34,18.62,3.1,0.0
20231008:1511,125356.0,85.68,17.12,18.67,2.62,0.0
20231008:1611,140602.0,95.59,9.61,18.4,2.83,0.0
20231008:1711,0.0,0.93,1.29,17.18,3.38,0.0
20231008:1811,0.0,0.0,0.0,16.35,3.79,0.0
20231008:1911,0.0,0.0,0.0,15.96,4.48,0.0
20231008:2011,0.0,0.0,0.0,15.61,4.83,0.0
20231008:2111,0.0,0.0,0.0,15.25,4.69,0.0
20231008:2211,0.0,0.0,0.0,15.1,4.76,0.0
20231008:2311,0.0,0.0,0.0,15.09,4.9,0.0
20231009:0011,0.0,0.0,0.0,15.03,4.69,0.0
20231009:0111,0.0,0.0,0.0,15.14,4.48,0.0
20231009:0211,0.0,0.0,0.0,15.17,4.34,0.0
20231009:0311,0.0,0.0,0.0,15.25,4.0,0.0
20231009:0411,0.0,0.0,0.0,15.33,3.52,0.0
20231009:0511,0.0,0.0,0.0,15.51,3.1,0.0
20231009:0611,0.0,0.0,0.0,15.55,2.76,0.0
20231009:0711,10868.0,15.76,6.22,16.26,3.66,0.0
20231009:0811,60874.0,48.21,14.08,16.51,3.59,0.0
20231009:0911,122628.0,83.44,20.83,16.67,3.31,0.0
20231009:1011,230318.0,142.44,25.96,17.75,3.52,0.0
20231009:1111,1179398.0,664.1,28.95,18.24,2.9,0.0
20231009:1211,615428.0,349.17,29.44,18.81,2.9,0.0
20231009:1311,1338524.0,761.88,27.35,19.36,2.97,0.0
20231009:1411,1059674.0,598.48,22.96,19.9,2.97,0.0
20231009:1511,598312.0,342.82,16.75,19.89,2.55,0.0
20231009:1611,244926.0,156.43,9.25,19.51,2.28,0.0
20231009:1711,0.0,0.0,0.0,18.3,2.48,0.0
20231009:1811,0.0,0.0,0.0,17.19,2.62,0.0
20231009:1911,0.0,0.0,0.0,16.33,2.48,0.0
20231009:2011,0.0,0.0,0.0,15.77,2.55,0.0
20231009:2111,0.0,0.0,0.0,15.41,2.55,0.0
20231009:2211,0.0,0.0,0.0,15.04,2.41,0.0
20231009:2311,0.0,0.0,0.0,14.78,2.55,0.0
20231010:0011,0.0,0.0,0.0,14.58,2.83,0.0
20231010:0111,0.0,0.0,0.0,14.54,3.17,0.0
20231010:0211,0.0,0.0,0.0,14.65,3.66,0.0
20231010:0311,0.0,0.0,0.0,14.62,4.0,0.0
20231010:0411,0.0,0.0,0.0,14.69,4.21,0.0
20231010:0511,0.0,0.0,0.0,14.75,3.66,0.0
20231010:0611,0.0,0.0,0.0,14.88,2.55,0.0
20231010:0711,8602.0,13.91,5.94,15.01,2.76,0.0
20231010:0811,35288.0,32.45,13.78,15.51,2.62,0.0
20231010:0911,25168.0,25.96,20.51,16.41,3.31,0.0
20231010:1011,36454.0,33.38,25.61,17.16,3.31,0.0
20231010:1111,43582.0,38.01,28.58,18.31,4.0,0.0
20231010:1211,398530.0,232.52,29.06,19.04,4.41,0.0
20231010:1311,554928.0,314.95,26.97,19.69,5.59,0.0
20231010:1411,501402.0,285.57,22.58,18.9,4.9,0.0
20231010:1511,72842.0,55.63,16.39,18.56,5.31,0.0
20231010:1611,3190.0,9.27,8.9,18.01,5.45,0.0
20231010:1711,0.0,0.0,0.0,17.49,5.79,0.0
20231010:1811,0.0,0.0,0.0,16.89,6.0,0.0
20231010:1911,0.0,0.0,0.0,17.17,6.34,0.0
20231010:2011,0.0,0.0,0.0,17.01,6.69,0.0
20231010:2111,0.0,0.0,0.0,17.0,6.97,0.0
20231010:2211,0.0,0.0,0.0,17.23,7.17,0.0
20231010:2311,0.0,0.0,0.0,17.27,7.52,0.0
20231011:0011,0.0,0.0,0.0,17.06,7.79,0.0
20231011:0111,0.0,0.0,0.0,16.75,7.72,0.0
20231011:0211,0.0,0.0,0.0,16.47,7.79,0.0
20231011:0311,0.0,0.0,0.0,16.08,7.45,0.0
20231011:0411,0.0,0.0,0.0,15.83,7.31,0.0
20231011:0511,0.0,0.0,0.0,15.64,6.69,0.0
20231011:0611,0.0,0.0,0.0,15.08,5.79,0.0
20231011:0711,12232.0,16.69,5.66,14.4,5.1,0.0
20231011:0811,34254.0,31.52,13.48,13.42,4.69,0.0
20231011:0911,35838.0,32.45,20.19,12.83,4.21,0.0
20231011:1011,58894.0,46.36,25.26,12.86,4.28,0.0
20231011:1111,60456.0,47.28,28.21,12.93,4.34,0.0
20231011:1211,88022.0,63.04,28.67,13.0,4.14,0.0
20231011:1311,109736.0,75.1,26.58,12.95,3.86,0.0
20231011:1411,118228.0,79.73,22.21,12.79,3.45,0.0
20231011:1511,63712.0,49.14,16.02,12.58,3.17,0.0
20231011:1611,40414.0,35.23,8.55,12.32,3.1,0.0
20231011:1711,0.0,0.0,0.0,11.76,2.69,0.0
20231011:1811,0.0,0.0,0.0,11.22,2.62,0.0
20231011:1911,0.0,0.0,0.0,10.8,2.48,0.0
20231011:2011,0.0,0.0,0.0,10.3,2.55,0.0
20231011:2111,0.0,0.0,0.0,9.4,2.41,0.0
20231011:2211,0.0,0.0,0.0,8.33,2.21,0.0
20231011:2311,0.0,0.0,0.0,7.18,2.21,0.0
20231012:0011,0.0,0.0,0.0,6.32,2.28,0.0
20231012:0111,0.0,0.0,0.0,5.61,2.14,0.0
20231012:0211,0.0,0.0,0.0,4.86,1.93,0.0
20231012:0311,0.0,0.0,0.0,4.18,1.72,0.0
20231012:0411,0.0,0.0,0.0,3.72,1.52,0.0
20231012:0511,0.0,0.0,0.0,3.16,1.52,0.0
20231012:0611,0.0,0.0,0.0,2.68,1.45,0.0
20231012:0711,128766.0,88.72,5.38,2.29,1.45,0.0
20231012:0811,677688.0,368.8,13.18,4.66,0.62,0.0
20231012:0911,1036178.0,567.62,19.86,7.89,0.41,0.0
20231012:1011,1290322.0,721.6,24.92,9.67,0.55,0.0
20231012:1111,1502886.0,839.1,27.85,10.81,1.86,0.0
20231012:1211,1617110.0,906.31,28.29,11.64,2.41,0.0
20231012:1311,1497958.0,834.23,26.2,12.18,2.48,0.0
20231012:1411,1266496.0,697.48,21.84,12.48,2.55,0.0
20231012:1511,815188.0,448.68,15.66,12.47,2.48,0.0
20231012:1611,361350.0,217.55,8.19,12.15,2.28,0.0
20231012:1711,0.0,0.0,0.0,10.86,2.28,0.0
20231012:1811,0.0,0.0,0.0,9.52,2.48,0.0
20231012:1911,0.0,0.0,0.0,8.66,2.34,0.0
20231012:2011,0.0,0.0,0.0,8.52,2.14,0.0
20231012:2111,0.0,0.0,0.0,8.63,2.07,0.0
20231012:2211,0.0,0.0,0.0,8.72,2.21,0.0
20231012:2311,0.0,0.0,0.0,9.05,2.34,0.0
20231013:0011,0.0,0.0,0.0,9.39,2.34,0.0
20231013:0111,0.0,0.0,0.0,9.8,2.41,0.0
20231013:0211,0.0,0.0,0.0,10.17,2.55,0.0
20231013:0311,0.0,0.0,0.0,10.43,2.41,0.0
20231013:0411,0.0,0.0,0.0,10.84,2.14,0.0
20231013:0511,0.0,0.0,0.0,11.15,1.45,0.0
20231013:0611,0.0,0.0,0.0,11.3,0.9,0.0
20231013:0711,32230.0,30.88,5.1,11.29,0.48,0.0
20231013:0811,9988.0,14.83,12.88,11.54,1.03,0.0
20231013:0911,40458.0,35.23,19.54,12.0,1.86,0.0
20231013:1011,168124.0,106.62,24.57,12.61,3.1,0.0
20231013:1111,96404.0,67.68,27.48,12.78,4.0,0.0
20231013:1211,78188.0,57.48,27.92,12.94,4.34,0.0
20231013:1311,239734.0,144.45,25.82,13.26,4.97,0.0
20231013:1411,202488.0,124.64,21.46,13.17,5.72,0.0
20231013:1511,781924.0,424.81,15.3,12.54,5.59,0.0
20231013:1611,97020.0,68.92,7.85,12.05,5.52,0.0
20231013:1711,0.0,0.0,0.0,11.1,5.1,0.0
20231013:1811,0.0,0.0,0.0,10.08,4.9,0.0
20231013:1911,0.0,0.0,0.0,9.52,5.03,0.0
20231013:2011,0.0,0.0,0.0,9.1,4.97,0.0
20231013:2111,0.0,0.0,0.0,8.81,5.17,0.0
20231013:2211,0.0,0.0,0.0,8.62,5.45,0.0
20231013:2311,0.0,0.0,0.0,8.44,5.59,0.0
20231014:0011,0.0,0.0,0.0,8.25,5.52,0.0
20231014:0111,0.0,0.0,0.0,8.07,5.45,0.0
20231014:0211,0.0,0.0,0.0,7.86,5.31,0.0
20231014:0311,0.0,0.0,0.0,7.51,5.1,0.0
20231014:0411,0.0,0.0,0.0,7.21,4.9,0.0
20231014:0511,0.0,0.0,0.0,6.99,4.69,0.0
20231014:0611,0.0,0.0,0.0,6.62,4.69,0.0
20231014:0711,86614.0,65.0,4.82,6.17,4.48,0.0
20231014:0811,665874.0,359.34,12.59,6.86,4.41,0.0
20231014:0911,1085964.0,575.46,19.22,8.2,4.34,0.0
20231014:1011,1430660.0,762.42,24.23,9.47,5.38,0.0
20231014:1111,1542530.0,828.55,27.11,10.46,5.59,0.0
20231014:1211,1589676.0,855.51,27.54,11.02,6.0,0.0
20231014:1311,1388354.0,741.73,25.45,11.1,6.21,0.0
20231014:1411,1052898.0,559.77,21.1,10.77,6.0,0.0
20231014:1511,809688.0,435.15,14.95,10.21,5.59,0.0
20231014:1611,342980.0,204.84,7.5,9.61,4.76,0.0
20231014:1711,0.0,0.0,0.0,8.62,4.21,0.0
20231014:1811,0.0,0.0,0.0,7.69,3.93,0.0
20231014:1911,0.0,0.0,0.0,6.73,3.93,0.0
20231014:2011,0.0,0.0,0.0,6.08,4.0,0.0
20231014:2111,0.0,0.0,0.0,5.51,3.93,0.0
20231014:2211,0.0,0.0,0.0,5.01,3.93,0.0
20231014:2311,0.0,0.0,0.0,4.62,3.86,0.0
20231015:0011,0.0,0.0,0.0,4.29,3.79,0.0
20231015:0111,0.0,0.0,0.0,3.93,3.79,0.0
20231015:0211,0.0,0.0,0.0,3.59,3.79,0.0
20231015:0311,0.0,0.0,0.0,3.22,3.79,0.0
20231015:0411,0.0,0.0,0.0,2.84,3.79,0.0
20231015:0511,0.0,0.0,0.0,2.56,3.72,0.0
20231015:0611,0.0,0.0,0.0,2.29,3.66,0.0
20231015:0711,73436.0,56.35,4.53,2.24,3.59,0.0
20231015:0811,645986.0,345.27,12.29,3.36,3.1,0.0
20231015:0911,1058332.0,556.65,18.9,5.5,3.38,0.0
20231015:1011,1374934.0,732.03,23.88,7.48,3.86,0.0
20231015:1111,1541320.0,828.66,26.75,9.04,4.48,0.0
20231015:1211,1494922.0,805.01,27.16,10.22,4.83,0.0
20231015:1311,1469600.0,794.35,25.07,11.09,4.69,0.0
20231015:1411,613932.0,334.25,20.73,11.53,4.48,0.0
20231015:1511,680042.0,371.77,14.59,11.5,3.86,0.0
20231015:1611,274626.0,169.12,7.16,10.97,2.69,0.0
20231015:1711,0.0,0.0,0.0,9.75,2.41,0.0
20231015:1811,0.0,0.0,0.0,8.03,2.62,0.0
20231015:1911,0.0,0.0,0.0,7.2,2.34,0.0
20231015:2011,0.0,0.0,0.0,6.42,2.28,0.0
20231015:2111,0.0,0.0,0.0,5.46,2.28,0.0
20231015:2211,0.0,0.0,0.0,4.63,2.21,0.0
20231015:2311,0.0,0.0,0.0,4.14,2.0,0.0
20231016:0011,0.0,0.0,0.0,3.82,1.86,0.0
20231016:0111,0.0,0.0,0.0,3.47,1.72,0.0
20231016:0211,0.0,0.0,0.0,3.34,1.59,0.0
20231016:0311,0.0,0.0,0.0,3.1,1.52,0.0
20231016:0411,0.0,0.0,0.0,2.96,1.38,0.0
20231016:0511,0.0,0.0,0.0,2.83,1.31,0.0
20231016:0611,0.0,0.0,0.0,2.79,1.24,0.0
20231016:0711,30932.0,29.26,4.25,2.07,1.31,0.0
20231016:0811,268598.0,154.81,11.99,3.65,0.62,0.0
20231016:0911,798006.0,432.24,18.58,6.24,0.14,0.0
20231016:1011,753478.0,410.18,23.54,8.07,0.41,0.0
20231016:1111,935352.0,510.0,26.39,9.19,0.97,0.0
20231016:1211,738738.0,403.51,26.79,9.92,1.17,0.0
20231016:1311,883850.0,482.45,24.7,10.3,1.24,0.0
20231016:1411,768108.0,419.03,20.37,10.54,1.45,0.0
20231016:1511,391116.0,221.71,14.24,10.52,1.66,0.0
20231016:1611,169356.0,110.26,6.82,9.99,1.38,0.0
20231016:1711,0.0,0.0,0.0,8.84,1.59,0.0
20231016:1811,0.0,0.0,0.0,6.84,1.52,0.0
20231016:1911,0.0,0.0,0.0,5.31,1.45,0.0
20231016:2011,0.0,0.0,0.0,5.62,1.1,0.0
20231016:2111,0.0,0.0,0.0,5.96,0.9,0.0
20231016:2211,0.0,0.0,0.0,5.83,0.69,0.0
20231016:2311,0.0,0.0,0.0,5.36,0.83,0.0
20231017:0011,0.0,0.0,0.0,4.02,1.38,0.0
20231017:0111,0.0,0.0,0.0,2.99,1.52,0.0
20231017:0211,0.0,0.0,0.0,2.43,1.72,0.0
20231017:0311,0.0,0.0,0.0,1.99,1.86,0.0
20231017:0411,0.0,0.0,0.0,1.75,2.07,0.0
20231017:0511,0.0,0.0,0.0,2.05,2.14,0.0
20231017:0611,0.0,0.0,0.0,2.62,2.07,0.0
20231017:0711,9284.0,13.91,3.97,3.41,2.21,0.0
20231017:0811,62810.0,47.28,11.69,5.18,1.79,0.0
20231017:0911,223146.0,133.57,18.26,8.85,1.72,0.0
20231017:1011,150436.0,96.42,23.2,10.53,2.21,0.0
20231017:1111,857142.0,463.71,26.03,11.72,3.52,0.0
20231017:1211,507386.0,281.09,26.42,12.54,5.1,0.0
20231017:1311,525184.0,290.14,24.33,12.73,5.1,0.0
20231017:1411,318692.0,184.25,20.01,12.54,4.69,0.0
20231017:1511,175252.0,109.83,13.89,12.17,4.55,0.0
20231017:1611,129602.0,88.31,6.48,11.56,4.28,0.0
20231017:1711,0.0,0.0,0.0,10.47,4.21,0.0
20231017:1811,0.0,0.0,0.0,9.64,4.28,0.0
20231017:1911,0.0,0.0,0.0,9.19,4.41,0.0
20231017:2011,0.0,0.0,0.0,9.09,4.41,0.0
20231017:2111,0.0,0.0,0.0,9.33,4.48,0.0
20231017:2211,0.0,0.0,0.0,9.56,4.55,0.0
20231017:2311,0.0,0.0,0.0,9.7,4.55,0.0
20231018:0011,0.0,0.0,0.0,9.93,4.69,0.0
20231018:0111,0.0,0.0,0.0,9.83,4.76,0.0
20231018:0211,0.0,0.0,0.0,9.76,4.76,0.0
20231018:0311,0.0,0.0,0.0,9.62,4.69,0.0
20231018:0411,0.0,0.0,0.0,9.46,4.62,0.0
20231018:0511,0.0,0.0,0.0,9.41,4.76,0.0
20231018:0611,0.0,0.0,0.0,9.6,5.03,0.0
20231018:0711,4444.0,10.2,3.69,9.88,5.1,0.0
20231018:0811,113806.0,76.46,11.39,10.18,5.03,0.0
20231018:0911,249744.0,147.7,17.94,10.96,4.83,0.0
20231018:1011,776204.0,416.57,22.86,11.88,6.07,0.0
20231018:1111,1265286.0,676.05,25.67,12.94,7.45,0.0
20231018:1211,1434950.0,771.78,26.06,13.38,7.1,0.0
20231018:1311,862334.0,462.97,23.97,13.51,7.52,0.0
20231018:1411,744898.0,402.0,19.65,13.52,7.45,0.0
20231018:1511,579788.0,319.36,13.55,12.93,6.28,0.0
20231018:1611,44176.0,37.96,6.15,12.24,6.21,0.0
20231018:1711,0.0,0.0,0.0,11.62,6.14,0.0
20231018:1811,0.0,0.0,0.0,11.37,6.34,0.0
20231018:1911,0.0,0.0,0.0,11.61,6.34,0.0
20231018:2011,0.0,0.0,0.0,11.56,6.41,0.0
20231018:2111,0.0,0.0,0.0,11.52,6.55,0.0
20231018:2211,0.0,0.0,0.0,11.46,6.9,0.0
20231018:2311,0.0,0.0,0.0,11.11,7.31,0.0
20231019:0011,0.0,0.0,0.0,10.96,7.52,0.0
20231019:0111,0.0,0.0,0.0,11.1,7.45,0.0
20231019:0211,0.0,0.0,0.0,11.14,7.31,0.0
20231019:0311,0.0,0.0,0.0,11.28,6.14,0.0
20231019:0411,0.0,0.0,0.0,11.46,3.03,0.0
20231019:0511,0.0,0.0,0.0,11.49,1.1,0.0
20231019:0611,0.0,0.0,0.0,11.51,3.17,0.0
20231019:0711,0.0,2.78,3.41,12.39,4.55,0.0
20231019:0811,322916.0,188.27,11.1,12.83,4.55,0.0
20231019:0911,79662.0,58.41,17.63,13.4,4.69,0.0
20231019:1011,47608.0,39.87,22.52,14.29,5.52,0.0
20231019:1111,127380.0,85.29,25.31,14.71,4.76,0.0
20231019:1211,996138.0,545.26,25.69,15.51,4.34,0.0
20231019:1311,172392.0,110.33,23.6,16.19,4.97,0.0
20231019:1411,241472.0,146.84,19.3,16.35,4.41,0.0
20231019:1511,386210.0,223.35,13.21,16.33,4.21,0.0
20231019:1611,1452.0,7.42,5.82,15.68,4.0,0.0
20231019:1711,0.0,0.0,0.0,14.75,4.0,0.0
20231019:1811,0.0,0.0,0.0,14.1,3.93,0.0
20231019:1911,0.0,0.0,0.0,14.02,4.0,0.0
20231019:2011,0.0,0.0,0.0,13.82,3.72,0.0
20231019:2111,0.0,0.0,0.0,13.83,3.52,0.0
20231019:2211,0.0,0.0,0.0,13.77,3.45,0.0
20231019:2311,0.0,0.0,0.0,13.6,3.59,0.0
20231020:0011,0.0,0.0,0.0,13.49,3.79,0.0
20231020:0111,0.0,0.0,0.0,13.08,4.69,0.0
20231020:0211,0.0,0.0,0.0,12.7,5.79,0.0
20231020:0311,0.0,0.0,0.0,12.25,6.62,0.0
20231020:0411,0.0,0.0,0.0,11.87,7.24,0.0
20231020:0511,0.0,0.0,0.0,11.62,7.72,0.0
20231020:0611,0.0,0.0,0.0,11.56,8.41,0.0
20231020:0711,0.0,2.78,3.13,11.53,7.86,0.0
20231020:0811,6534.0,12.05,10.8,11.58,8.21,0.0
20231020:0911,53108.0,42.65,17.31,11.29,9.1,0.0
20231020:1011,64394.0,49.14,22.18,10.97,9.38,0.0
20231020:1111,58058.0,45.43,24.96,10.7,9.59,0.0
20231020:1211,101222.0,69.53,25.33,10.38,9.86,0.0
20231020:1311,63074.0,48.21,23.24,10.06,9.79,0.0
20231020:1411,51920.0,41.72,18.95,9.9,9.52,0.0
20231020:1511,27588.0,26.89,12.87,9.85,9.1,0.0
20231020:1611,11352.0,15.76,5.5,9.74,8.9,0.0
20231020:1711,0.0,0.0,0.0,9.6,8.69,0.0
20231020:1811,0.0,0.0,0.0,9.65,8.76,0.0
20231020:1911,0.0,0.0,0.0,9.4,7.72,0.0
20231020:2011,0.0,0.0,0.0,9.24,7.86,0.0
20231020:2111,0.0,0.0,0.0,8.96,7.59,0.0
20231020:2211,0.0,0.0,0.0,8.77,7.17,0.0
20231020:2311,0.0,0.0,0.0,8.67,6.83,0.0
20231021:0011,0.0,0.0,0.0,8.7,6.55,0.0
20231021:0111,0.0,0.0,0.0,9.01,6.14,0.0
20231021:0211,0.0,0.0,0.0,9.03,5.59,0.0
20231021:0311,0.0,0.0,0.0,9.1,4.97,0.0
20231021:0411,0.0,0.0,0.0,9.16,4.48,0.0
20231021:0511,0.0,0.0,0.0,9.11,4.21,0.0
20231021:0611,0.0,0.0,0.0,9.02,4.14,0.0
20231021:0711,0.0,3.71,2.85,8.95,3.66,0.0
20231021:0811,6644.0,12.05,10.5,9.09,3.31,0.0
20231021:0911,19184.0,21.32,16.99,9.41,2.97,0.0
20231021:1011,286088.0,166.1,21.84,9.52,2.62,0.0
20231021:1111,961928.0,517.62,24.61,10.14,2.9,0.0
20231021:1211,1010658.0,546.29,24.97,11.06,2.97,0.0
20231021:1311,518914.0,286.96,22.88,11.64,2.9,0.0
20231021:1411,145860.0,94.31,18.6,11.7,2.62,0.0
20231021:1511,280896.0,165.1,12.54,11.7,2.55,0.0
20231021:1611,4378.0,10.2,5.17,11.35,2.21,0.0
20231021:1711,0.0,0.0,0.0,10.6,2.14,0.0
20231021:1811,0.0,0.0,0.0,9.14,2.41,0.0
20231021:1911,0.0,0.0,0.0,8.78,2.48,0.0
20231021:2011,0.0,0.0,0.0,7.87,2.41,0.0
20231021:2111,0.0,0.0,0.0,6.95,2.34,0.0
20231021:2211,0.0,0.0,0.0,6.08,2.14,0.0
20231021:2311,0.0,0.0,0.0,5.4,2.14,0.0
20231022:0011,0.0,0.0,0.0,4.85,2.21,0.0
20231022:0111,0.0,0.0,0.0,4.65,2.34,0.0
20231022:0211,0.0,0.0,0.0,4.67,2.34,0.0
20231022:0311,0.0,0.0,0.0,4.86,2.41,0.0
20231022:0411,0.0,0.0,0.0,5.27,2.48,0.0
20231022:0511,0.0,0.0,0.0,5.2,2.48,0.0
20231022:0611,0.0,0.0,0.0,5.08,2.41,0.0
20231022:0711,67518.0,55.98,2.57,4.7,2.34,0.0
20231022:0811,281644.0,162.38,10.21,5.47,2.07,0.0
20231022:0911,950092.0,510.97,16.68,8.44,2.07,0.0
20231022:1011,1275890.0,690.4,21.51,10.5,3.24,0.0
20231022:1111,1408132.0,763.81,24.26,11.43,4.14,0.0
20231022:1211,1510080.0,822.1,24.61,12.21,4.69,0.0
20231022:1311,815408.0,440.58,22.53,12.36,4.34,0.0
20231022:1411,1071532.0,580.85,18.25,12.23,3.52,0.0
20231022:1511,738804.0,407.07,12.21,12.11,2.83,0.0
20231022:1611,172832.0,115.18,4.86,11.22,2.07,0.0
20231022:1711,0.0,0.0,0.0,9.85,2.14,0.0
20231022:1811,0.0,0.0,0.0,8.31,1.86,0.0
20231022:1911,0.0,0.0,0.0,7.23,1.38,0.0
20231022:2011,0.0,0.0,0.0,7.45,1.1,0.0
20231022:2111,0.0,0.0,0.0,7.56,0.83,0.0
20231022:2211,0.0,0.0,0.0,7.5,0.55,0.0
20231022:2311,0.0,0.0,0.0,7.27,0.48,0.0
20231023:0011,0.0,0.0,0.0,7.09,0.76,0.0
20231023:0111,0.0,0.0,0.0,6.14,0.97,0.0
20231023:0211,0.0,0.0,0.0,4.78,1.31,0.0
20231023:0311,0.0,0.0,0.0,4.44,1.38,0.0
20231023:0411,0.0,0.0,0.0,4.25,1.45,0.0
20231023:0511,0.0,0.0,0.0,4.37,1.38,0.0
20231023:0611,0.0,0.0,0.0,4.14,1.45,0.0
20231023:0711,0.0,5.56,2.29,4.45,1.59,0.0
20231023:0811,168146.0,103.92,9.91,5.2,1.24,0.0
20231023:0911,270666.0,156.95,16.36,7.6,1.52,0.0
20231023:1011,194766.0,119.06,21.18,8.98,1.86,0.0
20231023:1111,204468.0,124.8,23.91,10.35,2.41,0.0
20231023:1211,210518.0,128.51,24.26,11.56,3.03,0.0
20231023:1311,420288.0,236.75,22.18,12.35,3.24,0.0
20231023:1411,316580.0,183.54,17.91,12.83,3.31,0.0
20231023:1511,112926.0,76.77,11.88,12.69,2.62,0.0
20231023:1611,23562.0,24.83,4.54,11.88,2.41,0.0
20231023:1711,0.0,0.0,0.0,10.65,2.76,0.0
20231023:1811,0.0,0.0,0.0,10.0,2.83,0.0
20231023:1911,0.0,0.0,0.0,9.88,2.83,0.0
20231023:2011,0.0,0.0,0.0,9.88,2.83,0.0
20231023:2111,0.0,0.0,0.0,10.07,2.97,0.0
20231023:2211,0.0,0.0,0.0,10.28,3.03,0.0
20231023:2311,0.0,0.0,0.0,10.29,3.03,0.0
20231024:0011,0.0,0.0,0.0,10.18,2.9,0.0
20231024:0111,0.0,0.0,0.0,10.02,2.55,0.0
20231024:0211,0.0,0.0,0.0,9.71,2.28,0.0
20231024:0311,0.0,0.0,0.0,9.67,2.07,0.0
20231024:0411,0.0,0.0,0.0,9.7,2.21,0.0
20231024:0511,0.0,0.0,0.0,9.78,2.34,0.0
20231024:0611,0.0,0.0,0.0,9.76,2.48,0.0
20231024:0711,726.0,6.49,2.01,9.4,2.0,0.0
20231024:0811,252164.0,149.85,9.62,9.47,2.14,0.0
20231024:0911,66220.0,50.06,16.05,9.75,2.34,0.0
20231024:1011,116226.0,77.88,20.84,10.16,2.34,0.0
20231024:1111,114400.0,76.95,23.56,10.38,2.41,0.0
20231024:1211,216018.0,130.99,23.91,10.56,2.0,0.0
20231024:1311,194898.0,119.97,21.83,10.67,1.79,0.0
20231024:1411,56232.0,44.5,17.58,10.79,1.59,0.0
20231024:1511,64196.0,49.14,11.56,10.85,1.38,0.0
20231024:1611,19888.0,22.29,4.23,10.52,1.38,0.0
20231024:1711,0.0,0.0,0.0,9.41,2.0,0.0
20231024:1811,0.0,0.0,0.0,8.21,2.34,0.0
20231024:1911,0.0,0.0,0.0,8.26,2.28,0.0
20231024:2011,0.0,0.0,0.0,8.17,2.48,0.0
20231024:2111,0.0,0.0,0.0,8.05,2.76,0.0
20231024:2211,0.0,0.0,0.0,8.06,2.83,0.0
20231024:2311,0.0,0.0,0.0,7.86,2.97,0.0
20231025:0011,0.0,0.0,0.0,7.71,3.1,0.0
20231025:0111,0.0,0.0,0.0,7.63,3.31,0.0
20231025:0211,0.0,0.0,0.0,7.3,3.03,0.0
20231025:0311,0.0,0.0,0.0,7.3,2.83,0.0
20231025:0411,0.0,0.0,0.0,7.24,2.69,0.0
20231025:0511,0.0,0.0,0.0,6.74,2.62,0.0
20231025:0611,0.0,0.0,0.0,6.94,2.83,0.0
20231025:0711,0.0,1.85,1.73,7.93,2.9,0.0
20231025:0811,44374.0,37.08,9.32,8.26,2.76,0.0
20231025:0911,39556.0,34.3,15.74,9.17,3.17,0.0
20231025:1011,91058.0,63.97,20.51,9.93,4.0,0.0
20231025:1111,99198.0,68.61,23.22,10.49,3.72,0.0
20231025:1211,206206.0,125.78,23.56,10.84,3.52,0.0
20231025:1311,214390.0,130.06,21.49,11.06,3.31,0.0
20231025:1411,62590.0,48.21,17.24,11.09,2.83,0.0
20231025:1511,16346.0,19.47,11.24,10.97,2.41,0.0
20231025:1611,1540.0,7.42,3.93,10.8,2.14,0.0
20231025:1711,0.0,0.0,0.0,10.53,2.14,0.0
20231025:1811,0.0,0.0,0.0,10.35,2.07,0.0
20231025:1911,0.0,0.0,0.0,10.46,2.07,0.0
20231025:2011,0.0,0.0,0.0,10.3,1.66,0.0
20231025:2111,0.0,0.0,0.0,10.21,1.45,0.0
20231025:2211,0.0,0.0,0.0,9.97,0.76,0.0
20231025:2311,0.0,0.0,0.0,9.84,0.62,0.0
20231026:0011,0.0,0.0,0.0,9.65,0.62,0.0
20231026:0111,0.0,0.0,0.0,9.55,0.97,0.0
20231026:0211,0.0,0.0,0.0,9.45,1.52,0.0
20231026:0311,0.0,0.0,0.0,9.27,1.93,0.0
20231026:0411,0.0,0.0,0.0,9.09,2.34,0.0
20231026:0511,0.0,0.0,0.0,8.87,2.62,0.0
20231026:0611,0.0,0.0,0.0,8.45,2.55,0.0
20231026:0711,0.0,0.93,1.45,7.82,2.21,0.0
20231026:0811,27852.0,26.89,9.03,7.85,2.07,0.0
20231026:0911,15268.0,18.54,15.43,8.44,2.21,0.0
20231026:1011,26224.0,25.96,20.19,9.03,2.07,0.0
20231026:1111,31900.0,29.67,22.88,9.88,1.93,0.0
20231026:1211,99220.0,68.61,23.21,10.07,1.86,0.0
20231026:1311,100848.0,69.53,21.15,10.21,2.0,0.0
20231026:1411,19074.0,21.32,16.92,10.32,2.21,0.0
20231026:1511,10054.0,14.83,10.92,10.44,1.79,0.0
20231026:1611,0.0,2.78,3.63,10.36,1.24,0.0
20231026:1711,0.0,0.0,0.0,10.14,0.83,0.0
20231026:1811,0.0,0.0,0.0,9.75,1.1,0.0
20231026:1911,0.0,0.0,0.0,9.44,1.17,0.0
20231026:2011,0.0,0.0,0.0,9.04,1.03,0.0
20231026:2111,0.0,0.0,0.0,9.4,0.41,0.0
20231026:2211,0.0,0.0,0.0,9.29,0.28,0.0
20231026:2311,0.0,0.0,0.0,8.89,0.55,0.0
20231027:0011,0.0,0.0,0.0,9.08,0.55,0.0
20231027:0111,0.0,0.0,0.0,9.27,0.62,0.0
20231027:0211,0.0,0.0,0.0,9.09,0.55,0.0
20231027:0311,0.0,0.0,0.0,8.81,0.69,0.0
20231027:0411,0.0,0.0,0.0,8.79,0.83,0.0
20231027:0511,0.0,0.0,0.0,8.46,0.9,0.0
20231027:0611,0.0,0.0,0.0,8.24,1.1,0.0
20231027:0711,0.0,0.0,0.0,7.47,0.83,0.0
20231027:0811,72886.0,53.55,8.74,7.76,0.76,0.0
20231027:0911,24882.0,25.03,15.12,8.31,0.69,0.0
20231027:1011,56584.0,44.5,19.86,9.42,0.69,0.0
20231027:1111,138358.0,89.93,22.54,10.0,0.9,0.0
20231027:1211,33264.0,30.59,22.87,10.48,1.03,0.0
20231027:1311,64460.0,49.14,20.81,10.07,1.59,0.0
20231027:1411,42372.0,36.16,16.59,10.23,2.07,0.0
20231027:1511,23210.0,24.1,10.61,10.31,1.79,0.0
20231027:1611,0.0,2.78,3.33,10.11,1.66,0.0
20231027:1711,0.0,0.0,0.0,9.87,1.72,0.0
20231027:1811,0.0,0.0,0.0,9.79,1.72,0.0
20231027:1911,0.0,0.0,0.0,9.88,2.34,0.0
20231027:2011,0.0,0.0,0.0,9.81,2.41,0.0
20231027:2111,0.0,0.0,0.0,9.45,2.21,0.0
20231027:2211,0.0,0.0,0.0,9.1,2.21,0.0
20231027:2311,0.0,0.0,0.0,8.6,2.14,0.0
20231028:0011,0.0,0.0,0.0,8.24,2.0,0.0
20231028:0111,0.0,0.0,0.0,7.73,2.0,0.0
20231028:0211,0.0,0.0,0.0,7.26,1.86,0.0
20231028:0311,0.0,0.0,0.0,6.88,1.79,0.0
20231028:0411,0.0,0.0,0.0,6.57,1.79,0.0
20231028:0511,0.0,0.0,0.0,7.11,2.07,0.0
20231028:0611,0.0,0.0,0.0,7.26,2.21,0.0
20231028:0711,0.0,0.0,0.0,7.46,2.21,0.0
20231028:0811,38302.0,33.38,8.45,7.77,2.34,0.0
20231028:0911,23474.0,24.1,14.81,8.33,1.79,0.0
20231028:1011,32076.0,29.67,19.54,8.87,2.28,0.0
20231028:1111,143000.0,91.78,22.21,9.12,3.72,0.0
20231028:1211,67760.0,50.99,22.53,10.23,3.86,0.0
20231028:1311,53086.0,42.65,20.48,11.01,3.72,0.0
20231028:1411,226138.0,135.76,16.27,11.03,3.1,0.0
20231028:1511,149710.0,96.09,10.31,11.22,2.97,0.0
20231028:1611,47806.0,41.84,3.04,10.93,2.62,0.0
20231028:1711,0.0,0.0,0.0,10.53,2.9,0.0
20231028:1811,0.0,0.0,0.0,10.08,3.24,0.0
20231028:1911,0.0,0.0,0.0,9.71,3.31,0.0
20231028:2011,0.0,0.0,0.0,9.63,3.45,0.0
20231028:2111,0.0,0.0,0.0,9.5,3.59,0.0
20231028:2211,0.0,0.0,0.0,9.61,3.66,0.0
20231028:2311,0.0,0.0,0.0,9.99,3.72,0.0
20231029:0011,0.0,0.0,0.0,10.19,3.66,0.0
20231029:0111,0.0,0.0,0.0,10.32,3.52,0.0
20231029:0211,0.0,0.0,0.0,10.19,3.24,0.0
20231029:0311,0.0,0.0,0.0,10.12,2.83,0.0
20231029:0411,0.0,0.0,0.0,9.99,1.72,0.0
20231029:0511,0.0,0.0,0.0,9.82,0.55,0.0
20231029:0611,0.0,0.0,0.0,9.41,1.72,0.0
20231029:0711,0.0,0.0,0.0,9.27,2.62,0.0
20231029:0811,34936.0,31.52,8.16,9.58,2.83,0.0
20231029:0911,36366.0,32.45,14.51,10.0,3.1,0.0
20231029:1011,66132.0,50.06,19.22,10.13,3.03,0.0
20231029:1111,215270.0,130.24,21.88,10.43,2.9,0.0
20231029:1211,164098.0,103.84,22.2,11.1,2.97,0.0
20231029:1311,189662.0,117.54,20.15,11.62,2.48,0.0
20231029:1411,233684.0,140.29,15.95,11.97,2.34,0.0
20231029:1511,105314.0,72.44,10.0,11.89,1.59,0.0
20231029:1611,1518.0,7.42,2.75,11.32,1.38,0.0
20231029:1711,0.0,0.0,0.0,9.6,1.24,0.0
20231029:1811,0.0,0.0,0.0,9.89,0.48,0.0
20231029:1911,0.0,0.0,0.0,7.58,1.86,0.0
20231029:2011,0.0,0.0,0.0,7.28,1.93,0.0
20231029:2111,0.0,0.0,0.0,7.2,2.07,0.0
20231029:2211,0.0,0.0,0.0,7.39,2.41,0.0
20231029:2311,0.0,0.0,0.0,7.84,2.55,0.0
20231030:0011,0.0,0.0,0.0,8.18,2.83,0.0
20231030:0111,0.0,0.0,0.0,8.29,2.9,0.0
20231030:0211,0.0,0.0,0.0,8.41,2.97,0.0
20231030:0311,0.0,0.0,0.0,8.43,3.1,0.0
20231030:0411,0.0,0.0,0.0,8.45,3.24,0.0
20231030:0511,0.0,0.0,0.0,8.42,3.52,0.0
20231030:0611,0.0,0.0,0.0,8.39,3.52,0.0
20231030:0711,0.0,0.0,0.0,8.25,2.97,0.0
20231030:0811,72666.0,53.54,7.87,8.36,2.83,0.0
20231030:0911,45848.0,38.01,14.2,8.62,2.69,0.0
20231030:1011,334664.0,189.66,18.9,8.85,3.03,0.0
20231030:1111,277992.0,161.52,21.55,9.24,3.24,0.0
20231030:1211,153252.0,97.35,21.87,9.42,3.45,0.0
20231030:1311,316624.0,181.13,19.83,9.54,3.24,0.0
20231030:1411,51964.0,41.72,15.64,9.36,3.24,0.0
20231030:1511,242198.0,143.4,9.71,9.07,3.38,0.0
20231030:1611,12914.0,17.6,2.46,8.83,3.66,0.0
20231030:1711,0.0,0.0,0.0,8.62,3.52,0.0
20231030:1811,0.0,0.0,0.0,8.55,3.24,0.0
20231030:1911,0.0,0.0,0.0,7.8,2.83,0.0
20231030:2011,0.0,0.0,0.0,7.64,2.76,0.0
20231030:2111,0.0,0.0,0.0,7.7,2.48,0.0
20231030:2211,0.0,0.0,0.0,7.54,2.34,0.0
20231030:2311,0.0,0.0,0.0,7.73,2.41,0.0
20231031:0011,0.0,0.0,0.0,7.79,2.41,0.0
20231031:0111,0.0,0.0,0.0,7.87,2.28,0.0
20231031:0211,0.0,0.0,0.0,7.79,2.14,0.0
20231031:0311,0.0,0.0,0.0,7.87,2.21,0.0
20231031:0411,0.0,0.0,0.0,7.9,2.28,0.0
20231031:0511,0.0,0.0,0.0,7.93,2.48,0.0
20231031:0611,0.0,0.0,0.0,7.88,2.9,0.0
20231031:0711,0.0,0.0,0.0,7.83,2.28,0.0
20231031:0811,22110.0,23.18,7.59,8.05,2.34,0.0
20231031:0911,42812.0,36.16,13.9,8.34,2.48,0.0
20231031:1011,68332.0,50.99,18.58,8.52,3.17,0.0
20231031:1111,100056.0,68.61,21.22,8.67,3.31,0.0
20231031:1211,29172.0,27.81,21.54,8.75,3.45,0.0
20231031:1311,45870.0,38.01,19.51,8.57,3.38,0.0
20231031:1411,114290.0,76.15,15.34,8.44,3.52,0.0
20231031:1511,91630.0,63.86,9.42,8.29,3.59,0.0
20231031:1611,2508.0,8.34,2.19,8.13,3.45,0.0
20231031:1711,0.0,0.0,0.0,8.02,3.1,0.0
20231031:1811,0.0,0.0,0.0,8.01,2.62,0.0
20231031:1911,0.0,0.0,0.0,7.89,2.69,0.0
20231031:2011,0.0,0.0,0.0,7.95,2.76,0.0
20231031:2111,0.0,0.0,0.0,7.98,2.83,0.0
20231031:2211,0.0,0.0,0.0,8.07,2.97,0.0
20231031:2311,0.0,0.0,0.0,8.12,2.48,0.0
20231101:0011,0.0,0.0,0.0,8.16,2.48,0.0
20231101:0111,0.0,0.0,0.0,8.23,2.28,0.0
20231101:0211,0.0,0.0,0.0,8.16,2.55,0.0
20231101:0311,0.0,0.0,0.0,8.13,2.83,0.0
20231101:0411,0.0,0.0,0.0,8.21,3.45,0.0
20231101:0511,0.0,0.0,0.0,8.33,3.86,0.0
20231101:0611,0.0,0.0,0.0,8.62,4.62,0.0
20231101:0711,0.0,0.0,0.0,9.01,4.69,0.0
20231101:0811,15180.0,18.54,7.3,9.56,4.41,0.0
20231101:0911,40810.0,35.23,13.6,10.61,4.97,0.0
20231101:1011,215446.0,130.32,18.27,11.52,5.17,0.0
20231101:1111,425524.0,237.87,20.9,12.12,5.31,0.0
20231101:1211,628782.0,341.17,21.22,12.39,6.07,0.0
20231101:1311,284306.0,166.07,19.19,12.61,6.69,0.0
20231101:1411,187880.0,116.14,15.03,12.4,6.76,0.0
20231101:1511,199672.0,122.28,9.13,11.56,7.1,0.0
20231101:1611,0.0,5.56,1.91,10.44,6.28,0.0
20231101:1711,0.0,0.0,0.0,9.58,5.31,0.0
20231101:1811,0.0,0.0,0.0,8.9,5.03,0.0
20231101:1911,0.0,0.0,0.0,8.74,4.83,0.0
20231101:2011,0.0,0.0,0.0,8.37,4.55,0.0
20231101:2111,0.0,0.0,0.0,7.51,4.21,0.0
20231101:2211,0.0,0.0,0.0,6.52,3.72,0.0
20231101:2311,0.0,0.0,0.0,5.63,3.59,0.0
20231102:0011,0.0,0.0,0.0,5.44,3.59,0.0
20231102:0111,0.0,0.0,0.0,5.53,3.38,0.0
20231102:0211,0.0,0.0,0.0,6.13,3.72,0.0
20231102:0311,0.0,0.0,0.0,7.31,4.55,0.0
20231102:0411,0.0,0.0,0.0,8.1,5.86,0.0
20231102:0511,0.0,0.0,0.0,8.55,5.86,0.0
20231102:0611,0.0,0.0,0.0,8.96,5.17,0.0
20231102:0711,0.0,0.0,0.0,9.09,4.48,0.0
20231102:0811,58828.0,45.79,7.02,9.27,4.07,0.0
20231102:0911,11330.0,15.76,13.31,9.79,4.0,0.0
20231102:1011,31900.0,29.67,17.96,10.13,4.14,0.0
20231102:1111,31834.0,29.67,20.58,10.46,4.28,0.0
20231102:1211,126654.0,83.44,20.9,10.47,5.17,0.0
20231102:1311,259622.0,152.15,18.88,10.27,5.45,0.0
20231102:1411,340252.0,192.22,14.74,10.02,5.93,0.0
20231102:1511,47190.0,38.94,8.84,9.76,6.07,0.0
20231102:1611,726.0,6.49,1.64,9.64,6.07,0.0
20231102:1711,0.0,0.0,0.0,9.27,6.0,0.0
20231102:1811,0.0,0.0,0.0,9.13,6.07,0.0
20231102:1911,0.0,0.0,0.0,9.23,5.86,0.0
20231102:2011,0.0,0.0,0.0,9.29,6.07,0.0
20231102:2111,0.0,0.0,0.0,9.18,6.14,0.0
20231102:2211,0.0,0.0,0.0,9.01,6.21,0.0
20231102:2311,0.0,0.0,0.0,8.99,6.0,0.0
20231103:0011,0.0,0.0,0.0,8.91,5.79,0.0
20231103:0111,0.0,0.0,0.0,8.8,5.86,0.0
20231103:0211,0.0,0.0,0.0,8.73,5.93,0.0
20231103:0311,0.0,0.0,0.0,8.65,5.79,0.0
20231103:0411,0.0,0.0,0.0,8.46,5.45,0.0
20231103:0511,0.0,0.0,0.0,8.21,5.1,0.0
20231103:0611,0.0,0.0,0.0,7.9,4.76,0.0
20231103:0711,0.0,0.0,0.0,8.5,5.17,0.0
20231103:0811,172656.0,107.76,6.74,8.29,4.9,0.0
20231103:0911,491568.0,267.64,13.01,8.77,4.83,0.0
20231103:1011,976008.0,516.48,17.65,9.54,5.17,0.0
20231103:1111,1114542.0,591.35,20.27,10.32,5.45,0.0
20231103:1211,1323014.0,705.12,20.59,11.08,5.93,0.0
20231103:1311,619982.0,334.79,18.57,11.32,6.0,0.0
20231103:1411,209132.0,126.62,14.44,11.35,5.72,0.0
20231103:1511,139084.0,90.3,8.57,11.09,4.97,0.0
20231103:1611,0.0,2.78,1.38,10.68,4.28,0.0
20231103:1711,0.0,0.0,0.0,10.0,3.79,0.0
20231103:1811,0.0,0.0,0.0,9.43,3.59,0.0
20231103:1911,0.0,0.0,0.0,8.1,3.38,0.0
20231103:2011,0.0,0.0,0.0,7.75,3.31,0.0
20231103:2111,0.0,0.0,0.0,7.37,3.1,0.0
20231103:2211,0.0,0.0,0.0,7.09,2.97,0.0
20231103:2311,0.0,0.0,0.0,7.0,3.24,0.0
20231104:0011,0.0,0.0,0.0,7.12,3.45,0.0
20231104:0111,0.0,0.0,0.0,7.42,3.31,0.0
20231104:0211,0.0,0.0,0.0,7.41,2.69,0.0
20231104:0311,0.0,0.0,0.0,7.32,2.28,0.0
20231104:0411,0.0,0.0,0.0,6.88,2.28,0.0
20231104:0511,0.0,0.0,0.0,6.82,2.48,0.0
20231104:0611,0.0,0.0,0.0,6.49,2.21,0.0
20231104:0711,0.0,0.0,0.0,5.66,2.07,0.0
20231104:0811,29612.0,27.81,6.46,5.94,2.28,0.0
20231104:0911,74008.0,53.77,12.72,6.45,3.03,0.0
20231104:1011,309210.0,175.33,17.35,7.16,3.1,0.0
20231104:1111,539902.0,292.32,19.96,8.3,3.38,0.0
20231104:1211,385572.0,215.29,20.27,9.16,3.93,0.0
20231104:1311,135652.0,88.08,18.27,9.76,4.07,0.0
20231104:1411,42526.0,36.16,14.15,9.72,4.0,0.0
20231104:1511,26202.0,25.96,8.29,9.31,3.93,0.0
20231104:1611,0.0,0.0,0.0,8.9,4.14,0.0
20231104:1711,0.0,0.0,0.0,8.45,4.41,0.0
20231104:1811,0.0,0.0,0.0,8.25,4.62,0.0
20231104:1911,0.0,0.0,0.0,8.07,4.69,0.0
20231104:2011,0.0,0.0,0.0,8.2,5.1,0.0
20231104:2111,0.0,0.0,0.0,8.14,4.97,0.0
20231104:2211,0.0,0.0,0.0,8.29,5.1,0.0
20231104:2311,0.0,0.0,0.0,8.29,5.1,0.0
20231105:0011,0.0,0.0,0.0,8.27,5.24,0.0
20231105:0111,0.0,0.0,0.0,8.26,5.03,0.0
20231105:0211,0.0,0.0,0.0,8.23,5.03,0.0
20231105:0311,0.0,0.0,0.0,8.1,5.03,0.0
20231105:0411,0.0,0.0,0.0,7.9,4.97,0.0
20231105:0511,0.0,0.0,0.0,7.83,4.9,0.0
20231105:0611,0.0,0.0,0.0,7.9,4.97,0.0
20231105:0711,0.0,0.0,0.0,7.9,5.24,0.0
20231105:0811,126126.0,82.94,6.19,7.82,4.76,0.0
20231105:0911,471262.0,256.87,12.43,8.14,4.55,0.0
20231105:1011,680614.0,362.45,17.05,8.58,4.69,0.0
20231105:1111,1330538.0,707.43,19.65,9.06,4.69,0.0
20231105:1211,1309154.0,698.06,19.97,9.84,4.76,0.0
20231105:1311,1250106.0,668.22,17.97,10.39,4.55,0.0
20231105:1411,715616.0,385.07,13.87,10.52,4.07,0.0
20231105:1511,199716.0,122.2,8.03,10.23,3.17,0.0
20231105:1611,0.0,0.0,0.0,9.37,2.76,0.0
20231105:1711,0.0,0.0,0.0,8.05,2.83,0.0
20231105:1811,0.0,0.0,0.0,7.36,2.83,0.0
20231105:1911,0.0,0.0,0.0,6.89,2.83,0.0
20231105:2011,0.0,0.0,0.0,6.55,2.9,0.0
20231105:2111,0.0,0.0,0.0,6.24,2.62,0.0
20231105:2211,0.0,0.0,0.0,5.73,2.55,0.0
20231105:2311,0.0,0.0,0.0,5.55,2.62,0.0
20231106:0011,0.0,0.0,0.0,5.66,2.62,0.0
20231106:0111,0.0,0.0,0.0,5.8,2.62,0.0
20231106:0211,0.0,0.0,0.0,5.91,2.76,0.0
20231106:0311,0.0,0.0,0.0,6.19,2.83,0.0
20231106:0411,0.0,0.0,0.0,6.69,2.97,0.0
20231106:0511,0.0,0.0,0.0,7.12,3.1,0.0
20231106:0611,0.0,0.0,0.0,7.2,3.1,0.0
20231106:0711,0.0,0.0,0.0,6.9,3.03,0.0
20231106:0811,0.0,5.56,5.91,6.95,3.1,0.0
20231106:0911,336138.0,189.28,12.15,7.96,3.31,0.0
20231106:1011,375034.0,209.75,16.75,8.99,3.17,0.0
20231106:1111,332684.0,188.93,19.35,9.83,4.55,0.0
20231106:1211,452320.0,249.15,19.67,10.32,5.52,0.0
20231106:1311,869836.0,462.13,17.68,10.38,5.45,0.0
20231106:1411,252164.0,148.02,13.59,10.21,4.62,0.0
20231106:1511,87450.0,61.93,7.76,9.77,4.9,0.0
20231106:1611,0.0,0.0,0.0,9.07,4.21,0.0
20231106:1711,0.0,0.0,0.0,8.24,4.14,0.0
20231106:1811,0.0,0.0,0.0,8.27,4.28,0.0
20231106:1911,0.0,0.0,0.0,8.39,4.07,0.0
20231106:2011,0.0,0.0,0.0,8.24,4.07,0.0
20231106:2111,0.0,0.0,0.0,8.05,4.21,0.0
20231106:2211,0.0,0.0,0.0,8.05,4.41,0.0
20231106:2311,0.0,0.0,0.0,8.12,4.55,0.0
20231107:0011,0.0,0.0,0.0,8.21,4.55,0.0
20231107:0111,0.0,0.0,0.0,8.45,4.62,0.0
20231107:0211,0.0,0.0,0.0,8.81,4.69,0.0
20231107:0311,0.0,0.0,0.0,8.97,4.69,0.0
20231107:0411,0.0,0.0,0.0,8.83,4.48,0.0
20231107:0511,0.0,0.0,0.0,8.39,4.28,0.0
20231107:0611,0.0,0.0,0.0,8.11,4.14,0.0
20231107:0711,0.0,0.0,0.0,7.79,3.79,0.0
20231107:0811,59246.0,45.9,5.64,7.62,3.72,0.0
20231107:0911,237798.0,139.86,11.86,8.6,4.07,0.0
20231107:1011,944504.0,501.27,16.46,9.69,4.69,0.0
20231107:1111,300168.0,172.74,19.05,10.26,4.97,0.0
20231107:1211,846010.0,451.42,19.37,10.94,5.17,0.0
20231107:1311,789888.0,422.34,17.39,10.84,4.9,0.0
20231107:1411,622996.0,336.99,13.32,10.79,4.62,0.0
20231107:1511,2442.0,8.34,7.51,10.35,4.28,0.0
20231107:1611,0.0,0.0,0.0,9.56,4.0,0.0
20231107:1711,0.0,0.0,0.0,8.66,3.93,0.0
20231107:1811,0.0,0.0,0.0,7.97,3.79,0.0
20231107:1911,0.0,0.0,0.0,7.53,3.59,0.0
20231107:2011,0.0,0.0,0.0,7.21,3.38,0.0
20231107:2111,0.0,0.0,0.0,6.64,3.1,0.0
20231107:2211,0.0,0.0,0.0,6.31,2.83,0.0
20231107:2311,0.0,0.0,0.0,5.94,2.76,0.0
20231108:0011,0.0,0.0,0.0,6.08,2.83,0.0
20231108:0111,0.0,0.0,0.0,6.45,2.83,0.0
20231108:0211,0.0,0.0,0.0,6.43,2.69,0.0
20231108:0311,0.0,0.0,0.0,6.43,3.03,0.0
20231108:0411,0.0,0.0,0.0,6.35,3.66,0.0
20231108:0511,0.0,0.0,0.0,6.55,4.28,0.0
20231108:0611,0.0,0.0,0.0,6.84,4.9,0.0
20231108:0711,0.0,0.0,0.0,7.23,5.45,0.0
20231108:0811,5588.0,11.13,5.37,7.52,6.48,0.0
20231108:0911,30800.0,28.74,11.58,7.93,6.9,0.0
20231108:1011,93500.0,64.9,16.17,8.58,6.55,0.0
20231108:1111,199804.0,121.23,18.75,9.59,5.79,0.0
20231108:1211,634260.0,339.7,19.08,9.65,5.72,0.0
20231108:1311,532620.0,288.32,17.11,9.54,5.45,0.0
20231108:1411,452364.0,248.23,13.05,9.37,4.83,0.0
20231108:1511,63052.0,48.09,7.26,9.07,4.21,0.0
20231108:1611,0.0,0.0,0.0,8.36,3.66,0.0
20231108:1711,0.0,0.0,0.0,7.57,3.59,0.0
20231108:1811,0.0,0.0,0.0,7.25,3.59,0.0
20231108:1911,0.0,0.0,0.0,7.16,3.79,0.0
20231108:2011,0.0,0.0,0.0,7.09,3.86,0.0
20231108:2111,0.0,0.0,0.0,6.73,3.93,0.0
20231108:2211,0.0,0.0,0.0,6.55,3.93,0.0
20231108:2311,0.0,0.0,0.0,6.62,4.07,0.0
20231109:0011,0.0,0.0,0.0,6.73,4.28,0.0
20231109:0111,0.0,0.0,0.0,6.64,4.28,0.0
20231109:0211,0.0,0.0,0.0,6.36,3.79,0.0
20231109:0311,0.0,0.0,0.0,6.33,3.59,0.0
20231109:0411,0.0,0.0,0.0,5.95,3.24,0.0
20231109:0511,0.0,0.0,0.0,5.29,2.9,0.0
20231109:0611,0.0,0.0,0.0,4.52,2.97,0.0
20231109:0711,0.0,0.0,0.0,4.35,2.97,0.0
20231109:0811,4620.0,10.2,5.11,4.75,3.17,0.0
20231109:0911,57860.0,44.5,11.3,5.49,3.17,0.0
20231109:1011,790196.0,416.64,15.88,6.2,3.17,0.0
20231109:1111,827464.0,437.31,18.46,7.07,3.31,0.0
20231109:1211,907786.0,478.87,18.79,8.15,4.48,0.0
20231109:1311,1127126.0,598.27,16.83,8.58,3.86,0.0
20231109:1411,255442.0,148.85,12.79,8.5,3.1,0.0
20231109:1511,279070.0,162.46,7.01,8.13,2.83,0.0
20231109:1611,0.0,0.0,0.0,7.01,2.69,0.0
20231109:1711,0.0,0.0,0.0,6.08,2.69,0.0
20231109:1811,0.0,0.0,0.0,5.73,2.48,0.0
20231109:1911,0.0,0.0,0.0,5.91,2.41,0.0
20231109:2011,0.0,0.0,0.0,5.12,1.93,0.0
20231109:2111,0.0,0.0,0.0,4.93,1.66,0.0
20231109:2211,0.0,0.0,0.0,5.17,1.52,0.0
20231109:2311,0.0,0.0,0.0,4.58,1.79,0.0
20231110:0011,0.0,0.0,0.0,3.6,1.79,0.0
20231110:0111,0.0,0.0,0.0,2.77,1.72,0.0
20231110:0211,0.0,0.0,0.0,2.87,1.72,0.0
20231110:0311,0.0,0.0,0.0,3.14,1.79,0.0
20231110:0411,0.0,0.0,0.0,3.08,1.93,0.0
20231110:0511,0.0,0.0,0.0,3.47,2.07,0.0
20231110:0611,0.0,0.0,0.0,3.43,2.41,0.0
20231110:0711,0.0,0.0,0.0,2.68,2.62,0.0
20231110:0811,55638.0,43.14,4.84,2.74,3.03,0.0
20231110:0911,653510.0,344.73,11.03,3.96,3.1,0.0
20231110:1011,1003024.0,524.93,15.6,5.41,3.52,0.0
20231110:1111,1216226.0,637.82,18.18,6.6,4.55,0.0
20231110:1211,1175262.0,617.34,18.51,7.34,4.76,0.0
20231110:1311,1136102.0,598.22,16.56,7.73,4.55,0.0
20231110:1411,675774.0,359.75,12.53,7.75,4.21,0.0
20231110:1511,326876.0,186.3,6.77,7.31,3.52,0.0
20231110:1611,0.0,0.0,0.0,6.01,3.24,0.0
20231110:1711,0.0,0.0,0.0,4.54,3.24,0.0
20231110:1811,0.0,0.0,0.0,3.73,3.38,0.0
20231110:1911,0.0,0.0,0.0,3.5,2.9,0.0
20231110:2011,0.0,0.0,0.0,3.1,2.97,0.0
20231110:2111,0.0,0.0,0.0,2.99,2.97,0.0
20231110:2211,0.0,0.0,0.0,2.82,2.9,0.0
20231110:2311,0.0,0.0,0.0,2.72,2.97,0.0
20231111:0011,0.0,0.0,0.0,2.71,2.97,0.0
20231111:0111,0.0,0.0,0.0,2.87,3.03,0.0
20231111:0211,0.0,0.0,0.0,3.2,3.1,0.0
20231111:0311,0.0,0.0,0.0,3.2,3.17,0.0
20231111:0411,0.0,0.0,0.0,3.31,3.52,0.0
20231111:0511,0.0,0.0,0.0,3.47,3.79,0.0
20231111:0611,0.0,0.0,0.0,3.62,3.86,0.0
20231111:0711,0.0,0.0,0.0,4.38,4.0,0.0
20231111:0811,54824.0,43.02,4.58,4.65,3.72,0.0
20231111:0911,524942.0,281.67,10.76,5.51,3.45,0.0
20231111:1011,605946.0,323.07,15.32,6.52,3.17,0.0
20231111:1111,1258928.0,668.64,17.89,7.54,3.52,0.0
20231111:1211,1320396.0,707.24,18.23,8.2,3.17,0.0
20231111:1311,1110934.0,593.31,16.3,8.61,2.97,0.0
20231111:1411,929500.0,499.51,12.28,8.67,2.21,0.0
20231111:1511,254540.0,150.54,6.54,8.42,1.38,0.0
20231111:1611,0.0,0.0,0.0,7.56,1.31,0.0
20231111:1711,0.0,0.0,0.0,5.1,1.45,0.0
20231111:1811,0.0,0.0,0.0,5.6,0.9,0.0
20231111:1911,0.0,0.0,0.0,6.09,0.41,0.0
20231111:2011,0.0,0.0,0.0,5.16,1.03,0.0
20231111:2111,0.0,0.0,0.0,3.7,1.31,0.0
20231111:2211,0.0,0.0,0.0,4.11,1.1,0.0
20231111:2311,0.0,0.0,0.0,3.95,0.97,0.0
20231112:0011,0.0,0.0,0.0,3.66,1.1,0.0
20231112:0111,0.0,0.0,0.0,4.08,0.69,0.0
20231112:0211,0.0,0.0,0.0,4.08,0.48,0.0
20231112:0311,0.0,0.0,0.0,3.13,1.1,0.0
20231112:0411,0.0,0.0,0.0,1.76,1.45,0.0
20231112:0511,0.0,0.0,0.0,1.84,1.31,0.0
20231112:0611,0.0,0.0,0.0,1.76,1.31,0.0
20231112:0711,0.0,0.0,0.0,1.52,1.86,0.0
20231112:0811,41272.0,34.72,4.32,1.94,1.52,0.0
20231112:0911,80586.0,56.67,10.49,3.11,1.31,0.0
20231112:1011,1074370.0,569.46,15.05,5.35,1.93,0.0
20231112:1111,1117996.0,590.89,17.62,6.78,3.17,0.0
20231112:1211,302082.0,171.74,17.96,7.51,4.21,0.0
20231112:1311,82082.0,58.41,16.03,7.4,4.21,0.0
20231112:1411,67122.0,50.06,12.04,7.31,4.07,0.0
20231112:1511,29458.0,27.81,6.31,6.95,3.38,0.0
20231112:1611,0.0,0.0,0.0,6.53,3.52,0.0
20231112:1711,0.0,0.0,0.0,6.33,3.79,0.0
20231112:1811,0.0,0.0,0.0,6.35,4.07,0.0
20231112:1911,0.0,0.0,0.0,6.77,4.76,0.0
20231112:2011,0.0,0.0,0.0,6.91,4.69,0.0
20231112:2111,0.0,0.0,0.0,7.05,4.41,0.0
20231112:2211,0.0,0.0,0.0,7.18,3.79,0.0
20231112:2311,0.0,0.0,0.0,7.23,3.24,0.0
20231113:0011,0.0,0.0,0.0,7.12,2.83,0.0
20231113:0111,0.0,0.0,0.0,7.04,2.41,0.0
20231113:0211,0.0,0.0,0.0,6.67,2.76,0.0
20231113:0311,0.0,0.0,0.0,6.73,3.1,0.0
20231113:0411,0.0,0.0,0.0,6.76,3.66,0.0
20231113:0511,0.0,0.0,0.0,7.09,4.76,0.0
20231113:0611,0.0,0.0,0.0,7.79,5.66,0.0
20231113:0711,0.0,0.0,0.0,7.94,6.69,0.0
20231113:0811,0.0,3.71,4.07,8.06,7.66,0.0
20231113:0911,191378.0,115.7,10.23,8.39,7.38,0.0
20231113:1011,19118.0,21.32,14.77,10.15,7.03,0.0
20231113:1111,880682.0,463.15,17.34,10.51,9.1,0.0
20231113:1211,400774.0,221.6,17.69,10.02,9.52,0.0
20231113:1311,113520.0,76.02,15.78,9.8,9.86,0.0
20231113:1411,8932.0,13.91,11.8,9.68,10.28,0.0
20231113:1511,74976.0,54.92,6.08,9.58,11.24,0.0
20231113:1611,0.0,0.0,0.0,9.49,12.48,0.0
20231113:1711,0.0,0.0,0.0,9.45,12.55,0.0
20231113:1811,0.0,0.0,0.0,9.36,11.31,0.0
20231113:1911,0.0,0.0,0.0,9.43,9.79,0.0
20231113:2011,0.0,0.0,0.0,9.67,8.9,0.0
20231113:2111,0.0,0.0,0.0,9.77,8.07,0.0
20231113:2211,0.0,0.0,0.0,9.95,7.38,0.0
20231113:2311,0.0,0.0,0.0,9.87,6.76,0.0
20231114:0011,0.0,0.0,0.0,9.8,6.21,0.0
20231114:0111,0.0,0.0,0.0,9.79,5.72,0.0
20231114:0211,0.0,0.0,0.0,9.9,5.45,0.0
20231114:0311,0.0,0.0,0.0,10.06,4.97,0.0
20231114:0411,0.0,0.0,0.0,9.78,4.0,0.0
20231114:0511,0.0,0.0,0.0,9.31,3.31,0.0
20231114:0611,0.0,0.0,0.0,9.14,2.62,0.0
20231114:0711,0.0,0.0,0.0,9.36,2.76,0.0
20231114:0811,0.0,4.64,3.81,9.17,2.21,0.0
20231114:0911,12628.0,16.69,9.96,9.12,2.07,0.0
20231114:1011,13882.0,17.62,14.51,9.45,2.28,0.0
20231114:1111,26114.0,25.96,17.08,9.78,2.0,0.0
20231114:1211,275660.0,160.68,17.43,10.08,2.28,0.0
20231114:1311,293788.0,169.75,15.53,10.23,2.34,0.0
20231114:1411,568656.0,310.92,11.56,10.21,2.14,0.0
20231114:1511,51480.0,41.64,5.87,10.11,1.86,0.0
20231114:1611,0.0,0.0,0.0,9.67,1.59,0.0
20231114:1711,0.0,0.0,0.0,8.64,1.52,0.0
20231114:1811,0.0,0.0,0.0,8.54,1.79,0.0
20231114:1911,0.0,0.0,0.0,8.82,2.97,0.0
20231114:2011,0.0,0.0,0.0,8.99,3.24,0.0
20231114:2111,0.0,0.0,0.0,9.33,3.59,0.0
20231114:2211,0.0,0.0,0.0,9.23,3.93,0.0
20231114:2311,0.0,0.0,0.0,9.09,4.21,0.0
20231115:0011,0.0,0.0,0.0,8.86,4.34,0.0
20231115:0111,0.0,0.0,0.0,8.63,4.48,0.0
20231115:0211,0.0,0.0,0.0,8.63,4.62,0.0
20231115:0311,0.0,0.0,0.0,8.46,4.55,0.0
20231115:0411,0.0,0.0,0.0,8.84,4.83,0.0
20231115:0511,0.0,0.0,0.0,8.94,5.24,0.0
20231115:0611,0.0,0.0,0.0,8.87,5.52,0.0
20231115:0711,0.0,0.0,0.0,9.28,6.0,0.0
20231115:0811,154572.0,100.01,3.56,9.43,6.0,0.0
20231115:0911,408012.0,226.04,9.71,9.58,5.93,0.0
20231115:1011,260128.0,151.51,14.25,9.81,5.72,0.0
20231115:1111,433906.0,239.2,16.81,10.16,5.59,0.0
20231115:1211,417142.0,231.08,17.17,10.45,5.72,0.0
20231115:1311,80916.0,58.41,15.29,10.32,5.17,0.0
20231115:1411,11308.0,15.76,11.33,10.08,4.9,0.0
20231115:1511,1562.0,7.42,5.65,9.64,3.93,0.0
20231115:1611,0.0,0.0,0.0,8.92,2.97,0.0
20231115:1711,0.0,0.0,0.0,8.38,2.28,0.0
20231115:1811,0.0,0.0,0.0,8.17,1.79,0.0
20231115:1911,0.0,0.0,0.0,8.0,1.38,0.0
20231115:2011,0.0,0.0,0.0,7.38,1.38,0.0
20231115:2111,0.0,0.0,0.0,6.8,1.31,0.0
20231115:2211,0.0,0.0,0.0,6.39,0.97,0.0
20231115:2311,0.0,0.0,0.0,6.51,0.69,0.0
20231116:0011,0.0,0.0,0.0,6.32,0.83,0.0
20231116:0111,0.0,0.0,0.0,6.17,1.03,0.0
20231116:0211,0.0,0.0,0.0,5.8,1.31,0.0
20231116:0311,0.0,0.0,0.0,4.79,1.52,0.0
20231116:0411,0.0,0.0,0.0,4.17,1.52,0.0
20231116:0511,0.0,0.0,0.0,4.09,1.59,0.0
20231116:0611,0.0,0.0,0.0,4.05,1.52,0.0
20231116:0711,0.0,0.0,0.0,3.68,1.03,0.0
20231116:0811,19734.0,21.51,3.32,3.85,0.9,0.0
20231116:0911,192720.0,115.49,9.45,4.64,0.69,0.0
20231116:1011,260656.0,150.42,13.99,5.55,0.62,0.0
20231116:1111,333586.0,188.37,16.56,6.77,0.55,0.0
20231116:1211,255838.0,149.37,16.92,7.42,0.83,0.0
20231116:1311,190696.0,116.09,15.05,7.75,0.97,0.0
20231116:1411,147136.0,93.29,11.11,7.81,0.9,0.0
20231116:1511,22154.0,23.18,5.45,7.6,0.97,0.0
20231116:1611,0.0,0.0,0.0,7.2,1.45,0.0
20231116:1711,0.0,0.0,0.0,6.52,1.72,0.0
20231116:1811,0.0,0.0,0.0,6.08,1.79,0.0
20231116:1911,0.0,0.0,0.0,5.75,1.93,0.0
20231116:2011,0.0,0.0,0.0,5.53,2.0,0.0
20231116:2111,0.0,0.0,0.0,5.31,2.0,0.0
20231116:2211,0.0,0.0,0.0,5.29,2.14,0.0
20231116:2311,0.0,0.0,0.0,5.16,1.79,0.0
20231117:0011,0.0,0.0,0.0,4.77,1.72,0.0
20231117:0111,0.0,0.0,0.0,4.26,1.45,0.0
20231117:0211,0.0,0.0,0.0,3.98,1.66,0.0
20231117:0311,0.0,0.0,0.0,3.97,1.93,0.0
20231117:0411,0.0,0.0,0.0,4.02,1.66,0.0
20231117:0511,0.0,0.0,0.0,4.15,1.31,0.0
20231117:0611,0.0,0.0,0.0,4.22,1.31,0.0
20231117:0711,0.0,0.0,0.0,4.16,1.79,0.0
20231117:0811,36388.0,32.21,3.08,3.62,1.72,0.0
20231117:0911,650144.0,348.15,9.21,4.9,1.24,0.0
20231117:1011,976228.0,521.71,13.74,6.61,1.45,0.0
20231117:1111,1185294.0,639.25,16.31,7.64,1.66,0.0
20231117:1211,1107524.0,598.36,16.68,8.3,1.52,0.0
20231117:1311,769516.0,414.49,14.81,8.63,1.45,0.0
20231117:1411,228008.0,135.51,10.9,8.77,0.83,0.0
20231117:1511,118932.0,79.26,5.25,8.55,0.97,0.0
20231117:1611,0.0,0.0,0.0,7.88,1.66,0.0
20231117:1711,0.0,0.0,0.0,6.95,2.07,0.0
20231117:1811,0.0,0.0,0.0,6.7,2.21,0.0
20231117:1911,0.0,0.0,0.0,5.85,2.14,0.0
20231117:2011,0.0,0.0,0.0,5.65,2.34,0.0
20231117:2111,0.0,0.0,0.0,5.56,2.55,0.0
20231117:2211,0.0,0.0,0.0,5.6,2.55,0.0
20231117:2311,0.0,0.0,0.0,5.53,2.69,0.0
20231118:0011,0.0,0.0,0.0,5.4,3.24,0.0
20231118:0111,0.0,0.0,0.0,5.59,3.59,0.0
20231118:0211,0.0,0.0,0.0,5.88,4.0,0.0
20231118:0311,0.0,0.0,0.0,6.21,4.97,0.0
20231118:0411,0.0,0.0,0.0,6.55,6.48,0.0
20231118:0511,0.0,0.0,0.0,6.79,6.9,0.0
20231118:0611,0.0,0.0,0.0,7.02,6.69,0.0
20231118:0711,0.0,0.0,0.0,6.65,5.31,0.0
20231118:0811,2530.0,8.34,2.84,6.95,4.55,0.0
20231118:0911,87802.0,61.42,8.96,7.69,4.07,0.0
20231118:1011,47410.0,38.94,13.49,8.7,3.86,0.0
20231118:1111,42460.0,36.16,16.06,9.97,4.0,0.0
20231118:1211,280236.0,162.95,16.44,11.09,4.28,0.0
20231118:1311,62392.0,48.21,14.59,11.89,4.41,0.0
20231118:1411,11154.0,15.76,10.69,12.29,4.41,0.0
20231118:1511,8756.0,13.91,5.06,12.33,4.48,0.0
20231118:1611,0.0,0.0,0.0,12.29,4.69,0.0
20231118:1711,0.0,0.0,0.0,12.05,4.83,0.0
20231118:1811,0.0,0.0,0.0,11.69,4.83,0.0
20231118:1911,0.0,0.0,0.0,11.43,4.76,0.0
20231118:2011,0.0,0.0,0.0,11.4,4.83,0.0
20231118:2111,0.0,0.0,0.0,11.25,5.1,0.0
20231118:2211,0.0,0.0,0.0,11.27,5.24,0.0
20231118:2311,0.0,0.0,0.0,11.14,5.45,0.0
20231119:0011,0.0,0.0,0.0,10.91,5.66,0.0
20231119:0111,0.0,0.0,0.0,10.87,5.72,0.0
20231119:0211,0.0,0.0,0.0,10.73,5.79,0.0
20231119:0311,0.0,0.0,0.0,10.53,5.52,0.0
20231119:0411,0.0,0.0,0.0,10.36,5.38,0.0
20231119:0511,0.0,0.0,0.0,10.42,5.31,0.0
20231119:0611,0.0,0.0,0.0,10.26,4.83,0.0
20231119:0711,0.0,0.0,0.0,10.23,4.76,0.0
20231119:0811,0.0,5.56,2.6,10.27,4.48,0.0
20231119:0911,569558.0,310.49,8.72,10.52,4.34,0.0
20231119:1011,397804.0,222.07,13.24,11.0,4.28,0.0
20231119:1111,112310.0,76.02,15.82,11.4,4.21,0.0
20231119:1211,88572.0,63.04,16.2,11.68,3.79,0.0
20231119:1311,83732.0,60.26,14.37,11.29,3.24,0.0
20231119:1411,6534.0,12.05,10.48,11.15,2.83,0.0
20231119:1511,16346.0,19.47,4.87,10.84,2.48,0.0
20231119:1611,0.0,0.0,0.0,10.81,2.62,0.0
20231119:1711,0.0,0.0,0.0,10.92,2.97,0.0
20231119:1811,0.0,0.0,0.0,11.09,3.24,0.0
20231119:1911,0.0,0.0,0.0,11.35,3.66,0.0
20231119:2011,0.0,0.0,0.0,11.44,4.14,0.0
20231119:2111,0.0,0.0,0.0,11.08,4.83,0.0
20231119:2211,0.0,0.0,0.0,10.86,5.38,0.0
20231119:2311,0.0,0.0,0.0,10.61,5.52,0.0
20231120:0011,0.0,0.0,0.0,10.3,5.38,0.0
20231120:0111,0.0,0.0,0.0,9.95,4.97,0.0
20231120:0211,0.0,0.0,0.0,9.63,4.55,0.0
20231120:0311,0.0,0.0,0.0,9.18,4.14,0.0
20231120:0411,0.0,0.0,0.0,8.76,3.66,0.0
20231120:0511,0.0,0.0,0.0,8.51,3.24,0.0
20231120:0611,0.0,0.0,0.0,8.22,2.9,0.0
20231120:0711,0.0,0.0,0.0,8.49,3.03,0.0
20231120:0811,32406.0,30.52,2.37,8.57,3.1,0.0
20231120:0911,203016.0,122.42,8.48,9.12,3.1,0.0
20231120:1011,94402.0,65.71,13.01,9.77,3.1,0.0
20231120:1111,201322.0,122.43,15.58,10.48,3.24,0.0
20231120:1211,98890.0,68.61,15.98,11.12,3.93,0.0
20231120:1311,72248.0,53.77,14.15,11.37,3.93,0.0
20231120:1411,8822.0,13.91,10.29,11.35,3.31,0.0
20231120:1511,43252.0,36.91,4.69,11.28,3.17,0.0
20231120:1611,0.0,0.0,0.0,10.96,3.31,0.0
20231120:1711,0.0,0.0,0.0,10.64,3.79,0.0
20231120:1811,0.0,0.0,0.0,10.53,4.07,0.0
20231120:1911,0.0,0.0,0.0,10.58,4.14,0.0
20231120:2011,0.0,0.0,0.0,10.3,5.31,0.0
20231120:2111,0.0,0.0,0.0,9.76,5.72,0.0
20231120:2211,0.0,0.0,0.0,9.41,6.14,0.0
20231120:2311,0.0,0.0,0.0,9.03,6.48,0.0
20231121:0011,0.0,0.0,0.0,8.78,6.76,0.0
20231121:0111,0.0,0.0,0.0,8.77,7.17,0.0
20231121:0211,0.0,0.0,0.0,8.77,7.45,0.0
20231121:0311,0.0,0.0,0.0,8.55,7.72,0.0
20231121:0411,0.0,0.0,0.0,8.38,7.86,0.0
20231121:0511,0.0,0.0,0.0,8.38,7.79,0.0
20231121:0611,0.0,0.0,0.0,8.52,7.86,0.0
20231121:0711,0.0,0.0,0.0,8.53,6.55,0.0
20231121:0811,726.0,6.49,2.14,8.33,5.86,0.0
20231121:0911,17974.0,20.4,8.25,8.12,5.24,0.0
20231121:1011,517418.0,278.96,12.77,8.1,4.62,0.0
20231121:1111,68332.0,50.99,15.35,8.7,5.38,0.0
20231121:1211,459008.0,250.74,15.76,8.81,4.41,0.0
20231121:1311,106678.0,72.12,13.95,8.85,4.0,0.0
20231121:1411,19272.0,21.32,10.1,8.69,3.24,0.0
20231121:1511,382844.0,217.67,4.52,8.35,2.48,0.0
20231121:1611,0.0,0.0,0.0,7.15,2.21,0.0
20231121:1711,0.0,0.0,0.0,6.63,1.93,0.0
20231121:1811,0.0,0.0,0.0,5.68,1.45,0.0
20231121:1911,0.0,0.0,0.0,3.81,1.31,0.0
20231121:2011,0.0,0.0,0.0,3.27,1.17,0.0
20231121:2111,0.0,0.0,0.0,1.87,1.66,0.0
20231121:2211,0.0,0.0,0.0,2.02,1.86,0.0
20231121:2311,0.0,0.0,0.0,2.67,2.28,0.0
20231122:0011,0.0,0.0,0.0,3.24,2.55,0.0
20231122:0111,0.0,0.0,0.0,4.0,2.69,0.0
20231122:0211,0.0,0.0,0.0,4.45,2.83,0.0
20231122:0311,0.0,0.0,0.0,5.41,3.31,0.0
20231122:0411,0.0,0.0,0.0,6.47,3.79,0.0
20231122:0511,0.0,0.0,0.0,7.34,4.14,0.0
20231122:0611,0.0,0.0,0.0,8.13,4.62,0.0
20231122:0711,0.0,0.0,0.0,8.74,4.97,0.0
20231122:0811,726.0,6.49,1.92,9.32,4.97,0.0
20231122:0911,12584.0,16.69,8.03,9.82,5.17,0.0
20231122:1011,66154.0,50.06,12.54,10.33,5.72,0.0
20231122:1111,237006.0,140.3,15.13,10.68,6.21,0.0
20231122:1211,40722.0,35.23,15.54,11.12,6.76,0.0
20231122:1311,238524.0,141.3,13.75,11.47,6.9,0.0
20231122:1411,43648.0,37.08,9.91,11.72,7.03,0.0
20231122:1511,11220.0,15.76,4.35,11.5,6.9,0.0
20231122:1611,0.0,0.0,0.0,11.03,6.48,0.0
20231122:1711,0.0,0.0,0.0,10.7,6.0,0.0
20231122:1811,0.0,0.0,0.0,10.58,5.66,0.0
20231122:1911,0.0,0.0,0.0,11.64,6.21,0.0
20231122:2011,0.0,0.0,0.0,11.76,6.48,0.0
20231122:2111,0.0,0.0,0.0,11.89,6.97,0.0
20231122:2211,0.0,0.0,0.0,11.61,7.31,0.0
20231122:2311,0.0,0.0,0.0,11.18,7.52,0.0
20231123:0011,0.0,0.0,0.0,11.03,7.45,0.0
20231123:0111,0.0,0.0,0.0,11.09,7.17,0.0
20231123:0211,0.0,0.0,0.0,11.17,6.69,0.0
20231123:0311,0.0,0.0,0.0,11.16,6.07,0.0
20231123:0411,0.0,0.0,0.0,11.27,5.86,0.0
20231123:0511,0.0,0.0,0.0,11.44,5.86,0.0
20231123:0611,0.0,0.0,0.0,11.44,5.66,0.0
20231123:0711,0.0,0.0,0.0,11.84,6.34,0.0
20231123:0811,0.0,1.85,1.7,11.96,6.83,0.0
20231123:0911,80828.0,58.5,7.8,12.02,7.24,0.0
20231123:1011,843194.0,448.82,12.32,12.13,7.66,0.0
20231123:1111,223564.0,134.27,14.91,12.51,8.14,0.0
20231123:1211,188760.0,116.61,15.33,12.84,8.0,0.0
20231123:1311,934318.0,497.55,13.55,12.88,7.66,0.0
20231123:1411,14894.0,18.54,9.73,12.74,7.79,0.0
20231123:1511,1518.0,7.42,4.19,11.93,8.07,0.0
20231123:1611,0.0,0.0,0.0,10.77,7.66,0.0
20231123:1711,0.0,0.0,0.0,10.05,6.97,0.0
20231123:1811,0.0,0.0,0.0,9.51,6.55,0.0
20231123:1911,0.0,0.0,0.0,8.86,6.69,0.0
20231123:2011,0.0,0.0,0.0,8.5,6.41,0.0
20231123:2111,0.0,0.0,0.0,8.44,6.21,0.0
20231123:2211,0.0,0.0,0.0,8.25,6.0,0.0
20231123:2311,0.0,0.0,0.0,7.93,6.0,0.0
20231124:0011,0.0,0.0,0.0,7.43,5.86,0.0
20231124:0111,0.0,0.0,0.0,6.78,5.59,0.0
20231124:0211,0.0,0.0,0.0,6.24,5.45,0.0
20231124:0311,0.0,0.0,0.0,5.76,5.38,0.0
20231124:0411,0.0,0.0,0.0,5.37,5.31,0.0
20231124:0511,0.0,0.0,0.0,4.95,5.31,0.0
20231124:0611,0.0,0.0,0.0,4.61,5.38,0.0
20231124:0711,0.0,0.0,0.0,4.64,5.38,0.0
20231124:0811,0.0,0.93,1.49,4.41,5.38,0.0
20231124:0911,729454.0,381.97,7.59,4.28,5.45,0.0
20231124:1011,700172.0,364.88,12.1,4.76,5.59,0.0
20231124:1111,853578.0,442.28,14.69,5.24,5.72,0.0
20231124:1211,715814.0,373.27,15.13,5.53,6.07,0.0
20231124:1311,875204.0,453.87,13.36,5.71,6.07,0.0
20231124:1411,632940.0,333.65,9.56,5.62,5.52,0.0
20231124:1511,182512.0,111.37,4.04,5.06,5.38,0.0
20231124:1611,0.0,0.0,0.0,4.15,5.1,0.0
20231124:1711,0.0,0.0,0.0,3.5,4.83,0.0
20231124:1811,0.0,0.0,0.0,3.19,4.55,0.0
20231124:1911,0.0,0.0,0.0,3.54,4.76,0.0
20231124:2011,0.0,0.0,0.0,3.17,4.41,0.0
20231124:2111,0.0,0.0,0.0,2.88,4.34,0.0
20231124:2211,0.0,0.0,0.0,2.49,4.28,0.0
20231124:2311,0.0,0.0,0.0,2.17,4.21,0.0
20231125:0011,0.0,0.0,0.0,1.3,3.93,0.0
20231125:0111,0.0,0.0,0.0,0.56,3.79,0.0
20231125:0211,0.0,0.0,0.0,0.32,3.86,0.0
20231125:0311,0.0,0.0,0.0,0.3,3.93,0.0
20231125:0411,0.0,0.0,0.0,0.22,3.93,0.0
20231125:0511,0.0,0.0,0.0,0.1,3.93,0.0
20231125:0611,0.0,0.0,0.0,0.27,3.93,0.0
20231125:0711,0.0,0.0,0.0,-0.03,3.59,0.0
20231125:0811,0.0,0.0,0.0,-0.04,3.52,0.0
20231125:0911,374352.0,202.4,7.37,0.61,3.52,0.0
20231125:1011,934758.0,482.0,11.89,1.89,3.24,0.0
20231125:1111,1108932.0,574.89,14.49,3.36,3.52,0.0
20231125:1211,1170180.0,609.78,14.93,4.43,3.66,0.0
20231125:1311,1022076.0,533.11,13.18,4.99,3.66,0.0
20231125:1411,363946.0,200.39,9.4,5.01,3.24,0.0
20231125:1511,4642.0,10.2,3.89,4.28,2.9,0.0
20231125:1611,0.0,0.0,0.0,2.77,2.83,0.0
20231125:1711,0.0,0.0,0.0,1.74,2.83,0.0
20231125:1811,0.0,0.0,0.0,1.28,2.69,0.0
20231125:1911,0.0,0.0,0.0,0.64,2.41,0.0
20231125:2011,0.0,0.0,0.0,0.02,2.28,0.0
20231125:2111,0.0,0.0,0.0,-0.54,2.14,0.0
20231125:2211,0.0,0.0,0.0,-0.96,2.14,0.0
20231125:2311,0.0,0.0,0.0,-1.44,2.0,0.0
20231126:0011,0.0,0.0,0.0,-1.98,1.66,0.0
20231126:0111,0.0,0.0,0.0,-2.15,1.31,0.0
20231126:0211,0.0,0.0,0.0,-2.35,1.17,0.0
20231126:0311,0.0,0.0,0.0,-2.53,1.17,0.0
20231126:0411,0.0,0.0,0.0,-2.4,0.97,0.0
20231126:0511,0.0,0.0,0.0,-1.7,0.69,0.0
20231126:0611,0.0,0.0,0.0,-1.5,0.76,0.0
20231126:0711,0.0,0.0,0.0,-0.11,0.83,0.0
20231126:0811,0.0,0.0,0.0,0.42,0.62,0.0
20231126:0911,178992.0,106.75,7.17,0.64,0.69,0.0
20231126:1011,230472.0,132.6,11.68,1.54,0.97,0.0
20231126:1111,326700.0,181.3,14.29,3.09,1.17,0.0
20231126:1211,130130.0,83.28,14.74,3.9,1.24,0.0
20231126:1311,488026.0,262.75,13.01,4.56,1.38,0.0
20231126:1411,378488.0,208.41,9.24,4.84,1.52,0.0
20231126:1511,86064.0,60.41,3.75,4.52,1.72,0.0
20231126:1611,0.0,0.0,0.0,3.75,2.07,0.0
20231126:1711,0.0,0.0,0.0,2.87,2.14,0.0
20231126:1811,0.0,0.0,0.0,2.55,1.93,0.0
20231126:1911,0.0,0.0,0.0,2.1,1.38,0.0
20231126:2011,0.0,0.0,0.0,1.66,1.52,0.0
20231126:2111,0.0,0.0,0.0,1.53,1.17,0.0
20231126:2211,0.0,0.0,0.0,2.56,0.41,0.0
20231126:2311,0.0,0.0,0.0,2.51,0.41,0.0
20231127:0011,0.0,0.0,0.0,2.24,0.55,0.0
20231127:0111,0.0,0.0,0.0,2.46,0.69,0.0
20231127:0211,0.0,0.0,0.0,2.9,0.55,0.0
20231127:0311,0.0,0.0,0.0,3.2,0.07,0.0
20231127:0411,0.0,0.0,0.0,2.62,1.17,0.0
20231127:0511,0.0,0.0,0.0,2.82,1.52,0.0
20231127:0611,0.0,0.0,0.0,3.15,1.79,0.0
20231127:0711,0.0,0.0,0.0,4.35,2.97,0.0
20231127:0811,0.0,0.0,0.0,4.68,3.45,0.0
20231127:0911,22528.0,23.18,6.96,4.79,3.52,0.0
20231127:1011,921954.0,480.44,11.48,4.99,3.93,0.0
20231127:1111,49874.0,39.87,14.09,5.28,4.0,0.0
20231127:1211,59532.0,45.43,14.56,5.52,4.55,0.0
20231127:1311,11594.0,15.76,12.84,6.04,4.97,0.0
20231127:1411,4576.0,10.2,9.09,6.19,5.59,0.0
20231127:1511,0.0,2.78,3.62,6.17,5.45,0.0
20231127:1611,0.0,0.0,0.0,5.55,4.97,0.0
20231127:1711,0.0,0.0,0.0,5.53,4.55,0.0
20231127:1811,0.0,0.0,0.0,5.61,4.21,0.0
20231127:1911,0.0,0.0,0.0,5.4,4.76,0.0
20231127:2011,0.0,0.0,0.0,5.23,4.83,0.0
20231127:2111,0.0,0.0,0.0,5.53,4.69,0.0
20231127:2211,0.0,0.0,0.0,5.4,4.48,0.0
20231127:2311,0.0,0.0,0.0,5.07,4.07,0.0
20231128:0011,0.0,0.0,0.0,4.76,3.72,0.0
20231128:0111,0.0,0.0,0.0,4.34,3.45,0.0
20231128:0211,0.0,0.0,0.0,3.78,3.31,0.0
20231128:0311,0.0,0.0,0.0,3.47,3.1,0.0
20231128:0411,0.0,0.0,0.0,2.94,2.97,0.0
20231128:0511,0.0,0.0,0.0,2.86,2.9,0.0
20231128:0611,0.0,0.0,0.0,2.54,2.83,0.0
20231128:0711,0.0,0.0,0.0,2.15,2.69,0.0
20231128:0811,0.0,0.0,0.0,1.72,2.69,0.0
20231128:0911,493130.0,262.73,6.77,1.63,2.62,0.0
20231128:1011,588148.0,309.82,11.29,2.92,2.34,0.0
20231128:1111,186362.0,111.7,13.9,4.07,2.9,0.0
20231128:1211,803242.0,419.59,14.38,4.72,3.31,0.0
20231128:1311,399278.0,217.46,12.68,4.97,3.31,0.0
20231128:1411,94248.0,64.18,8.95,4.81,3.31,0.0
20231128:1511,70312.0,51.59,3.49,4.13,3.1,0.0
20231128:1611,0.0,0.0,0.0,2.75,2.9,0.0
20231128:1711,0.0,0.0,0.0,1.62,2.97,0.0
20231128:1811,0.0,0.0,0.0,0.97,3.17,0.0
20231128:1911,0.0,0.0,0.0,0.81,3.24,0.0
20231128:2011,0.0,0.0,0.0,0.53,3.45,0.0
20231128:2111,0.0,0.0,0.0,0.3,3.59,0.0
20231128:2211,0.0,0.0,0.0,0.08,3.72,0.0
20231128:2311,0.0,0.0,0.0,-0.12,3.72,0.0
20231129:0011,0.0,0.0,0.0,-0.26,3.66,0.0
20231129:0111,0.0,0.0,0.0,-0.44,3.59,0.0
20231129:0211,0.0,0.0,0.0,-0.74,3.38,0.0
20231129:0311,0.0,0.0,0.0,-0.94,3.17,0.0
20231129:0411,0.0,0.0,0.0,-1.34,2.97,0.0
20231129:0511,0.0,0.0,0.0,-1.68,2.9,0.0
20231129:0611,0.0,0.0,0.0,-1.65,2.69,0.0
20231129:0711,0.0,0.0,0.0,-1.84,2.76,0.0
20231129:0811,0.0,0.0,0.0,-1.94,2.76,0.0
20231129:0911,76516.0,53.37,6.57,-1.28,2.76,0.0
20231129:1011,180290.0,106.59,11.1,-0.21,2.55,0.0
20231129:1111,284922.0,158.62,13.72,1.09,2.97,0.0
20231129:1211,1149170.0,593.68,14.21,1.92,3.1,0.0
20231129:1311,793078.0,410.58,12.52,2.32,3.03,0.0
20231129:1411,732424.0,382.13,8.81,2.41,2.76,0.0
20231129:1511,21296.0,22.25,3.37,1.9,2.34,0.0
20231129:1611,0.0,0.0,0.0,0.75,2.34,0.0
20231129:1711,0.0,0.0,0.0,0.02,2.28,0.0
20231129:1811,0.0,0.0,0.0,-0.53,2.21,0.0
20231129:1911,0.0,0.0,0.0,0.27,3.03,0.0
20231129:2011,0.0,0.0,0.0,0.66,2.97,0.0
20231129:2111,0.0,0.0,0.0,0.73,2.97,0.0
20231129:2211,0.0,0.0,0.0,0.82,2.83,0.0
20231129:2311,0.0,0.0,0.0,0.36,2.69,0.0
20231130:0011,0.0,0.0,0.0,-0.04,2.69,0.0
20231130:0111,0.0,0.0,0.0,-0.47,2.69,0.0
20231130:0211,0.0,0.0,0.0,-0.66,2.69,0.0
20231130:0311,0.0,0.0,0.0,-0.9,2.76,0.0
20231130:0411,0.0,0.0,0.0,-0.95,2.76,0.0
20231130:0511,0.0,0.0,0.0,-1.0,2.83,0.0
20231130:0611,0.0,0.0,0.0,-0.74,2.83,0.0
20231130:0711,0.0,0.0,0.0,-0.64,2.97,0.0
20231130:0811,0.0,0.0,0.0,-0.64,2.97,0.0
20231130:0911,257092.0,144.87,6.39,0.06,2.9,0.0
20231130:1011,220022.0,126.68,10.92,1.14,3.1,0.0
20231130:1111,697554.0,362.22,13.55,2.25,3.03,0.0
20231130:1211,92444.0,63.04,14.05,3.01,3.24,0.0
20231130:1311,469634.0,250.17,12.37,3.11,3.38,0.0
20231130:1411,4686.0,10.2,8.68,3.09,3.45,0.0
20231130:1511,814.0,6.49,3.26,2.28,2.69,0.0
20231130:1611,0.0,0.0,0.0,0.81,2.76,0.0
20231130:1711,0.0,0.0,0.0,0.16,2.9,0.0
20231130:1811,0.0,0.0,0.0,-0.32,2.97,0.0
20231130:1911,0.0,0.0,0.0,-0.28,3.1,0.0
20231130:2011,0.0,0.0,0.0,-0.38,3.1,0.0
20231130:2111,0.0,0.0,0.0,-0.36,3.17,0.0
20231130:2211,0.0,0.0,0.0,-0.32,3.31,0.0
20231130:2311,0.0,0.0,0.0,-0.5,3.45,0.0
20231201:0011,0.0,0.0,0.0,-0.4,3.52,0.0
20231201:0111,0.0,0.0,0.0,-0.67,3.59,0.0
20231201:0211,0.0,0.0,0.0,-0.8,3.59,0.0
20231201:0311,0.0,0.0,0.0,-0.87,3.52,0.0
20231201:0411,0.0,0.0,0.0,-0.68,3.31,0.0
20231201:0511,0.0,0.0,0.0,-0.82,3.17,0.0
20231201:0611,0.0,0.0,0.0,-0.86,3.1,0.0
20231201:0711,0.0,0.0,0.0,-1.51,2.97,0.0
20231201:0811,0.0,0.0,0.0,-1.32,2.76,0.0
20231201:0911,89914.0,60.51,6.21,-1.09,2.48,0.0
20231201:1011,472472.0,248.93,10.74,-0.21,2.28,0.0
20231201:1111,169554.0,101.88,13.38,0.79,2.34,0.0
20231201:1211,114334.0,74.15,13.89,1.47,2.34,0.0
20231201:1311,104060.0,68.86,12.23,1.83,2.34,0.0
20231201:1411,66176.0,48.4,8.56,1.49,2.07,0.0
20231201:1511,4774.0,10.2,3.15,0.81,2.07,0.0
20231201:1611,0.0,0.0,0.0,-0.71,2.28,0.0
20231201:1711,0.0,0.0,0.0,-1.55,2.14,0.0
20231201:1811,0.0,0.0,0.0,-1.99,2.07,0.0
20231201:1911,0.0,0.0,0.0,-2.71,1.59,0.0
20231201:2011,0.0,0.0,0.0,-2.52,1.31,0.0
20231201:2111,0.0,0.0,0.0,-2.3,1.03,0.0
20231201:2211,0.0,0.0,0.0,-2.22,1.03,0.0
20231201:2311,0.0,0.0,0.0,-2.18,1.03,0.0
20231202:0011,0.0,0.0,0.0,-2.23,0.9,0.0
20231202:0111,0.0,0.0,0.0,-2.58,0.97,0.0
20231202:0211,0.0,0.0,0.0,-2.81,1.03,0.0
20231202:0311,0.0,0.0,0.0,-3.05,1.1,0.0
20231202:0411,0.0,0.0,0.0,-3.08,0.97,0.0
20231202:0511,0.0,0.0,0.0,-3.27,0.97,0.0
20231202:0611,0.0,0.0,0.0,-3.33,1.1,0.0
20231202:0711,0.0,0.0,0.0,-4.25,1.03,0.0
20231202:0811,0.0,0.0,0.0,-4.42,1.1,0.0
20231202:0911,146872.0,88.65,6.03,-4.5,1.24,0.0
20231202:1011,121506.0,76.2,10.57,-3.69,1.38,0.0
20231202:1111,68684.0,49.14,13.21,-2.51,1.52,0.0
20231202:1211,512798.0,267.4,13.74,-1.49,1.93,0.0
20231202:1311,73348.0,51.92,12.1,-0.99,2.55,0.0
20231202:1411,27588.0,25.96,8.44,-0.3,2.21,0.0
20231202:1511,66.0,5.56,3.05,-0.43,2.28,0.0
20231202:1611,0.0,0.0,0.0,-0.97,2.41,0.0
20231202:1711,0.0,0.0,0.0,-1.76,2.48,0.0
20231202:1811,0.0,0.0,0.0,-1.75,2.48,0.0
20231202:1911,0.0,0.0,0.0,-1.62,2.48,0.0
20231202:2011,0.0,0.0,0.0,-1.55,2.48,0.0
20231202:2111,0.0,0.0,0.0,-1.49,2.48,0.0
20231202:2211,0.0,0.0,0.0,-1.3,2.62,0.0
20231202:2311,0.0,0.0,0.0,-1.12,2.69,0.0
20231203:0011,0.0,0.0,0.0,-0.95,2.76,0.0
20231203:0111,0.0,0.0,0.0,-1.18,2.83,0.0
20231203:0211,0.0,0.0,0.0,-1.31,2.83,0.0
20231203:0311,0.0,0.0,0.0,-1.46,2.69,0.0
20231203:0411,0.0,0.0,0.0,-1.67,2.76,0.0
20231203:0511,0.0,0.0,0.0,-1.81,2.62,0.0
20231203:0611,0.0,0.0,0.0,-1.8,2.34,0.0
20231203:0711,0.0,0.0,0.0,-1.12,2.07,0.0
20231203:0811,0.0,0.0,0.0,-1.03,1.79,0.0
20231203:0911,5940.0,11.13,5.86,-0.91,1.24,0.0
20231203:1011,21692.0,22.25,10.4,-0.33,1.24,0.0
20231203:1111,35112.0,30.59,13.06,0.32,0.83,0.0
20231203:1211,132858.0,83.63,13.6,0.9,0.9,0.0
20231203:1311,50798.0,39.87,11.97,1.29,0.76,0.0
20231203:1411,34892.0,30.59,8.33,1.48,0.76,0.0
20231203:1511,0.0,3.71,2.96,1.15,0.83,0.0
20231203:1611,0.0,0.0,0.0,0.79,1.1,0.0
20231203:1711,0.0,0.0,0.0,0.13,1.31,0.0
20231203:1811,0.0,0.0,0.0,-0.43,1.31,0.0
20231203:1911,0.0,0.0,0.0,-1.41,1.72,0.0
20231203:2011,0.0,0.0,0.0,-1.32,1.93,0.0
20231203:2111,0.0,0.0,0.0,-0.63,2.07,0.0
20231203:2211,0.0,0.0,0.0,-0.77,2.34,0.0
20231203:2311,0.0,0.0,0.0,-0.5,2.41,0.0
20231204:0011,0.0,0.0,0.0,-0.08,2.76,0.0
20231204:0111,0.0,0.0,0.0,0.58,3.1,0.0
20231204:0211,0.0,0.0,0.0,1.19,3.38,0.0
20231204:0311,0.0,0.0,0.0,1.74,3.38,0.0
20231204:0411,0.0,0.0,0.0,2.39,3.24,0.0
20231204:0511,0.0,0.0,0.0,3.01,3.1,0.0
20231204:0611,0.0,0.0,0.0,3.7,3.03,0.0
20231204:0711,0.0,0.0,0.0,4.09,2.76,0.0
20231204:0811,0.0,0.0,0.0,4.26,2.69,0.0
20231204:0911,15642.0,18.54,5.7,4.33,2.55,0.0
20231204:1011,72710.0,52.54,10.25,4.45,2.62,0.0
20231204:1111,58124.0,44.5,12.91,4.51,2.62,0.0
20231204:1211,45210.0,37.08,13.46,4.66,2.62,0.0
20231204:1311,9218.0,13.91,11.86,4.61,2.62,0.0
20231204:1411,3586.0,9.27,8.23,4.6,2.76,0.0
20231204:1511,0.0,2.78,2.88,4.48,2.97,0.0
20231204:1611,0.0,0.0,0.0,4.33,3.1,0.0
20231204:1711,0.0,0.0,0.0,4.28,3.17,0.0
20231204:1811,0.0,0.0,0.0,4.28,3.17,0.0
20231204:1911,0.0,0.0,0.0,5.17,3.45,0.0
20231204:2011,0.0,0.0,0.0,5.24,3.93,0.0
20231204:2111,0.0,0.0,0.0,5.18,4.14,0.0
20231204:2211,0.0,0.0,0.0,5.15,4.21,0.0
20231204:2311,0.0,0.0,0.0,5.08,4.0,0.0
20231205:0011,0.0,0.0,0.0,5.01,3.72,0.0
20231205:0111,0.0,0.0,0.0,5.0,3.45,0.0
20231205:0211,0.0,0.0,0.0,4.95,3.24,0.0
20231205:0311,0.0,0.0,0.0,4.89,3.24,0.0
20231205:0411,0.0,0.0,0.0,4.92,3.38,0.0
20231205:0511,0.0,0.0,0.0,4.97,3.59,0.0
20231205:0611,0.0,0.0,0.0,4.85,3.66,0.0
20231205:0711,0.0,0.0,0.0,5.2,4.41,0.0
20231205:0811,0.0,0.0,0.0,5.02,4.34,0.0
20231205:0911,40304.0,34.15,5.54,4.95,4.34,0.0
20231205:1011,133958.0,84.99,10.09,5.06,4.34,0.0
20231205:1111,1034462.0,537.7,12.77,5.3,4.41,0.0
20231205:1211,900966.0,469.02,13.34,5.58,4.41,0.0
20231205:1311,842534.0,440.02,11.74,5.82,4.28,0.0
20231205:1411,396176.0,216.26,8.14,5.34,4.0,0.0
20231205:1511,22000.0,22.95,2.8,4.77,3.66,0.0
20231205:1611,0.0,0.0,0.0,3.62,3.38,0.0
20231205:1711,0.0,0.0,0.0,3.2,3.17,0.0
20231205:1811,0.0,0.0,0.0,2.67,3.03,0.0
20231205:1911,0.0,0.0,0.0,2.73,2.97,0.0
20231205:2011,0.0,0.0,0.0,2.55,2.76,0.0
20231205:2111,0.0,0.0,0.0,2.53,2.62,0.0
20231205:2211,0.0,0.0,0.0,1.92,2.55,0.0
20231205:2311,0.0,0.0,0.0,1.31,2.48,0.0
20231206:0011,0.0,0.0,0.0,0.85,2.41,0.0
20231206:0111,0.0,0.0,0.0,0.5,2.28,0.0
20231206:0211,0.0,0.0,0.0,-0.1,2.21,0.0
20231206:0311,0.0,0.0,0.0,-0.78,2.07,0.0
20231206:0411,0.0,0.0,0.0,-1.63,2.07,0.0
20231206:0511,0.0,0.0,0.0,-2.4,2.07,0.0
20231206:0611,0.0,0.0,0.0,-2.8,1.93,0.0
20231206:0711,0.0,0.0,0.0,-2.49,1.93,0.0
20231206:0811,0.0,0.0,0.0,-2.75,1.72,0.0
20231206:0911,248996.0,139.98,5.39,-2.46,1.38,0.0
20231206:1011,742280.0,386.88,9.95,-0.24,0.62,0.0
20231206:1111,999900.0,528.72,12.63,1.59,0.28,0.0
20231206:1211,1061962.0,566.28,13.21,2.78,0.28,0.0
20231206:1311,580492.0,308.46,11.64,3.38,0.97,0.0
20231206:1411,680218.0,359.09,8.05,3.23,1.66,0.0
20231206:1511,37422.0,32.41,2.73,2.19,2.07,0.0
20231206:1611,0.0,0.0,0.0,0.64,2.41,0.0
20231206:1711,0.0,0.0,0.0,-0.02,2.55,0.0
20231206:1811,0.0,0.0,0.0,-0.05,2.83,0.0
20231206:1911,0.0,0.0,0.0,0.41,3.03,0.0
20231206:2011,0.0,0.0,0.0,0.17,3.45,0.0
20231206:2111,0.0,0.0,0.0,0.42,3.72,0.0
20231206:2211,0.0,0.0,0.0,0.69,3.93,0.0
20231206:2311,0.0,0.0,0.0,1.02,4.21,0.0
20231207:0011,0.0,0.0,0.0,1.29,4.41,0.0
20231207:0111,0.0,0.0,0.0,1.47,4.55,0.0
20231207:0211,0.0,0.0,0.0,1.56,4.62,0.0
20231207:0311,0.0,0.0,0.0,1.68,4.83,0.0
20231207:0411,0.0,0.0,0.0,1.97,5.03,0.0
20231207:0511,0.0,0.0,0.0,2.32,5.31,0.0
20231207:0611,0.0,0.0,0.0,2.68,5.72,0.0
20231207:0711,0.0,0.0,0.0,3.68,6.34,0.0
20231207:0811,0.0,0.0,0.0,3.99,6.69,0.0
20231207:0911,5742.0,11.13,5.24,4.15,6.97,0.0
20231207:1011,74954.0,53.66,9.81,4.34,7.17,0.0
20231207:1111,18348.0,20.4,12.51,4.57,7.24,0.0
20231207:1211,28336.0,26.89,13.1,4.89,7.31,0.0
20231207:1311,21098.0,22.25,11.54,5.02,7.31,0.0
20231207:1411,12958.0,16.69,7.97,5.08,7.24,0.0
20231207:1511,0.0,2.78,2.66,5.11,7.1,0.0
20231207:1611,0.0,0.0,0.0,5.06,7.1,0.0
20231207:1711,0.0,0.0,0.0,4.98,7.17,0.0
20231207:1811,0.0,0.0,0.0,4.93,7.1,0.0
20231207:1911,0.0,0.0,0.0,5.0,6.83,0.0
20231207:2011,0.0,0.0,0.0,4.85,6.55,0.0
20231207:2111,0.0,0.0,0.0,4.81,5.79,0.0
20231207:2211,0.0,0.0,0.0,4.81,4.97,0.0
20231207:2311,0.0,0.0,0.0,4.88,4.14,0.0
20231208:0011,0.0,0.0,0.0,4.95,3.45,0.0
20231208:0111,0.0,0.0,0.0,5.13,3.1,0.0
20231208:0211,0.0,0.0,0.0,5.2,2.9,0.0
20231208:0311,0.0,0.0,0.0,5.03,2.76,0.0
20231208:0411,0.0,0.0,0.0,4.91,2.69,0.0
20231208:0511,0.0,0.0,0.0,4.98,2.69,0.0
20231208:0611,0.0,0.0,0.0,4.97,2.76,0.0
20231208:0711,0.0,0.0,0.0,5.0,2.83,0.0
20231208:0811,0.0,0.0,0.0,4.89,2.9,0.0
20231208:0911,15598.0,18.54,5.11,4.91,3.03,0.0
20231208:1011,224686.0,131.09,9.68,5.53,3.24,0.0
20231208:1111,357280.0,197.94,12.38,6.54,3.1,0.0
20231208:1211,242242.0,141.14,12.99,7.59,4.0,0.0
20231208:1311,66792.0,50.06,11.45,8.35,4.21,0.0
20231208:1411,202686.0,121.45,7.9,8.58,4.41,0.0
20231208:1511,0.0,1.85,2.61,8.44,4.34,0.0
20231208:1611,0.0,0.0,0.0,8.01,4.41,0.0
20231208:1711,0.0,0.0,0.0,7.6,4.48,0.0
20231208:1811,0.0,0.0,0.0,7.32,4.62,0.0
20231208:1911,0.0,0.0,0.0,7.04,4.0,0.0
20231208:2011,0.0,0.0,0.0,6.76,4.14,0.0
20231208:2111,0.0,0.0,0.0,6.57,4.28,0.0
20231208:2211,0.0,0.0,0.0,6.47,4.55,0.0
20231208:2311,0.0,0.0,0.0,6.33,4.83,0.0
20231209:0011,0.0,0.0,0.0,6.15,4.69,0.0
20231209:0111,0.0,0.0,0.0,5.91,4.41,0.0
20231209:0211,0.0,0.0,0.0,5.71,4.21,0.0
20231209:0311,0.0,0.0,0.0,5.56,3.86,0.0
20231209:0411,0.0,0.0,0.0,5.11,3.86,0.0
20231209:0511,0.0,0.0,0.0,5.13,4.07,0.0
20231209:0611,0.0,0.0,0.0,5.29,4.14,0.0
20231209:0711,0.0,0.0,0.0,5.68,4.76,0.0
20231209:0811,0.0,0.0,0.0,6.1,5.31,0.0
20231209:0911,33088.0,29.98,4.97,6.69,5.59,0.0
20231209:1011,5610.0,11.13,9.55,7.43,6.07,0.0
20231209:1111,52404.0,41.72,12.27,7.91,6.48,0.0
20231209:1211,38346.0,33.38,12.89,7.81,5.93,0.0
20231209:1311,29304.0,27.81,11.37,8.06,4.48,0.0
20231209:1411,20592.0,22.25,7.83,9.3,6.07,0.0
20231209:1511,36564.0,32.75,2.56,9.65,7.66,0.0
20231209:1611,0.0,0.0,0.0,9.4,8.14,0.0
20231209:1711,0.0,0.0,0.0,8.63,8.83,0.0
20231209:1811,0.0,0.0,0.0,7.88,9.31,0.0
20231209:1911,0.0,0.0,0.0,8.3,9.03,0.0
20231209:2011,0.0,0.0,0.0,8.26,9.59,0.0
20231209:2111,0.0,0.0,0.0,8.13,9.66,0.0
20231209:2211,0.0,0.0,0.0,8.1,9.45,0.0
20231209:2311,0.0,0.0,0.0,8.11,8.97,0.0
20231210:0011,0.0,0.0,0.0,8.13,8.34,0.0
20231210:0111,0.0,0.0,0.0,8.34,7.79,0.0
20231210:0211,0.0,0.0,0.0,8.43,7.59,0.0
20231210:0311,0.0,0.0,0.0,8.53,7.52,0.0
20231210:0411,0.0,0.0,0.0,8.29,7.1,0.0
20231210:0511,0.0,0.0,0.0,8.13,6.55,0.0
20231210:0611,0.0,0.0,0.0,7.6,5.17,0.0
20231210:0711,0.0,0.0,0.0,6.56,4.14,0.0
20231210:0811,0.0,0.0,0.0,6.11,3.1,0.0
20231210:0911,770.0,6.49,4.85,6.03,2.55,0.0
20231210:1011,5654.0,11.13,9.44,6.32,2.14,0.0
20231210:1111,32516.0,29.67,12.16,6.38,2.69,0.0
20231210:1211,11572.0,15.76,12.8,6.4,3.38,0.0
20231210:1311,141372.0,89.32,11.3,6.3,3.59,0.0
20231210:1411,218262.0,128.28,7.77,6.35,3.86,0.0
20231210:1511,0.0,1.85,2.52,6.47,3.72,0.0
20231210:1611,0.0,0.0,0.0,6.63,2.9,0.0
20231210:1711,0.0,0.0,0.0,7.36,4.0,0.0
20231210:1811,0.0,0.0,0.0,7.82,4.55,0.0
20231210:1911,0.0,0.0,0.0,7.09,3.52,0.0
20231210:2011,0.0,0.0,0.0,6.85,2.9,0.0
20231210:2111,0.0,0.0,0.0,6.61,2.69,0.0
20231210:2211,0.0,0.0,0.0,6.69,2.55,0.0
20231210:2311,0.0,0.0,0.0,6.89,2.34,0.0
20231211:0011,0.0,0.0,0.0,6.89,1.79,0.0
20231211:0111,0.0,0.0,0.0,6.72,1.66,0.0
20231211:0211,0.0,0.0,0.0,6.87,4.48,0.0
20231211:0311,0.0,0.0,0.0,6.99,5.03,0.0
20231211:0411,0.0,0.0,0.0,6.88,4.28,0.0
20231211:0511,0.0,0.0,0.0,6.69,3.79,0.0
20231211:0611,0.0,0.0,0.0,6.36,3.45,0.0
20231211:0711,0.0,0.0,0.0,5.07,3.31,0.0
20231211:0811,0.0,0.0,0.0,4.42,3.1,0.0
20231211:0911,249876.0,144.01,4.73,4.09,2.83,0.0
20231211:1011,689018.0,363.12,9.32,4.81,2.69,0.0
20231211:1111,976580.0,514.93,12.06,5.75,2.34,0.0
20231211:1211,1032812.0,545.65,12.72,6.46,2.62,0.0
20231211:1311,868912.0,460.04,11.23,6.85,2.48,0.0
20231211:1411,679932.0,363.65,7.72,6.84,2.21,0.0
20231211:1511,3542.0,9.27,2.48,6.01,2.0,0.0
20231211:1611,0.0,0.0,0.0,4.85,1.93,0.0
20231211:1711,0.0,0.0,0.0,3.61,1.66,0.0
20231211:1811,0.0,0.0,0.0,2.72,1.31,0.0
20231211:1911,0.0,0.0,0.0,2.09,0.76,0.0
20231211:2011,0.0,0.0,0.0,1.33,0.48,0.0
20231211:2111,0.0,0.0,0.0,0.64,0.48,0.0
20231211:2211,0.0,0.0,0.0,1.02,1.03,0.0
20231211:2311,0.0,0.0,0.0,1.27,1.52,0.0
20231212:0011,0.0,0.0,0.0,1.77,2.0,0.0
20231212:0111,0.0,0.0,0.0,2.55,2.34,0.0
20231212:0211,0.0,0.0,0.0,3.16,2.9,0.0
20231212:0311,0.0,0.0,0.0,4.0,3.52,0.0
20231212:0411,0.0,0.0,0.0,4.74,3.59,0.0
20231212:0511,0.0,0.0,0.0,5.16,3.86,0.0
20231212:0611,0.0,0.0,0.0,5.46,3.59,0.0
20231212:0711,0.0,0.0,0.0,5.89,3.93,0.0
20231212:0811,0.0,0.0,0.0,5.96,3.45,0.0
20231212:0911,15488.0,18.54,4.61,6.03,2.76,0.0
20231212:1011,29568.0,27.81,9.22,6.19,2.34,0.0
20231212:1111,43208.0,36.16,11.97,6.43,1.86,0.0
20231212:1211,15400.0,18.54,12.64,6.84,1.93,0.0
20231212:1311,284064.0,162.15,11.17,6.97,1.72,0.0
20231212:1411,18040.0,20.4,7.68,7.22,1.52,0.0
20231212:1511,748.0,6.49,2.45,7.18,1.17,0.0
20231212:1611,0.0,0.0,0.0,6.86,1.59,0.0
20231212:1711,0.0,0.0,0.0,6.77,1.79,0.0
20231212:1811,0.0,0.0,0.0,6.83,1.86,0.0
20231212:1911,0.0,0.0,0.0,6.65,2.28,0.0
20231212:2011,0.0,0.0,0.0,6.63,2.62,0.0
20231212:2111,0.0,0.0,0.0,6.64,2.97,0.0
20231212:2211,0.0,0.0,0.0,6.77,3.38,0.0
20231212:2311,0.0,0.0,0.0,6.74,3.66,0.0
20231213:0011,0.0,0.0,0.0,6.63,4.14,0.0
20231213:0111,0.0,0.0,0.0,6.74,4.76,0.0
20231213:0211,0.0,0.0,0.0,6.81,5.38,0.0
20231213:0311,0.0,0.0,0.0,6.59,5.79,0.0
20231213:0411,0.0,0.0,0.0,6.13,6.07,0.0
20231213:0511,0.0,0.0,0.0,5.66,6.0,0.0
20231213:0611,0.0,0.0,0.0,5.37,6.14,0.0
20231213:0711,0.0,0.0,0.0,5.28,6.07,0.0
20231213:0811,0.0,0.0,0.0,5.11,6.14,0.0
20231213:0911,238612.0,138.41,4.51,4.98,5.93,0.0
20231213:1011,822338.0,426.61,9.12,5.22,6.14,0.0
20231213:1111,748110.0,389.11,11.89,5.47,5.86,0.0
20231213:1211,957924.0,494.92,12.57,5.42,5.93,0.0
20231213:1311,720610.0,375.68,11.12,5.4,5.52,0.0
20231213:1411,7986.0,12.98,7.64,5.14,5.17,0.0
20231213:1511,0.0,1.85,2.43,4.93,4.83,0.0
20231213:1611,0.0,0.0,0.0,4.09,3.93,0.0
20231213:1711,0.0,0.0,0.0,3.8,3.59,0.0
20231213:1811,0.0,0.0,0.0,3.37,3.31,0.0
20231213:1911,0.0,0.0,0.0,3.46,2.97,0.0
20231213:2011,0.0,0.0,0.0,2.91,2.69,0.0
20231213:2111,0.0,0.0,0.0,2.62,2.41,0.0
20231213:2211,0.0,0.0,0.0,2.14,2.07,0.0
20231213:2311,0.0,0.0,0.0,1.17,2.14,0.0
20231214:0011,0.0,0.0,0.0,0.81,1.52,0.0
20231214:0111,0.0,0.0,0.0,0.36,1.45,0.0
20231214:0211,0.0,0.0,0.0,0.1,1.66,0.0
20231214:0311,0.0,0.0,0.0,0.41,2.0,0.0
20231214:0411,0.0,0.0,0.0,1.52,2.21,0.0
20231214:0511,0.0,0.0,0.0,2.27,2.69,0.0
20231214:0611,0.0,0.0,0.0,2.57,3.03,0.0
20231214:0711,0.0,0.0,0.0,3.24,3.38,0.0
20231214:0811,0.0,0.0,0.0,3.85,3.52,0.0
20231214:0911,4620.0,10.2,4.41,4.59,3.45,0.0
20231214:1011,170390.0,103.79,9.03,5.61,2.97,0.0
20231214:1111,517968.0,279.15,11.81,6.95,2.48,0.0
20231214:1211,851642.0,452.74,12.51,8.02,2.62,0.0
20231214:1311,195712.0,118.1,11.07,8.55,3.03,0.0
20231214:1411,158202.0,98.64,7.62,8.32,3.03,0.0
20231214:1511,0.0,2.78,2.42,7.76,3.03,0.0
20231214:1611,0.0,0.0,0.0,6.64,2.83,0.0
20231214:1711,0.0,0.0,0.0,5.7,2.76,0.0
20231214:1811,0.0,0.0,0.0,5.17,2.76,0.0
20231214:1911,0.0,0.0,0.0,4.66,2.76,0.0
20231214:2011,0.0,0.0,0.0,4.72,2.83,0.0
20231214:2111,0.0,0.0,0.0,5.07,2.83,0.0
20231214:2211,0.0,0.0,0.0,5.22,2.97,0.0
20231214:2311,0.0,0.0,0.0,5.46,3.1,0.0
20231215:0011,0.0,0.0,0.0,5.56,3.24,0.0
20231215:0111,0.0,0.0,0.0,5.41,3.31,0.0
20231215:0211,0.0,0.0,0.0,5.52,3.31,0.0
20231215:0311,0.0,0.0,0.0,5.54,3.31,0.0
20231215:0411,0.0,0.0,0.0,5.59,3.31,0.0
20231215:0511,0.0,0.0,0.0,5.33,2.83,0.0
20231215:0611,0.0,0.0,0.0,5.06,2.62,0.0
20231215:0711,0.0,0.0,0.0,5.16,2.9,0.0
20231215:0811,0.0,0.0,0.0,4.83,2.69,0.0
20231215:0911,9196.0,13.91,4.31,4.84,2.55,0.0
20231215:1011,145134.0,90.92,8.95,5.56,2.34,0.0
20231215:1111,192588.0,115.99,11.74,7.1,2.34,0.0
20231215:1211,61908.0,47.28,12.46,8.13,2.76,0.0
20231215:1311,52228.0,41.72,11.03,8.3,3.1,0.0
20231215:1411,81708.0,58.17,7.6,8.44,3.17,0.0
20231215:1511,0.0,2.78,2.41,7.71,3.1,0.0
20231215:1611,0.0,0.0,0.0,6.91,3.17,0.0
20231215:1711,0.0,0.0,0.0,6.3,3.66,0.0
20231215:1811,0.0,0.0,0.0,6.64,4.21,0.0
20231215:1911,0.0,0.0,0.0,7.48,4.48,0.0
20231215:2011,0.0,0.0,0.0,8.36,4.9,0.0
20231215:2111,0.0,0.0,0.0,9.07,5.31,0.0
20231215:2211,0.0,0.0,0.0,9.5,5.72,0.0
20231215:2311,0.0,0.0,0.0,9.84,5.93,0.0
20231216:0011,0.0,0.0,0.0,10.04,6.14,0.0
20231216:0111,0.0,0.0,0.0,10.08,6.28,0.0
20231216:0211,0.0,0.0,0.0,9.98,6.34,0.0
20231216:0311,0.0,0.0,0.0,9.8,6.55,0.0
20231216:0411,0.0,0.0,0.0,9.64,6.55,0.0
20231216:0511,0.0,0.0,0.0,9.49,6.34,0.0
20231216:0611,0.0,0.0,0.0,9.39,6.14,0.0
20231216:0711,0.0,0.0,0.0,9.44,5.52,0.0
20231216:0811,0.0,0.0,0.0,9.2,5.66,0.0
20231216:0911,26620.0,26.17,4.23,9.13,6.07,0.0
20231216:1011,324478.0,182.81,8.87,9.32,6.41,0.0
20231216:1111,746966.0,394.76,11.68,9.62,6.83,0.0
20231216:1211,1083214.0,568.38,12.41,9.99,7.38,0.0
20231216:1311,36388.0,32.45,11.0,10.18,7.52,0.0
20231216:1411,2464.0,8.34,7.58,10.18,7.45,0.0
20231216:1511,0.0,1.85,2.42,9.99,7.38,0.0
20231216:1611,0.0,0.0,0.0,9.87,7.17,0.0
20231216:1711,0.0,0.0,0.0,9.83,6.97,0.0
20231216:1811,0.0,0.0,0.0,9.7,6.76,0.0
20231216:1911,0.0,0.0,0.0,9.78,6.83,0.0
20231216:2011,0.0,0.0,0.0,9.72,7.03,0.0
20231216:2111,0.0,0.0,0.0,9.54,7.1,0.0
20231216:2211,0.0,0.0,0.0,9.61,7.03,0.0
20231216:2311,0.0,0.0,0.0,9.83,7.03,0.0
20231217:0011,0.0,0.0,0.0,9.99,7.1,0.0
20231217:0111,0.0,0.0,0.0,9.92,7.1,0.0
20231217:0211,0.0,0.0,0.0,9.75,7.03,0.0
20231217:0311,0.0,0.0,0.0,9.6,6.97,0.0
20231217:0411,0.0,0.0,0.0,9.37,6.83,0.0
20231217:0511,0.0,0.0,0.0,8.92,6.69,0.0
20231217:0611,0.0,0.0,0.0,8.47,6.9,0.0
20231217:0711,0.0,0.0,0.0,8.57,7.1,0.0
20231217:0811,0.0,0.0,0.0,8.66,7.31,0.0
20231217:0911,11418.0,15.76,4.15,8.64,7.45,0.0
20231217:1011,39644.0,34.3,8.8,9.04,7.59,0.0
20231217:1111,90794.0,63.53,11.62,9.58,7.45,0.0
20231217:1211,102300.0,69.9,12.37,9.88,7.31,0.0
20231217:1311,220660.0,131.05,10.98,10.23,7.59,0.0
20231217:1411,16412.0,19.47,7.58,10.43,7.72,0.0
20231217:1511,0.0,1.85,2.42,10.38,7.38,0.0
20231217:1611,0.0,0.0,0.0,10.21,7.1,0.0
20231217:1711,0.0,0.0,0.0,10.09,6.9,0.0
20231217:1811,0.0,0.0,0.0,10.1,6.55,0.0
20231217:1911,0.0,0.0,0.0,10.01,6.21,0.0
20231217:2011,0.0,0.0,0.0,10.13,5.86,0.0
20231217:2111,0.0,0.0,0.0,10.36,5.45,0.0
20231217:2211,0.0,0.0,0.0,10.58,5.17,0.0
20231217:2311,0.0,0.0,0.0,10.82,5.03,0.0
20231218:0011,0.0,0.0,0.0,10.95,4.97,0.0
20231218:0111,0.0,0.0,0.0,11.19,4.76,0.0
20231218:0211,0.0,0.0,0.0,11.21,4.48,0.0
20231218:0311,0.0,0.0,0.0,11.21,4.34,0.0
20231218:0411,0.0,0.0,0.0,11.22,4.34,0.0
20231218:0511,0.0,0.0,0.0,11.22,4.55,0.0
20231218:0611,0.0,0.0,0.0,11.23,4.76,0.0
20231218:0711,0.0,0.0,0.0,11.27,4.69,0.0
20231218:0811,0.0,0.0,0.0,11.43,4.83,0.0
20231218:0911,0.0,3.71,4.07,11.55,4.97,0.0
20231218:1011,36058.0,32.45,8.74,11.71,5.1,0.0
20231218:1111,192720.0,117.83,11.58,11.79,5.31,0.0
20231218:1211,54494.0,43.57,12.34,11.83,5.66,0.0
20231218:1311,45144.0,38.01,10.97,11.81,5.86,0.0
20231218:1411,25850.0,25.96,7.58,11.86,5.93,0.0
20231218:1511,0.0,1.85,2.44,11.86,6.0,0.0
20231218:1611,0.0,0.0,0.0,11.79,5.93,0.0
20231218:1711,0.0,0.0,0.0,11.8,5.72,0.0
20231218:1811,0.0,0.0,0.0,11.81,5.38,0.0
20231218:1911,0.0,0.0,0.0,12.11,4.48,0.0
20231218:2011,0.0,0.0,0.0,11.95,4.21,0.0
20231218:2111,0.0,0.0,0.0,11.6,3.86,0.0
20231218:2211,0.0,0.0,0.0,11.08,3.52,0.0
20231218:2311,0.0,0.0,0.0,10.64,3.24,0.0
20231219:0011,0.0,0.0,0.0,10.16,2.97,0.0
20231219:0111,0.0,0.0,0.0,9.78,2.97,0.0
20231219:0211,0.0,0.0,0.0,9.41,2.83,0.0
20231219:0311,0.0,0.0,0.0,9.17,2.83,0.0
20231219:0411,0.0,0.0,0.0,9.1,2.76,0.0
20231219:0511,0.0,0.0,0.0,9.06,2.83,0.0
20231219:0611,0.0,0.0,0.0,8.85,3.03,0.0
20231219:0711,0.0,0.0,0.0,8.99,2.83,0.0
20231219:0811,0.0,0.0,0.0,8.87,2.97,0.0
20231219:0911,4488.0,10.2,4.01,8.49,3.1,0.0
20231219:1011,45980.0,38.01,8.69,8.08,3.17,0.0
20231219:1111,55594.0,43.57,11.54,7.76,3.38,0.0
20231219:1211,964260.0,508.43,12.32,7.76,3.72,0.0
20231219:1311,847528.0,447.36,10.96,7.9,3.93,0.0
20231219:1411,361394.0,200.77,7.59,7.84,4.62,0.0
20231219:1511,1606.0,7.42,2.46,7.56,4.76,0.0
20231219:1611,0.0,0.0,0.0,6.54,4.76,0.0
20231219:1711,0.0,0.0,0.0,6.06,4.97,0.0
20231219:1811,0.0,0.0,0.0,5.79,5.03,0.0
20231219:1911,0.0,0.0,0.0,6.18,5.03,0.0
20231219:2011,0.0,0.0,0.0,6.19,5.31,0.0
20231219:2111,0.0,0.0,0.0,6.26,5.66,0.0
20231219:2211,0.0,0.0,0.0,6.22,5.93,0.0
20231219:2311,0.0,0.0,0.0,6.41,6.41,0.0
20231220:0011,0.0,0.0,0.0,6.61,6.9,0.0
20231220:0111,0.0,0.0,0.0,6.74,6.76,0.0
20231220:0211,0.0,0.0,0.0,6.84,6.69,0.0
20231220:0311,0.0,0.0,0.0,7.14,6.76,0.0
20231220:0411,0.0,0.0,0.0,7.54,6.69,0.0
20231220:0511,0.0,0.0,0.0,7.46,6.28,0.0
20231220:0611,0.0,0.0,0.0,7.11,5.93,0.0
20231220:0711,0.0,0.0,0.0,7.13,5.93,0.0
20231220:0811,0.0,0.0,0.0,7.15,5.38,0.0
20231220:0911,0.0,5.56,3.95,7.5,5.38,0.0
20231220:1011,287188.0,163.56,8.64,8.33,5.86,0.0
20231220:1111,45826.0,38.01,11.51,9.04,6.55,0.0
20231220:1211,15180.0,18.54,12.3,9.44,7.31,0.0
20231220:1311,66462.0,50.06,10.96,9.61,8.07,0.0
20231220:1411,348590.0,194.91,7.6,9.5,8.07,0.0
20231220:1511,0.0,5.56,2.49,9.47,7.66,0.0
20231220:1611,0.0,0.0,0.0,9.63,7.45,0.0
20231220:1711,0.0,0.0,0.0,9.78,7.31,0.0
20231220:1811,0.0,0.0,0.0,10.06,7.45,0.0
20231220:1911,0.0,0.0,0.0,10.34,7.24,0.0
20231220:2011,0.0,0.0,0.0,10.38,7.03,0.0
20231220:2111,0.0,0.0,0.0,10.34,6.9,0.0
20231220:2211,0.0,0.0,0.0,10.39,7.03,0.0
20231220:2311,0.0,0.0,0.0,10.44,7.45,0.0
20231221:0011,0.0,0.0,0.0,10.59,8.34,0.0
20231221:0111,0.0,0.0,0.0,10.74,9.31,0.0
20231221:0211,0.0,0.0,0.0,10.79,9.52,0.0
20231221:0311,0.0,0.0,0.0,10.69,9.45,0.0
20231221:0411,0.0,0.0,0.0,10.8,10.34,0.0
20231221:0511,0.0,0.0,0.0,11.05,11.1,0.0
20231221:0611,0.0,0.0,0.0,11.36,11.66,0.0
20231221:0711,0.0,0.0,0.0,11.64,11.93,0.0
20231221:0811,0.0,0.0,0.0,11.87,11.45,0.0
20231221:0911,41822.0,35.87,3.89,11.31,11.1,0.0
20231221:1011,260106.0,150.98,8.6,10.78,10.9,0.0
20231221:1111,801482.0,421.36,11.48,10.66,10.76,0.0
20231221:1211,175868.0,108.41,12.3,10.44,10.55,0.0
20231221:1311,673992.0,356.82,10.97,10.25,10.21,0.0
20231221:1411,513854.0,277.45,7.63,9.88,9.93,0.0
20231221:1511,0.0,2.78,2.53,9.3,9.45,0.0
20231221:1611,0.0,0.0,0.0,8.66,8.83,0.0
20231221:1711,0.0,0.0,0.0,8.11,8.48,0.0
20231221:1811,0.0,0.0,0.0,7.73,8.14,0.0
20231221:1911,0.0,0.0,0.0,7.84,7.66,0.0
20231221:2011,0.0,0.0,0.0,7.53,7.24,0.0
20231221:2111,0.0,0.0,0.0,7.43,6.9,0.0
20231221:2211,0.0,0.0,0.0,7.47,6.83,0.0
20231221:2311,0.0,0.0,0.0,7.51,6.76,0.0
20231222:0011,0.0,0.0,0.0,7.56,6.41,0.0
20231222:0111,0.0,0.0,0.0,7.74,6.0,0.0
20231222:0211,0.0,0.0,0.0,7.69,5.24,0.0
20231222:0311,0.0,0.0,0.0,7.87,4.83,0.0
20231222:0411,0.0,0.0,0.0,7.96,4.62,0.0
20231222:0511,0.0,0.0,0.0,8.4,5.31,0.0
20231222:0611,0.0,0.0,0.0,9.05,6.62,0.0
20231222:0711,0.0,0.0,0.0,9.52,7.03,0.0
20231222:0811,0.0,0.0,0.0,9.47,6.9,0.0
20231222:0911,6622.0,12.05,3.85,9.67,7.24,0.0
20231222:1011,55880.0,43.89,8.57,9.61,7.59,0.0
20231222:1111,151800.0,95.65,11.46,9.58,7.79,0.0
20231222:1211,61578.0,47.28,12.29,9.59,8.0,0.0
20231222:1311,212696.0,126.61,10.99,9.49,7.93,0.0
20231222:1411,282348.0,161.73,7.66,9.49,7.79,0.0
20231222:1511,55792.0,44.12,2.57,9.12,7.66,0.0
20231222:1611,0.0,0.0,0.0,8.36,7.17,0.0
20231222:1711,0.0,0.0,0.0,7.76,6.97,0.0
20231222:1811,0.0,0.0,0.0,7.23,6.28,0.0
20231222:1911,0.0,0.0,0.0,8.99,5.38,0.0
20231222:2011,0.0,0.0,0.0,9.21,4.9,0.0
20231222:2111,0.0,0.0,0.0,9.47,5.45,0.0
20231222:2211,0.0,0.0,0.0,9.53,6.83,0.0
20231222:2311,0.0,0.0,0.0,9.54,7.66,0.0
20231223:0011,0.0,0.0,0.0,9.72,8.83,0.0
20231223:0111,0.0,0.0,0.0,9.92,9.17,0.0
20231223:0211,0.0,0.0,0.0,10.09,9.38,0.0
20231223:0311,0.0,0.0,0.0,9.95,9.31,0.0
20231223:0411,0.0,0.0,0.0,9.65,9.03,0.0
20231223:0511,0.0,0.0,0.0,9.52,8.55,0.0
20231223:0611,0.0,0.0,0.0,9.49,8.0,0.0
20231223:0711,0.0,0.0,0.0,9.8,8.0,0.0
20231223:0811,0.0,0.0,0.0,9.64,7.45,0.0
20231223:0911,3432.0,9.27,3.81,9.92,7.38,0.0
20231223:1011,58960.0,45.78,8.55,10.28,7.45,0.0
20231223:1111,62942.0,48.21,11.46,10.38,7.45,0.0
20231223:1211,171732.0,106.41,12.3,10.5,7.31,0.0
20231223:1311,31834.0,29.67,11.01,10.61,7.31,0.0
20231223:1411,11286.0,15.76,7.7,10.59,7.31,0.0
20231223:1511,0.0,1.85,2.62,10.46,7.38,0.0
20231223:1611,0.0,0.0,0.0,10.2,7.17,0.0
20231223:1711,0.0,0.0,0.0,10.05,6.76,0.0
20231223:1811,0.0,0.0,0.0,10.12,6.62,0.0
20231223:1911,0.0,0.0,0.0,10.12,7.03,0.0
20231223:2011,0.0,0.0,0.0,10.3,6.83,0.0
20231223:2111,0.0,0.0,0.0,10.49,6.69,0.0
20231223:2211,0.0,0.0,0.0,10.81,6.9,0.0
20231223:2311,0.0,0.0,0.0,11.13,6.69,0.0
20231224:0011,0.0,0.0,0.0,11.58,6.48,0.0
20231224:0111,0.0,0.0,0.0,11.91,6.48,0.0
20231224:0211,0.0,0.0,0.0,12.07,6.48,0.0
20231224:0311,0.0,0.0,0.0,12.15,6.69,0.0
20231224:0411,0.0,0.0,0.0,12.09,6.9,0.0
20231224:0511,0.0,0.0,0.0,12.21,6.9,0.0
20231224:0611,0.0,0.0,0.0,12.47,7.1,0.0
20231224:0711,0.0,0.0,0.0,12.67,8.62,0.0
20231224:0811,0.0,0.0,0.0,12.78,9.79,0.0
20231224:0911,8734.0,13.91,3.78,12.91,11.03,0.0
20231224:1011,184206.0,113.54,8.53,13.04,11.86,0.0
20231224:1111,718146.0,382.81,11.45,13.07,12.14,0.0
20231224:1211,75108.0,55.63,12.32,12.99,12.48,0.0
20231224:1311,365552.0,204.58,11.04,12.05,12.14,0.0
20231224:1411,214940.0,128.38,7.75,11.11,11.24,0.0
20231224:1511,0.0,1.85,2.68,10.28,10.9,0.0
20231224:1611,0.0,0.0,0.0,9.85,10.76,0.0
20231224:1711,0.0,0.0,0.0,9.76,10.83,0.0
20231224:1811,0.0,0.0,0.0,9.64,10.83,0.0
20231224:1911,0.0,0.0,0.0,10.02,10.62,0.0
20231224:2011,0.0,0.0,0.0,9.73,10.0,0.0
20231224:2111,0.0,0.0,0.0,9.48,9.24,0.0
20231224:2211,0.0,0.0,0.0,9.25,8.41,0.0
20231224:2311,0.0,0.0,0.0,8.93,7.66,0.0
20231225:0011,0.0,0.0,0.0,8.74,6.69,0.0
20231225:0111,0.0,0.0,0.0,8.68,5.79,0.0
20231225:0211,0.0,0.0,0.0,8.56,5.03,0.0
20231225:0311,0.0,0.0,0.0,8.3,4.28,0.0
20231225:0411,0.0,0.0,0.0,8.38,4.07,0.0
20231225:0511,0.0,0.0,0.0,8.79,4.21,0.0
20231225:0611,0.0,0.0,0.0,8.84,4.0,0.0
20231225:0711,0.0,0.0,0.0,8.46,2.34,0.0
20231225:0811,0.0,0.0,0.0,8.29,2.69,0.0
20231225:0911,2486.0,8.34,3.76,8.55,3.72,0.0
20231225:1011,44286.0,37.08,8.52,8.78,4.76,0.0
20231225:1111,33550.0,30.59,11.46,9.2,5.03,0.0
20231225:1211,45738.0,38.01,12.34,9.26,5.03,0.0
20231225:1311,30558.0,28.74,11.08,9.43,5.66,0.0
20231225:1411,84458.0,59.84,7.8,9.5,6.14,0.0
20231225:1511,0.0,5.56,2.75,9.39,6.34,0.0
20231225:1611,0.0,0.0,0.0,9.21,6.41,0.0
20231225:1711,0.0,0.0,0.0,8.96,6.41,0.0
20231225:1811,0.0,0.0,0.0,8.86,6.69,0.0
20231225:1911,0.0,0.0,0.0,8.6,6.83,0.0
20231225:2011,0.0,0.0,0.0,7.9,6.69,0.0
20231225:2111,0.0,0.0,0.0,7.28,7.03,0.0
20231225:2211,0.0,0.0,0.0,7.07,7.59,0.0
20231225:2311,0.0,0.0,0.0,6.91,8.07,0.0
20231226:0011,0.0,0.0,0.0,6.98,8.21,0.0
20231226:0111,0.0,0.0,0.0,7.14,8.14,0.0
20231226:0211,0.0,0.0,0.0,7.09,8.34,0.0
20231226:0311,0.0,0.0,0.0,6.81,8.07,0.0
20231226:0411,0.0,0.0,0.0,6.68,7.72,0.0
20231226:0511,0.0,0.0,0.0,6.58,6.9,0.0
20231226:0611,0.0,0.0,0.0,6.22,6.0,0.0
20231226:0711,0.0,0.0,0.0,6.09,5.17,0.0
20231226:0811,0.0,0.0,0.0,5.12,4.07,0.0
20231226:0911,175428.0,106.56,3.74,4.03,3.59,0.0
20231226:1011,631070.0,332.07,8.52,4.12,3.31,0.0
20231226:1111,959530.0,503.73,11.47,5.01,2.48,0.0
20231226:1211,948222.0,499.93,12.37,6.03,2.48,0.0
20231226:1311,663080.0,352.4,11.13,6.68,2.62,0.0
20231226:1411,220330.0,129.7,7.86,6.78,2.62,0.0
20231226:1511,169862.0,105.37,2.82,6.14,2.55,0.0
20231226:1611,0.0,0.0,0.0,5.1,2.21,0.0
20231226:1711,0.0,0.0,0.0,3.93,1.86,0.0
20231226:1811,0.0,0.0,0.0,2.65,1.66,0.0
20231226:1911,0.0,0.0,0.0,3.78,0.76,0.0
20231226:2011,0.0,0.0,0.0,3.55,0.62,0.0
20231226:2111,0.0,0.0,0.0,1.41,1.66,0.0
20231226:2211,0.0,0.0,0.0,1.52,1.93,0.0
20231226:2311,0.0,0.0,0.0,1.95,2.21,0.0
20231227:0011,0.0,0.0,0.0,2.57,2.69,0.0
20231227:0111,0.0,0.0,0.0,3.02,3.1,0.0
20231227:0211,0.0,0.0,0.0,3.56,3.79,0.0
20231227:0311,0.0,0.0,0.0,4.03,4.62,0.0
20231227:0411,0.0,0.0,0.0,4.32,5.38,0.0
20231227:0511,0.0,0.0,0.0,4.33,6.0,0.0
20231227:0611,0.0,0.0,0.0,4.42,6.48,0.0
20231227:0711,0.0,0.0,0.0,5.1,7.24,0.0
20231227:0811,0.0,0.0,0.0,5.71,7.38,0.0
20231227:0911,0.0,5.56,3.73,6.37,7.72,0.0
20231227:1011,19448.0,21.32,8.52,7.25,7.79,0.0
20231227:1111,13970.0,17.62,11.5,8.44,8.28,0.0
20231227:1211,20570.0,22.25,12.41,9.57,8.62,0.0
20231227:1311,28930.0,27.81,11.19,10.57,8.97,0.0
20231227:1411,8822.0,13.91,7.93,11.42,9.45,0.0
20231227:1511,0.0,1.85,2.9,11.7,9.17,0.0
20231227:1611,0.0,0.0,0.0,11.48,7.93,0.0
20231227:1711,0.0,0.0,0.0,10.24,8.69,0.0
20231227:1811,0.0,0.0,0.0,9.0,8.62,0.0
20231227:1911,0.0,0.0,0.0,7.76,7.66,0.0
20231227:2011,0.0,0.0,0.0,7.46,7.59,0.0
20231227:2111,0.0,0.0,0.0,7.36,8.55,0.0
20231227:2211,0.0,0.0,0.0,7.54,8.41,0.0
20231227:2311,0.0,0.0,0.0,7.11,7.45,0.0
20231228:0011,0.0,0.0,0.0,6.55,7.1,0.0
20231228:0111,0.0,0.0,0.0,7.48,10.07,0.0
20231228:0211,0.0,0.0,0.0,7.31,8.97,0.0
20231228:0311,0.0,0.0,0.0,7.29,8.34,0.0
20231228:0411,0.0,0.0,0.0,7.29,8.55,0.0
20231228:0511,0.0,0.0,0.0,7.34,8.0,0.0
20231228:0611,0.0,0.0,0.0,7.66,7.86,0.0
20231228:0711,0.0,0.0,0.0,7.53,7.52,0.0
20231228:0811,0.0,0.0,0.0,7.52,6.97,0.0
20231228:0911,279994.0,161.34,3.73,7.56,6.97,0.0
20231228:1011,457842.0,248.03,8.53,8.16,7.45,0.0
20231228:1111,123112.0,80.58,11.53,8.92,7.66,0.0
20231228:1211,33572.0,30.59,12.46,9.13,7.86,0.0
20231228:1311,195404.0,117.64,11.25,9.03,8.76,0.0
20231228:1411,216788.0,128.35,8.0,9.05,9.1,0.0
20231228:1511,273790.0,159.47,2.98,8.46,8.34,0.0
20231228:1611,0.0,0.0,0.0,8.08,7.86,0.0
20231228:1711,0.0,0.0,0.0,7.83,7.45,0.0
20231228:1811,0.0,0.0,0.0,7.69,7.45,0.0
20231228:1911,0.0,0.0,0.0,7.88,8.48,0.0
20231228:2011,0.0,0.0,0.0,7.74,8.9,0.0
20231228:2111,0.0,0.0,0.0,7.5,9.24,0.0
20231228:2211,0.0,0.0,0.0,7.37,9.38,0.0
20231228:2311,0.0,0.0,0.0,7.32,9.86,0.0
20231229:0011,0.0,0.0,0.0,7.27,9.93,0.0
20231229:0111,0.0,0.0,0.0,7.07,9.86,0.0
20231229:0211,0.0,0.0,0.0,7.02,9.79,0.0
20231229:0311,0.0,0.0,0.0,6.95,9.72,0.0
20231229:0411,0.0,0.0,0.0,6.81,9.93,0.0
20231229:0511,0.0,0.0,0.0,6.54,9.93,0.0
20231229:0611,0.0,0.0,0.0,6.4,10.07,0.0
20231229:0711,0.0,0.0,0.0,6.95,10.07,0.0
20231229:0811,0.0,0.0,0.0,6.6,9.45,0.0
20231229:0911,770.0,6.49,3.73,6.39,8.9,0.0
20231229:1011,384296.0,209.95,8.55,6.61,8.41,0.0
20231229:1111,366410.0,201.27,11.56,6.95,8.21,0.0
20231229:1211,903848.0,469.78,12.51,7.26,7.03,0.0
20231229:1311,628518.0,330.67,11.32,7.2,8.07,0.0
20231229:1411,450648.0,243.28,8.09,7.04,7.86,0.0
20231229:1511,199892.0,120.45,3.08,6.42,7.1,0.0
20231229:1611,0.0,0.0,0.0,5.71,6.34,0.0
20231229:1711,0.0,0.0,0.0,5.17,5.93,0.0
20231229:1811,0.0,0.0,0.0,5.19,5.45,0.0
20231229:1911,0.0,0.0,0.0,5.24,6.55,0.0
20231229:2011,0.0,0.0,0.0,5.1,6.62,0.0
20231229:2111,0.0,0.0,0.0,5.31,6.62,0.0
20231229:2211,0.0,0.0,0.0,4.88,6.14,0.0
20231229:2311,0.0,0.0,0.0,4.56,5.52,0.0
20231230:0011,0.0,0.0,0.0,4.07,4.9,0.0
20231230:0111,0.0,0.0,0.0,3.44,4.34,0.0
20231230:0211,0.0,0.0,0.0,3.23,4.0,0.0
20231230:0311,0.0,0.0,0.0,2.79,3.45,0.0
20231230:0411,0.0,0.0,0.0,2.45,2.97,0.0
20231230:0511,0.0,0.0,0.0,2.39,2.48,0.0
20231230:0611,0.0,0.0,0.0,2.32,2.14,0.0
20231230:0711,0.0,0.0,0.0,2.19,2.07,0.0
20231230:0811,0.0,0.0,0.0,2.46,2.41,0.0
20231230:0911,4686.0,10.2,3.75,3.01,2.9,0.0
20231230:1011,19844.0,21.32,8.58,3.51,3.52,0.0
20231230:1111,36036.0,31.52,11.61,3.91,4.34,0.0
20231230:1211,40612.0,34.3,12.57,4.33,5.31,0.0
20231230:1311,34298.0,30.59,11.39,5.11,5.31,0.0
20231230:1411,18172.0,20.4,8.18,6.3,5.72,0.0
20231230:1511,0.0,4.64,3.18,7.61,6.28,0.0
20231230:1611,0.0,0.0,0.0,8.44,6.28,0.0
20231230:1711,0.0,0.0,0.0,8.81,5.79,0.0
20231230:1811,0.0,0.0,0.0,8.89,5.79,0.0
20231230:1911,0.0,0.0,0.0,9.54,8.07,0.0
20231230:2011,0.0,0.0,0.0,9.68,7.59,0.0
20231230:2111,0.0,0.0,0.0,9.32,5.72,0.0
20231230:2211,0.0,0.0,0.0,8.76,4.62,0.0
20231230:2311,0.0,0.0,0.0,8.14,4.21,0.0
20231231:0011,0.0,0.0,0.0,7.57,3.72,0.0
20231231:0111,0.0,0.0,0.0,6.98,3.1,0.0
20231231:0211,0.0,0.0,0.0,6.48,2.21,0.0
20231231:0311,0.0,0.0,0.0,5.95,2.14,0.0
20231231:0411,0.0,0.0,0.0,5.77,2.62,0.0
20231231:0511,0.0,0.0,0.0,5.52,2.28,0.0
20231231:0611,0.0,0.0,0.0,4.99,3.03,0.0
20231231:0711,0.0,0.0,0.0,4.27,2.62,0.0
20231231:0811,0.0,0.0,0.0,4.09,2.55,0.0
20231231:0911,58322.0,44.44,3.77,3.59,2.76,0.0
20231231:1011,212344.0,124.06,8.62,3.91,3.31,0.0
20231231:1111,347028.0,191.38,11.66,4.98,3.38,0.0
20231231:1211,212124.0,125.0,12.64,5.69,3.93,0.0
20231231:1311,986150.0,513.55,11.48,6.03,4.69,0.0
20231231:1411,626208.0,332.53,8.27,6.48,3.93,0.0
20231231:1511,293700.0,169.01,3.28,6.62,3.45,0.0
20231231:1611,0.0,0.0,0.0,5.72,3.45,0.0
20231231:1711,0.0,0.0,0.0,5.55,3.52,0.0
20231231:1811,0.0,0.0,0.0,5.36,3.66,0.0
20231231:1911,0.0,0.0,0.0,6.17,4.07,0.0
20231231:2011,0.0,0.0,0.0,6.22,4.28,0.0
20231231:2111,0.0,0.0,0.0,6.09,4.34,0.0
20231231:2211,0.0,0.0,0.0,6.09,4.34,0.0
20231231:2311,0.0,0.0,0.0,5.99,4.41,0.0

P: PV system power (W)
G(i): Global irradiance on the inclined plane (plane of the array) (W/m2)
H_sun: Sun height (degree)
T2m: 2-m air temperature (degree Celsius)
WS10m: 10-m total wind speed (m/s)
Int: 1 means solar radiation values are reconstructed



PVGIS (c) European Union, 2001-2026