Latitude (decimal degrees):	54.251
Longitude (decimal degrees):	-1.437
Elevation (m):	28
Radiation database:	PVGIS-SARAH3


Slope: 35 deg. 
Azimuth: 0 deg. 
Nominal power of the PV system (c-Si) (kWp):	2400.0
System losses (%):	14.0
time,P,G(i),H_sun,T2m,WS10m,Int
20230101:0011,0.0,0.0,0.0,8.38,3.86,0.0
20230101:0111,0.0,0.0,0.0,8.46,4.55,0.0
20230101:0211,0.0,0.0,0.0,8.21,5.03,0.0
20230101:0311,0.0,0.0,0.0,7.9,5.79,0.0
20230101:0411,0.0,0.0,0.0,7.64,6.55,0.0
20230101:0511,0.0,0.0,0.0,7.57,6.48,0.0
20230101:0611,0.0,0.0,0.0,7.59,6.55,0.0
20230101:0711,0.0,0.0,0.0,6.99,5.86,0.0
20230101:0811,0.0,0.0,0.0,6.79,5.93,0.0
20230101:0911,96648.0,61.78,3.8,6.77,6.0,0.0
20230101:1011,311232.0,162.1,8.67,7.57,6.21,0.0
20230101:1111,1148328.0,549.9,11.74,8.1,6.34,0.0
20230101:1211,1228536.0,588.89,12.74,8.55,6.55,0.0
20230101:1311,1122984.0,539.72,11.59,8.89,6.34,0.0
20230101:1411,721320.0,351.59,8.4,8.83,6.34,0.0
20230101:1511,59592.0,43.16,3.42,8.32,5.24,0.0
20230101:1611,0.0,0.0,0.0,7.52,4.55,0.0
20230101:1711,0.0,0.0,0.0,6.81,4.21,0.0
20230101:1811,0.0,0.0,0.0,6.37,4.34,0.0
20230101:1911,0.0,0.0,0.0,6.93,4.0,0.0
20230101:2011,0.0,0.0,0.0,6.81,3.66,0.0
20230101:2111,0.0,0.0,0.0,6.42,3.24,0.0
20230101:2211,0.0,0.0,0.0,6.22,3.03,0.0
20230101:2311,0.0,0.0,0.0,6.24,2.69,0.0
20230102:0011,0.0,0.0,0.0,6.45,2.62,0.0
20230102:0111,0.0,0.0,0.0,6.24,2.62,0.0
20230102:0211,0.0,0.0,0.0,5.72,2.55,0.0
20230102:0311,0.0,0.0,0.0,5.17,2.62,0.0
20230102:0411,0.0,0.0,0.0,4.96,2.9,0.0
20230102:0511,0.0,0.0,0.0,4.83,2.97,0.0
20230102:0611,0.0,0.0,0.0,3.99,2.62,0.0
20230102:0711,0.0,0.0,0.0,3.34,3.1,0.0
20230102:0811,0.0,0.0,0.0,2.33,2.83,0.0
20230102:0911,272808.0,143.28,3.84,1.44,2.62,0.0
20230102:1011,921408.0,438.36,8.72,1.83,2.48,0.0
20230102:1111,1157448.0,553.05,11.8,3.13,2.48,0.0
20230102:1211,1159416.0,553.79,12.83,4.14,3.1,0.0
20230102:1311,1107672.0,530.01,11.7,4.67,3.17,0.0
20230102:1411,597864.0,291.54,8.52,4.83,3.24,0.0
20230102:1511,132576.0,79.02,3.54,4.38,2.69,0.0
20230102:1611,0.0,0.0,0.0,3.17,2.41,0.0
20230102:1711,0.0,0.0,0.0,1.99,2.21,0.0
20230102:1811,0.0,0.0,0.0,0.71,2.21,0.0
20230102:1911,0.0,0.0,0.0,-0.14,2.34,0.0
20230102:2011,0.0,0.0,0.0,-0.78,2.34,0.0
20230102:2111,0.0,0.0,0.0,-1.33,2.28,0.0
20230102:2211,0.0,0.0,0.0,-1.81,2.34,0.0
20230102:2311,0.0,0.0,0.0,-2.05,2.48,0.0
20230103:0011,0.0,0.0,0.0,-1.99,2.62,0.0
20230103:0111,0.0,0.0,0.0,-1.64,2.76,0.0
20230103:0211,0.0,0.0,0.0,-1.12,3.03,0.0
20230103:0311,0.0,0.0,0.0,-0.8,3.38,0.0
20230103:0411,0.0,0.0,0.0,-0.38,3.66,0.0
20230103:0511,0.0,0.0,0.0,0.21,4.21,0.0
20230103:0611,0.0,0.0,0.0,0.69,4.62,0.0
20230103:0711,0.0,0.0,0.0,0.88,4.97,0.0
20230103:0811,0.0,0.0,0.0,1.72,5.45,0.0
20230103:0911,28968.0,25.6,3.88,3.03,5.93,0.0
20230103:1011,100752.0,63.02,8.78,4.75,6.14,0.0
20230103:1111,98544.0,62.48,11.88,6.18,6.07,0.0
20230103:1211,701952.0,339.79,12.92,7.38,5.72,0.0
20230103:1311,192912.0,108.16,11.8,8.35,5.52,0.0
20230103:1411,51744.0,38.94,8.64,8.75,5.45,0.0
20230103:1511,3768.0,9.27,3.67,8.72,5.03,0.0
20230103:1611,0.0,0.0,0.0,8.43,5.38,0.0
20230103:1711,0.0,0.0,0.0,8.91,5.79,0.0
20230103:1811,0.0,0.0,0.0,9.71,6.0,0.0
20230103:1911,0.0,0.0,0.0,10.2,6.48,0.0
20230103:2011,0.0,0.0,0.0,10.38,6.34,0.0
20230103:2111,0.0,0.0,0.0,10.61,6.0,0.0
20230103:2211,0.0,0.0,0.0,10.96,6.28,0.0
20230103:2311,0.0,0.0,0.0,11.33,7.24,0.0
20230104:0011,0.0,0.0,0.0,11.52,7.86,0.0
20230104:0111,0.0,0.0,0.0,11.72,8.28,0.0
20230104:0211,0.0,0.0,0.0,11.9,8.21,0.0
20230104:0311,0.0,0.0,0.0,11.52,8.14,0.0
20230104:0411,0.0,0.0,0.0,11.31,8.62,0.0
20230104:0511,0.0,0.0,0.0,11.16,8.97,0.0
20230104:0611,0.0,0.0,0.0,10.64,9.03,0.0
20230104:0711,0.0,0.0,0.0,10.39,9.03,0.0
20230104:0811,0.0,0.0,0.0,10.13,9.17,0.0
20230104:0911,338760.0,178.46,3.93,10.0,9.24,0.0
20230104:1011,777696.0,377.72,8.85,10.08,9.17,0.0
20230104:1111,1012752.0,486.32,11.97,10.21,9.17,0.0
20230104:1211,1080600.0,518.03,13.02,10.34,9.45,0.0
20230104:1311,948744.0,456.55,11.92,10.35,9.17,0.0
20230104:1411,597648.0,294.88,8.76,10.18,8.83,0.0
20230104:1511,257304.0,140.26,3.81,9.84,8.55,0.0
20230104:1611,0.0,0.0,0.0,9.6,8.34,0.0
20230104:1711,0.0,0.0,0.0,9.82,8.14,0.0
20230104:1811,0.0,0.0,0.0,9.78,7.79,0.0
20230104:1911,0.0,0.0,0.0,9.85,7.52,0.0
20230104:2011,0.0,0.0,0.0,9.77,7.31,0.0
20230104:2111,0.0,0.0,0.0,9.74,7.17,0.0
20230104:2211,0.0,0.0,0.0,9.65,6.97,0.0
20230104:2311,0.0,0.0,0.0,9.53,6.62,0.0
20230105:0011,0.0,0.0,0.0,9.27,6.14,0.0
20230105:0111,0.0,0.0,0.0,9.27,5.79,0.0
20230105:0211,0.0,0.0,0.0,9.37,5.31,0.0
20230105:0311,0.0,0.0,0.0,9.37,4.76,0.0
20230105:0411,0.0,0.0,0.0,9.28,4.21,0.0
20230105:0511,0.0,0.0,0.0,9.08,3.66,0.0
20230105:0611,0.0,0.0,0.0,8.84,3.45,0.0
20230105:0711,0.0,0.0,0.0,8.84,2.9,0.0
20230105:0811,0.0,0.0,0.0,8.76,2.97,0.0
20230105:0911,26064.0,24.41,3.99,8.67,2.97,0.0
20230105:1011,62424.0,44.58,8.93,8.75,3.03,0.0
20230105:1111,39888.0,32.45,12.06,9.02,3.31,0.0
20230105:1211,258864.0,139.59,13.13,9.28,4.0,0.0
20230105:1311,58344.0,42.65,12.04,9.71,4.41,0.0
20230105:1411,44520.0,35.23,8.9,10.64,4.9,0.0
20230105:1511,2664.0,8.34,3.95,10.85,5.03,0.0
20230105:1611,0.0,0.0,0.0,10.64,5.38,0.0
20230105:1711,0.0,0.0,0.0,10.28,5.86,0.0
20230105:1811,0.0,0.0,0.0,10.39,6.28,0.0
20230105:1911,0.0,0.0,0.0,10.65,6.62,0.0
20230105:2011,0.0,0.0,0.0,10.92,7.24,0.0
20230105:2111,0.0,0.0,0.0,11.09,7.45,0.0
20230105:2211,0.0,0.0,0.0,10.67,7.03,0.0
20230105:2311,0.0,0.0,0.0,9.2,6.69,0.0
20230106:0011,0.0,0.0,0.0,7.77,5.79,0.0
20230106:0111,0.0,0.0,0.0,7.58,5.93,0.0
20230106:0211,0.0,0.0,0.0,7.48,6.48,0.0
20230106:0311,0.0,0.0,0.0,7.04,6.55,0.0
20230106:0411,0.0,0.0,0.0,6.87,6.62,0.0
20230106:0511,0.0,0.0,0.0,6.76,6.97,0.0
20230106:0611,0.0,0.0,0.0,6.69,7.03,0.0
20230106:0711,0.0,0.0,0.0,6.99,7.24,0.0
20230106:0811,0.0,0.0,0.0,6.98,7.24,0.0
20230106:0911,0.0,5.56,4.05,7.01,6.9,0.0
20230106:1011,38592.0,31.52,9.01,7.45,6.55,0.0
20230106:1111,36840.0,30.59,12.16,8.08,6.28,0.0
20230106:1211,184008.0,104.33,13.24,8.69,5.03,0.0
20230106:1311,93216.0,60.51,12.17,9.05,5.1,0.0
20230106:1411,8496.0,12.98,9.03,9.07,5.17,0.0
20230106:1511,28992.0,26.16,4.09,8.94,4.62,0.0
20230106:1611,0.0,0.0,0.0,8.4,4.21,0.0
20230106:1711,0.0,0.0,0.0,7.64,4.21,0.0
20230106:1811,0.0,0.0,0.0,7.7,4.76,0.0
20230106:1911,0.0,0.0,0.0,7.77,4.83,0.0
20230106:2011,0.0,0.0,0.0,7.52,5.17,0.0
20230106:2111,0.0,0.0,0.0,7.71,5.38,0.0
20230106:2211,0.0,0.0,0.0,8.47,5.72,0.0
20230106:2311,0.0,0.0,0.0,9.64,5.72,0.0
20230107:0011,0.0,0.0,0.0,10.76,6.34,0.0
20230107:0111,0.0,0.0,0.0,11.22,6.62,0.0
20230107:0211,0.0,0.0,0.0,11.12,7.24,0.0
20230107:0311,0.0,0.0,0.0,10.98,7.86,0.0
20230107:0411,0.0,0.0,0.0,11.03,8.28,0.0
20230107:0511,0.0,0.0,0.0,11.05,8.62,0.0
20230107:0611,0.0,0.0,0.0,10.92,8.9,0.0
20230107:0711,0.0,0.0,0.0,10.96,8.34,0.0
20230107:0811,0.0,0.0,0.0,10.73,8.62,0.0
20230107:0911,5976.0,11.13,4.13,10.4,8.55,0.0
20230107:1011,13704.0,16.69,9.1,10.16,8.0,0.0
20230107:1111,26952.0,25.03,12.26,10.01,7.52,0.0
20230107:1211,1038624.0,500.81,13.37,9.97,6.76,0.0
20230107:1311,1071696.0,518.11,12.31,10.21,6.34,0.0
20230107:1411,557904.0,277.65,9.18,10.15,6.07,0.0
20230107:1511,76848.0,52.3,4.24,9.43,5.38,0.0
20230107:1611,0.0,0.0,0.0,8.68,5.59,0.0
20230107:1711,0.0,0.0,0.0,7.94,6.21,0.0
20230107:1811,0.0,0.0,0.0,7.73,6.21,0.0
20230107:1911,0.0,0.0,0.0,7.88,5.52,0.0
20230107:2011,0.0,0.0,0.0,7.25,5.45,0.0
20230107:2111,0.0,0.0,0.0,6.56,6.0,0.0
20230107:2211,0.0,0.0,0.0,6.28,6.97,0.0
20230107:2311,0.0,0.0,0.0,6.42,7.31,0.0
20230108:0011,0.0,0.0,0.0,6.69,7.38,0.0
20230108:0111,0.0,0.0,0.0,7.16,7.59,0.0
20230108:0211,0.0,0.0,0.0,7.1,7.17,0.0
20230108:0311,0.0,0.0,0.0,7.18,6.69,0.0
20230108:0411,0.0,0.0,0.0,7.28,6.21,0.0
20230108:0511,0.0,0.0,0.0,7.19,5.72,0.0
20230108:0611,0.0,0.0,0.0,7.02,5.17,0.0
20230108:0711,0.0,0.0,0.0,6.31,4.83,0.0
20230108:0811,0.0,0.0,0.0,5.98,4.97,0.0
20230108:0911,8688.0,12.98,4.2,5.66,5.17,0.0
20230108:1011,352128.0,179.85,9.19,6.06,5.38,0.0
20230108:1111,257760.0,137.24,12.38,6.5,5.72,0.0
20230108:1211,350280.0,179.31,13.5,6.76,6.83,0.0
20230108:1311,40368.0,32.45,12.45,6.99,6.69,0.0
20230108:1411,172728.0,97.78,9.33,6.4,6.28,0.0
20230108:1511,124920.0,75.49,4.4,6.17,6.07,0.0
20230108:1611,0.0,0.0,0.0,5.59,4.97,0.0
20230108:1711,0.0,0.0,0.0,5.32,4.34,0.0
20230108:1811,0.0,0.0,0.0,4.43,4.07,0.0
20230108:1911,0.0,0.0,0.0,4.26,4.07,0.0
20230108:2011,0.0,0.0,0.0,4.21,4.28,0.0
20230108:2111,0.0,0.0,0.0,4.17,4.48,0.0
20230108:2211,0.0,0.0,0.0,4.2,4.9,0.0
20230108:2311,0.0,0.0,0.0,4.55,4.9,0.0
20230109:0011,0.0,0.0,0.0,4.97,4.55,0.0
20230109:0111,0.0,0.0,0.0,5.25,4.0,0.0
20230109:0211,0.0,0.0,0.0,5.29,3.86,0.0
20230109:0311,0.0,0.0,0.0,5.24,3.86,0.0
20230109:0411,0.0,0.0,0.0,5.26,3.86,0.0
20230109:0511,0.0,0.0,0.0,5.17,3.59,0.0
20230109:0611,0.0,0.0,0.0,5.18,3.45,0.0
20230109:0711,0.0,0.0,0.0,5.53,4.14,0.0
20230109:0811,0.0,0.0,0.0,5.26,4.21,0.0
20230109:0911,30600.0,26.75,4.29,5.22,4.62,0.0
20230109:1011,183480.0,102.57,9.3,5.63,4.97,0.0
20230109:1111,986832.0,470.53,12.5,6.18,5.38,0.0
20230109:1211,1152984.0,550.39,13.64,6.59,5.24,0.0
20230109:1311,1064616.0,506.14,12.6,6.68,6.55,0.0
20230109:1411,675024.0,326.46,9.49,6.65,6.83,0.0
20230109:1511,244296.0,132.15,4.57,6.47,6.21,0.0
20230109:1611,0.0,0.0,0.0,6.12,6.21,0.0
20230109:1711,0.0,0.0,0.0,5.92,6.28,0.0
20230109:1811,0.0,0.0,0.0,6.04,6.41,0.0
20230109:1911,0.0,0.0,0.0,6.04,6.0,0.0
20230109:2011,0.0,0.0,0.0,6.2,5.66,0.0
20230109:2111,0.0,0.0,0.0,6.09,5.38,0.0
20230109:2211,0.0,0.0,0.0,5.85,5.45,0.0
20230109:2311,0.0,0.0,0.0,5.91,5.38,0.0
20230110:0011,0.0,0.0,0.0,5.62,4.9,0.0
20230110:0111,0.0,0.0,0.0,5.24,4.14,0.0
20230110:0211,0.0,0.0,0.0,4.97,3.59,0.0
20230110:0311,0.0,0.0,0.0,4.81,3.52,0.0
20230110:0411,0.0,0.0,0.0,4.72,3.38,0.0
20230110:0511,0.0,0.0,0.0,4.42,3.59,0.0
20230110:0611,0.0,0.0,0.0,4.49,3.79,0.0
20230110:0711,0.0,0.0,0.0,4.63,4.41,0.0
20230110:0811,0.0,0.0,0.0,4.74,5.1,0.0
20230110:0911,2832.0,8.34,4.38,4.67,6.69,0.0
20230110:1011,21504.0,21.32,9.41,4.82,7.38,0.0
20230110:1111,42312.0,33.38,12.63,5.73,7.24,0.0
20230110:1211,71736.0,49.14,13.78,6.72,6.48,0.0
20230110:1311,69480.0,48.21,12.76,8.01,6.14,0.0
20230110:1411,34944.0,29.67,9.66,9.4,5.79,0.0
20230110:1511,13632.0,16.69,4.74,10.87,6.34,0.0
20230110:1611,0.0,0.0,0.0,11.7,7.52,0.0
20230110:1711,0.0,0.0,0.0,11.91,8.14,0.0
20230110:1811,0.0,0.0,0.0,12.03,8.62,0.0
20230110:1911,0.0,0.0,0.0,12.17,9.59,0.0
20230110:2011,0.0,0.0,0.0,11.42,9.45,0.0
20230110:2111,0.0,0.0,0.0,9.69,8.14,0.0
20230110:2211,0.0,0.0,0.0,9.31,7.66,0.0
20230110:2311,0.0,0.0,0.0,8.64,7.79,0.0
20230111:0011,0.0,0.0,0.0,7.71,7.59,0.0
20230111:0111,0.0,0.0,0.0,7.14,7.31,0.0
20230111:0211,0.0,0.0,0.0,6.6,6.97,0.0
20230111:0311,0.0,0.0,0.0,6.5,7.24,0.0
20230111:0411,0.0,0.0,0.0,6.67,7.38,0.0
20230111:0511,0.0,0.0,0.0,6.46,7.24,0.0
20230111:0611,0.0,0.0,0.0,6.51,7.24,0.0
20230111:0711,0.0,0.0,0.0,6.63,7.31,0.0
20230111:0811,0.0,0.0,0.0,6.72,7.59,0.0
20230111:0911,214224.0,118.2,4.49,6.59,7.66,0.0
20230111:1011,500928.0,247.42,9.53,7.01,8.0,0.0
20230111:1111,1049832.0,499.17,12.76,7.44,7.86,0.0
20230111:1211,1030392.0,491.99,13.93,7.79,6.9,0.0
20230111:1311,116232.0,71.52,12.93,7.34,6.83,0.0
20230111:1411,12600.0,15.76,9.83,6.74,6.83,0.0
20230111:1511,66216.0,46.15,4.91,6.35,6.83,0.0
20230111:1611,0.0,0.0,0.0,5.61,6.76,0.0
20230111:1711,0.0,0.0,0.0,5.2,6.21,0.0
20230111:1811,0.0,0.0,0.0,5.19,6.14,0.0
20230111:1911,0.0,0.0,0.0,5.83,6.41,0.0
20230111:2011,0.0,0.0,0.0,5.84,6.48,0.0
20230111:2111,0.0,0.0,0.0,5.92,6.14,0.0
20230111:2211,0.0,0.0,0.0,6.0,5.86,0.0
20230111:2311,0.0,0.0,0.0,6.18,5.24,0.0
20230112:0011,0.0,0.0,0.0,6.66,4.34,0.0
20230112:0111,0.0,0.0,0.0,7.01,3.72,0.0
20230112:0211,0.0,0.0,0.0,7.37,2.55,0.0
20230112:0311,0.0,0.0,0.0,8.15,3.72,0.0
20230112:0411,0.0,0.0,0.0,8.35,5.03,0.0
20230112:0511,0.0,0.0,0.0,8.27,4.76,0.0
20230112:0611,0.0,0.0,0.0,8.41,4.34,0.0
20230112:0711,0.0,0.0,0.0,7.23,3.31,0.0
20230112:0811,0.0,0.0,0.0,6.63,2.41,0.0
20230112:0911,48768.0,37.06,4.59,6.76,2.97,0.0
20230112:1011,96360.0,61.89,9.65,8.39,3.93,0.0
20230112:1111,60144.0,43.57,12.91,9.5,5.03,0.0
20230112:1211,114072.0,71.3,14.09,10.38,7.03,0.0
20230112:1311,46344.0,36.16,13.1,10.09,8.28,0.0
20230112:1411,752856.0,364.22,10.01,8.63,8.21,0.0
20230112:1511,248520.0,134.44,5.1,7.74,8.41,0.0
20230112:1611,0.0,0.0,0.0,6.95,8.76,0.0
20230112:1711,0.0,0.0,0.0,6.75,8.97,0.0
20230112:1811,0.0,0.0,0.0,6.5,9.38,0.0
20230112:1911,0.0,0.0,0.0,7.22,9.93,0.0
20230112:2011,0.0,0.0,0.0,7.18,10.76,0.0
20230112:2111,0.0,0.0,0.0,7.12,11.17,0.0
20230112:2211,0.0,0.0,0.0,6.63,11.66,0.0
20230112:2311,0.0,0.0,0.0,5.67,11.31,0.0
20230113:0011,0.0,0.0,0.0,5.21,10.9,0.0
20230113:0111,0.0,0.0,0.0,5.77,10.97,0.0
20230113:0211,0.0,0.0,0.0,6.27,11.1,0.0
20230113:0311,0.0,0.0,0.0,6.52,10.83,0.0
20230113:0411,0.0,0.0,0.0,6.52,10.62,0.0
20230113:0511,0.0,0.0,0.0,6.67,10.41,0.0
20230113:0611,0.0,0.0,0.0,6.67,10.0,0.0
20230113:0711,0.0,0.0,0.0,7.06,9.52,0.0
20230113:0811,0.0,0.0,0.0,6.91,9.1,0.0
20230113:0911,80184.0,53.44,4.71,6.77,8.62,0.0
20230113:1011,593808.0,289.5,9.78,7.11,8.28,0.0
20230113:1111,1205184.0,572.58,13.06,7.58,8.0,0.0
20230113:1211,814368.0,391.04,14.26,7.76,7.24,0.0
20230113:1311,755952.0,364.09,13.27,7.91,7.79,0.0
20230113:1411,136968.0,81.36,10.2,7.78,7.66,0.0
20230113:1511,376152.0,193.52,5.28,7.4,6.83,0.0
20230113:1611,0.0,0.0,0.0,7.09,6.55,0.0
20230113:1711,0.0,0.0,0.0,6.45,6.34,0.0
20230113:1811,0.0,0.0,0.0,5.98,6.55,0.0
20230113:1911,0.0,0.0,0.0,6.13,5.52,0.0
20230113:2011,0.0,0.0,0.0,5.8,4.69,0.0
20230113:2111,0.0,0.0,0.0,5.62,4.14,0.0
20230113:2211,0.0,0.0,0.0,5.44,3.59,0.0
20230113:2311,0.0,0.0,0.0,4.94,3.38,0.0
20230114:0011,0.0,0.0,0.0,4.63,3.79,0.0
20230114:0111,0.0,0.0,0.0,4.68,4.48,0.0
20230114:0211,0.0,0.0,0.0,4.95,5.31,0.0
20230114:0311,0.0,0.0,0.0,5.75,6.34,0.0
20230114:0411,0.0,0.0,0.0,6.42,6.97,0.0
20230114:0511,0.0,0.0,0.0,6.59,6.97,0.0
20230114:0611,0.0,0.0,0.0,6.77,6.76,0.0
20230114:0711,0.0,0.0,0.0,7.97,5.86,0.0
20230114:0811,0.0,0.0,0.0,8.38,4.83,0.0
20230114:0911,18096.0,19.47,4.83,8.62,4.69,0.0
20230114:1011,137184.0,81.71,9.92,8.25,5.66,0.0
20230114:1111,1212744.0,579.22,13.22,7.69,6.55,0.0
20230114:1211,1319472.0,626.93,14.43,7.23,7.45,0.0
20230114:1311,1122288.0,531.15,13.46,6.5,7.59,0.0
20230114:1411,862128.0,409.9,10.39,5.78,7.66,0.0
20230114:1511,483528.0,240.28,5.48,5.1,8.07,0.0
20230114:1611,0.0,0.0,0.0,4.58,7.79,0.0
20230114:1711,0.0,0.0,0.0,4.45,8.0,0.0
20230114:1811,0.0,0.0,0.0,4.25,8.21,0.0
20230114:1911,0.0,0.0,0.0,4.3,8.76,0.0
20230114:2011,0.0,0.0,0.0,4.44,9.31,0.0
20230114:2111,0.0,0.0,0.0,4.59,9.72,0.0
20230114:2211,0.0,0.0,0.0,4.43,10.21,0.0
20230114:2311,0.0,0.0,0.0,4.23,10.69,0.0
20230115:0011,0.0,0.0,0.0,4.0,10.76,0.0
20230115:0111,0.0,0.0,0.0,3.96,10.69,0.0
20230115:0211,0.0,0.0,0.0,3.87,10.9,0.0
20230115:0311,0.0,0.0,0.0,3.72,11.03,0.0
20230115:0411,0.0,0.0,0.0,3.51,10.97,0.0
20230115:0511,0.0,0.0,0.0,3.08,10.21,0.0
20230115:0611,0.0,0.0,0.0,2.98,9.03,0.0
20230115:0711,0.0,0.0,0.0,3.44,7.1,0.0
20230115:0811,0.0,0.0,0.0,3.88,5.66,0.0
20230115:0911,320088.0,166.25,4.96,4.27,4.76,0.0
20230115:1011,603408.0,293.05,10.07,4.78,4.41,0.0
20230115:1111,1204224.0,575.81,13.38,5.48,4.14,0.0
20230115:1211,1267296.0,610.2,14.61,6.18,3.66,0.0
20230115:1311,1191168.0,573.41,13.65,6.46,3.72,0.0
20230115:1411,642144.0,313.7,10.58,6.42,3.45,0.0
20230115:1511,112224.0,69.18,5.68,5.86,3.03,0.0
20230115:1611,0.0,0.0,0.0,4.68,2.9,0.0
20230115:1711,0.0,0.0,0.0,3.7,2.55,0.0
20230115:1811,0.0,0.0,0.0,2.86,2.07,0.0
20230115:1911,0.0,0.0,0.0,1.51,1.72,0.0
20230115:2011,0.0,0.0,0.0,0.55,1.66,0.0
20230115:2111,0.0,0.0,0.0,-0.25,1.79,0.0
20230115:2211,0.0,0.0,0.0,-0.42,1.59,0.0
20230115:2311,0.0,0.0,0.0,0.24,1.03,0.0
20230116:0011,0.0,0.0,0.0,0.82,0.48,0.0
20230116:0111,0.0,0.0,0.0,-0.73,1.24,0.0
20230116:0211,0.0,0.0,0.0,-1.48,1.79,0.0
20230116:0311,0.0,0.0,0.0,-1.36,2.14,0.0
20230116:0411,0.0,0.0,0.0,-0.27,2.76,0.0
20230116:0511,0.0,0.0,0.0,0.1,3.31,0.0
20230116:0611,0.0,0.0,0.0,0.3,3.66,0.0
20230116:0711,0.0,0.0,0.0,-0.2,4.0,0.0
20230116:0811,0.0,0.0,0.0,0.13,4.83,0.0
20230116:0911,67968.0,46.08,5.09,0.47,5.59,0.0
20230116:1011,160728.0,90.32,10.22,0.77,4.83,0.0
20230116:1111,649512.0,308.0,13.55,0.86,4.69,0.0
20230116:1211,1336848.0,624.43,14.8,1.08,4.9,0.0
20230116:1311,1299792.0,608.29,13.85,1.15,4.55,0.0
20230116:1411,1001376.0,470.65,10.79,1.02,3.72,0.0
20230116:1511,421776.0,209.23,5.88,0.46,3.52,0.0
20230116:1611,0.0,0.0,0.0,-0.81,3.24,0.0
20230116:1711,0.0,0.0,0.0,-2.02,2.97,0.0
20230116:1811,0.0,0.0,0.0,-2.62,2.9,0.0
20230116:1911,0.0,0.0,0.0,-2.97,2.62,0.0
20230116:2011,0.0,0.0,0.0,-3.25,2.55,0.0
20230116:2111,0.0,0.0,0.0,-3.46,2.55,0.0
20230116:2211,0.0,0.0,0.0,-3.63,2.48,0.0
20230116:2311,0.0,0.0,0.0,-3.86,2.41,0.0
20230117:0011,0.0,0.0,0.0,-4.05,2.41,0.0
20230117:0111,0.0,0.0,0.0,-4.21,2.41,0.0
20230117:0211,0.0,0.0,0.0,-4.35,2.34,0.0
20230117:0311,0.0,0.0,0.0,-4.48,2.41,0.0
20230117:0411,0.0,0.0,0.0,-4.39,2.55,0.0
20230117:0511,0.0,0.0,0.0,-4.2,2.69,0.0
20230117:0611,0.0,0.0,0.0,-3.99,2.76,0.0
20230117:0711,0.0,0.0,0.0,-4.04,2.76,0.0
20230117:0811,0.0,0.0,0.0,-4.0,2.76,0.0
20230117:0911,451512.0,220.03,5.24,-3.74,2.69,0.0
20230117:1011,563736.0,268.24,10.38,-2.16,2.69,0.0
20230117:1111,1201992.0,564.34,13.73,-0.27,2.83,0.0
20230117:1211,1375368.0,649.65,14.99,0.89,3.24,0.0
20230117:1311,1305552.0,617.01,14.05,1.58,3.38,0.0
20230117:1411,1072800.0,506.73,10.99,1.76,3.45,0.0
20230117:1511,518496.0,253.87,6.09,1.27,3.38,0.0
20230117:1611,0.0,0.0,0.0,0.0,3.31,0.0
20230117:1711,0.0,0.0,0.0,-1.05,3.45,0.0
20230117:1811,0.0,0.0,0.0,-1.39,3.66,0.0
20230117:1911,0.0,0.0,0.0,-1.09,3.72,0.0
20230117:2011,0.0,0.0,0.0,-0.82,3.79,0.0
20230117:2111,0.0,0.0,0.0,-0.67,3.79,0.0
20230117:2211,0.0,0.0,0.0,-0.48,3.86,0.0
20230117:2311,0.0,0.0,0.0,-0.41,3.79,0.0
20230118:0011,0.0,0.0,0.0,-0.58,3.79,0.0
20230118:0111,0.0,0.0,0.0,-0.41,4.0,0.0
20230118:0211,0.0,0.0,0.0,-0.45,4.21,0.0
20230118:0311,0.0,0.0,0.0,-0.31,4.41,0.0
20230118:0411,0.0,0.0,0.0,-0.11,4.55,0.0
20230118:0511,0.0,0.0,0.0,0.19,4.55,0.0
20230118:0611,0.0,0.0,0.0,0.62,4.62,0.0
20230118:0711,0.0,0.0,0.0,0.46,5.1,0.0
20230118:0811,0.0,0.0,0.0,0.49,5.03,0.0
20230118:0911,497016.0,243.42,5.39,0.45,4.97,0.0
20230118:1011,870168.0,408.24,10.55,1.18,5.17,0.0
20230118:1111,1201320.0,563.22,13.91,2.28,5.03,0.0
20230118:1211,1317696.0,622.22,15.19,3.03,4.55,0.0
20230118:1311,1263960.0,596.88,14.26,3.51,4.83,0.0
20230118:1411,833640.0,395.62,11.21,3.61,5.1,0.0
20230118:1511,568368.0,277.97,6.3,3.27,4.69,0.0
20230118:1611,0.0,0.0,0.0,2.46,4.41,0.0
20230118:1711,0.0,0.0,0.0,1.73,4.34,0.0
20230118:1811,0.0,0.0,0.0,1.53,4.41,0.0
20230118:1911,0.0,0.0,0.0,1.46,3.93,0.0
20230118:2011,0.0,0.0,0.0,0.31,3.72,0.0
20230118:2111,0.0,0.0,0.0,-0.4,3.72,0.0
20230118:2211,0.0,0.0,0.0,-0.92,3.72,0.0
20230118:2311,0.0,0.0,0.0,-1.27,3.66,0.0
20230119:0011,0.0,0.0,0.0,-1.51,3.52,0.0
20230119:0111,0.0,0.0,0.0,-1.65,3.38,0.0
20230119:0211,0.0,0.0,0.0,-1.83,3.24,0.0
20230119:0311,0.0,0.0,0.0,-1.98,3.03,0.0
20230119:0411,0.0,0.0,0.0,-2.14,2.9,0.0
20230119:0511,0.0,0.0,0.0,-2.31,2.69,0.0
20230119:0611,0.0,0.0,0.0,-2.48,2.41,0.0
20230119:0711,0.0,0.0,0.0,-2.49,2.62,0.0
20230119:0811,0.0,0.0,0.0,-2.6,2.55,0.0
20230119:0911,351792.0,176.36,5.54,-2.53,2.48,0.0
20230119:1011,893928.0,420.5,10.72,-0.78,2.41,0.0
20230119:1111,1219560.0,577.7,14.11,1.21,2.62,0.0
20230119:1211,1330080.0,632.08,15.4,2.44,3.24,0.0
20230119:1311,1135632.0,537.79,14.47,2.99,3.66,0.0
20230119:1411,493680.0,241.56,11.43,3.01,3.93,0.0
20230119:1511,467256.0,231.36,6.52,2.6,4.0,0.0
20230119:1611,0.0,0.0,0.0,2.02,4.34,0.0
20230119:1711,0.0,0.0,0.0,1.91,4.76,0.0
20230119:1811,0.0,0.0,0.0,2.32,4.9,0.0
20230119:1911,0.0,0.0,0.0,1.86,4.76,0.0
20230119:2011,0.0,0.0,0.0,1.65,4.62,0.0
20230119:2111,0.0,0.0,0.0,1.43,4.62,0.0
20230119:2211,0.0,0.0,0.0,1.42,4.55,0.0
20230119:2311,0.0,0.0,0.0,1.19,4.48,0.0
20230120:0011,0.0,0.0,0.0,1.0,4.34,0.0
20230120:0111,0.0,0.0,0.0,0.68,4.28,0.0
20230120:0211,0.0,0.0,0.0,0.49,4.28,0.0
20230120:0311,0.0,0.0,0.0,0.3,4.21,0.0
20230120:0411,0.0,0.0,0.0,0.15,4.21,0.0
20230120:0511,0.0,0.0,0.0,0.04,4.14,0.0
20230120:0611,0.0,0.0,0.0,-0.08,4.21,0.0
20230120:0711,0.0,0.0,0.0,0.4,4.28,0.0
20230120:0811,0.0,0.0,0.0,0.48,4.14,0.0
20230120:0911,60408.0,42.29,5.7,0.76,4.0,0.0
20230120:1011,125496.0,74.37,10.91,1.85,4.07,0.0
20230120:1111,550512.0,267.33,14.3,3.01,3.52,0.0
20230120:1211,575952.0,279.61,15.61,4.05,4.21,0.0
20230120:1311,392136.0,197.27,14.69,4.52,4.28,0.0
20230120:1411,602040.0,292.6,11.65,4.62,3.72,0.0
20230120:1511,359328.0,183.82,6.75,4.41,3.45,0.0
20230120:1611,0.0,0.0,0.0,3.72,3.03,0.0
20230120:1711,0.0,0.0,0.0,2.46,2.9,0.0
20230120:1811,0.0,0.0,0.0,1.59,2.69,0.0
20230120:1911,0.0,0.0,0.0,0.81,2.55,0.0
20230120:2011,0.0,0.0,0.0,0.13,2.21,0.0
20230120:2111,0.0,0.0,0.0,-0.79,2.07,0.0
20230120:2211,0.0,0.0,0.0,-1.43,1.86,0.0
20230120:2311,0.0,0.0,0.0,-1.48,1.52,0.0
20230121:0011,0.0,0.0,0.0,-1.41,1.38,0.0
20230121:0111,0.0,0.0,0.0,-0.29,1.03,0.0
20230121:0211,0.0,0.0,0.0,0.53,0.76,0.0
20230121:0311,0.0,0.0,0.0,0.57,0.14,0.0
20230121:0411,0.0,0.0,0.0,0.31,0.97,0.0
20230121:0511,0.0,0.0,0.0,-1.51,1.52,0.0
20230121:0611,0.0,0.0,0.0,-1.63,1.66,0.0
20230121:0711,0.0,0.0,0.0,-1.94,1.24,0.0
20230121:0811,0.0,0.0,0.0,-2.3,1.03,0.0
20230121:0911,227352.0,120.37,5.87,-2.73,1.31,0.0
20230121:1011,424800.0,208.51,11.09,-1.15,1.38,0.0
20230121:1111,285216.0,147.43,14.51,0.67,1.72,0.0
20230121:1211,366120.0,184.55,15.83,2.01,2.28,0.0
20230121:1311,423288.0,210.01,14.92,2.32,2.83,0.0
20230121:1411,431544.0,213.47,11.88,2.27,3.03,0.0
20230121:1511,197712.0,108.11,6.97,1.62,2.97,0.0
20230121:1611,0.0,0.0,0.0,0.18,2.97,0.0
20230121:1711,0.0,0.0,0.0,-1.42,2.97,0.0
20230121:1811,0.0,0.0,0.0,-2.32,2.9,0.0
20230121:1911,0.0,0.0,0.0,-2.17,2.83,0.0
20230121:2011,0.0,0.0,0.0,-2.47,2.69,0.0
20230121:2111,0.0,0.0,0.0,-2.66,2.83,0.0
20230121:2211,0.0,0.0,0.0,-2.35,2.9,0.0
20230121:2311,0.0,0.0,0.0,-2.44,2.97,0.0
20230122:0011,0.0,0.0,0.0,-2.51,3.03,0.0
20230122:0111,0.0,0.0,0.0,-2.27,2.9,0.0
20230122:0211,0.0,0.0,0.0,-2.47,2.83,0.0
20230122:0311,0.0,0.0,0.0,-2.67,2.9,0.0
20230122:0411,0.0,0.0,0.0,-2.48,2.97,0.0
20230122:0511,0.0,0.0,0.0,-2.34,2.97,0.0
20230122:0611,0.0,0.0,0.0,-2.03,2.97,0.0
20230122:0711,0.0,0.0,0.0,-2.13,2.83,0.0
20230122:0811,0.0,0.0,0.0,-2.06,2.76,0.0
20230122:0911,3000.0,8.34,6.05,-1.57,2.9,0.0
20230122:1011,95496.0,59.5,11.29,-0.55,2.83,0.0
20230122:1111,26736.0,24.1,14.72,0.58,2.62,0.0
20230122:1211,28200.0,25.03,16.05,1.46,2.83,0.0
20230122:1311,46440.0,35.23,15.16,2.41,2.9,0.0
20230122:1411,51504.0,38.01,12.12,2.98,2.69,0.0
20230122:1511,26400.0,24.1,7.21,2.87,2.48,0.0
20230122:1611,0.0,0.0,0.0,2.47,2.55,0.0
20230122:1711,0.0,0.0,0.0,1.91,2.69,0.0
20230122:1811,0.0,0.0,0.0,1.67,2.62,0.0
20230122:1911,0.0,0.0,0.0,0.83,1.86,0.0
20230122:2011,0.0,0.0,0.0,0.78,2.07,0.0
20230122:2111,0.0,0.0,0.0,0.7,2.0,0.0
20230122:2211,0.0,0.0,0.0,0.35,2.0,0.0
20230122:2311,0.0,0.0,0.0,0.2,2.07,0.0
20230123:0011,0.0,0.0,0.0,0.38,1.86,0.0
20230123:0111,0.0,0.0,0.0,0.16,1.86,0.0
20230123:0211,0.0,0.0,0.0,-0.12,2.07,0.0
20230123:0311,0.0,0.0,0.0,-0.12,2.21,0.0
20230123:0411,0.0,0.0,0.0,0.0,2.21,0.0
20230123:0511,0.0,0.0,0.0,-0.27,2.28,0.0
20230123:0611,0.0,0.0,0.0,-0.47,2.07,0.0
20230123:0711,0.0,0.0,0.0,0.73,2.07,0.0
20230123:0811,0.0,0.0,0.0,0.96,2.21,0.0
20230123:0911,139896.0,81.21,6.23,0.95,2.28,0.0
20230123:1011,68040.0,46.36,11.49,1.4,2.34,0.0
20230123:1111,721272.0,345.2,14.94,2.17,2.28,0.0
20230123:1211,162864.0,92.77,16.28,3.14,2.34,0.0
20230123:1311,343128.0,175.73,15.39,4.43,2.55,0.0
20230123:1411,290952.0,152.08,12.36,4.85,2.55,0.0
20230123:1511,49728.0,37.25,7.45,4.67,2.41,0.0
20230123:1611,0.0,0.0,0.0,4.23,2.28,0.0
20230123:1711,0.0,0.0,0.0,3.47,2.14,0.0
20230123:1811,0.0,0.0,0.0,3.3,2.0,0.0
20230123:1911,0.0,0.0,0.0,2.89,1.93,0.0
20230123:2011,0.0,0.0,0.0,2.22,2.0,0.0
20230123:2111,0.0,0.0,0.0,1.95,2.0,0.0
20230123:2211,0.0,0.0,0.0,1.83,1.93,0.0
20230123:2311,0.0,0.0,0.0,1.68,1.93,0.0
20230124:0011,0.0,0.0,0.0,1.45,1.86,0.0
20230124:0111,0.0,0.0,0.0,1.49,1.59,0.0
20230124:0211,0.0,0.0,0.0,1.36,1.52,0.0
20230124:0311,0.0,0.0,0.0,1.62,1.45,0.0
20230124:0411,0.0,0.0,0.0,2.12,1.52,0.0
20230124:0511,0.0,0.0,0.0,2.38,1.66,0.0
20230124:0611,0.0,0.0,0.0,2.91,1.79,0.0
20230124:0711,0.0,0.0,0.0,3.1,2.14,0.0
20230124:0811,0.0,0.0,0.0,3.51,1.93,0.0
20230124:0911,2856.0,8.34,6.42,3.84,1.93,0.0
20230124:1011,45768.0,35.23,11.69,5.08,1.93,0.0
20230124:1111,91776.0,59.33,15.16,6.21,2.14,0.0
20230124:1211,93288.0,60.26,16.52,7.03,2.9,0.0
20230124:1311,109872.0,68.61,15.64,7.37,3.38,0.0
20230124:1411,194376.0,108.89,12.6,7.5,3.17,0.0
20230124:1511,305184.0,160.75,7.69,7.25,3.17,0.0
20230124:1611,0.0,0.0,0.0,6.9,3.03,0.0
20230124:1711,0.0,0.0,0.0,6.49,3.03,0.0
20230124:1811,0.0,0.0,0.0,6.52,2.97,0.0
20230124:1911,0.0,0.0,0.0,6.15,3.1,0.0
20230124:2011,0.0,0.0,0.0,6.31,3.17,0.0
20230124:2111,0.0,0.0,0.0,6.17,3.1,0.0
20230124:2211,0.0,0.0,0.0,6.36,3.1,0.0
20230124:2311,0.0,0.0,0.0,6.48,3.1,0.0
20230125:0011,0.0,0.0,0.0,6.47,3.24,0.0
20230125:0111,0.0,0.0,0.0,6.53,3.31,0.0
20230125:0211,0.0,0.0,0.0,6.57,3.45,0.0
20230125:0311,0.0,0.0,0.0,6.75,3.45,0.0
20230125:0411,0.0,0.0,0.0,6.92,3.45,0.0
20230125:0511,0.0,0.0,0.0,7.05,3.38,0.0
20230125:0611,0.0,0.0,0.0,7.26,3.38,0.0
20230125:0711,0.0,0.0,0.0,7.51,3.72,0.0
20230125:0811,0.0,0.0,0.0,7.59,3.86,0.0
20230125:0911,63024.0,44.77,6.62,7.69,4.28,0.0
20230125:1011,415176.0,210.55,11.91,7.94,4.55,0.0
20230125:1111,814176.0,395.02,15.39,8.3,4.62,0.0
20230125:1211,21048.0,21.32,16.76,8.58,4.41,0.0
20230125:1311,18096.0,19.47,15.89,8.59,4.34,0.0
20230125:1411,174720.0,99.97,12.85,8.55,4.69,0.0
20230125:1511,589608.0,293.43,7.94,8.57,4.97,0.0
20230125:1611,0.0,0.0,0.0,7.87,4.62,0.0
20230125:1711,0.0,0.0,0.0,6.33,4.41,0.0
20230125:1811,0.0,0.0,0.0,5.21,4.28,0.0
20230125:1911,0.0,0.0,0.0,4.63,4.0,0.0
20230125:2011,0.0,0.0,0.0,3.87,3.79,0.0
20230125:2111,0.0,0.0,0.0,3.33,3.79,0.0
20230125:2211,0.0,0.0,0.0,2.96,3.79,0.0
20230125:2311,0.0,0.0,0.0,2.71,3.86,0.0
20230126:0011,0.0,0.0,0.0,2.51,3.93,0.0
20230126:0111,0.0,0.0,0.0,2.46,4.0,0.0
20230126:0211,0.0,0.0,0.0,2.46,4.0,0.0
20230126:0311,0.0,0.0,0.0,2.57,4.07,0.0
20230126:0411,0.0,0.0,0.0,2.87,4.21,0.0
20230126:0511,0.0,0.0,0.0,3.2,4.55,0.0
20230126:0611,0.0,0.0,0.0,4.11,5.03,0.0
20230126:0711,0.0,0.0,0.0,4.67,4.9,0.0
20230126:0811,0.0,0.0,0.0,4.97,5.1,0.0
20230126:0911,556176.0,275.4,6.82,5.36,5.1,0.0
20230126:1011,795744.0,382.15,12.13,5.66,4.97,0.0
20230126:1111,246552.0,132.5,15.63,6.11,4.69,0.0
20230126:1211,62856.0,44.5,17.01,6.5,5.59,0.0
20230126:1311,258240.0,138.18,16.14,6.83,5.38,0.0
20230126:1411,45432.0,35.23,13.11,6.72,4.97,0.0
20230126:1511,356664.0,183.6,8.19,6.55,4.62,0.0
20230126:1611,0.0,0.93,1.75,5.69,4.07,0.0
20230126:1711,0.0,0.0,0.0,4.81,3.93,0.0
20230126:1811,0.0,0.0,0.0,4.26,3.79,0.0
20230126:1911,0.0,0.0,0.0,4.59,4.14,0.0
20230126:2011,0.0,0.0,0.0,4.92,4.41,0.0
20230126:2111,0.0,0.0,0.0,4.96,4.48,0.0
20230126:2211,0.0,0.0,0.0,4.88,4.21,0.0
20230126:2311,0.0,0.0,0.0,4.95,3.93,0.0
20230127:0011,0.0,0.0,0.0,4.88,3.72,0.0
20230127:0111,0.0,0.0,0.0,4.7,3.59,0.0
20230127:0211,0.0,0.0,0.0,4.46,3.31,0.0
20230127:0311,0.0,0.0,0.0,4.16,2.97,0.0
20230127:0411,0.0,0.0,0.0,3.96,2.62,0.0
20230127:0511,0.0,0.0,0.0,3.91,2.21,0.0
20230127:0611,0.0,0.0,0.0,3.75,2.07,0.0
20230127:0711,0.0,0.0,0.0,3.57,2.21,0.0
20230127:0811,0.0,0.0,0.0,3.6,2.21,0.0
20230127:0911,78408.0,51.98,7.02,3.64,2.07,0.0
20230127:1011,122952.0,74.03,12.35,4.12,1.86,0.0
20230127:1111,400200.0,202.64,15.87,5.04,1.86,0.0
20230127:1211,457104.0,229.49,17.26,5.39,1.45,0.0
20230127:1311,733776.0,359.06,16.4,5.66,1.17,0.0
20230127:1411,48912.0,37.08,13.37,6.14,1.52,0.0
20230127:1511,57096.0,41.41,8.44,6.11,1.52,0.0
20230127:1611,0.0,0.93,2.0,5.78,1.1,0.0
20230127:1711,0.0,0.0,0.0,4.69,1.1,0.0
20230127:1811,0.0,0.0,0.0,3.6,1.45,0.0
20230127:1911,0.0,0.0,0.0,2.37,1.93,0.0
20230127:2011,0.0,0.0,0.0,1.98,2.07,0.0
20230127:2111,0.0,0.0,0.0,1.3,2.21,0.0
20230127:2211,0.0,0.0,0.0,1.05,2.21,0.0
20230127:2311,0.0,0.0,0.0,0.59,2.34,0.0
20230128:0011,0.0,0.0,0.0,0.24,2.48,0.0
20230128:0111,0.0,0.0,0.0,0.23,2.62,0.0
20230128:0211,0.0,0.0,0.0,0.95,2.62,0.0
20230128:0311,0.0,0.0,0.0,0.93,2.76,0.0
20230128:0411,0.0,0.0,0.0,1.45,2.76,0.0
20230128:0511,0.0,0.0,0.0,1.89,2.69,0.0
20230128:0611,0.0,0.0,0.0,1.85,2.62,0.0
20230128:0711,0.0,0.0,0.0,2.87,2.41,0.0
20230128:0811,0.0,0.0,0.0,3.14,1.79,0.0
20230128:0911,306576.0,159.89,7.24,3.37,1.66,0.0
20230128:1011,253584.0,135.33,12.58,4.8,1.66,0.0
20230128:1111,236688.0,128.31,16.12,5.78,1.86,0.0
20230128:1211,267432.0,142.8,17.52,6.19,2.28,0.0
20230128:1311,412896.0,209.19,16.67,6.18,2.41,0.0
20230128:1411,119400.0,72.96,13.64,6.28,2.55,0.0
20230128:1511,50568.0,38.01,8.7,6.46,2.48,0.0
20230128:1611,0.0,0.93,2.25,6.38,2.28,0.0
20230128:1711,0.0,0.0,0.0,5.83,2.21,0.0
20230128:1811,0.0,0.0,0.0,5.2,2.21,0.0
20230128:1911,0.0,0.0,0.0,5.32,2.48,0.0
20230128:2011,0.0,0.0,0.0,5.64,2.21,0.0
20230128:2111,0.0,0.0,0.0,5.41,2.14,0.0
20230128:2211,0.0,0.0,0.0,5.22,1.79,0.0
20230128:2311,0.0,0.0,0.0,5.16,1.79,0.0
20230129:0011,0.0,0.0,0.0,5.14,1.93,0.0
20230129:0111,0.0,0.0,0.0,5.02,2.14,0.0
20230129:0211,0.0,0.0,0.0,5.15,2.21,0.0
20230129:0311,0.0,0.0,0.0,4.92,2.21,0.0
20230129:0411,0.0,0.0,0.0,4.95,2.21,0.0
20230129:0511,0.0,0.0,0.0,4.54,2.34,0.0
20230129:0611,0.0,0.0,0.0,4.24,2.62,0.0
20230129:0711,0.0,0.0,0.0,4.3,4.14,0.0
20230129:0811,0.0,0.0,0.0,4.3,4.69,0.0
20230129:0911,1800.0,7.42,7.46,4.8,4.97,0.0
20230129:1011,230280.0,124.44,12.82,5.55,5.38,0.0
20230129:1111,502848.0,248.5,16.37,6.17,5.45,0.0
20230129:1211,110304.0,68.61,17.79,6.92,6.41,0.0
20230129:1311,320952.0,166.87,16.94,7.18,6.76,0.0
20230129:1411,227472.0,123.93,13.9,7.25,6.69,0.0
20230129:1511,35376.0,29.67,8.96,7.16,6.76,0.0
20230129:1611,0.0,1.85,2.5,7.24,7.17,0.0
20230129:1711,0.0,0.0,0.0,7.33,7.31,0.0
20230129:1811,0.0,0.0,0.0,7.51,6.9,0.0
20230129:1911,0.0,0.0,0.0,7.88,6.83,0.0
20230129:2011,0.0,0.0,0.0,8.39,6.83,0.0
20230129:2111,0.0,0.0,0.0,8.97,6.83,0.0
20230129:2211,0.0,0.0,0.0,8.46,7.45,0.0
20230129:2311,0.0,0.0,0.0,6.96,7.45,0.0
20230130:0011,0.0,0.0,0.0,5.96,7.1,0.0
20230130:0111,0.0,0.0,0.0,5.84,7.17,0.0
20230130:0211,0.0,0.0,0.0,5.51,7.03,0.0
20230130:0311,0.0,0.0,0.0,5.21,6.97,0.0
20230130:0411,0.0,0.0,0.0,5.13,6.9,0.0
20230130:0511,0.0,0.0,0.0,5.2,6.9,0.0
20230130:0611,0.0,0.0,0.0,5.35,6.83,0.0
20230130:0711,0.0,0.0,0.0,5.81,7.1,0.0
20230130:0811,0.0,0.0,0.0,5.85,6.76,0.0
20230130:0911,570576.0,281.79,7.68,5.93,6.34,0.0
20230130:1011,962616.0,460.62,13.06,6.72,5.93,0.0
20230130:1111,1237152.0,594.57,16.63,7.44,5.03,0.0
20230130:1211,1295160.0,622.42,18.06,8.16,5.86,0.0
20230130:1311,1342704.0,647.55,17.21,8.59,5.66,0.0
20230130:1411,1126560.0,544.24,14.18,8.72,5.24,0.0
20230130:1511,722424.0,355.61,9.23,8.46,4.55,0.0
20230130:1611,816.0,6.49,2.76,7.62,4.14,0.0
20230130:1711,0.0,0.0,0.0,6.25,3.79,0.0
20230130:1811,0.0,0.0,0.0,5.27,3.66,0.0
20230130:1911,0.0,0.0,0.0,5.33,3.66,0.0
20230130:2011,0.0,0.0,0.0,5.07,3.59,0.0
20230130:2111,0.0,0.0,0.0,5.21,4.0,0.0
20230130:2211,0.0,0.0,0.0,5.62,5.1,0.0
20230130:2311,0.0,0.0,0.0,6.07,6.0,0.0
20230131:0011,0.0,0.0,0.0,6.59,6.21,0.0
20230131:0111,0.0,0.0,0.0,6.63,6.07,0.0
20230131:0211,0.0,0.0,0.0,7.04,6.34,0.0
20230131:0311,0.0,0.0,0.0,7.52,6.83,0.0
20230131:0411,0.0,0.0,0.0,7.67,6.9,0.0
20230131:0511,0.0,0.0,0.0,7.95,6.83,0.0
20230131:0611,0.0,0.0,0.0,8.37,7.17,0.0
20230131:0711,0.0,0.0,0.0,8.91,8.0,0.0
20230131:0811,0.0,0.0,0.0,8.37,8.48,0.0
20230131:0911,565536.0,280.57,7.92,7.62,8.41,0.0
20230131:1011,972216.0,463.59,13.31,7.61,8.76,0.0
20230131:1111,1121856.0,533.85,16.89,7.71,8.0,0.0
20230131:1211,1360848.0,646.66,18.34,7.66,8.34,0.0
20230131:1311,1329984.0,631.18,17.49,7.46,8.34,0.0
20230131:1411,1151616.0,547.24,14.46,7.17,7.79,0.0
20230131:1511,433416.0,217.86,9.5,6.65,7.52,0.0
20230131:1611,0.0,5.56,3.02,5.94,8.0,0.0
20230131:1711,0.0,0.0,0.0,5.31,7.72,0.0
20230131:1811,0.0,0.0,0.0,5.03,7.66,0.0
20230131:1911,0.0,0.0,0.0,5.63,8.21,0.0
20230131:2011,0.0,0.0,0.0,5.82,8.34,0.0
20230131:2111,0.0,0.0,0.0,5.77,8.55,0.0
20230131:2211,0.0,0.0,0.0,5.65,8.28,0.0
20230131:2311,0.0,0.0,0.0,5.45,7.86,0.0
20230201:0011,0.0,0.0,0.0,5.38,7.86,0.0
20230201:0111,0.0,0.0,0.0,5.25,7.66,0.0
20230201:0211,0.0,0.0,0.0,5.29,7.45,0.0
20230201:0311,0.0,0.0,0.0,5.32,7.38,0.0
20230201:0411,0.0,0.0,0.0,5.43,7.93,0.0
20230201:0511,0.0,0.0,0.0,5.71,8.34,0.0
20230201:0611,0.0,0.0,0.0,5.94,8.69,0.0
20230201:0711,0.0,0.0,0.0,6.14,8.34,0.0
20230201:0811,0.0,0.0,0.0,6.01,7.93,0.0
20230201:0911,651672.0,319.28,8.15,6.63,7.79,0.0
20230201:1011,956328.0,456.42,13.57,7.31,7.86,0.0
20230201:1111,1276896.0,611.76,17.16,7.97,6.28,0.0
20230201:1211,985032.0,472.13,18.62,8.43,7.38,0.0
20230201:1311,723552.0,350.9,17.78,8.59,7.86,0.0
20230201:1411,298560.0,157.43,14.74,8.79,7.86,0.0
20230201:1511,117792.0,72.51,9.78,8.46,6.34,0.0
20230201:1611,2736.0,8.34,3.29,7.93,6.48,0.0
20230201:1711,0.0,0.0,0.0,7.66,6.14,0.0
20230201:1811,0.0,0.0,0.0,7.59,6.07,0.0
20230201:1911,0.0,0.0,0.0,7.62,5.52,0.0
20230201:2011,0.0,0.0,0.0,7.8,5.59,0.0
20230201:2111,0.0,0.0,0.0,8.24,6.07,0.0
20230201:2211,0.0,0.0,0.0,8.22,6.0,0.0
20230201:2311,0.0,0.0,0.0,8.08,6.0,0.0
20230202:0011,0.0,0.0,0.0,8.34,6.41,0.0
20230202:0111,0.0,0.0,0.0,8.51,6.48,0.0
20230202:0211,0.0,0.0,0.0,8.58,6.21,0.0
20230202:0311,0.0,0.0,0.0,8.45,5.86,0.0
20230202:0411,0.0,0.0,0.0,8.5,5.72,0.0
20230202:0511,0.0,0.0,0.0,8.6,5.66,0.0
20230202:0611,0.0,0.0,0.0,8.4,5.24,0.0
20230202:0711,0.0,0.0,0.0,8.88,5.45,0.0
20230202:0811,0.0,0.0,0.0,8.98,5.52,0.0
20230202:0911,6048.0,11.13,8.4,9.07,5.79,0.0
20230202:1011,44880.0,35.23,13.83,9.13,6.21,0.0
20230202:1111,135240.0,81.59,17.44,9.38,6.41,0.0
20230202:1211,92280.0,60.26,18.9,9.53,5.38,0.0
20230202:1311,169824.0,98.46,18.07,9.6,5.24,0.0
20230202:1411,84984.0,56.55,15.02,9.67,6.14,0.0
20230202:1511,23952.0,23.18,10.05,9.49,7.45,0.0
20230202:1611,0.0,4.64,3.56,9.32,7.45,0.0
20230202:1711,0.0,0.0,0.0,8.9,7.59,0.0
20230202:1811,0.0,0.0,0.0,8.67,7.1,0.0
20230202:1911,0.0,0.0,0.0,9.39,6.97,0.0
20230202:2011,0.0,0.0,0.0,9.32,6.55,0.0
20230202:2111,0.0,0.0,0.0,9.25,6.69,0.0
20230202:2211,0.0,0.0,0.0,9.37,7.03,0.0
20230202:2311,0.0,0.0,0.0,9.66,7.38,0.0
20230203:0011,0.0,0.0,0.0,9.67,7.72,0.0
20230203:0111,0.0,0.0,0.0,9.82,7.66,0.0
20230203:0211,0.0,0.0,0.0,9.91,7.24,0.0
20230203:0311,0.0,0.0,0.0,9.97,6.62,0.0
20230203:0411,0.0,0.0,0.0,10.11,6.0,0.0
20230203:0511,0.0,0.0,0.0,9.97,5.52,0.0
20230203:0611,0.0,0.0,0.0,9.67,5.59,0.0
20230203:0711,0.0,0.0,0.0,9.86,5.59,0.0
20230203:0811,0.0,0.93,1.78,9.82,5.45,0.0
20230203:0911,31656.0,27.81,8.65,9.8,5.03,0.0
20230203:1011,227064.0,125.39,14.09,9.93,4.76,0.0
20230203:1111,136512.0,82.51,17.72,9.99,4.34,0.0
20230203:1211,265992.0,144.23,19.2,10.08,3.93,0.0
20230203:1311,321432.0,169.95,18.36,10.23,4.21,0.0
20230203:1411,123936.0,76.34,15.31,10.49,4.69,0.0
20230203:1511,49560.0,38.01,10.33,10.54,4.41,0.0
20230203:1611,768.0,6.49,3.83,10.37,4.48,0.0
20230203:1711,0.0,0.0,0.0,10.05,3.72,0.0
20230203:1811,0.0,0.0,0.0,9.38,3.52,0.0
20230203:1911,0.0,0.0,0.0,9.14,3.24,0.0
20230203:2011,0.0,0.0,0.0,8.99,2.97,0.0
20230203:2111,0.0,0.0,0.0,8.87,2.76,0.0
20230203:2211,0.0,0.0,0.0,8.42,2.28,0.0
20230203:2311,0.0,0.0,0.0,8.17,2.07,0.0
20230204:0011,0.0,0.0,0.0,7.21,2.28,0.0
20230204:0111,0.0,0.0,0.0,6.99,2.41,0.0
20230204:0211,0.0,0.0,0.0,7.11,2.41,0.0
20230204:0311,0.0,0.0,0.0,6.93,2.41,0.0
20230204:0411,0.0,0.0,0.0,6.89,2.34,0.0
20230204:0511,0.0,0.0,0.0,6.57,2.28,0.0
20230204:0611,0.0,0.0,0.0,6.68,2.14,0.0
20230204:0711,0.0,0.0,0.0,7.13,2.28,0.0
20230204:0811,0.0,1.85,2.02,7.3,2.48,0.0
20230204:0911,7296.0,12.05,8.9,8.01,2.76,0.0
20230204:1011,43296.0,34.3,14.37,8.59,3.1,0.0
20230204:1111,83304.0,55.63,18.01,9.16,4.14,0.0
20230204:1211,48144.0,37.08,19.49,9.46,4.48,0.0
20230204:1311,68808.0,48.21,18.66,9.74,4.62,0.0
20230204:1411,48024.0,37.08,15.61,9.96,4.83,0.0
20230204:1511,19416.0,20.4,10.62,9.86,4.28,0.0
20230204:1611,0.0,5.56,4.1,9.51,4.55,0.0
20230204:1711,0.0,0.0,0.0,8.99,4.41,0.0
20230204:1811,0.0,0.0,0.0,8.41,4.28,0.0
20230204:1911,0.0,0.0,0.0,9.17,4.62,0.0
20230204:2011,0.0,0.0,0.0,9.23,5.24,0.0
20230204:2111,0.0,0.0,0.0,8.25,5.38,0.0
20230204:2211,0.0,0.0,0.0,6.86,4.62,0.0
20230204:2311,0.0,0.0,0.0,5.25,4.21,0.0
20230205:0011,0.0,0.0,0.0,4.08,3.93,0.0
20230205:0111,0.0,0.0,0.0,3.08,3.86,0.0
20230205:0211,0.0,0.0,0.0,2.44,3.66,0.0
20230205:0311,0.0,0.0,0.0,2.0,3.79,0.0
20230205:0411,0.0,0.0,0.0,1.81,3.79,0.0
20230205:0511,0.0,0.0,0.0,1.43,3.1,0.0
20230205:0611,0.0,0.0,0.0,0.95,3.1,0.0
20230205:0711,0.0,0.0,0.0,0.64,3.03,0.0
20230205:0811,0.0,2.78,2.27,0.24,2.62,0.0
20230205:0911,273768.0,142.76,9.16,0.48,1.86,0.0
20230205:1011,958392.0,462.2,14.64,2.89,1.24,0.0
20230205:1111,1024104.0,500.98,18.3,4.86,0.76,0.0
20230205:1211,1011432.0,497.97,19.79,5.71,0.55,0.0
20230205:1311,886320.0,432.74,18.96,6.4,1.66,0.0
20230205:1411,853632.0,415.65,15.9,6.69,2.34,0.0
20230205:1511,331824.0,172.67,10.91,6.52,2.34,0.0
20230205:1611,4992.0,10.2,4.38,5.79,2.14,0.0
20230205:1711,0.0,0.0,0.0,4.45,2.21,0.0
20230205:1811,0.0,0.0,0.0,3.56,2.0,0.0
20230205:1911,0.0,0.0,0.0,2.87,1.93,0.0
20230205:2011,0.0,0.0,0.0,2.06,1.59,0.0
20230205:2111,0.0,0.0,0.0,0.84,2.0,0.0
20230205:2211,0.0,0.0,0.0,-0.8,2.34,0.0
20230205:2311,0.0,0.0,0.0,-1.72,2.28,0.0
20230206:0011,0.0,0.0,0.0,-2.34,2.28,0.0
20230206:0111,0.0,0.0,0.0,-2.56,2.41,0.0
20230206:0211,0.0,0.0,0.0,-2.51,2.41,0.0
20230206:0311,0.0,0.0,0.0,-2.45,2.41,0.0
20230206:0411,0.0,0.0,0.0,-2.52,2.34,0.0
20230206:0511,0.0,0.0,0.0,-2.82,2.41,0.0
20230206:0611,0.0,0.0,0.0,-3.16,2.34,0.0
20230206:0711,0.0,0.0,0.0,-3.2,1.72,0.0
20230206:0811,0.0,1.85,2.52,-2.84,1.52,0.0
20230206:0911,728592.0,349.09,9.43,-1.53,1.38,0.0
20230206:1011,1240512.0,597.72,14.93,1.83,1.45,0.0
20230206:1111,1403136.0,682.84,18.6,3.9,1.86,0.0
20230206:1211,1501776.0,735.32,20.1,5.19,2.28,0.0
20230206:1311,1491432.0,729.29,19.27,5.98,2.69,0.0
20230206:1411,1182096.0,572.93,16.2,6.5,2.97,0.0
20230206:1511,315648.0,165.05,11.19,6.53,2.76,0.0
20230206:1611,16896.0,18.54,4.65,6.0,2.0,0.0
20230206:1711,0.0,0.0,0.0,4.53,2.34,0.0
20230206:1811,0.0,0.0,0.0,2.86,2.41,0.0
20230206:1911,0.0,0.0,0.0,2.48,2.41,0.0
20230206:2011,0.0,0.0,0.0,1.61,2.34,0.0
20230206:2111,0.0,0.0,0.0,1.16,2.14,0.0
20230206:2211,0.0,0.0,0.0,0.41,2.28,0.0
20230206:2311,0.0,0.0,0.0,-0.36,2.34,0.0
20230207:0011,0.0,0.0,0.0,-0.56,2.28,0.0
20230207:0111,0.0,0.0,0.0,-0.86,2.21,0.0
20230207:0211,0.0,0.0,0.0,-0.97,2.07,0.0
20230207:0311,0.0,0.0,0.0,-0.7,1.86,0.0
20230207:0411,0.0,0.0,0.0,-0.21,1.66,0.0
20230207:0511,0.0,0.0,0.0,0.38,1.52,0.0
20230207:0611,0.0,0.0,0.0,0.44,1.59,0.0
20230207:0711,0.0,0.0,0.0,-0.44,2.14,0.0
20230207:0811,0.0,2.78,2.77,-0.03,2.28,0.0
20230207:0911,105840.0,65.06,9.7,1.47,2.21,0.0
20230207:1011,111408.0,68.61,15.21,4.3,2.07,0.0
20230207:1111,115920.0,71.39,18.9,6.48,2.76,0.0
20230207:1211,290208.0,154.38,20.41,7.76,3.38,0.0
20230207:1311,396336.0,203.46,19.58,8.44,3.72,0.0
20230207:1411,693408.0,340.87,16.51,8.6,3.59,0.0
20230207:1511,104688.0,66.19,11.49,8.36,2.97,0.0
20230207:1611,13896.0,16.69,4.93,7.68,2.48,0.0
20230207:1711,0.0,0.0,0.0,6.41,2.34,0.0
20230207:1811,0.0,0.0,0.0,5.57,2.21,0.0
20230207:1911,0.0,0.0,0.0,4.95,2.0,0.0
20230207:2011,0.0,0.0,0.0,4.15,1.86,0.0
20230207:2111,0.0,0.0,0.0,3.36,1.86,0.0
20230207:2211,0.0,0.0,0.0,2.13,1.93,0.0
20230207:2311,0.0,0.0,0.0,1.53,2.07,0.0
20230208:0011,0.0,0.0,0.0,1.35,2.14,0.0
20230208:0111,0.0,0.0,0.0,1.65,2.07,0.0
20230208:0211,0.0,0.0,0.0,2.02,1.93,0.0
20230208:0311,0.0,0.0,0.0,2.08,1.86,0.0
20230208:0411,0.0,0.0,0.0,1.66,1.93,0.0
20230208:0511,0.0,0.0,0.0,1.51,2.14,0.0
20230208:0611,0.0,0.0,0.0,0.94,2.21,0.0
20230208:0711,0.0,0.0,0.0,0.41,2.55,0.0
20230208:0811,0.0,4.64,3.03,0.1,2.76,0.0
20230208:0911,576600.0,280.48,9.97,1.28,2.9,0.0
20230208:1011,948336.0,452.58,15.5,3.54,3.17,0.0
20230208:1111,795408.0,382.58,19.2,5.24,4.0,0.0
20230208:1211,1198704.0,574.79,20.72,6.38,4.62,0.0
20230208:1311,1292448.0,621.0,19.9,7.32,5.24,0.0
20230208:1411,1026936.0,493.48,16.81,7.68,5.52,0.0
20230208:1511,310272.0,162.61,11.78,7.48,5.31,0.0
20230208:1611,12600.0,15.76,5.22,6.62,5.1,0.0
20230208:1711,0.0,0.0,0.0,5.26,4.9,0.0
20230208:1811,0.0,0.0,0.0,4.5,5.1,0.0
20230208:1911,0.0,0.0,0.0,4.2,5.1,0.0
20230208:2011,0.0,0.0,0.0,4.14,5.24,0.0
20230208:2111,0.0,0.0,0.0,4.02,5.17,0.0
20230208:2211,0.0,0.0,0.0,3.98,5.24,0.0
20230208:2311,0.0,0.0,0.0,4.28,5.1,0.0
20230209:0011,0.0,0.0,0.0,5.04,4.69,0.0
20230209:0111,0.0,0.0,0.0,6.23,3.79,0.0
20230209:0211,0.0,0.0,0.0,6.15,3.03,0.0
20230209:0311,0.0,0.0,0.0,5.01,3.1,0.0
20230209:0411,0.0,0.0,0.0,3.35,2.55,0.0
20230209:0511,0.0,0.0,0.0,1.75,2.07,0.0
20230209:0611,0.0,0.0,0.0,0.29,2.21,0.0
20230209:0711,0.0,0.0,0.0,-0.39,2.62,0.0
20230209:0811,16608.0,18.37,3.3,-0.64,2.62,0.0
20230209:0911,755496.0,362.94,10.25,1.14,2.76,0.0
20230209:1011,1201248.0,575.48,15.8,4.18,3.17,0.0
20230209:1111,1401936.0,674.28,19.52,6.26,4.48,0.0
20230209:1211,1482072.0,711.53,21.04,7.44,6.14,0.0
20230209:1311,1294608.0,621.95,20.21,7.81,5.72,0.0
20230209:1411,378096.0,193.89,17.12,7.88,5.24,0.0
20230209:1511,83952.0,55.63,12.08,7.64,4.34,0.0
20230209:1611,19728.0,20.4,5.5,7.09,3.72,0.0
20230209:1711,0.0,0.0,0.0,6.11,3.38,0.0
20230209:1811,0.0,0.0,0.0,4.92,3.1,0.0
20230209:1911,0.0,0.0,0.0,4.84,3.38,0.0
20230209:2011,0.0,0.0,0.0,4.36,3.1,0.0
20230209:2111,0.0,0.0,0.0,3.81,2.83,0.0
20230209:2211,0.0,0.0,0.0,3.32,2.76,0.0
20230209:2311,0.0,0.0,0.0,2.97,2.69,0.0
20230210:0011,0.0,0.0,0.0,2.74,2.69,0.0
20230210:0111,0.0,0.0,0.0,2.38,2.69,0.0
20230210:0211,0.0,0.0,0.0,2.46,2.76,0.0
20230210:0311,0.0,0.0,0.0,2.48,2.97,0.0
20230210:0411,0.0,0.0,0.0,3.03,3.45,0.0
20230210:0511,0.0,0.0,0.0,3.53,4.0,0.0
20230210:0611,0.0,0.0,0.0,3.85,4.34,0.0
20230210:0711,0.0,0.0,0.0,3.83,4.34,0.0
20230210:0811,0.0,4.64,3.57,4.01,4.55,0.0
20230210:0911,40824.0,32.45,10.54,4.76,4.97,0.0
20230210:1011,35664.0,29.67,16.1,5.58,5.38,0.0
20230210:1111,38832.0,31.52,19.83,6.35,5.86,0.0
20230210:1211,43608.0,34.3,21.36,7.35,4.76,0.0
20230210:1311,30384.0,26.89,20.54,7.92,4.28,0.0
20230210:1411,27192.0,25.03,17.44,8.31,6.21,0.0
20230210:1511,19560.0,20.4,12.38,8.51,5.93,0.0
20230210:1611,2712.0,8.34,5.79,8.55,5.79,0.0
20230210:1711,0.0,0.0,0.0,8.5,5.66,0.0
20230210:1811,0.0,0.0,0.0,8.48,5.59,0.0
20230210:1911,0.0,0.0,0.0,8.96,5.86,0.0
20230210:2011,0.0,0.0,0.0,8.94,6.07,0.0
20230210:2111,0.0,0.0,0.0,8.7,6.21,0.0
20230210:2211,0.0,0.0,0.0,8.49,6.21,0.0
20230210:2311,0.0,0.0,0.0,8.27,6.07,0.0
20230211:0011,0.0,0.0,0.0,8.02,5.72,0.0
20230211:0111,0.0,0.0,0.0,7.77,5.1,0.0
20230211:0211,0.0,0.0,0.0,7.64,4.28,0.0
20230211:0311,0.0,0.0,0.0,7.73,3.31,0.0
20230211:0411,0.0,0.0,0.0,7.73,2.55,0.0
20230211:0511,0.0,0.0,0.0,7.23,2.21,0.0
20230211:0611,0.0,0.0,0.0,6.67,2.28,0.0
20230211:0711,0.0,0.0,0.0,6.8,2.62,0.0
20230211:0811,1752.0,7.42,3.84,7.07,2.69,0.0
20230211:0911,167352.0,96.58,10.83,7.81,2.76,0.0
20230211:1011,881904.0,431.9,16.41,8.7,2.97,0.0
20230211:1111,808656.0,395.85,20.15,9.66,4.55,0.0
20230211:1211,1222368.0,598.12,21.69,10.23,4.34,0.0
20230211:1311,1479768.0,731.2,20.86,10.48,3.93,0.0
20230211:1411,1335888.0,658.06,17.75,10.43,3.79,0.0
20230211:1511,460152.0,234.85,12.68,10.15,3.52,0.0
20230211:1611,7224.0,12.05,6.08,9.42,2.69,0.0
20230211:1711,0.0,0.0,0.0,8.08,2.34,0.0
20230211:1811,0.0,0.0,0.0,6.88,2.28,0.0
20230211:1911,0.0,0.0,0.0,5.68,2.28,0.0
20230211:2011,0.0,0.0,0.0,4.93,2.21,0.0
20230211:2111,0.0,0.0,0.0,4.4,2.14,0.0
20230211:2211,0.0,0.0,0.0,4.24,2.0,0.0
20230211:2311,0.0,0.0,0.0,4.24,1.93,0.0
20230212:0011,0.0,0.0,0.0,4.0,1.93,0.0
20230212:0111,0.0,0.0,0.0,3.77,1.59,0.0
20230212:0211,0.0,0.0,0.0,3.45,1.45,0.0
20230212:0311,0.0,0.0,0.0,2.7,1.52,0.0
20230212:0411,0.0,0.0,0.0,2.02,1.59,0.0
20230212:0511,0.0,0.0,0.0,1.94,1.52,0.0
20230212:0611,0.0,0.0,0.0,2.64,1.31,0.0
20230212:0711,0.0,0.0,0.0,1.69,1.59,0.0
20230212:0811,48.0,5.56,4.12,1.62,1.59,0.0
20230212:0911,60024.0,42.65,11.12,3.72,1.03,0.0
20230212:1011,101064.0,63.97,16.72,5.93,1.17,0.0
20230212:1111,98280.0,63.04,20.48,7.96,1.86,0.0
20230212:1211,83448.0,55.63,22.02,8.64,2.55,0.0
20230212:1311,83304.0,55.63,21.19,9.0,2.9,0.0
20230212:1411,94128.0,61.19,18.07,9.18,2.97,0.0
20230212:1511,83232.0,55.63,12.99,9.22,3.1,0.0
20230212:1611,114048.0,71.93,6.37,8.5,2.21,0.0
20230212:1711,0.0,0.0,0.0,7.26,2.28,0.0
20230212:1811,0.0,0.0,0.0,6.2,2.48,0.0
20230212:1911,0.0,0.0,0.0,6.27,2.69,0.0
20230212:2011,0.0,0.0,0.0,5.77,2.83,0.0
20230212:2111,0.0,0.0,0.0,5.13,2.83,0.0
20230212:2211,0.0,0.0,0.0,4.42,2.76,0.0
20230212:2311,0.0,0.0,0.0,3.97,2.76,0.0
20230213:0011,0.0,0.0,0.0,3.68,2.76,0.0
20230213:0111,0.0,0.0,0.0,3.77,2.69,0.0
20230213:0211,0.0,0.0,0.0,3.91,2.55,0.0
20230213:0311,0.0,0.0,0.0,3.81,2.55,0.0
20230213:0411,0.0,0.0,0.0,3.72,2.48,0.0
20230213:0511,0.0,0.0,0.0,3.56,2.48,0.0
20230213:0611,0.0,0.0,0.0,3.61,2.41,0.0
20230213:0711,0.0,0.0,0.0,3.74,2.34,0.0
20230213:0811,2856.0,8.34,4.41,3.66,2.21,0.0
20230213:0911,76008.0,50.99,11.42,4.56,2.62,0.0
20230213:1011,97872.0,62.12,17.04,5.29,3.45,0.0
20230213:1111,120144.0,73.24,20.8,5.86,3.59,0.0
20230213:1211,159864.0,92.71,22.36,6.59,3.72,0.0
20230213:1311,132600.0,79.73,21.52,7.22,3.79,0.0
20230213:1411,93024.0,60.26,18.39,7.75,3.93,0.0
20230213:1511,181968.0,103.45,13.3,7.99,3.86,0.0
20230213:1611,435072.0,227.86,6.66,7.75,3.52,0.0
20230213:1711,0.0,0.0,0.0,6.25,2.9,0.0
20230213:1811,0.0,0.0,0.0,4.67,2.97,0.0
20230213:1911,0.0,0.0,0.0,4.1,2.83,0.0
20230213:2011,0.0,0.0,0.0,3.38,2.62,0.0
20230213:2111,0.0,0.0,0.0,2.65,2.55,0.0
20230213:2211,0.0,0.0,0.0,2.05,2.48,0.0
20230213:2311,0.0,0.0,0.0,1.57,2.48,0.0
20230214:0011,0.0,0.0,0.0,1.14,2.55,0.0
20230214:0111,0.0,0.0,0.0,0.85,2.55,0.0
20230214:0211,0.0,0.0,0.0,0.53,2.55,0.0
20230214:0311,0.0,0.0,0.0,0.15,2.55,0.0
20230214:0411,0.0,0.0,0.0,-0.29,2.41,0.0
20230214:0511,0.0,0.0,0.0,-0.73,2.21,0.0
20230214:0611,0.0,0.0,0.0,-1.09,1.86,0.0
20230214:0711,0.0,0.0,0.0,-1.74,1.52,0.0
20230214:0811,40032.0,31.81,4.7,-1.95,1.31,0.0
20230214:0911,207312.0,112.13,11.73,-0.2,1.38,0.0
20230214:1011,268896.0,141.53,17.36,2.41,1.72,0.0
20230214:1111,384240.0,196.19,21.14,5.31,2.34,0.0
20230214:1211,233736.0,128.42,22.7,7.85,2.83,0.0
20230214:1311,439512.0,225.14,21.86,9.63,3.17,0.0
20230214:1411,845136.0,417.59,18.72,10.93,3.38,0.0
20230214:1511,683064.0,342.37,13.6,11.51,3.17,0.0
20230214:1611,383424.0,205.83,6.95,10.96,2.83,0.0
20230214:1711,0.0,0.0,0.0,9.32,3.17,0.0
20230214:1811,0.0,0.0,0.0,7.8,3.17,0.0
20230214:1911,0.0,0.0,0.0,6.37,2.83,0.0
20230214:2011,0.0,0.0,0.0,5.46,2.69,0.0
20230214:2111,0.0,0.0,0.0,4.8,2.62,0.0
20230214:2211,0.0,0.0,0.0,4.23,2.62,0.0
20230214:2311,0.0,0.0,0.0,3.79,2.69,0.0
20230215:0011,0.0,0.0,0.0,3.44,2.83,0.0
20230215:0111,0.0,0.0,0.0,3.28,2.76,0.0
20230215:0211,0.0,0.0,0.0,3.1,2.9,0.0
20230215:0311,0.0,0.0,0.0,2.94,3.03,0.0
20230215:0411,0.0,0.0,0.0,2.75,3.17,0.0
20230215:0511,0.0,0.0,0.0,2.39,3.24,0.0
20230215:0611,0.0,0.0,0.0,2.0,3.24,0.0
20230215:0711,0.0,0.0,0.0,1.48,3.24,0.0
20230215:0811,0.0,4.64,4.99,1.39,3.31,0.0
20230215:0911,589056.0,287.42,12.04,2.93,3.24,0.0
20230215:1011,1312104.0,632.27,17.68,5.47,3.52,0.0
20230215:1111,1516464.0,739.04,21.47,7.97,4.28,0.0
20230215:1211,1423488.0,695.07,23.04,9.65,4.9,0.0
20230215:1311,209112.0,117.5,22.2,9.86,5.03,0.0
20230215:1411,308784.0,163.73,19.05,9.7,5.24,0.0
20230215:1511,318096.0,168.11,13.92,9.78,4.34,0.0
20230215:1611,156240.0,92.98,7.25,9.31,3.86,0.0
20230215:1711,0.0,0.0,0.0,7.84,3.24,0.0
20230215:1811,0.0,0.0,0.0,6.35,2.97,0.0
20230215:1911,0.0,0.0,0.0,5.96,2.83,0.0
20230215:2011,0.0,0.0,0.0,5.59,2.9,0.0
20230215:2111,0.0,0.0,0.0,5.43,3.17,0.0
20230215:2211,0.0,0.0,0.0,5.19,3.38,0.0
20230215:2311,0.0,0.0,0.0,5.22,3.52,0.0
20230216:0011,0.0,0.0,0.0,5.23,3.45,0.0
20230216:0111,0.0,0.0,0.0,5.28,3.31,0.0
20230216:0211,0.0,0.0,0.0,5.32,3.24,0.0
20230216:0311,0.0,0.0,0.0,5.11,2.9,0.0
20230216:0411,0.0,0.0,0.0,4.82,2.48,0.0
20230216:0511,0.0,0.0,0.0,4.73,2.62,0.0
20230216:0611,0.0,0.0,0.0,4.63,2.83,0.0
20230216:0711,0.0,0.0,0.0,5.63,3.45,0.0
20230216:0811,0.0,4.64,5.29,5.87,3.1,0.0
20230216:0911,80808.0,53.77,12.35,6.27,2.69,0.0
20230216:1011,299808.0,158.37,18.01,7.05,2.41,0.0
20230216:1111,179808.0,102.91,21.82,7.9,2.62,0.0
20230216:1211,177168.0,101.98,23.38,8.81,2.97,0.0
20230216:1311,81144.0,54.7,22.54,10.03,4.21,0.0
20230216:1411,870288.0,425.75,19.37,10.03,4.55,0.0
20230216:1511,263232.0,142.47,14.23,9.91,5.03,0.0
20230216:1611,321984.0,173.39,7.54,9.33,5.38,0.0
20230216:1711,0.0,0.0,0.0,8.8,4.97,0.0
20230216:1811,0.0,0.0,0.0,8.42,5.03,0.0
20230216:1911,0.0,0.0,0.0,9.11,4.9,0.0
20230216:2011,0.0,0.0,0.0,9.53,5.17,0.0
20230216:2111,0.0,0.0,0.0,9.92,5.52,0.0
20230216:2211,0.0,0.0,0.0,10.35,5.72,0.0
20230216:2311,0.0,0.0,0.0,10.69,5.86,0.0
20230217:0011,0.0,0.0,0.0,10.96,5.93,0.0
20230217:0111,0.0,0.0,0.0,11.11,6.48,0.0
20230217:0211,0.0,0.0,0.0,11.13,7.31,0.0
20230217:0311,0.0,0.0,0.0,10.98,8.28,0.0
20230217:0411,0.0,0.0,0.0,10.72,9.1,0.0
20230217:0511,0.0,0.0,0.0,10.69,10.28,0.0
20230217:0611,0.0,0.0,0.0,11.03,11.31,0.0
20230217:0711,0.0,0.0,0.0,12.07,12.48,0.0
20230217:0811,146808.0,90.98,5.59,12.05,12.97,0.0
20230217:0911,294336.0,157.63,12.67,11.82,12.97,0.0
20230217:1011,601752.0,297.61,18.34,10.81,10.9,0.0
20230217:1111,1063392.0,510.21,22.16,10.29,10.55,0.0
20230217:1211,1522200.0,730.3,23.73,10.2,9.86,0.0
20230217:1311,1394856.0,671.29,22.88,10.27,8.55,0.0
20230217:1411,1203432.0,580.97,19.71,10.07,7.03,0.0
20230217:1511,524424.0,263.38,14.54,9.69,5.1,0.0
20230217:1611,234312.0,131.13,7.84,9.37,3.79,0.0
20230217:1711,0.0,0.0,0.0,8.26,2.83,0.0
20230217:1811,0.0,0.0,0.0,7.82,2.48,0.0
20230217:1911,0.0,0.0,0.0,8.1,2.34,0.0
20230217:2011,0.0,0.0,0.0,7.99,2.34,0.0
20230217:2111,0.0,0.0,0.0,7.69,2.41,0.0
20230217:2211,0.0,0.0,0.0,7.57,2.34,0.0
20230217:2311,0.0,0.0,0.0,7.42,2.41,0.0
20230218:0011,0.0,0.0,0.0,7.81,2.69,0.0
20230218:0111,0.0,0.0,0.0,9.25,4.55,0.0
20230218:0211,0.0,0.0,0.0,9.9,6.14,0.0
20230218:0311,0.0,0.0,0.0,9.48,6.97,0.0
20230218:0411,0.0,0.0,0.0,9.72,8.41,0.0
20230218:0511,0.0,0.0,0.0,10.21,8.9,0.0
20230218:0611,0.0,0.0,0.0,10.27,8.41,0.0
20230218:0711,0.0,0.0,0.0,10.47,8.21,0.0
20230218:0811,305592.0,170.1,5.9,10.53,8.0,0.0
20230218:0911,400536.0,206.6,12.99,10.57,7.72,0.0
20230218:1011,729936.0,359.05,18.68,10.79,6.34,0.0
20230218:1111,790512.0,388.34,22.51,11.27,6.41,0.0
20230218:1211,800736.0,394.15,24.08,11.81,6.62,0.0
20230218:1311,254352.0,140.04,23.23,11.87,5.17,0.0
20230218:1411,329664.0,175.09,20.04,11.55,4.14,0.0
20230218:1511,128448.0,78.8,14.86,11.12,4.9,0.0
20230218:1611,117216.0,73.58,8.14,10.59,4.76,0.0
20230218:1711,0.0,0.0,0.0,10.15,4.48,0.0
20230218:1811,0.0,0.0,0.0,9.75,4.34,0.0
20230218:1911,0.0,0.0,0.0,9.53,4.28,0.0
20230218:2011,0.0,0.0,0.0,9.5,4.97,0.0
20230218:2111,0.0,0.0,0.0,9.52,5.45,0.0
20230218:2211,0.0,0.0,0.0,9.49,5.45,0.0
20230218:2311,0.0,0.0,0.0,9.35,5.24,0.0
20230219:0011,0.0,0.0,0.0,9.29,5.17,0.0
20230219:0111,0.0,0.0,0.0,8.84,5.1,0.0
20230219:0211,0.0,0.0,0.0,8.38,4.76,0.0
20230219:0311,0.0,0.0,0.0,7.65,3.93,0.0
20230219:0411,0.0,0.0,0.0,7.13,3.38,0.0
20230219:0511,0.0,0.0,0.0,6.81,2.34,0.0
20230219:0611,0.0,0.0,0.0,6.69,1.59,0.0
20230219:0711,0.0,0.0,0.0,6.48,1.93,0.0
20230219:0811,367320.0,198.37,6.21,6.18,2.34,0.0
20230219:0911,918984.0,448.84,13.32,6.49,2.97,0.0
20230219:1011,1335264.0,648.55,19.02,7.13,3.59,0.0
20230219:1111,1510944.0,734.64,22.86,7.94,4.55,0.0
20230219:1211,671928.0,330.39,24.44,9.13,6.14,0.0
20230219:1311,86712.0,57.48,23.58,9.91,6.83,0.0
20230219:1411,174552.0,100.77,20.37,9.84,6.83,0.0
20230219:1511,88656.0,58.41,15.18,9.61,6.55,0.0
20230219:1611,28560.0,25.96,8.44,9.59,7.52,0.0
20230219:1711,0.0,0.0,0.0,8.81,6.83,0.0
20230219:1811,0.0,0.0,0.0,8.21,6.76,0.0
20230219:1911,0.0,0.0,0.0,7.7,6.62,0.0
20230219:2011,0.0,0.0,0.0,7.65,6.9,0.0
20230219:2111,0.0,0.0,0.0,8.08,7.24,0.0
20230219:2211,0.0,0.0,0.0,8.48,7.66,0.0
20230219:2311,0.0,0.0,0.0,8.79,8.07,0.0
20230220:0011,0.0,0.0,0.0,9.23,8.34,0.0
20230220:0111,0.0,0.0,0.0,9.64,8.55,0.0
20230220:0211,0.0,0.0,0.0,9.85,8.62,0.0
20230220:0311,0.0,0.0,0.0,9.82,8.69,0.0
20230220:0411,0.0,0.0,0.0,9.79,8.55,0.0
20230220:0511,0.0,0.0,0.0,9.66,8.28,0.0
20230220:0611,0.0,0.0,0.0,9.52,7.86,0.0
20230220:0711,0.0,0.0,0.0,10.22,8.0,0.0
20230220:0811,72120.0,50.7,6.53,10.39,8.07,0.0
20230220:0911,192312.0,109.31,13.65,10.59,8.07,0.0
20230220:1011,70320.0,49.14,19.37,10.62,6.34,0.0
20230220:1111,359928.0,188.4,23.22,10.78,6.55,0.0
20230220:1211,121200.0,75.1,24.8,10.73,6.07,0.0
20230220:1311,859608.0,420.59,23.93,11.16,6.83,0.0
20230220:1411,1312968.0,638.16,20.71,11.43,7.17,0.0
20230220:1511,922464.0,452.01,15.49,11.35,6.62,0.0
20230220:1611,514992.0,267.54,8.74,10.9,5.1,0.0
20230220:1711,0.0,0.0,0.0,10.48,5.93,0.0
20230220:1811,0.0,0.0,0.0,10.18,5.66,0.0
20230220:1911,0.0,0.0,0.0,10.36,6.0,0.0
20230220:2011,0.0,0.0,0.0,10.19,5.86,0.0
20230220:2111,0.0,0.0,0.0,10.08,5.52,0.0
20230220:2211,0.0,0.0,0.0,10.04,5.17,0.0
20230220:2311,0.0,0.0,0.0,9.83,4.76,0.0
20230221:0011,0.0,0.0,0.0,9.79,4.41,0.0
20230221:0111,0.0,0.0,0.0,9.58,4.0,0.0
20230221:0211,0.0,0.0,0.0,9.51,3.66,0.0
20230221:0311,0.0,0.0,0.0,9.33,3.38,0.0
20230221:0411,0.0,0.0,0.0,9.13,3.1,0.0
20230221:0511,0.0,0.0,0.0,8.95,2.76,0.0
20230221:0611,0.0,0.0,0.0,8.24,2.41,0.0
20230221:0711,0.0,0.0,0.0,7.76,2.55,0.0
20230221:0811,52800.0,39.73,6.85,7.84,2.07,0.0
20230221:0911,185856.0,105.96,13.98,8.84,2.41,0.0
20230221:1011,159312.0,93.64,19.71,9.8,3.79,0.0
20230221:1111,199224.0,113.11,23.57,10.23,4.14,0.0
20230221:1211,61560.0,44.5,25.16,10.49,4.48,0.0
20230221:1311,134400.0,81.59,24.28,10.41,4.62,0.0
20230221:1411,733728.0,362.23,21.05,10.41,4.48,0.0
20230221:1511,715800.0,354.69,15.81,10.28,4.14,0.0
20230221:1611,241200.0,134.4,9.04,9.97,3.66,0.0
20230221:1711,0.0,0.0,0.0,9.45,3.03,0.0
20230221:1811,0.0,0.0,0.0,8.7,2.69,0.0
20230221:1911,0.0,0.0,0.0,8.59,2.48,0.0
20230221:2011,0.0,0.0,0.0,7.75,2.28,0.0
20230221:2111,0.0,0.0,0.0,6.83,2.14,0.0
20230221:2211,0.0,0.0,0.0,6.12,2.21,0.0
20230221:2311,0.0,0.0,0.0,5.71,2.28,0.0
20230222:0011,0.0,0.0,0.0,6.09,2.34,0.0
20230222:0111,0.0,0.0,0.0,6.37,2.41,0.0
20230222:0211,0.0,0.0,0.0,6.56,2.28,0.0
20230222:0311,0.0,0.0,0.0,6.51,2.34,0.0
20230222:0411,0.0,0.0,0.0,6.24,2.34,0.0
20230222:0511,0.0,0.0,0.0,6.23,2.28,0.0
20230222:0611,0.0,0.0,0.0,5.99,2.28,0.0
20230222:0711,0.0,0.0,0.0,5.55,2.28,0.0
20230222:0811,302520.0,165.15,7.17,5.98,2.28,0.0
20230222:0911,69864.0,48.21,14.32,6.49,2.21,0.0
20230222:1011,300360.0,158.68,20.06,7.25,3.66,0.0
20230222:1111,290736.0,154.83,23.94,7.92,4.41,0.0
20230222:1211,78456.0,52.85,25.52,7.81,4.55,0.0
20230222:1311,365376.0,189.02,24.64,7.79,5.24,0.0
20230222:1411,216984.0,119.83,21.39,7.2,5.45,0.0
20230222:1511,283440.0,150.05,16.14,6.74,5.45,0.0
20230222:1611,112392.0,69.76,9.34,6.34,5.1,0.0
20230222:1711,0.0,0.0,0.0,6.09,4.97,0.0
20230222:1811,0.0,0.0,0.0,5.71,4.48,0.0
20230222:1911,0.0,0.0,0.0,5.57,4.76,0.0
20230222:2011,0.0,0.0,0.0,5.36,4.62,0.0
20230222:2111,0.0,0.0,0.0,5.18,5.03,0.0
20230222:2211,0.0,0.0,0.0,4.87,5.66,0.0
20230222:2311,0.0,0.0,0.0,4.84,6.14,0.0
20230223:0011,0.0,0.0,0.0,4.6,6.28,0.0
20230223:0111,0.0,0.0,0.0,4.63,6.28,0.0
20230223:0211,0.0,0.0,0.0,4.34,5.93,0.0
20230223:0311,0.0,0.0,0.0,4.24,5.72,0.0
20230223:0411,0.0,0.0,0.0,3.82,5.45,0.0
20230223:0511,0.0,0.0,0.0,3.57,5.31,0.0
20230223:0611,0.0,0.0,0.0,3.26,4.9,0.0
20230223:0711,0.0,0.0,0.0,3.17,4.69,0.0
20230223:0811,436704.0,226.87,7.5,2.97,4.07,0.0
20230223:0911,1035024.0,496.58,14.66,3.59,3.52,0.0
20230223:1011,1431360.0,687.53,20.42,4.67,3.86,0.0
20230223:1111,1700616.0,829.86,24.3,5.6,3.66,0.0
20230223:1211,1711272.0,841.94,25.89,6.31,3.31,0.0
20230223:1311,1669080.0,824.36,25.0,6.45,2.83,0.0
20230223:1411,1449384.0,710.33,21.73,6.88,2.83,0.0
20230223:1511,1046976.0,510.15,16.46,7.14,3.03,0.0
20230223:1611,577896.0,294.46,9.65,6.95,2.55,0.0
20230223:1711,0.0,1.85,1.77,5.88,2.14,0.0
20230223:1811,0.0,0.0,0.0,4.47,2.55,0.0
20230223:1911,0.0,0.0,0.0,3.79,2.97,0.0
20230223:2011,0.0,0.0,0.0,3.87,3.24,0.0
20230223:2111,0.0,0.0,0.0,3.99,3.52,0.0
20230223:2211,0.0,0.0,0.0,4.76,3.72,0.0
20230223:2311,0.0,0.0,0.0,5.57,4.0,0.0
20230224:0011,0.0,0.0,0.0,6.29,4.41,0.0
20230224:0111,0.0,0.0,0.0,6.62,4.76,0.0
20230224:0211,0.0,0.0,0.0,7.02,5.1,0.0
20230224:0311,0.0,0.0,0.0,7.25,5.24,0.0
20230224:0411,0.0,0.0,0.0,7.29,5.17,0.0
20230224:0511,0.0,0.0,0.0,7.48,5.03,0.0
20230224:0611,0.0,0.0,0.0,7.69,4.83,0.0
20230224:0711,0.0,0.0,0.0,7.72,4.14,0.0
20230224:0811,3792.0,9.27,7.83,7.79,4.14,0.0
20230224:0911,762288.0,373.33,15.0,8.06,4.76,0.0
20230224:1011,1117200.0,539.22,20.78,8.41,5.38,0.0
20230224:1111,344904.0,180.01,24.67,8.44,5.79,0.0
20230224:1211,1204440.0,579.81,26.26,8.6,6.48,0.0
20230224:1311,1339320.0,643.29,25.36,8.3,6.76,0.0
20230224:1411,963072.0,462.28,22.08,7.81,6.83,0.0
20230224:1511,895128.0,430.57,16.78,7.11,6.55,0.0
20230224:1611,523704.0,265.09,9.95,6.31,5.86,0.0
20230224:1711,0.0,3.71,2.06,5.61,6.34,0.0
20230224:1811,0.0,0.0,0.0,4.93,5.93,0.0
20230224:1911,0.0,0.0,0.0,4.67,5.66,0.0
20230224:2011,0.0,0.0,0.0,4.49,5.86,0.0
20230224:2111,0.0,0.0,0.0,4.42,5.86,0.0
20230224:2211,0.0,0.0,0.0,4.07,5.66,0.0
20230224:2311,0.0,0.0,0.0,3.8,5.52,0.0
20230225:0011,0.0,0.0,0.0,3.63,5.31,0.0
20230225:0111,0.0,0.0,0.0,3.4,5.1,0.0
20230225:0211,0.0,0.0,0.0,3.36,5.17,0.0
20230225:0311,0.0,0.0,0.0,3.35,5.17,0.0
20230225:0411,0.0,0.0,0.0,3.46,5.45,0.0
20230225:0511,0.0,0.0,0.0,3.33,5.31,0.0
20230225:0611,0.0,0.0,0.0,3.05,5.1,0.0
20230225:0711,0.0,0.0,0.0,2.97,5.38,0.0
20230225:0811,210600.0,117.47,8.16,3.21,5.17,0.0
20230225:0911,132456.0,78.56,15.35,4.0,4.69,0.0
20230225:1011,223512.0,121.59,21.14,4.7,6.34,0.0
20230225:1111,682440.0,329.65,25.04,5.62,7.31,0.0
20230225:1211,72048.0,49.14,26.63,5.86,6.9,0.0
20230225:1311,298992.0,157.14,25.72,5.85,6.55,0.0
20230225:1411,137520.0,81.59,22.42,5.95,6.55,0.0
20230225:1511,1023024.0,488.78,17.1,5.94,6.07,0.0
20230225:1611,193632.0,108.84,10.25,5.75,5.72,0.0
20230225:1711,0.0,3.71,2.35,5.11,4.62,0.0
20230225:1811,0.0,0.0,0.0,4.3,4.14,0.0
20230225:1911,0.0,0.0,0.0,4.07,4.62,0.0
20230225:2011,0.0,0.0,0.0,3.88,4.41,0.0
20230225:2111,0.0,0.0,0.0,3.72,4.07,0.0
20230225:2211,0.0,0.0,0.0,4.11,3.93,0.0
20230225:2311,0.0,0.0,0.0,3.94,3.59,0.0
20230226:0011,0.0,0.0,0.0,3.76,3.24,0.0
20230226:0111,0.0,0.0,0.0,3.59,3.17,0.0
20230226:0211,0.0,0.0,0.0,3.29,3.1,0.0
20230226:0311,0.0,0.0,0.0,3.01,3.17,0.0
20230226:0411,0.0,0.0,0.0,3.16,3.24,0.0
20230226:0511,0.0,0.0,0.0,3.1,3.24,0.0
20230226:0611,0.0,0.0,0.0,3.2,3.17,0.0
20230226:0711,0.0,0.0,0.0,3.65,3.66,0.0
20230226:0811,161424.0,93.88,8.5,3.84,3.52,0.0
20230226:0911,466512.0,233.36,15.7,5.06,3.24,0.0
20230226:1011,775968.0,374.12,21.5,6.07,5.38,0.0
20230226:1111,454728.0,228.68,25.41,6.6,5.66,0.0
20230226:1211,398064.0,203.54,27.01,6.98,5.45,0.0
20230226:1311,391032.0,200.46,26.09,7.2,5.17,0.0
20230226:1411,548424.0,272.11,22.77,7.25,4.76,0.0
20230226:1511,1077912.0,520.88,17.43,7.14,4.48,0.0
20230226:1611,173784.0,99.83,10.56,6.72,3.79,0.0
20230226:1711,3864.0,9.27,2.64,6.05,2.97,0.0
20230226:1811,0.0,0.0,0.0,5.06,2.55,0.0
20230226:1911,0.0,0.0,0.0,4.61,3.17,0.0
20230226:2011,0.0,0.0,0.0,4.06,3.17,0.0
20230226:2111,0.0,0.0,0.0,4.3,3.31,0.0
20230226:2211,0.0,0.0,0.0,4.13,3.17,0.0
20230226:2311,0.0,0.0,0.0,4.19,3.1,0.0
20230227:0011,0.0,0.0,0.0,4.24,3.03,0.0
20230227:0111,0.0,0.0,0.0,4.0,2.97,0.0
20230227:0211,0.0,0.0,0.0,4.02,2.97,0.0
20230227:0311,0.0,0.0,0.0,3.76,2.97,0.0
20230227:0411,0.0,0.0,0.0,3.55,3.03,0.0
20230227:0511,0.0,0.0,0.0,3.35,3.03,0.0
20230227:0611,0.0,0.0,0.0,3.41,3.03,0.0
20230227:0711,0.0,0.0,0.0,3.56,3.31,0.0
20230227:0811,268224.0,145.53,8.84,4.12,3.38,0.0
20230227:0911,807552.0,391.72,16.05,5.14,3.24,0.0
20230227:1011,699216.0,339.86,21.87,6.25,4.69,0.0
20230227:1111,604584.0,298.02,25.79,7.06,4.76,0.0
20230227:1211,466320.0,235.04,27.38,7.11,4.9,0.0
20230227:1311,1038144.0,501.24,26.45,7.6,4.9,0.0
20230227:1411,788136.0,382.29,23.12,7.31,5.1,0.0
20230227:1511,1048224.0,505.76,17.75,7.19,4.9,0.0
20230227:1611,636384.0,319.83,10.86,6.75,4.34,0.0
20230227:1711,0.0,3.71,2.93,6.28,4.0,0.0
20230227:1811,0.0,0.0,0.0,5.63,3.72,0.0
20230227:1911,0.0,0.0,0.0,5.65,3.72,0.0
20230227:2011,0.0,0.0,0.0,5.58,3.59,0.0
20230227:2111,0.0,0.0,0.0,5.56,3.45,0.0
20230227:2211,0.0,0.0,0.0,5.61,3.31,0.0
20230227:2311,0.0,0.0,0.0,5.53,3.03,0.0
20230228:0011,0.0,0.0,0.0,5.44,2.76,0.0
20230228:0111,0.0,0.0,0.0,5.25,2.55,0.0
20230228:0211,0.0,0.0,0.0,4.89,2.48,0.0
20230228:0311,0.0,0.0,0.0,4.63,2.69,0.0
20230228:0411,0.0,0.0,0.0,4.33,2.97,0.0
20230228:0511,0.0,0.0,0.0,4.76,3.17,0.0
20230228:0611,0.0,0.0,0.0,5.18,3.52,0.0
20230228:0711,0.0,0.0,0.0,4.9,3.72,0.0
20230228:0811,312216.0,167.07,9.18,5.28,4.14,0.0
20230228:0911,142632.0,84.0,16.41,5.73,4.83,0.0
20230228:1011,220272.0,120.96,22.24,6.33,6.28,0.0
20230228:1111,327120.0,170.81,26.17,6.88,6.21,0.0
20230228:1211,734952.0,357.09,27.76,7.24,6.41,0.0
20230228:1311,270120.0,144.99,26.82,7.77,7.17,0.0
20230228:1411,200184.0,112.18,23.46,7.7,6.62,0.0
20230228:1511,237216.0,129.22,18.08,7.61,6.69,0.0
20230228:1611,239328.0,131.18,11.17,7.33,5.79,0.0
20230228:1711,816.0,6.49,3.22,6.76,5.79,0.0
20230228:1811,0.0,0.0,0.0,6.47,5.59,0.0
20230228:1911,0.0,0.0,0.0,6.13,5.45,0.0
20230228:2011,0.0,0.0,0.0,5.96,5.24,0.0
20230228:2111,0.0,0.0,0.0,6.1,5.1,0.0
20230228:2211,0.0,0.0,0.0,5.98,4.76,0.0
20230228:2311,0.0,0.0,0.0,5.92,4.76,0.0
20230301:0011,0.0,0.0,0.0,5.9,4.9,0.0
20230301:0111,0.0,0.0,0.0,5.78,5.03,0.0
20230301:0211,0.0,0.0,0.0,5.54,5.03,0.0
20230301:0311,0.0,0.0,0.0,5.54,4.9,0.0
20230301:0411,0.0,0.0,0.0,5.55,4.69,0.0
20230301:0511,0.0,0.0,0.0,5.33,4.55,0.0
20230301:0611,0.0,0.0,0.0,5.32,4.69,0.0
20230301:0711,0.0,0.0,0.0,5.25,4.76,0.0
20230301:0811,196968.0,111.3,9.53,5.53,5.03,0.0
20230301:0911,228456.0,124.37,16.77,5.82,5.1,0.0
20230301:1011,710400.0,343.46,22.61,6.35,6.9,0.0
20230301:1111,310080.0,162.82,26.55,6.91,7.31,0.0
20230301:1211,138720.0,82.51,28.14,7.08,6.97,0.0
20230301:1311,546888.0,271.06,27.19,7.51,7.45,0.0
20230301:1411,404088.0,205.96,23.81,7.67,7.66,0.0
20230301:1511,298488.0,157.3,18.41,7.27,6.69,0.0
20230301:1611,213624.0,118.72,11.47,7.08,6.62,0.0
20230301:1711,0.0,5.56,3.51,6.65,6.07,0.0
20230301:1811,0.0,0.0,0.0,6.12,5.59,0.0
20230301:1911,0.0,0.0,0.0,5.89,5.38,0.0
20230301:2011,0.0,0.0,0.0,5.79,5.17,0.0
20230301:2111,0.0,0.0,0.0,5.59,4.9,0.0
20230301:2211,0.0,0.0,0.0,5.34,4.41,0.0
20230301:2311,0.0,0.0,0.0,5.24,3.93,0.0
20230302:0011,0.0,0.0,0.0,4.96,3.24,0.0
20230302:0111,0.0,0.0,0.0,4.37,2.62,0.0
20230302:0211,0.0,0.0,0.0,3.99,2.28,0.0
20230302:0311,0.0,0.0,0.0,3.84,2.14,0.0
20230302:0411,0.0,0.0,0.0,3.35,2.14,0.0
20230302:0511,0.0,0.0,0.0,3.12,2.14,0.0
20230302:0611,0.0,0.0,0.0,2.95,2.07,0.0
20230302:0711,0.0,0.93,1.72,2.77,1.93,0.0
20230302:0811,63792.0,44.5,9.88,3.19,1.66,0.0
20230302:0911,99960.0,63.04,17.13,4.57,2.0,0.0
20230302:1011,177720.0,101.05,22.99,5.72,2.28,0.0
20230302:1111,320520.0,168.32,26.93,6.23,2.34,0.0
20230302:1211,125328.0,76.02,28.52,6.39,2.07,0.0
20230302:1311,277272.0,148.66,27.56,6.65,1.86,0.0
20230302:1411,155472.0,90.86,24.16,6.78,1.66,0.0
20230302:1511,192480.0,108.49,18.73,6.74,1.79,0.0
20230302:1611,118272.0,72.69,11.78,6.54,2.0,0.0
20230302:1711,840.0,6.49,3.8,6.17,1.93,0.0
20230302:1811,0.0,0.0,0.0,5.3,1.86,0.0
20230302:1911,0.0,0.0,0.0,4.44,1.86,0.0
20230302:2011,0.0,0.0,0.0,3.9,1.72,0.0
20230302:2111,0.0,0.0,0.0,2.97,1.79,0.0
20230302:2211,0.0,0.0,0.0,2.49,1.59,0.0
20230302:2311,0.0,0.0,0.0,1.65,1.86,0.0
20230303:0011,0.0,0.0,0.0,1.47,1.72,0.0
20230303:0111,0.0,0.0,0.0,1.63,1.72,0.0
20230303:0211,0.0,0.0,0.0,1.76,1.79,0.0
20230303:0311,0.0,0.0,0.0,1.89,1.93,0.0
20230303:0411,0.0,0.0,0.0,1.92,2.14,0.0
20230303:0511,0.0,0.0,0.0,2.25,2.21,0.0
20230303:0611,0.0,0.0,0.0,2.03,2.41,0.0
20230303:0711,0.0,0.93,2.06,2.39,2.55,0.0
20230303:0811,77976.0,51.75,10.23,2.93,2.55,0.0
20230303:0911,186216.0,104.35,17.49,4.46,2.9,0.0
20230303:1011,263664.0,141.12,23.36,5.85,4.14,0.0
20230303:1111,200856.0,112.18,27.32,6.49,4.0,0.0
20230303:1211,138504.0,82.51,28.91,6.92,3.66,0.0
20230303:1311,225456.0,124.23,27.93,7.22,3.52,0.0
20230303:1411,197928.0,111.25,24.51,7.37,3.45,0.0
20230303:1511,188592.0,106.55,19.06,7.09,3.59,0.0
20230303:1611,128904.0,77.86,12.09,6.67,3.72,0.0
20230303:1711,2784.0,8.34,4.09,6.03,3.17,0.0
20230303:1811,0.0,0.0,0.0,5.12,2.97,0.0
20230303:1911,0.0,0.0,0.0,4.38,2.83,0.0
20230303:2011,0.0,0.0,0.0,4.02,2.97,0.0
20230303:2111,0.0,0.0,0.0,3.61,2.83,0.0
20230303:2211,0.0,0.0,0.0,3.22,2.69,0.0
20230303:2311,0.0,0.0,0.0,3.31,2.55,0.0
20230304:0011,0.0,0.0,0.0,3.13,2.34,0.0
20230304:0111,0.0,0.0,0.0,3.09,2.21,0.0
20230304:0211,0.0,0.0,0.0,2.8,2.34,0.0
20230304:0311,0.0,0.0,0.0,2.59,2.48,0.0
20230304:0411,0.0,0.0,0.0,2.37,2.62,0.0
20230304:0511,0.0,0.0,0.0,2.25,2.69,0.0
20230304:0611,0.0,0.0,0.0,2.12,2.62,0.0
20230304:0711,0.0,1.85,2.4,1.85,2.55,0.0
20230304:0811,141960.0,83.32,10.58,2.52,2.34,0.0
20230304:0911,236784.0,127.6,17.86,3.81,2.76,0.0
20230304:1011,247320.0,133.24,23.74,4.85,2.83,0.0
20230304:1111,443040.0,224.58,27.7,6.19,2.83,0.0
20230304:1211,1119072.0,546.43,29.29,7.23,2.83,0.0
20230304:1311,1418280.0,698.24,28.3,7.28,2.69,0.0
20230304:1411,548712.0,274.27,24.86,7.54,2.97,0.0
20230304:1511,427008.0,217.35,19.39,7.26,3.17,0.0
20230304:1611,84192.0,55.63,12.39,6.9,3.03,0.0
20230304:1711,1776.0,7.42,4.38,6.33,2.34,0.0
20230304:1811,0.0,0.0,0.0,5.22,2.14,0.0
20230304:1911,0.0,0.0,0.0,4.71,1.66,0.0
20230304:2011,0.0,0.0,0.0,4.28,1.66,0.0
20230304:2111,0.0,0.0,0.0,3.98,1.59,0.0
20230304:2211,0.0,0.0,0.0,3.56,1.59,0.0
20230304:2311,0.0,0.0,0.0,2.48,2.0,0.0
20230305:0011,0.0,0.0,0.0,1.6,2.0,0.0
20230305:0111,0.0,0.0,0.0,1.09,2.07,0.0
20230305:0211,0.0,0.0,0.0,0.54,2.14,0.0
20230305:0311,0.0,0.0,0.0,0.32,2.14,0.0
20230305:0411,0.0,0.0,0.0,0.7,2.07,0.0
20230305:0511,0.0,0.0,0.0,0.66,2.0,0.0
20230305:0611,0.0,0.0,0.0,0.39,1.93,0.0
20230305:0711,0.0,3.71,2.75,0.91,1.72,0.0
20230305:0811,80016.0,52.53,10.94,1.56,1.52,0.0
20230305:0911,345768.0,177.12,18.23,2.7,1.72,0.0
20230305:1011,358992.0,183.92,24.12,3.49,2.0,0.0
20230305:1111,654552.0,320.58,28.09,4.41,2.14,0.0
20230305:1211,518640.0,259.0,29.68,5.14,2.14,0.0
20230305:1311,615840.0,304.23,28.68,5.57,2.21,0.0
20230305:1411,166032.0,95.49,25.22,5.87,2.62,0.0
20230305:1511,97416.0,62.12,19.71,6.04,2.41,0.0
20230305:1611,166704.0,96.12,12.7,6.14,2.14,0.0
20230305:1711,36048.0,31.56,4.67,5.93,1.38,0.0
20230305:1811,0.0,0.0,0.0,5.02,1.38,0.0
20230305:1911,0.0,0.0,0.0,3.36,1.59,0.0
20230305:2011,0.0,0.0,0.0,1.75,1.72,0.0
20230305:2111,0.0,0.0,0.0,0.94,1.66,0.0
20230305:2211,0.0,0.0,0.0,0.97,1.31,0.0
20230305:2311,0.0,0.0,0.0,1.61,0.83,0.0
20230306:0011,0.0,0.0,0.0,1.63,0.55,0.0
20230306:0111,0.0,0.0,0.0,0.55,0.97,0.0
20230306:0211,0.0,0.0,0.0,-0.84,1.31,0.0
20230306:0311,0.0,0.0,0.0,-0.81,1.52,0.0
20230306:0411,0.0,0.0,0.0,0.22,1.79,0.0
20230306:0511,0.0,0.0,0.0,0.9,2.14,0.0
20230306:0611,0.0,0.0,0.0,1.61,2.48,0.0
20230306:0711,24.0,5.56,3.1,2.28,2.41,0.0
20230306:0811,81024.0,53.39,11.3,3.6,2.9,0.0
20230306:0911,366504.0,187.08,18.6,4.43,3.79,0.0
20230306:1011,682992.0,331.51,24.51,5.58,5.1,0.0
20230306:1111,895200.0,432.51,28.48,6.29,4.28,0.0
20230306:1211,823800.0,399.5,30.07,6.99,5.1,0.0
20230306:1311,1158672.0,558.1,29.05,7.38,5.31,0.0
20230306:1411,521184.0,259.64,25.57,7.08,5.31,0.0
20230306:1511,704952.0,342.6,20.04,6.09,4.9,0.0
20230306:1611,316824.0,166.3,13.0,5.25,4.14,0.0
20230306:1711,15600.0,17.62,4.96,4.51,3.31,0.0
20230306:1811,0.0,0.0,0.0,3.08,2.76,0.0
20230306:1911,0.0,0.0,0.0,2.37,2.0,0.0
20230306:2011,0.0,0.0,0.0,1.4,2.21,0.0
20230306:2111,0.0,0.0,0.0,0.72,2.28,0.0
20230306:2211,0.0,0.0,0.0,0.0,2.41,0.0
20230306:2311,0.0,0.0,0.0,-0.47,2.48,0.0
20230307:0011,0.0,0.0,0.0,-0.98,2.55,0.0
20230307:0111,0.0,0.0,0.0,-1.26,2.69,0.0
20230307:0211,0.0,0.0,0.0,-1.53,2.83,0.0
20230307:0311,0.0,0.0,0.0,-1.82,2.9,0.0
20230307:0411,0.0,0.0,0.0,-2.14,2.9,0.0
20230307:0511,0.0,0.0,0.0,-2.52,2.97,0.0
20230307:0611,0.0,0.0,0.0,-2.64,3.17,0.0
20230307:0711,15672.0,18.09,3.45,-2.5,3.17,0.0
20230307:0811,643752.0,316.4,11.66,-1.25,2.97,0.0
20230307:0911,1179816.0,556.36,18.97,0.36,3.66,0.0
20230307:1011,1592184.0,756.38,24.89,1.74,4.21,0.0
20230307:1111,1409160.0,671.48,28.88,2.91,4.07,0.0
20230307:1211,1926336.0,942.52,30.46,3.74,3.72,0.0
20230307:1311,1874664.0,918.73,29.43,4.35,3.59,0.0
20230307:1411,1544256.0,748.13,25.92,4.64,3.38,0.0
20230307:1511,493392.0,245.19,20.37,4.64,3.38,0.0
20230307:1611,42600.0,33.38,13.31,4.24,3.31,0.0
20230307:1711,172224.0,112.06,5.25,3.3,2.41,0.0
20230307:1811,0.0,0.0,0.0,1.98,1.93,0.0
20230307:1911,0.0,0.0,0.0,0.56,1.45,0.0
20230307:2011,0.0,0.0,0.0,-0.73,1.31,0.0
20230307:2111,0.0,0.0,0.0,-2.47,1.66,0.0
20230307:2211,0.0,0.0,0.0,-3.43,1.66,0.0
20230307:2311,0.0,0.0,0.0,-3.68,1.38,0.0
20230308:0011,0.0,0.0,0.0,-3.74,1.24,0.0
20230308:0111,0.0,0.0,0.0,-3.68,1.1,0.0
20230308:0211,0.0,0.0,0.0,-3.92,1.1,0.0
20230308:0311,0.0,0.0,0.0,-4.88,1.38,0.0
20230308:0411,0.0,0.0,0.0,-5.25,1.66,0.0
20230308:0511,0.0,0.0,0.0,-5.03,1.86,0.0
20230308:0611,0.0,0.0,0.0,-4.86,1.93,0.0
20230308:0711,6648.0,11.13,3.81,-4.52,2.14,0.0
20230308:0811,281568.0,146.53,12.02,-2.47,1.86,0.0
20230308:0911,669792.0,322.16,19.35,0.69,2.21,0.0
20230308:1011,932208.0,444.04,25.28,2.15,2.97,0.0
20230308:1111,1582272.0,761.72,29.27,2.97,3.45,0.0
20230308:1211,817776.0,393.1,30.85,3.62,3.66,0.0
20230308:1311,440544.0,221.01,29.8,3.82,3.66,0.0
20230308:1411,426840.0,214.31,26.27,3.72,3.79,0.0
20230308:1511,348648.0,178.2,20.7,3.25,3.72,0.0
20230308:1611,216672.0,118.12,13.61,2.69,3.24,0.0
20230308:1711,53136.0,40.49,5.54,1.91,2.76,0.0
20230308:1811,0.0,0.0,0.0,0.81,2.55,0.0
20230308:1911,0.0,0.0,0.0,0.55,2.41,0.0
20230308:2011,0.0,0.0,0.0,0.02,2.41,0.0
20230308:2111,0.0,0.0,0.0,-0.1,2.28,0.0
20230308:2211,0.0,0.0,0.0,-0.29,2.34,0.0
20230308:2311,0.0,0.0,0.0,-0.36,2.34,0.0
20230309:0011,0.0,0.0,0.0,-0.65,2.34,0.0
20230309:0111,0.0,0.0,0.0,-0.92,2.34,0.0
20230309:0211,0.0,0.0,0.0,-1.34,2.41,0.0
20230309:0311,0.0,0.0,0.0,-1.65,2.48,0.0
20230309:0411,0.0,0.0,0.0,-1.65,2.41,0.0
20230309:0511,0.0,0.0,0.0,-1.59,2.34,0.0
20230309:0611,0.0,0.0,0.0,-1.49,2.34,0.0
20230309:0711,2976.0,8.34,4.16,-0.94,2.34,0.0
20230309:0811,70272.0,47.28,12.39,0.18,2.21,0.0
20230309:0911,109104.0,66.75,19.73,1.59,2.34,0.0
20230309:1011,222648.0,120.52,25.67,2.33,3.17,0.0
20230309:1111,214920.0,116.82,29.67,2.39,4.34,0.0
20230309:1211,300408.0,155.91,31.24,2.11,4.28,0.0
20230309:1311,323832.0,166.32,30.18,1.95,4.83,0.0
20230309:1411,285480.0,148.76,26.62,1.79,4.69,0.0
20230309:1511,109296.0,66.75,21.02,1.59,4.76,0.0
20230309:1611,59064.0,41.72,13.92,1.49,4.9,0.0
20230309:1711,68832.0,49.2,5.83,1.27,4.69,0.0
20230309:1811,0.0,0.0,0.0,1.17,4.83,0.0
20230309:1911,0.0,0.0,0.0,1.2,5.17,0.0
20230309:2011,0.0,0.0,0.0,1.09,5.38,0.0
20230309:2111,0.0,0.0,0.0,1.18,5.66,0.0
20230309:2211,0.0,0.0,0.0,1.19,5.86,0.0
20230309:2311,0.0,0.0,0.0,1.16,6.07,0.0
20230310:0011,0.0,0.0,0.0,1.13,6.14,0.0
20230310:0111,0.0,0.0,0.0,1.05,6.28,0.0
20230310:0211,0.0,0.0,0.0,0.96,6.41,0.0
20230310:0311,0.0,0.0,0.0,0.88,6.34,0.0
20230310:0411,0.0,0.0,0.0,0.84,6.21,0.0
20230310:0511,0.0,0.0,0.0,0.77,5.79,0.0
20230310:0611,0.0,0.0,0.0,0.61,5.72,0.0
20230310:0711,936.0,6.49,4.52,0.62,5.79,0.0
20230310:0811,72048.0,48.21,12.75,0.77,5.45,0.0
20230310:0911,285912.0,148.2,20.1,1.13,5.1,0.0
20230310:1011,462768.0,228.18,26.06,1.67,4.62,0.0
20230310:1111,1037064.0,488.23,30.06,2.05,5.38,0.0
20230310:1211,1558776.0,736.93,31.64,2.32,5.52,0.0
20230310:1311,1715712.0,817.44,30.56,2.58,5.03,0.0
20230310:1411,1631784.0,777.78,26.98,2.84,4.62,0.0
20230310:1511,1303104.0,619.85,21.35,2.87,4.07,0.0
20230310:1611,350232.0,179.99,14.22,2.59,3.1,0.0
20230310:1711,207168.0,127.87,6.12,1.53,1.93,0.0
20230310:1811,0.0,0.0,0.0,0.36,1.24,0.0
20230310:1911,0.0,0.0,0.0,-1.27,1.59,0.0
20230310:2011,0.0,0.0,0.0,-3.48,2.0,0.0
20230310:2111,0.0,0.0,0.0,-4.1,2.07,0.0
20230310:2211,0.0,0.0,0.0,-4.99,2.21,0.0
20230310:2311,0.0,0.0,0.0,-3.92,1.93,0.0
20230311:0011,0.0,0.0,0.0,-3.44,1.72,0.0
20230311:0111,0.0,0.0,0.0,-4.11,1.79,0.0
20230311:0211,0.0,0.0,0.0,-4.94,1.86,0.0
20230311:0311,0.0,0.0,0.0,-5.27,1.79,0.0
20230311:0411,0.0,0.0,0.0,-4.74,1.66,0.0
20230311:0511,0.0,0.0,0.0,-3.77,1.52,0.0
20230311:0611,0.0,0.0,0.0,-4.12,1.52,0.0
20230311:0711,28968.0,26.31,4.88,-2.0,1.45,0.0
20230311:0811,421368.0,213.25,13.12,-0.02,1.17,0.0
20230311:0911,964656.0,465.54,20.48,2.1,1.31,0.0
20230311:1011,907104.0,431.56,26.45,0.11,1.79,0.0
20230311:1111,681696.0,334.21,30.46,5.02,2.34,0.0
20230311:1211,1043904.0,506.35,32.03,5.22,2.55,0.0
20230311:1311,1071240.0,520.11,30.93,5.63,2.62,0.0
20230311:1411,495000.0,248.18,27.33,5.89,2.83,0.0
20230311:1511,532368.0,264.77,21.67,5.74,2.83,0.0
20230311:1611,140688.0,83.12,14.52,5.32,2.83,0.0
20230311:1711,19992.0,20.4,6.41,4.63,2.55,0.0
20230311:1811,0.0,0.0,0.0,3.42,2.55,0.0
20230311:1911,0.0,0.0,0.0,3.09,3.38,0.0
20230311:2011,0.0,0.0,0.0,2.21,4.21,0.0
20230311:2111,0.0,0.0,0.0,2.04,4.76,0.0
20230311:2211,0.0,0.0,0.0,1.33,4.97,0.0
20230311:2311,0.0,0.0,0.0,1.06,5.24,0.0
20230312:0011,0.0,0.0,0.0,1.01,5.31,0.0
20230312:0111,0.0,0.0,0.0,0.79,5.1,0.0
20230312:0211,0.0,0.0,0.0,0.92,4.21,0.0
20230312:0311,0.0,0.0,0.0,1.44,3.31,0.0
20230312:0411,0.0,0.0,0.0,3.4,3.31,0.0
20230312:0511,0.0,0.0,0.0,6.4,5.45,0.0
20230312:0611,0.0,0.0,0.0,7.04,6.07,0.0
20230312:0711,12552.0,15.76,5.24,7.44,5.86,0.0
20230312:0811,393480.0,204.66,13.49,7.71,6.07,0.0
20230312:0911,1098840.0,531.68,20.86,8.44,5.79,0.0
20230312:1011,644064.0,317.85,26.84,9.8,8.62,0.0
20230312:1111,90192.0,59.33,30.86,10.38,8.76,0.0
20230312:1211,777792.0,382.21,32.42,10.4,7.38,0.0
20230312:1311,1379064.0,672.32,31.31,10.62,6.48,0.0
20230312:1411,534168.0,270.16,27.68,11.1,6.0,0.0
20230312:1511,154896.0,91.78,22.0,10.98,6.14,0.0
20230312:1611,188424.0,108.09,14.83,10.67,5.31,0.0
20230312:1711,3720.0,9.27,6.7,10.45,5.79,0.0
20230312:1811,0.0,0.0,0.0,9.6,5.59,0.0
20230312:1911,0.0,0.0,0.0,9.49,5.03,0.0
20230312:2011,0.0,0.0,0.0,9.28,4.83,0.0
20230312:2111,0.0,0.0,0.0,9.05,4.48,0.0
20230312:2211,0.0,0.0,0.0,8.8,4.83,0.0
20230312:2311,0.0,0.0,0.0,8.92,5.31,0.0
20230313:0011,0.0,0.0,0.0,9.26,5.66,0.0
20230313:0111,0.0,0.0,0.0,10.1,6.34,0.0
20230313:0211,0.0,0.0,0.0,10.85,7.24,0.0
20230313:0311,0.0,0.0,0.0,11.18,7.79,0.0
20230313:0411,0.0,0.0,0.0,11.3,8.14,0.0
20230313:0511,0.0,0.0,0.0,11.51,8.97,0.0
20230313:0611,0.0,0.0,0.0,11.35,8.69,0.0
20230313:0711,1680.0,7.42,5.61,10.52,8.69,0.0
20230313:0811,194280.0,110.74,13.86,10.22,9.1,0.0
20230313:0911,462840.0,234.84,21.25,10.16,9.31,0.0
20230313:1011,313896.0,166.69,27.24,10.23,8.9,0.0
20230313:1111,644424.0,319.63,31.26,10.48,8.48,0.0
20230313:1211,502320.0,255.25,32.82,10.87,7.31,0.0
20230313:1311,91752.0,60.26,31.69,10.92,8.41,0.0
20230313:1411,218880.0,122.38,28.03,10.65,8.21,0.0
20230313:1511,163032.0,95.49,22.33,10.49,7.45,0.0
20230313:1611,15072.0,17.62,15.13,10.24,7.59,0.0
20230313:1711,768.0,6.49,6.98,9.81,6.76,0.0
20230313:1811,0.0,0.0,0.0,9.47,5.31,0.0
20230313:1911,0.0,0.0,0.0,8.57,4.41,0.0
20230313:2011,0.0,0.0,0.0,6.61,4.97,0.0
20230313:2111,0.0,0.0,0.0,4.65,5.38,0.0
20230313:2211,0.0,0.0,0.0,3.82,5.45,0.0
20230313:2311,0.0,0.0,0.0,3.61,5.93,0.0
20230314:0011,0.0,0.0,0.0,3.4,6.14,0.0
20230314:0111,0.0,0.0,0.0,3.38,5.93,0.0
20230314:0211,0.0,0.0,0.0,3.33,5.31,0.0
20230314:0311,0.0,0.0,0.0,3.23,5.17,0.0
20230314:0411,0.0,0.0,0.0,2.78,5.31,0.0
20230314:0511,0.0,0.0,0.0,2.27,5.1,0.0
20230314:0611,0.0,0.0,0.0,1.65,4.41,0.0
20230314:0711,169632.0,111.26,5.97,1.19,3.17,0.0
20230314:0811,473880.0,237.59,14.23,1.63,2.9,0.0
20230314:0911,1152432.0,548.11,21.63,2.88,4.0,0.0
20230314:1011,1490112.0,711.82,27.63,4.29,4.83,0.0
20230314:1111,1915416.0,925.72,31.66,5.42,5.93,0.0
20230314:1211,1421280.0,679.91,33.21,6.16,6.41,0.0
20230314:1311,607512.0,297.86,32.07,5.94,6.69,0.0
20230314:1411,609288.0,297.62,28.39,5.47,6.55,0.0
20230314:1511,151488.0,88.08,22.65,5.25,5.93,0.0
20230314:1611,672792.0,331.43,15.43,4.89,5.03,0.0
20230314:1711,56736.0,41.58,7.27,4.12,4.21,0.0
20230314:1811,0.0,0.0,0.0,3.09,3.38,0.0
20230314:1911,0.0,0.0,0.0,2.12,2.76,0.0
20230314:2011,0.0,0.0,0.0,1.45,2.28,0.0
20230314:2111,0.0,0.0,0.0,0.45,1.86,0.0
20230314:2211,0.0,0.0,0.0,-0.62,2.0,0.0
20230314:2311,0.0,0.0,0.0,-1.85,2.14,0.0
20230315:0011,0.0,0.0,0.0,-2.67,2.0,0.0
20230315:0111,0.0,0.0,0.0,-3.63,1.79,0.0
20230315:0211,0.0,0.0,0.0,-4.53,1.66,0.0
20230315:0311,0.0,0.0,0.0,-5.2,1.59,0.0
20230315:0411,0.0,0.0,0.0,-5.49,1.52,0.0
20230315:0511,0.0,0.0,0.0,-5.6,1.45,0.0
20230315:0611,0.0,0.0,0.0,-5.57,1.45,0.0
20230315:0711,132000.0,84.87,6.33,-4.63,1.59,0.0
20230315:0811,383304.0,193.07,14.61,-1.82,1.52,0.0
20230315:0911,1119432.0,534.67,22.01,1.05,2.07,0.0
20230315:1011,1162752.0,556.17,28.03,3.24,3.1,0.0
20230315:1111,1431576.0,691.16,32.06,4.82,3.72,0.0
20230315:1211,1347792.0,650.94,33.61,5.95,4.28,0.0
20230315:1311,811224.0,394.02,32.44,6.54,4.69,0.0
20230315:1411,572112.0,283.47,28.74,6.56,4.28,0.0
20230315:1511,263640.0,141.43,22.97,6.34,4.0,0.0
20230315:1611,86472.0,56.55,15.73,5.97,3.79,0.0
20230315:1711,44016.0,34.58,7.55,5.21,3.66,0.0
20230315:1811,0.0,0.0,0.0,4.14,4.0,0.0
20230315:1911,0.0,0.0,0.0,4.18,4.62,0.0
20230315:2011,0.0,0.0,0.0,4.25,5.1,0.0
20230315:2111,0.0,0.0,0.0,4.56,5.24,0.0
20230315:2211,0.0,0.0,0.0,4.94,5.24,0.0
20230315:2311,0.0,0.0,0.0,5.39,5.31,0.0
20230316:0011,0.0,0.0,0.0,5.8,5.1,0.0
20230316:0111,0.0,0.0,0.0,6.12,4.9,0.0
20230316:0211,0.0,0.0,0.0,6.51,5.03,0.0
20230316:0311,0.0,0.0,0.0,6.94,5.38,0.0
20230316:0411,0.0,0.0,0.0,7.47,5.52,0.0
20230316:0511,0.0,0.0,0.0,8.06,5.52,0.0
20230316:0611,0.0,0.0,0.0,8.43,5.31,0.0
20230316:0711,24024.0,23.18,6.7,8.88,5.31,0.0
20230316:0811,333048.0,176.73,14.98,9.12,5.1,0.0
20230316:0911,86832.0,57.48,22.4,9.51,5.38,0.0
20230316:1011,127344.0,77.88,28.42,9.81,5.66,0.0
20230316:1111,72216.0,50.06,32.46,10.21,6.07,0.0
20230316:1211,160584.0,94.56,34.01,10.95,5.72,0.0
20230316:1311,360888.0,190.35,32.82,11.67,6.55,0.0
20230316:1411,202152.0,114.96,29.09,11.61,6.34,0.0
20230316:1511,384792.0,200.55,23.3,11.13,6.07,0.0
20230316:1611,138504.0,83.65,16.03,10.64,5.79,0.0
20230316:1711,22296.0,22.25,7.84,10.45,5.66,0.0
20230316:1811,0.0,0.0,0.0,10.15,5.31,0.0
20230316:1911,0.0,0.0,0.0,10.42,5.45,0.0
20230316:2011,0.0,0.0,0.0,10.16,5.1,0.0
20230316:2111,0.0,0.0,0.0,9.87,4.83,0.0
20230316:2211,0.0,0.0,0.0,9.51,4.48,0.0
20230316:2311,0.0,0.0,0.0,9.39,4.28,0.0
20230317:0011,0.0,0.0,0.0,9.34,3.93,0.0
20230317:0111,0.0,0.0,0.0,9.48,3.79,0.0
20230317:0211,0.0,0.0,0.0,9.54,3.66,0.0
20230317:0311,0.0,0.0,0.0,9.43,3.52,0.0
20230317:0411,0.0,0.0,0.0,9.32,3.45,0.0
20230317:0511,0.0,0.0,0.0,9.03,3.17,0.0
20230317:0611,0.0,0.0,0.0,8.97,3.1,0.0
20230317:0711,65808.0,48.37,7.07,8.98,3.24,0.0
20230317:0811,525744.0,270.39,15.36,9.42,2.9,0.0
20230317:0911,988176.0,485.95,22.78,10.55,4.48,0.0
20230317:1011,1598880.0,795.27,28.82,11.57,4.55,0.0
20230317:1111,239544.0,133.5,32.87,12.3,4.62,0.0
20230317:1211,379128.0,200.49,34.4,12.69,4.34,0.0
20230317:1311,1173240.0,584.93,33.2,13.11,4.21,0.0
20230317:1411,1540560.0,776.28,29.44,13.28,3.79,0.0
20230317:1511,802872.0,403.55,23.62,13.47,3.52,0.0
20230317:1611,145536.0,88.24,16.33,13.37,3.17,0.0
20230317:1711,245688.0,152.88,8.12,11.81,2.21,0.0
20230317:1811,0.0,0.0,0.0,10.72,2.28,0.0
20230317:1911,0.0,0.0,0.0,9.42,2.41,0.0
20230317:2011,0.0,0.0,0.0,8.66,2.41,0.0
20230317:2111,0.0,0.0,0.0,8.11,2.34,0.0
20230317:2211,0.0,0.0,0.0,7.41,2.55,0.0
20230317:2311,0.0,0.0,0.0,6.99,2.41,0.0
20230318:0011,0.0,0.0,0.0,6.89,2.28,0.0
20230318:0111,0.0,0.0,0.0,6.74,2.21,0.0
20230318:0211,0.0,0.0,0.0,6.71,2.21,0.0
20230318:0311,0.0,0.0,0.0,6.94,2.14,0.0
20230318:0411,0.0,0.0,0.0,6.69,2.14,0.0
20230318:0511,0.0,0.0,0.0,6.68,2.07,0.0
20230318:0611,0.0,0.0,0.0,6.81,2.0,0.0
20230318:0711,11256.0,14.83,7.43,6.54,1.66,0.0
20230318:0811,67464.0,47.28,15.73,8.19,1.86,0.0
20230318:0911,121560.0,75.1,23.17,9.55,2.41,0.0
20230318:1011,344160.0,182.98,29.22,10.87,2.21,0.0
20230318:1111,320592.0,172.47,33.27,11.79,2.76,0.0
20230318:1211,413856.0,217.29,34.8,12.41,3.17,0.0
20230318:1311,151344.0,90.86,33.58,12.67,3.03,0.0
20230318:1411,50496.0,38.94,29.79,13.18,3.03,0.0
20230318:1511,35784.0,30.59,23.94,13.22,2.97,0.0
20230318:1611,379440.0,202.01,16.63,12.92,2.9,0.0
20230318:1711,42480.0,34.3,8.41,12.04,2.34,0.0
20230318:1811,0.0,0.0,0.0,10.98,2.55,0.0
20230318:1911,0.0,0.0,0.0,10.04,2.9,0.0
20230318:2011,0.0,0.0,0.0,9.32,3.24,0.0
20230318:2111,0.0,0.0,0.0,8.84,3.24,0.0
20230318:2211,0.0,0.0,0.0,8.36,3.52,0.0
20230318:2311,0.0,0.0,0.0,7.95,4.0,0.0
20230319:0011,0.0,0.0,0.0,7.49,4.21,0.0
20230319:0111,0.0,0.0,0.0,6.9,4.14,0.0
20230319:0211,0.0,0.0,0.0,6.39,4.0,0.0
20230319:0311,0.0,0.0,0.0,5.88,3.79,0.0
20230319:0411,0.0,0.0,0.0,5.55,3.52,0.0
20230319:0511,0.0,0.0,0.0,5.58,3.03,0.0
20230319:0611,0.0,0.0,0.0,5.51,2.97,0.0
20230319:0711,215880.0,135.53,7.8,5.64,2.62,0.0
20230319:0811,752520.0,376.25,16.11,6.82,3.31,0.0
20230319:0911,1266984.0,619.22,23.56,7.71,3.45,0.0
20230319:1011,1591080.0,791.32,29.61,8.52,2.9,0.0
20230319:1111,1386888.0,688.44,33.67,9.53,3.03,0.0
20230319:1211,1066344.0,528.44,35.2,10.23,3.03,0.0
20230319:1311,1407456.0,701.8,33.95,10.41,3.1,0.0
20230319:1411,580488.0,292.93,30.14,10.56,3.79,0.0
20230319:1511,729480.0,362.29,24.26,10.22,3.79,0.0
20230319:1611,108648.0,68.61,16.93,9.75,4.14,0.0
20230319:1711,90216.0,60.72,8.69,8.96,4.28,0.0
20230319:1811,0.0,0.0,0.0,8.01,3.52,0.0
20230319:1911,0.0,0.0,0.0,7.57,3.24,0.0
20230319:2011,0.0,0.0,0.0,7.14,2.28,0.0
20230319:2111,0.0,0.0,0.0,6.62,1.79,0.0
20230319:2211,0.0,0.0,0.0,5.87,2.21,0.0
20230319:2311,0.0,0.0,0.0,6.06,2.48,0.0
20230320:0011,0.0,0.0,0.0,6.18,2.83,0.0
20230320:0111,0.0,0.0,0.0,6.28,3.17,0.0
20230320:0211,0.0,0.0,0.0,6.35,3.17,0.0
20230320:0311,0.0,0.0,0.0,6.39,3.1,0.0
20230320:0411,0.0,0.0,0.0,6.52,2.97,0.0
20230320:0511,0.0,0.0,0.0,6.8,2.83,0.0
20230320:0611,0.0,0.0,0.0,7.26,2.76,0.0
20230320:0711,11184.0,14.83,8.17,7.41,1.72,0.0
20230320:0811,48432.0,37.08,16.48,8.05,1.45,0.0
20230320:0911,197808.0,112.18,23.94,8.74,1.17,0.0
20230320:1011,345696.0,182.73,30.01,9.45,2.07,0.0
20230320:1111,317184.0,169.65,34.07,10.29,3.03,0.0
20230320:1211,511536.0,261.34,35.59,10.46,3.38,0.0
20230320:1311,293496.0,158.54,34.33,10.84,4.07,0.0
20230320:1411,217392.0,122.38,30.49,11.18,3.66,0.0
20230320:1511,186360.0,107.54,24.58,11.33,2.76,0.0
20230320:1611,252000.0,139.71,17.23,11.81,2.48,0.0
20230320:1711,159888.0,101.08,8.97,11.98,2.62,0.0
20230320:1811,0.0,0.0,0.0,11.16,2.48,0.0
20230320:1911,0.0,0.0,0.0,10.75,2.41,0.0
20230320:2011,0.0,0.0,0.0,10.43,2.62,0.0
20230320:2111,0.0,0.0,0.0,10.64,3.03,0.0
20230320:2211,0.0,0.0,0.0,10.87,3.66,0.0
20230320:2311,0.0,0.0,0.0,10.82,4.0,0.0
20230321:0011,0.0,0.0,0.0,10.57,4.14,0.0
20230321:0111,0.0,0.0,0.0,10.38,4.55,0.0
20230321:0211,0.0,0.0,0.0,9.99,4.69,0.0
20230321:0311,0.0,0.0,0.0,9.59,4.9,0.0
20230321:0411,0.0,0.0,0.0,9.25,4.9,0.0
20230321:0511,0.0,0.0,0.0,9.09,4.62,0.0
20230321:0611,0.0,0.0,0.0,8.98,4.62,0.0
20230321:0711,0.0,0.0,0.0,9.52,4.48,0.0
20230321:0811,0.0,0.0,0.0,10.0,4.76,0.0
20230321:0911,455760.0,233.28,24.33,10.29,4.97,0.0
20230321:1011,671712.0,335.71,30.41,11.45,5.31,0.0
20230321:1111,641592.0,323.26,34.48,12.49,5.79,0.0
20230321:1211,250608.0,139.07,35.99,13.05,6.07,0.0
20230321:1311,685896.0,343.4,34.71,12.53,6.9,0.0
20230321:1411,263376.0,144.63,30.83,12.34,7.31,0.0
20230321:1511,695088.0,346.53,24.9,12.15,6.34,0.0
20230321:1611,455376.0,236.45,17.52,12.19,5.93,0.0
20230321:1711,142776.0,90.61,9.25,11.64,5.31,0.0
20230321:1811,0.0,0.0,0.0,10.95,5.1,0.0
20230321:1911,0.0,0.0,0.0,10.38,4.69,0.0
20230321:2011,0.0,0.0,0.0,9.99,4.97,0.0
20230321:2111,0.0,0.0,0.0,9.7,5.38,0.0
20230321:2211,0.0,0.0,0.0,9.21,5.86,0.0
20230321:2311,0.0,0.0,0.0,9.04,6.62,0.0
20230322:0011,0.0,0.0,0.0,9.0,7.24,0.0
20230322:0111,0.0,0.0,0.0,9.1,7.66,0.0
20230322:0211,0.0,0.0,0.0,9.23,8.14,0.0
20230322:0311,0.0,0.0,0.0,9.54,8.28,0.0
20230322:0411,0.0,0.0,0.0,9.92,7.86,0.0
20230322:0511,0.0,0.0,0.0,10.16,7.86,0.0
20230322:0611,0.0,0.0,0.0,9.11,8.07,0.0
20230322:0711,0.0,0.0,0.0,8.48,7.1,0.0
20230322:0811,762216.0,378.89,17.23,8.39,6.48,0.0
20230322:0911,1278720.0,617.72,24.72,9.29,7.1,0.0
20230322:1011,1581240.0,767.11,30.81,10.16,7.59,0.0
20230322:1111,1882056.0,925.28,34.88,11.03,7.52,0.0
20230322:1211,1881912.0,928.76,36.38,11.65,7.52,0.0
20230322:1311,1810416.0,892.77,35.08,12.26,7.72,0.0
20230322:1411,1515936.0,743.9,31.18,12.51,7.38,0.0
20230322:1511,1269168.0,619.65,25.22,12.21,7.86,0.0
20230322:1611,839736.0,420.63,17.82,11.09,5.93,0.0
20230322:1711,276624.0,166.87,9.53,11.21,5.93,0.0
20230322:1811,0.0,0.0,0.0,10.62,5.52,0.0
20230322:1911,0.0,0.0,0.0,10.01,5.31,0.0
20230322:2011,0.0,0.0,0.0,9.5,5.93,0.0
20230322:2111,0.0,0.0,0.0,8.92,6.21,0.0
20230322:2211,0.0,0.0,0.0,8.63,6.41,0.0
20230322:2311,0.0,0.0,0.0,8.51,6.28,0.0
20230323:0011,0.0,0.0,0.0,8.5,6.28,0.0
20230323:0111,0.0,0.0,0.0,8.01,6.69,0.0
20230323:0211,0.0,0.0,0.0,7.16,6.62,0.0
20230323:0311,0.0,0.0,0.0,6.65,6.34,0.0
20230323:0411,0.0,0.0,0.0,6.34,5.93,0.0
20230323:0511,0.0,0.0,0.0,6.14,5.79,0.0
20230323:0611,0.0,0.0,0.0,6.31,5.86,0.0
20230323:0711,112752.0,72.12,9.27,6.65,5.93,0.0
20230323:0811,71400.0,49.14,17.61,7.6,6.07,0.0
20230323:0911,109248.0,68.61,25.1,8.89,6.69,0.0
20230323:1011,381096.0,198.27,31.2,10.4,9.03,0.0
20230323:1111,99048.0,63.97,35.28,10.94,8.76,0.0
20230323:1211,98832.0,63.97,36.78,11.37,8.48,0.0
20230323:1311,1786152.0,877.49,35.46,11.7,7.86,0.0
20230323:1411,324144.0,173.28,31.53,12.2,7.72,0.0
20230323:1511,623640.0,312.73,25.54,12.21,7.31,0.0
20230323:1611,813648.0,408.82,18.11,12.03,6.55,0.0
20230323:1711,36168.0,30.59,9.81,11.42,5.72,0.0
20230323:1811,0.0,0.0,0.0,10.24,5.24,0.0
20230323:1911,0.0,0.0,0.0,9.87,4.48,0.0
20230323:2011,0.0,0.0,0.0,9.02,4.41,0.0
20230323:2111,0.0,0.0,0.0,8.53,4.34,0.0
20230323:2211,0.0,0.0,0.0,7.98,4.07,0.0
20230323:2311,0.0,0.0,0.0,7.32,4.34,0.0
20230324:0011,0.0,0.0,0.0,7.35,4.97,0.0
20230324:0111,0.0,0.0,0.0,7.45,5.66,0.0
20230324:0211,0.0,0.0,0.0,7.14,6.28,0.0
20230324:0311,0.0,0.0,0.0,7.0,6.34,0.0
20230324:0411,0.0,0.0,0.0,6.88,6.21,0.0
20230324:0511,0.0,0.0,0.0,6.65,5.93,0.0
20230324:0611,0.0,0.0,0.0,6.57,5.86,0.0
20230324:0711,61776.0,44.28,9.64,7.15,6.97,0.0
20230324:0811,784800.0,388.95,17.98,8.06,6.07,0.0
20230324:0911,974952.0,470.41,25.49,9.13,8.83,0.0
20230324:1011,822528.0,401.42,31.6,10.01,8.76,0.0
20230324:1111,400992.0,208.43,35.68,11.09,8.41,0.0
20230324:1211,1307160.0,637.45,37.18,11.65,8.28,0.0
20230324:1311,698496.0,347.81,35.83,12.06,8.69,0.0
20230324:1411,1201632.0,586.56,31.87,11.72,7.45,0.0
20230324:1511,967560.0,473.51,25.85,11.47,7.31,0.0
20230324:1611,374376.0,196.84,18.4,11.31,6.48,0.0
20230324:1711,16440.0,18.54,10.09,10.78,6.34,0.0
20230324:1811,0.0,0.0,0.0,9.96,6.07,0.0
20230324:1911,0.0,0.0,0.0,9.26,5.72,0.0
20230324:2011,0.0,0.0,0.0,8.68,5.72,0.0
20230324:2111,0.0,0.0,0.0,8.46,5.79,0.0
20230324:2211,0.0,0.0,0.0,8.06,5.66,0.0
20230324:2311,0.0,0.0,0.0,7.74,5.72,0.0
20230325:0011,0.0,0.0,0.0,7.59,5.93,0.0
20230325:0111,0.0,0.0,0.0,7.53,6.41,0.0
20230325:0211,0.0,0.0,0.0,7.32,6.76,0.0
20230325:0311,0.0,0.0,0.0,6.81,6.62,0.0
20230325:0411,0.0,0.0,0.0,6.8,6.48,0.0
20230325:0511,0.0,0.0,0.0,6.93,6.34,0.0
20230325:0611,0.0,0.0,0.0,7.02,6.07,0.0
20230325:0711,115944.0,73.37,10.01,7.21,6.14,0.0
20230325:0811,384336.0,198.41,18.36,7.52,6.76,0.0
20230325:0911,389592.0,200.48,25.88,8.01,6.07,0.0
20230325:1011,273672.0,147.41,32.0,8.59,5.79,0.0
20230325:1111,693720.0,343.32,36.09,9.12,5.45,0.0
20230325:1211,1548864.0,763.53,37.57,9.65,4.76,0.0
20230325:1311,1255752.0,617.84,36.2,9.62,4.0,0.0
20230325:1411,611616.0,307.62,32.21,9.73,2.97,0.0
20230325:1511,208848.0,117.74,26.17,9.6,2.0,0.0
20230325:1611,335880.0,178.77,18.7,9.18,1.03,0.0
20230325:1711,73392.0,50.74,10.37,8.69,0.48,0.0
20230325:1811,0.0,0.0,0.0,7.78,1.52,0.0
20230325:1911,0.0,0.0,0.0,6.99,2.07,0.0
20230325:2011,0.0,0.0,0.0,6.29,2.48,0.0
20230325:2111,0.0,0.0,0.0,5.93,2.41,0.0
20230325:2211,0.0,0.0,0.0,5.67,2.34,0.0
20230325:2311,0.0,0.0,0.0,5.37,2.41,0.0
20230326:0011,0.0,0.0,0.0,5.27,2.62,0.0
20230326:0111,0.0,0.0,0.0,5.26,2.76,0.0
20230326:0211,0.0,0.0,0.0,5.26,2.9,0.0
20230326:0311,0.0,0.0,0.0,5.17,3.17,0.0
20230326:0411,0.0,0.0,0.0,5.09,3.38,0.0
20230326:0511,0.0,0.0,0.0,4.93,3.52,0.0
20230326:0611,0.0,0.0,0.0,4.69,3.66,0.0
20230326:0711,287376.0,167.59,10.38,4.42,3.93,0.0
20230326:0811,821304.0,401.85,18.73,4.85,4.62,0.0
20230326:0911,652752.0,318.25,26.26,5.34,5.17,0.0
20230326:1011,910008.0,438.12,32.39,6.18,5.66,0.0
20230326:1111,733440.0,358.61,36.49,7.17,5.72,0.0
20230326:1211,444720.0,225.91,37.96,7.15,5.52,0.0
20230326:1311,561144.0,279.45,36.58,7.24,5.59,0.0
20230326:1411,547536.0,272.74,32.56,7.25,5.72,0.0
20230326:1511,458712.0,231.4,26.48,6.99,5.59,0.0
20230326:1611,428064.0,218.26,18.99,6.69,5.24,0.0
20230326:1711,96624.0,62.24,10.65,5.89,4.76,0.0
20230326:1811,0.0,1.85,1.93,4.89,4.14,0.0
20230326:1911,0.0,0.0,0.0,3.84,3.59,0.0
20230326:2011,0.0,0.0,0.0,3.26,3.38,0.0
20230326:2111,0.0,0.0,0.0,2.33,3.1,0.0
20230326:2211,0.0,0.0,0.0,1.57,2.9,0.0
20230326:2311,0.0,0.0,0.0,0.97,2.97,0.0
20230327:0011,0.0,0.0,0.0,0.46,2.97,0.0
20230327:0111,0.0,0.0,0.0,0.24,2.9,0.0
20230327:0211,0.0,0.0,0.0,0.12,2.76,0.0
20230327:0311,0.0,0.0,0.0,-0.02,2.69,0.0
20230327:0411,0.0,0.0,0.0,-0.29,2.62,0.0
20230327:0511,0.0,0.0,0.0,-0.78,2.55,0.0
20230327:0611,0.0,1.85,2.02,-1.24,2.48,0.0
20230327:0711,338952.0,192.23,10.74,-0.58,2.0,0.0
20230327:0811,901896.0,439.36,19.11,2.13,2.48,0.0
20230327:0911,1375992.0,664.79,26.65,3.58,2.76,0.0
20230327:1011,1708944.0,846.09,32.79,4.74,2.28,0.0
20230327:1111,1919112.0,976.44,36.89,5.62,1.79,0.0
20230327:1211,1958616.0,1011.34,38.36,6.31,1.45,0.0
20230327:1311,1884096.0,978.09,36.95,7.04,1.1,0.0
20230327:1411,1720776.0,881.8,32.9,7.82,1.24,0.0
20230327:1511,1335096.0,668.08,26.79,8.07,1.45,0.0
20230327:1611,870768.0,438.41,19.27,8.2,1.66,0.0
20230327:1711,313368.0,183.56,10.92,8.1,1.86,0.0
20230327:1811,0.0,2.78,2.21,7.04,2.07,0.0
20230327:1911,0.0,0.0,0.0,5.36,2.62,0.0
20230327:2011,0.0,0.0,0.0,4.04,2.55,0.0
20230327:2111,0.0,0.0,0.0,3.12,2.76,0.0
20230327:2211,0.0,0.0,0.0,2.41,2.97,0.0
20230327:2311,0.0,0.0,0.0,2.0,3.1,0.0
20230328:0011,0.0,0.0,0.0,1.7,3.24,0.0
20230328:0111,0.0,0.0,0.0,1.57,3.24,0.0
20230328:0211,0.0,0.0,0.0,1.97,3.24,0.0
20230328:0311,0.0,0.0,0.0,2.29,3.24,0.0
20230328:0411,0.0,0.0,0.0,2.78,3.45,0.0
20230328:0511,0.0,0.0,0.0,3.26,3.66,0.0
20230328:0611,0.0,0.93,2.39,3.77,3.86,0.0
20230328:0711,8760.0,12.98,11.11,4.49,3.86,0.0
20230328:0811,143568.0,84.37,19.48,5.16,3.86,0.0
20230328:0911,227352.0,124.23,27.03,5.83,4.97,0.0
20230328:1011,179736.0,101.98,33.18,6.32,5.24,0.0
20230328:1111,197280.0,110.33,37.29,6.27,4.62,0.0
20230328:1211,100872.0,63.97,38.75,6.93,4.9,0.0
20230328:1311,257184.0,139.07,37.32,7.44,5.1,0.0
20230328:1411,199920.0,112.18,33.24,7.74,5.24,0.0
20230328:1511,276120.0,148.04,27.1,7.64,4.76,0.0
20230328:1611,73200.0,50.06,19.56,7.47,4.41,0.0
20230328:1711,8592.0,12.98,11.2,7.27,4.14,0.0
20230328:1811,0.0,0.93,2.48,7.2,3.66,0.0
20230328:1911,0.0,0.0,0.0,7.64,3.86,0.0
20230328:2011,0.0,0.0,0.0,7.83,3.38,0.0
20230328:2111,0.0,0.0,0.0,8.1,3.03,0.0
20230328:2211,0.0,0.0,0.0,8.43,2.9,0.0
20230328:2311,0.0,0.0,0.0,8.59,2.9,0.0
20230329:0011,0.0,0.0,0.0,8.81,2.9,0.0
20230329:0111,0.0,0.0,0.0,8.94,3.1,0.0
20230329:0211,0.0,0.0,0.0,8.99,3.03,0.0
20230329:0311,0.0,0.0,0.0,8.78,2.9,0.0
20230329:0411,0.0,0.0,0.0,8.68,2.9,0.0
20230329:0511,0.0,0.0,0.0,8.64,2.76,0.0
20230329:0611,0.0,1.85,2.75,8.44,2.83,0.0
20230329:0711,143400.0,87.91,11.47,9.36,3.24,0.0
20230329:0811,134640.0,81.59,19.85,9.87,3.59,0.0
20230329:0911,288216.0,155.28,27.41,10.2,5.03,0.0
20230329:1011,383376.0,200.58,33.58,11.01,5.86,0.0
20230329:1111,552168.0,280.45,37.68,11.48,5.66,0.0
20230329:1211,283536.0,153.9,39.14,11.46,5.72,0.0
20230329:1311,303312.0,163.17,37.68,11.37,6.14,0.0
20230329:1411,181056.0,104.76,33.57,11.58,6.07,0.0
20230329:1511,662544.0,332.04,27.41,11.64,4.9,0.0
20230329:1611,281040.0,153.16,19.85,12.04,5.31,0.0
20230329:1711,26568.0,25.03,11.47,12.39,5.17,0.0
20230329:1811,0.0,2.78,2.75,12.29,4.9,0.0
20230329:1911,0.0,0.0,0.0,12.09,4.76,0.0
20230329:2011,0.0,0.0,0.0,11.51,4.14,0.0
20230329:2111,0.0,0.0,0.0,11.07,3.93,0.0
20230329:2211,0.0,0.0,0.0,10.85,3.45,0.0
20230329:2311,0.0,0.0,0.0,10.55,3.17,0.0
20230330:0011,0.0,0.0,0.0,10.46,3.17,0.0
20230330:0111,0.0,0.0,0.0,10.55,3.24,0.0
20230330:0211,0.0,0.0,0.0,10.29,3.03,0.0
20230330:0311,0.0,0.0,0.0,10.05,3.59,0.0
20230330:0411,0.0,0.0,0.0,9.76,4.28,0.0
20230330:0511,0.0,0.0,0.0,9.29,3.93,0.0
20230330:0611,0.0,3.71,3.11,8.88,3.93,0.0
20230330:0711,109656.0,69.78,11.84,9.52,4.76,0.0
20230330:0811,132672.0,80.66,20.22,10.1,4.28,0.0
20230330:0911,1242960.0,609.09,27.79,11.15,5.66,0.0
20230330:1011,1070712.0,527.21,33.97,11.98,5.79,0.0
20230330:1111,591144.0,300.25,38.08,12.41,5.24,0.0
20230330:1211,578664.0,295.08,39.53,13.22,6.07,0.0
20230330:1311,416400.0,218.31,38.05,13.28,6.14,0.0
20230330:1411,495960.0,254.96,33.91,12.59,5.79,0.0
20230330:1511,850080.0,423.14,27.72,12.95,5.31,0.0
20230330:1611,571584.0,293.26,20.13,12.74,4.69,0.0
20230330:1711,201960.0,121.23,11.74,12.55,4.28,0.0
20230330:1811,3600.0,9.54,3.02,11.79,3.17,0.0
20230330:1911,0.0,0.0,0.0,10.65,2.83,0.0
20230330:2011,0.0,0.0,0.0,9.7,2.48,0.0
20230330:2111,0.0,0.0,0.0,8.84,2.55,0.0
20230330:2211,0.0,0.0,0.0,8.59,2.76,0.0
20230330:2311,0.0,0.0,0.0,8.26,3.1,0.0
20230331:0011,0.0,0.0,0.0,8.23,3.24,0.0
20230331:0111,0.0,0.0,0.0,8.03,3.24,0.0
20230331:0211,0.0,0.0,0.0,7.87,3.45,0.0
20230331:0311,0.0,0.0,0.0,8.12,3.59,0.0
20230331:0411,0.0,0.0,0.0,8.21,3.72,0.0
20230331:0511,0.0,0.0,0.0,8.32,3.86,0.0
20230331:0611,2712.0,8.34,3.47,8.41,4.07,0.0
20230331:0711,128136.0,79.06,12.2,8.65,3.86,0.0
20230331:0811,315600.0,167.54,20.59,9.05,5.03,0.0
20230331:0911,383184.0,199.25,28.17,9.73,5.45,0.0
20230331:1011,281376.0,152.05,34.36,10.23,5.93,0.0
20230331:1111,560448.0,282.84,38.48,10.33,6.0,0.0
20230331:1211,224688.0,125.16,39.91,10.3,5.86,0.0
20230331:1311,677568.0,337.15,38.42,9.95,5.66,0.0
20230331:1411,348192.0,183.24,34.25,9.73,5.31,0.0
20230331:1511,261984.0,142.57,28.02,9.62,5.1,0.0
20230331:1611,245592.0,134.58,20.42,9.04,4.62,0.0
20230331:1711,109368.0,69.15,12.02,8.4,4.34,0.0
20230331:1811,0.0,2.78,3.29,7.74,4.34,0.0
20230331:1911,0.0,0.0,0.0,7.72,4.21,0.0
20230331:2011,0.0,0.0,0.0,7.38,4.21,0.0
20230331:2111,0.0,0.0,0.0,7.1,4.21,0.0
20230331:2211,0.0,0.0,0.0,6.97,4.21,0.0
20230331:2311,0.0,0.0,0.0,6.84,4.28,0.0
20230401:0011,0.0,0.0,0.0,6.77,4.14,0.0
20230401:0111,0.0,0.0,0.0,6.63,4.21,0.0
20230401:0211,0.0,0.0,0.0,6.55,4.14,0.0
20230401:0311,0.0,0.0,0.0,6.41,4.14,0.0
20230401:0411,0.0,0.0,0.0,6.22,3.93,0.0
20230401:0511,0.0,0.0,0.0,6.11,3.79,0.0
20230401:0611,2784.0,8.34,3.83,5.79,3.66,0.0
20230401:0711,260952.0,148.0,12.56,6.17,4.97,0.0
20230401:0811,285864.0,152.09,20.96,6.84,5.24,0.0
20230401:0911,272784.0,146.26,28.55,7.32,5.1,0.0
20230401:1011,288552.0,153.9,34.75,7.65,5.17,0.0
20230401:1111,301776.0,160.39,38.87,8.16,5.38,0.0
20230401:1211,214752.0,119.6,40.3,8.57,5.52,0.0
20230401:1311,234528.0,128.87,38.78,8.48,6.0,0.0
20230401:1411,203472.0,114.03,34.58,8.23,5.93,0.0
20230401:1511,213600.0,118.67,28.33,7.66,4.83,0.0
20230401:1611,159312.0,92.71,20.7,7.5,4.76,0.0
20230401:1711,76920.0,51.92,12.29,7.11,4.07,0.0
20230401:1811,0.0,3.71,3.55,6.8,4.0,0.0
20230401:1911,0.0,0.0,0.0,6.66,3.93,0.0
20230401:2011,0.0,0.0,0.0,6.48,3.86,0.0
20230401:2111,0.0,0.0,0.0,6.35,3.66,0.0
20230401:2211,0.0,0.0,0.0,6.26,3.45,0.0
20230401:2311,0.0,0.0,0.0,6.16,3.17,0.0
20230402:0011,0.0,0.0,0.0,6.01,3.03,0.0
20230402:0111,0.0,0.0,0.0,5.83,2.9,0.0
20230402:0211,0.0,0.0,0.0,5.32,2.83,0.0
20230402:0311,0.0,0.0,0.0,4.81,2.69,0.0
20230402:0411,0.0,0.0,0.0,4.25,2.69,0.0
20230402:0511,0.0,0.0,0.0,3.7,2.69,0.0
20230402:0611,1824.0,7.42,4.19,3.71,2.55,0.0
20230402:0711,363336.0,203.75,12.92,5.03,2.41,0.0
20230402:0811,801936.0,394.28,21.33,5.66,3.38,0.0
20230402:0911,1278576.0,620.08,28.93,6.04,3.45,0.0
20230402:1011,1433568.0,701.51,35.14,6.62,3.24,0.0
20230402:1111,1674672.0,832.88,39.27,7.29,3.03,0.0
20230402:1211,1496160.0,742.73,40.69,7.92,2.9,0.0
20230402:1311,1253856.0,619.27,39.14,8.21,2.76,0.0
20230402:1411,1382400.0,683.66,34.91,8.44,2.9,0.0
20230402:1511,1085520.0,532.84,28.63,8.33,3.03,0.0
20230402:1611,724968.0,362.12,20.98,7.81,2.9,0.0
20230402:1711,277656.0,158.98,12.56,7.3,2.69,0.0
20230402:1811,12216.0,16.09,3.82,6.37,2.07,0.0
20230402:1911,0.0,0.0,0.0,5.18,2.28,0.0
20230402:2011,0.0,0.0,0.0,3.91,2.14,0.0
20230402:2111,0.0,0.0,0.0,2.93,1.93,0.0
20230402:2211,0.0,0.0,0.0,2.22,1.86,0.0
20230402:2311,0.0,0.0,0.0,1.13,2.0,0.0
20230403:0011,0.0,0.0,0.0,0.88,1.79,0.0
20230403:0111,0.0,0.0,0.0,0.62,1.66,0.0
20230403:0211,0.0,0.0,0.0,0.06,1.66,0.0
20230403:0311,0.0,0.0,0.0,-0.36,1.72,0.0
20230403:0411,0.0,0.0,0.0,-0.45,1.72,0.0
20230403:0511,0.0,0.0,0.0,-0.23,1.59,0.0
20230403:0611,21792.0,21.85,4.55,-0.6,1.59,0.0
20230403:0711,263208.0,145.28,13.28,1.67,1.45,0.0
20230403:0811,781632.0,382.19,21.69,3.93,2.9,0.0
20230403:0911,1384776.0,666.94,29.3,5.0,4.07,0.0
20230403:1011,1114968.0,538.25,35.52,5.83,4.14,0.0
20230403:1111,1959528.0,971.89,39.66,6.72,4.21,0.0
20230403:1211,2067648.0,1036.27,41.07,7.56,4.21,0.0
20230403:1311,1992840.0,999.73,39.5,8.32,4.07,0.0
20230403:1411,1787208.0,891.36,35.24,8.87,3.79,0.0
20230403:1511,1390128.0,685.83,28.93,9.3,3.66,0.0
20230403:1611,923880.0,461.97,21.26,9.28,3.38,0.0
20230403:1711,354768.0,204.09,12.82,9.01,3.31,0.0
20230403:1811,14808.0,17.9,4.09,8.11,2.62,0.0
20230403:1911,0.0,0.0,0.0,6.34,2.97,0.0
20230403:2011,0.0,0.0,0.0,4.97,3.24,0.0
20230403:2111,0.0,0.0,0.0,3.85,3.38,0.0
20230403:2211,0.0,0.0,0.0,3.02,3.31,0.0
20230403:2311,0.0,0.0,0.0,2.39,3.17,0.0
20230404:0011,0.0,0.0,0.0,1.92,3.03,0.0
20230404:0111,0.0,0.0,0.0,1.39,2.83,0.0
20230404:0211,0.0,0.0,0.0,0.81,2.69,0.0
20230404:0311,0.0,0.0,0.0,0.27,2.55,0.0
20230404:0411,0.0,0.0,0.0,-0.29,2.34,0.0
20230404:0511,0.0,0.0,0.0,-0.83,2.34,0.0
20230404:0611,26448.0,24.88,4.9,-1.2,2.34,0.0
20230404:0711,437616.0,238.5,13.64,0.32,2.0,0.0
20230404:0811,986472.0,480.22,22.05,3.06,2.55,0.0
20230404:0911,1479624.0,720.15,29.68,5.08,3.1,0.0
20230404:1011,1781376.0,881.71,35.91,6.84,3.52,0.0
20230404:1111,1979280.0,994.54,40.05,8.31,3.86,0.0
20230404:1211,2026920.0,1025.94,41.45,9.54,4.07,0.0
20230404:1311,1922448.0,971.29,39.86,10.5,4.14,0.0
20230404:1411,1734936.0,870.67,35.57,11.21,4.14,0.0
20230404:1511,1418304.0,705.92,29.23,11.6,4.07,0.0
20230404:1611,809904.0,408.75,21.54,11.67,4.0,0.0
20230404:1711,39408.0,32.45,13.09,11.26,3.38,0.0
20230404:1811,17688.0,19.59,4.35,9.95,3.1,0.0
20230404:1911,0.0,0.0,0.0,8.35,3.03,0.0
20230404:2011,0.0,0.0,0.0,7.06,3.03,0.0
20230404:2111,0.0,0.0,0.0,6.29,3.03,0.0
20230404:2211,0.0,0.0,0.0,5.65,2.9,0.0
20230404:2311,0.0,0.0,0.0,4.93,2.76,0.0
20230405:0011,0.0,0.0,0.0,4.26,2.76,0.0
20230405:0111,0.0,0.0,0.0,4.01,2.69,0.0
20230405:0211,0.0,0.0,0.0,3.66,2.62,0.0
20230405:0311,0.0,0.0,0.0,3.31,2.55,0.0
20230405:0411,0.0,0.0,0.0,3.35,2.48,0.0
20230405:0511,0.0,0.0,0.0,3.71,2.48,0.0
20230405:0611,3912.0,9.27,5.26,4.38,2.48,0.0
20230405:0711,50784.0,38.01,13.99,5.66,2.48,0.0
20230405:0811,111984.0,69.53,22.42,6.78,2.69,0.0
20230405:0911,233040.0,127.94,30.05,7.3,3.03,0.0
20230405:1011,267960.0,144.63,36.29,7.71,3.24,0.0
20230405:1111,373704.0,194.48,40.44,8.15,3.79,0.0
20230405:1211,314760.0,166.88,41.83,8.47,4.48,0.0
20230405:1311,195192.0,110.33,40.22,8.5,4.69,0.0
20230405:1411,162360.0,94.56,35.9,8.47,4.34,0.0
20230405:1511,94608.0,61.19,29.53,8.28,3.79,0.0
20230405:1611,274944.0,148.1,21.82,8.15,3.66,0.0
20230405:1711,161112.0,95.49,13.36,7.95,3.31,0.0
20230405:1811,0.0,3.71,4.61,7.83,3.03,0.0
20230405:1911,0.0,0.0,0.0,8.46,2.69,0.0
20230405:2011,0.0,0.0,0.0,8.46,2.55,0.0
20230405:2111,0.0,0.0,0.0,8.42,2.48,0.0
20230405:2211,0.0,0.0,0.0,8.4,2.41,0.0
20230405:2311,0.0,0.0,0.0,8.38,2.28,0.0
20230406:0011,0.0,0.0,0.0,8.36,2.28,0.0
20230406:0111,0.0,0.0,0.0,8.52,2.28,0.0
20230406:0211,0.0,0.0,0.0,8.59,2.28,0.0
20230406:0311,0.0,0.0,0.0,8.61,2.0,0.0
20230406:0411,0.0,0.0,0.0,8.56,1.72,0.0
20230406:0511,0.0,0.0,0.0,8.45,1.72,0.0
20230406:0611,0.0,4.64,5.61,8.42,2.07,0.0
20230406:0711,119232.0,73.95,14.34,8.77,2.97,0.0
20230406:0811,425448.0,219.52,22.77,9.11,3.79,0.0
20230406:0911,1140216.0,558.36,30.42,9.32,4.21,0.0
20230406:1011,1662456.0,825.49,36.67,9.78,4.14,0.0
20230406:1111,1003752.0,495.03,40.82,10.68,4.9,0.0
20230406:1211,1201152.0,591.82,42.21,11.44,5.72,0.0
20230406:1311,1359048.0,669.26,40.57,11.61,6.07,0.0
20230406:1411,983352.0,483.92,36.22,11.4,6.0,0.0
20230406:1511,669120.0,335.0,29.82,11.78,5.86,0.0
20230406:1611,496584.0,254.19,22.09,10.62,5.45,0.0
20230406:1711,146664.0,88.28,13.62,9.63,5.45,0.0
20230406:1811,1704.0,7.42,4.88,8.94,4.55,0.0
20230406:1911,0.0,0.0,0.0,8.95,3.86,0.0
20230406:2011,0.0,0.0,0.0,8.56,3.38,0.0
20230406:2111,0.0,0.0,0.0,7.69,3.17,0.0
20230406:2211,0.0,0.0,0.0,6.71,3.17,0.0
20230406:2311,0.0,0.0,0.0,6.12,3.38,0.0
20230407:0011,0.0,0.0,0.0,5.19,3.52,0.0
20230407:0111,0.0,0.0,0.0,4.5,3.45,0.0
20230407:0211,0.0,0.0,0.0,3.92,3.31,0.0
20230407:0311,0.0,0.0,0.0,3.38,3.1,0.0
20230407:0411,0.0,0.0,0.0,2.74,2.83,0.0
20230407:0511,0.0,0.0,0.0,2.13,2.76,0.0
20230407:0611,43680.0,45.19,5.96,1.79,2.55,0.0
20230407:0711,462960.0,253.2,14.69,3.89,2.34,0.0
20230407:0811,997752.0,492.36,23.13,6.72,2.9,0.0
20230407:0911,1465752.0,721.11,30.79,8.38,3.66,0.0
20230407:1011,1651896.0,821.05,37.05,9.59,4.0,0.0
20230407:1111,1649040.0,824.28,41.21,10.25,4.0,0.0
20230407:1211,1669368.0,838.3,42.59,10.74,3.93,0.0
20230407:1311,1839264.0,932.95,40.93,10.96,3.66,0.0
20230407:1411,1353936.0,674.4,36.54,11.09,3.59,0.0
20230407:1511,1344336.0,669.87,30.12,11.38,3.52,0.0
20230407:1611,911856.0,459.68,22.37,11.2,3.45,0.0
20230407:1711,387312.0,223.39,13.88,10.46,3.45,0.0
20230407:1811,18456.0,26.52,5.14,9.37,3.17,0.0
20230407:1911,0.0,0.0,0.0,7.32,2.55,0.0
20230407:2011,0.0,0.0,0.0,6.33,1.93,0.0
20230407:2111,0.0,0.0,0.0,5.63,1.72,0.0
20230407:2211,0.0,0.0,0.0,5.34,1.45,0.0
20230407:2311,0.0,0.0,0.0,5.39,1.31,0.0
20230408:0011,0.0,0.0,0.0,5.61,1.31,0.0
20230408:0111,0.0,0.0,0.0,5.84,0.97,0.0
20230408:0211,0.0,0.0,0.0,5.69,0.76,0.0
20230408:0311,0.0,0.0,0.0,5.82,0.41,0.0
20230408:0411,0.0,0.0,0.0,5.56,0.55,0.0
20230408:0511,0.0,0.0,0.0,5.12,0.76,0.0
20230408:0611,43104.0,35.16,6.3,5.0,0.55,0.0
20230408:0711,337440.0,184.9,15.04,5.17,0.69,0.0
20230408:0811,613656.0,307.84,23.49,5.62,0.76,0.0
20230408:0911,896112.0,444.26,31.15,6.49,0.83,0.0
20230408:1011,1387656.0,697.68,37.43,7.62,1.24,0.0
20230408:1111,1847568.0,952.53,41.59,9.02,1.86,0.0
20230408:1211,1934688.0,1008.08,42.96,10.67,2.14,0.0
20230408:1311,1765056.0,915.01,41.28,11.47,2.0,0.0
20230408:1411,1596048.0,818.22,36.86,12.05,2.14,0.0
20230408:1511,1049184.0,527.82,30.41,12.1,2.21,0.0
20230408:1611,901056.0,459.39,22.64,12.23,2.34,0.0
20230408:1711,374136.0,217.6,14.14,12.02,2.34,0.0
20230408:1811,20352.0,27.96,5.4,11.07,2.41,0.0
20230408:1911,0.0,0.0,0.0,9.5,3.38,0.0
20230408:2011,0.0,0.0,0.0,7.95,3.59,0.0
20230408:2111,0.0,0.0,0.0,6.56,3.24,0.0
20230408:2211,0.0,0.0,0.0,5.68,2.9,0.0
20230408:2311,0.0,0.0,0.0,5.02,2.48,0.0
20230409:0011,0.0,0.0,0.0,4.46,2.28,0.0
20230409:0111,0.0,0.0,0.0,3.96,2.07,0.0
20230409:0211,0.0,0.0,0.0,3.53,2.0,0.0
20230409:0311,0.0,0.0,0.0,3.18,1.93,0.0
20230409:0411,0.0,0.0,0.0,2.65,2.07,0.0
20230409:0511,0.0,0.0,0.0,2.34,2.28,0.0
20230409:0611,24.0,5.56,6.65,2.77,2.28,0.0
20230409:0711,312696.0,169.97,15.39,4.88,3.38,0.0
20230409:0811,177960.0,101.05,23.84,5.77,3.52,0.0
20230409:0911,214080.0,118.67,31.51,6.94,3.79,0.0
20230409:1011,207168.0,115.89,37.8,8.12,4.34,0.0
20230409:1111,175488.0,101.05,41.97,8.99,5.03,0.0
20230409:1211,221256.0,123.31,43.33,9.81,5.52,0.0
20230409:1311,1078392.0,529.2,41.63,10.41,5.66,0.0
20230409:1411,1053144.0,517.64,37.18,11.13,5.72,0.0
20230409:1511,546408.0,277.75,30.7,11.88,5.79,0.0
20230409:1611,440664.0,229.47,22.91,12.09,4.62,0.0
20230409:1711,50808.0,38.94,14.4,12.23,4.9,0.0
20230409:1811,8328.0,12.98,5.66,11.87,5.03,0.0
20230409:1911,0.0,0.0,0.0,10.78,4.41,0.0
20230409:2011,0.0,0.0,0.0,10.52,4.76,0.0
20230409:2111,0.0,0.0,0.0,10.29,5.03,0.0
20230409:2211,0.0,0.0,0.0,10.39,5.45,0.0
20230409:2311,0.0,0.0,0.0,10.17,5.66,0.0
20230410:0011,0.0,0.0,0.0,9.78,5.79,0.0
20230410:0111,0.0,0.0,0.0,9.25,5.66,0.0
20230410:0211,0.0,0.0,0.0,8.69,5.79,0.0
20230410:0311,0.0,0.0,0.0,8.7,5.93,0.0
20230410:0411,0.0,0.0,0.0,8.92,6.0,0.0
20230410:0511,0.0,0.0,0.0,9.27,5.72,0.0
20230410:0611,11040.0,14.83,6.99,9.51,5.45,0.0
20230410:0711,112440.0,70.46,15.73,9.67,4.97,0.0
20230410:0811,583632.0,295.0,24.19,10.15,4.34,0.0
20230410:0911,943200.0,464.9,31.87,10.83,4.9,0.0
20230410:1011,255336.0,140.92,38.17,11.93,4.41,0.0
20230410:1111,141984.0,86.22,42.35,12.91,4.21,0.0
20230410:1211,413712.0,217.62,43.7,12.98,4.21,0.0
20230410:1311,221424.0,124.23,41.97,11.38,5.1,0.0
20230410:1411,189768.0,108.47,37.5,10.24,5.03,0.0
20230410:1511,346656.0,182.27,30.99,9.4,5.03,0.0
20230410:1611,719808.0,357.54,23.18,8.96,6.07,0.0
20230410:1711,354672.0,199.8,14.66,8.38,5.38,0.0
20230410:1811,1728.0,7.42,5.92,7.93,4.69,0.0
20230410:1911,0.0,0.0,0.0,7.24,5.1,0.0
20230410:2011,0.0,0.0,0.0,6.78,4.97,0.0
20230410:2111,0.0,0.0,0.0,6.57,4.9,0.0
20230410:2211,0.0,0.0,0.0,6.2,5.17,0.0
20230410:2311,0.0,0.0,0.0,6.08,5.86,0.0
20230411:0011,0.0,0.0,0.0,6.03,6.28,0.0
20230411:0111,0.0,0.0,0.0,5.84,6.41,0.0
20230411:0211,0.0,0.0,0.0,5.51,6.41,0.0
20230411:0311,0.0,0.0,0.0,5.48,6.28,0.0
20230411:0411,0.0,0.0,0.0,5.25,5.86,0.0
20230411:0511,0.0,0.0,0.0,5.19,5.66,0.0
20230411:0611,61728.0,58.07,7.33,5.21,5.38,0.0
20230411:0711,465456.0,251.58,16.07,6.09,4.69,0.0
20230411:0811,1001544.0,487.65,24.53,7.27,6.0,0.0
20230411:0911,1396656.0,675.67,32.23,8.5,6.21,0.0
20230411:1011,1665936.0,815.38,38.54,9.53,6.14,0.0
20230411:1111,1717248.0,849.7,42.72,10.44,5.72,0.0
20230411:1211,1968240.0,989.61,44.07,11.32,5.38,0.0
20230411:1311,915624.0,454.49,42.32,12.27,6.0,0.0
20230411:1411,535464.0,273.83,37.81,12.64,6.28,0.0
20230411:1511,306456.0,164.68,31.28,11.67,7.1,0.0
20230411:1611,173040.0,100.13,23.45,9.9,6.9,0.0
20230411:1711,67488.0,47.28,14.92,8.65,7.03,0.0
20230411:1811,4920.0,10.2,6.17,8.18,8.07,0.0
20230411:1911,0.0,0.0,0.0,7.43,8.9,0.0
20230411:2011,0.0,0.0,0.0,6.9,10.07,0.0
20230411:2111,0.0,0.0,0.0,6.93,10.55,0.0
20230411:2211,0.0,0.0,0.0,7.61,9.79,0.0
20230411:2311,0.0,0.0,0.0,6.08,8.28,0.0
20230412:0011,0.0,0.0,0.0,5.36,7.45,0.0
20230412:0111,0.0,0.0,0.0,4.68,7.1,0.0
20230412:0211,0.0,0.0,0.0,4.42,6.28,0.0
20230412:0311,0.0,0.0,0.0,3.89,5.66,0.0
20230412:0411,0.0,0.0,0.0,3.55,5.17,0.0
20230412:0511,0.0,0.0,0.0,3.29,4.9,0.0
20230412:0611,68856.0,61.81,7.67,3.23,4.97,0.0
20230412:0711,509544.0,272.51,16.41,3.98,4.41,0.0
20230412:0811,1044432.0,502.08,24.88,5.17,6.76,0.0
20230412:0911,1391736.0,664.59,32.59,6.39,6.97,0.0
20230412:1011,1022448.0,493.14,38.91,7.53,6.97,0.0
20230412:1111,679296.0,335.2,43.09,8.5,7.66,0.0
20230412:1211,231024.0,127.01,44.44,8.44,8.21,0.0
20230412:1311,323736.0,169.66,42.66,7.45,8.62,0.0
20230412:1411,195912.0,109.4,38.13,6.13,7.59,0.0
20230412:1511,361344.0,186.82,31.56,6.79,6.28,0.0
20230412:1611,155808.0,90.86,23.71,7.18,5.52,0.0
20230412:1711,196104.0,112.11,15.18,7.6,4.07,0.0
20230412:1811,46272.0,37.67,6.43,7.19,1.59,0.0
20230412:1911,0.0,0.0,0.0,6.44,1.45,0.0
20230412:2011,0.0,0.0,0.0,5.43,2.69,0.0
20230412:2111,0.0,0.0,0.0,5.14,4.0,0.0
20230412:2211,0.0,0.0,0.0,4.99,4.69,0.0
20230412:2311,0.0,0.0,0.0,4.54,4.28,0.0
20230413:0011,0.0,0.0,0.0,4.3,3.72,0.0
20230413:0111,0.0,0.0,0.0,4.41,3.59,0.0
20230413:0211,0.0,0.0,0.0,4.35,4.0,0.0
20230413:0311,0.0,0.0,0.0,5.13,4.76,0.0
20230413:0411,0.0,0.0,0.0,5.55,5.17,0.0
20230413:0511,0.0,0.0,0.0,5.89,5.38,0.0
20230413:0611,73584.0,54.1,8.0,6.15,5.17,0.0
20230413:0711,287640.0,156.17,16.74,6.57,5.17,0.0
20230413:0811,409848.0,209.6,25.22,6.95,5.31,0.0
20230413:0911,1158696.0,559.65,32.94,7.6,5.59,0.0
20230413:1011,721872.0,355.07,39.27,8.05,5.86,0.0
20230413:1111,411960.0,212.02,43.46,8.58,6.21,0.0
20230413:1211,1348656.0,657.64,44.8,9.29,6.21,0.0
20230413:1311,86856.0,57.48,43.0,9.54,6.48,0.0
20230413:1411,83160.0,55.63,38.44,9.75,6.83,0.0
20230413:1511,699024.0,345.25,31.85,9.63,7.1,0.0
20230413:1611,303528.0,161.8,23.98,9.46,7.17,0.0
20230413:1711,288336.0,161.33,15.43,9.3,6.48,0.0
20230413:1811,50328.0,41.65,6.68,8.79,5.24,0.0
20230413:1911,0.0,0.0,0.0,7.54,4.62,0.0
20230413:2011,0.0,0.0,0.0,6.87,4.21,0.0
20230413:2111,0.0,0.0,0.0,6.35,3.72,0.0
20230413:2211,0.0,0.0,0.0,5.62,3.38,0.0
20230413:2311,0.0,0.0,0.0,5.02,3.1,0.0
20230414:0011,0.0,0.0,0.0,4.22,2.69,0.0
20230414:0111,0.0,0.0,0.0,3.44,2.55,0.0
20230414:0211,0.0,0.0,0.0,2.78,2.41,0.0
20230414:0311,0.0,0.0,0.0,2.16,2.21,0.0
20230414:0411,0.0,0.0,0.0,1.44,2.14,0.0
20230414:0511,0.0,0.0,0.0,0.96,2.0,0.0
20230414:0611,78120.0,54.16,8.33,0.94,1.72,0.0
20230414:0711,409032.0,217.03,17.07,3.47,1.86,0.0
20230414:0811,956640.0,469.72,25.55,5.66,2.48,0.0
20230414:0911,1120488.0,548.21,33.29,7.47,3.1,0.0
20230414:1011,768168.0,380.43,39.63,9.13,4.14,0.0
20230414:1111,696672.0,347.67,43.83,9.44,4.07,0.0
20230414:1211,549936.0,279.5,45.16,9.94,3.59,0.0
20230414:1311,793896.0,396.62,43.34,9.99,2.97,0.0
20230414:1411,323328.0,172.44,38.74,9.65,2.28,0.0
20230414:1511,205584.0,115.89,32.13,9.05,2.14,0.0
20230414:1611,140808.0,84.37,24.24,8.5,1.31,0.0
20230414:1711,63840.0,45.43,15.68,8.34,0.9,0.0
20230414:1811,13896.0,16.69,6.94,7.72,1.31,0.0
20230414:1911,0.0,0.0,0.0,6.96,1.45,0.0
20230414:2011,0.0,0.0,0.0,6.77,1.45,0.0
20230414:2111,0.0,0.0,0.0,6.45,1.45,0.0
20230414:2211,0.0,0.0,0.0,6.31,1.45,0.0
20230414:2311,0.0,0.0,0.0,6.16,1.52,0.0
20230415:0011,0.0,0.0,0.0,6.14,1.59,0.0
20230415:0111,0.0,0.0,0.0,6.11,1.72,0.0
20230415:0211,0.0,0.0,0.0,5.91,1.93,0.0
20230415:0311,0.0,0.0,0.0,5.86,1.93,0.0
20230415:0411,0.0,0.0,0.0,5.41,2.14,0.0
20230415:0511,0.0,0.0,0.0,4.8,2.41,0.0
20230415:0611,80592.0,71.96,8.66,5.04,2.48,0.0
20230415:0711,345960.0,185.5,17.4,6.06,2.69,0.0
20230415:0811,823512.0,406.86,25.89,7.79,3.45,0.0
20230415:0911,487680.0,248.75,33.63,9.15,3.38,0.0
20230415:1011,1314672.0,654.55,39.99,10.08,3.03,0.0
20230415:1111,1299240.0,652.54,44.2,10.68,2.55,0.0
20230415:1211,907632.0,458.07,45.52,11.14,1.79,0.0
20230415:1311,625272.0,321.57,43.67,11.97,1.1,0.0
20230415:1411,453312.0,237.91,39.05,12.08,0.9,0.0
20230415:1511,563928.0,291.63,32.4,12.39,0.9,0.0
20230415:1611,492576.0,257.58,24.5,12.31,0.97,0.0
20230415:1711,401760.0,232.1,15.94,12.2,1.52,0.0
20230415:1811,43056.0,44.9,7.19,11.21,2.0,0.0
20230415:1911,0.0,0.0,0.0,10.19,2.34,0.0
20230415:2011,0.0,0.0,0.0,8.53,2.62,0.0
20230415:2111,0.0,0.0,0.0,7.69,2.76,0.0
20230415:2211,0.0,0.0,0.0,7.04,2.76,0.0
20230415:2311,0.0,0.0,0.0,6.77,2.48,0.0
20230416:0011,0.0,0.0,0.0,6.54,2.34,0.0
20230416:0111,0.0,0.0,0.0,6.43,2.14,0.0
20230416:0211,0.0,0.0,0.0,6.42,2.0,0.0
20230416:0311,0.0,0.0,0.0,6.15,2.07,0.0
20230416:0411,0.0,0.0,0.0,6.01,2.0,0.0
20230416:0511,0.0,0.0,0.0,6.08,1.79,0.0
20230416:0611,81504.0,56.53,8.98,6.16,1.66,0.0
20230416:0711,378144.0,203.94,17.73,7.28,1.52,0.0
20230416:0811,940296.0,470.54,26.22,8.9,1.86,0.0
20230416:0911,1380648.0,692.64,33.97,10.14,2.21,0.0
20230416:1011,1386168.0,698.23,40.35,11.44,2.69,0.0
20230416:1111,955992.0,479.81,44.56,12.08,3.1,0.0
20230416:1211,914856.0,459.49,45.87,12.38,3.45,0.0
20230416:1311,1240536.0,622.94,44.01,13.03,3.79,0.0
20230416:1411,1321512.0,664.73,39.35,13.72,3.93,0.0
20230416:1511,541368.0,279.28,32.68,13.55,3.31,0.0
20230416:1611,381984.0,203.35,24.76,13.54,3.03,0.0
20230416:1711,52176.0,39.87,16.19,13.11,2.48,0.0
20230416:1811,744.0,6.49,7.44,12.64,2.28,0.0
20230416:1911,0.0,0.0,0.0,12.3,1.86,0.0
20230416:2011,0.0,0.0,0.0,11.35,1.86,0.0
20230416:2111,0.0,0.0,0.0,10.71,1.59,0.0
20230416:2211,0.0,0.0,0.0,9.92,1.31,0.0
20230416:2311,0.0,0.0,0.0,9.69,0.97,0.0
20230417:0011,0.0,0.0,0.0,9.52,0.97,0.0
20230417:0111,0.0,0.0,0.0,9.41,0.97,0.0
20230417:0211,0.0,0.0,0.0,9.26,0.97,0.0
20230417:0311,0.0,0.0,0.0,9.04,1.1,0.0
20230417:0411,0.0,0.0,0.0,9.03,1.24,0.0
20230417:0511,0.0,0.0,0.0,8.97,1.31,0.0
20230417:0611,68136.0,48.69,9.3,9.07,1.24,0.0
20230417:0711,216792.0,122.42,18.05,9.28,1.17,0.0
20230417:0811,397752.0,208.84,26.55,10.61,1.72,0.0
20230417:0911,686592.0,347.74,34.31,11.69,2.34,0.0
20230417:1011,782880.0,395.84,40.7,12.38,2.62,0.0
20230417:1111,986808.0,499.95,44.92,13.56,2.69,0.0
20230417:1211,256152.0,142.77,46.22,13.93,3.03,0.0
20230417:1311,421032.0,222.78,44.34,14.17,3.1,0.0
20230417:1411,989904.0,501.52,39.65,14.44,3.03,0.0
20230417:1511,1157304.0,585.26,32.96,14.16,2.97,0.0
20230417:1611,858936.0,438.19,25.01,13.52,3.1,0.0
20230417:1711,374112.0,213.13,16.44,12.64,3.38,0.0
20230417:1811,53232.0,48.49,7.69,11.13,2.97,0.0
20230417:1911,0.0,0.0,0.0,9.37,2.62,0.0
20230417:2011,0.0,0.0,0.0,7.37,2.28,0.0
20230417:2111,0.0,0.0,0.0,5.98,1.93,0.0
20230417:2211,0.0,0.0,0.0,4.99,1.72,0.0
20230417:2311,0.0,0.0,0.0,4.65,1.31,0.0
20230418:0011,0.0,0.0,0.0,4.76,1.17,0.0
20230418:0111,0.0,0.0,0.0,4.95,1.45,0.0
20230418:0211,0.0,0.0,0.0,5.35,2.0,0.0
20230418:0311,0.0,0.0,0.0,5.39,1.86,0.0
20230418:0411,0.0,0.0,0.0,5.44,2.14,0.0
20230418:0511,0.0,0.0,0.0,5.04,2.41,0.0
20230418:0611,107376.0,76.69,9.62,5.52,2.55,0.0
20230418:0711,541368.0,289.04,18.37,6.97,3.72,0.0
20230418:0811,1072008.0,528.32,26.87,8.11,3.66,0.0
20230418:0911,1527168.0,756.3,34.64,9.69,3.86,0.0
20230418:1011,1831152.0,923.66,41.04,11.14,4.07,0.0
20230418:1111,2009808.0,1023.81,45.27,12.15,4.62,0.0
20230418:1211,1961640.0,1000.43,46.57,12.89,4.76,0.0
20230418:1311,1851360.0,941.83,44.66,13.25,4.62,0.0
20230418:1411,1761216.0,888.98,39.95,13.31,4.83,0.0
20230418:1511,1404624.0,699.0,33.23,12.95,5.03,0.0
20230418:1611,966504.0,485.55,25.27,12.34,5.1,0.0
20230418:1711,435984.0,248.05,16.68,11.35,4.76,0.0
20230418:1811,54864.0,50.62,7.94,10.05,4.34,0.0
20230418:1911,0.0,0.0,0.0,8.12,3.93,0.0
20230418:2011,0.0,0.0,0.0,6.94,3.72,0.0
20230418:2111,0.0,0.0,0.0,6.49,3.79,0.0
20230418:2211,0.0,0.0,0.0,6.31,3.86,0.0
20230418:2311,0.0,0.0,0.0,6.11,3.72,0.0
20230419:0011,0.0,0.0,0.0,5.83,3.52,0.0
20230419:0111,0.0,0.0,0.0,5.6,3.31,0.0
20230419:0211,0.0,0.0,0.0,5.26,3.24,0.0
20230419:0311,0.0,0.0,0.0,5.1,3.31,0.0
20230419:0411,0.0,0.0,0.0,5.37,3.38,0.0
20230419:0511,0.0,0.0,0.0,5.65,3.52,0.0
20230419:0611,108744.0,74.02,9.93,6.53,3.72,0.0
20230419:0711,166632.0,96.59,18.68,8.08,4.0,0.0
20230419:0811,387552.0,201.12,27.19,9.2,5.66,0.0
20230419:0911,686376.0,341.13,34.98,9.71,5.38,0.0
20230419:1011,862248.0,425.67,41.39,10.27,5.45,0.0
20230419:1111,2039712.0,1025.88,45.62,11.21,5.59,0.0
20230419:1211,2104056.0,1062.72,46.92,12.07,6.0,0.0
20230419:1311,2033472.0,1022.7,44.99,12.63,6.41,0.0
20230419:1411,1768872.0,878.84,40.25,12.59,6.55,0.0
20230419:1511,1412328.0,695.64,33.5,12.2,6.28,0.0
20230419:1611,974688.0,486.79,25.52,11.61,5.72,0.0
20230419:1711,442536.0,250.76,16.93,10.85,4.83,0.0
20230419:1811,53232.0,51.33,8.18,9.85,3.86,0.0
20230419:1911,0.0,0.0,0.0,8.15,3.24,0.0
20230419:2011,0.0,0.0,0.0,6.6,3.03,0.0
20230419:2111,0.0,0.0,0.0,5.75,3.17,0.0
20230419:2211,0.0,0.0,0.0,5.33,3.31,0.0
20230419:2311,0.0,0.0,0.0,5.2,3.31,0.0
20230420:0011,0.0,0.0,0.0,5.11,3.17,0.0
20230420:0111,0.0,0.0,0.0,4.67,2.97,0.0
20230420:0211,0.0,0.0,0.0,4.2,2.83,0.0
20230420:0311,0.0,0.0,0.0,3.88,2.9,0.0
20230420:0411,0.0,0.0,0.0,3.68,2.9,0.0
20230420:0511,0.0,0.87,1.67,3.7,2.9,0.0
20230420:0611,111216.0,87.31,10.24,4.35,2.83,0.0
20230420:0711,581064.0,309.58,18.99,6.74,3.1,0.0
20230420:0811,1100832.0,541.95,27.51,8.59,4.21,0.0
20230420:0911,1525920.0,753.22,35.3,9.89,4.41,0.0
20230420:1011,1597512.0,792.06,41.73,10.97,5.17,0.0
20230420:1111,2039736.0,1027.55,45.97,11.6,5.66,0.0
20230420:1211,2133000.0,1076.82,47.26,11.93,6.14,0.0
20230420:1311,2052216.0,1029.14,45.31,12.0,6.48,0.0
20230420:1411,1777152.0,880.6,40.54,11.79,6.41,0.0
20230420:1511,1430736.0,702.22,33.77,11.38,6.28,0.0
20230420:1611,989640.0,491.86,25.77,10.81,6.0,0.0
20230420:1711,445416.0,250.51,17.17,10.15,5.59,0.0
20230420:1811,58392.0,53.67,8.43,9.24,4.97,0.0
20230420:1911,0.0,0.0,0.0,8.06,4.76,0.0
20230420:2011,0.0,0.0,0.0,7.34,4.34,0.0
20230420:2111,0.0,0.0,0.0,7.35,4.21,0.0
20230420:2211,0.0,0.0,0.0,6.95,3.86,0.0
20230420:2311,0.0,0.0,0.0,6.65,3.66,0.0
20230421:0011,0.0,0.0,0.0,6.72,3.86,0.0
20230421:0111,0.0,0.0,0.0,6.87,4.21,0.0
20230421:0211,0.0,0.0,0.0,7.0,4.34,0.0
20230421:0311,0.0,0.0,0.0,7.13,4.41,0.0
20230421:0411,0.0,0.0,0.0,7.32,4.48,0.0
20230421:0511,0.0,0.87,1.98,7.37,4.83,0.0
20230421:0611,106440.0,69.97,10.55,7.93,5.17,0.0
20230421:0711,317112.0,170.65,19.3,8.96,5.79,0.0
20230421:0811,288576.0,155.05,27.82,9.7,6.0,0.0
20230421:0911,234336.0,129.79,35.63,10.62,7.31,0.0
20230421:1011,189480.0,108.47,42.06,10.98,7.86,0.0
20230421:1111,190776.0,109.4,46.32,11.72,8.34,0.0
20230421:1211,240600.0,133.5,47.6,11.97,7.52,0.0
20230421:1311,248568.0,137.21,45.63,11.63,6.62,0.0
20230421:1411,254736.0,139.99,40.83,11.28,6.21,0.0
20230421:1511,157032.0,92.71,34.03,10.61,5.59,0.0
20230421:1611,48000.0,37.08,26.02,10.06,5.1,0.0
20230421:1711,19512.0,20.4,17.41,8.93,4.41,0.0
20230421:1811,18120.0,19.47,8.67,8.34,4.07,0.0
20230421:1911,0.0,0.0,0.0,7.71,3.86,0.0
20230421:2011,0.0,0.0,0.0,7.48,3.66,0.0
20230421:2111,0.0,0.0,0.0,7.44,3.45,0.0
20230421:2211,0.0,0.0,0.0,7.49,3.66,0.0
20230421:2311,0.0,0.0,0.0,7.45,3.79,0.0
20230422:0011,0.0,0.0,0.0,7.5,3.72,0.0
20230422:0111,0.0,0.0,0.0,7.66,3.52,0.0
20230422:0211,0.0,0.0,0.0,7.68,3.31,0.0
20230422:0311,0.0,0.0,0.0,7.67,2.97,0.0
20230422:0411,0.0,0.0,0.0,7.66,2.48,0.0
20230422:0511,0.0,0.87,2.29,7.68,1.93,0.0
20230422:0611,24144.0,23.18,10.85,7.77,1.38,0.0
20230422:0711,78264.0,52.85,19.6,7.98,1.93,0.0
20230422:0811,94320.0,61.19,28.13,8.5,1.59,0.0
20230422:0911,142008.0,85.29,35.95,9.41,1.03,0.0
20230422:1011,149424.0,89.0,42.4,9.95,2.21,0.0
20230422:1111,235344.0,130.72,46.66,10.42,2.97,0.0
20230422:1211,471360.0,244.06,47.94,11.21,3.1,0.0
20230422:1311,853296.0,428.67,45.94,11.83,3.24,0.0
20230422:1411,956424.0,477.55,41.12,11.93,3.72,0.0
20230422:1511,697512.0,351.48,34.3,12.12,4.0,0.0
20230422:1611,698592.0,353.24,26.27,11.45,3.93,0.0
20230422:1711,128256.0,78.8,17.65,11.02,3.52,0.0
20230422:1811,69888.0,50.0,8.92,10.53,3.03,0.0
20230422:1911,0.0,0.0,0.0,9.57,2.07,0.0
20230422:2011,0.0,0.0,0.0,8.17,1.93,0.0
20230422:2111,0.0,0.0,0.0,6.62,1.72,0.0
20230422:2211,0.0,0.0,0.0,5.36,1.52,0.0
20230422:2311,0.0,0.0,0.0,5.7,0.97,0.0
20230423:0011,0.0,0.0,0.0,4.48,0.9,0.0
20230423:0111,0.0,0.0,0.0,3.38,1.03,0.0
20230423:0211,0.0,0.0,0.0,3.41,0.83,0.0
20230423:0311,0.0,0.0,0.0,3.95,1.17,0.0
20230423:0411,0.0,0.0,0.0,4.44,1.45,0.0
20230423:0511,0.0,2.62,2.6,4.63,1.79,0.0
20230423:0611,74256.0,50.54,11.15,5.45,2.21,0.0
20230423:0711,194304.0,109.81,19.9,7.41,3.03,0.0
20230423:0811,423960.0,218.26,28.43,8.46,3.52,0.0
20230423:0911,605232.0,304.55,36.26,9.61,3.66,0.0
20230423:1011,362328.0,190.98,42.73,10.4,3.86,0.0
20230423:1111,562752.0,286.16,47.0,10.63,4.07,0.0
20230423:1211,585888.0,297.04,48.27,10.59,4.21,0.0
20230423:1311,1490328.0,742.32,46.26,10.72,4.21,0.0
20230423:1411,1701120.0,850.13,41.4,10.86,4.28,0.0
20230423:1511,728400.0,363.63,34.56,10.94,4.62,0.0
20230423:1611,619416.0,313.0,26.51,10.78,4.97,0.0
20230423:1711,292632.0,161.88,17.89,10.36,5.17,0.0
20230423:1811,11064.0,14.83,9.16,9.28,4.97,0.0
20230423:1911,0.0,0.0,0.0,8.23,5.31,0.0
20230423:2011,0.0,0.0,0.0,7.37,5.45,0.0
20230423:2111,0.0,0.0,0.0,6.86,5.59,0.0
20230423:2211,0.0,0.0,0.0,6.24,5.79,0.0
20230423:2311,0.0,0.0,0.0,5.73,5.72,0.0
20230424:0011,0.0,0.0,0.0,5.34,5.24,0.0
20230424:0111,0.0,0.0,0.0,5.38,5.03,0.0
20230424:0211,0.0,0.0,0.0,5.09,4.83,0.0
20230424:0311,0.0,0.0,0.0,5.02,4.83,0.0
20230424:0411,0.0,0.0,0.0,4.49,4.55,0.0
20230424:0511,0.0,2.62,2.89,4.32,4.55,0.0
20230424:0611,97728.0,62.6,11.45,4.5,4.14,0.0
20230424:0711,399600.0,207.87,20.19,5.23,5.38,0.0
20230424:0811,766536.0,372.71,28.73,6.02,6.48,0.0
20230424:0911,665280.0,326.63,36.57,6.91,6.48,0.0
20230424:1011,955488.0,463.17,43.05,7.64,6.62,0.0
20230424:1111,291360.0,154.83,47.33,7.34,6.34,0.0
20230424:1211,392424.0,202.11,48.6,7.63,6.28,0.0
20230424:1311,719568.0,354.73,46.57,7.98,5.86,0.0
20230424:1411,1401768.0,679.17,41.69,7.97,6.0,0.0
20230424:1511,800352.0,390.4,34.81,7.69,6.21,0.0
20230424:1611,935448.0,457.97,26.76,7.52,6.0,0.0
20230424:1711,420072.0,228.75,18.13,7.03,5.72,0.0
20230424:1811,66456.0,59.52,9.39,6.35,4.97,0.0
20230424:1911,0.0,0.0,0.0,5.45,3.93,0.0
20230424:2011,0.0,0.0,0.0,4.64,3.72,0.0
20230424:2111,0.0,0.0,0.0,3.97,3.52,0.0
20230424:2211,0.0,0.0,0.0,3.24,3.31,0.0
20230424:2311,0.0,0.0,0.0,2.59,3.17,0.0
20230425:0011,0.0,0.0,0.0,2.05,3.03,0.0
20230425:0111,0.0,0.0,0.0,1.68,2.97,0.0
20230425:0211,0.0,0.0,0.0,1.41,2.9,0.0
20230425:0311,0.0,0.0,0.0,0.95,2.83,0.0
20230425:0411,0.0,0.0,0.0,0.61,2.83,0.0
20230425:0511,3408.0,8.74,3.19,0.58,2.83,0.0
20230425:0611,138984.0,104.28,11.74,1.33,2.55,0.0
20230425:0711,631464.0,326.83,20.48,2.9,3.24,0.0
20230425:0811,1159488.0,560.9,29.03,4.37,3.72,0.0
20230425:0911,1579584.0,771.37,36.88,5.53,3.38,0.0
20230425:1011,1756080.0,871.51,43.37,6.58,3.24,0.0
20230425:1111,1865616.0,938.14,47.66,7.67,3.24,0.0
20230425:1211,1901784.0,964.23,48.93,8.23,3.03,0.0
20230425:1311,1865280.0,949.21,46.87,8.64,2.69,0.0
20230425:1411,1483008.0,743.62,41.96,8.85,2.34,0.0
20230425:1511,1084248.0,538.62,35.07,8.89,2.14,0.0
20230425:1611,854352.0,429.51,27.0,8.79,1.79,0.0
20230425:1711,330048.0,180.12,18.36,8.16,2.07,0.0
20230425:1811,93984.0,66.01,9.63,7.43,2.76,0.0
20230425:1911,0.0,0.0,0.0,6.37,2.9,0.0
20230425:2011,0.0,0.0,0.0,4.56,2.83,0.0
20230425:2111,0.0,0.0,0.0,3.37,2.34,0.0
20230425:2211,0.0,0.0,0.0,2.72,1.93,0.0
20230425:2311,0.0,0.0,0.0,2.66,1.79,0.0
20230426:0011,0.0,0.0,0.0,2.08,1.79,0.0
20230426:0111,0.0,0.0,0.0,1.96,1.66,0.0
20230426:0211,0.0,0.0,0.0,1.65,1.59,0.0
20230426:0311,0.0,0.0,0.0,1.39,1.52,0.0
20230426:0411,0.0,0.0,0.0,0.94,1.52,0.0
20230426:0511,0.0,2.62,3.48,0.75,1.45,0.0
20230426:0611,65952.0,45.43,12.02,1.94,0.97,0.0
20230426:0711,303600.0,160.92,20.77,4.04,1.31,0.0
20230426:0811,593280.0,296.36,29.32,5.38,1.38,0.0
20230426:0911,445368.0,228.54,37.18,7.18,1.45,0.0
20230426:1011,695088.0,349.88,43.69,8.76,1.52,0.0
20230426:1111,1871880.0,969.71,47.99,9.35,1.86,0.0
20230426:1211,830280.0,417.68,49.25,9.66,1.66,0.0
20230426:1311,640080.0,325.49,47.17,10.19,1.66,0.0
20230426:1411,691896.0,350.79,42.24,10.48,1.59,0.0
20230426:1511,618528.0,315.54,35.32,10.28,0.97,0.0
20230426:1611,838680.0,427.99,27.24,10.31,0.83,0.0
20230426:1711,440808.0,248.9,18.6,10.19,0.41,0.0
20230426:1811,90144.0,66.77,9.87,9.99,0.48,0.0
20230426:1911,0.0,0.0,0.0,9.37,1.86,0.0
20230426:2011,0.0,0.0,0.0,7.49,2.28,0.0
20230426:2111,0.0,0.0,0.0,6.16,2.41,0.0
20230426:2211,0.0,0.0,0.0,5.23,2.41,0.0
20230426:2311,0.0,0.0,0.0,4.23,2.28,0.0
20230427:0011,0.0,0.0,0.0,3.27,2.14,0.0
20230427:0111,0.0,0.0,0.0,2.42,1.93,0.0
20230427:0211,0.0,0.0,0.0,2.21,1.59,0.0
20230427:0311,0.0,0.0,0.0,1.73,1.72,0.0
20230427:0411,0.0,0.0,0.0,1.52,1.93,0.0
20230427:0511,0.0,2.62,3.77,1.53,1.86,0.0
20230427:0611,67536.0,46.36,12.3,2.76,1.59,0.0
20230427:0711,211536.0,117.13,21.05,5.33,2.28,0.0
20230427:0811,555696.0,278.67,29.61,6.8,2.83,0.0
20230427:0911,1098480.0,538.58,37.48,8.08,3.38,0.0
20230427:1011,721704.0,359.8,44.0,9.69,4.21,0.0
20230427:1111,1352784.0,668.63,48.31,10.62,4.97,0.0
20230427:1211,768696.0,383.65,49.57,11.6,6.28,0.0
20230427:1311,475008.0,244.89,47.47,11.87,6.34,0.0
20230427:1411,605088.0,305.85,42.51,11.68,6.21,0.0
20230427:1511,502992.0,257.45,35.58,11.68,6.21,0.0
20230427:1611,113376.0,71.39,27.47,11.43,5.86,0.0
20230427:1711,42840.0,34.3,18.83,10.72,5.45,0.0
20230427:1811,36480.0,30.59,10.1,9.84,5.38,0.0
20230427:1911,0.0,0.0,0.0,9.6,4.83,0.0
20230427:2011,0.0,0.0,0.0,8.48,4.41,0.0
20230427:2111,0.0,0.0,0.0,7.53,4.14,0.0
20230427:2211,0.0,0.0,0.0,6.91,3.72,0.0
20230427:2311,0.0,0.0,0.0,6.64,3.17,0.0
20230428:0011,0.0,0.0,0.0,6.65,3.38,0.0
20230428:0111,0.0,0.0,0.0,6.56,3.17,0.0
20230428:0211,0.0,0.0,0.0,6.59,3.38,0.0
20230428:0311,0.0,0.0,0.0,6.62,3.45,0.0
20230428:0411,0.0,0.0,0.0,6.54,3.17,0.0
20230428:0511,0.0,2.62,4.05,6.61,2.83,0.0
20230428:0611,88344.0,57.96,12.58,6.73,2.34,0.0
20230428:0711,130440.0,78.8,21.33,7.1,1.45,0.0
20230428:0811,164424.0,95.49,29.89,7.61,1.72,0.0
20230428:0911,239808.0,131.65,37.77,7.81,1.93,0.0
20230428:1011,286176.0,153.9,44.31,8.29,2.14,0.0
20230428:1111,346032.0,182.64,48.63,8.86,2.28,0.0
20230428:1211,311808.0,166.88,49.88,9.5,2.21,0.0
20230428:1311,384384.0,202.11,47.77,10.31,2.28,0.0
20230428:1411,399072.0,210.0,42.79,10.97,1.79,0.0
20230428:1511,476400.0,247.57,35.82,11.35,1.45,0.0
20230428:1611,748200.0,384.24,27.71,11.84,0.97,0.0
20230428:1711,461256.0,264.5,19.06,11.95,0.48,0.0
20230428:1811,29640.0,26.89,10.33,12.01,0.21,0.0
20230428:1911,0.0,0.87,1.92,11.56,1.72,0.0
20230428:2011,0.0,0.0,0.0,10.44,2.0,0.0
20230428:2111,0.0,0.0,0.0,9.37,1.93,0.0
20230428:2211,0.0,0.0,0.0,8.59,1.79,0.0
20230428:2311,0.0,0.0,0.0,7.76,1.79,0.0
20230429:0011,0.0,0.0,0.0,6.94,1.59,0.0
20230429:0111,0.0,0.0,0.0,6.11,1.24,0.0
20230429:0211,0.0,0.0,0.0,5.97,0.83,0.0
20230429:0311,0.0,0.0,0.0,5.29,0.97,0.0
20230429:0411,0.0,0.0,0.0,5.13,1.31,0.0
20230429:0511,3264.0,8.74,4.33,5.23,1.59,0.0
20230429:0611,128904.0,79.73,12.85,6.54,1.86,0.0
20230429:0711,211224.0,118.01,21.6,7.74,2.97,0.0
20230429:0811,300984.0,161.01,30.16,8.78,2.76,0.0
20230429:0911,270984.0,147.41,38.06,9.62,2.48,0.0
20230429:1011,256440.0,140.92,44.61,10.32,2.34,0.0
20230429:1111,264888.0,145.56,48.94,11.09,1.93,0.0
20230429:1211,261816.0,144.63,50.19,11.63,1.24,0.0
20230429:1311,288768.0,157.61,48.06,11.66,1.45,0.0
20230429:1411,385728.0,204.43,43.05,12.03,1.93,0.0
20230429:1511,674760.0,342.88,36.07,12.07,2.41,0.0
20230429:1611,520272.0,268.25,27.94,11.73,2.9,0.0
20230429:1711,115152.0,72.31,19.29,11.15,3.17,0.0
20230429:1811,39600.0,32.45,10.56,10.36,3.38,0.0
20230429:1911,0.0,0.87,2.16,9.98,2.9,0.0
20230429:2011,0.0,0.0,0.0,9.35,2.55,0.0
20230429:2111,0.0,0.0,0.0,8.98,2.28,0.0
20230429:2211,0.0,0.0,0.0,8.72,2.21,0.0
20230429:2311,0.0,0.0,0.0,8.46,2.07,0.0
20230430:0011,0.0,0.0,0.0,8.31,1.93,0.0
20230430:0111,0.0,0.0,0.0,8.33,1.66,0.0
20230430:0211,0.0,0.0,0.0,7.99,1.45,0.0
20230430:0311,0.0,0.0,0.0,7.89,1.17,0.0
20230430:0411,0.0,0.0,0.0,7.73,1.17,0.0
20230430:0511,0.0,3.5,4.6,7.42,1.38,0.0
20230430:0611,118632.0,74.18,13.12,8.02,1.52,0.0
20230430:0711,65328.0,46.36,21.86,9.45,2.62,0.0
20230430:0811,248328.0,137.21,30.44,10.98,3.24,0.0
20230430:0911,551448.0,282.48,38.34,12.28,3.93,0.0
20230430:1011,883080.0,443.04,44.91,12.96,4.41,0.0
20230430:1111,683496.0,347.88,49.25,13.56,4.41,0.0
20230430:1211,800184.0,404.22,50.5,13.9,5.1,0.0
20230430:1311,561096.0,288.42,48.35,13.47,4.9,0.0
20230430:1411,337512.0,180.79,43.32,12.73,4.62,0.0
20230430:1511,123696.0,76.95,36.31,12.53,4.28,0.0
20230430:1611,283416.0,154.68,28.17,12.75,5.59,0.0
20230430:1711,47424.0,37.08,19.51,12.33,4.14,0.0
20230430:1811,55896.0,41.72,10.79,12.07,3.66,0.0
20230430:1911,0.0,0.87,2.39,12.38,2.97,0.0
20230430:2011,0.0,0.0,0.0,11.22,2.76,0.0
20230430:2111,0.0,0.0,0.0,10.77,2.48,0.0
20230430:2211,0.0,0.0,0.0,10.34,2.41,0.0
20230430:2311,0.0,0.0,0.0,9.93,2.34,0.0
20230501:0011,0.0,0.0,0.0,10.06,2.07,0.0
20230501:0111,0.0,0.0,0.0,9.99,2.07,0.0
20230501:0211,0.0,0.0,0.0,10.06,2.07,0.0
20230501:0311,0.0,0.0,0.0,10.01,2.21,0.0
20230501:0411,0.0,0.0,0.0,9.99,2.21,0.0
20230501:0511,13584.0,16.61,4.87,9.95,2.14,0.0
20230501:0611,156576.0,118.9,13.38,10.3,2.48,0.0
20230501:0711,605880.0,322.12,22.13,10.97,3.79,0.0
20230501:0811,694056.0,350.41,30.7,11.89,3.93,0.0
20230501:0911,683928.0,346.81,38.62,12.84,3.79,0.0
20230501:1011,383424.0,203.96,45.2,13.87,4.07,0.0
20230501:1111,1307400.0,662.17,49.55,14.63,4.14,0.0
20230501:1211,702960.0,360.57,50.8,14.89,3.66,0.0
20230501:1311,542232.0,282.68,48.64,15.07,3.24,0.0
20230501:1411,665184.0,341.06,43.58,14.66,3.72,0.0
20230501:1511,1208088.0,604.09,36.55,13.47,4.41,0.0
20230501:1611,880248.0,440.76,28.4,11.39,4.76,0.0
20230501:1711,442008.0,242.67,19.73,9.91,4.76,0.0
20230501:1811,94056.0,62.05,11.01,9.09,4.55,0.0
20230501:1911,0.0,1.75,2.63,8.69,3.86,0.0
20230501:2011,0.0,0.0,0.0,8.23,3.52,0.0
20230501:2111,0.0,0.0,0.0,8.12,3.31,0.0
20230501:2211,0.0,0.0,0.0,7.99,2.62,0.0
20230501:2311,0.0,0.0,0.0,7.84,2.34,0.0
20230502:0011,0.0,0.0,0.0,7.72,2.0,0.0
20230502:0111,0.0,0.0,0.0,7.5,1.66,0.0
20230502:0211,0.0,0.0,0.0,7.4,1.59,0.0
20230502:0311,0.0,0.0,0.0,7.28,1.52,0.0
20230502:0411,0.0,0.0,0.0,7.21,1.38,0.0
20230502:0511,2232.0,7.87,5.13,7.12,1.31,0.0
20230502:0611,148992.0,90.33,13.64,7.19,1.79,0.0
20230502:0711,0.0,0.0,0.0,7.26,2.21,0.0
20230502:0811,480360.0,244.64,30.97,7.62,2.41,0.0
20230502:0911,615000.0,308.52,38.89,8.06,2.55,0.0
20230502:1011,615048.0,309.8,45.49,8.81,2.76,0.0
20230502:1111,423624.0,219.72,49.85,9.49,2.9,0.0
20230502:1211,354384.0,187.28,51.1,9.99,2.83,0.0
20230502:1311,1140408.0,570.07,48.92,10.51,2.83,0.0
20230502:1411,810672.0,406.44,43.84,10.85,2.97,0.0
20230502:1511,620784.0,314.75,36.79,11.14,3.1,0.0
20230502:1611,668904.0,339.04,28.63,11.24,3.38,0.0
20230502:1711,263184.0,146.04,19.95,11.16,3.31,0.0
20230502:1811,114264.0,78.25,11.24,10.9,3.03,0.0
20230502:1911,0.0,3.5,2.86,10.93,2.97,0.0
20230502:2011,0.0,0.0,0.0,10.19,2.97,0.0
20230502:2111,0.0,0.0,0.0,9.64,2.97,0.0
20230502:2211,0.0,0.0,0.0,9.05,2.9,0.0
20230502:2311,0.0,0.0,0.0,8.39,2.9,0.0
20230503:0011,0.0,0.0,0.0,7.84,2.83,0.0
20230503:0111,0.0,0.0,0.0,7.52,2.76,0.0
20230503:0211,0.0,0.0,0.0,7.23,2.62,0.0
20230503:0311,0.0,0.0,0.0,6.92,2.55,0.0
20230503:0411,0.0,0.0,0.0,6.83,2.41,0.0
20230503:0511,30960.0,27.11,5.39,6.59,2.28,0.0
20230503:0611,183744.0,118.42,13.89,7.02,2.34,0.0
20230503:0711,361464.0,190.46,22.64,7.52,2.76,0.0
20230503:0811,1014912.0,502.98,31.22,9.08,3.1,0.0
20230503:0911,1090008.0,541.08,39.16,10.48,3.31,0.0
20230503:1011,1686384.0,854.59,45.77,11.77,3.45,0.0
20230503:1111,1904160.0,976.4,50.15,12.67,3.86,0.0
20230503:1211,1544496.0,780.37,51.4,12.83,4.14,0.0
20230503:1311,1209744.0,606.37,49.2,13.06,4.34,0.0
20230503:1411,1440840.0,722.19,44.09,12.98,4.48,0.0
20230503:1511,722040.0,363.75,37.03,12.56,4.48,0.0
20230503:1611,640992.0,325.12,28.85,11.82,4.55,0.0
20230503:1711,401520.0,219.06,20.17,10.96,4.55,0.0
20230503:1811,97416.0,63.75,11.46,9.84,4.21,0.0
20230503:1911,0.0,4.37,3.09,8.54,3.93,0.0
20230503:2011,0.0,0.0,0.0,7.09,3.59,0.0
20230503:2111,0.0,0.0,0.0,6.19,3.38,0.0
20230503:2211,0.0,0.0,0.0,5.87,3.24,0.0
20230503:2311,0.0,0.0,0.0,5.59,3.17,0.0
20230504:0011,0.0,0.0,0.0,5.36,3.17,0.0
20230504:0111,0.0,0.0,0.0,5.06,3.03,0.0
20230504:0211,0.0,0.0,0.0,4.97,2.97,0.0
20230504:0311,0.0,0.0,0.0,4.87,3.1,0.0
20230504:0411,0.0,0.0,0.0,4.68,3.24,0.0
20230504:0511,28272.0,25.36,5.64,4.7,3.24,0.0
20230504:0611,191064.0,120.18,14.14,5.71,3.03,0.0
20230504:0711,153696.0,89.93,22.88,7.37,5.24,0.0
20230504:0811,469080.0,238.08,31.48,8.01,5.52,0.0
20230504:0911,883056.0,432.22,39.42,8.84,5.79,0.0
20230504:1011,1059600.0,517.65,46.05,9.26,6.0,0.0
20230504:1111,1381176.0,677.5,50.44,10.21,6.28,0.0
20230504:1211,1512192.0,744.31,51.69,10.54,6.34,0.0
20230504:1311,1475064.0,725.96,49.47,10.96,6.48,0.0
20230504:1411,1053864.0,518.05,44.34,11.08,6.48,0.0
20230504:1511,643920.0,322.42,37.26,10.82,6.55,0.0
20230504:1611,538128.0,272.87,29.07,10.34,6.48,0.0
20230504:1711,387768.0,209.06,20.39,9.73,6.28,0.0
20230504:1811,67320.0,47.28,11.68,9.06,5.66,0.0
20230504:1911,1296.0,7.0,3.32,8.03,4.76,0.0
20230504:2011,0.0,0.0,0.0,7.39,4.48,0.0
20230504:2111,0.0,0.0,0.0,7.09,4.0,0.0
20230504:2211,0.0,0.0,0.0,7.32,3.59,0.0
20230504:2311,0.0,0.0,0.0,7.5,3.17,0.0
20230505:0011,0.0,0.0,0.0,7.62,2.76,0.0
20230505:0111,0.0,0.0,0.0,8.13,2.21,0.0
20230505:0211,0.0,0.0,0.0,8.34,1.59,0.0
20230505:0311,0.0,0.0,0.0,8.12,1.52,0.0
20230505:0411,0.0,0.0,0.0,7.85,1.66,0.0
20230505:0511,13752.0,16.61,5.89,8.08,1.66,0.0
20230505:0611,56688.0,41.72,14.38,9.13,1.66,0.0
20230505:0711,212616.0,119.69,23.13,9.37,1.38,0.0
20230505:0811,250104.0,138.14,31.72,10.77,2.34,0.0
20230505:0911,260472.0,143.7,39.68,11.93,2.83,0.0
20230505:1011,398256.0,210.45,46.32,12.56,2.9,0.0
20230505:1111,723024.0,369.8,50.72,13.57,2.62,0.0
20230505:1211,1280064.0,657.46,51.97,14.71,2.48,0.0
20230505:1311,1434984.0,742.12,49.74,15.66,2.69,0.0
20230505:1411,628656.0,327.44,44.59,16.2,2.34,0.0
20230505:1511,500448.0,263.71,37.49,16.31,2.76,0.0
20230505:1611,692928.0,357.22,29.29,15.55,3.72,0.0
20230505:1711,40296.0,33.38,20.6,14.68,2.76,0.0
20230505:1811,32448.0,28.74,11.89,14.13,2.0,0.0
20230505:1911,0.0,5.25,3.54,13.25,1.93,0.0
20230505:2011,0.0,0.0,0.0,11.95,2.28,0.0
20230505:2111,0.0,0.0,0.0,11.13,2.21,0.0
20230505:2211,0.0,0.0,0.0,10.5,2.14,0.0
20230505:2311,0.0,0.0,0.0,9.89,1.93,0.0
20230506:0011,0.0,0.0,0.0,8.84,1.86,0.0
20230506:0111,0.0,0.0,0.0,7.73,1.72,0.0
20230506:0211,0.0,0.0,0.0,7.02,1.52,0.0
20230506:0311,0.0,0.0,0.0,6.4,1.38,0.0
20230506:0411,0.0,0.0,0.0,5.99,1.24,0.0
20230506:0511,38688.0,31.48,6.13,6.19,1.03,0.0
20230506:0611,101832.0,64.9,14.62,7.92,0.76,0.0
20230506:0711,321744.0,173.38,23.36,10.43,2.07,0.0
20230506:0811,513504.0,265.09,31.96,12.02,2.69,0.0
20230506:0911,642600.0,329.09,39.93,13.62,3.03,0.0
20230506:1011,742968.0,380.72,46.59,14.94,3.1,0.0
20230506:1111,1024416.0,523.53,51.0,16.09,3.52,0.0
20230506:1211,1269336.0,650.83,52.26,16.55,3.72,0.0
20230506:1311,1265472.0,648.41,50.01,16.81,3.86,0.0
20230506:1411,888240.0,455.23,44.84,17.05,3.86,0.0
20230506:1511,691032.0,356.43,37.72,16.69,3.72,0.0
20230506:1611,393768.0,210.64,29.5,15.72,3.86,0.0
20230506:1711,172344.0,101.92,20.81,14.37,4.14,0.0
20230506:1811,104376.0,68.75,12.11,13.95,3.79,0.0
20230506:1911,3024.0,8.74,3.76,13.31,2.62,0.0
20230506:2011,0.0,0.0,0.0,12.55,2.21,0.0
20230506:2111,0.0,0.0,0.0,12.12,1.86,0.0
20230506:2211,0.0,0.0,0.0,11.59,1.79,0.0
20230506:2311,0.0,0.0,0.0,11.18,1.79,0.0
20230507:0011,0.0,0.0,0.0,10.99,1.66,0.0
20230507:0111,0.0,0.0,0.0,11.12,1.52,0.0
20230507:0211,0.0,0.0,0.0,11.12,1.38,0.0
20230507:0311,0.0,0.0,0.0,11.11,1.17,0.0
20230507:0411,0.0,0.0,0.0,10.66,1.31,0.0
20230507:0511,44016.0,34.98,6.37,10.48,1.17,0.0
20230507:0611,166728.0,100.88,14.85,10.99,1.66,0.0
20230507:0711,203832.0,116.85,23.59,12.19,0.97,0.0
20230507:0811,501216.0,262.15,32.2,13.41,1.38,0.0
20230507:0911,661080.0,342.52,40.18,14.56,1.31,0.0
20230507:1011,1471920.0,777.89,46.85,15.51,1.1,0.0
20230507:1111,1516128.0,808.86,51.28,16.34,1.1,0.0
20230507:1211,1299552.0,687.1,52.53,16.87,1.1,0.0
20230507:1311,1240296.0,651.47,50.27,17.39,1.52,0.0
20230507:1411,1173000.0,614.4,45.08,17.86,1.59,0.0
20230507:1511,1210344.0,632.32,37.94,18.36,1.93,0.0
20230507:1611,926592.0,484.55,29.71,18.22,2.48,0.0
20230507:1711,457920.0,262.36,21.02,17.94,2.9,0.0
20230507:1811,87120.0,78.93,12.32,17.25,2.76,0.0
20230507:1911,8256.0,13.12,3.98,16.31,2.0,0.0
20230507:2011,0.0,0.0,0.0,14.84,2.07,0.0
20230507:2111,0.0,0.0,0.0,13.1,1.66,0.0
20230507:2211,0.0,0.0,0.0,11.82,1.24,0.0
20230507:2311,0.0,0.0,0.0,10.72,1.38,0.0
20230508:0011,0.0,0.0,0.0,10.06,1.45,0.0
20230508:0111,0.0,0.0,0.0,9.0,1.66,0.0
20230508:0211,0.0,0.0,0.0,8.83,2.21,0.0
20230508:0311,0.0,0.0,0.0,9.28,2.41,0.0
20230508:0411,0.0,0.0,0.0,9.95,2.76,0.0
20230508:0511,0.0,5.25,6.61,10.45,3.03,0.0
20230508:0611,46080.0,36.16,15.08,10.92,3.24,0.0
20230508:0711,92928.0,61.19,23.82,11.78,3.31,0.0
20230508:0811,206544.0,117.74,32.43,12.45,3.72,0.0
20230508:0911,347112.0,185.42,40.42,12.5,3.86,0.0
20230508:1011,410328.0,215.51,47.11,12.52,4.34,0.0
20230508:1111,507504.0,261.92,51.55,12.4,4.34,0.0
20230508:1211,430992.0,225.29,52.8,12.63,5.03,0.0
20230508:1311,242904.0,135.36,50.53,12.81,4.97,0.0
20230508:1411,468480.0,243.66,45.32,13.27,5.17,0.0
20230508:1511,293448.0,160.39,38.16,13.95,5.17,0.0
20230508:1611,235656.0,132.58,29.93,13.98,4.48,0.0
20230508:1711,37224.0,31.52,21.23,14.11,3.86,0.0
20230508:1811,14736.0,17.62,12.53,14.02,3.38,0.0
20230508:1911,0.0,2.62,4.2,13.75,3.86,0.0
20230508:2011,0.0,0.0,0.0,13.47,3.45,0.0
20230508:2111,0.0,0.0,0.0,13.44,3.1,0.0
20230508:2211,0.0,0.0,0.0,13.31,2.69,0.0
20230508:2311,0.0,0.0,0.0,12.96,2.76,0.0
20230509:0011,0.0,0.0,0.0,12.69,2.69,0.0
20230509:0111,0.0,0.0,0.0,12.39,2.62,0.0
20230509:0211,0.0,0.0,0.0,12.11,2.48,0.0
20230509:0311,0.0,0.0,0.0,11.95,2.48,0.0
20230509:0411,0.0,0.0,0.0,11.86,2.55,0.0
20230509:0511,33024.0,28.86,6.83,11.97,2.41,0.0
20230509:0611,191808.0,134.62,15.3,12.14,2.21,0.0
20230509:0711,626232.0,332.73,24.04,13.1,4.21,0.0
20230509:0811,1061736.0,535.17,32.66,13.79,3.93,0.0
20230509:0911,926016.0,468.55,40.66,14.56,3.72,0.0
20230509:1011,1784808.0,927.63,47.36,15.54,3.31,0.0
20230509:1111,1683240.0,877.94,51.82,16.51,3.31,0.0
20230509:1211,1462560.0,757.18,53.07,17.04,3.52,0.0
20230509:1311,1302600.0,670.27,50.79,17.34,3.79,0.0
20230509:1411,1046160.0,535.81,45.55,17.34,3.86,0.0
20230509:1511,288480.0,160.39,38.38,17.0,3.66,0.0
20230509:1611,200280.0,116.82,30.13,16.82,3.66,0.0
20230509:1711,294528.0,165.1,21.44,16.17,2.83,0.0
20230509:1811,101664.0,67.32,12.74,15.71,2.07,0.0
20230509:1911,0.0,3.5,4.42,14.8,1.24,0.0
20230509:2011,0.0,0.0,0.0,13.09,1.45,0.0
20230509:2111,0.0,0.0,0.0,11.69,2.48,0.0
20230509:2211,0.0,0.0,0.0,10.53,2.97,0.0
20230509:2311,0.0,0.0,0.0,10.02,3.03,0.0
20230510:0011,0.0,0.0,0.0,9.58,2.97,0.0
20230510:0111,0.0,0.0,0.0,8.87,2.83,0.0
20230510:0211,0.0,0.0,0.0,8.4,2.62,0.0
20230510:0311,0.0,0.0,0.0,7.87,2.21,0.0
20230510:0411,0.0,0.0,0.0,7.18,2.14,0.0
20230510:0511,37008.0,30.61,7.06,6.92,2.07,0.0
20230510:0611,194496.0,115.38,15.52,9.04,2.0,0.0
20230510:0711,674136.0,357.57,24.26,11.5,3.03,0.0
20230510:0811,1173312.0,589.16,32.88,12.85,3.93,0.0
20230510:0911,970080.0,487.47,40.89,13.81,4.28,0.0
20230510:1011,1311768.0,659.79,47.6,14.12,4.69,0.0
20230510:1111,994008.0,501.18,52.08,14.39,4.76,0.0
20230510:1211,1338768.0,677.95,53.34,14.81,4.55,0.0
20230510:1311,709248.0,363.52,51.04,15.18,4.14,0.0
20230510:1411,771480.0,394.25,45.78,15.36,3.86,0.0
20230510:1511,787488.0,399.67,38.59,14.62,4.14,0.0
20230510:1611,566040.0,292.42,30.34,14.18,4.14,0.0
20230510:1711,93648.0,62.12,21.64,14.13,3.66,0.0
20230510:1811,90264.0,60.47,12.94,13.69,2.9,0.0
20230510:1911,0.0,3.5,4.63,12.81,2.69,0.0
20230510:2011,0.0,0.0,0.0,11.92,2.62,0.0
20230510:2111,0.0,0.0,0.0,11.18,2.48,0.0
20230510:2211,0.0,0.0,0.0,10.68,2.21,0.0
20230510:2311,0.0,0.0,0.0,10.34,2.07,0.0
20230511:0011,0.0,0.0,0.0,9.76,2.07,0.0
20230511:0111,0.0,0.0,0.0,9.53,2.07,0.0
20230511:0211,0.0,0.0,0.0,9.44,1.93,0.0
20230511:0311,0.0,0.0,0.0,9.64,1.79,0.0
20230511:0411,0.0,0.0,0.0,9.58,1.59,0.0
20230511:0511,16272.0,18.36,7.27,9.31,1.45,0.0
20230511:0611,126984.0,78.34,15.73,10.46,1.45,0.0
20230511:0711,441192.0,234.06,24.47,11.54,1.66,0.0
20230511:0811,555336.0,286.78,33.09,11.95,1.38,0.0
20230511:0911,763752.0,390.73,41.11,12.69,1.24,0.0
20230511:1011,997032.0,515.71,47.84,13.81,0.69,0.0
20230511:1111,523080.0,276.25,52.33,14.53,0.41,0.0
20230511:1211,320280.0,176.15,53.59,15.11,0.28,0.0
20230511:1311,711720.0,371.34,51.28,15.4,0.9,0.0
20230511:1411,107544.0,69.53,46.01,14.84,2.41,0.0
20230511:1511,146736.0,89.0,38.8,13.88,3.17,0.0
20230511:1611,182544.0,106.62,30.54,13.54,2.97,0.0
20230511:1711,471840.0,262.31,21.84,13.37,2.69,0.0
20230511:1811,111888.0,87.95,13.15,13.19,2.9,0.0
20230511:1911,22776.0,22.74,4.84,12.64,2.34,0.0
20230511:2011,0.0,0.0,0.0,11.32,2.62,0.0
20230511:2111,0.0,0.0,0.0,10.08,2.55,0.0
20230511:2211,0.0,0.0,0.0,9.18,2.62,0.0
20230511:2311,0.0,0.0,0.0,8.82,2.9,0.0
20230512:0011,0.0,0.0,0.0,9.08,3.03,0.0
20230512:0111,0.0,0.0,0.0,9.06,3.24,0.0
20230512:0211,0.0,0.0,0.0,9.28,3.66,0.0
20230512:0311,0.0,0.0,0.0,9.37,3.59,0.0
20230512:0411,0.0,0.0,0.0,9.44,3.38,0.0
20230512:0511,8640.0,13.12,7.48,9.45,3.66,0.0
20230512:0611,112440.0,70.46,15.94,9.53,3.72,0.0
20230512:0711,207432.0,116.82,24.67,9.87,5.1,0.0
20230512:0811,305400.0,163.39,33.3,10.1,5.38,0.0
20230512:0911,340320.0,179.86,41.33,10.21,6.0,0.0
20230512:1011,268992.0,146.48,48.08,10.83,6.41,0.0
20230512:1111,319248.0,170.59,52.58,11.19,6.21,0.0
20230512:1211,342384.0,181.71,53.85,11.39,6.14,0.0
20230512:1311,271896.0,148.34,51.53,11.45,5.79,0.0
20230512:1411,238680.0,132.58,46.24,11.7,6.07,0.0
20230512:1511,316344.0,169.66,39.01,11.72,5.86,0.0
20230512:1611,252552.0,139.07,30.74,11.37,5.72,0.0
20230512:1711,213264.0,120.23,22.03,10.81,5.66,0.0
20230512:1811,90288.0,59.55,13.34,10.05,5.38,0.0
20230512:1911,23256.0,22.74,5.05,9.08,4.97,0.0
20230512:2011,0.0,0.0,0.0,8.54,4.0,0.0
20230512:2111,0.0,0.0,0.0,8.15,3.72,0.0
20230512:2211,0.0,0.0,0.0,7.84,3.59,0.0
20230512:2311,0.0,0.0,0.0,7.62,3.38,0.0
20230513:0011,0.0,0.0,0.0,7.48,3.24,0.0
20230513:0111,0.0,0.0,0.0,7.19,3.03,0.0
20230513:0211,0.0,0.0,0.0,7.08,3.03,0.0
20230513:0311,0.0,0.0,0.0,6.83,2.97,0.0
20230513:0411,0.0,0.0,0.0,6.83,2.9,0.0
20230513:0511,35496.0,29.73,7.69,6.83,3.03,0.0
20230513:0611,147072.0,87.13,16.14,7.08,3.24,0.0
20230513:0711,311064.0,165.09,24.87,7.31,3.38,0.0
20230513:0811,390720.0,202.56,33.5,8.02,3.17,0.0
20230513:0911,607704.0,306.49,41.55,9.07,2.76,0.0
20230513:1011,485664.0,250.21,48.31,9.96,2.28,0.0
20230513:1111,774216.0,392.77,52.82,11.11,1.79,0.0
20230513:1211,1119000.0,571.84,54.1,12.44,1.59,0.0
20230513:1311,1800192.0,959.71,51.76,13.38,1.31,0.0
20230513:1411,1682112.0,897.15,46.46,14.25,0.97,0.0
20230513:1511,1373880.0,721.01,39.22,14.83,0.83,0.0
20230513:1611,994176.0,520.19,30.93,15.04,0.83,0.0
20230513:1711,521544.0,297.13,22.23,14.88,1.24,0.0
20230513:1811,99696.0,88.25,13.54,14.23,1.79,0.0
20230513:1911,27000.0,25.36,5.25,12.97,2.41,0.0
20230513:2011,0.0,0.0,0.0,10.85,2.48,0.0
20230513:2111,0.0,0.0,0.0,9.19,2.48,0.0
20230513:2211,0.0,0.0,0.0,8.08,2.28,0.0
20230513:2311,0.0,0.0,0.0,7.32,2.14,0.0
20230514:0011,0.0,0.0,0.0,6.76,2.14,0.0
20230514:0111,0.0,0.0,0.0,6.55,2.21,0.0
20230514:0211,0.0,0.0,0.0,6.21,2.14,0.0
20230514:0311,0.0,0.0,0.0,6.22,2.0,0.0
20230514:0411,0.0,0.0,0.0,6.46,1.86,0.0
20230514:0511,29424.0,26.23,7.89,6.8,1.66,0.0
20230514:0611,122952.0,75.56,16.33,7.91,1.45,0.0
20230514:0711,199176.0,113.11,25.06,9.43,1.45,0.0
20230514:0811,700944.0,356.79,33.7,11.77,1.93,0.0
20230514:0911,1140984.0,580.79,41.75,13.69,2.21,0.0
20230514:1011,1268616.0,652.72,48.53,15.39,2.48,0.0
20230514:1111,1820160.0,960.24,53.06,16.71,3.03,0.0
20230514:1211,1880304.0,989.72,54.34,17.27,3.72,0.0
20230514:1311,1412184.0,727.68,52.0,17.21,3.93,0.0
20230514:1411,775848.0,399.05,46.67,17.1,4.28,0.0
20230514:1511,921528.0,468.8,39.42,16.37,4.41,0.0
20230514:1611,589464.0,305.2,31.13,15.5,4.62,0.0
20230514:1711,187200.0,109.29,22.42,14.34,3.45,0.0
20230514:1811,133872.0,83.97,13.73,13.7,3.38,0.0
20230514:1911,0.0,4.37,5.45,13.52,3.38,0.0
20230514:2011,0.0,0.0,0.0,12.59,3.03,0.0
20230514:2111,0.0,0.0,0.0,12.11,3.31,0.0
20230514:2211,0.0,0.0,0.0,11.16,3.66,0.0
20230514:2311,0.0,0.0,0.0,10.58,3.93,0.0
20230515:0011,0.0,0.0,0.0,9.57,4.0,0.0
20230515:0111,0.0,0.0,0.0,8.73,4.21,0.0
20230515:0211,0.0,0.0,0.0,7.62,4.34,0.0
20230515:0311,0.0,0.0,0.0,6.97,4.28,0.0
20230515:0411,0.0,0.0,0.0,6.58,4.14,0.0
20230515:0511,53112.0,39.35,8.08,6.46,4.14,0.0
20230515:0611,212712.0,150.01,16.52,7.44,3.66,0.0
20230515:0711,714312.0,370.28,25.25,8.52,4.48,0.0
20230515:0811,1196160.0,589.69,33.89,9.71,4.55,0.0
20230515:0911,1523928.0,754.22,41.96,10.68,4.76,0.0
20230515:1011,1896864.0,955.19,48.75,11.49,4.83,0.0
20230515:1111,2037936.0,1039.65,53.3,12.11,4.69,0.0
20230515:1211,1646832.0,832.94,54.58,12.47,4.34,0.0
20230515:1311,1715688.0,872.98,52.23,12.92,4.07,0.0
20230515:1411,1030992.0,518.31,46.88,13.21,3.86,0.0
20230515:1511,572928.0,294.37,39.62,13.18,3.66,0.0
20230515:1611,1057632.0,537.02,31.32,13.37,3.52,0.0
20230515:1711,541560.0,303.26,22.61,13.22,3.24,0.0
20230515:1811,28032.0,25.96,13.93,12.73,2.41,0.0
20230515:1911,18720.0,20.11,5.65,11.81,1.66,0.0
20230515:2011,0.0,0.0,0.0,10.52,1.03,0.0
20230515:2111,0.0,0.0,0.0,10.27,0.28,0.0
20230515:2211,0.0,0.0,0.0,7.23,1.79,0.0
20230515:2311,0.0,0.0,0.0,6.77,2.62,0.0
20230516:0011,0.0,0.0,0.0,6.88,3.24,0.0
20230516:0111,0.0,0.0,0.0,6.7,3.38,0.0
20230516:0211,0.0,0.0,0.0,6.27,3.31,0.0
20230516:0311,0.0,0.0,0.0,5.91,3.24,0.0
20230516:0411,0.0,0.0,0.0,5.61,3.17,0.0
20230516:0511,64848.0,45.47,8.27,5.83,3.03,0.0
20230516:0611,218856.0,148.19,16.7,7.37,2.83,0.0
20230516:0711,684864.0,356.66,25.43,9.42,3.93,0.0
20230516:0811,1116696.0,552.62,34.08,10.95,4.9,0.0
20230516:0911,780624.0,390.73,42.15,12.31,5.59,0.0
20230516:1011,1016472.0,507.84,48.96,13.18,5.31,0.0
20230516:1111,1338096.0,674.01,53.52,13.33,4.28,0.0
20230516:1211,722280.0,367.23,54.81,13.5,4.28,0.0
20230516:1311,1670304.0,849.98,52.45,14.28,4.62,0.0
20230516:1411,1273848.0,643.54,47.09,14.45,4.14,0.0
20230516:1511,687216.0,351.36,39.81,14.97,4.41,0.0
20230516:1611,754656.0,385.85,31.51,15.1,4.55,0.0
20230516:1711,520680.0,291.45,22.79,14.9,4.48,0.0
20230516:1811,103776.0,91.81,14.11,13.43,3.79,0.0
20230516:1911,37344.0,31.48,5.84,13.02,2.76,0.0
20230516:2011,0.0,0.0,0.0,11.87,2.28,0.0
20230516:2111,0.0,0.0,0.0,10.73,1.72,0.0
20230516:2211,0.0,0.0,0.0,9.94,1.52,0.0
20230516:2311,0.0,0.0,0.0,8.77,1.66,0.0
20230517:0011,0.0,0.0,0.0,8.14,1.66,0.0
20230517:0111,0.0,0.0,0.0,8.2,1.45,0.0
20230517:0211,0.0,0.0,0.0,8.19,1.38,0.0
20230517:0311,0.0,0.0,0.0,8.19,1.24,0.0
20230517:0411,0.0,0.0,0.0,8.08,1.03,0.0
20230517:0511,53976.0,40.23,8.46,8.73,0.55,0.0
20230517:0611,218880.0,128.35,16.88,9.42,0.14,0.0
20230517:0711,463824.0,245.07,25.61,10.24,0.34,0.0
20230517:0811,1074888.0,552.12,34.26,11.14,0.41,0.0
20230517:0911,1297368.0,667.94,42.34,12.53,1.1,0.0
20230517:1011,1729512.0,914.6,49.16,13.6,1.38,0.0
20230517:1111,1869168.0,1006.31,53.74,14.23,1.31,0.0
20230517:1211,1843320.0,995.85,55.04,14.73,1.24,0.0
20230517:1311,1144752.0,593.23,52.67,15.16,1.52,0.0
20230517:1411,1279032.0,661.48,47.3,15.62,2.07,0.0
20230517:1511,1138848.0,583.47,40.0,15.71,2.55,0.0
20230517:1611,348888.0,189.13,31.69,15.7,3.03,0.0
20230517:1711,177360.0,104.76,22.97,15.18,3.03,0.0
20230517:1811,58560.0,43.57,14.3,14.4,2.34,0.0
20230517:1911,26832.0,25.36,6.03,13.96,2.07,0.0
20230517:2011,0.0,0.0,0.0,13.02,1.93,0.0
20230517:2111,0.0,0.0,0.0,12.02,1.86,0.0
20230517:2211,0.0,0.0,0.0,11.1,1.79,0.0
20230517:2311,0.0,0.0,0.0,10.37,1.72,0.0
20230518:0011,0.0,0.0,0.0,9.74,1.72,0.0
20230518:0111,0.0,0.0,0.0,9.4,1.66,0.0
20230518:0211,0.0,0.0,0.0,9.19,1.66,0.0
20230518:0311,0.0,0.0,0.0,8.79,1.59,0.0
20230518:0411,0.0,0.0,0.0,8.18,1.45,0.0
20230518:0511,9936.0,13.99,8.63,8.26,1.17,0.0
20230518:0611,109824.0,69.53,17.05,10.26,0.9,0.0
20230518:0711,330120.0,178.69,25.78,12.46,1.72,0.0
20230518:0811,1017696.0,517.64,34.43,13.74,2.48,0.0
20230518:0911,1480680.0,759.22,42.52,15.01,2.9,0.0
20230518:1011,1260264.0,645.76,49.36,16.16,3.38,0.0
20230518:1111,775728.0,400.26,53.96,16.96,3.72,0.0
20230518:1211,983736.0,505.55,55.26,17.4,3.93,0.0
20230518:1311,600624.0,313.45,52.88,17.02,3.86,0.0
20230518:1411,501384.0,264.26,47.5,16.52,3.52,0.0
20230518:1511,443304.0,235.41,40.19,16.21,3.45,0.0
20230518:1611,327048.0,178.59,31.87,15.96,3.31,0.0
20230518:1711,256368.0,144.57,23.15,15.57,2.76,0.0
20230518:1811,40224.0,33.38,14.48,14.91,2.41,0.0
20230518:1911,37080.0,31.48,6.22,14.26,1.86,0.0
20230518:2011,0.0,0.0,0.0,13.29,1.79,0.0
20230518:2111,0.0,0.0,0.0,12.18,2.0,0.0
20230518:2211,0.0,0.0,0.0,11.44,2.0,0.0
20230518:2311,0.0,0.0,0.0,10.75,2.0,0.0
20230519:0011,0.0,0.0,0.0,10.05,2.0,0.0
20230519:0111,0.0,0.0,0.0,9.58,1.79,0.0
20230519:0211,0.0,0.0,0.0,9.12,1.59,0.0
20230519:0311,0.0,0.0,0.0,8.62,1.59,0.0
20230519:0411,0.0,0.0,0.0,8.26,1.52,0.0
20230519:0511,58992.0,42.85,8.8,8.39,1.45,0.0
20230519:0611,201888.0,117.29,17.22,10.14,1.45,0.0
20230519:0711,421464.0,223.56,25.94,11.76,1.66,0.0
20230519:0811,522984.0,271.57,34.6,12.73,1.79,0.0
20230519:0911,369840.0,197.78,42.7,13.51,2.41,0.0
20230519:1011,461376.0,242.73,49.56,14.19,2.69,0.0
20230519:1111,432216.0,228.07,54.17,13.87,3.03,0.0
20230519:1211,819336.0,414.86,55.48,13.37,3.93,0.0
20230519:1311,1147776.0,580.83,53.09,13.64,3.38,0.0
20230519:1411,1341960.0,684.87,47.69,14.16,2.83,0.0
20230519:1511,1350936.0,688.38,40.38,14.42,2.83,0.0
20230519:1611,946272.0,483.35,32.05,14.61,3.31,0.0
20230519:1711,229080.0,130.21,23.33,14.61,3.38,0.0
20230519:1811,165048.0,102.74,14.66,14.08,3.17,0.0
20230519:1911,41808.0,34.1,6.41,13.42,2.14,0.0
20230519:2011,0.0,0.0,0.0,12.12,1.93,0.0
20230519:2111,0.0,0.0,0.0,10.7,1.52,0.0
20230519:2211,0.0,0.0,0.0,9.32,1.17,0.0
20230519:2311,0.0,0.0,0.0,8.71,0.97,0.0
20230520:0011,0.0,0.0,0.0,7.7,1.1,0.0
20230520:0111,0.0,0.0,0.0,7.37,1.03,0.0
20230520:0211,0.0,0.0,0.0,6.82,0.55,0.0
20230520:0311,0.0,0.0,0.0,5.68,0.34,0.0
20230520:0411,0.0,0.0,0.0,5.29,0.48,0.0
20230520:0511,46680.0,35.85,8.97,5.79,0.62,0.0
20230520:0611,219048.0,124.92,17.38,6.67,0.69,0.0
20230520:0711,677232.0,358.55,26.1,9.16,0.34,0.0
20230520:0811,1145856.0,588.46,34.76,10.96,0.55,0.0
20230520:0911,1543656.0,809.19,42.87,12.92,0.9,0.0
20230520:1011,1822128.0,971.43,49.74,14.34,1.52,0.0
20230520:1111,1991256.0,1069.71,54.37,15.32,2.14,0.0
20230520:1211,2034408.0,1095.01,55.69,15.95,2.41,0.0
20230520:1311,1956000.0,1046.56,53.3,16.33,2.48,0.0
20230520:1411,1711944.0,900.14,47.89,16.57,2.55,0.0
20230520:1511,1408776.0,729.87,40.56,16.6,2.48,0.0
20230520:1611,987072.0,511.02,32.22,16.35,2.55,0.0
20230520:1711,519432.0,291.16,23.5,15.88,2.76,0.0
20230520:1811,124032.0,100.52,14.83,15.09,2.76,0.0
20230520:1911,41736.0,34.1,6.59,13.77,2.07,0.0
20230520:2011,0.0,0.0,0.0,12.05,2.0,0.0
20230520:2111,0.0,0.0,0.0,10.31,1.66,0.0
20230520:2211,0.0,0.0,0.0,8.86,1.03,0.0
20230520:2311,0.0,0.0,0.0,9.09,0.34,0.0
20230521:0011,0.0,0.0,0.0,8.53,0.0,0.0
20230521:0111,0.0,0.0,0.0,8.12,0.07,0.0
20230521:0211,0.0,0.0,0.0,7.84,0.48,0.0
20230521:0311,0.0,0.0,0.0,7.34,0.76,0.0
20230521:0411,0.0,0.0,0.0,7.22,0.69,0.0
20230521:0511,79536.0,53.34,9.13,6.93,0.9,0.0
20230521:0611,229752.0,155.58,17.53,8.55,0.62,0.0
20230521:0711,674208.0,361.56,26.25,11.71,0.28,0.0
20230521:0811,1105344.0,575.85,34.91,13.51,0.34,0.0
20230521:0911,1509864.0,800.76,43.04,14.69,0.69,0.0
20230521:1011,1170552.0,610.51,49.92,15.77,1.24,0.0
20230521:1111,1871112.0,1010.75,54.57,16.61,1.79,0.0
20230521:1211,1921056.0,1034.33,55.89,17.19,2.34,0.0
20230521:1311,1768728.0,938.68,53.5,17.46,2.69,0.0
20230521:1411,1664208.0,872.8,48.07,17.41,2.9,0.0
20230521:1511,1412136.0,730.17,40.73,17.07,2.9,0.0
20230521:1611,990216.0,511.61,32.39,16.73,3.1,0.0
20230521:1711,518040.0,289.65,23.67,16.09,3.1,0.0
20230521:1811,129384.0,102.64,15.01,15.13,2.62,0.0
20230521:1911,46344.0,36.73,6.77,13.87,2.34,0.0
20230521:2011,0.0,0.0,0.0,12.04,2.34,0.0
20230521:2111,0.0,0.0,0.0,10.33,2.41,0.0
20230521:2211,0.0,0.0,0.0,9.06,2.55,0.0
20230521:2311,0.0,0.0,0.0,8.17,2.69,0.0
20230522:0011,0.0,0.0,0.0,7.63,2.76,0.0
20230522:0111,0.0,0.0,0.0,7.26,2.83,0.0
20230522:0211,0.0,0.0,0.0,7.03,2.9,0.0
20230522:0311,0.0,0.0,0.0,7.09,2.97,0.0
20230522:0411,0.0,0.87,1.56,6.89,3.1,0.0
20230522:0511,62568.0,44.6,9.28,7.73,3.03,0.0
20230522:0611,224736.0,157.89,17.68,9.54,2.69,0.0
20230522:0711,699264.0,369.07,26.4,11.91,3.1,0.0
20230522:0811,1164288.0,589.14,35.06,13.66,3.31,0.0
20230522:0911,1529520.0,782.81,43.2,15.19,3.38,0.0
20230522:1011,1843272.0,963.57,50.1,16.29,3.45,0.0
20230522:1111,2005944.0,1065.59,54.76,17.16,3.45,0.0
20230522:1211,1969440.0,1048.1,56.09,17.57,3.38,0.0
20230522:1311,1874304.0,989.51,53.7,17.65,3.52,0.0
20230522:1411,1649400.0,856.54,48.26,17.54,3.79,0.0
20230522:1511,1399008.0,714.96,40.91,17.28,4.34,0.0
20230522:1611,976032.0,498.98,32.56,16.37,4.76,0.0
20230522:1711,499944.0,273.95,23.83,15.03,4.9,0.0
20230522:1811,177216.0,110.23,15.17,13.79,4.97,0.0
20230522:1911,45216.0,35.85,6.94,12.3,4.0,0.0
20230522:2011,0.0,0.0,0.0,11.37,3.38,0.0
20230522:2111,0.0,0.0,0.0,10.53,2.83,0.0
20230522:2211,0.0,0.0,0.0,9.82,2.48,0.0
20230522:2311,0.0,0.0,0.0,9.11,2.34,0.0
20230523:0011,0.0,0.0,0.0,8.58,2.14,0.0
20230523:0111,0.0,0.0,0.0,8.18,2.0,0.0
20230523:0211,0.0,0.0,0.0,7.65,2.07,0.0
20230523:0311,0.0,0.0,0.0,7.39,1.93,0.0
20230523:0411,0.0,0.87,1.72,7.64,1.45,0.0
20230523:0511,72240.0,49.84,9.43,8.31,0.9,0.0
20230523:0611,244848.0,143.82,17.82,9.77,0.55,0.0
20230523:0711,627120.0,332.69,26.54,11.12,0.55,0.0
20230523:0811,915624.0,470.98,35.21,12.12,0.41,0.0
20230523:0911,1210848.0,623.32,43.35,13.09,1.1,0.0
20230523:1011,1775448.0,936.38,50.26,14.04,1.79,0.0
20230523:1111,823224.0,424.39,54.94,15.21,2.07,0.0
20230523:1211,1892208.0,1018.18,56.29,16.36,2.0,0.0
20230523:1311,889896.0,463.06,53.89,17.02,1.79,0.0
20230523:1411,1249512.0,651.46,48.44,17.51,2.14,0.0
20230523:1511,1339704.0,694.21,41.08,18.11,2.97,0.0
20230523:1611,728904.0,379.91,32.72,17.92,3.17,0.0
20230523:1711,452016.0,249.97,24.0,17.72,3.66,0.0
20230523:1811,161688.0,111.25,15.34,16.88,3.79,0.0
20230523:1911,44424.0,35.85,7.11,15.59,3.66,0.0
20230523:2011,0.0,0.0,0.0,13.93,3.72,0.0
20230523:2111,0.0,0.0,0.0,12.73,3.66,0.0
20230523:2211,0.0,0.0,0.0,12.07,3.52,0.0
20230523:2311,0.0,0.0,0.0,11.33,3.38,0.0
20230524:0011,0.0,0.0,0.0,10.65,3.17,0.0
20230524:0111,0.0,0.0,0.0,9.87,2.9,0.0
20230524:0211,0.0,0.0,0.0,9.37,2.69,0.0
20230524:0311,0.0,0.0,0.0,8.73,2.55,0.0
20230524:0411,0.0,0.87,1.87,8.16,2.48,0.0
20230524:0511,67272.0,47.22,9.57,8.5,2.41,0.0
20230524:0611,227520.0,158.5,17.96,10.1,2.62,0.0
20230524:0711,699384.0,368.6,26.67,11.69,3.1,0.0
20230524:0811,1153224.0,583.66,35.35,12.9,2.76,0.0
20230524:0911,1515192.0,778.91,43.5,14.11,2.41,0.0
20230524:1011,1744776.0,919.61,50.43,15.15,2.07,0.0
20230524:1111,1841472.0,986.04,55.12,16.18,2.0,0.0
20230524:1211,1913952.0,1035.95,56.48,17.1,2.0,0.0
20230524:1311,1836072.0,991.01,54.07,17.82,2.0,0.0
20230524:1411,1679568.0,896.53,48.61,18.38,2.07,0.0
20230524:1511,1387368.0,728.15,41.24,18.7,2.21,0.0
20230524:1611,976848.0,511.64,32.88,18.86,2.55,0.0
20230524:1711,410688.0,227.36,24.16,18.24,2.55,0.0
20230524:1811,99264.0,65.82,15.5,17.07,2.76,0.0
20230524:1911,2952.0,8.74,7.28,15.68,3.24,0.0
20230524:2011,0.0,0.0,0.0,14.02,2.69,0.0
20230524:2111,0.0,0.0,0.0,13.19,1.86,0.0
20230524:2211,0.0,0.0,0.0,12.84,0.97,0.0
20230524:2311,0.0,0.0,0.0,12.7,0.34,0.0
20230525:0011,0.0,0.0,0.0,12.71,0.28,0.0
20230525:0111,0.0,0.0,0.0,12.83,0.34,0.0
20230525:0211,0.0,0.0,0.0,12.53,0.55,0.0
20230525:0311,0.0,0.0,0.0,12.03,0.69,0.0
20230525:0411,0.0,0.87,2.01,11.45,0.76,0.0
20230525:0511,64704.0,46.35,9.71,10.89,0.76,0.0
20230525:0611,224856.0,158.69,18.09,12.08,0.69,0.0
20230525:0711,684360.0,367.31,26.8,13.13,1.1,0.0
20230525:0811,1118952.0,575.77,35.48,14.08,1.52,0.0
20230525:0911,1478736.0,768.69,43.64,15.0,1.79,0.0
20230525:1011,1749744.0,929.3,50.58,15.86,1.86,0.0
20230525:1111,1745952.0,929.15,55.3,16.57,2.14,0.0
20230525:1211,481440.0,256.28,56.66,17.17,2.34,0.0
20230525:1311,304080.0,168.73,54.25,17.36,2.34,0.0
20230525:1411,236688.0,135.36,48.78,17.32,2.41,0.0
20230525:1511,249936.0,141.85,41.41,17.29,2.62,0.0
20230525:1611,222192.0,127.94,33.04,17.16,3.1,0.0
20230525:1711,216096.0,124.87,24.31,16.83,3.24,0.0
20230525:1811,92496.0,62.12,15.66,16.47,2.97,0.0
20230525:1911,14424.0,17.49,7.44,15.39,3.03,0.0
20230525:2011,0.0,0.0,0.0,14.73,2.9,0.0
20230525:2111,0.0,0.0,0.0,14.18,2.83,0.0
20230525:2211,0.0,0.0,0.0,13.66,2.9,0.0
20230525:2311,0.0,0.0,0.0,13.21,2.9,0.0
20230526:0011,0.0,0.0,0.0,12.71,2.83,0.0
20230526:0111,0.0,0.0,0.0,12.34,2.83,0.0
20230526:0211,0.0,0.0,0.0,11.83,2.83,0.0
20230526:0311,0.0,0.0,0.0,11.56,2.69,0.0
20230526:0411,0.0,0.87,2.15,11.1,2.48,0.0
20230526:0511,81288.0,55.09,9.84,11.2,2.21,0.0
20230526:0611,235152.0,157.77,18.21,11.85,2.34,0.0
20230526:0711,666504.0,354.04,26.92,13.09,2.34,0.0
20230526:0811,1137360.0,580.53,35.6,14.24,2.48,0.0
20230526:0911,1483992.0,765.52,43.77,15.22,2.48,0.0
20230526:1011,1742064.0,919.51,50.73,16.51,2.41,0.0
20230526:1111,1935480.0,1034.67,55.46,17.05,2.69,0.0
20230526:1211,1898640.0,1009.92,56.84,17.4,3.03,0.0
20230526:1311,1590936.0,834.73,54.43,17.64,2.97,0.0
20230526:1411,1582776.0,827.99,48.95,17.79,2.97,0.0
20230526:1511,1125912.0,584.28,41.56,17.94,2.34,0.0
20230526:1611,419208.0,226.25,33.19,17.94,2.14,0.0
20230526:1711,355296.0,197.11,24.46,17.92,2.07,0.0
20230526:1811,177696.0,110.4,15.81,17.51,1.79,0.0
20230526:1911,24864.0,24.48,7.6,17.75,2.14,0.0
20230526:2011,0.0,0.0,0.0,16.5,2.83,0.0
20230526:2111,0.0,0.0,0.0,14.97,3.38,0.0
20230526:2211,0.0,0.0,0.0,13.54,3.52,0.0
20230526:2311,0.0,0.0,0.0,12.47,3.31,0.0
20230527:0011,0.0,0.0,0.0,11.67,3.03,0.0
20230527:0111,0.0,0.0,0.0,11.16,2.9,0.0
20230527:0211,0.0,0.0,0.0,10.38,2.83,0.0
20230527:0311,0.0,0.0,0.0,10.02,2.62,0.0
20230527:0411,0.0,1.75,2.28,9.9,2.41,0.0
20230527:0511,86808.0,57.71,9.96,10.16,2.21,0.0
20230527:0611,254808.0,151.04,18.33,11.17,2.28,0.0
20230527:0711,662952.0,351.71,27.04,13.44,2.9,0.0
20230527:0811,1122672.0,569.63,35.72,14.48,3.38,0.0
20230527:0911,1486200.0,759.02,43.9,15.53,3.59,0.0
20230527:1011,1711392.0,889.75,50.87,16.95,3.66,0.0
20230527:1111,1503504.0,782.83,55.62,17.99,3.59,0.0
20230527:1211,1146624.0,594.69,57.01,18.89,3.66,0.0
20230527:1311,604248.0,318.65,54.6,19.15,3.59,0.0
20230527:1411,1096800.0,569.14,49.11,19.2,3.38,0.0
20230527:1511,857184.0,445.63,41.72,19.13,3.1,0.0
20230527:1611,643344.0,338.52,33.34,18.96,3.1,0.0
20230527:1711,490944.0,274.2,24.61,18.61,2.76,0.0
20230527:1811,181344.0,113.67,15.96,18.16,2.34,0.0
20230527:1911,45432.0,36.73,7.75,17.59,2.48,0.0
20230527:2011,0.0,0.0,0.0,16.04,2.55,0.0
20230527:2111,0.0,0.0,0.0,14.61,2.76,0.0
20230527:2211,0.0,0.0,0.0,13.74,2.9,0.0
20230527:2311,0.0,0.0,0.0,13.08,2.97,0.0
20230528:0011,0.0,0.0,0.0,12.25,3.03,0.0
20230528:0111,0.0,0.0,0.0,11.4,3.03,0.0
20230528:0211,0.0,0.0,0.0,10.75,3.03,0.0
20230528:0311,0.0,0.0,0.0,10.25,3.17,0.0
20230528:0411,0.0,0.87,2.41,9.8,3.45,0.0
20230528:0511,53688.0,40.23,10.08,10.15,3.52,0.0
20230528:0611,234888.0,134.57,18.44,10.92,3.52,0.0
20230528:0711,435912.0,229.52,27.15,12.46,4.07,0.0
20230528:0811,664680.0,338.06,35.84,13.02,4.14,0.0
20230528:0911,724200.0,367.57,44.02,13.7,4.41,0.0
20230528:1011,344664.0,185.42,51.01,14.13,4.28,0.0
20230528:1111,345840.0,186.35,55.77,14.52,4.14,0.0
20230528:1211,613224.0,315.28,57.17,14.05,4.21,0.0
20230528:1311,740640.0,377.23,54.76,14.08,4.21,0.0
20230528:1411,799464.0,405.32,49.27,13.8,4.0,0.0
20230528:1511,255000.0,141.85,41.87,13.61,3.86,0.0
20230528:1611,244176.0,136.28,33.49,13.12,4.07,0.0
20230528:1711,215640.0,122.23,24.76,12.54,4.07,0.0
20230528:1811,83832.0,56.55,16.11,12.13,3.72,0.0
20230528:1911,62832.0,45.47,7.9,12.01,2.97,0.0
20230528:2011,0.0,0.0,0.0,11.1,2.62,0.0
20230528:2111,0.0,0.0,0.0,10.1,2.28,0.0
20230528:2211,0.0,0.0,0.0,9.13,1.79,0.0
20230528:2311,0.0,0.0,0.0,8.22,1.59,0.0
20230529:0011,0.0,0.0,0.0,7.12,1.93,0.0
20230529:0111,0.0,0.0,0.0,6.28,2.14,0.0
20230529:0211,0.0,0.0,0.0,5.83,2.14,0.0
20230529:0311,0.0,0.0,0.0,5.67,2.14,0.0
20230529:0411,1344.0,7.0,2.53,5.81,2.14,0.0
20230529:0511,90192.0,58.59,10.19,6.41,2.14,0.0
20230529:0611,249192.0,162.82,18.55,8.49,2.34,0.0
20230529:0711,702432.0,366.49,27.26,10.1,3.24,0.0
20230529:0811,972072.0,485.5,35.94,11.32,3.72,0.0
20230529:0911,1244928.0,623.56,44.13,12.18,3.59,0.0
20230529:1011,1511664.0,767.25,51.14,12.94,3.45,0.0
20230529:1111,1944336.0,1012.66,55.92,13.79,3.31,0.0
20230529:1211,1936152.0,1016.56,57.33,14.45,3.03,0.0
20230529:1311,1877544.0,987.31,54.92,15.05,2.83,0.0
20230529:1411,1705440.0,890.09,49.42,15.4,2.62,0.0
20230529:1511,1425144.0,734.75,42.01,15.65,2.55,0.0
20230529:1611,1023696.0,527.98,33.63,15.66,2.55,0.0
20230529:1711,547224.0,303.39,24.9,15.36,2.69,0.0
20230529:1811,146856.0,113.59,16.25,14.73,2.76,0.0
20230529:1911,57504.0,42.85,8.05,13.5,2.48,0.0
20230529:2011,0.0,0.0,0.0,11.82,2.21,0.0
20230529:2111,0.0,0.0,0.0,10.27,1.72,0.0
20230529:2211,0.0,0.0,0.0,8.95,0.97,0.0
20230529:2311,0.0,0.0,0.0,7.33,1.45,0.0
20230530:0011,0.0,0.0,0.0,6.26,1.93,0.0
20230530:0111,0.0,0.0,0.0,5.64,2.07,0.0
20230530:0211,0.0,0.0,0.0,5.4,2.21,0.0
20230530:0311,0.0,0.0,0.0,5.37,2.41,0.0
20230530:0411,0.0,1.75,2.65,5.77,2.41,0.0
20230530:0511,19200.0,20.11,10.3,7.57,2.07,0.0
20230530:0611,123120.0,76.02,18.65,10.06,2.34,0.0
20230530:0711,226872.0,127.01,27.35,11.46,4.14,0.0
20230530:0811,324960.0,174.44,36.04,12.17,4.21,0.0
20230530:0911,405792.0,213.5,44.24,12.54,4.0,0.0
20230530:1011,484488.0,251.93,51.26,13.02,3.79,0.0
20230530:1111,746448.0,379.62,56.06,13.5,3.86,0.0
20230530:1211,1263720.0,639.58,57.48,14.05,4.07,0.0
20230530:1311,1577664.0,803.76,55.07,14.41,4.28,0.0
20230530:1411,1554768.0,789.31,49.57,14.52,4.34,0.0
20230530:1511,1415064.0,712.33,42.15,14.11,4.34,0.0
20230530:1611,1007856.0,510.55,33.77,14.22,4.34,0.0
20230530:1711,548280.0,298.91,25.03,13.74,4.21,0.0
20230530:1811,145776.0,113.87,16.39,13.1,4.14,0.0
20230530:1911,57864.0,42.85,8.19,12.32,3.24,0.0
20230530:2011,0.0,0.0,0.0,11.21,2.69,0.0
20230530:2111,0.0,0.0,0.0,10.0,2.34,0.0
20230530:2211,0.0,0.0,0.0,9.48,2.28,0.0
20230530:2311,0.0,0.0,0.0,9.52,2.41,0.0
20230531:0011,0.0,0.0,0.0,9.78,2.62,0.0
20230531:0111,0.0,0.0,0.0,9.89,2.76,0.0
20230531:0211,0.0,0.0,0.0,9.83,2.76,0.0
20230531:0311,0.0,0.0,0.0,9.8,2.76,0.0
20230531:0411,0.0,1.75,2.75,9.8,2.83,0.0
20230531:0511,26016.0,24.48,10.4,9.89,3.03,0.0
20230531:0611,117648.0,73.24,18.75,10.16,3.79,0.0
20230531:0711,226272.0,126.09,27.45,10.19,3.93,0.0
20230531:0811,297480.0,160.39,36.14,10.71,3.86,0.0
20230531:0911,518808.0,266.48,44.35,11.52,3.86,0.0
20230531:1011,532488.0,273.95,51.38,12.19,3.93,0.0
20230531:1111,743208.0,377.28,56.19,12.99,3.79,0.0
20230531:1211,777360.0,395.01,57.63,13.46,3.72,0.0
20230531:1311,747216.0,381.13,55.22,14.06,3.72,0.0
20230531:1411,1114992.0,563.99,49.71,14.3,3.79,0.0
20230531:1511,1353672.0,683.83,42.29,14.2,3.86,0.0
20230531:1611,922824.0,468.16,33.9,13.89,3.86,0.0
20230531:1711,448416.0,240.21,25.17,13.49,3.93,0.0
20230531:1811,117984.0,74.17,16.53,12.77,3.93,0.0
20230531:1911,21552.0,21.86,8.33,11.29,3.52,0.0
20230531:2011,0.0,0.0,0.0,10.48,3.03,0.0
20230531:2111,0.0,0.0,0.0,9.91,2.97,0.0
20230531:2211,0.0,0.0,0.0,9.49,2.9,0.0
20230531:2311,0.0,0.0,0.0,9.27,2.76,0.0
20230601:0011,0.0,0.0,0.0,9.21,2.9,0.0
20230601:0111,0.0,0.0,0.0,9.1,2.69,0.0
20230601:0211,0.0,0.0,0.0,9.12,2.48,0.0
20230601:0311,0.0,0.0,0.0,9.09,2.48,0.0
20230601:0411,0.0,1.75,2.85,8.95,2.55,0.0
20230601:0511,29040.0,26.23,10.49,9.19,2.97,0.0
20230601:0611,95688.0,62.12,18.83,9.86,3.66,0.0
20230601:0711,204312.0,115.89,27.53,10.85,3.79,0.0
20230601:0811,224664.0,126.09,36.23,11.67,4.0,0.0
20230601:0911,349584.0,186.35,44.44,12.33,4.28,0.0
20230601:1011,378408.0,200.25,51.49,12.61,4.62,0.0
20230601:1111,443616.0,231.78,56.32,13.05,4.97,0.0
20230601:1211,406656.0,214.16,57.77,13.19,5.03,0.0
20230601:1311,283200.0,154.83,55.36,12.97,5.03,0.0
20230601:1411,300480.0,163.17,49.85,13.04,5.03,0.0
20230601:1511,636528.0,323.76,42.42,13.13,5.1,0.0
20230601:1611,262512.0,144.63,34.03,12.52,4.97,0.0
20230601:1711,163464.0,96.42,25.3,11.98,4.97,0.0
20230601:1811,80616.0,54.7,16.66,11.4,4.83,0.0
20230601:1911,10992.0,14.87,8.46,10.91,4.62,0.0
20230601:2011,0.0,0.0,0.0,10.49,4.0,0.0
20230601:2111,0.0,0.0,0.0,10.04,3.79,0.0
20230601:2211,0.0,0.0,0.0,9.77,3.86,0.0
20230601:2311,0.0,0.0,0.0,9.46,3.79,0.0
20230602:0011,0.0,0.0,0.0,9.09,3.52,0.0
20230602:0111,0.0,0.0,0.0,8.88,3.31,0.0
20230602:0211,0.0,0.0,0.0,8.79,3.17,0.0
20230602:0311,0.0,0.0,0.0,8.73,3.03,0.0
20230602:0411,0.0,1.75,2.95,8.68,2.9,0.0
20230602:0511,80640.0,54.22,10.58,8.8,2.9,0.0
20230602:0611,264936.0,150.95,18.92,9.2,3.59,0.0
20230602:0711,620040.0,319.87,27.61,10.03,4.21,0.0
20230602:0811,1166664.0,579.44,36.31,10.97,4.28,0.0
20230602:0911,1565640.0,783.03,44.53,12.04,4.34,0.0
20230602:1011,1868568.0,949.8,51.59,12.92,4.48,0.0
20230602:1111,2067552.0,1067.47,56.44,13.74,4.48,0.0
20230602:1211,2059680.0,1069.82,57.9,14.34,4.28,0.0
20230602:1311,1966968.0,1019.77,55.5,14.78,4.14,0.0
20230602:1411,1792968.0,920.78,49.98,14.98,4.14,0.0
20230602:1511,1483032.0,752.25,42.55,14.93,4.07,0.0
20230602:1611,1062384.0,540.03,34.16,14.6,4.0,0.0
20230602:1711,576672.0,316.82,25.42,14.03,3.86,0.0
20230602:1811,181200.0,124.78,16.78,13.2,3.52,0.0
20230602:1911,53160.0,40.23,8.59,11.91,2.69,0.0
20230602:2011,0.0,0.0,0.0,10.56,2.28,0.0
20230602:2111,0.0,0.0,0.0,9.09,2.07,0.0
20230602:2211,0.0,0.0,0.0,8.12,1.86,0.0
20230602:2311,0.0,0.0,0.0,7.19,1.72,0.0
20230603:0011,0.0,0.0,0.0,6.24,1.79,0.0
20230603:0111,0.0,0.0,0.0,5.52,1.93,0.0
20230603:0211,0.0,0.0,0.0,5.02,1.93,0.0
20230603:0311,0.0,0.0,0.0,4.78,1.93,0.0
20230603:0411,0.0,5.25,3.04,4.51,2.07,0.0
20230603:0511,80256.0,53.34,10.66,5.35,1.72,0.0
20230603:0611,239520.0,165.56,18.99,8.63,1.72,0.0
20230603:0711,720168.0,377.74,27.69,9.91,2.28,0.0
20230603:0811,1164360.0,586.38,36.39,11.18,2.41,0.0
20230603:0911,1544424.0,787.57,44.62,12.57,2.55,0.0
20230603:1011,1802016.0,934.75,51.69,13.87,2.9,0.0
20230603:1111,2006352.0,1057.12,56.55,14.93,3.17,0.0
20230603:1211,2034120.0,1077.4,58.03,15.64,3.24,0.0
20230603:1311,1923504.0,1015.86,55.63,16.15,3.1,0.0
20230603:1411,1751616.0,917.12,50.11,16.44,2.97,0.0
20230603:1511,1436832.0,742.12,42.67,16.51,2.83,0.0
20230603:1611,1044696.0,539.34,34.28,16.32,2.83,0.0
20230603:1711,568008.0,314.69,25.54,15.77,3.1,0.0
20230603:1811,155400.0,119.59,16.9,14.78,3.24,0.0
20230603:1911,67248.0,48.1,8.72,13.35,2.76,0.0
20230603:2011,0.0,0.0,0.0,11.61,2.21,0.0
20230603:2111,0.0,0.0,0.0,10.03,2.0,0.0
20230603:2211,0.0,0.0,0.0,8.83,1.86,0.0
20230603:2311,0.0,0.0,0.0,7.75,1.79,0.0
20230604:0011,0.0,0.0,0.0,6.73,1.86,0.0
20230604:0111,0.0,0.0,0.0,6.02,1.93,0.0
20230604:0211,0.0,0.0,0.0,5.55,2.07,0.0
20230604:0311,0.0,0.0,0.0,5.27,2.14,0.0
20230604:0411,6528.0,11.37,3.12,5.11,2.14,0.0
20230604:0511,78264.0,52.47,10.74,6.05,1.79,0.0
20230604:0611,239280.0,164.7,19.06,9.0,1.79,0.0
20230604:0711,703104.0,368.58,27.76,10.97,3.17,0.0
20230604:0811,821184.0,413.24,36.46,11.52,3.1,0.0
20230604:0911,638832.0,325.67,44.69,12.27,3.17,0.0
20230604:1011,368976.0,196.55,51.78,13.0,3.31,0.0
20230604:1111,469296.0,245.68,56.66,13.63,3.24,0.0
20230604:1211,524040.0,273.32,58.15,14.52,3.24,0.0
20230604:1311,505560.0,264.94,55.76,15.08,3.24,0.0
20230604:1411,788040.0,404.22,50.23,15.45,3.24,0.0
20230604:1511,923208.0,471.54,42.79,15.71,3.24,0.0
20230604:1611,848544.0,435.58,34.39,15.64,3.31,0.0
20230604:1711,549624.0,300.43,25.66,15.11,3.38,0.0
20230604:1811,158472.0,120.84,17.02,14.25,3.38,0.0
20230604:1911,64200.0,46.35,8.84,12.79,3.03,0.0
20230604:2011,0.0,0.0,0.0,11.39,2.48,0.0
20230604:2111,0.0,0.0,0.0,10.0,2.07,0.0
20230604:2211,0.0,0.0,0.0,9.56,1.79,0.0
20230604:2311,0.0,0.0,0.0,8.82,1.79,0.0
20230605:0011,0.0,0.0,0.0,8.31,1.59,0.0
20230605:0111,0.0,0.0,0.0,8.14,1.52,0.0
20230605:0211,0.0,0.0,0.0,8.39,1.52,0.0
20230605:0311,0.0,0.0,0.0,8.6,1.79,0.0
20230605:0411,0.0,1.75,3.2,8.88,2.07,0.0
20230605:0511,47496.0,36.73,10.81,9.24,2.62,0.0
20230605:0611,253152.0,143.08,19.13,9.57,3.38,0.0
20230605:0711,518856.0,268.9,27.82,10.38,3.45,0.0
20230605:0811,1110504.0,554.61,36.52,11.1,3.45,0.0
20230605:0911,1526064.0,768.55,44.77,11.97,3.38,0.0
20230605:1011,1745640.0,892.89,51.86,12.92,3.45,0.0
20230605:1111,1985760.0,1032.53,56.76,13.62,3.52,0.0
20230605:1211,2002680.0,1046.16,58.27,14.35,3.59,0.0
20230605:1311,1919592.0,997.66,55.88,14.76,3.72,0.0
20230605:1411,1760784.0,907.28,50.35,15.06,3.72,0.0
20230605:1511,1464432.0,743.48,42.91,14.87,3.86,0.0
20230605:1611,1065072.0,540.94,34.51,14.49,4.0,0.0
20230605:1711,582504.0,318.46,25.77,13.91,4.14,0.0
20230605:1811,152544.0,120.05,17.13,12.98,4.14,0.0
20230605:1911,59544.0,43.72,8.95,12.23,3.72,0.0
20230605:2011,0.0,0.87,1.56,11.03,3.03,0.0
20230605:2111,0.0,0.0,0.0,10.16,2.69,0.0
20230605:2211,0.0,0.0,0.0,9.69,2.41,0.0
20230605:2311,0.0,0.0,0.0,9.61,2.21,0.0
20230606:0011,0.0,0.0,0.0,9.32,1.86,0.0
20230606:0111,0.0,0.0,0.0,9.35,2.0,0.0
20230606:0211,0.0,0.0,0.0,9.3,2.21,0.0
20230606:0311,0.0,0.0,0.0,9.33,2.28,0.0
20230606:0411,0.0,1.75,3.27,9.26,2.28,0.0
20230606:0511,18984.0,20.11,10.87,9.5,2.97,0.0
20230606:0611,90240.0,59.33,19.19,9.77,3.17,0.0
20230606:0711,0.0,0.0,0.0,10.07,2.97,0.0
20230606:0811,302832.0,163.17,36.58,10.75,3.1,0.0
20230606:0911,338928.0,180.79,44.83,11.31,3.24,0.0
20230606:1011,258624.0,142.77,51.94,12.05,3.31,0.0
20230606:1111,512496.0,265.51,56.85,12.76,3.38,0.0
20230606:1211,598656.0,307.85,58.37,13.3,3.52,0.0
20230606:1311,815400.0,414.37,55.99,13.73,3.59,0.0
20230606:1411,791016.0,402.4,50.46,13.99,3.59,0.0
20230606:1511,768216.0,390.89,43.02,13.99,3.45,0.0
20230606:1611,629712.0,323.63,34.61,13.79,3.31,0.0
20230606:1711,349176.0,188.66,25.88,13.43,3.24,0.0
20230606:1811,101472.0,65.82,17.24,12.76,3.1,0.0
20230606:1911,12192.0,15.74,9.06,11.69,3.17,0.0
20230606:2011,0.0,0.87,1.67,11.08,2.97,0.0
20230606:2111,0.0,0.0,0.0,10.67,2.62,0.0
20230606:2211,0.0,0.0,0.0,10.25,2.14,0.0
20230606:2311,0.0,0.0,0.0,9.97,1.93,0.0
20230607:0011,0.0,0.0,0.0,9.73,1.72,0.0
20230607:0111,0.0,0.0,0.0,9.32,1.59,0.0
20230607:0211,0.0,0.0,0.0,9.29,1.45,0.0
20230607:0311,0.0,0.0,0.0,8.86,1.59,0.0
20230607:0411,0.0,2.62,3.33,8.69,1.72,0.0
20230607:0511,16296.0,18.36,10.93,9.14,1.66,0.0
20230607:0611,110112.0,69.53,19.24,10.1,2.21,0.0
20230607:0711,214152.0,120.52,27.93,10.32,2.76,0.0
20230607:0811,310464.0,166.88,36.63,10.78,2.97,0.0
20230607:0911,348408.0,185.42,44.89,11.35,3.03,0.0
20230607:1011,382200.0,202.11,52.01,11.98,3.1,0.0
20230607:1111,394800.0,208.6,56.94,12.54,3.24,0.0
20230607:1211,571776.0,295.02,58.47,13.31,3.31,0.0
20230607:1311,719592.0,368.13,56.1,13.91,3.24,0.0
20230607:1411,857208.0,436.96,50.57,14.42,3.1,0.0
20230607:1511,1207008.0,613.63,43.12,14.5,3.03,0.0
20230607:1611,770760.0,394.23,34.72,14.29,3.17,0.0
20230607:1711,539616.0,290.33,25.98,13.75,3.52,0.0
20230607:1811,217464.0,132.77,17.35,12.94,3.79,0.0
20230607:1911,71304.0,49.84,9.17,11.35,3.66,0.0
20230607:2011,0.0,0.87,1.78,10.34,3.03,0.0
20230607:2111,0.0,0.0,0.0,9.74,2.69,0.0
20230607:2211,0.0,0.0,0.0,9.14,2.21,0.0
20230607:2311,0.0,0.0,0.0,8.8,2.0,0.0
20230608:0011,0.0,0.0,0.0,9.12,2.0,0.0
20230608:0111,0.0,0.0,0.0,9.09,2.28,0.0
20230608:0211,0.0,0.0,0.0,8.9,2.07,0.0
20230608:0311,0.0,0.0,0.0,8.91,2.07,0.0
20230608:0411,0.0,2.62,3.39,8.93,2.21,0.0
20230608:0511,24696.0,23.61,10.98,9.03,2.69,0.0
20230608:0611,129216.0,78.8,19.29,9.47,3.38,0.0
20230608:0711,238032.0,131.65,27.98,9.86,3.24,0.0
20230608:0811,486984.0,250.55,36.68,10.61,3.38,0.0
20230608:0911,628728.0,318.73,44.94,11.07,3.52,0.0
20230608:1011,615048.0,313.38,52.07,11.87,3.72,0.0
20230608:1111,1023408.0,514.74,57.02,12.75,3.93,0.0
20230608:1211,1535568.0,781.47,58.57,13.69,4.0,0.0
20230608:1311,1492080.0,758.67,56.2,14.06,4.07,0.0
20230608:1411,1638792.0,834.76,50.67,14.39,4.21,0.0
20230608:1511,1473936.0,744.23,43.22,14.34,4.28,0.0
20230608:1611,1069560.0,540.63,34.82,14.07,4.48,0.0
20230608:1711,576144.0,310.72,26.08,13.35,4.48,0.0
20230608:1811,180264.0,129.0,17.45,12.53,4.28,0.0
20230608:1911,28680.0,26.23,9.27,11.52,4.0,0.0
20230608:2011,0.0,0.87,1.88,10.56,3.31,0.0
20230608:2111,0.0,0.0,0.0,9.83,2.83,0.0
20230608:2211,0.0,0.0,0.0,9.34,2.62,0.0
20230608:2311,0.0,0.0,0.0,8.77,2.34,0.0
20230609:0011,0.0,0.0,0.0,8.02,2.21,0.0
20230609:0111,0.0,0.0,0.0,7.69,2.14,0.0
20230609:0211,0.0,0.0,0.0,7.49,2.07,0.0
20230609:0311,0.0,0.0,0.0,7.41,2.14,0.0
20230609:0411,0.0,2.62,3.44,7.24,2.14,0.0
20230609:0511,41400.0,33.23,11.03,8.24,1.86,0.0
20230609:0611,167712.0,98.16,19.33,10.01,3.52,0.0
20230609:0711,371496.0,195.97,28.01,10.25,3.59,0.0
20230609:0811,858120.0,430.16,36.72,11.27,3.45,0.0
20230609:0911,1393128.0,699.8,44.99,12.4,3.59,0.0
20230609:1011,1724664.0,881.52,52.13,13.61,3.72,0.0
20230609:1111,1939080.0,1007.88,57.09,14.91,3.86,0.0
20230609:1211,1979760.0,1034.34,58.66,15.82,4.07,0.0
20230609:1311,1907328.0,992.73,56.3,16.44,4.28,0.0
20230609:1411,1551624.0,796.54,50.77,16.65,4.28,0.0
20230609:1511,1406520.0,716.6,43.32,16.62,4.34,0.0
20230609:1611,1026672.0,524.95,34.91,16.32,4.28,0.0
20230609:1711,571632.0,313.25,26.18,15.73,4.14,0.0
20230609:1811,168384.0,125.8,17.54,14.81,4.0,0.0
20230609:1911,75576.0,52.47,9.36,13.18,3.38,0.0
20230609:2011,0.0,0.87,1.97,11.99,2.76,0.0
20230609:2111,0.0,0.0,0.0,10.66,2.41,0.0
20230609:2211,0.0,0.0,0.0,9.78,2.28,0.0
20230609:2311,0.0,0.0,0.0,9.2,2.21,0.0
20230610:0011,0.0,0.0,0.0,8.81,2.28,0.0
20230610:0111,0.0,0.0,0.0,8.72,2.34,0.0
20230610:0211,0.0,0.0,0.0,8.66,2.41,0.0
20230610:0311,0.0,0.0,0.0,8.66,2.48,0.0
20230610:0411,2184.0,7.87,3.49,8.74,2.55,0.0
20230610:0511,93816.0,61.21,11.07,9.78,2.34,0.0
20230610:0611,241608.0,162.78,19.36,11.95,2.62,0.0
20230610:0711,683376.0,363.65,28.05,13.61,3.03,0.0
20230610:0811,1119552.0,571.53,36.76,15.57,3.31,0.0
20230610:0911,1472208.0,760.42,45.03,17.45,3.38,0.0
20230610:1011,1749408.0,923.33,52.18,19.26,3.52,0.0
20230610:1111,1911696.0,1027.66,57.16,20.81,3.59,0.0
20230610:1211,1911600.0,1031.27,58.74,22.14,3.93,0.0
20230610:1311,1834728.0,984.6,56.38,23.14,4.41,0.0
20230610:1411,1667592.0,885.01,50.86,23.62,4.83,0.0
20230610:1511,1386864.0,726.58,43.41,23.54,5.17,0.0
20230610:1611,1001808.0,526.32,35.0,22.88,5.17,0.0
20230610:1711,557592.0,314.07,26.26,21.84,5.03,0.0
20230610:1811,154848.0,124.43,17.63,20.47,4.48,0.0
20230610:1911,70296.0,50.72,9.45,18.59,3.79,0.0
20230610:2011,0.0,2.62,2.07,16.74,3.38,0.0
20230610:2111,0.0,0.0,0.0,15.06,2.83,0.0
20230610:2211,0.0,0.0,0.0,13.84,2.41,0.0
20230610:2311,0.0,0.0,0.0,12.96,2.07,0.0
20230611:0011,0.0,0.0,0.0,12.02,1.86,0.0
20230611:0111,0.0,0.0,0.0,10.96,1.59,0.0
20230611:0211,0.0,0.0,0.0,10.27,1.59,0.0
20230611:0311,0.0,0.0,0.0,9.96,1.45,0.0
20230611:0411,0.0,2.62,3.53,9.73,1.45,0.0
20230611:0511,17472.0,19.24,11.1,10.86,1.03,0.0
20230611:0611,115248.0,73.24,19.39,13.61,0.9,0.0
20230611:0711,479736.0,257.35,28.08,15.6,1.52,0.0
20230611:0811,954888.0,497.73,36.79,17.22,1.59,0.0
20230611:0911,943944.0,495.24,45.07,18.91,1.59,0.0
20230611:1011,1361712.0,728.1,52.23,20.49,1.72,0.0
20230611:1111,1712760.0,937.61,57.22,21.99,2.07,0.0
20230611:1211,1701384.0,930.61,58.81,23.22,2.55,0.0
20230611:1311,1764384.0,966.42,56.47,24.3,2.97,0.0
20230611:1411,1605144.0,870.03,50.95,24.94,3.17,0.0
20230611:1511,1324800.0,710.42,43.5,25.39,3.17,0.0
20230611:1611,951504.0,511.73,35.09,25.43,3.1,0.0
20230611:1711,115896.0,76.95,26.35,25.13,2.69,0.0
20230611:1811,17808.0,20.4,17.72,24.32,2.34,0.0
20230611:1911,3720.0,9.62,9.54,22.48,2.21,0.0
20230611:2011,0.0,0.87,2.15,20.48,2.07,0.0
20230611:2111,0.0,0.0,0.0,18.46,2.07,0.0
20230611:2211,0.0,0.0,0.0,16.96,1.86,0.0
20230611:2311,0.0,0.0,0.0,15.8,1.79,0.0
20230612:0011,0.0,0.0,0.0,14.72,1.72,0.0
20230612:0111,0.0,0.0,0.0,13.86,1.72,0.0
20230612:0211,0.0,0.0,0.0,13.19,1.79,0.0
20230612:0311,0.0,0.0,0.0,12.69,2.0,0.0
20230612:0411,408.0,6.12,3.56,12.42,2.14,0.0
20230612:0511,87120.0,58.59,11.13,13.21,1.79,0.0
20230612:0611,229848.0,160.8,19.42,15.86,1.86,0.0
20230612:0711,662568.0,362.17,28.1,18.21,2.21,0.0
20230612:0811,1086528.0,569.97,36.81,20.16,2.62,0.0
20230612:0911,0.0,0.0,0.0,21.82,3.17,0.0
20230612:1011,1455504.0,774.42,52.26,23.01,3.59,0.0
20230612:1111,1836816.0,998.57,57.27,23.85,3.66,0.0
20230612:1211,1840848.0,1006.96,58.88,24.46,3.52,0.0
20230612:1311,1517712.0,820.65,56.54,24.87,3.38,0.0
20230612:1411,1621752.0,876.73,51.03,24.91,3.45,0.0
20230612:1511,1342128.0,715.63,43.58,24.81,3.52,0.0
20230612:1611,976896.0,521.92,35.17,24.63,3.52,0.0
20230612:1711,550416.0,314.8,26.43,24.17,3.72,0.0
20230612:1811,169080.0,128.19,17.8,23.1,3.66,0.0
20230612:1911,80160.0,56.84,9.62,21.97,3.1,0.0
20230612:2011,0.0,0.87,2.23,20.38,3.03,0.0
20230612:2111,0.0,0.0,0.0,18.89,2.76,0.0
20230612:2211,0.0,0.0,0.0,18.08,2.55,0.0
20230612:2311,0.0,0.0,0.0,17.33,2.14,0.0
20230613:0011,0.0,0.0,0.0,16.33,1.86,0.0
20230613:0111,0.0,0.0,0.0,15.27,1.93,0.0
20230613:0211,0.0,0.0,0.0,14.22,1.79,0.0
20230613:0311,0.0,0.0,0.0,13.18,1.79,0.0
20230613:0411,3048.0,8.74,3.59,12.5,2.07,0.0
20230613:0511,80520.0,55.09,11.15,13.03,1.93,0.0
20230613:0611,237048.0,163.22,19.44,15.45,2.14,0.0
20230613:0711,677184.0,367.18,28.12,17.3,2.97,0.0
20230613:0811,1121592.0,581.24,36.83,18.98,3.59,0.0
20230613:0911,1490544.0,777.32,45.12,20.43,4.07,0.0
20230613:1011,1743528.0,923.08,52.3,21.58,4.34,0.0
20230613:1111,1851528.0,992.67,57.32,22.53,4.34,0.0
20230613:1211,1882872.0,1019.08,58.94,23.26,4.07,0.0
20230613:1311,1816440.0,985.77,56.62,23.85,3.72,0.0
20230613:1411,1638768.0,882.73,51.1,24.27,3.59,0.0
20230613:1511,1371216.0,730.63,43.65,24.41,3.52,0.0
20230613:1611,989304.0,527.81,35.24,24.21,3.45,0.0
20230613:1711,563904.0,322.16,26.51,23.76,3.24,0.0
20230613:1811,162456.0,128.6,17.87,22.85,2.97,0.0
20230613:1911,60000.0,45.47,9.7,20.8,3.03,0.0
20230613:2011,0.0,1.75,2.31,18.81,2.55,0.0
20230613:2111,0.0,0.0,0.0,16.93,2.21,0.0
20230613:2211,0.0,0.0,0.0,15.42,2.0,0.0
20230613:2311,0.0,0.0,0.0,13.87,1.86,0.0
20230614:0011,0.0,0.0,0.0,12.45,1.93,0.0
20230614:0111,0.0,0.0,0.0,11.25,1.86,0.0
20230614:0211,0.0,0.0,0.0,10.48,1.72,0.0
20230614:0311,0.0,0.0,0.0,9.69,1.86,0.0
20230614:0411,15000.0,17.49,3.61,8.92,2.07,0.0
20230614:0511,70080.0,48.97,11.17,9.89,1.93,0.0
20230614:0611,230328.0,165.53,19.45,13.58,1.93,0.0
20230614:0711,701016.0,378.19,28.13,16.22,3.17,0.0
20230614:0811,1151016.0,592.53,36.84,17.84,3.86,0.0
20230614:0911,1495224.0,774.01,45.13,19.17,4.28,0.0
20230614:1011,1779144.0,935.08,52.32,20.31,4.62,0.0
20230614:1111,1948248.0,1034.67,57.36,21.2,5.03,0.0
20230614:1211,1976208.0,1051.25,58.99,21.75,5.38,0.0
20230614:1311,1895520.0,1004.53,56.68,22.02,5.45,0.0
20230614:1411,1731048.0,910.8,51.17,22.04,5.24,0.0
20230614:1511,1439472.0,750.1,43.72,21.83,4.97,0.0
20230614:1611,1094424.0,571.7,35.31,21.34,4.83,0.0
20230614:1711,612624.0,344.65,26.58,20.55,4.55,0.0
20230614:1811,154752.0,128.92,17.94,19.52,4.07,0.0
20230614:1911,59376.0,44.6,9.77,17.81,3.31,0.0
20230614:2011,0.0,1.75,2.38,16.2,2.83,0.0
20230614:2111,0.0,0.0,0.0,14.49,2.34,0.0
20230614:2211,0.0,0.0,0.0,13.31,2.0,0.0
20230614:2311,0.0,0.0,0.0,12.32,1.79,0.0
20230615:0011,0.0,0.0,0.0,11.31,1.79,0.0
20230615:0111,0.0,0.0,0.0,10.48,1.72,0.0
20230615:0211,0.0,0.0,0.0,9.79,1.79,0.0
20230615:0311,0.0,0.0,0.0,9.22,1.79,0.0
20230615:0411,13680.0,16.61,3.63,8.85,1.79,0.0
20230615:0511,78312.0,53.34,11.18,10.09,1.24,0.0
20230615:0611,230352.0,162.67,19.46,13.27,1.17,0.0
20230615:0711,682968.0,370.21,28.13,15.27,1.45,0.0
20230615:0811,1114296.0,582.0,36.85,17.09,1.59,0.0
20230615:0911,1450728.0,769.23,45.14,18.81,1.72,0.0
20230615:1011,1708896.0,924.14,52.34,20.29,2.07,0.0
20230615:1111,1869696.0,1024.66,57.39,21.4,2.41,0.0
20230615:1211,1865808.0,1021.64,59.04,22.18,2.76,0.0
20230615:1311,1712016.0,928.45,56.74,22.73,2.97,0.0
20230615:1411,1452768.0,776.64,51.23,22.86,3.03,0.0
20230615:1511,1364784.0,720.8,43.79,22.29,3.31,0.0
20230615:1611,1012032.0,533.28,35.38,22.04,3.72,0.0
20230615:1711,576408.0,324.64,26.64,21.48,3.79,0.0
20230615:1811,162744.0,129.6,18.01,20.72,3.45,0.0
20230615:1911,60336.0,45.47,9.83,19.7,2.76,0.0
20230615:2011,0.0,1.75,2.44,18.03,2.48,0.0
20230615:2111,0.0,0.0,0.0,16.18,2.28,0.0
20230615:2211,0.0,0.0,0.0,14.79,2.07,0.0
20230615:2311,0.0,0.0,0.0,13.49,1.79,0.0
20230616:0011,0.0,0.0,0.0,12.28,1.38,0.0
20230616:0111,0.0,0.0,0.0,13.3,0.76,0.0
20230616:0211,0.0,0.0,0.0,13.06,0.21,0.0
20230616:0311,0.0,0.0,0.0,12.66,0.69,0.0
20230616:0411,8520.0,13.12,3.64,11.61,0.97,0.0
20230616:0511,79056.0,54.22,11.18,12.21,0.55,0.0
20230616:0611,228696.0,162.62,19.46,13.85,0.34,0.0
20230616:0711,676608.0,370.49,28.13,16.49,0.9,0.0
20230616:0811,1103664.0,579.54,36.85,18.05,1.52,0.0
20230616:0911,1445112.0,767.45,45.15,19.51,1.86,0.0
20230616:1011,1698696.0,921.04,52.35,21.08,2.14,0.0
20230616:1111,1833576.0,1008.96,57.42,22.34,2.34,0.0
20230616:1211,1849152.0,1024.86,59.08,23.23,2.34,0.0
20230616:1311,1778280.0,985.08,56.79,23.78,2.21,0.0
20230616:1411,1613976.0,883.52,51.29,24.02,2.21,0.0
20230616:1511,1361496.0,733.04,43.85,24.23,2.41,0.0
20230616:1611,972600.0,521.14,35.44,24.08,2.69,0.0
20230616:1711,555168.0,314.86,26.7,23.64,3.03,0.0
20230616:1811,166488.0,131.41,18.07,22.92,3.24,0.0
20230616:1911,75504.0,54.22,9.89,21.65,3.1,0.0
20230616:2011,0.0,1.75,2.5,19.87,2.9,0.0
20230616:2111,0.0,0.0,0.0,18.02,2.69,0.0
20230616:2211,0.0,0.0,0.0,16.56,2.41,0.0
20230616:2311,0.0,0.0,0.0,15.35,2.21,0.0
20230617:0011,0.0,0.0,0.0,14.3,2.0,0.0
20230617:0111,0.0,0.0,0.0,13.17,1.93,0.0
20230617:0211,0.0,0.0,0.0,12.26,1.93,0.0
20230617:0311,0.0,0.0,0.0,11.38,1.79,0.0
20230617:0411,8568.0,13.12,3.64,10.83,1.66,0.0
20230617:0511,106584.0,68.21,11.18,11.47,1.24,0.0
20230617:0611,255336.0,163.19,19.45,14.09,1.1,0.0
20230617:0711,528432.0,283.43,28.13,15.87,1.52,0.0
20230617:0811,736440.0,384.78,36.84,17.61,2.0,0.0
20230617:0911,1015896.0,530.5,45.15,19.07,2.28,0.0
20230617:1011,841176.0,441.47,52.36,20.08,2.76,0.0
20230617:1111,879624.0,461.53,57.43,20.48,3.17,0.0
20230617:1211,756864.0,399.63,59.12,20.77,2.97,0.0
20230617:1311,286392.0,162.24,56.83,21.0,3.31,0.0
20230617:1411,251088.0,144.63,51.34,21.01,2.97,0.0
20230617:1511,350544.0,194.69,43.9,21.21,2.9,0.0
20230617:1611,248880.0,143.7,35.49,21.33,3.03,0.0
20230617:1711,210072.0,124.07,26.76,21.11,2.9,0.0
20230617:1811,125688.0,80.66,18.12,20.67,2.9,0.0
20230617:1911,37512.0,32.35,9.94,19.5,2.28,0.0
20230617:2011,0.0,1.75,2.55,18.12,2.07,0.0
20230617:2111,0.0,0.0,0.0,16.39,2.28,0.0
20230617:2211,0.0,0.0,0.0,14.89,2.34,0.0
20230617:2311,0.0,0.0,0.0,13.92,2.0,0.0
20230618:0011,0.0,0.0,0.0,12.88,1.79,0.0
20230618:0111,0.0,0.0,0.0,11.88,1.72,0.0
20230618:0211,0.0,0.0,0.0,10.9,1.59,0.0
20230618:0311,0.0,0.0,0.0,10.49,1.31,0.0
20230618:0411,3120.0,8.74,3.64,10.47,1.17,0.0
20230618:0511,99816.0,64.71,11.17,11.22,0.97,0.0
20230618:0611,83064.0,56.55,19.44,13.48,1.03,0.0
20230618:0711,356784.0,193.72,28.12,14.85,1.66,0.0
20230618:0811,842736.0,435.8,36.83,16.54,2.34,0.0
20230618:0911,1124808.0,581.58,45.14,17.78,2.76,0.0
20230618:1011,1645824.0,871.21,52.36,18.8,2.69,0.0
20230618:1111,1229040.0,644.84,57.45,20.28,3.17,0.0
20230618:1211,1709904.0,912.34,59.14,21.5,3.79,0.0
20230618:1311,1366320.0,719.43,56.87,22.17,4.28,0.0
20230618:1411,662112.0,351.53,51.39,22.38,4.48,0.0
20230618:1511,218880.0,128.87,43.95,22.42,4.97,0.0
20230618:1611,146784.0,91.78,35.54,21.62,4.83,0.0
20230618:1711,97776.0,65.82,26.81,20.15,3.38,0.0
20230618:1811,19776.0,21.32,18.17,19.19,2.97,0.0
20230618:1911,14208.0,17.49,9.99,17.61,2.48,0.0
20230618:2011,0.0,2.62,2.6,16.72,2.41,0.0
20230618:2111,0.0,0.0,0.0,16.24,2.07,0.0
20230618:2211,0.0,0.0,0.0,16.04,1.52,0.0
20230618:2311,0.0,0.0,0.0,15.94,1.03,0.0
20230619:0011,0.0,0.0,0.0,15.89,0.76,0.0
20230619:0111,0.0,0.0,0.0,15.9,0.69,0.0
20230619:0211,0.0,0.0,0.0,15.92,0.83,0.0
20230619:0311,0.0,0.0,0.0,15.9,2.07,0.0
20230619:0411,0.0,2.62,3.63,15.79,3.45,0.0
20230619:0511,22368.0,22.74,11.16,15.89,4.21,0.0
20230619:0611,223152.0,158.31,19.43,16.0,4.21,0.0
20230619:0711,663624.0,358.09,28.1,16.95,4.34,0.0
20230619:0811,1024848.0,524.73,36.82,17.96,4.97,0.0
20230619:0911,1128768.0,578.57,45.13,18.71,4.83,0.0
20230619:1011,1276776.0,659.75,52.35,19.85,4.9,0.0
20230619:1111,970704.0,504.97,57.45,20.7,4.76,0.0
20230619:1211,772488.0,405.43,59.16,21.04,4.48,0.0
20230619:1311,758952.0,398.82,56.91,21.35,4.62,0.0
20230619:1411,1062768.0,553.96,51.43,21.67,4.76,0.0
20230619:1511,301080.0,169.66,43.99,21.5,4.41,0.0
20230619:1611,994560.0,521.03,35.59,21.35,4.07,0.0
20230619:1711,221088.0,129.64,26.85,21.37,3.72,0.0
20230619:1811,188976.0,135.94,18.22,21.09,3.03,0.0
20230619:1911,72720.0,52.47,10.04,20.45,2.14,0.0
20230619:2011,0.0,1.75,2.64,19.23,1.79,0.0
20230619:2111,0.0,0.0,0.0,17.58,1.31,0.0
20230619:2211,0.0,0.0,0.0,16.21,1.31,0.0
20230619:2311,0.0,0.0,0.0,15.31,1.38,0.0
20230620:0011,0.0,0.0,0.0,16.0,0.9,0.0
20230620:0111,0.0,0.0,0.0,16.17,0.28,0.0
20230620:0211,0.0,0.0,0.0,15.7,0.69,0.0
20230620:0311,0.0,0.0,0.0,14.7,1.1,0.0
20230620:0411,0.0,2.62,3.61,14.6,1.03,0.0
20230620:0511,36888.0,31.48,11.14,15.08,0.76,0.0
20230620:0611,33720.0,29.67,19.41,15.49,0.69,0.0
20230620:0711,69264.0,50.06,28.08,17.69,0.97,0.0
20230620:0811,110784.0,72.31,36.8,18.35,1.03,0.0
20230620:0911,139584.0,87.15,45.11,18.11,0.97,0.0
20230620:1011,127224.0,80.66,52.34,17.86,1.38,0.0
20230620:1111,140016.0,87.15,57.45,17.8,1.86,0.0
20230620:1211,180312.0,107.54,59.18,17.85,2.14,0.0
20230620:1311,151344.0,92.71,56.93,17.48,2.62,0.0
20230620:1411,316512.0,174.3,51.46,16.77,2.69,0.0
20230620:1511,410712.0,220.17,44.03,16.32,2.62,0.0
20230620:1611,462744.0,245.65,35.63,16.31,2.62,0.0
20230620:1711,301560.0,167.31,26.89,16.86,3.31,0.0
20230620:1811,169944.0,132.38,18.26,17.32,3.03,0.0
20230620:1911,11760.0,15.74,10.07,17.25,2.07,0.0
20230620:2011,0.0,1.75,2.67,16.75,2.21,0.0
20230620:2111,0.0,0.0,0.0,16.4,2.48,0.0
20230620:2211,0.0,0.0,0.0,15.85,2.76,0.0
20230620:2311,0.0,0.0,0.0,15.31,3.03,0.0
20230621:0011,0.0,0.0,0.0,14.51,3.1,0.0
20230621:0111,0.0,0.0,0.0,13.9,2.97,0.0
20230621:0211,0.0,0.0,0.0,13.4,2.83,0.0
20230621:0311,0.0,0.0,0.0,13.36,2.9,0.0
20230621:0411,0.0,4.37,3.59,13.43,2.97,0.0
20230621:0511,76848.0,53.34,11.12,14.08,3.1,0.0
20230621:0611,223632.0,158.95,19.38,15.21,3.59,0.0
20230621:0711,641016.0,344.62,28.05,16.83,4.14,0.0
20230621:0811,1019064.0,523.18,36.77,18.05,4.55,0.0
20230621:0911,1338960.0,687.09,45.09,18.85,4.9,0.0
20230621:1011,1603272.0,829.1,52.32,19.45,5.38,0.0
20230621:1111,1694760.0,881.21,57.44,19.98,5.72,0.0
20230621:1211,1358592.0,702.5,59.18,20.26,5.79,0.0
20230621:1311,1765800.0,923.78,56.95,20.45,5.45,0.0
20230621:1411,1642656.0,855.39,51.49,20.89,5.45,0.0
20230621:1511,1422912.0,737.63,44.06,20.98,4.97,0.0
20230621:1611,1024848.0,534.79,35.66,20.93,4.41,0.0
20230621:1711,585936.0,327.68,26.93,20.75,3.86,0.0
20230621:1811,174864.0,134.44,18.29,20.26,3.03,0.0
20230621:1911,63312.0,47.22,10.1,20.14,1.93,0.0
20230621:2011,312.0,6.12,2.7,18.8,2.14,0.0
20230621:2111,0.0,0.0,0.0,17.23,2.14,0.0
20230621:2211,0.0,0.0,0.0,15.75,1.93,0.0
20230621:2311,0.0,0.0,0.0,14.44,1.86,0.0
20230622:0011,0.0,0.0,0.0,13.4,1.72,0.0
20230622:0111,0.0,0.0,0.0,12.6,1.59,0.0
20230622:0211,0.0,0.0,0.0,12.33,1.45,0.0
20230622:0311,0.0,0.0,0.0,11.84,1.38,0.0
20230622:0411,10944.0,14.87,3.57,11.44,1.31,0.0
20230622:0511,72336.0,50.72,11.09,12.58,0.9,0.0
20230622:0611,221760.0,157.47,19.35,15.02,0.83,0.0
20230622:0711,649176.0,357.07,28.02,17.55,1.17,0.0
20230622:0811,1080936.0,568.49,36.74,18.75,1.66,0.0
20230622:0911,1413120.0,754.54,45.06,19.73,1.45,0.0
20230622:1011,1658472.0,913.74,52.3,20.61,1.03,0.0
20230622:1111,1783440.0,1001.89,57.43,21.42,0.97,0.0
20230622:1211,1799544.0,1025.01,59.18,21.66,0.62,0.0
20230622:1311,1644600.0,928.22,56.96,22.0,0.48,0.0
20230622:1411,920808.0,496.36,51.51,22.0,0.62,0.0
20230622:1511,930024.0,500.32,44.09,21.92,0.62,0.0
20230622:1611,836040.0,445.64,35.69,21.39,1.59,0.0
20230622:1711,345624.0,193.43,26.96,20.97,2.28,0.0
20230622:1811,221904.0,136.16,18.32,20.52,2.55,0.0
20230622:1911,87936.0,60.34,10.13,19.03,2.9,0.0
20230622:2011,0.0,1.75,2.72,17.82,2.83,0.0
20230622:2111,0.0,0.0,0.0,16.38,2.48,0.0
20230622:2211,0.0,0.0,0.0,15.31,2.21,0.0
20230622:2311,0.0,0.0,0.0,14.4,2.14,0.0
20230623:0011,0.0,0.0,0.0,13.75,2.07,0.0
20230623:0111,0.0,0.0,0.0,13.32,1.93,0.0
20230623:0211,0.0,0.0,0.0,12.97,1.86,0.0
20230623:0311,0.0,0.0,0.0,12.74,1.93,0.0
20230623:0411,0.0,2.62,3.53,12.83,1.86,0.0
20230623:0511,5064.0,10.49,11.05,13.52,1.66,0.0
20230623:0611,51696.0,39.87,19.31,14.81,1.93,0.0
20230623:0711,128760.0,80.66,27.98,15.69,2.14,0.0
20230623:0811,242976.0,138.14,36.7,16.72,2.34,0.0
20230623:0911,375576.0,204.19,45.02,17.6,2.41,0.0
20230623:1011,704880.0,369.56,52.27,18.65,2.62,0.0
20230623:1111,481992.0,259.0,57.41,19.68,2.9,0.0
20230623:1211,1048848.0,548.94,59.17,20.64,3.52,0.0
20230623:1311,1609968.0,852.27,56.97,21.5,4.07,0.0
20230623:1411,688968.0,364.69,51.53,22.17,4.48,0.0
20230623:1511,574776.0,307.14,44.11,22.48,4.76,0.0
20230623:1611,186096.0,112.18,35.72,22.13,4.21,0.0
20230623:1711,266856.0,153.13,26.98,21.55,3.17,0.0
20230623:1811,49968.0,39.87,18.34,21.4,3.86,0.0
20230623:1911,19272.0,20.99,10.15,19.07,4.0,0.0
20230623:2011,0.0,1.75,2.74,18.3,3.93,0.0
20230623:2111,0.0,0.0,0.0,17.99,3.86,0.0
20230623:2211,0.0,0.0,0.0,17.94,3.79,0.0
20230623:2311,0.0,0.0,0.0,17.82,3.93,0.0
20230624:0011,0.0,0.0,0.0,17.89,4.0,0.0
20230624:0111,0.0,0.0,0.0,17.82,4.0,0.0
20230624:0211,0.0,0.0,0.0,17.89,4.07,0.0
20230624:0311,0.0,0.0,0.0,17.74,4.0,0.0
20230624:0411,0.0,4.37,3.5,17.66,3.93,0.0
20230624:0511,4896.0,10.49,11.01,17.81,3.86,0.0
20230624:0611,140376.0,87.53,19.27,18.31,3.38,0.0
20230624:0711,157872.0,96.42,27.94,18.89,4.34,0.0
20230624:0811,294888.0,165.02,36.66,19.57,5.1,0.0
20230624:0911,347184.0,191.91,44.98,20.81,5.03,0.0
20230624:1011,360168.0,199.33,52.23,22.06,5.45,0.0
20230624:1111,407928.0,223.43,57.38,22.17,5.03,0.0
20230624:1211,1280904.0,671.99,59.16,22.5,4.9,0.0
20230624:1311,1248432.0,655.99,56.97,23.37,5.17,0.0
20230624:1411,1584672.0,838.77,51.54,23.87,4.97,0.0
20230624:1511,1216584.0,639.82,44.13,23.77,4.48,0.0
20230624:1611,953784.0,505.78,35.74,24.07,4.21,0.0
20230624:1711,576576.0,328.37,27.0,23.96,3.52,0.0
20230624:1811,165936.0,133.56,18.36,23.56,2.41,0.0
20230624:1911,65496.0,48.97,10.17,22.7,0.9,0.0
20230624:2011,0.0,1.75,2.75,21.77,0.55,0.0
20230624:2111,0.0,0.0,0.0,19.96,1.72,0.0
20230624:2211,0.0,0.0,0.0,18.74,2.07,0.0
20230624:2311,0.0,0.0,0.0,18.22,2.28,0.0
20230625:0011,0.0,0.0,0.0,18.03,2.62,0.0
20230625:0111,0.0,0.0,0.0,17.87,2.76,0.0
20230625:0211,0.0,0.0,0.0,17.7,2.9,0.0
20230625:0311,0.0,0.0,0.0,17.41,3.03,0.0
20230625:0411,5976.0,11.37,3.45,17.22,3.24,0.0
20230625:0511,73896.0,52.47,10.97,17.5,3.31,0.0
20230625:0611,211008.0,154.18,19.22,18.72,3.59,0.0
20230625:0711,641544.0,352.65,27.89,20.4,4.76,0.0
20230625:0811,1051512.0,546.58,36.61,21.46,5.24,0.0
20230625:0911,913104.0,477.0,44.94,22.55,5.38,0.0
20230625:1011,1615320.0,851.76,52.19,23.74,5.59,0.0
20230625:1111,1678248.0,893.5,57.35,24.85,5.72,0.0
20230625:1211,1206672.0,638.25,59.14,25.67,6.21,0.0
20230625:1311,399000.0,222.51,56.96,26.19,6.28,0.0
20230625:1411,1062360.0,561.4,51.54,25.98,6.34,0.0
20230625:1511,1414608.0,735.71,44.14,22.49,5.52,0.0
20230625:1611,545784.0,290.05,35.75,20.41,4.69,0.0
20230625:1711,260160.0,148.66,27.01,19.79,2.83,0.0
20230625:1811,188424.0,113.84,18.37,19.61,2.9,0.0
20230625:1911,84840.0,58.59,10.18,18.64,3.03,0.0
20230625:2011,0.0,1.75,2.75,17.52,3.66,0.0
20230625:2111,0.0,0.0,0.0,16.51,3.86,0.0
20230625:2211,0.0,0.0,0.0,15.51,3.52,0.0
20230625:2311,0.0,0.0,0.0,14.67,3.31,0.0
20230626:0011,0.0,0.0,0.0,14.31,3.79,0.0
20230626:0111,0.0,0.0,0.0,14.17,4.14,0.0
20230626:0211,0.0,0.0,0.0,13.9,4.07,0.0
20230626:0311,0.0,0.0,0.0,13.44,3.79,0.0
20230626:0411,1200.0,7.0,3.4,13.23,3.59,0.0
20230626:0511,70536.0,49.84,10.91,13.42,3.66,0.0
20230626:0611,226272.0,156.27,19.17,14.26,4.0,0.0
20230626:0711,637560.0,340.56,27.84,15.35,4.48,0.0
20230626:0811,734568.0,375.93,36.56,16.14,5.45,0.0
20230626:0911,1111320.0,560.85,44.88,16.57,6.14,0.0
20230626:1011,798072.0,406.81,52.14,16.49,6.34,0.0
20230626:1111,1720608.0,877.01,57.3,17.04,6.62,0.0
20230626:1211,1597416.0,813.98,59.11,17.42,6.69,0.0
20230626:1311,1753632.0,897.16,56.95,17.59,6.55,0.0
20230626:1411,1632336.0,829.83,51.54,17.79,6.83,0.0
20230626:1511,1407576.0,712.54,44.14,17.84,6.48,0.0
20230626:1611,965880.0,492.67,35.75,17.53,6.14,0.0
20230626:1711,586176.0,317.86,27.02,17.36,6.14,0.0
20230626:1811,196224.0,140.41,18.38,17.11,5.59,0.0
20230626:1911,85824.0,58.59,10.18,16.59,4.55,0.0
20230626:2011,6048.0,11.37,2.75,15.85,3.66,0.0
20230626:2111,0.0,0.0,0.0,14.87,3.24,0.0
20230626:2211,0.0,0.0,0.0,14.13,2.97,0.0
20230626:2311,0.0,0.0,0.0,13.63,2.69,0.0
20230627:0011,0.0,0.0,0.0,13.01,2.62,0.0
20230627:0111,0.0,0.0,0.0,12.83,2.48,0.0
20230627:0211,0.0,0.0,0.0,12.7,2.28,0.0
20230627:0311,0.0,0.0,0.0,12.49,2.0,0.0
20230627:0411,2112.0,7.87,3.35,12.39,1.93,0.0
20230627:0511,90624.0,60.34,10.86,12.92,1.86,0.0
20230627:0611,193536.0,113.74,19.11,14.41,1.93,0.0
20230627:0711,395712.0,213.23,27.78,15.16,2.55,0.0
20230627:0811,282360.0,156.68,36.5,15.97,3.72,0.0
20230627:0911,305472.0,167.81,44.83,16.08,4.69,0.0
20230627:1011,160176.0,96.42,52.09,16.02,4.48,0.0
20230627:1111,108792.0,70.46,57.26,16.22,4.55,0.0
20230627:1211,204744.0,118.67,59.07,16.45,5.1,0.0
20230627:1311,193176.0,113.11,56.93,16.79,5.31,0.0
20230627:1411,262296.0,147.41,51.53,17.36,5.66,0.0
20230627:1511,217944.0,126.09,44.14,18.26,5.52,0.0
20230627:1611,210432.0,122.38,35.76,17.97,4.07,0.0
20230627:1711,179112.0,106.62,27.02,17.53,3.45,0.0
20230627:1811,30312.0,27.81,18.38,17.51,2.9,0.0
20230627:1911,3888.0,9.62,10.18,17.2,2.69,0.0
20230627:2011,0.0,1.75,2.75,17.34,2.76,0.0
20230627:2111,0.0,0.0,0.0,17.24,3.1,0.0
20230627:2211,0.0,0.0,0.0,17.23,3.45,0.0
20230627:2311,0.0,0.0,0.0,17.33,3.59,0.0
20230628:0011,0.0,0.0,0.0,17.27,3.59,0.0
20230628:0111,0.0,0.0,0.0,17.08,3.38,0.0
20230628:0211,0.0,0.0,0.0,16.85,3.03,0.0
20230628:0311,0.0,0.0,0.0,16.72,2.69,0.0
20230628:0411,0.0,1.75,3.29,16.75,2.41,0.0
20230628:0511,38040.0,32.35,10.8,16.92,2.28,0.0
20230628:0611,240672.0,144.61,19.05,17.27,2.21,0.0
20230628:0711,421608.0,229.15,27.72,17.98,2.9,0.0
20230628:0811,678504.0,355.76,36.44,18.66,2.76,0.0
20230628:0911,959688.0,496.7,44.77,19.12,3.59,0.0
20230628:1011,925488.0,479.4,52.03,19.45,4.21,0.0
20230628:1111,1005168.0,521.45,57.2,19.96,4.41,0.0
20230628:1211,1088016.0,564.37,59.03,20.67,5.1,0.0
20230628:1311,235080.0,136.28,56.9,21.06,4.76,0.0
20230628:1411,292080.0,165.02,51.51,21.42,4.76,0.0
20230628:1511,129120.0,82.51,44.13,21.27,5.1,0.0
20230628:1611,92376.0,63.04,35.75,20.71,5.24,0.0
20230628:1711,157176.0,96.42,27.02,19.78,4.34,0.0
20230628:1811,110640.0,72.31,18.37,19.2,3.66,0.0
20230628:1911,70344.0,50.72,10.17,18.27,2.62,0.0
20230628:2011,0.0,1.75,2.73,17.61,2.69,0.0
20230628:2111,0.0,0.0,0.0,16.93,2.9,0.0
20230628:2211,0.0,0.0,0.0,16.22,3.1,0.0
20230628:2311,0.0,0.0,0.0,15.78,3.17,0.0
20230629:0011,0.0,0.0,0.0,15.26,3.17,0.0
20230629:0111,0.0,0.0,0.0,14.86,3.1,0.0
20230629:0211,0.0,0.0,0.0,14.33,3.1,0.0
20230629:0311,0.0,0.0,0.0,13.56,3.03,0.0
20230629:0411,9648.0,13.99,3.22,12.48,3.03,0.0
20230629:0511,69240.0,48.97,10.73,12.39,2.9,0.0
20230629:0611,208512.0,153.57,18.98,13.15,2.97,0.0
20230629:0711,657096.0,352.7,27.65,14.32,3.24,0.0
20230629:0811,1046760.0,534.15,36.37,15.62,3.59,0.0
20230629:0911,1454136.0,743.67,44.7,16.59,4.0,0.0
20230629:1011,1030368.0,527.42,51.97,17.43,4.48,0.0
20230629:1111,434616.0,232.7,57.14,17.99,4.41,0.0
20230629:1211,919920.0,474.07,58.98,17.86,4.21,0.0
20230629:1311,1069296.0,549.5,56.86,17.88,4.34,0.0
20230629:1411,1049568.0,538.33,51.49,17.77,4.34,0.0
20230629:1511,1125168.0,575.1,44.12,17.69,4.48,0.0
20230629:1611,911352.0,468.14,35.74,17.73,4.76,0.0
20230629:1711,572784.0,310.33,27.01,17.44,4.83,0.0
20230629:1811,183024.0,139.01,18.36,16.92,4.41,0.0
20230629:1911,67920.0,48.97,10.15,16.17,3.66,0.0
20230629:2011,3960.0,9.62,2.71,15.34,3.17,0.0
20230629:2111,0.0,0.0,0.0,13.89,3.03,0.0
20230629:2211,0.0,0.0,0.0,12.97,2.83,0.0
20230629:2311,0.0,0.0,0.0,12.32,2.55,0.0
20230630:0011,0.0,0.0,0.0,11.98,2.48,0.0
20230630:0111,0.0,0.0,0.0,11.76,2.48,0.0
20230630:0211,0.0,0.0,0.0,11.42,2.48,0.0
20230630:0311,0.0,0.0,0.0,11.09,2.55,0.0
20230630:0411,0.0,1.75,3.15,10.99,2.62,0.0
20230630:0511,12168.0,15.74,10.66,11.92,2.55,0.0
20230630:0611,166656.0,98.99,18.91,13.22,2.9,0.0
20230630:0711,261096.0,145.31,27.58,14.23,3.66,0.0
20230630:0811,359592.0,193.16,36.3,14.86,4.34,0.0
20230630:0911,196272.0,114.03,44.63,15.44,4.83,0.0
20230630:1011,470832.0,247.23,51.89,15.62,5.66,0.0
20230630:1111,0.0,0.0,0.0,15.32,5.1,0.0
20230630:1211,760944.0,388.3,58.92,15.11,4.83,0.0
20230630:1311,224928.0,127.94,56.82,15.15,4.9,0.0
20230630:1411,289320.0,159.46,51.46,15.19,4.07,0.0
20230630:1511,273336.0,152.05,44.1,15.85,4.41,0.0
20230630:1611,156288.0,94.56,35.73,16.2,4.21,0.0
20230630:1711,121512.0,76.95,27.0,16.01,3.79,0.0
20230630:1811,73536.0,51.92,18.35,15.88,3.72,0.0
20230630:1911,16920.0,19.24,10.13,16.26,3.59,0.0
20230630:2011,0.0,1.75,2.69,16.17,3.66,0.0
20230630:2111,0.0,0.0,0.0,16.17,3.86,0.0
20230630:2211,0.0,0.0,0.0,16.24,3.93,0.0
20230630:2311,0.0,0.0,0.0,16.22,3.93,0.0
20230701:0011,0.0,0.0,0.0,16.1,4.0,0.0
20230701:0111,0.0,0.0,0.0,16.03,4.21,0.0
20230701:0211,0.0,0.0,0.0,15.85,4.34,0.0
20230701:0311,0.0,0.0,0.0,15.61,4.41,0.0
20230701:0411,0.0,1.75,3.07,15.42,4.41,0.0
20230701:0511,35400.0,30.61,10.58,15.34,4.41,0.0
20230701:0611,100176.0,65.82,18.83,15.46,4.07,0.0
20230701:0711,186696.0,109.4,27.5,15.62,4.76,0.0
20230701:0811,358104.0,193.16,36.22,16.11,5.45,0.0
20230701:0911,858432.0,435.61,44.55,16.79,6.83,0.0
20230701:1011,848736.0,432.16,51.82,17.07,6.76,0.0
20230701:1111,1499208.0,760.62,57.0,17.75,7.38,0.0
20230701:1211,252624.0,142.77,58.86,17.9,7.45,0.0
20230701:1311,1351992.0,685.9,56.78,17.93,7.24,0.0
20230701:1411,832296.0,424.04,51.43,17.61,7.86,0.0
20230701:1511,1274280.0,639.39,44.07,16.73,7.38,0.0
20230701:1611,558936.0,290.13,35.71,16.66,7.31,0.0
20230701:1711,321936.0,176.46,26.98,16.8,7.1,0.0
20230701:1811,176040.0,137.77,18.32,16.29,5.93,0.0
20230701:1911,88056.0,59.46,10.11,15.42,6.07,0.0
20230701:2011,7224.0,12.24,2.65,14.37,5.72,0.0
20230701:2111,0.0,0.0,0.0,13.54,5.38,0.0
20230701:2211,0.0,0.0,0.0,12.77,5.17,0.0
20230701:2311,0.0,0.0,0.0,12.38,4.97,0.0
20230702:0011,0.0,0.0,0.0,12.15,4.76,0.0
20230702:0111,0.0,0.0,0.0,11.85,4.55,0.0
20230702:0211,0.0,0.0,0.0,11.7,4.41,0.0
20230702:0311,0.0,0.0,0.0,11.54,4.28,0.0
20230702:0411,0.0,1.75,2.99,11.6,4.21,0.0
20230702:0511,99768.0,64.71,10.5,11.95,4.07,0.0
20230702:0611,247056.0,153.93,18.75,12.8,3.86,0.0
20230702:0711,394368.0,209.98,27.42,13.98,6.0,0.0
20230702:0811,724632.0,367.96,36.14,14.69,6.21,0.0
20230702:0911,748944.0,379.99,44.47,15.12,6.28,0.0
20230702:1011,500784.0,260.54,51.74,14.86,6.34,0.0
20230702:1111,759552.0,386.23,56.93,15.42,6.62,0.0
20230702:1211,350760.0,189.13,58.79,16.02,7.52,0.0
20230702:1311,566808.0,293.47,56.72,16.31,8.14,0.0
20230702:1411,667944.0,341.73,51.39,16.19,8.28,0.0
20230702:1511,659688.0,337.28,44.04,15.98,7.86,0.0
20230702:1611,1013808.0,509.7,35.68,15.64,7.59,0.0
20230702:1711,352512.0,190.49,26.95,15.29,6.48,0.0
20230702:1811,30744.0,27.81,18.3,15.2,6.48,0.0
20230702:1911,62136.0,45.47,10.07,14.37,5.79,0.0
20230702:2011,0.0,1.75,2.62,13.65,5.45,0.0
20230702:2111,0.0,0.0,0.0,12.76,4.9,0.0
20230702:2211,0.0,0.0,0.0,12.13,4.48,0.0
20230702:2311,0.0,0.0,0.0,11.55,4.14,0.0
20230703:0011,0.0,0.0,0.0,11.04,3.86,0.0
20230703:0111,0.0,0.0,0.0,10.72,3.72,0.0
20230703:0211,0.0,0.0,0.0,10.51,3.72,0.0
20230703:0311,0.0,0.0,0.0,10.58,3.93,0.0
20230703:0411,6264.0,11.37,2.9,10.69,4.14,0.0
20230703:0511,17472.0,19.24,10.41,11.08,4.34,0.0
20230703:0611,242160.0,139.52,18.67,11.72,4.41,0.0
20230703:0711,678984.0,360.67,27.33,12.97,6.21,0.0
20230703:0811,537288.0,276.34,36.05,13.63,6.34,0.0
20230703:0911,717192.0,363.38,44.38,14.21,6.07,0.0
20230703:1011,331056.0,178.93,51.65,14.69,5.72,0.0
20230703:1111,325800.0,176.15,56.84,14.36,5.72,0.0
20230703:1211,519216.0,269.22,58.72,14.06,5.03,0.0
20230703:1311,1384464.0,698.73,56.66,14.12,4.76,0.0
20230703:1411,1568088.0,792.46,51.34,14.51,5.03,0.0
20230703:1511,1444008.0,725.16,44.0,15.45,5.86,0.0
20230703:1611,1075680.0,540.95,35.65,15.6,7.03,0.0
20230703:1711,625800.0,336.47,26.92,15.12,6.62,0.0
20230703:1811,189720.0,139.84,18.26,14.66,5.93,0.0
20230703:1911,90168.0,60.34,10.04,14.43,5.59,0.0
20230703:2011,0.0,1.75,2.57,13.19,4.83,0.0
20230703:2111,0.0,0.0,0.0,12.27,4.28,0.0
20230703:2211,0.0,0.0,0.0,11.6,4.07,0.0
20230703:2311,0.0,0.0,0.0,11.14,4.28,0.0
20230704:0011,0.0,0.0,0.0,10.83,4.14,0.0
20230704:0111,0.0,0.0,0.0,10.6,4.07,0.0
20230704:0211,0.0,0.0,0.0,10.54,4.14,0.0
20230704:0311,0.0,0.0,0.0,10.4,4.0,0.0
20230704:0411,8592.0,13.12,2.81,10.3,3.79,0.0
20230704:0511,96912.0,62.96,10.32,10.71,3.72,0.0
20230704:0611,202416.0,147.9,18.57,12.02,4.0,0.0
20230704:0711,652128.0,346.55,27.24,13.38,5.86,0.0
20230704:0811,900576.0,452.62,35.96,14.22,6.21,0.0
20230704:0911,641280.0,328.77,44.29,15.26,5.72,0.0
20230704:1011,444144.0,234.87,51.56,16.11,5.59,0.0
20230704:1111,886056.0,451.32,56.75,16.48,5.66,0.0
20230704:1211,1866576.0,962.39,58.63,16.89,5.59,0.0
20230704:1311,1779936.0,916.49,56.59,17.28,5.52,0.0
20230704:1411,1680504.0,862.99,51.29,17.46,5.17,0.0
20230704:1511,1429248.0,730.76,43.96,17.4,4.48,0.0
20230704:1611,998208.0,513.05,35.61,17.4,4.0,0.0
20230704:1711,401160.0,217.7,26.88,17.16,3.66,0.0
20230704:1811,179352.0,107.25,18.22,16.66,3.1,0.0
20230704:1911,89256.0,60.34,9.99,15.94,2.14,0.0
20230704:2011,1176.0,7.0,2.52,14.9,1.93,0.0
20230704:2111,0.0,0.0,0.0,13.7,2.0,0.0
20230704:2211,0.0,0.0,0.0,12.53,2.14,0.0
20230704:2311,0.0,0.0,0.0,11.7,2.14,0.0
20230705:0011,0.0,0.0,0.0,10.81,2.28,0.0
20230705:0111,0.0,0.0,0.0,10.23,2.28,0.0
20230705:0211,0.0,0.0,0.0,10.14,2.07,0.0
20230705:0311,0.0,0.0,0.0,9.85,2.0,0.0
20230705:0411,0.0,1.75,2.71,9.65,2.21,0.0
20230705:0511,95232.0,62.09,10.22,10.43,2.28,0.0
20230705:0611,239568.0,139.42,18.48,12.35,2.97,0.0
20230705:0711,0.0,0.0,0.0,13.21,3.86,0.0
20230705:0811,1118256.0,564.37,35.87,14.27,4.41,0.0
20230705:0911,1055664.0,532.25,44.19,15.29,5.03,0.0
20230705:1011,467040.0,246.0,51.46,16.06,5.45,0.0
20230705:1111,779232.0,398.01,56.65,15.86,5.24,0.0
20230705:1211,285000.0,157.61,58.54,15.96,5.45,0.0
20230705:1311,217824.0,125.16,56.52,16.65,5.72,0.0
20230705:1411,420816.0,224.36,51.23,16.99,5.86,0.0
20230705:1511,353832.0,191.91,43.91,17.08,5.59,0.0
20230705:1611,481248.0,253.74,35.56,16.95,5.31,0.0
20230705:1711,243264.0,137.87,26.84,16.77,5.24,0.0
20230705:1811,159048.0,96.46,18.18,16.3,4.69,0.0
20230705:1911,66456.0,48.1,9.94,15.8,3.79,0.0
20230705:2011,0.0,5.25,2.46,14.77,3.24,0.0
20230705:2111,0.0,0.0,0.0,13.55,3.03,0.0
20230705:2211,0.0,0.0,0.0,13.04,2.76,0.0
20230705:2311,0.0,0.0,0.0,12.6,2.83,0.0
20230706:0011,0.0,0.0,0.0,12.34,2.83,0.0
20230706:0111,0.0,0.0,0.0,12.18,2.9,0.0
20230706:0211,0.0,0.0,0.0,12.15,2.76,0.0
20230706:0311,0.0,0.0,0.0,12.54,2.76,0.0
20230706:0411,0.0,1.75,2.61,12.3,2.76,0.0
20230706:0511,40488.0,33.23,10.12,12.53,2.83,0.0
20230706:0611,141912.0,86.58,18.38,13.39,3.31,0.0
20230706:0711,212280.0,121.45,27.05,14.47,4.48,0.0
20230706:0811,341928.0,184.72,35.77,14.92,4.21,0.0
20230706:0911,687600.0,353.16,44.09,15.92,4.62,0.0
20230706:1011,1112016.0,566.07,51.35,16.39,4.41,0.0
20230706:1111,939048.0,480.94,56.55,17.44,4.9,0.0
20230706:1211,1270848.0,651.64,58.45,18.36,5.38,0.0
20230706:1311,1242096.0,637.53,56.44,19.18,5.79,0.0
20230706:1411,469608.0,250.95,51.16,19.38,5.31,0.0
20230706:1511,417816.0,225.77,43.85,19.6,4.9,0.0
20230706:1611,296808.0,166.05,35.51,19.69,5.03,0.0
20230706:1711,436200.0,238.08,26.79,19.28,4.14,0.0
20230706:1811,216624.0,130.18,18.12,18.28,3.52,0.0
20230706:1911,86736.0,59.46,9.88,18.23,4.41,0.0
20230706:2011,4896.0,10.49,2.4,17.81,4.62,0.0
20230706:2111,0.0,0.0,0.0,17.21,4.62,0.0
20230706:2211,0.0,0.0,0.0,16.67,4.9,0.0
20230706:2311,0.0,0.0,0.0,16.03,5.1,0.0
20230707:0011,0.0,0.0,0.0,15.6,5.17,0.0
20230707:0111,0.0,0.0,0.0,15.09,5.17,0.0
20230707:0211,0.0,0.0,0.0,14.76,5.03,0.0
20230707:0311,0.0,0.0,0.0,14.39,4.76,0.0
20230707:0411,0.0,1.75,2.5,13.89,4.48,0.0
20230707:0511,75264.0,52.47,10.02,14.09,4.41,0.0
20230707:0611,218040.0,128.2,18.28,15.0,4.0,0.0
20230707:0711,376008.0,203.68,26.94,16.49,4.97,0.0
20230707:0811,1049688.0,536.86,35.66,17.97,5.31,0.0
20230707:0911,1187040.0,607.99,43.99,19.68,5.79,0.0
20230707:1011,1641480.0,851.75,51.25,20.94,5.93,0.0
20230707:1111,1851888.0,974.94,56.44,21.86,5.79,0.0
20230707:1211,1849656.0,981.05,58.35,22.6,5.52,0.0
20230707:1311,1807776.0,961.11,56.35,23.13,5.24,0.0
20230707:1411,1588032.0,839.41,51.09,23.69,5.1,0.0
20230707:1511,1405080.0,738.27,43.79,24.03,5.1,0.0
20230707:1611,1022664.0,540.08,35.45,24.21,4.97,0.0
20230707:1711,580800.0,328.13,26.73,24.34,4.55,0.0
20230707:1811,180120.0,137.88,18.07,24.11,3.38,0.0
20230707:1911,62400.0,47.22,9.82,23.02,3.24,0.0
20230707:2011,1920.0,7.87,2.33,21.15,3.38,0.0
20230707:2111,0.0,0.0,0.0,19.59,3.59,0.0
20230707:2211,0.0,0.0,0.0,19.0,3.93,0.0
20230707:2311,0.0,0.0,0.0,18.75,4.28,0.0
20230708:0011,0.0,0.0,0.0,18.2,4.07,0.0
20230708:0111,0.0,0.0,0.0,17.5,3.86,0.0
20230708:0211,0.0,0.0,0.0,16.87,3.72,0.0
20230708:0311,0.0,0.0,0.0,16.39,3.59,0.0
20230708:0411,0.0,3.5,2.39,16.06,3.38,0.0
20230708:0511,77568.0,54.22,9.91,16.45,3.24,0.0
20230708:0611,197424.0,141.48,18.17,17.97,3.1,0.0
20230708:0711,465432.0,254.71,26.84,20.31,4.21,0.0
20230708:0811,562128.0,299.54,35.56,21.64,4.97,0.0
20230708:0911,1112904.0,579.55,43.87,22.7,5.38,0.0
20230708:1011,149160.0,93.64,51.13,23.33,5.38,0.0
20230708:1111,309480.0,175.22,56.32,23.5,5.03,0.0
20230708:1211,301080.0,171.51,58.24,24.1,4.76,0.0
20230708:1311,396432.0,220.65,56.25,24.88,4.28,0.0
20230708:1411,243048.0,142.77,51.01,25.05,4.34,0.0
20230708:1511,598848.0,322.9,43.72,24.79,4.34,0.0
20230708:1611,119928.0,78.8,35.39,24.49,4.28,0.0
20230708:1711,94104.0,64.9,26.67,24.18,4.0,0.0
20230708:1811,164688.0,102.67,18.0,23.41,3.93,0.0
20230708:1911,81888.0,57.71,9.75,21.69,2.9,0.0
20230708:2011,0.0,0.87,2.26,20.11,3.17,0.0
20230708:2111,0.0,0.0,0.0,18.96,3.31,0.0
20230708:2211,0.0,0.0,0.0,18.27,3.45,0.0
20230708:2311,0.0,0.0,0.0,17.94,3.03,0.0
20230709:0011,0.0,0.0,0.0,17.58,2.76,0.0
20230709:0111,0.0,0.0,0.0,17.28,2.97,0.0
20230709:0211,0.0,0.0,0.0,17.15,3.17,0.0
20230709:0311,0.0,0.0,0.0,17.21,3.38,0.0
20230709:0411,0.0,0.87,2.27,17.11,3.45,0.0
20230709:0511,70920.0,50.72,9.79,16.82,3.45,0.0
20230709:0611,227592.0,139.01,18.05,16.56,2.69,0.0
20230709:0711,464208.0,251.57,26.72,16.98,2.28,0.0
20230709:0811,615480.0,323.5,35.44,17.94,2.48,0.0
20230709:0911,248112.0,141.85,43.76,18.76,2.55,0.0
20230709:1011,767736.0,403.07,51.01,19.64,2.62,0.0
20230709:1111,865776.0,454.22,56.2,20.42,3.1,0.0
20230709:1211,1393296.0,735.03,58.12,20.96,3.45,0.0
20230709:1311,1783632.0,953.06,56.15,21.49,3.79,0.0
20230709:1411,1613040.0,852.86,50.92,21.52,3.86,0.0
20230709:1511,1264632.0,660.33,43.65,21.14,3.72,0.0
20230709:1611,800928.0,421.36,35.32,21.25,3.59,0.0
20230709:1711,545736.0,302.3,26.6,21.19,3.52,0.0
20230709:1811,19728.0,21.32,17.93,19.55,3.93,0.0
20230709:1911,33144.0,29.73,9.68,19.45,2.69,0.0
20230709:2011,0.0,0.87,2.17,18.5,3.03,0.0
20230709:2111,0.0,0.0,0.0,17.49,3.17,0.0
20230709:2211,0.0,0.0,0.0,16.06,2.83,0.0
20230709:2311,0.0,0.0,0.0,15.08,2.55,0.0
20230710:0011,0.0,0.0,0.0,14.22,2.48,0.0
20230710:0111,0.0,0.0,0.0,13.65,2.28,0.0
20230710:0211,0.0,0.0,0.0,13.01,2.21,0.0
20230710:0311,0.0,0.0,0.0,12.61,2.14,0.0
20230710:0411,0.0,1.75,2.15,12.13,2.14,0.0
20230710:0511,65832.0,47.22,9.67,12.64,2.0,0.0
20230710:0611,194352.0,114.81,17.94,14.3,2.14,0.0
20230710:0711,443328.0,238.82,26.61,15.6,2.41,0.0
20230710:0811,1105080.0,569.27,35.33,16.9,3.17,0.0
20230710:0911,1104768.0,566.98,43.64,18.35,4.21,0.0
20230710:1011,884376.0,457.83,50.89,19.3,4.41,0.0
20230710:1111,986064.0,510.31,56.08,20.17,5.24,0.0
20230710:1211,873240.0,453.59,58.0,20.4,5.38,0.0
20230710:1311,278856.0,156.68,56.04,18.63,4.0,0.0
20230710:1411,568080.0,299.16,50.83,18.05,3.45,0.0
20230710:1511,678648.0,352.15,43.57,18.22,4.83,0.0
20230710:1611,279480.0,155.75,35.25,17.1,5.03,0.0
20230710:1711,110232.0,71.39,26.53,17.0,5.45,0.0
20230710:1811,90480.0,61.19,17.86,17.38,6.0,0.0
20230710:1911,10536.0,14.87,9.6,17.59,5.72,0.0
20230710:2011,0.0,0.87,2.09,17.06,5.31,0.0
20230710:2111,0.0,0.0,0.0,16.48,4.97,0.0
20230710:2211,0.0,0.0,0.0,15.92,4.55,0.0
20230710:2311,0.0,0.0,0.0,15.15,4.48,0.0
20230711:0011,0.0,0.0,0.0,14.88,4.34,0.0
20230711:0111,0.0,0.0,0.0,14.52,3.72,0.0
20230711:0211,0.0,0.0,0.0,14.39,3.79,0.0
20230711:0311,0.0,0.0,0.0,14.2,2.97,0.0
20230711:0411,0.0,0.87,2.02,14.07,2.14,0.0
20230711:0511,18456.0,20.11,9.55,14.28,1.79,0.0
20230711:0611,156000.0,94.65,17.81,14.88,1.93,0.0
20230711:0711,233064.0,132.46,26.49,15.84,4.07,0.0
20230711:0811,813696.0,415.84,35.21,16.43,5.1,0.0
20230711:0911,1046040.0,529.66,43.52,16.89,5.72,0.0
20230711:1011,945264.0,482.32,50.76,17.57,5.59,0.0
20230711:1111,699456.0,362.86,55.94,18.43,5.52,0.0
20230711:1211,1000392.0,513.84,57.87,18.66,5.38,0.0
20230711:1311,300984.0,167.81,55.93,19.22,4.97,0.0
20230711:1411,1336152.0,685.96,50.73,18.73,5.1,0.0
20230711:1511,411120.0,220.23,43.48,17.46,5.24,0.0
20230711:1611,508584.0,268.21,35.17,17.59,4.55,0.0
20230711:1711,514248.0,277.68,26.45,17.26,4.34,0.0
20230711:1811,182016.0,137.16,17.78,17.04,4.14,0.0
20230711:1911,62904.0,46.35,9.51,16.82,3.86,0.0
20230711:2011,2952.0,8.74,1.99,15.82,3.66,0.0
20230711:2111,0.0,0.0,0.0,14.65,3.45,0.0
20230711:2211,0.0,0.0,0.0,13.83,3.24,0.0
20230711:2311,0.0,0.0,0.0,13.13,3.17,0.0
20230712:0011,0.0,0.0,0.0,12.64,3.1,0.0
20230712:0111,0.0,0.0,0.0,12.43,3.17,0.0
20230712:0211,0.0,0.0,0.0,12.44,3.24,0.0
20230712:0311,0.0,0.0,0.0,12.4,3.24,0.0
20230712:0411,0.0,0.87,1.89,12.3,3.45,0.0
20230712:0511,31392.0,27.98,9.42,12.91,3.72,0.0
20230712:0611,93840.0,62.12,17.69,13.82,4.28,0.0
20230712:0711,445128.0,237.15,26.36,14.88,6.07,0.0
20230712:0811,306120.0,167.0,35.08,14.87,5.86,0.0
20230712:0911,474336.0,248.19,43.39,15.33,6.34,0.0
20230712:1011,384696.0,205.82,50.63,16.16,6.69,0.0
20230712:1111,608592.0,314.98,55.81,16.67,6.41,0.0
20230712:1211,923160.0,469.88,57.74,17.11,6.41,0.0
20230712:1311,1319160.0,668.12,55.81,17.2,6.69,0.0
20230712:1411,422544.0,225.29,50.63,17.34,6.69,0.0
20230712:1511,750360.0,384.01,43.39,17.32,6.62,0.0
20230712:1611,450336.0,238.58,35.08,17.33,6.69,0.0
20230712:1711,167088.0,100.13,26.36,16.9,6.0,0.0
20230712:1811,224520.0,138.75,17.69,16.53,5.72,0.0
20230712:1911,71280.0,50.72,9.42,15.98,4.69,0.0
20230712:2011,0.0,0.87,1.89,15.26,4.62,0.0
20230712:2111,0.0,0.0,0.0,14.37,4.07,0.0
20230712:2211,0.0,0.0,0.0,13.55,3.79,0.0
20230712:2311,0.0,0.0,0.0,13.16,3.72,0.0
20230713:0011,0.0,0.0,0.0,12.77,3.66,0.0
20230713:0111,0.0,0.0,0.0,12.7,3.45,0.0
20230713:0211,0.0,0.0,0.0,12.68,3.31,0.0
20230713:0311,0.0,0.0,0.0,12.39,3.17,0.0
20230713:0411,0.0,0.87,1.75,12.05,2.97,0.0
20230713:0511,77496.0,53.34,9.29,12.45,2.97,0.0
20230713:0611,190440.0,137.18,17.56,13.36,3.72,0.0
20230713:0711,509232.0,272.15,26.24,14.6,3.45,0.0
20230713:0811,1015416.0,516.8,34.95,15.74,4.28,0.0
20230713:0911,1294896.0,658.43,43.26,16.44,4.34,0.0
20230713:1011,1562136.0,801.56,50.49,16.97,4.55,0.0
20230713:1111,1334928.0,683.35,55.66,17.45,4.9,0.0
20230713:1211,1543104.0,794.53,57.6,18.06,5.24,0.0
20230713:1311,1482768.0,763.19,55.68,18.15,5.03,0.0
20230713:1411,893952.0,459.84,50.51,18.42,4.9,0.0
20230713:1511,672720.0,350.16,43.29,18.51,4.41,0.0
20230713:1611,700896.0,365.0,34.99,18.64,4.21,0.0
20230713:1711,487680.0,264.64,26.27,18.31,4.14,0.0
20230713:1811,218352.0,140.73,17.6,17.77,3.79,0.0
20230713:1911,80520.0,55.97,9.32,17.17,2.83,0.0
20230713:2011,0.0,0.87,1.78,16.14,2.41,0.0
20230713:2111,0.0,0.0,0.0,14.74,2.07,0.0
20230713:2211,0.0,0.0,0.0,13.65,1.93,0.0
20230713:2311,0.0,0.0,0.0,12.64,1.86,0.0
20230714:0011,0.0,0.0,0.0,12.51,1.79,0.0
20230714:0111,0.0,0.0,0.0,12.32,2.0,0.0
20230714:0211,0.0,0.0,0.0,12.34,2.07,0.0
20230714:0311,0.0,0.0,0.0,12.11,2.07,0.0
20230714:0411,0.0,0.87,1.61,12.01,2.07,0.0
20230714:0511,56256.0,41.97,9.15,12.23,1.93,0.0
20230714:0611,45384.0,36.16,17.43,13.63,2.14,0.0
20230714:0711,175704.0,103.84,26.1,14.87,2.83,0.0
20230714:0811,496104.0,260.71,34.82,15.88,3.59,0.0
20230714:0911,461688.0,244.51,43.12,16.76,4.34,0.0
20230714:1011,429216.0,229.32,50.34,17.33,4.41,0.0
20230714:1111,895608.0,459.92,55.51,17.87,4.9,0.0
20230714:1211,502584.0,264.07,57.45,16.63,5.17,0.0
20230714:1311,534000.0,278.72,55.54,15.96,4.83,0.0
20230714:1411,267768.0,149.26,50.4,16.01,5.38,0.0
20230714:1511,160920.0,96.42,43.18,15.42,6.69,0.0
20230714:1611,114984.0,73.24,34.89,15.11,6.83,0.0
20230714:1711,113208.0,72.31,26.18,15.05,6.69,0.0
20230714:1811,84432.0,57.48,17.5,15.19,6.9,0.0
20230714:1911,6072.0,11.37,9.21,15.13,6.97,0.0
20230714:2011,0.0,1.75,1.67,15.44,6.21,0.0
20230714:2111,0.0,0.0,0.0,15.86,5.24,0.0
20230714:2211,0.0,0.0,0.0,16.31,4.83,0.0
20230714:2311,0.0,0.0,0.0,16.56,4.9,0.0
20230715:0011,0.0,0.0,0.0,16.14,4.97,0.0
20230715:0111,0.0,0.0,0.0,15.27,4.69,0.0
20230715:0211,0.0,0.0,0.0,14.43,4.62,0.0
20230715:0311,0.0,0.0,0.0,13.84,4.62,0.0
20230715:0411,0.0,0.87,1.47,13.66,4.69,0.0
20230715:0511,35688.0,30.61,9.01,13.87,4.69,0.0
20230715:0611,218064.0,132.36,17.29,14.56,4.62,0.0
20230715:0711,311352.0,170.34,25.97,15.21,6.14,0.0
20230715:0811,542592.0,282.13,34.68,16.08,5.86,0.0
20230715:0911,391992.0,210.71,42.98,17.53,6.14,0.0
20230715:1011,509976.0,266.53,50.2,16.44,6.97,0.0
20230715:1111,1394928.0,708.44,55.36,17.07,6.07,0.0
20230715:1211,587016.0,306.91,57.29,18.5,6.62,0.0
20230715:1311,1917192.0,972.28,55.4,16.28,7.38,0.0
20230715:1411,1409880.0,712.04,50.27,17.1,6.83,0.0
20230715:1511,622488.0,322.65,43.07,17.76,6.41,0.0
20230715:1611,265128.0,148.34,34.78,16.78,6.28,0.0
20230715:1711,469296.0,252.14,26.07,17.04,6.69,0.0
20230715:1811,94824.0,63.04,17.39,15.72,6.48,0.0
20230715:1911,74688.0,52.47,9.1,15.79,7.17,0.0
20230715:2011,0.0,0.87,1.55,15.35,7.17,0.0
20230715:2111,0.0,0.0,0.0,14.95,7.31,0.0
20230715:2211,0.0,0.0,0.0,14.72,7.17,0.0
20230715:2311,0.0,0.0,0.0,14.58,6.97,0.0
20230716:0011,0.0,0.0,0.0,14.43,6.34,0.0
20230716:0111,0.0,0.0,0.0,14.37,5.79,0.0
20230716:0211,0.0,0.0,0.0,14.42,5.52,0.0
20230716:0311,0.0,0.0,0.0,14.29,5.66,0.0
20230716:0411,0.0,0.87,1.32,14.19,6.41,0.0
20230716:0511,5040.0,10.49,8.87,13.94,6.69,0.0
20230716:0611,18960.0,20.4,17.15,13.92,6.62,0.0
20230716:0711,325584.0,176.55,25.83,14.28,6.9,0.0
20230716:0811,674664.0,342.63,34.54,14.28,6.9,0.0
20230716:0911,767760.0,387.16,42.83,14.91,7.72,0.0
20230716:1011,1123008.0,563.02,50.04,16.25,7.93,0.0
20230716:1111,1473528.0,741.57,55.2,16.93,8.14,0.0
20230716:1211,1189824.0,599.81,57.14,17.24,8.14,0.0
20230716:1311,1430928.0,721.84,55.26,17.16,7.72,0.0
20230716:1411,925128.0,469.27,50.14,17.64,7.86,0.0
20230716:1511,1402272.0,707.5,42.95,17.62,6.83,0.0
20230716:1611,912696.0,465.34,34.67,17.65,6.55,0.0
20230716:1711,429936.0,231.86,25.96,16.95,5.72,0.0
20230716:1811,121464.0,76.95,17.28,16.24,4.9,0.0
20230716:1911,64944.0,47.22,8.99,15.51,4.21,0.0
20230716:2011,0.0,0.87,1.43,14.73,3.93,0.0
20230716:2111,0.0,0.0,0.0,13.72,3.66,0.0
20230716:2211,0.0,0.0,0.0,13.29,3.72,0.0
20230716:2311,0.0,0.0,0.0,12.89,3.66,0.0
20230717:0011,0.0,0.0,0.0,12.55,3.52,0.0
20230717:0111,0.0,0.0,0.0,12.38,3.31,0.0
20230717:0211,0.0,0.0,0.0,12.45,3.45,0.0
20230717:0311,0.0,0.0,0.0,12.58,3.59,0.0
20230717:0411,0.0,0.0,0.0,12.74,3.38,0.0
20230717:0511,74040.0,51.59,8.72,12.82,3.24,0.0
20230717:0611,189912.0,112.2,17.01,13.22,3.59,0.0
20230717:0711,137136.0,84.37,25.69,14.5,3.86,0.0
20230717:0811,1026816.0,520.85,34.4,15.59,4.83,0.0
20230717:0911,822240.0,418.02,42.68,16.1,5.45,0.0
20230717:1011,915648.0,465.6,49.89,16.4,5.24,0.0
20230717:1111,1079304.0,549.85,55.03,17.06,5.17,0.0
20230717:1211,981360.0,501.77,56.97,17.58,5.31,0.0
20230717:1311,1196472.0,610.37,55.1,17.67,5.45,0.0
20230717:1411,1090512.0,555.94,50.0,17.86,5.52,0.0
20230717:1511,718632.0,370.57,42.83,17.81,5.31,0.0
20230717:1611,686040.0,355.03,34.56,17.75,5.17,0.0
20230717:1711,423240.0,229.57,25.85,17.73,4.83,0.0
20230717:1811,185808.0,135.23,17.16,17.36,4.48,0.0
20230717:1911,72672.0,51.59,8.86,16.5,3.66,0.0
20230717:2011,0.0,0.0,0.0,15.24,3.17,0.0
20230717:2111,0.0,0.0,0.0,13.92,2.83,0.0
20230717:2211,0.0,0.0,0.0,13.18,2.69,0.0
20230717:2311,0.0,0.0,0.0,12.69,2.62,0.0
20230718:0011,0.0,0.0,0.0,12.18,2.41,0.0
20230718:0111,0.0,0.0,0.0,11.39,2.14,0.0
20230718:0211,0.0,0.0,0.0,10.48,1.79,0.0
20230718:0311,0.0,0.0,0.0,9.5,1.66,0.0
20230718:0411,0.0,0.0,0.0,8.96,1.66,0.0
20230718:0511,2160.0,7.87,8.56,9.67,1.24,0.0
20230718:0611,195144.0,116.15,16.86,12.58,1.1,0.0
20230718:0711,313416.0,172.08,25.54,14.27,1.66,0.0
20230718:0811,582984.0,303.84,34.25,15.17,2.14,0.0
20230718:0911,554448.0,290.19,42.53,15.81,2.41,0.0
20230718:1011,639456.0,332.33,49.72,15.93,2.62,0.0
20230718:1111,874056.0,449.86,54.86,15.96,2.69,0.0
20230718:1211,411336.0,220.65,56.8,16.56,2.83,0.0
20230718:1311,222576.0,127.94,54.94,16.78,3.03,0.0
20230718:1411,219168.0,126.09,49.86,16.57,3.31,0.0
20230718:1511,214848.0,123.31,42.7,15.33,3.38,0.0
20230718:1611,512088.0,268.47,34.43,14.99,2.34,0.0
20230718:1711,341304.0,186.38,25.73,14.84,1.93,0.0
20230718:1811,40248.0,33.38,17.04,14.72,1.79,0.0
20230718:1911,7224.0,12.24,8.73,14.18,1.72,0.0
20230718:2011,0.0,0.0,0.0,13.92,1.66,0.0
20230718:2111,0.0,0.0,0.0,13.7,1.66,0.0
20230718:2211,0.0,0.0,0.0,13.55,1.52,0.0
20230718:2311,0.0,0.0,0.0,13.41,1.31,0.0
20230719:0011,0.0,0.0,0.0,13.23,1.1,0.0
20230719:0111,0.0,0.0,0.0,12.97,0.9,0.0
20230719:0211,0.0,0.0,0.0,13.03,0.62,0.0
20230719:0311,0.0,0.0,0.0,12.68,0.9,0.0
20230719:0411,0.0,0.0,0.0,12.21,1.45,0.0
20230719:0511,67464.0,48.1,8.41,12.56,1.45,0.0
20230719:0611,185520.0,110.62,16.71,13.45,1.66,0.0
20230719:0711,540744.0,291.07,25.39,13.74,2.41,0.0
20230719:0811,811728.0,415.87,34.1,14.45,2.48,0.0
20230719:0911,968304.0,495.14,42.37,15.03,2.34,0.0
20230719:1011,1233312.0,639.39,49.56,16.44,2.14,0.0
20230719:1111,948672.0,493.17,54.69,17.1,1.93,0.0
20230719:1211,1238160.0,649.58,56.62,17.67,1.86,0.0
20230719:1311,1600752.0,860.9,54.77,17.98,1.45,0.0
20230719:1411,518544.0,277.53,49.71,18.53,1.31,0.0
20230719:1511,368568.0,202.38,42.56,18.51,1.1,0.0
20230719:1611,630552.0,335.46,34.3,17.72,0.21,0.0
20230719:1711,338040.0,188.22,25.6,17.53,0.14,0.0
20230719:1811,54576.0,41.72,16.91,16.22,0.83,0.0
20230719:1911,4968.0,10.49,8.6,15.71,0.48,0.0
20230719:2011,0.0,0.0,0.0,14.41,0.41,0.0
20230719:2111,0.0,0.0,0.0,13.54,0.97,0.0
20230719:2211,0.0,0.0,0.0,12.67,0.9,0.0
20230719:2311,0.0,0.0,0.0,12.02,1.03,0.0
20230720:0011,0.0,0.0,0.0,11.6,1.45,0.0
20230720:0111,0.0,0.0,0.0,10.57,1.93,0.0
20230720:0211,0.0,0.0,0.0,10.18,1.93,0.0
20230720:0311,0.0,0.0,0.0,9.75,2.14,0.0
20230720:0411,0.0,0.0,0.0,9.37,2.21,0.0
20230720:0511,34992.0,29.73,8.25,9.51,2.07,0.0
20230720:0611,178992.0,106.01,16.55,11.57,1.93,0.0
20230720:0711,443304.0,237.64,25.24,13.98,2.83,0.0
20230720:0811,961824.0,490.98,33.95,15.05,3.24,0.0
20230720:0911,1389696.0,709.56,42.21,15.97,3.59,0.0
20230720:1011,1292520.0,663.1,49.39,16.44,3.45,0.0
20230720:1111,1021560.0,525.71,54.51,17.04,3.31,0.0
20230720:1211,1014528.0,524.44,56.44,17.6,3.1,0.0
20230720:1311,1448640.0,755.03,54.6,17.81,3.17,0.0
20230720:1411,232704.0,133.5,49.55,17.87,3.31,0.0
20230720:1511,446376.0,238.78,42.42,17.78,3.17,0.0
20230720:1611,283704.0,158.54,34.17,17.61,3.38,0.0
20230720:1711,238704.0,136.11,25.47,17.07,3.38,0.0
20230720:1811,39840.0,33.38,16.77,16.74,3.17,0.0
20230720:1911,14400.0,17.49,8.46,15.5,2.62,0.0
20230720:2011,0.0,0.0,0.0,14.9,2.48,0.0
20230720:2111,0.0,0.0,0.0,14.04,2.21,0.0
20230720:2211,0.0,0.0,0.0,12.99,2.14,0.0
20230720:2311,0.0,0.0,0.0,12.11,2.34,0.0
20230721:0011,0.0,0.0,0.0,11.9,2.48,0.0
20230721:0111,0.0,0.0,0.0,11.41,2.69,0.0
20230721:0211,0.0,0.0,0.0,11.32,2.76,0.0
20230721:0311,0.0,0.0,0.0,11.2,2.69,0.0
20230721:0411,0.0,0.0,0.0,11.08,2.69,0.0
20230721:0511,25848.0,24.48,8.09,10.96,2.69,0.0
20230721:0611,133608.0,82.25,16.39,12.08,2.55,0.0
20230721:0711,135960.0,83.44,25.08,13.27,2.76,0.0
20230721:0811,261816.0,145.56,33.79,14.02,3.1,0.0
20230721:0911,704280.0,361.03,42.05,14.75,3.17,0.0
20230721:1011,545712.0,284.82,49.21,15.15,2.9,0.0
20230721:1111,1223952.0,630.97,54.32,15.8,2.55,0.0
20230721:1211,374688.0,203.04,56.25,16.89,2.62,0.0
20230721:1311,923040.0,478.29,54.42,17.45,2.62,0.0
20230721:1411,732384.0,381.51,49.39,17.61,2.55,0.0
20230721:1511,965712.0,499.14,42.27,17.67,2.62,0.0
20230721:1611,776688.0,400.67,34.03,17.3,4.0,0.0
20230721:1711,288960.0,160.67,25.33,16.73,4.62,0.0
20230721:1811,175488.0,105.9,16.63,16.34,4.07,0.0
20230721:1911,15672.0,18.36,8.31,15.59,2.14,0.0
20230721:2011,0.0,0.0,0.0,14.88,2.55,0.0
20230721:2111,0.0,0.0,0.0,14.37,2.62,0.0
20230721:2211,0.0,0.0,0.0,13.89,2.69,0.0
20230721:2311,0.0,0.0,0.0,13.48,2.34,0.0
20230722:0011,0.0,0.0,0.0,13.11,1.72,0.0
20230722:0111,0.0,0.0,0.0,12.83,1.59,0.0
20230722:0211,0.0,0.0,0.0,12.72,2.21,0.0
20230722:0311,0.0,0.0,0.0,12.55,2.76,0.0
20230722:0411,0.0,0.0,0.0,12.52,3.03,0.0
20230722:0511,6168.0,11.37,7.92,12.66,3.03,0.0
20230722:0611,114504.0,72.65,16.23,12.81,3.03,0.0
20230722:0711,74544.0,51.92,24.92,13.12,3.17,0.0
20230722:0811,245712.0,137.21,33.63,13.34,3.72,0.0
20230722:0911,336144.0,180.79,41.88,13.58,4.62,0.0
20230722:1011,403128.0,213.23,49.03,13.59,4.0,0.0
20230722:1111,296952.0,162.24,54.13,13.85,4.07,0.0
20230722:1211,427032.0,225.29,56.05,14.15,4.07,0.0
20230722:1311,330552.0,178.93,54.24,14.49,4.14,0.0
20230722:1411,247896.0,139.07,49.22,14.7,3.72,0.0
20230722:1511,289440.0,159.46,42.11,14.88,3.45,0.0
20230722:1611,272040.0,151.12,33.88,15.04,3.38,0.0
20230722:1711,144048.0,88.08,25.18,14.98,2.97,0.0
20230722:1811,84288.0,57.48,16.49,15.01,2.48,0.0
20230722:1911,52056.0,40.23,8.16,15.9,2.34,0.0
20230722:2011,0.0,0.0,0.0,15.48,2.48,0.0
20230722:2111,0.0,0.0,0.0,15.01,2.34,0.0
20230722:2211,0.0,0.0,0.0,14.79,2.07,0.0
20230722:2311,0.0,0.0,0.0,14.51,2.07,0.0
20230723:0011,0.0,0.0,0.0,14.52,1.93,0.0
20230723:0111,0.0,0.0,0.0,14.46,1.86,0.0
20230723:0211,0.0,0.0,0.0,14.41,2.07,0.0
20230723:0311,0.0,0.0,0.0,14.37,2.28,0.0
20230723:0411,0.0,0.0,0.0,14.34,2.48,0.0
20230723:0511,44688.0,35.85,7.75,14.32,2.48,0.0
20230723:0611,16080.0,18.54,16.07,14.34,2.62,0.0
20230723:0711,155400.0,93.64,24.76,14.59,2.69,0.0
20230723:0811,260856.0,145.56,33.46,14.69,2.9,0.0
20230723:0911,329520.0,178.93,41.71,14.78,3.24,0.0
20230723:1011,340728.0,184.49,48.85,14.99,3.38,0.0
20230723:1111,458232.0,241.44,53.93,15.01,3.72,0.0
20230723:1211,438096.0,231.78,55.85,15.34,4.21,0.0
20230723:1311,468936.0,246.08,54.05,15.18,5.17,0.0
20230723:1411,305328.0,166.88,49.04,14.99,5.03,0.0
20230723:1511,437400.0,230.49,41.95,14.83,4.76,0.0
20230723:1611,275280.0,152.05,33.73,14.57,5.1,0.0
20230723:1711,225504.0,127.79,25.03,14.28,5.59,0.0
20230723:1811,123312.0,77.31,16.33,13.83,5.31,0.0
20230723:1911,62376.0,45.47,8.0,13.62,5.52,0.0
20230723:2011,0.0,0.0,0.0,13.31,5.24,0.0
20230723:2111,0.0,0.0,0.0,13.09,4.9,0.0
20230723:2211,0.0,0.0,0.0,12.9,4.83,0.0
20230723:2311,0.0,0.0,0.0,12.67,4.83,0.0
20230724:0011,0.0,0.0,0.0,12.36,4.69,0.0
20230724:0111,0.0,0.0,0.0,12.25,4.69,0.0
20230724:0211,0.0,0.0,0.0,11.93,4.83,0.0
20230724:0311,0.0,0.0,0.0,11.54,4.83,0.0
20230724:0411,0.0,0.0,0.0,11.21,4.69,0.0
20230724:0511,59928.0,43.72,7.58,11.05,4.76,0.0
20230724:0611,199536.0,122.98,15.9,11.33,5.31,0.0
20230724:0711,465528.0,246.39,24.6,12.24,5.66,0.0
20230724:0811,657288.0,333.29,33.29,13.36,6.34,0.0
20230724:0911,462144.0,241.02,41.53,14.05,6.14,0.0
20230724:1011,924552.0,465.12,48.66,14.79,6.0,0.0
20230724:1111,1774680.0,904.72,53.73,15.46,5.52,0.0
20230724:1211,968208.0,491.47,55.65,15.86,5.1,0.0
20230724:1311,1889832.0,976.44,53.85,15.97,4.69,0.0
20230724:1411,1592256.0,817.38,48.86,16.48,4.28,0.0
20230724:1511,716784.0,369.18,41.78,16.52,3.79,0.0
20230724:1611,864984.0,444.45,33.57,16.19,3.17,0.0
20230724:1711,538152.0,291.43,24.88,15.48,2.69,0.0
20230724:1811,166920.0,101.3,16.17,15.03,2.41,0.0
20230724:1911,61992.0,45.47,7.83,14.42,1.79,0.0
20230724:2011,0.0,0.0,0.0,13.54,1.79,0.0
20230724:2111,0.0,0.0,0.0,12.36,1.79,0.0
20230724:2211,0.0,0.0,0.0,11.53,1.72,0.0
20230724:2311,0.0,0.0,0.0,11.02,1.66,0.0
20230725:0011,0.0,0.0,0.0,10.57,1.59,0.0
20230725:0111,0.0,0.0,0.0,9.73,1.52,0.0
20230725:0211,0.0,0.0,0.0,8.94,1.38,0.0
20230725:0311,0.0,0.0,0.0,8.16,1.66,0.0
20230725:0411,0.0,0.0,0.0,7.7,2.0,0.0
20230725:0511,20496.0,20.99,7.4,8.37,1.86,0.0
20230725:0611,187512.0,111.95,15.73,10.64,1.86,0.0
20230725:0711,580224.0,315.02,24.43,12.87,2.48,0.0
20230725:0811,1062624.0,542.61,33.12,14.49,2.83,0.0
20230725:0911,1360488.0,695.58,41.36,15.55,3.1,0.0
20230725:1011,921888.0,472.67,48.47,16.1,3.03,0.0
20230725:1111,567504.0,297.8,53.53,16.99,3.17,0.0
20230725:1211,992856.0,512.43,55.44,17.23,3.03,0.0
20230725:1311,786504.0,407.96,53.65,17.61,3.1,0.0
20230725:1411,1286712.0,665.78,48.68,18.12,3.38,0.0
20230725:1511,735912.0,379.28,41.61,16.5,3.31,0.0
20230725:1611,678240.0,349.86,33.4,16.46,4.41,0.0
20230725:1711,499656.0,268.65,24.71,15.66,4.83,0.0
20230725:1811,150912.0,92.23,16.01,15.03,3.86,0.0
20230725:1911,29544.0,27.11,7.66,15.2,3.38,0.0
20230725:2011,0.0,0.0,0.0,14.35,3.17,0.0
20230725:2111,0.0,0.0,0.0,13.51,3.17,0.0
20230725:2211,0.0,0.0,0.0,12.69,3.1,0.0
20230725:2311,0.0,0.0,0.0,12.08,3.1,0.0
20230726:0011,0.0,0.0,0.0,11.95,3.03,0.0
20230726:0111,0.0,0.0,0.0,11.79,3.1,0.0
20230726:0211,0.0,0.0,0.0,12.15,3.03,0.0
20230726:0311,0.0,0.0,0.0,12.25,2.76,0.0
20230726:0411,0.0,0.0,0.0,11.99,2.41,0.0
20230726:0511,18720.0,20.11,7.22,11.81,2.21,0.0
20230726:0611,150816.0,118.16,15.55,12.71,2.0,0.0
20230726:0711,582480.0,318.58,24.25,14.4,3.45,0.0
20230726:0811,799416.0,408.12,32.95,15.81,4.76,0.0
20230726:0911,1322616.0,674.61,41.17,17.03,4.21,0.0
20230726:1011,928464.0,477.38,48.28,18.01,4.14,0.0
20230726:1111,1087008.0,560.06,53.32,18.56,4.21,0.0
20230726:1211,1049952.0,541.87,55.22,18.91,4.34,0.0
20230726:1311,1182144.0,610.69,53.44,18.91,4.14,0.0
20230726:1411,1680888.0,877.7,48.48,19.6,4.34,0.0
20230726:1511,949200.0,489.9,41.43,19.95,4.83,0.0
20230726:1611,274464.0,155.0,33.23,19.52,4.41,0.0
20230726:1711,165360.0,100.13,24.54,18.72,4.41,0.0
20230726:1811,44592.0,36.16,15.84,17.16,4.0,0.0
20230726:1911,7152.0,12.24,7.49,15.74,3.45,0.0
20230726:2011,0.0,0.0,0.0,14.89,3.45,0.0
20230726:2111,0.0,0.0,0.0,14.57,3.86,0.0
20230726:2211,0.0,0.0,0.0,14.37,4.21,0.0
20230726:2311,0.0,0.0,0.0,14.21,4.0,0.0
20230727:0011,0.0,0.0,0.0,14.09,3.59,0.0
20230727:0111,0.0,0.0,0.0,13.96,3.31,0.0
20230727:0211,0.0,0.0,0.0,14.04,3.31,0.0
20230727:0311,0.0,0.0,0.0,14.17,2.83,0.0
20230727:0411,0.0,0.0,0.0,14.35,2.34,0.0
20230727:0511,25320.0,24.48,7.04,14.57,2.21,0.0
20230727:0611,91368.0,61.19,15.38,14.88,2.0,0.0
20230727:0711,291144.0,162.3,24.08,15.63,1.52,0.0
20230727:0811,581424.0,304.78,32.77,16.38,2.07,0.0
20230727:0911,678264.0,352.5,40.99,17.07,2.69,0.0
20230727:1011,1123128.0,579.33,48.08,17.93,3.24,0.0
20230727:1111,539520.0,285.35,53.1,18.42,3.66,0.0
20230727:1211,332760.0,183.57,55.0,19.08,4.28,0.0
20230727:1311,714936.0,372.89,53.22,19.22,4.34,0.0
20230727:1411,852720.0,441.12,48.28,19.05,4.28,0.0
20230727:1511,745152.0,386.99,41.24,18.99,4.0,0.0
20230727:1611,478248.0,255.22,33.05,18.98,3.93,0.0
20230727:1711,449232.0,247.16,24.37,19.26,3.66,0.0
20230727:1811,184944.0,121.25,15.66,19.12,2.83,0.0
20230727:1911,54312.0,41.97,7.3,19.08,3.52,0.0
20230727:2011,0.0,0.0,0.0,17.83,3.45,0.0
20230727:2111,0.0,0.0,0.0,16.7,3.1,0.0
20230727:2211,0.0,0.0,0.0,15.96,2.9,0.0
20230727:2311,0.0,0.0,0.0,15.25,2.62,0.0
20230728:0011,0.0,0.0,0.0,14.85,2.21,0.0
20230728:0111,0.0,0.0,0.0,14.52,2.07,0.0
20230728:0211,0.0,0.0,0.0,14.17,2.07,0.0
20230728:0311,0.0,0.0,0.0,14.15,1.86,0.0
20230728:0411,0.0,0.0,0.0,13.82,1.79,0.0
20230728:0511,5040.0,10.49,6.85,13.78,1.59,0.0
20230728:0611,182736.0,115.65,15.2,15.43,1.45,0.0
20230728:0711,397800.0,218.19,23.9,16.88,2.41,0.0
20230728:0811,618384.0,323.84,32.59,17.6,2.9,0.0
20230728:0911,530928.0,280.78,40.8,18.58,3.72,0.0
20230728:1011,1140816.0,589.09,47.87,19.62,4.41,0.0
20230728:1111,747408.0,390.77,52.88,20.38,4.69,0.0
20230728:1211,882936.0,459.84,54.77,20.77,4.83,0.0
20230728:1311,919872.0,478.82,53.0,20.94,4.83,0.0
20230728:1411,1284648.0,667.69,48.08,21.11,4.76,0.0
20230728:1511,903744.0,469.42,41.05,20.9,4.62,0.0
20230728:1611,448008.0,241.83,32.87,20.57,4.28,0.0
20230728:1711,395040.0,219.0,24.19,20.27,3.59,0.0
20230728:1811,71976.0,51.92,15.48,19.82,2.41,0.0
20230728:1911,43512.0,35.85,7.11,19.3,2.21,0.0
20230728:2011,0.0,0.0,0.0,18.37,2.28,0.0
20230728:2111,0.0,0.0,0.0,17.55,2.41,0.0
20230728:2211,0.0,0.0,0.0,16.81,2.41,0.0
20230728:2311,0.0,0.0,0.0,16.29,2.48,0.0
20230729:0011,0.0,0.0,0.0,15.88,2.62,0.0
20230729:0111,0.0,0.0,0.0,15.51,2.97,0.0
20230729:0211,0.0,0.0,0.0,15.26,3.38,0.0
20230729:0311,0.0,0.0,0.0,14.91,3.45,0.0
20230729:0411,0.0,0.0,0.0,14.67,3.52,0.0
20230729:0511,13200.0,16.61,6.66,14.62,3.66,0.0
20230729:0611,141864.0,88.11,15.02,14.94,3.38,0.0
20230729:0711,536400.0,291.56,23.72,15.25,5.1,0.0
20230729:0811,573840.0,296.61,32.41,15.38,5.31,0.0
20230729:0911,346632.0,187.58,40.61,15.99,5.17,0.0
20230729:1011,1105200.0,560.66,47.67,17.11,5.59,0.0
20230729:1111,1536984.0,785.04,52.66,17.62,5.86,0.0
20230729:1211,1888752.0,975.07,54.54,18.38,6.34,0.0
20230729:1311,1703304.0,874.0,52.77,18.37,6.34,0.0
20230729:1411,1118616.0,569.04,47.86,18.62,6.69,0.0
20230729:1511,1390392.0,705.17,40.85,18.52,6.55,0.0
20230729:1611,153024.0,93.64,32.68,18.4,6.48,0.0
20230729:1711,212208.0,123.2,24.0,18.05,6.14,0.0
20230729:1811,163368.0,121.54,15.29,17.53,5.45,0.0
20230729:1911,8232.0,13.12,6.92,16.79,5.52,0.0
20230729:2011,0.0,0.0,0.0,15.99,4.76,0.0
20230729:2111,0.0,0.0,0.0,15.31,4.28,0.0
20230729:2211,0.0,0.0,0.0,14.69,4.28,0.0
20230729:2311,0.0,0.0,0.0,14.42,4.28,0.0
20230730:0011,0.0,0.0,0.0,14.06,4.14,0.0
20230730:0111,0.0,0.0,0.0,13.74,4.28,0.0
20230730:0211,0.0,0.0,0.0,13.54,4.34,0.0
20230730:0311,0.0,0.0,0.0,13.34,4.34,0.0
20230730:0411,0.0,0.0,0.0,13.16,4.62,0.0
20230730:0511,46608.0,36.73,6.47,13.02,4.83,0.0
20230730:0611,139272.0,113.08,14.83,13.69,4.69,0.0
20230730:0711,576648.0,314.46,23.54,14.61,5.93,0.0
20230730:0811,731688.0,370.98,32.22,14.93,7.1,0.0
20230730:0911,1087944.0,543.52,40.41,15.48,7.17,0.0
20230730:1011,1118688.0,561.63,47.46,16.19,7.17,0.0
20230730:1111,397104.0,212.31,52.43,16.96,7.72,0.0
20230730:1211,534840.0,279.01,54.3,16.94,7.45,0.0
20230730:1311,1334664.0,673.92,52.54,17.16,7.17,0.0
20230730:1411,1082064.0,547.74,47.65,17.62,6.9,0.0
20230730:1511,628632.0,324.75,40.65,17.56,7.03,0.0
20230730:1611,342600.0,186.43,32.49,17.38,6.41,0.0
20230730:1711,95832.0,63.97,23.81,17.25,6.0,0.0
20230730:1811,49608.0,38.94,15.1,16.71,4.69,0.0
20230730:1911,2952.0,8.74,6.72,15.8,3.72,0.0
20230730:2011,0.0,0.0,0.0,15.12,2.69,0.0
20230730:2111,0.0,0.0,0.0,14.44,2.41,0.0
20230730:2211,0.0,0.0,0.0,14.21,2.62,0.0
20230730:2311,0.0,0.0,0.0,14.28,2.41,0.0
20230731:0011,0.0,0.0,0.0,14.39,2.41,0.0
20230731:0111,0.0,0.0,0.0,14.69,2.55,0.0
20230731:0211,0.0,0.0,0.0,15.09,2.62,0.0
20230731:0311,0.0,0.0,0.0,15.47,2.76,0.0
20230731:0411,0.0,0.0,0.0,15.92,3.38,0.0
20230731:0511,11832.0,15.74,6.28,16.23,3.93,0.0
20230731:0611,43128.0,35.23,14.64,16.45,4.07,0.0
20230731:0711,440064.0,240.5,23.35,16.82,4.07,0.0
20230731:0811,226320.0,129.79,32.03,17.02,3.72,0.0
20230731:0911,355584.0,193.16,40.21,17.49,5.24,0.0
20230731:1011,802320.0,412.63,47.24,17.55,4.41,0.0
20230731:1111,396192.0,213.23,52.2,17.8,5.52,0.0
20230731:1211,235944.0,134.43,54.06,17.27,5.52,0.0
20230731:1311,208224.0,120.52,52.3,16.66,4.83,0.0
20230731:1411,348480.0,189.13,47.42,16.63,4.83,0.0
20230731:1511,149016.0,90.86,40.44,16.04,4.28,0.0
20230731:1611,60000.0,44.5,32.29,15.43,4.83,0.0
20230731:1711,100152.0,65.82,23.62,15.51,3.86,0.0
20230731:1811,143904.0,89.19,14.9,15.2,4.28,0.0
20230731:1911,44616.0,35.85,6.52,14.82,4.07,0.0
20230731:2011,0.0,0.0,0.0,14.48,3.72,0.0
20230731:2111,0.0,0.0,0.0,14.26,4.07,0.0
20230731:2211,0.0,0.0,0.0,14.2,4.14,0.0
20230731:2311,0.0,0.0,0.0,14.15,3.93,0.0
20230801:0011,0.0,0.0,0.0,14.07,4.07,0.0
20230801:0111,0.0,0.0,0.0,14.18,4.0,0.0
20230801:0211,0.0,0.0,0.0,14.19,4.0,0.0
20230801:0311,0.0,0.0,0.0,14.16,3.93,0.0
20230801:0411,0.0,0.0,0.0,14.0,3.86,0.0
20230801:0511,10752.0,14.87,6.08,14.22,3.79,0.0
20230801:0611,161232.0,100.31,14.45,14.63,3.93,0.0
20230801:0711,299328.0,165.25,23.17,14.67,3.59,0.0
20230801:0811,575856.0,297.57,31.84,15.46,5.45,0.0
20230801:0911,437760.0,231.98,40.01,16.49,5.59,0.0
20230801:1011,714072.0,367.7,47.02,17.27,5.17,0.0
20230801:1111,1002744.0,514.14,51.96,17.84,4.48,0.0
20230801:1211,221232.0,127.94,53.81,18.48,4.69,0.0
20230801:1311,502896.0,266.5,52.06,18.33,4.62,0.0
20230801:1411,451944.0,241.35,47.19,18.16,4.28,0.0
20230801:1511,173280.0,103.84,40.23,18.01,4.14,0.0
20230801:1611,269064.0,151.32,32.08,17.89,4.14,0.0
20230801:1711,276168.0,155.4,23.41,17.74,4.34,0.0
20230801:1811,157272.0,98.6,14.69,17.31,3.59,0.0
20230801:1911,44136.0,35.85,6.31,16.63,2.07,0.0
20230801:2011,0.0,0.0,0.0,15.75,2.14,0.0
20230801:2111,0.0,0.0,0.0,14.86,2.0,0.0
20230801:2211,0.0,0.0,0.0,14.35,1.66,0.0
20230801:2311,0.0,0.0,0.0,13.74,1.93,0.0
20230802:0011,0.0,0.0,0.0,12.99,2.41,0.0
20230802:0111,0.0,0.0,0.0,12.81,2.62,0.0
20230802:0211,0.0,0.0,0.0,12.85,2.76,0.0
20230802:0311,0.0,0.0,0.0,12.85,2.76,0.0
20230802:0411,0.0,0.0,0.0,12.94,2.97,0.0
20230802:0511,2088.0,7.87,5.88,13.22,3.24,0.0
20230802:0611,23376.0,23.18,14.26,13.68,3.72,0.0
20230802:0711,30864.0,27.81,22.98,14.38,3.03,0.0
20230802:0811,58488.0,43.57,31.65,14.87,4.41,0.0
20230802:0911,308832.0,168.73,39.81,14.99,4.34,0.0
20230802:1011,198384.0,114.96,46.8,15.08,4.34,0.0
20230802:1111,283968.0,156.68,51.72,15.17,4.9,0.0
20230802:1211,196920.0,114.03,53.56,14.89,5.45,0.0
20230802:1311,159384.0,95.49,51.81,14.92,6.21,0.0
20230802:1411,200856.0,115.89,46.96,14.84,6.14,0.0
20230802:1511,332568.0,179.86,40.01,15.0,5.93,0.0
20230802:1611,244536.0,137.21,31.87,14.82,5.66,0.0
20230802:1711,189288.0,110.29,23.2,14.81,5.72,0.0
20230802:1811,45240.0,36.16,14.48,14.59,6.62,0.0
20230802:1911,6072.0,11.37,6.09,14.92,5.86,0.0
20230802:2011,0.0,0.0,0.0,14.54,6.07,0.0
20230802:2111,0.0,0.0,0.0,14.14,6.28,0.0
20230802:2211,0.0,0.0,0.0,13.77,6.14,0.0
20230802:2311,0.0,0.0,0.0,13.47,6.07,0.0
20230803:0011,0.0,0.0,0.0,13.15,5.72,0.0
20230803:0111,0.0,0.0,0.0,12.79,5.45,0.0
20230803:0211,0.0,0.0,0.0,12.73,5.17,0.0
20230803:0311,0.0,0.0,0.0,12.66,4.9,0.0
20230803:0411,0.0,0.0,0.0,12.79,4.69,0.0
20230803:0511,31392.0,27.98,5.68,13.01,4.55,0.0
20230803:0611,128232.0,106.49,14.06,13.48,4.34,0.0
20230803:0711,577104.0,316.15,22.78,14.11,5.03,0.0
20230803:0811,769800.0,391.06,31.45,15.11,5.72,0.0
20230803:0911,868128.0,440.27,39.6,16.05,5.1,0.0
20230803:1011,715752.0,368.21,46.58,16.67,4.55,0.0
20230803:1111,1499160.0,772.08,51.48,17.44,4.34,0.0
20230803:1211,786528.0,406.11,53.3,17.71,4.21,0.0
20230803:1311,411312.0,221.58,51.56,18.33,4.41,0.0
20230803:1411,729456.0,378.52,46.72,18.63,4.41,0.0
20230803:1511,534168.0,282.23,39.78,18.52,3.72,0.0
20230803:1611,220728.0,127.94,31.65,18.61,3.45,0.0
20230803:1711,185664.0,110.3,22.99,18.02,2.62,0.0
20230803:1811,79632.0,55.63,14.27,17.59,1.52,0.0
20230803:1911,0.0,5.25,5.87,16.88,1.72,0.0
20230803:2011,0.0,0.0,0.0,15.63,2.14,0.0
20230803:2111,0.0,0.0,0.0,15.0,1.86,0.0
20230803:2211,0.0,0.0,0.0,14.56,1.66,0.0
20230803:2311,0.0,0.0,0.0,14.2,1.86,0.0
20230804:0011,0.0,0.0,0.0,13.62,2.0,0.0
20230804:0111,0.0,0.0,0.0,13.7,1.93,0.0
20230804:0211,0.0,0.0,0.0,13.74,1.72,0.0
20230804:0311,0.0,0.0,0.0,13.73,1.79,0.0
20230804:0411,0.0,0.0,0.0,13.68,2.0,0.0
20230804:0511,34224.0,29.73,5.47,13.57,1.86,0.0
20230804:0611,157824.0,106.76,13.87,13.72,1.79,0.0
20230804:0711,302904.0,167.39,22.59,14.0,1.59,0.0
20230804:0811,585552.0,304.01,31.25,14.08,1.79,0.0
20230804:0911,349200.0,188.54,39.39,14.22,2.0,0.0
20230804:1011,367152.0,197.47,46.35,14.46,2.14,0.0
20230804:1111,522840.0,273.05,51.23,14.17,2.28,0.0
20230804:1211,779856.0,399.7,53.04,14.6,2.69,0.0
20230804:1311,1092984.0,556.34,51.3,14.52,2.97,0.0
20230804:1411,470016.0,247.39,46.47,14.72,2.76,0.0
20230804:1511,430080.0,228.38,39.55,15.0,2.34,0.0
20230804:1611,186072.0,109.4,31.43,15.37,1.59,0.0
20230804:1711,68472.0,49.14,22.77,15.21,1.38,0.0
20230804:1811,100296.0,66.18,14.05,15.32,1.45,0.0
20230804:1911,25320.0,24.48,5.64,14.65,2.21,0.0
20230804:2011,0.0,0.0,0.0,13.42,2.41,0.0
20230804:2111,0.0,0.0,0.0,13.07,2.34,0.0
20230804:2211,0.0,0.0,0.0,12.66,2.14,0.0
20230804:2311,0.0,0.0,0.0,12.33,2.07,0.0
20230805:0011,0.0,0.0,0.0,12.08,1.86,0.0
20230805:0111,0.0,0.0,0.0,11.95,1.79,0.0
20230805:0211,0.0,0.0,0.0,11.96,1.52,0.0
20230805:0311,0.0,0.0,0.0,11.95,1.24,0.0
20230805:0411,0.0,0.0,0.0,11.81,1.03,0.0
20230805:0511,0.0,4.37,5.26,11.51,0.97,0.0
20230805:0611,56016.0,41.72,13.67,11.26,0.55,0.0
20230805:0711,94464.0,62.12,22.39,11.93,1.17,0.0
20230805:0811,307344.0,167.56,31.05,12.98,1.31,0.0
20230805:0911,420696.0,223.4,39.17,13.57,1.1,0.0
20230805:1011,881352.0,455.43,46.11,14.43,0.9,0.0
20230805:1111,802848.0,415.93,50.97,15.01,1.17,0.0
20230805:1211,552672.0,289.4,52.77,15.21,2.0,0.0
20230805:1311,283272.0,156.68,51.03,15.23,3.52,0.0
20230805:1411,369528.0,197.47,46.22,14.41,4.83,0.0
20230805:1511,366936.0,195.05,39.31,13.35,5.72,0.0
20230805:1611,164784.0,97.35,31.2,12.83,5.86,0.0
20230805:1711,274080.0,151.0,22.55,12.84,5.93,0.0
20230805:1811,121128.0,76.47,13.82,12.63,6.21,0.0
20230805:1911,0.0,4.37,5.41,12.3,5.24,0.0
20230805:2011,0.0,0.0,0.0,11.99,4.83,0.0
20230805:2111,0.0,0.0,0.0,11.78,4.69,0.0
20230805:2211,0.0,0.0,0.0,11.5,4.62,0.0
20230805:2311,0.0,0.0,0.0,11.17,4.55,0.0
20230806:0011,0.0,0.0,0.0,10.89,4.48,0.0
20230806:0111,0.0,0.0,0.0,10.52,4.48,0.0
20230806:0211,0.0,0.0,0.0,10.38,4.48,0.0
20230806:0311,0.0,0.0,0.0,10.21,4.28,0.0
20230806:0411,0.0,0.0,0.0,10.14,4.07,0.0
20230806:0511,28920.0,26.23,5.05,10.03,4.0,0.0
20230806:0611,133728.0,103.61,13.47,10.65,4.0,0.0
20230806:0711,571968.0,311.22,22.19,11.95,4.41,0.0
20230806:0811,1039152.0,519.72,30.84,13.2,5.66,0.0
20230806:0911,1394520.0,696.4,38.96,14.11,5.38,0.0
20230806:1011,1787976.0,907.22,45.88,15.04,5.38,0.0
20230806:1111,1603944.0,816.79,50.72,15.34,4.83,0.0
20230806:1211,539712.0,281.51,52.5,16.01,4.83,0.0
20230806:1311,223464.0,127.94,50.76,16.45,4.76,0.0
20230806:1411,653352.0,337.63,45.97,16.61,4.48,0.0
20230806:1511,1004976.0,510.68,39.07,16.18,4.0,0.0
20230806:1611,916728.0,468.32,30.97,16.03,4.07,0.0
20230806:1711,297024.0,164.97,22.32,15.54,3.17,0.0
20230806:1811,147024.0,92.61,13.59,14.91,2.28,0.0
20230806:1911,15792.0,18.36,5.17,14.43,1.52,0.0
20230806:2011,0.0,0.0,0.0,13.7,1.03,0.0
20230806:2111,0.0,0.0,0.0,12.71,1.03,0.0
20230806:2211,0.0,0.0,0.0,11.42,1.31,0.0
20230806:2311,0.0,0.0,0.0,10.15,1.66,0.0
20230807:0011,0.0,0.0,0.0,9.35,1.66,0.0
20230807:0111,0.0,0.0,0.0,8.74,1.79,0.0
20230807:0211,0.0,0.0,0.0,8.31,2.0,0.0
20230807:0311,0.0,0.0,0.0,8.14,2.07,0.0
20230807:0411,0.0,0.0,0.0,7.97,2.21,0.0
20230807:0511,15072.0,17.49,4.84,8.07,2.21,0.0
20230807:0611,127656.0,101.41,13.26,9.98,2.07,0.0
20230807:0711,550824.0,302.78,21.99,13.14,2.69,0.0
20230807:0811,995688.0,505.56,30.64,14.54,3.79,0.0
20230807:0911,1287144.0,650.27,38.74,15.59,4.48,0.0
20230807:1011,1547880.0,787.09,45.64,16.18,5.03,0.0
20230807:1111,2000688.0,1034.6,50.45,16.76,5.45,0.0
20230807:1211,554184.0,289.48,52.22,17.06,5.52,0.0
20230807:1311,1119672.0,569.2,50.49,17.4,5.66,0.0
20230807:1411,739536.0,379.69,45.7,17.45,5.86,0.0
20230807:1511,1121016.0,566.73,38.82,16.94,5.59,0.0
20230807:1611,856320.0,437.02,30.73,16.82,5.66,0.0
20230807:1711,494448.0,270.95,22.08,16.47,5.1,0.0
20230807:1811,138576.0,87.94,13.35,15.94,4.34,0.0
20230807:1911,26688.0,25.36,4.93,15.11,3.93,0.0
20230807:2011,0.0,0.0,0.0,14.05,3.79,0.0
20230807:2111,0.0,0.0,0.0,13.06,3.86,0.0
20230807:2211,0.0,0.0,0.0,12.94,4.0,0.0
20230807:2311,0.0,0.0,0.0,12.65,3.93,0.0
20230808:0011,0.0,0.0,0.0,12.76,3.66,0.0
20230808:0111,0.0,0.0,0.0,12.53,3.31,0.0
20230808:0211,0.0,0.0,0.0,12.45,3.03,0.0
20230808:0311,0.0,0.0,0.0,11.93,2.97,0.0
20230808:0411,0.0,0.0,0.0,11.37,2.97,0.0
20230808:0511,25872.0,24.48,4.63,10.83,2.97,0.0
20230808:0611,130560.0,101.12,13.05,11.52,3.17,0.0
20230808:0711,545424.0,299.15,21.78,13.21,3.45,0.0
20230808:0811,1004280.0,509.39,30.43,14.47,3.93,0.0
20230808:0911,1454400.0,738.48,38.52,15.62,4.14,0.0
20230808:1011,1331352.0,678.68,45.4,16.5,4.28,0.0
20230808:1111,1917264.0,997.12,50.19,17.52,4.9,0.0
20230808:1211,1228344.0,628.18,51.94,17.92,5.1,0.0
20230808:1311,1369896.0,701.51,50.21,18.12,5.24,0.0
20230808:1411,1541856.0,790.13,45.44,17.94,5.17,0.0
20230808:1511,1102080.0,561.64,38.57,17.65,4.62,0.0
20230808:1611,1022784.0,525.21,30.48,17.81,4.62,0.0
20230808:1711,558456.0,312.4,21.84,17.51,4.0,0.0
20230808:1811,117240.0,102.01,13.11,16.98,3.59,0.0
20230808:1911,16944.0,19.24,4.68,16.08,3.38,0.0
20230808:2011,0.0,0.0,0.0,14.36,3.17,0.0
20230808:2111,0.0,0.0,0.0,13.39,3.24,0.0
20230808:2211,0.0,0.0,0.0,12.41,3.31,0.0
20230808:2311,0.0,0.0,0.0,11.73,3.38,0.0
20230809:0011,0.0,0.0,0.0,11.15,3.17,0.0
20230809:0111,0.0,0.0,0.0,10.49,3.1,0.0
20230809:0211,0.0,0.0,0.0,10.03,2.97,0.0
20230809:0311,0.0,0.0,0.0,9.63,2.76,0.0
20230809:0411,0.0,0.0,0.0,9.5,2.62,0.0
20230809:0511,16272.0,18.36,4.41,9.44,2.55,0.0
20230809:0611,144696.0,92.85,12.85,10.57,2.34,0.0
20230809:0711,529008.0,291.66,21.58,13.33,2.55,0.0
20230809:0811,954144.0,486.93,30.22,15.04,3.31,0.0
20230809:0911,1456104.0,740.4,38.29,16.65,4.55,0.0
20230809:1011,1639680.0,839.06,45.15,17.97,5.59,0.0
20230809:1111,1528128.0,786.42,49.92,18.66,5.31,0.0
20230809:1211,1565976.0,814.02,51.66,19.89,5.03,0.0
20230809:1311,1148256.0,594.33,49.93,20.26,4.69,0.0
20230809:1411,743712.0,388.9,45.16,20.63,4.41,0.0
20230809:1511,929544.0,482.25,38.31,20.71,4.28,0.0
20230809:1611,419688.0,227.67,30.23,20.39,4.07,0.0
20230809:1711,267432.0,153.18,21.59,20.03,3.52,0.0
20230809:1811,128592.0,84.2,12.86,19.49,3.03,0.0
20230809:1911,17928.0,20.11,4.43,19.14,2.28,0.0
20230809:2011,0.0,0.0,0.0,18.29,2.14,0.0
20230809:2111,0.0,0.0,0.0,17.59,2.07,0.0
20230809:2211,0.0,0.0,0.0,17.12,2.0,0.0
20230809:2311,0.0,0.0,0.0,16.68,1.93,0.0
20230810:0011,0.0,0.0,0.0,16.41,1.72,0.0
20230810:0111,0.0,0.0,0.0,15.57,1.45,0.0
20230810:0211,0.0,0.0,0.0,14.8,1.17,0.0
20230810:0311,0.0,0.0,0.0,13.96,1.24,0.0
20230810:0411,0.0,0.0,0.0,13.81,1.1,0.0
20230810:0511,10728.0,14.87,4.19,14.51,0.69,0.0
20230810:0611,136776.0,90.45,12.64,15.33,0.14,0.0
20230810:0711,343488.0,192.1,21.37,16.46,0.55,0.0
20230810:0811,730896.0,385.45,30.0,18.24,1.1,0.0
20230810:0911,1166040.0,614.75,38.06,19.51,1.45,0.0
20230810:1011,1291560.0,686.86,44.9,20.71,1.79,0.0
20230810:1111,1349352.0,720.1,49.65,21.96,2.41,0.0
20230810:1211,1719744.0,931.88,51.37,23.09,3.1,0.0
20230810:1311,410592.0,226.7,49.64,23.61,3.86,0.0
20230810:1411,754848.0,401.22,44.89,23.87,3.86,0.0
20230810:1511,885000.0,468.37,38.04,23.72,3.31,0.0
20230810:1611,936120.0,497.73,29.98,23.71,3.45,0.0
20230810:1711,489504.0,282.47,21.34,23.63,3.66,0.0
20230810:1811,116976.0,96.11,12.61,23.26,3.45,0.0
20230810:1911,20184.0,21.86,4.17,22.56,3.38,0.0
20230810:2011,0.0,0.0,0.0,21.24,3.17,0.0
20230810:2111,0.0,0.0,0.0,20.42,3.1,0.0
20230810:2211,0.0,0.0,0.0,19.91,3.1,0.0
20230810:2311,0.0,0.0,0.0,19.42,3.1,0.0
20230811:0011,0.0,0.0,0.0,19.2,3.1,0.0
20230811:0111,0.0,0.0,0.0,18.82,3.31,0.0
20230811:0211,0.0,0.0,0.0,18.87,3.45,0.0
20230811:0311,0.0,0.0,0.0,18.61,3.72,0.0
20230811:0411,0.0,0.0,0.0,18.47,3.93,0.0
20230811:0511,2880.0,8.74,3.97,18.3,4.21,0.0
20230811:0611,122040.0,95.83,12.42,18.43,4.69,0.0
20230811:0711,509976.0,286.03,21.16,18.56,5.17,0.0
20230811:0811,991008.0,508.83,29.79,18.51,5.45,0.0
20230811:0911,1455648.0,743.36,37.83,18.78,5.52,0.0
20230811:1011,1609056.0,829.13,44.65,19.38,5.52,0.0
20230811:1111,1563960.0,808.46,49.37,20.18,5.93,0.0
20230811:1211,1425168.0,737.39,51.08,21.02,6.14,0.0
20230811:1311,1768032.0,927.65,49.34,21.3,5.45,0.0
20230811:1411,1078536.0,558.0,44.6,21.44,5.59,0.0
20230811:1511,944880.0,489.55,37.77,21.23,5.03,0.0
20230811:1611,503688.0,269.93,29.72,21.24,4.76,0.0
20230811:1711,417288.0,235.32,21.09,21.06,3.86,0.0
20230811:1811,110112.0,94.07,12.35,20.31,3.17,0.0
20230811:1911,16632.0,19.24,3.91,19.3,3.1,0.0
20230811:2011,0.0,0.0,0.0,17.79,2.76,0.0
20230811:2111,0.0,0.0,0.0,16.74,2.76,0.0
20230811:2211,0.0,0.0,0.0,15.9,2.9,0.0
20230811:2311,0.0,0.0,0.0,15.52,3.1,0.0
20230812:0011,0.0,0.0,0.0,15.13,3.31,0.0
20230812:0111,0.0,0.0,0.0,14.5,3.45,0.0
20230812:0211,0.0,0.0,0.0,14.4,3.59,0.0
20230812:0311,0.0,0.0,0.0,14.59,3.86,0.0
20230812:0411,0.0,0.0,0.0,14.7,4.0,0.0
20230812:0511,8352.0,13.12,3.75,14.45,3.93,0.0
20230812:0611,17424.0,19.47,12.21,14.9,4.14,0.0
20230812:0711,255024.0,144.19,20.95,16.01,4.69,0.0
20230812:0811,683688.0,351.13,29.57,17.11,7.1,0.0
20230812:0911,358296.0,194.57,37.6,18.15,7.03,0.0
20230812:1011,613776.0,319.5,44.4,18.58,6.41,0.0
20230812:1111,512184.0,271.03,49.09,19.23,6.48,0.0
20230812:1211,338136.0,186.35,50.78,19.92,6.48,0.0
20230812:1311,871920.0,449.27,49.05,19.92,6.41,0.0
20230812:1411,1406256.0,723.41,44.32,19.63,5.31,0.0
20230812:1511,888600.0,452.42,37.5,17.74,5.72,0.0
20230812:1611,599256.0,313.75,29.45,18.53,4.69,0.0
20230812:1711,448824.0,251.17,20.83,18.45,3.86,0.0
20230812:1811,111504.0,92.33,12.09,18.42,4.76,0.0
20230812:1911,1992.0,7.87,3.64,17.63,4.55,0.0
20230812:2011,0.0,0.0,0.0,17.16,4.34,0.0
20230812:2111,0.0,0.0,0.0,16.63,4.41,0.0
20230812:2211,0.0,0.0,0.0,16.23,4.41,0.0
20230812:2311,0.0,0.0,0.0,15.97,4.34,0.0
20230813:0011,0.0,0.0,0.0,15.67,4.28,0.0
20230813:0111,0.0,0.0,0.0,15.37,4.07,0.0
20230813:0211,0.0,0.0,0.0,15.04,3.93,0.0
20230813:0311,0.0,0.0,0.0,15.1,3.86,0.0
20230813:0411,0.0,0.0,0.0,14.89,3.72,0.0
20230813:0511,0.0,2.62,3.53,14.85,3.66,0.0
20230813:0611,50016.0,38.94,11.99,15.05,3.66,0.0
20230813:0711,255360.0,144.32,20.73,15.66,3.79,0.0
20230813:0811,294024.0,162.18,29.35,15.96,4.34,0.0
20230813:0911,634104.0,327.16,37.37,16.37,4.48,0.0
20230813:1011,666672.0,344.5,44.14,17.13,4.69,0.0
20230813:1111,1110240.0,566.21,48.81,17.77,5.17,0.0
20230813:1211,729096.0,377.11,50.48,18.46,5.45,0.0
20230813:1311,1396272.0,716.13,48.74,18.84,5.52,0.0
20230813:1411,303432.0,168.73,44.02,18.98,5.52,0.0
20230813:1511,400416.0,216.26,37.22,18.91,5.24,0.0
20230813:1611,431880.0,231.47,29.18,18.62,4.97,0.0
20230813:1711,449712.0,251.16,20.56,18.09,4.48,0.0
20230813:1811,83424.0,57.81,11.82,17.58,3.24,0.0
20230813:1911,0.0,2.62,3.37,16.78,3.17,0.0
20230813:2011,0.0,0.0,0.0,15.72,2.9,0.0
20230813:2111,0.0,0.0,0.0,14.91,2.62,0.0
20230813:2211,0.0,0.0,0.0,14.65,2.41,0.0
20230813:2311,0.0,0.0,0.0,14.3,2.34,0.0
20230814:0011,0.0,0.0,0.0,13.85,2.41,0.0
20230814:0111,0.0,0.0,0.0,13.46,2.41,0.0
20230814:0211,0.0,0.0,0.0,13.71,2.41,0.0
20230814:0311,0.0,0.0,0.0,14.19,2.55,0.0
20230814:0411,0.0,0.0,0.0,14.52,2.62,0.0
20230814:0511,0.0,1.75,3.3,14.43,2.48,0.0
20230814:0611,6960.0,12.05,11.77,14.57,2.62,0.0
20230814:0711,280560.0,156.99,20.51,14.71,2.55,0.0
20230814:0811,82392.0,56.55,29.12,15.34,2.48,0.0
20230814:0911,87552.0,59.33,37.13,15.59,2.28,0.0
20230814:1011,106968.0,69.53,43.88,15.92,2.48,0.0
20230814:1111,213912.0,123.31,48.52,16.05,2.83,0.0
20230814:1211,352272.0,190.98,50.17,16.3,3.93,0.0
20230814:1311,347664.0,189.13,48.44,16.65,3.66,0.0
20230814:1411,129864.0,81.59,43.73,17.04,3.24,0.0
20230814:1511,212400.0,123.31,36.93,17.78,3.72,0.0
20230814:1611,932640.0,483.5,28.91,18.73,3.79,0.0
20230814:1711,334632.0,188.81,20.29,19.23,4.0,0.0
20230814:1811,62616.0,46.36,11.55,17.85,4.69,0.0
20230814:1911,9312.0,13.99,3.09,17.83,2.55,0.0
20230814:2011,0.0,0.0,0.0,17.02,2.55,0.0
20230814:2111,0.0,0.0,0.0,16.37,2.9,0.0
20230814:2211,0.0,0.0,0.0,15.81,3.52,0.0
20230814:2311,0.0,0.0,0.0,15.45,4.14,0.0
20230815:0011,0.0,0.0,0.0,15.24,3.79,0.0
20230815:0111,0.0,0.0,0.0,15.13,3.38,0.0
20230815:0211,0.0,0.0,0.0,14.96,3.03,0.0
20230815:0311,0.0,0.0,0.0,14.52,2.83,0.0
20230815:0411,0.0,0.0,0.0,13.96,2.97,0.0
20230815:0511,0.0,2.62,3.07,13.92,3.1,0.0
20230815:0611,119544.0,89.34,11.55,14.42,3.31,0.0
20230815:0711,429168.0,236.86,20.3,15.54,3.52,0.0
20230815:0811,890376.0,456.55,28.9,16.63,4.0,0.0
20230815:0911,1329696.0,681.47,36.89,17.74,3.86,0.0
20230815:1011,1366704.0,706.24,43.61,18.45,3.72,0.0
20230815:1111,1399176.0,726.69,48.23,18.85,3.72,0.0
20230815:1211,877968.0,455.78,49.86,19.39,3.79,0.0
20230815:1311,879576.0,457.17,48.12,19.85,3.86,0.0
20230815:1411,672384.0,353.31,43.43,20.01,3.45,0.0
20230815:1511,226392.0,131.65,36.65,20.12,3.17,0.0
20230815:1611,418272.0,227.24,28.63,20.19,3.17,0.0
20230815:1711,176880.0,106.71,20.01,19.73,2.97,0.0
20230815:1811,108672.0,74.09,11.28,18.99,2.69,0.0
20230815:1911,0.0,3.5,2.81,17.99,1.79,0.0
20230815:2011,0.0,0.0,0.0,16.42,1.86,0.0
20230815:2111,0.0,0.0,0.0,15.54,1.93,0.0
20230815:2211,0.0,0.0,0.0,14.49,2.0,0.0
20230815:2311,0.0,0.0,0.0,13.57,2.14,0.0
20230816:0011,0.0,0.0,0.0,12.93,2.14,0.0
20230816:0111,0.0,0.0,0.0,12.45,1.93,0.0
20230816:0211,0.0,0.0,0.0,11.9,1.86,0.0
20230816:0311,0.0,0.0,0.0,11.64,1.79,0.0
20230816:0411,0.0,0.0,0.0,11.25,1.86,0.0
20230816:0511,5160.0,10.49,2.84,11.03,1.66,0.0
20230816:0611,101160.0,66.66,11.33,11.7,1.93,0.0
20230816:0711,300600.0,166.37,20.08,12.56,1.31,0.0
20230816:0811,768144.0,397.62,28.67,14.47,1.1,0.0
20230816:0911,961992.0,500.68,36.64,16.45,0.9,0.0
20230816:1011,831048.0,437.48,43.35,17.88,0.62,0.0
20230816:1111,463728.0,251.0,47.94,18.89,0.76,0.0
20230816:1211,268728.0,152.97,49.55,19.23,1.03,0.0
20230816:1311,440064.0,239.33,47.81,19.72,1.31,0.0
20230816:1411,477336.0,258.14,43.12,20.03,1.45,0.0
20230816:1511,134832.0,85.29,36.35,19.96,1.45,0.0
20230816:1611,275688.0,156.68,28.35,19.97,1.66,0.0
20230816:1711,342936.0,194.72,19.73,19.37,2.21,0.0
20230816:1811,95736.0,65.8,10.99,18.61,2.62,0.0
20230816:1911,0.0,3.5,2.52,17.69,2.62,0.0
20230816:2011,0.0,0.0,0.0,16.3,2.55,0.0
20230816:2111,0.0,0.0,0.0,15.54,2.34,0.0
20230816:2211,0.0,0.0,0.0,14.77,2.21,0.0
20230816:2311,0.0,0.0,0.0,14.16,2.0,0.0
20230817:0011,0.0,0.0,0.0,14.32,1.93,0.0
20230817:0111,0.0,0.0,0.0,14.15,1.93,0.0
20230817:0211,0.0,0.0,0.0,14.37,2.0,0.0
20230817:0311,0.0,0.0,0.0,14.53,2.28,0.0
20230817:0411,0.0,0.0,0.0,14.5,2.21,0.0
20230817:0511,0.0,1.75,2.61,14.42,2.28,0.0
20230817:0611,46824.0,37.08,11.11,14.67,3.52,0.0
20230817:0711,272976.0,152.93,19.85,14.84,4.41,0.0
20230817:0811,635328.0,327.36,28.44,15.53,4.34,0.0
20230817:0911,677448.0,347.8,36.4,16.05,4.28,0.0
20230817:1011,572448.0,298.57,43.08,16.99,4.34,0.0
20230817:1111,822336.0,423.42,47.64,17.92,4.34,0.0
20230817:1211,666456.0,347.53,49.23,18.53,4.21,0.0
20230817:1311,968472.0,499.65,47.49,19.04,4.21,0.0
20230817:1411,1221864.0,628.91,42.81,19.2,4.41,0.0
20230817:1511,1290528.0,661.11,36.05,18.8,4.62,0.0
20230817:1611,748776.0,388.26,28.06,18.6,4.83,0.0
20230817:1711,297936.0,168.35,19.45,17.84,4.69,0.0
20230817:1811,69912.0,50.38,10.71,16.85,4.34,0.0
20230817:1911,0.0,1.75,2.23,15.29,3.93,0.0
20230817:2011,0.0,0.0,0.0,14.49,3.52,0.0
20230817:2111,0.0,0.0,0.0,13.79,3.1,0.0
20230817:2211,0.0,0.0,0.0,13.25,3.03,0.0
20230817:2311,0.0,0.0,0.0,12.81,2.9,0.0
20230818:0011,0.0,0.0,0.0,12.52,2.62,0.0
20230818:0111,0.0,0.0,0.0,12.38,2.48,0.0
20230818:0211,0.0,0.0,0.0,12.37,2.55,0.0
20230818:0311,0.0,0.0,0.0,12.24,2.69,0.0
20230818:0411,0.0,0.0,0.0,12.45,2.9,0.0
20230818:0511,0.0,0.87,2.38,12.57,3.1,0.0
20230818:0611,34176.0,29.67,10.89,13.37,3.38,0.0
20230818:0711,227736.0,129.83,19.63,14.19,3.66,0.0
20230818:0811,200256.0,115.89,28.21,15.41,5.86,0.0
20230818:0911,243312.0,137.21,36.15,15.86,5.66,0.0
20230818:1011,192024.0,112.18,42.8,16.09,5.66,0.0
20230818:1111,187992.0,110.33,47.34,16.42,5.72,0.0
20230818:1211,228312.0,130.72,48.91,17.35,5.52,0.0
20230818:1311,243024.0,138.14,47.16,17.68,5.66,0.0
20230818:1411,144144.0,89.0,42.49,17.89,5.59,0.0
20230818:1511,324744.0,178.44,35.75,17.98,5.31,0.0
20230818:1611,215544.0,125.16,27.76,18.8,5.72,0.0
20230818:1711,86496.0,59.33,19.16,18.3,4.76,0.0
20230818:1811,21432.0,22.25,10.42,17.43,4.97,0.0
20230818:1911,0.0,0.87,1.93,16.5,4.97,0.0
20230818:2011,0.0,0.0,0.0,16.16,4.83,0.0
20230818:2111,0.0,0.0,0.0,15.98,4.9,0.0
20230818:2211,0.0,0.0,0.0,15.95,4.69,0.0
20230818:2311,0.0,0.0,0.0,15.92,4.69,0.0
20230819:0011,0.0,0.0,0.0,16.22,4.62,0.0
20230819:0111,0.0,0.0,0.0,16.99,4.97,0.0
20230819:0211,0.0,0.0,0.0,17.78,5.17,0.0
20230819:0311,0.0,0.0,0.0,18.66,5.66,0.0
20230819:0411,0.0,0.0,0.0,18.96,5.66,0.0
20230819:0511,2904.0,8.74,2.14,18.23,5.31,0.0
20230819:0611,95880.0,82.08,10.66,17.48,5.52,0.0
20230819:0711,404688.0,225.69,19.4,17.7,6.21,0.0
20230819:0811,918072.0,468.2,27.98,18.36,7.79,0.0
20230819:0911,842352.0,429.93,35.9,19.05,7.45,0.0
20230819:1011,853272.0,437.56,42.53,19.91,7.66,0.0
20230819:1111,1260456.0,644.36,47.04,20.71,7.79,0.0
20230819:1211,1102416.0,567.03,48.59,21.26,7.17,0.0
20230819:1311,238896.0,138.14,46.84,21.55,7.72,0.0
20230819:1411,685848.0,358.94,42.17,21.27,6.14,0.0
20230819:1511,1337592.0,687.08,35.45,21.54,6.55,0.0
20230819:1611,607680.0,321.45,27.47,21.45,5.79,0.0
20230819:1711,262488.0,152.36,18.87,21.13,5.03,0.0
20230819:1811,98256.0,74.32,10.13,20.38,4.41,0.0
20230819:1911,0.0,4.37,1.64,19.08,4.07,0.0
20230819:2011,0.0,0.0,0.0,18.02,3.52,0.0
20230819:2111,0.0,0.0,0.0,17.24,3.45,0.0
20230819:2211,0.0,0.0,0.0,16.58,3.38,0.0
20230819:2311,0.0,0.0,0.0,16.09,3.38,0.0
20230820:0011,0.0,0.0,0.0,15.65,3.45,0.0
20230820:0111,0.0,0.0,0.0,15.37,3.66,0.0
20230820:0211,0.0,0.0,0.0,15.08,3.38,0.0
20230820:0311,0.0,0.0,0.0,14.6,2.97,0.0
20230820:0411,0.0,0.0,0.0,14.35,2.97,0.0
20230820:0511,0.0,3.5,1.91,14.27,3.1,0.0
20230820:0611,98160.0,82.46,10.43,14.82,2.97,0.0
20230820:0711,419928.0,233.24,19.18,15.88,3.38,0.0
20230820:0811,871560.0,446.69,27.74,17.29,4.97,0.0
20230820:0911,1022064.0,521.79,35.65,18.62,5.1,0.0
20230820:1011,659640.0,344.01,42.25,19.35,5.03,0.0
20230820:1111,884616.0,457.4,46.73,19.9,5.03,0.0
20230820:1211,1803360.0,946.19,48.26,20.44,5.17,0.0
20230820:1311,1089672.0,562.54,46.5,20.41,5.17,0.0
20230820:1411,1189992.0,614.23,41.85,20.36,4.83,0.0
20230820:1511,1336272.0,691.29,35.13,20.61,4.55,0.0
20230820:1611,807360.0,422.98,27.16,20.45,4.0,0.0
20230820:1711,468744.0,272.26,18.57,20.27,3.72,0.0
20230820:1811,90336.0,73.16,9.83,19.55,2.9,0.0
20230820:1911,0.0,1.75,1.33,18.41,2.34,0.0
20230820:2011,0.0,0.0,0.0,16.86,2.07,0.0
20230820:2111,0.0,0.0,0.0,15.31,2.0,0.0
20230820:2211,0.0,0.0,0.0,13.99,2.14,0.0
20230820:2311,0.0,0.0,0.0,13.31,2.41,0.0
20230821:0011,0.0,0.0,0.0,13.01,2.62,0.0
20230821:0111,0.0,0.0,0.0,12.91,2.9,0.0
20230821:0211,0.0,0.0,0.0,12.94,3.03,0.0
20230821:0311,0.0,0.0,0.0,12.91,3.03,0.0
20230821:0411,0.0,0.0,0.0,12.75,2.97,0.0
20230821:0511,0.0,1.75,1.67,12.58,2.97,0.0
20230821:0611,101952.0,79.81,10.2,13.08,2.9,0.0
20230821:0711,474744.0,264.36,18.95,14.99,3.31,0.0
20230821:0811,956232.0,488.68,27.51,16.48,4.41,0.0
20230821:0911,1425648.0,724.78,35.4,17.85,5.38,0.0
20230821:1011,1661472.0,852.81,41.97,18.92,5.86,0.0
20230821:1111,1801440.0,934.1,46.42,19.81,6.07,0.0
20230821:1211,1919304.0,1002.45,47.93,20.45,6.21,0.0
20230821:1311,1584528.0,822.05,46.17,20.75,5.79,0.0
20230821:1411,905040.0,467.54,41.52,20.71,5.66,0.0
20230821:1511,328752.0,182.65,34.82,21.22,6.62,0.0
20230821:1611,595728.0,315.1,26.86,20.69,4.97,0.0
20230821:1711,384240.0,220.75,18.27,20.5,4.55,0.0
20230821:1811,91992.0,69.95,9.53,19.78,4.48,0.0
20230821:1911,0.0,0.0,0.0,18.91,4.34,0.0
20230821:2011,0.0,0.0,0.0,18.18,4.28,0.0
20230821:2111,0.0,0.0,0.0,17.73,4.41,0.0
20230821:2211,0.0,0.0,0.0,16.99,4.28,0.0
20230821:2311,0.0,0.0,0.0,16.62,4.28,0.0
20230822:0011,0.0,0.0,0.0,16.36,4.21,0.0
20230822:0111,0.0,0.0,0.0,16.03,4.21,0.0
20230822:0211,0.0,0.0,0.0,16.01,4.21,0.0
20230822:0311,0.0,0.0,0.0,15.64,4.21,0.0
20230822:0411,0.0,0.0,0.0,15.38,4.21,0.0
20230822:0511,0.0,1.75,1.43,15.21,4.28,0.0
20230822:0611,94032.0,78.08,9.97,15.33,4.34,0.0
20230822:0711,451560.0,252.48,18.72,16.36,4.14,0.0
20230822:0811,927360.0,472.78,27.27,17.44,6.34,0.0
20230822:0911,924216.0,469.1,35.14,18.07,6.48,0.0
20230822:1011,1683432.0,861.63,41.69,18.9,6.34,0.0
20230822:1111,1943640.0,1005.06,46.11,19.26,6.69,0.0
20230822:1211,1722984.0,889.1,47.6,19.35,6.21,0.0
20230822:1311,774600.0,400.25,45.83,19.54,6.07,0.0
20230822:1411,1221576.0,624.96,41.19,20.02,6.21,0.0
20230822:1511,680064.0,353.7,34.5,19.93,5.59,0.0
20230822:1611,546840.0,288.8,26.55,19.33,5.17,0.0
20230822:1711,241680.0,140.36,17.96,18.9,4.69,0.0
20230822:1811,81624.0,59.42,9.22,18.2,4.07,0.0
20230822:1911,0.0,0.0,0.0,17.19,3.52,0.0
20230822:2011,0.0,0.0,0.0,16.19,3.31,0.0
20230822:2111,0.0,0.0,0.0,15.54,3.17,0.0
20230822:2211,0.0,0.0,0.0,15.14,3.03,0.0
20230822:2311,0.0,0.0,0.0,14.55,2.83,0.0
20230823:0011,0.0,0.0,0.0,14.22,2.62,0.0
20230823:0111,0.0,0.0,0.0,13.82,2.48,0.0
20230823:0211,0.0,0.0,0.0,13.74,2.48,0.0
20230823:0311,0.0,0.0,0.0,13.64,2.55,0.0
20230823:0411,0.0,0.0,0.0,13.4,2.48,0.0
20230823:0511,0.0,0.0,0.0,13.46,2.41,0.0
20230823:0611,53640.0,40.79,9.74,13.94,2.34,0.0
20230823:0711,21696.0,22.25,18.49,15.17,2.48,0.0
20230823:0811,359088.0,194.31,27.03,15.99,2.83,0.0
20230823:0911,838704.0,429.73,34.88,17.15,3.59,0.0
20230823:1011,900648.0,462.95,41.4,18.53,4.28,0.0
20230823:1111,585240.0,308.12,45.79,19.31,4.41,0.0
20230823:1211,781512.0,406.17,47.26,19.71,4.48,0.0
20230823:1311,703656.0,368.37,45.49,19.87,3.79,0.0
20230823:1411,540144.0,287.39,40.86,20.17,3.52,0.0
20230823:1511,739224.0,386.69,34.18,20.19,3.1,0.0
20230823:1611,212208.0,124.59,26.23,20.09,2.69,0.0
20230823:1711,56976.0,43.57,17.65,19.58,2.14,0.0
20230823:1811,16968.0,19.47,8.91,19.14,2.0,0.0
20230823:1911,0.0,0.0,0.0,18.34,2.07,0.0
20230823:2011,0.0,0.0,0.0,17.98,2.07,0.0
20230823:2111,0.0,0.0,0.0,17.7,2.14,0.0
20230823:2211,0.0,0.0,0.0,17.54,2.07,0.0
20230823:2311,0.0,0.0,0.0,17.27,1.86,0.0
20230824:0011,0.0,0.0,0.0,17.05,1.72,0.0
20230824:0111,0.0,0.0,0.0,16.57,1.93,0.0
20230824:0211,0.0,0.0,0.0,16.06,2.28,0.0
20230824:0311,0.0,0.0,0.0,15.84,2.48,0.0
20230824:0411,0.0,0.0,0.0,16.28,2.83,0.0
20230824:0511,0.0,0.0,0.0,16.14,3.1,0.0
20230824:0611,76416.0,54.87,9.51,15.94,3.03,0.0
20230824:0711,101256.0,66.75,18.25,16.43,1.79,0.0
20230824:0811,133368.0,83.44,26.79,16.93,1.93,0.0
20230824:0911,191808.0,113.11,34.62,17.49,2.34,0.0
20230824:1011,200784.0,117.74,41.11,17.84,2.48,0.0
20230824:1111,226320.0,130.72,45.47,18.35,2.69,0.0
20230824:1211,735936.0,384.15,46.92,18.65,2.83,0.0
20230824:1311,456336.0,245.3,45.14,19.21,3.1,0.0
20230824:1411,905952.0,469.19,40.52,19.36,3.45,0.0
20230824:1511,658872.0,343.54,33.85,19.04,3.86,0.0
20230824:1611,792408.0,411.5,25.92,18.54,4.28,0.0
20230824:1711,427368.0,247.72,17.34,17.88,3.93,0.0
20230824:1811,63648.0,60.05,8.6,17.33,3.38,0.0
20230824:1911,0.0,0.0,0.0,15.67,3.1,0.0
20230824:2011,0.0,0.0,0.0,14.42,2.9,0.0
20230824:2111,0.0,0.0,0.0,13.65,2.97,0.0
20230824:2211,0.0,0.0,0.0,12.61,2.9,0.0
20230824:2311,0.0,0.0,0.0,11.8,2.76,0.0
20230825:0011,0.0,0.0,0.0,11.3,2.48,0.0
20230825:0111,0.0,0.0,0.0,11.01,2.41,0.0
20230825:0211,0.0,0.0,0.0,10.83,2.28,0.0
20230825:0311,0.0,0.0,0.0,10.54,2.21,0.0
20230825:0411,0.0,0.0,0.0,10.74,2.21,0.0
20230825:0511,0.0,0.0,0.0,11.11,2.14,0.0
20230825:0611,94944.0,71.31,9.27,11.72,2.07,0.0
20230825:0711,392496.0,216.85,18.02,13.01,2.34,0.0
20230825:0811,825216.0,420.7,26.54,14.28,3.17,0.0
20230825:0911,972888.0,493.22,34.35,15.37,3.45,0.0
20230825:1011,1372968.0,702.21,40.82,16.03,3.45,0.0
20230825:1111,626232.0,325.37,45.15,16.75,3.59,0.0
20230825:1211,992880.0,508.42,46.58,16.8,3.52,0.0
20230825:1311,675288.0,349.88,44.79,16.79,3.31,0.0
20230825:1411,631344.0,326.91,40.18,16.45,3.66,0.0
20230825:1511,473400.0,249.49,33.52,16.21,3.66,0.0
20230825:1611,405864.0,216.74,25.59,15.6,3.1,0.0
20230825:1711,363288.0,206.62,17.02,15.45,3.1,0.0
20230825:1811,66840.0,49.64,8.28,15.05,2.97,0.0
20230825:1911,0.0,0.0,0.0,14.63,3.03,0.0
20230825:2011,0.0,0.0,0.0,13.48,2.83,0.0
20230825:2111,0.0,0.0,0.0,12.66,2.55,0.0
20230825:2211,0.0,0.0,0.0,11.98,2.34,0.0
20230825:2311,0.0,0.0,0.0,11.49,2.34,0.0
20230826:0011,0.0,0.0,0.0,11.23,2.34,0.0
20230826:0111,0.0,0.0,0.0,11.18,2.28,0.0
20230826:0211,0.0,0.0,0.0,10.69,2.21,0.0
20230826:0311,0.0,0.0,0.0,10.82,2.0,0.0
20230826:0411,0.0,0.0,0.0,10.61,1.93,0.0
20230826:0511,0.0,0.0,0.0,10.74,1.79,0.0
20230826:0611,90912.0,70.14,9.04,10.94,1.52,0.0
20230826:0711,410232.0,227.31,17.78,11.88,0.76,0.0
20230826:0811,888648.0,457.51,26.3,13.3,1.03,0.0
20230826:0911,1225368.0,635.61,34.09,14.3,0.83,0.0
20230826:1011,1427616.0,759.35,40.53,15.35,0.48,0.0
20230826:1111,1748952.0,958.46,44.83,16.01,0.55,0.0
20230826:1211,1823424.0,1004.66,46.23,16.58,0.76,0.0
20230826:1311,354696.0,193.77,44.44,16.7,1.31,0.0
20230826:1411,382728.0,206.97,39.83,16.62,2.07,0.0
20230826:1511,956736.0,491.9,33.18,16.48,2.14,0.0
20230826:1611,678000.0,352.6,25.27,16.29,2.62,0.0
20230826:1711,405552.0,234.07,16.7,15.99,2.97,0.0
20230826:1811,68112.0,51.1,7.96,15.3,2.28,0.0
20230826:1911,0.0,0.0,0.0,13.87,1.93,0.0
20230826:2011,0.0,0.0,0.0,12.68,2.21,0.0
20230826:2111,0.0,0.0,0.0,12.08,2.34,0.0
20230826:2211,0.0,0.0,0.0,11.63,2.41,0.0
20230826:2311,0.0,0.0,0.0,11.12,2.28,0.0
20230827:0011,0.0,0.0,0.0,10.79,2.07,0.0
20230827:0111,0.0,0.0,0.0,10.62,1.93,0.0
20230827:0211,0.0,0.0,0.0,10.12,1.93,0.0
20230827:0311,0.0,0.0,0.0,10.07,1.59,0.0
20230827:0411,0.0,0.0,0.0,9.83,1.59,0.0
20230827:0511,0.0,0.0,0.0,9.43,1.38,0.0
20230827:0611,73656.0,52.22,8.8,9.28,1.17,0.0
20230827:0711,129792.0,79.73,17.54,11.02,1.38,0.0
20230827:0811,483192.0,252.07,26.05,12.6,1.66,0.0
20230827:0911,966144.0,495.01,33.82,14.87,1.59,0.0
20230827:1011,550440.0,289.79,40.23,15.75,0.97,0.0
20230827:1111,886896.0,463.86,44.5,16.65,0.69,0.0
20230827:1211,938472.0,490.13,45.88,17.79,1.45,0.0
20230827:1311,1688184.0,900.12,44.08,18.29,2.21,0.0
20230827:1411,83232.0,57.48,39.48,17.47,2.55,0.0
20230827:1511,174024.0,103.84,32.84,16.73,2.55,0.0
20230827:1611,196032.0,114.96,24.94,17.03,2.55,0.0
20230827:1711,76728.0,53.77,16.38,16.21,1.59,0.0
20230827:1811,35352.0,30.59,7.63,15.32,2.0,0.0
20230827:1911,0.0,0.0,0.0,14.58,2.34,0.0
20230827:2011,0.0,0.0,0.0,14.05,2.48,0.0
20230827:2111,0.0,0.0,0.0,13.86,2.28,0.0
20230827:2211,0.0,0.0,0.0,12.93,2.48,0.0
20230827:2311,0.0,0.0,0.0,12.4,2.55,0.0
20230828:0011,0.0,0.0,0.0,11.79,2.62,0.0
20230828:0111,0.0,0.0,0.0,11.38,2.69,0.0
20230828:0211,0.0,0.0,0.0,11.16,2.55,0.0
20230828:0311,0.0,0.0,0.0,11.03,2.41,0.0
20230828:0411,0.0,0.0,0.0,10.71,2.48,0.0
20230828:0511,0.0,0.0,0.0,10.85,2.55,0.0
20230828:0611,58392.0,43.55,8.56,11.16,2.55,0.0
20230828:0711,269352.0,151.14,17.31,12.58,2.69,0.0
20230828:0811,760392.0,386.57,25.8,13.59,3.52,0.0
20230828:0911,928800.0,468.97,33.55,14.43,3.45,0.0
20230828:1011,800496.0,408.5,39.94,15.18,3.1,0.0
20230828:1111,919152.0,469.7,44.17,16.02,3.24,0.0
20230828:1211,709560.0,366.65,45.53,16.49,3.1,0.0
20230828:1311,1209504.0,621.94,43.72,16.99,3.1,0.0
20230828:1411,720216.0,372.64,39.13,17.22,2.97,0.0
20230828:1511,589920.0,308.24,32.5,17.34,2.83,0.0
20230828:1611,234912.0,134.35,24.61,17.11,2.41,0.0
20230828:1711,238080.0,139.05,16.05,16.86,2.41,0.0
20230828:1811,33600.0,29.67,7.3,16.32,2.48,0.0
20230828:1911,0.0,0.0,0.0,15.21,2.55,0.0
20230828:2011,0.0,0.0,0.0,14.59,2.62,0.0
20230828:2111,0.0,0.0,0.0,13.75,2.62,0.0
20230828:2211,0.0,0.0,0.0,13.41,2.69,0.0
20230828:2311,0.0,0.0,0.0,12.9,2.62,0.0
20230829:0011,0.0,0.0,0.0,12.05,2.62,0.0
20230829:0111,0.0,0.0,0.0,11.59,2.48,0.0
20230829:0211,0.0,0.0,0.0,11.44,2.28,0.0
20230829:0311,0.0,0.0,0.0,11.34,1.93,0.0
20230829:0411,0.0,0.0,0.0,11.18,2.0,0.0
20230829:0511,0.0,0.0,0.0,11.26,2.21,0.0
20230829:0611,56496.0,42.64,8.32,11.84,2.28,0.0
20230829:0711,212568.0,122.6,17.06,13.35,2.21,0.0
20230829:0811,205944.0,118.67,25.55,14.72,3.03,0.0
20230829:0911,243120.0,137.21,33.28,15.27,2.97,0.0
20230829:1011,805752.0,412.59,39.64,15.96,3.1,0.0
20230829:1111,997968.0,510.49,43.84,16.86,3.59,0.0
20230829:1211,1013832.0,519.78,45.18,17.42,3.72,0.0
20230829:1311,1012776.0,517.75,43.36,17.5,4.21,0.0
20230829:1411,1621992.0,834.76,38.77,17.84,4.55,0.0
20230829:1511,1356048.0,691.62,32.16,17.66,4.55,0.0
20230829:1611,853272.0,440.37,24.27,17.27,4.48,0.0
20230829:1711,409656.0,240.28,15.72,16.65,4.14,0.0
20230829:1811,45072.0,45.7,6.97,15.62,3.59,0.0
20230829:1911,0.0,0.0,0.0,14.58,3.45,0.0
20230829:2011,0.0,0.0,0.0,13.44,3.38,0.0
20230829:2111,0.0,0.0,0.0,13.05,3.38,0.0
20230829:2211,0.0,0.0,0.0,12.53,3.45,0.0
20230829:2311,0.0,0.0,0.0,12.36,3.59,0.0
20230830:0011,0.0,0.0,0.0,12.2,3.52,0.0
20230830:0111,0.0,0.0,0.0,11.7,3.38,0.0
20230830:0211,0.0,0.0,0.0,11.19,3.31,0.0
20230830:0311,0.0,0.0,0.0,10.89,3.31,0.0
20230830:0411,0.0,0.0,0.0,10.52,3.24,0.0
20230830:0511,0.0,0.0,0.0,10.12,3.1,0.0
20230830:0611,77232.0,66.32,8.08,10.11,2.9,0.0
20230830:0711,307152.0,170.44,16.82,11.59,2.69,0.0
20230830:0811,925464.0,467.23,25.29,13.17,3.79,0.0
20230830:0911,1083840.0,544.14,33.01,14.2,4.0,0.0
20230830:1011,1472760.0,745.98,39.33,15.05,4.34,0.0
20230830:1111,1134192.0,574.03,43.51,15.91,4.62,0.0
20230830:1211,1140048.0,579.15,44.82,16.09,4.21,0.0
20230830:1311,711504.0,365.29,43.0,16.23,4.28,0.0
20230830:1411,666240.0,342.92,38.41,16.37,4.28,0.0
20230830:1511,839376.0,427.49,31.81,16.22,3.86,0.0
20230830:1611,502296.0,264.45,23.93,16.17,3.45,0.0
20230830:1711,378360.0,221.86,15.39,16.08,2.83,0.0
20230830:1811,52752.0,44.17,6.64,15.52,1.52,0.0
20230830:1911,0.0,0.0,0.0,14.39,1.59,0.0
20230830:2011,0.0,0.0,0.0,12.9,1.1,0.0
20230830:2111,0.0,0.0,0.0,11.42,1.38,0.0
20230830:2211,0.0,0.0,0.0,9.71,1.72,0.0
20230830:2311,0.0,0.0,0.0,8.72,1.79,0.0
20230831:0011,0.0,0.0,0.0,8.08,1.79,0.0
20230831:0111,0.0,0.0,0.0,7.68,1.72,0.0
20230831:0211,0.0,0.0,0.0,7.09,1.79,0.0
20230831:0311,0.0,0.0,0.0,6.82,1.59,0.0
20230831:0411,0.0,0.0,0.0,6.56,1.52,0.0
20230831:0511,0.0,0.0,0.0,6.48,1.45,0.0
20230831:0611,76584.0,61.55,7.84,7.0,0.97,0.0
20230831:0711,412920.0,227.68,16.58,9.4,0.41,0.0
20230831:0811,941712.0,488.72,25.04,12.38,0.07,0.0
20230831:0911,1293288.0,676.47,32.73,14.7,0.62,0.0
20230831:1011,1516320.0,799.02,39.03,16.27,1.52,0.0
20230831:1111,1886808.0,1010.38,43.17,17.35,2.41,0.0
20230831:1211,1944240.0,1043.85,44.46,18.03,2.76,0.0
20230831:1311,1824456.0,970.55,42.63,18.33,2.9,0.0
20230831:1411,1248768.0,647.88,38.05,18.31,2.69,0.0
20230831:1511,1027104.0,530.8,31.46,18.47,2.69,0.0
20230831:1611,820728.0,430.38,23.59,18.34,2.55,0.0
20230831:1711,384936.0,230.16,15.05,18.12,2.48,0.0
20230831:1811,48192.0,40.15,6.3,16.99,2.48,0.0
20230831:1911,0.0,0.0,0.0,15.59,2.62,0.0
20230831:2011,0.0,0.0,0.0,14.73,2.41,0.0
20230831:2111,0.0,0.0,0.0,14.05,2.55,0.0
20230831:2211,0.0,0.0,0.0,13.87,2.28,0.0
20230831:2311,0.0,0.0,0.0,13.39,2.28,0.0
20230901:0011,0.0,0.0,0.0,12.9,2.14,0.0
20230901:0111,0.0,0.0,0.0,12.65,2.21,0.0
20230901:0211,0.0,0.0,0.0,12.66,2.07,0.0
20230901:0311,0.0,0.0,0.0,12.91,1.86,0.0
20230901:0411,0.0,0.0,0.0,13.13,1.93,0.0
20230901:0511,0.0,0.0,0.0,13.26,2.07,0.0
20230901:0611,54672.0,42.29,7.59,13.46,2.48,0.0
20230901:0711,110088.0,70.46,16.33,13.36,1.86,0.0
20230901:0811,172440.0,101.98,24.78,14.18,2.41,0.0
20230901:0911,175704.0,103.84,32.45,14.82,2.69,0.0
20230901:1011,280992.0,155.75,38.72,15.35,3.1,0.0
20230901:1111,214368.0,123.31,42.83,15.71,3.1,0.0
20230901:1211,178200.0,105.69,44.1,16.4,3.24,0.0
20230901:1311,246912.0,139.99,42.26,16.95,3.31,0.0
20230901:1411,264840.0,149.26,37.69,17.66,3.38,0.0
20230901:1511,317664.0,175.12,31.11,17.59,3.38,0.0
20230901:1611,336576.0,184.34,23.25,17.33,3.38,0.0
20230901:1711,119376.0,76.45,14.71,16.81,3.17,0.0
20230901:1811,21576.0,22.25,5.96,16.07,2.9,0.0
20230901:1911,0.0,0.0,0.0,15.44,2.41,0.0
20230901:2011,0.0,0.0,0.0,15.05,2.28,0.0
20230901:2111,0.0,0.0,0.0,14.62,2.07,0.0
20230901:2211,0.0,0.0,0.0,14.43,1.79,0.0
20230901:2311,0.0,0.0,0.0,14.09,1.79,0.0
20230902:0011,0.0,0.0,0.0,13.77,1.72,0.0
20230902:0111,0.0,0.0,0.0,13.44,1.66,0.0
20230902:0211,0.0,0.0,0.0,13.39,1.52,0.0
20230902:0311,0.0,0.0,0.0,13.35,1.52,0.0
20230902:0411,0.0,0.0,0.0,12.83,1.52,0.0
20230902:0511,0.0,0.0,0.0,12.39,1.38,0.0
20230902:0611,50040.0,39.56,7.35,12.0,1.52,0.0
20230902:0711,171288.0,102.01,16.09,13.48,0.9,0.0
20230902:0811,408504.0,218.87,24.53,15.15,0.97,0.0
20230902:0911,1137936.0,589.86,32.17,16.53,1.45,0.0
20230902:1011,1375152.0,722.36,38.41,17.36,1.59,0.0
20230902:1111,1594680.0,857.95,42.49,18.41,1.38,0.0
20230902:1211,1812648.0,1003.0,43.73,19.18,1.1,0.0
20230902:1311,1787352.0,980.07,41.89,19.6,1.45,0.0
20230902:1411,1506792.0,802.97,37.32,19.93,1.93,0.0
20230902:1511,1193304.0,625.3,30.75,20.14,2.28,0.0
20230902:1611,679824.0,361.21,22.9,20.16,2.41,0.0
20230902:1711,347352.0,211.72,14.37,19.92,2.07,0.0
20230902:1811,34608.0,32.74,5.62,19.36,2.07,0.0
20230902:1911,0.0,0.0,0.0,18.5,2.07,0.0
20230902:2011,0.0,0.0,0.0,16.48,2.21,0.0
20230902:2111,0.0,0.0,0.0,14.78,1.79,0.0
20230902:2211,0.0,0.0,0.0,13.61,2.07,0.0
20230902:2311,0.0,0.0,0.0,13.07,2.34,0.0
20230903:0011,0.0,0.0,0.0,12.85,2.41,0.0
20230903:0111,0.0,0.0,0.0,12.49,2.14,0.0
20230903:0211,0.0,0.0,0.0,11.82,1.86,0.0
20230903:0311,0.0,0.0,0.0,11.35,1.86,0.0
20230903:0411,0.0,0.0,0.0,11.12,2.07,0.0
20230903:0511,0.0,0.0,0.0,11.01,2.0,0.0
20230903:0611,60432.0,46.85,7.1,10.95,1.93,0.0
20230903:0711,314808.0,177.08,15.84,13.41,2.14,0.0
20230903:0811,872952.0,451.64,24.27,16.5,2.34,0.0
20230903:0911,1330584.0,686.94,31.89,18.1,3.1,0.0
20230903:1011,1687272.0,887.91,38.1,19.49,3.45,0.0
20230903:1111,1821312.0,969.78,42.15,20.62,3.72,0.0
20230903:1211,1854048.0,988.0,43.36,21.37,4.21,0.0
20230903:1311,1721592.0,909.97,41.51,21.85,4.55,0.0
20230903:1411,1523952.0,798.86,36.95,21.91,4.41,0.0
20230903:1511,1269792.0,662.16,30.39,21.93,4.14,0.0
20230903:1611,793104.0,420.67,22.55,21.54,3.66,0.0
20230903:1711,350496.0,215.34,14.02,20.92,2.83,0.0
20230903:1811,21072.0,26.48,5.27,19.69,2.34,0.0
20230903:1911,0.0,0.0,0.0,18.29,2.0,0.0
20230903:2011,0.0,0.0,0.0,16.03,1.72,0.0
20230903:2111,0.0,0.0,0.0,14.41,1.52,0.0
20230903:2211,0.0,0.0,0.0,13.77,1.24,0.0
20230903:2311,0.0,0.0,0.0,12.86,1.31,0.0
20230904:0011,0.0,0.0,0.0,11.98,1.52,0.0
20230904:0111,0.0,0.0,0.0,12.21,1.31,0.0
20230904:0211,0.0,0.0,0.0,13.01,1.03,0.0
20230904:0311,0.0,0.0,0.0,12.81,1.1,0.0
20230904:0411,0.0,0.0,0.0,12.36,1.24,0.0
20230904:0511,0.0,0.0,0.0,11.24,1.59,0.0
20230904:0611,61848.0,56.37,6.86,10.82,1.79,0.0
20230904:0711,410112.0,231.17,15.59,13.3,1.17,0.0
20230904:0811,907824.0,473.11,24.01,16.91,1.66,0.0
20230904:0911,1331136.0,696.45,31.61,19.06,2.28,0.0
20230904:1011,1655088.0,884.35,37.79,20.86,2.69,0.0
20230904:1111,1816392.0,983.54,41.8,22.25,3.1,0.0
20230904:1211,1840200.0,1001.88,43.0,23.2,3.24,0.0
20230904:1311,1738344.0,943.19,41.14,23.88,3.24,0.0
20230904:1411,1539456.0,827.75,36.58,24.37,3.17,0.0
20230904:1511,1152816.0,614.12,30.03,24.62,2.83,0.0
20230904:1611,753624.0,409.07,22.19,24.65,2.34,0.0
20230904:1711,315360.0,197.86,13.67,24.28,1.59,0.0
20230904:1811,26424.0,27.7,4.93,23.23,1.79,0.0
20230904:1911,0.0,0.0,0.0,21.2,2.48,0.0
20230904:2011,0.0,0.0,0.0,19.21,2.55,0.0
20230904:2111,0.0,0.0,0.0,17.7,2.34,0.0
20230904:2211,0.0,0.0,0.0,16.26,2.0,0.0
20230904:2311,0.0,0.0,0.0,15.15,1.52,0.0
20230905:0011,0.0,0.0,0.0,15.96,0.97,0.0
20230905:0111,0.0,0.0,0.0,15.62,0.55,0.0
20230905:0211,0.0,0.0,0.0,15.08,0.41,0.0
20230905:0311,0.0,0.0,0.0,14.6,0.62,0.0
20230905:0411,0.0,0.0,0.0,13.12,1.17,0.0
20230905:0511,0.0,0.0,0.0,11.28,1.59,0.0
20230905:0611,58728.0,53.25,6.61,11.17,1.93,0.0
20230905:0711,418272.0,236.09,15.34,13.47,1.38,0.0
20230905:0811,909840.0,473.44,23.74,16.59,1.66,0.0
20230905:0911,1329120.0,697.38,31.32,18.83,1.93,0.0
20230905:1011,1641144.0,879.28,37.47,20.61,2.34,0.0
20230905:1111,1789968.0,966.26,41.45,21.83,3.03,0.0
20230905:1211,1835232.0,989.77,42.62,22.59,3.66,0.0
20230905:1311,1743000.0,932.35,40.76,22.93,4.0,0.0
20230905:1411,1561344.0,826.17,36.21,22.83,4.0,0.0
20230905:1511,1256424.0,658.08,29.66,22.38,3.79,0.0
20230905:1611,789048.0,418.96,21.84,21.61,3.79,0.0
20230905:1711,328872.0,203.56,13.32,20.5,3.31,0.0
20230905:1811,22296.0,24.51,4.58,18.92,2.83,0.0
20230905:1911,0.0,0.0,0.0,17.12,2.76,0.0
20230905:2011,0.0,0.0,0.0,15.66,2.34,0.0
20230905:2111,0.0,0.0,0.0,14.62,2.28,0.0
20230905:2211,0.0,0.0,0.0,13.84,2.28,0.0
20230905:2311,0.0,0.0,0.0,13.46,2.28,0.0
20230906:0011,0.0,0.0,0.0,13.08,2.14,0.0
20230906:0111,0.0,0.0,0.0,12.69,2.07,0.0
20230906:0211,0.0,0.0,0.0,12.34,2.0,0.0
20230906:0311,0.0,0.0,0.0,12.01,2.0,0.0
20230906:0411,0.0,0.0,0.0,11.73,1.93,0.0
20230906:0511,0.0,0.0,0.0,11.49,1.79,0.0
20230906:0611,2640.0,8.34,6.36,11.51,1.59,0.0
20230906:0711,175152.0,104.66,15.09,14.35,1.1,0.0
20230906:0811,323640.0,177.48,23.48,15.36,0.76,0.0
20230906:0911,701880.0,367.04,31.04,16.15,0.28,0.0
20230906:1011,1483368.0,807.29,37.15,17.57,0.14,0.0
20230906:1111,1639488.0,918.12,41.1,19.61,0.14,0.0
20230906:1211,1692888.0,953.72,42.25,21.36,0.48,0.0
20230906:1311,1589112.0,881.95,40.38,22.74,0.97,0.0
20230906:1411,1368096.0,745.15,35.83,23.73,1.31,0.0
20230906:1511,1102104.0,594.26,29.3,24.4,1.38,0.0
20230906:1611,440352.0,245.28,21.48,24.7,1.45,0.0
20230906:1711,175920.0,112.42,12.97,24.65,1.24,0.0
20230906:1811,17472.0,20.23,4.22,23.67,1.72,0.0
20230906:1911,0.0,0.0,0.0,22.0,2.0,0.0
20230906:2011,0.0,0.0,0.0,20.25,1.93,0.0
20230906:2111,0.0,0.0,0.0,18.63,1.79,0.0
20230906:2211,0.0,0.0,0.0,17.32,1.72,0.0
20230906:2311,0.0,0.0,0.0,16.49,1.59,0.0
20230907:0011,0.0,0.0,0.0,16.05,1.52,0.0
20230907:0111,0.0,0.0,0.0,16.85,0.97,0.0
20230907:0211,0.0,0.0,0.0,17.13,0.48,0.0
20230907:0311,0.0,0.0,0.0,16.95,0.28,0.0
20230907:0411,0.0,0.0,0.0,16.77,0.62,0.0
20230907:0511,0.0,0.0,0.0,16.38,0.83,0.0
20230907:0611,17328.0,19.47,6.11,15.62,1.03,0.0
20230907:0711,201600.0,119.5,14.84,15.85,1.1,0.0
20230907:0811,659376.0,348.79,23.21,18.46,1.1,0.0
20230907:0911,969792.0,509.34,30.75,19.72,1.31,0.0
20230907:1011,1051224.0,558.63,36.83,21.17,1.17,0.0
20230907:1111,1146072.0,612.02,40.75,22.21,1.59,0.0
20230907:1211,1569240.0,859.89,41.88,23.25,1.72,0.0
20230907:1311,890568.0,477.04,39.99,24.01,1.72,0.0
20230907:1411,1338360.0,725.64,35.45,24.59,1.79,0.0
20230907:1511,1111392.0,594.59,28.93,24.62,2.21,0.0
20230907:1611,461880.0,254.72,21.12,24.2,2.76,0.0
20230907:1711,89592.0,62.43,12.61,23.06,2.41,0.0
20230907:1811,11496.0,15.76,3.87,21.27,2.21,0.0
20230907:1911,0.0,0.0,0.0,18.89,2.21,0.0
20230907:2011,0.0,0.0,0.0,17.55,2.0,0.0
20230907:2111,0.0,0.0,0.0,16.68,1.66,0.0
20230907:2211,0.0,0.0,0.0,15.98,1.79,0.0
20230907:2311,0.0,0.0,0.0,15.48,1.86,0.0
20230908:0011,0.0,0.0,0.0,14.95,1.93,0.0
20230908:0111,0.0,0.0,0.0,14.56,2.0,0.0
20230908:0211,0.0,0.0,0.0,14.62,1.93,0.0
20230908:0311,0.0,0.0,0.0,14.43,1.66,0.0
20230908:0411,0.0,0.0,0.0,14.21,1.31,0.0
20230908:0511,0.0,0.0,0.0,14.0,1.24,0.0
20230908:0611,33240.0,30.02,5.86,13.89,1.24,0.0
20230908:0711,168240.0,101.36,14.58,14.44,0.76,0.0
20230908:0811,328848.0,180.28,22.95,15.45,0.48,0.0
20230908:0911,544080.0,288.56,30.46,16.97,0.28,0.0
20230908:1011,1031256.0,549.3,36.51,18.68,0.07,0.0
20230908:1111,1314000.0,718.68,40.4,20.48,0.14,0.0
20230908:1211,1135584.0,618.5,41.5,22.05,0.21,0.0
20230908:1311,1181592.0,648.8,39.61,23.22,0.21,0.0
20230908:1411,590112.0,322.25,35.07,24.07,0.41,0.0
20230908:1511,1095072.0,594.98,28.56,24.51,0.83,0.0
20230908:1611,607320.0,334.62,20.76,24.88,1.1,0.0
20230908:1711,216000.0,138.54,12.26,24.9,1.03,0.0
20230908:1811,8544.0,13.7,3.51,24.06,1.59,0.0
20230908:1911,0.0,0.0,0.0,22.3,1.59,0.0
20230908:2011,0.0,0.0,0.0,20.29,1.79,0.0
20230908:2111,0.0,0.0,0.0,18.89,1.86,0.0
20230908:2211,0.0,0.0,0.0,17.96,1.93,0.0
20230908:2311,0.0,0.0,0.0,17.42,1.79,0.0
20230909:0011,0.0,0.0,0.0,17.12,1.66,0.0
20230909:0111,0.0,0.0,0.0,17.21,1.38,0.0
20230909:0211,0.0,0.0,0.0,16.35,1.86,0.0
20230909:0311,0.0,0.0,0.0,16.08,1.79,0.0
20230909:0411,0.0,0.0,0.0,15.74,1.72,0.0
20230909:0511,0.0,0.0,0.0,15.22,1.79,0.0
20230909:0611,15960.0,18.54,5.61,15.38,1.86,0.0
20230909:0711,191976.0,115.2,14.33,16.9,0.97,0.0
20230909:0811,200376.0,118.97,22.68,20.21,1.17,0.0
20230909:0911,785280.0,415.9,30.17,22.13,1.79,0.0
20230909:1011,1443144.0,781.54,36.19,23.72,1.93,0.0
20230909:1111,1624968.0,897.64,40.04,24.93,1.93,0.0
20230909:1211,1660656.0,923.75,41.12,25.84,2.0,0.0
20230909:1311,1527504.0,837.07,39.22,26.53,2.62,0.0
20230909:1411,1243752.0,670.71,34.69,26.5,2.76,0.0
20230909:1511,1104336.0,593.32,28.18,26.18,2.55,0.0
20230909:1611,688512.0,377.99,20.4,25.72,2.07,0.0
20230909:1711,153648.0,100.49,11.9,24.34,1.52,0.0
20230909:1811,7824.0,13.12,3.15,23.81,1.31,0.0
20230909:1911,0.0,0.0,0.0,23.01,1.72,0.0
20230909:2011,0.0,0.0,0.0,21.03,1.79,0.0
20230909:2111,0.0,0.0,0.0,19.58,1.86,0.0
20230909:2211,0.0,0.0,0.0,18.65,1.86,0.0
20230909:2311,0.0,0.0,0.0,17.76,1.72,0.0
20230910:0011,0.0,0.0,0.0,16.98,1.52,0.0
20230910:0111,0.0,0.0,0.0,16.79,1.59,0.0
20230910:0211,0.0,0.0,0.0,16.49,1.45,0.0
20230910:0311,0.0,0.0,0.0,16.35,1.45,0.0
20230910:0411,0.0,0.0,0.0,16.25,1.59,0.0
20230910:0511,0.0,0.0,0.0,16.23,1.59,0.0
20230910:0611,35952.0,37.37,5.36,16.43,1.59,0.0
20230910:0711,223944.0,132.39,14.07,16.61,1.24,0.0
20230910:0811,813720.0,426.13,22.41,17.5,1.38,0.0
20230910:0911,816216.0,426.17,29.87,19.23,1.72,0.0
20230910:1011,707304.0,374.84,35.87,21.92,2.28,0.0
20230910:1111,155760.0,97.35,39.69,23.43,2.48,0.0
20230910:1211,260712.0,152.05,40.74,24.76,2.48,0.0
20230910:1311,1010904.0,540.58,38.83,24.88,2.41,0.0
20230910:1411,854808.0,454.79,34.3,24.47,2.69,0.0
20230910:1511,228816.0,135.11,27.81,23.66,2.07,0.0
20230910:1611,277440.0,159.89,20.03,22.97,1.59,0.0
20230910:1711,71304.0,52.28,11.54,22.16,1.31,0.0
20230910:1811,4752.0,10.49,2.79,21.35,0.21,0.0
20230910:1911,0.0,0.0,0.0,20.7,1.59,0.0
20230910:2011,0.0,0.0,0.0,20.25,1.93,0.0
20230910:2111,0.0,0.0,0.0,19.79,1.93,0.0
20230910:2211,0.0,0.0,0.0,19.3,2.0,0.0
20230910:2311,0.0,0.0,0.0,19.03,2.07,0.0
20230911:0011,0.0,0.0,0.0,18.51,2.28,0.0
20230911:0111,0.0,0.0,0.0,17.98,2.28,0.0
20230911:0211,0.0,0.0,0.0,17.73,2.55,0.0
20230911:0311,0.0,0.0,0.0,17.72,2.83,0.0
20230911:0411,0.0,0.0,0.0,17.44,3.17,0.0
20230911:0511,0.0,0.0,0.0,17.52,3.38,0.0
20230911:0611,31032.0,31.52,5.11,17.49,3.38,0.0
20230911:0711,241464.0,142.46,13.82,18.18,3.38,0.0
20230911:0811,600216.0,314.0,22.14,18.65,4.83,0.0
20230911:0911,603768.0,315.01,29.58,19.44,5.17,0.0
20230911:1011,578424.0,304.68,35.54,20.27,4.76,0.0
20230911:1111,590904.0,312.19,39.33,20.87,4.62,0.0
20230911:1211,322128.0,179.86,40.36,21.05,4.28,0.0
20230911:1311,166680.0,101.98,38.44,21.45,4.07,0.0
20230911:1411,149448.0,92.71,33.92,20.15,3.24,0.0
20230911:1511,339720.0,187.95,27.43,20.25,3.03,0.0
20230911:1611,147024.0,91.46,19.66,19.99,2.76,0.0
20230911:1711,166704.0,106.81,11.18,19.48,2.28,0.0
20230911:1811,4848.0,10.49,2.43,18.78,2.28,0.0
20230911:1911,0.0,0.0,0.0,17.33,2.07,0.0
20230911:2011,0.0,0.0,0.0,16.74,2.0,0.0
20230911:2111,0.0,0.0,0.0,16.09,2.07,0.0
20230911:2211,0.0,0.0,0.0,15.8,1.72,0.0
20230911:2311,0.0,0.0,0.0,15.59,1.66,0.0
20230912:0011,0.0,0.0,0.0,15.41,1.79,0.0
20230912:0111,0.0,0.0,0.0,15.19,1.79,0.0
20230912:0211,0.0,0.0,0.0,15.06,1.86,0.0
20230912:0311,0.0,0.0,0.0,14.89,2.14,0.0
20230912:0411,0.0,0.0,0.0,14.65,2.55,0.0
20230912:0511,0.0,0.0,0.0,14.28,2.97,0.0
20230912:0611,23664.0,24.36,4.85,13.94,3.31,0.0
20230912:0711,16128.0,18.54,13.56,13.84,3.38,0.0
20230912:0811,262536.0,145.58,21.86,13.81,3.59,0.0
20230912:0911,378480.0,201.29,29.28,13.93,3.59,0.0
20230912:1011,197352.0,114.03,35.21,14.11,3.93,0.0
20230912:1111,199176.0,114.96,38.97,14.19,3.93,0.0
20230912:1211,205080.0,117.74,39.98,14.09,4.55,0.0
20230912:1311,337368.0,181.55,38.05,13.95,4.83,0.0
20230912:1411,224400.0,127.01,33.53,13.88,4.83,0.0
20230912:1511,209184.0,119.6,27.05,13.93,5.17,0.0
20230912:1611,175944.0,103.26,19.29,13.68,5.03,0.0
20230912:1711,138144.0,87.52,10.81,13.33,4.62,0.0
20230912:1811,2088.0,7.87,2.07,12.85,4.07,0.0
20230912:1911,0.0,0.0,0.0,12.64,3.93,0.0
20230912:2011,0.0,0.0,0.0,12.16,3.93,0.0
20230912:2111,0.0,0.0,0.0,11.75,3.93,0.0
20230912:2211,0.0,0.0,0.0,11.29,3.79,0.0
20230912:2311,0.0,0.0,0.0,10.85,3.59,0.0
20230913:0011,0.0,0.0,0.0,10.8,3.45,0.0
20230913:0111,0.0,0.0,0.0,10.85,3.45,0.0
20230913:0211,0.0,0.0,0.0,10.81,3.38,0.0
20230913:0311,0.0,0.0,0.0,10.7,3.31,0.0
20230913:0411,0.0,0.0,0.0,10.36,3.31,0.0
20230913:0511,0.0,0.0,0.0,10.8,3.31,0.0
20230913:0611,30456.0,34.37,4.6,10.29,2.9,0.0
20230913:0711,424176.0,236.97,13.3,10.31,2.76,0.0
20230913:0811,936504.0,473.76,21.59,12.27,2.76,0.0
20230913:0911,1347744.0,682.16,28.98,13.84,2.97,0.0
20230913:1011,1645056.0,852.33,34.88,14.89,2.55,0.0
20230913:1111,1688472.0,891.8,38.61,15.41,1.79,0.0
20230913:1211,1065888.0,551.84,39.59,15.67,1.24,0.0
20230913:1311,1096584.0,568.47,37.66,15.94,1.24,0.0
20230913:1411,1016568.0,522.6,33.14,16.06,1.79,0.0
20230913:1511,1112688.0,570.36,26.67,16.02,2.28,0.0
20230913:1611,587760.0,309.44,18.92,15.91,2.48,0.0
20230913:1711,143832.0,92.21,10.45,15.61,2.55,0.0
20230913:1811,0.0,5.25,1.7,14.94,2.62,0.0
20230913:1911,0.0,0.0,0.0,14.3,2.97,0.0
20230913:2011,0.0,0.0,0.0,13.77,3.52,0.0
20230913:2111,0.0,0.0,0.0,13.68,4.21,0.0
20230913:2211,0.0,0.0,0.0,13.62,4.62,0.0
20230913:2311,0.0,0.0,0.0,13.59,4.62,0.0
20230914:0011,0.0,0.0,0.0,13.96,4.62,0.0
20230914:0111,0.0,0.0,0.0,14.3,4.55,0.0
20230914:0211,0.0,0.0,0.0,14.63,4.62,0.0
20230914:0311,0.0,0.0,0.0,14.81,4.69,0.0
20230914:0411,0.0,0.0,0.0,14.8,4.41,0.0
20230914:0511,0.0,0.0,0.0,14.67,3.93,0.0
20230914:0611,0.0,4.64,4.34,14.5,3.45,0.0
20230914:0711,67080.0,48.21,13.04,14.53,2.97,0.0
20230914:0811,295440.0,162.59,21.31,15.13,2.76,0.0
20230914:0911,899592.0,457.47,28.68,16.07,3.24,0.0
20230914:1011,1246560.0,638.77,34.55,16.79,3.03,0.0
20230914:1111,913296.0,469.07,38.24,17.63,3.24,0.0
20230914:1211,973272.0,500.23,39.2,18.43,3.72,0.0
20230914:1311,659448.0,343.37,37.26,18.67,3.79,0.0
20230914:1411,1301112.0,670.06,32.75,18.77,3.72,0.0
20230914:1511,400800.0,216.24,26.29,18.55,3.31,0.0
20230914:1611,528360.0,282.27,18.55,18.18,2.83,0.0
20230914:1711,38040.0,32.45,10.08,17.64,2.0,0.0
20230914:1811,0.0,0.87,1.34,16.56,1.52,0.0
20230914:1911,0.0,0.0,0.0,15.1,1.38,0.0
20230914:2011,0.0,0.0,0.0,14.59,0.97,0.0
20230914:2111,0.0,0.0,0.0,14.6,0.76,0.0
20230914:2211,0.0,0.0,0.0,14.47,0.69,0.0
20230914:2311,0.0,0.0,0.0,13.98,0.83,0.0
20230915:0011,0.0,0.0,0.0,13.93,1.24,0.0
20230915:0111,0.0,0.0,0.0,13.79,1.66,0.0
20230915:0211,0.0,0.0,0.0,13.62,1.66,0.0
20230915:0311,0.0,0.0,0.0,13.32,1.66,0.0
20230915:0411,0.0,0.0,0.0,13.25,1.59,0.0
20230915:0511,0.0,0.0,0.0,13.33,1.59,0.0
20230915:0611,2592.0,8.34,4.09,13.33,1.52,0.0
20230915:0711,35784.0,30.59,12.78,13.09,1.79,0.0
20230915:0811,81360.0,55.63,21.04,13.47,1.86,0.0
20230915:0911,219216.0,125.16,28.38,14.17,1.72,0.0
20230915:1011,457512.0,241.77,34.22,14.99,1.72,0.0
20230915:1111,341184.0,186.23,37.88,15.74,1.31,0.0
20230915:1211,531072.0,280.74,38.82,16.44,1.03,0.0
20230915:1311,546792.0,288.78,36.87,16.95,1.17,0.0
20230915:1411,1073256.0,560.13,32.36,17.76,1.17,0.0
20230915:1511,865560.0,451.61,25.91,18.17,1.17,0.0
20230915:1611,496344.0,267.67,18.18,18.35,1.66,0.0
20230915:1711,175776.0,115.23,9.71,17.96,1.79,0.0
20230915:1811,0.0,0.0,0.0,17.34,2.07,0.0
20230915:1911,0.0,0.0,0.0,15.68,2.62,0.0
20230915:2011,0.0,0.0,0.0,15.12,2.62,0.0
20230915:2111,0.0,0.0,0.0,14.71,2.41,0.0
20230915:2211,0.0,0.0,0.0,14.42,2.34,0.0
20230915:2311,0.0,0.0,0.0,13.81,2.62,0.0
20230916:0011,0.0,0.0,0.0,13.68,2.83,0.0
20230916:0111,0.0,0.0,0.0,13.58,2.97,0.0
20230916:0211,0.0,0.0,0.0,13.48,3.03,0.0
20230916:0311,0.0,0.0,0.0,13.75,3.24,0.0
20230916:0411,0.0,0.0,0.0,13.5,3.59,0.0
20230916:0511,0.0,0.0,0.0,13.46,3.72,0.0
20230916:0611,0.0,2.78,3.83,13.44,3.93,0.0
20230916:0711,156120.0,94.84,12.51,13.37,4.41,0.0
20230916:0811,135840.0,83.44,20.76,13.93,5.45,0.0
20230916:0911,126168.0,78.8,28.08,14.65,5.66,0.0
20230916:1011,111096.0,71.39,33.88,15.46,5.72,0.0
20230916:1111,298152.0,164.1,37.51,16.17,5.72,0.0
20230916:1211,237552.0,134.43,38.43,15.81,5.24,0.0
20230916:1311,283968.0,156.68,36.47,15.27,5.24,0.0
20230916:1411,512904.0,265.57,31.97,14.92,5.38,0.0
20230916:1511,195096.0,113.11,25.53,14.91,6.0,0.0
20230916:1611,403272.0,215.09,17.8,15.09,6.21,0.0
20230916:1711,29280.0,26.89,9.34,14.76,5.17,0.0
20230916:1811,0.0,0.0,0.0,14.35,4.48,0.0
20230916:1911,0.0,0.0,0.0,14.18,4.48,0.0
20230916:2011,0.0,0.0,0.0,14.13,4.14,0.0
20230916:2111,0.0,0.0,0.0,14.18,3.72,0.0
20230916:2211,0.0,0.0,0.0,14.21,3.45,0.0
20230916:2311,0.0,0.0,0.0,14.18,3.31,0.0
20230917:0011,0.0,0.0,0.0,14.22,3.31,0.0
20230917:0111,0.0,0.0,0.0,14.25,2.97,0.0
20230917:0211,0.0,0.0,0.0,14.32,2.97,0.0
20230917:0311,0.0,0.0,0.0,14.36,2.97,0.0
20230917:0411,0.0,0.0,0.0,14.36,2.83,0.0
20230917:0511,0.0,0.0,0.0,14.21,2.48,0.0
20230917:0611,0.0,2.78,3.57,14.26,2.48,0.0
20230917:0711,46776.0,37.08,12.25,14.78,3.38,0.0
20230917:0811,308616.0,168.73,20.48,15.29,3.93,0.0
20230917:0911,259560.0,145.32,27.78,16.09,4.76,0.0
20230917:1011,433728.0,230.17,33.55,17.05,5.38,0.0
20230917:1111,164592.0,99.2,37.15,17.61,5.59,0.0
20230917:1211,540504.0,283.04,38.04,18.03,5.52,0.0
20230917:1311,795552.0,407.3,36.07,18.29,5.45,0.0
20230917:1411,729768.0,374.45,31.57,18.14,5.17,0.0
20230917:1511,603600.0,312.99,25.14,17.88,4.62,0.0
20230917:1611,100920.0,66.75,17.43,17.53,4.28,0.0
20230917:1711,41424.0,34.3,8.98,16.93,4.48,0.0
20230917:1811,0.0,0.0,0.0,16.11,4.07,0.0
20230917:1911,0.0,0.0,0.0,15.56,3.38,0.0
20230917:2011,0.0,0.0,0.0,15.41,3.66,0.0
20230917:2111,0.0,0.0,0.0,15.32,4.0,0.0
20230917:2211,0.0,0.0,0.0,15.18,3.45,0.0
20230917:2311,0.0,0.0,0.0,14.95,3.24,0.0
20230918:0011,0.0,0.0,0.0,14.95,3.45,0.0
20230918:0111,0.0,0.0,0.0,14.98,3.31,0.0
20230918:0211,0.0,0.0,0.0,15.17,3.17,0.0
20230918:0311,0.0,0.0,0.0,15.43,3.1,0.0
20230918:0411,0.0,0.0,0.0,15.65,3.03,0.0
20230918:0511,0.0,0.0,0.0,15.86,3.24,0.0
20230918:0611,6888.0,12.05,3.31,16.13,3.72,0.0
20230918:0711,44904.0,36.16,11.98,15.85,3.79,0.0
20230918:0811,80424.0,55.63,20.2,16.12,4.34,0.0
20230918:0911,752928.0,382.78,27.47,16.48,4.97,0.0
20230918:1011,383736.0,205.48,33.21,16.08,4.76,0.0
20230918:1111,96504.0,63.97,36.78,15.75,4.69,0.0
20230918:1211,232080.0,131.65,37.65,15.57,4.97,0.0
20230918:1311,493056.0,256.39,35.68,14.55,4.76,0.0
20230918:1411,744696.0,374.94,31.18,14.01,4.9,0.0
20230918:1511,970752.0,482.36,24.76,13.71,5.86,0.0
20230918:1611,513960.0,268.62,17.05,13.85,5.59,0.0
20230918:1711,179928.0,118.4,8.61,13.36,6.0,0.0
20230918:1811,0.0,0.0,0.0,12.14,5.72,0.0
20230918:1911,0.0,0.0,0.0,11.65,4.76,0.0
20230918:2011,0.0,0.0,0.0,11.28,5.1,0.0
20230918:2111,0.0,0.0,0.0,11.04,5.03,0.0
20230918:2211,0.0,0.0,0.0,11.19,4.9,0.0
20230918:2311,0.0,0.0,0.0,10.99,4.9,0.0
20230919:0011,0.0,0.0,0.0,10.78,5.17,0.0
20230919:0111,0.0,0.0,0.0,10.72,5.31,0.0
20230919:0211,0.0,0.0,0.0,10.96,5.24,0.0
20230919:0311,0.0,0.0,0.0,11.42,5.45,0.0
20230919:0411,0.0,0.0,0.0,11.69,5.45,0.0
20230919:0511,0.0,0.0,0.0,11.32,5.1,0.0
20230919:0611,0.0,3.71,3.05,11.02,4.21,0.0
20230919:0711,42696.0,34.3,11.72,11.35,4.55,0.0
20230919:0811,111024.0,70.46,19.92,12.31,5.66,0.0
20230919:0911,219144.0,124.23,27.16,14.0,8.0,0.0
20230919:1011,136464.0,84.37,32.87,16.21,10.0,0.0
20230919:1111,500112.0,261.23,36.41,17.39,9.31,0.0
20230919:1211,337800.0,184.42,37.26,18.11,7.79,0.0
20230919:1311,155736.0,94.56,35.28,17.32,6.97,0.0
20230919:1411,249360.0,140.92,30.78,17.25,6.28,0.0
20230919:1511,88824.0,60.26,24.37,17.18,6.55,0.0
20230919:1611,112080.0,72.31,16.68,17.09,7.59,0.0
20230919:1711,6864.0,12.05,8.24,16.83,7.72,0.0
20230919:1811,0.0,0.0,0.0,16.67,7.17,0.0
20230919:1911,0.0,0.0,0.0,16.85,7.59,0.0
20230919:2011,0.0,0.0,0.0,16.72,7.66,0.0
20230919:2111,0.0,0.0,0.0,16.96,8.07,0.0
20230919:2211,0.0,0.0,0.0,16.88,8.34,0.0
20230919:2311,0.0,0.0,0.0,16.76,8.28,0.0
20230920:0011,0.0,0.0,0.0,16.94,8.34,0.0
20230920:0111,0.0,0.0,0.0,16.91,8.41,0.0
20230920:0211,0.0,0.0,0.0,17.06,8.62,0.0
20230920:0311,0.0,0.0,0.0,17.32,8.69,0.0
20230920:0411,0.0,0.0,0.0,17.27,8.69,0.0
20230920:0511,0.0,0.0,0.0,17.27,8.62,0.0
20230920:0611,0.0,1.85,2.79,17.11,8.69,0.0
20230920:0711,6816.0,12.05,11.45,17.47,9.31,0.0
20230920:0811,52800.0,40.79,19.63,17.32,9.03,0.0
20230920:0911,348264.0,187.93,26.85,16.99,8.9,0.0
20230920:1011,368928.0,198.22,32.53,17.15,9.1,0.0
20230920:1111,401232.0,214.03,36.04,17.24,8.76,0.0
20230920:1211,208512.0,120.52,36.87,16.91,8.0,0.0
20230920:1311,1165584.0,583.77,34.88,16.58,6.83,0.0
20230920:1411,928584.0,466.96,30.39,16.45,6.07,0.0
20230920:1511,246240.0,138.89,23.99,16.48,5.66,0.0
20230920:1611,66528.0,48.21,16.3,16.37,5.52,0.0
20230920:1711,9336.0,13.91,7.87,15.79,4.76,0.0
20230920:1811,0.0,0.0,0.0,15.07,4.34,0.0
20230920:1911,0.0,0.0,0.0,13.81,3.93,0.0
20230920:2011,0.0,0.0,0.0,13.32,3.79,0.0
20230920:2111,0.0,0.0,0.0,13.12,3.72,0.0
20230920:2211,0.0,0.0,0.0,12.48,3.79,0.0
20230920:2311,0.0,0.0,0.0,11.96,3.86,0.0
20230921:0011,0.0,0.0,0.0,11.42,3.52,0.0
20230921:0111,0.0,0.0,0.0,11.01,3.38,0.0
20230921:0211,0.0,0.0,0.0,10.66,3.31,0.0
20230921:0311,0.0,0.0,0.0,10.32,3.31,0.0
20230921:0411,0.0,0.0,0.0,10.0,3.24,0.0
20230921:0511,0.0,0.0,0.0,9.55,3.1,0.0
20230921:0611,8544.0,15.68,2.53,9.11,3.1,0.0
20230921:0711,407808.0,229.23,11.18,9.73,3.31,0.0
20230921:0811,905640.0,454.32,19.35,11.31,3.59,0.0
20230921:0911,1332648.0,663.29,26.55,12.86,4.41,0.0
20230921:1011,1544784.0,776.86,32.19,13.93,4.55,0.0
20230921:1111,425304.0,224.34,35.67,14.86,4.9,0.0
20230921:1211,907584.0,457.36,36.48,15.5,5.17,0.0
20230921:1311,1249488.0,628.83,34.48,15.67,4.97,0.0
20230921:1411,1186944.0,597.88,29.99,15.59,4.34,0.0
20230921:1511,1130976.0,571.97,23.6,15.46,3.79,0.0
20230921:1611,638064.0,335.73,15.93,15.2,3.17,0.0
20230921:1711,174960.0,120.77,7.49,14.53,2.14,0.0
20230921:1811,0.0,0.0,0.0,13.53,1.93,0.0
20230921:1911,0.0,0.0,0.0,11.67,2.14,0.0
20230921:2011,0.0,0.0,0.0,10.39,2.0,0.0
20230921:2111,0.0,0.0,0.0,9.1,1.86,0.0
20230921:2211,0.0,0.0,0.0,7.97,1.86,0.0
20230921:2311,0.0,0.0,0.0,7.11,1.86,0.0
20230922:0011,0.0,0.0,0.0,6.63,1.86,0.0
20230922:0111,0.0,0.0,0.0,6.54,2.0,0.0
20230922:0211,0.0,0.0,0.0,6.56,2.21,0.0
20230922:0311,0.0,0.0,0.0,6.63,2.34,0.0
20230922:0411,0.0,0.0,0.0,7.14,2.21,0.0
20230922:0511,0.0,0.0,0.0,7.35,2.28,0.0
20230922:0611,0.0,3.71,2.27,7.72,2.21,0.0
20230922:0711,291600.0,166.41,10.91,9.37,2.21,0.0
20230922:0811,626160.0,317.21,19.06,11.33,3.86,0.0
20230922:0911,636936.0,321.77,26.23,12.46,3.86,0.0
20230922:1011,637944.0,324.68,31.85,13.66,3.72,0.0
20230922:1111,614352.0,315.33,35.3,14.62,3.59,0.0
20230922:1211,782544.0,397.99,36.08,14.77,3.17,0.0
20230922:1311,724944.0,369.49,34.08,15.2,3.66,0.0
20230922:1411,789240.0,400.76,29.6,15.33,3.45,0.0
20230922:1511,632232.0,324.57,23.22,15.43,3.38,0.0
20230922:1611,358248.0,194.88,15.55,14.9,2.76,0.0
20230922:1711,66528.0,49.73,7.12,13.45,2.28,0.0
20230922:1811,0.0,0.0,0.0,12.61,2.55,0.0
20230922:1911,0.0,0.0,0.0,11.55,2.83,0.0
20230922:2011,0.0,0.0,0.0,10.79,2.69,0.0
20230922:2111,0.0,0.0,0.0,10.14,2.83,0.0
20230922:2211,0.0,0.0,0.0,9.81,2.9,0.0
20230922:2311,0.0,0.0,0.0,9.59,2.97,0.0
20230923:0011,0.0,0.0,0.0,9.49,2.9,0.0
20230923:0111,0.0,0.0,0.0,9.43,2.76,0.0
20230923:0211,0.0,0.0,0.0,9.43,2.55,0.0
20230923:0311,0.0,0.0,0.0,9.12,2.48,0.0
20230923:0411,0.0,0.0,0.0,9.12,2.34,0.0
20230923:0511,0.0,0.0,0.0,8.79,2.28,0.0
20230923:0611,792.0,6.49,2.0,8.82,1.86,0.0
20230923:0711,152928.0,93.11,10.64,9.79,0.97,0.0
20230923:0811,310464.0,167.94,18.78,11.26,0.76,0.0
20230923:0911,145464.0,88.08,25.92,12.2,0.48,0.0
20230923:1011,1009656.0,510.88,31.51,12.84,1.72,0.0
20230923:1111,961464.0,486.63,34.93,14.08,2.62,0.0
20230923:1211,592272.0,305.19,35.69,14.89,3.59,0.0
20230923:1311,645576.0,330.81,33.68,15.33,4.0,0.0
20230923:1411,318312.0,173.41,29.2,15.36,4.14,0.0
20230923:1511,579600.0,297.91,22.83,15.07,4.14,0.0
20230923:1611,210000.0,120.95,15.17,14.64,3.86,0.0
20230923:1711,87000.0,63.3,6.75,13.89,3.17,0.0
20230923:1811,0.0,0.0,0.0,12.88,2.62,0.0
20230923:1911,0.0,0.0,0.0,12.14,2.62,0.0
20230923:2011,0.0,0.0,0.0,11.18,3.03,0.0
20230923:2111,0.0,0.0,0.0,10.8,3.52,0.0
20230923:2211,0.0,0.0,0.0,10.87,4.28,0.0
20230923:2311,0.0,0.0,0.0,11.14,4.76,0.0
20230924:0011,0.0,0.0,0.0,11.33,5.03,0.0
20230924:0111,0.0,0.0,0.0,11.52,5.52,0.0
20230924:0211,0.0,0.0,0.0,11.82,5.66,0.0
20230924:0311,0.0,0.0,0.0,12.17,5.66,0.0
20230924:0411,0.0,0.0,0.0,12.84,5.59,0.0
20230924:0511,0.0,0.0,0.0,13.59,5.38,0.0
20230924:0611,0.0,1.85,1.74,14.16,5.1,0.0
20230924:0711,21744.0,22.25,10.37,14.82,5.17,0.0
20230924:0811,249000.0,139.73,18.49,15.55,5.31,0.0
20230924:0911,214464.0,123.29,25.61,16.24,5.17,0.0
20230924:1011,99624.0,65.82,31.17,16.74,5.72,0.0
20230924:1111,90600.0,61.19,34.55,17.19,6.97,0.0
20230924:1211,135456.0,84.37,35.3,17.35,6.48,0.0
20230924:1311,106536.0,69.53,33.28,17.31,6.9,0.0
20230924:1411,47760.0,38.01,28.81,17.67,6.97,0.0
20230924:1511,420216.0,223.49,22.45,18.17,7.24,0.0
20230924:1611,154704.0,94.76,14.79,18.69,7.86,0.0
20230924:1711,3456.0,9.27,6.38,18.51,8.14,0.0
20230924:1811,0.0,0.0,0.0,18.08,8.55,0.0
20230924:1911,0.0,0.0,0.0,17.86,8.55,0.0
20230924:2011,0.0,0.0,0.0,17.52,9.1,0.0
20230924:2111,0.0,0.0,0.0,17.21,9.31,0.0
20230924:2211,0.0,0.0,0.0,16.94,9.03,0.0
20230924:2311,0.0,0.0,0.0,16.54,8.55,0.0
20230925:0011,0.0,0.0,0.0,16.44,7.17,0.0
20230925:0111,0.0,0.0,0.0,16.14,6.21,0.0
20230925:0211,0.0,0.0,0.0,15.45,5.72,0.0
20230925:0311,0.0,0.0,0.0,14.84,5.66,0.0
20230925:0411,0.0,0.0,0.0,14.26,5.45,0.0
20230925:0511,0.0,0.0,0.0,13.7,5.38,0.0
20230925:0611,0.0,2.78,1.48,13.3,5.31,0.0
20230925:0711,309384.0,179.42,10.1,13.64,5.38,0.0
20230925:0811,822192.0,417.76,18.2,14.77,4.83,0.0
20230925:0911,1185888.0,592.63,25.3,15.93,6.14,0.0
20230925:1011,1368240.0,686.61,30.82,16.97,6.76,0.0
20230925:1111,1509504.0,762.75,34.18,17.73,6.9,0.0
20230925:1211,1365096.0,690.35,34.9,18.37,6.97,0.0
20230925:1311,742536.0,379.9,32.88,18.59,7.03,0.0
20230925:1411,1302384.0,659.26,28.41,18.65,6.34,0.0
20230925:1511,801432.0,409.7,22.06,18.36,5.52,0.0
20230925:1611,380616.0,208.77,14.42,18.03,4.48,0.0
20230925:1711,44352.0,37.5,6.01,17.32,3.59,0.0
20230925:1811,0.0,0.0,0.0,15.8,3.03,0.0
20230925:1911,0.0,0.0,0.0,14.98,3.03,0.0
20230925:2011,0.0,0.0,0.0,14.18,2.97,0.0
20230925:2111,0.0,0.0,0.0,13.45,2.97,0.0
20230925:2211,0.0,0.0,0.0,12.87,2.97,0.0
20230925:2311,0.0,0.0,0.0,12.34,2.97,0.0
20230926:0011,0.0,0.0,0.0,11.92,2.97,0.0
20230926:0111,0.0,0.0,0.0,11.63,3.03,0.0
20230926:0211,0.0,0.0,0.0,11.42,3.1,0.0
20230926:0311,0.0,0.0,0.0,11.4,3.24,0.0
20230926:0411,0.0,0.0,0.0,11.41,3.31,0.0
20230926:0511,0.0,0.0,0.0,11.31,3.59,0.0
20230926:0611,0.0,0.0,0.0,11.23,3.79,0.0
20230926:0711,166416.0,101.67,9.83,12.72,4.69,0.0
20230926:0811,110568.0,70.46,17.91,13.12,5.38,0.0
20230926:0911,365832.0,194.44,24.98,14.18,5.79,0.0
20230926:1011,244080.0,137.21,30.48,15.22,5.72,0.0
20230926:1111,744480.0,376.52,33.81,15.57,6.21,0.0
20230926:1211,1095672.0,549.79,34.51,16.06,5.86,0.0
20230926:1311,1462080.0,741.0,32.48,17.49,5.79,0.0
20230926:1411,193536.0,114.03,28.02,18.59,6.55,0.0
20230926:1511,336384.0,183.93,21.67,18.89,6.55,0.0
20230926:1611,456096.0,247.02,14.04,18.19,5.45,0.0
20230926:1711,112584.0,88.31,5.64,17.12,4.55,0.0
20230926:1811,0.0,0.0,0.0,15.84,3.93,0.0
20230926:1911,0.0,0.0,0.0,14.42,3.45,0.0
20230926:2011,0.0,0.0,0.0,14.12,3.52,0.0
20230926:2111,0.0,0.0,0.0,14.11,3.86,0.0
20230926:2211,0.0,0.0,0.0,13.51,3.86,0.0
20230926:2311,0.0,0.0,0.0,12.9,3.59,0.0
20230927:0011,0.0,0.0,0.0,12.36,3.38,0.0
20230927:0111,0.0,0.0,0.0,11.75,3.03,0.0
20230927:0211,0.0,0.0,0.0,11.26,2.69,0.0
20230927:0311,0.0,0.0,0.0,10.89,2.41,0.0
20230927:0411,0.0,0.0,0.0,10.65,2.07,0.0
20230927:0511,0.0,0.0,0.0,10.19,2.28,0.0
20230927:0611,0.0,0.0,0.0,9.74,2.34,0.0
20230927:0711,182664.0,110.28,9.56,11.0,2.14,0.0
20230927:0811,408384.0,214.48,17.62,12.15,2.97,0.0
20230927:0911,216960.0,123.36,24.67,13.61,3.59,0.0
20230927:1011,466416.0,243.55,30.13,14.67,4.21,0.0
20230927:1111,333480.0,180.9,33.43,15.77,5.31,0.0
20230927:1211,61464.0,45.43,34.12,16.35,6.76,0.0
20230927:1311,117648.0,75.1,32.08,16.82,7.38,0.0
20230927:1411,99864.0,65.82,27.62,16.37,6.34,0.0
20230927:1511,49728.0,38.94,21.29,16.4,6.48,0.0
20230927:1611,24456.0,24.1,13.67,16.62,7.1,0.0
20230927:1711,0.0,4.64,5.27,16.94,8.07,0.0
20230927:1811,0.0,0.0,0.0,17.25,8.62,0.0
20230927:1911,0.0,0.0,0.0,16.8,9.03,0.0
20230927:2011,0.0,0.0,0.0,16.62,8.9,0.0
20230927:2111,0.0,0.0,0.0,16.4,8.97,0.0
20230927:2211,0.0,0.0,0.0,15.9,9.17,0.0
20230927:2311,0.0,0.0,0.0,16.16,9.38,0.0
20230928:0011,0.0,0.0,0.0,16.15,8.69,0.0
20230928:0111,0.0,0.0,0.0,15.97,8.28,0.0
20230928:0211,0.0,0.0,0.0,15.63,7.79,0.0
20230928:0311,0.0,0.0,0.0,15.29,7.52,0.0
20230928:0411,0.0,0.0,0.0,15.08,7.38,0.0
20230928:0511,0.0,0.0,0.0,14.76,6.9,0.0
20230928:0611,0.0,0.0,0.0,14.33,6.07,0.0
20230928:0711,20352.0,21.32,9.28,14.4,5.52,0.0
20230928:0811,141024.0,86.33,17.33,14.78,5.17,0.0
20230928:0911,142344.0,87.15,24.35,15.37,6.28,0.0
20230928:1011,249312.0,139.99,29.79,15.6,5.66,0.0
20230928:1111,558960.0,287.95,33.06,15.55,5.93,0.0
20230928:1211,299160.0,164.15,33.72,15.69,5.93,0.0
20230928:1311,899304.0,451.76,31.68,16.26,6.55,0.0
20230928:1411,714216.0,362.51,27.23,16.45,6.14,0.0
20230928:1511,161784.0,97.35,20.9,16.45,5.24,0.0
20230928:1611,329184.0,181.8,13.29,15.94,4.48,0.0
20230928:1711,45072.0,39.2,4.9,15.28,4.28,0.0
20230928:1811,0.0,0.0,0.0,14.81,4.41,0.0
20230928:1911,0.0,0.0,0.0,14.02,4.62,0.0
20230928:2011,0.0,0.0,0.0,13.87,4.97,0.0
20230928:2111,0.0,0.0,0.0,13.65,5.17,0.0
20230928:2211,0.0,0.0,0.0,14.06,5.03,0.0
20230928:2311,0.0,0.0,0.0,14.05,4.62,0.0
20230929:0011,0.0,0.0,0.0,13.91,4.14,0.0
20230929:0111,0.0,0.0,0.0,13.57,3.79,0.0
20230929:0211,0.0,0.0,0.0,13.55,3.45,0.0
20230929:0311,0.0,0.0,0.0,13.55,3.31,0.0
20230929:0411,0.0,0.0,0.0,12.8,3.24,0.0
20230929:0511,0.0,0.0,0.0,12.25,3.31,0.0
20230929:0611,0.0,0.0,0.0,11.63,3.45,0.0
20230929:0711,236760.0,140.32,9.01,12.12,3.86,0.0
20230929:0811,768744.0,390.25,17.04,13.38,3.93,0.0
20230929:0911,1185552.0,588.89,24.03,14.54,5.93,0.0
20230929:1011,1359672.0,677.35,29.44,15.26,6.41,0.0
20230929:1111,1570632.0,788.93,32.68,16.08,6.62,0.0
20230929:1211,1046256.0,523.9,33.33,16.31,6.76,0.0
20230929:1311,1252200.0,626.69,31.28,16.62,6.83,0.0
20230929:1411,1248432.0,623.7,26.83,16.59,6.9,0.0
20230929:1511,998040.0,501.76,20.52,16.24,6.07,0.0
20230929:1611,469872.0,252.56,12.92,15.68,4.9,0.0
20230929:1711,70656.0,60.06,4.54,14.95,4.83,0.0
20230929:1811,0.0,0.0,0.0,14.07,4.28,0.0
20230929:1911,0.0,0.0,0.0,13.47,4.14,0.0
20230929:2011,0.0,0.0,0.0,13.01,4.0,0.0
20230929:2111,0.0,0.0,0.0,12.88,3.86,0.0
20230929:2211,0.0,0.0,0.0,12.61,3.59,0.0
20230929:2311,0.0,0.0,0.0,12.24,3.45,0.0
20230930:0011,0.0,0.0,0.0,12.14,3.17,0.0
20230930:0111,0.0,0.0,0.0,11.74,2.76,0.0
20230930:0211,0.0,0.0,0.0,11.24,2.28,0.0
20230930:0311,0.0,0.0,0.0,10.84,2.21,0.0
20230930:0411,0.0,0.0,0.0,10.45,2.0,0.0
20230930:0511,0.0,0.0,0.0,9.81,1.93,0.0
20230930:0611,0.0,0.0,0.0,9.3,1.93,0.0
20230930:0711,148872.0,92.05,8.73,9.13,1.59,0.0
20230930:0811,634392.0,325.08,16.75,11.63,1.52,0.0
20230930:0911,434232.0,227.84,23.71,13.66,2.14,0.0
20230930:1011,207744.0,119.6,29.09,14.64,2.55,0.0
20230930:1111,258264.0,144.63,32.31,15.36,3.24,0.0
20230930:1211,205200.0,118.67,32.94,15.64,3.66,0.0
20230930:1311,175560.0,103.84,30.88,15.26,3.66,0.0
20230930:1411,118512.0,75.1,26.44,14.84,3.31,0.0
20230930:1511,68856.0,49.14,20.14,14.42,3.45,0.0
20230930:1611,37320.0,31.52,12.55,13.6,3.31,0.0
20230930:1711,24168.0,25.07,4.17,13.23,3.45,0.0
20230930:1811,0.0,0.0,0.0,12.94,4.0,0.0
20230930:1911,0.0,0.0,0.0,12.78,4.0,0.0
20230930:2011,0.0,0.0,0.0,12.73,4.76,0.0
20230930:2111,0.0,0.0,0.0,12.79,4.97,0.0
20230930:2211,0.0,0.0,0.0,13.04,4.62,0.0
20230930:2311,0.0,0.0,0.0,13.55,4.07,0.0
20231001:0011,0.0,0.0,0.0,14.45,3.86,0.0
20231001:0111,0.0,0.0,0.0,15.43,4.07,0.0
20231001:0211,0.0,0.0,0.0,16.18,4.28,0.0
20231001:0311,0.0,0.0,0.0,16.55,4.41,0.0
20231001:0411,0.0,0.0,0.0,16.71,4.34,0.0
20231001:0511,0.0,0.0,0.0,16.78,4.07,0.0
20231001:0611,0.0,0.0,0.0,16.7,3.72,0.0
20231001:0711,173520.0,109.02,8.46,16.91,4.07,0.0
20231001:0811,488496.0,258.09,16.45,17.19,3.86,0.0
20231001:0911,222888.0,128.26,23.4,17.46,3.59,0.0
20231001:1011,312120.0,172.12,28.74,17.73,4.21,0.0
20231001:1111,193728.0,114.03,31.94,17.84,3.79,0.0
20231001:1211,739680.0,380.87,32.55,18.38,4.21,0.0
20231001:1311,706128.0,364.38,30.49,18.26,3.79,0.0
20231001:1411,461712.0,244.93,26.05,18.46,4.0,0.0
20231001:1511,613488.0,318.94,19.76,18.2,3.72,0.0
20231001:1611,199824.0,118.41,12.17,17.92,3.24,0.0
20231001:1711,42696.0,41.42,3.8,17.23,2.97,0.0
20231001:1811,0.0,0.0,0.0,15.83,2.48,0.0
20231001:1911,0.0,0.0,0.0,15.22,2.07,0.0
20231001:2011,0.0,0.0,0.0,14.35,2.07,0.0
20231001:2111,0.0,0.0,0.0,13.96,2.0,0.0
20231001:2211,0.0,0.0,0.0,13.84,2.0,0.0
20231001:2311,0.0,0.0,0.0,13.85,2.0,0.0
20231002:0011,0.0,0.0,0.0,13.79,2.07,0.0
20231002:0111,0.0,0.0,0.0,13.87,2.28,0.0
20231002:0211,0.0,0.0,0.0,13.94,2.41,0.0
20231002:0311,0.0,0.0,0.0,14.0,2.48,0.0
20231002:0411,0.0,0.0,0.0,13.93,2.41,0.0
20231002:0511,0.0,0.0,0.0,13.71,2.28,0.0
20231002:0611,0.0,0.0,0.0,13.45,2.14,0.0
20231002:0711,26400.0,25.03,8.18,13.32,1.72,0.0
20231002:0811,231216.0,130.77,16.16,13.97,2.0,0.0
20231002:0911,350592.0,188.45,23.08,14.56,2.41,0.0
20231002:1011,134712.0,83.44,28.4,15.18,2.97,0.0
20231002:1111,98304.0,64.9,31.56,15.55,3.52,0.0
20231002:1211,158544.0,95.49,32.15,15.55,3.66,0.0
20231002:1311,194304.0,113.11,30.09,15.28,3.72,0.0
20231002:1411,177600.0,104.76,25.66,14.92,3.1,0.0
20231002:1511,170952.0,101.26,19.38,14.35,2.48,0.0
20231002:1611,30912.0,27.81,11.8,13.92,2.21,0.0
20231002:1711,12048.0,16.6,3.44,13.03,1.86,0.0
20231002:1811,0.0,0.0,0.0,12.51,1.66,0.0
20231002:1911,0.0,0.0,0.0,12.67,1.52,0.0
20231002:2011,0.0,0.0,0.0,12.64,1.86,0.0
20231002:2111,0.0,0.0,0.0,12.32,1.59,0.0
20231002:2211,0.0,0.0,0.0,11.95,1.38,0.0
20231002:2311,0.0,0.0,0.0,11.83,1.38,0.0
20231003:0011,0.0,0.0,0.0,11.69,1.86,0.0
20231003:0111,0.0,0.0,0.0,11.51,2.34,0.0
20231003:0211,0.0,0.0,0.0,11.32,2.69,0.0
20231003:0311,0.0,0.0,0.0,11.06,2.76,0.0
20231003:0411,0.0,0.0,0.0,11.07,3.03,0.0
20231003:0511,0.0,0.0,0.0,11.13,3.38,0.0
20231003:0611,0.0,0.0,0.0,11.22,3.59,0.0
20231003:0711,2664.0,8.34,7.9,11.06,4.21,0.0
20231003:0811,515952.0,264.92,15.86,12.07,4.83,0.0
20231003:0911,1268880.0,624.23,22.76,12.55,6.0,0.0
20231003:1011,1504920.0,741.61,28.05,13.22,6.9,0.0
20231003:1111,1093200.0,538.29,31.19,13.51,7.38,0.0
20231003:1211,1432632.0,708.99,31.76,14.38,7.38,0.0
20231003:1311,933528.0,462.57,29.7,14.5,7.86,0.0
20231003:1411,433152.0,225.86,25.27,14.49,7.72,0.0
20231003:1511,977496.0,486.58,19.0,14.36,6.69,0.0
20231003:1611,421704.0,227.78,11.43,14.19,6.21,0.0
20231003:1711,0.0,4.64,3.08,13.44,5.66,0.0
20231003:1811,0.0,0.0,0.0,12.75,5.03,0.0
20231003:1911,0.0,0.0,0.0,12.55,4.48,0.0
20231003:2011,0.0,0.0,0.0,12.34,4.14,0.0
20231003:2111,0.0,0.0,0.0,12.28,3.93,0.0
20231003:2211,0.0,0.0,0.0,11.98,3.86,0.0
20231003:2311,0.0,0.0,0.0,11.71,3.66,0.0
20231004:0011,0.0,0.0,0.0,11.48,3.45,0.0
20231004:0111,0.0,0.0,0.0,11.63,3.59,0.0
20231004:0211,0.0,0.0,0.0,12.11,3.79,0.0
20231004:0311,0.0,0.0,0.0,12.0,4.07,0.0
20231004:0411,0.0,0.0,0.0,12.07,4.34,0.0
20231004:0511,0.0,0.0,0.0,11.95,4.28,0.0
20231004:0611,0.0,0.0,0.0,11.72,4.41,0.0
20231004:0711,19152.0,20.4,7.62,12.26,4.9,0.0
20231004:0811,42360.0,34.3,15.57,12.79,5.24,0.0
20231004:0911,81576.0,55.63,22.44,13.38,4.83,0.0
20231004:1011,115656.0,73.24,27.7,13.81,5.45,0.0
20231004:1111,297528.0,162.41,30.81,14.4,6.21,0.0
20231004:1211,464448.0,242.22,31.37,15.24,6.69,0.0
20231004:1311,463800.0,242.41,29.3,16.2,7.72,0.0
20231004:1411,689376.0,348.91,24.88,16.33,7.59,0.0
20231004:1511,265992.0,147.71,18.62,16.02,7.31,0.0
20231004:1611,20232.0,21.32,11.07,15.39,6.83,0.0
20231004:1711,0.0,1.85,2.72,14.73,6.34,0.0
20231004:1811,0.0,0.0,0.0,14.08,6.0,0.0
20231004:1911,0.0,0.0,0.0,14.16,6.34,0.0
20231004:2011,0.0,0.0,0.0,14.41,6.21,0.0
20231004:2111,0.0,0.0,0.0,14.32,5.86,0.0
20231004:2211,0.0,0.0,0.0,14.5,5.59,0.0
20231004:2311,0.0,0.0,0.0,14.52,5.24,0.0
20231005:0011,0.0,0.0,0.0,14.41,4.97,0.0
20231005:0111,0.0,0.0,0.0,14.23,4.62,0.0
20231005:0211,0.0,0.0,0.0,14.1,4.21,0.0
20231005:0311,0.0,0.0,0.0,13.73,3.72,0.0
20231005:0411,0.0,0.0,0.0,13.39,3.38,0.0
20231005:0511,0.0,0.0,0.0,13.47,3.17,0.0
20231005:0611,0.0,0.0,0.0,13.63,3.1,0.0
20231005:0711,53688.0,41.33,7.34,13.74,2.97,0.0
20231005:0811,201504.0,115.9,15.27,13.75,3.45,0.0
20231005:0911,158016.0,94.56,22.12,13.95,4.07,0.0
20231005:1011,84696.0,57.48,27.35,14.34,4.34,0.0
20231005:1111,118296.0,75.1,30.44,15.55,5.38,0.0
20231005:1211,145584.0,89.0,30.98,15.91,5.72,0.0
20231005:1311,91200.0,61.19,28.91,15.66,4.69,0.0
20231005:1411,75552.0,52.85,24.49,15.3,5.31,0.0
20231005:1511,88248.0,59.33,18.24,14.48,5.66,0.0
20231005:1611,55392.0,41.72,10.7,13.95,5.31,0.0
20231005:1711,0.0,2.78,2.36,13.9,5.66,0.0
20231005:1811,0.0,0.0,0.0,14.32,5.79,0.0
20231005:1911,0.0,0.0,0.0,14.74,6.0,0.0
20231005:2011,0.0,0.0,0.0,14.99,6.21,0.0
20231005:2111,0.0,0.0,0.0,15.21,6.34,0.0
20231005:2211,0.0,0.0,0.0,15.43,6.48,0.0
20231005:2311,0.0,0.0,0.0,15.71,6.41,0.0
20231006:0011,0.0,0.0,0.0,15.84,6.41,0.0
20231006:0111,0.0,0.0,0.0,15.92,6.48,0.0
20231006:0211,0.0,0.0,0.0,16.03,6.62,0.0
20231006:0311,0.0,0.0,0.0,16.11,6.76,0.0
20231006:0411,0.0,0.0,0.0,16.12,6.97,0.0
20231006:0511,0.0,0.0,0.0,16.13,6.83,0.0
20231006:0611,0.0,0.0,0.0,16.17,6.55,0.0
20231006:0711,3504.0,9.27,7.06,16.91,6.48,0.0
20231006:0811,31968.0,28.74,14.97,17.12,6.69,0.0
20231006:0911,128232.0,80.66,21.79,17.27,6.76,0.0
20231006:1011,159072.0,96.42,27.0,17.68,6.14,0.0
20231006:1111,81552.0,56.55,30.07,17.81,6.69,0.0
20231006:1211,142296.0,88.08,30.6,18.06,6.76,0.0
20231006:1311,72936.0,51.92,28.52,17.66,6.14,0.0
20231006:1411,106488.0,69.53,24.11,17.31,6.0,0.0
20231006:1511,67896.0,49.14,17.87,17.41,6.34,0.0
20231006:1611,46176.0,37.08,10.34,17.43,6.07,0.0
20231006:1711,0.0,1.85,2.0,17.22,6.41,0.0
20231006:1811,0.0,0.0,0.0,16.93,6.07,0.0
20231006:1911,0.0,0.0,0.0,17.3,6.83,0.0
20231006:2011,0.0,0.0,0.0,17.16,6.9,0.0
20231006:2111,0.0,0.0,0.0,17.03,6.83,0.0
20231006:2211,0.0,0.0,0.0,16.81,6.97,0.0
20231006:2311,0.0,0.0,0.0,16.63,7.31,0.0
20231007:0011,0.0,0.0,0.0,16.4,7.17,0.0
20231007:0111,0.0,0.0,0.0,15.82,7.03,0.0
20231007:0211,0.0,0.0,0.0,15.41,6.83,0.0
20231007:0311,0.0,0.0,0.0,15.11,6.21,0.0
20231007:0411,0.0,0.0,0.0,15.05,6.0,0.0
20231007:0511,0.0,0.0,0.0,15.12,5.86,0.0
20231007:0611,0.0,0.0,0.0,15.18,5.79,0.0
20231007:0711,696.0,6.49,6.78,15.21,5.59,0.0
20231007:0811,32232.0,28.74,14.68,15.56,5.86,0.0
20231007:0911,58200.0,43.57,21.47,15.89,6.0,0.0
20231007:1011,212592.0,122.38,26.65,16.31,6.0,0.0
20231007:1111,793584.0,401.21,29.69,17.12,6.83,0.0
20231007:1211,794760.0,402.46,30.21,17.83,7.59,0.0
20231007:1311,949032.0,477.97,28.13,18.42,7.86,0.0
20231007:1411,416928.0,221.65,23.72,18.26,7.17,0.0
20231007:1511,19896.0,21.32,17.49,18.16,6.48,0.0
20231007:1611,52608.0,40.79,9.97,17.89,5.66,0.0
20231007:1711,0.0,3.71,1.65,17.34,4.55,0.0
20231007:1811,0.0,0.0,0.0,16.79,3.52,0.0
20231007:1911,0.0,0.0,0.0,16.91,3.31,0.0
20231007:2011,0.0,0.0,0.0,16.4,2.48,0.0
20231007:2111,0.0,0.0,0.0,15.8,1.93,0.0
20231007:2211,0.0,0.0,0.0,15.03,2.07,0.0
20231007:2311,0.0,0.0,0.0,14.09,2.62,0.0
20231008:0011,0.0,0.0,0.0,13.33,2.76,0.0
20231008:0111,0.0,0.0,0.0,12.76,2.83,0.0
20231008:0211,0.0,0.0,0.0,12.41,2.48,0.0
20231008:0311,0.0,0.0,0.0,12.28,2.62,0.0
20231008:0411,0.0,0.0,0.0,12.27,3.1,0.0
20231008:0511,0.0,0.0,0.0,12.3,2.97,0.0
20231008:0611,0.0,0.0,0.0,12.34,2.55,0.0
20231008:0711,7080.0,12.05,6.5,12.3,3.1,0.0
20231008:0811,92520.0,61.19,14.38,12.64,3.03,0.0
20231008:0911,119448.0,75.1,21.15,13.25,3.1,0.0
20231008:1011,133560.0,82.51,26.31,14.16,3.03,0.0
20231008:1111,199920.0,115.89,29.32,15.18,3.31,0.0
20231008:1211,306144.0,168.56,29.82,16.48,3.31,0.0
20231008:1311,248280.0,141.16,27.74,17.77,2.97,0.0
20231008:1411,134256.0,84.37,23.34,18.62,3.1,0.0
20231008:1511,136752.0,85.68,17.12,18.67,2.62,0.0
20231008:1611,153384.0,95.59,9.61,18.4,2.83,0.0
20231008:1711,0.0,0.93,1.29,17.18,3.38,0.0
20231008:1811,0.0,0.0,0.0,16.35,3.79,0.0
20231008:1911,0.0,0.0,0.0,15.96,4.48,0.0
20231008:2011,0.0,0.0,0.0,15.61,4.83,0.0
20231008:2111,0.0,0.0,0.0,15.25,4.69,0.0
20231008:2211,0.0,0.0,0.0,15.1,4.76,0.0
20231008:2311,0.0,0.0,0.0,15.09,4.9,0.0
20231009:0011,0.0,0.0,0.0,15.03,4.69,0.0
20231009:0111,0.0,0.0,0.0,15.14,4.48,0.0
20231009:0211,0.0,0.0,0.0,15.17,4.34,0.0
20231009:0311,0.0,0.0,0.0,15.25,4.0,0.0
20231009:0411,0.0,0.0,0.0,15.33,3.52,0.0
20231009:0511,0.0,0.0,0.0,15.51,3.1,0.0
20231009:0611,0.0,0.0,0.0,15.55,2.76,0.0
20231009:0711,11856.0,15.76,6.22,16.26,3.66,0.0
20231009:0811,66408.0,48.21,14.08,16.51,3.59,0.0
20231009:0911,133776.0,83.44,20.83,16.67,3.31,0.0
20231009:1011,251256.0,142.44,25.96,17.75,3.52,0.0
20231009:1111,1286616.0,664.1,28.95,18.24,2.9,0.0
20231009:1211,671376.0,349.17,29.44,18.81,2.9,0.0
20231009:1311,1460208.0,761.88,27.35,19.36,2.97,0.0
20231009:1411,1156008.0,598.48,22.96,19.9,2.97,0.0
20231009:1511,652704.0,342.82,16.75,19.89,2.55,0.0
20231009:1611,267192.0,156.43,9.25,19.51,2.28,0.0
20231009:1711,0.0,0.0,0.0,18.3,2.48,0.0
20231009:1811,0.0,0.0,0.0,17.19,2.62,0.0
20231009:1911,0.0,0.0,0.0,16.33,2.48,0.0
20231009:2011,0.0,0.0,0.0,15.77,2.55,0.0
20231009:2111,0.0,0.0,0.0,15.41,2.55,0.0
20231009:2211,0.0,0.0,0.0,15.04,2.41,0.0
20231009:2311,0.0,0.0,0.0,14.78,2.55,0.0
20231010:0011,0.0,0.0,0.0,14.58,2.83,0.0
20231010:0111,0.0,0.0,0.0,14.54,3.17,0.0
20231010:0211,0.0,0.0,0.0,14.65,3.66,0.0
20231010:0311,0.0,0.0,0.0,14.62,4.0,0.0
20231010:0411,0.0,0.0,0.0,14.69,4.21,0.0
20231010:0511,0.0,0.0,0.0,14.75,3.66,0.0
20231010:0611,0.0,0.0,0.0,14.88,2.55,0.0
20231010:0711,9384.0,13.91,5.94,15.01,2.76,0.0
20231010:0811,38496.0,32.45,13.78,15.51,2.62,0.0
20231010:0911,27456.0,25.96,20.51,16.41,3.31,0.0
20231010:1011,39768.0,33.38,25.61,17.16,3.31,0.0
20231010:1111,47544.0,38.01,28.58,18.31,4.0,0.0
20231010:1211,434760.0,232.52,29.06,19.04,4.41,0.0
20231010:1311,605376.0,314.95,26.97,19.69,5.59,0.0
20231010:1411,546984.0,285.57,22.58,18.9,4.9,0.0
20231010:1511,79464.0,55.63,16.39,18.56,5.31,0.0
20231010:1611,3480.0,9.27,8.9,18.01,5.45,0.0
20231010:1711,0.0,0.0,0.0,17.49,5.79,0.0
20231010:1811,0.0,0.0,0.0,16.89,6.0,0.0
20231010:1911,0.0,0.0,0.0,17.17,6.34,0.0
20231010:2011,0.0,0.0,0.0,17.01,6.69,0.0
20231010:2111,0.0,0.0,0.0,17.0,6.97,0.0
20231010:2211,0.0,0.0,0.0,17.23,7.17,0.0
20231010:2311,0.0,0.0,0.0,17.27,7.52,0.0
20231011:0011,0.0,0.0,0.0,17.06,7.79,0.0
20231011:0111,0.0,0.0,0.0,16.75,7.72,0.0
20231011:0211,0.0,0.0,0.0,16.47,7.79,0.0
20231011:0311,0.0,0.0,0.0,16.08,7.45,0.0
20231011:0411,0.0,0.0,0.0,15.83,7.31,0.0
20231011:0511,0.0,0.0,0.0,15.64,6.69,0.0
20231011:0611,0.0,0.0,0.0,15.08,5.79,0.0
20231011:0711,13344.0,16.69,5.66,14.4,5.1,0.0
20231011:0811,37368.0,31.52,13.48,13.42,4.69,0.0
20231011:0911,39096.0,32.45,20.19,12.83,4.21,0.0
20231011:1011,64248.0,46.36,25.26,12.86,4.28,0.0
20231011:1111,65952.0,47.28,28.21,12.93,4.34,0.0
20231011:1211,96024.0,63.04,28.67,13.0,4.14,0.0
20231011:1311,119712.0,75.1,26.58,12.95,3.86,0.0
20231011:1411,128976.0,79.73,22.21,12.79,3.45,0.0
20231011:1511,69504.0,49.14,16.02,12.58,3.17,0.0
20231011:1611,44088.0,35.23,8.55,12.32,3.1,0.0
20231011:1711,0.0,0.0,0.0,11.76,2.69,0.0
20231011:1811,0.0,0.0,0.0,11.22,2.62,0.0
20231011:1911,0.0,0.0,0.0,10.8,2.48,0.0
20231011:2011,0.0,0.0,0.0,10.3,2.55,0.0
20231011:2111,0.0,0.0,0.0,9.4,2.41,0.0
20231011:2211,0.0,0.0,0.0,8.33,2.21,0.0
20231011:2311,0.0,0.0,0.0,7.18,2.21,0.0
20231012:0011,0.0,0.0,0.0,6.32,2.28,0.0
20231012:0111,0.0,0.0,0.0,5.61,2.14,0.0
20231012:0211,0.0,0.0,0.0,4.86,1.93,0.0
20231012:0311,0.0,0.0,0.0,4.18,1.72,0.0
20231012:0411,0.0,0.0,0.0,3.72,1.52,0.0
20231012:0511,0.0,0.0,0.0,3.16,1.52,0.0
20231012:0611,0.0,0.0,0.0,2.68,1.45,0.0
20231012:0711,140472.0,88.72,5.38,2.29,1.45,0.0
20231012:0811,739296.0,368.8,13.18,4.66,0.62,0.0
20231012:0911,1130376.0,567.62,19.86,7.89,0.41,0.0
20231012:1011,1407624.0,721.6,24.92,9.67,0.55,0.0
20231012:1111,1639512.0,839.1,27.85,10.81,1.86,0.0
20231012:1211,1764120.0,906.31,28.29,11.64,2.41,0.0
20231012:1311,1634136.0,834.23,26.2,12.18,2.48,0.0
20231012:1411,1381632.0,697.48,21.84,12.48,2.55,0.0
20231012:1511,889296.0,448.68,15.66,12.47,2.48,0.0
20231012:1611,394200.0,217.55,8.19,12.15,2.28,0.0
20231012:1711,0.0,0.0,0.0,10.86,2.28,0.0
20231012:1811,0.0,0.0,0.0,9.52,2.48,0.0
20231012:1911,0.0,0.0,0.0,8.66,2.34,0.0
20231012:2011,0.0,0.0,0.0,8.52,2.14,0.0
20231012:2111,0.0,0.0,0.0,8.63,2.07,0.0
20231012:2211,0.0,0.0,0.0,8.72,2.21,0.0
20231012:2311,0.0,0.0,0.0,9.05,2.34,0.0
20231013:0011,0.0,0.0,0.0,9.39,2.34,0.0
20231013:0111,0.0,0.0,0.0,9.8,2.41,0.0
20231013:0211,0.0,0.0,0.0,10.17,2.55,0.0
20231013:0311,0.0,0.0,0.0,10.43,2.41,0.0
20231013:0411,0.0,0.0,0.0,10.84,2.14,0.0
20231013:0511,0.0,0.0,0.0,11.15,1.45,0.0
20231013:0611,0.0,0.0,0.0,11.3,0.9,0.0
20231013:0711,35160.0,30.88,5.1,11.29,0.48,0.0
20231013:0811,10896.0,14.83,12.88,11.54,1.03,0.0
20231013:0911,44136.0,35.23,19.54,12.0,1.86,0.0
20231013:1011,183408.0,106.62,24.57,12.61,3.1,0.0
20231013:1111,105168.0,67.68,27.48,12.78,4.0,0.0
20231013:1211,85296.0,57.48,27.92,12.94,4.34,0.0
20231013:1311,261528.0,144.45,25.82,13.26,4.97,0.0
20231013:1411,220896.0,124.64,21.46,13.17,5.72,0.0
20231013:1511,853008.0,424.81,15.3,12.54,5.59,0.0
20231013:1611,105840.0,68.92,7.85,12.05,5.52,0.0
20231013:1711,0.0,0.0,0.0,11.1,5.1,0.0
20231013:1811,0.0,0.0,0.0,10.08,4.9,0.0
20231013:1911,0.0,0.0,0.0,9.52,5.03,0.0
20231013:2011,0.0,0.0,0.0,9.1,4.97,0.0
20231013:2111,0.0,0.0,0.0,8.81,5.17,0.0
20231013:2211,0.0,0.0,0.0,8.62,5.45,0.0
20231013:2311,0.0,0.0,0.0,8.44,5.59,0.0
20231014:0011,0.0,0.0,0.0,8.25,5.52,0.0
20231014:0111,0.0,0.0,0.0,8.07,5.45,0.0
20231014:0211,0.0,0.0,0.0,7.86,5.31,0.0
20231014:0311,0.0,0.0,0.0,7.51,5.1,0.0
20231014:0411,0.0,0.0,0.0,7.21,4.9,0.0
20231014:0511,0.0,0.0,0.0,6.99,4.69,0.0
20231014:0611,0.0,0.0,0.0,6.62,4.69,0.0
20231014:0711,94488.0,65.0,4.82,6.17,4.48,0.0
20231014:0811,726408.0,359.34,12.59,6.86,4.41,0.0
20231014:0911,1184688.0,575.46,19.22,8.2,4.34,0.0
20231014:1011,1560720.0,762.42,24.23,9.47,5.38,0.0
20231014:1111,1682760.0,828.55,27.11,10.46,5.59,0.0
20231014:1211,1734192.0,855.51,27.54,11.02,6.0,0.0
20231014:1311,1514568.0,741.73,25.45,11.1,6.21,0.0
20231014:1411,1148616.0,559.77,21.1,10.77,6.0,0.0
20231014:1511,883296.0,435.15,14.95,10.21,5.59,0.0
20231014:1611,374160.0,204.84,7.5,9.61,4.76,0.0
20231014:1711,0.0,0.0,0.0,8.62,4.21,0.0
20231014:1811,0.0,0.0,0.0,7.69,3.93,0.0
20231014:1911,0.0,0.0,0.0,6.73,3.93,0.0
20231014:2011,0.0,0.0,0.0,6.08,4.0,0.0
20231014:2111,0.0,0.0,0.0,5.51,3.93,0.0
20231014:2211,0.0,0.0,0.0,5.01,3.93,0.0
20231014:2311,0.0,0.0,0.0,4.62,3.86,0.0
20231015:0011,0.0,0.0,0.0,4.29,3.79,0.0
20231015:0111,0.0,0.0,0.0,3.93,3.79,0.0
20231015:0211,0.0,0.0,0.0,3.59,3.79,0.0
20231015:0311,0.0,0.0,0.0,3.22,3.79,0.0
20231015:0411,0.0,0.0,0.0,2.84,3.79,0.0
20231015:0511,0.0,0.0,0.0,2.56,3.72,0.0
20231015:0611,0.0,0.0,0.0,2.29,3.66,0.0
20231015:0711,80112.0,56.35,4.53,2.24,3.59,0.0
20231015:0811,704712.0,345.27,12.29,3.36,3.1,0.0
20231015:0911,1154544.0,556.65,18.9,5.5,3.38,0.0
20231015:1011,1499928.0,732.03,23.88,7.48,3.86,0.0
20231015:1111,1681440.0,828.66,26.75,9.04,4.48,0.0
20231015:1211,1630824.0,805.01,27.16,10.22,4.83,0.0
20231015:1311,1603200.0,794.35,25.07,11.09,4.69,0.0
20231015:1411,669744.0,334.25,20.73,11.53,4.48,0.0
20231015:1511,741864.0,371.77,14.59,11.5,3.86,0.0
20231015:1611,299592.0,169.12,7.16,10.97,2.69,0.0
20231015:1711,0.0,0.0,0.0,9.75,2.41,0.0
20231015:1811,0.0,0.0,0.0,8.03,2.62,0.0
20231015:1911,0.0,0.0,0.0,7.2,2.34,0.0
20231015:2011,0.0,0.0,0.0,6.42,2.28,0.0
20231015:2111,0.0,0.0,0.0,5.46,2.28,0.0
20231015:2211,0.0,0.0,0.0,4.63,2.21,0.0
20231015:2311,0.0,0.0,0.0,4.14,2.0,0.0
20231016:0011,0.0,0.0,0.0,3.82,1.86,0.0
20231016:0111,0.0,0.0,0.0,3.47,1.72,0.0
20231016:0211,0.0,0.0,0.0,3.34,1.59,0.0
20231016:0311,0.0,0.0,0.0,3.1,1.52,0.0
20231016:0411,0.0,0.0,0.0,2.96,1.38,0.0
20231016:0511,0.0,0.0,0.0,2.83,1.31,0.0
20231016:0611,0.0,0.0,0.0,2.79,1.24,0.0
20231016:0711,33744.0,29.26,4.25,2.07,1.31,0.0
20231016:0811,293016.0,154.81,11.99,3.65,0.62,0.0
20231016:0911,870552.0,432.24,18.58,6.24,0.14,0.0
20231016:1011,821976.0,410.18,23.54,8.07,0.41,0.0
20231016:1111,1020384.0,510.0,26.39,9.19,0.97,0.0
20231016:1211,805896.0,403.51,26.79,9.92,1.17,0.0
20231016:1311,964200.0,482.45,24.7,10.3,1.24,0.0
20231016:1411,837936.0,419.03,20.37,10.54,1.45,0.0
20231016:1511,426672.0,221.71,14.24,10.52,1.66,0.0
20231016:1611,184752.0,110.26,6.82,9.99,1.38,0.0
20231016:1711,0.0,0.0,0.0,8.84,1.59,0.0
20231016:1811,0.0,0.0,0.0,6.84,1.52,0.0
20231016:1911,0.0,0.0,0.0,5.31,1.45,0.0
20231016:2011,0.0,0.0,0.0,5.62,1.1,0.0
20231016:2111,0.0,0.0,0.0,5.96,0.9,0.0
20231016:2211,0.0,0.0,0.0,5.83,0.69,0.0
20231016:2311,0.0,0.0,0.0,5.36,0.83,0.0
20231017:0011,0.0,0.0,0.0,4.02,1.38,0.0
20231017:0111,0.0,0.0,0.0,2.99,1.52,0.0
20231017:0211,0.0,0.0,0.0,2.43,1.72,0.0
20231017:0311,0.0,0.0,0.0,1.99,1.86,0.0
20231017:0411,0.0,0.0,0.0,1.75,2.07,0.0
20231017:0511,0.0,0.0,0.0,2.05,2.14,0.0
20231017:0611,0.0,0.0,0.0,2.62,2.07,0.0
20231017:0711,10128.0,13.91,3.97,3.41,2.21,0.0
20231017:0811,68520.0,47.28,11.69,5.18,1.79,0.0
20231017:0911,243432.0,133.57,18.26,8.85,1.72,0.0
20231017:1011,164112.0,96.42,23.2,10.53,2.21,0.0
20231017:1111,935064.0,463.71,26.03,11.72,3.52,0.0
20231017:1211,553512.0,281.09,26.42,12.54,5.1,0.0
20231017:1311,572928.0,290.14,24.33,12.73,5.1,0.0
20231017:1411,347664.0,184.25,20.01,12.54,4.69,0.0
20231017:1511,191184.0,109.83,13.89,12.17,4.55,0.0
20231017:1611,141384.0,88.31,6.48,11.56,4.28,0.0
20231017:1711,0.0,0.0,0.0,10.47,4.21,0.0
20231017:1811,0.0,0.0,0.0,9.64,4.28,0.0
20231017:1911,0.0,0.0,0.0,9.19,4.41,0.0
20231017:2011,0.0,0.0,0.0,9.09,4.41,0.0
20231017:2111,0.0,0.0,0.0,9.33,4.48,0.0
20231017:2211,0.0,0.0,0.0,9.56,4.55,0.0
20231017:2311,0.0,0.0,0.0,9.7,4.55,0.0
20231018:0011,0.0,0.0,0.0,9.93,4.69,0.0
20231018:0111,0.0,0.0,0.0,9.83,4.76,0.0
20231018:0211,0.0,0.0,0.0,9.76,4.76,0.0
20231018:0311,0.0,0.0,0.0,9.62,4.69,0.0
20231018:0411,0.0,0.0,0.0,9.46,4.62,0.0
20231018:0511,0.0,0.0,0.0,9.41,4.76,0.0
20231018:0611,0.0,0.0,0.0,9.6,5.03,0.0
20231018:0711,4848.0,10.2,3.69,9.88,5.1,0.0
20231018:0811,124152.0,76.46,11.39,10.18,5.03,0.0
20231018:0911,272448.0,147.7,17.94,10.96,4.83,0.0
20231018:1011,846768.0,416.57,22.86,11.88,6.07,0.0
20231018:1111,1380312.0,676.05,25.67,12.94,7.45,0.0
20231018:1211,1565400.0,771.78,26.06,13.38,7.1,0.0
20231018:1311,940728.0,462.97,23.97,13.51,7.52,0.0
20231018:1411,812616.0,402.0,19.65,13.52,7.45,0.0
20231018:1511,632496.0,319.36,13.55,12.93,6.28,0.0
20231018:1611,48192.0,37.96,6.15,12.24,6.21,0.0
20231018:1711,0.0,0.0,0.0,11.62,6.14,0.0
20231018:1811,0.0,0.0,0.0,11.37,6.34,0.0
20231018:1911,0.0,0.0,0.0,11.61,6.34,0.0
20231018:2011,0.0,0.0,0.0,11.56,6.41,0.0
20231018:2111,0.0,0.0,0.0,11.52,6.55,0.0
20231018:2211,0.0,0.0,0.0,11.46,6.9,0.0
20231018:2311,0.0,0.0,0.0,11.11,7.31,0.0
20231019:0011,0.0,0.0,0.0,10.96,7.52,0.0
20231019:0111,0.0,0.0,0.0,11.1,7.45,0.0
20231019:0211,0.0,0.0,0.0,11.14,7.31,0.0
20231019:0311,0.0,0.0,0.0,11.28,6.14,0.0
20231019:0411,0.0,0.0,0.0,11.46,3.03,0.0
20231019:0511,0.0,0.0,0.0,11.49,1.1,0.0
20231019:0611,0.0,0.0,0.0,11.51,3.17,0.0
20231019:0711,0.0,2.78,3.41,12.39,4.55,0.0
20231019:0811,352272.0,188.27,11.1,12.83,4.55,0.0
20231019:0911,86904.0,58.41,17.63,13.4,4.69,0.0
20231019:1011,51936.0,39.87,22.52,14.29,5.52,0.0
20231019:1111,138960.0,85.29,25.31,14.71,4.76,0.0
20231019:1211,1086696.0,545.26,25.69,15.51,4.34,0.0
20231019:1311,188064.0,110.33,23.6,16.19,4.97,0.0
20231019:1411,263424.0,146.84,19.3,16.35,4.41,0.0
20231019:1511,421320.0,223.35,13.21,16.33,4.21,0.0
20231019:1611,1584.0,7.42,5.82,15.68,4.0,0.0
20231019:1711,0.0,0.0,0.0,14.75,4.0,0.0
20231019:1811,0.0,0.0,0.0,14.1,3.93,0.0
20231019:1911,0.0,0.0,0.0,14.02,4.0,0.0
20231019:2011,0.0,0.0,0.0,13.82,3.72,0.0
20231019:2111,0.0,0.0,0.0,13.83,3.52,0.0
20231019:2211,0.0,0.0,0.0,13.77,3.45,0.0
20231019:2311,0.0,0.0,0.0,13.6,3.59,0.0
20231020:0011,0.0,0.0,0.0,13.49,3.79,0.0
20231020:0111,0.0,0.0,0.0,13.08,4.69,0.0
20231020:0211,0.0,0.0,0.0,12.7,5.79,0.0
20231020:0311,0.0,0.0,0.0,12.25,6.62,0.0
20231020:0411,0.0,0.0,0.0,11.87,7.24,0.0
20231020:0511,0.0,0.0,0.0,11.62,7.72,0.0
20231020:0611,0.0,0.0,0.0,11.56,8.41,0.0
20231020:0711,0.0,2.78,3.13,11.53,7.86,0.0
20231020:0811,7128.0,12.05,10.8,11.58,8.21,0.0
20231020:0911,57936.0,42.65,17.31,11.29,9.1,0.0
20231020:1011,70248.0,49.14,22.18,10.97,9.38,0.0
20231020:1111,63336.0,45.43,24.96,10.7,9.59,0.0
20231020:1211,110424.0,69.53,25.33,10.38,9.86,0.0
20231020:1311,68808.0,48.21,23.24,10.06,9.79,0.0
20231020:1411,56640.0,41.72,18.95,9.9,9.52,0.0
20231020:1511,30096.0,26.89,12.87,9.85,9.1,0.0
20231020:1611,12384.0,15.76,5.5,9.74,8.9,0.0
20231020:1711,0.0,0.0,0.0,9.6,8.69,0.0
20231020:1811,0.0,0.0,0.0,9.65,8.76,0.0
20231020:1911,0.0,0.0,0.0,9.4,7.72,0.0
20231020:2011,0.0,0.0,0.0,9.24,7.86,0.0
20231020:2111,0.0,0.0,0.0,8.96,7.59,0.0
20231020:2211,0.0,0.0,0.0,8.77,7.17,0.0
20231020:2311,0.0,0.0,0.0,8.67,6.83,0.0
20231021:0011,0.0,0.0,0.0,8.7,6.55,0.0
20231021:0111,0.0,0.0,0.0,9.01,6.14,0.0
20231021:0211,0.0,0.0,0.0,9.03,5.59,0.0
20231021:0311,0.0,0.0,0.0,9.1,4.97,0.0
20231021:0411,0.0,0.0,0.0,9.16,4.48,0.0
20231021:0511,0.0,0.0,0.0,9.11,4.21,0.0
20231021:0611,0.0,0.0,0.0,9.02,4.14,0.0
20231021:0711,0.0,3.71,2.85,8.95,3.66,0.0
20231021:0811,7248.0,12.05,10.5,9.09,3.31,0.0
20231021:0911,20928.0,21.32,16.99,9.41,2.97,0.0
20231021:1011,312096.0,166.1,21.84,9.52,2.62,0.0
20231021:1111,1049376.0,517.62,24.61,10.14,2.9,0.0
20231021:1211,1102536.0,546.29,24.97,11.06,2.97,0.0
20231021:1311,566088.0,286.96,22.88,11.64,2.9,0.0
20231021:1411,159120.0,94.31,18.6,11.7,2.62,0.0
20231021:1511,306432.0,165.1,12.54,11.7,2.55,0.0
20231021:1611,4776.0,10.2,5.17,11.35,2.21,0.0
20231021:1711,0.0,0.0,0.0,10.6,2.14,0.0
20231021:1811,0.0,0.0,0.0,9.14,2.41,0.0
20231021:1911,0.0,0.0,0.0,8.78,2.48,0.0
20231021:2011,0.0,0.0,0.0,7.87,2.41,0.0
20231021:2111,0.0,0.0,0.0,6.95,2.34,0.0
20231021:2211,0.0,0.0,0.0,6.08,2.14,0.0
20231021:2311,0.0,0.0,0.0,5.4,2.14,0.0
20231022:0011,0.0,0.0,0.0,4.85,2.21,0.0
20231022:0111,0.0,0.0,0.0,4.65,2.34,0.0
20231022:0211,0.0,0.0,0.0,4.67,2.34,0.0
20231022:0311,0.0,0.0,0.0,4.86,2.41,0.0
20231022:0411,0.0,0.0,0.0,5.27,2.48,0.0
20231022:0511,0.0,0.0,0.0,5.2,2.48,0.0
20231022:0611,0.0,0.0,0.0,5.08,2.41,0.0
20231022:0711,73656.0,55.98,2.57,4.7,2.34,0.0
20231022:0811,307248.0,162.38,10.21,5.47,2.07,0.0
20231022:0911,1036464.0,510.97,16.68,8.44,2.07,0.0
20231022:1011,1391880.0,690.4,21.51,10.5,3.24,0.0
20231022:1111,1536144.0,763.81,24.26,11.43,4.14,0.0
20231022:1211,1647360.0,822.1,24.61,12.21,4.69,0.0
20231022:1311,889536.0,440.58,22.53,12.36,4.34,0.0
20231022:1411,1168944.0,580.85,18.25,12.23,3.52,0.0
20231022:1511,805968.0,407.07,12.21,12.11,2.83,0.0
20231022:1611,188544.0,115.18,4.86,11.22,2.07,0.0
20231022:1711,0.0,0.0,0.0,9.85,2.14,0.0
20231022:1811,0.0,0.0,0.0,8.31,1.86,0.0
20231022:1911,0.0,0.0,0.0,7.23,1.38,0.0
20231022:2011,0.0,0.0,0.0,7.45,1.1,0.0
20231022:2111,0.0,0.0,0.0,7.56,0.83,0.0
20231022:2211,0.0,0.0,0.0,7.5,0.55,0.0
20231022:2311,0.0,0.0,0.0,7.27,0.48,0.0
20231023:0011,0.0,0.0,0.0,7.09,0.76,0.0
20231023:0111,0.0,0.0,0.0,6.14,0.97,0.0
20231023:0211,0.0,0.0,0.0,4.78,1.31,0.0
20231023:0311,0.0,0.0,0.0,4.44,1.38,0.0
20231023:0411,0.0,0.0,0.0,4.25,1.45,0.0
20231023:0511,0.0,0.0,0.0,4.37,1.38,0.0
20231023:0611,0.0,0.0,0.0,4.14,1.45,0.0
20231023:0711,0.0,5.56,2.29,4.45,1.59,0.0
20231023:0811,183432.0,103.92,9.91,5.2,1.24,0.0
20231023:0911,295272.0,156.95,16.36,7.6,1.52,0.0
20231023:1011,212472.0,119.06,21.18,8.98,1.86,0.0
20231023:1111,223056.0,124.8,23.91,10.35,2.41,0.0
20231023:1211,229656.0,128.51,24.26,11.56,3.03,0.0
20231023:1311,458496.0,236.75,22.18,12.35,3.24,0.0
20231023:1411,345360.0,183.54,17.91,12.83,3.31,0.0
20231023:1511,123192.0,76.77,11.88,12.69,2.62,0.0
20231023:1611,25704.0,24.83,4.54,11.88,2.41,0.0
20231023:1711,0.0,0.0,0.0,10.65,2.76,0.0
20231023:1811,0.0,0.0,0.0,10.0,2.83,0.0
20231023:1911,0.0,0.0,0.0,9.88,2.83,0.0
20231023:2011,0.0,0.0,0.0,9.88,2.83,0.0
20231023:2111,0.0,0.0,0.0,10.07,2.97,0.0
20231023:2211,0.0,0.0,0.0,10.28,3.03,0.0
20231023:2311,0.0,0.0,0.0,10.29,3.03,0.0
20231024:0011,0.0,0.0,0.0,10.18,2.9,0.0
20231024:0111,0.0,0.0,0.0,10.02,2.55,0.0
20231024:0211,0.0,0.0,0.0,9.71,2.28,0.0
20231024:0311,0.0,0.0,0.0,9.67,2.07,0.0
20231024:0411,0.0,0.0,0.0,9.7,2.21,0.0
20231024:0511,0.0,0.0,0.0,9.78,2.34,0.0
20231024:0611,0.0,0.0,0.0,9.76,2.48,0.0
20231024:0711,792.0,6.49,2.01,9.4,2.0,0.0
20231024:0811,275088.0,149.85,9.62,9.47,2.14,0.0
20231024:0911,72240.0,50.06,16.05,9.75,2.34,0.0
20231024:1011,126792.0,77.88,20.84,10.16,2.34,0.0
20231024:1111,124800.0,76.95,23.56,10.38,2.41,0.0
20231024:1211,235656.0,130.99,23.91,10.56,2.0,0.0
20231024:1311,212616.0,119.97,21.83,10.67,1.79,0.0
20231024:1411,61344.0,44.5,17.58,10.79,1.59,0.0
20231024:1511,70032.0,49.14,11.56,10.85,1.38,0.0
20231024:1611,21696.0,22.29,4.23,10.52,1.38,0.0
20231024:1711,0.0,0.0,0.0,9.41,2.0,0.0
20231024:1811,0.0,0.0,0.0,8.21,2.34,0.0
20231024:1911,0.0,0.0,0.0,8.26,2.28,0.0
20231024:2011,0.0,0.0,0.0,8.17,2.48,0.0
20231024:2111,0.0,0.0,0.0,8.05,2.76,0.0
20231024:2211,0.0,0.0,0.0,8.06,2.83,0.0
20231024:2311,0.0,0.0,0.0,7.86,2.97,0.0
20231025:0011,0.0,0.0,0.0,7.71,3.1,0.0
20231025:0111,0.0,0.0,0.0,7.63,3.31,0.0
20231025:0211,0.0,0.0,0.0,7.3,3.03,0.0
20231025:0311,0.0,0.0,0.0,7.3,2.83,0.0
20231025:0411,0.0,0.0,0.0,7.24,2.69,0.0
20231025:0511,0.0,0.0,0.0,6.74,2.62,0.0
20231025:0611,0.0,0.0,0.0,6.94,2.83,0.0
20231025:0711,0.0,1.85,1.73,7.93,2.9,0.0
20231025:0811,48408.0,37.08,9.32,8.26,2.76,0.0
20231025:0911,43152.0,34.3,15.74,9.17,3.17,0.0
20231025:1011,99336.0,63.97,20.51,9.93,4.0,0.0
20231025:1111,108216.0,68.61,23.22,10.49,3.72,0.0
20231025:1211,224952.0,125.78,23.56,10.84,3.52,0.0
20231025:1311,233880.0,130.06,21.49,11.06,3.31,0.0
20231025:1411,68280.0,48.21,17.24,11.09,2.83,0.0
20231025:1511,17832.0,19.47,11.24,10.97,2.41,0.0
20231025:1611,1680.0,7.42,3.93,10.8,2.14,0.0
20231025:1711,0.0,0.0,0.0,10.53,2.14,0.0
20231025:1811,0.0,0.0,0.0,10.35,2.07,0.0
20231025:1911,0.0,0.0,0.0,10.46,2.07,0.0
20231025:2011,0.0,0.0,0.0,10.3,1.66,0.0
20231025:2111,0.0,0.0,0.0,10.21,1.45,0.0
20231025:2211,0.0,0.0,0.0,9.97,0.76,0.0
20231025:2311,0.0,0.0,0.0,9.84,0.62,0.0
20231026:0011,0.0,0.0,0.0,9.65,0.62,0.0
20231026:0111,0.0,0.0,0.0,9.55,0.97,0.0
20231026:0211,0.0,0.0,0.0,9.45,1.52,0.0
20231026:0311,0.0,0.0,0.0,9.27,1.93,0.0
20231026:0411,0.0,0.0,0.0,9.09,2.34,0.0
20231026:0511,0.0,0.0,0.0,8.87,2.62,0.0
20231026:0611,0.0,0.0,0.0,8.45,2.55,0.0
20231026:0711,0.0,0.93,1.45,7.82,2.21,0.0
20231026:0811,30384.0,26.89,9.03,7.85,2.07,0.0
20231026:0911,16656.0,18.54,15.43,8.44,2.21,0.0
20231026:1011,28608.0,25.96,20.19,9.03,2.07,0.0
20231026:1111,34800.0,29.67,22.88,9.88,1.93,0.0
20231026:1211,108240.0,68.61,23.21,10.07,1.86,0.0
20231026:1311,110016.0,69.53,21.15,10.21,2.0,0.0
20231026:1411,20808.0,21.32,16.92,10.32,2.21,0.0
20231026:1511,10968.0,14.83,10.92,10.44,1.79,0.0
20231026:1611,0.0,2.78,3.63,10.36,1.24,0.0
20231026:1711,0.0,0.0,0.0,10.14,0.83,0.0
20231026:1811,0.0,0.0,0.0,9.75,1.1,0.0
20231026:1911,0.0,0.0,0.0,9.44,1.17,0.0
20231026:2011,0.0,0.0,0.0,9.04,1.03,0.0
20231026:2111,0.0,0.0,0.0,9.4,0.41,0.0
20231026:2211,0.0,0.0,0.0,9.29,0.28,0.0
20231026:2311,0.0,0.0,0.0,8.89,0.55,0.0
20231027:0011,0.0,0.0,0.0,9.08,0.55,0.0
20231027:0111,0.0,0.0,0.0,9.27,0.62,0.0
20231027:0211,0.0,0.0,0.0,9.09,0.55,0.0
20231027:0311,0.0,0.0,0.0,8.81,0.69,0.0
20231027:0411,0.0,0.0,0.0,8.79,0.83,0.0
20231027:0511,0.0,0.0,0.0,8.46,0.9,0.0
20231027:0611,0.0,0.0,0.0,8.24,1.1,0.0
20231027:0711,0.0,0.0,0.0,7.47,0.83,0.0
20231027:0811,79512.0,53.55,8.74,7.76,0.76,0.0
20231027:0911,27144.0,25.03,15.12,8.31,0.69,0.0
20231027:1011,61728.0,44.5,19.86,9.42,0.69,0.0
20231027:1111,150936.0,89.93,22.54,10.0,0.9,0.0
20231027:1211,36288.0,30.59,22.87,10.48,1.03,0.0
20231027:1311,70320.0,49.14,20.81,10.07,1.59,0.0
20231027:1411,46224.0,36.16,16.59,10.23,2.07,0.0
20231027:1511,25320.0,24.1,10.61,10.31,1.79,0.0
20231027:1611,0.0,2.78,3.33,10.11,1.66,0.0
20231027:1711,0.0,0.0,0.0,9.87,1.72,0.0
20231027:1811,0.0,0.0,0.0,9.79,1.72,0.0
20231027:1911,0.0,0.0,0.0,9.88,2.34,0.0
20231027:2011,0.0,0.0,0.0,9.81,2.41,0.0
20231027:2111,0.0,0.0,0.0,9.45,2.21,0.0
20231027:2211,0.0,0.0,0.0,9.1,2.21,0.0
20231027:2311,0.0,0.0,0.0,8.6,2.14,0.0
20231028:0011,0.0,0.0,0.0,8.24,2.0,0.0
20231028:0111,0.0,0.0,0.0,7.73,2.0,0.0
20231028:0211,0.0,0.0,0.0,7.26,1.86,0.0
20231028:0311,0.0,0.0,0.0,6.88,1.79,0.0
20231028:0411,0.0,0.0,0.0,6.57,1.79,0.0
20231028:0511,0.0,0.0,0.0,7.11,2.07,0.0
20231028:0611,0.0,0.0,0.0,7.26,2.21,0.0
20231028:0711,0.0,0.0,0.0,7.46,2.21,0.0
20231028:0811,41784.0,33.38,8.45,7.77,2.34,0.0
20231028:0911,25608.0,24.1,14.81,8.33,1.79,0.0
20231028:1011,34992.0,29.67,19.54,8.87,2.28,0.0
20231028:1111,156000.0,91.78,22.21,9.12,3.72,0.0
20231028:1211,73920.0,50.99,22.53,10.23,3.86,0.0
20231028:1311,57912.0,42.65,20.48,11.01,3.72,0.0
20231028:1411,246696.0,135.76,16.27,11.03,3.1,0.0
20231028:1511,163320.0,96.09,10.31,11.22,2.97,0.0
20231028:1611,52152.0,41.84,3.04,10.93,2.62,0.0
20231028:1711,0.0,0.0,0.0,10.53,2.9,0.0
20231028:1811,0.0,0.0,0.0,10.08,3.24,0.0
20231028:1911,0.0,0.0,0.0,9.71,3.31,0.0
20231028:2011,0.0,0.0,0.0,9.63,3.45,0.0
20231028:2111,0.0,0.0,0.0,9.5,3.59,0.0
20231028:2211,0.0,0.0,0.0,9.61,3.66,0.0
20231028:2311,0.0,0.0,0.0,9.99,3.72,0.0
20231029:0011,0.0,0.0,0.0,10.19,3.66,0.0
20231029:0111,0.0,0.0,0.0,10.32,3.52,0.0
20231029:0211,0.0,0.0,0.0,10.19,3.24,0.0
20231029:0311,0.0,0.0,0.0,10.12,2.83,0.0
20231029:0411,0.0,0.0,0.0,9.99,1.72,0.0
20231029:0511,0.0,0.0,0.0,9.82,0.55,0.0
20231029:0611,0.0,0.0,0.0,9.41,1.72,0.0
20231029:0711,0.0,0.0,0.0,9.27,2.62,0.0
20231029:0811,38112.0,31.52,8.16,9.58,2.83,0.0
20231029:0911,39672.0,32.45,14.51,10.0,3.1,0.0
20231029:1011,72144.0,50.06,19.22,10.13,3.03,0.0
20231029:1111,234840.0,130.24,21.88,10.43,2.9,0.0
20231029:1211,179016.0,103.84,22.2,11.1,2.97,0.0
20231029:1311,206904.0,117.54,20.15,11.62,2.48,0.0
20231029:1411,254928.0,140.29,15.95,11.97,2.34,0.0
20231029:1511,114888.0,72.44,10.0,11.89,1.59,0.0
20231029:1611,1656.0,7.42,2.75,11.32,1.38,0.0
20231029:1711,0.0,0.0,0.0,9.6,1.24,0.0
20231029:1811,0.0,0.0,0.0,9.89,0.48,0.0
20231029:1911,0.0,0.0,0.0,7.58,1.86,0.0
20231029:2011,0.0,0.0,0.0,7.28,1.93,0.0
20231029:2111,0.0,0.0,0.0,7.2,2.07,0.0
20231029:2211,0.0,0.0,0.0,7.39,2.41,0.0
20231029:2311,0.0,0.0,0.0,7.84,2.55,0.0
20231030:0011,0.0,0.0,0.0,8.18,2.83,0.0
20231030:0111,0.0,0.0,0.0,8.29,2.9,0.0
20231030:0211,0.0,0.0,0.0,8.41,2.97,0.0
20231030:0311,0.0,0.0,0.0,8.43,3.1,0.0
20231030:0411,0.0,0.0,0.0,8.45,3.24,0.0
20231030:0511,0.0,0.0,0.0,8.42,3.52,0.0
20231030:0611,0.0,0.0,0.0,8.39,3.52,0.0
20231030:0711,0.0,0.0,0.0,8.25,2.97,0.0
20231030:0811,79272.0,53.54,7.87,8.36,2.83,0.0
20231030:0911,50016.0,38.01,14.2,8.62,2.69,0.0
20231030:1011,365088.0,189.66,18.9,8.85,3.03,0.0
20231030:1111,303264.0,161.52,21.55,9.24,3.24,0.0
20231030:1211,167184.0,97.35,21.87,9.42,3.45,0.0
20231030:1311,345408.0,181.13,19.83,9.54,3.24,0.0
20231030:1411,56688.0,41.72,15.64,9.36,3.24,0.0
20231030:1511,264216.0,143.4,9.71,9.07,3.38,0.0
20231030:1611,14088.0,17.6,2.46,8.83,3.66,0.0
20231030:1711,0.0,0.0,0.0,8.62,3.52,0.0
20231030:1811,0.0,0.0,0.0,8.55,3.24,0.0
20231030:1911,0.0,0.0,0.0,7.8,2.83,0.0
20231030:2011,0.0,0.0,0.0,7.64,2.76,0.0
20231030:2111,0.0,0.0,0.0,7.7,2.48,0.0
20231030:2211,0.0,0.0,0.0,7.54,2.34,0.0
20231030:2311,0.0,0.0,0.0,7.73,2.41,0.0
20231031:0011,0.0,0.0,0.0,7.79,2.41,0.0
20231031:0111,0.0,0.0,0.0,7.87,2.28,0.0
20231031:0211,0.0,0.0,0.0,7.79,2.14,0.0
20231031:0311,0.0,0.0,0.0,7.87,2.21,0.0
20231031:0411,0.0,0.0,0.0,7.9,2.28,0.0
20231031:0511,0.0,0.0,0.0,7.93,2.48,0.0
20231031:0611,0.0,0.0,0.0,7.88,2.9,0.0
20231031:0711,0.0,0.0,0.0,7.83,2.28,0.0
20231031:0811,24120.0,23.18,7.59,8.05,2.34,0.0
20231031:0911,46704.0,36.16,13.9,8.34,2.48,0.0
20231031:1011,74544.0,50.99,18.58,8.52,3.17,0.0
20231031:1111,109152.0,68.61,21.22,8.67,3.31,0.0
20231031:1211,31824.0,27.81,21.54,8.75,3.45,0.0
20231031:1311,50040.0,38.01,19.51,8.57,3.38,0.0
20231031:1411,124680.0,76.15,15.34,8.44,3.52,0.0
20231031:1511,99960.0,63.86,9.42,8.29,3.59,0.0
20231031:1611,2736.0,8.34,2.19,8.13,3.45,0.0
20231031:1711,0.0,0.0,0.0,8.02,3.1,0.0
20231031:1811,0.0,0.0,0.0,8.01,2.62,0.0
20231031:1911,0.0,0.0,0.0,7.89,2.69,0.0
20231031:2011,0.0,0.0,0.0,7.95,2.76,0.0
20231031:2111,0.0,0.0,0.0,7.98,2.83,0.0
20231031:2211,0.0,0.0,0.0,8.07,2.97,0.0
20231031:2311,0.0,0.0,0.0,8.12,2.48,0.0
20231101:0011,0.0,0.0,0.0,8.16,2.48,0.0
20231101:0111,0.0,0.0,0.0,8.23,2.28,0.0
20231101:0211,0.0,0.0,0.0,8.16,2.55,0.0
20231101:0311,0.0,0.0,0.0,8.13,2.83,0.0
20231101:0411,0.0,0.0,0.0,8.21,3.45,0.0
20231101:0511,0.0,0.0,0.0,8.33,3.86,0.0
20231101:0611,0.0,0.0,0.0,8.62,4.62,0.0
20231101:0711,0.0,0.0,0.0,9.01,4.69,0.0
20231101:0811,16560.0,18.54,7.3,9.56,4.41,0.0
20231101:0911,44520.0,35.23,13.6,10.61,4.97,0.0
20231101:1011,235032.0,130.32,18.27,11.52,5.17,0.0
20231101:1111,464208.0,237.87,20.9,12.12,5.31,0.0
20231101:1211,685944.0,341.17,21.22,12.39,6.07,0.0
20231101:1311,310152.0,166.07,19.19,12.61,6.69,0.0
20231101:1411,204960.0,116.14,15.03,12.4,6.76,0.0
20231101:1511,217824.0,122.28,9.13,11.56,7.1,0.0
20231101:1611,0.0,5.56,1.91,10.44,6.28,0.0
20231101:1711,0.0,0.0,0.0,9.58,5.31,0.0
20231101:1811,0.0,0.0,0.0,8.9,5.03,0.0
20231101:1911,0.0,0.0,0.0,8.74,4.83,0.0
20231101:2011,0.0,0.0,0.0,8.37,4.55,0.0
20231101:2111,0.0,0.0,0.0,7.51,4.21,0.0
20231101:2211,0.0,0.0,0.0,6.52,3.72,0.0
20231101:2311,0.0,0.0,0.0,5.63,3.59,0.0
20231102:0011,0.0,0.0,0.0,5.44,3.59,0.0
20231102:0111,0.0,0.0,0.0,5.53,3.38,0.0
20231102:0211,0.0,0.0,0.0,6.13,3.72,0.0
20231102:0311,0.0,0.0,0.0,7.31,4.55,0.0
20231102:0411,0.0,0.0,0.0,8.1,5.86,0.0
20231102:0511,0.0,0.0,0.0,8.55,5.86,0.0
20231102:0611,0.0,0.0,0.0,8.96,5.17,0.0
20231102:0711,0.0,0.0,0.0,9.09,4.48,0.0
20231102:0811,64176.0,45.79,7.02,9.27,4.07,0.0
20231102:0911,12360.0,15.76,13.31,9.79,4.0,0.0
20231102:1011,34800.0,29.67,17.96,10.13,4.14,0.0
20231102:1111,34728.0,29.67,20.58,10.46,4.28,0.0
20231102:1211,138168.0,83.44,20.9,10.47,5.17,0.0
20231102:1311,283224.0,152.15,18.88,10.27,5.45,0.0
20231102:1411,371184.0,192.22,14.74,10.02,5.93,0.0
20231102:1511,51480.0,38.94,8.84,9.76,6.07,0.0
20231102:1611,792.0,6.49,1.64,9.64,6.07,0.0
20231102:1711,0.0,0.0,0.0,9.27,6.0,0.0
20231102:1811,0.0,0.0,0.0,9.13,6.07,0.0
20231102:1911,0.0,0.0,0.0,9.23,5.86,0.0
20231102:2011,0.0,0.0,0.0,9.29,6.07,0.0
20231102:2111,0.0,0.0,0.0,9.18,6.14,0.0
20231102:2211,0.0,0.0,0.0,9.01,6.21,0.0
20231102:2311,0.0,0.0,0.0,8.99,6.0,0.0
20231103:0011,0.0,0.0,0.0,8.91,5.79,0.0
20231103:0111,0.0,0.0,0.0,8.8,5.86,0.0
20231103:0211,0.0,0.0,0.0,8.73,5.93,0.0
20231103:0311,0.0,0.0,0.0,8.65,5.79,0.0
20231103:0411,0.0,0.0,0.0,8.46,5.45,0.0
20231103:0511,0.0,0.0,0.0,8.21,5.1,0.0
20231103:0611,0.0,0.0,0.0,7.9,4.76,0.0
20231103:0711,0.0,0.0,0.0,8.5,5.17,0.0
20231103:0811,188352.0,107.76,6.74,8.29,4.9,0.0
20231103:0911,536256.0,267.64,13.01,8.77,4.83,0.0
20231103:1011,1064736.0,516.48,17.65,9.54,5.17,0.0
20231103:1111,1215864.0,591.35,20.27,10.32,5.45,0.0
20231103:1211,1443288.0,705.12,20.59,11.08,5.93,0.0
20231103:1311,676344.0,334.79,18.57,11.32,6.0,0.0
20231103:1411,228144.0,126.62,14.44,11.35,5.72,0.0
20231103:1511,151728.0,90.3,8.57,11.09,4.97,0.0
20231103:1611,0.0,2.78,1.38,10.68,4.28,0.0
20231103:1711,0.0,0.0,0.0,10.0,3.79,0.0
20231103:1811,0.0,0.0,0.0,9.43,3.59,0.0
20231103:1911,0.0,0.0,0.0,8.1,3.38,0.0
20231103:2011,0.0,0.0,0.0,7.75,3.31,0.0
20231103:2111,0.0,0.0,0.0,7.37,3.1,0.0
20231103:2211,0.0,0.0,0.0,7.09,2.97,0.0
20231103:2311,0.0,0.0,0.0,7.0,3.24,0.0
20231104:0011,0.0,0.0,0.0,7.12,3.45,0.0
20231104:0111,0.0,0.0,0.0,7.42,3.31,0.0
20231104:0211,0.0,0.0,0.0,7.41,2.69,0.0
20231104:0311,0.0,0.0,0.0,7.32,2.28,0.0
20231104:0411,0.0,0.0,0.0,6.88,2.28,0.0
20231104:0511,0.0,0.0,0.0,6.82,2.48,0.0
20231104:0611,0.0,0.0,0.0,6.49,2.21,0.0
20231104:0711,0.0,0.0,0.0,5.66,2.07,0.0
20231104:0811,32304.0,27.81,6.46,5.94,2.28,0.0
20231104:0911,80736.0,53.77,12.72,6.45,3.03,0.0
20231104:1011,337320.0,175.33,17.35,7.16,3.1,0.0
20231104:1111,588984.0,292.32,19.96,8.3,3.38,0.0
20231104:1211,420624.0,215.29,20.27,9.16,3.93,0.0
20231104:1311,147984.0,88.08,18.27,9.76,4.07,0.0
20231104:1411,46392.0,36.16,14.15,9.72,4.0,0.0
20231104:1511,28584.0,25.96,8.29,9.31,3.93,0.0
20231104:1611,0.0,0.0,0.0,8.9,4.14,0.0
20231104:1711,0.0,0.0,0.0,8.45,4.41,0.0
20231104:1811,0.0,0.0,0.0,8.25,4.62,0.0
20231104:1911,0.0,0.0,0.0,8.07,4.69,0.0
20231104:2011,0.0,0.0,0.0,8.2,5.1,0.0
20231104:2111,0.0,0.0,0.0,8.14,4.97,0.0
20231104:2211,0.0,0.0,0.0,8.29,5.1,0.0
20231104:2311,0.0,0.0,0.0,8.29,5.1,0.0
20231105:0011,0.0,0.0,0.0,8.27,5.24,0.0
20231105:0111,0.0,0.0,0.0,8.26,5.03,0.0
20231105:0211,0.0,0.0,0.0,8.23,5.03,0.0
20231105:0311,0.0,0.0,0.0,8.1,5.03,0.0
20231105:0411,0.0,0.0,0.0,7.9,4.97,0.0
20231105:0511,0.0,0.0,0.0,7.83,4.9,0.0
20231105:0611,0.0,0.0,0.0,7.9,4.97,0.0
20231105:0711,0.0,0.0,0.0,7.9,5.24,0.0
20231105:0811,137592.0,82.94,6.19,7.82,4.76,0.0
20231105:0911,514104.0,256.87,12.43,8.14,4.55,0.0
20231105:1011,742488.0,362.45,17.05,8.58,4.69,0.0
20231105:1111,1451496.0,707.43,19.65,9.06,4.69,0.0
20231105:1211,1428168.0,698.06,19.97,9.84,4.76,0.0
20231105:1311,1363752.0,668.22,17.97,10.39,4.55,0.0
20231105:1411,780672.0,385.07,13.87,10.52,4.07,0.0
20231105:1511,217872.0,122.2,8.03,10.23,3.17,0.0
20231105:1611,0.0,0.0,0.0,9.37,2.76,0.0
20231105:1711,0.0,0.0,0.0,8.05,2.83,0.0
20231105:1811,0.0,0.0,0.0,7.36,2.83,0.0
20231105:1911,0.0,0.0,0.0,6.89,2.83,0.0
20231105:2011,0.0,0.0,0.0,6.55,2.9,0.0
20231105:2111,0.0,0.0,0.0,6.24,2.62,0.0
20231105:2211,0.0,0.0,0.0,5.73,2.55,0.0
20231105:2311,0.0,0.0,0.0,5.55,2.62,0.0
20231106:0011,0.0,0.0,0.0,5.66,2.62,0.0
20231106:0111,0.0,0.0,0.0,5.8,2.62,0.0
20231106:0211,0.0,0.0,0.0,5.91,2.76,0.0
20231106:0311,0.0,0.0,0.0,6.19,2.83,0.0
20231106:0411,0.0,0.0,0.0,6.69,2.97,0.0
20231106:0511,0.0,0.0,0.0,7.12,3.1,0.0
20231106:0611,0.0,0.0,0.0,7.2,3.1,0.0
20231106:0711,0.0,0.0,0.0,6.9,3.03,0.0
20231106:0811,0.0,5.56,5.91,6.95,3.1,0.0
20231106:0911,366696.0,189.28,12.15,7.96,3.31,0.0
20231106:1011,409128.0,209.75,16.75,8.99,3.17,0.0
20231106:1111,362928.0,188.93,19.35,9.83,4.55,0.0
20231106:1211,493440.0,249.15,19.67,10.32,5.52,0.0
20231106:1311,948912.0,462.13,17.68,10.38,5.45,0.0
20231106:1411,275088.0,148.02,13.59,10.21,4.62,0.0
20231106:1511,95400.0,61.93,7.76,9.77,4.9,0.0
20231106:1611,0.0,0.0,0.0,9.07,4.21,0.0
20231106:1711,0.0,0.0,0.0,8.24,4.14,0.0
20231106:1811,0.0,0.0,0.0,8.27,4.28,0.0
20231106:1911,0.0,0.0,0.0,8.39,4.07,0.0
20231106:2011,0.0,0.0,0.0,8.24,4.07,0.0
20231106:2111,0.0,0.0,0.0,8.05,4.21,0.0
20231106:2211,0.0,0.0,0.0,8.05,4.41,0.0
20231106:2311,0.0,0.0,0.0,8.12,4.55,0.0
20231107:0011,0.0,0.0,0.0,8.21,4.55,0.0
20231107:0111,0.0,0.0,0.0,8.45,4.62,0.0
20231107:0211,0.0,0.0,0.0,8.81,4.69,0.0
20231107:0311,0.0,0.0,0.0,8.97,4.69,0.0
20231107:0411,0.0,0.0,0.0,8.83,4.48,0.0
20231107:0511,0.0,0.0,0.0,8.39,4.28,0.0
20231107:0611,0.0,0.0,0.0,8.11,4.14,0.0
20231107:0711,0.0,0.0,0.0,7.79,3.79,0.0
20231107:0811,64632.0,45.9,5.64,7.62,3.72,0.0
20231107:0911,259416.0,139.86,11.86,8.6,4.07,0.0
20231107:1011,1030368.0,501.27,16.46,9.69,4.69,0.0
20231107:1111,327456.0,172.74,19.05,10.26,4.97,0.0
20231107:1211,922920.0,451.42,19.37,10.94,5.17,0.0
20231107:1311,861696.0,422.34,17.39,10.84,4.9,0.0
20231107:1411,679632.0,336.99,13.32,10.79,4.62,0.0
20231107:1511,2664.0,8.34,7.51,10.35,4.28,0.0
20231107:1611,0.0,0.0,0.0,9.56,4.0,0.0
20231107:1711,0.0,0.0,0.0,8.66,3.93,0.0
20231107:1811,0.0,0.0,0.0,7.97,3.79,0.0
20231107:1911,0.0,0.0,0.0,7.53,3.59,0.0
20231107:2011,0.0,0.0,0.0,7.21,3.38,0.0
20231107:2111,0.0,0.0,0.0,6.64,3.1,0.0
20231107:2211,0.0,0.0,0.0,6.31,2.83,0.0
20231107:2311,0.0,0.0,0.0,5.94,2.76,0.0
20231108:0011,0.0,0.0,0.0,6.08,2.83,0.0
20231108:0111,0.0,0.0,0.0,6.45,2.83,0.0
20231108:0211,0.0,0.0,0.0,6.43,2.69,0.0
20231108:0311,0.0,0.0,0.0,6.43,3.03,0.0
20231108:0411,0.0,0.0,0.0,6.35,3.66,0.0
20231108:0511,0.0,0.0,0.0,6.55,4.28,0.0
20231108:0611,0.0,0.0,0.0,6.84,4.9,0.0
20231108:0711,0.0,0.0,0.0,7.23,5.45,0.0
20231108:0811,6096.0,11.13,5.37,7.52,6.48,0.0
20231108:0911,33600.0,28.74,11.58,7.93,6.9,0.0
20231108:1011,102000.0,64.9,16.17,8.58,6.55,0.0
20231108:1111,217968.0,121.23,18.75,9.59,5.79,0.0
20231108:1211,691920.0,339.7,19.08,9.65,5.72,0.0
20231108:1311,581040.0,288.32,17.11,9.54,5.45,0.0
20231108:1411,493488.0,248.23,13.05,9.37,4.83,0.0
20231108:1511,68784.0,48.09,7.26,9.07,4.21,0.0
20231108:1611,0.0,0.0,0.0,8.36,3.66,0.0
20231108:1711,0.0,0.0,0.0,7.57,3.59,0.0
20231108:1811,0.0,0.0,0.0,7.25,3.59,0.0
20231108:1911,0.0,0.0,0.0,7.16,3.79,0.0
20231108:2011,0.0,0.0,0.0,7.09,3.86,0.0
20231108:2111,0.0,0.0,0.0,6.73,3.93,0.0
20231108:2211,0.0,0.0,0.0,6.55,3.93,0.0
20231108:2311,0.0,0.0,0.0,6.62,4.07,0.0
20231109:0011,0.0,0.0,0.0,6.73,4.28,0.0
20231109:0111,0.0,0.0,0.0,6.64,4.28,0.0
20231109:0211,0.0,0.0,0.0,6.36,3.79,0.0
20231109:0311,0.0,0.0,0.0,6.33,3.59,0.0
20231109:0411,0.0,0.0,0.0,5.95,3.24,0.0
20231109:0511,0.0,0.0,0.0,5.29,2.9,0.0
20231109:0611,0.0,0.0,0.0,4.52,2.97,0.0
20231109:0711,0.0,0.0,0.0,4.35,2.97,0.0
20231109:0811,5040.0,10.2,5.11,4.75,3.17,0.0
20231109:0911,63120.0,44.5,11.3,5.49,3.17,0.0
20231109:1011,862032.0,416.64,15.88,6.2,3.17,0.0
20231109:1111,902688.0,437.31,18.46,7.07,3.31,0.0
20231109:1211,990312.0,478.87,18.79,8.15,4.48,0.0
20231109:1311,1229592.0,598.27,16.83,8.58,3.86,0.0
20231109:1411,278664.0,148.85,12.79,8.5,3.1,0.0
20231109:1511,304440.0,162.46,7.01,8.13,2.83,0.0
20231109:1611,0.0,0.0,0.0,7.01,2.69,0.0
20231109:1711,0.0,0.0,0.0,6.08,2.69,0.0
20231109:1811,0.0,0.0,0.0,5.73,2.48,0.0
20231109:1911,0.0,0.0,0.0,5.91,2.41,0.0
20231109:2011,0.0,0.0,0.0,5.12,1.93,0.0
20231109:2111,0.0,0.0,0.0,4.93,1.66,0.0
20231109:2211,0.0,0.0,0.0,5.17,1.52,0.0
20231109:2311,0.0,0.0,0.0,4.58,1.79,0.0
20231110:0011,0.0,0.0,0.0,3.6,1.79,0.0
20231110:0111,0.0,0.0,0.0,2.77,1.72,0.0
20231110:0211,0.0,0.0,0.0,2.87,1.72,0.0
20231110:0311,0.0,0.0,0.0,3.14,1.79,0.0
20231110:0411,0.0,0.0,0.0,3.08,1.93,0.0
20231110:0511,0.0,0.0,0.0,3.47,2.07,0.0
20231110:0611,0.0,0.0,0.0,3.43,2.41,0.0
20231110:0711,0.0,0.0,0.0,2.68,2.62,0.0
20231110:0811,60696.0,43.14,4.84,2.74,3.03,0.0
20231110:0911,712920.0,344.73,11.03,3.96,3.1,0.0
20231110:1011,1094208.0,524.93,15.6,5.41,3.52,0.0
20231110:1111,1326792.0,637.82,18.18,6.6,4.55,0.0
20231110:1211,1282104.0,617.34,18.51,7.34,4.76,0.0
20231110:1311,1239384.0,598.22,16.56,7.73,4.55,0.0
20231110:1411,737208.0,359.75,12.53,7.75,4.21,0.0
20231110:1511,356592.0,186.3,6.77,7.31,3.52,0.0
20231110:1611,0.0,0.0,0.0,6.01,3.24,0.0
20231110:1711,0.0,0.0,0.0,4.54,3.24,0.0
20231110:1811,0.0,0.0,0.0,3.73,3.38,0.0
20231110:1911,0.0,0.0,0.0,3.5,2.9,0.0
20231110:2011,0.0,0.0,0.0,3.1,2.97,0.0
20231110:2111,0.0,0.0,0.0,2.99,2.97,0.0
20231110:2211,0.0,0.0,0.0,2.82,2.9,0.0
20231110:2311,0.0,0.0,0.0,2.72,2.97,0.0
20231111:0011,0.0,0.0,0.0,2.71,2.97,0.0
20231111:0111,0.0,0.0,0.0,2.87,3.03,0.0
20231111:0211,0.0,0.0,0.0,3.2,3.1,0.0
20231111:0311,0.0,0.0,0.0,3.2,3.17,0.0
20231111:0411,0.0,0.0,0.0,3.31,3.52,0.0
20231111:0511,0.0,0.0,0.0,3.47,3.79,0.0
20231111:0611,0.0,0.0,0.0,3.62,3.86,0.0
20231111:0711,0.0,0.0,0.0,4.38,4.0,0.0
20231111:0811,59808.0,43.02,4.58,4.65,3.72,0.0
20231111:0911,572664.0,281.67,10.76,5.51,3.45,0.0
20231111:1011,661032.0,323.07,15.32,6.52,3.17,0.0
20231111:1111,1373376.0,668.64,17.89,7.54,3.52,0.0
20231111:1211,1440432.0,707.24,18.23,8.2,3.17,0.0
20231111:1311,1211928.0,593.31,16.3,8.61,2.97,0.0
20231111:1411,1014000.0,499.51,12.28,8.67,2.21,0.0
20231111:1511,277680.0,150.54,6.54,8.42,1.38,0.0
20231111:1611,0.0,0.0,0.0,7.56,1.31,0.0
20231111:1711,0.0,0.0,0.0,5.1,1.45,0.0
20231111:1811,0.0,0.0,0.0,5.6,0.9,0.0
20231111:1911,0.0,0.0,0.0,6.09,0.41,0.0
20231111:2011,0.0,0.0,0.0,5.16,1.03,0.0
20231111:2111,0.0,0.0,0.0,3.7,1.31,0.0
20231111:2211,0.0,0.0,0.0,4.11,1.1,0.0
20231111:2311,0.0,0.0,0.0,3.95,0.97,0.0
20231112:0011,0.0,0.0,0.0,3.66,1.1,0.0
20231112:0111,0.0,0.0,0.0,4.08,0.69,0.0
20231112:0211,0.0,0.0,0.0,4.08,0.48,0.0
20231112:0311,0.0,0.0,0.0,3.13,1.1,0.0
20231112:0411,0.0,0.0,0.0,1.76,1.45,0.0
20231112:0511,0.0,0.0,0.0,1.84,1.31,0.0
20231112:0611,0.0,0.0,0.0,1.76,1.31,0.0
20231112:0711,0.0,0.0,0.0,1.52,1.86,0.0
20231112:0811,45024.0,34.72,4.32,1.94,1.52,0.0
20231112:0911,87912.0,56.67,10.49,3.11,1.31,0.0
20231112:1011,1172040.0,569.46,15.05,5.35,1.93,0.0
20231112:1111,1219632.0,590.89,17.62,6.78,3.17,0.0
20231112:1211,329544.0,171.74,17.96,7.51,4.21,0.0
20231112:1311,89544.0,58.41,16.03,7.4,4.21,0.0
20231112:1411,73224.0,50.06,12.04,7.31,4.07,0.0
20231112:1511,32136.0,27.81,6.31,6.95,3.38,0.0
20231112:1611,0.0,0.0,0.0,6.53,3.52,0.0
20231112:1711,0.0,0.0,0.0,6.33,3.79,0.0
20231112:1811,0.0,0.0,0.0,6.35,4.07,0.0
20231112:1911,0.0,0.0,0.0,6.77,4.76,0.0
20231112:2011,0.0,0.0,0.0,6.91,4.69,0.0
20231112:2111,0.0,0.0,0.0,7.05,4.41,0.0
20231112:2211,0.0,0.0,0.0,7.18,3.79,0.0
20231112:2311,0.0,0.0,0.0,7.23,3.24,0.0
20231113:0011,0.0,0.0,0.0,7.12,2.83,0.0
20231113:0111,0.0,0.0,0.0,7.04,2.41,0.0
20231113:0211,0.0,0.0,0.0,6.67,2.76,0.0
20231113:0311,0.0,0.0,0.0,6.73,3.1,0.0
20231113:0411,0.0,0.0,0.0,6.76,3.66,0.0
20231113:0511,0.0,0.0,0.0,7.09,4.76,0.0
20231113:0611,0.0,0.0,0.0,7.79,5.66,0.0
20231113:0711,0.0,0.0,0.0,7.94,6.69,0.0
20231113:0811,0.0,3.71,4.07,8.06,7.66,0.0
20231113:0911,208776.0,115.7,10.23,8.39,7.38,0.0
20231113:1011,20856.0,21.32,14.77,10.15,7.03,0.0
20231113:1111,960744.0,463.15,17.34,10.51,9.1,0.0
20231113:1211,437208.0,221.6,17.69,10.02,9.52,0.0
20231113:1311,123840.0,76.02,15.78,9.8,9.86,0.0
20231113:1411,9744.0,13.91,11.8,9.68,10.28,0.0
20231113:1511,81792.0,54.92,6.08,9.58,11.24,0.0
20231113:1611,0.0,0.0,0.0,9.49,12.48,0.0
20231113:1711,0.0,0.0,0.0,9.45,12.55,0.0
20231113:1811,0.0,0.0,0.0,9.36,11.31,0.0
20231113:1911,0.0,0.0,0.0,9.43,9.79,0.0
20231113:2011,0.0,0.0,0.0,9.67,8.9,0.0
20231113:2111,0.0,0.0,0.0,9.77,8.07,0.0
20231113:2211,0.0,0.0,0.0,9.95,7.38,0.0
20231113:2311,0.0,0.0,0.0,9.87,6.76,0.0
20231114:0011,0.0,0.0,0.0,9.8,6.21,0.0
20231114:0111,0.0,0.0,0.0,9.79,5.72,0.0
20231114:0211,0.0,0.0,0.0,9.9,5.45,0.0
20231114:0311,0.0,0.0,0.0,10.06,4.97,0.0
20231114:0411,0.0,0.0,0.0,9.78,4.0,0.0
20231114:0511,0.0,0.0,0.0,9.31,3.31,0.0
20231114:0611,0.0,0.0,0.0,9.14,2.62,0.0
20231114:0711,0.0,0.0,0.0,9.36,2.76,0.0
20231114:0811,0.0,4.64,3.81,9.17,2.21,0.0
20231114:0911,13776.0,16.69,9.96,9.12,2.07,0.0
20231114:1011,15144.0,17.62,14.51,9.45,2.28,0.0
20231114:1111,28488.0,25.96,17.08,9.78,2.0,0.0
20231114:1211,300720.0,160.68,17.43,10.08,2.28,0.0
20231114:1311,320496.0,169.75,15.53,10.23,2.34,0.0
20231114:1411,620352.0,310.92,11.56,10.21,2.14,0.0
20231114:1511,56160.0,41.64,5.87,10.11,1.86,0.0
20231114:1611,0.0,0.0,0.0,9.67,1.59,0.0
20231114:1711,0.0,0.0,0.0,8.64,1.52,0.0
20231114:1811,0.0,0.0,0.0,8.54,1.79,0.0
20231114:1911,0.0,0.0,0.0,8.82,2.97,0.0
20231114:2011,0.0,0.0,0.0,8.99,3.24,0.0
20231114:2111,0.0,0.0,0.0,9.33,3.59,0.0
20231114:2211,0.0,0.0,0.0,9.23,3.93,0.0
20231114:2311,0.0,0.0,0.0,9.09,4.21,0.0
20231115:0011,0.0,0.0,0.0,8.86,4.34,0.0
20231115:0111,0.0,0.0,0.0,8.63,4.48,0.0
20231115:0211,0.0,0.0,0.0,8.63,4.62,0.0
20231115:0311,0.0,0.0,0.0,8.46,4.55,0.0
20231115:0411,0.0,0.0,0.0,8.84,4.83,0.0
20231115:0511,0.0,0.0,0.0,8.94,5.24,0.0
20231115:0611,0.0,0.0,0.0,8.87,5.52,0.0
20231115:0711,0.0,0.0,0.0,9.28,6.0,0.0
20231115:0811,168624.0,100.01,3.56,9.43,6.0,0.0
20231115:0911,445104.0,226.04,9.71,9.58,5.93,0.0
20231115:1011,283776.0,151.51,14.25,9.81,5.72,0.0
20231115:1111,473352.0,239.2,16.81,10.16,5.59,0.0
20231115:1211,455064.0,231.08,17.17,10.45,5.72,0.0
20231115:1311,88272.0,58.41,15.29,10.32,5.17,0.0
20231115:1411,12336.0,15.76,11.33,10.08,4.9,0.0
20231115:1511,1704.0,7.42,5.65,9.64,3.93,0.0
20231115:1611,0.0,0.0,0.0,8.92,2.97,0.0
20231115:1711,0.0,0.0,0.0,8.38,2.28,0.0
20231115:1811,0.0,0.0,0.0,8.17,1.79,0.0
20231115:1911,0.0,0.0,0.0,8.0,1.38,0.0
20231115:2011,0.0,0.0,0.0,7.38,1.38,0.0
20231115:2111,0.0,0.0,0.0,6.8,1.31,0.0
20231115:2211,0.0,0.0,0.0,6.39,0.97,0.0
20231115:2311,0.0,0.0,0.0,6.51,0.69,0.0
20231116:0011,0.0,0.0,0.0,6.32,0.83,0.0
20231116:0111,0.0,0.0,0.0,6.17,1.03,0.0
20231116:0211,0.0,0.0,0.0,5.8,1.31,0.0
20231116:0311,0.0,0.0,0.0,4.79,1.52,0.0
20231116:0411,0.0,0.0,0.0,4.17,1.52,0.0
20231116:0511,0.0,0.0,0.0,4.09,1.59,0.0
20231116:0611,0.0,0.0,0.0,4.05,1.52,0.0
20231116:0711,0.0,0.0,0.0,3.68,1.03,0.0
20231116:0811,21528.0,21.51,3.32,3.85,0.9,0.0
20231116:0911,210240.0,115.49,9.45,4.64,0.69,0.0
20231116:1011,284352.0,150.42,13.99,5.55,0.62,0.0
20231116:1111,363912.0,188.37,16.56,6.77,0.55,0.0
20231116:1211,279096.0,149.37,16.92,7.42,0.83,0.0
20231116:1311,208032.0,116.09,15.05,7.75,0.97,0.0
20231116:1411,160512.0,93.29,11.11,7.81,0.9,0.0
20231116:1511,24168.0,23.18,5.45,7.6,0.97,0.0
20231116:1611,0.0,0.0,0.0,7.2,1.45,0.0
20231116:1711,0.0,0.0,0.0,6.52,1.72,0.0
20231116:1811,0.0,0.0,0.0,6.08,1.79,0.0
20231116:1911,0.0,0.0,0.0,5.75,1.93,0.0
20231116:2011,0.0,0.0,0.0,5.53,2.0,0.0
20231116:2111,0.0,0.0,0.0,5.31,2.0,0.0
20231116:2211,0.0,0.0,0.0,5.29,2.14,0.0
20231116:2311,0.0,0.0,0.0,5.16,1.79,0.0
20231117:0011,0.0,0.0,0.0,4.77,1.72,0.0
20231117:0111,0.0,0.0,0.0,4.26,1.45,0.0
20231117:0211,0.0,0.0,0.0,3.98,1.66,0.0
20231117:0311,0.0,0.0,0.0,3.97,1.93,0.0
20231117:0411,0.0,0.0,0.0,4.02,1.66,0.0
20231117:0511,0.0,0.0,0.0,4.15,1.31,0.0
20231117:0611,0.0,0.0,0.0,4.22,1.31,0.0
20231117:0711,0.0,0.0,0.0,4.16,1.79,0.0
20231117:0811,39696.0,32.21,3.08,3.62,1.72,0.0
20231117:0911,709248.0,348.15,9.21,4.9,1.24,0.0
20231117:1011,1064976.0,521.71,13.74,6.61,1.45,0.0
20231117:1111,1293048.0,639.25,16.31,7.64,1.66,0.0
20231117:1211,1208208.0,598.36,16.68,8.3,1.52,0.0
20231117:1311,839472.0,414.49,14.81,8.63,1.45,0.0
20231117:1411,248736.0,135.51,10.9,8.77,0.83,0.0
20231117:1511,129744.0,79.26,5.25,8.55,0.97,0.0
20231117:1611,0.0,0.0,0.0,7.88,1.66,0.0
20231117:1711,0.0,0.0,0.0,6.95,2.07,0.0
20231117:1811,0.0,0.0,0.0,6.7,2.21,0.0
20231117:1911,0.0,0.0,0.0,5.85,2.14,0.0
20231117:2011,0.0,0.0,0.0,5.65,2.34,0.0
20231117:2111,0.0,0.0,0.0,5.56,2.55,0.0
20231117:2211,0.0,0.0,0.0,5.6,2.55,0.0
20231117:2311,0.0,0.0,0.0,5.53,2.69,0.0
20231118:0011,0.0,0.0,0.0,5.4,3.24,0.0
20231118:0111,0.0,0.0,0.0,5.59,3.59,0.0
20231118:0211,0.0,0.0,0.0,5.88,4.0,0.0
20231118:0311,0.0,0.0,0.0,6.21,4.97,0.0
20231118:0411,0.0,0.0,0.0,6.55,6.48,0.0
20231118:0511,0.0,0.0,0.0,6.79,6.9,0.0
20231118:0611,0.0,0.0,0.0,7.02,6.69,0.0
20231118:0711,0.0,0.0,0.0,6.65,5.31,0.0
20231118:0811,2760.0,8.34,2.84,6.95,4.55,0.0
20231118:0911,95784.0,61.42,8.96,7.69,4.07,0.0
20231118:1011,51720.0,38.94,13.49,8.7,3.86,0.0
20231118:1111,46320.0,36.16,16.06,9.97,4.0,0.0
20231118:1211,305712.0,162.95,16.44,11.09,4.28,0.0
20231118:1311,68064.0,48.21,14.59,11.89,4.41,0.0
20231118:1411,12168.0,15.76,10.69,12.29,4.41,0.0
20231118:1511,9552.0,13.91,5.06,12.33,4.48,0.0
20231118:1611,0.0,0.0,0.0,12.29,4.69,0.0
20231118:1711,0.0,0.0,0.0,12.05,4.83,0.0
20231118:1811,0.0,0.0,0.0,11.69,4.83,0.0
20231118:1911,0.0,0.0,0.0,11.43,4.76,0.0
20231118:2011,0.0,0.0,0.0,11.4,4.83,0.0
20231118:2111,0.0,0.0,0.0,11.25,5.1,0.0
20231118:2211,0.0,0.0,0.0,11.27,5.24,0.0
20231118:2311,0.0,0.0,0.0,11.14,5.45,0.0
20231119:0011,0.0,0.0,0.0,10.91,5.66,0.0
20231119:0111,0.0,0.0,0.0,10.87,5.72,0.0
20231119:0211,0.0,0.0,0.0,10.73,5.79,0.0
20231119:0311,0.0,0.0,0.0,10.53,5.52,0.0
20231119:0411,0.0,0.0,0.0,10.36,5.38,0.0
20231119:0511,0.0,0.0,0.0,10.42,5.31,0.0
20231119:0611,0.0,0.0,0.0,10.26,4.83,0.0
20231119:0711,0.0,0.0,0.0,10.23,4.76,0.0
20231119:0811,0.0,5.56,2.6,10.27,4.48,0.0
20231119:0911,621336.0,310.49,8.72,10.52,4.34,0.0
20231119:1011,433968.0,222.07,13.24,11.0,4.28,0.0
20231119:1111,122520.0,76.02,15.82,11.4,4.21,0.0
20231119:1211,96624.0,63.04,16.2,11.68,3.79,0.0
20231119:1311,91344.0,60.26,14.37,11.29,3.24,0.0
20231119:1411,7128.0,12.05,10.48,11.15,2.83,0.0
20231119:1511,17832.0,19.47,4.87,10.84,2.48,0.0
20231119:1611,0.0,0.0,0.0,10.81,2.62,0.0
20231119:1711,0.0,0.0,0.0,10.92,2.97,0.0
20231119:1811,0.0,0.0,0.0,11.09,3.24,0.0
20231119:1911,0.0,0.0,0.0,11.35,3.66,0.0
20231119:2011,0.0,0.0,0.0,11.44,4.14,0.0
20231119:2111,0.0,0.0,0.0,11.08,4.83,0.0
20231119:2211,0.0,0.0,0.0,10.86,5.38,0.0
20231119:2311,0.0,0.0,0.0,10.61,5.52,0.0
20231120:0011,0.0,0.0,0.0,10.3,5.38,0.0
20231120:0111,0.0,0.0,0.0,9.95,4.97,0.0
20231120:0211,0.0,0.0,0.0,9.63,4.55,0.0
20231120:0311,0.0,0.0,0.0,9.18,4.14,0.0
20231120:0411,0.0,0.0,0.0,8.76,3.66,0.0
20231120:0511,0.0,0.0,0.0,8.51,3.24,0.0
20231120:0611,0.0,0.0,0.0,8.22,2.9,0.0
20231120:0711,0.0,0.0,0.0,8.49,3.03,0.0
20231120:0811,35352.0,30.52,2.37,8.57,3.1,0.0
20231120:0911,221472.0,122.42,8.48,9.12,3.1,0.0
20231120:1011,102984.0,65.71,13.01,9.77,3.1,0.0
20231120:1111,219624.0,122.43,15.58,10.48,3.24,0.0
20231120:1211,107880.0,68.61,15.98,11.12,3.93,0.0
20231120:1311,78816.0,53.77,14.15,11.37,3.93,0.0
20231120:1411,9624.0,13.91,10.29,11.35,3.31,0.0
20231120:1511,47184.0,36.91,4.69,11.28,3.17,0.0
20231120:1611,0.0,0.0,0.0,10.96,3.31,0.0
20231120:1711,0.0,0.0,0.0,10.64,3.79,0.0
20231120:1811,0.0,0.0,0.0,10.53,4.07,0.0
20231120:1911,0.0,0.0,0.0,10.58,4.14,0.0
20231120:2011,0.0,0.0,0.0,10.3,5.31,0.0
20231120:2111,0.0,0.0,0.0,9.76,5.72,0.0
20231120:2211,0.0,0.0,0.0,9.41,6.14,0.0
20231120:2311,0.0,0.0,0.0,9.03,6.48,0.0
20231121:0011,0.0,0.0,0.0,8.78,6.76,0.0
20231121:0111,0.0,0.0,0.0,8.77,7.17,0.0
20231121:0211,0.0,0.0,0.0,8.77,7.45,0.0
20231121:0311,0.0,0.0,0.0,8.55,7.72,0.0
20231121:0411,0.0,0.0,0.0,8.38,7.86,0.0
20231121:0511,0.0,0.0,0.0,8.38,7.79,0.0
20231121:0611,0.0,0.0,0.0,8.52,7.86,0.0
20231121:0711,0.0,0.0,0.0,8.53,6.55,0.0
20231121:0811,792.0,6.49,2.14,8.33,5.86,0.0
20231121:0911,19608.0,20.4,8.25,8.12,5.24,0.0
20231121:1011,564456.0,278.96,12.77,8.1,4.62,0.0
20231121:1111,74544.0,50.99,15.35,8.7,5.38,0.0
20231121:1211,500736.0,250.74,15.76,8.81,4.41,0.0
20231121:1311,116376.0,72.12,13.95,8.85,4.0,0.0
20231121:1411,21024.0,21.32,10.1,8.69,3.24,0.0
20231121:1511,417648.0,217.67,4.52,8.35,2.48,0.0
20231121:1611,0.0,0.0,0.0,7.15,2.21,0.0
20231121:1711,0.0,0.0,0.0,6.63,1.93,0.0
20231121:1811,0.0,0.0,0.0,5.68,1.45,0.0
20231121:1911,0.0,0.0,0.0,3.81,1.31,0.0
20231121:2011,0.0,0.0,0.0,3.27,1.17,0.0
20231121:2111,0.0,0.0,0.0,1.87,1.66,0.0
20231121:2211,0.0,0.0,0.0,2.02,1.86,0.0
20231121:2311,0.0,0.0,0.0,2.67,2.28,0.0
20231122:0011,0.0,0.0,0.0,3.24,2.55,0.0
20231122:0111,0.0,0.0,0.0,4.0,2.69,0.0
20231122:0211,0.0,0.0,0.0,4.45,2.83,0.0
20231122:0311,0.0,0.0,0.0,5.41,3.31,0.0
20231122:0411,0.0,0.0,0.0,6.47,3.79,0.0
20231122:0511,0.0,0.0,0.0,7.34,4.14,0.0
20231122:0611,0.0,0.0,0.0,8.13,4.62,0.0
20231122:0711,0.0,0.0,0.0,8.74,4.97,0.0
20231122:0811,792.0,6.49,1.92,9.32,4.97,0.0
20231122:0911,13728.0,16.69,8.03,9.82,5.17,0.0
20231122:1011,72168.0,50.06,12.54,10.33,5.72,0.0
20231122:1111,258552.0,140.3,15.13,10.68,6.21,0.0
20231122:1211,44424.0,35.23,15.54,11.12,6.76,0.0
20231122:1311,260208.0,141.3,13.75,11.47,6.9,0.0
20231122:1411,47616.0,37.08,9.91,11.72,7.03,0.0
20231122:1511,12240.0,15.76,4.35,11.5,6.9,0.0
20231122:1611,0.0,0.0,0.0,11.03,6.48,0.0
20231122:1711,0.0,0.0,0.0,10.7,6.0,0.0
20231122:1811,0.0,0.0,0.0,10.58,5.66,0.0
20231122:1911,0.0,0.0,0.0,11.64,6.21,0.0
20231122:2011,0.0,0.0,0.0,11.76,6.48,0.0
20231122:2111,0.0,0.0,0.0,11.89,6.97,0.0
20231122:2211,0.0,0.0,0.0,11.61,7.31,0.0
20231122:2311,0.0,0.0,0.0,11.18,7.52,0.0
20231123:0011,0.0,0.0,0.0,11.03,7.45,0.0
20231123:0111,0.0,0.0,0.0,11.09,7.17,0.0
20231123:0211,0.0,0.0,0.0,11.17,6.69,0.0
20231123:0311,0.0,0.0,0.0,11.16,6.07,0.0
20231123:0411,0.0,0.0,0.0,11.27,5.86,0.0
20231123:0511,0.0,0.0,0.0,11.44,5.86,0.0
20231123:0611,0.0,0.0,0.0,11.44,5.66,0.0
20231123:0711,0.0,0.0,0.0,11.84,6.34,0.0
20231123:0811,0.0,1.85,1.7,11.96,6.83,0.0
20231123:0911,88176.0,58.5,7.8,12.02,7.24,0.0
20231123:1011,919848.0,448.82,12.32,12.13,7.66,0.0
20231123:1111,243888.0,134.27,14.91,12.51,8.14,0.0
20231123:1211,205920.0,116.61,15.33,12.84,8.0,0.0
20231123:1311,1019256.0,497.55,13.55,12.88,7.66,0.0
20231123:1411,16248.0,18.54,9.73,12.74,7.79,0.0
20231123:1511,1656.0,7.42,4.19,11.93,8.07,0.0
20231123:1611,0.0,0.0,0.0,10.77,7.66,0.0
20231123:1711,0.0,0.0,0.0,10.05,6.97,0.0
20231123:1811,0.0,0.0,0.0,9.51,6.55,0.0
20231123:1911,0.0,0.0,0.0,8.86,6.69,0.0
20231123:2011,0.0,0.0,0.0,8.5,6.41,0.0
20231123:2111,0.0,0.0,0.0,8.44,6.21,0.0
20231123:2211,0.0,0.0,0.0,8.25,6.0,0.0
20231123:2311,0.0,0.0,0.0,7.93,6.0,0.0
20231124:0011,0.0,0.0,0.0,7.43,5.86,0.0
20231124:0111,0.0,0.0,0.0,6.78,5.59,0.0
20231124:0211,0.0,0.0,0.0,6.24,5.45,0.0
20231124:0311,0.0,0.0,0.0,5.76,5.38,0.0
20231124:0411,0.0,0.0,0.0,5.37,5.31,0.0
20231124:0511,0.0,0.0,0.0,4.95,5.31,0.0
20231124:0611,0.0,0.0,0.0,4.61,5.38,0.0
20231124:0711,0.0,0.0,0.0,4.64,5.38,0.0
20231124:0811,0.0,0.93,1.49,4.41,5.38,0.0
20231124:0911,795768.0,381.97,7.59,4.28,5.45,0.0
20231124:1011,763824.0,364.88,12.1,4.76,5.59,0.0
20231124:1111,931176.0,442.28,14.69,5.24,5.72,0.0
20231124:1211,780888.0,373.27,15.13,5.53,6.07,0.0
20231124:1311,954768.0,453.87,13.36,5.71,6.07,0.0
20231124:1411,690480.0,333.65,9.56,5.62,5.52,0.0
20231124:1511,199104.0,111.37,4.04,5.06,5.38,0.0
20231124:1611,0.0,0.0,0.0,4.15,5.1,0.0
20231124:1711,0.0,0.0,0.0,3.5,4.83,0.0
20231124:1811,0.0,0.0,0.0,3.19,4.55,0.0
20231124:1911,0.0,0.0,0.0,3.54,4.76,0.0
20231124:2011,0.0,0.0,0.0,3.17,4.41,0.0
20231124:2111,0.0,0.0,0.0,2.88,4.34,0.0
20231124:2211,0.0,0.0,0.0,2.49,4.28,0.0
20231124:2311,0.0,0.0,0.0,2.17,4.21,0.0
20231125:0011,0.0,0.0,0.0,1.3,3.93,0.0
20231125:0111,0.0,0.0,0.0,0.56,3.79,0.0
20231125:0211,0.0,0.0,0.0,0.32,3.86,0.0
20231125:0311,0.0,0.0,0.0,0.3,3.93,0.0
20231125:0411,0.0,0.0,0.0,0.22,3.93,0.0
20231125:0511,0.0,0.0,0.0,0.1,3.93,0.0
20231125:0611,0.0,0.0,0.0,0.27,3.93,0.0
20231125:0711,0.0,0.0,0.0,-0.03,3.59,0.0
20231125:0811,0.0,0.0,0.0,-0.04,3.52,0.0
20231125:0911,408384.0,202.4,7.37,0.61,3.52,0.0
20231125:1011,1019736.0,482.0,11.89,1.89,3.24,0.0
20231125:1111,1209744.0,574.89,14.49,3.36,3.52,0.0
20231125:1211,1276560.0,609.78,14.93,4.43,3.66,0.0
20231125:1311,1114992.0,533.11,13.18,4.99,3.66,0.0
20231125:1411,397032.0,200.39,9.4,5.01,3.24,0.0
20231125:1511,5064.0,10.2,3.89,4.28,2.9,0.0
20231125:1611,0.0,0.0,0.0,2.77,2.83,0.0
20231125:1711,0.0,0.0,0.0,1.74,2.83,0.0
20231125:1811,0.0,0.0,0.0,1.28,2.69,0.0
20231125:1911,0.0,0.0,0.0,0.64,2.41,0.0
20231125:2011,0.0,0.0,0.0,0.02,2.28,0.0
20231125:2111,0.0,0.0,0.0,-0.54,2.14,0.0
20231125:2211,0.0,0.0,0.0,-0.96,2.14,0.0
20231125:2311,0.0,0.0,0.0,-1.44,2.0,0.0
20231126:0011,0.0,0.0,0.0,-1.98,1.66,0.0
20231126:0111,0.0,0.0,0.0,-2.15,1.31,0.0
20231126:0211,0.0,0.0,0.0,-2.35,1.17,0.0
20231126:0311,0.0,0.0,0.0,-2.53,1.17,0.0
20231126:0411,0.0,0.0,0.0,-2.4,0.97,0.0
20231126:0511,0.0,0.0,0.0,-1.7,0.69,0.0
20231126:0611,0.0,0.0,0.0,-1.5,0.76,0.0
20231126:0711,0.0,0.0,0.0,-0.11,0.83,0.0
20231126:0811,0.0,0.0,0.0,0.42,0.62,0.0
20231126:0911,195264.0,106.75,7.17,0.64,0.69,0.0
20231126:1011,251424.0,132.6,11.68,1.54,0.97,0.0
20231126:1111,356400.0,181.3,14.29,3.09,1.17,0.0
20231126:1211,141960.0,83.28,14.74,3.9,1.24,0.0
20231126:1311,532392.0,262.75,13.01,4.56,1.38,0.0
20231126:1411,412896.0,208.41,9.24,4.84,1.52,0.0
20231126:1511,93888.0,60.41,3.75,4.52,1.72,0.0
20231126:1611,0.0,0.0,0.0,3.75,2.07,0.0
20231126:1711,0.0,0.0,0.0,2.87,2.14,0.0
20231126:1811,0.0,0.0,0.0,2.55,1.93,0.0
20231126:1911,0.0,0.0,0.0,2.1,1.38,0.0
20231126:2011,0.0,0.0,0.0,1.66,1.52,0.0
20231126:2111,0.0,0.0,0.0,1.53,1.17,0.0
20231126:2211,0.0,0.0,0.0,2.56,0.41,0.0
20231126:2311,0.0,0.0,0.0,2.51,0.41,0.0
20231127:0011,0.0,0.0,0.0,2.24,0.55,0.0
20231127:0111,0.0,0.0,0.0,2.46,0.69,0.0
20231127:0211,0.0,0.0,0.0,2.9,0.55,0.0
20231127:0311,0.0,0.0,0.0,3.2,0.07,0.0
20231127:0411,0.0,0.0,0.0,2.62,1.17,0.0
20231127:0511,0.0,0.0,0.0,2.82,1.52,0.0
20231127:0611,0.0,0.0,0.0,3.15,1.79,0.0
20231127:0711,0.0,0.0,0.0,4.35,2.97,0.0
20231127:0811,0.0,0.0,0.0,4.68,3.45,0.0
20231127:0911,24576.0,23.18,6.96,4.79,3.52,0.0
20231127:1011,1005768.0,480.44,11.48,4.99,3.93,0.0
20231127:1111,54408.0,39.87,14.09,5.28,4.0,0.0
20231127:1211,64944.0,45.43,14.56,5.52,4.55,0.0
20231127:1311,12648.0,15.76,12.84,6.04,4.97,0.0
20231127:1411,4992.0,10.2,9.09,6.19,5.59,0.0
20231127:1511,0.0,2.78,3.62,6.17,5.45,0.0
20231127:1611,0.0,0.0,0.0,5.55,4.97,0.0
20231127:1711,0.0,0.0,0.0,5.53,4.55,0.0
20231127:1811,0.0,0.0,0.0,5.61,4.21,0.0
20231127:1911,0.0,0.0,0.0,5.4,4.76,0.0
20231127:2011,0.0,0.0,0.0,5.23,4.83,0.0
20231127:2111,0.0,0.0,0.0,5.53,4.69,0.0
20231127:2211,0.0,0.0,0.0,5.4,4.48,0.0
20231127:2311,0.0,0.0,0.0,5.07,4.07,0.0
20231128:0011,0.0,0.0,0.0,4.76,3.72,0.0
20231128:0111,0.0,0.0,0.0,4.34,3.45,0.0
20231128:0211,0.0,0.0,0.0,3.78,3.31,0.0
20231128:0311,0.0,0.0,0.0,3.47,3.1,0.0
20231128:0411,0.0,0.0,0.0,2.94,2.97,0.0
20231128:0511,0.0,0.0,0.0,2.86,2.9,0.0
20231128:0611,0.0,0.0,0.0,2.54,2.83,0.0
20231128:0711,0.0,0.0,0.0,2.15,2.69,0.0
20231128:0811,0.0,0.0,0.0,1.72,2.69,0.0
20231128:0911,537960.0,262.73,6.77,1.63,2.62,0.0
20231128:1011,641616.0,309.82,11.29,2.92,2.34,0.0
20231128:1111,203304.0,111.7,13.9,4.07,2.9,0.0
20231128:1211,876264.0,419.59,14.38,4.72,3.31,0.0
20231128:1311,435576.0,217.46,12.68,4.97,3.31,0.0
20231128:1411,102816.0,64.18,8.95,4.81,3.31,0.0
20231128:1511,76704.0,51.59,3.49,4.13,3.1,0.0
20231128:1611,0.0,0.0,0.0,2.75,2.9,0.0
20231128:1711,0.0,0.0,0.0,1.62,2.97,0.0
20231128:1811,0.0,0.0,0.0,0.97,3.17,0.0
20231128:1911,0.0,0.0,0.0,0.81,3.24,0.0
20231128:2011,0.0,0.0,0.0,0.53,3.45,0.0
20231128:2111,0.0,0.0,0.0,0.3,3.59,0.0
20231128:2211,0.0,0.0,0.0,0.08,3.72,0.0
20231128:2311,0.0,0.0,0.0,-0.12,3.72,0.0
20231129:0011,0.0,0.0,0.0,-0.26,3.66,0.0
20231129:0111,0.0,0.0,0.0,-0.44,3.59,0.0
20231129:0211,0.0,0.0,0.0,-0.74,3.38,0.0
20231129:0311,0.0,0.0,0.0,-0.94,3.17,0.0
20231129:0411,0.0,0.0,0.0,-1.34,2.97,0.0
20231129:0511,0.0,0.0,0.0,-1.68,2.9,0.0
20231129:0611,0.0,0.0,0.0,-1.65,2.69,0.0
20231129:0711,0.0,0.0,0.0,-1.84,2.76,0.0
20231129:0811,0.0,0.0,0.0,-1.94,2.76,0.0
20231129:0911,83472.0,53.37,6.57,-1.28,2.76,0.0
20231129:1011,196680.0,106.59,11.1,-0.21,2.55,0.0
20231129:1111,310824.0,158.62,13.72,1.09,2.97,0.0
20231129:1211,1253640.0,593.68,14.21,1.92,3.1,0.0
20231129:1311,865176.0,410.58,12.52,2.32,3.03,0.0
20231129:1411,799008.0,382.13,8.81,2.41,2.76,0.0
20231129:1511,23232.0,22.25,3.37,1.9,2.34,0.0
20231129:1611,0.0,0.0,0.0,0.75,2.34,0.0
20231129:1711,0.0,0.0,0.0,0.02,2.28,0.0
20231129:1811,0.0,0.0,0.0,-0.53,2.21,0.0
20231129:1911,0.0,0.0,0.0,0.27,3.03,0.0
20231129:2011,0.0,0.0,0.0,0.66,2.97,0.0
20231129:2111,0.0,0.0,0.0,0.73,2.97,0.0
20231129:2211,0.0,0.0,0.0,0.82,2.83,0.0
20231129:2311,0.0,0.0,0.0,0.36,2.69,0.0
20231130:0011,0.0,0.0,0.0,-0.04,2.69,0.0
20231130:0111,0.0,0.0,0.0,-0.47,2.69,0.0
20231130:0211,0.0,0.0,0.0,-0.66,2.69,0.0
20231130:0311,0.0,0.0,0.0,-0.9,2.76,0.0
20231130:0411,0.0,0.0,0.0,-0.95,2.76,0.0
20231130:0511,0.0,0.0,0.0,-1.0,2.83,0.0
20231130:0611,0.0,0.0,0.0,-0.74,2.83,0.0
20231130:0711,0.0,0.0,0.0,-0.64,2.97,0.0
20231130:0811,0.0,0.0,0.0,-0.64,2.97,0.0
20231130:0911,280464.0,144.87,6.39,0.06,2.9,0.0
20231130:1011,240024.0,126.68,10.92,1.14,3.1,0.0
20231130:1111,760968.0,362.22,13.55,2.25,3.03,0.0
20231130:1211,100848.0,63.04,14.05,3.01,3.24,0.0
20231130:1311,512328.0,250.17,12.37,3.11,3.38,0.0
20231130:1411,5112.0,10.2,8.68,3.09,3.45,0.0
20231130:1511,888.0,6.49,3.26,2.28,2.69,0.0
20231130:1611,0.0,0.0,0.0,0.81,2.76,0.0
20231130:1711,0.0,0.0,0.0,0.16,2.9,0.0
20231130:1811,0.0,0.0,0.0,-0.32,2.97,0.0
20231130:1911,0.0,0.0,0.0,-0.28,3.1,0.0
20231130:2011,0.0,0.0,0.0,-0.38,3.1,0.0
20231130:2111,0.0,0.0,0.0,-0.36,3.17,0.0
20231130:2211,0.0,0.0,0.0,-0.32,3.31,0.0
20231130:2311,0.0,0.0,0.0,-0.5,3.45,0.0
20231201:0011,0.0,0.0,0.0,-0.4,3.52,0.0
20231201:0111,0.0,0.0,0.0,-0.67,3.59,0.0
20231201:0211,0.0,0.0,0.0,-0.8,3.59,0.0
20231201:0311,0.0,0.0,0.0,-0.87,3.52,0.0
20231201:0411,0.0,0.0,0.0,-0.68,3.31,0.0
20231201:0511,0.0,0.0,0.0,-0.82,3.17,0.0
20231201:0611,0.0,0.0,0.0,-0.86,3.1,0.0
20231201:0711,0.0,0.0,0.0,-1.51,2.97,0.0
20231201:0811,0.0,0.0,0.0,-1.32,2.76,0.0
20231201:0911,98088.0,60.51,6.21,-1.09,2.48,0.0
20231201:1011,515424.0,248.93,10.74,-0.21,2.28,0.0
20231201:1111,184968.0,101.88,13.38,0.79,2.34,0.0
20231201:1211,124728.0,74.15,13.89,1.47,2.34,0.0
20231201:1311,113520.0,68.86,12.23,1.83,2.34,0.0
20231201:1411,72192.0,48.4,8.56,1.49,2.07,0.0
20231201:1511,5208.0,10.2,3.15,0.81,2.07,0.0
20231201:1611,0.0,0.0,0.0,-0.71,2.28,0.0
20231201:1711,0.0,0.0,0.0,-1.55,2.14,0.0
20231201:1811,0.0,0.0,0.0,-1.99,2.07,0.0
20231201:1911,0.0,0.0,0.0,-2.71,1.59,0.0
20231201:2011,0.0,0.0,0.0,-2.52,1.31,0.0
20231201:2111,0.0,0.0,0.0,-2.3,1.03,0.0
20231201:2211,0.0,0.0,0.0,-2.22,1.03,0.0
20231201:2311,0.0,0.0,0.0,-2.18,1.03,0.0
20231202:0011,0.0,0.0,0.0,-2.23,0.9,0.0
20231202:0111,0.0,0.0,0.0,-2.58,0.97,0.0
20231202:0211,0.0,0.0,0.0,-2.81,1.03,0.0
20231202:0311,0.0,0.0,0.0,-3.05,1.1,0.0
20231202:0411,0.0,0.0,0.0,-3.08,0.97,0.0
20231202:0511,0.0,0.0,0.0,-3.27,0.97,0.0
20231202:0611,0.0,0.0,0.0,-3.33,1.1,0.0
20231202:0711,0.0,0.0,0.0,-4.25,1.03,0.0
20231202:0811,0.0,0.0,0.0,-4.42,1.1,0.0
20231202:0911,160224.0,88.65,6.03,-4.5,1.24,0.0
20231202:1011,132552.0,76.2,10.57,-3.69,1.38,0.0
20231202:1111,74928.0,49.14,13.21,-2.51,1.52,0.0
20231202:1211,559416.0,267.4,13.74,-1.49,1.93,0.0
20231202:1311,80016.0,51.92,12.1,-0.99,2.55,0.0
20231202:1411,30096.0,25.96,8.44,-0.3,2.21,0.0
20231202:1511,72.0,5.56,3.05,-0.43,2.28,0.0
20231202:1611,0.0,0.0,0.0,-0.97,2.41,0.0
20231202:1711,0.0,0.0,0.0,-1.76,2.48,0.0
20231202:1811,0.0,0.0,0.0,-1.75,2.48,0.0
20231202:1911,0.0,0.0,0.0,-1.62,2.48,0.0
20231202:2011,0.0,0.0,0.0,-1.55,2.48,0.0
20231202:2111,0.0,0.0,0.0,-1.49,2.48,0.0
20231202:2211,0.0,0.0,0.0,-1.3,2.62,0.0
20231202:2311,0.0,0.0,0.0,-1.12,2.69,0.0
20231203:0011,0.0,0.0,0.0,-0.95,2.76,0.0
20231203:0111,0.0,0.0,0.0,-1.18,2.83,0.0
20231203:0211,0.0,0.0,0.0,-1.31,2.83,0.0
20231203:0311,0.0,0.0,0.0,-1.46,2.69,0.0
20231203:0411,0.0,0.0,0.0,-1.67,2.76,0.0
20231203:0511,0.0,0.0,0.0,-1.81,2.62,0.0
20231203:0611,0.0,0.0,0.0,-1.8,2.34,0.0
20231203:0711,0.0,0.0,0.0,-1.12,2.07,0.0
20231203:0811,0.0,0.0,0.0,-1.03,1.79,0.0
20231203:0911,6480.0,11.13,5.86,-0.91,1.24,0.0
20231203:1011,23664.0,22.25,10.4,-0.33,1.24,0.0
20231203:1111,38304.0,30.59,13.06,0.32,0.83,0.0
20231203:1211,144936.0,83.63,13.6,0.9,0.9,0.0
20231203:1311,55416.0,39.87,11.97,1.29,0.76,0.0
20231203:1411,38064.0,30.59,8.33,1.48,0.76,0.0
20231203:1511,0.0,3.71,2.96,1.15,0.83,0.0
20231203:1611,0.0,0.0,0.0,0.79,1.1,0.0
20231203:1711,0.0,0.0,0.0,0.13,1.31,0.0
20231203:1811,0.0,0.0,0.0,-0.43,1.31,0.0
20231203:1911,0.0,0.0,0.0,-1.41,1.72,0.0
20231203:2011,0.0,0.0,0.0,-1.32,1.93,0.0
20231203:2111,0.0,0.0,0.0,-0.63,2.07,0.0
20231203:2211,0.0,0.0,0.0,-0.77,2.34,0.0
20231203:2311,0.0,0.0,0.0,-0.5,2.41,0.0
20231204:0011,0.0,0.0,0.0,-0.08,2.76,0.0
20231204:0111,0.0,0.0,0.0,0.58,3.1,0.0
20231204:0211,0.0,0.0,0.0,1.19,3.38,0.0
20231204:0311,0.0,0.0,0.0,1.74,3.38,0.0
20231204:0411,0.0,0.0,0.0,2.39,3.24,0.0
20231204:0511,0.0,0.0,0.0,3.01,3.1,0.0
20231204:0611,0.0,0.0,0.0,3.7,3.03,0.0
20231204:0711,0.0,0.0,0.0,4.09,2.76,0.0
20231204:0811,0.0,0.0,0.0,4.26,2.69,0.0
20231204:0911,17064.0,18.54,5.7,4.33,2.55,0.0
20231204:1011,79320.0,52.54,10.25,4.45,2.62,0.0
20231204:1111,63408.0,44.5,12.91,4.51,2.62,0.0
20231204:1211,49320.0,37.08,13.46,4.66,2.62,0.0
20231204:1311,10056.0,13.91,11.86,4.61,2.62,0.0
20231204:1411,3912.0,9.27,8.23,4.6,2.76,0.0
20231204:1511,0.0,2.78,2.88,4.48,2.97,0.0
20231204:1611,0.0,0.0,0.0,4.33,3.1,0.0
20231204:1711,0.0,0.0,0.0,4.28,3.17,0.0
20231204:1811,0.0,0.0,0.0,4.28,3.17,0.0
20231204:1911,0.0,0.0,0.0,5.17,3.45,0.0
20231204:2011,0.0,0.0,0.0,5.24,3.93,0.0
20231204:2111,0.0,0.0,0.0,5.18,4.14,0.0
20231204:2211,0.0,0.0,0.0,5.15,4.21,0.0
20231204:2311,0.0,0.0,0.0,5.08,4.0,0.0
20231205:0011,0.0,0.0,0.0,5.01,3.72,0.0
20231205:0111,0.0,0.0,0.0,5.0,3.45,0.0
20231205:0211,0.0,0.0,0.0,4.95,3.24,0.0
20231205:0311,0.0,0.0,0.0,4.89,3.24,0.0
20231205:0411,0.0,0.0,0.0,4.92,3.38,0.0
20231205:0511,0.0,0.0,0.0,4.97,3.59,0.0
20231205:0611,0.0,0.0,0.0,4.85,3.66,0.0
20231205:0711,0.0,0.0,0.0,5.2,4.41,0.0
20231205:0811,0.0,0.0,0.0,5.02,4.34,0.0
20231205:0911,43968.0,34.15,5.54,4.95,4.34,0.0
20231205:1011,146136.0,84.99,10.09,5.06,4.34,0.0
20231205:1111,1128504.0,537.7,12.77,5.3,4.41,0.0
20231205:1211,982872.0,469.02,13.34,5.58,4.41,0.0
20231205:1311,919128.0,440.02,11.74,5.82,4.28,0.0
20231205:1411,432192.0,216.26,8.14,5.34,4.0,0.0
20231205:1511,24000.0,22.95,2.8,4.77,3.66,0.0
20231205:1611,0.0,0.0,0.0,3.62,3.38,0.0
20231205:1711,0.0,0.0,0.0,3.2,3.17,0.0
20231205:1811,0.0,0.0,0.0,2.67,3.03,0.0
20231205:1911,0.0,0.0,0.0,2.73,2.97,0.0
20231205:2011,0.0,0.0,0.0,2.55,2.76,0.0
20231205:2111,0.0,0.0,0.0,2.53,2.62,0.0
20231205:2211,0.0,0.0,0.0,1.92,2.55,0.0
20231205:2311,0.0,0.0,0.0,1.31,2.48,0.0
20231206:0011,0.0,0.0,0.0,0.85,2.41,0.0
20231206:0111,0.0,0.0,0.0,0.5,2.28,0.0
20231206:0211,0.0,0.0,0.0,-0.1,2.21,0.0
20231206:0311,0.0,0.0,0.0,-0.78,2.07,0.0
20231206:0411,0.0,0.0,0.0,-1.63,2.07,0.0
20231206:0511,0.0,0.0,0.0,-2.4,2.07,0.0
20231206:0611,0.0,0.0,0.0,-2.8,1.93,0.0
20231206:0711,0.0,0.0,0.0,-2.49,1.93,0.0
20231206:0811,0.0,0.0,0.0,-2.75,1.72,0.0
20231206:0911,271632.0,139.98,5.39,-2.46,1.38,0.0
20231206:1011,809760.0,386.88,9.95,-0.24,0.62,0.0
20231206:1111,1090800.0,528.72,12.63,1.59,0.28,0.0
20231206:1211,1158504.0,566.28,13.21,2.78,0.28,0.0
20231206:1311,633264.0,308.46,11.64,3.38,0.97,0.0
20231206:1411,742056.0,359.09,8.05,3.23,1.66,0.0
20231206:1511,40824.0,32.41,2.73,2.19,2.07,0.0
20231206:1611,0.0,0.0,0.0,0.64,2.41,0.0
20231206:1711,0.0,0.0,0.0,-0.02,2.55,0.0
20231206:1811,0.0,0.0,0.0,-0.05,2.83,0.0
20231206:1911,0.0,0.0,0.0,0.41,3.03,0.0
20231206:2011,0.0,0.0,0.0,0.17,3.45,0.0
20231206:2111,0.0,0.0,0.0,0.42,3.72,0.0
20231206:2211,0.0,0.0,0.0,0.69,3.93,0.0
20231206:2311,0.0,0.0,0.0,1.02,4.21,0.0
20231207:0011,0.0,0.0,0.0,1.29,4.41,0.0
20231207:0111,0.0,0.0,0.0,1.47,4.55,0.0
20231207:0211,0.0,0.0,0.0,1.56,4.62,0.0
20231207:0311,0.0,0.0,0.0,1.68,4.83,0.0
20231207:0411,0.0,0.0,0.0,1.97,5.03,0.0
20231207:0511,0.0,0.0,0.0,2.32,5.31,0.0
20231207:0611,0.0,0.0,0.0,2.68,5.72,0.0
20231207:0711,0.0,0.0,0.0,3.68,6.34,0.0
20231207:0811,0.0,0.0,0.0,3.99,6.69,0.0
20231207:0911,6264.0,11.13,5.24,4.15,6.97,0.0
20231207:1011,81768.0,53.66,9.81,4.34,7.17,0.0
20231207:1111,20016.0,20.4,12.51,4.57,7.24,0.0
20231207:1211,30912.0,26.89,13.1,4.89,7.31,0.0
20231207:1311,23016.0,22.25,11.54,5.02,7.31,0.0
20231207:1411,14136.0,16.69,7.97,5.08,7.24,0.0
20231207:1511,0.0,2.78,2.66,5.11,7.1,0.0
20231207:1611,0.0,0.0,0.0,5.06,7.1,0.0
20231207:1711,0.0,0.0,0.0,4.98,7.17,0.0
20231207:1811,0.0,0.0,0.0,4.93,7.1,0.0
20231207:1911,0.0,0.0,0.0,5.0,6.83,0.0
20231207:2011,0.0,0.0,0.0,4.85,6.55,0.0
20231207:2111,0.0,0.0,0.0,4.81,5.79,0.0
20231207:2211,0.0,0.0,0.0,4.81,4.97,0.0
20231207:2311,0.0,0.0,0.0,4.88,4.14,0.0
20231208:0011,0.0,0.0,0.0,4.95,3.45,0.0
20231208:0111,0.0,0.0,0.0,5.13,3.1,0.0
20231208:0211,0.0,0.0,0.0,5.2,2.9,0.0
20231208:0311,0.0,0.0,0.0,5.03,2.76,0.0
20231208:0411,0.0,0.0,0.0,4.91,2.69,0.0
20231208:0511,0.0,0.0,0.0,4.98,2.69,0.0
20231208:0611,0.0,0.0,0.0,4.97,2.76,0.0
20231208:0711,0.0,0.0,0.0,5.0,2.83,0.0
20231208:0811,0.0,0.0,0.0,4.89,2.9,0.0
20231208:0911,17016.0,18.54,5.11,4.91,3.03,0.0
20231208:1011,245112.0,131.09,9.68,5.53,3.24,0.0
20231208:1111,389760.0,197.94,12.38,6.54,3.1,0.0
20231208:1211,264264.0,141.14,12.99,7.59,4.0,0.0
20231208:1311,72864.0,50.06,11.45,8.35,4.21,0.0
20231208:1411,221112.0,121.45,7.9,8.58,4.41,0.0
20231208:1511,0.0,1.85,2.61,8.44,4.34,0.0
20231208:1611,0.0,0.0,0.0,8.01,4.41,0.0
20231208:1711,0.0,0.0,0.0,7.6,4.48,0.0
20231208:1811,0.0,0.0,0.0,7.32,4.62,0.0
20231208:1911,0.0,0.0,0.0,7.04,4.0,0.0
20231208:2011,0.0,0.0,0.0,6.76,4.14,0.0
20231208:2111,0.0,0.0,0.0,6.57,4.28,0.0
20231208:2211,0.0,0.0,0.0,6.47,4.55,0.0
20231208:2311,0.0,0.0,0.0,6.33,4.83,0.0
20231209:0011,0.0,0.0,0.0,6.15,4.69,0.0
20231209:0111,0.0,0.0,0.0,5.91,4.41,0.0
20231209:0211,0.0,0.0,0.0,5.71,4.21,0.0
20231209:0311,0.0,0.0,0.0,5.56,3.86,0.0
20231209:0411,0.0,0.0,0.0,5.11,3.86,0.0
20231209:0511,0.0,0.0,0.0,5.13,4.07,0.0
20231209:0611,0.0,0.0,0.0,5.29,4.14,0.0
20231209:0711,0.0,0.0,0.0,5.68,4.76,0.0
20231209:0811,0.0,0.0,0.0,6.1,5.31,0.0
20231209:0911,36096.0,29.98,4.97,6.69,5.59,0.0
20231209:1011,6120.0,11.13,9.55,7.43,6.07,0.0
20231209:1111,57168.0,41.72,12.27,7.91,6.48,0.0
20231209:1211,41832.0,33.38,12.89,7.81,5.93,0.0
20231209:1311,31968.0,27.81,11.37,8.06,4.48,0.0
20231209:1411,22464.0,22.25,7.83,9.3,6.07,0.0
20231209:1511,39888.0,32.75,2.56,9.65,7.66,0.0
20231209:1611,0.0,0.0,0.0,9.4,8.14,0.0
20231209:1711,0.0,0.0,0.0,8.63,8.83,0.0
20231209:1811,0.0,0.0,0.0,7.88,9.31,0.0
20231209:1911,0.0,0.0,0.0,8.3,9.03,0.0
20231209:2011,0.0,0.0,0.0,8.26,9.59,0.0
20231209:2111,0.0,0.0,0.0,8.13,9.66,0.0
20231209:2211,0.0,0.0,0.0,8.1,9.45,0.0
20231209:2311,0.0,0.0,0.0,8.11,8.97,0.0
20231210:0011,0.0,0.0,0.0,8.13,8.34,0.0
20231210:0111,0.0,0.0,0.0,8.34,7.79,0.0
20231210:0211,0.0,0.0,0.0,8.43,7.59,0.0
20231210:0311,0.0,0.0,0.0,8.53,7.52,0.0
20231210:0411,0.0,0.0,0.0,8.29,7.1,0.0
20231210:0511,0.0,0.0,0.0,8.13,6.55,0.0
20231210:0611,0.0,0.0,0.0,7.6,5.17,0.0
20231210:0711,0.0,0.0,0.0,6.56,4.14,0.0
20231210:0811,0.0,0.0,0.0,6.11,3.1,0.0
20231210:0911,840.0,6.49,4.85,6.03,2.55,0.0
20231210:1011,6168.0,11.13,9.44,6.32,2.14,0.0
20231210:1111,35472.0,29.67,12.16,6.38,2.69,0.0
20231210:1211,12624.0,15.76,12.8,6.4,3.38,0.0
20231210:1311,154224.0,89.32,11.3,6.3,3.59,0.0
20231210:1411,238104.0,128.28,7.77,6.35,3.86,0.0
20231210:1511,0.0,1.85,2.52,6.47,3.72,0.0
20231210:1611,0.0,0.0,0.0,6.63,2.9,0.0
20231210:1711,0.0,0.0,0.0,7.36,4.0,0.0
20231210:1811,0.0,0.0,0.0,7.82,4.55,0.0
20231210:1911,0.0,0.0,0.0,7.09,3.52,0.0
20231210:2011,0.0,0.0,0.0,6.85,2.9,0.0
20231210:2111,0.0,0.0,0.0,6.61,2.69,0.0
20231210:2211,0.0,0.0,0.0,6.69,2.55,0.0
20231210:2311,0.0,0.0,0.0,6.89,2.34,0.0
20231211:0011,0.0,0.0,0.0,6.89,1.79,0.0
20231211:0111,0.0,0.0,0.0,6.72,1.66,0.0
20231211:0211,0.0,0.0,0.0,6.87,4.48,0.0
20231211:0311,0.0,0.0,0.0,6.99,5.03,0.0
20231211:0411,0.0,0.0,0.0,6.88,4.28,0.0
20231211:0511,0.0,0.0,0.0,6.69,3.79,0.0
20231211:0611,0.0,0.0,0.0,6.36,3.45,0.0
20231211:0711,0.0,0.0,0.0,5.07,3.31,0.0
20231211:0811,0.0,0.0,0.0,4.42,3.1,0.0
20231211:0911,272592.0,144.01,4.73,4.09,2.83,0.0
20231211:1011,751656.0,363.12,9.32,4.81,2.69,0.0
20231211:1111,1065360.0,514.93,12.06,5.75,2.34,0.0
20231211:1211,1126704.0,545.65,12.72,6.46,2.62,0.0
20231211:1311,947904.0,460.04,11.23,6.85,2.48,0.0
20231211:1411,741744.0,363.65,7.72,6.84,2.21,0.0
20231211:1511,3864.0,9.27,2.48,6.01,2.0,0.0
20231211:1611,0.0,0.0,0.0,4.85,1.93,0.0
20231211:1711,0.0,0.0,0.0,3.61,1.66,0.0
20231211:1811,0.0,0.0,0.0,2.72,1.31,0.0
20231211:1911,0.0,0.0,0.0,2.09,0.76,0.0
20231211:2011,0.0,0.0,0.0,1.33,0.48,0.0
20231211:2111,0.0,0.0,0.0,0.64,0.48,0.0
20231211:2211,0.0,0.0,0.0,1.02,1.03,0.0
20231211:2311,0.0,0.0,0.0,1.27,1.52,0.0
20231212:0011,0.0,0.0,0.0,1.77,2.0,0.0
20231212:0111,0.0,0.0,0.0,2.55,2.34,0.0
20231212:0211,0.0,0.0,0.0,3.16,2.9,0.0
20231212:0311,0.0,0.0,0.0,4.0,3.52,0.0
20231212:0411,0.0,0.0,0.0,4.74,3.59,0.0
20231212:0511,0.0,0.0,0.0,5.16,3.86,0.0
20231212:0611,0.0,0.0,0.0,5.46,3.59,0.0
20231212:0711,0.0,0.0,0.0,5.89,3.93,0.0
20231212:0811,0.0,0.0,0.0,5.96,3.45,0.0
20231212:0911,16896.0,18.54,4.61,6.03,2.76,0.0
20231212:1011,32256.0,27.81,9.22,6.19,2.34,0.0
20231212:1111,47136.0,36.16,11.97,6.43,1.86,0.0
20231212:1211,16800.0,18.54,12.64,6.84,1.93,0.0
20231212:1311,309888.0,162.15,11.17,6.97,1.72,0.0
20231212:1411,19680.0,20.4,7.68,7.22,1.52,0.0
20231212:1511,816.0,6.49,2.45,7.18,1.17,0.0
20231212:1611,0.0,0.0,0.0,6.86,1.59,0.0
20231212:1711,0.0,0.0,0.0,6.77,1.79,0.0
20231212:1811,0.0,0.0,0.0,6.83,1.86,0.0
20231212:1911,0.0,0.0,0.0,6.65,2.28,0.0
20231212:2011,0.0,0.0,0.0,6.63,2.62,0.0
20231212:2111,0.0,0.0,0.0,6.64,2.97,0.0
20231212:2211,0.0,0.0,0.0,6.77,3.38,0.0
20231212:2311,0.0,0.0,0.0,6.74,3.66,0.0
20231213:0011,0.0,0.0,0.0,6.63,4.14,0.0
20231213:0111,0.0,0.0,0.0,6.74,4.76,0.0
20231213:0211,0.0,0.0,0.0,6.81,5.38,0.0
20231213:0311,0.0,0.0,0.0,6.59,5.79,0.0
20231213:0411,0.0,0.0,0.0,6.13,6.07,0.0
20231213:0511,0.0,0.0,0.0,5.66,6.0,0.0
20231213:0611,0.0,0.0,0.0,5.37,6.14,0.0
20231213:0711,0.0,0.0,0.0,5.28,6.07,0.0
20231213:0811,0.0,0.0,0.0,5.11,6.14,0.0
20231213:0911,260304.0,138.41,4.51,4.98,5.93,0.0
20231213:1011,897096.0,426.61,9.12,5.22,6.14,0.0
20231213:1111,816120.0,389.11,11.89,5.47,5.86,0.0
20231213:1211,1045008.0,494.92,12.57,5.42,5.93,0.0
20231213:1311,786120.0,375.68,11.12,5.4,5.52,0.0
20231213:1411,8712.0,12.98,7.64,5.14,5.17,0.0
20231213:1511,0.0,1.85,2.43,4.93,4.83,0.0
20231213:1611,0.0,0.0,0.0,4.09,3.93,0.0
20231213:1711,0.0,0.0,0.0,3.8,3.59,0.0
20231213:1811,0.0,0.0,0.0,3.37,3.31,0.0
20231213:1911,0.0,0.0,0.0,3.46,2.97,0.0
20231213:2011,0.0,0.0,0.0,2.91,2.69,0.0
20231213:2111,0.0,0.0,0.0,2.62,2.41,0.0
20231213:2211,0.0,0.0,0.0,2.14,2.07,0.0
20231213:2311,0.0,0.0,0.0,1.17,2.14,0.0
20231214:0011,0.0,0.0,0.0,0.81,1.52,0.0
20231214:0111,0.0,0.0,0.0,0.36,1.45,0.0
20231214:0211,0.0,0.0,0.0,0.1,1.66,0.0
20231214:0311,0.0,0.0,0.0,0.41,2.0,0.0
20231214:0411,0.0,0.0,0.0,1.52,2.21,0.0
20231214:0511,0.0,0.0,0.0,2.27,2.69,0.0
20231214:0611,0.0,0.0,0.0,2.57,3.03,0.0
20231214:0711,0.0,0.0,0.0,3.24,3.38,0.0
20231214:0811,0.0,0.0,0.0,3.85,3.52,0.0
20231214:0911,5040.0,10.2,4.41,4.59,3.45,0.0
20231214:1011,185880.0,103.79,9.03,5.61,2.97,0.0
20231214:1111,565056.0,279.15,11.81,6.95,2.48,0.0
20231214:1211,929064.0,452.74,12.51,8.02,2.62,0.0
20231214:1311,213504.0,118.1,11.07,8.55,3.03,0.0
20231214:1411,172584.0,98.64,7.62,8.32,3.03,0.0
20231214:1511,0.0,2.78,2.42,7.76,3.03,0.0
20231214:1611,0.0,0.0,0.0,6.64,2.83,0.0
20231214:1711,0.0,0.0,0.0,5.7,2.76,0.0
20231214:1811,0.0,0.0,0.0,5.17,2.76,0.0
20231214:1911,0.0,0.0,0.0,4.66,2.76,0.0
20231214:2011,0.0,0.0,0.0,4.72,2.83,0.0
20231214:2111,0.0,0.0,0.0,5.07,2.83,0.0
20231214:2211,0.0,0.0,0.0,5.22,2.97,0.0
20231214:2311,0.0,0.0,0.0,5.46,3.1,0.0
20231215:0011,0.0,0.0,0.0,5.56,3.24,0.0
20231215:0111,0.0,0.0,0.0,5.41,3.31,0.0
20231215:0211,0.0,0.0,0.0,5.52,3.31,0.0
20231215:0311,0.0,0.0,0.0,5.54,3.31,0.0
20231215:0411,0.0,0.0,0.0,5.59,3.31,0.0
20231215:0511,0.0,0.0,0.0,5.33,2.83,0.0
20231215:0611,0.0,0.0,0.0,5.06,2.62,0.0
20231215:0711,0.0,0.0,0.0,5.16,2.9,0.0
20231215:0811,0.0,0.0,0.0,4.83,2.69,0.0
20231215:0911,10032.0,13.91,4.31,4.84,2.55,0.0
20231215:1011,158328.0,90.92,8.95,5.56,2.34,0.0
20231215:1111,210096.0,115.99,11.74,7.1,2.34,0.0
20231215:1211,67536.0,47.28,12.46,8.13,2.76,0.0
20231215:1311,56976.0,41.72,11.03,8.3,3.1,0.0
20231215:1411,89136.0,58.17,7.6,8.44,3.17,0.0
20231215:1511,0.0,2.78,2.41,7.71,3.1,0.0
20231215:1611,0.0,0.0,0.0,6.91,3.17,0.0
20231215:1711,0.0,0.0,0.0,6.3,3.66,0.0
20231215:1811,0.0,0.0,0.0,6.64,4.21,0.0
20231215:1911,0.0,0.0,0.0,7.48,4.48,0.0
20231215:2011,0.0,0.0,0.0,8.36,4.9,0.0
20231215:2111,0.0,0.0,0.0,9.07,5.31,0.0
20231215:2211,0.0,0.0,0.0,9.5,5.72,0.0
20231215:2311,0.0,0.0,0.0,9.84,5.93,0.0
20231216:0011,0.0,0.0,0.0,10.04,6.14,0.0
20231216:0111,0.0,0.0,0.0,10.08,6.28,0.0
20231216:0211,0.0,0.0,0.0,9.98,6.34,0.0
20231216:0311,0.0,0.0,0.0,9.8,6.55,0.0
20231216:0411,0.0,0.0,0.0,9.64,6.55,0.0
20231216:0511,0.0,0.0,0.0,9.49,6.34,0.0
20231216:0611,0.0,0.0,0.0,9.39,6.14,0.0
20231216:0711,0.0,0.0,0.0,9.44,5.52,0.0
20231216:0811,0.0,0.0,0.0,9.2,5.66,0.0
20231216:0911,29040.0,26.17,4.23,9.13,6.07,0.0
20231216:1011,353976.0,182.81,8.87,9.32,6.41,0.0
20231216:1111,814872.0,394.76,11.68,9.62,6.83,0.0
20231216:1211,1181688.0,568.38,12.41,9.99,7.38,0.0
20231216:1311,39696.0,32.45,11.0,10.18,7.52,0.0
20231216:1411,2688.0,8.34,7.58,10.18,7.45,0.0
20231216:1511,0.0,1.85,2.42,9.99,7.38,0.0
20231216:1611,0.0,0.0,0.0,9.87,7.17,0.0
20231216:1711,0.0,0.0,0.0,9.83,6.97,0.0
20231216:1811,0.0,0.0,0.0,9.7,6.76,0.0
20231216:1911,0.0,0.0,0.0,9.78,6.83,0.0
20231216:2011,0.0,0.0,0.0,9.72,7.03,0.0
20231216:2111,0.0,0.0,0.0,9.54,7.1,0.0
20231216:2211,0.0,0.0,0.0,9.61,7.03,0.0
20231216:2311,0.0,0.0,0.0,9.83,7.03,0.0
20231217:0011,0.0,0.0,0.0,9.99,7.1,0.0
20231217:0111,0.0,0.0,0.0,9.92,7.1,0.0
20231217:0211,0.0,0.0,0.0,9.75,7.03,0.0
20231217:0311,0.0,0.0,0.0,9.6,6.97,0.0
20231217:0411,0.0,0.0,0.0,9.37,6.83,0.0
20231217:0511,0.0,0.0,0.0,8.92,6.69,0.0
20231217:0611,0.0,0.0,0.0,8.47,6.9,0.0
20231217:0711,0.0,0.0,0.0,8.57,7.1,0.0
20231217:0811,0.0,0.0,0.0,8.66,7.31,0.0
20231217:0911,12456.0,15.76,4.15,8.64,7.45,0.0
20231217:1011,43248.0,34.3,8.8,9.04,7.59,0.0
20231217:1111,99048.0,63.53,11.62,9.58,7.45,0.0
20231217:1211,111600.0,69.9,12.37,9.88,7.31,0.0
20231217:1311,240720.0,131.05,10.98,10.23,7.59,0.0
20231217:1411,17904.0,19.47,7.58,10.43,7.72,0.0
20231217:1511,0.0,1.85,2.42,10.38,7.38,0.0
20231217:1611,0.0,0.0,0.0,10.21,7.1,0.0
20231217:1711,0.0,0.0,0.0,10.09,6.9,0.0
20231217:1811,0.0,0.0,0.0,10.1,6.55,0.0
20231217:1911,0.0,0.0,0.0,10.01,6.21,0.0
20231217:2011,0.0,0.0,0.0,10.13,5.86,0.0
20231217:2111,0.0,0.0,0.0,10.36,5.45,0.0
20231217:2211,0.0,0.0,0.0,10.58,5.17,0.0
20231217:2311,0.0,0.0,0.0,10.82,5.03,0.0
20231218:0011,0.0,0.0,0.0,10.95,4.97,0.0
20231218:0111,0.0,0.0,0.0,11.19,4.76,0.0
20231218:0211,0.0,0.0,0.0,11.21,4.48,0.0
20231218:0311,0.0,0.0,0.0,11.21,4.34,0.0
20231218:0411,0.0,0.0,0.0,11.22,4.34,0.0
20231218:0511,0.0,0.0,0.0,11.22,4.55,0.0
20231218:0611,0.0,0.0,0.0,11.23,4.76,0.0
20231218:0711,0.0,0.0,0.0,11.27,4.69,0.0
20231218:0811,0.0,0.0,0.0,11.43,4.83,0.0
20231218:0911,0.0,3.71,4.07,11.55,4.97,0.0
20231218:1011,39336.0,32.45,8.74,11.71,5.1,0.0
20231218:1111,210240.0,117.83,11.58,11.79,5.31,0.0
20231218:1211,59448.0,43.57,12.34,11.83,5.66,0.0
20231218:1311,49248.0,38.01,10.97,11.81,5.86,0.0
20231218:1411,28200.0,25.96,7.58,11.86,5.93,0.0
20231218:1511,0.0,1.85,2.44,11.86,6.0,0.0
20231218:1611,0.0,0.0,0.0,11.79,5.93,0.0
20231218:1711,0.0,0.0,0.0,11.8,5.72,0.0
20231218:1811,0.0,0.0,0.0,11.81,5.38,0.0
20231218:1911,0.0,0.0,0.0,12.11,4.48,0.0
20231218:2011,0.0,0.0,0.0,11.95,4.21,0.0
20231218:2111,0.0,0.0,0.0,11.6,3.86,0.0
20231218:2211,0.0,0.0,0.0,11.08,3.52,0.0
20231218:2311,0.0,0.0,0.0,10.64,3.24,0.0
20231219:0011,0.0,0.0,0.0,10.16,2.97,0.0
20231219:0111,0.0,0.0,0.0,9.78,2.97,0.0
20231219:0211,0.0,0.0,0.0,9.41,2.83,0.0
20231219:0311,0.0,0.0,0.0,9.17,2.83,0.0
20231219:0411,0.0,0.0,0.0,9.1,2.76,0.0
20231219:0511,0.0,0.0,0.0,9.06,2.83,0.0
20231219:0611,0.0,0.0,0.0,8.85,3.03,0.0
20231219:0711,0.0,0.0,0.0,8.99,2.83,0.0
20231219:0811,0.0,0.0,0.0,8.87,2.97,0.0
20231219:0911,4896.0,10.2,4.01,8.49,3.1,0.0
20231219:1011,50160.0,38.01,8.69,8.08,3.17,0.0
20231219:1111,60648.0,43.57,11.54,7.76,3.38,0.0
20231219:1211,1051920.0,508.43,12.32,7.76,3.72,0.0
20231219:1311,924576.0,447.36,10.96,7.9,3.93,0.0
20231219:1411,394248.0,200.77,7.59,7.84,4.62,0.0
20231219:1511,1752.0,7.42,2.46,7.56,4.76,0.0
20231219:1611,0.0,0.0,0.0,6.54,4.76,0.0
20231219:1711,0.0,0.0,0.0,6.06,4.97,0.0
20231219:1811,0.0,0.0,0.0,5.79,5.03,0.0
20231219:1911,0.0,0.0,0.0,6.18,5.03,0.0
20231219:2011,0.0,0.0,0.0,6.19,5.31,0.0
20231219:2111,0.0,0.0,0.0,6.26,5.66,0.0
20231219:2211,0.0,0.0,0.0,6.22,5.93,0.0
20231219:2311,0.0,0.0,0.0,6.41,6.41,0.0
20231220:0011,0.0,0.0,0.0,6.61,6.9,0.0
20231220:0111,0.0,0.0,0.0,6.74,6.76,0.0
20231220:0211,0.0,0.0,0.0,6.84,6.69,0.0
20231220:0311,0.0,0.0,0.0,7.14,6.76,0.0
20231220:0411,0.0,0.0,0.0,7.54,6.69,0.0
20231220:0511,0.0,0.0,0.0,7.46,6.28,0.0
20231220:0611,0.0,0.0,0.0,7.11,5.93,0.0
20231220:0711,0.0,0.0,0.0,7.13,5.93,0.0
20231220:0811,0.0,0.0,0.0,7.15,5.38,0.0
20231220:0911,0.0,5.56,3.95,7.5,5.38,0.0
20231220:1011,313296.0,163.56,8.64,8.33,5.86,0.0
20231220:1111,49992.0,38.01,11.51,9.04,6.55,0.0
20231220:1211,16560.0,18.54,12.3,9.44,7.31,0.0
20231220:1311,72504.0,50.06,10.96,9.61,8.07,0.0
20231220:1411,380280.0,194.91,7.6,9.5,8.07,0.0
20231220:1511,0.0,5.56,2.49,9.47,7.66,0.0
20231220:1611,0.0,0.0,0.0,9.63,7.45,0.0
20231220:1711,0.0,0.0,0.0,9.78,7.31,0.0
20231220:1811,0.0,0.0,0.0,10.06,7.45,0.0
20231220:1911,0.0,0.0,0.0,10.34,7.24,0.0
20231220:2011,0.0,0.0,0.0,10.38,7.03,0.0
20231220:2111,0.0,0.0,0.0,10.34,6.9,0.0
20231220:2211,0.0,0.0,0.0,10.39,7.03,0.0
20231220:2311,0.0,0.0,0.0,10.44,7.45,0.0
20231221:0011,0.0,0.0,0.0,10.59,8.34,0.0
20231221:0111,0.0,0.0,0.0,10.74,9.31,0.0
20231221:0211,0.0,0.0,0.0,10.79,9.52,0.0
20231221:0311,0.0,0.0,0.0,10.69,9.45,0.0
20231221:0411,0.0,0.0,0.0,10.8,10.34,0.0
20231221:0511,0.0,0.0,0.0,11.05,11.1,0.0
20231221:0611,0.0,0.0,0.0,11.36,11.66,0.0
20231221:0711,0.0,0.0,0.0,11.64,11.93,0.0
20231221:0811,0.0,0.0,0.0,11.87,11.45,0.0
20231221:0911,45624.0,35.87,3.89,11.31,11.1,0.0
20231221:1011,283752.0,150.98,8.6,10.78,10.9,0.0
20231221:1111,874344.0,421.36,11.48,10.66,10.76,0.0
20231221:1211,191856.0,108.41,12.3,10.44,10.55,0.0
20231221:1311,735264.0,356.82,10.97,10.25,10.21,0.0
20231221:1411,560568.0,277.45,7.63,9.88,9.93,0.0
20231221:1511,0.0,2.78,2.53,9.3,9.45,0.0
20231221:1611,0.0,0.0,0.0,8.66,8.83,0.0
20231221:1711,0.0,0.0,0.0,8.11,8.48,0.0
20231221:1811,0.0,0.0,0.0,7.73,8.14,0.0
20231221:1911,0.0,0.0,0.0,7.84,7.66,0.0
20231221:2011,0.0,0.0,0.0,7.53,7.24,0.0
20231221:2111,0.0,0.0,0.0,7.43,6.9,0.0
20231221:2211,0.0,0.0,0.0,7.47,6.83,0.0
20231221:2311,0.0,0.0,0.0,7.51,6.76,0.0
20231222:0011,0.0,0.0,0.0,7.56,6.41,0.0
20231222:0111,0.0,0.0,0.0,7.74,6.0,0.0
20231222:0211,0.0,0.0,0.0,7.69,5.24,0.0
20231222:0311,0.0,0.0,0.0,7.87,4.83,0.0
20231222:0411,0.0,0.0,0.0,7.96,4.62,0.0
20231222:0511,0.0,0.0,0.0,8.4,5.31,0.0
20231222:0611,0.0,0.0,0.0,9.05,6.62,0.0
20231222:0711,0.0,0.0,0.0,9.52,7.03,0.0
20231222:0811,0.0,0.0,0.0,9.47,6.9,0.0
20231222:0911,7224.0,12.05,3.85,9.67,7.24,0.0
20231222:1011,60960.0,43.89,8.57,9.61,7.59,0.0
20231222:1111,165600.0,95.65,11.46,9.58,7.79,0.0
20231222:1211,67176.0,47.28,12.29,9.59,8.0,0.0
20231222:1311,232032.0,126.61,10.99,9.49,7.93,0.0
20231222:1411,308016.0,161.73,7.66,9.49,7.79,0.0
20231222:1511,60864.0,44.12,2.57,9.12,7.66,0.0
20231222:1611,0.0,0.0,0.0,8.36,7.17,0.0
20231222:1711,0.0,0.0,0.0,7.76,6.97,0.0
20231222:1811,0.0,0.0,0.0,7.23,6.28,0.0
20231222:1911,0.0,0.0,0.0,8.99,5.38,0.0
20231222:2011,0.0,0.0,0.0,9.21,4.9,0.0
20231222:2111,0.0,0.0,0.0,9.47,5.45,0.0
20231222:2211,0.0,0.0,0.0,9.53,6.83,0.0
20231222:2311,0.0,0.0,0.0,9.54,7.66,0.0
20231223:0011,0.0,0.0,0.0,9.72,8.83,0.0
20231223:0111,0.0,0.0,0.0,9.92,9.17,0.0
20231223:0211,0.0,0.0,0.0,10.09,9.38,0.0
20231223:0311,0.0,0.0,0.0,9.95,9.31,0.0
20231223:0411,0.0,0.0,0.0,9.65,9.03,0.0
20231223:0511,0.0,0.0,0.0,9.52,8.55,0.0
20231223:0611,0.0,0.0,0.0,9.49,8.0,0.0
20231223:0711,0.0,0.0,0.0,9.8,8.0,0.0
20231223:0811,0.0,0.0,0.0,9.64,7.45,0.0
20231223:0911,3744.0,9.27,3.81,9.92,7.38,0.0
20231223:1011,64320.0,45.78,8.55,10.28,7.45,0.0
20231223:1111,68664.0,48.21,11.46,10.38,7.45,0.0
20231223:1211,187344.0,106.41,12.3,10.5,7.31,0.0
20231223:1311,34728.0,29.67,11.01,10.61,7.31,0.0
20231223:1411,12312.0,15.76,7.7,10.59,7.31,0.0
20231223:1511,0.0,1.85,2.62,10.46,7.38,0.0
20231223:1611,0.0,0.0,0.0,10.2,7.17,0.0
20231223:1711,0.0,0.0,0.0,10.05,6.76,0.0
20231223:1811,0.0,0.0,0.0,10.12,6.62,0.0
20231223:1911,0.0,0.0,0.0,10.12,7.03,0.0
20231223:2011,0.0,0.0,0.0,10.3,6.83,0.0
20231223:2111,0.0,0.0,0.0,10.49,6.69,0.0
20231223:2211,0.0,0.0,0.0,10.81,6.9,0.0
20231223:2311,0.0,0.0,0.0,11.13,6.69,0.0
20231224:0011,0.0,0.0,0.0,11.58,6.48,0.0
20231224:0111,0.0,0.0,0.0,11.91,6.48,0.0
20231224:0211,0.0,0.0,0.0,12.07,6.48,0.0
20231224:0311,0.0,0.0,0.0,12.15,6.69,0.0
20231224:0411,0.0,0.0,0.0,12.09,6.9,0.0
20231224:0511,0.0,0.0,0.0,12.21,6.9,0.0
20231224:0611,0.0,0.0,0.0,12.47,7.1,0.0
20231224:0711,0.0,0.0,0.0,12.67,8.62,0.0
20231224:0811,0.0,0.0,0.0,12.78,9.79,0.0
20231224:0911,9528.0,13.91,3.78,12.91,11.03,0.0
20231224:1011,200952.0,113.54,8.53,13.04,11.86,0.0
20231224:1111,783432.0,382.81,11.45,13.07,12.14,0.0
20231224:1211,81936.0,55.63,12.32,12.99,12.48,0.0
20231224:1311,398784.0,204.58,11.04,12.05,12.14,0.0
20231224:1411,234480.0,128.38,7.75,11.11,11.24,0.0
20231224:1511,0.0,1.85,2.68,10.28,10.9,0.0
20231224:1611,0.0,0.0,0.0,9.85,10.76,0.0
20231224:1711,0.0,0.0,0.0,9.76,10.83,0.0
20231224:1811,0.0,0.0,0.0,9.64,10.83,0.0
20231224:1911,0.0,0.0,0.0,10.02,10.62,0.0
20231224:2011,0.0,0.0,0.0,9.73,10.0,0.0
20231224:2111,0.0,0.0,0.0,9.48,9.24,0.0
20231224:2211,0.0,0.0,0.0,9.25,8.41,0.0
20231224:2311,0.0,0.0,0.0,8.93,7.66,0.0
20231225:0011,0.0,0.0,0.0,8.74,6.69,0.0
20231225:0111,0.0,0.0,0.0,8.68,5.79,0.0
20231225:0211,0.0,0.0,0.0,8.56,5.03,0.0
20231225:0311,0.0,0.0,0.0,8.3,4.28,0.0
20231225:0411,0.0,0.0,0.0,8.38,4.07,0.0
20231225:0511,0.0,0.0,0.0,8.79,4.21,0.0
20231225:0611,0.0,0.0,0.0,8.84,4.0,0.0
20231225:0711,0.0,0.0,0.0,8.46,2.34,0.0
20231225:0811,0.0,0.0,0.0,8.29,2.69,0.0
20231225:0911,2712.0,8.34,3.76,8.55,3.72,0.0
20231225:1011,48312.0,37.08,8.52,8.78,4.76,0.0
20231225:1111,36600.0,30.59,11.46,9.2,5.03,0.0
20231225:1211,49896.0,38.01,12.34,9.26,5.03,0.0
20231225:1311,33336.0,28.74,11.08,9.43,5.66,0.0
20231225:1411,92136.0,59.84,7.8,9.5,6.14,0.0
20231225:1511,0.0,5.56,2.75,9.39,6.34,0.0
20231225:1611,0.0,0.0,0.0,9.21,6.41,0.0
20231225:1711,0.0,0.0,0.0,8.96,6.41,0.0
20231225:1811,0.0,0.0,0.0,8.86,6.69,0.0
20231225:1911,0.0,0.0,0.0,8.6,6.83,0.0
20231225:2011,0.0,0.0,0.0,7.9,6.69,0.0
20231225:2111,0.0,0.0,0.0,7.28,7.03,0.0
20231225:2211,0.0,0.0,0.0,7.07,7.59,0.0
20231225:2311,0.0,0.0,0.0,6.91,8.07,0.0
20231226:0011,0.0,0.0,0.0,6.98,8.21,0.0
20231226:0111,0.0,0.0,0.0,7.14,8.14,0.0
20231226:0211,0.0,0.0,0.0,7.09,8.34,0.0
20231226:0311,0.0,0.0,0.0,6.81,8.07,0.0
20231226:0411,0.0,0.0,0.0,6.68,7.72,0.0
20231226:0511,0.0,0.0,0.0,6.58,6.9,0.0
20231226:0611,0.0,0.0,0.0,6.22,6.0,0.0
20231226:0711,0.0,0.0,0.0,6.09,5.17,0.0
20231226:0811,0.0,0.0,0.0,5.12,4.07,0.0
20231226:0911,191376.0,106.56,3.74,4.03,3.59,0.0
20231226:1011,688440.0,332.07,8.52,4.12,3.31,0.0
20231226:1111,1046760.0,503.73,11.47,5.01,2.48,0.0
20231226:1211,1034424.0,499.93,12.37,6.03,2.48,0.0
20231226:1311,723360.0,352.4,11.13,6.68,2.62,0.0
20231226:1411,240360.0,129.7,7.86,6.78,2.62,0.0
20231226:1511,185304.0,105.37,2.82,6.14,2.55,0.0
20231226:1611,0.0,0.0,0.0,5.1,2.21,0.0
20231226:1711,0.0,0.0,0.0,3.93,1.86,0.0
20231226:1811,0.0,0.0,0.0,2.65,1.66,0.0
20231226:1911,0.0,0.0,0.0,3.78,0.76,0.0
20231226:2011,0.0,0.0,0.0,3.55,0.62,0.0
20231226:2111,0.0,0.0,0.0,1.41,1.66,0.0
20231226:2211,0.0,0.0,0.0,1.52,1.93,0.0
20231226:2311,0.0,0.0,0.0,1.95,2.21,0.0
20231227:0011,0.0,0.0,0.0,2.57,2.69,0.0
20231227:0111,0.0,0.0,0.0,3.02,3.1,0.0
20231227:0211,0.0,0.0,0.0,3.56,3.79,0.0
20231227:0311,0.0,0.0,0.0,4.03,4.62,0.0
20231227:0411,0.0,0.0,0.0,4.32,5.38,0.0
20231227:0511,0.0,0.0,0.0,4.33,6.0,0.0
20231227:0611,0.0,0.0,0.0,4.42,6.48,0.0
20231227:0711,0.0,0.0,0.0,5.1,7.24,0.0
20231227:0811,0.0,0.0,0.0,5.71,7.38,0.0
20231227:0911,0.0,5.56,3.73,6.37,7.72,0.0
20231227:1011,21216.0,21.32,8.52,7.25,7.79,0.0
20231227:1111,15240.0,17.62,11.5,8.44,8.28,0.0
20231227:1211,22440.0,22.25,12.41,9.57,8.62,0.0
20231227:1311,31560.0,27.81,11.19,10.57,8.97,0.0
20231227:1411,9624.0,13.91,7.93,11.42,9.45,0.0
20231227:1511,0.0,1.85,2.9,11.7,9.17,0.0
20231227:1611,0.0,0.0,0.0,11.48,7.93,0.0
20231227:1711,0.0,0.0,0.0,10.24,8.69,0.0
20231227:1811,0.0,0.0,0.0,9.0,8.62,0.0
20231227:1911,0.0,0.0,0.0,7.76,7.66,0.0
20231227:2011,0.0,0.0,0.0,7.46,7.59,0.0
20231227:2111,0.0,0.0,0.0,7.36,8.55,0.0
20231227:2211,0.0,0.0,0.0,7.54,8.41,0.0
20231227:2311,0.0,0.0,0.0,7.11,7.45,0.0
20231228:0011,0.0,0.0,0.0,6.55,7.1,0.0
20231228:0111,0.0,0.0,0.0,7.48,10.07,0.0
20231228:0211,0.0,0.0,0.0,7.31,8.97,0.0
20231228:0311,0.0,0.0,0.0,7.29,8.34,0.0
20231228:0411,0.0,0.0,0.0,7.29,8.55,0.0
20231228:0511,0.0,0.0,0.0,7.34,8.0,0.0
20231228:0611,0.0,0.0,0.0,7.66,7.86,0.0
20231228:0711,0.0,0.0,0.0,7.53,7.52,0.0
20231228:0811,0.0,0.0,0.0,7.52,6.97,0.0
20231228:0911,305448.0,161.34,3.73,7.56,6.97,0.0
20231228:1011,499464.0,248.03,8.53,8.16,7.45,0.0
20231228:1111,134304.0,80.58,11.53,8.92,7.66,0.0
20231228:1211,36624.0,30.59,12.46,9.13,7.86,0.0
20231228:1311,213168.0,117.64,11.25,9.03,8.76,0.0
20231228:1411,236496.0,128.35,8.0,9.05,9.1,0.0
20231228:1511,298680.0,159.47,2.98,8.46,8.34,0.0
20231228:1611,0.0,0.0,0.0,8.08,7.86,0.0
20231228:1711,0.0,0.0,0.0,7.83,7.45,0.0
20231228:1811,0.0,0.0,0.0,7.69,7.45,0.0
20231228:1911,0.0,0.0,0.0,7.88,8.48,0.0
20231228:2011,0.0,0.0,0.0,7.74,8.9,0.0
20231228:2111,0.0,0.0,0.0,7.5,9.24,0.0
20231228:2211,0.0,0.0,0.0,7.37,9.38,0.0
20231228:2311,0.0,0.0,0.0,7.32,9.86,0.0
20231229:0011,0.0,0.0,0.0,7.27,9.93,0.0
20231229:0111,0.0,0.0,0.0,7.07,9.86,0.0
20231229:0211,0.0,0.0,0.0,7.02,9.79,0.0
20231229:0311,0.0,0.0,0.0,6.95,9.72,0.0
20231229:0411,0.0,0.0,0.0,6.81,9.93,0.0
20231229:0511,0.0,0.0,0.0,6.54,9.93,0.0
20231229:0611,0.0,0.0,0.0,6.4,10.07,0.0
20231229:0711,0.0,0.0,0.0,6.95,10.07,0.0
20231229:0811,0.0,0.0,0.0,6.6,9.45,0.0
20231229:0911,840.0,6.49,3.73,6.39,8.9,0.0
20231229:1011,419232.0,209.95,8.55,6.61,8.41,0.0
20231229:1111,399720.0,201.27,11.56,6.95,8.21,0.0
20231229:1211,986016.0,469.78,12.51,7.26,7.03,0.0
20231229:1311,685656.0,330.67,11.32,7.2,8.07,0.0
20231229:1411,491616.0,243.28,8.09,7.04,7.86,0.0
20231229:1511,218064.0,120.45,3.08,6.42,7.1,0.0
20231229:1611,0.0,0.0,0.0,5.71,6.34,0.0
20231229:1711,0.0,0.0,0.0,5.17,5.93,0.0
20231229:1811,0.0,0.0,0.0,5.19,5.45,0.0
20231229:1911,0.0,0.0,0.0,5.24,6.55,0.0
20231229:2011,0.0,0.0,0.0,5.1,6.62,0.0
20231229:2111,0.0,0.0,0.0,5.31,6.62,0.0
20231229:2211,0.0,0.0,0.0,4.88,6.14,0.0
20231229:2311,0.0,0.0,0.0,4.56,5.52,0.0
20231230:0011,0.0,0.0,0.0,4.07,4.9,0.0
20231230:0111,0.0,0.0,0.0,3.44,4.34,0.0
20231230:0211,0.0,0.0,0.0,3.23,4.0,0.0
20231230:0311,0.0,0.0,0.0,2.79,3.45,0.0
20231230:0411,0.0,0.0,0.0,2.45,2.97,0.0
20231230:0511,0.0,0.0,0.0,2.39,2.48,0.0
20231230:0611,0.0,0.0,0.0,2.32,2.14,0.0
20231230:0711,0.0,0.0,0.0,2.19,2.07,0.0
20231230:0811,0.0,0.0,0.0,2.46,2.41,0.0
20231230:0911,5112.0,10.2,3.75,3.01,2.9,0.0
20231230:1011,21648.0,21.32,8.58,3.51,3.52,0.0
20231230:1111,39312.0,31.52,11.61,3.91,4.34,0.0
20231230:1211,44304.0,34.3,12.57,4.33,5.31,0.0
20231230:1311,37416.0,30.59,11.39,5.11,5.31,0.0
20231230:1411,19824.0,20.4,8.18,6.3,5.72,0.0
20231230:1511,0.0,4.64,3.18,7.61,6.28,0.0
20231230:1611,0.0,0.0,0.0,8.44,6.28,0.0
20231230:1711,0.0,0.0,0.0,8.81,5.79,0.0
20231230:1811,0.0,0.0,0.0,8.89,5.79,0.0
20231230:1911,0.0,0.0,0.0,9.54,8.07,0.0
20231230:2011,0.0,0.0,0.0,9.68,7.59,0.0
20231230:2111,0.0,0.0,0.0,9.32,5.72,0.0
20231230:2211,0.0,0.0,0.0,8.76,4.62,0.0
20231230:2311,0.0,0.0,0.0,8.14,4.21,0.0
20231231:0011,0.0,0.0,0.0,7.57,3.72,0.0
20231231:0111,0.0,0.0,0.0,6.98,3.1,0.0
20231231:0211,0.0,0.0,0.0,6.48,2.21,0.0
20231231:0311,0.0,0.0,0.0,5.95,2.14,0.0
20231231:0411,0.0,0.0,0.0,5.77,2.62,0.0
20231231:0511,0.0,0.0,0.0,5.52,2.28,0.0
20231231:0611,0.0,0.0,0.0,4.99,3.03,0.0
20231231:0711,0.0,0.0,0.0,4.27,2.62,0.0
20231231:0811,0.0,0.0,0.0,4.09,2.55,0.0
20231231:0911,63624.0,44.44,3.77,3.59,2.76,0.0
20231231:1011,231648.0,124.06,8.62,3.91,3.31,0.0
20231231:1111,378576.0,191.38,11.66,4.98,3.38,0.0
20231231:1211,231408.0,125.0,12.64,5.69,3.93,0.0
20231231:1311,1075800.0,513.55,11.48,6.03,4.69,0.0
20231231:1411,683136.0,332.53,8.27,6.48,3.93,0.0
20231231:1511,320400.0,169.01,3.28,6.62,3.45,0.0
20231231:1611,0.0,0.0,0.0,5.72,3.45,0.0
20231231:1711,0.0,0.0,0.0,5.55,3.52,0.0
20231231:1811,0.0,0.0,0.0,5.36,3.66,0.0
20231231:1911,0.0,0.0,0.0,6.17,4.07,0.0
20231231:2011,0.0,0.0,0.0,6.22,4.28,0.0
20231231:2111,0.0,0.0,0.0,6.09,4.34,0.0
20231231:2211,0.0,0.0,0.0,6.09,4.34,0.0
20231231:2311,0.0,0.0,0.0,5.99,4.41,0.0

P: PV system power (W)
G(i): Global irradiance on the inclined plane (plane of the array) (W/m2)
H_sun: Sun height (degree)
T2m: 2-m air temperature (degree Celsius)
WS10m: 10-m total wind speed (m/s)
Int: 1 means solar radiation values are reconstructed



PVGIS (c) European Union, 2001-2026