Latitude (decimal degrees):	54.251
Longitude (decimal degrees):	-1.437
Elevation (m):	28
Radiation database:	PVGIS-SARAH3


Slope: 35 deg. 
Azimuth: 0 deg. 
Nominal power of the PV system (c-Si) (kWp):	2600.0
System losses (%):	14.0
time,P,G(i),H_sun,T2m,WS10m,Int
20230101:0011,0.0,0.0,0.0,8.38,3.86,0.0
20230101:0111,0.0,0.0,0.0,8.46,4.55,0.0
20230101:0211,0.0,0.0,0.0,8.21,5.03,0.0
20230101:0311,0.0,0.0,0.0,7.9,5.79,0.0
20230101:0411,0.0,0.0,0.0,7.64,6.55,0.0
20230101:0511,0.0,0.0,0.0,7.57,6.48,0.0
20230101:0611,0.0,0.0,0.0,7.59,6.55,0.0
20230101:0711,0.0,0.0,0.0,6.99,5.86,0.0
20230101:0811,0.0,0.0,0.0,6.79,5.93,0.0
20230101:0911,104702.0,61.78,3.8,6.77,6.0,0.0
20230101:1011,337168.0,162.1,8.67,7.57,6.21,0.0
20230101:1111,1244022.0,549.9,11.74,8.1,6.34,0.0
20230101:1211,1330914.0,588.89,12.74,8.55,6.55,0.0
20230101:1311,1216566.0,539.72,11.59,8.89,6.34,0.0
20230101:1411,781430.0,351.59,8.4,8.83,6.34,0.0
20230101:1511,64558.0,43.16,3.42,8.32,5.24,0.0
20230101:1611,0.0,0.0,0.0,7.52,4.55,0.0
20230101:1711,0.0,0.0,0.0,6.81,4.21,0.0
20230101:1811,0.0,0.0,0.0,6.37,4.34,0.0
20230101:1911,0.0,0.0,0.0,6.93,4.0,0.0
20230101:2011,0.0,0.0,0.0,6.81,3.66,0.0
20230101:2111,0.0,0.0,0.0,6.42,3.24,0.0
20230101:2211,0.0,0.0,0.0,6.22,3.03,0.0
20230101:2311,0.0,0.0,0.0,6.24,2.69,0.0
20230102:0011,0.0,0.0,0.0,6.45,2.62,0.0
20230102:0111,0.0,0.0,0.0,6.24,2.62,0.0
20230102:0211,0.0,0.0,0.0,5.72,2.55,0.0
20230102:0311,0.0,0.0,0.0,5.17,2.62,0.0
20230102:0411,0.0,0.0,0.0,4.96,2.9,0.0
20230102:0511,0.0,0.0,0.0,4.83,2.97,0.0
20230102:0611,0.0,0.0,0.0,3.99,2.62,0.0
20230102:0711,0.0,0.0,0.0,3.34,3.1,0.0
20230102:0811,0.0,0.0,0.0,2.33,2.83,0.0
20230102:0911,295542.0,143.28,3.84,1.44,2.62,0.0
20230102:1011,998192.0,438.36,8.72,1.83,2.48,0.0
20230102:1111,1253902.0,553.05,11.8,3.13,2.48,0.0
20230102:1211,1256034.0,553.79,12.83,4.14,3.1,0.0
20230102:1311,1199978.0,530.01,11.7,4.67,3.17,0.0
20230102:1411,647686.0,291.54,8.52,4.83,3.24,0.0
20230102:1511,143624.0,79.02,3.54,4.38,2.69,0.0
20230102:1611,0.0,0.0,0.0,3.17,2.41,0.0
20230102:1711,0.0,0.0,0.0,1.99,2.21,0.0
20230102:1811,0.0,0.0,0.0,0.71,2.21,0.0
20230102:1911,0.0,0.0,0.0,-0.14,2.34,0.0
20230102:2011,0.0,0.0,0.0,-0.78,2.34,0.0
20230102:2111,0.0,0.0,0.0,-1.33,2.28,0.0
20230102:2211,0.0,0.0,0.0,-1.81,2.34,0.0
20230102:2311,0.0,0.0,0.0,-2.05,2.48,0.0
20230103:0011,0.0,0.0,0.0,-1.99,2.62,0.0
20230103:0111,0.0,0.0,0.0,-1.64,2.76,0.0
20230103:0211,0.0,0.0,0.0,-1.12,3.03,0.0
20230103:0311,0.0,0.0,0.0,-0.8,3.38,0.0
20230103:0411,0.0,0.0,0.0,-0.38,3.66,0.0
20230103:0511,0.0,0.0,0.0,0.21,4.21,0.0
20230103:0611,0.0,0.0,0.0,0.69,4.62,0.0
20230103:0711,0.0,0.0,0.0,0.88,4.97,0.0
20230103:0811,0.0,0.0,0.0,1.72,5.45,0.0
20230103:0911,31382.0,25.6,3.88,3.03,5.93,0.0
20230103:1011,109148.0,63.02,8.78,4.75,6.14,0.0
20230103:1111,106756.0,62.48,11.88,6.18,6.07,0.0
20230103:1211,760448.0,339.79,12.92,7.38,5.72,0.0
20230103:1311,208988.0,108.16,11.8,8.35,5.52,0.0
20230103:1411,56056.0,38.94,8.64,8.75,5.45,0.0
20230103:1511,4082.0,9.27,3.67,8.72,5.03,0.0
20230103:1611,0.0,0.0,0.0,8.43,5.38,0.0
20230103:1711,0.0,0.0,0.0,8.91,5.79,0.0
20230103:1811,0.0,0.0,0.0,9.71,6.0,0.0
20230103:1911,0.0,0.0,0.0,10.2,6.48,0.0
20230103:2011,0.0,0.0,0.0,10.38,6.34,0.0
20230103:2111,0.0,0.0,0.0,10.61,6.0,0.0
20230103:2211,0.0,0.0,0.0,10.96,6.28,0.0
20230103:2311,0.0,0.0,0.0,11.33,7.24,0.0
20230104:0011,0.0,0.0,0.0,11.52,7.86,0.0
20230104:0111,0.0,0.0,0.0,11.72,8.28,0.0
20230104:0211,0.0,0.0,0.0,11.9,8.21,0.0
20230104:0311,0.0,0.0,0.0,11.52,8.14,0.0
20230104:0411,0.0,0.0,0.0,11.31,8.62,0.0
20230104:0511,0.0,0.0,0.0,11.16,8.97,0.0
20230104:0611,0.0,0.0,0.0,10.64,9.03,0.0
20230104:0711,0.0,0.0,0.0,10.39,9.03,0.0
20230104:0811,0.0,0.0,0.0,10.13,9.17,0.0
20230104:0911,366990.0,178.46,3.93,10.0,9.24,0.0
20230104:1011,842504.0,377.72,8.85,10.08,9.17,0.0
20230104:1111,1097148.0,486.32,11.97,10.21,9.17,0.0
20230104:1211,1170650.0,518.03,13.02,10.34,9.45,0.0
20230104:1311,1027806.0,456.55,11.92,10.35,9.17,0.0
20230104:1411,647452.0,294.88,8.76,10.18,8.83,0.0
20230104:1511,278746.0,140.26,3.81,9.84,8.55,0.0
20230104:1611,0.0,0.0,0.0,9.6,8.34,0.0
20230104:1711,0.0,0.0,0.0,9.82,8.14,0.0
20230104:1811,0.0,0.0,0.0,9.78,7.79,0.0
20230104:1911,0.0,0.0,0.0,9.85,7.52,0.0
20230104:2011,0.0,0.0,0.0,9.77,7.31,0.0
20230104:2111,0.0,0.0,0.0,9.74,7.17,0.0
20230104:2211,0.0,0.0,0.0,9.65,6.97,0.0
20230104:2311,0.0,0.0,0.0,9.53,6.62,0.0
20230105:0011,0.0,0.0,0.0,9.27,6.14,0.0
20230105:0111,0.0,0.0,0.0,9.27,5.79,0.0
20230105:0211,0.0,0.0,0.0,9.37,5.31,0.0
20230105:0311,0.0,0.0,0.0,9.37,4.76,0.0
20230105:0411,0.0,0.0,0.0,9.28,4.21,0.0
20230105:0511,0.0,0.0,0.0,9.08,3.66,0.0
20230105:0611,0.0,0.0,0.0,8.84,3.45,0.0
20230105:0711,0.0,0.0,0.0,8.84,2.9,0.0
20230105:0811,0.0,0.0,0.0,8.76,2.97,0.0
20230105:0911,28236.0,24.41,3.99,8.67,2.97,0.0
20230105:1011,67626.0,44.58,8.93,8.75,3.03,0.0
20230105:1111,43212.0,32.45,12.06,9.02,3.31,0.0
20230105:1211,280436.0,139.59,13.13,9.28,4.0,0.0
20230105:1311,63206.0,42.65,12.04,9.71,4.41,0.0
20230105:1411,48230.0,35.23,8.9,10.64,4.9,0.0
20230105:1511,2886.0,8.34,3.95,10.85,5.03,0.0
20230105:1611,0.0,0.0,0.0,10.64,5.38,0.0
20230105:1711,0.0,0.0,0.0,10.28,5.86,0.0
20230105:1811,0.0,0.0,0.0,10.39,6.28,0.0
20230105:1911,0.0,0.0,0.0,10.65,6.62,0.0
20230105:2011,0.0,0.0,0.0,10.92,7.24,0.0
20230105:2111,0.0,0.0,0.0,11.09,7.45,0.0
20230105:2211,0.0,0.0,0.0,10.67,7.03,0.0
20230105:2311,0.0,0.0,0.0,9.2,6.69,0.0
20230106:0011,0.0,0.0,0.0,7.77,5.79,0.0
20230106:0111,0.0,0.0,0.0,7.58,5.93,0.0
20230106:0211,0.0,0.0,0.0,7.48,6.48,0.0
20230106:0311,0.0,0.0,0.0,7.04,6.55,0.0
20230106:0411,0.0,0.0,0.0,6.87,6.62,0.0
20230106:0511,0.0,0.0,0.0,6.76,6.97,0.0
20230106:0611,0.0,0.0,0.0,6.69,7.03,0.0
20230106:0711,0.0,0.0,0.0,6.99,7.24,0.0
20230106:0811,0.0,0.0,0.0,6.98,7.24,0.0
20230106:0911,0.0,5.56,4.05,7.01,6.9,0.0
20230106:1011,41808.0,31.52,9.01,7.45,6.55,0.0
20230106:1111,39910.0,30.59,12.16,8.08,6.28,0.0
20230106:1211,199342.0,104.33,13.24,8.69,5.03,0.0
20230106:1311,100984.0,60.51,12.17,9.05,5.1,0.0
20230106:1411,9204.0,12.98,9.03,9.07,5.17,0.0
20230106:1511,31408.0,26.16,4.09,8.94,4.62,0.0
20230106:1611,0.0,0.0,0.0,8.4,4.21,0.0
20230106:1711,0.0,0.0,0.0,7.64,4.21,0.0
20230106:1811,0.0,0.0,0.0,7.7,4.76,0.0
20230106:1911,0.0,0.0,0.0,7.77,4.83,0.0
20230106:2011,0.0,0.0,0.0,7.52,5.17,0.0
20230106:2111,0.0,0.0,0.0,7.71,5.38,0.0
20230106:2211,0.0,0.0,0.0,8.47,5.72,0.0
20230106:2311,0.0,0.0,0.0,9.64,5.72,0.0
20230107:0011,0.0,0.0,0.0,10.76,6.34,0.0
20230107:0111,0.0,0.0,0.0,11.22,6.62,0.0
20230107:0211,0.0,0.0,0.0,11.12,7.24,0.0
20230107:0311,0.0,0.0,0.0,10.98,7.86,0.0
20230107:0411,0.0,0.0,0.0,11.03,8.28,0.0
20230107:0511,0.0,0.0,0.0,11.05,8.62,0.0
20230107:0611,0.0,0.0,0.0,10.92,8.9,0.0
20230107:0711,0.0,0.0,0.0,10.96,8.34,0.0
20230107:0811,0.0,0.0,0.0,10.73,8.62,0.0
20230107:0911,6474.0,11.13,4.13,10.4,8.55,0.0
20230107:1011,14846.0,16.69,9.1,10.16,8.0,0.0
20230107:1111,29198.0,25.03,12.26,10.01,7.52,0.0
20230107:1211,1125176.0,500.81,13.37,9.97,6.76,0.0
20230107:1311,1161004.0,518.11,12.31,10.21,6.34,0.0
20230107:1411,604396.0,277.65,9.18,10.15,6.07,0.0
20230107:1511,83252.0,52.3,4.24,9.43,5.38,0.0
20230107:1611,0.0,0.0,0.0,8.68,5.59,0.0
20230107:1711,0.0,0.0,0.0,7.94,6.21,0.0
20230107:1811,0.0,0.0,0.0,7.73,6.21,0.0
20230107:1911,0.0,0.0,0.0,7.88,5.52,0.0
20230107:2011,0.0,0.0,0.0,7.25,5.45,0.0
20230107:2111,0.0,0.0,0.0,6.56,6.0,0.0
20230107:2211,0.0,0.0,0.0,6.28,6.97,0.0
20230107:2311,0.0,0.0,0.0,6.42,7.31,0.0
20230108:0011,0.0,0.0,0.0,6.69,7.38,0.0
20230108:0111,0.0,0.0,0.0,7.16,7.59,0.0
20230108:0211,0.0,0.0,0.0,7.1,7.17,0.0
20230108:0311,0.0,0.0,0.0,7.18,6.69,0.0
20230108:0411,0.0,0.0,0.0,7.28,6.21,0.0
20230108:0511,0.0,0.0,0.0,7.19,5.72,0.0
20230108:0611,0.0,0.0,0.0,7.02,5.17,0.0
20230108:0711,0.0,0.0,0.0,6.31,4.83,0.0
20230108:0811,0.0,0.0,0.0,5.98,4.97,0.0
20230108:0911,9412.0,12.98,4.2,5.66,5.17,0.0
20230108:1011,381472.0,179.85,9.19,6.06,5.38,0.0
20230108:1111,279240.0,137.24,12.38,6.5,5.72,0.0
20230108:1211,379470.0,179.31,13.5,6.76,6.83,0.0
20230108:1311,43732.0,32.45,12.45,6.99,6.69,0.0
20230108:1411,187122.0,97.78,9.33,6.4,6.28,0.0
20230108:1511,135330.0,75.49,4.4,6.17,6.07,0.0
20230108:1611,0.0,0.0,0.0,5.59,4.97,0.0
20230108:1711,0.0,0.0,0.0,5.32,4.34,0.0
20230108:1811,0.0,0.0,0.0,4.43,4.07,0.0
20230108:1911,0.0,0.0,0.0,4.26,4.07,0.0
20230108:2011,0.0,0.0,0.0,4.21,4.28,0.0
20230108:2111,0.0,0.0,0.0,4.17,4.48,0.0
20230108:2211,0.0,0.0,0.0,4.2,4.9,0.0
20230108:2311,0.0,0.0,0.0,4.55,4.9,0.0
20230109:0011,0.0,0.0,0.0,4.97,4.55,0.0
20230109:0111,0.0,0.0,0.0,5.25,4.0,0.0
20230109:0211,0.0,0.0,0.0,5.29,3.86,0.0
20230109:0311,0.0,0.0,0.0,5.24,3.86,0.0
20230109:0411,0.0,0.0,0.0,5.26,3.86,0.0
20230109:0511,0.0,0.0,0.0,5.17,3.59,0.0
20230109:0611,0.0,0.0,0.0,5.18,3.45,0.0
20230109:0711,0.0,0.0,0.0,5.53,4.14,0.0
20230109:0811,0.0,0.0,0.0,5.26,4.21,0.0
20230109:0911,33150.0,26.75,4.29,5.22,4.62,0.0
20230109:1011,198770.0,102.57,9.3,5.63,4.97,0.0
20230109:1111,1069068.0,470.53,12.5,6.18,5.38,0.0
20230109:1211,1249066.0,550.39,13.64,6.59,5.24,0.0
20230109:1311,1153334.0,506.14,12.6,6.68,6.55,0.0
20230109:1411,731276.0,326.46,9.49,6.65,6.83,0.0
20230109:1511,264654.0,132.15,4.57,6.47,6.21,0.0
20230109:1611,0.0,0.0,0.0,6.12,6.21,0.0
20230109:1711,0.0,0.0,0.0,5.92,6.28,0.0
20230109:1811,0.0,0.0,0.0,6.04,6.41,0.0
20230109:1911,0.0,0.0,0.0,6.04,6.0,0.0
20230109:2011,0.0,0.0,0.0,6.2,5.66,0.0
20230109:2111,0.0,0.0,0.0,6.09,5.38,0.0
20230109:2211,0.0,0.0,0.0,5.85,5.45,0.0
20230109:2311,0.0,0.0,0.0,5.91,5.38,0.0
20230110:0011,0.0,0.0,0.0,5.62,4.9,0.0
20230110:0111,0.0,0.0,0.0,5.24,4.14,0.0
20230110:0211,0.0,0.0,0.0,4.97,3.59,0.0
20230110:0311,0.0,0.0,0.0,4.81,3.52,0.0
20230110:0411,0.0,0.0,0.0,4.72,3.38,0.0
20230110:0511,0.0,0.0,0.0,4.42,3.59,0.0
20230110:0611,0.0,0.0,0.0,4.49,3.79,0.0
20230110:0711,0.0,0.0,0.0,4.63,4.41,0.0
20230110:0811,0.0,0.0,0.0,4.74,5.1,0.0
20230110:0911,3068.0,8.34,4.38,4.67,6.69,0.0
20230110:1011,23296.0,21.32,9.41,4.82,7.38,0.0
20230110:1111,45838.0,33.38,12.63,5.73,7.24,0.0
20230110:1211,77714.0,49.14,13.78,6.72,6.48,0.0
20230110:1311,75270.0,48.21,12.76,8.01,6.14,0.0
20230110:1411,37856.0,29.67,9.66,9.4,5.79,0.0
20230110:1511,14768.0,16.69,4.74,10.87,6.34,0.0
20230110:1611,0.0,0.0,0.0,11.7,7.52,0.0
20230110:1711,0.0,0.0,0.0,11.91,8.14,0.0
20230110:1811,0.0,0.0,0.0,12.03,8.62,0.0
20230110:1911,0.0,0.0,0.0,12.17,9.59,0.0
20230110:2011,0.0,0.0,0.0,11.42,9.45,0.0
20230110:2111,0.0,0.0,0.0,9.69,8.14,0.0
20230110:2211,0.0,0.0,0.0,9.31,7.66,0.0
20230110:2311,0.0,0.0,0.0,8.64,7.79,0.0
20230111:0011,0.0,0.0,0.0,7.71,7.59,0.0
20230111:0111,0.0,0.0,0.0,7.14,7.31,0.0
20230111:0211,0.0,0.0,0.0,6.6,6.97,0.0
20230111:0311,0.0,0.0,0.0,6.5,7.24,0.0
20230111:0411,0.0,0.0,0.0,6.67,7.38,0.0
20230111:0511,0.0,0.0,0.0,6.46,7.24,0.0
20230111:0611,0.0,0.0,0.0,6.51,7.24,0.0
20230111:0711,0.0,0.0,0.0,6.63,7.31,0.0
20230111:0811,0.0,0.0,0.0,6.72,7.59,0.0
20230111:0911,232076.0,118.2,4.49,6.59,7.66,0.0
20230111:1011,542672.0,247.42,9.53,7.01,8.0,0.0
20230111:1111,1137318.0,499.17,12.76,7.44,7.86,0.0
20230111:1211,1116258.0,491.99,13.93,7.79,6.9,0.0
20230111:1311,125918.0,71.52,12.93,7.34,6.83,0.0
20230111:1411,13650.0,15.76,9.83,6.74,6.83,0.0
20230111:1511,71734.0,46.15,4.91,6.35,6.83,0.0
20230111:1611,0.0,0.0,0.0,5.61,6.76,0.0
20230111:1711,0.0,0.0,0.0,5.2,6.21,0.0
20230111:1811,0.0,0.0,0.0,5.19,6.14,0.0
20230111:1911,0.0,0.0,0.0,5.83,6.41,0.0
20230111:2011,0.0,0.0,0.0,5.84,6.48,0.0
20230111:2111,0.0,0.0,0.0,5.92,6.14,0.0
20230111:2211,0.0,0.0,0.0,6.0,5.86,0.0
20230111:2311,0.0,0.0,0.0,6.18,5.24,0.0
20230112:0011,0.0,0.0,0.0,6.66,4.34,0.0
20230112:0111,0.0,0.0,0.0,7.01,3.72,0.0
20230112:0211,0.0,0.0,0.0,7.37,2.55,0.0
20230112:0311,0.0,0.0,0.0,8.15,3.72,0.0
20230112:0411,0.0,0.0,0.0,8.35,5.03,0.0
20230112:0511,0.0,0.0,0.0,8.27,4.76,0.0
20230112:0611,0.0,0.0,0.0,8.41,4.34,0.0
20230112:0711,0.0,0.0,0.0,7.23,3.31,0.0
20230112:0811,0.0,0.0,0.0,6.63,2.41,0.0
20230112:0911,52832.0,37.06,4.59,6.76,2.97,0.0
20230112:1011,104390.0,61.89,9.65,8.39,3.93,0.0
20230112:1111,65156.0,43.57,12.91,9.5,5.03,0.0
20230112:1211,123578.0,71.3,14.09,10.38,7.03,0.0
20230112:1311,50206.0,36.16,13.1,10.09,8.28,0.0
20230112:1411,815594.0,364.22,10.01,8.63,8.21,0.0
20230112:1511,269230.0,134.44,5.1,7.74,8.41,0.0
20230112:1611,0.0,0.0,0.0,6.95,8.76,0.0
20230112:1711,0.0,0.0,0.0,6.75,8.97,0.0
20230112:1811,0.0,0.0,0.0,6.5,9.38,0.0
20230112:1911,0.0,0.0,0.0,7.22,9.93,0.0
20230112:2011,0.0,0.0,0.0,7.18,10.76,0.0
20230112:2111,0.0,0.0,0.0,7.12,11.17,0.0
20230112:2211,0.0,0.0,0.0,6.63,11.66,0.0
20230112:2311,0.0,0.0,0.0,5.67,11.31,0.0
20230113:0011,0.0,0.0,0.0,5.21,10.9,0.0
20230113:0111,0.0,0.0,0.0,5.77,10.97,0.0
20230113:0211,0.0,0.0,0.0,6.27,11.1,0.0
20230113:0311,0.0,0.0,0.0,6.52,10.83,0.0
20230113:0411,0.0,0.0,0.0,6.52,10.62,0.0
20230113:0511,0.0,0.0,0.0,6.67,10.41,0.0
20230113:0611,0.0,0.0,0.0,6.67,10.0,0.0
20230113:0711,0.0,0.0,0.0,7.06,9.52,0.0
20230113:0811,0.0,0.0,0.0,6.91,9.1,0.0
20230113:0911,86866.0,53.44,4.71,6.77,8.62,0.0
20230113:1011,643292.0,289.5,9.78,7.11,8.28,0.0
20230113:1111,1305616.0,572.58,13.06,7.58,8.0,0.0
20230113:1211,882232.0,391.04,14.26,7.76,7.24,0.0
20230113:1311,818948.0,364.09,13.27,7.91,7.79,0.0
20230113:1411,148382.0,81.36,10.2,7.78,7.66,0.0
20230113:1511,407498.0,193.52,5.28,7.4,6.83,0.0
20230113:1611,0.0,0.0,0.0,7.09,6.55,0.0
20230113:1711,0.0,0.0,0.0,6.45,6.34,0.0
20230113:1811,0.0,0.0,0.0,5.98,6.55,0.0
20230113:1911,0.0,0.0,0.0,6.13,5.52,0.0
20230113:2011,0.0,0.0,0.0,5.8,4.69,0.0
20230113:2111,0.0,0.0,0.0,5.62,4.14,0.0
20230113:2211,0.0,0.0,0.0,5.44,3.59,0.0
20230113:2311,0.0,0.0,0.0,4.94,3.38,0.0
20230114:0011,0.0,0.0,0.0,4.63,3.79,0.0
20230114:0111,0.0,0.0,0.0,4.68,4.48,0.0
20230114:0211,0.0,0.0,0.0,4.95,5.31,0.0
20230114:0311,0.0,0.0,0.0,5.75,6.34,0.0
20230114:0411,0.0,0.0,0.0,6.42,6.97,0.0
20230114:0511,0.0,0.0,0.0,6.59,6.97,0.0
20230114:0611,0.0,0.0,0.0,6.77,6.76,0.0
20230114:0711,0.0,0.0,0.0,7.97,5.86,0.0
20230114:0811,0.0,0.0,0.0,8.38,4.83,0.0
20230114:0911,19604.0,19.47,4.83,8.62,4.69,0.0
20230114:1011,148616.0,81.71,9.92,8.25,5.66,0.0
20230114:1111,1313806.0,579.22,13.22,7.69,6.55,0.0
20230114:1211,1429428.0,626.93,14.43,7.23,7.45,0.0
20230114:1311,1215812.0,531.15,13.46,6.5,7.59,0.0
20230114:1411,933972.0,409.9,10.39,5.78,7.66,0.0
20230114:1511,523822.0,240.28,5.48,5.1,8.07,0.0
20230114:1611,0.0,0.0,0.0,4.58,7.79,0.0
20230114:1711,0.0,0.0,0.0,4.45,8.0,0.0
20230114:1811,0.0,0.0,0.0,4.25,8.21,0.0
20230114:1911,0.0,0.0,0.0,4.3,8.76,0.0
20230114:2011,0.0,0.0,0.0,4.44,9.31,0.0
20230114:2111,0.0,0.0,0.0,4.59,9.72,0.0
20230114:2211,0.0,0.0,0.0,4.43,10.21,0.0
20230114:2311,0.0,0.0,0.0,4.23,10.69,0.0
20230115:0011,0.0,0.0,0.0,4.0,10.76,0.0
20230115:0111,0.0,0.0,0.0,3.96,10.69,0.0
20230115:0211,0.0,0.0,0.0,3.87,10.9,0.0
20230115:0311,0.0,0.0,0.0,3.72,11.03,0.0
20230115:0411,0.0,0.0,0.0,3.51,10.97,0.0
20230115:0511,0.0,0.0,0.0,3.08,10.21,0.0
20230115:0611,0.0,0.0,0.0,2.98,9.03,0.0
20230115:0711,0.0,0.0,0.0,3.44,7.1,0.0
20230115:0811,0.0,0.0,0.0,3.88,5.66,0.0
20230115:0911,346762.0,166.25,4.96,4.27,4.76,0.0
20230115:1011,653692.0,293.05,10.07,4.78,4.41,0.0
20230115:1111,1304576.0,575.81,13.38,5.48,4.14,0.0
20230115:1211,1372904.0,610.2,14.61,6.18,3.66,0.0
20230115:1311,1290432.0,573.41,13.65,6.46,3.72,0.0
20230115:1411,695656.0,313.7,10.58,6.42,3.45,0.0
20230115:1511,121576.0,69.18,5.68,5.86,3.03,0.0
20230115:1611,0.0,0.0,0.0,4.68,2.9,0.0
20230115:1711,0.0,0.0,0.0,3.7,2.55,0.0
20230115:1811,0.0,0.0,0.0,2.86,2.07,0.0
20230115:1911,0.0,0.0,0.0,1.51,1.72,0.0
20230115:2011,0.0,0.0,0.0,0.55,1.66,0.0
20230115:2111,0.0,0.0,0.0,-0.25,1.79,0.0
20230115:2211,0.0,0.0,0.0,-0.42,1.59,0.0
20230115:2311,0.0,0.0,0.0,0.24,1.03,0.0
20230116:0011,0.0,0.0,0.0,0.82,0.48,0.0
20230116:0111,0.0,0.0,0.0,-0.73,1.24,0.0
20230116:0211,0.0,0.0,0.0,-1.48,1.79,0.0
20230116:0311,0.0,0.0,0.0,-1.36,2.14,0.0
20230116:0411,0.0,0.0,0.0,-0.27,2.76,0.0
20230116:0511,0.0,0.0,0.0,0.1,3.31,0.0
20230116:0611,0.0,0.0,0.0,0.3,3.66,0.0
20230116:0711,0.0,0.0,0.0,-0.2,4.0,0.0
20230116:0811,0.0,0.0,0.0,0.13,4.83,0.0
20230116:0911,73632.0,46.08,5.09,0.47,5.59,0.0
20230116:1011,174122.0,90.32,10.22,0.77,4.83,0.0
20230116:1111,703638.0,308.0,13.55,0.86,4.69,0.0
20230116:1211,1448252.0,624.43,14.8,1.08,4.9,0.0
20230116:1311,1408108.0,608.29,13.85,1.15,4.55,0.0
20230116:1411,1084824.0,470.65,10.79,1.02,3.72,0.0
20230116:1511,456924.0,209.23,5.88,0.46,3.52,0.0
20230116:1611,0.0,0.0,0.0,-0.81,3.24,0.0
20230116:1711,0.0,0.0,0.0,-2.02,2.97,0.0
20230116:1811,0.0,0.0,0.0,-2.62,2.9,0.0
20230116:1911,0.0,0.0,0.0,-2.97,2.62,0.0
20230116:2011,0.0,0.0,0.0,-3.25,2.55,0.0
20230116:2111,0.0,0.0,0.0,-3.46,2.55,0.0
20230116:2211,0.0,0.0,0.0,-3.63,2.48,0.0
20230116:2311,0.0,0.0,0.0,-3.86,2.41,0.0
20230117:0011,0.0,0.0,0.0,-4.05,2.41,0.0
20230117:0111,0.0,0.0,0.0,-4.21,2.41,0.0
20230117:0211,0.0,0.0,0.0,-4.35,2.34,0.0
20230117:0311,0.0,0.0,0.0,-4.48,2.41,0.0
20230117:0411,0.0,0.0,0.0,-4.39,2.55,0.0
20230117:0511,0.0,0.0,0.0,-4.2,2.69,0.0
20230117:0611,0.0,0.0,0.0,-3.99,2.76,0.0
20230117:0711,0.0,0.0,0.0,-4.04,2.76,0.0
20230117:0811,0.0,0.0,0.0,-4.0,2.76,0.0
20230117:0911,489138.0,220.03,5.24,-3.74,2.69,0.0
20230117:1011,610714.0,268.24,10.38,-2.16,2.69,0.0
20230117:1111,1302158.0,564.34,13.73,-0.27,2.83,0.0
20230117:1211,1489982.0,649.65,14.99,0.89,3.24,0.0
20230117:1311,1414348.0,617.01,14.05,1.58,3.38,0.0
20230117:1411,1162200.0,506.73,10.99,1.76,3.45,0.0
20230117:1511,561704.0,253.87,6.09,1.27,3.38,0.0
20230117:1611,0.0,0.0,0.0,0.0,3.31,0.0
20230117:1711,0.0,0.0,0.0,-1.05,3.45,0.0
20230117:1811,0.0,0.0,0.0,-1.39,3.66,0.0
20230117:1911,0.0,0.0,0.0,-1.09,3.72,0.0
20230117:2011,0.0,0.0,0.0,-0.82,3.79,0.0
20230117:2111,0.0,0.0,0.0,-0.67,3.79,0.0
20230117:2211,0.0,0.0,0.0,-0.48,3.86,0.0
20230117:2311,0.0,0.0,0.0,-0.41,3.79,0.0
20230118:0011,0.0,0.0,0.0,-0.58,3.79,0.0
20230118:0111,0.0,0.0,0.0,-0.41,4.0,0.0
20230118:0211,0.0,0.0,0.0,-0.45,4.21,0.0
20230118:0311,0.0,0.0,0.0,-0.31,4.41,0.0
20230118:0411,0.0,0.0,0.0,-0.11,4.55,0.0
20230118:0511,0.0,0.0,0.0,0.19,4.55,0.0
20230118:0611,0.0,0.0,0.0,0.62,4.62,0.0
20230118:0711,0.0,0.0,0.0,0.46,5.1,0.0
20230118:0811,0.0,0.0,0.0,0.49,5.03,0.0
20230118:0911,538434.0,243.42,5.39,0.45,4.97,0.0
20230118:1011,942682.0,408.24,10.55,1.18,5.17,0.0
20230118:1111,1301430.0,563.22,13.91,2.28,5.03,0.0
20230118:1211,1427504.0,622.22,15.19,3.03,4.55,0.0
20230118:1311,1369290.0,596.88,14.26,3.51,4.83,0.0
20230118:1411,903110.0,395.62,11.21,3.61,5.1,0.0
20230118:1511,615732.0,277.97,6.3,3.27,4.69,0.0
20230118:1611,0.0,0.0,0.0,2.46,4.41,0.0
20230118:1711,0.0,0.0,0.0,1.73,4.34,0.0
20230118:1811,0.0,0.0,0.0,1.53,4.41,0.0
20230118:1911,0.0,0.0,0.0,1.46,3.93,0.0
20230118:2011,0.0,0.0,0.0,0.31,3.72,0.0
20230118:2111,0.0,0.0,0.0,-0.4,3.72,0.0
20230118:2211,0.0,0.0,0.0,-0.92,3.72,0.0
20230118:2311,0.0,0.0,0.0,-1.27,3.66,0.0
20230119:0011,0.0,0.0,0.0,-1.51,3.52,0.0
20230119:0111,0.0,0.0,0.0,-1.65,3.38,0.0
20230119:0211,0.0,0.0,0.0,-1.83,3.24,0.0
20230119:0311,0.0,0.0,0.0,-1.98,3.03,0.0
20230119:0411,0.0,0.0,0.0,-2.14,2.9,0.0
20230119:0511,0.0,0.0,0.0,-2.31,2.69,0.0
20230119:0611,0.0,0.0,0.0,-2.48,2.41,0.0
20230119:0711,0.0,0.0,0.0,-2.49,2.62,0.0
20230119:0811,0.0,0.0,0.0,-2.6,2.55,0.0
20230119:0911,381108.0,176.36,5.54,-2.53,2.48,0.0
20230119:1011,968422.0,420.5,10.72,-0.78,2.41,0.0
20230119:1111,1321190.0,577.7,14.11,1.21,2.62,0.0
20230119:1211,1440920.0,632.08,15.4,2.44,3.24,0.0
20230119:1311,1230268.0,537.79,14.47,2.99,3.66,0.0
20230119:1411,534820.0,241.56,11.43,3.01,3.93,0.0
20230119:1511,506194.0,231.36,6.52,2.6,4.0,0.0
20230119:1611,0.0,0.0,0.0,2.02,4.34,0.0
20230119:1711,0.0,0.0,0.0,1.91,4.76,0.0
20230119:1811,0.0,0.0,0.0,2.32,4.9,0.0
20230119:1911,0.0,0.0,0.0,1.86,4.76,0.0
20230119:2011,0.0,0.0,0.0,1.65,4.62,0.0
20230119:2111,0.0,0.0,0.0,1.43,4.62,0.0
20230119:2211,0.0,0.0,0.0,1.42,4.55,0.0
20230119:2311,0.0,0.0,0.0,1.19,4.48,0.0
20230120:0011,0.0,0.0,0.0,1.0,4.34,0.0
20230120:0111,0.0,0.0,0.0,0.68,4.28,0.0
20230120:0211,0.0,0.0,0.0,0.49,4.28,0.0
20230120:0311,0.0,0.0,0.0,0.3,4.21,0.0
20230120:0411,0.0,0.0,0.0,0.15,4.21,0.0
20230120:0511,0.0,0.0,0.0,0.04,4.14,0.0
20230120:0611,0.0,0.0,0.0,-0.08,4.21,0.0
20230120:0711,0.0,0.0,0.0,0.4,4.28,0.0
20230120:0811,0.0,0.0,0.0,0.48,4.14,0.0
20230120:0911,65442.0,42.29,5.7,0.76,4.0,0.0
20230120:1011,135954.0,74.37,10.91,1.85,4.07,0.0
20230120:1111,596388.0,267.33,14.3,3.01,3.52,0.0
20230120:1211,623948.0,279.61,15.61,4.05,4.21,0.0
20230120:1311,424814.0,197.27,14.69,4.52,4.28,0.0
20230120:1411,652210.0,292.6,11.65,4.62,3.72,0.0
20230120:1511,389272.0,183.82,6.75,4.41,3.45,0.0
20230120:1611,0.0,0.0,0.0,3.72,3.03,0.0
20230120:1711,0.0,0.0,0.0,2.46,2.9,0.0
20230120:1811,0.0,0.0,0.0,1.59,2.69,0.0
20230120:1911,0.0,0.0,0.0,0.81,2.55,0.0
20230120:2011,0.0,0.0,0.0,0.13,2.21,0.0
20230120:2111,0.0,0.0,0.0,-0.79,2.07,0.0
20230120:2211,0.0,0.0,0.0,-1.43,1.86,0.0
20230120:2311,0.0,0.0,0.0,-1.48,1.52,0.0
20230121:0011,0.0,0.0,0.0,-1.41,1.38,0.0
20230121:0111,0.0,0.0,0.0,-0.29,1.03,0.0
20230121:0211,0.0,0.0,0.0,0.53,0.76,0.0
20230121:0311,0.0,0.0,0.0,0.57,0.14,0.0
20230121:0411,0.0,0.0,0.0,0.31,0.97,0.0
20230121:0511,0.0,0.0,0.0,-1.51,1.52,0.0
20230121:0611,0.0,0.0,0.0,-1.63,1.66,0.0
20230121:0711,0.0,0.0,0.0,-1.94,1.24,0.0
20230121:0811,0.0,0.0,0.0,-2.3,1.03,0.0
20230121:0911,246298.0,120.37,5.87,-2.73,1.31,0.0
20230121:1011,460200.0,208.51,11.09,-1.15,1.38,0.0
20230121:1111,308984.0,147.43,14.51,0.67,1.72,0.0
20230121:1211,396630.0,184.55,15.83,2.01,2.28,0.0
20230121:1311,458562.0,210.01,14.92,2.32,2.83,0.0
20230121:1411,467506.0,213.47,11.88,2.27,3.03,0.0
20230121:1511,214188.0,108.11,6.97,1.62,2.97,0.0
20230121:1611,0.0,0.0,0.0,0.18,2.97,0.0
20230121:1711,0.0,0.0,0.0,-1.42,2.97,0.0
20230121:1811,0.0,0.0,0.0,-2.32,2.9,0.0
20230121:1911,0.0,0.0,0.0,-2.17,2.83,0.0
20230121:2011,0.0,0.0,0.0,-2.47,2.69,0.0
20230121:2111,0.0,0.0,0.0,-2.66,2.83,0.0
20230121:2211,0.0,0.0,0.0,-2.35,2.9,0.0
20230121:2311,0.0,0.0,0.0,-2.44,2.97,0.0
20230122:0011,0.0,0.0,0.0,-2.51,3.03,0.0
20230122:0111,0.0,0.0,0.0,-2.27,2.9,0.0
20230122:0211,0.0,0.0,0.0,-2.47,2.83,0.0
20230122:0311,0.0,0.0,0.0,-2.67,2.9,0.0
20230122:0411,0.0,0.0,0.0,-2.48,2.97,0.0
20230122:0511,0.0,0.0,0.0,-2.34,2.97,0.0
20230122:0611,0.0,0.0,0.0,-2.03,2.97,0.0
20230122:0711,0.0,0.0,0.0,-2.13,2.83,0.0
20230122:0811,0.0,0.0,0.0,-2.06,2.76,0.0
20230122:0911,3250.0,8.34,6.05,-1.57,2.9,0.0
20230122:1011,103454.0,59.5,11.29,-0.55,2.83,0.0
20230122:1111,28964.0,24.1,14.72,0.58,2.62,0.0
20230122:1211,30550.0,25.03,16.05,1.46,2.83,0.0
20230122:1311,50310.0,35.23,15.16,2.41,2.9,0.0
20230122:1411,55796.0,38.01,12.12,2.98,2.69,0.0
20230122:1511,28600.0,24.1,7.21,2.87,2.48,0.0
20230122:1611,0.0,0.0,0.0,2.47,2.55,0.0
20230122:1711,0.0,0.0,0.0,1.91,2.69,0.0
20230122:1811,0.0,0.0,0.0,1.67,2.62,0.0
20230122:1911,0.0,0.0,0.0,0.83,1.86,0.0
20230122:2011,0.0,0.0,0.0,0.78,2.07,0.0
20230122:2111,0.0,0.0,0.0,0.7,2.0,0.0
20230122:2211,0.0,0.0,0.0,0.35,2.0,0.0
20230122:2311,0.0,0.0,0.0,0.2,2.07,0.0
20230123:0011,0.0,0.0,0.0,0.38,1.86,0.0
20230123:0111,0.0,0.0,0.0,0.16,1.86,0.0
20230123:0211,0.0,0.0,0.0,-0.12,2.07,0.0
20230123:0311,0.0,0.0,0.0,-0.12,2.21,0.0
20230123:0411,0.0,0.0,0.0,0.0,2.21,0.0
20230123:0511,0.0,0.0,0.0,-0.27,2.28,0.0
20230123:0611,0.0,0.0,0.0,-0.47,2.07,0.0
20230123:0711,0.0,0.0,0.0,0.73,2.07,0.0
20230123:0811,0.0,0.0,0.0,0.96,2.21,0.0
20230123:0911,151554.0,81.21,6.23,0.95,2.28,0.0
20230123:1011,73710.0,46.36,11.49,1.4,2.34,0.0
20230123:1111,781378.0,345.2,14.94,2.17,2.28,0.0
20230123:1211,176436.0,92.77,16.28,3.14,2.34,0.0
20230123:1311,371722.0,175.73,15.39,4.43,2.55,0.0
20230123:1411,315198.0,152.08,12.36,4.85,2.55,0.0
20230123:1511,53872.0,37.25,7.45,4.67,2.41,0.0
20230123:1611,0.0,0.0,0.0,4.23,2.28,0.0
20230123:1711,0.0,0.0,0.0,3.47,2.14,0.0
20230123:1811,0.0,0.0,0.0,3.3,2.0,0.0
20230123:1911,0.0,0.0,0.0,2.89,1.93,0.0
20230123:2011,0.0,0.0,0.0,2.22,2.0,0.0
20230123:2111,0.0,0.0,0.0,1.95,2.0,0.0
20230123:2211,0.0,0.0,0.0,1.83,1.93,0.0
20230123:2311,0.0,0.0,0.0,1.68,1.93,0.0
20230124:0011,0.0,0.0,0.0,1.45,1.86,0.0
20230124:0111,0.0,0.0,0.0,1.49,1.59,0.0
20230124:0211,0.0,0.0,0.0,1.36,1.52,0.0
20230124:0311,0.0,0.0,0.0,1.62,1.45,0.0
20230124:0411,0.0,0.0,0.0,2.12,1.52,0.0
20230124:0511,0.0,0.0,0.0,2.38,1.66,0.0
20230124:0611,0.0,0.0,0.0,2.91,1.79,0.0
20230124:0711,0.0,0.0,0.0,3.1,2.14,0.0
20230124:0811,0.0,0.0,0.0,3.51,1.93,0.0
20230124:0911,3094.0,8.34,6.42,3.84,1.93,0.0
20230124:1011,49582.0,35.23,11.69,5.08,1.93,0.0
20230124:1111,99424.0,59.33,15.16,6.21,2.14,0.0
20230124:1211,101062.0,60.26,16.52,7.03,2.9,0.0
20230124:1311,119028.0,68.61,15.64,7.37,3.38,0.0
20230124:1411,210574.0,108.89,12.6,7.5,3.17,0.0
20230124:1511,330616.0,160.75,7.69,7.25,3.17,0.0
20230124:1611,0.0,0.0,0.0,6.9,3.03,0.0
20230124:1711,0.0,0.0,0.0,6.49,3.03,0.0
20230124:1811,0.0,0.0,0.0,6.52,2.97,0.0
20230124:1911,0.0,0.0,0.0,6.15,3.1,0.0
20230124:2011,0.0,0.0,0.0,6.31,3.17,0.0
20230124:2111,0.0,0.0,0.0,6.17,3.1,0.0
20230124:2211,0.0,0.0,0.0,6.36,3.1,0.0
20230124:2311,0.0,0.0,0.0,6.48,3.1,0.0
20230125:0011,0.0,0.0,0.0,6.47,3.24,0.0
20230125:0111,0.0,0.0,0.0,6.53,3.31,0.0
20230125:0211,0.0,0.0,0.0,6.57,3.45,0.0
20230125:0311,0.0,0.0,0.0,6.75,3.45,0.0
20230125:0411,0.0,0.0,0.0,6.92,3.45,0.0
20230125:0511,0.0,0.0,0.0,7.05,3.38,0.0
20230125:0611,0.0,0.0,0.0,7.26,3.38,0.0
20230125:0711,0.0,0.0,0.0,7.51,3.72,0.0
20230125:0811,0.0,0.0,0.0,7.59,3.86,0.0
20230125:0911,68276.0,44.77,6.62,7.69,4.28,0.0
20230125:1011,449774.0,210.55,11.91,7.94,4.55,0.0
20230125:1111,882024.0,395.02,15.39,8.3,4.62,0.0
20230125:1211,22802.0,21.32,16.76,8.58,4.41,0.0
20230125:1311,19604.0,19.47,15.89,8.59,4.34,0.0
20230125:1411,189280.0,99.97,12.85,8.55,4.69,0.0
20230125:1511,638742.0,293.43,7.94,8.57,4.97,0.0
20230125:1611,0.0,0.0,0.0,7.87,4.62,0.0
20230125:1711,0.0,0.0,0.0,6.33,4.41,0.0
20230125:1811,0.0,0.0,0.0,5.21,4.28,0.0
20230125:1911,0.0,0.0,0.0,4.63,4.0,0.0
20230125:2011,0.0,0.0,0.0,3.87,3.79,0.0
20230125:2111,0.0,0.0,0.0,3.33,3.79,0.0
20230125:2211,0.0,0.0,0.0,2.96,3.79,0.0
20230125:2311,0.0,0.0,0.0,2.71,3.86,0.0
20230126:0011,0.0,0.0,0.0,2.51,3.93,0.0
20230126:0111,0.0,0.0,0.0,2.46,4.0,0.0
20230126:0211,0.0,0.0,0.0,2.46,4.0,0.0
20230126:0311,0.0,0.0,0.0,2.57,4.07,0.0
20230126:0411,0.0,0.0,0.0,2.87,4.21,0.0
20230126:0511,0.0,0.0,0.0,3.2,4.55,0.0
20230126:0611,0.0,0.0,0.0,4.11,5.03,0.0
20230126:0711,0.0,0.0,0.0,4.67,4.9,0.0
20230126:0811,0.0,0.0,0.0,4.97,5.1,0.0
20230126:0911,602524.0,275.4,6.82,5.36,5.1,0.0
20230126:1011,862056.0,382.15,12.13,5.66,4.97,0.0
20230126:1111,267098.0,132.5,15.63,6.11,4.69,0.0
20230126:1211,68094.0,44.5,17.01,6.5,5.59,0.0
20230126:1311,279760.0,138.18,16.14,6.83,5.38,0.0
20230126:1411,49218.0,35.23,13.11,6.72,4.97,0.0
20230126:1511,386386.0,183.6,8.19,6.55,4.62,0.0
20230126:1611,0.0,0.93,1.75,5.69,4.07,0.0
20230126:1711,0.0,0.0,0.0,4.81,3.93,0.0
20230126:1811,0.0,0.0,0.0,4.26,3.79,0.0
20230126:1911,0.0,0.0,0.0,4.59,4.14,0.0
20230126:2011,0.0,0.0,0.0,4.92,4.41,0.0
20230126:2111,0.0,0.0,0.0,4.96,4.48,0.0
20230126:2211,0.0,0.0,0.0,4.88,4.21,0.0
20230126:2311,0.0,0.0,0.0,4.95,3.93,0.0
20230127:0011,0.0,0.0,0.0,4.88,3.72,0.0
20230127:0111,0.0,0.0,0.0,4.7,3.59,0.0
20230127:0211,0.0,0.0,0.0,4.46,3.31,0.0
20230127:0311,0.0,0.0,0.0,4.16,2.97,0.0
20230127:0411,0.0,0.0,0.0,3.96,2.62,0.0
20230127:0511,0.0,0.0,0.0,3.91,2.21,0.0
20230127:0611,0.0,0.0,0.0,3.75,2.07,0.0
20230127:0711,0.0,0.0,0.0,3.57,2.21,0.0
20230127:0811,0.0,0.0,0.0,3.6,2.21,0.0
20230127:0911,84942.0,51.98,7.02,3.64,2.07,0.0
20230127:1011,133198.0,74.03,12.35,4.12,1.86,0.0
20230127:1111,433550.0,202.64,15.87,5.04,1.86,0.0
20230127:1211,495196.0,229.49,17.26,5.39,1.45,0.0
20230127:1311,794924.0,359.06,16.4,5.66,1.17,0.0
20230127:1411,52988.0,37.08,13.37,6.14,1.52,0.0
20230127:1511,61854.0,41.41,8.44,6.11,1.52,0.0
20230127:1611,0.0,0.93,2.0,5.78,1.1,0.0
20230127:1711,0.0,0.0,0.0,4.69,1.1,0.0
20230127:1811,0.0,0.0,0.0,3.6,1.45,0.0
20230127:1911,0.0,0.0,0.0,2.37,1.93,0.0
20230127:2011,0.0,0.0,0.0,1.98,2.07,0.0
20230127:2111,0.0,0.0,0.0,1.3,2.21,0.0
20230127:2211,0.0,0.0,0.0,1.05,2.21,0.0
20230127:2311,0.0,0.0,0.0,0.59,2.34,0.0
20230128:0011,0.0,0.0,0.0,0.24,2.48,0.0
20230128:0111,0.0,0.0,0.0,0.23,2.62,0.0
20230128:0211,0.0,0.0,0.0,0.95,2.62,0.0
20230128:0311,0.0,0.0,0.0,0.93,2.76,0.0
20230128:0411,0.0,0.0,0.0,1.45,2.76,0.0
20230128:0511,0.0,0.0,0.0,1.89,2.69,0.0
20230128:0611,0.0,0.0,0.0,1.85,2.62,0.0
20230128:0711,0.0,0.0,0.0,2.87,2.41,0.0
20230128:0811,0.0,0.0,0.0,3.14,1.79,0.0
20230128:0911,332124.0,159.89,7.24,3.37,1.66,0.0
20230128:1011,274716.0,135.33,12.58,4.8,1.66,0.0
20230128:1111,256412.0,128.31,16.12,5.78,1.86,0.0
20230128:1211,289718.0,142.8,17.52,6.19,2.28,0.0
20230128:1311,447304.0,209.19,16.67,6.18,2.41,0.0
20230128:1411,129350.0,72.96,13.64,6.28,2.55,0.0
20230128:1511,54782.0,38.01,8.7,6.46,2.48,0.0
20230128:1611,0.0,0.93,2.25,6.38,2.28,0.0
20230128:1711,0.0,0.0,0.0,5.83,2.21,0.0
20230128:1811,0.0,0.0,0.0,5.2,2.21,0.0
20230128:1911,0.0,0.0,0.0,5.32,2.48,0.0
20230128:2011,0.0,0.0,0.0,5.64,2.21,0.0
20230128:2111,0.0,0.0,0.0,5.41,2.14,0.0
20230128:2211,0.0,0.0,0.0,5.22,1.79,0.0
20230128:2311,0.0,0.0,0.0,5.16,1.79,0.0
20230129:0011,0.0,0.0,0.0,5.14,1.93,0.0
20230129:0111,0.0,0.0,0.0,5.02,2.14,0.0
20230129:0211,0.0,0.0,0.0,5.15,2.21,0.0
20230129:0311,0.0,0.0,0.0,4.92,2.21,0.0
20230129:0411,0.0,0.0,0.0,4.95,2.21,0.0
20230129:0511,0.0,0.0,0.0,4.54,2.34,0.0
20230129:0611,0.0,0.0,0.0,4.24,2.62,0.0
20230129:0711,0.0,0.0,0.0,4.3,4.14,0.0
20230129:0811,0.0,0.0,0.0,4.3,4.69,0.0
20230129:0911,1950.0,7.42,7.46,4.8,4.97,0.0
20230129:1011,249470.0,124.44,12.82,5.55,5.38,0.0
20230129:1111,544752.0,248.5,16.37,6.17,5.45,0.0
20230129:1211,119496.0,68.61,17.79,6.92,6.41,0.0
20230129:1311,347698.0,166.87,16.94,7.18,6.76,0.0
20230129:1411,246428.0,123.93,13.9,7.25,6.69,0.0
20230129:1511,38324.0,29.67,8.96,7.16,6.76,0.0
20230129:1611,0.0,1.85,2.5,7.24,7.17,0.0
20230129:1711,0.0,0.0,0.0,7.33,7.31,0.0
20230129:1811,0.0,0.0,0.0,7.51,6.9,0.0
20230129:1911,0.0,0.0,0.0,7.88,6.83,0.0
20230129:2011,0.0,0.0,0.0,8.39,6.83,0.0
20230129:2111,0.0,0.0,0.0,8.97,6.83,0.0
20230129:2211,0.0,0.0,0.0,8.46,7.45,0.0
20230129:2311,0.0,0.0,0.0,6.96,7.45,0.0
20230130:0011,0.0,0.0,0.0,5.96,7.1,0.0
20230130:0111,0.0,0.0,0.0,5.84,7.17,0.0
20230130:0211,0.0,0.0,0.0,5.51,7.03,0.0
20230130:0311,0.0,0.0,0.0,5.21,6.97,0.0
20230130:0411,0.0,0.0,0.0,5.13,6.9,0.0
20230130:0511,0.0,0.0,0.0,5.2,6.9,0.0
20230130:0611,0.0,0.0,0.0,5.35,6.83,0.0
20230130:0711,0.0,0.0,0.0,5.81,7.1,0.0
20230130:0811,0.0,0.0,0.0,5.85,6.76,0.0
20230130:0911,618124.0,281.79,7.68,5.93,6.34,0.0
20230130:1011,1042834.0,460.62,13.06,6.72,5.93,0.0
20230130:1111,1340248.0,594.57,16.63,7.44,5.03,0.0
20230130:1211,1403090.0,622.42,18.06,8.16,5.86,0.0
20230130:1311,1454596.0,647.55,17.21,8.59,5.66,0.0
20230130:1411,1220440.0,544.24,14.18,8.72,5.24,0.0
20230130:1511,782626.0,355.61,9.23,8.46,4.55,0.0
20230130:1611,884.0,6.49,2.76,7.62,4.14,0.0
20230130:1711,0.0,0.0,0.0,6.25,3.79,0.0
20230130:1811,0.0,0.0,0.0,5.27,3.66,0.0
20230130:1911,0.0,0.0,0.0,5.33,3.66,0.0
20230130:2011,0.0,0.0,0.0,5.07,3.59,0.0
20230130:2111,0.0,0.0,0.0,5.21,4.0,0.0
20230130:2211,0.0,0.0,0.0,5.62,5.1,0.0
20230130:2311,0.0,0.0,0.0,6.07,6.0,0.0
20230131:0011,0.0,0.0,0.0,6.59,6.21,0.0
20230131:0111,0.0,0.0,0.0,6.63,6.07,0.0
20230131:0211,0.0,0.0,0.0,7.04,6.34,0.0
20230131:0311,0.0,0.0,0.0,7.52,6.83,0.0
20230131:0411,0.0,0.0,0.0,7.67,6.9,0.0
20230131:0511,0.0,0.0,0.0,7.95,6.83,0.0
20230131:0611,0.0,0.0,0.0,8.37,7.17,0.0
20230131:0711,0.0,0.0,0.0,8.91,8.0,0.0
20230131:0811,0.0,0.0,0.0,8.37,8.48,0.0
20230131:0911,612664.0,280.57,7.92,7.62,8.41,0.0
20230131:1011,1053234.0,463.59,13.31,7.61,8.76,0.0
20230131:1111,1215344.0,533.85,16.89,7.71,8.0,0.0
20230131:1211,1474252.0,646.66,18.34,7.66,8.34,0.0
20230131:1311,1440816.0,631.18,17.49,7.46,8.34,0.0
20230131:1411,1247584.0,547.24,14.46,7.17,7.79,0.0
20230131:1511,469534.0,217.86,9.5,6.65,7.52,0.0
20230131:1611,0.0,5.56,3.02,5.94,8.0,0.0
20230131:1711,0.0,0.0,0.0,5.31,7.72,0.0
20230131:1811,0.0,0.0,0.0,5.03,7.66,0.0
20230131:1911,0.0,0.0,0.0,5.63,8.21,0.0
20230131:2011,0.0,0.0,0.0,5.82,8.34,0.0
20230131:2111,0.0,0.0,0.0,5.77,8.55,0.0
20230131:2211,0.0,0.0,0.0,5.65,8.28,0.0
20230131:2311,0.0,0.0,0.0,5.45,7.86,0.0
20230201:0011,0.0,0.0,0.0,5.38,7.86,0.0
20230201:0111,0.0,0.0,0.0,5.25,7.66,0.0
20230201:0211,0.0,0.0,0.0,5.29,7.45,0.0
20230201:0311,0.0,0.0,0.0,5.32,7.38,0.0
20230201:0411,0.0,0.0,0.0,5.43,7.93,0.0
20230201:0511,0.0,0.0,0.0,5.71,8.34,0.0
20230201:0611,0.0,0.0,0.0,5.94,8.69,0.0
20230201:0711,0.0,0.0,0.0,6.14,8.34,0.0
20230201:0811,0.0,0.0,0.0,6.01,7.93,0.0
20230201:0911,705978.0,319.28,8.15,6.63,7.79,0.0
20230201:1011,1036022.0,456.42,13.57,7.31,7.86,0.0
20230201:1111,1383304.0,611.76,17.16,7.97,6.28,0.0
20230201:1211,1067118.0,472.13,18.62,8.43,7.38,0.0
20230201:1311,783848.0,350.9,17.78,8.59,7.86,0.0
20230201:1411,323440.0,157.43,14.74,8.79,7.86,0.0
20230201:1511,127608.0,72.51,9.78,8.46,6.34,0.0
20230201:1611,2964.0,8.34,3.29,7.93,6.48,0.0
20230201:1711,0.0,0.0,0.0,7.66,6.14,0.0
20230201:1811,0.0,0.0,0.0,7.59,6.07,0.0
20230201:1911,0.0,0.0,0.0,7.62,5.52,0.0
20230201:2011,0.0,0.0,0.0,7.8,5.59,0.0
20230201:2111,0.0,0.0,0.0,8.24,6.07,0.0
20230201:2211,0.0,0.0,0.0,8.22,6.0,0.0
20230201:2311,0.0,0.0,0.0,8.08,6.0,0.0
20230202:0011,0.0,0.0,0.0,8.34,6.41,0.0
20230202:0111,0.0,0.0,0.0,8.51,6.48,0.0
20230202:0211,0.0,0.0,0.0,8.58,6.21,0.0
20230202:0311,0.0,0.0,0.0,8.45,5.86,0.0
20230202:0411,0.0,0.0,0.0,8.5,5.72,0.0
20230202:0511,0.0,0.0,0.0,8.6,5.66,0.0
20230202:0611,0.0,0.0,0.0,8.4,5.24,0.0
20230202:0711,0.0,0.0,0.0,8.88,5.45,0.0
20230202:0811,0.0,0.0,0.0,8.98,5.52,0.0
20230202:0911,6552.0,11.13,8.4,9.07,5.79,0.0
20230202:1011,48620.0,35.23,13.83,9.13,6.21,0.0
20230202:1111,146510.0,81.59,17.44,9.38,6.41,0.0
20230202:1211,99970.0,60.26,18.9,9.53,5.38,0.0
20230202:1311,183976.0,98.46,18.07,9.6,5.24,0.0
20230202:1411,92066.0,56.55,15.02,9.67,6.14,0.0
20230202:1511,25948.0,23.18,10.05,9.49,7.45,0.0
20230202:1611,0.0,4.64,3.56,9.32,7.45,0.0
20230202:1711,0.0,0.0,0.0,8.9,7.59,0.0
20230202:1811,0.0,0.0,0.0,8.67,7.1,0.0
20230202:1911,0.0,0.0,0.0,9.39,6.97,0.0
20230202:2011,0.0,0.0,0.0,9.32,6.55,0.0
20230202:2111,0.0,0.0,0.0,9.25,6.69,0.0
20230202:2211,0.0,0.0,0.0,9.37,7.03,0.0
20230202:2311,0.0,0.0,0.0,9.66,7.38,0.0
20230203:0011,0.0,0.0,0.0,9.67,7.72,0.0
20230203:0111,0.0,0.0,0.0,9.82,7.66,0.0
20230203:0211,0.0,0.0,0.0,9.91,7.24,0.0
20230203:0311,0.0,0.0,0.0,9.97,6.62,0.0
20230203:0411,0.0,0.0,0.0,10.11,6.0,0.0
20230203:0511,0.0,0.0,0.0,9.97,5.52,0.0
20230203:0611,0.0,0.0,0.0,9.67,5.59,0.0
20230203:0711,0.0,0.0,0.0,9.86,5.59,0.0
20230203:0811,0.0,0.93,1.78,9.82,5.45,0.0
20230203:0911,34294.0,27.81,8.65,9.8,5.03,0.0
20230203:1011,245986.0,125.39,14.09,9.93,4.76,0.0
20230203:1111,147888.0,82.51,17.72,9.99,4.34,0.0
20230203:1211,288158.0,144.23,19.2,10.08,3.93,0.0
20230203:1311,348218.0,169.95,18.36,10.23,4.21,0.0
20230203:1411,134264.0,76.34,15.31,10.49,4.69,0.0
20230203:1511,53690.0,38.01,10.33,10.54,4.41,0.0
20230203:1611,832.0,6.49,3.83,10.37,4.48,0.0
20230203:1711,0.0,0.0,0.0,10.05,3.72,0.0
20230203:1811,0.0,0.0,0.0,9.38,3.52,0.0
20230203:1911,0.0,0.0,0.0,9.14,3.24,0.0
20230203:2011,0.0,0.0,0.0,8.99,2.97,0.0
20230203:2111,0.0,0.0,0.0,8.87,2.76,0.0
20230203:2211,0.0,0.0,0.0,8.42,2.28,0.0
20230203:2311,0.0,0.0,0.0,8.17,2.07,0.0
20230204:0011,0.0,0.0,0.0,7.21,2.28,0.0
20230204:0111,0.0,0.0,0.0,6.99,2.41,0.0
20230204:0211,0.0,0.0,0.0,7.11,2.41,0.0
20230204:0311,0.0,0.0,0.0,6.93,2.41,0.0
20230204:0411,0.0,0.0,0.0,6.89,2.34,0.0
20230204:0511,0.0,0.0,0.0,6.57,2.28,0.0
20230204:0611,0.0,0.0,0.0,6.68,2.14,0.0
20230204:0711,0.0,0.0,0.0,7.13,2.28,0.0
20230204:0811,0.0,1.85,2.02,7.3,2.48,0.0
20230204:0911,7904.0,12.05,8.9,8.01,2.76,0.0
20230204:1011,46904.0,34.3,14.37,8.59,3.1,0.0
20230204:1111,90246.0,55.63,18.01,9.16,4.14,0.0
20230204:1211,52156.0,37.08,19.49,9.46,4.48,0.0
20230204:1311,74542.0,48.21,18.66,9.74,4.62,0.0
20230204:1411,52026.0,37.08,15.61,9.96,4.83,0.0
20230204:1511,21034.0,20.4,10.62,9.86,4.28,0.0
20230204:1611,0.0,5.56,4.1,9.51,4.55,0.0
20230204:1711,0.0,0.0,0.0,8.99,4.41,0.0
20230204:1811,0.0,0.0,0.0,8.41,4.28,0.0
20230204:1911,0.0,0.0,0.0,9.17,4.62,0.0
20230204:2011,0.0,0.0,0.0,9.23,5.24,0.0
20230204:2111,0.0,0.0,0.0,8.25,5.38,0.0
20230204:2211,0.0,0.0,0.0,6.86,4.62,0.0
20230204:2311,0.0,0.0,0.0,5.25,4.21,0.0
20230205:0011,0.0,0.0,0.0,4.08,3.93,0.0
20230205:0111,0.0,0.0,0.0,3.08,3.86,0.0
20230205:0211,0.0,0.0,0.0,2.44,3.66,0.0
20230205:0311,0.0,0.0,0.0,2.0,3.79,0.0
20230205:0411,0.0,0.0,0.0,1.81,3.79,0.0
20230205:0511,0.0,0.0,0.0,1.43,3.1,0.0
20230205:0611,0.0,0.0,0.0,0.95,3.1,0.0
20230205:0711,0.0,0.0,0.0,0.64,3.03,0.0
20230205:0811,0.0,2.78,2.27,0.24,2.62,0.0
20230205:0911,296582.0,142.76,9.16,0.48,1.86,0.0
20230205:1011,1038258.0,462.2,14.64,2.89,1.24,0.0
20230205:1111,1109446.0,500.98,18.3,4.86,0.76,0.0
20230205:1211,1095718.0,497.97,19.79,5.71,0.55,0.0
20230205:1311,960180.0,432.74,18.96,6.4,1.66,0.0
20230205:1411,924768.0,415.65,15.9,6.69,2.34,0.0
20230205:1511,359476.0,172.67,10.91,6.52,2.34,0.0
20230205:1611,5408.0,10.2,4.38,5.79,2.14,0.0
20230205:1711,0.0,0.0,0.0,4.45,2.21,0.0
20230205:1811,0.0,0.0,0.0,3.56,2.0,0.0
20230205:1911,0.0,0.0,0.0,2.87,1.93,0.0
20230205:2011,0.0,0.0,0.0,2.06,1.59,0.0
20230205:2111,0.0,0.0,0.0,0.84,2.0,0.0
20230205:2211,0.0,0.0,0.0,-0.8,2.34,0.0
20230205:2311,0.0,0.0,0.0,-1.72,2.28,0.0
20230206:0011,0.0,0.0,0.0,-2.34,2.28,0.0
20230206:0111,0.0,0.0,0.0,-2.56,2.41,0.0
20230206:0211,0.0,0.0,0.0,-2.51,2.41,0.0
20230206:0311,0.0,0.0,0.0,-2.45,2.41,0.0
20230206:0411,0.0,0.0,0.0,-2.52,2.34,0.0
20230206:0511,0.0,0.0,0.0,-2.82,2.41,0.0
20230206:0611,0.0,0.0,0.0,-3.16,2.34,0.0
20230206:0711,0.0,0.0,0.0,-3.2,1.72,0.0
20230206:0811,0.0,1.85,2.52,-2.84,1.52,0.0
20230206:0911,789308.0,349.09,9.43,-1.53,1.38,0.0
20230206:1011,1343888.0,597.72,14.93,1.83,1.45,0.0
20230206:1111,1520064.0,682.84,18.6,3.9,1.86,0.0
20230206:1211,1626924.0,735.32,20.1,5.19,2.28,0.0
20230206:1311,1615718.0,729.29,19.27,5.98,2.69,0.0
20230206:1411,1280604.0,572.93,16.2,6.5,2.97,0.0
20230206:1511,341952.0,165.05,11.19,6.53,2.76,0.0
20230206:1611,18304.0,18.54,4.65,6.0,2.0,0.0
20230206:1711,0.0,0.0,0.0,4.53,2.34,0.0
20230206:1811,0.0,0.0,0.0,2.86,2.41,0.0
20230206:1911,0.0,0.0,0.0,2.48,2.41,0.0
20230206:2011,0.0,0.0,0.0,1.61,2.34,0.0
20230206:2111,0.0,0.0,0.0,1.16,2.14,0.0
20230206:2211,0.0,0.0,0.0,0.41,2.28,0.0
20230206:2311,0.0,0.0,0.0,-0.36,2.34,0.0
20230207:0011,0.0,0.0,0.0,-0.56,2.28,0.0
20230207:0111,0.0,0.0,0.0,-0.86,2.21,0.0
20230207:0211,0.0,0.0,0.0,-0.97,2.07,0.0
20230207:0311,0.0,0.0,0.0,-0.7,1.86,0.0
20230207:0411,0.0,0.0,0.0,-0.21,1.66,0.0
20230207:0511,0.0,0.0,0.0,0.38,1.52,0.0
20230207:0611,0.0,0.0,0.0,0.44,1.59,0.0
20230207:0711,0.0,0.0,0.0,-0.44,2.14,0.0
20230207:0811,0.0,2.78,2.77,-0.03,2.28,0.0
20230207:0911,114660.0,65.06,9.7,1.47,2.21,0.0
20230207:1011,120692.0,68.61,15.21,4.3,2.07,0.0
20230207:1111,125580.0,71.39,18.9,6.48,2.76,0.0
20230207:1211,314392.0,154.38,20.41,7.76,3.38,0.0
20230207:1311,429364.0,203.46,19.58,8.44,3.72,0.0
20230207:1411,751192.0,340.87,16.51,8.6,3.59,0.0
20230207:1511,113412.0,66.19,11.49,8.36,2.97,0.0
20230207:1611,15054.0,16.69,4.93,7.68,2.48,0.0
20230207:1711,0.0,0.0,0.0,6.41,2.34,0.0
20230207:1811,0.0,0.0,0.0,5.57,2.21,0.0
20230207:1911,0.0,0.0,0.0,4.95,2.0,0.0
20230207:2011,0.0,0.0,0.0,4.15,1.86,0.0
20230207:2111,0.0,0.0,0.0,3.36,1.86,0.0
20230207:2211,0.0,0.0,0.0,2.13,1.93,0.0
20230207:2311,0.0,0.0,0.0,1.53,2.07,0.0
20230208:0011,0.0,0.0,0.0,1.35,2.14,0.0
20230208:0111,0.0,0.0,0.0,1.65,2.07,0.0
20230208:0211,0.0,0.0,0.0,2.02,1.93,0.0
20230208:0311,0.0,0.0,0.0,2.08,1.86,0.0
20230208:0411,0.0,0.0,0.0,1.66,1.93,0.0
20230208:0511,0.0,0.0,0.0,1.51,2.14,0.0
20230208:0611,0.0,0.0,0.0,0.94,2.21,0.0
20230208:0711,0.0,0.0,0.0,0.41,2.55,0.0
20230208:0811,0.0,4.64,3.03,0.1,2.76,0.0
20230208:0911,624650.0,280.48,9.97,1.28,2.9,0.0
20230208:1011,1027364.0,452.58,15.5,3.54,3.17,0.0
20230208:1111,861692.0,382.58,19.2,5.24,4.0,0.0
20230208:1211,1298596.0,574.79,20.72,6.38,4.62,0.0
20230208:1311,1400152.0,621.0,19.9,7.32,5.24,0.0
20230208:1411,1112514.0,493.48,16.81,7.68,5.52,0.0
20230208:1511,336128.0,162.61,11.78,7.48,5.31,0.0
20230208:1611,13650.0,15.76,5.22,6.62,5.1,0.0
20230208:1711,0.0,0.0,0.0,5.26,4.9,0.0
20230208:1811,0.0,0.0,0.0,4.5,5.1,0.0
20230208:1911,0.0,0.0,0.0,4.2,5.1,0.0
20230208:2011,0.0,0.0,0.0,4.14,5.24,0.0
20230208:2111,0.0,0.0,0.0,4.02,5.17,0.0
20230208:2211,0.0,0.0,0.0,3.98,5.24,0.0
20230208:2311,0.0,0.0,0.0,4.28,5.1,0.0
20230209:0011,0.0,0.0,0.0,5.04,4.69,0.0
20230209:0111,0.0,0.0,0.0,6.23,3.79,0.0
20230209:0211,0.0,0.0,0.0,6.15,3.03,0.0
20230209:0311,0.0,0.0,0.0,5.01,3.1,0.0
20230209:0411,0.0,0.0,0.0,3.35,2.55,0.0
20230209:0511,0.0,0.0,0.0,1.75,2.07,0.0
20230209:0611,0.0,0.0,0.0,0.29,2.21,0.0
20230209:0711,0.0,0.0,0.0,-0.39,2.62,0.0
20230209:0811,17992.0,18.37,3.3,-0.64,2.62,0.0
20230209:0911,818454.0,362.94,10.25,1.14,2.76,0.0
20230209:1011,1301352.0,575.48,15.8,4.18,3.17,0.0
20230209:1111,1518764.0,674.28,19.52,6.26,4.48,0.0
20230209:1211,1605578.0,711.53,21.04,7.44,6.14,0.0
20230209:1311,1402492.0,621.95,20.21,7.81,5.72,0.0
20230209:1411,409604.0,193.89,17.12,7.88,5.24,0.0
20230209:1511,90948.0,55.63,12.08,7.64,4.34,0.0
20230209:1611,21372.0,20.4,5.5,7.09,3.72,0.0
20230209:1711,0.0,0.0,0.0,6.11,3.38,0.0
20230209:1811,0.0,0.0,0.0,4.92,3.1,0.0
20230209:1911,0.0,0.0,0.0,4.84,3.38,0.0
20230209:2011,0.0,0.0,0.0,4.36,3.1,0.0
20230209:2111,0.0,0.0,0.0,3.81,2.83,0.0
20230209:2211,0.0,0.0,0.0,3.32,2.76,0.0
20230209:2311,0.0,0.0,0.0,2.97,2.69,0.0
20230210:0011,0.0,0.0,0.0,2.74,2.69,0.0
20230210:0111,0.0,0.0,0.0,2.38,2.69,0.0
20230210:0211,0.0,0.0,0.0,2.46,2.76,0.0
20230210:0311,0.0,0.0,0.0,2.48,2.97,0.0
20230210:0411,0.0,0.0,0.0,3.03,3.45,0.0
20230210:0511,0.0,0.0,0.0,3.53,4.0,0.0
20230210:0611,0.0,0.0,0.0,3.85,4.34,0.0
20230210:0711,0.0,0.0,0.0,3.83,4.34,0.0
20230210:0811,0.0,4.64,3.57,4.01,4.55,0.0
20230210:0911,44226.0,32.45,10.54,4.76,4.97,0.0
20230210:1011,38636.0,29.67,16.1,5.58,5.38,0.0
20230210:1111,42068.0,31.52,19.83,6.35,5.86,0.0
20230210:1211,47242.0,34.3,21.36,7.35,4.76,0.0
20230210:1311,32916.0,26.89,20.54,7.92,4.28,0.0
20230210:1411,29458.0,25.03,17.44,8.31,6.21,0.0
20230210:1511,21190.0,20.4,12.38,8.51,5.93,0.0
20230210:1611,2938.0,8.34,5.79,8.55,5.79,0.0
20230210:1711,0.0,0.0,0.0,8.5,5.66,0.0
20230210:1811,0.0,0.0,0.0,8.48,5.59,0.0
20230210:1911,0.0,0.0,0.0,8.96,5.86,0.0
20230210:2011,0.0,0.0,0.0,8.94,6.07,0.0
20230210:2111,0.0,0.0,0.0,8.7,6.21,0.0
20230210:2211,0.0,0.0,0.0,8.49,6.21,0.0
20230210:2311,0.0,0.0,0.0,8.27,6.07,0.0
20230211:0011,0.0,0.0,0.0,8.02,5.72,0.0
20230211:0111,0.0,0.0,0.0,7.77,5.1,0.0
20230211:0211,0.0,0.0,0.0,7.64,4.28,0.0
20230211:0311,0.0,0.0,0.0,7.73,3.31,0.0
20230211:0411,0.0,0.0,0.0,7.73,2.55,0.0
20230211:0511,0.0,0.0,0.0,7.23,2.21,0.0
20230211:0611,0.0,0.0,0.0,6.67,2.28,0.0
20230211:0711,0.0,0.0,0.0,6.8,2.62,0.0
20230211:0811,1898.0,7.42,3.84,7.07,2.69,0.0
20230211:0911,181298.0,96.58,10.83,7.81,2.76,0.0
20230211:1011,955396.0,431.9,16.41,8.7,2.97,0.0
20230211:1111,876044.0,395.85,20.15,9.66,4.55,0.0
20230211:1211,1324232.0,598.12,21.69,10.23,4.34,0.0
20230211:1311,1603082.0,731.2,20.86,10.48,3.93,0.0
20230211:1411,1447212.0,658.06,17.75,10.43,3.79,0.0
20230211:1511,498498.0,234.85,12.68,10.15,3.52,0.0
20230211:1611,7826.0,12.05,6.08,9.42,2.69,0.0
20230211:1711,0.0,0.0,0.0,8.08,2.34,0.0
20230211:1811,0.0,0.0,0.0,6.88,2.28,0.0
20230211:1911,0.0,0.0,0.0,5.68,2.28,0.0
20230211:2011,0.0,0.0,0.0,4.93,2.21,0.0
20230211:2111,0.0,0.0,0.0,4.4,2.14,0.0
20230211:2211,0.0,0.0,0.0,4.24,2.0,0.0
20230211:2311,0.0,0.0,0.0,4.24,1.93,0.0
20230212:0011,0.0,0.0,0.0,4.0,1.93,0.0
20230212:0111,0.0,0.0,0.0,3.77,1.59,0.0
20230212:0211,0.0,0.0,0.0,3.45,1.45,0.0
20230212:0311,0.0,0.0,0.0,2.7,1.52,0.0
20230212:0411,0.0,0.0,0.0,2.02,1.59,0.0
20230212:0511,0.0,0.0,0.0,1.94,1.52,0.0
20230212:0611,0.0,0.0,0.0,2.64,1.31,0.0
20230212:0711,0.0,0.0,0.0,1.69,1.59,0.0
20230212:0811,52.0,5.56,4.12,1.62,1.59,0.0
20230212:0911,65026.0,42.65,11.12,3.72,1.03,0.0
20230212:1011,109486.0,63.97,16.72,5.93,1.17,0.0
20230212:1111,106470.0,63.04,20.48,7.96,1.86,0.0
20230212:1211,90402.0,55.63,22.02,8.64,2.55,0.0
20230212:1311,90246.0,55.63,21.19,9.0,2.9,0.0
20230212:1411,101972.0,61.19,18.07,9.18,2.97,0.0
20230212:1511,90168.0,55.63,12.99,9.22,3.1,0.0
20230212:1611,123552.0,71.93,6.37,8.5,2.21,0.0
20230212:1711,0.0,0.0,0.0,7.26,2.28,0.0
20230212:1811,0.0,0.0,0.0,6.2,2.48,0.0
20230212:1911,0.0,0.0,0.0,6.27,2.69,0.0
20230212:2011,0.0,0.0,0.0,5.77,2.83,0.0
20230212:2111,0.0,0.0,0.0,5.13,2.83,0.0
20230212:2211,0.0,0.0,0.0,4.42,2.76,0.0
20230212:2311,0.0,0.0,0.0,3.97,2.76,0.0
20230213:0011,0.0,0.0,0.0,3.68,2.76,0.0
20230213:0111,0.0,0.0,0.0,3.77,2.69,0.0
20230213:0211,0.0,0.0,0.0,3.91,2.55,0.0
20230213:0311,0.0,0.0,0.0,3.81,2.55,0.0
20230213:0411,0.0,0.0,0.0,3.72,2.48,0.0
20230213:0511,0.0,0.0,0.0,3.56,2.48,0.0
20230213:0611,0.0,0.0,0.0,3.61,2.41,0.0
20230213:0711,0.0,0.0,0.0,3.74,2.34,0.0
20230213:0811,3094.0,8.34,4.41,3.66,2.21,0.0
20230213:0911,82342.0,50.99,11.42,4.56,2.62,0.0
20230213:1011,106028.0,62.12,17.04,5.29,3.45,0.0
20230213:1111,130156.0,73.24,20.8,5.86,3.59,0.0
20230213:1211,173186.0,92.71,22.36,6.59,3.72,0.0
20230213:1311,143650.0,79.73,21.52,7.22,3.79,0.0
20230213:1411,100776.0,60.26,18.39,7.75,3.93,0.0
20230213:1511,197132.0,103.45,13.3,7.99,3.86,0.0
20230213:1611,471328.0,227.86,6.66,7.75,3.52,0.0
20230213:1711,0.0,0.0,0.0,6.25,2.9,0.0
20230213:1811,0.0,0.0,0.0,4.67,2.97,0.0
20230213:1911,0.0,0.0,0.0,4.1,2.83,0.0
20230213:2011,0.0,0.0,0.0,3.38,2.62,0.0
20230213:2111,0.0,0.0,0.0,2.65,2.55,0.0
20230213:2211,0.0,0.0,0.0,2.05,2.48,0.0
20230213:2311,0.0,0.0,0.0,1.57,2.48,0.0
20230214:0011,0.0,0.0,0.0,1.14,2.55,0.0
20230214:0111,0.0,0.0,0.0,0.85,2.55,0.0
20230214:0211,0.0,0.0,0.0,0.53,2.55,0.0
20230214:0311,0.0,0.0,0.0,0.15,2.55,0.0
20230214:0411,0.0,0.0,0.0,-0.29,2.41,0.0
20230214:0511,0.0,0.0,0.0,-0.73,2.21,0.0
20230214:0611,0.0,0.0,0.0,-1.09,1.86,0.0
20230214:0711,0.0,0.0,0.0,-1.74,1.52,0.0
20230214:0811,43368.0,31.81,4.7,-1.95,1.31,0.0
20230214:0911,224588.0,112.13,11.73,-0.2,1.38,0.0
20230214:1011,291304.0,141.53,17.36,2.41,1.72,0.0
20230214:1111,416260.0,196.19,21.14,5.31,2.34,0.0
20230214:1211,253214.0,128.42,22.7,7.85,2.83,0.0
20230214:1311,476138.0,225.14,21.86,9.63,3.17,0.0
20230214:1411,915564.0,417.59,18.72,10.93,3.38,0.0
20230214:1511,739986.0,342.37,13.6,11.51,3.17,0.0
20230214:1611,415376.0,205.83,6.95,10.96,2.83,0.0
20230214:1711,0.0,0.0,0.0,9.32,3.17,0.0
20230214:1811,0.0,0.0,0.0,7.8,3.17,0.0
20230214:1911,0.0,0.0,0.0,6.37,2.83,0.0
20230214:2011,0.0,0.0,0.0,5.46,2.69,0.0
20230214:2111,0.0,0.0,0.0,4.8,2.62,0.0
20230214:2211,0.0,0.0,0.0,4.23,2.62,0.0
20230214:2311,0.0,0.0,0.0,3.79,2.69,0.0
20230215:0011,0.0,0.0,0.0,3.44,2.83,0.0
20230215:0111,0.0,0.0,0.0,3.28,2.76,0.0
20230215:0211,0.0,0.0,0.0,3.1,2.9,0.0
20230215:0311,0.0,0.0,0.0,2.94,3.03,0.0
20230215:0411,0.0,0.0,0.0,2.75,3.17,0.0
20230215:0511,0.0,0.0,0.0,2.39,3.24,0.0
20230215:0611,0.0,0.0,0.0,2.0,3.24,0.0
20230215:0711,0.0,0.0,0.0,1.48,3.24,0.0
20230215:0811,0.0,4.64,4.99,1.39,3.31,0.0
20230215:0911,638144.0,287.42,12.04,2.93,3.24,0.0
20230215:1011,1421446.0,632.27,17.68,5.47,3.52,0.0
20230215:1111,1642836.0,739.04,21.47,7.97,4.28,0.0
20230215:1211,1542112.0,695.07,23.04,9.65,4.9,0.0
20230215:1311,226538.0,117.5,22.2,9.86,5.03,0.0
20230215:1411,334516.0,163.73,19.05,9.7,5.24,0.0
20230215:1511,344604.0,168.11,13.92,9.78,4.34,0.0
20230215:1611,169260.0,92.98,7.25,9.31,3.86,0.0
20230215:1711,0.0,0.0,0.0,7.84,3.24,0.0
20230215:1811,0.0,0.0,0.0,6.35,2.97,0.0
20230215:1911,0.0,0.0,0.0,5.96,2.83,0.0
20230215:2011,0.0,0.0,0.0,5.59,2.9,0.0
20230215:2111,0.0,0.0,0.0,5.43,3.17,0.0
20230215:2211,0.0,0.0,0.0,5.19,3.38,0.0
20230215:2311,0.0,0.0,0.0,5.22,3.52,0.0
20230216:0011,0.0,0.0,0.0,5.23,3.45,0.0
20230216:0111,0.0,0.0,0.0,5.28,3.31,0.0
20230216:0211,0.0,0.0,0.0,5.32,3.24,0.0
20230216:0311,0.0,0.0,0.0,5.11,2.9,0.0
20230216:0411,0.0,0.0,0.0,4.82,2.48,0.0
20230216:0511,0.0,0.0,0.0,4.73,2.62,0.0
20230216:0611,0.0,0.0,0.0,4.63,2.83,0.0
20230216:0711,0.0,0.0,0.0,5.63,3.45,0.0
20230216:0811,0.0,4.64,5.29,5.87,3.1,0.0
20230216:0911,87542.0,53.77,12.35,6.27,2.69,0.0
20230216:1011,324792.0,158.37,18.01,7.05,2.41,0.0
20230216:1111,194792.0,102.91,21.82,7.9,2.62,0.0
20230216:1211,191932.0,101.98,23.38,8.81,2.97,0.0
20230216:1311,87906.0,54.7,22.54,10.03,4.21,0.0
20230216:1411,942812.0,425.75,19.37,10.03,4.55,0.0
20230216:1511,285168.0,142.47,14.23,9.91,5.03,0.0
20230216:1611,348816.0,173.39,7.54,9.33,5.38,0.0
20230216:1711,0.0,0.0,0.0,8.8,4.97,0.0
20230216:1811,0.0,0.0,0.0,8.42,5.03,0.0
20230216:1911,0.0,0.0,0.0,9.11,4.9,0.0
20230216:2011,0.0,0.0,0.0,9.53,5.17,0.0
20230216:2111,0.0,0.0,0.0,9.92,5.52,0.0
20230216:2211,0.0,0.0,0.0,10.35,5.72,0.0
20230216:2311,0.0,0.0,0.0,10.69,5.86,0.0
20230217:0011,0.0,0.0,0.0,10.96,5.93,0.0
20230217:0111,0.0,0.0,0.0,11.11,6.48,0.0
20230217:0211,0.0,0.0,0.0,11.13,7.31,0.0
20230217:0311,0.0,0.0,0.0,10.98,8.28,0.0
20230217:0411,0.0,0.0,0.0,10.72,9.1,0.0
20230217:0511,0.0,0.0,0.0,10.69,10.28,0.0
20230217:0611,0.0,0.0,0.0,11.03,11.31,0.0
20230217:0711,0.0,0.0,0.0,12.07,12.48,0.0
20230217:0811,159042.0,90.98,5.59,12.05,12.97,0.0
20230217:0911,318864.0,157.63,12.67,11.82,12.97,0.0
20230217:1011,651898.0,297.61,18.34,10.81,10.9,0.0
20230217:1111,1152008.0,510.21,22.16,10.29,10.55,0.0
20230217:1211,1649050.0,730.3,23.73,10.2,9.86,0.0
20230217:1311,1511094.0,671.29,22.88,10.27,8.55,0.0
20230217:1411,1303718.0,580.97,19.71,10.07,7.03,0.0
20230217:1511,568126.0,263.38,14.54,9.69,5.1,0.0
20230217:1611,253838.0,131.13,7.84,9.37,3.79,0.0
20230217:1711,0.0,0.0,0.0,8.26,2.83,0.0
20230217:1811,0.0,0.0,0.0,7.82,2.48,0.0
20230217:1911,0.0,0.0,0.0,8.1,2.34,0.0
20230217:2011,0.0,0.0,0.0,7.99,2.34,0.0
20230217:2111,0.0,0.0,0.0,7.69,2.41,0.0
20230217:2211,0.0,0.0,0.0,7.57,2.34,0.0
20230217:2311,0.0,0.0,0.0,7.42,2.41,0.0
20230218:0011,0.0,0.0,0.0,7.81,2.69,0.0
20230218:0111,0.0,0.0,0.0,9.25,4.55,0.0
20230218:0211,0.0,0.0,0.0,9.9,6.14,0.0
20230218:0311,0.0,0.0,0.0,9.48,6.97,0.0
20230218:0411,0.0,0.0,0.0,9.72,8.41,0.0
20230218:0511,0.0,0.0,0.0,10.21,8.9,0.0
20230218:0611,0.0,0.0,0.0,10.27,8.41,0.0
20230218:0711,0.0,0.0,0.0,10.47,8.21,0.0
20230218:0811,331058.0,170.1,5.9,10.53,8.0,0.0
20230218:0911,433914.0,206.6,12.99,10.57,7.72,0.0
20230218:1011,790764.0,359.05,18.68,10.79,6.34,0.0
20230218:1111,856388.0,388.34,22.51,11.27,6.41,0.0
20230218:1211,867464.0,394.15,24.08,11.81,6.62,0.0
20230218:1311,275548.0,140.04,23.23,11.87,5.17,0.0
20230218:1411,357136.0,175.09,20.04,11.55,4.14,0.0
20230218:1511,139152.0,78.8,14.86,11.12,4.9,0.0
20230218:1611,126984.0,73.58,8.14,10.59,4.76,0.0
20230218:1711,0.0,0.0,0.0,10.15,4.48,0.0
20230218:1811,0.0,0.0,0.0,9.75,4.34,0.0
20230218:1911,0.0,0.0,0.0,9.53,4.28,0.0
20230218:2011,0.0,0.0,0.0,9.5,4.97,0.0
20230218:2111,0.0,0.0,0.0,9.52,5.45,0.0
20230218:2211,0.0,0.0,0.0,9.49,5.45,0.0
20230218:2311,0.0,0.0,0.0,9.35,5.24,0.0
20230219:0011,0.0,0.0,0.0,9.29,5.17,0.0
20230219:0111,0.0,0.0,0.0,8.84,5.1,0.0
20230219:0211,0.0,0.0,0.0,8.38,4.76,0.0
20230219:0311,0.0,0.0,0.0,7.65,3.93,0.0
20230219:0411,0.0,0.0,0.0,7.13,3.38,0.0
20230219:0511,0.0,0.0,0.0,6.81,2.34,0.0
20230219:0611,0.0,0.0,0.0,6.69,1.59,0.0
20230219:0711,0.0,0.0,0.0,6.48,1.93,0.0
20230219:0811,397930.0,198.37,6.21,6.18,2.34,0.0
20230219:0911,995566.0,448.84,13.32,6.49,2.97,0.0
20230219:1011,1446536.0,648.55,19.02,7.13,3.59,0.0
20230219:1111,1636856.0,734.64,22.86,7.94,4.55,0.0
20230219:1211,727922.0,330.39,24.44,9.13,6.14,0.0
20230219:1311,93938.0,57.48,23.58,9.91,6.83,0.0
20230219:1411,189098.0,100.77,20.37,9.84,6.83,0.0
20230219:1511,96044.0,58.41,15.18,9.61,6.55,0.0
20230219:1611,30940.0,25.96,8.44,9.59,7.52,0.0
20230219:1711,0.0,0.0,0.0,8.81,6.83,0.0
20230219:1811,0.0,0.0,0.0,8.21,6.76,0.0
20230219:1911,0.0,0.0,0.0,7.7,6.62,0.0
20230219:2011,0.0,0.0,0.0,7.65,6.9,0.0
20230219:2111,0.0,0.0,0.0,8.08,7.24,0.0
20230219:2211,0.0,0.0,0.0,8.48,7.66,0.0
20230219:2311,0.0,0.0,0.0,8.79,8.07,0.0
20230220:0011,0.0,0.0,0.0,9.23,8.34,0.0
20230220:0111,0.0,0.0,0.0,9.64,8.55,0.0
20230220:0211,0.0,0.0,0.0,9.85,8.62,0.0
20230220:0311,0.0,0.0,0.0,9.82,8.69,0.0
20230220:0411,0.0,0.0,0.0,9.79,8.55,0.0
20230220:0511,0.0,0.0,0.0,9.66,8.28,0.0
20230220:0611,0.0,0.0,0.0,9.52,7.86,0.0
20230220:0711,0.0,0.0,0.0,10.22,8.0,0.0
20230220:0811,78130.0,50.7,6.53,10.39,8.07,0.0
20230220:0911,208338.0,109.31,13.65,10.59,8.07,0.0
20230220:1011,76180.0,49.14,19.37,10.62,6.34,0.0
20230220:1111,389922.0,188.4,23.22,10.78,6.55,0.0
20230220:1211,131300.0,75.1,24.8,10.73,6.07,0.0
20230220:1311,931242.0,420.59,23.93,11.16,6.83,0.0
20230220:1411,1422382.0,638.16,20.71,11.43,7.17,0.0
20230220:1511,999336.0,452.01,15.49,11.35,6.62,0.0
20230220:1611,557908.0,267.54,8.74,10.9,5.1,0.0
20230220:1711,0.0,0.0,0.0,10.48,5.93,0.0
20230220:1811,0.0,0.0,0.0,10.18,5.66,0.0
20230220:1911,0.0,0.0,0.0,10.36,6.0,0.0
20230220:2011,0.0,0.0,0.0,10.19,5.86,0.0
20230220:2111,0.0,0.0,0.0,10.08,5.52,0.0
20230220:2211,0.0,0.0,0.0,10.04,5.17,0.0
20230220:2311,0.0,0.0,0.0,9.83,4.76,0.0
20230221:0011,0.0,0.0,0.0,9.79,4.41,0.0
20230221:0111,0.0,0.0,0.0,9.58,4.0,0.0
20230221:0211,0.0,0.0,0.0,9.51,3.66,0.0
20230221:0311,0.0,0.0,0.0,9.33,3.38,0.0
20230221:0411,0.0,0.0,0.0,9.13,3.1,0.0
20230221:0511,0.0,0.0,0.0,8.95,2.76,0.0
20230221:0611,0.0,0.0,0.0,8.24,2.41,0.0
20230221:0711,0.0,0.0,0.0,7.76,2.55,0.0
20230221:0811,57200.0,39.73,6.85,7.84,2.07,0.0
20230221:0911,201344.0,105.96,13.98,8.84,2.41,0.0
20230221:1011,172588.0,93.64,19.71,9.8,3.79,0.0
20230221:1111,215826.0,113.11,23.57,10.23,4.14,0.0
20230221:1211,66690.0,44.5,25.16,10.49,4.48,0.0
20230221:1311,145600.0,81.59,24.28,10.41,4.62,0.0
20230221:1411,794872.0,362.23,21.05,10.41,4.48,0.0
20230221:1511,775450.0,354.69,15.81,10.28,4.14,0.0
20230221:1611,261300.0,134.4,9.04,9.97,3.66,0.0
20230221:1711,0.0,0.0,0.0,9.45,3.03,0.0
20230221:1811,0.0,0.0,0.0,8.7,2.69,0.0
20230221:1911,0.0,0.0,0.0,8.59,2.48,0.0
20230221:2011,0.0,0.0,0.0,7.75,2.28,0.0
20230221:2111,0.0,0.0,0.0,6.83,2.14,0.0
20230221:2211,0.0,0.0,0.0,6.12,2.21,0.0
20230221:2311,0.0,0.0,0.0,5.71,2.28,0.0
20230222:0011,0.0,0.0,0.0,6.09,2.34,0.0
20230222:0111,0.0,0.0,0.0,6.37,2.41,0.0
20230222:0211,0.0,0.0,0.0,6.56,2.28,0.0
20230222:0311,0.0,0.0,0.0,6.51,2.34,0.0
20230222:0411,0.0,0.0,0.0,6.24,2.34,0.0
20230222:0511,0.0,0.0,0.0,6.23,2.28,0.0
20230222:0611,0.0,0.0,0.0,5.99,2.28,0.0
20230222:0711,0.0,0.0,0.0,5.55,2.28,0.0
20230222:0811,327730.0,165.15,7.17,5.98,2.28,0.0
20230222:0911,75686.0,48.21,14.32,6.49,2.21,0.0
20230222:1011,325390.0,158.68,20.06,7.25,3.66,0.0
20230222:1111,314964.0,154.83,23.94,7.92,4.41,0.0
20230222:1211,84994.0,52.85,25.52,7.81,4.55,0.0
20230222:1311,395824.0,189.02,24.64,7.79,5.24,0.0
20230222:1411,235066.0,119.83,21.39,7.2,5.45,0.0
20230222:1511,307060.0,150.05,16.14,6.74,5.45,0.0
20230222:1611,121758.0,69.76,9.34,6.34,5.1,0.0
20230222:1711,0.0,0.0,0.0,6.09,4.97,0.0
20230222:1811,0.0,0.0,0.0,5.71,4.48,0.0
20230222:1911,0.0,0.0,0.0,5.57,4.76,0.0
20230222:2011,0.0,0.0,0.0,5.36,4.62,0.0
20230222:2111,0.0,0.0,0.0,5.18,5.03,0.0
20230222:2211,0.0,0.0,0.0,4.87,5.66,0.0
20230222:2311,0.0,0.0,0.0,4.84,6.14,0.0
20230223:0011,0.0,0.0,0.0,4.6,6.28,0.0
20230223:0111,0.0,0.0,0.0,4.63,6.28,0.0
20230223:0211,0.0,0.0,0.0,4.34,5.93,0.0
20230223:0311,0.0,0.0,0.0,4.24,5.72,0.0
20230223:0411,0.0,0.0,0.0,3.82,5.45,0.0
20230223:0511,0.0,0.0,0.0,3.57,5.31,0.0
20230223:0611,0.0,0.0,0.0,3.26,4.9,0.0
20230223:0711,0.0,0.0,0.0,3.17,4.69,0.0
20230223:0811,473096.0,226.87,7.5,2.97,4.07,0.0
20230223:0911,1121276.0,496.58,14.66,3.59,3.52,0.0
20230223:1011,1550640.0,687.53,20.42,4.67,3.86,0.0
20230223:1111,1842334.0,829.86,24.3,5.6,3.66,0.0
20230223:1211,1853878.0,841.94,25.89,6.31,3.31,0.0
20230223:1311,1808170.0,824.36,25.0,6.45,2.83,0.0
20230223:1411,1570166.0,710.33,21.73,6.88,2.83,0.0
20230223:1511,1134224.0,510.15,16.46,7.14,3.03,0.0
20230223:1611,626054.0,294.46,9.65,6.95,2.55,0.0
20230223:1711,0.0,1.85,1.77,5.88,2.14,0.0
20230223:1811,0.0,0.0,0.0,4.47,2.55,0.0
20230223:1911,0.0,0.0,0.0,3.79,2.97,0.0
20230223:2011,0.0,0.0,0.0,3.87,3.24,0.0
20230223:2111,0.0,0.0,0.0,3.99,3.52,0.0
20230223:2211,0.0,0.0,0.0,4.76,3.72,0.0
20230223:2311,0.0,0.0,0.0,5.57,4.0,0.0
20230224:0011,0.0,0.0,0.0,6.29,4.41,0.0
20230224:0111,0.0,0.0,0.0,6.62,4.76,0.0
20230224:0211,0.0,0.0,0.0,7.02,5.1,0.0
20230224:0311,0.0,0.0,0.0,7.25,5.24,0.0
20230224:0411,0.0,0.0,0.0,7.29,5.17,0.0
20230224:0511,0.0,0.0,0.0,7.48,5.03,0.0
20230224:0611,0.0,0.0,0.0,7.69,4.83,0.0
20230224:0711,0.0,0.0,0.0,7.72,4.14,0.0
20230224:0811,4108.0,9.27,7.83,7.79,4.14,0.0
20230224:0911,825812.0,373.33,15.0,8.06,4.76,0.0
20230224:1011,1210300.0,539.22,20.78,8.41,5.38,0.0
20230224:1111,373646.0,180.01,24.67,8.44,5.79,0.0
20230224:1211,1304810.0,579.81,26.26,8.6,6.48,0.0
20230224:1311,1450930.0,643.29,25.36,8.3,6.76,0.0
20230224:1411,1043328.0,462.28,22.08,7.81,6.83,0.0
20230224:1511,969722.0,430.57,16.78,7.11,6.55,0.0
20230224:1611,567346.0,265.09,9.95,6.31,5.86,0.0
20230224:1711,0.0,3.71,2.06,5.61,6.34,0.0
20230224:1811,0.0,0.0,0.0,4.93,5.93,0.0
20230224:1911,0.0,0.0,0.0,4.67,5.66,0.0
20230224:2011,0.0,0.0,0.0,4.49,5.86,0.0
20230224:2111,0.0,0.0,0.0,4.42,5.86,0.0
20230224:2211,0.0,0.0,0.0,4.07,5.66,0.0
20230224:2311,0.0,0.0,0.0,3.8,5.52,0.0
20230225:0011,0.0,0.0,0.0,3.63,5.31,0.0
20230225:0111,0.0,0.0,0.0,3.4,5.1,0.0
20230225:0211,0.0,0.0,0.0,3.36,5.17,0.0
20230225:0311,0.0,0.0,0.0,3.35,5.17,0.0
20230225:0411,0.0,0.0,0.0,3.46,5.45,0.0
20230225:0511,0.0,0.0,0.0,3.33,5.31,0.0
20230225:0611,0.0,0.0,0.0,3.05,5.1,0.0
20230225:0711,0.0,0.0,0.0,2.97,5.38,0.0
20230225:0811,228150.0,117.47,8.16,3.21,5.17,0.0
20230225:0911,143494.0,78.56,15.35,4.0,4.69,0.0
20230225:1011,242138.0,121.59,21.14,4.7,6.34,0.0
20230225:1111,739310.0,329.65,25.04,5.62,7.31,0.0
20230225:1211,78052.0,49.14,26.63,5.86,6.9,0.0
20230225:1311,323908.0,157.14,25.72,5.85,6.55,0.0
20230225:1411,148980.0,81.59,22.42,5.95,6.55,0.0
20230225:1511,1108276.0,488.78,17.1,5.94,6.07,0.0
20230225:1611,209768.0,108.84,10.25,5.75,5.72,0.0
20230225:1711,0.0,3.71,2.35,5.11,4.62,0.0
20230225:1811,0.0,0.0,0.0,4.3,4.14,0.0
20230225:1911,0.0,0.0,0.0,4.07,4.62,0.0
20230225:2011,0.0,0.0,0.0,3.88,4.41,0.0
20230225:2111,0.0,0.0,0.0,3.72,4.07,0.0
20230225:2211,0.0,0.0,0.0,4.11,3.93,0.0
20230225:2311,0.0,0.0,0.0,3.94,3.59,0.0
20230226:0011,0.0,0.0,0.0,3.76,3.24,0.0
20230226:0111,0.0,0.0,0.0,3.59,3.17,0.0
20230226:0211,0.0,0.0,0.0,3.29,3.1,0.0
20230226:0311,0.0,0.0,0.0,3.01,3.17,0.0
20230226:0411,0.0,0.0,0.0,3.16,3.24,0.0
20230226:0511,0.0,0.0,0.0,3.1,3.24,0.0
20230226:0611,0.0,0.0,0.0,3.2,3.17,0.0
20230226:0711,0.0,0.0,0.0,3.65,3.66,0.0
20230226:0811,174876.0,93.88,8.5,3.84,3.52,0.0
20230226:0911,505388.0,233.36,15.7,5.06,3.24,0.0
20230226:1011,840632.0,374.12,21.5,6.07,5.38,0.0
20230226:1111,492622.0,228.68,25.41,6.6,5.66,0.0
20230226:1211,431236.0,203.54,27.01,6.98,5.45,0.0
20230226:1311,423618.0,200.46,26.09,7.2,5.17,0.0
20230226:1411,594126.0,272.11,22.77,7.25,4.76,0.0
20230226:1511,1167738.0,520.88,17.43,7.14,4.48,0.0
20230226:1611,188266.0,99.83,10.56,6.72,3.79,0.0
20230226:1711,4186.0,9.27,2.64,6.05,2.97,0.0
20230226:1811,0.0,0.0,0.0,5.06,2.55,0.0
20230226:1911,0.0,0.0,0.0,4.61,3.17,0.0
20230226:2011,0.0,0.0,0.0,4.06,3.17,0.0
20230226:2111,0.0,0.0,0.0,4.3,3.31,0.0
20230226:2211,0.0,0.0,0.0,4.13,3.17,0.0
20230226:2311,0.0,0.0,0.0,4.19,3.1,0.0
20230227:0011,0.0,0.0,0.0,4.24,3.03,0.0
20230227:0111,0.0,0.0,0.0,4.0,2.97,0.0
20230227:0211,0.0,0.0,0.0,4.02,2.97,0.0
20230227:0311,0.0,0.0,0.0,3.76,2.97,0.0
20230227:0411,0.0,0.0,0.0,3.55,3.03,0.0
20230227:0511,0.0,0.0,0.0,3.35,3.03,0.0
20230227:0611,0.0,0.0,0.0,3.41,3.03,0.0
20230227:0711,0.0,0.0,0.0,3.56,3.31,0.0
20230227:0811,290576.0,145.53,8.84,4.12,3.38,0.0
20230227:0911,874848.0,391.72,16.05,5.14,3.24,0.0
20230227:1011,757484.0,339.86,21.87,6.25,4.69,0.0
20230227:1111,654966.0,298.02,25.79,7.06,4.76,0.0
20230227:1211,505180.0,235.04,27.38,7.11,4.9,0.0
20230227:1311,1124656.0,501.24,26.45,7.6,4.9,0.0
20230227:1411,853814.0,382.29,23.12,7.31,5.1,0.0
20230227:1511,1135576.0,505.76,17.75,7.19,4.9,0.0
20230227:1611,689416.0,319.83,10.86,6.75,4.34,0.0
20230227:1711,0.0,3.71,2.93,6.28,4.0,0.0
20230227:1811,0.0,0.0,0.0,5.63,3.72,0.0
20230227:1911,0.0,0.0,0.0,5.65,3.72,0.0
20230227:2011,0.0,0.0,0.0,5.58,3.59,0.0
20230227:2111,0.0,0.0,0.0,5.56,3.45,0.0
20230227:2211,0.0,0.0,0.0,5.61,3.31,0.0
20230227:2311,0.0,0.0,0.0,5.53,3.03,0.0
20230228:0011,0.0,0.0,0.0,5.44,2.76,0.0
20230228:0111,0.0,0.0,0.0,5.25,2.55,0.0
20230228:0211,0.0,0.0,0.0,4.89,2.48,0.0
20230228:0311,0.0,0.0,0.0,4.63,2.69,0.0
20230228:0411,0.0,0.0,0.0,4.33,2.97,0.0
20230228:0511,0.0,0.0,0.0,4.76,3.17,0.0
20230228:0611,0.0,0.0,0.0,5.18,3.52,0.0
20230228:0711,0.0,0.0,0.0,4.9,3.72,0.0
20230228:0811,338234.0,167.07,9.18,5.28,4.14,0.0
20230228:0911,154518.0,84.0,16.41,5.73,4.83,0.0
20230228:1011,238628.0,120.96,22.24,6.33,6.28,0.0
20230228:1111,354380.0,170.81,26.17,6.88,6.21,0.0
20230228:1211,796198.0,357.09,27.76,7.24,6.41,0.0
20230228:1311,292630.0,144.99,26.82,7.77,7.17,0.0
20230228:1411,216866.0,112.18,23.46,7.7,6.62,0.0
20230228:1511,256984.0,129.22,18.08,7.61,6.69,0.0
20230228:1611,259272.0,131.18,11.17,7.33,5.79,0.0
20230228:1711,884.0,6.49,3.22,6.76,5.79,0.0
20230228:1811,0.0,0.0,0.0,6.47,5.59,0.0
20230228:1911,0.0,0.0,0.0,6.13,5.45,0.0
20230228:2011,0.0,0.0,0.0,5.96,5.24,0.0
20230228:2111,0.0,0.0,0.0,6.1,5.1,0.0
20230228:2211,0.0,0.0,0.0,5.98,4.76,0.0
20230228:2311,0.0,0.0,0.0,5.92,4.76,0.0
20230301:0011,0.0,0.0,0.0,5.9,4.9,0.0
20230301:0111,0.0,0.0,0.0,5.78,5.03,0.0
20230301:0211,0.0,0.0,0.0,5.54,5.03,0.0
20230301:0311,0.0,0.0,0.0,5.54,4.9,0.0
20230301:0411,0.0,0.0,0.0,5.55,4.69,0.0
20230301:0511,0.0,0.0,0.0,5.33,4.55,0.0
20230301:0611,0.0,0.0,0.0,5.32,4.69,0.0
20230301:0711,0.0,0.0,0.0,5.25,4.76,0.0
20230301:0811,213382.0,111.3,9.53,5.53,5.03,0.0
20230301:0911,247494.0,124.37,16.77,5.82,5.1,0.0
20230301:1011,769600.0,343.46,22.61,6.35,6.9,0.0
20230301:1111,335920.0,162.82,26.55,6.91,7.31,0.0
20230301:1211,150280.0,82.51,28.14,7.08,6.97,0.0
20230301:1311,592462.0,271.06,27.19,7.51,7.45,0.0
20230301:1411,437762.0,205.96,23.81,7.67,7.66,0.0
20230301:1511,323362.0,157.3,18.41,7.27,6.69,0.0
20230301:1611,231426.0,118.72,11.47,7.08,6.62,0.0
20230301:1711,0.0,5.56,3.51,6.65,6.07,0.0
20230301:1811,0.0,0.0,0.0,6.12,5.59,0.0
20230301:1911,0.0,0.0,0.0,5.89,5.38,0.0
20230301:2011,0.0,0.0,0.0,5.79,5.17,0.0
20230301:2111,0.0,0.0,0.0,5.59,4.9,0.0
20230301:2211,0.0,0.0,0.0,5.34,4.41,0.0
20230301:2311,0.0,0.0,0.0,5.24,3.93,0.0
20230302:0011,0.0,0.0,0.0,4.96,3.24,0.0
20230302:0111,0.0,0.0,0.0,4.37,2.62,0.0
20230302:0211,0.0,0.0,0.0,3.99,2.28,0.0
20230302:0311,0.0,0.0,0.0,3.84,2.14,0.0
20230302:0411,0.0,0.0,0.0,3.35,2.14,0.0
20230302:0511,0.0,0.0,0.0,3.12,2.14,0.0
20230302:0611,0.0,0.0,0.0,2.95,2.07,0.0
20230302:0711,0.0,0.93,1.72,2.77,1.93,0.0
20230302:0811,69108.0,44.5,9.88,3.19,1.66,0.0
20230302:0911,108290.0,63.04,17.13,4.57,2.0,0.0
20230302:1011,192530.0,101.05,22.99,5.72,2.28,0.0
20230302:1111,347230.0,168.32,26.93,6.23,2.34,0.0
20230302:1211,135772.0,76.02,28.52,6.39,2.07,0.0
20230302:1311,300378.0,148.66,27.56,6.65,1.86,0.0
20230302:1411,168428.0,90.86,24.16,6.78,1.66,0.0
20230302:1511,208520.0,108.49,18.73,6.74,1.79,0.0
20230302:1611,128128.0,72.69,11.78,6.54,2.0,0.0
20230302:1711,910.0,6.49,3.8,6.17,1.93,0.0
20230302:1811,0.0,0.0,0.0,5.3,1.86,0.0
20230302:1911,0.0,0.0,0.0,4.44,1.86,0.0
20230302:2011,0.0,0.0,0.0,3.9,1.72,0.0
20230302:2111,0.0,0.0,0.0,2.97,1.79,0.0
20230302:2211,0.0,0.0,0.0,2.49,1.59,0.0
20230302:2311,0.0,0.0,0.0,1.65,1.86,0.0
20230303:0011,0.0,0.0,0.0,1.47,1.72,0.0
20230303:0111,0.0,0.0,0.0,1.63,1.72,0.0
20230303:0211,0.0,0.0,0.0,1.76,1.79,0.0
20230303:0311,0.0,0.0,0.0,1.89,1.93,0.0
20230303:0411,0.0,0.0,0.0,1.92,2.14,0.0
20230303:0511,0.0,0.0,0.0,2.25,2.21,0.0
20230303:0611,0.0,0.0,0.0,2.03,2.41,0.0
20230303:0711,0.0,0.93,2.06,2.39,2.55,0.0
20230303:0811,84474.0,51.75,10.23,2.93,2.55,0.0
20230303:0911,201734.0,104.35,17.49,4.46,2.9,0.0
20230303:1011,285636.0,141.12,23.36,5.85,4.14,0.0
20230303:1111,217594.0,112.18,27.32,6.49,4.0,0.0
20230303:1211,150046.0,82.51,28.91,6.92,3.66,0.0
20230303:1311,244244.0,124.23,27.93,7.22,3.52,0.0
20230303:1411,214422.0,111.25,24.51,7.37,3.45,0.0
20230303:1511,204308.0,106.55,19.06,7.09,3.59,0.0
20230303:1611,139646.0,77.86,12.09,6.67,3.72,0.0
20230303:1711,3016.0,8.34,4.09,6.03,3.17,0.0
20230303:1811,0.0,0.0,0.0,5.12,2.97,0.0
20230303:1911,0.0,0.0,0.0,4.38,2.83,0.0
20230303:2011,0.0,0.0,0.0,4.02,2.97,0.0
20230303:2111,0.0,0.0,0.0,3.61,2.83,0.0
20230303:2211,0.0,0.0,0.0,3.22,2.69,0.0
20230303:2311,0.0,0.0,0.0,3.31,2.55,0.0
20230304:0011,0.0,0.0,0.0,3.13,2.34,0.0
20230304:0111,0.0,0.0,0.0,3.09,2.21,0.0
20230304:0211,0.0,0.0,0.0,2.8,2.34,0.0
20230304:0311,0.0,0.0,0.0,2.59,2.48,0.0
20230304:0411,0.0,0.0,0.0,2.37,2.62,0.0
20230304:0511,0.0,0.0,0.0,2.25,2.69,0.0
20230304:0611,0.0,0.0,0.0,2.12,2.62,0.0
20230304:0711,0.0,1.85,2.4,1.85,2.55,0.0
20230304:0811,153790.0,83.32,10.58,2.52,2.34,0.0
20230304:0911,256516.0,127.6,17.86,3.81,2.76,0.0
20230304:1011,267930.0,133.24,23.74,4.85,2.83,0.0
20230304:1111,479960.0,224.58,27.7,6.19,2.83,0.0
20230304:1211,1212328.0,546.43,29.29,7.23,2.83,0.0
20230304:1311,1536470.0,698.24,28.3,7.28,2.69,0.0
20230304:1411,594438.0,274.27,24.86,7.54,2.97,0.0
20230304:1511,462592.0,217.35,19.39,7.26,3.17,0.0
20230304:1611,91208.0,55.63,12.39,6.9,3.03,0.0
20230304:1711,1924.0,7.42,4.38,6.33,2.34,0.0
20230304:1811,0.0,0.0,0.0,5.22,2.14,0.0
20230304:1911,0.0,0.0,0.0,4.71,1.66,0.0
20230304:2011,0.0,0.0,0.0,4.28,1.66,0.0
20230304:2111,0.0,0.0,0.0,3.98,1.59,0.0
20230304:2211,0.0,0.0,0.0,3.56,1.59,0.0
20230304:2311,0.0,0.0,0.0,2.48,2.0,0.0
20230305:0011,0.0,0.0,0.0,1.6,2.0,0.0
20230305:0111,0.0,0.0,0.0,1.09,2.07,0.0
20230305:0211,0.0,0.0,0.0,0.54,2.14,0.0
20230305:0311,0.0,0.0,0.0,0.32,2.14,0.0
20230305:0411,0.0,0.0,0.0,0.7,2.07,0.0
20230305:0511,0.0,0.0,0.0,0.66,2.0,0.0
20230305:0611,0.0,0.0,0.0,0.39,1.93,0.0
20230305:0711,0.0,3.71,2.75,0.91,1.72,0.0
20230305:0811,86684.0,52.53,10.94,1.56,1.52,0.0
20230305:0911,374582.0,177.12,18.23,2.7,1.72,0.0
20230305:1011,388908.0,183.92,24.12,3.49,2.0,0.0
20230305:1111,709098.0,320.58,28.09,4.41,2.14,0.0
20230305:1211,561860.0,259.0,29.68,5.14,2.14,0.0
20230305:1311,667160.0,304.23,28.68,5.57,2.21,0.0
20230305:1411,179868.0,95.49,25.22,5.87,2.62,0.0
20230305:1511,105534.0,62.12,19.71,6.04,2.41,0.0
20230305:1611,180596.0,96.12,12.7,6.14,2.14,0.0
20230305:1711,39052.0,31.56,4.67,5.93,1.38,0.0
20230305:1811,0.0,0.0,0.0,5.02,1.38,0.0
20230305:1911,0.0,0.0,0.0,3.36,1.59,0.0
20230305:2011,0.0,0.0,0.0,1.75,1.72,0.0
20230305:2111,0.0,0.0,0.0,0.94,1.66,0.0
20230305:2211,0.0,0.0,0.0,0.97,1.31,0.0
20230305:2311,0.0,0.0,0.0,1.61,0.83,0.0
20230306:0011,0.0,0.0,0.0,1.63,0.55,0.0
20230306:0111,0.0,0.0,0.0,0.55,0.97,0.0
20230306:0211,0.0,0.0,0.0,-0.84,1.31,0.0
20230306:0311,0.0,0.0,0.0,-0.81,1.52,0.0
20230306:0411,0.0,0.0,0.0,0.22,1.79,0.0
20230306:0511,0.0,0.0,0.0,0.9,2.14,0.0
20230306:0611,0.0,0.0,0.0,1.61,2.48,0.0
20230306:0711,26.0,5.56,3.1,2.28,2.41,0.0
20230306:0811,87776.0,53.39,11.3,3.6,2.9,0.0
20230306:0911,397046.0,187.08,18.6,4.43,3.79,0.0
20230306:1011,739908.0,331.51,24.51,5.58,5.1,0.0
20230306:1111,969800.0,432.51,28.48,6.29,4.28,0.0
20230306:1211,892450.0,399.5,30.07,6.99,5.1,0.0
20230306:1311,1255228.0,558.1,29.05,7.38,5.31,0.0
20230306:1411,564616.0,259.64,25.57,7.08,5.31,0.0
20230306:1511,763698.0,342.6,20.04,6.09,4.9,0.0
20230306:1611,343226.0,166.3,13.0,5.25,4.14,0.0
20230306:1711,16900.0,17.62,4.96,4.51,3.31,0.0
20230306:1811,0.0,0.0,0.0,3.08,2.76,0.0
20230306:1911,0.0,0.0,0.0,2.37,2.0,0.0
20230306:2011,0.0,0.0,0.0,1.4,2.21,0.0
20230306:2111,0.0,0.0,0.0,0.72,2.28,0.0
20230306:2211,0.0,0.0,0.0,0.0,2.41,0.0
20230306:2311,0.0,0.0,0.0,-0.47,2.48,0.0
20230307:0011,0.0,0.0,0.0,-0.98,2.55,0.0
20230307:0111,0.0,0.0,0.0,-1.26,2.69,0.0
20230307:0211,0.0,0.0,0.0,-1.53,2.83,0.0
20230307:0311,0.0,0.0,0.0,-1.82,2.9,0.0
20230307:0411,0.0,0.0,0.0,-2.14,2.9,0.0
20230307:0511,0.0,0.0,0.0,-2.52,2.97,0.0
20230307:0611,0.0,0.0,0.0,-2.64,3.17,0.0
20230307:0711,16978.0,18.09,3.45,-2.5,3.17,0.0
20230307:0811,697398.0,316.4,11.66,-1.25,2.97,0.0
20230307:0911,1278134.0,556.36,18.97,0.36,3.66,0.0
20230307:1011,1724866.0,756.38,24.89,1.74,4.21,0.0
20230307:1111,1526590.0,671.48,28.88,2.91,4.07,0.0
20230307:1211,2086864.0,942.52,30.46,3.74,3.72,0.0
20230307:1311,2030886.0,918.73,29.43,4.35,3.59,0.0
20230307:1411,1672944.0,748.13,25.92,4.64,3.38,0.0
20230307:1511,534508.0,245.19,20.37,4.64,3.38,0.0
20230307:1611,46150.0,33.38,13.31,4.24,3.31,0.0
20230307:1711,186576.0,112.06,5.25,3.3,2.41,0.0
20230307:1811,0.0,0.0,0.0,1.98,1.93,0.0
20230307:1911,0.0,0.0,0.0,0.56,1.45,0.0
20230307:2011,0.0,0.0,0.0,-0.73,1.31,0.0
20230307:2111,0.0,0.0,0.0,-2.47,1.66,0.0
20230307:2211,0.0,0.0,0.0,-3.43,1.66,0.0
20230307:2311,0.0,0.0,0.0,-3.68,1.38,0.0
20230308:0011,0.0,0.0,0.0,-3.74,1.24,0.0
20230308:0111,0.0,0.0,0.0,-3.68,1.1,0.0
20230308:0211,0.0,0.0,0.0,-3.92,1.1,0.0
20230308:0311,0.0,0.0,0.0,-4.88,1.38,0.0
20230308:0411,0.0,0.0,0.0,-5.25,1.66,0.0
20230308:0511,0.0,0.0,0.0,-5.03,1.86,0.0
20230308:0611,0.0,0.0,0.0,-4.86,1.93,0.0
20230308:0711,7202.0,11.13,3.81,-4.52,2.14,0.0
20230308:0811,305032.0,146.53,12.02,-2.47,1.86,0.0
20230308:0911,725608.0,322.16,19.35,0.69,2.21,0.0
20230308:1011,1009892.0,444.04,25.28,2.15,2.97,0.0
20230308:1111,1714128.0,761.72,29.27,2.97,3.45,0.0
20230308:1211,885924.0,393.1,30.85,3.62,3.66,0.0
20230308:1311,477256.0,221.01,29.8,3.82,3.66,0.0
20230308:1411,462410.0,214.31,26.27,3.72,3.79,0.0
20230308:1511,377702.0,178.2,20.7,3.25,3.72,0.0
20230308:1611,234728.0,118.12,13.61,2.69,3.24,0.0
20230308:1711,57564.0,40.49,5.54,1.91,2.76,0.0
20230308:1811,0.0,0.0,0.0,0.81,2.55,0.0
20230308:1911,0.0,0.0,0.0,0.55,2.41,0.0
20230308:2011,0.0,0.0,0.0,0.02,2.41,0.0
20230308:2111,0.0,0.0,0.0,-0.1,2.28,0.0
20230308:2211,0.0,0.0,0.0,-0.29,2.34,0.0
20230308:2311,0.0,0.0,0.0,-0.36,2.34,0.0
20230309:0011,0.0,0.0,0.0,-0.65,2.34,0.0
20230309:0111,0.0,0.0,0.0,-0.92,2.34,0.0
20230309:0211,0.0,0.0,0.0,-1.34,2.41,0.0
20230309:0311,0.0,0.0,0.0,-1.65,2.48,0.0
20230309:0411,0.0,0.0,0.0,-1.65,2.41,0.0
20230309:0511,0.0,0.0,0.0,-1.59,2.34,0.0
20230309:0611,0.0,0.0,0.0,-1.49,2.34,0.0
20230309:0711,3224.0,8.34,4.16,-0.94,2.34,0.0
20230309:0811,76128.0,47.28,12.39,0.18,2.21,0.0
20230309:0911,118196.0,66.75,19.73,1.59,2.34,0.0
20230309:1011,241202.0,120.52,25.67,2.33,3.17,0.0
20230309:1111,232830.0,116.82,29.67,2.39,4.34,0.0
20230309:1211,325442.0,155.91,31.24,2.11,4.28,0.0
20230309:1311,350818.0,166.32,30.18,1.95,4.83,0.0
20230309:1411,309270.0,148.76,26.62,1.79,4.69,0.0
20230309:1511,118404.0,66.75,21.02,1.59,4.76,0.0
20230309:1611,63986.0,41.72,13.92,1.49,4.9,0.0
20230309:1711,74568.0,49.2,5.83,1.27,4.69,0.0
20230309:1811,0.0,0.0,0.0,1.17,4.83,0.0
20230309:1911,0.0,0.0,0.0,1.2,5.17,0.0
20230309:2011,0.0,0.0,0.0,1.09,5.38,0.0
20230309:2111,0.0,0.0,0.0,1.18,5.66,0.0
20230309:2211,0.0,0.0,0.0,1.19,5.86,0.0
20230309:2311,0.0,0.0,0.0,1.16,6.07,0.0
20230310:0011,0.0,0.0,0.0,1.13,6.14,0.0
20230310:0111,0.0,0.0,0.0,1.05,6.28,0.0
20230310:0211,0.0,0.0,0.0,0.96,6.41,0.0
20230310:0311,0.0,0.0,0.0,0.88,6.34,0.0
20230310:0411,0.0,0.0,0.0,0.84,6.21,0.0
20230310:0511,0.0,0.0,0.0,0.77,5.79,0.0
20230310:0611,0.0,0.0,0.0,0.61,5.72,0.0
20230310:0711,1014.0,6.49,4.52,0.62,5.79,0.0
20230310:0811,78052.0,48.21,12.75,0.77,5.45,0.0
20230310:0911,309738.0,148.2,20.1,1.13,5.1,0.0
20230310:1011,501332.0,228.18,26.06,1.67,4.62,0.0
20230310:1111,1123486.0,488.23,30.06,2.05,5.38,0.0
20230310:1211,1688674.0,736.93,31.64,2.32,5.52,0.0
20230310:1311,1858688.0,817.44,30.56,2.58,5.03,0.0
20230310:1411,1767766.0,777.78,26.98,2.84,4.62,0.0
20230310:1511,1411696.0,619.85,21.35,2.87,4.07,0.0
20230310:1611,379418.0,179.99,14.22,2.59,3.1,0.0
20230310:1711,224432.0,127.87,6.12,1.53,1.93,0.0
20230310:1811,0.0,0.0,0.0,0.36,1.24,0.0
20230310:1911,0.0,0.0,0.0,-1.27,1.59,0.0
20230310:2011,0.0,0.0,0.0,-3.48,2.0,0.0
20230310:2111,0.0,0.0,0.0,-4.1,2.07,0.0
20230310:2211,0.0,0.0,0.0,-4.99,2.21,0.0
20230310:2311,0.0,0.0,0.0,-3.92,1.93,0.0
20230311:0011,0.0,0.0,0.0,-3.44,1.72,0.0
20230311:0111,0.0,0.0,0.0,-4.11,1.79,0.0
20230311:0211,0.0,0.0,0.0,-4.94,1.86,0.0
20230311:0311,0.0,0.0,0.0,-5.27,1.79,0.0
20230311:0411,0.0,0.0,0.0,-4.74,1.66,0.0
20230311:0511,0.0,0.0,0.0,-3.77,1.52,0.0
20230311:0611,0.0,0.0,0.0,-4.12,1.52,0.0
20230311:0711,31382.0,26.31,4.88,-2.0,1.45,0.0
20230311:0811,456482.0,213.25,13.12,-0.02,1.17,0.0
20230311:0911,1045044.0,465.54,20.48,2.1,1.31,0.0
20230311:1011,982696.0,431.56,26.45,0.11,1.79,0.0
20230311:1111,738504.0,334.21,30.46,5.02,2.34,0.0
20230311:1211,1130896.0,506.35,32.03,5.22,2.55,0.0
20230311:1311,1160510.0,520.11,30.93,5.63,2.62,0.0
20230311:1411,536250.0,248.18,27.33,5.89,2.83,0.0
20230311:1511,576732.0,264.77,21.67,5.74,2.83,0.0
20230311:1611,152412.0,83.12,14.52,5.32,2.83,0.0
20230311:1711,21658.0,20.4,6.41,4.63,2.55,0.0
20230311:1811,0.0,0.0,0.0,3.42,2.55,0.0
20230311:1911,0.0,0.0,0.0,3.09,3.38,0.0
20230311:2011,0.0,0.0,0.0,2.21,4.21,0.0
20230311:2111,0.0,0.0,0.0,2.04,4.76,0.0
20230311:2211,0.0,0.0,0.0,1.33,4.97,0.0
20230311:2311,0.0,0.0,0.0,1.06,5.24,0.0
20230312:0011,0.0,0.0,0.0,1.01,5.31,0.0
20230312:0111,0.0,0.0,0.0,0.79,5.1,0.0
20230312:0211,0.0,0.0,0.0,0.92,4.21,0.0
20230312:0311,0.0,0.0,0.0,1.44,3.31,0.0
20230312:0411,0.0,0.0,0.0,3.4,3.31,0.0
20230312:0511,0.0,0.0,0.0,6.4,5.45,0.0
20230312:0611,0.0,0.0,0.0,7.04,6.07,0.0
20230312:0711,13598.0,15.76,5.24,7.44,5.86,0.0
20230312:0811,426270.0,204.66,13.49,7.71,6.07,0.0
20230312:0911,1190410.0,531.68,20.86,8.44,5.79,0.0
20230312:1011,697736.0,317.85,26.84,9.8,8.62,0.0
20230312:1111,97708.0,59.33,30.86,10.38,8.76,0.0
20230312:1211,842608.0,382.21,32.42,10.4,7.38,0.0
20230312:1311,1493986.0,672.32,31.31,10.62,6.48,0.0
20230312:1411,578682.0,270.16,27.68,11.1,6.0,0.0
20230312:1511,167804.0,91.78,22.0,10.98,6.14,0.0
20230312:1611,204126.0,108.09,14.83,10.67,5.31,0.0
20230312:1711,4030.0,9.27,6.7,10.45,5.79,0.0
20230312:1811,0.0,0.0,0.0,9.6,5.59,0.0
20230312:1911,0.0,0.0,0.0,9.49,5.03,0.0
20230312:2011,0.0,0.0,0.0,9.28,4.83,0.0
20230312:2111,0.0,0.0,0.0,9.05,4.48,0.0
20230312:2211,0.0,0.0,0.0,8.8,4.83,0.0
20230312:2311,0.0,0.0,0.0,8.92,5.31,0.0
20230313:0011,0.0,0.0,0.0,9.26,5.66,0.0
20230313:0111,0.0,0.0,0.0,10.1,6.34,0.0
20230313:0211,0.0,0.0,0.0,10.85,7.24,0.0
20230313:0311,0.0,0.0,0.0,11.18,7.79,0.0
20230313:0411,0.0,0.0,0.0,11.3,8.14,0.0
20230313:0511,0.0,0.0,0.0,11.51,8.97,0.0
20230313:0611,0.0,0.0,0.0,11.35,8.69,0.0
20230313:0711,1820.0,7.42,5.61,10.52,8.69,0.0
20230313:0811,210470.0,110.74,13.86,10.22,9.1,0.0
20230313:0911,501410.0,234.84,21.25,10.16,9.31,0.0
20230313:1011,340054.0,166.69,27.24,10.23,8.9,0.0
20230313:1111,698126.0,319.63,31.26,10.48,8.48,0.0
20230313:1211,544180.0,255.25,32.82,10.87,7.31,0.0
20230313:1311,99398.0,60.26,31.69,10.92,8.41,0.0
20230313:1411,237120.0,122.38,28.03,10.65,8.21,0.0
20230313:1511,176618.0,95.49,22.33,10.49,7.45,0.0
20230313:1611,16328.0,17.62,15.13,10.24,7.59,0.0
20230313:1711,832.0,6.49,6.98,9.81,6.76,0.0
20230313:1811,0.0,0.0,0.0,9.47,5.31,0.0
20230313:1911,0.0,0.0,0.0,8.57,4.41,0.0
20230313:2011,0.0,0.0,0.0,6.61,4.97,0.0
20230313:2111,0.0,0.0,0.0,4.65,5.38,0.0
20230313:2211,0.0,0.0,0.0,3.82,5.45,0.0
20230313:2311,0.0,0.0,0.0,3.61,5.93,0.0
20230314:0011,0.0,0.0,0.0,3.4,6.14,0.0
20230314:0111,0.0,0.0,0.0,3.38,5.93,0.0
20230314:0211,0.0,0.0,0.0,3.33,5.31,0.0
20230314:0311,0.0,0.0,0.0,3.23,5.17,0.0
20230314:0411,0.0,0.0,0.0,2.78,5.31,0.0
20230314:0511,0.0,0.0,0.0,2.27,5.1,0.0
20230314:0611,0.0,0.0,0.0,1.65,4.41,0.0
20230314:0711,183768.0,111.26,5.97,1.19,3.17,0.0
20230314:0811,513370.0,237.59,14.23,1.63,2.9,0.0
20230314:0911,1248468.0,548.11,21.63,2.88,4.0,0.0
20230314:1011,1614288.0,711.82,27.63,4.29,4.83,0.0
20230314:1111,2075034.0,925.72,31.66,5.42,5.93,0.0
20230314:1211,1539720.0,679.91,33.21,6.16,6.41,0.0
20230314:1311,658138.0,297.86,32.07,5.94,6.69,0.0
20230314:1411,660062.0,297.62,28.39,5.47,6.55,0.0
20230314:1511,164112.0,88.08,22.65,5.25,5.93,0.0
20230314:1611,728858.0,331.43,15.43,4.89,5.03,0.0
20230314:1711,61464.0,41.58,7.27,4.12,4.21,0.0
20230314:1811,0.0,0.0,0.0,3.09,3.38,0.0
20230314:1911,0.0,0.0,0.0,2.12,2.76,0.0
20230314:2011,0.0,0.0,0.0,1.45,2.28,0.0
20230314:2111,0.0,0.0,0.0,0.45,1.86,0.0
20230314:2211,0.0,0.0,0.0,-0.62,2.0,0.0
20230314:2311,0.0,0.0,0.0,-1.85,2.14,0.0
20230315:0011,0.0,0.0,0.0,-2.67,2.0,0.0
20230315:0111,0.0,0.0,0.0,-3.63,1.79,0.0
20230315:0211,0.0,0.0,0.0,-4.53,1.66,0.0
20230315:0311,0.0,0.0,0.0,-5.2,1.59,0.0
20230315:0411,0.0,0.0,0.0,-5.49,1.52,0.0
20230315:0511,0.0,0.0,0.0,-5.6,1.45,0.0
20230315:0611,0.0,0.0,0.0,-5.57,1.45,0.0
20230315:0711,143000.0,84.87,6.33,-4.63,1.59,0.0
20230315:0811,415246.0,193.07,14.61,-1.82,1.52,0.0
20230315:0911,1212718.0,534.67,22.01,1.05,2.07,0.0
20230315:1011,1259648.0,556.17,28.03,3.24,3.1,0.0
20230315:1111,1550874.0,691.16,32.06,4.82,3.72,0.0
20230315:1211,1460108.0,650.94,33.61,5.95,4.28,0.0
20230315:1311,878826.0,394.02,32.44,6.54,4.69,0.0
20230315:1411,619788.0,283.47,28.74,6.56,4.28,0.0
20230315:1511,285610.0,141.43,22.97,6.34,4.0,0.0
20230315:1611,93678.0,56.55,15.73,5.97,3.79,0.0
20230315:1711,47684.0,34.58,7.55,5.21,3.66,0.0
20230315:1811,0.0,0.0,0.0,4.14,4.0,0.0
20230315:1911,0.0,0.0,0.0,4.18,4.62,0.0
20230315:2011,0.0,0.0,0.0,4.25,5.1,0.0
20230315:2111,0.0,0.0,0.0,4.56,5.24,0.0
20230315:2211,0.0,0.0,0.0,4.94,5.24,0.0
20230315:2311,0.0,0.0,0.0,5.39,5.31,0.0
20230316:0011,0.0,0.0,0.0,5.8,5.1,0.0
20230316:0111,0.0,0.0,0.0,6.12,4.9,0.0
20230316:0211,0.0,0.0,0.0,6.51,5.03,0.0
20230316:0311,0.0,0.0,0.0,6.94,5.38,0.0
20230316:0411,0.0,0.0,0.0,7.47,5.52,0.0
20230316:0511,0.0,0.0,0.0,8.06,5.52,0.0
20230316:0611,0.0,0.0,0.0,8.43,5.31,0.0
20230316:0711,26026.0,23.18,6.7,8.88,5.31,0.0
20230316:0811,360802.0,176.73,14.98,9.12,5.1,0.0
20230316:0911,94068.0,57.48,22.4,9.51,5.38,0.0
20230316:1011,137956.0,77.88,28.42,9.81,5.66,0.0
20230316:1111,78234.0,50.06,32.46,10.21,6.07,0.0
20230316:1211,173966.0,94.56,34.01,10.95,5.72,0.0
20230316:1311,390962.0,190.35,32.82,11.67,6.55,0.0
20230316:1411,218998.0,114.96,29.09,11.61,6.34,0.0
20230316:1511,416858.0,200.55,23.3,11.13,6.07,0.0
20230316:1611,150046.0,83.65,16.03,10.64,5.79,0.0
20230316:1711,24154.0,22.25,7.84,10.45,5.66,0.0
20230316:1811,0.0,0.0,0.0,10.15,5.31,0.0
20230316:1911,0.0,0.0,0.0,10.42,5.45,0.0
20230316:2011,0.0,0.0,0.0,10.16,5.1,0.0
20230316:2111,0.0,0.0,0.0,9.87,4.83,0.0
20230316:2211,0.0,0.0,0.0,9.51,4.48,0.0
20230316:2311,0.0,0.0,0.0,9.39,4.28,0.0
20230317:0011,0.0,0.0,0.0,9.34,3.93,0.0
20230317:0111,0.0,0.0,0.0,9.48,3.79,0.0
20230317:0211,0.0,0.0,0.0,9.54,3.66,0.0
20230317:0311,0.0,0.0,0.0,9.43,3.52,0.0
20230317:0411,0.0,0.0,0.0,9.32,3.45,0.0
20230317:0511,0.0,0.0,0.0,9.03,3.17,0.0
20230317:0611,0.0,0.0,0.0,8.97,3.1,0.0
20230317:0711,71292.0,48.37,7.07,8.98,3.24,0.0
20230317:0811,569556.0,270.39,15.36,9.42,2.9,0.0
20230317:0911,1070524.0,485.95,22.78,10.55,4.48,0.0
20230317:1011,1732120.0,795.27,28.82,11.57,4.55,0.0
20230317:1111,259506.0,133.5,32.87,12.3,4.62,0.0
20230317:1211,410722.0,200.49,34.4,12.69,4.34,0.0
20230317:1311,1271010.0,584.93,33.2,13.11,4.21,0.0
20230317:1411,1668940.0,776.28,29.44,13.28,3.79,0.0
20230317:1511,869778.0,403.55,23.62,13.47,3.52,0.0
20230317:1611,157664.0,88.24,16.33,13.37,3.17,0.0
20230317:1711,266162.0,152.88,8.12,11.81,2.21,0.0
20230317:1811,0.0,0.0,0.0,10.72,2.28,0.0
20230317:1911,0.0,0.0,0.0,9.42,2.41,0.0
20230317:2011,0.0,0.0,0.0,8.66,2.41,0.0
20230317:2111,0.0,0.0,0.0,8.11,2.34,0.0
20230317:2211,0.0,0.0,0.0,7.41,2.55,0.0
20230317:2311,0.0,0.0,0.0,6.99,2.41,0.0
20230318:0011,0.0,0.0,0.0,6.89,2.28,0.0
20230318:0111,0.0,0.0,0.0,6.74,2.21,0.0
20230318:0211,0.0,0.0,0.0,6.71,2.21,0.0
20230318:0311,0.0,0.0,0.0,6.94,2.14,0.0
20230318:0411,0.0,0.0,0.0,6.69,2.14,0.0
20230318:0511,0.0,0.0,0.0,6.68,2.07,0.0
20230318:0611,0.0,0.0,0.0,6.81,2.0,0.0
20230318:0711,12194.0,14.83,7.43,6.54,1.66,0.0
20230318:0811,73086.0,47.28,15.73,8.19,1.86,0.0
20230318:0911,131690.0,75.1,23.17,9.55,2.41,0.0
20230318:1011,372840.0,182.98,29.22,10.87,2.21,0.0
20230318:1111,347308.0,172.47,33.27,11.79,2.76,0.0
20230318:1211,448344.0,217.29,34.8,12.41,3.17,0.0
20230318:1311,163956.0,90.86,33.58,12.67,3.03,0.0
20230318:1411,54704.0,38.94,29.79,13.18,3.03,0.0
20230318:1511,38766.0,30.59,23.94,13.22,2.97,0.0
20230318:1611,411060.0,202.01,16.63,12.92,2.9,0.0
20230318:1711,46020.0,34.3,8.41,12.04,2.34,0.0
20230318:1811,0.0,0.0,0.0,10.98,2.55,0.0
20230318:1911,0.0,0.0,0.0,10.04,2.9,0.0
20230318:2011,0.0,0.0,0.0,9.32,3.24,0.0
20230318:2111,0.0,0.0,0.0,8.84,3.24,0.0
20230318:2211,0.0,0.0,0.0,8.36,3.52,0.0
20230318:2311,0.0,0.0,0.0,7.95,4.0,0.0
20230319:0011,0.0,0.0,0.0,7.49,4.21,0.0
20230319:0111,0.0,0.0,0.0,6.9,4.14,0.0
20230319:0211,0.0,0.0,0.0,6.39,4.0,0.0
20230319:0311,0.0,0.0,0.0,5.88,3.79,0.0
20230319:0411,0.0,0.0,0.0,5.55,3.52,0.0
20230319:0511,0.0,0.0,0.0,5.58,3.03,0.0
20230319:0611,0.0,0.0,0.0,5.51,2.97,0.0
20230319:0711,233870.0,135.53,7.8,5.64,2.62,0.0
20230319:0811,815230.0,376.25,16.11,6.82,3.31,0.0
20230319:0911,1372566.0,619.22,23.56,7.71,3.45,0.0
20230319:1011,1723670.0,791.32,29.61,8.52,2.9,0.0
20230319:1111,1502462.0,688.44,33.67,9.53,3.03,0.0
20230319:1211,1155206.0,528.44,35.2,10.23,3.03,0.0
20230319:1311,1524744.0,701.8,33.95,10.41,3.1,0.0
20230319:1411,628862.0,292.93,30.14,10.56,3.79,0.0
20230319:1511,790270.0,362.29,24.26,10.22,3.79,0.0
20230319:1611,117702.0,68.61,16.93,9.75,4.14,0.0
20230319:1711,97734.0,60.72,8.69,8.96,4.28,0.0
20230319:1811,0.0,0.0,0.0,8.01,3.52,0.0
20230319:1911,0.0,0.0,0.0,7.57,3.24,0.0
20230319:2011,0.0,0.0,0.0,7.14,2.28,0.0
20230319:2111,0.0,0.0,0.0,6.62,1.79,0.0
20230319:2211,0.0,0.0,0.0,5.87,2.21,0.0
20230319:2311,0.0,0.0,0.0,6.06,2.48,0.0
20230320:0011,0.0,0.0,0.0,6.18,2.83,0.0
20230320:0111,0.0,0.0,0.0,6.28,3.17,0.0
20230320:0211,0.0,0.0,0.0,6.35,3.17,0.0
20230320:0311,0.0,0.0,0.0,6.39,3.1,0.0
20230320:0411,0.0,0.0,0.0,6.52,2.97,0.0
20230320:0511,0.0,0.0,0.0,6.8,2.83,0.0
20230320:0611,0.0,0.0,0.0,7.26,2.76,0.0
20230320:0711,12116.0,14.83,8.17,7.41,1.72,0.0
20230320:0811,52468.0,37.08,16.48,8.05,1.45,0.0
20230320:0911,214292.0,112.18,23.94,8.74,1.17,0.0
20230320:1011,374504.0,182.73,30.01,9.45,2.07,0.0
20230320:1111,343616.0,169.65,34.07,10.29,3.03,0.0
20230320:1211,554164.0,261.34,35.59,10.46,3.38,0.0
20230320:1311,317954.0,158.54,34.33,10.84,4.07,0.0
20230320:1411,235508.0,122.38,30.49,11.18,3.66,0.0
20230320:1511,201890.0,107.54,24.58,11.33,2.76,0.0
20230320:1611,273000.0,139.71,17.23,11.81,2.48,0.0
20230320:1711,173212.0,101.08,8.97,11.98,2.62,0.0
20230320:1811,0.0,0.0,0.0,11.16,2.48,0.0
20230320:1911,0.0,0.0,0.0,10.75,2.41,0.0
20230320:2011,0.0,0.0,0.0,10.43,2.62,0.0
20230320:2111,0.0,0.0,0.0,10.64,3.03,0.0
20230320:2211,0.0,0.0,0.0,10.87,3.66,0.0
20230320:2311,0.0,0.0,0.0,10.82,4.0,0.0
20230321:0011,0.0,0.0,0.0,10.57,4.14,0.0
20230321:0111,0.0,0.0,0.0,10.38,4.55,0.0
20230321:0211,0.0,0.0,0.0,9.99,4.69,0.0
20230321:0311,0.0,0.0,0.0,9.59,4.9,0.0
20230321:0411,0.0,0.0,0.0,9.25,4.9,0.0
20230321:0511,0.0,0.0,0.0,9.09,4.62,0.0
20230321:0611,0.0,0.0,0.0,8.98,4.62,0.0
20230321:0711,0.0,0.0,0.0,9.52,4.48,0.0
20230321:0811,0.0,0.0,0.0,10.0,4.76,0.0
20230321:0911,493740.0,233.28,24.33,10.29,4.97,0.0
20230321:1011,727688.0,335.71,30.41,11.45,5.31,0.0
20230321:1111,695058.0,323.26,34.48,12.49,5.79,0.0
20230321:1211,271492.0,139.07,35.99,13.05,6.07,0.0
20230321:1311,743054.0,343.4,34.71,12.53,6.9,0.0
20230321:1411,285324.0,144.63,30.83,12.34,7.31,0.0
20230321:1511,753012.0,346.53,24.9,12.15,6.34,0.0
20230321:1611,493324.0,236.45,17.52,12.19,5.93,0.0
20230321:1711,154674.0,90.61,9.25,11.64,5.31,0.0
20230321:1811,0.0,0.0,0.0,10.95,5.1,0.0
20230321:1911,0.0,0.0,0.0,10.38,4.69,0.0
20230321:2011,0.0,0.0,0.0,9.99,4.97,0.0
20230321:2111,0.0,0.0,0.0,9.7,5.38,0.0
20230321:2211,0.0,0.0,0.0,9.21,5.86,0.0
20230321:2311,0.0,0.0,0.0,9.04,6.62,0.0
20230322:0011,0.0,0.0,0.0,9.0,7.24,0.0
20230322:0111,0.0,0.0,0.0,9.1,7.66,0.0
20230322:0211,0.0,0.0,0.0,9.23,8.14,0.0
20230322:0311,0.0,0.0,0.0,9.54,8.28,0.0
20230322:0411,0.0,0.0,0.0,9.92,7.86,0.0
20230322:0511,0.0,0.0,0.0,10.16,7.86,0.0
20230322:0611,0.0,0.0,0.0,9.11,8.07,0.0
20230322:0711,0.0,0.0,0.0,8.48,7.1,0.0
20230322:0811,825734.0,378.89,17.23,8.39,6.48,0.0
20230322:0911,1385280.0,617.72,24.72,9.29,7.1,0.0
20230322:1011,1713010.0,767.11,30.81,10.16,7.59,0.0
20230322:1111,2038894.0,925.28,34.88,11.03,7.52,0.0
20230322:1211,2038738.0,928.76,36.38,11.65,7.52,0.0
20230322:1311,1961284.0,892.77,35.08,12.26,7.72,0.0
20230322:1411,1642264.0,743.9,31.18,12.51,7.38,0.0
20230322:1511,1374932.0,619.65,25.22,12.21,7.86,0.0
20230322:1611,909714.0,420.63,17.82,11.09,5.93,0.0
20230322:1711,299676.0,166.87,9.53,11.21,5.93,0.0
20230322:1811,0.0,0.0,0.0,10.62,5.52,0.0
20230322:1911,0.0,0.0,0.0,10.01,5.31,0.0
20230322:2011,0.0,0.0,0.0,9.5,5.93,0.0
20230322:2111,0.0,0.0,0.0,8.92,6.21,0.0
20230322:2211,0.0,0.0,0.0,8.63,6.41,0.0
20230322:2311,0.0,0.0,0.0,8.51,6.28,0.0
20230323:0011,0.0,0.0,0.0,8.5,6.28,0.0
20230323:0111,0.0,0.0,0.0,8.01,6.69,0.0
20230323:0211,0.0,0.0,0.0,7.16,6.62,0.0
20230323:0311,0.0,0.0,0.0,6.65,6.34,0.0
20230323:0411,0.0,0.0,0.0,6.34,5.93,0.0
20230323:0511,0.0,0.0,0.0,6.14,5.79,0.0
20230323:0611,0.0,0.0,0.0,6.31,5.86,0.0
20230323:0711,122148.0,72.12,9.27,6.65,5.93,0.0
20230323:0811,77350.0,49.14,17.61,7.6,6.07,0.0
20230323:0911,118352.0,68.61,25.1,8.89,6.69,0.0
20230323:1011,412854.0,198.27,31.2,10.4,9.03,0.0
20230323:1111,107302.0,63.97,35.28,10.94,8.76,0.0
20230323:1211,107068.0,63.97,36.78,11.37,8.48,0.0
20230323:1311,1934998.0,877.49,35.46,11.7,7.86,0.0
20230323:1411,351156.0,173.28,31.53,12.2,7.72,0.0
20230323:1511,675610.0,312.73,25.54,12.21,7.31,0.0
20230323:1611,881452.0,408.82,18.11,12.03,6.55,0.0
20230323:1711,39182.0,30.59,9.81,11.42,5.72,0.0
20230323:1811,0.0,0.0,0.0,10.24,5.24,0.0
20230323:1911,0.0,0.0,0.0,9.87,4.48,0.0
20230323:2011,0.0,0.0,0.0,9.02,4.41,0.0
20230323:2111,0.0,0.0,0.0,8.53,4.34,0.0
20230323:2211,0.0,0.0,0.0,7.98,4.07,0.0
20230323:2311,0.0,0.0,0.0,7.32,4.34,0.0
20230324:0011,0.0,0.0,0.0,7.35,4.97,0.0
20230324:0111,0.0,0.0,0.0,7.45,5.66,0.0
20230324:0211,0.0,0.0,0.0,7.14,6.28,0.0
20230324:0311,0.0,0.0,0.0,7.0,6.34,0.0
20230324:0411,0.0,0.0,0.0,6.88,6.21,0.0
20230324:0511,0.0,0.0,0.0,6.65,5.93,0.0
20230324:0611,0.0,0.0,0.0,6.57,5.86,0.0
20230324:0711,66924.0,44.28,9.64,7.15,6.97,0.0
20230324:0811,850200.0,388.95,17.98,8.06,6.07,0.0
20230324:0911,1056198.0,470.41,25.49,9.13,8.83,0.0
20230324:1011,891072.0,401.42,31.6,10.01,8.76,0.0
20230324:1111,434408.0,208.43,35.68,11.09,8.41,0.0
20230324:1211,1416090.0,637.45,37.18,11.65,8.28,0.0
20230324:1311,756704.0,347.81,35.83,12.06,8.69,0.0
20230324:1411,1301768.0,586.56,31.87,11.72,7.45,0.0
20230324:1511,1048190.0,473.51,25.85,11.47,7.31,0.0
20230324:1611,405574.0,196.84,18.4,11.31,6.48,0.0
20230324:1711,17810.0,18.54,10.09,10.78,6.34,0.0
20230324:1811,0.0,0.0,0.0,9.96,6.07,0.0
20230324:1911,0.0,0.0,0.0,9.26,5.72,0.0
20230324:2011,0.0,0.0,0.0,8.68,5.72,0.0
20230324:2111,0.0,0.0,0.0,8.46,5.79,0.0
20230324:2211,0.0,0.0,0.0,8.06,5.66,0.0
20230324:2311,0.0,0.0,0.0,7.74,5.72,0.0
20230325:0011,0.0,0.0,0.0,7.59,5.93,0.0
20230325:0111,0.0,0.0,0.0,7.53,6.41,0.0
20230325:0211,0.0,0.0,0.0,7.32,6.76,0.0
20230325:0311,0.0,0.0,0.0,6.81,6.62,0.0
20230325:0411,0.0,0.0,0.0,6.8,6.48,0.0
20230325:0511,0.0,0.0,0.0,6.93,6.34,0.0
20230325:0611,0.0,0.0,0.0,7.02,6.07,0.0
20230325:0711,125606.0,73.37,10.01,7.21,6.14,0.0
20230325:0811,416364.0,198.41,18.36,7.52,6.76,0.0
20230325:0911,422058.0,200.48,25.88,8.01,6.07,0.0
20230325:1011,296478.0,147.41,32.0,8.59,5.79,0.0
20230325:1111,751530.0,343.32,36.09,9.12,5.45,0.0
20230325:1211,1677936.0,763.53,37.57,9.65,4.76,0.0
20230325:1311,1360398.0,617.84,36.2,9.62,4.0,0.0
20230325:1411,662584.0,307.62,32.21,9.73,2.97,0.0
20230325:1511,226252.0,117.74,26.17,9.6,2.0,0.0
20230325:1611,363870.0,178.77,18.7,9.18,1.03,0.0
20230325:1711,79508.0,50.74,10.37,8.69,0.48,0.0
20230325:1811,0.0,0.0,0.0,7.78,1.52,0.0
20230325:1911,0.0,0.0,0.0,6.99,2.07,0.0
20230325:2011,0.0,0.0,0.0,6.29,2.48,0.0
20230325:2111,0.0,0.0,0.0,5.93,2.41,0.0
20230325:2211,0.0,0.0,0.0,5.67,2.34,0.0
20230325:2311,0.0,0.0,0.0,5.37,2.41,0.0
20230326:0011,0.0,0.0,0.0,5.27,2.62,0.0
20230326:0111,0.0,0.0,0.0,5.26,2.76,0.0
20230326:0211,0.0,0.0,0.0,5.26,2.9,0.0
20230326:0311,0.0,0.0,0.0,5.17,3.17,0.0
20230326:0411,0.0,0.0,0.0,5.09,3.38,0.0
20230326:0511,0.0,0.0,0.0,4.93,3.52,0.0
20230326:0611,0.0,0.0,0.0,4.69,3.66,0.0
20230326:0711,311324.0,167.59,10.38,4.42,3.93,0.0
20230326:0811,889746.0,401.85,18.73,4.85,4.62,0.0
20230326:0911,707148.0,318.25,26.26,5.34,5.17,0.0
20230326:1011,985842.0,438.12,32.39,6.18,5.66,0.0
20230326:1111,794560.0,358.61,36.49,7.17,5.72,0.0
20230326:1211,481780.0,225.91,37.96,7.15,5.52,0.0
20230326:1311,607906.0,279.45,36.58,7.24,5.59,0.0
20230326:1411,593164.0,272.74,32.56,7.25,5.72,0.0
20230326:1511,496938.0,231.4,26.48,6.99,5.59,0.0
20230326:1611,463736.0,218.26,18.99,6.69,5.24,0.0
20230326:1711,104676.0,62.24,10.65,5.89,4.76,0.0
20230326:1811,0.0,1.85,1.93,4.89,4.14,0.0
20230326:1911,0.0,0.0,0.0,3.84,3.59,0.0
20230326:2011,0.0,0.0,0.0,3.26,3.38,0.0
20230326:2111,0.0,0.0,0.0,2.33,3.1,0.0
20230326:2211,0.0,0.0,0.0,1.57,2.9,0.0
20230326:2311,0.0,0.0,0.0,0.97,2.97,0.0
20230327:0011,0.0,0.0,0.0,0.46,2.97,0.0
20230327:0111,0.0,0.0,0.0,0.24,2.9,0.0
20230327:0211,0.0,0.0,0.0,0.12,2.76,0.0
20230327:0311,0.0,0.0,0.0,-0.02,2.69,0.0
20230327:0411,0.0,0.0,0.0,-0.29,2.62,0.0
20230327:0511,0.0,0.0,0.0,-0.78,2.55,0.0
20230327:0611,0.0,1.85,2.02,-1.24,2.48,0.0
20230327:0711,367198.0,192.23,10.74,-0.58,2.0,0.0
20230327:0811,977054.0,439.36,19.11,2.13,2.48,0.0
20230327:0911,1490658.0,664.79,26.65,3.58,2.76,0.0
20230327:1011,1851356.0,846.09,32.79,4.74,2.28,0.0
20230327:1111,2079038.0,976.44,36.89,5.62,1.79,0.0
20230327:1211,2121834.0,1011.34,38.36,6.31,1.45,0.0
20230327:1311,2041104.0,978.09,36.95,7.04,1.1,0.0
20230327:1411,1864174.0,881.8,32.9,7.82,1.24,0.0
20230327:1511,1446354.0,668.08,26.79,8.07,1.45,0.0
20230327:1611,943332.0,438.41,19.27,8.2,1.66,0.0
20230327:1711,339482.0,183.56,10.92,8.1,1.86,0.0
20230327:1811,0.0,2.78,2.21,7.04,2.07,0.0
20230327:1911,0.0,0.0,0.0,5.36,2.62,0.0
20230327:2011,0.0,0.0,0.0,4.04,2.55,0.0
20230327:2111,0.0,0.0,0.0,3.12,2.76,0.0
20230327:2211,0.0,0.0,0.0,2.41,2.97,0.0
20230327:2311,0.0,0.0,0.0,2.0,3.1,0.0
20230328:0011,0.0,0.0,0.0,1.7,3.24,0.0
20230328:0111,0.0,0.0,0.0,1.57,3.24,0.0
20230328:0211,0.0,0.0,0.0,1.97,3.24,0.0
20230328:0311,0.0,0.0,0.0,2.29,3.24,0.0
20230328:0411,0.0,0.0,0.0,2.78,3.45,0.0
20230328:0511,0.0,0.0,0.0,3.26,3.66,0.0
20230328:0611,0.0,0.93,2.39,3.77,3.86,0.0
20230328:0711,9490.0,12.98,11.11,4.49,3.86,0.0
20230328:0811,155532.0,84.37,19.48,5.16,3.86,0.0
20230328:0911,246298.0,124.23,27.03,5.83,4.97,0.0
20230328:1011,194714.0,101.98,33.18,6.32,5.24,0.0
20230328:1111,213720.0,110.33,37.29,6.27,4.62,0.0
20230328:1211,109278.0,63.97,38.75,6.93,4.9,0.0
20230328:1311,278616.0,139.07,37.32,7.44,5.1,0.0
20230328:1411,216580.0,112.18,33.24,7.74,5.24,0.0
20230328:1511,299130.0,148.04,27.1,7.64,4.76,0.0
20230328:1611,79300.0,50.06,19.56,7.47,4.41,0.0
20230328:1711,9308.0,12.98,11.2,7.27,4.14,0.0
20230328:1811,0.0,0.93,2.48,7.2,3.66,0.0
20230328:1911,0.0,0.0,0.0,7.64,3.86,0.0
20230328:2011,0.0,0.0,0.0,7.83,3.38,0.0
20230328:2111,0.0,0.0,0.0,8.1,3.03,0.0
20230328:2211,0.0,0.0,0.0,8.43,2.9,0.0
20230328:2311,0.0,0.0,0.0,8.59,2.9,0.0
20230329:0011,0.0,0.0,0.0,8.81,2.9,0.0
20230329:0111,0.0,0.0,0.0,8.94,3.1,0.0
20230329:0211,0.0,0.0,0.0,8.99,3.03,0.0
20230329:0311,0.0,0.0,0.0,8.78,2.9,0.0
20230329:0411,0.0,0.0,0.0,8.68,2.9,0.0
20230329:0511,0.0,0.0,0.0,8.64,2.76,0.0
20230329:0611,0.0,1.85,2.75,8.44,2.83,0.0
20230329:0711,155350.0,87.91,11.47,9.36,3.24,0.0
20230329:0811,145860.0,81.59,19.85,9.87,3.59,0.0
20230329:0911,312234.0,155.28,27.41,10.2,5.03,0.0
20230329:1011,415324.0,200.58,33.58,11.01,5.86,0.0
20230329:1111,598182.0,280.45,37.68,11.48,5.66,0.0
20230329:1211,307164.0,153.9,39.14,11.46,5.72,0.0
20230329:1311,328588.0,163.17,37.68,11.37,6.14,0.0
20230329:1411,196144.0,104.76,33.57,11.58,6.07,0.0
20230329:1511,717756.0,332.04,27.41,11.64,4.9,0.0
20230329:1611,304460.0,153.16,19.85,12.04,5.31,0.0
20230329:1711,28782.0,25.03,11.47,12.39,5.17,0.0
20230329:1811,0.0,2.78,2.75,12.29,4.9,0.0
20230329:1911,0.0,0.0,0.0,12.09,4.76,0.0
20230329:2011,0.0,0.0,0.0,11.51,4.14,0.0
20230329:2111,0.0,0.0,0.0,11.07,3.93,0.0
20230329:2211,0.0,0.0,0.0,10.85,3.45,0.0
20230329:2311,0.0,0.0,0.0,10.55,3.17,0.0
20230330:0011,0.0,0.0,0.0,10.46,3.17,0.0
20230330:0111,0.0,0.0,0.0,10.55,3.24,0.0
20230330:0211,0.0,0.0,0.0,10.29,3.03,0.0
20230330:0311,0.0,0.0,0.0,10.05,3.59,0.0
20230330:0411,0.0,0.0,0.0,9.76,4.28,0.0
20230330:0511,0.0,0.0,0.0,9.29,3.93,0.0
20230330:0611,0.0,3.71,3.11,8.88,3.93,0.0
20230330:0711,118794.0,69.78,11.84,9.52,4.76,0.0
20230330:0811,143728.0,80.66,20.22,10.1,4.28,0.0
20230330:0911,1346540.0,609.09,27.79,11.15,5.66,0.0
20230330:1011,1159938.0,527.21,33.97,11.98,5.79,0.0
20230330:1111,640406.0,300.25,38.08,12.41,5.24,0.0
20230330:1211,626886.0,295.08,39.53,13.22,6.07,0.0
20230330:1311,451100.0,218.31,38.05,13.28,6.14,0.0
20230330:1411,537290.0,254.96,33.91,12.59,5.79,0.0
20230330:1511,920920.0,423.14,27.72,12.95,5.31,0.0
20230330:1611,619216.0,293.26,20.13,12.74,4.69,0.0
20230330:1711,218790.0,121.23,11.74,12.55,4.28,0.0
20230330:1811,3900.0,9.54,3.02,11.79,3.17,0.0
20230330:1911,0.0,0.0,0.0,10.65,2.83,0.0
20230330:2011,0.0,0.0,0.0,9.7,2.48,0.0
20230330:2111,0.0,0.0,0.0,8.84,2.55,0.0
20230330:2211,0.0,0.0,0.0,8.59,2.76,0.0
20230330:2311,0.0,0.0,0.0,8.26,3.1,0.0
20230331:0011,0.0,0.0,0.0,8.23,3.24,0.0
20230331:0111,0.0,0.0,0.0,8.03,3.24,0.0
20230331:0211,0.0,0.0,0.0,7.87,3.45,0.0
20230331:0311,0.0,0.0,0.0,8.12,3.59,0.0
20230331:0411,0.0,0.0,0.0,8.21,3.72,0.0
20230331:0511,0.0,0.0,0.0,8.32,3.86,0.0
20230331:0611,2938.0,8.34,3.47,8.41,4.07,0.0
20230331:0711,138814.0,79.06,12.2,8.65,3.86,0.0
20230331:0811,341900.0,167.54,20.59,9.05,5.03,0.0
20230331:0911,415116.0,199.25,28.17,9.73,5.45,0.0
20230331:1011,304824.0,152.05,34.36,10.23,5.93,0.0
20230331:1111,607152.0,282.84,38.48,10.33,6.0,0.0
20230331:1211,243412.0,125.16,39.91,10.3,5.86,0.0
20230331:1311,734032.0,337.15,38.42,9.95,5.66,0.0
20230331:1411,377208.0,183.24,34.25,9.73,5.31,0.0
20230331:1511,283816.0,142.57,28.02,9.62,5.1,0.0
20230331:1611,266058.0,134.58,20.42,9.04,4.62,0.0
20230331:1711,118482.0,69.15,12.02,8.4,4.34,0.0
20230331:1811,0.0,2.78,3.29,7.74,4.34,0.0
20230331:1911,0.0,0.0,0.0,7.72,4.21,0.0
20230331:2011,0.0,0.0,0.0,7.38,4.21,0.0
20230331:2111,0.0,0.0,0.0,7.1,4.21,0.0
20230331:2211,0.0,0.0,0.0,6.97,4.21,0.0
20230331:2311,0.0,0.0,0.0,6.84,4.28,0.0
20230401:0011,0.0,0.0,0.0,6.77,4.14,0.0
20230401:0111,0.0,0.0,0.0,6.63,4.21,0.0
20230401:0211,0.0,0.0,0.0,6.55,4.14,0.0
20230401:0311,0.0,0.0,0.0,6.41,4.14,0.0
20230401:0411,0.0,0.0,0.0,6.22,3.93,0.0
20230401:0511,0.0,0.0,0.0,6.11,3.79,0.0
20230401:0611,3016.0,8.34,3.83,5.79,3.66,0.0
20230401:0711,282698.0,148.0,12.56,6.17,4.97,0.0
20230401:0811,309686.0,152.09,20.96,6.84,5.24,0.0
20230401:0911,295516.0,146.26,28.55,7.32,5.1,0.0
20230401:1011,312598.0,153.9,34.75,7.65,5.17,0.0
20230401:1111,326924.0,160.39,38.87,8.16,5.38,0.0
20230401:1211,232648.0,119.6,40.3,8.57,5.52,0.0
20230401:1311,254072.0,128.87,38.78,8.48,6.0,0.0
20230401:1411,220428.0,114.03,34.58,8.23,5.93,0.0
20230401:1511,231400.0,118.67,28.33,7.66,4.83,0.0
20230401:1611,172588.0,92.71,20.7,7.5,4.76,0.0
20230401:1711,83330.0,51.92,12.29,7.11,4.07,0.0
20230401:1811,0.0,3.71,3.55,6.8,4.0,0.0
20230401:1911,0.0,0.0,0.0,6.66,3.93,0.0
20230401:2011,0.0,0.0,0.0,6.48,3.86,0.0
20230401:2111,0.0,0.0,0.0,6.35,3.66,0.0
20230401:2211,0.0,0.0,0.0,6.26,3.45,0.0
20230401:2311,0.0,0.0,0.0,6.16,3.17,0.0
20230402:0011,0.0,0.0,0.0,6.01,3.03,0.0
20230402:0111,0.0,0.0,0.0,5.83,2.9,0.0
20230402:0211,0.0,0.0,0.0,5.32,2.83,0.0
20230402:0311,0.0,0.0,0.0,4.81,2.69,0.0
20230402:0411,0.0,0.0,0.0,4.25,2.69,0.0
20230402:0511,0.0,0.0,0.0,3.7,2.69,0.0
20230402:0611,1976.0,7.42,4.19,3.71,2.55,0.0
20230402:0711,393614.0,203.75,12.92,5.03,2.41,0.0
20230402:0811,868764.0,394.28,21.33,5.66,3.38,0.0
20230402:0911,1385124.0,620.08,28.93,6.04,3.45,0.0
20230402:1011,1553032.0,701.51,35.14,6.62,3.24,0.0
20230402:1111,1814228.0,832.88,39.27,7.29,3.03,0.0
20230402:1211,1620840.0,742.73,40.69,7.92,2.9,0.0
20230402:1311,1358344.0,619.27,39.14,8.21,2.76,0.0
20230402:1411,1497600.0,683.66,34.91,8.44,2.9,0.0
20230402:1511,1175980.0,532.84,28.63,8.33,3.03,0.0
20230402:1611,785382.0,362.12,20.98,7.81,2.9,0.0
20230402:1711,300794.0,158.98,12.56,7.3,2.69,0.0
20230402:1811,13234.0,16.09,3.82,6.37,2.07,0.0
20230402:1911,0.0,0.0,0.0,5.18,2.28,0.0
20230402:2011,0.0,0.0,0.0,3.91,2.14,0.0
20230402:2111,0.0,0.0,0.0,2.93,1.93,0.0
20230402:2211,0.0,0.0,0.0,2.22,1.86,0.0
20230402:2311,0.0,0.0,0.0,1.13,2.0,0.0
20230403:0011,0.0,0.0,0.0,0.88,1.79,0.0
20230403:0111,0.0,0.0,0.0,0.62,1.66,0.0
20230403:0211,0.0,0.0,0.0,0.06,1.66,0.0
20230403:0311,0.0,0.0,0.0,-0.36,1.72,0.0
20230403:0411,0.0,0.0,0.0,-0.45,1.72,0.0
20230403:0511,0.0,0.0,0.0,-0.23,1.59,0.0
20230403:0611,23608.0,21.85,4.55,-0.6,1.59,0.0
20230403:0711,285142.0,145.28,13.28,1.67,1.45,0.0
20230403:0811,846768.0,382.19,21.69,3.93,2.9,0.0
20230403:0911,1500174.0,666.94,29.3,5.0,4.07,0.0
20230403:1011,1207882.0,538.25,35.52,5.83,4.14,0.0
20230403:1111,2122822.0,971.89,39.66,6.72,4.21,0.0
20230403:1211,2239952.0,1036.27,41.07,7.56,4.21,0.0
20230403:1311,2158910.0,999.73,39.5,8.32,4.07,0.0
20230403:1411,1936142.0,891.36,35.24,8.87,3.79,0.0
20230403:1511,1505972.0,685.83,28.93,9.3,3.66,0.0
20230403:1611,1000870.0,461.97,21.26,9.28,3.38,0.0
20230403:1711,384332.0,204.09,12.82,9.01,3.31,0.0
20230403:1811,16042.0,17.9,4.09,8.11,2.62,0.0
20230403:1911,0.0,0.0,0.0,6.34,2.97,0.0
20230403:2011,0.0,0.0,0.0,4.97,3.24,0.0
20230403:2111,0.0,0.0,0.0,3.85,3.38,0.0
20230403:2211,0.0,0.0,0.0,3.02,3.31,0.0
20230403:2311,0.0,0.0,0.0,2.39,3.17,0.0
20230404:0011,0.0,0.0,0.0,1.92,3.03,0.0
20230404:0111,0.0,0.0,0.0,1.39,2.83,0.0
20230404:0211,0.0,0.0,0.0,0.81,2.69,0.0
20230404:0311,0.0,0.0,0.0,0.27,2.55,0.0
20230404:0411,0.0,0.0,0.0,-0.29,2.34,0.0
20230404:0511,0.0,0.0,0.0,-0.83,2.34,0.0
20230404:0611,28652.0,24.88,4.9,-1.2,2.34,0.0
20230404:0711,474084.0,238.5,13.64,0.32,2.0,0.0
20230404:0811,1068678.0,480.22,22.05,3.06,2.55,0.0
20230404:0911,1602926.0,720.15,29.68,5.08,3.1,0.0
20230404:1011,1929824.0,881.71,35.91,6.84,3.52,0.0
20230404:1111,2144220.0,994.54,40.05,8.31,3.86,0.0
20230404:1211,2195830.0,1025.94,41.45,9.54,4.07,0.0
20230404:1311,2082652.0,971.29,39.86,10.5,4.14,0.0
20230404:1411,1879514.0,870.67,35.57,11.21,4.14,0.0
20230404:1511,1536496.0,705.92,29.23,11.6,4.07,0.0
20230404:1611,877396.0,408.75,21.54,11.67,4.0,0.0
20230404:1711,42692.0,32.45,13.09,11.26,3.38,0.0
20230404:1811,19162.0,19.59,4.35,9.95,3.1,0.0
20230404:1911,0.0,0.0,0.0,8.35,3.03,0.0
20230404:2011,0.0,0.0,0.0,7.06,3.03,0.0
20230404:2111,0.0,0.0,0.0,6.29,3.03,0.0
20230404:2211,0.0,0.0,0.0,5.65,2.9,0.0
20230404:2311,0.0,0.0,0.0,4.93,2.76,0.0
20230405:0011,0.0,0.0,0.0,4.26,2.76,0.0
20230405:0111,0.0,0.0,0.0,4.01,2.69,0.0
20230405:0211,0.0,0.0,0.0,3.66,2.62,0.0
20230405:0311,0.0,0.0,0.0,3.31,2.55,0.0
20230405:0411,0.0,0.0,0.0,3.35,2.48,0.0
20230405:0511,0.0,0.0,0.0,3.71,2.48,0.0
20230405:0611,4238.0,9.27,5.26,4.38,2.48,0.0
20230405:0711,55016.0,38.01,13.99,5.66,2.48,0.0
20230405:0811,121316.0,69.53,22.42,6.78,2.69,0.0
20230405:0911,252460.0,127.94,30.05,7.3,3.03,0.0
20230405:1011,290290.0,144.63,36.29,7.71,3.24,0.0
20230405:1111,404846.0,194.48,40.44,8.15,3.79,0.0
20230405:1211,340990.0,166.88,41.83,8.47,4.48,0.0
20230405:1311,211458.0,110.33,40.22,8.5,4.69,0.0
20230405:1411,175890.0,94.56,35.9,8.47,4.34,0.0
20230405:1511,102492.0,61.19,29.53,8.28,3.79,0.0
20230405:1611,297856.0,148.1,21.82,8.15,3.66,0.0
20230405:1711,174538.0,95.49,13.36,7.95,3.31,0.0
20230405:1811,0.0,3.71,4.61,7.83,3.03,0.0
20230405:1911,0.0,0.0,0.0,8.46,2.69,0.0
20230405:2011,0.0,0.0,0.0,8.46,2.55,0.0
20230405:2111,0.0,0.0,0.0,8.42,2.48,0.0
20230405:2211,0.0,0.0,0.0,8.4,2.41,0.0
20230405:2311,0.0,0.0,0.0,8.38,2.28,0.0
20230406:0011,0.0,0.0,0.0,8.36,2.28,0.0
20230406:0111,0.0,0.0,0.0,8.52,2.28,0.0
20230406:0211,0.0,0.0,0.0,8.59,2.28,0.0
20230406:0311,0.0,0.0,0.0,8.61,2.0,0.0
20230406:0411,0.0,0.0,0.0,8.56,1.72,0.0
20230406:0511,0.0,0.0,0.0,8.45,1.72,0.0
20230406:0611,0.0,4.64,5.61,8.42,2.07,0.0
20230406:0711,129168.0,73.95,14.34,8.77,2.97,0.0
20230406:0811,460902.0,219.52,22.77,9.11,3.79,0.0
20230406:0911,1235234.0,558.36,30.42,9.32,4.21,0.0
20230406:1011,1800994.0,825.49,36.67,9.78,4.14,0.0
20230406:1111,1087398.0,495.03,40.82,10.68,4.9,0.0
20230406:1211,1301248.0,591.82,42.21,11.44,5.72,0.0
20230406:1311,1472302.0,669.26,40.57,11.61,6.07,0.0
20230406:1411,1065298.0,483.92,36.22,11.4,6.0,0.0
20230406:1511,724880.0,335.0,29.82,11.78,5.86,0.0
20230406:1611,537966.0,254.19,22.09,10.62,5.45,0.0
20230406:1711,158886.0,88.28,13.62,9.63,5.45,0.0
20230406:1811,1846.0,7.42,4.88,8.94,4.55,0.0
20230406:1911,0.0,0.0,0.0,8.95,3.86,0.0
20230406:2011,0.0,0.0,0.0,8.56,3.38,0.0
20230406:2111,0.0,0.0,0.0,7.69,3.17,0.0
20230406:2211,0.0,0.0,0.0,6.71,3.17,0.0
20230406:2311,0.0,0.0,0.0,6.12,3.38,0.0
20230407:0011,0.0,0.0,0.0,5.19,3.52,0.0
20230407:0111,0.0,0.0,0.0,4.5,3.45,0.0
20230407:0211,0.0,0.0,0.0,3.92,3.31,0.0
20230407:0311,0.0,0.0,0.0,3.38,3.1,0.0
20230407:0411,0.0,0.0,0.0,2.74,2.83,0.0
20230407:0511,0.0,0.0,0.0,2.13,2.76,0.0
20230407:0611,47320.0,45.19,5.96,1.79,2.55,0.0
20230407:0711,501540.0,253.2,14.69,3.89,2.34,0.0
20230407:0811,1080898.0,492.36,23.13,6.72,2.9,0.0
20230407:0911,1587898.0,721.11,30.79,8.38,3.66,0.0
20230407:1011,1789554.0,821.05,37.05,9.59,4.0,0.0
20230407:1111,1786460.0,824.28,41.21,10.25,4.0,0.0
20230407:1211,1808482.0,838.3,42.59,10.74,3.93,0.0
20230407:1311,1992536.0,932.95,40.93,10.96,3.66,0.0
20230407:1411,1466764.0,674.4,36.54,11.09,3.59,0.0
20230407:1511,1456364.0,669.87,30.12,11.38,3.52,0.0
20230407:1611,987844.0,459.68,22.37,11.2,3.45,0.0
20230407:1711,419588.0,223.39,13.88,10.46,3.45,0.0
20230407:1811,19994.0,26.52,5.14,9.37,3.17,0.0
20230407:1911,0.0,0.0,0.0,7.32,2.55,0.0
20230407:2011,0.0,0.0,0.0,6.33,1.93,0.0
20230407:2111,0.0,0.0,0.0,5.63,1.72,0.0
20230407:2211,0.0,0.0,0.0,5.34,1.45,0.0
20230407:2311,0.0,0.0,0.0,5.39,1.31,0.0
20230408:0011,0.0,0.0,0.0,5.61,1.31,0.0
20230408:0111,0.0,0.0,0.0,5.84,0.97,0.0
20230408:0211,0.0,0.0,0.0,5.69,0.76,0.0
20230408:0311,0.0,0.0,0.0,5.82,0.41,0.0
20230408:0411,0.0,0.0,0.0,5.56,0.55,0.0
20230408:0511,0.0,0.0,0.0,5.12,0.76,0.0
20230408:0611,46696.0,35.16,6.3,5.0,0.55,0.0
20230408:0711,365560.0,184.9,15.04,5.17,0.69,0.0
20230408:0811,664794.0,307.84,23.49,5.62,0.76,0.0
20230408:0911,970788.0,444.26,31.15,6.49,0.83,0.0
20230408:1011,1503294.0,697.68,37.43,7.62,1.24,0.0
20230408:1111,2001532.0,952.53,41.59,9.02,1.86,0.0
20230408:1211,2095912.0,1008.08,42.96,10.67,2.14,0.0
20230408:1311,1912144.0,915.01,41.28,11.47,2.0,0.0
20230408:1411,1729052.0,818.22,36.86,12.05,2.14,0.0
20230408:1511,1136616.0,527.82,30.41,12.1,2.21,0.0
20230408:1611,976144.0,459.39,22.64,12.23,2.34,0.0
20230408:1711,405314.0,217.6,14.14,12.02,2.34,0.0
20230408:1811,22048.0,27.96,5.4,11.07,2.41,0.0
20230408:1911,0.0,0.0,0.0,9.5,3.38,0.0
20230408:2011,0.0,0.0,0.0,7.95,3.59,0.0
20230408:2111,0.0,0.0,0.0,6.56,3.24,0.0
20230408:2211,0.0,0.0,0.0,5.68,2.9,0.0
20230408:2311,0.0,0.0,0.0,5.02,2.48,0.0
20230409:0011,0.0,0.0,0.0,4.46,2.28,0.0
20230409:0111,0.0,0.0,0.0,3.96,2.07,0.0
20230409:0211,0.0,0.0,0.0,3.53,2.0,0.0
20230409:0311,0.0,0.0,0.0,3.18,1.93,0.0
20230409:0411,0.0,0.0,0.0,2.65,2.07,0.0
20230409:0511,0.0,0.0,0.0,2.34,2.28,0.0
20230409:0611,26.0,5.56,6.65,2.77,2.28,0.0
20230409:0711,338754.0,169.97,15.39,4.88,3.38,0.0
20230409:0811,192790.0,101.05,23.84,5.77,3.52,0.0
20230409:0911,231920.0,118.67,31.51,6.94,3.79,0.0
20230409:1011,224432.0,115.89,37.8,8.12,4.34,0.0
20230409:1111,190112.0,101.05,41.97,8.99,5.03,0.0
20230409:1211,239694.0,123.31,43.33,9.81,5.52,0.0
20230409:1311,1168258.0,529.2,41.63,10.41,5.66,0.0
20230409:1411,1140906.0,517.64,37.18,11.13,5.72,0.0
20230409:1511,591942.0,277.75,30.7,11.88,5.79,0.0
20230409:1611,477386.0,229.47,22.91,12.09,4.62,0.0
20230409:1711,55042.0,38.94,14.4,12.23,4.9,0.0
20230409:1811,9022.0,12.98,5.66,11.87,5.03,0.0
20230409:1911,0.0,0.0,0.0,10.78,4.41,0.0
20230409:2011,0.0,0.0,0.0,10.52,4.76,0.0
20230409:2111,0.0,0.0,0.0,10.29,5.03,0.0
20230409:2211,0.0,0.0,0.0,10.39,5.45,0.0
20230409:2311,0.0,0.0,0.0,10.17,5.66,0.0
20230410:0011,0.0,0.0,0.0,9.78,5.79,0.0
20230410:0111,0.0,0.0,0.0,9.25,5.66,0.0
20230410:0211,0.0,0.0,0.0,8.69,5.79,0.0
20230410:0311,0.0,0.0,0.0,8.7,5.93,0.0
20230410:0411,0.0,0.0,0.0,8.92,6.0,0.0
20230410:0511,0.0,0.0,0.0,9.27,5.72,0.0
20230410:0611,11960.0,14.83,6.99,9.51,5.45,0.0
20230410:0711,121810.0,70.46,15.73,9.67,4.97,0.0
20230410:0811,632268.0,295.0,24.19,10.15,4.34,0.0
20230410:0911,1021800.0,464.9,31.87,10.83,4.9,0.0
20230410:1011,276614.0,140.92,38.17,11.93,4.41,0.0
20230410:1111,153816.0,86.22,42.35,12.91,4.21,0.0
20230410:1211,448188.0,217.62,43.7,12.98,4.21,0.0
20230410:1311,239876.0,124.23,41.97,11.38,5.1,0.0
20230410:1411,205582.0,108.47,37.5,10.24,5.03,0.0
20230410:1511,375544.0,182.27,30.99,9.4,5.03,0.0
20230410:1611,779792.0,357.54,23.18,8.96,6.07,0.0
20230410:1711,384228.0,199.8,14.66,8.38,5.38,0.0
20230410:1811,1872.0,7.42,5.92,7.93,4.69,0.0
20230410:1911,0.0,0.0,0.0,7.24,5.1,0.0
20230410:2011,0.0,0.0,0.0,6.78,4.97,0.0
20230410:2111,0.0,0.0,0.0,6.57,4.9,0.0
20230410:2211,0.0,0.0,0.0,6.2,5.17,0.0
20230410:2311,0.0,0.0,0.0,6.08,5.86,0.0
20230411:0011,0.0,0.0,0.0,6.03,6.28,0.0
20230411:0111,0.0,0.0,0.0,5.84,6.41,0.0
20230411:0211,0.0,0.0,0.0,5.51,6.41,0.0
20230411:0311,0.0,0.0,0.0,5.48,6.28,0.0
20230411:0411,0.0,0.0,0.0,5.25,5.86,0.0
20230411:0511,0.0,0.0,0.0,5.19,5.66,0.0
20230411:0611,66872.0,58.07,7.33,5.21,5.38,0.0
20230411:0711,504244.0,251.58,16.07,6.09,4.69,0.0
20230411:0811,1085006.0,487.65,24.53,7.27,6.0,0.0
20230411:0911,1513044.0,675.67,32.23,8.5,6.21,0.0
20230411:1011,1804764.0,815.38,38.54,9.53,6.14,0.0
20230411:1111,1860352.0,849.7,42.72,10.44,5.72,0.0
20230411:1211,2132260.0,989.61,44.07,11.32,5.38,0.0
20230411:1311,991926.0,454.49,42.32,12.27,6.0,0.0
20230411:1411,580086.0,273.83,37.81,12.64,6.28,0.0
20230411:1511,331994.0,164.68,31.28,11.67,7.1,0.0
20230411:1611,187460.0,100.13,23.45,9.9,6.9,0.0
20230411:1711,73112.0,47.28,14.92,8.65,7.03,0.0
20230411:1811,5330.0,10.2,6.17,8.18,8.07,0.0
20230411:1911,0.0,0.0,0.0,7.43,8.9,0.0
20230411:2011,0.0,0.0,0.0,6.9,10.07,0.0
20230411:2111,0.0,0.0,0.0,6.93,10.55,0.0
20230411:2211,0.0,0.0,0.0,7.61,9.79,0.0
20230411:2311,0.0,0.0,0.0,6.08,8.28,0.0
20230412:0011,0.0,0.0,0.0,5.36,7.45,0.0
20230412:0111,0.0,0.0,0.0,4.68,7.1,0.0
20230412:0211,0.0,0.0,0.0,4.42,6.28,0.0
20230412:0311,0.0,0.0,0.0,3.89,5.66,0.0
20230412:0411,0.0,0.0,0.0,3.55,5.17,0.0
20230412:0511,0.0,0.0,0.0,3.29,4.9,0.0
20230412:0611,74594.0,61.81,7.67,3.23,4.97,0.0
20230412:0711,552006.0,272.51,16.41,3.98,4.41,0.0
20230412:0811,1131468.0,502.08,24.88,5.17,6.76,0.0
20230412:0911,1507714.0,664.59,32.59,6.39,6.97,0.0
20230412:1011,1107652.0,493.14,38.91,7.53,6.97,0.0
20230412:1111,735904.0,335.2,43.09,8.5,7.66,0.0
20230412:1211,250276.0,127.01,44.44,8.44,8.21,0.0
20230412:1311,350714.0,169.66,42.66,7.45,8.62,0.0
20230412:1411,212238.0,109.4,38.13,6.13,7.59,0.0
20230412:1511,391456.0,186.82,31.56,6.79,6.28,0.0
20230412:1611,168792.0,90.86,23.71,7.18,5.52,0.0
20230412:1711,212446.0,112.11,15.18,7.6,4.07,0.0
20230412:1811,50128.0,37.67,6.43,7.19,1.59,0.0
20230412:1911,0.0,0.0,0.0,6.44,1.45,0.0
20230412:2011,0.0,0.0,0.0,5.43,2.69,0.0
20230412:2111,0.0,0.0,0.0,5.14,4.0,0.0
20230412:2211,0.0,0.0,0.0,4.99,4.69,0.0
20230412:2311,0.0,0.0,0.0,4.54,4.28,0.0
20230413:0011,0.0,0.0,0.0,4.3,3.72,0.0
20230413:0111,0.0,0.0,0.0,4.41,3.59,0.0
20230413:0211,0.0,0.0,0.0,4.35,4.0,0.0
20230413:0311,0.0,0.0,0.0,5.13,4.76,0.0
20230413:0411,0.0,0.0,0.0,5.55,5.17,0.0
20230413:0511,0.0,0.0,0.0,5.89,5.38,0.0
20230413:0611,79716.0,54.1,8.0,6.15,5.17,0.0
20230413:0711,311610.0,156.17,16.74,6.57,5.17,0.0
20230413:0811,444002.0,209.6,25.22,6.95,5.31,0.0
20230413:0911,1255254.0,559.65,32.94,7.6,5.59,0.0
20230413:1011,782028.0,355.07,39.27,8.05,5.86,0.0
20230413:1111,446290.0,212.02,43.46,8.58,6.21,0.0
20230413:1211,1461044.0,657.64,44.8,9.29,6.21,0.0
20230413:1311,94094.0,57.48,43.0,9.54,6.48,0.0
20230413:1411,90090.0,55.63,38.44,9.75,6.83,0.0
20230413:1511,757276.0,345.25,31.85,9.63,7.1,0.0
20230413:1611,328822.0,161.8,23.98,9.46,7.17,0.0
20230413:1711,312364.0,161.33,15.43,9.3,6.48,0.0
20230413:1811,54522.0,41.65,6.68,8.79,5.24,0.0
20230413:1911,0.0,0.0,0.0,7.54,4.62,0.0
20230413:2011,0.0,0.0,0.0,6.87,4.21,0.0
20230413:2111,0.0,0.0,0.0,6.35,3.72,0.0
20230413:2211,0.0,0.0,0.0,5.62,3.38,0.0
20230413:2311,0.0,0.0,0.0,5.02,3.1,0.0
20230414:0011,0.0,0.0,0.0,4.22,2.69,0.0
20230414:0111,0.0,0.0,0.0,3.44,2.55,0.0
20230414:0211,0.0,0.0,0.0,2.78,2.41,0.0
20230414:0311,0.0,0.0,0.0,2.16,2.21,0.0
20230414:0411,0.0,0.0,0.0,1.44,2.14,0.0
20230414:0511,0.0,0.0,0.0,0.96,2.0,0.0
20230414:0611,84630.0,54.16,8.33,0.94,1.72,0.0
20230414:0711,443118.0,217.03,17.07,3.47,1.86,0.0
20230414:0811,1036360.0,469.72,25.55,5.66,2.48,0.0
20230414:0911,1213862.0,548.21,33.29,7.47,3.1,0.0
20230414:1011,832182.0,380.43,39.63,9.13,4.14,0.0
20230414:1111,754728.0,347.67,43.83,9.44,4.07,0.0
20230414:1211,595764.0,279.5,45.16,9.94,3.59,0.0
20230414:1311,860054.0,396.62,43.34,9.99,2.97,0.0
20230414:1411,350272.0,172.44,38.74,9.65,2.28,0.0
20230414:1511,222716.0,115.89,32.13,9.05,2.14,0.0
20230414:1611,152542.0,84.37,24.24,8.5,1.31,0.0
20230414:1711,69160.0,45.43,15.68,8.34,0.9,0.0
20230414:1811,15054.0,16.69,6.94,7.72,1.31,0.0
20230414:1911,0.0,0.0,0.0,6.96,1.45,0.0
20230414:2011,0.0,0.0,0.0,6.77,1.45,0.0
20230414:2111,0.0,0.0,0.0,6.45,1.45,0.0
20230414:2211,0.0,0.0,0.0,6.31,1.45,0.0
20230414:2311,0.0,0.0,0.0,6.16,1.52,0.0
20230415:0011,0.0,0.0,0.0,6.14,1.59,0.0
20230415:0111,0.0,0.0,0.0,6.11,1.72,0.0
20230415:0211,0.0,0.0,0.0,5.91,1.93,0.0
20230415:0311,0.0,0.0,0.0,5.86,1.93,0.0
20230415:0411,0.0,0.0,0.0,5.41,2.14,0.0
20230415:0511,0.0,0.0,0.0,4.8,2.41,0.0
20230415:0611,87308.0,71.96,8.66,5.04,2.48,0.0
20230415:0711,374790.0,185.5,17.4,6.06,2.69,0.0
20230415:0811,892138.0,406.86,25.89,7.79,3.45,0.0
20230415:0911,528320.0,248.75,33.63,9.15,3.38,0.0
20230415:1011,1424228.0,654.55,39.99,10.08,3.03,0.0
20230415:1111,1407510.0,652.54,44.2,10.68,2.55,0.0
20230415:1211,983268.0,458.07,45.52,11.14,1.79,0.0
20230415:1311,677378.0,321.57,43.67,11.97,1.1,0.0
20230415:1411,491088.0,237.91,39.05,12.08,0.9,0.0
20230415:1511,610922.0,291.63,32.4,12.39,0.9,0.0
20230415:1611,533624.0,257.58,24.5,12.31,0.97,0.0
20230415:1711,435240.0,232.1,15.94,12.2,1.52,0.0
20230415:1811,46644.0,44.9,7.19,11.21,2.0,0.0
20230415:1911,0.0,0.0,0.0,10.19,2.34,0.0
20230415:2011,0.0,0.0,0.0,8.53,2.62,0.0
20230415:2111,0.0,0.0,0.0,7.69,2.76,0.0
20230415:2211,0.0,0.0,0.0,7.04,2.76,0.0
20230415:2311,0.0,0.0,0.0,6.77,2.48,0.0
20230416:0011,0.0,0.0,0.0,6.54,2.34,0.0
20230416:0111,0.0,0.0,0.0,6.43,2.14,0.0
20230416:0211,0.0,0.0,0.0,6.42,2.0,0.0
20230416:0311,0.0,0.0,0.0,6.15,2.07,0.0
20230416:0411,0.0,0.0,0.0,6.01,2.0,0.0
20230416:0511,0.0,0.0,0.0,6.08,1.79,0.0
20230416:0611,88296.0,56.53,8.98,6.16,1.66,0.0
20230416:0711,409656.0,203.94,17.73,7.28,1.52,0.0
20230416:0811,1018654.0,470.54,26.22,8.9,1.86,0.0
20230416:0911,1495702.0,692.64,33.97,10.14,2.21,0.0
20230416:1011,1501682.0,698.23,40.35,11.44,2.69,0.0
20230416:1111,1035658.0,479.81,44.56,12.08,3.1,0.0
20230416:1211,991094.0,459.49,45.87,12.38,3.45,0.0
20230416:1311,1343914.0,622.94,44.01,13.03,3.79,0.0
20230416:1411,1431638.0,664.73,39.35,13.72,3.93,0.0
20230416:1511,586482.0,279.28,32.68,13.55,3.31,0.0
20230416:1611,413816.0,203.35,24.76,13.54,3.03,0.0
20230416:1711,56524.0,39.87,16.19,13.11,2.48,0.0
20230416:1811,806.0,6.49,7.44,12.64,2.28,0.0
20230416:1911,0.0,0.0,0.0,12.3,1.86,0.0
20230416:2011,0.0,0.0,0.0,11.35,1.86,0.0
20230416:2111,0.0,0.0,0.0,10.71,1.59,0.0
20230416:2211,0.0,0.0,0.0,9.92,1.31,0.0
20230416:2311,0.0,0.0,0.0,9.69,0.97,0.0
20230417:0011,0.0,0.0,0.0,9.52,0.97,0.0
20230417:0111,0.0,0.0,0.0,9.41,0.97,0.0
20230417:0211,0.0,0.0,0.0,9.26,0.97,0.0
20230417:0311,0.0,0.0,0.0,9.04,1.1,0.0
20230417:0411,0.0,0.0,0.0,9.03,1.24,0.0
20230417:0511,0.0,0.0,0.0,8.97,1.31,0.0
20230417:0611,73814.0,48.69,9.3,9.07,1.24,0.0
20230417:0711,234858.0,122.42,18.05,9.28,1.17,0.0
20230417:0811,430898.0,208.84,26.55,10.61,1.72,0.0
20230417:0911,743808.0,347.74,34.31,11.69,2.34,0.0
20230417:1011,848120.0,395.84,40.7,12.38,2.62,0.0
20230417:1111,1069042.0,499.95,44.92,13.56,2.69,0.0
20230417:1211,277498.0,142.77,46.22,13.93,3.03,0.0
20230417:1311,456118.0,222.78,44.34,14.17,3.1,0.0
20230417:1411,1072396.0,501.52,39.65,14.44,3.03,0.0
20230417:1511,1253746.0,585.26,32.96,14.16,2.97,0.0
20230417:1611,930514.0,438.19,25.01,13.52,3.1,0.0
20230417:1711,405288.0,213.13,16.44,12.64,3.38,0.0
20230417:1811,57668.0,48.49,7.69,11.13,2.97,0.0
20230417:1911,0.0,0.0,0.0,9.37,2.62,0.0
20230417:2011,0.0,0.0,0.0,7.37,2.28,0.0
20230417:2111,0.0,0.0,0.0,5.98,1.93,0.0
20230417:2211,0.0,0.0,0.0,4.99,1.72,0.0
20230417:2311,0.0,0.0,0.0,4.65,1.31,0.0
20230418:0011,0.0,0.0,0.0,4.76,1.17,0.0
20230418:0111,0.0,0.0,0.0,4.95,1.45,0.0
20230418:0211,0.0,0.0,0.0,5.35,2.0,0.0
20230418:0311,0.0,0.0,0.0,5.39,1.86,0.0
20230418:0411,0.0,0.0,0.0,5.44,2.14,0.0
20230418:0511,0.0,0.0,0.0,5.04,2.41,0.0
20230418:0611,116324.0,76.69,9.62,5.52,2.55,0.0
20230418:0711,586482.0,289.04,18.37,6.97,3.72,0.0
20230418:0811,1161342.0,528.32,26.87,8.11,3.66,0.0
20230418:0911,1654432.0,756.3,34.64,9.69,3.86,0.0
20230418:1011,1983748.0,923.66,41.04,11.14,4.07,0.0
20230418:1111,2177292.0,1023.81,45.27,12.15,4.62,0.0
20230418:1211,2125110.0,1000.43,46.57,12.89,4.76,0.0
20230418:1311,2005640.0,941.83,44.66,13.25,4.62,0.0
20230418:1411,1907984.0,888.98,39.95,13.31,4.83,0.0
20230418:1511,1521676.0,699.0,33.23,12.95,5.03,0.0
20230418:1611,1047046.0,485.55,25.27,12.34,5.1,0.0
20230418:1711,472316.0,248.05,16.68,11.35,4.76,0.0
20230418:1811,59436.0,50.62,7.94,10.05,4.34,0.0
20230418:1911,0.0,0.0,0.0,8.12,3.93,0.0
20230418:2011,0.0,0.0,0.0,6.94,3.72,0.0
20230418:2111,0.0,0.0,0.0,6.49,3.79,0.0
20230418:2211,0.0,0.0,0.0,6.31,3.86,0.0
20230418:2311,0.0,0.0,0.0,6.11,3.72,0.0
20230419:0011,0.0,0.0,0.0,5.83,3.52,0.0
20230419:0111,0.0,0.0,0.0,5.6,3.31,0.0
20230419:0211,0.0,0.0,0.0,5.26,3.24,0.0
20230419:0311,0.0,0.0,0.0,5.1,3.31,0.0
20230419:0411,0.0,0.0,0.0,5.37,3.38,0.0
20230419:0511,0.0,0.0,0.0,5.65,3.52,0.0
20230419:0611,117806.0,74.02,9.93,6.53,3.72,0.0
20230419:0711,180518.0,96.59,18.68,8.08,4.0,0.0
20230419:0811,419848.0,201.12,27.19,9.2,5.66,0.0
20230419:0911,743574.0,341.13,34.98,9.71,5.38,0.0
20230419:1011,934102.0,425.67,41.39,10.27,5.45,0.0
20230419:1111,2209688.0,1025.88,45.62,11.21,5.59,0.0
20230419:1211,2279394.0,1062.72,46.92,12.07,6.0,0.0
20230419:1311,2202928.0,1022.7,44.99,12.63,6.41,0.0
20230419:1411,1916278.0,878.84,40.25,12.59,6.55,0.0
20230419:1511,1530022.0,695.64,33.5,12.2,6.28,0.0
20230419:1611,1055912.0,486.79,25.52,11.61,5.72,0.0
20230419:1711,479414.0,250.76,16.93,10.85,4.83,0.0
20230419:1811,57668.0,51.33,8.18,9.85,3.86,0.0
20230419:1911,0.0,0.0,0.0,8.15,3.24,0.0
20230419:2011,0.0,0.0,0.0,6.6,3.03,0.0
20230419:2111,0.0,0.0,0.0,5.75,3.17,0.0
20230419:2211,0.0,0.0,0.0,5.33,3.31,0.0
20230419:2311,0.0,0.0,0.0,5.2,3.31,0.0
20230420:0011,0.0,0.0,0.0,5.11,3.17,0.0
20230420:0111,0.0,0.0,0.0,4.67,2.97,0.0
20230420:0211,0.0,0.0,0.0,4.2,2.83,0.0
20230420:0311,0.0,0.0,0.0,3.88,2.9,0.0
20230420:0411,0.0,0.0,0.0,3.68,2.9,0.0
20230420:0511,0.0,0.87,1.67,3.7,2.9,0.0
20230420:0611,120484.0,87.31,10.24,4.35,2.83,0.0
20230420:0711,629486.0,309.58,18.99,6.74,3.1,0.0
20230420:0811,1192568.0,541.95,27.51,8.59,4.21,0.0
20230420:0911,1653080.0,753.22,35.3,9.89,4.41,0.0
20230420:1011,1730638.0,792.06,41.73,10.97,5.17,0.0
20230420:1111,2209714.0,1027.55,45.97,11.6,5.66,0.0
20230420:1211,2310750.0,1076.82,47.26,11.93,6.14,0.0
20230420:1311,2223234.0,1029.14,45.31,12.0,6.48,0.0
20230420:1411,1925248.0,880.6,40.54,11.79,6.41,0.0
20230420:1511,1549964.0,702.22,33.77,11.38,6.28,0.0
20230420:1611,1072110.0,491.86,25.77,10.81,6.0,0.0
20230420:1711,482534.0,250.51,17.17,10.15,5.59,0.0
20230420:1811,63258.0,53.67,8.43,9.24,4.97,0.0
20230420:1911,0.0,0.0,0.0,8.06,4.76,0.0
20230420:2011,0.0,0.0,0.0,7.34,4.34,0.0
20230420:2111,0.0,0.0,0.0,7.35,4.21,0.0
20230420:2211,0.0,0.0,0.0,6.95,3.86,0.0
20230420:2311,0.0,0.0,0.0,6.65,3.66,0.0
20230421:0011,0.0,0.0,0.0,6.72,3.86,0.0
20230421:0111,0.0,0.0,0.0,6.87,4.21,0.0
20230421:0211,0.0,0.0,0.0,7.0,4.34,0.0
20230421:0311,0.0,0.0,0.0,7.13,4.41,0.0
20230421:0411,0.0,0.0,0.0,7.32,4.48,0.0
20230421:0511,0.0,0.87,1.98,7.37,4.83,0.0
20230421:0611,115310.0,69.97,10.55,7.93,5.17,0.0
20230421:0711,343538.0,170.65,19.3,8.96,5.79,0.0
20230421:0811,312624.0,155.05,27.82,9.7,6.0,0.0
20230421:0911,253864.0,129.79,35.63,10.62,7.31,0.0
20230421:1011,205270.0,108.47,42.06,10.98,7.86,0.0
20230421:1111,206674.0,109.4,46.32,11.72,8.34,0.0
20230421:1211,260650.0,133.5,47.6,11.97,7.52,0.0
20230421:1311,269282.0,137.21,45.63,11.63,6.62,0.0
20230421:1411,275964.0,139.99,40.83,11.28,6.21,0.0
20230421:1511,170118.0,92.71,34.03,10.61,5.59,0.0
20230421:1611,52000.0,37.08,26.02,10.06,5.1,0.0
20230421:1711,21138.0,20.4,17.41,8.93,4.41,0.0
20230421:1811,19630.0,19.47,8.67,8.34,4.07,0.0
20230421:1911,0.0,0.0,0.0,7.71,3.86,0.0
20230421:2011,0.0,0.0,0.0,7.48,3.66,0.0
20230421:2111,0.0,0.0,0.0,7.44,3.45,0.0
20230421:2211,0.0,0.0,0.0,7.49,3.66,0.0
20230421:2311,0.0,0.0,0.0,7.45,3.79,0.0
20230422:0011,0.0,0.0,0.0,7.5,3.72,0.0
20230422:0111,0.0,0.0,0.0,7.66,3.52,0.0
20230422:0211,0.0,0.0,0.0,7.68,3.31,0.0
20230422:0311,0.0,0.0,0.0,7.67,2.97,0.0
20230422:0411,0.0,0.0,0.0,7.66,2.48,0.0
20230422:0511,0.0,0.87,2.29,7.68,1.93,0.0
20230422:0611,26156.0,23.18,10.85,7.77,1.38,0.0
20230422:0711,84786.0,52.85,19.6,7.98,1.93,0.0
20230422:0811,102180.0,61.19,28.13,8.5,1.59,0.0
20230422:0911,153842.0,85.29,35.95,9.41,1.03,0.0
20230422:1011,161876.0,89.0,42.4,9.95,2.21,0.0
20230422:1111,254956.0,130.72,46.66,10.42,2.97,0.0
20230422:1211,510640.0,244.06,47.94,11.21,3.1,0.0
20230422:1311,924404.0,428.67,45.94,11.83,3.24,0.0
20230422:1411,1036126.0,477.55,41.12,11.93,3.72,0.0
20230422:1511,755638.0,351.48,34.3,12.12,4.0,0.0
20230422:1611,756808.0,353.24,26.27,11.45,3.93,0.0
20230422:1711,138944.0,78.8,17.65,11.02,3.52,0.0
20230422:1811,75712.0,50.0,8.92,10.53,3.03,0.0
20230422:1911,0.0,0.0,0.0,9.57,2.07,0.0
20230422:2011,0.0,0.0,0.0,8.17,1.93,0.0
20230422:2111,0.0,0.0,0.0,6.62,1.72,0.0
20230422:2211,0.0,0.0,0.0,5.36,1.52,0.0
20230422:2311,0.0,0.0,0.0,5.7,0.97,0.0
20230423:0011,0.0,0.0,0.0,4.48,0.9,0.0
20230423:0111,0.0,0.0,0.0,3.38,1.03,0.0
20230423:0211,0.0,0.0,0.0,3.41,0.83,0.0
20230423:0311,0.0,0.0,0.0,3.95,1.17,0.0
20230423:0411,0.0,0.0,0.0,4.44,1.45,0.0
20230423:0511,0.0,2.62,2.6,4.63,1.79,0.0
20230423:0611,80444.0,50.54,11.15,5.45,2.21,0.0
20230423:0711,210496.0,109.81,19.9,7.41,3.03,0.0
20230423:0811,459290.0,218.26,28.43,8.46,3.52,0.0
20230423:0911,655668.0,304.55,36.26,9.61,3.66,0.0
20230423:1011,392522.0,190.98,42.73,10.4,3.86,0.0
20230423:1111,609648.0,286.16,47.0,10.63,4.07,0.0
20230423:1211,634712.0,297.04,48.27,10.59,4.21,0.0
20230423:1311,1614522.0,742.32,46.26,10.72,4.21,0.0
20230423:1411,1842880.0,850.13,41.4,10.86,4.28,0.0
20230423:1511,789100.0,363.63,34.56,10.94,4.62,0.0
20230423:1611,671034.0,313.0,26.51,10.78,4.97,0.0
20230423:1711,317018.0,161.88,17.89,10.36,5.17,0.0
20230423:1811,11986.0,14.83,9.16,9.28,4.97,0.0
20230423:1911,0.0,0.0,0.0,8.23,5.31,0.0
20230423:2011,0.0,0.0,0.0,7.37,5.45,0.0
20230423:2111,0.0,0.0,0.0,6.86,5.59,0.0
20230423:2211,0.0,0.0,0.0,6.24,5.79,0.0
20230423:2311,0.0,0.0,0.0,5.73,5.72,0.0
20230424:0011,0.0,0.0,0.0,5.34,5.24,0.0
20230424:0111,0.0,0.0,0.0,5.38,5.03,0.0
20230424:0211,0.0,0.0,0.0,5.09,4.83,0.0
20230424:0311,0.0,0.0,0.0,5.02,4.83,0.0
20230424:0411,0.0,0.0,0.0,4.49,4.55,0.0
20230424:0511,0.0,2.62,2.89,4.32,4.55,0.0
20230424:0611,105872.0,62.6,11.45,4.5,4.14,0.0
20230424:0711,432900.0,207.87,20.19,5.23,5.38,0.0
20230424:0811,830414.0,372.71,28.73,6.02,6.48,0.0
20230424:0911,720720.0,326.63,36.57,6.91,6.48,0.0
20230424:1011,1035112.0,463.17,43.05,7.64,6.62,0.0
20230424:1111,315640.0,154.83,47.33,7.34,6.34,0.0
20230424:1211,425126.0,202.11,48.6,7.63,6.28,0.0
20230424:1311,779532.0,354.73,46.57,7.98,5.86,0.0
20230424:1411,1518582.0,679.17,41.69,7.97,6.0,0.0
20230424:1511,867048.0,390.4,34.81,7.69,6.21,0.0
20230424:1611,1013402.0,457.97,26.76,7.52,6.0,0.0
20230424:1711,455078.0,228.75,18.13,7.03,5.72,0.0
20230424:1811,71994.0,59.52,9.39,6.35,4.97,0.0
20230424:1911,0.0,0.0,0.0,5.45,3.93,0.0
20230424:2011,0.0,0.0,0.0,4.64,3.72,0.0
20230424:2111,0.0,0.0,0.0,3.97,3.52,0.0
20230424:2211,0.0,0.0,0.0,3.24,3.31,0.0
20230424:2311,0.0,0.0,0.0,2.59,3.17,0.0
20230425:0011,0.0,0.0,0.0,2.05,3.03,0.0
20230425:0111,0.0,0.0,0.0,1.68,2.97,0.0
20230425:0211,0.0,0.0,0.0,1.41,2.9,0.0
20230425:0311,0.0,0.0,0.0,0.95,2.83,0.0
20230425:0411,0.0,0.0,0.0,0.61,2.83,0.0
20230425:0511,3692.0,8.74,3.19,0.58,2.83,0.0
20230425:0611,150566.0,104.28,11.74,1.33,2.55,0.0
20230425:0711,684086.0,326.83,20.48,2.9,3.24,0.0
20230425:0811,1256112.0,560.9,29.03,4.37,3.72,0.0
20230425:0911,1711216.0,771.37,36.88,5.53,3.38,0.0
20230425:1011,1902420.0,871.51,43.37,6.58,3.24,0.0
20230425:1111,2021084.0,938.14,47.66,7.67,3.24,0.0
20230425:1211,2060266.0,964.23,48.93,8.23,3.03,0.0
20230425:1311,2020720.0,949.21,46.87,8.64,2.69,0.0
20230425:1411,1606592.0,743.62,41.96,8.85,2.34,0.0
20230425:1511,1174602.0,538.62,35.07,8.89,2.14,0.0
20230425:1611,925548.0,429.51,27.0,8.79,1.79,0.0
20230425:1711,357552.0,180.12,18.36,8.16,2.07,0.0
20230425:1811,101816.0,66.01,9.63,7.43,2.76,0.0
20230425:1911,0.0,0.0,0.0,6.37,2.9,0.0
20230425:2011,0.0,0.0,0.0,4.56,2.83,0.0
20230425:2111,0.0,0.0,0.0,3.37,2.34,0.0
20230425:2211,0.0,0.0,0.0,2.72,1.93,0.0
20230425:2311,0.0,0.0,0.0,2.66,1.79,0.0
20230426:0011,0.0,0.0,0.0,2.08,1.79,0.0
20230426:0111,0.0,0.0,0.0,1.96,1.66,0.0
20230426:0211,0.0,0.0,0.0,1.65,1.59,0.0
20230426:0311,0.0,0.0,0.0,1.39,1.52,0.0
20230426:0411,0.0,0.0,0.0,0.94,1.52,0.0
20230426:0511,0.0,2.62,3.48,0.75,1.45,0.0
20230426:0611,71448.0,45.43,12.02,1.94,0.97,0.0
20230426:0711,328900.0,160.92,20.77,4.04,1.31,0.0
20230426:0811,642720.0,296.36,29.32,5.38,1.38,0.0
20230426:0911,482482.0,228.54,37.18,7.18,1.45,0.0
20230426:1011,753012.0,349.88,43.69,8.76,1.52,0.0
20230426:1111,2027870.0,969.71,47.99,9.35,1.86,0.0
20230426:1211,899470.0,417.68,49.25,9.66,1.66,0.0
20230426:1311,693420.0,325.49,47.17,10.19,1.66,0.0
20230426:1411,749554.0,350.79,42.24,10.48,1.59,0.0
20230426:1511,670072.0,315.54,35.32,10.28,0.97,0.0
20230426:1611,908570.0,427.99,27.24,10.31,0.83,0.0
20230426:1711,477542.0,248.9,18.6,10.19,0.41,0.0
20230426:1811,97656.0,66.77,9.87,9.99,0.48,0.0
20230426:1911,0.0,0.0,0.0,9.37,1.86,0.0
20230426:2011,0.0,0.0,0.0,7.49,2.28,0.0
20230426:2111,0.0,0.0,0.0,6.16,2.41,0.0
20230426:2211,0.0,0.0,0.0,5.23,2.41,0.0
20230426:2311,0.0,0.0,0.0,4.23,2.28,0.0
20230427:0011,0.0,0.0,0.0,3.27,2.14,0.0
20230427:0111,0.0,0.0,0.0,2.42,1.93,0.0
20230427:0211,0.0,0.0,0.0,2.21,1.59,0.0
20230427:0311,0.0,0.0,0.0,1.73,1.72,0.0
20230427:0411,0.0,0.0,0.0,1.52,1.93,0.0
20230427:0511,0.0,2.62,3.77,1.53,1.86,0.0
20230427:0611,73164.0,46.36,12.3,2.76,1.59,0.0
20230427:0711,229164.0,117.13,21.05,5.33,2.28,0.0
20230427:0811,602004.0,278.67,29.61,6.8,2.83,0.0
20230427:0911,1190020.0,538.58,37.48,8.08,3.38,0.0
20230427:1011,781846.0,359.8,44.0,9.69,4.21,0.0
20230427:1111,1465516.0,668.63,48.31,10.62,4.97,0.0
20230427:1211,832754.0,383.65,49.57,11.6,6.28,0.0
20230427:1311,514592.0,244.89,47.47,11.87,6.34,0.0
20230427:1411,655512.0,305.85,42.51,11.68,6.21,0.0
20230427:1511,544908.0,257.45,35.58,11.68,6.21,0.0
20230427:1611,122824.0,71.39,27.47,11.43,5.86,0.0
20230427:1711,46410.0,34.3,18.83,10.72,5.45,0.0
20230427:1811,39520.0,30.59,10.1,9.84,5.38,0.0
20230427:1911,0.0,0.0,0.0,9.6,4.83,0.0
20230427:2011,0.0,0.0,0.0,8.48,4.41,0.0
20230427:2111,0.0,0.0,0.0,7.53,4.14,0.0
20230427:2211,0.0,0.0,0.0,6.91,3.72,0.0
20230427:2311,0.0,0.0,0.0,6.64,3.17,0.0
20230428:0011,0.0,0.0,0.0,6.65,3.38,0.0
20230428:0111,0.0,0.0,0.0,6.56,3.17,0.0
20230428:0211,0.0,0.0,0.0,6.59,3.38,0.0
20230428:0311,0.0,0.0,0.0,6.62,3.45,0.0
20230428:0411,0.0,0.0,0.0,6.54,3.17,0.0
20230428:0511,0.0,2.62,4.05,6.61,2.83,0.0
20230428:0611,95706.0,57.96,12.58,6.73,2.34,0.0
20230428:0711,141310.0,78.8,21.33,7.1,1.45,0.0
20230428:0811,178126.0,95.49,29.89,7.61,1.72,0.0
20230428:0911,259792.0,131.65,37.77,7.81,1.93,0.0
20230428:1011,310024.0,153.9,44.31,8.29,2.14,0.0
20230428:1111,374868.0,182.64,48.63,8.86,2.28,0.0
20230428:1211,337792.0,166.88,49.88,9.5,2.21,0.0
20230428:1311,416416.0,202.11,47.77,10.31,2.28,0.0
20230428:1411,432328.0,210.0,42.79,10.97,1.79,0.0
20230428:1511,516100.0,247.57,35.82,11.35,1.45,0.0
20230428:1611,810550.0,384.24,27.71,11.84,0.97,0.0
20230428:1711,499694.0,264.5,19.06,11.95,0.48,0.0
20230428:1811,32110.0,26.89,10.33,12.01,0.21,0.0
20230428:1911,0.0,0.87,1.92,11.56,1.72,0.0
20230428:2011,0.0,0.0,0.0,10.44,2.0,0.0
20230428:2111,0.0,0.0,0.0,9.37,1.93,0.0
20230428:2211,0.0,0.0,0.0,8.59,1.79,0.0
20230428:2311,0.0,0.0,0.0,7.76,1.79,0.0
20230429:0011,0.0,0.0,0.0,6.94,1.59,0.0
20230429:0111,0.0,0.0,0.0,6.11,1.24,0.0
20230429:0211,0.0,0.0,0.0,5.97,0.83,0.0
20230429:0311,0.0,0.0,0.0,5.29,0.97,0.0
20230429:0411,0.0,0.0,0.0,5.13,1.31,0.0
20230429:0511,3536.0,8.74,4.33,5.23,1.59,0.0
20230429:0611,139646.0,79.73,12.85,6.54,1.86,0.0
20230429:0711,228826.0,118.01,21.6,7.74,2.97,0.0
20230429:0811,326066.0,161.01,30.16,8.78,2.76,0.0
20230429:0911,293566.0,147.41,38.06,9.62,2.48,0.0
20230429:1011,277810.0,140.92,44.61,10.32,2.34,0.0
20230429:1111,286962.0,145.56,48.94,11.09,1.93,0.0
20230429:1211,283634.0,144.63,50.19,11.63,1.24,0.0
20230429:1311,312832.0,157.61,48.06,11.66,1.45,0.0
20230429:1411,417872.0,204.43,43.05,12.03,1.93,0.0
20230429:1511,730990.0,342.88,36.07,12.07,2.41,0.0
20230429:1611,563628.0,268.25,27.94,11.73,2.9,0.0
20230429:1711,124748.0,72.31,19.29,11.15,3.17,0.0
20230429:1811,42900.0,32.45,10.56,10.36,3.38,0.0
20230429:1911,0.0,0.87,2.16,9.98,2.9,0.0
20230429:2011,0.0,0.0,0.0,9.35,2.55,0.0
20230429:2111,0.0,0.0,0.0,8.98,2.28,0.0
20230429:2211,0.0,0.0,0.0,8.72,2.21,0.0
20230429:2311,0.0,0.0,0.0,8.46,2.07,0.0
20230430:0011,0.0,0.0,0.0,8.31,1.93,0.0
20230430:0111,0.0,0.0,0.0,8.33,1.66,0.0
20230430:0211,0.0,0.0,0.0,7.99,1.45,0.0
20230430:0311,0.0,0.0,0.0,7.89,1.17,0.0
20230430:0411,0.0,0.0,0.0,7.73,1.17,0.0
20230430:0511,0.0,3.5,4.6,7.42,1.38,0.0
20230430:0611,128518.0,74.18,13.12,8.02,1.52,0.0
20230430:0711,70772.0,46.36,21.86,9.45,2.62,0.0
20230430:0811,269022.0,137.21,30.44,10.98,3.24,0.0
20230430:0911,597402.0,282.48,38.34,12.28,3.93,0.0
20230430:1011,956670.0,443.04,44.91,12.96,4.41,0.0
20230430:1111,740454.0,347.88,49.25,13.56,4.41,0.0
20230430:1211,866866.0,404.22,50.5,13.9,5.1,0.0
20230430:1311,607854.0,288.42,48.35,13.47,4.9,0.0
20230430:1411,365638.0,180.79,43.32,12.73,4.62,0.0
20230430:1511,134004.0,76.95,36.31,12.53,4.28,0.0
20230430:1611,307034.0,154.68,28.17,12.75,5.59,0.0
20230430:1711,51376.0,37.08,19.51,12.33,4.14,0.0
20230430:1811,60554.0,41.72,10.79,12.07,3.66,0.0
20230430:1911,0.0,0.87,2.39,12.38,2.97,0.0
20230430:2011,0.0,0.0,0.0,11.22,2.76,0.0
20230430:2111,0.0,0.0,0.0,10.77,2.48,0.0
20230430:2211,0.0,0.0,0.0,10.34,2.41,0.0
20230430:2311,0.0,0.0,0.0,9.93,2.34,0.0
20230501:0011,0.0,0.0,0.0,10.06,2.07,0.0
20230501:0111,0.0,0.0,0.0,9.99,2.07,0.0
20230501:0211,0.0,0.0,0.0,10.06,2.07,0.0
20230501:0311,0.0,0.0,0.0,10.01,2.21,0.0
20230501:0411,0.0,0.0,0.0,9.99,2.21,0.0
20230501:0511,14716.0,16.61,4.87,9.95,2.14,0.0
20230501:0611,169624.0,118.9,13.38,10.3,2.48,0.0
20230501:0711,656370.0,322.12,22.13,10.97,3.79,0.0
20230501:0811,751894.0,350.41,30.7,11.89,3.93,0.0
20230501:0911,740922.0,346.81,38.62,12.84,3.79,0.0
20230501:1011,415376.0,203.96,45.2,13.87,4.07,0.0
20230501:1111,1416350.0,662.17,49.55,14.63,4.14,0.0
20230501:1211,761540.0,360.57,50.8,14.89,3.66,0.0
20230501:1311,587418.0,282.68,48.64,15.07,3.24,0.0
20230501:1411,720616.0,341.06,43.58,14.66,3.72,0.0
20230501:1511,1308762.0,604.09,36.55,13.47,4.41,0.0
20230501:1611,953602.0,440.76,28.4,11.39,4.76,0.0
20230501:1711,478842.0,242.67,19.73,9.91,4.76,0.0
20230501:1811,101894.0,62.05,11.01,9.09,4.55,0.0
20230501:1911,0.0,1.75,2.63,8.69,3.86,0.0
20230501:2011,0.0,0.0,0.0,8.23,3.52,0.0
20230501:2111,0.0,0.0,0.0,8.12,3.31,0.0
20230501:2211,0.0,0.0,0.0,7.99,2.62,0.0
20230501:2311,0.0,0.0,0.0,7.84,2.34,0.0
20230502:0011,0.0,0.0,0.0,7.72,2.0,0.0
20230502:0111,0.0,0.0,0.0,7.5,1.66,0.0
20230502:0211,0.0,0.0,0.0,7.4,1.59,0.0
20230502:0311,0.0,0.0,0.0,7.28,1.52,0.0
20230502:0411,0.0,0.0,0.0,7.21,1.38,0.0
20230502:0511,2418.0,7.87,5.13,7.12,1.31,0.0
20230502:0611,161408.0,90.33,13.64,7.19,1.79,0.0
20230502:0711,0.0,0.0,0.0,7.26,2.21,0.0
20230502:0811,520390.0,244.64,30.97,7.62,2.41,0.0
20230502:0911,666250.0,308.52,38.89,8.06,2.55,0.0
20230502:1011,666302.0,309.8,45.49,8.81,2.76,0.0
20230502:1111,458926.0,219.72,49.85,9.49,2.9,0.0
20230502:1211,383916.0,187.28,51.1,9.99,2.83,0.0
20230502:1311,1235442.0,570.07,48.92,10.51,2.83,0.0
20230502:1411,878228.0,406.44,43.84,10.85,2.97,0.0
20230502:1511,672516.0,314.75,36.79,11.14,3.1,0.0
20230502:1611,724646.0,339.04,28.63,11.24,3.38,0.0
20230502:1711,285116.0,146.04,19.95,11.16,3.31,0.0
20230502:1811,123786.0,78.25,11.24,10.9,3.03,0.0
20230502:1911,0.0,3.5,2.86,10.93,2.97,0.0
20230502:2011,0.0,0.0,0.0,10.19,2.97,0.0
20230502:2111,0.0,0.0,0.0,9.64,2.97,0.0
20230502:2211,0.0,0.0,0.0,9.05,2.9,0.0
20230502:2311,0.0,0.0,0.0,8.39,2.9,0.0
20230503:0011,0.0,0.0,0.0,7.84,2.83,0.0
20230503:0111,0.0,0.0,0.0,7.52,2.76,0.0
20230503:0211,0.0,0.0,0.0,7.23,2.62,0.0
20230503:0311,0.0,0.0,0.0,6.92,2.55,0.0
20230503:0411,0.0,0.0,0.0,6.83,2.41,0.0
20230503:0511,33540.0,27.11,5.39,6.59,2.28,0.0
20230503:0611,199056.0,118.42,13.89,7.02,2.34,0.0
20230503:0711,391586.0,190.46,22.64,7.52,2.76,0.0
20230503:0811,1099488.0,502.98,31.22,9.08,3.1,0.0
20230503:0911,1180842.0,541.08,39.16,10.48,3.31,0.0
20230503:1011,1826916.0,854.59,45.77,11.77,3.45,0.0
20230503:1111,2062840.0,976.4,50.15,12.67,3.86,0.0
20230503:1211,1673204.0,780.37,51.4,12.83,4.14,0.0
20230503:1311,1310556.0,606.37,49.2,13.06,4.34,0.0
20230503:1411,1560910.0,722.19,44.09,12.98,4.48,0.0
20230503:1511,782210.0,363.75,37.03,12.56,4.48,0.0
20230503:1611,694408.0,325.12,28.85,11.82,4.55,0.0
20230503:1711,434980.0,219.06,20.17,10.96,4.55,0.0
20230503:1811,105534.0,63.75,11.46,9.84,4.21,0.0
20230503:1911,0.0,4.37,3.09,8.54,3.93,0.0
20230503:2011,0.0,0.0,0.0,7.09,3.59,0.0
20230503:2111,0.0,0.0,0.0,6.19,3.38,0.0
20230503:2211,0.0,0.0,0.0,5.87,3.24,0.0
20230503:2311,0.0,0.0,0.0,5.59,3.17,0.0
20230504:0011,0.0,0.0,0.0,5.36,3.17,0.0
20230504:0111,0.0,0.0,0.0,5.06,3.03,0.0
20230504:0211,0.0,0.0,0.0,4.97,2.97,0.0
20230504:0311,0.0,0.0,0.0,4.87,3.1,0.0
20230504:0411,0.0,0.0,0.0,4.68,3.24,0.0
20230504:0511,30628.0,25.36,5.64,4.7,3.24,0.0
20230504:0611,206986.0,120.18,14.14,5.71,3.03,0.0
20230504:0711,166504.0,89.93,22.88,7.37,5.24,0.0
20230504:0811,508170.0,238.08,31.48,8.01,5.52,0.0
20230504:0911,956644.0,432.22,39.42,8.84,5.79,0.0
20230504:1011,1147900.0,517.65,46.05,9.26,6.0,0.0
20230504:1111,1496274.0,677.5,50.44,10.21,6.28,0.0
20230504:1211,1638208.0,744.31,51.69,10.54,6.34,0.0
20230504:1311,1597986.0,725.96,49.47,10.96,6.48,0.0
20230504:1411,1141686.0,518.05,44.34,11.08,6.48,0.0
20230504:1511,697580.0,322.42,37.26,10.82,6.55,0.0
20230504:1611,582972.0,272.87,29.07,10.34,6.48,0.0
20230504:1711,420082.0,209.06,20.39,9.73,6.28,0.0
20230504:1811,72930.0,47.28,11.68,9.06,5.66,0.0
20230504:1911,1404.0,7.0,3.32,8.03,4.76,0.0
20230504:2011,0.0,0.0,0.0,7.39,4.48,0.0
20230504:2111,0.0,0.0,0.0,7.09,4.0,0.0
20230504:2211,0.0,0.0,0.0,7.32,3.59,0.0
20230504:2311,0.0,0.0,0.0,7.5,3.17,0.0
20230505:0011,0.0,0.0,0.0,7.62,2.76,0.0
20230505:0111,0.0,0.0,0.0,8.13,2.21,0.0
20230505:0211,0.0,0.0,0.0,8.34,1.59,0.0
20230505:0311,0.0,0.0,0.0,8.12,1.52,0.0
20230505:0411,0.0,0.0,0.0,7.85,1.66,0.0
20230505:0511,14898.0,16.61,5.89,8.08,1.66,0.0
20230505:0611,61412.0,41.72,14.38,9.13,1.66,0.0
20230505:0711,230334.0,119.69,23.13,9.37,1.38,0.0
20230505:0811,270946.0,138.14,31.72,10.77,2.34,0.0
20230505:0911,282178.0,143.7,39.68,11.93,2.83,0.0
20230505:1011,431444.0,210.45,46.32,12.56,2.9,0.0
20230505:1111,783276.0,369.8,50.72,13.57,2.62,0.0
20230505:1211,1386736.0,657.46,51.97,14.71,2.48,0.0
20230505:1311,1554566.0,742.12,49.74,15.66,2.69,0.0
20230505:1411,681044.0,327.44,44.59,16.2,2.34,0.0
20230505:1511,542152.0,263.71,37.49,16.31,2.76,0.0
20230505:1611,750672.0,357.22,29.29,15.55,3.72,0.0
20230505:1711,43654.0,33.38,20.6,14.68,2.76,0.0
20230505:1811,35152.0,28.74,11.89,14.13,2.0,0.0
20230505:1911,0.0,5.25,3.54,13.25,1.93,0.0
20230505:2011,0.0,0.0,0.0,11.95,2.28,0.0
20230505:2111,0.0,0.0,0.0,11.13,2.21,0.0
20230505:2211,0.0,0.0,0.0,10.5,2.14,0.0
20230505:2311,0.0,0.0,0.0,9.89,1.93,0.0
20230506:0011,0.0,0.0,0.0,8.84,1.86,0.0
20230506:0111,0.0,0.0,0.0,7.73,1.72,0.0
20230506:0211,0.0,0.0,0.0,7.02,1.52,0.0
20230506:0311,0.0,0.0,0.0,6.4,1.38,0.0
20230506:0411,0.0,0.0,0.0,5.99,1.24,0.0
20230506:0511,41912.0,31.48,6.13,6.19,1.03,0.0
20230506:0611,110318.0,64.9,14.62,7.92,0.76,0.0
20230506:0711,348556.0,173.38,23.36,10.43,2.07,0.0
20230506:0811,556296.0,265.09,31.96,12.02,2.69,0.0
20230506:0911,696150.0,329.09,39.93,13.62,3.03,0.0
20230506:1011,804882.0,380.72,46.59,14.94,3.1,0.0
20230506:1111,1109784.0,523.53,51.0,16.09,3.52,0.0
20230506:1211,1375114.0,650.83,52.26,16.55,3.72,0.0
20230506:1311,1370928.0,648.41,50.01,16.81,3.86,0.0
20230506:1411,962260.0,455.23,44.84,17.05,3.86,0.0
20230506:1511,748618.0,356.43,37.72,16.69,3.72,0.0
20230506:1611,426582.0,210.64,29.5,15.72,3.86,0.0
20230506:1711,186706.0,101.92,20.81,14.37,4.14,0.0
20230506:1811,113074.0,68.75,12.11,13.95,3.79,0.0
20230506:1911,3276.0,8.74,3.76,13.31,2.62,0.0
20230506:2011,0.0,0.0,0.0,12.55,2.21,0.0
20230506:2111,0.0,0.0,0.0,12.12,1.86,0.0
20230506:2211,0.0,0.0,0.0,11.59,1.79,0.0
20230506:2311,0.0,0.0,0.0,11.18,1.79,0.0
20230507:0011,0.0,0.0,0.0,10.99,1.66,0.0
20230507:0111,0.0,0.0,0.0,11.12,1.52,0.0
20230507:0211,0.0,0.0,0.0,11.12,1.38,0.0
20230507:0311,0.0,0.0,0.0,11.11,1.17,0.0
20230507:0411,0.0,0.0,0.0,10.66,1.31,0.0
20230507:0511,47684.0,34.98,6.37,10.48,1.17,0.0
20230507:0611,180622.0,100.88,14.85,10.99,1.66,0.0
20230507:0711,220818.0,116.85,23.59,12.19,0.97,0.0
20230507:0811,542984.0,262.15,32.2,13.41,1.38,0.0
20230507:0911,716170.0,342.52,40.18,14.56,1.31,0.0
20230507:1011,1594580.0,777.89,46.85,15.51,1.1,0.0
20230507:1111,1642472.0,808.86,51.28,16.34,1.1,0.0
20230507:1211,1407848.0,687.1,52.53,16.87,1.1,0.0
20230507:1311,1343654.0,651.47,50.27,17.39,1.52,0.0
20230507:1411,1270750.0,614.4,45.08,17.86,1.59,0.0
20230507:1511,1311206.0,632.32,37.94,18.36,1.93,0.0
20230507:1611,1003808.0,484.55,29.71,18.22,2.48,0.0
20230507:1711,496080.0,262.36,21.02,17.94,2.9,0.0
20230507:1811,94380.0,78.93,12.32,17.25,2.76,0.0
20230507:1911,8944.0,13.12,3.98,16.31,2.0,0.0
20230507:2011,0.0,0.0,0.0,14.84,2.07,0.0
20230507:2111,0.0,0.0,0.0,13.1,1.66,0.0
20230507:2211,0.0,0.0,0.0,11.82,1.24,0.0
20230507:2311,0.0,0.0,0.0,10.72,1.38,0.0
20230508:0011,0.0,0.0,0.0,10.06,1.45,0.0
20230508:0111,0.0,0.0,0.0,9.0,1.66,0.0
20230508:0211,0.0,0.0,0.0,8.83,2.21,0.0
20230508:0311,0.0,0.0,0.0,9.28,2.41,0.0
20230508:0411,0.0,0.0,0.0,9.95,2.76,0.0
20230508:0511,0.0,5.25,6.61,10.45,3.03,0.0
20230508:0611,49920.0,36.16,15.08,10.92,3.24,0.0
20230508:0711,100672.0,61.19,23.82,11.78,3.31,0.0
20230508:0811,223756.0,117.74,32.43,12.45,3.72,0.0
20230508:0911,376038.0,185.42,40.42,12.5,3.86,0.0
20230508:1011,444522.0,215.51,47.11,12.52,4.34,0.0
20230508:1111,549796.0,261.92,51.55,12.4,4.34,0.0
20230508:1211,466908.0,225.29,52.8,12.63,5.03,0.0
20230508:1311,263146.0,135.36,50.53,12.81,4.97,0.0
20230508:1411,507520.0,243.66,45.32,13.27,5.17,0.0
20230508:1511,317902.0,160.39,38.16,13.95,5.17,0.0
20230508:1611,255294.0,132.58,29.93,13.98,4.48,0.0
20230508:1711,40326.0,31.52,21.23,14.11,3.86,0.0
20230508:1811,15964.0,17.62,12.53,14.02,3.38,0.0
20230508:1911,0.0,2.62,4.2,13.75,3.86,0.0
20230508:2011,0.0,0.0,0.0,13.47,3.45,0.0
20230508:2111,0.0,0.0,0.0,13.44,3.1,0.0
20230508:2211,0.0,0.0,0.0,13.31,2.69,0.0
20230508:2311,0.0,0.0,0.0,12.96,2.76,0.0
20230509:0011,0.0,0.0,0.0,12.69,2.69,0.0
20230509:0111,0.0,0.0,0.0,12.39,2.62,0.0
20230509:0211,0.0,0.0,0.0,12.11,2.48,0.0
20230509:0311,0.0,0.0,0.0,11.95,2.48,0.0
20230509:0411,0.0,0.0,0.0,11.86,2.55,0.0
20230509:0511,35776.0,28.86,6.83,11.97,2.41,0.0
20230509:0611,207792.0,134.62,15.3,12.14,2.21,0.0
20230509:0711,678418.0,332.73,24.04,13.1,4.21,0.0
20230509:0811,1150214.0,535.17,32.66,13.79,3.93,0.0
20230509:0911,1003184.0,468.55,40.66,14.56,3.72,0.0
20230509:1011,1933542.0,927.63,47.36,15.54,3.31,0.0
20230509:1111,1823510.0,877.94,51.82,16.51,3.31,0.0
20230509:1211,1584440.0,757.18,53.07,17.04,3.52,0.0
20230509:1311,1411150.0,670.27,50.79,17.34,3.79,0.0
20230509:1411,1133340.0,535.81,45.55,17.34,3.86,0.0
20230509:1511,312520.0,160.39,38.38,17.0,3.66,0.0
20230509:1611,216970.0,116.82,30.13,16.82,3.66,0.0
20230509:1711,319072.0,165.1,21.44,16.17,2.83,0.0
20230509:1811,110136.0,67.32,12.74,15.71,2.07,0.0
20230509:1911,0.0,3.5,4.42,14.8,1.24,0.0
20230509:2011,0.0,0.0,0.0,13.09,1.45,0.0
20230509:2111,0.0,0.0,0.0,11.69,2.48,0.0
20230509:2211,0.0,0.0,0.0,10.53,2.97,0.0
20230509:2311,0.0,0.0,0.0,10.02,3.03,0.0
20230510:0011,0.0,0.0,0.0,9.58,2.97,0.0
20230510:0111,0.0,0.0,0.0,8.87,2.83,0.0
20230510:0211,0.0,0.0,0.0,8.4,2.62,0.0
20230510:0311,0.0,0.0,0.0,7.87,2.21,0.0
20230510:0411,0.0,0.0,0.0,7.18,2.14,0.0
20230510:0511,40092.0,30.61,7.06,6.92,2.07,0.0
20230510:0611,210704.0,115.38,15.52,9.04,2.0,0.0
20230510:0711,730314.0,357.57,24.26,11.5,3.03,0.0
20230510:0811,1271088.0,589.16,32.88,12.85,3.93,0.0
20230510:0911,1050920.0,487.47,40.89,13.81,4.28,0.0
20230510:1011,1421082.0,659.79,47.6,14.12,4.69,0.0
20230510:1111,1076842.0,501.18,52.08,14.39,4.76,0.0
20230510:1211,1450332.0,677.95,53.34,14.81,4.55,0.0
20230510:1311,768352.0,363.52,51.04,15.18,4.14,0.0
20230510:1411,835770.0,394.25,45.78,15.36,3.86,0.0
20230510:1511,853112.0,399.67,38.59,14.62,4.14,0.0
20230510:1611,613210.0,292.42,30.34,14.18,4.14,0.0
20230510:1711,101452.0,62.12,21.64,14.13,3.66,0.0
20230510:1811,97786.0,60.47,12.94,13.69,2.9,0.0
20230510:1911,0.0,3.5,4.63,12.81,2.69,0.0
20230510:2011,0.0,0.0,0.0,11.92,2.62,0.0
20230510:2111,0.0,0.0,0.0,11.18,2.48,0.0
20230510:2211,0.0,0.0,0.0,10.68,2.21,0.0
20230510:2311,0.0,0.0,0.0,10.34,2.07,0.0
20230511:0011,0.0,0.0,0.0,9.76,2.07,0.0
20230511:0111,0.0,0.0,0.0,9.53,2.07,0.0
20230511:0211,0.0,0.0,0.0,9.44,1.93,0.0
20230511:0311,0.0,0.0,0.0,9.64,1.79,0.0
20230511:0411,0.0,0.0,0.0,9.58,1.59,0.0
20230511:0511,17628.0,18.36,7.27,9.31,1.45,0.0
20230511:0611,137566.0,78.34,15.73,10.46,1.45,0.0
20230511:0711,477958.0,234.06,24.47,11.54,1.66,0.0
20230511:0811,601614.0,286.78,33.09,11.95,1.38,0.0
20230511:0911,827398.0,390.73,41.11,12.69,1.24,0.0
20230511:1011,1080118.0,515.71,47.84,13.81,0.69,0.0
20230511:1111,566670.0,276.25,52.33,14.53,0.41,0.0
20230511:1211,346970.0,176.15,53.59,15.11,0.28,0.0
20230511:1311,771030.0,371.34,51.28,15.4,0.9,0.0
20230511:1411,116506.0,69.53,46.01,14.84,2.41,0.0
20230511:1511,158964.0,89.0,38.8,13.88,3.17,0.0
20230511:1611,197756.0,106.62,30.54,13.54,2.97,0.0
20230511:1711,511160.0,262.31,21.84,13.37,2.69,0.0
20230511:1811,121212.0,87.95,13.15,13.19,2.9,0.0
20230511:1911,24674.0,22.74,4.84,12.64,2.34,0.0
20230511:2011,0.0,0.0,0.0,11.32,2.62,0.0
20230511:2111,0.0,0.0,0.0,10.08,2.55,0.0
20230511:2211,0.0,0.0,0.0,9.18,2.62,0.0
20230511:2311,0.0,0.0,0.0,8.82,2.9,0.0
20230512:0011,0.0,0.0,0.0,9.08,3.03,0.0
20230512:0111,0.0,0.0,0.0,9.06,3.24,0.0
20230512:0211,0.0,0.0,0.0,9.28,3.66,0.0
20230512:0311,0.0,0.0,0.0,9.37,3.59,0.0
20230512:0411,0.0,0.0,0.0,9.44,3.38,0.0
20230512:0511,9360.0,13.12,7.48,9.45,3.66,0.0
20230512:0611,121810.0,70.46,15.94,9.53,3.72,0.0
20230512:0711,224718.0,116.82,24.67,9.87,5.1,0.0
20230512:0811,330850.0,163.39,33.3,10.1,5.38,0.0
20230512:0911,368680.0,179.86,41.33,10.21,6.0,0.0
20230512:1011,291408.0,146.48,48.08,10.83,6.41,0.0
20230512:1111,345852.0,170.59,52.58,11.19,6.21,0.0
20230512:1211,370916.0,181.71,53.85,11.39,6.14,0.0
20230512:1311,294554.0,148.34,51.53,11.45,5.79,0.0
20230512:1411,258570.0,132.58,46.24,11.7,6.07,0.0
20230512:1511,342706.0,169.66,39.01,11.72,5.86,0.0
20230512:1611,273598.0,139.07,30.74,11.37,5.72,0.0
20230512:1711,231036.0,120.23,22.03,10.81,5.66,0.0
20230512:1811,97812.0,59.55,13.34,10.05,5.38,0.0
20230512:1911,25194.0,22.74,5.05,9.08,4.97,0.0
20230512:2011,0.0,0.0,0.0,8.54,4.0,0.0
20230512:2111,0.0,0.0,0.0,8.15,3.72,0.0
20230512:2211,0.0,0.0,0.0,7.84,3.59,0.0
20230512:2311,0.0,0.0,0.0,7.62,3.38,0.0
20230513:0011,0.0,0.0,0.0,7.48,3.24,0.0
20230513:0111,0.0,0.0,0.0,7.19,3.03,0.0
20230513:0211,0.0,0.0,0.0,7.08,3.03,0.0
20230513:0311,0.0,0.0,0.0,6.83,2.97,0.0
20230513:0411,0.0,0.0,0.0,6.83,2.9,0.0
20230513:0511,38454.0,29.73,7.69,6.83,3.03,0.0
20230513:0611,159328.0,87.13,16.14,7.08,3.24,0.0
20230513:0711,336986.0,165.09,24.87,7.31,3.38,0.0
20230513:0811,423280.0,202.56,33.5,8.02,3.17,0.0
20230513:0911,658346.0,306.49,41.55,9.07,2.76,0.0
20230513:1011,526136.0,250.21,48.31,9.96,2.28,0.0
20230513:1111,838734.0,392.77,52.82,11.11,1.79,0.0
20230513:1211,1212250.0,571.84,54.1,12.44,1.59,0.0
20230513:1311,1950208.0,959.71,51.76,13.38,1.31,0.0
20230513:1411,1822288.0,897.15,46.46,14.25,0.97,0.0
20230513:1511,1488370.0,721.01,39.22,14.83,0.83,0.0
20230513:1611,1077024.0,520.19,30.93,15.04,0.83,0.0
20230513:1711,565006.0,297.13,22.23,14.88,1.24,0.0
20230513:1811,108004.0,88.25,13.54,14.23,1.79,0.0
20230513:1911,29250.0,25.36,5.25,12.97,2.41,0.0
20230513:2011,0.0,0.0,0.0,10.85,2.48,0.0
20230513:2111,0.0,0.0,0.0,9.19,2.48,0.0
20230513:2211,0.0,0.0,0.0,8.08,2.28,0.0
20230513:2311,0.0,0.0,0.0,7.32,2.14,0.0
20230514:0011,0.0,0.0,0.0,6.76,2.14,0.0
20230514:0111,0.0,0.0,0.0,6.55,2.21,0.0
20230514:0211,0.0,0.0,0.0,6.21,2.14,0.0
20230514:0311,0.0,0.0,0.0,6.22,2.0,0.0
20230514:0411,0.0,0.0,0.0,6.46,1.86,0.0
20230514:0511,31876.0,26.23,7.89,6.8,1.66,0.0
20230514:0611,133198.0,75.56,16.33,7.91,1.45,0.0
20230514:0711,215774.0,113.11,25.06,9.43,1.45,0.0
20230514:0811,759356.0,356.79,33.7,11.77,1.93,0.0
20230514:0911,1236066.0,580.79,41.75,13.69,2.21,0.0
20230514:1011,1374334.0,652.72,48.53,15.39,2.48,0.0
20230514:1111,1971840.0,960.24,53.06,16.71,3.03,0.0
20230514:1211,2036996.0,989.72,54.34,17.27,3.72,0.0
20230514:1311,1529866.0,727.68,52.0,17.21,3.93,0.0
20230514:1411,840502.0,399.05,46.67,17.1,4.28,0.0
20230514:1511,998322.0,468.8,39.42,16.37,4.41,0.0
20230514:1611,638586.0,305.2,31.13,15.5,4.62,0.0
20230514:1711,202800.0,109.29,22.42,14.34,3.45,0.0
20230514:1811,145028.0,83.97,13.73,13.7,3.38,0.0
20230514:1911,0.0,4.37,5.45,13.52,3.38,0.0
20230514:2011,0.0,0.0,0.0,12.59,3.03,0.0
20230514:2111,0.0,0.0,0.0,12.11,3.31,0.0
20230514:2211,0.0,0.0,0.0,11.16,3.66,0.0
20230514:2311,0.0,0.0,0.0,10.58,3.93,0.0
20230515:0011,0.0,0.0,0.0,9.57,4.0,0.0
20230515:0111,0.0,0.0,0.0,8.73,4.21,0.0
20230515:0211,0.0,0.0,0.0,7.62,4.34,0.0
20230515:0311,0.0,0.0,0.0,6.97,4.28,0.0
20230515:0411,0.0,0.0,0.0,6.58,4.14,0.0
20230515:0511,57538.0,39.35,8.08,6.46,4.14,0.0
20230515:0611,230438.0,150.01,16.52,7.44,3.66,0.0
20230515:0711,773838.0,370.28,25.25,8.52,4.48,0.0
20230515:0811,1295840.0,589.69,33.89,9.71,4.55,0.0
20230515:0911,1650922.0,754.22,41.96,10.68,4.76,0.0
20230515:1011,2054936.0,955.19,48.75,11.49,4.83,0.0
20230515:1111,2207764.0,1039.65,53.3,12.11,4.69,0.0
20230515:1211,1784068.0,832.94,54.58,12.47,4.34,0.0
20230515:1311,1858662.0,872.98,52.23,12.92,4.07,0.0
20230515:1411,1116908.0,518.31,46.88,13.21,3.86,0.0
20230515:1511,620672.0,294.37,39.62,13.18,3.66,0.0
20230515:1611,1145768.0,537.02,31.32,13.37,3.52,0.0
20230515:1711,586690.0,303.26,22.61,13.22,3.24,0.0
20230515:1811,30368.0,25.96,13.93,12.73,2.41,0.0
20230515:1911,20280.0,20.11,5.65,11.81,1.66,0.0
20230515:2011,0.0,0.0,0.0,10.52,1.03,0.0
20230515:2111,0.0,0.0,0.0,10.27,0.28,0.0
20230515:2211,0.0,0.0,0.0,7.23,1.79,0.0
20230515:2311,0.0,0.0,0.0,6.77,2.62,0.0
20230516:0011,0.0,0.0,0.0,6.88,3.24,0.0
20230516:0111,0.0,0.0,0.0,6.7,3.38,0.0
20230516:0211,0.0,0.0,0.0,6.27,3.31,0.0
20230516:0311,0.0,0.0,0.0,5.91,3.24,0.0
20230516:0411,0.0,0.0,0.0,5.61,3.17,0.0
20230516:0511,70252.0,45.47,8.27,5.83,3.03,0.0
20230516:0611,237094.0,148.19,16.7,7.37,2.83,0.0
20230516:0711,741936.0,356.66,25.43,9.42,3.93,0.0
20230516:0811,1209754.0,552.62,34.08,10.95,4.9,0.0
20230516:0911,845676.0,390.73,42.15,12.31,5.59,0.0
20230516:1011,1101178.0,507.84,48.96,13.18,5.31,0.0
20230516:1111,1449604.0,674.01,53.52,13.33,4.28,0.0
20230516:1211,782470.0,367.23,54.81,13.5,4.28,0.0
20230516:1311,1809496.0,849.98,52.45,14.28,4.62,0.0
20230516:1411,1380002.0,643.54,47.09,14.45,4.14,0.0
20230516:1511,744484.0,351.36,39.81,14.97,4.41,0.0
20230516:1611,817544.0,385.85,31.51,15.1,4.55,0.0
20230516:1711,564070.0,291.45,22.79,14.9,4.48,0.0
20230516:1811,112424.0,91.81,14.11,13.43,3.79,0.0
20230516:1911,40456.0,31.48,5.84,13.02,2.76,0.0
20230516:2011,0.0,0.0,0.0,11.87,2.28,0.0
20230516:2111,0.0,0.0,0.0,10.73,1.72,0.0
20230516:2211,0.0,0.0,0.0,9.94,1.52,0.0
20230516:2311,0.0,0.0,0.0,8.77,1.66,0.0
20230517:0011,0.0,0.0,0.0,8.14,1.66,0.0
20230517:0111,0.0,0.0,0.0,8.2,1.45,0.0
20230517:0211,0.0,0.0,0.0,8.19,1.38,0.0
20230517:0311,0.0,0.0,0.0,8.19,1.24,0.0
20230517:0411,0.0,0.0,0.0,8.08,1.03,0.0
20230517:0511,58474.0,40.23,8.46,8.73,0.55,0.0
20230517:0611,237120.0,128.35,16.88,9.42,0.14,0.0
20230517:0711,502476.0,245.07,25.61,10.24,0.34,0.0
20230517:0811,1164462.0,552.12,34.26,11.14,0.41,0.0
20230517:0911,1405482.0,667.94,42.34,12.53,1.1,0.0
20230517:1011,1873638.0,914.6,49.16,13.6,1.38,0.0
20230517:1111,2024932.0,1006.31,53.74,14.23,1.31,0.0
20230517:1211,1996930.0,995.85,55.04,14.73,1.24,0.0
20230517:1311,1240148.0,593.23,52.67,15.16,1.52,0.0
20230517:1411,1385618.0,661.48,47.3,15.62,2.07,0.0
20230517:1511,1233752.0,583.47,40.0,15.71,2.55,0.0
20230517:1611,377962.0,189.13,31.69,15.7,3.03,0.0
20230517:1711,192140.0,104.76,22.97,15.18,3.03,0.0
20230517:1811,63440.0,43.57,14.3,14.4,2.34,0.0
20230517:1911,29068.0,25.36,6.03,13.96,2.07,0.0
20230517:2011,0.0,0.0,0.0,13.02,1.93,0.0
20230517:2111,0.0,0.0,0.0,12.02,1.86,0.0
20230517:2211,0.0,0.0,0.0,11.1,1.79,0.0
20230517:2311,0.0,0.0,0.0,10.37,1.72,0.0
20230518:0011,0.0,0.0,0.0,9.74,1.72,0.0
20230518:0111,0.0,0.0,0.0,9.4,1.66,0.0
20230518:0211,0.0,0.0,0.0,9.19,1.66,0.0
20230518:0311,0.0,0.0,0.0,8.79,1.59,0.0
20230518:0411,0.0,0.0,0.0,8.18,1.45,0.0
20230518:0511,10764.0,13.99,8.63,8.26,1.17,0.0
20230518:0611,118976.0,69.53,17.05,10.26,0.9,0.0
20230518:0711,357630.0,178.69,25.78,12.46,1.72,0.0
20230518:0811,1102504.0,517.64,34.43,13.74,2.48,0.0
20230518:0911,1604070.0,759.22,42.52,15.01,2.9,0.0
20230518:1011,1365286.0,645.76,49.36,16.16,3.38,0.0
20230518:1111,840372.0,400.26,53.96,16.96,3.72,0.0
20230518:1211,1065714.0,505.55,55.26,17.4,3.93,0.0
20230518:1311,650676.0,313.45,52.88,17.02,3.86,0.0
20230518:1411,543166.0,264.26,47.5,16.52,3.52,0.0
20230518:1511,480246.0,235.41,40.19,16.21,3.45,0.0
20230518:1611,354302.0,178.59,31.87,15.96,3.31,0.0
20230518:1711,277732.0,144.57,23.15,15.57,2.76,0.0
20230518:1811,43576.0,33.38,14.48,14.91,2.41,0.0
20230518:1911,40170.0,31.48,6.22,14.26,1.86,0.0
20230518:2011,0.0,0.0,0.0,13.29,1.79,0.0
20230518:2111,0.0,0.0,0.0,12.18,2.0,0.0
20230518:2211,0.0,0.0,0.0,11.44,2.0,0.0
20230518:2311,0.0,0.0,0.0,10.75,2.0,0.0
20230519:0011,0.0,0.0,0.0,10.05,2.0,0.0
20230519:0111,0.0,0.0,0.0,9.58,1.79,0.0
20230519:0211,0.0,0.0,0.0,9.12,1.59,0.0
20230519:0311,0.0,0.0,0.0,8.62,1.59,0.0
20230519:0411,0.0,0.0,0.0,8.26,1.52,0.0
20230519:0511,63908.0,42.85,8.8,8.39,1.45,0.0
20230519:0611,218712.0,117.29,17.22,10.14,1.45,0.0
20230519:0711,456586.0,223.56,25.94,11.76,1.66,0.0
20230519:0811,566566.0,271.57,34.6,12.73,1.79,0.0
20230519:0911,400660.0,197.78,42.7,13.51,2.41,0.0
20230519:1011,499824.0,242.73,49.56,14.19,2.69,0.0
20230519:1111,468234.0,228.07,54.17,13.87,3.03,0.0
20230519:1211,887614.0,414.86,55.48,13.37,3.93,0.0
20230519:1311,1243424.0,580.83,53.09,13.64,3.38,0.0
20230519:1411,1453790.0,684.87,47.69,14.16,2.83,0.0
20230519:1511,1463514.0,688.38,40.38,14.42,2.83,0.0
20230519:1611,1025128.0,483.35,32.05,14.61,3.31,0.0
20230519:1711,248170.0,130.21,23.33,14.61,3.38,0.0
20230519:1811,178802.0,102.74,14.66,14.08,3.17,0.0
20230519:1911,45292.0,34.1,6.41,13.42,2.14,0.0
20230519:2011,0.0,0.0,0.0,12.12,1.93,0.0
20230519:2111,0.0,0.0,0.0,10.7,1.52,0.0
20230519:2211,0.0,0.0,0.0,9.32,1.17,0.0
20230519:2311,0.0,0.0,0.0,8.71,0.97,0.0
20230520:0011,0.0,0.0,0.0,7.7,1.1,0.0
20230520:0111,0.0,0.0,0.0,7.37,1.03,0.0
20230520:0211,0.0,0.0,0.0,6.82,0.55,0.0
20230520:0311,0.0,0.0,0.0,5.68,0.34,0.0
20230520:0411,0.0,0.0,0.0,5.29,0.48,0.0
20230520:0511,50570.0,35.85,8.97,5.79,0.62,0.0
20230520:0611,237302.0,124.92,17.38,6.67,0.69,0.0
20230520:0711,733668.0,358.55,26.1,9.16,0.34,0.0
20230520:0811,1241344.0,588.46,34.76,10.96,0.55,0.0
20230520:0911,1672294.0,809.19,42.87,12.92,0.9,0.0
20230520:1011,1973972.0,971.43,49.74,14.34,1.52,0.0
20230520:1111,2157194.0,1069.71,54.37,15.32,2.14,0.0
20230520:1211,2203942.0,1095.01,55.69,15.95,2.41,0.0
20230520:1311,2119000.0,1046.56,53.3,16.33,2.48,0.0
20230520:1411,1854606.0,900.14,47.89,16.57,2.55,0.0
20230520:1511,1526174.0,729.87,40.56,16.6,2.48,0.0
20230520:1611,1069328.0,511.02,32.22,16.35,2.55,0.0
20230520:1711,562718.0,291.16,23.5,15.88,2.76,0.0
20230520:1811,134368.0,100.52,14.83,15.09,2.76,0.0
20230520:1911,45214.0,34.1,6.59,13.77,2.07,0.0
20230520:2011,0.0,0.0,0.0,12.05,2.0,0.0
20230520:2111,0.0,0.0,0.0,10.31,1.66,0.0
20230520:2211,0.0,0.0,0.0,8.86,1.03,0.0
20230520:2311,0.0,0.0,0.0,9.09,0.34,0.0
20230521:0011,0.0,0.0,0.0,8.53,0.0,0.0
20230521:0111,0.0,0.0,0.0,8.12,0.07,0.0
20230521:0211,0.0,0.0,0.0,7.84,0.48,0.0
20230521:0311,0.0,0.0,0.0,7.34,0.76,0.0
20230521:0411,0.0,0.0,0.0,7.22,0.69,0.0
20230521:0511,86164.0,53.34,9.13,6.93,0.9,0.0
20230521:0611,248898.0,155.58,17.53,8.55,0.62,0.0
20230521:0711,730392.0,361.56,26.25,11.71,0.28,0.0
20230521:0811,1197456.0,575.85,34.91,13.51,0.34,0.0
20230521:0911,1635686.0,800.76,43.04,14.69,0.69,0.0
20230521:1011,1268098.0,610.51,49.92,15.77,1.24,0.0
20230521:1111,2027038.0,1010.75,54.57,16.61,1.79,0.0
20230521:1211,2081144.0,1034.33,55.89,17.19,2.34,0.0
20230521:1311,1916122.0,938.68,53.5,17.46,2.69,0.0
20230521:1411,1802892.0,872.8,48.07,17.41,2.9,0.0
20230521:1511,1529814.0,730.17,40.73,17.07,2.9,0.0
20230521:1611,1072734.0,511.61,32.39,16.73,3.1,0.0
20230521:1711,561210.0,289.65,23.67,16.09,3.1,0.0
20230521:1811,140166.0,102.64,15.01,15.13,2.62,0.0
20230521:1911,50206.0,36.73,6.77,13.87,2.34,0.0
20230521:2011,0.0,0.0,0.0,12.04,2.34,0.0
20230521:2111,0.0,0.0,0.0,10.33,2.41,0.0
20230521:2211,0.0,0.0,0.0,9.06,2.55,0.0
20230521:2311,0.0,0.0,0.0,8.17,2.69,0.0
20230522:0011,0.0,0.0,0.0,7.63,2.76,0.0
20230522:0111,0.0,0.0,0.0,7.26,2.83,0.0
20230522:0211,0.0,0.0,0.0,7.03,2.9,0.0
20230522:0311,0.0,0.0,0.0,7.09,2.97,0.0
20230522:0411,0.0,0.87,1.56,6.89,3.1,0.0
20230522:0511,67782.0,44.6,9.28,7.73,3.03,0.0
20230522:0611,243464.0,157.89,17.68,9.54,2.69,0.0
20230522:0711,757536.0,369.07,26.4,11.91,3.1,0.0
20230522:0811,1261312.0,589.14,35.06,13.66,3.31,0.0
20230522:0911,1656980.0,782.81,43.2,15.19,3.38,0.0
20230522:1011,1996878.0,963.57,50.1,16.29,3.45,0.0
20230522:1111,2173106.0,1065.59,54.76,17.16,3.45,0.0
20230522:1211,2133560.0,1048.1,56.09,17.57,3.38,0.0
20230522:1311,2030496.0,989.51,53.7,17.65,3.52,0.0
20230522:1411,1786850.0,856.54,48.26,17.54,3.79,0.0
20230522:1511,1515592.0,714.96,40.91,17.28,4.34,0.0
20230522:1611,1057368.0,498.98,32.56,16.37,4.76,0.0
20230522:1711,541606.0,273.95,23.83,15.03,4.9,0.0
20230522:1811,191984.0,110.23,15.17,13.79,4.97,0.0
20230522:1911,48984.0,35.85,6.94,12.3,4.0,0.0
20230522:2011,0.0,0.0,0.0,11.37,3.38,0.0
20230522:2111,0.0,0.0,0.0,10.53,2.83,0.0
20230522:2211,0.0,0.0,0.0,9.82,2.48,0.0
20230522:2311,0.0,0.0,0.0,9.11,2.34,0.0
20230523:0011,0.0,0.0,0.0,8.58,2.14,0.0
20230523:0111,0.0,0.0,0.0,8.18,2.0,0.0
20230523:0211,0.0,0.0,0.0,7.65,2.07,0.0
20230523:0311,0.0,0.0,0.0,7.39,1.93,0.0
20230523:0411,0.0,0.87,1.72,7.64,1.45,0.0
20230523:0511,78260.0,49.84,9.43,8.31,0.9,0.0
20230523:0611,265252.0,143.82,17.82,9.77,0.55,0.0
20230523:0711,679380.0,332.69,26.54,11.12,0.55,0.0
20230523:0811,991926.0,470.98,35.21,12.12,0.41,0.0
20230523:0911,1311752.0,623.32,43.35,13.09,1.1,0.0
20230523:1011,1923402.0,936.38,50.26,14.04,1.79,0.0
20230523:1111,891826.0,424.39,54.94,15.21,2.07,0.0
20230523:1211,2049892.0,1018.18,56.29,16.36,2.0,0.0
20230523:1311,964054.0,463.06,53.89,17.02,1.79,0.0
20230523:1411,1353638.0,651.46,48.44,17.51,2.14,0.0
20230523:1511,1451346.0,694.21,41.08,18.11,2.97,0.0
20230523:1611,789646.0,379.91,32.72,17.92,3.17,0.0
20230523:1711,489684.0,249.97,24.0,17.72,3.66,0.0
20230523:1811,175162.0,111.25,15.34,16.88,3.79,0.0
20230523:1911,48126.0,35.85,7.11,15.59,3.66,0.0
20230523:2011,0.0,0.0,0.0,13.93,3.72,0.0
20230523:2111,0.0,0.0,0.0,12.73,3.66,0.0
20230523:2211,0.0,0.0,0.0,12.07,3.52,0.0
20230523:2311,0.0,0.0,0.0,11.33,3.38,0.0
20230524:0011,0.0,0.0,0.0,10.65,3.17,0.0
20230524:0111,0.0,0.0,0.0,9.87,2.9,0.0
20230524:0211,0.0,0.0,0.0,9.37,2.69,0.0
20230524:0311,0.0,0.0,0.0,8.73,2.55,0.0
20230524:0411,0.0,0.87,1.87,8.16,2.48,0.0
20230524:0511,72878.0,47.22,9.57,8.5,2.41,0.0
20230524:0611,246480.0,158.5,17.96,10.1,2.62,0.0
20230524:0711,757666.0,368.6,26.67,11.69,3.1,0.0
20230524:0811,1249326.0,583.66,35.35,12.9,2.76,0.0
20230524:0911,1641458.0,778.91,43.5,14.11,2.41,0.0
20230524:1011,1890174.0,919.61,50.43,15.15,2.07,0.0
20230524:1111,1994928.0,986.04,55.12,16.18,2.0,0.0
20230524:1211,2073448.0,1035.95,56.48,17.1,2.0,0.0
20230524:1311,1989078.0,991.01,54.07,17.82,2.0,0.0
20230524:1411,1819532.0,896.53,48.61,18.38,2.07,0.0
20230524:1511,1502982.0,728.15,41.24,18.7,2.21,0.0
20230524:1611,1058252.0,511.64,32.88,18.86,2.55,0.0
20230524:1711,444912.0,227.36,24.16,18.24,2.55,0.0
20230524:1811,107536.0,65.82,15.5,17.07,2.76,0.0
20230524:1911,3198.0,8.74,7.28,15.68,3.24,0.0
20230524:2011,0.0,0.0,0.0,14.02,2.69,0.0
20230524:2111,0.0,0.0,0.0,13.19,1.86,0.0
20230524:2211,0.0,0.0,0.0,12.84,0.97,0.0
20230524:2311,0.0,0.0,0.0,12.7,0.34,0.0
20230525:0011,0.0,0.0,0.0,12.71,0.28,0.0
20230525:0111,0.0,0.0,0.0,12.83,0.34,0.0
20230525:0211,0.0,0.0,0.0,12.53,0.55,0.0
20230525:0311,0.0,0.0,0.0,12.03,0.69,0.0
20230525:0411,0.0,0.87,2.01,11.45,0.76,0.0
20230525:0511,70096.0,46.35,9.71,10.89,0.76,0.0
20230525:0611,243594.0,158.69,18.09,12.08,0.69,0.0
20230525:0711,741390.0,367.31,26.8,13.13,1.1,0.0
20230525:0811,1212198.0,575.77,35.48,14.08,1.52,0.0
20230525:0911,1601964.0,768.69,43.64,15.0,1.79,0.0
20230525:1011,1895556.0,929.3,50.58,15.86,1.86,0.0
20230525:1111,1891448.0,929.15,55.3,16.57,2.14,0.0
20230525:1211,521560.0,256.28,56.66,17.17,2.34,0.0
20230525:1311,329420.0,168.73,54.25,17.36,2.34,0.0
20230525:1411,256412.0,135.36,48.78,17.32,2.41,0.0
20230525:1511,270764.0,141.85,41.41,17.29,2.62,0.0
20230525:1611,240708.0,127.94,33.04,17.16,3.1,0.0
20230525:1711,234104.0,124.87,24.31,16.83,3.24,0.0
20230525:1811,100204.0,62.12,15.66,16.47,2.97,0.0
20230525:1911,15626.0,17.49,7.44,15.39,3.03,0.0
20230525:2011,0.0,0.0,0.0,14.73,2.9,0.0
20230525:2111,0.0,0.0,0.0,14.18,2.83,0.0
20230525:2211,0.0,0.0,0.0,13.66,2.9,0.0
20230525:2311,0.0,0.0,0.0,13.21,2.9,0.0
20230526:0011,0.0,0.0,0.0,12.71,2.83,0.0
20230526:0111,0.0,0.0,0.0,12.34,2.83,0.0
20230526:0211,0.0,0.0,0.0,11.83,2.83,0.0
20230526:0311,0.0,0.0,0.0,11.56,2.69,0.0
20230526:0411,0.0,0.87,2.15,11.1,2.48,0.0
20230526:0511,88062.0,55.09,9.84,11.2,2.21,0.0
20230526:0611,254748.0,157.77,18.21,11.85,2.34,0.0
20230526:0711,722046.0,354.04,26.92,13.09,2.34,0.0
20230526:0811,1232140.0,580.53,35.6,14.24,2.48,0.0
20230526:0911,1607658.0,765.52,43.77,15.22,2.48,0.0
20230526:1011,1887236.0,919.51,50.73,16.51,2.41,0.0
20230526:1111,2096770.0,1034.67,55.46,17.05,2.69,0.0
20230526:1211,2056860.0,1009.92,56.84,17.4,3.03,0.0
20230526:1311,1723514.0,834.73,54.43,17.64,2.97,0.0
20230526:1411,1714674.0,827.99,48.95,17.79,2.97,0.0
20230526:1511,1219738.0,584.28,41.56,17.94,2.34,0.0
20230526:1611,454142.0,226.25,33.19,17.94,2.14,0.0
20230526:1711,384904.0,197.11,24.46,17.92,2.07,0.0
20230526:1811,192504.0,110.4,15.81,17.51,1.79,0.0
20230526:1911,26936.0,24.48,7.6,17.75,2.14,0.0
20230526:2011,0.0,0.0,0.0,16.5,2.83,0.0
20230526:2111,0.0,0.0,0.0,14.97,3.38,0.0
20230526:2211,0.0,0.0,0.0,13.54,3.52,0.0
20230526:2311,0.0,0.0,0.0,12.47,3.31,0.0
20230527:0011,0.0,0.0,0.0,11.67,3.03,0.0
20230527:0111,0.0,0.0,0.0,11.16,2.9,0.0
20230527:0211,0.0,0.0,0.0,10.38,2.83,0.0
20230527:0311,0.0,0.0,0.0,10.02,2.62,0.0
20230527:0411,0.0,1.75,2.28,9.9,2.41,0.0
20230527:0511,94042.0,57.71,9.96,10.16,2.21,0.0
20230527:0611,276042.0,151.04,18.33,11.17,2.28,0.0
20230527:0711,718198.0,351.71,27.04,13.44,2.9,0.0
20230527:0811,1216228.0,569.63,35.72,14.48,3.38,0.0
20230527:0911,1610050.0,759.02,43.9,15.53,3.59,0.0
20230527:1011,1854008.0,889.75,50.87,16.95,3.66,0.0
20230527:1111,1628796.0,782.83,55.62,17.99,3.59,0.0
20230527:1211,1242176.0,594.69,57.01,18.89,3.66,0.0
20230527:1311,654602.0,318.65,54.6,19.15,3.59,0.0
20230527:1411,1188200.0,569.14,49.11,19.2,3.38,0.0
20230527:1511,928616.0,445.63,41.72,19.13,3.1,0.0
20230527:1611,696956.0,338.52,33.34,18.96,3.1,0.0
20230527:1711,531856.0,274.2,24.61,18.61,2.76,0.0
20230527:1811,196456.0,113.67,15.96,18.16,2.34,0.0
20230527:1911,49218.0,36.73,7.75,17.59,2.48,0.0
20230527:2011,0.0,0.0,0.0,16.04,2.55,0.0
20230527:2111,0.0,0.0,0.0,14.61,2.76,0.0
20230527:2211,0.0,0.0,0.0,13.74,2.9,0.0
20230527:2311,0.0,0.0,0.0,13.08,2.97,0.0
20230528:0011,0.0,0.0,0.0,12.25,3.03,0.0
20230528:0111,0.0,0.0,0.0,11.4,3.03,0.0
20230528:0211,0.0,0.0,0.0,10.75,3.03,0.0
20230528:0311,0.0,0.0,0.0,10.25,3.17,0.0
20230528:0411,0.0,0.87,2.41,9.8,3.45,0.0
20230528:0511,58162.0,40.23,10.08,10.15,3.52,0.0
20230528:0611,254462.0,134.57,18.44,10.92,3.52,0.0
20230528:0711,472238.0,229.52,27.15,12.46,4.07,0.0
20230528:0811,720070.0,338.06,35.84,13.02,4.14,0.0
20230528:0911,784550.0,367.57,44.02,13.7,4.41,0.0
20230528:1011,373386.0,185.42,51.01,14.13,4.28,0.0
20230528:1111,374660.0,186.35,55.77,14.52,4.14,0.0
20230528:1211,664326.0,315.28,57.17,14.05,4.21,0.0
20230528:1311,802360.0,377.23,54.76,14.08,4.21,0.0
20230528:1411,866086.0,405.32,49.27,13.8,4.0,0.0
20230528:1511,276250.0,141.85,41.87,13.61,3.86,0.0
20230528:1611,264524.0,136.28,33.49,13.12,4.07,0.0
20230528:1711,233610.0,122.23,24.76,12.54,4.07,0.0
20230528:1811,90818.0,56.55,16.11,12.13,3.72,0.0
20230528:1911,68068.0,45.47,7.9,12.01,2.97,0.0
20230528:2011,0.0,0.0,0.0,11.1,2.62,0.0
20230528:2111,0.0,0.0,0.0,10.1,2.28,0.0
20230528:2211,0.0,0.0,0.0,9.13,1.79,0.0
20230528:2311,0.0,0.0,0.0,8.22,1.59,0.0
20230529:0011,0.0,0.0,0.0,7.12,1.93,0.0
20230529:0111,0.0,0.0,0.0,6.28,2.14,0.0
20230529:0211,0.0,0.0,0.0,5.83,2.14,0.0
20230529:0311,0.0,0.0,0.0,5.67,2.14,0.0
20230529:0411,1456.0,7.0,2.53,5.81,2.14,0.0
20230529:0511,97708.0,58.59,10.19,6.41,2.14,0.0
20230529:0611,269958.0,162.82,18.55,8.49,2.34,0.0
20230529:0711,760968.0,366.49,27.26,10.1,3.24,0.0
20230529:0811,1053078.0,485.5,35.94,11.32,3.72,0.0
20230529:0911,1348672.0,623.56,44.13,12.18,3.59,0.0
20230529:1011,1637636.0,767.25,51.14,12.94,3.45,0.0
20230529:1111,2106364.0,1012.66,55.92,13.79,3.31,0.0
20230529:1211,2097498.0,1016.56,57.33,14.45,3.03,0.0
20230529:1311,2034006.0,987.31,54.92,15.05,2.83,0.0
20230529:1411,1847560.0,890.09,49.42,15.4,2.62,0.0
20230529:1511,1543906.0,734.75,42.01,15.65,2.55,0.0
20230529:1611,1109004.0,527.98,33.63,15.66,2.55,0.0
20230529:1711,592826.0,303.39,24.9,15.36,2.69,0.0
20230529:1811,159094.0,113.59,16.25,14.73,2.76,0.0
20230529:1911,62296.0,42.85,8.05,13.5,2.48,0.0
20230529:2011,0.0,0.0,0.0,11.82,2.21,0.0
20230529:2111,0.0,0.0,0.0,10.27,1.72,0.0
20230529:2211,0.0,0.0,0.0,8.95,0.97,0.0
20230529:2311,0.0,0.0,0.0,7.33,1.45,0.0
20230530:0011,0.0,0.0,0.0,6.26,1.93,0.0
20230530:0111,0.0,0.0,0.0,5.64,2.07,0.0
20230530:0211,0.0,0.0,0.0,5.4,2.21,0.0
20230530:0311,0.0,0.0,0.0,5.37,2.41,0.0
20230530:0411,0.0,1.75,2.65,5.77,2.41,0.0
20230530:0511,20800.0,20.11,10.3,7.57,2.07,0.0
20230530:0611,133380.0,76.02,18.65,10.06,2.34,0.0
20230530:0711,245778.0,127.01,27.35,11.46,4.14,0.0
20230530:0811,352040.0,174.44,36.04,12.17,4.21,0.0
20230530:0911,439608.0,213.5,44.24,12.54,4.0,0.0
20230530:1011,524862.0,251.93,51.26,13.02,3.79,0.0
20230530:1111,808652.0,379.62,56.06,13.5,3.86,0.0
20230530:1211,1369030.0,639.58,57.48,14.05,4.07,0.0
20230530:1311,1709136.0,803.76,55.07,14.41,4.28,0.0
20230530:1411,1684332.0,789.31,49.57,14.52,4.34,0.0
20230530:1511,1532986.0,712.33,42.15,14.11,4.34,0.0
20230530:1611,1091844.0,510.55,33.77,14.22,4.34,0.0
20230530:1711,593970.0,298.91,25.03,13.74,4.21,0.0
20230530:1811,157924.0,113.87,16.39,13.1,4.14,0.0
20230530:1911,62686.0,42.85,8.19,12.32,3.24,0.0
20230530:2011,0.0,0.0,0.0,11.21,2.69,0.0
20230530:2111,0.0,0.0,0.0,10.0,2.34,0.0
20230530:2211,0.0,0.0,0.0,9.48,2.28,0.0
20230530:2311,0.0,0.0,0.0,9.52,2.41,0.0
20230531:0011,0.0,0.0,0.0,9.78,2.62,0.0
20230531:0111,0.0,0.0,0.0,9.89,2.76,0.0
20230531:0211,0.0,0.0,0.0,9.83,2.76,0.0
20230531:0311,0.0,0.0,0.0,9.8,2.76,0.0
20230531:0411,0.0,1.75,2.75,9.8,2.83,0.0
20230531:0511,28184.0,24.48,10.4,9.89,3.03,0.0
20230531:0611,127452.0,73.24,18.75,10.16,3.79,0.0
20230531:0711,245128.0,126.09,27.45,10.19,3.93,0.0
20230531:0811,322270.0,160.39,36.14,10.71,3.86,0.0
20230531:0911,562042.0,266.48,44.35,11.52,3.86,0.0
20230531:1011,576862.0,273.95,51.38,12.19,3.93,0.0
20230531:1111,805142.0,377.28,56.19,12.99,3.79,0.0
20230531:1211,842140.0,395.01,57.63,13.46,3.72,0.0
20230531:1311,809484.0,381.13,55.22,14.06,3.72,0.0
20230531:1411,1207908.0,563.99,49.71,14.3,3.79,0.0
20230531:1511,1466478.0,683.83,42.29,14.2,3.86,0.0
20230531:1611,999726.0,468.16,33.9,13.89,3.86,0.0
20230531:1711,485784.0,240.21,25.17,13.49,3.93,0.0
20230531:1811,127816.0,74.17,16.53,12.77,3.93,0.0
20230531:1911,23348.0,21.86,8.33,11.29,3.52,0.0
20230531:2011,0.0,0.0,0.0,10.48,3.03,0.0
20230531:2111,0.0,0.0,0.0,9.91,2.97,0.0
20230531:2211,0.0,0.0,0.0,9.49,2.9,0.0
20230531:2311,0.0,0.0,0.0,9.27,2.76,0.0
20230601:0011,0.0,0.0,0.0,9.21,2.9,0.0
20230601:0111,0.0,0.0,0.0,9.1,2.69,0.0
20230601:0211,0.0,0.0,0.0,9.12,2.48,0.0
20230601:0311,0.0,0.0,0.0,9.09,2.48,0.0
20230601:0411,0.0,1.75,2.85,8.95,2.55,0.0
20230601:0511,31460.0,26.23,10.49,9.19,2.97,0.0
20230601:0611,103662.0,62.12,18.83,9.86,3.66,0.0
20230601:0711,221338.0,115.89,27.53,10.85,3.79,0.0
20230601:0811,243386.0,126.09,36.23,11.67,4.0,0.0
20230601:0911,378716.0,186.35,44.44,12.33,4.28,0.0
20230601:1011,409942.0,200.25,51.49,12.61,4.62,0.0
20230601:1111,480584.0,231.78,56.32,13.05,4.97,0.0
20230601:1211,440544.0,214.16,57.77,13.19,5.03,0.0
20230601:1311,306800.0,154.83,55.36,12.97,5.03,0.0
20230601:1411,325520.0,163.17,49.85,13.04,5.03,0.0
20230601:1511,689572.0,323.76,42.42,13.13,5.1,0.0
20230601:1611,284388.0,144.63,34.03,12.52,4.97,0.0
20230601:1711,177086.0,96.42,25.3,11.98,4.97,0.0
20230601:1811,87334.0,54.7,16.66,11.4,4.83,0.0
20230601:1911,11908.0,14.87,8.46,10.91,4.62,0.0
20230601:2011,0.0,0.0,0.0,10.49,4.0,0.0
20230601:2111,0.0,0.0,0.0,10.04,3.79,0.0
20230601:2211,0.0,0.0,0.0,9.77,3.86,0.0
20230601:2311,0.0,0.0,0.0,9.46,3.79,0.0
20230602:0011,0.0,0.0,0.0,9.09,3.52,0.0
20230602:0111,0.0,0.0,0.0,8.88,3.31,0.0
20230602:0211,0.0,0.0,0.0,8.79,3.17,0.0
20230602:0311,0.0,0.0,0.0,8.73,3.03,0.0
20230602:0411,0.0,1.75,2.95,8.68,2.9,0.0
20230602:0511,87360.0,54.22,10.58,8.8,2.9,0.0
20230602:0611,287014.0,150.95,18.92,9.2,3.59,0.0
20230602:0711,671710.0,319.87,27.61,10.03,4.21,0.0
20230602:0811,1263886.0,579.44,36.31,10.97,4.28,0.0
20230602:0911,1696110.0,783.03,44.53,12.04,4.34,0.0
20230602:1011,2024282.0,949.8,51.59,12.92,4.48,0.0
20230602:1111,2239848.0,1067.47,56.44,13.74,4.48,0.0
20230602:1211,2231320.0,1069.82,57.9,14.34,4.28,0.0
20230602:1311,2130882.0,1019.77,55.5,14.78,4.14,0.0
20230602:1411,1942382.0,920.78,49.98,14.98,4.14,0.0
20230602:1511,1606618.0,752.25,42.55,14.93,4.07,0.0
20230602:1611,1150916.0,540.03,34.16,14.6,4.0,0.0
20230602:1711,624728.0,316.82,25.42,14.03,3.86,0.0
20230602:1811,196300.0,124.78,16.78,13.2,3.52,0.0
20230602:1911,57590.0,40.23,8.59,11.91,2.69,0.0
20230602:2011,0.0,0.0,0.0,10.56,2.28,0.0
20230602:2111,0.0,0.0,0.0,9.09,2.07,0.0
20230602:2211,0.0,0.0,0.0,8.12,1.86,0.0
20230602:2311,0.0,0.0,0.0,7.19,1.72,0.0
20230603:0011,0.0,0.0,0.0,6.24,1.79,0.0
20230603:0111,0.0,0.0,0.0,5.52,1.93,0.0
20230603:0211,0.0,0.0,0.0,5.02,1.93,0.0
20230603:0311,0.0,0.0,0.0,4.78,1.93,0.0
20230603:0411,0.0,5.25,3.04,4.51,2.07,0.0
20230603:0511,86944.0,53.34,10.66,5.35,1.72,0.0
20230603:0611,259480.0,165.56,18.99,8.63,1.72,0.0
20230603:0711,780182.0,377.74,27.69,9.91,2.28,0.0
20230603:0811,1261390.0,586.38,36.39,11.18,2.41,0.0
20230603:0911,1673126.0,787.57,44.62,12.57,2.55,0.0
20230603:1011,1952184.0,934.75,51.69,13.87,2.9,0.0
20230603:1111,2173548.0,1057.12,56.55,14.93,3.17,0.0
20230603:1211,2203630.0,1077.4,58.03,15.64,3.24,0.0
20230603:1311,2083796.0,1015.86,55.63,16.15,3.1,0.0
20230603:1411,1897584.0,917.12,50.11,16.44,2.97,0.0
20230603:1511,1556568.0,742.12,42.67,16.51,2.83,0.0
20230603:1611,1131754.0,539.34,34.28,16.32,2.83,0.0
20230603:1711,615342.0,314.69,25.54,15.77,3.1,0.0
20230603:1811,168350.0,119.59,16.9,14.78,3.24,0.0
20230603:1911,72852.0,48.1,8.72,13.35,2.76,0.0
20230603:2011,0.0,0.0,0.0,11.61,2.21,0.0
20230603:2111,0.0,0.0,0.0,10.03,2.0,0.0
20230603:2211,0.0,0.0,0.0,8.83,1.86,0.0
20230603:2311,0.0,0.0,0.0,7.75,1.79,0.0
20230604:0011,0.0,0.0,0.0,6.73,1.86,0.0
20230604:0111,0.0,0.0,0.0,6.02,1.93,0.0
20230604:0211,0.0,0.0,0.0,5.55,2.07,0.0
20230604:0311,0.0,0.0,0.0,5.27,2.14,0.0
20230604:0411,7072.0,11.37,3.12,5.11,2.14,0.0
20230604:0511,84786.0,52.47,10.74,6.05,1.79,0.0
20230604:0611,259220.0,164.7,19.06,9.0,1.79,0.0
20230604:0711,761696.0,368.58,27.76,10.97,3.17,0.0
20230604:0811,889616.0,413.24,36.46,11.52,3.1,0.0
20230604:0911,692068.0,325.67,44.69,12.27,3.17,0.0
20230604:1011,399724.0,196.55,51.78,13.0,3.31,0.0
20230604:1111,508404.0,245.68,56.66,13.63,3.24,0.0
20230604:1211,567710.0,273.32,58.15,14.52,3.24,0.0
20230604:1311,547690.0,264.94,55.76,15.08,3.24,0.0
20230604:1411,853710.0,404.22,50.23,15.45,3.24,0.0
20230604:1511,1000142.0,471.54,42.79,15.71,3.24,0.0
20230604:1611,919256.0,435.58,34.39,15.64,3.31,0.0
20230604:1711,595426.0,300.43,25.66,15.11,3.38,0.0
20230604:1811,171678.0,120.84,17.02,14.25,3.38,0.0
20230604:1911,69550.0,46.35,8.84,12.79,3.03,0.0
20230604:2011,0.0,0.0,0.0,11.39,2.48,0.0
20230604:2111,0.0,0.0,0.0,10.0,2.07,0.0
20230604:2211,0.0,0.0,0.0,9.56,1.79,0.0
20230604:2311,0.0,0.0,0.0,8.82,1.79,0.0
20230605:0011,0.0,0.0,0.0,8.31,1.59,0.0
20230605:0111,0.0,0.0,0.0,8.14,1.52,0.0
20230605:0211,0.0,0.0,0.0,8.39,1.52,0.0
20230605:0311,0.0,0.0,0.0,8.6,1.79,0.0
20230605:0411,0.0,1.75,3.2,8.88,2.07,0.0
20230605:0511,51454.0,36.73,10.81,9.24,2.62,0.0
20230605:0611,274248.0,143.08,19.13,9.57,3.38,0.0
20230605:0711,562094.0,268.9,27.82,10.38,3.45,0.0
20230605:0811,1203046.0,554.61,36.52,11.1,3.45,0.0
20230605:0911,1653236.0,768.55,44.77,11.97,3.38,0.0
20230605:1011,1891110.0,892.89,51.86,12.92,3.45,0.0
20230605:1111,2151240.0,1032.53,56.76,13.62,3.52,0.0
20230605:1211,2169570.0,1046.16,58.27,14.35,3.59,0.0
20230605:1311,2079558.0,997.66,55.88,14.76,3.72,0.0
20230605:1411,1907516.0,907.28,50.35,15.06,3.72,0.0
20230605:1511,1586468.0,743.48,42.91,14.87,3.86,0.0
20230605:1611,1153828.0,540.94,34.51,14.49,4.0,0.0
20230605:1711,631046.0,318.46,25.77,13.91,4.14,0.0
20230605:1811,165256.0,120.05,17.13,12.98,4.14,0.0
20230605:1911,64506.0,43.72,8.95,12.23,3.72,0.0
20230605:2011,0.0,0.87,1.56,11.03,3.03,0.0
20230605:2111,0.0,0.0,0.0,10.16,2.69,0.0
20230605:2211,0.0,0.0,0.0,9.69,2.41,0.0
20230605:2311,0.0,0.0,0.0,9.61,2.21,0.0
20230606:0011,0.0,0.0,0.0,9.32,1.86,0.0
20230606:0111,0.0,0.0,0.0,9.35,2.0,0.0
20230606:0211,0.0,0.0,0.0,9.3,2.21,0.0
20230606:0311,0.0,0.0,0.0,9.33,2.28,0.0
20230606:0411,0.0,1.75,3.27,9.26,2.28,0.0
20230606:0511,20566.0,20.11,10.87,9.5,2.97,0.0
20230606:0611,97760.0,59.33,19.19,9.77,3.17,0.0
20230606:0711,0.0,0.0,0.0,10.07,2.97,0.0
20230606:0811,328068.0,163.17,36.58,10.75,3.1,0.0
20230606:0911,367172.0,180.79,44.83,11.31,3.24,0.0
20230606:1011,280176.0,142.77,51.94,12.05,3.31,0.0
20230606:1111,555204.0,265.51,56.85,12.76,3.38,0.0
20230606:1211,648544.0,307.85,58.37,13.3,3.52,0.0
20230606:1311,883350.0,414.37,55.99,13.73,3.59,0.0
20230606:1411,856934.0,402.4,50.46,13.99,3.59,0.0
20230606:1511,832234.0,390.89,43.02,13.99,3.45,0.0
20230606:1611,682188.0,323.63,34.61,13.79,3.31,0.0
20230606:1711,378274.0,188.66,25.88,13.43,3.24,0.0
20230606:1811,109928.0,65.82,17.24,12.76,3.1,0.0
20230606:1911,13208.0,15.74,9.06,11.69,3.17,0.0
20230606:2011,0.0,0.87,1.67,11.08,2.97,0.0
20230606:2111,0.0,0.0,0.0,10.67,2.62,0.0
20230606:2211,0.0,0.0,0.0,10.25,2.14,0.0
20230606:2311,0.0,0.0,0.0,9.97,1.93,0.0
20230607:0011,0.0,0.0,0.0,9.73,1.72,0.0
20230607:0111,0.0,0.0,0.0,9.32,1.59,0.0
20230607:0211,0.0,0.0,0.0,9.29,1.45,0.0
20230607:0311,0.0,0.0,0.0,8.86,1.59,0.0
20230607:0411,0.0,2.62,3.33,8.69,1.72,0.0
20230607:0511,17654.0,18.36,10.93,9.14,1.66,0.0
20230607:0611,119288.0,69.53,19.24,10.1,2.21,0.0
20230607:0711,231998.0,120.52,27.93,10.32,2.76,0.0
20230607:0811,336336.0,166.88,36.63,10.78,2.97,0.0
20230607:0911,377442.0,185.42,44.89,11.35,3.03,0.0
20230607:1011,414050.0,202.11,52.01,11.98,3.1,0.0
20230607:1111,427700.0,208.6,56.94,12.54,3.24,0.0
20230607:1211,619424.0,295.02,58.47,13.31,3.31,0.0
20230607:1311,779558.0,368.13,56.1,13.91,3.24,0.0
20230607:1411,928642.0,436.96,50.57,14.42,3.1,0.0
20230607:1511,1307592.0,613.63,43.12,14.5,3.03,0.0
20230607:1611,834990.0,394.23,34.72,14.29,3.17,0.0
20230607:1711,584584.0,290.33,25.98,13.75,3.52,0.0
20230607:1811,235586.0,132.77,17.35,12.94,3.79,0.0
20230607:1911,77246.0,49.84,9.17,11.35,3.66,0.0
20230607:2011,0.0,0.87,1.78,10.34,3.03,0.0
20230607:2111,0.0,0.0,0.0,9.74,2.69,0.0
20230607:2211,0.0,0.0,0.0,9.14,2.21,0.0
20230607:2311,0.0,0.0,0.0,8.8,2.0,0.0
20230608:0011,0.0,0.0,0.0,9.12,2.0,0.0
20230608:0111,0.0,0.0,0.0,9.09,2.28,0.0
20230608:0211,0.0,0.0,0.0,8.9,2.07,0.0
20230608:0311,0.0,0.0,0.0,8.91,2.07,0.0
20230608:0411,0.0,2.62,3.39,8.93,2.21,0.0
20230608:0511,26754.0,23.61,10.98,9.03,2.69,0.0
20230608:0611,139984.0,78.8,19.29,9.47,3.38,0.0
20230608:0711,257868.0,131.65,27.98,9.86,3.24,0.0
20230608:0811,527566.0,250.55,36.68,10.61,3.38,0.0
20230608:0911,681122.0,318.73,44.94,11.07,3.52,0.0
20230608:1011,666302.0,313.38,52.07,11.87,3.72,0.0
20230608:1111,1108692.0,514.74,57.02,12.75,3.93,0.0
20230608:1211,1663532.0,781.47,58.57,13.69,4.0,0.0
20230608:1311,1616420.0,758.67,56.2,14.06,4.07,0.0
20230608:1411,1775358.0,834.76,50.67,14.39,4.21,0.0
20230608:1511,1596764.0,744.23,43.22,14.34,4.28,0.0
20230608:1611,1158690.0,540.63,34.82,14.07,4.48,0.0
20230608:1711,624156.0,310.72,26.08,13.35,4.48,0.0
20230608:1811,195286.0,129.0,17.45,12.53,4.28,0.0
20230608:1911,31070.0,26.23,9.27,11.52,4.0,0.0
20230608:2011,0.0,0.87,1.88,10.56,3.31,0.0
20230608:2111,0.0,0.0,0.0,9.83,2.83,0.0
20230608:2211,0.0,0.0,0.0,9.34,2.62,0.0
20230608:2311,0.0,0.0,0.0,8.77,2.34,0.0
20230609:0011,0.0,0.0,0.0,8.02,2.21,0.0
20230609:0111,0.0,0.0,0.0,7.69,2.14,0.0
20230609:0211,0.0,0.0,0.0,7.49,2.07,0.0
20230609:0311,0.0,0.0,0.0,7.41,2.14,0.0
20230609:0411,0.0,2.62,3.44,7.24,2.14,0.0
20230609:0511,44850.0,33.23,11.03,8.24,1.86,0.0
20230609:0611,181688.0,98.16,19.33,10.01,3.52,0.0
20230609:0711,402454.0,195.97,28.01,10.25,3.59,0.0
20230609:0811,929630.0,430.16,36.72,11.27,3.45,0.0
20230609:0911,1509222.0,699.8,44.99,12.4,3.59,0.0
20230609:1011,1868386.0,881.52,52.13,13.61,3.72,0.0
20230609:1111,2100670.0,1007.88,57.09,14.91,3.86,0.0
20230609:1211,2144740.0,1034.34,58.66,15.82,4.07,0.0
20230609:1311,2066272.0,992.73,56.3,16.44,4.28,0.0
20230609:1411,1680926.0,796.54,50.77,16.65,4.28,0.0
20230609:1511,1523730.0,716.6,43.32,16.62,4.34,0.0
20230609:1611,1112228.0,524.95,34.91,16.32,4.28,0.0
20230609:1711,619268.0,313.25,26.18,15.73,4.14,0.0
20230609:1811,182416.0,125.8,17.54,14.81,4.0,0.0
20230609:1911,81874.0,52.47,9.36,13.18,3.38,0.0
20230609:2011,0.0,0.87,1.97,11.99,2.76,0.0
20230609:2111,0.0,0.0,0.0,10.66,2.41,0.0
20230609:2211,0.0,0.0,0.0,9.78,2.28,0.0
20230609:2311,0.0,0.0,0.0,9.2,2.21,0.0
20230610:0011,0.0,0.0,0.0,8.81,2.28,0.0
20230610:0111,0.0,0.0,0.0,8.72,2.34,0.0
20230610:0211,0.0,0.0,0.0,8.66,2.41,0.0
20230610:0311,0.0,0.0,0.0,8.66,2.48,0.0
20230610:0411,2366.0,7.87,3.49,8.74,2.55,0.0
20230610:0511,101634.0,61.21,11.07,9.78,2.34,0.0
20230610:0611,261742.0,162.78,19.36,11.95,2.62,0.0
20230610:0711,740324.0,363.65,28.05,13.61,3.03,0.0
20230610:0811,1212848.0,571.53,36.76,15.57,3.31,0.0
20230610:0911,1594892.0,760.42,45.03,17.45,3.38,0.0
20230610:1011,1895192.0,923.33,52.18,19.26,3.52,0.0
20230610:1111,2071004.0,1027.66,57.16,20.81,3.59,0.0
20230610:1211,2070900.0,1031.27,58.74,22.14,3.93,0.0
20230610:1311,1987622.0,984.6,56.38,23.14,4.41,0.0
20230610:1411,1806558.0,885.01,50.86,23.62,4.83,0.0
20230610:1511,1502436.0,726.58,43.41,23.54,5.17,0.0
20230610:1611,1085292.0,526.32,35.0,22.88,5.17,0.0
20230610:1711,604058.0,314.07,26.26,21.84,5.03,0.0
20230610:1811,167752.0,124.43,17.63,20.47,4.48,0.0
20230610:1911,76154.0,50.72,9.45,18.59,3.79,0.0
20230610:2011,0.0,2.62,2.07,16.74,3.38,0.0
20230610:2111,0.0,0.0,0.0,15.06,2.83,0.0
20230610:2211,0.0,0.0,0.0,13.84,2.41,0.0
20230610:2311,0.0,0.0,0.0,12.96,2.07,0.0
20230611:0011,0.0,0.0,0.0,12.02,1.86,0.0
20230611:0111,0.0,0.0,0.0,10.96,1.59,0.0
20230611:0211,0.0,0.0,0.0,10.27,1.59,0.0
20230611:0311,0.0,0.0,0.0,9.96,1.45,0.0
20230611:0411,0.0,2.62,3.53,9.73,1.45,0.0
20230611:0511,18928.0,19.24,11.1,10.86,1.03,0.0
20230611:0611,124852.0,73.24,19.39,13.61,0.9,0.0
20230611:0711,519714.0,257.35,28.08,15.6,1.52,0.0
20230611:0811,1034462.0,497.73,36.79,17.22,1.59,0.0
20230611:0911,1022606.0,495.24,45.07,18.91,1.59,0.0
20230611:1011,1475188.0,728.1,52.23,20.49,1.72,0.0
20230611:1111,1855490.0,937.61,57.22,21.99,2.07,0.0
20230611:1211,1843166.0,930.61,58.81,23.22,2.55,0.0
20230611:1311,1911416.0,966.42,56.47,24.3,2.97,0.0
20230611:1411,1738906.0,870.03,50.95,24.94,3.17,0.0
20230611:1511,1435200.0,710.42,43.5,25.39,3.17,0.0
20230611:1611,1030796.0,511.73,35.09,25.43,3.1,0.0
20230611:1711,125554.0,76.95,26.35,25.13,2.69,0.0
20230611:1811,19292.0,20.4,17.72,24.32,2.34,0.0
20230611:1911,4030.0,9.62,9.54,22.48,2.21,0.0
20230611:2011,0.0,0.87,2.15,20.48,2.07,0.0
20230611:2111,0.0,0.0,0.0,18.46,2.07,0.0
20230611:2211,0.0,0.0,0.0,16.96,1.86,0.0
20230611:2311,0.0,0.0,0.0,15.8,1.79,0.0
20230612:0011,0.0,0.0,0.0,14.72,1.72,0.0
20230612:0111,0.0,0.0,0.0,13.86,1.72,0.0
20230612:0211,0.0,0.0,0.0,13.19,1.79,0.0
20230612:0311,0.0,0.0,0.0,12.69,2.0,0.0
20230612:0411,442.0,6.12,3.56,12.42,2.14,0.0
20230612:0511,94380.0,58.59,11.13,13.21,1.79,0.0
20230612:0611,249002.0,160.8,19.42,15.86,1.86,0.0
20230612:0711,717782.0,362.17,28.1,18.21,2.21,0.0
20230612:0811,1177072.0,569.97,36.81,20.16,2.62,0.0
20230612:0911,0.0,0.0,0.0,21.82,3.17,0.0
20230612:1011,1576796.0,774.42,52.26,23.01,3.59,0.0
20230612:1111,1989884.0,998.57,57.27,23.85,3.66,0.0
20230612:1211,1994252.0,1006.96,58.88,24.46,3.52,0.0
20230612:1311,1644188.0,820.65,56.54,24.87,3.38,0.0
20230612:1411,1756898.0,876.73,51.03,24.91,3.45,0.0
20230612:1511,1453972.0,715.63,43.58,24.81,3.52,0.0
20230612:1611,1058304.0,521.92,35.17,24.63,3.52,0.0
20230612:1711,596284.0,314.8,26.43,24.17,3.72,0.0
20230612:1811,183170.0,128.19,17.8,23.1,3.66,0.0
20230612:1911,86840.0,56.84,9.62,21.97,3.1,0.0
20230612:2011,0.0,0.87,2.23,20.38,3.03,0.0
20230612:2111,0.0,0.0,0.0,18.89,2.76,0.0
20230612:2211,0.0,0.0,0.0,18.08,2.55,0.0
20230612:2311,0.0,0.0,0.0,17.33,2.14,0.0
20230613:0011,0.0,0.0,0.0,16.33,1.86,0.0
20230613:0111,0.0,0.0,0.0,15.27,1.93,0.0
20230613:0211,0.0,0.0,0.0,14.22,1.79,0.0
20230613:0311,0.0,0.0,0.0,13.18,1.79,0.0
20230613:0411,3302.0,8.74,3.59,12.5,2.07,0.0
20230613:0511,87230.0,55.09,11.15,13.03,1.93,0.0
20230613:0611,256802.0,163.22,19.44,15.45,2.14,0.0
20230613:0711,733616.0,367.18,28.12,17.3,2.97,0.0
20230613:0811,1215058.0,581.24,36.83,18.98,3.59,0.0
20230613:0911,1614756.0,777.32,45.12,20.43,4.07,0.0
20230613:1011,1888822.0,923.08,52.3,21.58,4.34,0.0
20230613:1111,2005822.0,992.67,57.32,22.53,4.34,0.0
20230613:1211,2039778.0,1019.08,58.94,23.26,4.07,0.0
20230613:1311,1967810.0,985.77,56.62,23.85,3.72,0.0
20230613:1411,1775332.0,882.73,51.1,24.27,3.59,0.0
20230613:1511,1485484.0,730.63,43.65,24.41,3.52,0.0
20230613:1611,1071746.0,527.81,35.24,24.21,3.45,0.0
20230613:1711,610896.0,322.16,26.51,23.76,3.24,0.0
20230613:1811,175994.0,128.6,17.87,22.85,2.97,0.0
20230613:1911,65000.0,45.47,9.7,20.8,3.03,0.0
20230613:2011,0.0,1.75,2.31,18.81,2.55,0.0
20230613:2111,0.0,0.0,0.0,16.93,2.21,0.0
20230613:2211,0.0,0.0,0.0,15.42,2.0,0.0
20230613:2311,0.0,0.0,0.0,13.87,1.86,0.0
20230614:0011,0.0,0.0,0.0,12.45,1.93,0.0
20230614:0111,0.0,0.0,0.0,11.25,1.86,0.0
20230614:0211,0.0,0.0,0.0,10.48,1.72,0.0
20230614:0311,0.0,0.0,0.0,9.69,1.86,0.0
20230614:0411,16250.0,17.49,3.61,8.92,2.07,0.0
20230614:0511,75920.0,48.97,11.17,9.89,1.93,0.0
20230614:0611,249522.0,165.53,19.45,13.58,1.93,0.0
20230614:0711,759434.0,378.19,28.13,16.22,3.17,0.0
20230614:0811,1246934.0,592.53,36.84,17.84,3.86,0.0
20230614:0911,1619826.0,774.01,45.13,19.17,4.28,0.0
20230614:1011,1927406.0,935.08,52.32,20.31,4.62,0.0
20230614:1111,2110602.0,1034.67,57.36,21.2,5.03,0.0
20230614:1211,2140892.0,1051.25,58.99,21.75,5.38,0.0
20230614:1311,2053480.0,1004.53,56.68,22.02,5.45,0.0
20230614:1411,1875302.0,910.8,51.17,22.04,5.24,0.0
20230614:1511,1559428.0,750.1,43.72,21.83,4.97,0.0
20230614:1611,1185626.0,571.7,35.31,21.34,4.83,0.0
20230614:1711,663676.0,344.65,26.58,20.55,4.55,0.0
20230614:1811,167648.0,128.92,17.94,19.52,4.07,0.0
20230614:1911,64324.0,44.6,9.77,17.81,3.31,0.0
20230614:2011,0.0,1.75,2.38,16.2,2.83,0.0
20230614:2111,0.0,0.0,0.0,14.49,2.34,0.0
20230614:2211,0.0,0.0,0.0,13.31,2.0,0.0
20230614:2311,0.0,0.0,0.0,12.32,1.79,0.0
20230615:0011,0.0,0.0,0.0,11.31,1.79,0.0
20230615:0111,0.0,0.0,0.0,10.48,1.72,0.0
20230615:0211,0.0,0.0,0.0,9.79,1.79,0.0
20230615:0311,0.0,0.0,0.0,9.22,1.79,0.0
20230615:0411,14820.0,16.61,3.63,8.85,1.79,0.0
20230615:0511,84838.0,53.34,11.18,10.09,1.24,0.0
20230615:0611,249548.0,162.67,19.46,13.27,1.17,0.0
20230615:0711,739882.0,370.21,28.13,15.27,1.45,0.0
20230615:0811,1207154.0,582.0,36.85,17.09,1.59,0.0
20230615:0911,1571622.0,769.23,45.14,18.81,1.72,0.0
20230615:1011,1851304.0,924.14,52.34,20.29,2.07,0.0
20230615:1111,2025504.0,1024.66,57.39,21.4,2.41,0.0
20230615:1211,2021292.0,1021.64,59.04,22.18,2.76,0.0
20230615:1311,1854684.0,928.45,56.74,22.73,2.97,0.0
20230615:1411,1573832.0,776.64,51.23,22.86,3.03,0.0
20230615:1511,1478516.0,720.8,43.79,22.29,3.31,0.0
20230615:1611,1096368.0,533.28,35.38,22.04,3.72,0.0
20230615:1711,624442.0,324.64,26.64,21.48,3.79,0.0
20230615:1811,176306.0,129.6,18.01,20.72,3.45,0.0
20230615:1911,65364.0,45.47,9.83,19.7,2.76,0.0
20230615:2011,0.0,1.75,2.44,18.03,2.48,0.0
20230615:2111,0.0,0.0,0.0,16.18,2.28,0.0
20230615:2211,0.0,0.0,0.0,14.79,2.07,0.0
20230615:2311,0.0,0.0,0.0,13.49,1.79,0.0
20230616:0011,0.0,0.0,0.0,12.28,1.38,0.0
20230616:0111,0.0,0.0,0.0,13.3,0.76,0.0
20230616:0211,0.0,0.0,0.0,13.06,0.21,0.0
20230616:0311,0.0,0.0,0.0,12.66,0.69,0.0
20230616:0411,9230.0,13.12,3.64,11.61,0.97,0.0
20230616:0511,85644.0,54.22,11.18,12.21,0.55,0.0
20230616:0611,247754.0,162.62,19.46,13.85,0.34,0.0
20230616:0711,732992.0,370.49,28.13,16.49,0.9,0.0
20230616:0811,1195636.0,579.54,36.85,18.05,1.52,0.0
20230616:0911,1565538.0,767.45,45.15,19.51,1.86,0.0
20230616:1011,1840254.0,921.04,52.35,21.08,2.14,0.0
20230616:1111,1986374.0,1008.96,57.42,22.34,2.34,0.0
20230616:1211,2003248.0,1024.86,59.08,23.23,2.34,0.0
20230616:1311,1926470.0,985.08,56.79,23.78,2.21,0.0
20230616:1411,1748474.0,883.52,51.29,24.02,2.21,0.0
20230616:1511,1474954.0,733.04,43.85,24.23,2.41,0.0
20230616:1611,1053650.0,521.14,35.44,24.08,2.69,0.0
20230616:1711,601432.0,314.86,26.7,23.64,3.03,0.0
20230616:1811,180362.0,131.41,18.07,22.92,3.24,0.0
20230616:1911,81796.0,54.22,9.89,21.65,3.1,0.0
20230616:2011,0.0,1.75,2.5,19.87,2.9,0.0
20230616:2111,0.0,0.0,0.0,18.02,2.69,0.0
20230616:2211,0.0,0.0,0.0,16.56,2.41,0.0
20230616:2311,0.0,0.0,0.0,15.35,2.21,0.0
20230617:0011,0.0,0.0,0.0,14.3,2.0,0.0
20230617:0111,0.0,0.0,0.0,13.17,1.93,0.0
20230617:0211,0.0,0.0,0.0,12.26,1.93,0.0
20230617:0311,0.0,0.0,0.0,11.38,1.79,0.0
20230617:0411,9282.0,13.12,3.64,10.83,1.66,0.0
20230617:0511,115466.0,68.21,11.18,11.47,1.24,0.0
20230617:0611,276614.0,163.19,19.45,14.09,1.1,0.0
20230617:0711,572468.0,283.43,28.13,15.87,1.52,0.0
20230617:0811,797810.0,384.78,36.84,17.61,2.0,0.0
20230617:0911,1100554.0,530.5,45.15,19.07,2.28,0.0
20230617:1011,911274.0,441.47,52.36,20.08,2.76,0.0
20230617:1111,952926.0,461.53,57.43,20.48,3.17,0.0
20230617:1211,819936.0,399.63,59.12,20.77,2.97,0.0
20230617:1311,310258.0,162.24,56.83,21.0,3.31,0.0
20230617:1411,272012.0,144.63,51.34,21.01,2.97,0.0
20230617:1511,379756.0,194.69,43.9,21.21,2.9,0.0
20230617:1611,269620.0,143.7,35.49,21.33,3.03,0.0
20230617:1711,227578.0,124.07,26.76,21.11,2.9,0.0
20230617:1811,136162.0,80.66,18.12,20.67,2.9,0.0
20230617:1911,40638.0,32.35,9.94,19.5,2.28,0.0
20230617:2011,0.0,1.75,2.55,18.12,2.07,0.0
20230617:2111,0.0,0.0,0.0,16.39,2.28,0.0
20230617:2211,0.0,0.0,0.0,14.89,2.34,0.0
20230617:2311,0.0,0.0,0.0,13.92,2.0,0.0
20230618:0011,0.0,0.0,0.0,12.88,1.79,0.0
20230618:0111,0.0,0.0,0.0,11.88,1.72,0.0
20230618:0211,0.0,0.0,0.0,10.9,1.59,0.0
20230618:0311,0.0,0.0,0.0,10.49,1.31,0.0
20230618:0411,3380.0,8.74,3.64,10.47,1.17,0.0
20230618:0511,108134.0,64.71,11.17,11.22,0.97,0.0
20230618:0611,89986.0,56.55,19.44,13.48,1.03,0.0
20230618:0711,386516.0,193.72,28.12,14.85,1.66,0.0
20230618:0811,912964.0,435.8,36.83,16.54,2.34,0.0
20230618:0911,1218542.0,581.58,45.14,17.78,2.76,0.0
20230618:1011,1782976.0,871.21,52.36,18.8,2.69,0.0
20230618:1111,1331460.0,644.84,57.45,20.28,3.17,0.0
20230618:1211,1852396.0,912.34,59.14,21.5,3.79,0.0
20230618:1311,1480180.0,719.43,56.87,22.17,4.28,0.0
20230618:1411,717288.0,351.53,51.39,22.38,4.48,0.0
20230618:1511,237120.0,128.87,43.95,22.42,4.97,0.0
20230618:1611,159016.0,91.78,35.54,21.62,4.83,0.0
20230618:1711,105924.0,65.82,26.81,20.15,3.38,0.0
20230618:1811,21424.0,21.32,18.17,19.19,2.97,0.0
20230618:1911,15392.0,17.49,9.99,17.61,2.48,0.0
20230618:2011,0.0,2.62,2.6,16.72,2.41,0.0
20230618:2111,0.0,0.0,0.0,16.24,2.07,0.0
20230618:2211,0.0,0.0,0.0,16.04,1.52,0.0
20230618:2311,0.0,0.0,0.0,15.94,1.03,0.0
20230619:0011,0.0,0.0,0.0,15.89,0.76,0.0
20230619:0111,0.0,0.0,0.0,15.9,0.69,0.0
20230619:0211,0.0,0.0,0.0,15.92,0.83,0.0
20230619:0311,0.0,0.0,0.0,15.9,2.07,0.0
20230619:0411,0.0,2.62,3.63,15.79,3.45,0.0
20230619:0511,24232.0,22.74,11.16,15.89,4.21,0.0
20230619:0611,241748.0,158.31,19.43,16.0,4.21,0.0
20230619:0711,718926.0,358.09,28.1,16.95,4.34,0.0
20230619:0811,1110252.0,524.73,36.82,17.96,4.97,0.0
20230619:0911,1222832.0,578.57,45.13,18.71,4.83,0.0
20230619:1011,1383174.0,659.75,52.35,19.85,4.9,0.0
20230619:1111,1051596.0,504.97,57.45,20.7,4.76,0.0
20230619:1211,836862.0,405.43,59.16,21.04,4.48,0.0
20230619:1311,822198.0,398.82,56.91,21.35,4.62,0.0
20230619:1411,1151332.0,553.96,51.43,21.67,4.76,0.0
20230619:1511,326170.0,169.66,43.99,21.5,4.41,0.0
20230619:1611,1077440.0,521.03,35.59,21.35,4.07,0.0
20230619:1711,239512.0,129.64,26.85,21.37,3.72,0.0
20230619:1811,204724.0,135.94,18.22,21.09,3.03,0.0
20230619:1911,78780.0,52.47,10.04,20.45,2.14,0.0
20230619:2011,0.0,1.75,2.64,19.23,1.79,0.0
20230619:2111,0.0,0.0,0.0,17.58,1.31,0.0
20230619:2211,0.0,0.0,0.0,16.21,1.31,0.0
20230619:2311,0.0,0.0,0.0,15.31,1.38,0.0
20230620:0011,0.0,0.0,0.0,16.0,0.9,0.0
20230620:0111,0.0,0.0,0.0,16.17,0.28,0.0
20230620:0211,0.0,0.0,0.0,15.7,0.69,0.0
20230620:0311,0.0,0.0,0.0,14.7,1.1,0.0
20230620:0411,0.0,2.62,3.61,14.6,1.03,0.0
20230620:0511,39962.0,31.48,11.14,15.08,0.76,0.0
20230620:0611,36530.0,29.67,19.41,15.49,0.69,0.0
20230620:0711,75036.0,50.06,28.08,17.69,0.97,0.0
20230620:0811,120016.0,72.31,36.8,18.35,1.03,0.0
20230620:0911,151216.0,87.15,45.11,18.11,0.97,0.0
20230620:1011,137826.0,80.66,52.34,17.86,1.38,0.0
20230620:1111,151684.0,87.15,57.45,17.8,1.86,0.0
20230620:1211,195338.0,107.54,59.18,17.85,2.14,0.0
20230620:1311,163956.0,92.71,56.93,17.48,2.62,0.0
20230620:1411,342888.0,174.3,51.46,16.77,2.69,0.0
20230620:1511,444938.0,220.17,44.03,16.32,2.62,0.0
20230620:1611,501306.0,245.65,35.63,16.31,2.62,0.0
20230620:1711,326690.0,167.31,26.89,16.86,3.31,0.0
20230620:1811,184106.0,132.38,18.26,17.32,3.03,0.0
20230620:1911,12740.0,15.74,10.07,17.25,2.07,0.0
20230620:2011,0.0,1.75,2.67,16.75,2.21,0.0
20230620:2111,0.0,0.0,0.0,16.4,2.48,0.0
20230620:2211,0.0,0.0,0.0,15.85,2.76,0.0
20230620:2311,0.0,0.0,0.0,15.31,3.03,0.0
20230621:0011,0.0,0.0,0.0,14.51,3.1,0.0
20230621:0111,0.0,0.0,0.0,13.9,2.97,0.0
20230621:0211,0.0,0.0,0.0,13.4,2.83,0.0
20230621:0311,0.0,0.0,0.0,13.36,2.9,0.0
20230621:0411,0.0,4.37,3.59,13.43,2.97,0.0
20230621:0511,83252.0,53.34,11.12,14.08,3.1,0.0
20230621:0611,242268.0,158.95,19.38,15.21,3.59,0.0
20230621:0711,694434.0,344.62,28.05,16.83,4.14,0.0
20230621:0811,1103986.0,523.18,36.77,18.05,4.55,0.0
20230621:0911,1450540.0,687.09,45.09,18.85,4.9,0.0
20230621:1011,1736878.0,829.1,52.32,19.45,5.38,0.0
20230621:1111,1835990.0,881.21,57.44,19.98,5.72,0.0
20230621:1211,1471808.0,702.5,59.18,20.26,5.79,0.0
20230621:1311,1912950.0,923.78,56.95,20.45,5.45,0.0
20230621:1411,1779544.0,855.39,51.49,20.89,5.45,0.0
20230621:1511,1541488.0,737.63,44.06,20.98,4.97,0.0
20230621:1611,1110252.0,534.79,35.66,20.93,4.41,0.0
20230621:1711,634764.0,327.68,26.93,20.75,3.86,0.0
20230621:1811,189436.0,134.44,18.29,20.26,3.03,0.0
20230621:1911,68588.0,47.22,10.1,20.14,1.93,0.0
20230621:2011,338.0,6.12,2.7,18.8,2.14,0.0
20230621:2111,0.0,0.0,0.0,17.23,2.14,0.0
20230621:2211,0.0,0.0,0.0,15.75,1.93,0.0
20230621:2311,0.0,0.0,0.0,14.44,1.86,0.0
20230622:0011,0.0,0.0,0.0,13.4,1.72,0.0
20230622:0111,0.0,0.0,0.0,12.6,1.59,0.0
20230622:0211,0.0,0.0,0.0,12.33,1.45,0.0
20230622:0311,0.0,0.0,0.0,11.84,1.38,0.0
20230622:0411,11856.0,14.87,3.57,11.44,1.31,0.0
20230622:0511,78364.0,50.72,11.09,12.58,0.9,0.0
20230622:0611,240240.0,157.47,19.35,15.02,0.83,0.0
20230622:0711,703274.0,357.07,28.02,17.55,1.17,0.0
20230622:0811,1171014.0,568.49,36.74,18.75,1.66,0.0
20230622:0911,1530880.0,754.54,45.06,19.73,1.45,0.0
20230622:1011,1796678.0,913.74,52.3,20.61,1.03,0.0
20230622:1111,1932060.0,1001.89,57.43,21.42,0.97,0.0
20230622:1211,1949506.0,1025.01,59.18,21.66,0.62,0.0
20230622:1311,1781650.0,928.22,56.96,22.0,0.48,0.0
20230622:1411,997542.0,496.36,51.51,22.0,0.62,0.0
20230622:1511,1007526.0,500.32,44.09,21.92,0.62,0.0
20230622:1611,905710.0,445.64,35.69,21.39,1.59,0.0
20230622:1711,374426.0,193.43,26.96,20.97,2.28,0.0
20230622:1811,240396.0,136.16,18.32,20.52,2.55,0.0
20230622:1911,95264.0,60.34,10.13,19.03,2.9,0.0
20230622:2011,0.0,1.75,2.72,17.82,2.83,0.0
20230622:2111,0.0,0.0,0.0,16.38,2.48,0.0
20230622:2211,0.0,0.0,0.0,15.31,2.21,0.0
20230622:2311,0.0,0.0,0.0,14.4,2.14,0.0
20230623:0011,0.0,0.0,0.0,13.75,2.07,0.0
20230623:0111,0.0,0.0,0.0,13.32,1.93,0.0
20230623:0211,0.0,0.0,0.0,12.97,1.86,0.0
20230623:0311,0.0,0.0,0.0,12.74,1.93,0.0
20230623:0411,0.0,2.62,3.53,12.83,1.86,0.0
20230623:0511,5486.0,10.49,11.05,13.52,1.66,0.0
20230623:0611,56004.0,39.87,19.31,14.81,1.93,0.0
20230623:0711,139490.0,80.66,27.98,15.69,2.14,0.0
20230623:0811,263224.0,138.14,36.7,16.72,2.34,0.0
20230623:0911,406874.0,204.19,45.02,17.6,2.41,0.0
20230623:1011,763620.0,369.56,52.27,18.65,2.62,0.0
20230623:1111,522158.0,259.0,57.41,19.68,2.9,0.0
20230623:1211,1136252.0,548.94,59.17,20.64,3.52,0.0
20230623:1311,1744132.0,852.27,56.97,21.5,4.07,0.0
20230623:1411,746382.0,364.69,51.53,22.17,4.48,0.0
20230623:1511,622674.0,307.14,44.11,22.48,4.76,0.0
20230623:1611,201604.0,112.18,35.72,22.13,4.21,0.0
20230623:1711,289094.0,153.13,26.98,21.55,3.17,0.0
20230623:1811,54132.0,39.87,18.34,21.4,3.86,0.0
20230623:1911,20878.0,20.99,10.15,19.07,4.0,0.0
20230623:2011,0.0,1.75,2.74,18.3,3.93,0.0
20230623:2111,0.0,0.0,0.0,17.99,3.86,0.0
20230623:2211,0.0,0.0,0.0,17.94,3.79,0.0
20230623:2311,0.0,0.0,0.0,17.82,3.93,0.0
20230624:0011,0.0,0.0,0.0,17.89,4.0,0.0
20230624:0111,0.0,0.0,0.0,17.82,4.0,0.0
20230624:0211,0.0,0.0,0.0,17.89,4.07,0.0
20230624:0311,0.0,0.0,0.0,17.74,4.0,0.0
20230624:0411,0.0,4.37,3.5,17.66,3.93,0.0
20230624:0511,5304.0,10.49,11.01,17.81,3.86,0.0
20230624:0611,152074.0,87.53,19.27,18.31,3.38,0.0
20230624:0711,171028.0,96.42,27.94,18.89,4.34,0.0
20230624:0811,319462.0,165.02,36.66,19.57,5.1,0.0
20230624:0911,376116.0,191.91,44.98,20.81,5.03,0.0
20230624:1011,390182.0,199.33,52.23,22.06,5.45,0.0
20230624:1111,441922.0,223.43,57.38,22.17,5.03,0.0
20230624:1211,1387646.0,671.99,59.16,22.5,4.9,0.0
20230624:1311,1352468.0,655.99,56.97,23.37,5.17,0.0
20230624:1411,1716728.0,838.77,51.54,23.87,4.97,0.0
20230624:1511,1317966.0,639.82,44.13,23.77,4.48,0.0
20230624:1611,1033266.0,505.78,35.74,24.07,4.21,0.0
20230624:1711,624624.0,328.37,27.0,23.96,3.52,0.0
20230624:1811,179764.0,133.56,18.36,23.56,2.41,0.0
20230624:1911,70954.0,48.97,10.17,22.7,0.9,0.0
20230624:2011,0.0,1.75,2.75,21.77,0.55,0.0
20230624:2111,0.0,0.0,0.0,19.96,1.72,0.0
20230624:2211,0.0,0.0,0.0,18.74,2.07,0.0
20230624:2311,0.0,0.0,0.0,18.22,2.28,0.0
20230625:0011,0.0,0.0,0.0,18.03,2.62,0.0
20230625:0111,0.0,0.0,0.0,17.87,2.76,0.0
20230625:0211,0.0,0.0,0.0,17.7,2.9,0.0
20230625:0311,0.0,0.0,0.0,17.41,3.03,0.0
20230625:0411,6474.0,11.37,3.45,17.22,3.24,0.0
20230625:0511,80054.0,52.47,10.97,17.5,3.31,0.0
20230625:0611,228592.0,154.18,19.22,18.72,3.59,0.0
20230625:0711,695006.0,352.65,27.89,20.4,4.76,0.0
20230625:0811,1139138.0,546.58,36.61,21.46,5.24,0.0
20230625:0911,989196.0,477.0,44.94,22.55,5.38,0.0
20230625:1011,1749930.0,851.76,52.19,23.74,5.59,0.0
20230625:1111,1818102.0,893.5,57.35,24.85,5.72,0.0
20230625:1211,1307228.0,638.25,59.14,25.67,6.21,0.0
20230625:1311,432250.0,222.51,56.96,26.19,6.28,0.0
20230625:1411,1150890.0,561.4,51.54,25.98,6.34,0.0
20230625:1511,1532492.0,735.71,44.14,22.49,5.52,0.0
20230625:1611,591266.0,290.05,35.75,20.41,4.69,0.0
20230625:1711,281840.0,148.66,27.01,19.79,2.83,0.0
20230625:1811,204126.0,113.84,18.37,19.61,2.9,0.0
20230625:1911,91910.0,58.59,10.18,18.64,3.03,0.0
20230625:2011,0.0,1.75,2.75,17.52,3.66,0.0
20230625:2111,0.0,0.0,0.0,16.51,3.86,0.0
20230625:2211,0.0,0.0,0.0,15.51,3.52,0.0
20230625:2311,0.0,0.0,0.0,14.67,3.31,0.0
20230626:0011,0.0,0.0,0.0,14.31,3.79,0.0
20230626:0111,0.0,0.0,0.0,14.17,4.14,0.0
20230626:0211,0.0,0.0,0.0,13.9,4.07,0.0
20230626:0311,0.0,0.0,0.0,13.44,3.79,0.0
20230626:0411,1300.0,7.0,3.4,13.23,3.59,0.0
20230626:0511,76414.0,49.84,10.91,13.42,3.66,0.0
20230626:0611,245128.0,156.27,19.17,14.26,4.0,0.0
20230626:0711,690690.0,340.56,27.84,15.35,4.48,0.0
20230626:0811,795782.0,375.93,36.56,16.14,5.45,0.0
20230626:0911,1203930.0,560.85,44.88,16.57,6.14,0.0
20230626:1011,864578.0,406.81,52.14,16.49,6.34,0.0
20230626:1111,1863992.0,877.01,57.3,17.04,6.62,0.0
20230626:1211,1730534.0,813.98,59.11,17.42,6.69,0.0
20230626:1311,1899768.0,897.16,56.95,17.59,6.55,0.0
20230626:1411,1768364.0,829.83,51.54,17.79,6.83,0.0
20230626:1511,1524874.0,712.54,44.14,17.84,6.48,0.0
20230626:1611,1046370.0,492.67,35.75,17.53,6.14,0.0
20230626:1711,635024.0,317.86,27.02,17.36,6.14,0.0
20230626:1811,212576.0,140.41,18.38,17.11,5.59,0.0
20230626:1911,92976.0,58.59,10.18,16.59,4.55,0.0
20230626:2011,6552.0,11.37,2.75,15.85,3.66,0.0
20230626:2111,0.0,0.0,0.0,14.87,3.24,0.0
20230626:2211,0.0,0.0,0.0,14.13,2.97,0.0
20230626:2311,0.0,0.0,0.0,13.63,2.69,0.0
20230627:0011,0.0,0.0,0.0,13.01,2.62,0.0
20230627:0111,0.0,0.0,0.0,12.83,2.48,0.0
20230627:0211,0.0,0.0,0.0,12.7,2.28,0.0
20230627:0311,0.0,0.0,0.0,12.49,2.0,0.0
20230627:0411,2288.0,7.87,3.35,12.39,1.93,0.0
20230627:0511,98176.0,60.34,10.86,12.92,1.86,0.0
20230627:0611,209664.0,113.74,19.11,14.41,1.93,0.0
20230627:0711,428688.0,213.23,27.78,15.16,2.55,0.0
20230627:0811,305890.0,156.68,36.5,15.97,3.72,0.0
20230627:0911,330928.0,167.81,44.83,16.08,4.69,0.0
20230627:1011,173524.0,96.42,52.09,16.02,4.48,0.0
20230627:1111,117858.0,70.46,57.26,16.22,4.55,0.0
20230627:1211,221806.0,118.67,59.07,16.45,5.1,0.0
20230627:1311,209274.0,113.11,56.93,16.79,5.31,0.0
20230627:1411,284154.0,147.41,51.53,17.36,5.66,0.0
20230627:1511,236106.0,126.09,44.14,18.26,5.52,0.0
20230627:1611,227968.0,122.38,35.76,17.97,4.07,0.0
20230627:1711,194038.0,106.62,27.02,17.53,3.45,0.0
20230627:1811,32838.0,27.81,18.38,17.51,2.9,0.0
20230627:1911,4212.0,9.62,10.18,17.2,2.69,0.0
20230627:2011,0.0,1.75,2.75,17.34,2.76,0.0
20230627:2111,0.0,0.0,0.0,17.24,3.1,0.0
20230627:2211,0.0,0.0,0.0,17.23,3.45,0.0
20230627:2311,0.0,0.0,0.0,17.33,3.59,0.0
20230628:0011,0.0,0.0,0.0,17.27,3.59,0.0
20230628:0111,0.0,0.0,0.0,17.08,3.38,0.0
20230628:0211,0.0,0.0,0.0,16.85,3.03,0.0
20230628:0311,0.0,0.0,0.0,16.72,2.69,0.0
20230628:0411,0.0,1.75,3.29,16.75,2.41,0.0
20230628:0511,41210.0,32.35,10.8,16.92,2.28,0.0
20230628:0611,260728.0,144.61,19.05,17.27,2.21,0.0
20230628:0711,456742.0,229.15,27.72,17.98,2.9,0.0
20230628:0811,735046.0,355.76,36.44,18.66,2.76,0.0
20230628:0911,1039662.0,496.7,44.77,19.12,3.59,0.0
20230628:1011,1002612.0,479.4,52.03,19.45,4.21,0.0
20230628:1111,1088932.0,521.45,57.2,19.96,4.41,0.0
20230628:1211,1178684.0,564.37,59.03,20.67,5.1,0.0
20230628:1311,254670.0,136.28,56.9,21.06,4.76,0.0
20230628:1411,316420.0,165.02,51.51,21.42,4.76,0.0
20230628:1511,139880.0,82.51,44.13,21.27,5.1,0.0
20230628:1611,100074.0,63.04,35.75,20.71,5.24,0.0
20230628:1711,170274.0,96.42,27.02,19.78,4.34,0.0
20230628:1811,119860.0,72.31,18.37,19.2,3.66,0.0
20230628:1911,76206.0,50.72,10.17,18.27,2.62,0.0
20230628:2011,0.0,1.75,2.73,17.61,2.69,0.0
20230628:2111,0.0,0.0,0.0,16.93,2.9,0.0
20230628:2211,0.0,0.0,0.0,16.22,3.1,0.0
20230628:2311,0.0,0.0,0.0,15.78,3.17,0.0
20230629:0011,0.0,0.0,0.0,15.26,3.17,0.0
20230629:0111,0.0,0.0,0.0,14.86,3.1,0.0
20230629:0211,0.0,0.0,0.0,14.33,3.1,0.0
20230629:0311,0.0,0.0,0.0,13.56,3.03,0.0
20230629:0411,10452.0,13.99,3.22,12.48,3.03,0.0
20230629:0511,75010.0,48.97,10.73,12.39,2.9,0.0
20230629:0611,225888.0,153.57,18.98,13.15,2.97,0.0
20230629:0711,711854.0,352.7,27.65,14.32,3.24,0.0
20230629:0811,1133990.0,534.15,36.37,15.62,3.59,0.0
20230629:0911,1575314.0,743.67,44.7,16.59,4.0,0.0
20230629:1011,1116232.0,527.42,51.97,17.43,4.48,0.0
20230629:1111,470834.0,232.7,57.14,17.99,4.41,0.0
20230629:1211,996580.0,474.07,58.98,17.86,4.21,0.0
20230629:1311,1158404.0,549.5,56.86,17.88,4.34,0.0
20230629:1411,1137032.0,538.33,51.49,17.77,4.34,0.0
20230629:1511,1218932.0,575.1,44.12,17.69,4.48,0.0
20230629:1611,987298.0,468.14,35.74,17.73,4.76,0.0
20230629:1711,620516.0,310.33,27.01,17.44,4.83,0.0
20230629:1811,198276.0,139.01,18.36,16.92,4.41,0.0
20230629:1911,73580.0,48.97,10.15,16.17,3.66,0.0
20230629:2011,4290.0,9.62,2.71,15.34,3.17,0.0
20230629:2111,0.0,0.0,0.0,13.89,3.03,0.0
20230629:2211,0.0,0.0,0.0,12.97,2.83,0.0
20230629:2311,0.0,0.0,0.0,12.32,2.55,0.0
20230630:0011,0.0,0.0,0.0,11.98,2.48,0.0
20230630:0111,0.0,0.0,0.0,11.76,2.48,0.0
20230630:0211,0.0,0.0,0.0,11.42,2.48,0.0
20230630:0311,0.0,0.0,0.0,11.09,2.55,0.0
20230630:0411,0.0,1.75,3.15,10.99,2.62,0.0
20230630:0511,13182.0,15.74,10.66,11.92,2.55,0.0
20230630:0611,180544.0,98.99,18.91,13.22,2.9,0.0
20230630:0711,282854.0,145.31,27.58,14.23,3.66,0.0
20230630:0811,389558.0,193.16,36.3,14.86,4.34,0.0
20230630:0911,212628.0,114.03,44.63,15.44,4.83,0.0
20230630:1011,510068.0,247.23,51.89,15.62,5.66,0.0
20230630:1111,0.0,0.0,0.0,15.32,5.1,0.0
20230630:1211,824356.0,388.3,58.92,15.11,4.83,0.0
20230630:1311,243672.0,127.94,56.82,15.15,4.9,0.0
20230630:1411,313430.0,159.46,51.46,15.19,4.07,0.0
20230630:1511,296114.0,152.05,44.1,15.85,4.41,0.0
20230630:1611,169312.0,94.56,35.73,16.2,4.21,0.0
20230630:1711,131638.0,76.95,27.0,16.01,3.79,0.0
20230630:1811,79664.0,51.92,18.35,15.88,3.72,0.0
20230630:1911,18330.0,19.24,10.13,16.26,3.59,0.0
20230630:2011,0.0,1.75,2.69,16.17,3.66,0.0
20230630:2111,0.0,0.0,0.0,16.17,3.86,0.0
20230630:2211,0.0,0.0,0.0,16.24,3.93,0.0
20230630:2311,0.0,0.0,0.0,16.22,3.93,0.0
20230701:0011,0.0,0.0,0.0,16.1,4.0,0.0
20230701:0111,0.0,0.0,0.0,16.03,4.21,0.0
20230701:0211,0.0,0.0,0.0,15.85,4.34,0.0
20230701:0311,0.0,0.0,0.0,15.61,4.41,0.0
20230701:0411,0.0,1.75,3.07,15.42,4.41,0.0
20230701:0511,38350.0,30.61,10.58,15.34,4.41,0.0
20230701:0611,108524.0,65.82,18.83,15.46,4.07,0.0
20230701:0711,202254.0,109.4,27.5,15.62,4.76,0.0
20230701:0811,387946.0,193.16,36.22,16.11,5.45,0.0
20230701:0911,929968.0,435.61,44.55,16.79,6.83,0.0
20230701:1011,919464.0,432.16,51.82,17.07,6.76,0.0
20230701:1111,1624142.0,760.62,57.0,17.75,7.38,0.0
20230701:1211,273676.0,142.77,58.86,17.9,7.45,0.0
20230701:1311,1464658.0,685.9,56.78,17.93,7.24,0.0
20230701:1411,901654.0,424.04,51.43,17.61,7.86,0.0
20230701:1511,1380470.0,639.39,44.07,16.73,7.38,0.0
20230701:1611,605514.0,290.13,35.71,16.66,7.31,0.0
20230701:1711,348764.0,176.46,26.98,16.8,7.1,0.0
20230701:1811,190710.0,137.77,18.32,16.29,5.93,0.0
20230701:1911,95394.0,59.46,10.11,15.42,6.07,0.0
20230701:2011,7826.0,12.24,2.65,14.37,5.72,0.0
20230701:2111,0.0,0.0,0.0,13.54,5.38,0.0
20230701:2211,0.0,0.0,0.0,12.77,5.17,0.0
20230701:2311,0.0,0.0,0.0,12.38,4.97,0.0
20230702:0011,0.0,0.0,0.0,12.15,4.76,0.0
20230702:0111,0.0,0.0,0.0,11.85,4.55,0.0
20230702:0211,0.0,0.0,0.0,11.7,4.41,0.0
20230702:0311,0.0,0.0,0.0,11.54,4.28,0.0
20230702:0411,0.0,1.75,2.99,11.6,4.21,0.0
20230702:0511,108082.0,64.71,10.5,11.95,4.07,0.0
20230702:0611,267644.0,153.93,18.75,12.8,3.86,0.0
20230702:0711,427232.0,209.98,27.42,13.98,6.0,0.0
20230702:0811,785018.0,367.96,36.14,14.69,6.21,0.0
20230702:0911,811356.0,379.99,44.47,15.12,6.28,0.0
20230702:1011,542516.0,260.54,51.74,14.86,6.34,0.0
20230702:1111,822848.0,386.23,56.93,15.42,6.62,0.0
20230702:1211,379990.0,189.13,58.79,16.02,7.52,0.0
20230702:1311,614042.0,293.47,56.72,16.31,8.14,0.0
20230702:1411,723606.0,341.73,51.39,16.19,8.28,0.0
20230702:1511,714662.0,337.28,44.04,15.98,7.86,0.0
20230702:1611,1098292.0,509.7,35.68,15.64,7.59,0.0
20230702:1711,381888.0,190.49,26.95,15.29,6.48,0.0
20230702:1811,33306.0,27.81,18.3,15.2,6.48,0.0
20230702:1911,67314.0,45.47,10.07,14.37,5.79,0.0
20230702:2011,0.0,1.75,2.62,13.65,5.45,0.0
20230702:2111,0.0,0.0,0.0,12.76,4.9,0.0
20230702:2211,0.0,0.0,0.0,12.13,4.48,0.0
20230702:2311,0.0,0.0,0.0,11.55,4.14,0.0
20230703:0011,0.0,0.0,0.0,11.04,3.86,0.0
20230703:0111,0.0,0.0,0.0,10.72,3.72,0.0
20230703:0211,0.0,0.0,0.0,10.51,3.72,0.0
20230703:0311,0.0,0.0,0.0,10.58,3.93,0.0
20230703:0411,6786.0,11.37,2.9,10.69,4.14,0.0
20230703:0511,18928.0,19.24,10.41,11.08,4.34,0.0
20230703:0611,262340.0,139.52,18.67,11.72,4.41,0.0
20230703:0711,735566.0,360.67,27.33,12.97,6.21,0.0
20230703:0811,582062.0,276.34,36.05,13.63,6.34,0.0
20230703:0911,776958.0,363.38,44.38,14.21,6.07,0.0
20230703:1011,358644.0,178.93,51.65,14.69,5.72,0.0
20230703:1111,352950.0,176.15,56.84,14.36,5.72,0.0
20230703:1211,562484.0,269.22,58.72,14.06,5.03,0.0
20230703:1311,1499836.0,698.73,56.66,14.12,4.76,0.0
20230703:1411,1698762.0,792.46,51.34,14.51,5.03,0.0
20230703:1511,1564342.0,725.16,44.0,15.45,5.86,0.0
20230703:1611,1165320.0,540.95,35.65,15.6,7.03,0.0
20230703:1711,677950.0,336.47,26.92,15.12,6.62,0.0
20230703:1811,205530.0,139.84,18.26,14.66,5.93,0.0
20230703:1911,97682.0,60.34,10.04,14.43,5.59,0.0
20230703:2011,0.0,1.75,2.57,13.19,4.83,0.0
20230703:2111,0.0,0.0,0.0,12.27,4.28,0.0
20230703:2211,0.0,0.0,0.0,11.6,4.07,0.0
20230703:2311,0.0,0.0,0.0,11.14,4.28,0.0
20230704:0011,0.0,0.0,0.0,10.83,4.14,0.0
20230704:0111,0.0,0.0,0.0,10.6,4.07,0.0
20230704:0211,0.0,0.0,0.0,10.54,4.14,0.0
20230704:0311,0.0,0.0,0.0,10.4,4.0,0.0
20230704:0411,9308.0,13.12,2.81,10.3,3.79,0.0
20230704:0511,104988.0,62.96,10.32,10.71,3.72,0.0
20230704:0611,219284.0,147.9,18.57,12.02,4.0,0.0
20230704:0711,706472.0,346.55,27.24,13.38,5.86,0.0
20230704:0811,975624.0,452.62,35.96,14.22,6.21,0.0
20230704:0911,694720.0,328.77,44.29,15.26,5.72,0.0
20230704:1011,481156.0,234.87,51.56,16.11,5.59,0.0
20230704:1111,959894.0,451.32,56.75,16.48,5.66,0.0
20230704:1211,2022124.0,962.39,58.63,16.89,5.59,0.0
20230704:1311,1928264.0,916.49,56.59,17.28,5.52,0.0
20230704:1411,1820546.0,862.99,51.29,17.46,5.17,0.0
20230704:1511,1548352.0,730.76,43.96,17.4,4.48,0.0
20230704:1611,1081392.0,513.05,35.61,17.4,4.0,0.0
20230704:1711,434590.0,217.7,26.88,17.16,3.66,0.0
20230704:1811,194298.0,107.25,18.22,16.66,3.1,0.0
20230704:1911,96694.0,60.34,9.99,15.94,2.14,0.0
20230704:2011,1274.0,7.0,2.52,14.9,1.93,0.0
20230704:2111,0.0,0.0,0.0,13.7,2.0,0.0
20230704:2211,0.0,0.0,0.0,12.53,2.14,0.0
20230704:2311,0.0,0.0,0.0,11.7,2.14,0.0
20230705:0011,0.0,0.0,0.0,10.81,2.28,0.0
20230705:0111,0.0,0.0,0.0,10.23,2.28,0.0
20230705:0211,0.0,0.0,0.0,10.14,2.07,0.0
20230705:0311,0.0,0.0,0.0,9.85,2.0,0.0
20230705:0411,0.0,1.75,2.71,9.65,2.21,0.0
20230705:0511,103168.0,62.09,10.22,10.43,2.28,0.0
20230705:0611,259532.0,139.42,18.48,12.35,2.97,0.0
20230705:0711,0.0,0.0,0.0,13.21,3.86,0.0
20230705:0811,1211444.0,564.37,35.87,14.27,4.41,0.0
20230705:0911,1143636.0,532.25,44.19,15.29,5.03,0.0
20230705:1011,505960.0,246.0,51.46,16.06,5.45,0.0
20230705:1111,844168.0,398.01,56.65,15.86,5.24,0.0
20230705:1211,308750.0,157.61,58.54,15.96,5.45,0.0
20230705:1311,235976.0,125.16,56.52,16.65,5.72,0.0
20230705:1411,455884.0,224.36,51.23,16.99,5.86,0.0
20230705:1511,383318.0,191.91,43.91,17.08,5.59,0.0
20230705:1611,521352.0,253.74,35.56,16.95,5.31,0.0
20230705:1711,263536.0,137.87,26.84,16.77,5.24,0.0
20230705:1811,172302.0,96.46,18.18,16.3,4.69,0.0
20230705:1911,71994.0,48.1,9.94,15.8,3.79,0.0
20230705:2011,0.0,5.25,2.46,14.77,3.24,0.0
20230705:2111,0.0,0.0,0.0,13.55,3.03,0.0
20230705:2211,0.0,0.0,0.0,13.04,2.76,0.0
20230705:2311,0.0,0.0,0.0,12.6,2.83,0.0
20230706:0011,0.0,0.0,0.0,12.34,2.83,0.0
20230706:0111,0.0,0.0,0.0,12.18,2.9,0.0
20230706:0211,0.0,0.0,0.0,12.15,2.76,0.0
20230706:0311,0.0,0.0,0.0,12.54,2.76,0.0
20230706:0411,0.0,1.75,2.61,12.3,2.76,0.0
20230706:0511,43862.0,33.23,10.12,12.53,2.83,0.0
20230706:0611,153738.0,86.58,18.38,13.39,3.31,0.0
20230706:0711,229970.0,121.45,27.05,14.47,4.48,0.0
20230706:0811,370422.0,184.72,35.77,14.92,4.21,0.0
20230706:0911,744900.0,353.16,44.09,15.92,4.62,0.0
20230706:1011,1204684.0,566.07,51.35,16.39,4.41,0.0
20230706:1111,1017302.0,480.94,56.55,17.44,4.9,0.0
20230706:1211,1376752.0,651.64,58.45,18.36,5.38,0.0
20230706:1311,1345604.0,637.53,56.44,19.18,5.79,0.0
20230706:1411,508742.0,250.95,51.16,19.38,5.31,0.0
20230706:1511,452634.0,225.77,43.85,19.6,4.9,0.0
20230706:1611,321542.0,166.05,35.51,19.69,5.03,0.0
20230706:1711,472550.0,238.08,26.79,19.28,4.14,0.0
20230706:1811,234676.0,130.18,18.12,18.28,3.52,0.0
20230706:1911,93964.0,59.46,9.88,18.23,4.41,0.0
20230706:2011,5304.0,10.49,2.4,17.81,4.62,0.0
20230706:2111,0.0,0.0,0.0,17.21,4.62,0.0
20230706:2211,0.0,0.0,0.0,16.67,4.9,0.0
20230706:2311,0.0,0.0,0.0,16.03,5.1,0.0
20230707:0011,0.0,0.0,0.0,15.6,5.17,0.0
20230707:0111,0.0,0.0,0.0,15.09,5.17,0.0
20230707:0211,0.0,0.0,0.0,14.76,5.03,0.0
20230707:0311,0.0,0.0,0.0,14.39,4.76,0.0
20230707:0411,0.0,1.75,2.5,13.89,4.48,0.0
20230707:0511,81536.0,52.47,10.02,14.09,4.41,0.0
20230707:0611,236210.0,128.2,18.28,15.0,4.0,0.0
20230707:0711,407342.0,203.68,26.94,16.49,4.97,0.0
20230707:0811,1137162.0,536.86,35.66,17.97,5.31,0.0
20230707:0911,1285960.0,607.99,43.99,19.68,5.79,0.0
20230707:1011,1778270.0,851.75,51.25,20.94,5.93,0.0
20230707:1111,2006212.0,974.94,56.44,21.86,5.79,0.0
20230707:1211,2003794.0,981.05,58.35,22.6,5.52,0.0
20230707:1311,1958424.0,961.11,56.35,23.13,5.24,0.0
20230707:1411,1720368.0,839.41,51.09,23.69,5.1,0.0
20230707:1511,1522170.0,738.27,43.79,24.03,5.1,0.0
20230707:1611,1107886.0,540.08,35.45,24.21,4.97,0.0
20230707:1711,629200.0,328.13,26.73,24.34,4.55,0.0
20230707:1811,195130.0,137.88,18.07,24.11,3.38,0.0
20230707:1911,67600.0,47.22,9.82,23.02,3.24,0.0
20230707:2011,2080.0,7.87,2.33,21.15,3.38,0.0
20230707:2111,0.0,0.0,0.0,19.59,3.59,0.0
20230707:2211,0.0,0.0,0.0,19.0,3.93,0.0
20230707:2311,0.0,0.0,0.0,18.75,4.28,0.0
20230708:0011,0.0,0.0,0.0,18.2,4.07,0.0
20230708:0111,0.0,0.0,0.0,17.5,3.86,0.0
20230708:0211,0.0,0.0,0.0,16.87,3.72,0.0
20230708:0311,0.0,0.0,0.0,16.39,3.59,0.0
20230708:0411,0.0,3.5,2.39,16.06,3.38,0.0
20230708:0511,84032.0,54.22,9.91,16.45,3.24,0.0
20230708:0611,213876.0,141.48,18.17,17.97,3.1,0.0
20230708:0711,504218.0,254.71,26.84,20.31,4.21,0.0
20230708:0811,608972.0,299.54,35.56,21.64,4.97,0.0
20230708:0911,1205646.0,579.55,43.87,22.7,5.38,0.0
20230708:1011,161590.0,93.64,51.13,23.33,5.38,0.0
20230708:1111,335270.0,175.22,56.32,23.5,5.03,0.0
20230708:1211,326170.0,171.51,58.24,24.1,4.76,0.0
20230708:1311,429468.0,220.65,56.25,24.88,4.28,0.0
20230708:1411,263302.0,142.77,51.01,25.05,4.34,0.0
20230708:1511,648752.0,322.9,43.72,24.79,4.34,0.0
20230708:1611,129922.0,78.8,35.39,24.49,4.28,0.0
20230708:1711,101946.0,64.9,26.67,24.18,4.0,0.0
20230708:1811,178412.0,102.67,18.0,23.41,3.93,0.0
20230708:1911,88712.0,57.71,9.75,21.69,2.9,0.0
20230708:2011,0.0,0.87,2.26,20.11,3.17,0.0
20230708:2111,0.0,0.0,0.0,18.96,3.31,0.0
20230708:2211,0.0,0.0,0.0,18.27,3.45,0.0
20230708:2311,0.0,0.0,0.0,17.94,3.03,0.0
20230709:0011,0.0,0.0,0.0,17.58,2.76,0.0
20230709:0111,0.0,0.0,0.0,17.28,2.97,0.0
20230709:0211,0.0,0.0,0.0,17.15,3.17,0.0
20230709:0311,0.0,0.0,0.0,17.21,3.38,0.0
20230709:0411,0.0,0.87,2.27,17.11,3.45,0.0
20230709:0511,76830.0,50.72,9.79,16.82,3.45,0.0
20230709:0611,246558.0,139.01,18.05,16.56,2.69,0.0
20230709:0711,502892.0,251.57,26.72,16.98,2.28,0.0
20230709:0811,666770.0,323.5,35.44,17.94,2.48,0.0
20230709:0911,268788.0,141.85,43.76,18.76,2.55,0.0
20230709:1011,831714.0,403.07,51.01,19.64,2.62,0.0
20230709:1111,937924.0,454.22,56.2,20.42,3.1,0.0
20230709:1211,1509404.0,735.03,58.12,20.96,3.45,0.0
20230709:1311,1932268.0,953.06,56.15,21.49,3.79,0.0
20230709:1411,1747460.0,852.86,50.92,21.52,3.86,0.0
20230709:1511,1370018.0,660.33,43.65,21.14,3.72,0.0
20230709:1611,867672.0,421.36,35.32,21.25,3.59,0.0
20230709:1711,591214.0,302.3,26.6,21.19,3.52,0.0
20230709:1811,21372.0,21.32,17.93,19.55,3.93,0.0
20230709:1911,35906.0,29.73,9.68,19.45,2.69,0.0
20230709:2011,0.0,0.87,2.17,18.5,3.03,0.0
20230709:2111,0.0,0.0,0.0,17.49,3.17,0.0
20230709:2211,0.0,0.0,0.0,16.06,2.83,0.0
20230709:2311,0.0,0.0,0.0,15.08,2.55,0.0
20230710:0011,0.0,0.0,0.0,14.22,2.48,0.0
20230710:0111,0.0,0.0,0.0,13.65,2.28,0.0
20230710:0211,0.0,0.0,0.0,13.01,2.21,0.0
20230710:0311,0.0,0.0,0.0,12.61,2.14,0.0
20230710:0411,0.0,1.75,2.15,12.13,2.14,0.0
20230710:0511,71318.0,47.22,9.67,12.64,2.0,0.0
20230710:0611,210548.0,114.81,17.94,14.3,2.14,0.0
20230710:0711,480272.0,238.82,26.61,15.6,2.41,0.0
20230710:0811,1197170.0,569.27,35.33,16.9,3.17,0.0
20230710:0911,1196832.0,566.98,43.64,18.35,4.21,0.0
20230710:1011,958074.0,457.83,50.89,19.3,4.41,0.0
20230710:1111,1068236.0,510.31,56.08,20.17,5.24,0.0
20230710:1211,946010.0,453.59,58.0,20.4,5.38,0.0
20230710:1311,302094.0,156.68,56.04,18.63,4.0,0.0
20230710:1411,615420.0,299.16,50.83,18.05,3.45,0.0
20230710:1511,735202.0,352.15,43.57,18.22,4.83,0.0
20230710:1611,302770.0,155.75,35.25,17.1,5.03,0.0
20230710:1711,119418.0,71.39,26.53,17.0,5.45,0.0
20230710:1811,98020.0,61.19,17.86,17.38,6.0,0.0
20230710:1911,11414.0,14.87,9.6,17.59,5.72,0.0
20230710:2011,0.0,0.87,2.09,17.06,5.31,0.0
20230710:2111,0.0,0.0,0.0,16.48,4.97,0.0
20230710:2211,0.0,0.0,0.0,15.92,4.55,0.0
20230710:2311,0.0,0.0,0.0,15.15,4.48,0.0
20230711:0011,0.0,0.0,0.0,14.88,4.34,0.0
20230711:0111,0.0,0.0,0.0,14.52,3.72,0.0
20230711:0211,0.0,0.0,0.0,14.39,3.79,0.0
20230711:0311,0.0,0.0,0.0,14.2,2.97,0.0
20230711:0411,0.0,0.87,2.02,14.07,2.14,0.0
20230711:0511,19994.0,20.11,9.55,14.28,1.79,0.0
20230711:0611,169000.0,94.65,17.81,14.88,1.93,0.0
20230711:0711,252486.0,132.46,26.49,15.84,4.07,0.0
20230711:0811,881504.0,415.84,35.21,16.43,5.1,0.0
20230711:0911,1133210.0,529.66,43.52,16.89,5.72,0.0
20230711:1011,1024036.0,482.32,50.76,17.57,5.59,0.0
20230711:1111,757744.0,362.86,55.94,18.43,5.52,0.0
20230711:1211,1083758.0,513.84,57.87,18.66,5.38,0.0
20230711:1311,326066.0,167.81,55.93,19.22,4.97,0.0
20230711:1411,1447498.0,685.96,50.73,18.73,5.1,0.0
20230711:1511,445380.0,220.23,43.48,17.46,5.24,0.0
20230711:1611,550966.0,268.21,35.17,17.59,4.55,0.0
20230711:1711,557102.0,277.68,26.45,17.26,4.34,0.0
20230711:1811,197184.0,137.16,17.78,17.04,4.14,0.0
20230711:1911,68146.0,46.35,9.51,16.82,3.86,0.0
20230711:2011,3198.0,8.74,1.99,15.82,3.66,0.0
20230711:2111,0.0,0.0,0.0,14.65,3.45,0.0
20230711:2211,0.0,0.0,0.0,13.83,3.24,0.0
20230711:2311,0.0,0.0,0.0,13.13,3.17,0.0
20230712:0011,0.0,0.0,0.0,12.64,3.1,0.0
20230712:0111,0.0,0.0,0.0,12.43,3.17,0.0
20230712:0211,0.0,0.0,0.0,12.44,3.24,0.0
20230712:0311,0.0,0.0,0.0,12.4,3.24,0.0
20230712:0411,0.0,0.87,1.89,12.3,3.45,0.0
20230712:0511,34008.0,27.98,9.42,12.91,3.72,0.0
20230712:0611,101660.0,62.12,17.69,13.82,4.28,0.0
20230712:0711,482222.0,237.15,26.36,14.88,6.07,0.0
20230712:0811,331630.0,167.0,35.08,14.87,5.86,0.0
20230712:0911,513864.0,248.19,43.39,15.33,6.34,0.0
20230712:1011,416754.0,205.82,50.63,16.16,6.69,0.0
20230712:1111,659308.0,314.98,55.81,16.67,6.41,0.0
20230712:1211,1000090.0,469.88,57.74,17.11,6.41,0.0
20230712:1311,1429090.0,668.12,55.81,17.2,6.69,0.0
20230712:1411,457756.0,225.29,50.63,17.34,6.69,0.0
20230712:1511,812890.0,384.01,43.39,17.32,6.62,0.0
20230712:1611,487864.0,238.58,35.08,17.33,6.69,0.0
20230712:1711,181012.0,100.13,26.36,16.9,6.0,0.0
20230712:1811,243230.0,138.75,17.69,16.53,5.72,0.0
20230712:1911,77220.0,50.72,9.42,15.98,4.69,0.0
20230712:2011,0.0,0.87,1.89,15.26,4.62,0.0
20230712:2111,0.0,0.0,0.0,14.37,4.07,0.0
20230712:2211,0.0,0.0,0.0,13.55,3.79,0.0
20230712:2311,0.0,0.0,0.0,13.16,3.72,0.0
20230713:0011,0.0,0.0,0.0,12.77,3.66,0.0
20230713:0111,0.0,0.0,0.0,12.7,3.45,0.0
20230713:0211,0.0,0.0,0.0,12.68,3.31,0.0
20230713:0311,0.0,0.0,0.0,12.39,3.17,0.0
20230713:0411,0.0,0.87,1.75,12.05,2.97,0.0
20230713:0511,83954.0,53.34,9.29,12.45,2.97,0.0
20230713:0611,206310.0,137.18,17.56,13.36,3.72,0.0
20230713:0711,551668.0,272.15,26.24,14.6,3.45,0.0
20230713:0811,1100034.0,516.8,34.95,15.74,4.28,0.0
20230713:0911,1402804.0,658.43,43.26,16.44,4.34,0.0
20230713:1011,1692314.0,801.56,50.49,16.97,4.55,0.0
20230713:1111,1446172.0,683.35,55.66,17.45,4.9,0.0
20230713:1211,1671696.0,794.53,57.6,18.06,5.24,0.0
20230713:1311,1606332.0,763.19,55.68,18.15,5.03,0.0
20230713:1411,968448.0,459.84,50.51,18.42,4.9,0.0
20230713:1511,728780.0,350.16,43.29,18.51,4.41,0.0
20230713:1611,759304.0,365.0,34.99,18.64,4.21,0.0
20230713:1711,528320.0,264.64,26.27,18.31,4.14,0.0
20230713:1811,236548.0,140.73,17.6,17.77,3.79,0.0
20230713:1911,87230.0,55.97,9.32,17.17,2.83,0.0
20230713:2011,0.0,0.87,1.78,16.14,2.41,0.0
20230713:2111,0.0,0.0,0.0,14.74,2.07,0.0
20230713:2211,0.0,0.0,0.0,13.65,1.93,0.0
20230713:2311,0.0,0.0,0.0,12.64,1.86,0.0
20230714:0011,0.0,0.0,0.0,12.51,1.79,0.0
20230714:0111,0.0,0.0,0.0,12.32,2.0,0.0
20230714:0211,0.0,0.0,0.0,12.34,2.07,0.0
20230714:0311,0.0,0.0,0.0,12.11,2.07,0.0
20230714:0411,0.0,0.87,1.61,12.01,2.07,0.0
20230714:0511,60944.0,41.97,9.15,12.23,1.93,0.0
20230714:0611,49166.0,36.16,17.43,13.63,2.14,0.0
20230714:0711,190346.0,103.84,26.1,14.87,2.83,0.0
20230714:0811,537446.0,260.71,34.82,15.88,3.59,0.0
20230714:0911,500162.0,244.51,43.12,16.76,4.34,0.0
20230714:1011,464984.0,229.32,50.34,17.33,4.41,0.0
20230714:1111,970242.0,459.92,55.51,17.87,4.9,0.0
20230714:1211,544466.0,264.07,57.45,16.63,5.17,0.0
20230714:1311,578500.0,278.72,55.54,15.96,4.83,0.0
20230714:1411,290082.0,149.26,50.4,16.01,5.38,0.0
20230714:1511,174330.0,96.42,43.18,15.42,6.69,0.0
20230714:1611,124566.0,73.24,34.89,15.11,6.83,0.0
20230714:1711,122642.0,72.31,26.18,15.05,6.69,0.0
20230714:1811,91468.0,57.48,17.5,15.19,6.9,0.0
20230714:1911,6578.0,11.37,9.21,15.13,6.97,0.0
20230714:2011,0.0,1.75,1.67,15.44,6.21,0.0
20230714:2111,0.0,0.0,0.0,15.86,5.24,0.0
20230714:2211,0.0,0.0,0.0,16.31,4.83,0.0
20230714:2311,0.0,0.0,0.0,16.56,4.9,0.0
20230715:0011,0.0,0.0,0.0,16.14,4.97,0.0
20230715:0111,0.0,0.0,0.0,15.27,4.69,0.0
20230715:0211,0.0,0.0,0.0,14.43,4.62,0.0
20230715:0311,0.0,0.0,0.0,13.84,4.62,0.0
20230715:0411,0.0,0.87,1.47,13.66,4.69,0.0
20230715:0511,38662.0,30.61,9.01,13.87,4.69,0.0
20230715:0611,236236.0,132.36,17.29,14.56,4.62,0.0
20230715:0711,337298.0,170.34,25.97,15.21,6.14,0.0
20230715:0811,587808.0,282.13,34.68,16.08,5.86,0.0
20230715:0911,424658.0,210.71,42.98,17.53,6.14,0.0
20230715:1011,552474.0,266.53,50.2,16.44,6.97,0.0
20230715:1111,1511172.0,708.44,55.36,17.07,6.07,0.0
20230715:1211,635934.0,306.91,57.29,18.5,6.62,0.0
20230715:1311,2076958.0,972.28,55.4,16.28,7.38,0.0
20230715:1411,1527370.0,712.04,50.27,17.1,6.83,0.0
20230715:1511,674362.0,322.65,43.07,17.76,6.41,0.0
20230715:1611,287222.0,148.34,34.78,16.78,6.28,0.0
20230715:1711,508404.0,252.14,26.07,17.04,6.69,0.0
20230715:1811,102726.0,63.04,17.39,15.72,6.48,0.0
20230715:1911,80912.0,52.47,9.1,15.79,7.17,0.0
20230715:2011,0.0,0.87,1.55,15.35,7.17,0.0
20230715:2111,0.0,0.0,0.0,14.95,7.31,0.0
20230715:2211,0.0,0.0,0.0,14.72,7.17,0.0
20230715:2311,0.0,0.0,0.0,14.58,6.97,0.0
20230716:0011,0.0,0.0,0.0,14.43,6.34,0.0
20230716:0111,0.0,0.0,0.0,14.37,5.79,0.0
20230716:0211,0.0,0.0,0.0,14.42,5.52,0.0
20230716:0311,0.0,0.0,0.0,14.29,5.66,0.0
20230716:0411,0.0,0.87,1.32,14.19,6.41,0.0
20230716:0511,5460.0,10.49,8.87,13.94,6.69,0.0
20230716:0611,20540.0,20.4,17.15,13.92,6.62,0.0
20230716:0711,352716.0,176.55,25.83,14.28,6.9,0.0
20230716:0811,730886.0,342.63,34.54,14.28,6.9,0.0
20230716:0911,831740.0,387.16,42.83,14.91,7.72,0.0
20230716:1011,1216592.0,563.02,50.04,16.25,7.93,0.0
20230716:1111,1596322.0,741.57,55.2,16.93,8.14,0.0
20230716:1211,1288976.0,599.81,57.14,17.24,8.14,0.0
20230716:1311,1550172.0,721.84,55.26,17.16,7.72,0.0
20230716:1411,1002222.0,469.27,50.14,17.64,7.86,0.0
20230716:1511,1519128.0,707.5,42.95,17.62,6.83,0.0
20230716:1611,988754.0,465.34,34.67,17.65,6.55,0.0
20230716:1711,465764.0,231.86,25.96,16.95,5.72,0.0
20230716:1811,131586.0,76.95,17.28,16.24,4.9,0.0
20230716:1911,70356.0,47.22,8.99,15.51,4.21,0.0
20230716:2011,0.0,0.87,1.43,14.73,3.93,0.0
20230716:2111,0.0,0.0,0.0,13.72,3.66,0.0
20230716:2211,0.0,0.0,0.0,13.29,3.72,0.0
20230716:2311,0.0,0.0,0.0,12.89,3.66,0.0
20230717:0011,0.0,0.0,0.0,12.55,3.52,0.0
20230717:0111,0.0,0.0,0.0,12.38,3.31,0.0
20230717:0211,0.0,0.0,0.0,12.45,3.45,0.0
20230717:0311,0.0,0.0,0.0,12.58,3.59,0.0
20230717:0411,0.0,0.0,0.0,12.74,3.38,0.0
20230717:0511,80210.0,51.59,8.72,12.82,3.24,0.0
20230717:0611,205738.0,112.2,17.01,13.22,3.59,0.0
20230717:0711,148564.0,84.37,25.69,14.5,3.86,0.0
20230717:0811,1112384.0,520.85,34.4,15.59,4.83,0.0
20230717:0911,890760.0,418.02,42.68,16.1,5.45,0.0
20230717:1011,991952.0,465.6,49.89,16.4,5.24,0.0
20230717:1111,1169246.0,549.85,55.03,17.06,5.17,0.0
20230717:1211,1063140.0,501.77,56.97,17.58,5.31,0.0
20230717:1311,1296178.0,610.37,55.1,17.67,5.45,0.0
20230717:1411,1181388.0,555.94,50.0,17.86,5.52,0.0
20230717:1511,778518.0,370.57,42.83,17.81,5.31,0.0
20230717:1611,743210.0,355.03,34.56,17.75,5.17,0.0
20230717:1711,458510.0,229.57,25.85,17.73,4.83,0.0
20230717:1811,201292.0,135.23,17.16,17.36,4.48,0.0
20230717:1911,78728.0,51.59,8.86,16.5,3.66,0.0
20230717:2011,0.0,0.0,0.0,15.24,3.17,0.0
20230717:2111,0.0,0.0,0.0,13.92,2.83,0.0
20230717:2211,0.0,0.0,0.0,13.18,2.69,0.0
20230717:2311,0.0,0.0,0.0,12.69,2.62,0.0
20230718:0011,0.0,0.0,0.0,12.18,2.41,0.0
20230718:0111,0.0,0.0,0.0,11.39,2.14,0.0
20230718:0211,0.0,0.0,0.0,10.48,1.79,0.0
20230718:0311,0.0,0.0,0.0,9.5,1.66,0.0
20230718:0411,0.0,0.0,0.0,8.96,1.66,0.0
20230718:0511,2340.0,7.87,8.56,9.67,1.24,0.0
20230718:0611,211406.0,116.15,16.86,12.58,1.1,0.0
20230718:0711,339534.0,172.08,25.54,14.27,1.66,0.0
20230718:0811,631566.0,303.84,34.25,15.17,2.14,0.0
20230718:0911,600652.0,290.19,42.53,15.81,2.41,0.0
20230718:1011,692744.0,332.33,49.72,15.93,2.62,0.0
20230718:1111,946894.0,449.86,54.86,15.96,2.69,0.0
20230718:1211,445614.0,220.65,56.8,16.56,2.83,0.0
20230718:1311,241124.0,127.94,54.94,16.78,3.03,0.0
20230718:1411,237432.0,126.09,49.86,16.57,3.31,0.0
20230718:1511,232752.0,123.31,42.7,15.33,3.38,0.0
20230718:1611,554762.0,268.47,34.43,14.99,2.34,0.0
20230718:1711,369746.0,186.38,25.73,14.84,1.93,0.0
20230718:1811,43602.0,33.38,17.04,14.72,1.79,0.0
20230718:1911,7826.0,12.24,8.73,14.18,1.72,0.0
20230718:2011,0.0,0.0,0.0,13.92,1.66,0.0
20230718:2111,0.0,0.0,0.0,13.7,1.66,0.0
20230718:2211,0.0,0.0,0.0,13.55,1.52,0.0
20230718:2311,0.0,0.0,0.0,13.41,1.31,0.0
20230719:0011,0.0,0.0,0.0,13.23,1.1,0.0
20230719:0111,0.0,0.0,0.0,12.97,0.9,0.0
20230719:0211,0.0,0.0,0.0,13.03,0.62,0.0
20230719:0311,0.0,0.0,0.0,12.68,0.9,0.0
20230719:0411,0.0,0.0,0.0,12.21,1.45,0.0
20230719:0511,73086.0,48.1,8.41,12.56,1.45,0.0
20230719:0611,200980.0,110.62,16.71,13.45,1.66,0.0
20230719:0711,585806.0,291.07,25.39,13.74,2.41,0.0
20230719:0811,879372.0,415.87,34.1,14.45,2.48,0.0
20230719:0911,1048996.0,495.14,42.37,15.03,2.34,0.0
20230719:1011,1336088.0,639.39,49.56,16.44,2.14,0.0
20230719:1111,1027728.0,493.17,54.69,17.1,1.93,0.0
20230719:1211,1341340.0,649.58,56.62,17.67,1.86,0.0
20230719:1311,1734148.0,860.9,54.77,17.98,1.45,0.0
20230719:1411,561756.0,277.53,49.71,18.53,1.31,0.0
20230719:1511,399282.0,202.38,42.56,18.51,1.1,0.0
20230719:1611,683098.0,335.46,34.3,17.72,0.21,0.0
20230719:1711,366210.0,188.22,25.6,17.53,0.14,0.0
20230719:1811,59124.0,41.72,16.91,16.22,0.83,0.0
20230719:1911,5382.0,10.49,8.6,15.71,0.48,0.0
20230719:2011,0.0,0.0,0.0,14.41,0.41,0.0
20230719:2111,0.0,0.0,0.0,13.54,0.97,0.0
20230719:2211,0.0,0.0,0.0,12.67,0.9,0.0
20230719:2311,0.0,0.0,0.0,12.02,1.03,0.0
20230720:0011,0.0,0.0,0.0,11.6,1.45,0.0
20230720:0111,0.0,0.0,0.0,10.57,1.93,0.0
20230720:0211,0.0,0.0,0.0,10.18,1.93,0.0
20230720:0311,0.0,0.0,0.0,9.75,2.14,0.0
20230720:0411,0.0,0.0,0.0,9.37,2.21,0.0
20230720:0511,37908.0,29.73,8.25,9.51,2.07,0.0
20230720:0611,193908.0,106.01,16.55,11.57,1.93,0.0
20230720:0711,480246.0,237.64,25.24,13.98,2.83,0.0
20230720:0811,1041976.0,490.98,33.95,15.05,3.24,0.0
20230720:0911,1505504.0,709.56,42.21,15.97,3.59,0.0
20230720:1011,1400230.0,663.1,49.39,16.44,3.45,0.0
20230720:1111,1106690.0,525.71,54.51,17.04,3.31,0.0
20230720:1211,1099072.0,524.44,56.44,17.6,3.1,0.0
20230720:1311,1569360.0,755.03,54.6,17.81,3.17,0.0
20230720:1411,252096.0,133.5,49.55,17.87,3.31,0.0
20230720:1511,483574.0,238.78,42.42,17.78,3.17,0.0
20230720:1611,307346.0,158.54,34.17,17.61,3.38,0.0
20230720:1711,258596.0,136.11,25.47,17.07,3.38,0.0
20230720:1811,43160.0,33.38,16.77,16.74,3.17,0.0
20230720:1911,15600.0,17.49,8.46,15.5,2.62,0.0
20230720:2011,0.0,0.0,0.0,14.9,2.48,0.0
20230720:2111,0.0,0.0,0.0,14.04,2.21,0.0
20230720:2211,0.0,0.0,0.0,12.99,2.14,0.0
20230720:2311,0.0,0.0,0.0,12.11,2.34,0.0
20230721:0011,0.0,0.0,0.0,11.9,2.48,0.0
20230721:0111,0.0,0.0,0.0,11.41,2.69,0.0
20230721:0211,0.0,0.0,0.0,11.32,2.76,0.0
20230721:0311,0.0,0.0,0.0,11.2,2.69,0.0
20230721:0411,0.0,0.0,0.0,11.08,2.69,0.0
20230721:0511,28002.0,24.48,8.09,10.96,2.69,0.0
20230721:0611,144742.0,82.25,16.39,12.08,2.55,0.0
20230721:0711,147290.0,83.44,25.08,13.27,2.76,0.0
20230721:0811,283634.0,145.56,33.79,14.02,3.1,0.0
20230721:0911,762970.0,361.03,42.05,14.75,3.17,0.0
20230721:1011,591188.0,284.82,49.21,15.15,2.9,0.0
20230721:1111,1325948.0,630.97,54.32,15.8,2.55,0.0
20230721:1211,405912.0,203.04,56.25,16.89,2.62,0.0
20230721:1311,999960.0,478.29,54.42,17.45,2.62,0.0
20230721:1411,793416.0,381.51,49.39,17.61,2.55,0.0
20230721:1511,1046188.0,499.14,42.27,17.67,2.62,0.0
20230721:1611,841412.0,400.67,34.03,17.3,4.0,0.0
20230721:1711,313040.0,160.67,25.33,16.73,4.62,0.0
20230721:1811,190112.0,105.9,16.63,16.34,4.07,0.0
20230721:1911,16978.0,18.36,8.31,15.59,2.14,0.0
20230721:2011,0.0,0.0,0.0,14.88,2.55,0.0
20230721:2111,0.0,0.0,0.0,14.37,2.62,0.0
20230721:2211,0.0,0.0,0.0,13.89,2.69,0.0
20230721:2311,0.0,0.0,0.0,13.48,2.34,0.0
20230722:0011,0.0,0.0,0.0,13.11,1.72,0.0
20230722:0111,0.0,0.0,0.0,12.83,1.59,0.0
20230722:0211,0.0,0.0,0.0,12.72,2.21,0.0
20230722:0311,0.0,0.0,0.0,12.55,2.76,0.0
20230722:0411,0.0,0.0,0.0,12.52,3.03,0.0
20230722:0511,6682.0,11.37,7.92,12.66,3.03,0.0
20230722:0611,124046.0,72.65,16.23,12.81,3.03,0.0
20230722:0711,80756.0,51.92,24.92,13.12,3.17,0.0
20230722:0811,266188.0,137.21,33.63,13.34,3.72,0.0
20230722:0911,364156.0,180.79,41.88,13.58,4.62,0.0
20230722:1011,436722.0,213.23,49.03,13.59,4.0,0.0
20230722:1111,321698.0,162.24,54.13,13.85,4.07,0.0
20230722:1211,462618.0,225.29,56.05,14.15,4.07,0.0
20230722:1311,358098.0,178.93,54.24,14.49,4.14,0.0
20230722:1411,268554.0,139.07,49.22,14.7,3.72,0.0
20230722:1511,313560.0,159.46,42.11,14.88,3.45,0.0
20230722:1611,294710.0,151.12,33.88,15.04,3.38,0.0
20230722:1711,156052.0,88.08,25.18,14.98,2.97,0.0
20230722:1811,91312.0,57.48,16.49,15.01,2.48,0.0
20230722:1911,56394.0,40.23,8.16,15.9,2.34,0.0
20230722:2011,0.0,0.0,0.0,15.48,2.48,0.0
20230722:2111,0.0,0.0,0.0,15.01,2.34,0.0
20230722:2211,0.0,0.0,0.0,14.79,2.07,0.0
20230722:2311,0.0,0.0,0.0,14.51,2.07,0.0
20230723:0011,0.0,0.0,0.0,14.52,1.93,0.0
20230723:0111,0.0,0.0,0.0,14.46,1.86,0.0
20230723:0211,0.0,0.0,0.0,14.41,2.07,0.0
20230723:0311,0.0,0.0,0.0,14.37,2.28,0.0
20230723:0411,0.0,0.0,0.0,14.34,2.48,0.0
20230723:0511,48412.0,35.85,7.75,14.32,2.48,0.0
20230723:0611,17420.0,18.54,16.07,14.34,2.62,0.0
20230723:0711,168350.0,93.64,24.76,14.59,2.69,0.0
20230723:0811,282594.0,145.56,33.46,14.69,2.9,0.0
20230723:0911,356980.0,178.93,41.71,14.78,3.24,0.0
20230723:1011,369122.0,184.49,48.85,14.99,3.38,0.0
20230723:1111,496418.0,241.44,53.93,15.01,3.72,0.0
20230723:1211,474604.0,231.78,55.85,15.34,4.21,0.0
20230723:1311,508014.0,246.08,54.05,15.18,5.17,0.0
20230723:1411,330772.0,166.88,49.04,14.99,5.03,0.0
20230723:1511,473850.0,230.49,41.95,14.83,4.76,0.0
20230723:1611,298220.0,152.05,33.73,14.57,5.1,0.0
20230723:1711,244296.0,127.79,25.03,14.28,5.59,0.0
20230723:1811,133588.0,77.31,16.33,13.83,5.31,0.0
20230723:1911,67574.0,45.47,8.0,13.62,5.52,0.0
20230723:2011,0.0,0.0,0.0,13.31,5.24,0.0
20230723:2111,0.0,0.0,0.0,13.09,4.9,0.0
20230723:2211,0.0,0.0,0.0,12.9,4.83,0.0
20230723:2311,0.0,0.0,0.0,12.67,4.83,0.0
20230724:0011,0.0,0.0,0.0,12.36,4.69,0.0
20230724:0111,0.0,0.0,0.0,12.25,4.69,0.0
20230724:0211,0.0,0.0,0.0,11.93,4.83,0.0
20230724:0311,0.0,0.0,0.0,11.54,4.83,0.0
20230724:0411,0.0,0.0,0.0,11.21,4.69,0.0
20230724:0511,64922.0,43.72,7.58,11.05,4.76,0.0
20230724:0611,216164.0,122.98,15.9,11.33,5.31,0.0
20230724:0711,504322.0,246.39,24.6,12.24,5.66,0.0
20230724:0811,712062.0,333.29,33.29,13.36,6.34,0.0
20230724:0911,500656.0,241.02,41.53,14.05,6.14,0.0
20230724:1011,1001598.0,465.12,48.66,14.79,6.0,0.0
20230724:1111,1922570.0,904.72,53.73,15.46,5.52,0.0
20230724:1211,1048892.0,491.47,55.65,15.86,5.1,0.0
20230724:1311,2047318.0,976.44,53.85,15.97,4.69,0.0
20230724:1411,1724944.0,817.38,48.86,16.48,4.28,0.0
20230724:1511,776516.0,369.18,41.78,16.52,3.79,0.0
20230724:1611,937066.0,444.45,33.57,16.19,3.17,0.0
20230724:1711,582998.0,291.43,24.88,15.48,2.69,0.0
20230724:1811,180830.0,101.3,16.17,15.03,2.41,0.0
20230724:1911,67158.0,45.47,7.83,14.42,1.79,0.0
20230724:2011,0.0,0.0,0.0,13.54,1.79,0.0
20230724:2111,0.0,0.0,0.0,12.36,1.79,0.0
20230724:2211,0.0,0.0,0.0,11.53,1.72,0.0
20230724:2311,0.0,0.0,0.0,11.02,1.66,0.0
20230725:0011,0.0,0.0,0.0,10.57,1.59,0.0
20230725:0111,0.0,0.0,0.0,9.73,1.52,0.0
20230725:0211,0.0,0.0,0.0,8.94,1.38,0.0
20230725:0311,0.0,0.0,0.0,8.16,1.66,0.0
20230725:0411,0.0,0.0,0.0,7.7,2.0,0.0
20230725:0511,22204.0,20.99,7.4,8.37,1.86,0.0
20230725:0611,203138.0,111.95,15.73,10.64,1.86,0.0
20230725:0711,628576.0,315.02,24.43,12.87,2.48,0.0
20230725:0811,1151176.0,542.61,33.12,14.49,2.83,0.0
20230725:0911,1473862.0,695.58,41.36,15.55,3.1,0.0
20230725:1011,998712.0,472.67,48.47,16.1,3.03,0.0
20230725:1111,614796.0,297.8,53.53,16.99,3.17,0.0
20230725:1211,1075594.0,512.43,55.44,17.23,3.03,0.0
20230725:1311,852046.0,407.96,53.65,17.61,3.1,0.0
20230725:1411,1393938.0,665.78,48.68,18.12,3.38,0.0
20230725:1511,797238.0,379.28,41.61,16.5,3.31,0.0
20230725:1611,734760.0,349.86,33.4,16.46,4.41,0.0
20230725:1711,541294.0,268.65,24.71,15.66,4.83,0.0
20230725:1811,163488.0,92.23,16.01,15.03,3.86,0.0
20230725:1911,32006.0,27.11,7.66,15.2,3.38,0.0
20230725:2011,0.0,0.0,0.0,14.35,3.17,0.0
20230725:2111,0.0,0.0,0.0,13.51,3.17,0.0
20230725:2211,0.0,0.0,0.0,12.69,3.1,0.0
20230725:2311,0.0,0.0,0.0,12.08,3.1,0.0
20230726:0011,0.0,0.0,0.0,11.95,3.03,0.0
20230726:0111,0.0,0.0,0.0,11.79,3.1,0.0
20230726:0211,0.0,0.0,0.0,12.15,3.03,0.0
20230726:0311,0.0,0.0,0.0,12.25,2.76,0.0
20230726:0411,0.0,0.0,0.0,11.99,2.41,0.0
20230726:0511,20280.0,20.11,7.22,11.81,2.21,0.0
20230726:0611,163384.0,118.16,15.55,12.71,2.0,0.0
20230726:0711,631020.0,318.58,24.25,14.4,3.45,0.0
20230726:0811,866034.0,408.12,32.95,15.81,4.76,0.0
20230726:0911,1432834.0,674.61,41.17,17.03,4.21,0.0
20230726:1011,1005836.0,477.38,48.28,18.01,4.14,0.0
20230726:1111,1177592.0,560.06,53.32,18.56,4.21,0.0
20230726:1211,1137448.0,541.87,55.22,18.91,4.34,0.0
20230726:1311,1280656.0,610.69,53.44,18.91,4.14,0.0
20230726:1411,1820962.0,877.7,48.48,19.6,4.34,0.0
20230726:1511,1028300.0,489.9,41.43,19.95,4.83,0.0
20230726:1611,297336.0,155.0,33.23,19.52,4.41,0.0
20230726:1711,179140.0,100.13,24.54,18.72,4.41,0.0
20230726:1811,48308.0,36.16,15.84,17.16,4.0,0.0
20230726:1911,7748.0,12.24,7.49,15.74,3.45,0.0
20230726:2011,0.0,0.0,0.0,14.89,3.45,0.0
20230726:2111,0.0,0.0,0.0,14.57,3.86,0.0
20230726:2211,0.0,0.0,0.0,14.37,4.21,0.0
20230726:2311,0.0,0.0,0.0,14.21,4.0,0.0
20230727:0011,0.0,0.0,0.0,14.09,3.59,0.0
20230727:0111,0.0,0.0,0.0,13.96,3.31,0.0
20230727:0211,0.0,0.0,0.0,14.04,3.31,0.0
20230727:0311,0.0,0.0,0.0,14.17,2.83,0.0
20230727:0411,0.0,0.0,0.0,14.35,2.34,0.0
20230727:0511,27430.0,24.48,7.04,14.57,2.21,0.0
20230727:0611,98982.0,61.19,15.38,14.88,2.0,0.0
20230727:0711,315406.0,162.3,24.08,15.63,1.52,0.0
20230727:0811,629876.0,304.78,32.77,16.38,2.07,0.0
20230727:0911,734786.0,352.5,40.99,17.07,2.69,0.0
20230727:1011,1216722.0,579.33,48.08,17.93,3.24,0.0
20230727:1111,584480.0,285.35,53.1,18.42,3.66,0.0
20230727:1211,360490.0,183.57,55.0,19.08,4.28,0.0
20230727:1311,774514.0,372.89,53.22,19.22,4.34,0.0
20230727:1411,923780.0,441.12,48.28,19.05,4.28,0.0
20230727:1511,807248.0,386.99,41.24,18.99,4.0,0.0
20230727:1611,518102.0,255.22,33.05,18.98,3.93,0.0
20230727:1711,486668.0,247.16,24.37,19.26,3.66,0.0
20230727:1811,200356.0,121.25,15.66,19.12,2.83,0.0
20230727:1911,58838.0,41.97,7.3,19.08,3.52,0.0
20230727:2011,0.0,0.0,0.0,17.83,3.45,0.0
20230727:2111,0.0,0.0,0.0,16.7,3.1,0.0
20230727:2211,0.0,0.0,0.0,15.96,2.9,0.0
20230727:2311,0.0,0.0,0.0,15.25,2.62,0.0
20230728:0011,0.0,0.0,0.0,14.85,2.21,0.0
20230728:0111,0.0,0.0,0.0,14.52,2.07,0.0
20230728:0211,0.0,0.0,0.0,14.17,2.07,0.0
20230728:0311,0.0,0.0,0.0,14.15,1.86,0.0
20230728:0411,0.0,0.0,0.0,13.82,1.79,0.0
20230728:0511,5460.0,10.49,6.85,13.78,1.59,0.0
20230728:0611,197964.0,115.65,15.2,15.43,1.45,0.0
20230728:0711,430950.0,218.19,23.9,16.88,2.41,0.0
20230728:0811,669916.0,323.84,32.59,17.6,2.9,0.0
20230728:0911,575172.0,280.78,40.8,18.58,3.72,0.0
20230728:1011,1235884.0,589.09,47.87,19.62,4.41,0.0
20230728:1111,809692.0,390.77,52.88,20.38,4.69,0.0
20230728:1211,956514.0,459.84,54.77,20.77,4.83,0.0
20230728:1311,996528.0,478.82,53.0,20.94,4.83,0.0
20230728:1411,1391702.0,667.69,48.08,21.11,4.76,0.0
20230728:1511,979056.0,469.42,41.05,20.9,4.62,0.0
20230728:1611,485342.0,241.83,32.87,20.57,4.28,0.0
20230728:1711,427960.0,219.0,24.19,20.27,3.59,0.0
20230728:1811,77974.0,51.92,15.48,19.82,2.41,0.0
20230728:1911,47138.0,35.85,7.11,19.3,2.21,0.0
20230728:2011,0.0,0.0,0.0,18.37,2.28,0.0
20230728:2111,0.0,0.0,0.0,17.55,2.41,0.0
20230728:2211,0.0,0.0,0.0,16.81,2.41,0.0
20230728:2311,0.0,0.0,0.0,16.29,2.48,0.0
20230729:0011,0.0,0.0,0.0,15.88,2.62,0.0
20230729:0111,0.0,0.0,0.0,15.51,2.97,0.0
20230729:0211,0.0,0.0,0.0,15.26,3.38,0.0
20230729:0311,0.0,0.0,0.0,14.91,3.45,0.0
20230729:0411,0.0,0.0,0.0,14.67,3.52,0.0
20230729:0511,14300.0,16.61,6.66,14.62,3.66,0.0
20230729:0611,153686.0,88.11,15.02,14.94,3.38,0.0
20230729:0711,581100.0,291.56,23.72,15.25,5.1,0.0
20230729:0811,621660.0,296.61,32.41,15.38,5.31,0.0
20230729:0911,375518.0,187.58,40.61,15.99,5.17,0.0
20230729:1011,1197300.0,560.66,47.67,17.11,5.59,0.0
20230729:1111,1665066.0,785.04,52.66,17.62,5.86,0.0
20230729:1211,2046148.0,975.07,54.54,18.38,6.34,0.0
20230729:1311,1845246.0,874.0,52.77,18.37,6.34,0.0
20230729:1411,1211834.0,569.04,47.86,18.62,6.69,0.0
20230729:1511,1506258.0,705.17,40.85,18.52,6.55,0.0
20230729:1611,165776.0,93.64,32.68,18.4,6.48,0.0
20230729:1711,229892.0,123.2,24.0,18.05,6.14,0.0
20230729:1811,176982.0,121.54,15.29,17.53,5.45,0.0
20230729:1911,8918.0,13.12,6.92,16.79,5.52,0.0
20230729:2011,0.0,0.0,0.0,15.99,4.76,0.0
20230729:2111,0.0,0.0,0.0,15.31,4.28,0.0
20230729:2211,0.0,0.0,0.0,14.69,4.28,0.0
20230729:2311,0.0,0.0,0.0,14.42,4.28,0.0
20230730:0011,0.0,0.0,0.0,14.06,4.14,0.0
20230730:0111,0.0,0.0,0.0,13.74,4.28,0.0
20230730:0211,0.0,0.0,0.0,13.54,4.34,0.0
20230730:0311,0.0,0.0,0.0,13.34,4.34,0.0
20230730:0411,0.0,0.0,0.0,13.16,4.62,0.0
20230730:0511,50492.0,36.73,6.47,13.02,4.83,0.0
20230730:0611,150878.0,113.08,14.83,13.69,4.69,0.0
20230730:0711,624702.0,314.46,23.54,14.61,5.93,0.0
20230730:0811,792662.0,370.98,32.22,14.93,7.1,0.0
20230730:0911,1178606.0,543.52,40.41,15.48,7.17,0.0
20230730:1011,1211912.0,561.63,47.46,16.19,7.17,0.0
20230730:1111,430196.0,212.31,52.43,16.96,7.72,0.0
20230730:1211,579410.0,279.01,54.3,16.94,7.45,0.0
20230730:1311,1445886.0,673.92,52.54,17.16,7.17,0.0
20230730:1411,1172236.0,547.74,47.65,17.62,6.9,0.0
20230730:1511,681018.0,324.75,40.65,17.56,7.03,0.0
20230730:1611,371150.0,186.43,32.49,17.38,6.41,0.0
20230730:1711,103818.0,63.97,23.81,17.25,6.0,0.0
20230730:1811,53742.0,38.94,15.1,16.71,4.69,0.0
20230730:1911,3198.0,8.74,6.72,15.8,3.72,0.0
20230730:2011,0.0,0.0,0.0,15.12,2.69,0.0
20230730:2111,0.0,0.0,0.0,14.44,2.41,0.0
20230730:2211,0.0,0.0,0.0,14.21,2.62,0.0
20230730:2311,0.0,0.0,0.0,14.28,2.41,0.0
20230731:0011,0.0,0.0,0.0,14.39,2.41,0.0
20230731:0111,0.0,0.0,0.0,14.69,2.55,0.0
20230731:0211,0.0,0.0,0.0,15.09,2.62,0.0
20230731:0311,0.0,0.0,0.0,15.47,2.76,0.0
20230731:0411,0.0,0.0,0.0,15.92,3.38,0.0
20230731:0511,12818.0,15.74,6.28,16.23,3.93,0.0
20230731:0611,46722.0,35.23,14.64,16.45,4.07,0.0
20230731:0711,476736.0,240.5,23.35,16.82,4.07,0.0
20230731:0811,245180.0,129.79,32.03,17.02,3.72,0.0
20230731:0911,385216.0,193.16,40.21,17.49,5.24,0.0
20230731:1011,869180.0,412.63,47.24,17.55,4.41,0.0
20230731:1111,429208.0,213.23,52.2,17.8,5.52,0.0
20230731:1211,255606.0,134.43,54.06,17.27,5.52,0.0
20230731:1311,225576.0,120.52,52.3,16.66,4.83,0.0
20230731:1411,377520.0,189.13,47.42,16.63,4.83,0.0
20230731:1511,161434.0,90.86,40.44,16.04,4.28,0.0
20230731:1611,65000.0,44.5,32.29,15.43,4.83,0.0
20230731:1711,108498.0,65.82,23.62,15.51,3.86,0.0
20230731:1811,155896.0,89.19,14.9,15.2,4.28,0.0
20230731:1911,48334.0,35.85,6.52,14.82,4.07,0.0
20230731:2011,0.0,0.0,0.0,14.48,3.72,0.0
20230731:2111,0.0,0.0,0.0,14.26,4.07,0.0
20230731:2211,0.0,0.0,0.0,14.2,4.14,0.0
20230731:2311,0.0,0.0,0.0,14.15,3.93,0.0
20230801:0011,0.0,0.0,0.0,14.07,4.07,0.0
20230801:0111,0.0,0.0,0.0,14.18,4.0,0.0
20230801:0211,0.0,0.0,0.0,14.19,4.0,0.0
20230801:0311,0.0,0.0,0.0,14.16,3.93,0.0
20230801:0411,0.0,0.0,0.0,14.0,3.86,0.0
20230801:0511,11648.0,14.87,6.08,14.22,3.79,0.0
20230801:0611,174668.0,100.31,14.45,14.63,3.93,0.0
20230801:0711,324272.0,165.25,23.17,14.67,3.59,0.0
20230801:0811,623844.0,297.57,31.84,15.46,5.45,0.0
20230801:0911,474240.0,231.98,40.01,16.49,5.59,0.0
20230801:1011,773578.0,367.7,47.02,17.27,5.17,0.0
20230801:1111,1086306.0,514.14,51.96,17.84,4.48,0.0
20230801:1211,239668.0,127.94,53.81,18.48,4.69,0.0
20230801:1311,544804.0,266.5,52.06,18.33,4.62,0.0
20230801:1411,489606.0,241.35,47.19,18.16,4.28,0.0
20230801:1511,187720.0,103.84,40.23,18.01,4.14,0.0
20230801:1611,291486.0,151.32,32.08,17.89,4.14,0.0
20230801:1711,299182.0,155.4,23.41,17.74,4.34,0.0
20230801:1811,170378.0,98.6,14.69,17.31,3.59,0.0
20230801:1911,47814.0,35.85,6.31,16.63,2.07,0.0
20230801:2011,0.0,0.0,0.0,15.75,2.14,0.0
20230801:2111,0.0,0.0,0.0,14.86,2.0,0.0
20230801:2211,0.0,0.0,0.0,14.35,1.66,0.0
20230801:2311,0.0,0.0,0.0,13.74,1.93,0.0
20230802:0011,0.0,0.0,0.0,12.99,2.41,0.0
20230802:0111,0.0,0.0,0.0,12.81,2.62,0.0
20230802:0211,0.0,0.0,0.0,12.85,2.76,0.0
20230802:0311,0.0,0.0,0.0,12.85,2.76,0.0
20230802:0411,0.0,0.0,0.0,12.94,2.97,0.0
20230802:0511,2262.0,7.87,5.88,13.22,3.24,0.0
20230802:0611,25324.0,23.18,14.26,13.68,3.72,0.0
20230802:0711,33436.0,27.81,22.98,14.38,3.03,0.0
20230802:0811,63362.0,43.57,31.65,14.87,4.41,0.0
20230802:0911,334568.0,168.73,39.81,14.99,4.34,0.0
20230802:1011,214916.0,114.96,46.8,15.08,4.34,0.0
20230802:1111,307632.0,156.68,51.72,15.17,4.9,0.0
20230802:1211,213330.0,114.03,53.56,14.89,5.45,0.0
20230802:1311,172666.0,95.49,51.81,14.92,6.21,0.0
20230802:1411,217594.0,115.89,46.96,14.84,6.14,0.0
20230802:1511,360282.0,179.86,40.01,15.0,5.93,0.0
20230802:1611,264914.0,137.21,31.87,14.82,5.66,0.0
20230802:1711,205062.0,110.29,23.2,14.81,5.72,0.0
20230802:1811,49010.0,36.16,14.48,14.59,6.62,0.0
20230802:1911,6578.0,11.37,6.09,14.92,5.86,0.0
20230802:2011,0.0,0.0,0.0,14.54,6.07,0.0
20230802:2111,0.0,0.0,0.0,14.14,6.28,0.0
20230802:2211,0.0,0.0,0.0,13.77,6.14,0.0
20230802:2311,0.0,0.0,0.0,13.47,6.07,0.0
20230803:0011,0.0,0.0,0.0,13.15,5.72,0.0
20230803:0111,0.0,0.0,0.0,12.79,5.45,0.0
20230803:0211,0.0,0.0,0.0,12.73,5.17,0.0
20230803:0311,0.0,0.0,0.0,12.66,4.9,0.0
20230803:0411,0.0,0.0,0.0,12.79,4.69,0.0
20230803:0511,34008.0,27.98,5.68,13.01,4.55,0.0
20230803:0611,138918.0,106.49,14.06,13.48,4.34,0.0
20230803:0711,625196.0,316.15,22.78,14.11,5.03,0.0
20230803:0811,833950.0,391.06,31.45,15.11,5.72,0.0
20230803:0911,940472.0,440.27,39.6,16.05,5.1,0.0
20230803:1011,775398.0,368.21,46.58,16.67,4.55,0.0
20230803:1111,1624090.0,772.08,51.48,17.44,4.34,0.0
20230803:1211,852072.0,406.11,53.3,17.71,4.21,0.0
20230803:1311,445588.0,221.58,51.56,18.33,4.41,0.0
20230803:1411,790244.0,378.52,46.72,18.63,4.41,0.0
20230803:1511,578682.0,282.23,39.78,18.52,3.72,0.0
20230803:1611,239122.0,127.94,31.65,18.61,3.45,0.0
20230803:1711,201136.0,110.3,22.99,18.02,2.62,0.0
20230803:1811,86268.0,55.63,14.27,17.59,1.52,0.0
20230803:1911,0.0,5.25,5.87,16.88,1.72,0.0
20230803:2011,0.0,0.0,0.0,15.63,2.14,0.0
20230803:2111,0.0,0.0,0.0,15.0,1.86,0.0
20230803:2211,0.0,0.0,0.0,14.56,1.66,0.0
20230803:2311,0.0,0.0,0.0,14.2,1.86,0.0
20230804:0011,0.0,0.0,0.0,13.62,2.0,0.0
20230804:0111,0.0,0.0,0.0,13.7,1.93,0.0
20230804:0211,0.0,0.0,0.0,13.74,1.72,0.0
20230804:0311,0.0,0.0,0.0,13.73,1.79,0.0
20230804:0411,0.0,0.0,0.0,13.68,2.0,0.0
20230804:0511,37076.0,29.73,5.47,13.57,1.86,0.0
20230804:0611,170976.0,106.76,13.87,13.72,1.79,0.0
20230804:0711,328146.0,167.39,22.59,14.0,1.59,0.0
20230804:0811,634348.0,304.01,31.25,14.08,1.79,0.0
20230804:0911,378300.0,188.54,39.39,14.22,2.0,0.0
20230804:1011,397748.0,197.47,46.35,14.46,2.14,0.0
20230804:1111,566410.0,273.05,51.23,14.17,2.28,0.0
20230804:1211,844844.0,399.7,53.04,14.6,2.69,0.0
20230804:1311,1184066.0,556.34,51.3,14.52,2.97,0.0
20230804:1411,509184.0,247.39,46.47,14.72,2.76,0.0
20230804:1511,465920.0,228.38,39.55,15.0,2.34,0.0
20230804:1611,201578.0,109.4,31.43,15.37,1.59,0.0
20230804:1711,74178.0,49.14,22.77,15.21,1.38,0.0
20230804:1811,108654.0,66.18,14.05,15.32,1.45,0.0
20230804:1911,27430.0,24.48,5.64,14.65,2.21,0.0
20230804:2011,0.0,0.0,0.0,13.42,2.41,0.0
20230804:2111,0.0,0.0,0.0,13.07,2.34,0.0
20230804:2211,0.0,0.0,0.0,12.66,2.14,0.0
20230804:2311,0.0,0.0,0.0,12.33,2.07,0.0
20230805:0011,0.0,0.0,0.0,12.08,1.86,0.0
20230805:0111,0.0,0.0,0.0,11.95,1.79,0.0
20230805:0211,0.0,0.0,0.0,11.96,1.52,0.0
20230805:0311,0.0,0.0,0.0,11.95,1.24,0.0
20230805:0411,0.0,0.0,0.0,11.81,1.03,0.0
20230805:0511,0.0,4.37,5.26,11.51,0.97,0.0
20230805:0611,60684.0,41.72,13.67,11.26,0.55,0.0
20230805:0711,102336.0,62.12,22.39,11.93,1.17,0.0
20230805:0811,332956.0,167.56,31.05,12.98,1.31,0.0
20230805:0911,455754.0,223.4,39.17,13.57,1.1,0.0
20230805:1011,954798.0,455.43,46.11,14.43,0.9,0.0
20230805:1111,869752.0,415.93,50.97,15.01,1.17,0.0
20230805:1211,598728.0,289.4,52.77,15.21,2.0,0.0
20230805:1311,306878.0,156.68,51.03,15.23,3.52,0.0
20230805:1411,400322.0,197.47,46.22,14.41,4.83,0.0
20230805:1511,397514.0,195.05,39.31,13.35,5.72,0.0
20230805:1611,178516.0,97.35,31.2,12.83,5.86,0.0
20230805:1711,296920.0,151.0,22.55,12.84,5.93,0.0
20230805:1811,131222.0,76.47,13.82,12.63,6.21,0.0
20230805:1911,0.0,4.37,5.41,12.3,5.24,0.0
20230805:2011,0.0,0.0,0.0,11.99,4.83,0.0
20230805:2111,0.0,0.0,0.0,11.78,4.69,0.0
20230805:2211,0.0,0.0,0.0,11.5,4.62,0.0
20230805:2311,0.0,0.0,0.0,11.17,4.55,0.0
20230806:0011,0.0,0.0,0.0,10.89,4.48,0.0
20230806:0111,0.0,0.0,0.0,10.52,4.48,0.0
20230806:0211,0.0,0.0,0.0,10.38,4.48,0.0
20230806:0311,0.0,0.0,0.0,10.21,4.28,0.0
20230806:0411,0.0,0.0,0.0,10.14,4.07,0.0
20230806:0511,31330.0,26.23,5.05,10.03,4.0,0.0
20230806:0611,144872.0,103.61,13.47,10.65,4.0,0.0
20230806:0711,619632.0,311.22,22.19,11.95,4.41,0.0
20230806:0811,1125748.0,519.72,30.84,13.2,5.66,0.0
20230806:0911,1510730.0,696.4,38.96,14.11,5.38,0.0
20230806:1011,1936974.0,907.22,45.88,15.04,5.38,0.0
20230806:1111,1737606.0,816.79,50.72,15.34,4.83,0.0
20230806:1211,584688.0,281.51,52.5,16.01,4.83,0.0
20230806:1311,242086.0,127.94,50.76,16.45,4.76,0.0
20230806:1411,707798.0,337.63,45.97,16.61,4.48,0.0
20230806:1511,1088724.0,510.68,39.07,16.18,4.0,0.0
20230806:1611,993122.0,468.32,30.97,16.03,4.07,0.0
20230806:1711,321776.0,164.97,22.32,15.54,3.17,0.0
20230806:1811,159276.0,92.61,13.59,14.91,2.28,0.0
20230806:1911,17108.0,18.36,5.17,14.43,1.52,0.0
20230806:2011,0.0,0.0,0.0,13.7,1.03,0.0
20230806:2111,0.0,0.0,0.0,12.71,1.03,0.0
20230806:2211,0.0,0.0,0.0,11.42,1.31,0.0
20230806:2311,0.0,0.0,0.0,10.15,1.66,0.0
20230807:0011,0.0,0.0,0.0,9.35,1.66,0.0
20230807:0111,0.0,0.0,0.0,8.74,1.79,0.0
20230807:0211,0.0,0.0,0.0,8.31,2.0,0.0
20230807:0311,0.0,0.0,0.0,8.14,2.07,0.0
20230807:0411,0.0,0.0,0.0,7.97,2.21,0.0
20230807:0511,16328.0,17.49,4.84,8.07,2.21,0.0
20230807:0611,138294.0,101.41,13.26,9.98,2.07,0.0
20230807:0711,596726.0,302.78,21.99,13.14,2.69,0.0
20230807:0811,1078662.0,505.56,30.64,14.54,3.79,0.0
20230807:0911,1394406.0,650.27,38.74,15.59,4.48,0.0
20230807:1011,1676870.0,787.09,45.64,16.18,5.03,0.0
20230807:1111,2167412.0,1034.6,50.45,16.76,5.45,0.0
20230807:1211,600366.0,289.48,52.22,17.06,5.52,0.0
20230807:1311,1212978.0,569.2,50.49,17.4,5.66,0.0
20230807:1411,801164.0,379.69,45.7,17.45,5.86,0.0
20230807:1511,1214434.0,566.73,38.82,16.94,5.59,0.0
20230807:1611,927680.0,437.02,30.73,16.82,5.66,0.0
20230807:1711,535652.0,270.95,22.08,16.47,5.1,0.0
20230807:1811,150124.0,87.94,13.35,15.94,4.34,0.0
20230807:1911,28912.0,25.36,4.93,15.11,3.93,0.0
20230807:2011,0.0,0.0,0.0,14.05,3.79,0.0
20230807:2111,0.0,0.0,0.0,13.06,3.86,0.0
20230807:2211,0.0,0.0,0.0,12.94,4.0,0.0
20230807:2311,0.0,0.0,0.0,12.65,3.93,0.0
20230808:0011,0.0,0.0,0.0,12.76,3.66,0.0
20230808:0111,0.0,0.0,0.0,12.53,3.31,0.0
20230808:0211,0.0,0.0,0.0,12.45,3.03,0.0
20230808:0311,0.0,0.0,0.0,11.93,2.97,0.0
20230808:0411,0.0,0.0,0.0,11.37,2.97,0.0
20230808:0511,28028.0,24.48,4.63,10.83,2.97,0.0
20230808:0611,141440.0,101.12,13.05,11.52,3.17,0.0
20230808:0711,590876.0,299.15,21.78,13.21,3.45,0.0
20230808:0811,1087970.0,509.39,30.43,14.47,3.93,0.0
20230808:0911,1575600.0,738.48,38.52,15.62,4.14,0.0
20230808:1011,1442298.0,678.68,45.4,16.5,4.28,0.0
20230808:1111,2077036.0,997.12,50.19,17.52,4.9,0.0
20230808:1211,1330706.0,628.18,51.94,17.92,5.1,0.0
20230808:1311,1484054.0,701.51,50.21,18.12,5.24,0.0
20230808:1411,1670344.0,790.13,45.44,17.94,5.17,0.0
20230808:1511,1193920.0,561.64,38.57,17.65,4.62,0.0
20230808:1611,1108016.0,525.21,30.48,17.81,4.62,0.0
20230808:1711,604994.0,312.4,21.84,17.51,4.0,0.0
20230808:1811,127010.0,102.01,13.11,16.98,3.59,0.0
20230808:1911,18356.0,19.24,4.68,16.08,3.38,0.0
20230808:2011,0.0,0.0,0.0,14.36,3.17,0.0
20230808:2111,0.0,0.0,0.0,13.39,3.24,0.0
20230808:2211,0.0,0.0,0.0,12.41,3.31,0.0
20230808:2311,0.0,0.0,0.0,11.73,3.38,0.0
20230809:0011,0.0,0.0,0.0,11.15,3.17,0.0
20230809:0111,0.0,0.0,0.0,10.49,3.1,0.0
20230809:0211,0.0,0.0,0.0,10.03,2.97,0.0
20230809:0311,0.0,0.0,0.0,9.63,2.76,0.0
20230809:0411,0.0,0.0,0.0,9.5,2.62,0.0
20230809:0511,17628.0,18.36,4.41,9.44,2.55,0.0
20230809:0611,156754.0,92.85,12.85,10.57,2.34,0.0
20230809:0711,573092.0,291.66,21.58,13.33,2.55,0.0
20230809:0811,1033656.0,486.93,30.22,15.04,3.31,0.0
20230809:0911,1577446.0,740.4,38.29,16.65,4.55,0.0
20230809:1011,1776320.0,839.06,45.15,17.97,5.59,0.0
20230809:1111,1655472.0,786.42,49.92,18.66,5.31,0.0
20230809:1211,1696474.0,814.02,51.66,19.89,5.03,0.0
20230809:1311,1243944.0,594.33,49.93,20.26,4.69,0.0
20230809:1411,805688.0,388.9,45.16,20.63,4.41,0.0
20230809:1511,1007006.0,482.25,38.31,20.71,4.28,0.0
20230809:1611,454662.0,227.67,30.23,20.39,4.07,0.0
20230809:1711,289718.0,153.18,21.59,20.03,3.52,0.0
20230809:1811,139308.0,84.2,12.86,19.49,3.03,0.0
20230809:1911,19422.0,20.11,4.43,19.14,2.28,0.0
20230809:2011,0.0,0.0,0.0,18.29,2.14,0.0
20230809:2111,0.0,0.0,0.0,17.59,2.07,0.0
20230809:2211,0.0,0.0,0.0,17.12,2.0,0.0
20230809:2311,0.0,0.0,0.0,16.68,1.93,0.0
20230810:0011,0.0,0.0,0.0,16.41,1.72,0.0
20230810:0111,0.0,0.0,0.0,15.57,1.45,0.0
20230810:0211,0.0,0.0,0.0,14.8,1.17,0.0
20230810:0311,0.0,0.0,0.0,13.96,1.24,0.0
20230810:0411,0.0,0.0,0.0,13.81,1.1,0.0
20230810:0511,11622.0,14.87,4.19,14.51,0.69,0.0
20230810:0611,148174.0,90.45,12.64,15.33,0.14,0.0
20230810:0711,372112.0,192.1,21.37,16.46,0.55,0.0
20230810:0811,791804.0,385.45,30.0,18.24,1.1,0.0
20230810:0911,1263210.0,614.75,38.06,19.51,1.45,0.0
20230810:1011,1399190.0,686.86,44.9,20.71,1.79,0.0
20230810:1111,1461798.0,720.1,49.65,21.96,2.41,0.0
20230810:1211,1863056.0,931.88,51.37,23.09,3.1,0.0
20230810:1311,444808.0,226.7,49.64,23.61,3.86,0.0
20230810:1411,817752.0,401.22,44.89,23.87,3.86,0.0
20230810:1511,958750.0,468.37,38.04,23.72,3.31,0.0
20230810:1611,1014130.0,497.73,29.98,23.71,3.45,0.0
20230810:1711,530296.0,282.47,21.34,23.63,3.66,0.0
20230810:1811,126724.0,96.11,12.61,23.26,3.45,0.0
20230810:1911,21866.0,21.86,4.17,22.56,3.38,0.0
20230810:2011,0.0,0.0,0.0,21.24,3.17,0.0
20230810:2111,0.0,0.0,0.0,20.42,3.1,0.0
20230810:2211,0.0,0.0,0.0,19.91,3.1,0.0
20230810:2311,0.0,0.0,0.0,19.42,3.1,0.0
20230811:0011,0.0,0.0,0.0,19.2,3.1,0.0
20230811:0111,0.0,0.0,0.0,18.82,3.31,0.0
20230811:0211,0.0,0.0,0.0,18.87,3.45,0.0
20230811:0311,0.0,0.0,0.0,18.61,3.72,0.0
20230811:0411,0.0,0.0,0.0,18.47,3.93,0.0
20230811:0511,3120.0,8.74,3.97,18.3,4.21,0.0
20230811:0611,132210.0,95.83,12.42,18.43,4.69,0.0
20230811:0711,552474.0,286.03,21.16,18.56,5.17,0.0
20230811:0811,1073592.0,508.83,29.79,18.51,5.45,0.0
20230811:0911,1576952.0,743.36,37.83,18.78,5.52,0.0
20230811:1011,1743144.0,829.13,44.65,19.38,5.52,0.0
20230811:1111,1694290.0,808.46,49.37,20.18,5.93,0.0
20230811:1211,1543932.0,737.39,51.08,21.02,6.14,0.0
20230811:1311,1915368.0,927.65,49.34,21.3,5.45,0.0
20230811:1411,1168414.0,558.0,44.6,21.44,5.59,0.0
20230811:1511,1023620.0,489.55,37.77,21.23,5.03,0.0
20230811:1611,545662.0,269.93,29.72,21.24,4.76,0.0
20230811:1711,452062.0,235.32,21.09,21.06,3.86,0.0
20230811:1811,119288.0,94.07,12.35,20.31,3.17,0.0
20230811:1911,18018.0,19.24,3.91,19.3,3.1,0.0
20230811:2011,0.0,0.0,0.0,17.79,2.76,0.0
20230811:2111,0.0,0.0,0.0,16.74,2.76,0.0
20230811:2211,0.0,0.0,0.0,15.9,2.9,0.0
20230811:2311,0.0,0.0,0.0,15.52,3.1,0.0
20230812:0011,0.0,0.0,0.0,15.13,3.31,0.0
20230812:0111,0.0,0.0,0.0,14.5,3.45,0.0
20230812:0211,0.0,0.0,0.0,14.4,3.59,0.0
20230812:0311,0.0,0.0,0.0,14.59,3.86,0.0
20230812:0411,0.0,0.0,0.0,14.7,4.0,0.0
20230812:0511,9048.0,13.12,3.75,14.45,3.93,0.0
20230812:0611,18876.0,19.47,12.21,14.9,4.14,0.0
20230812:0711,276276.0,144.19,20.95,16.01,4.69,0.0
20230812:0811,740662.0,351.13,29.57,17.11,7.1,0.0
20230812:0911,388154.0,194.57,37.6,18.15,7.03,0.0
20230812:1011,664924.0,319.5,44.4,18.58,6.41,0.0
20230812:1111,554866.0,271.03,49.09,19.23,6.48,0.0
20230812:1211,366314.0,186.35,50.78,19.92,6.48,0.0
20230812:1311,944580.0,449.27,49.05,19.92,6.41,0.0
20230812:1411,1523444.0,723.41,44.32,19.63,5.31,0.0
20230812:1511,962650.0,452.42,37.5,17.74,5.72,0.0
20230812:1611,649194.0,313.75,29.45,18.53,4.69,0.0
20230812:1711,486226.0,251.17,20.83,18.45,3.86,0.0
20230812:1811,120796.0,92.33,12.09,18.42,4.76,0.0
20230812:1911,2158.0,7.87,3.64,17.63,4.55,0.0
20230812:2011,0.0,0.0,0.0,17.16,4.34,0.0
20230812:2111,0.0,0.0,0.0,16.63,4.41,0.0
20230812:2211,0.0,0.0,0.0,16.23,4.41,0.0
20230812:2311,0.0,0.0,0.0,15.97,4.34,0.0
20230813:0011,0.0,0.0,0.0,15.67,4.28,0.0
20230813:0111,0.0,0.0,0.0,15.37,4.07,0.0
20230813:0211,0.0,0.0,0.0,15.04,3.93,0.0
20230813:0311,0.0,0.0,0.0,15.1,3.86,0.0
20230813:0411,0.0,0.0,0.0,14.89,3.72,0.0
20230813:0511,0.0,2.62,3.53,14.85,3.66,0.0
20230813:0611,54184.0,38.94,11.99,15.05,3.66,0.0
20230813:0711,276640.0,144.32,20.73,15.66,3.79,0.0
20230813:0811,318526.0,162.18,29.35,15.96,4.34,0.0
20230813:0911,686946.0,327.16,37.37,16.37,4.48,0.0
20230813:1011,722228.0,344.5,44.14,17.13,4.69,0.0
20230813:1111,1202760.0,566.21,48.81,17.77,5.17,0.0
20230813:1211,789854.0,377.11,50.48,18.46,5.45,0.0
20230813:1311,1512628.0,716.13,48.74,18.84,5.52,0.0
20230813:1411,328718.0,168.73,44.02,18.98,5.52,0.0
20230813:1511,433784.0,216.26,37.22,18.91,5.24,0.0
20230813:1611,467870.0,231.47,29.18,18.62,4.97,0.0
20230813:1711,487188.0,251.16,20.56,18.09,4.48,0.0
20230813:1811,90376.0,57.81,11.82,17.58,3.24,0.0
20230813:1911,0.0,2.62,3.37,16.78,3.17,0.0
20230813:2011,0.0,0.0,0.0,15.72,2.9,0.0
20230813:2111,0.0,0.0,0.0,14.91,2.62,0.0
20230813:2211,0.0,0.0,0.0,14.65,2.41,0.0
20230813:2311,0.0,0.0,0.0,14.3,2.34,0.0
20230814:0011,0.0,0.0,0.0,13.85,2.41,0.0
20230814:0111,0.0,0.0,0.0,13.46,2.41,0.0
20230814:0211,0.0,0.0,0.0,13.71,2.41,0.0
20230814:0311,0.0,0.0,0.0,14.19,2.55,0.0
20230814:0411,0.0,0.0,0.0,14.52,2.62,0.0
20230814:0511,0.0,1.75,3.3,14.43,2.48,0.0
20230814:0611,7540.0,12.05,11.77,14.57,2.62,0.0
20230814:0711,303940.0,156.99,20.51,14.71,2.55,0.0
20230814:0811,89258.0,56.55,29.12,15.34,2.48,0.0
20230814:0911,94848.0,59.33,37.13,15.59,2.28,0.0
20230814:1011,115882.0,69.53,43.88,15.92,2.48,0.0
20230814:1111,231738.0,123.31,48.52,16.05,2.83,0.0
20230814:1211,381628.0,190.98,50.17,16.3,3.93,0.0
20230814:1311,376636.0,189.13,48.44,16.65,3.66,0.0
20230814:1411,140686.0,81.59,43.73,17.04,3.24,0.0
20230814:1511,230100.0,123.31,36.93,17.78,3.72,0.0
20230814:1611,1010360.0,483.5,28.91,18.73,3.79,0.0
20230814:1711,362518.0,188.81,20.29,19.23,4.0,0.0
20230814:1811,67834.0,46.36,11.55,17.85,4.69,0.0
20230814:1911,10088.0,13.99,3.09,17.83,2.55,0.0
20230814:2011,0.0,0.0,0.0,17.02,2.55,0.0
20230814:2111,0.0,0.0,0.0,16.37,2.9,0.0
20230814:2211,0.0,0.0,0.0,15.81,3.52,0.0
20230814:2311,0.0,0.0,0.0,15.45,4.14,0.0
20230815:0011,0.0,0.0,0.0,15.24,3.79,0.0
20230815:0111,0.0,0.0,0.0,15.13,3.38,0.0
20230815:0211,0.0,0.0,0.0,14.96,3.03,0.0
20230815:0311,0.0,0.0,0.0,14.52,2.83,0.0
20230815:0411,0.0,0.0,0.0,13.96,2.97,0.0
20230815:0511,0.0,2.62,3.07,13.92,3.1,0.0
20230815:0611,129506.0,89.34,11.55,14.42,3.31,0.0
20230815:0711,464932.0,236.86,20.3,15.54,3.52,0.0
20230815:0811,964574.0,456.55,28.9,16.63,4.0,0.0
20230815:0911,1440504.0,681.47,36.89,17.74,3.86,0.0
20230815:1011,1480596.0,706.24,43.61,18.45,3.72,0.0
20230815:1111,1515774.0,726.69,48.23,18.85,3.72,0.0
20230815:1211,951132.0,455.78,49.86,19.39,3.79,0.0
20230815:1311,952874.0,457.17,48.12,19.85,3.86,0.0
20230815:1411,728416.0,353.31,43.43,20.01,3.45,0.0
20230815:1511,245258.0,131.65,36.65,20.12,3.17,0.0
20230815:1611,453128.0,227.24,28.63,20.19,3.17,0.0
20230815:1711,191620.0,106.71,20.01,19.73,2.97,0.0
20230815:1811,117728.0,74.09,11.28,18.99,2.69,0.0
20230815:1911,0.0,3.5,2.81,17.99,1.79,0.0
20230815:2011,0.0,0.0,0.0,16.42,1.86,0.0
20230815:2111,0.0,0.0,0.0,15.54,1.93,0.0
20230815:2211,0.0,0.0,0.0,14.49,2.0,0.0
20230815:2311,0.0,0.0,0.0,13.57,2.14,0.0
20230816:0011,0.0,0.0,0.0,12.93,2.14,0.0
20230816:0111,0.0,0.0,0.0,12.45,1.93,0.0
20230816:0211,0.0,0.0,0.0,11.9,1.86,0.0
20230816:0311,0.0,0.0,0.0,11.64,1.79,0.0
20230816:0411,0.0,0.0,0.0,11.25,1.86,0.0
20230816:0511,5590.0,10.49,2.84,11.03,1.66,0.0
20230816:0611,109590.0,66.66,11.33,11.7,1.93,0.0
20230816:0711,325650.0,166.37,20.08,12.56,1.31,0.0
20230816:0811,832156.0,397.62,28.67,14.47,1.1,0.0
20230816:0911,1042158.0,500.68,36.64,16.45,0.9,0.0
20230816:1011,900302.0,437.48,43.35,17.88,0.62,0.0
20230816:1111,502372.0,251.0,47.94,18.89,0.76,0.0
20230816:1211,291122.0,152.97,49.55,19.23,1.03,0.0
20230816:1311,476736.0,239.33,47.81,19.72,1.31,0.0
20230816:1411,517114.0,258.14,43.12,20.03,1.45,0.0
20230816:1511,146068.0,85.29,36.35,19.96,1.45,0.0
20230816:1611,298662.0,156.68,28.35,19.97,1.66,0.0
20230816:1711,371514.0,194.72,19.73,19.37,2.21,0.0
20230816:1811,103714.0,65.8,10.99,18.61,2.62,0.0
20230816:1911,0.0,3.5,2.52,17.69,2.62,0.0
20230816:2011,0.0,0.0,0.0,16.3,2.55,0.0
20230816:2111,0.0,0.0,0.0,15.54,2.34,0.0
20230816:2211,0.0,0.0,0.0,14.77,2.21,0.0
20230816:2311,0.0,0.0,0.0,14.16,2.0,0.0
20230817:0011,0.0,0.0,0.0,14.32,1.93,0.0
20230817:0111,0.0,0.0,0.0,14.15,1.93,0.0
20230817:0211,0.0,0.0,0.0,14.37,2.0,0.0
20230817:0311,0.0,0.0,0.0,14.53,2.28,0.0
20230817:0411,0.0,0.0,0.0,14.5,2.21,0.0
20230817:0511,0.0,1.75,2.61,14.42,2.28,0.0
20230817:0611,50726.0,37.08,11.11,14.67,3.52,0.0
20230817:0711,295724.0,152.93,19.85,14.84,4.41,0.0
20230817:0811,688272.0,327.36,28.44,15.53,4.34,0.0
20230817:0911,733902.0,347.8,36.4,16.05,4.28,0.0
20230817:1011,620152.0,298.57,43.08,16.99,4.34,0.0
20230817:1111,890864.0,423.42,47.64,17.92,4.34,0.0
20230817:1211,721994.0,347.53,49.23,18.53,4.21,0.0
20230817:1311,1049178.0,499.65,47.49,19.04,4.21,0.0
20230817:1411,1323686.0,628.91,42.81,19.2,4.41,0.0
20230817:1511,1398072.0,661.11,36.05,18.8,4.62,0.0
20230817:1611,811174.0,388.26,28.06,18.6,4.83,0.0
20230817:1711,322764.0,168.35,19.45,17.84,4.69,0.0
20230817:1811,75738.0,50.38,10.71,16.85,4.34,0.0
20230817:1911,0.0,1.75,2.23,15.29,3.93,0.0
20230817:2011,0.0,0.0,0.0,14.49,3.52,0.0
20230817:2111,0.0,0.0,0.0,13.79,3.1,0.0
20230817:2211,0.0,0.0,0.0,13.25,3.03,0.0
20230817:2311,0.0,0.0,0.0,12.81,2.9,0.0
20230818:0011,0.0,0.0,0.0,12.52,2.62,0.0
20230818:0111,0.0,0.0,0.0,12.38,2.48,0.0
20230818:0211,0.0,0.0,0.0,12.37,2.55,0.0
20230818:0311,0.0,0.0,0.0,12.24,2.69,0.0
20230818:0411,0.0,0.0,0.0,12.45,2.9,0.0
20230818:0511,0.0,0.87,2.38,12.57,3.1,0.0
20230818:0611,37024.0,29.67,10.89,13.37,3.38,0.0
20230818:0711,246714.0,129.83,19.63,14.19,3.66,0.0
20230818:0811,216944.0,115.89,28.21,15.41,5.86,0.0
20230818:0911,263588.0,137.21,36.15,15.86,5.66,0.0
20230818:1011,208026.0,112.18,42.8,16.09,5.66,0.0
20230818:1111,203658.0,110.33,47.34,16.42,5.72,0.0
20230818:1211,247338.0,130.72,48.91,17.35,5.52,0.0
20230818:1311,263276.0,138.14,47.16,17.68,5.66,0.0
20230818:1411,156156.0,89.0,42.49,17.89,5.59,0.0
20230818:1511,351806.0,178.44,35.75,17.98,5.31,0.0
20230818:1611,233506.0,125.16,27.76,18.8,5.72,0.0
20230818:1711,93704.0,59.33,19.16,18.3,4.76,0.0
20230818:1811,23218.0,22.25,10.42,17.43,4.97,0.0
20230818:1911,0.0,0.87,1.93,16.5,4.97,0.0
20230818:2011,0.0,0.0,0.0,16.16,4.83,0.0
20230818:2111,0.0,0.0,0.0,15.98,4.9,0.0
20230818:2211,0.0,0.0,0.0,15.95,4.69,0.0
20230818:2311,0.0,0.0,0.0,15.92,4.69,0.0
20230819:0011,0.0,0.0,0.0,16.22,4.62,0.0
20230819:0111,0.0,0.0,0.0,16.99,4.97,0.0
20230819:0211,0.0,0.0,0.0,17.78,5.17,0.0
20230819:0311,0.0,0.0,0.0,18.66,5.66,0.0
20230819:0411,0.0,0.0,0.0,18.96,5.66,0.0
20230819:0511,3146.0,8.74,2.14,18.23,5.31,0.0
20230819:0611,103870.0,82.08,10.66,17.48,5.52,0.0
20230819:0711,438412.0,225.69,19.4,17.7,6.21,0.0
20230819:0811,994578.0,468.2,27.98,18.36,7.79,0.0
20230819:0911,912548.0,429.93,35.9,19.05,7.45,0.0
20230819:1011,924378.0,437.56,42.53,19.91,7.66,0.0
20230819:1111,1365494.0,644.36,47.04,20.71,7.79,0.0
20230819:1211,1194284.0,567.03,48.59,21.26,7.17,0.0
20230819:1311,258804.0,138.14,46.84,21.55,7.72,0.0
20230819:1411,743002.0,358.94,42.17,21.27,6.14,0.0
20230819:1511,1449058.0,687.08,35.45,21.54,6.55,0.0
20230819:1611,658320.0,321.45,27.47,21.45,5.79,0.0
20230819:1711,284362.0,152.36,18.87,21.13,5.03,0.0
20230819:1811,106444.0,74.32,10.13,20.38,4.41,0.0
20230819:1911,0.0,4.37,1.64,19.08,4.07,0.0
20230819:2011,0.0,0.0,0.0,18.02,3.52,0.0
20230819:2111,0.0,0.0,0.0,17.24,3.45,0.0
20230819:2211,0.0,0.0,0.0,16.58,3.38,0.0
20230819:2311,0.0,0.0,0.0,16.09,3.38,0.0
20230820:0011,0.0,0.0,0.0,15.65,3.45,0.0
20230820:0111,0.0,0.0,0.0,15.37,3.66,0.0
20230820:0211,0.0,0.0,0.0,15.08,3.38,0.0
20230820:0311,0.0,0.0,0.0,14.6,2.97,0.0
20230820:0411,0.0,0.0,0.0,14.35,2.97,0.0
20230820:0511,0.0,3.5,1.91,14.27,3.1,0.0
20230820:0611,106340.0,82.46,10.43,14.82,2.97,0.0
20230820:0711,454922.0,233.24,19.18,15.88,3.38,0.0
20230820:0811,944190.0,446.69,27.74,17.29,4.97,0.0
20230820:0911,1107236.0,521.79,35.65,18.62,5.1,0.0
20230820:1011,714610.0,344.01,42.25,19.35,5.03,0.0
20230820:1111,958334.0,457.4,46.73,19.9,5.03,0.0
20230820:1211,1953640.0,946.19,48.26,20.44,5.17,0.0
20230820:1311,1180478.0,562.54,46.5,20.41,5.17,0.0
20230820:1411,1289158.0,614.23,41.85,20.36,4.83,0.0
20230820:1511,1447628.0,691.29,35.13,20.61,4.55,0.0
20230820:1611,874640.0,422.98,27.16,20.45,4.0,0.0
20230820:1711,507806.0,272.26,18.57,20.27,3.72,0.0
20230820:1811,97864.0,73.16,9.83,19.55,2.9,0.0
20230820:1911,0.0,1.75,1.33,18.41,2.34,0.0
20230820:2011,0.0,0.0,0.0,16.86,2.07,0.0
20230820:2111,0.0,0.0,0.0,15.31,2.0,0.0
20230820:2211,0.0,0.0,0.0,13.99,2.14,0.0
20230820:2311,0.0,0.0,0.0,13.31,2.41,0.0
20230821:0011,0.0,0.0,0.0,13.01,2.62,0.0
20230821:0111,0.0,0.0,0.0,12.91,2.9,0.0
20230821:0211,0.0,0.0,0.0,12.94,3.03,0.0
20230821:0311,0.0,0.0,0.0,12.91,3.03,0.0
20230821:0411,0.0,0.0,0.0,12.75,2.97,0.0
20230821:0511,0.0,1.75,1.67,12.58,2.97,0.0
20230821:0611,110448.0,79.81,10.2,13.08,2.9,0.0
20230821:0711,514306.0,264.36,18.95,14.99,3.31,0.0
20230821:0811,1035918.0,488.68,27.51,16.48,4.41,0.0
20230821:0911,1544452.0,724.78,35.4,17.85,5.38,0.0
20230821:1011,1799928.0,852.81,41.97,18.92,5.86,0.0
20230821:1111,1951560.0,934.1,46.42,19.81,6.07,0.0
20230821:1211,2079246.0,1002.45,47.93,20.45,6.21,0.0
20230821:1311,1716572.0,822.05,46.17,20.75,5.79,0.0
20230821:1411,980460.0,467.54,41.52,20.71,5.66,0.0
20230821:1511,356148.0,182.65,34.82,21.22,6.62,0.0
20230821:1611,645372.0,315.1,26.86,20.69,4.97,0.0
20230821:1711,416260.0,220.75,18.27,20.5,4.55,0.0
20230821:1811,99658.0,69.95,9.53,19.78,4.48,0.0
20230821:1911,0.0,0.0,0.0,18.91,4.34,0.0
20230821:2011,0.0,0.0,0.0,18.18,4.28,0.0
20230821:2111,0.0,0.0,0.0,17.73,4.41,0.0
20230821:2211,0.0,0.0,0.0,16.99,4.28,0.0
20230821:2311,0.0,0.0,0.0,16.62,4.28,0.0
20230822:0011,0.0,0.0,0.0,16.36,4.21,0.0
20230822:0111,0.0,0.0,0.0,16.03,4.21,0.0
20230822:0211,0.0,0.0,0.0,16.01,4.21,0.0
20230822:0311,0.0,0.0,0.0,15.64,4.21,0.0
20230822:0411,0.0,0.0,0.0,15.38,4.21,0.0
20230822:0511,0.0,1.75,1.43,15.21,4.28,0.0
20230822:0611,101868.0,78.08,9.97,15.33,4.34,0.0
20230822:0711,489190.0,252.48,18.72,16.36,4.14,0.0
20230822:0811,1004640.0,472.78,27.27,17.44,6.34,0.0
20230822:0911,1001234.0,469.1,35.14,18.07,6.48,0.0
20230822:1011,1823718.0,861.63,41.69,18.9,6.34,0.0
20230822:1111,2105610.0,1005.06,46.11,19.26,6.69,0.0
20230822:1211,1866566.0,889.1,47.6,19.35,6.21,0.0
20230822:1311,839150.0,400.25,45.83,19.54,6.07,0.0
20230822:1411,1323374.0,624.96,41.19,20.02,6.21,0.0
20230822:1511,736736.0,353.7,34.5,19.93,5.59,0.0
20230822:1611,592410.0,288.8,26.55,19.33,5.17,0.0
20230822:1711,261820.0,140.36,17.96,18.9,4.69,0.0
20230822:1811,88426.0,59.42,9.22,18.2,4.07,0.0
20230822:1911,0.0,0.0,0.0,17.19,3.52,0.0
20230822:2011,0.0,0.0,0.0,16.19,3.31,0.0
20230822:2111,0.0,0.0,0.0,15.54,3.17,0.0
20230822:2211,0.0,0.0,0.0,15.14,3.03,0.0
20230822:2311,0.0,0.0,0.0,14.55,2.83,0.0
20230823:0011,0.0,0.0,0.0,14.22,2.62,0.0
20230823:0111,0.0,0.0,0.0,13.82,2.48,0.0
20230823:0211,0.0,0.0,0.0,13.74,2.48,0.0
20230823:0311,0.0,0.0,0.0,13.64,2.55,0.0
20230823:0411,0.0,0.0,0.0,13.4,2.48,0.0
20230823:0511,0.0,0.0,0.0,13.46,2.41,0.0
20230823:0611,58110.0,40.79,9.74,13.94,2.34,0.0
20230823:0711,23504.0,22.25,18.49,15.17,2.48,0.0
20230823:0811,389012.0,194.31,27.03,15.99,2.83,0.0
20230823:0911,908596.0,429.73,34.88,17.15,3.59,0.0
20230823:1011,975702.0,462.95,41.4,18.53,4.28,0.0
20230823:1111,634010.0,308.12,45.79,19.31,4.41,0.0
20230823:1211,846638.0,406.17,47.26,19.71,4.48,0.0
20230823:1311,762294.0,368.37,45.49,19.87,3.79,0.0
20230823:1411,585156.0,287.39,40.86,20.17,3.52,0.0
20230823:1511,800826.0,386.69,34.18,20.19,3.1,0.0
20230823:1611,229892.0,124.59,26.23,20.09,2.69,0.0
20230823:1711,61724.0,43.57,17.65,19.58,2.14,0.0
20230823:1811,18382.0,19.47,8.91,19.14,2.0,0.0
20230823:1911,0.0,0.0,0.0,18.34,2.07,0.0
20230823:2011,0.0,0.0,0.0,17.98,2.07,0.0
20230823:2111,0.0,0.0,0.0,17.7,2.14,0.0
20230823:2211,0.0,0.0,0.0,17.54,2.07,0.0
20230823:2311,0.0,0.0,0.0,17.27,1.86,0.0
20230824:0011,0.0,0.0,0.0,17.05,1.72,0.0
20230824:0111,0.0,0.0,0.0,16.57,1.93,0.0
20230824:0211,0.0,0.0,0.0,16.06,2.28,0.0
20230824:0311,0.0,0.0,0.0,15.84,2.48,0.0
20230824:0411,0.0,0.0,0.0,16.28,2.83,0.0
20230824:0511,0.0,0.0,0.0,16.14,3.1,0.0
20230824:0611,82784.0,54.87,9.51,15.94,3.03,0.0
20230824:0711,109694.0,66.75,18.25,16.43,1.79,0.0
20230824:0811,144482.0,83.44,26.79,16.93,1.93,0.0
20230824:0911,207792.0,113.11,34.62,17.49,2.34,0.0
20230824:1011,217516.0,117.74,41.11,17.84,2.48,0.0
20230824:1111,245180.0,130.72,45.47,18.35,2.69,0.0
20230824:1211,797264.0,384.15,46.92,18.65,2.83,0.0
20230824:1311,494364.0,245.3,45.14,19.21,3.1,0.0
20230824:1411,981448.0,469.19,40.52,19.36,3.45,0.0
20230824:1511,713778.0,343.54,33.85,19.04,3.86,0.0
20230824:1611,858442.0,411.5,25.92,18.54,4.28,0.0
20230824:1711,462982.0,247.72,17.34,17.88,3.93,0.0
20230824:1811,68952.0,60.05,8.6,17.33,3.38,0.0
20230824:1911,0.0,0.0,0.0,15.67,3.1,0.0
20230824:2011,0.0,0.0,0.0,14.42,2.9,0.0
20230824:2111,0.0,0.0,0.0,13.65,2.97,0.0
20230824:2211,0.0,0.0,0.0,12.61,2.9,0.0
20230824:2311,0.0,0.0,0.0,11.8,2.76,0.0
20230825:0011,0.0,0.0,0.0,11.3,2.48,0.0
20230825:0111,0.0,0.0,0.0,11.01,2.41,0.0
20230825:0211,0.0,0.0,0.0,10.83,2.28,0.0
20230825:0311,0.0,0.0,0.0,10.54,2.21,0.0
20230825:0411,0.0,0.0,0.0,10.74,2.21,0.0
20230825:0511,0.0,0.0,0.0,11.11,2.14,0.0
20230825:0611,102856.0,71.31,9.27,11.72,2.07,0.0
20230825:0711,425204.0,216.85,18.02,13.01,2.34,0.0
20230825:0811,893984.0,420.7,26.54,14.28,3.17,0.0
20230825:0911,1053962.0,493.22,34.35,15.37,3.45,0.0
20230825:1011,1487382.0,702.21,40.82,16.03,3.45,0.0
20230825:1111,678418.0,325.37,45.15,16.75,3.59,0.0
20230825:1211,1075620.0,508.42,46.58,16.8,3.52,0.0
20230825:1311,731562.0,349.88,44.79,16.79,3.31,0.0
20230825:1411,683956.0,326.91,40.18,16.45,3.66,0.0
20230825:1511,512850.0,249.49,33.52,16.21,3.66,0.0
20230825:1611,439686.0,216.74,25.59,15.6,3.1,0.0
20230825:1711,393562.0,206.62,17.02,15.45,3.1,0.0
20230825:1811,72410.0,49.64,8.28,15.05,2.97,0.0
20230825:1911,0.0,0.0,0.0,14.63,3.03,0.0
20230825:2011,0.0,0.0,0.0,13.48,2.83,0.0
20230825:2111,0.0,0.0,0.0,12.66,2.55,0.0
20230825:2211,0.0,0.0,0.0,11.98,2.34,0.0
20230825:2311,0.0,0.0,0.0,11.49,2.34,0.0
20230826:0011,0.0,0.0,0.0,11.23,2.34,0.0
20230826:0111,0.0,0.0,0.0,11.18,2.28,0.0
20230826:0211,0.0,0.0,0.0,10.69,2.21,0.0
20230826:0311,0.0,0.0,0.0,10.82,2.0,0.0
20230826:0411,0.0,0.0,0.0,10.61,1.93,0.0
20230826:0511,0.0,0.0,0.0,10.74,1.79,0.0
20230826:0611,98488.0,70.14,9.04,10.94,1.52,0.0
20230826:0711,444418.0,227.31,17.78,11.88,0.76,0.0
20230826:0811,962702.0,457.51,26.3,13.3,1.03,0.0
20230826:0911,1327482.0,635.61,34.09,14.3,0.83,0.0
20230826:1011,1546584.0,759.35,40.53,15.35,0.48,0.0
20230826:1111,1894698.0,958.46,44.83,16.01,0.55,0.0
20230826:1211,1975376.0,1004.66,46.23,16.58,0.76,0.0
20230826:1311,384254.0,193.77,44.44,16.7,1.31,0.0
20230826:1411,414622.0,206.97,39.83,16.62,2.07,0.0
20230826:1511,1036464.0,491.9,33.18,16.48,2.14,0.0
20230826:1611,734500.0,352.6,25.27,16.29,2.62,0.0
20230826:1711,439348.0,234.07,16.7,15.99,2.97,0.0
20230826:1811,73788.0,51.1,7.96,15.3,2.28,0.0
20230826:1911,0.0,0.0,0.0,13.87,1.93,0.0
20230826:2011,0.0,0.0,0.0,12.68,2.21,0.0
20230826:2111,0.0,0.0,0.0,12.08,2.34,0.0
20230826:2211,0.0,0.0,0.0,11.63,2.41,0.0
20230826:2311,0.0,0.0,0.0,11.12,2.28,0.0
20230827:0011,0.0,0.0,0.0,10.79,2.07,0.0
20230827:0111,0.0,0.0,0.0,10.62,1.93,0.0
20230827:0211,0.0,0.0,0.0,10.12,1.93,0.0
20230827:0311,0.0,0.0,0.0,10.07,1.59,0.0
20230827:0411,0.0,0.0,0.0,9.83,1.59,0.0
20230827:0511,0.0,0.0,0.0,9.43,1.38,0.0
20230827:0611,79794.0,52.22,8.8,9.28,1.17,0.0
20230827:0711,140608.0,79.73,17.54,11.02,1.38,0.0
20230827:0811,523458.0,252.07,26.05,12.6,1.66,0.0
20230827:0911,1046656.0,495.01,33.82,14.87,1.59,0.0
20230827:1011,596310.0,289.79,40.23,15.75,0.97,0.0
20230827:1111,960804.0,463.86,44.5,16.65,0.69,0.0
20230827:1211,1016678.0,490.13,45.88,17.79,1.45,0.0
20230827:1311,1828866.0,900.12,44.08,18.29,2.21,0.0
20230827:1411,90168.0,57.48,39.48,17.47,2.55,0.0
20230827:1511,188526.0,103.84,32.84,16.73,2.55,0.0
20230827:1611,212368.0,114.96,24.94,17.03,2.55,0.0
20230827:1711,83122.0,53.77,16.38,16.21,1.59,0.0
20230827:1811,38298.0,30.59,7.63,15.32,2.0,0.0
20230827:1911,0.0,0.0,0.0,14.58,2.34,0.0
20230827:2011,0.0,0.0,0.0,14.05,2.48,0.0
20230827:2111,0.0,0.0,0.0,13.86,2.28,0.0
20230827:2211,0.0,0.0,0.0,12.93,2.48,0.0
20230827:2311,0.0,0.0,0.0,12.4,2.55,0.0
20230828:0011,0.0,0.0,0.0,11.79,2.62,0.0
20230828:0111,0.0,0.0,0.0,11.38,2.69,0.0
20230828:0211,0.0,0.0,0.0,11.16,2.55,0.0
20230828:0311,0.0,0.0,0.0,11.03,2.41,0.0
20230828:0411,0.0,0.0,0.0,10.71,2.48,0.0
20230828:0511,0.0,0.0,0.0,10.85,2.55,0.0
20230828:0611,63258.0,43.55,8.56,11.16,2.55,0.0
20230828:0711,291798.0,151.14,17.31,12.58,2.69,0.0
20230828:0811,823758.0,386.57,25.8,13.59,3.52,0.0
20230828:0911,1006200.0,468.97,33.55,14.43,3.45,0.0
20230828:1011,867204.0,408.5,39.94,15.18,3.1,0.0
20230828:1111,995748.0,469.7,44.17,16.02,3.24,0.0
20230828:1211,768690.0,366.65,45.53,16.49,3.1,0.0
20230828:1311,1310296.0,621.94,43.72,16.99,3.1,0.0
20230828:1411,780234.0,372.64,39.13,17.22,2.97,0.0
20230828:1511,639080.0,308.24,32.5,17.34,2.83,0.0
20230828:1611,254488.0,134.35,24.61,17.11,2.41,0.0
20230828:1711,257920.0,139.05,16.05,16.86,2.41,0.0
20230828:1811,36400.0,29.67,7.3,16.32,2.48,0.0
20230828:1911,0.0,0.0,0.0,15.21,2.55,0.0
20230828:2011,0.0,0.0,0.0,14.59,2.62,0.0
20230828:2111,0.0,0.0,0.0,13.75,2.62,0.0
20230828:2211,0.0,0.0,0.0,13.41,2.69,0.0
20230828:2311,0.0,0.0,0.0,12.9,2.62,0.0
20230829:0011,0.0,0.0,0.0,12.05,2.62,0.0
20230829:0111,0.0,0.0,0.0,11.59,2.48,0.0
20230829:0211,0.0,0.0,0.0,11.44,2.28,0.0
20230829:0311,0.0,0.0,0.0,11.34,1.93,0.0
20230829:0411,0.0,0.0,0.0,11.18,2.0,0.0
20230829:0511,0.0,0.0,0.0,11.26,2.21,0.0
20230829:0611,61204.0,42.64,8.32,11.84,2.28,0.0
20230829:0711,230282.0,122.6,17.06,13.35,2.21,0.0
20230829:0811,223106.0,118.67,25.55,14.72,3.03,0.0
20230829:0911,263380.0,137.21,33.28,15.27,2.97,0.0
20230829:1011,872898.0,412.59,39.64,15.96,3.1,0.0
20230829:1111,1081132.0,510.49,43.84,16.86,3.59,0.0
20230829:1211,1098318.0,519.78,45.18,17.42,3.72,0.0
20230829:1311,1097174.0,517.75,43.36,17.5,4.21,0.0
20230829:1411,1757158.0,834.76,38.77,17.84,4.55,0.0
20230829:1511,1469052.0,691.62,32.16,17.66,4.55,0.0
20230829:1611,924378.0,440.37,24.27,17.27,4.48,0.0
20230829:1711,443794.0,240.28,15.72,16.65,4.14,0.0
20230829:1811,48828.0,45.7,6.97,15.62,3.59,0.0
20230829:1911,0.0,0.0,0.0,14.58,3.45,0.0
20230829:2011,0.0,0.0,0.0,13.44,3.38,0.0
20230829:2111,0.0,0.0,0.0,13.05,3.38,0.0
20230829:2211,0.0,0.0,0.0,12.53,3.45,0.0
20230829:2311,0.0,0.0,0.0,12.36,3.59,0.0
20230830:0011,0.0,0.0,0.0,12.2,3.52,0.0
20230830:0111,0.0,0.0,0.0,11.7,3.38,0.0
20230830:0211,0.0,0.0,0.0,11.19,3.31,0.0
20230830:0311,0.0,0.0,0.0,10.89,3.31,0.0
20230830:0411,0.0,0.0,0.0,10.52,3.24,0.0
20230830:0511,0.0,0.0,0.0,10.12,3.1,0.0
20230830:0611,83668.0,66.32,8.08,10.11,2.9,0.0
20230830:0711,332748.0,170.44,16.82,11.59,2.69,0.0
20230830:0811,1002586.0,467.23,25.29,13.17,3.79,0.0
20230830:0911,1174160.0,544.14,33.01,14.2,4.0,0.0
20230830:1011,1595490.0,745.98,39.33,15.05,4.34,0.0
20230830:1111,1228708.0,574.03,43.51,15.91,4.62,0.0
20230830:1211,1235052.0,579.15,44.82,16.09,4.21,0.0
20230830:1311,770796.0,365.29,43.0,16.23,4.28,0.0
20230830:1411,721760.0,342.92,38.41,16.37,4.28,0.0
20230830:1511,909324.0,427.49,31.81,16.22,3.86,0.0
20230830:1611,544154.0,264.45,23.93,16.17,3.45,0.0
20230830:1711,409890.0,221.86,15.39,16.08,2.83,0.0
20230830:1811,57148.0,44.17,6.64,15.52,1.52,0.0
20230830:1911,0.0,0.0,0.0,14.39,1.59,0.0
20230830:2011,0.0,0.0,0.0,12.9,1.1,0.0
20230830:2111,0.0,0.0,0.0,11.42,1.38,0.0
20230830:2211,0.0,0.0,0.0,9.71,1.72,0.0
20230830:2311,0.0,0.0,0.0,8.72,1.79,0.0
20230831:0011,0.0,0.0,0.0,8.08,1.79,0.0
20230831:0111,0.0,0.0,0.0,7.68,1.72,0.0
20230831:0211,0.0,0.0,0.0,7.09,1.79,0.0
20230831:0311,0.0,0.0,0.0,6.82,1.59,0.0
20230831:0411,0.0,0.0,0.0,6.56,1.52,0.0
20230831:0511,0.0,0.0,0.0,6.48,1.45,0.0
20230831:0611,82966.0,61.55,7.84,7.0,0.97,0.0
20230831:0711,447330.0,227.68,16.58,9.4,0.41,0.0
20230831:0811,1020188.0,488.72,25.04,12.38,0.07,0.0
20230831:0911,1401062.0,676.47,32.73,14.7,0.62,0.0
20230831:1011,1642680.0,799.02,39.03,16.27,1.52,0.0
20230831:1111,2044042.0,1010.38,43.17,17.35,2.41,0.0
20230831:1211,2106260.0,1043.85,44.46,18.03,2.76,0.0
20230831:1311,1976494.0,970.55,42.63,18.33,2.9,0.0
20230831:1411,1352832.0,647.88,38.05,18.31,2.69,0.0
20230831:1511,1112696.0,530.8,31.46,18.47,2.69,0.0
20230831:1611,889122.0,430.38,23.59,18.34,2.55,0.0
20230831:1711,417014.0,230.16,15.05,18.12,2.48,0.0
20230831:1811,52208.0,40.15,6.3,16.99,2.48,0.0
20230831:1911,0.0,0.0,0.0,15.59,2.62,0.0
20230831:2011,0.0,0.0,0.0,14.73,2.41,0.0
20230831:2111,0.0,0.0,0.0,14.05,2.55,0.0
20230831:2211,0.0,0.0,0.0,13.87,2.28,0.0
20230831:2311,0.0,0.0,0.0,13.39,2.28,0.0
20230901:0011,0.0,0.0,0.0,12.9,2.14,0.0
20230901:0111,0.0,0.0,0.0,12.65,2.21,0.0
20230901:0211,0.0,0.0,0.0,12.66,2.07,0.0
20230901:0311,0.0,0.0,0.0,12.91,1.86,0.0
20230901:0411,0.0,0.0,0.0,13.13,1.93,0.0
20230901:0511,0.0,0.0,0.0,13.26,2.07,0.0
20230901:0611,59228.0,42.29,7.59,13.46,2.48,0.0
20230901:0711,119262.0,70.46,16.33,13.36,1.86,0.0
20230901:0811,186810.0,101.98,24.78,14.18,2.41,0.0
20230901:0911,190346.0,103.84,32.45,14.82,2.69,0.0
20230901:1011,304408.0,155.75,38.72,15.35,3.1,0.0
20230901:1111,232232.0,123.31,42.83,15.71,3.1,0.0
20230901:1211,193050.0,105.69,44.1,16.4,3.24,0.0
20230901:1311,267488.0,139.99,42.26,16.95,3.31,0.0
20230901:1411,286910.0,149.26,37.69,17.66,3.38,0.0
20230901:1511,344136.0,175.12,31.11,17.59,3.38,0.0
20230901:1611,364624.0,184.34,23.25,17.33,3.38,0.0
20230901:1711,129324.0,76.45,14.71,16.81,3.17,0.0
20230901:1811,23374.0,22.25,5.96,16.07,2.9,0.0
20230901:1911,0.0,0.0,0.0,15.44,2.41,0.0
20230901:2011,0.0,0.0,0.0,15.05,2.28,0.0
20230901:2111,0.0,0.0,0.0,14.62,2.07,0.0
20230901:2211,0.0,0.0,0.0,14.43,1.79,0.0
20230901:2311,0.0,0.0,0.0,14.09,1.79,0.0
20230902:0011,0.0,0.0,0.0,13.77,1.72,0.0
20230902:0111,0.0,0.0,0.0,13.44,1.66,0.0
20230902:0211,0.0,0.0,0.0,13.39,1.52,0.0
20230902:0311,0.0,0.0,0.0,13.35,1.52,0.0
20230902:0411,0.0,0.0,0.0,12.83,1.52,0.0
20230902:0511,0.0,0.0,0.0,12.39,1.38,0.0
20230902:0611,54210.0,39.56,7.35,12.0,1.52,0.0
20230902:0711,185562.0,102.01,16.09,13.48,0.9,0.0
20230902:0811,442546.0,218.87,24.53,15.15,0.97,0.0
20230902:0911,1232764.0,589.86,32.17,16.53,1.45,0.0
20230902:1011,1489748.0,722.36,38.41,17.36,1.59,0.0
20230902:1111,1727570.0,857.95,42.49,18.41,1.38,0.0
20230902:1211,1963702.0,1003.0,43.73,19.18,1.1,0.0
20230902:1311,1936298.0,980.07,41.89,19.6,1.45,0.0
20230902:1411,1632358.0,802.97,37.32,19.93,1.93,0.0
20230902:1511,1292746.0,625.3,30.75,20.14,2.28,0.0
20230902:1611,736476.0,361.21,22.9,20.16,2.41,0.0
20230902:1711,376298.0,211.72,14.37,19.92,2.07,0.0
20230902:1811,37492.0,32.74,5.62,19.36,2.07,0.0
20230902:1911,0.0,0.0,0.0,18.5,2.07,0.0
20230902:2011,0.0,0.0,0.0,16.48,2.21,0.0
20230902:2111,0.0,0.0,0.0,14.78,1.79,0.0
20230902:2211,0.0,0.0,0.0,13.61,2.07,0.0
20230902:2311,0.0,0.0,0.0,13.07,2.34,0.0
20230903:0011,0.0,0.0,0.0,12.85,2.41,0.0
20230903:0111,0.0,0.0,0.0,12.49,2.14,0.0
20230903:0211,0.0,0.0,0.0,11.82,1.86,0.0
20230903:0311,0.0,0.0,0.0,11.35,1.86,0.0
20230903:0411,0.0,0.0,0.0,11.12,2.07,0.0
20230903:0511,0.0,0.0,0.0,11.01,2.0,0.0
20230903:0611,65468.0,46.85,7.1,10.95,1.93,0.0
20230903:0711,341042.0,177.08,15.84,13.41,2.14,0.0
20230903:0811,945698.0,451.64,24.27,16.5,2.34,0.0
20230903:0911,1441466.0,686.94,31.89,18.1,3.1,0.0
20230903:1011,1827878.0,887.91,38.1,19.49,3.45,0.0
20230903:1111,1973088.0,969.78,42.15,20.62,3.72,0.0
20230903:1211,2008552.0,988.0,43.36,21.37,4.21,0.0
20230903:1311,1865058.0,909.97,41.51,21.85,4.55,0.0
20230903:1411,1650948.0,798.86,36.95,21.91,4.41,0.0
20230903:1511,1375608.0,662.16,30.39,21.93,4.14,0.0
20230903:1611,859196.0,420.67,22.55,21.54,3.66,0.0
20230903:1711,379704.0,215.34,14.02,20.92,2.83,0.0
20230903:1811,22828.0,26.48,5.27,19.69,2.34,0.0
20230903:1911,0.0,0.0,0.0,18.29,2.0,0.0
20230903:2011,0.0,0.0,0.0,16.03,1.72,0.0
20230903:2111,0.0,0.0,0.0,14.41,1.52,0.0
20230903:2211,0.0,0.0,0.0,13.77,1.24,0.0
20230903:2311,0.0,0.0,0.0,12.86,1.31,0.0
20230904:0011,0.0,0.0,0.0,11.98,1.52,0.0
20230904:0111,0.0,0.0,0.0,12.21,1.31,0.0
20230904:0211,0.0,0.0,0.0,13.01,1.03,0.0
20230904:0311,0.0,0.0,0.0,12.81,1.1,0.0
20230904:0411,0.0,0.0,0.0,12.36,1.24,0.0
20230904:0511,0.0,0.0,0.0,11.24,1.59,0.0
20230904:0611,67002.0,56.37,6.86,10.82,1.79,0.0
20230904:0711,444288.0,231.17,15.59,13.3,1.17,0.0
20230904:0811,983476.0,473.11,24.01,16.91,1.66,0.0
20230904:0911,1442064.0,696.45,31.61,19.06,2.28,0.0
20230904:1011,1793012.0,884.35,37.79,20.86,2.69,0.0
20230904:1111,1967758.0,983.54,41.8,22.25,3.1,0.0
20230904:1211,1993550.0,1001.88,43.0,23.2,3.24,0.0
20230904:1311,1883206.0,943.19,41.14,23.88,3.24,0.0
20230904:1411,1667744.0,827.75,36.58,24.37,3.17,0.0
20230904:1511,1248884.0,614.12,30.03,24.62,2.83,0.0
20230904:1611,816426.0,409.07,22.19,24.65,2.34,0.0
20230904:1711,341640.0,197.86,13.67,24.28,1.59,0.0
20230904:1811,28626.0,27.7,4.93,23.23,1.79,0.0
20230904:1911,0.0,0.0,0.0,21.2,2.48,0.0
20230904:2011,0.0,0.0,0.0,19.21,2.55,0.0
20230904:2111,0.0,0.0,0.0,17.7,2.34,0.0
20230904:2211,0.0,0.0,0.0,16.26,2.0,0.0
20230904:2311,0.0,0.0,0.0,15.15,1.52,0.0
20230905:0011,0.0,0.0,0.0,15.96,0.97,0.0
20230905:0111,0.0,0.0,0.0,15.62,0.55,0.0
20230905:0211,0.0,0.0,0.0,15.08,0.41,0.0
20230905:0311,0.0,0.0,0.0,14.6,0.62,0.0
20230905:0411,0.0,0.0,0.0,13.12,1.17,0.0
20230905:0511,0.0,0.0,0.0,11.28,1.59,0.0
20230905:0611,63622.0,53.25,6.61,11.17,1.93,0.0
20230905:0711,453128.0,236.09,15.34,13.47,1.38,0.0
20230905:0811,985660.0,473.44,23.74,16.59,1.66,0.0
20230905:0911,1439880.0,697.38,31.32,18.83,1.93,0.0
20230905:1011,1777906.0,879.28,37.47,20.61,2.34,0.0
20230905:1111,1939132.0,966.26,41.45,21.83,3.03,0.0
20230905:1211,1988168.0,989.77,42.62,22.59,3.66,0.0
20230905:1311,1888250.0,932.35,40.76,22.93,4.0,0.0
20230905:1411,1691456.0,826.17,36.21,22.83,4.0,0.0
20230905:1511,1361126.0,658.08,29.66,22.38,3.79,0.0
20230905:1611,854802.0,418.96,21.84,21.61,3.79,0.0
20230905:1711,356278.0,203.56,13.32,20.5,3.31,0.0
20230905:1811,24154.0,24.51,4.58,18.92,2.83,0.0
20230905:1911,0.0,0.0,0.0,17.12,2.76,0.0
20230905:2011,0.0,0.0,0.0,15.66,2.34,0.0
20230905:2111,0.0,0.0,0.0,14.62,2.28,0.0
20230905:2211,0.0,0.0,0.0,13.84,2.28,0.0
20230905:2311,0.0,0.0,0.0,13.46,2.28,0.0
20230906:0011,0.0,0.0,0.0,13.08,2.14,0.0
20230906:0111,0.0,0.0,0.0,12.69,2.07,0.0
20230906:0211,0.0,0.0,0.0,12.34,2.0,0.0
20230906:0311,0.0,0.0,0.0,12.01,2.0,0.0
20230906:0411,0.0,0.0,0.0,11.73,1.93,0.0
20230906:0511,0.0,0.0,0.0,11.49,1.79,0.0
20230906:0611,2860.0,8.34,6.36,11.51,1.59,0.0
20230906:0711,189748.0,104.66,15.09,14.35,1.1,0.0
20230906:0811,350610.0,177.48,23.48,15.36,0.76,0.0
20230906:0911,760370.0,367.04,31.04,16.15,0.28,0.0
20230906:1011,1606982.0,807.29,37.15,17.57,0.14,0.0
20230906:1111,1776112.0,918.12,41.1,19.61,0.14,0.0
20230906:1211,1833962.0,953.72,42.25,21.36,0.48,0.0
20230906:1311,1721538.0,881.95,40.38,22.74,0.97,0.0
20230906:1411,1482104.0,745.15,35.83,23.73,1.31,0.0
20230906:1511,1193946.0,594.26,29.3,24.4,1.38,0.0
20230906:1611,477048.0,245.28,21.48,24.7,1.45,0.0
20230906:1711,190580.0,112.42,12.97,24.65,1.24,0.0
20230906:1811,18928.0,20.23,4.22,23.67,1.72,0.0
20230906:1911,0.0,0.0,0.0,22.0,2.0,0.0
20230906:2011,0.0,0.0,0.0,20.25,1.93,0.0
20230906:2111,0.0,0.0,0.0,18.63,1.79,0.0
20230906:2211,0.0,0.0,0.0,17.32,1.72,0.0
20230906:2311,0.0,0.0,0.0,16.49,1.59,0.0
20230907:0011,0.0,0.0,0.0,16.05,1.52,0.0
20230907:0111,0.0,0.0,0.0,16.85,0.97,0.0
20230907:0211,0.0,0.0,0.0,17.13,0.48,0.0
20230907:0311,0.0,0.0,0.0,16.95,0.28,0.0
20230907:0411,0.0,0.0,0.0,16.77,0.62,0.0
20230907:0511,0.0,0.0,0.0,16.38,0.83,0.0
20230907:0611,18772.0,19.47,6.11,15.62,1.03,0.0
20230907:0711,218400.0,119.5,14.84,15.85,1.1,0.0
20230907:0811,714324.0,348.79,23.21,18.46,1.1,0.0
20230907:0911,1050608.0,509.34,30.75,19.72,1.31,0.0
20230907:1011,1138826.0,558.63,36.83,21.17,1.17,0.0
20230907:1111,1241578.0,612.02,40.75,22.21,1.59,0.0
20230907:1211,1700010.0,859.89,41.88,23.25,1.72,0.0
20230907:1311,964782.0,477.04,39.99,24.01,1.72,0.0
20230907:1411,1449890.0,725.64,35.45,24.59,1.79,0.0
20230907:1511,1204008.0,594.59,28.93,24.62,2.21,0.0
20230907:1611,500370.0,254.72,21.12,24.2,2.76,0.0
20230907:1711,97058.0,62.43,12.61,23.06,2.41,0.0
20230907:1811,12454.0,15.76,3.87,21.27,2.21,0.0
20230907:1911,0.0,0.0,0.0,18.89,2.21,0.0
20230907:2011,0.0,0.0,0.0,17.55,2.0,0.0
20230907:2111,0.0,0.0,0.0,16.68,1.66,0.0
20230907:2211,0.0,0.0,0.0,15.98,1.79,0.0
20230907:2311,0.0,0.0,0.0,15.48,1.86,0.0
20230908:0011,0.0,0.0,0.0,14.95,1.93,0.0
20230908:0111,0.0,0.0,0.0,14.56,2.0,0.0
20230908:0211,0.0,0.0,0.0,14.62,1.93,0.0
20230908:0311,0.0,0.0,0.0,14.43,1.66,0.0
20230908:0411,0.0,0.0,0.0,14.21,1.31,0.0
20230908:0511,0.0,0.0,0.0,14.0,1.24,0.0
20230908:0611,36010.0,30.02,5.86,13.89,1.24,0.0
20230908:0711,182260.0,101.36,14.58,14.44,0.76,0.0
20230908:0811,356252.0,180.28,22.95,15.45,0.48,0.0
20230908:0911,589420.0,288.56,30.46,16.97,0.28,0.0
20230908:1011,1117194.0,549.3,36.51,18.68,0.07,0.0
20230908:1111,1423500.0,718.68,40.4,20.48,0.14,0.0
20230908:1211,1230216.0,618.5,41.5,22.05,0.21,0.0
20230908:1311,1280058.0,648.8,39.61,23.22,0.21,0.0
20230908:1411,639288.0,322.25,35.07,24.07,0.41,0.0
20230908:1511,1186328.0,594.98,28.56,24.51,0.83,0.0
20230908:1611,657930.0,334.62,20.76,24.88,1.1,0.0
20230908:1711,234000.0,138.54,12.26,24.9,1.03,0.0
20230908:1811,9256.0,13.7,3.51,24.06,1.59,0.0
20230908:1911,0.0,0.0,0.0,22.3,1.59,0.0
20230908:2011,0.0,0.0,0.0,20.29,1.79,0.0
20230908:2111,0.0,0.0,0.0,18.89,1.86,0.0
20230908:2211,0.0,0.0,0.0,17.96,1.93,0.0
20230908:2311,0.0,0.0,0.0,17.42,1.79,0.0
20230909:0011,0.0,0.0,0.0,17.12,1.66,0.0
20230909:0111,0.0,0.0,0.0,17.21,1.38,0.0
20230909:0211,0.0,0.0,0.0,16.35,1.86,0.0
20230909:0311,0.0,0.0,0.0,16.08,1.79,0.0
20230909:0411,0.0,0.0,0.0,15.74,1.72,0.0
20230909:0511,0.0,0.0,0.0,15.22,1.79,0.0
20230909:0611,17290.0,18.54,5.61,15.38,1.86,0.0
20230909:0711,207974.0,115.2,14.33,16.9,0.97,0.0
20230909:0811,217074.0,118.97,22.68,20.21,1.17,0.0
20230909:0911,850720.0,415.9,30.17,22.13,1.79,0.0
20230909:1011,1563406.0,781.54,36.19,23.72,1.93,0.0
20230909:1111,1760382.0,897.64,40.04,24.93,1.93,0.0
20230909:1211,1799044.0,923.75,41.12,25.84,2.0,0.0
20230909:1311,1654796.0,837.07,39.22,26.53,2.62,0.0
20230909:1411,1347398.0,670.71,34.69,26.5,2.76,0.0
20230909:1511,1196364.0,593.32,28.18,26.18,2.55,0.0
20230909:1611,745888.0,377.99,20.4,25.72,2.07,0.0
20230909:1711,166452.0,100.49,11.9,24.34,1.52,0.0
20230909:1811,8476.0,13.12,3.15,23.81,1.31,0.0
20230909:1911,0.0,0.0,0.0,23.01,1.72,0.0
20230909:2011,0.0,0.0,0.0,21.03,1.79,0.0
20230909:2111,0.0,0.0,0.0,19.58,1.86,0.0
20230909:2211,0.0,0.0,0.0,18.65,1.86,0.0
20230909:2311,0.0,0.0,0.0,17.76,1.72,0.0
20230910:0011,0.0,0.0,0.0,16.98,1.52,0.0
20230910:0111,0.0,0.0,0.0,16.79,1.59,0.0
20230910:0211,0.0,0.0,0.0,16.49,1.45,0.0
20230910:0311,0.0,0.0,0.0,16.35,1.45,0.0
20230910:0411,0.0,0.0,0.0,16.25,1.59,0.0
20230910:0511,0.0,0.0,0.0,16.23,1.59,0.0
20230910:0611,38948.0,37.37,5.36,16.43,1.59,0.0
20230910:0711,242606.0,132.39,14.07,16.61,1.24,0.0
20230910:0811,881530.0,426.13,22.41,17.5,1.38,0.0
20230910:0911,884234.0,426.17,29.87,19.23,1.72,0.0
20230910:1011,766246.0,374.84,35.87,21.92,2.28,0.0
20230910:1111,168740.0,97.35,39.69,23.43,2.48,0.0
20230910:1211,282438.0,152.05,40.74,24.76,2.48,0.0
20230910:1311,1095146.0,540.58,38.83,24.88,2.41,0.0
20230910:1411,926042.0,454.79,34.3,24.47,2.69,0.0
20230910:1511,247884.0,135.11,27.81,23.66,2.07,0.0
20230910:1611,300560.0,159.89,20.03,22.97,1.59,0.0
20230910:1711,77246.0,52.28,11.54,22.16,1.31,0.0
20230910:1811,5148.0,10.49,2.79,21.35,0.21,0.0
20230910:1911,0.0,0.0,0.0,20.7,1.59,0.0
20230910:2011,0.0,0.0,0.0,20.25,1.93,0.0
20230910:2111,0.0,0.0,0.0,19.79,1.93,0.0
20230910:2211,0.0,0.0,0.0,19.3,2.0,0.0
20230910:2311,0.0,0.0,0.0,19.03,2.07,0.0
20230911:0011,0.0,0.0,0.0,18.51,2.28,0.0
20230911:0111,0.0,0.0,0.0,17.98,2.28,0.0
20230911:0211,0.0,0.0,0.0,17.73,2.55,0.0
20230911:0311,0.0,0.0,0.0,17.72,2.83,0.0
20230911:0411,0.0,0.0,0.0,17.44,3.17,0.0
20230911:0511,0.0,0.0,0.0,17.52,3.38,0.0
20230911:0611,33618.0,31.52,5.11,17.49,3.38,0.0
20230911:0711,261586.0,142.46,13.82,18.18,3.38,0.0
20230911:0811,650234.0,314.0,22.14,18.65,4.83,0.0
20230911:0911,654082.0,315.01,29.58,19.44,5.17,0.0
20230911:1011,626626.0,304.68,35.54,20.27,4.76,0.0
20230911:1111,640146.0,312.19,39.33,20.87,4.62,0.0
20230911:1211,348972.0,179.86,40.36,21.05,4.28,0.0
20230911:1311,180570.0,101.98,38.44,21.45,4.07,0.0
20230911:1411,161902.0,92.71,33.92,20.15,3.24,0.0
20230911:1511,368030.0,187.95,27.43,20.25,3.03,0.0
20230911:1611,159276.0,91.46,19.66,19.99,2.76,0.0
20230911:1711,180596.0,106.81,11.18,19.48,2.28,0.0
20230911:1811,5252.0,10.49,2.43,18.78,2.28,0.0
20230911:1911,0.0,0.0,0.0,17.33,2.07,0.0
20230911:2011,0.0,0.0,0.0,16.74,2.0,0.0
20230911:2111,0.0,0.0,0.0,16.09,2.07,0.0
20230911:2211,0.0,0.0,0.0,15.8,1.72,0.0
20230911:2311,0.0,0.0,0.0,15.59,1.66,0.0
20230912:0011,0.0,0.0,0.0,15.41,1.79,0.0
20230912:0111,0.0,0.0,0.0,15.19,1.79,0.0
20230912:0211,0.0,0.0,0.0,15.06,1.86,0.0
20230912:0311,0.0,0.0,0.0,14.89,2.14,0.0
20230912:0411,0.0,0.0,0.0,14.65,2.55,0.0
20230912:0511,0.0,0.0,0.0,14.28,2.97,0.0
20230912:0611,25636.0,24.36,4.85,13.94,3.31,0.0
20230912:0711,17472.0,18.54,13.56,13.84,3.38,0.0
20230912:0811,284414.0,145.58,21.86,13.81,3.59,0.0
20230912:0911,410020.0,201.29,29.28,13.93,3.59,0.0
20230912:1011,213798.0,114.03,35.21,14.11,3.93,0.0
20230912:1111,215774.0,114.96,38.97,14.19,3.93,0.0
20230912:1211,222170.0,117.74,39.98,14.09,4.55,0.0
20230912:1311,365482.0,181.55,38.05,13.95,4.83,0.0
20230912:1411,243100.0,127.01,33.53,13.88,4.83,0.0
20230912:1511,226616.0,119.6,27.05,13.93,5.17,0.0
20230912:1611,190606.0,103.26,19.29,13.68,5.03,0.0
20230912:1711,149656.0,87.52,10.81,13.33,4.62,0.0
20230912:1811,2262.0,7.87,2.07,12.85,4.07,0.0
20230912:1911,0.0,0.0,0.0,12.64,3.93,0.0
20230912:2011,0.0,0.0,0.0,12.16,3.93,0.0
20230912:2111,0.0,0.0,0.0,11.75,3.93,0.0
20230912:2211,0.0,0.0,0.0,11.29,3.79,0.0
20230912:2311,0.0,0.0,0.0,10.85,3.59,0.0
20230913:0011,0.0,0.0,0.0,10.8,3.45,0.0
20230913:0111,0.0,0.0,0.0,10.85,3.45,0.0
20230913:0211,0.0,0.0,0.0,10.81,3.38,0.0
20230913:0311,0.0,0.0,0.0,10.7,3.31,0.0
20230913:0411,0.0,0.0,0.0,10.36,3.31,0.0
20230913:0511,0.0,0.0,0.0,10.8,3.31,0.0
20230913:0611,32994.0,34.37,4.6,10.29,2.9,0.0
20230913:0711,459524.0,236.97,13.3,10.31,2.76,0.0
20230913:0811,1014546.0,473.76,21.59,12.27,2.76,0.0
20230913:0911,1460056.0,682.16,28.98,13.84,2.97,0.0
20230913:1011,1782144.0,852.33,34.88,14.89,2.55,0.0
20230913:1111,1829178.0,891.8,38.61,15.41,1.79,0.0
20230913:1211,1154712.0,551.84,39.59,15.67,1.24,0.0
20230913:1311,1187966.0,568.47,37.66,15.94,1.24,0.0
20230913:1411,1101282.0,522.6,33.14,16.06,1.79,0.0
20230913:1511,1205412.0,570.36,26.67,16.02,2.28,0.0
20230913:1611,636740.0,309.44,18.92,15.91,2.48,0.0
20230913:1711,155818.0,92.21,10.45,15.61,2.55,0.0
20230913:1811,0.0,5.25,1.7,14.94,2.62,0.0
20230913:1911,0.0,0.0,0.0,14.3,2.97,0.0
20230913:2011,0.0,0.0,0.0,13.77,3.52,0.0
20230913:2111,0.0,0.0,0.0,13.68,4.21,0.0
20230913:2211,0.0,0.0,0.0,13.62,4.62,0.0
20230913:2311,0.0,0.0,0.0,13.59,4.62,0.0
20230914:0011,0.0,0.0,0.0,13.96,4.62,0.0
20230914:0111,0.0,0.0,0.0,14.3,4.55,0.0
20230914:0211,0.0,0.0,0.0,14.63,4.62,0.0
20230914:0311,0.0,0.0,0.0,14.81,4.69,0.0
20230914:0411,0.0,0.0,0.0,14.8,4.41,0.0
20230914:0511,0.0,0.0,0.0,14.67,3.93,0.0
20230914:0611,0.0,4.64,4.34,14.5,3.45,0.0
20230914:0711,72670.0,48.21,13.04,14.53,2.97,0.0
20230914:0811,320060.0,162.59,21.31,15.13,2.76,0.0
20230914:0911,974558.0,457.47,28.68,16.07,3.24,0.0
20230914:1011,1350440.0,638.77,34.55,16.79,3.03,0.0
20230914:1111,989404.0,469.07,38.24,17.63,3.24,0.0
20230914:1211,1054378.0,500.23,39.2,18.43,3.72,0.0
20230914:1311,714402.0,343.37,37.26,18.67,3.79,0.0
20230914:1411,1409538.0,670.06,32.75,18.77,3.72,0.0
20230914:1511,434200.0,216.24,26.29,18.55,3.31,0.0
20230914:1611,572390.0,282.27,18.55,18.18,2.83,0.0
20230914:1711,41210.0,32.45,10.08,17.64,2.0,0.0
20230914:1811,0.0,0.87,1.34,16.56,1.52,0.0
20230914:1911,0.0,0.0,0.0,15.1,1.38,0.0
20230914:2011,0.0,0.0,0.0,14.59,0.97,0.0
20230914:2111,0.0,0.0,0.0,14.6,0.76,0.0
20230914:2211,0.0,0.0,0.0,14.47,0.69,0.0
20230914:2311,0.0,0.0,0.0,13.98,0.83,0.0
20230915:0011,0.0,0.0,0.0,13.93,1.24,0.0
20230915:0111,0.0,0.0,0.0,13.79,1.66,0.0
20230915:0211,0.0,0.0,0.0,13.62,1.66,0.0
20230915:0311,0.0,0.0,0.0,13.32,1.66,0.0
20230915:0411,0.0,0.0,0.0,13.25,1.59,0.0
20230915:0511,0.0,0.0,0.0,13.33,1.59,0.0
20230915:0611,2808.0,8.34,4.09,13.33,1.52,0.0
20230915:0711,38766.0,30.59,12.78,13.09,1.79,0.0
20230915:0811,88140.0,55.63,21.04,13.47,1.86,0.0
20230915:0911,237484.0,125.16,28.38,14.17,1.72,0.0
20230915:1011,495638.0,241.77,34.22,14.99,1.72,0.0
20230915:1111,369616.0,186.23,37.88,15.74,1.31,0.0
20230915:1211,575328.0,280.74,38.82,16.44,1.03,0.0
20230915:1311,592358.0,288.78,36.87,16.95,1.17,0.0
20230915:1411,1162694.0,560.13,32.36,17.76,1.17,0.0
20230915:1511,937690.0,451.61,25.91,18.17,1.17,0.0
20230915:1611,537706.0,267.67,18.18,18.35,1.66,0.0
20230915:1711,190424.0,115.23,9.71,17.96,1.79,0.0
20230915:1811,0.0,0.0,0.0,17.34,2.07,0.0
20230915:1911,0.0,0.0,0.0,15.68,2.62,0.0
20230915:2011,0.0,0.0,0.0,15.12,2.62,0.0
20230915:2111,0.0,0.0,0.0,14.71,2.41,0.0
20230915:2211,0.0,0.0,0.0,14.42,2.34,0.0
20230915:2311,0.0,0.0,0.0,13.81,2.62,0.0
20230916:0011,0.0,0.0,0.0,13.68,2.83,0.0
20230916:0111,0.0,0.0,0.0,13.58,2.97,0.0
20230916:0211,0.0,0.0,0.0,13.48,3.03,0.0
20230916:0311,0.0,0.0,0.0,13.75,3.24,0.0
20230916:0411,0.0,0.0,0.0,13.5,3.59,0.0
20230916:0511,0.0,0.0,0.0,13.46,3.72,0.0
20230916:0611,0.0,2.78,3.83,13.44,3.93,0.0
20230916:0711,169130.0,94.84,12.51,13.37,4.41,0.0
20230916:0811,147160.0,83.44,20.76,13.93,5.45,0.0
20230916:0911,136682.0,78.8,28.08,14.65,5.66,0.0
20230916:1011,120354.0,71.39,33.88,15.46,5.72,0.0
20230916:1111,322998.0,164.1,37.51,16.17,5.72,0.0
20230916:1211,257348.0,134.43,38.43,15.81,5.24,0.0
20230916:1311,307632.0,156.68,36.47,15.27,5.24,0.0
20230916:1411,555646.0,265.57,31.97,14.92,5.38,0.0
20230916:1511,211354.0,113.11,25.53,14.91,6.0,0.0
20230916:1611,436878.0,215.09,17.8,15.09,6.21,0.0
20230916:1711,31720.0,26.89,9.34,14.76,5.17,0.0
20230916:1811,0.0,0.0,0.0,14.35,4.48,0.0
20230916:1911,0.0,0.0,0.0,14.18,4.48,0.0
20230916:2011,0.0,0.0,0.0,14.13,4.14,0.0
20230916:2111,0.0,0.0,0.0,14.18,3.72,0.0
20230916:2211,0.0,0.0,0.0,14.21,3.45,0.0
20230916:2311,0.0,0.0,0.0,14.18,3.31,0.0
20230917:0011,0.0,0.0,0.0,14.22,3.31,0.0
20230917:0111,0.0,0.0,0.0,14.25,2.97,0.0
20230917:0211,0.0,0.0,0.0,14.32,2.97,0.0
20230917:0311,0.0,0.0,0.0,14.36,2.97,0.0
20230917:0411,0.0,0.0,0.0,14.36,2.83,0.0
20230917:0511,0.0,0.0,0.0,14.21,2.48,0.0
20230917:0611,0.0,2.78,3.57,14.26,2.48,0.0
20230917:0711,50674.0,37.08,12.25,14.78,3.38,0.0
20230917:0811,334334.0,168.73,20.48,15.29,3.93,0.0
20230917:0911,281190.0,145.32,27.78,16.09,4.76,0.0
20230917:1011,469872.0,230.17,33.55,17.05,5.38,0.0
20230917:1111,178308.0,99.2,37.15,17.61,5.59,0.0
20230917:1211,585546.0,283.04,38.04,18.03,5.52,0.0
20230917:1311,861848.0,407.3,36.07,18.29,5.45,0.0
20230917:1411,790582.0,374.45,31.57,18.14,5.17,0.0
20230917:1511,653900.0,312.99,25.14,17.88,4.62,0.0
20230917:1611,109330.0,66.75,17.43,17.53,4.28,0.0
20230917:1711,44876.0,34.3,8.98,16.93,4.48,0.0
20230917:1811,0.0,0.0,0.0,16.11,4.07,0.0
20230917:1911,0.0,0.0,0.0,15.56,3.38,0.0
20230917:2011,0.0,0.0,0.0,15.41,3.66,0.0
20230917:2111,0.0,0.0,0.0,15.32,4.0,0.0
20230917:2211,0.0,0.0,0.0,15.18,3.45,0.0
20230917:2311,0.0,0.0,0.0,14.95,3.24,0.0
20230918:0011,0.0,0.0,0.0,14.95,3.45,0.0
20230918:0111,0.0,0.0,0.0,14.98,3.31,0.0
20230918:0211,0.0,0.0,0.0,15.17,3.17,0.0
20230918:0311,0.0,0.0,0.0,15.43,3.1,0.0
20230918:0411,0.0,0.0,0.0,15.65,3.03,0.0
20230918:0511,0.0,0.0,0.0,15.86,3.24,0.0
20230918:0611,7462.0,12.05,3.31,16.13,3.72,0.0
20230918:0711,48646.0,36.16,11.98,15.85,3.79,0.0
20230918:0811,87126.0,55.63,20.2,16.12,4.34,0.0
20230918:0911,815672.0,382.78,27.47,16.48,4.97,0.0
20230918:1011,415714.0,205.48,33.21,16.08,4.76,0.0
20230918:1111,104546.0,63.97,36.78,15.75,4.69,0.0
20230918:1211,251420.0,131.65,37.65,15.57,4.97,0.0
20230918:1311,534144.0,256.39,35.68,14.55,4.76,0.0
20230918:1411,806754.0,374.94,31.18,14.01,4.9,0.0
20230918:1511,1051648.0,482.36,24.76,13.71,5.86,0.0
20230918:1611,556790.0,268.62,17.05,13.85,5.59,0.0
20230918:1711,194922.0,118.4,8.61,13.36,6.0,0.0
20230918:1811,0.0,0.0,0.0,12.14,5.72,0.0
20230918:1911,0.0,0.0,0.0,11.65,4.76,0.0
20230918:2011,0.0,0.0,0.0,11.28,5.1,0.0
20230918:2111,0.0,0.0,0.0,11.04,5.03,0.0
20230918:2211,0.0,0.0,0.0,11.19,4.9,0.0
20230918:2311,0.0,0.0,0.0,10.99,4.9,0.0
20230919:0011,0.0,0.0,0.0,10.78,5.17,0.0
20230919:0111,0.0,0.0,0.0,10.72,5.31,0.0
20230919:0211,0.0,0.0,0.0,10.96,5.24,0.0
20230919:0311,0.0,0.0,0.0,11.42,5.45,0.0
20230919:0411,0.0,0.0,0.0,11.69,5.45,0.0
20230919:0511,0.0,0.0,0.0,11.32,5.1,0.0
20230919:0611,0.0,3.71,3.05,11.02,4.21,0.0
20230919:0711,46254.0,34.3,11.72,11.35,4.55,0.0
20230919:0811,120276.0,70.46,19.92,12.31,5.66,0.0
20230919:0911,237406.0,124.23,27.16,14.0,8.0,0.0
20230919:1011,147836.0,84.37,32.87,16.21,10.0,0.0
20230919:1111,541788.0,261.23,36.41,17.39,9.31,0.0
20230919:1211,365950.0,184.42,37.26,18.11,7.79,0.0
20230919:1311,168714.0,94.56,35.28,17.32,6.97,0.0
20230919:1411,270140.0,140.92,30.78,17.25,6.28,0.0
20230919:1511,96226.0,60.26,24.37,17.18,6.55,0.0
20230919:1611,121420.0,72.31,16.68,17.09,7.59,0.0
20230919:1711,7436.0,12.05,8.24,16.83,7.72,0.0
20230919:1811,0.0,0.0,0.0,16.67,7.17,0.0
20230919:1911,0.0,0.0,0.0,16.85,7.59,0.0
20230919:2011,0.0,0.0,0.0,16.72,7.66,0.0
20230919:2111,0.0,0.0,0.0,16.96,8.07,0.0
20230919:2211,0.0,0.0,0.0,16.88,8.34,0.0
20230919:2311,0.0,0.0,0.0,16.76,8.28,0.0
20230920:0011,0.0,0.0,0.0,16.94,8.34,0.0
20230920:0111,0.0,0.0,0.0,16.91,8.41,0.0
20230920:0211,0.0,0.0,0.0,17.06,8.62,0.0
20230920:0311,0.0,0.0,0.0,17.32,8.69,0.0
20230920:0411,0.0,0.0,0.0,17.27,8.69,0.0
20230920:0511,0.0,0.0,0.0,17.27,8.62,0.0
20230920:0611,0.0,1.85,2.79,17.11,8.69,0.0
20230920:0711,7384.0,12.05,11.45,17.47,9.31,0.0
20230920:0811,57200.0,40.79,19.63,17.32,9.03,0.0
20230920:0911,377286.0,187.93,26.85,16.99,8.9,0.0
20230920:1011,399672.0,198.22,32.53,17.15,9.1,0.0
20230920:1111,434668.0,214.03,36.04,17.24,8.76,0.0
20230920:1211,225888.0,120.52,36.87,16.91,8.0,0.0
20230920:1311,1262716.0,583.77,34.88,16.58,6.83,0.0
20230920:1411,1005966.0,466.96,30.39,16.45,6.07,0.0
20230920:1511,266760.0,138.89,23.99,16.48,5.66,0.0
20230920:1611,72072.0,48.21,16.3,16.37,5.52,0.0
20230920:1711,10114.0,13.91,7.87,15.79,4.76,0.0
20230920:1811,0.0,0.0,0.0,15.07,4.34,0.0
20230920:1911,0.0,0.0,0.0,13.81,3.93,0.0
20230920:2011,0.0,0.0,0.0,13.32,3.79,0.0
20230920:2111,0.0,0.0,0.0,13.12,3.72,0.0
20230920:2211,0.0,0.0,0.0,12.48,3.79,0.0
20230920:2311,0.0,0.0,0.0,11.96,3.86,0.0
20230921:0011,0.0,0.0,0.0,11.42,3.52,0.0
20230921:0111,0.0,0.0,0.0,11.01,3.38,0.0
20230921:0211,0.0,0.0,0.0,10.66,3.31,0.0
20230921:0311,0.0,0.0,0.0,10.32,3.31,0.0
20230921:0411,0.0,0.0,0.0,10.0,3.24,0.0
20230921:0511,0.0,0.0,0.0,9.55,3.1,0.0
20230921:0611,9256.0,15.68,2.53,9.11,3.1,0.0
20230921:0711,441792.0,229.23,11.18,9.73,3.31,0.0
20230921:0811,981110.0,454.32,19.35,11.31,3.59,0.0
20230921:0911,1443702.0,663.29,26.55,12.86,4.41,0.0
20230921:1011,1673516.0,776.86,32.19,13.93,4.55,0.0
20230921:1111,460746.0,224.34,35.67,14.86,4.9,0.0
20230921:1211,983216.0,457.36,36.48,15.5,5.17,0.0
20230921:1311,1353612.0,628.83,34.48,15.67,4.97,0.0
20230921:1411,1285856.0,597.88,29.99,15.59,4.34,0.0
20230921:1511,1225224.0,571.97,23.6,15.46,3.79,0.0
20230921:1611,691236.0,335.73,15.93,15.2,3.17,0.0
20230921:1711,189540.0,120.77,7.49,14.53,2.14,0.0
20230921:1811,0.0,0.0,0.0,13.53,1.93,0.0
20230921:1911,0.0,0.0,0.0,11.67,2.14,0.0
20230921:2011,0.0,0.0,0.0,10.39,2.0,0.0
20230921:2111,0.0,0.0,0.0,9.1,1.86,0.0
20230921:2211,0.0,0.0,0.0,7.97,1.86,0.0
20230921:2311,0.0,0.0,0.0,7.11,1.86,0.0
20230922:0011,0.0,0.0,0.0,6.63,1.86,0.0
20230922:0111,0.0,0.0,0.0,6.54,2.0,0.0
20230922:0211,0.0,0.0,0.0,6.56,2.21,0.0
20230922:0311,0.0,0.0,0.0,6.63,2.34,0.0
20230922:0411,0.0,0.0,0.0,7.14,2.21,0.0
20230922:0511,0.0,0.0,0.0,7.35,2.28,0.0
20230922:0611,0.0,3.71,2.27,7.72,2.21,0.0
20230922:0711,315900.0,166.41,10.91,9.37,2.21,0.0
20230922:0811,678340.0,317.21,19.06,11.33,3.86,0.0
20230922:0911,690014.0,321.77,26.23,12.46,3.86,0.0
20230922:1011,691106.0,324.68,31.85,13.66,3.72,0.0
20230922:1111,665548.0,315.33,35.3,14.62,3.59,0.0
20230922:1211,847756.0,397.99,36.08,14.77,3.17,0.0
20230922:1311,785356.0,369.49,34.08,15.2,3.66,0.0
20230922:1411,855010.0,400.76,29.6,15.33,3.45,0.0
20230922:1511,684918.0,324.57,23.22,15.43,3.38,0.0
20230922:1611,388102.0,194.88,15.55,14.9,2.76,0.0
20230922:1711,72072.0,49.73,7.12,13.45,2.28,0.0
20230922:1811,0.0,0.0,0.0,12.61,2.55,0.0
20230922:1911,0.0,0.0,0.0,11.55,2.83,0.0
20230922:2011,0.0,0.0,0.0,10.79,2.69,0.0
20230922:2111,0.0,0.0,0.0,10.14,2.83,0.0
20230922:2211,0.0,0.0,0.0,9.81,2.9,0.0
20230922:2311,0.0,0.0,0.0,9.59,2.97,0.0
20230923:0011,0.0,0.0,0.0,9.49,2.9,0.0
20230923:0111,0.0,0.0,0.0,9.43,2.76,0.0
20230923:0211,0.0,0.0,0.0,9.43,2.55,0.0
20230923:0311,0.0,0.0,0.0,9.12,2.48,0.0
20230923:0411,0.0,0.0,0.0,9.12,2.34,0.0
20230923:0511,0.0,0.0,0.0,8.79,2.28,0.0
20230923:0611,858.0,6.49,2.0,8.82,1.86,0.0
20230923:0711,165672.0,93.11,10.64,9.79,0.97,0.0
20230923:0811,336336.0,167.94,18.78,11.26,0.76,0.0
20230923:0911,157586.0,88.08,25.92,12.2,0.48,0.0
20230923:1011,1093794.0,510.88,31.51,12.84,1.72,0.0
20230923:1111,1041586.0,486.63,34.93,14.08,2.62,0.0
20230923:1211,641628.0,305.19,35.69,14.89,3.59,0.0
20230923:1311,699374.0,330.81,33.68,15.33,4.0,0.0
20230923:1411,344838.0,173.41,29.2,15.36,4.14,0.0
20230923:1511,627900.0,297.91,22.83,15.07,4.14,0.0
20230923:1611,227500.0,120.95,15.17,14.64,3.86,0.0
20230923:1711,94250.0,63.3,6.75,13.89,3.17,0.0
20230923:1811,0.0,0.0,0.0,12.88,2.62,0.0
20230923:1911,0.0,0.0,0.0,12.14,2.62,0.0
20230923:2011,0.0,0.0,0.0,11.18,3.03,0.0
20230923:2111,0.0,0.0,0.0,10.8,3.52,0.0
20230923:2211,0.0,0.0,0.0,10.87,4.28,0.0
20230923:2311,0.0,0.0,0.0,11.14,4.76,0.0
20230924:0011,0.0,0.0,0.0,11.33,5.03,0.0
20230924:0111,0.0,0.0,0.0,11.52,5.52,0.0
20230924:0211,0.0,0.0,0.0,11.82,5.66,0.0
20230924:0311,0.0,0.0,0.0,12.17,5.66,0.0
20230924:0411,0.0,0.0,0.0,12.84,5.59,0.0
20230924:0511,0.0,0.0,0.0,13.59,5.38,0.0
20230924:0611,0.0,1.85,1.74,14.16,5.1,0.0
20230924:0711,23556.0,22.25,10.37,14.82,5.17,0.0
20230924:0811,269750.0,139.73,18.49,15.55,5.31,0.0
20230924:0911,232336.0,123.29,25.61,16.24,5.17,0.0
20230924:1011,107926.0,65.82,31.17,16.74,5.72,0.0
20230924:1111,98150.0,61.19,34.55,17.19,6.97,0.0
20230924:1211,146744.0,84.37,35.3,17.35,6.48,0.0
20230924:1311,115414.0,69.53,33.28,17.31,6.9,0.0
20230924:1411,51740.0,38.01,28.81,17.67,6.97,0.0
20230924:1511,455234.0,223.49,22.45,18.17,7.24,0.0
20230924:1611,167596.0,94.76,14.79,18.69,7.86,0.0
20230924:1711,3744.0,9.27,6.38,18.51,8.14,0.0
20230924:1811,0.0,0.0,0.0,18.08,8.55,0.0
20230924:1911,0.0,0.0,0.0,17.86,8.55,0.0
20230924:2011,0.0,0.0,0.0,17.52,9.1,0.0
20230924:2111,0.0,0.0,0.0,17.21,9.31,0.0
20230924:2211,0.0,0.0,0.0,16.94,9.03,0.0
20230924:2311,0.0,0.0,0.0,16.54,8.55,0.0
20230925:0011,0.0,0.0,0.0,16.44,7.17,0.0
20230925:0111,0.0,0.0,0.0,16.14,6.21,0.0
20230925:0211,0.0,0.0,0.0,15.45,5.72,0.0
20230925:0311,0.0,0.0,0.0,14.84,5.66,0.0
20230925:0411,0.0,0.0,0.0,14.26,5.45,0.0
20230925:0511,0.0,0.0,0.0,13.7,5.38,0.0
20230925:0611,0.0,2.78,1.48,13.3,5.31,0.0
20230925:0711,335166.0,179.42,10.1,13.64,5.38,0.0
20230925:0811,890708.0,417.76,18.2,14.77,4.83,0.0
20230925:0911,1284712.0,592.63,25.3,15.93,6.14,0.0
20230925:1011,1482260.0,686.61,30.82,16.97,6.76,0.0
20230925:1111,1635296.0,762.75,34.18,17.73,6.9,0.0
20230925:1211,1478854.0,690.35,34.9,18.37,6.97,0.0
20230925:1311,804414.0,379.9,32.88,18.59,7.03,0.0
20230925:1411,1410916.0,659.26,28.41,18.65,6.34,0.0
20230925:1511,868218.0,409.7,22.06,18.36,5.52,0.0
20230925:1611,412334.0,208.77,14.42,18.03,4.48,0.0
20230925:1711,48048.0,37.5,6.01,17.32,3.59,0.0
20230925:1811,0.0,0.0,0.0,15.8,3.03,0.0
20230925:1911,0.0,0.0,0.0,14.98,3.03,0.0
20230925:2011,0.0,0.0,0.0,14.18,2.97,0.0
20230925:2111,0.0,0.0,0.0,13.45,2.97,0.0
20230925:2211,0.0,0.0,0.0,12.87,2.97,0.0
20230925:2311,0.0,0.0,0.0,12.34,2.97,0.0
20230926:0011,0.0,0.0,0.0,11.92,2.97,0.0
20230926:0111,0.0,0.0,0.0,11.63,3.03,0.0
20230926:0211,0.0,0.0,0.0,11.42,3.1,0.0
20230926:0311,0.0,0.0,0.0,11.4,3.24,0.0
20230926:0411,0.0,0.0,0.0,11.41,3.31,0.0
20230926:0511,0.0,0.0,0.0,11.31,3.59,0.0
20230926:0611,0.0,0.0,0.0,11.23,3.79,0.0
20230926:0711,180284.0,101.67,9.83,12.72,4.69,0.0
20230926:0811,119782.0,70.46,17.91,13.12,5.38,0.0
20230926:0911,396318.0,194.44,24.98,14.18,5.79,0.0
20230926:1011,264420.0,137.21,30.48,15.22,5.72,0.0
20230926:1111,806520.0,376.52,33.81,15.57,6.21,0.0
20230926:1211,1186978.0,549.79,34.51,16.06,5.86,0.0
20230926:1311,1583920.0,741.0,32.48,17.49,5.79,0.0
20230926:1411,209664.0,114.03,28.02,18.59,6.55,0.0
20230926:1511,364416.0,183.93,21.67,18.89,6.55,0.0
20230926:1611,494104.0,247.02,14.04,18.19,5.45,0.0
20230926:1711,121966.0,88.31,5.64,17.12,4.55,0.0
20230926:1811,0.0,0.0,0.0,15.84,3.93,0.0
20230926:1911,0.0,0.0,0.0,14.42,3.45,0.0
20230926:2011,0.0,0.0,0.0,14.12,3.52,0.0
20230926:2111,0.0,0.0,0.0,14.11,3.86,0.0
20230926:2211,0.0,0.0,0.0,13.51,3.86,0.0
20230926:2311,0.0,0.0,0.0,12.9,3.59,0.0
20230927:0011,0.0,0.0,0.0,12.36,3.38,0.0
20230927:0111,0.0,0.0,0.0,11.75,3.03,0.0
20230927:0211,0.0,0.0,0.0,11.26,2.69,0.0
20230927:0311,0.0,0.0,0.0,10.89,2.41,0.0
20230927:0411,0.0,0.0,0.0,10.65,2.07,0.0
20230927:0511,0.0,0.0,0.0,10.19,2.28,0.0
20230927:0611,0.0,0.0,0.0,9.74,2.34,0.0
20230927:0711,197886.0,110.28,9.56,11.0,2.14,0.0
20230927:0811,442416.0,214.48,17.62,12.15,2.97,0.0
20230927:0911,235040.0,123.36,24.67,13.61,3.59,0.0
20230927:1011,505284.0,243.55,30.13,14.67,4.21,0.0
20230927:1111,361270.0,180.9,33.43,15.77,5.31,0.0
20230927:1211,66586.0,45.43,34.12,16.35,6.76,0.0
20230927:1311,127452.0,75.1,32.08,16.82,7.38,0.0
20230927:1411,108186.0,65.82,27.62,16.37,6.34,0.0
20230927:1511,53872.0,38.94,21.29,16.4,6.48,0.0
20230927:1611,26494.0,24.1,13.67,16.62,7.1,0.0
20230927:1711,0.0,4.64,5.27,16.94,8.07,0.0
20230927:1811,0.0,0.0,0.0,17.25,8.62,0.0
20230927:1911,0.0,0.0,0.0,16.8,9.03,0.0
20230927:2011,0.0,0.0,0.0,16.62,8.9,0.0
20230927:2111,0.0,0.0,0.0,16.4,8.97,0.0
20230927:2211,0.0,0.0,0.0,15.9,9.17,0.0
20230927:2311,0.0,0.0,0.0,16.16,9.38,0.0
20230928:0011,0.0,0.0,0.0,16.15,8.69,0.0
20230928:0111,0.0,0.0,0.0,15.97,8.28,0.0
20230928:0211,0.0,0.0,0.0,15.63,7.79,0.0
20230928:0311,0.0,0.0,0.0,15.29,7.52,0.0
20230928:0411,0.0,0.0,0.0,15.08,7.38,0.0
20230928:0511,0.0,0.0,0.0,14.76,6.9,0.0
20230928:0611,0.0,0.0,0.0,14.33,6.07,0.0
20230928:0711,22048.0,21.32,9.28,14.4,5.52,0.0
20230928:0811,152776.0,86.33,17.33,14.78,5.17,0.0
20230928:0911,154206.0,87.15,24.35,15.37,6.28,0.0
20230928:1011,270088.0,139.99,29.79,15.6,5.66,0.0
20230928:1111,605540.0,287.95,33.06,15.55,5.93,0.0
20230928:1211,324090.0,164.15,33.72,15.69,5.93,0.0
20230928:1311,974246.0,451.76,31.68,16.26,6.55,0.0
20230928:1411,773734.0,362.51,27.23,16.45,6.14,0.0
20230928:1511,175266.0,97.35,20.9,16.45,5.24,0.0
20230928:1611,356616.0,181.8,13.29,15.94,4.48,0.0
20230928:1711,48828.0,39.2,4.9,15.28,4.28,0.0
20230928:1811,0.0,0.0,0.0,14.81,4.41,0.0
20230928:1911,0.0,0.0,0.0,14.02,4.62,0.0
20230928:2011,0.0,0.0,0.0,13.87,4.97,0.0
20230928:2111,0.0,0.0,0.0,13.65,5.17,0.0
20230928:2211,0.0,0.0,0.0,14.06,5.03,0.0
20230928:2311,0.0,0.0,0.0,14.05,4.62,0.0
20230929:0011,0.0,0.0,0.0,13.91,4.14,0.0
20230929:0111,0.0,0.0,0.0,13.57,3.79,0.0
20230929:0211,0.0,0.0,0.0,13.55,3.45,0.0
20230929:0311,0.0,0.0,0.0,13.55,3.31,0.0
20230929:0411,0.0,0.0,0.0,12.8,3.24,0.0
20230929:0511,0.0,0.0,0.0,12.25,3.31,0.0
20230929:0611,0.0,0.0,0.0,11.63,3.45,0.0
20230929:0711,256490.0,140.32,9.01,12.12,3.86,0.0
20230929:0811,832806.0,390.25,17.04,13.38,3.93,0.0
20230929:0911,1284348.0,588.89,24.03,14.54,5.93,0.0
20230929:1011,1472978.0,677.35,29.44,15.26,6.41,0.0
20230929:1111,1701518.0,788.93,32.68,16.08,6.62,0.0
20230929:1211,1133444.0,523.9,33.33,16.31,6.76,0.0
20230929:1311,1356550.0,626.69,31.28,16.62,6.83,0.0
20230929:1411,1352468.0,623.7,26.83,16.59,6.9,0.0
20230929:1511,1081210.0,501.76,20.52,16.24,6.07,0.0
20230929:1611,509028.0,252.56,12.92,15.68,4.9,0.0
20230929:1711,76544.0,60.06,4.54,14.95,4.83,0.0
20230929:1811,0.0,0.0,0.0,14.07,4.28,0.0
20230929:1911,0.0,0.0,0.0,13.47,4.14,0.0
20230929:2011,0.0,0.0,0.0,13.01,4.0,0.0
20230929:2111,0.0,0.0,0.0,12.88,3.86,0.0
20230929:2211,0.0,0.0,0.0,12.61,3.59,0.0
20230929:2311,0.0,0.0,0.0,12.24,3.45,0.0
20230930:0011,0.0,0.0,0.0,12.14,3.17,0.0
20230930:0111,0.0,0.0,0.0,11.74,2.76,0.0
20230930:0211,0.0,0.0,0.0,11.24,2.28,0.0
20230930:0311,0.0,0.0,0.0,10.84,2.21,0.0
20230930:0411,0.0,0.0,0.0,10.45,2.0,0.0
20230930:0511,0.0,0.0,0.0,9.81,1.93,0.0
20230930:0611,0.0,0.0,0.0,9.3,1.93,0.0
20230930:0711,161278.0,92.05,8.73,9.13,1.59,0.0
20230930:0811,687258.0,325.08,16.75,11.63,1.52,0.0
20230930:0911,470418.0,227.84,23.71,13.66,2.14,0.0
20230930:1011,225056.0,119.6,29.09,14.64,2.55,0.0
20230930:1111,279786.0,144.63,32.31,15.36,3.24,0.0
20230930:1211,222300.0,118.67,32.94,15.64,3.66,0.0
20230930:1311,190190.0,103.84,30.88,15.26,3.66,0.0
20230930:1411,128388.0,75.1,26.44,14.84,3.31,0.0
20230930:1511,74594.0,49.14,20.14,14.42,3.45,0.0
20230930:1611,40430.0,31.52,12.55,13.6,3.31,0.0
20230930:1711,26182.0,25.07,4.17,13.23,3.45,0.0
20230930:1811,0.0,0.0,0.0,12.94,4.0,0.0
20230930:1911,0.0,0.0,0.0,12.78,4.0,0.0
20230930:2011,0.0,0.0,0.0,12.73,4.76,0.0
20230930:2111,0.0,0.0,0.0,12.79,4.97,0.0
20230930:2211,0.0,0.0,0.0,13.04,4.62,0.0
20230930:2311,0.0,0.0,0.0,13.55,4.07,0.0
20231001:0011,0.0,0.0,0.0,14.45,3.86,0.0
20231001:0111,0.0,0.0,0.0,15.43,4.07,0.0
20231001:0211,0.0,0.0,0.0,16.18,4.28,0.0
20231001:0311,0.0,0.0,0.0,16.55,4.41,0.0
20231001:0411,0.0,0.0,0.0,16.71,4.34,0.0
20231001:0511,0.0,0.0,0.0,16.78,4.07,0.0
20231001:0611,0.0,0.0,0.0,16.7,3.72,0.0
20231001:0711,187980.0,109.02,8.46,16.91,4.07,0.0
20231001:0811,529204.0,258.09,16.45,17.19,3.86,0.0
20231001:0911,241462.0,128.26,23.4,17.46,3.59,0.0
20231001:1011,338130.0,172.12,28.74,17.73,4.21,0.0
20231001:1111,209872.0,114.03,31.94,17.84,3.79,0.0
20231001:1211,801320.0,380.87,32.55,18.38,4.21,0.0
20231001:1311,764972.0,364.38,30.49,18.26,3.79,0.0
20231001:1411,500188.0,244.93,26.05,18.46,4.0,0.0
20231001:1511,664612.0,318.94,19.76,18.2,3.72,0.0
20231001:1611,216476.0,118.41,12.17,17.92,3.24,0.0
20231001:1711,46254.0,41.42,3.8,17.23,2.97,0.0
20231001:1811,0.0,0.0,0.0,15.83,2.48,0.0
20231001:1911,0.0,0.0,0.0,15.22,2.07,0.0
20231001:2011,0.0,0.0,0.0,14.35,2.07,0.0
20231001:2111,0.0,0.0,0.0,13.96,2.0,0.0
20231001:2211,0.0,0.0,0.0,13.84,2.0,0.0
20231001:2311,0.0,0.0,0.0,13.85,2.0,0.0
20231002:0011,0.0,0.0,0.0,13.79,2.07,0.0
20231002:0111,0.0,0.0,0.0,13.87,2.28,0.0
20231002:0211,0.0,0.0,0.0,13.94,2.41,0.0
20231002:0311,0.0,0.0,0.0,14.0,2.48,0.0
20231002:0411,0.0,0.0,0.0,13.93,2.41,0.0
20231002:0511,0.0,0.0,0.0,13.71,2.28,0.0
20231002:0611,0.0,0.0,0.0,13.45,2.14,0.0
20231002:0711,28600.0,25.03,8.18,13.32,1.72,0.0
20231002:0811,250484.0,130.77,16.16,13.97,2.0,0.0
20231002:0911,379808.0,188.45,23.08,14.56,2.41,0.0
20231002:1011,145938.0,83.44,28.4,15.18,2.97,0.0
20231002:1111,106496.0,64.9,31.56,15.55,3.52,0.0
20231002:1211,171756.0,95.49,32.15,15.55,3.66,0.0
20231002:1311,210496.0,113.11,30.09,15.28,3.72,0.0
20231002:1411,192400.0,104.76,25.66,14.92,3.1,0.0
20231002:1511,185198.0,101.26,19.38,14.35,2.48,0.0
20231002:1611,33488.0,27.81,11.8,13.92,2.21,0.0
20231002:1711,13052.0,16.6,3.44,13.03,1.86,0.0
20231002:1811,0.0,0.0,0.0,12.51,1.66,0.0
20231002:1911,0.0,0.0,0.0,12.67,1.52,0.0
20231002:2011,0.0,0.0,0.0,12.64,1.86,0.0
20231002:2111,0.0,0.0,0.0,12.32,1.59,0.0
20231002:2211,0.0,0.0,0.0,11.95,1.38,0.0
20231002:2311,0.0,0.0,0.0,11.83,1.38,0.0
20231003:0011,0.0,0.0,0.0,11.69,1.86,0.0
20231003:0111,0.0,0.0,0.0,11.51,2.34,0.0
20231003:0211,0.0,0.0,0.0,11.32,2.69,0.0
20231003:0311,0.0,0.0,0.0,11.06,2.76,0.0
20231003:0411,0.0,0.0,0.0,11.07,3.03,0.0
20231003:0511,0.0,0.0,0.0,11.13,3.38,0.0
20231003:0611,0.0,0.0,0.0,11.22,3.59,0.0
20231003:0711,2886.0,8.34,7.9,11.06,4.21,0.0
20231003:0811,558948.0,264.92,15.86,12.07,4.83,0.0
20231003:0911,1374620.0,624.23,22.76,12.55,6.0,0.0
20231003:1011,1630330.0,741.61,28.05,13.22,6.9,0.0
20231003:1111,1184300.0,538.29,31.19,13.51,7.38,0.0
20231003:1211,1552018.0,708.99,31.76,14.38,7.38,0.0
20231003:1311,1011322.0,462.57,29.7,14.5,7.86,0.0
20231003:1411,469248.0,225.86,25.27,14.49,7.72,0.0
20231003:1511,1058954.0,486.58,19.0,14.36,6.69,0.0
20231003:1611,456846.0,227.78,11.43,14.19,6.21,0.0
20231003:1711,0.0,4.64,3.08,13.44,5.66,0.0
20231003:1811,0.0,0.0,0.0,12.75,5.03,0.0
20231003:1911,0.0,0.0,0.0,12.55,4.48,0.0
20231003:2011,0.0,0.0,0.0,12.34,4.14,0.0
20231003:2111,0.0,0.0,0.0,12.28,3.93,0.0
20231003:2211,0.0,0.0,0.0,11.98,3.86,0.0
20231003:2311,0.0,0.0,0.0,11.71,3.66,0.0
20231004:0011,0.0,0.0,0.0,11.48,3.45,0.0
20231004:0111,0.0,0.0,0.0,11.63,3.59,0.0
20231004:0211,0.0,0.0,0.0,12.11,3.79,0.0
20231004:0311,0.0,0.0,0.0,12.0,4.07,0.0
20231004:0411,0.0,0.0,0.0,12.07,4.34,0.0
20231004:0511,0.0,0.0,0.0,11.95,4.28,0.0
20231004:0611,0.0,0.0,0.0,11.72,4.41,0.0
20231004:0711,20748.0,20.4,7.62,12.26,4.9,0.0
20231004:0811,45890.0,34.3,15.57,12.79,5.24,0.0
20231004:0911,88374.0,55.63,22.44,13.38,4.83,0.0
20231004:1011,125294.0,73.24,27.7,13.81,5.45,0.0
20231004:1111,322322.0,162.41,30.81,14.4,6.21,0.0
20231004:1211,503152.0,242.22,31.37,15.24,6.69,0.0
20231004:1311,502450.0,242.41,29.3,16.2,7.72,0.0
20231004:1411,746824.0,348.91,24.88,16.33,7.59,0.0
20231004:1511,288158.0,147.71,18.62,16.02,7.31,0.0
20231004:1611,21918.0,21.32,11.07,15.39,6.83,0.0
20231004:1711,0.0,1.85,2.72,14.73,6.34,0.0
20231004:1811,0.0,0.0,0.0,14.08,6.0,0.0
20231004:1911,0.0,0.0,0.0,14.16,6.34,0.0
20231004:2011,0.0,0.0,0.0,14.41,6.21,0.0
20231004:2111,0.0,0.0,0.0,14.32,5.86,0.0
20231004:2211,0.0,0.0,0.0,14.5,5.59,0.0
20231004:2311,0.0,0.0,0.0,14.52,5.24,0.0
20231005:0011,0.0,0.0,0.0,14.41,4.97,0.0
20231005:0111,0.0,0.0,0.0,14.23,4.62,0.0
20231005:0211,0.0,0.0,0.0,14.1,4.21,0.0
20231005:0311,0.0,0.0,0.0,13.73,3.72,0.0
20231005:0411,0.0,0.0,0.0,13.39,3.38,0.0
20231005:0511,0.0,0.0,0.0,13.47,3.17,0.0
20231005:0611,0.0,0.0,0.0,13.63,3.1,0.0
20231005:0711,58162.0,41.33,7.34,13.74,2.97,0.0
20231005:0811,218296.0,115.9,15.27,13.75,3.45,0.0
20231005:0911,171184.0,94.56,22.12,13.95,4.07,0.0
20231005:1011,91754.0,57.48,27.35,14.34,4.34,0.0
20231005:1111,128154.0,75.1,30.44,15.55,5.38,0.0
20231005:1211,157716.0,89.0,30.98,15.91,5.72,0.0
20231005:1311,98800.0,61.19,28.91,15.66,4.69,0.0
20231005:1411,81848.0,52.85,24.49,15.3,5.31,0.0
20231005:1511,95602.0,59.33,18.24,14.48,5.66,0.0
20231005:1611,60008.0,41.72,10.7,13.95,5.31,0.0
20231005:1711,0.0,2.78,2.36,13.9,5.66,0.0
20231005:1811,0.0,0.0,0.0,14.32,5.79,0.0
20231005:1911,0.0,0.0,0.0,14.74,6.0,0.0
20231005:2011,0.0,0.0,0.0,14.99,6.21,0.0
20231005:2111,0.0,0.0,0.0,15.21,6.34,0.0
20231005:2211,0.0,0.0,0.0,15.43,6.48,0.0
20231005:2311,0.0,0.0,0.0,15.71,6.41,0.0
20231006:0011,0.0,0.0,0.0,15.84,6.41,0.0
20231006:0111,0.0,0.0,0.0,15.92,6.48,0.0
20231006:0211,0.0,0.0,0.0,16.03,6.62,0.0
20231006:0311,0.0,0.0,0.0,16.11,6.76,0.0
20231006:0411,0.0,0.0,0.0,16.12,6.97,0.0
20231006:0511,0.0,0.0,0.0,16.13,6.83,0.0
20231006:0611,0.0,0.0,0.0,16.17,6.55,0.0
20231006:0711,3796.0,9.27,7.06,16.91,6.48,0.0
20231006:0811,34632.0,28.74,14.97,17.12,6.69,0.0
20231006:0911,138918.0,80.66,21.79,17.27,6.76,0.0
20231006:1011,172328.0,96.42,27.0,17.68,6.14,0.0
20231006:1111,88348.0,56.55,30.07,17.81,6.69,0.0
20231006:1211,154154.0,88.08,30.6,18.06,6.76,0.0
20231006:1311,79014.0,51.92,28.52,17.66,6.14,0.0
20231006:1411,115362.0,69.53,24.11,17.31,6.0,0.0
20231006:1511,73554.0,49.14,17.87,17.41,6.34,0.0
20231006:1611,50024.0,37.08,10.34,17.43,6.07,0.0
20231006:1711,0.0,1.85,2.0,17.22,6.41,0.0
20231006:1811,0.0,0.0,0.0,16.93,6.07,0.0
20231006:1911,0.0,0.0,0.0,17.3,6.83,0.0
20231006:2011,0.0,0.0,0.0,17.16,6.9,0.0
20231006:2111,0.0,0.0,0.0,17.03,6.83,0.0
20231006:2211,0.0,0.0,0.0,16.81,6.97,0.0
20231006:2311,0.0,0.0,0.0,16.63,7.31,0.0
20231007:0011,0.0,0.0,0.0,16.4,7.17,0.0
20231007:0111,0.0,0.0,0.0,15.82,7.03,0.0
20231007:0211,0.0,0.0,0.0,15.41,6.83,0.0
20231007:0311,0.0,0.0,0.0,15.11,6.21,0.0
20231007:0411,0.0,0.0,0.0,15.05,6.0,0.0
20231007:0511,0.0,0.0,0.0,15.12,5.86,0.0
20231007:0611,0.0,0.0,0.0,15.18,5.79,0.0
20231007:0711,754.0,6.49,6.78,15.21,5.59,0.0
20231007:0811,34918.0,28.74,14.68,15.56,5.86,0.0
20231007:0911,63050.0,43.57,21.47,15.89,6.0,0.0
20231007:1011,230308.0,122.38,26.65,16.31,6.0,0.0
20231007:1111,859716.0,401.21,29.69,17.12,6.83,0.0
20231007:1211,860990.0,402.46,30.21,17.83,7.59,0.0
20231007:1311,1028118.0,477.97,28.13,18.42,7.86,0.0
20231007:1411,451672.0,221.65,23.72,18.26,7.17,0.0
20231007:1511,21554.0,21.32,17.49,18.16,6.48,0.0
20231007:1611,56992.0,40.79,9.97,17.89,5.66,0.0
20231007:1711,0.0,3.71,1.65,17.34,4.55,0.0
20231007:1811,0.0,0.0,0.0,16.79,3.52,0.0
20231007:1911,0.0,0.0,0.0,16.91,3.31,0.0
20231007:2011,0.0,0.0,0.0,16.4,2.48,0.0
20231007:2111,0.0,0.0,0.0,15.8,1.93,0.0
20231007:2211,0.0,0.0,0.0,15.03,2.07,0.0
20231007:2311,0.0,0.0,0.0,14.09,2.62,0.0
20231008:0011,0.0,0.0,0.0,13.33,2.76,0.0
20231008:0111,0.0,0.0,0.0,12.76,2.83,0.0
20231008:0211,0.0,0.0,0.0,12.41,2.48,0.0
20231008:0311,0.0,0.0,0.0,12.28,2.62,0.0
20231008:0411,0.0,0.0,0.0,12.27,3.1,0.0
20231008:0511,0.0,0.0,0.0,12.3,2.97,0.0
20231008:0611,0.0,0.0,0.0,12.34,2.55,0.0
20231008:0711,7670.0,12.05,6.5,12.3,3.1,0.0
20231008:0811,100230.0,61.19,14.38,12.64,3.03,0.0
20231008:0911,129402.0,75.1,21.15,13.25,3.1,0.0
20231008:1011,144690.0,82.51,26.31,14.16,3.03,0.0
20231008:1111,216580.0,115.89,29.32,15.18,3.31,0.0
20231008:1211,331656.0,168.56,29.82,16.48,3.31,0.0
20231008:1311,268970.0,141.16,27.74,17.77,2.97,0.0
20231008:1411,145444.0,84.37,23.34,18.62,3.1,0.0
20231008:1511,148148.0,85.68,17.12,18.67,2.62,0.0
20231008:1611,166166.0,95.59,9.61,18.4,2.83,0.0
20231008:1711,0.0,0.93,1.29,17.18,3.38,0.0
20231008:1811,0.0,0.0,0.0,16.35,3.79,0.0
20231008:1911,0.0,0.0,0.0,15.96,4.48,0.0
20231008:2011,0.0,0.0,0.0,15.61,4.83,0.0
20231008:2111,0.0,0.0,0.0,15.25,4.69,0.0
20231008:2211,0.0,0.0,0.0,15.1,4.76,0.0
20231008:2311,0.0,0.0,0.0,15.09,4.9,0.0
20231009:0011,0.0,0.0,0.0,15.03,4.69,0.0
20231009:0111,0.0,0.0,0.0,15.14,4.48,0.0
20231009:0211,0.0,0.0,0.0,15.17,4.34,0.0
20231009:0311,0.0,0.0,0.0,15.25,4.0,0.0
20231009:0411,0.0,0.0,0.0,15.33,3.52,0.0
20231009:0511,0.0,0.0,0.0,15.51,3.1,0.0
20231009:0611,0.0,0.0,0.0,15.55,2.76,0.0
20231009:0711,12844.0,15.76,6.22,16.26,3.66,0.0
20231009:0811,71942.0,48.21,14.08,16.51,3.59,0.0
20231009:0911,144924.0,83.44,20.83,16.67,3.31,0.0
20231009:1011,272194.0,142.44,25.96,17.75,3.52,0.0
20231009:1111,1393834.0,664.1,28.95,18.24,2.9,0.0
20231009:1211,727324.0,349.17,29.44,18.81,2.9,0.0
20231009:1311,1581892.0,761.88,27.35,19.36,2.97,0.0
20231009:1411,1252342.0,598.48,22.96,19.9,2.97,0.0
20231009:1511,707096.0,342.82,16.75,19.89,2.55,0.0
20231009:1611,289458.0,156.43,9.25,19.51,2.28,0.0
20231009:1711,0.0,0.0,0.0,18.3,2.48,0.0
20231009:1811,0.0,0.0,0.0,17.19,2.62,0.0
20231009:1911,0.0,0.0,0.0,16.33,2.48,0.0
20231009:2011,0.0,0.0,0.0,15.77,2.55,0.0
20231009:2111,0.0,0.0,0.0,15.41,2.55,0.0
20231009:2211,0.0,0.0,0.0,15.04,2.41,0.0
20231009:2311,0.0,0.0,0.0,14.78,2.55,0.0
20231010:0011,0.0,0.0,0.0,14.58,2.83,0.0
20231010:0111,0.0,0.0,0.0,14.54,3.17,0.0
20231010:0211,0.0,0.0,0.0,14.65,3.66,0.0
20231010:0311,0.0,0.0,0.0,14.62,4.0,0.0
20231010:0411,0.0,0.0,0.0,14.69,4.21,0.0
20231010:0511,0.0,0.0,0.0,14.75,3.66,0.0
20231010:0611,0.0,0.0,0.0,14.88,2.55,0.0
20231010:0711,10166.0,13.91,5.94,15.01,2.76,0.0
20231010:0811,41704.0,32.45,13.78,15.51,2.62,0.0
20231010:0911,29744.0,25.96,20.51,16.41,3.31,0.0
20231010:1011,43082.0,33.38,25.61,17.16,3.31,0.0
20231010:1111,51506.0,38.01,28.58,18.31,4.0,0.0
20231010:1211,470990.0,232.52,29.06,19.04,4.41,0.0
20231010:1311,655824.0,314.95,26.97,19.69,5.59,0.0
20231010:1411,592566.0,285.57,22.58,18.9,4.9,0.0
20231010:1511,86086.0,55.63,16.39,18.56,5.31,0.0
20231010:1611,3770.0,9.27,8.9,18.01,5.45,0.0
20231010:1711,0.0,0.0,0.0,17.49,5.79,0.0
20231010:1811,0.0,0.0,0.0,16.89,6.0,0.0
20231010:1911,0.0,0.0,0.0,17.17,6.34,0.0
20231010:2011,0.0,0.0,0.0,17.01,6.69,0.0
20231010:2111,0.0,0.0,0.0,17.0,6.97,0.0
20231010:2211,0.0,0.0,0.0,17.23,7.17,0.0
20231010:2311,0.0,0.0,0.0,17.27,7.52,0.0
20231011:0011,0.0,0.0,0.0,17.06,7.79,0.0
20231011:0111,0.0,0.0,0.0,16.75,7.72,0.0
20231011:0211,0.0,0.0,0.0,16.47,7.79,0.0
20231011:0311,0.0,0.0,0.0,16.08,7.45,0.0
20231011:0411,0.0,0.0,0.0,15.83,7.31,0.0
20231011:0511,0.0,0.0,0.0,15.64,6.69,0.0
20231011:0611,0.0,0.0,0.0,15.08,5.79,0.0
20231011:0711,14456.0,16.69,5.66,14.4,5.1,0.0
20231011:0811,40482.0,31.52,13.48,13.42,4.69,0.0
20231011:0911,42354.0,32.45,20.19,12.83,4.21,0.0
20231011:1011,69602.0,46.36,25.26,12.86,4.28,0.0
20231011:1111,71448.0,47.28,28.21,12.93,4.34,0.0
20231011:1211,104026.0,63.04,28.67,13.0,4.14,0.0
20231011:1311,129688.0,75.1,26.58,12.95,3.86,0.0
20231011:1411,139724.0,79.73,22.21,12.79,3.45,0.0
20231011:1511,75296.0,49.14,16.02,12.58,3.17,0.0
20231011:1611,47762.0,35.23,8.55,12.32,3.1,0.0
20231011:1711,0.0,0.0,0.0,11.76,2.69,0.0
20231011:1811,0.0,0.0,0.0,11.22,2.62,0.0
20231011:1911,0.0,0.0,0.0,10.8,2.48,0.0
20231011:2011,0.0,0.0,0.0,10.3,2.55,0.0
20231011:2111,0.0,0.0,0.0,9.4,2.41,0.0
20231011:2211,0.0,0.0,0.0,8.33,2.21,0.0
20231011:2311,0.0,0.0,0.0,7.18,2.21,0.0
20231012:0011,0.0,0.0,0.0,6.32,2.28,0.0
20231012:0111,0.0,0.0,0.0,5.61,2.14,0.0
20231012:0211,0.0,0.0,0.0,4.86,1.93,0.0
20231012:0311,0.0,0.0,0.0,4.18,1.72,0.0
20231012:0411,0.0,0.0,0.0,3.72,1.52,0.0
20231012:0511,0.0,0.0,0.0,3.16,1.52,0.0
20231012:0611,0.0,0.0,0.0,2.68,1.45,0.0
20231012:0711,152178.0,88.72,5.38,2.29,1.45,0.0
20231012:0811,800904.0,368.8,13.18,4.66,0.62,0.0
20231012:0911,1224574.0,567.62,19.86,7.89,0.41,0.0
20231012:1011,1524926.0,721.6,24.92,9.67,0.55,0.0
20231012:1111,1776138.0,839.1,27.85,10.81,1.86,0.0
20231012:1211,1911130.0,906.31,28.29,11.64,2.41,0.0
20231012:1311,1770314.0,834.23,26.2,12.18,2.48,0.0
20231012:1411,1496768.0,697.48,21.84,12.48,2.55,0.0
20231012:1511,963404.0,448.68,15.66,12.47,2.48,0.0
20231012:1611,427050.0,217.55,8.19,12.15,2.28,0.0
20231012:1711,0.0,0.0,0.0,10.86,2.28,0.0
20231012:1811,0.0,0.0,0.0,9.52,2.48,0.0
20231012:1911,0.0,0.0,0.0,8.66,2.34,0.0
20231012:2011,0.0,0.0,0.0,8.52,2.14,0.0
20231012:2111,0.0,0.0,0.0,8.63,2.07,0.0
20231012:2211,0.0,0.0,0.0,8.72,2.21,0.0
20231012:2311,0.0,0.0,0.0,9.05,2.34,0.0
20231013:0011,0.0,0.0,0.0,9.39,2.34,0.0
20231013:0111,0.0,0.0,0.0,9.8,2.41,0.0
20231013:0211,0.0,0.0,0.0,10.17,2.55,0.0
20231013:0311,0.0,0.0,0.0,10.43,2.41,0.0
20231013:0411,0.0,0.0,0.0,10.84,2.14,0.0
20231013:0511,0.0,0.0,0.0,11.15,1.45,0.0
20231013:0611,0.0,0.0,0.0,11.3,0.9,0.0
20231013:0711,38090.0,30.88,5.1,11.29,0.48,0.0
20231013:0811,11804.0,14.83,12.88,11.54,1.03,0.0
20231013:0911,47814.0,35.23,19.54,12.0,1.86,0.0
20231013:1011,198692.0,106.62,24.57,12.61,3.1,0.0
20231013:1111,113932.0,67.68,27.48,12.78,4.0,0.0
20231013:1211,92404.0,57.48,27.92,12.94,4.34,0.0
20231013:1311,283322.0,144.45,25.82,13.26,4.97,0.0
20231013:1411,239304.0,124.64,21.46,13.17,5.72,0.0
20231013:1511,924092.0,424.81,15.3,12.54,5.59,0.0
20231013:1611,114660.0,68.92,7.85,12.05,5.52,0.0
20231013:1711,0.0,0.0,0.0,11.1,5.1,0.0
20231013:1811,0.0,0.0,0.0,10.08,4.9,0.0
20231013:1911,0.0,0.0,0.0,9.52,5.03,0.0
20231013:2011,0.0,0.0,0.0,9.1,4.97,0.0
20231013:2111,0.0,0.0,0.0,8.81,5.17,0.0
20231013:2211,0.0,0.0,0.0,8.62,5.45,0.0
20231013:2311,0.0,0.0,0.0,8.44,5.59,0.0
20231014:0011,0.0,0.0,0.0,8.25,5.52,0.0
20231014:0111,0.0,0.0,0.0,8.07,5.45,0.0
20231014:0211,0.0,0.0,0.0,7.86,5.31,0.0
20231014:0311,0.0,0.0,0.0,7.51,5.1,0.0
20231014:0411,0.0,0.0,0.0,7.21,4.9,0.0
20231014:0511,0.0,0.0,0.0,6.99,4.69,0.0
20231014:0611,0.0,0.0,0.0,6.62,4.69,0.0
20231014:0711,102362.0,65.0,4.82,6.17,4.48,0.0
20231014:0811,786942.0,359.34,12.59,6.86,4.41,0.0
20231014:0911,1283412.0,575.46,19.22,8.2,4.34,0.0
20231014:1011,1690780.0,762.42,24.23,9.47,5.38,0.0
20231014:1111,1822990.0,828.55,27.11,10.46,5.59,0.0
20231014:1211,1878708.0,855.51,27.54,11.02,6.0,0.0
20231014:1311,1640782.0,741.73,25.45,11.1,6.21,0.0
20231014:1411,1244334.0,559.77,21.1,10.77,6.0,0.0
20231014:1511,956904.0,435.15,14.95,10.21,5.59,0.0
20231014:1611,405340.0,204.84,7.5,9.61,4.76,0.0
20231014:1711,0.0,0.0,0.0,8.62,4.21,0.0
20231014:1811,0.0,0.0,0.0,7.69,3.93,0.0
20231014:1911,0.0,0.0,0.0,6.73,3.93,0.0
20231014:2011,0.0,0.0,0.0,6.08,4.0,0.0
20231014:2111,0.0,0.0,0.0,5.51,3.93,0.0
20231014:2211,0.0,0.0,0.0,5.01,3.93,0.0
20231014:2311,0.0,0.0,0.0,4.62,3.86,0.0
20231015:0011,0.0,0.0,0.0,4.29,3.79,0.0
20231015:0111,0.0,0.0,0.0,3.93,3.79,0.0
20231015:0211,0.0,0.0,0.0,3.59,3.79,0.0
20231015:0311,0.0,0.0,0.0,3.22,3.79,0.0
20231015:0411,0.0,0.0,0.0,2.84,3.79,0.0
20231015:0511,0.0,0.0,0.0,2.56,3.72,0.0
20231015:0611,0.0,0.0,0.0,2.29,3.66,0.0
20231015:0711,86788.0,56.35,4.53,2.24,3.59,0.0
20231015:0811,763438.0,345.27,12.29,3.36,3.1,0.0
20231015:0911,1250756.0,556.65,18.9,5.5,3.38,0.0
20231015:1011,1624922.0,732.03,23.88,7.48,3.86,0.0
20231015:1111,1821560.0,828.66,26.75,9.04,4.48,0.0
20231015:1211,1766726.0,805.01,27.16,10.22,4.83,0.0
20231015:1311,1736800.0,794.35,25.07,11.09,4.69,0.0
20231015:1411,725556.0,334.25,20.73,11.53,4.48,0.0
20231015:1511,803686.0,371.77,14.59,11.5,3.86,0.0
20231015:1611,324558.0,169.12,7.16,10.97,2.69,0.0
20231015:1711,0.0,0.0,0.0,9.75,2.41,0.0
20231015:1811,0.0,0.0,0.0,8.03,2.62,0.0
20231015:1911,0.0,0.0,0.0,7.2,2.34,0.0
20231015:2011,0.0,0.0,0.0,6.42,2.28,0.0
20231015:2111,0.0,0.0,0.0,5.46,2.28,0.0
20231015:2211,0.0,0.0,0.0,4.63,2.21,0.0
20231015:2311,0.0,0.0,0.0,4.14,2.0,0.0
20231016:0011,0.0,0.0,0.0,3.82,1.86,0.0
20231016:0111,0.0,0.0,0.0,3.47,1.72,0.0
20231016:0211,0.0,0.0,0.0,3.34,1.59,0.0
20231016:0311,0.0,0.0,0.0,3.1,1.52,0.0
20231016:0411,0.0,0.0,0.0,2.96,1.38,0.0
20231016:0511,0.0,0.0,0.0,2.83,1.31,0.0
20231016:0611,0.0,0.0,0.0,2.79,1.24,0.0
20231016:0711,36556.0,29.26,4.25,2.07,1.31,0.0
20231016:0811,317434.0,154.81,11.99,3.65,0.62,0.0
20231016:0911,943098.0,432.24,18.58,6.24,0.14,0.0
20231016:1011,890474.0,410.18,23.54,8.07,0.41,0.0
20231016:1111,1105416.0,510.0,26.39,9.19,0.97,0.0
20231016:1211,873054.0,403.51,26.79,9.92,1.17,0.0
20231016:1311,1044550.0,482.45,24.7,10.3,1.24,0.0
20231016:1411,907764.0,419.03,20.37,10.54,1.45,0.0
20231016:1511,462228.0,221.71,14.24,10.52,1.66,0.0
20231016:1611,200148.0,110.26,6.82,9.99,1.38,0.0
20231016:1711,0.0,0.0,0.0,8.84,1.59,0.0
20231016:1811,0.0,0.0,0.0,6.84,1.52,0.0
20231016:1911,0.0,0.0,0.0,5.31,1.45,0.0
20231016:2011,0.0,0.0,0.0,5.62,1.1,0.0
20231016:2111,0.0,0.0,0.0,5.96,0.9,0.0
20231016:2211,0.0,0.0,0.0,5.83,0.69,0.0
20231016:2311,0.0,0.0,0.0,5.36,0.83,0.0
20231017:0011,0.0,0.0,0.0,4.02,1.38,0.0
20231017:0111,0.0,0.0,0.0,2.99,1.52,0.0
20231017:0211,0.0,0.0,0.0,2.43,1.72,0.0
20231017:0311,0.0,0.0,0.0,1.99,1.86,0.0
20231017:0411,0.0,0.0,0.0,1.75,2.07,0.0
20231017:0511,0.0,0.0,0.0,2.05,2.14,0.0
20231017:0611,0.0,0.0,0.0,2.62,2.07,0.0
20231017:0711,10972.0,13.91,3.97,3.41,2.21,0.0
20231017:0811,74230.0,47.28,11.69,5.18,1.79,0.0
20231017:0911,263718.0,133.57,18.26,8.85,1.72,0.0
20231017:1011,177788.0,96.42,23.2,10.53,2.21,0.0
20231017:1111,1012986.0,463.71,26.03,11.72,3.52,0.0
20231017:1211,599638.0,281.09,26.42,12.54,5.1,0.0
20231017:1311,620672.0,290.14,24.33,12.73,5.1,0.0
20231017:1411,376636.0,184.25,20.01,12.54,4.69,0.0
20231017:1511,207116.0,109.83,13.89,12.17,4.55,0.0
20231017:1611,153166.0,88.31,6.48,11.56,4.28,0.0
20231017:1711,0.0,0.0,0.0,10.47,4.21,0.0
20231017:1811,0.0,0.0,0.0,9.64,4.28,0.0
20231017:1911,0.0,0.0,0.0,9.19,4.41,0.0
20231017:2011,0.0,0.0,0.0,9.09,4.41,0.0
20231017:2111,0.0,0.0,0.0,9.33,4.48,0.0
20231017:2211,0.0,0.0,0.0,9.56,4.55,0.0
20231017:2311,0.0,0.0,0.0,9.7,4.55,0.0
20231018:0011,0.0,0.0,0.0,9.93,4.69,0.0
20231018:0111,0.0,0.0,0.0,9.83,4.76,0.0
20231018:0211,0.0,0.0,0.0,9.76,4.76,0.0
20231018:0311,0.0,0.0,0.0,9.62,4.69,0.0
20231018:0411,0.0,0.0,0.0,9.46,4.62,0.0
20231018:0511,0.0,0.0,0.0,9.41,4.76,0.0
20231018:0611,0.0,0.0,0.0,9.6,5.03,0.0
20231018:0711,5252.0,10.2,3.69,9.88,5.1,0.0
20231018:0811,134498.0,76.46,11.39,10.18,5.03,0.0
20231018:0911,295152.0,147.7,17.94,10.96,4.83,0.0
20231018:1011,917332.0,416.57,22.86,11.88,6.07,0.0
20231018:1111,1495338.0,676.05,25.67,12.94,7.45,0.0
20231018:1211,1695850.0,771.78,26.06,13.38,7.1,0.0
20231018:1311,1019122.0,462.97,23.97,13.51,7.52,0.0
20231018:1411,880334.0,402.0,19.65,13.52,7.45,0.0
20231018:1511,685204.0,319.36,13.55,12.93,6.28,0.0
20231018:1611,52208.0,37.96,6.15,12.24,6.21,0.0
20231018:1711,0.0,0.0,0.0,11.62,6.14,0.0
20231018:1811,0.0,0.0,0.0,11.37,6.34,0.0
20231018:1911,0.0,0.0,0.0,11.61,6.34,0.0
20231018:2011,0.0,0.0,0.0,11.56,6.41,0.0
20231018:2111,0.0,0.0,0.0,11.52,6.55,0.0
20231018:2211,0.0,0.0,0.0,11.46,6.9,0.0
20231018:2311,0.0,0.0,0.0,11.11,7.31,0.0
20231019:0011,0.0,0.0,0.0,10.96,7.52,0.0
20231019:0111,0.0,0.0,0.0,11.1,7.45,0.0
20231019:0211,0.0,0.0,0.0,11.14,7.31,0.0
20231019:0311,0.0,0.0,0.0,11.28,6.14,0.0
20231019:0411,0.0,0.0,0.0,11.46,3.03,0.0
20231019:0511,0.0,0.0,0.0,11.49,1.1,0.0
20231019:0611,0.0,0.0,0.0,11.51,3.17,0.0
20231019:0711,0.0,2.78,3.41,12.39,4.55,0.0
20231019:0811,381628.0,188.27,11.1,12.83,4.55,0.0
20231019:0911,94146.0,58.41,17.63,13.4,4.69,0.0
20231019:1011,56264.0,39.87,22.52,14.29,5.52,0.0
20231019:1111,150540.0,85.29,25.31,14.71,4.76,0.0
20231019:1211,1177254.0,545.26,25.69,15.51,4.34,0.0
20231019:1311,203736.0,110.33,23.6,16.19,4.97,0.0
20231019:1411,285376.0,146.84,19.3,16.35,4.41,0.0
20231019:1511,456430.0,223.35,13.21,16.33,4.21,0.0
20231019:1611,1716.0,7.42,5.82,15.68,4.0,0.0
20231019:1711,0.0,0.0,0.0,14.75,4.0,0.0
20231019:1811,0.0,0.0,0.0,14.1,3.93,0.0
20231019:1911,0.0,0.0,0.0,14.02,4.0,0.0
20231019:2011,0.0,0.0,0.0,13.82,3.72,0.0
20231019:2111,0.0,0.0,0.0,13.83,3.52,0.0
20231019:2211,0.0,0.0,0.0,13.77,3.45,0.0
20231019:2311,0.0,0.0,0.0,13.6,3.59,0.0
20231020:0011,0.0,0.0,0.0,13.49,3.79,0.0
20231020:0111,0.0,0.0,0.0,13.08,4.69,0.0
20231020:0211,0.0,0.0,0.0,12.7,5.79,0.0
20231020:0311,0.0,0.0,0.0,12.25,6.62,0.0
20231020:0411,0.0,0.0,0.0,11.87,7.24,0.0
20231020:0511,0.0,0.0,0.0,11.62,7.72,0.0
20231020:0611,0.0,0.0,0.0,11.56,8.41,0.0
20231020:0711,0.0,2.78,3.13,11.53,7.86,0.0
20231020:0811,7722.0,12.05,10.8,11.58,8.21,0.0
20231020:0911,62764.0,42.65,17.31,11.29,9.1,0.0
20231020:1011,76102.0,49.14,22.18,10.97,9.38,0.0
20231020:1111,68614.0,45.43,24.96,10.7,9.59,0.0
20231020:1211,119626.0,69.53,25.33,10.38,9.86,0.0
20231020:1311,74542.0,48.21,23.24,10.06,9.79,0.0
20231020:1411,61360.0,41.72,18.95,9.9,9.52,0.0
20231020:1511,32604.0,26.89,12.87,9.85,9.1,0.0
20231020:1611,13416.0,15.76,5.5,9.74,8.9,0.0
20231020:1711,0.0,0.0,0.0,9.6,8.69,0.0
20231020:1811,0.0,0.0,0.0,9.65,8.76,0.0
20231020:1911,0.0,0.0,0.0,9.4,7.72,0.0
20231020:2011,0.0,0.0,0.0,9.24,7.86,0.0
20231020:2111,0.0,0.0,0.0,8.96,7.59,0.0
20231020:2211,0.0,0.0,0.0,8.77,7.17,0.0
20231020:2311,0.0,0.0,0.0,8.67,6.83,0.0
20231021:0011,0.0,0.0,0.0,8.7,6.55,0.0
20231021:0111,0.0,0.0,0.0,9.01,6.14,0.0
20231021:0211,0.0,0.0,0.0,9.03,5.59,0.0
20231021:0311,0.0,0.0,0.0,9.1,4.97,0.0
20231021:0411,0.0,0.0,0.0,9.16,4.48,0.0
20231021:0511,0.0,0.0,0.0,9.11,4.21,0.0
20231021:0611,0.0,0.0,0.0,9.02,4.14,0.0
20231021:0711,0.0,3.71,2.85,8.95,3.66,0.0
20231021:0811,7852.0,12.05,10.5,9.09,3.31,0.0
20231021:0911,22672.0,21.32,16.99,9.41,2.97,0.0
20231021:1011,338104.0,166.1,21.84,9.52,2.62,0.0
20231021:1111,1136824.0,517.62,24.61,10.14,2.9,0.0
20231021:1211,1194414.0,546.29,24.97,11.06,2.97,0.0
20231021:1311,613262.0,286.96,22.88,11.64,2.9,0.0
20231021:1411,172380.0,94.31,18.6,11.7,2.62,0.0
20231021:1511,331968.0,165.1,12.54,11.7,2.55,0.0
20231021:1611,5174.0,10.2,5.17,11.35,2.21,0.0
20231021:1711,0.0,0.0,0.0,10.6,2.14,0.0
20231021:1811,0.0,0.0,0.0,9.14,2.41,0.0
20231021:1911,0.0,0.0,0.0,8.78,2.48,0.0
20231021:2011,0.0,0.0,0.0,7.87,2.41,0.0
20231021:2111,0.0,0.0,0.0,6.95,2.34,0.0
20231021:2211,0.0,0.0,0.0,6.08,2.14,0.0
20231021:2311,0.0,0.0,0.0,5.4,2.14,0.0
20231022:0011,0.0,0.0,0.0,4.85,2.21,0.0
20231022:0111,0.0,0.0,0.0,4.65,2.34,0.0
20231022:0211,0.0,0.0,0.0,4.67,2.34,0.0
20231022:0311,0.0,0.0,0.0,4.86,2.41,0.0
20231022:0411,0.0,0.0,0.0,5.27,2.48,0.0
20231022:0511,0.0,0.0,0.0,5.2,2.48,0.0
20231022:0611,0.0,0.0,0.0,5.08,2.41,0.0
20231022:0711,79794.0,55.98,2.57,4.7,2.34,0.0
20231022:0811,332852.0,162.38,10.21,5.47,2.07,0.0
20231022:0911,1122836.0,510.97,16.68,8.44,2.07,0.0
20231022:1011,1507870.0,690.4,21.51,10.5,3.24,0.0
20231022:1111,1664156.0,763.81,24.26,11.43,4.14,0.0
20231022:1211,1784640.0,822.1,24.61,12.21,4.69,0.0
20231022:1311,963664.0,440.58,22.53,12.36,4.34,0.0
20231022:1411,1266356.0,580.85,18.25,12.23,3.52,0.0
20231022:1511,873132.0,407.07,12.21,12.11,2.83,0.0
20231022:1611,204256.0,115.18,4.86,11.22,2.07,0.0
20231022:1711,0.0,0.0,0.0,9.85,2.14,0.0
20231022:1811,0.0,0.0,0.0,8.31,1.86,0.0
20231022:1911,0.0,0.0,0.0,7.23,1.38,0.0
20231022:2011,0.0,0.0,0.0,7.45,1.1,0.0
20231022:2111,0.0,0.0,0.0,7.56,0.83,0.0
20231022:2211,0.0,0.0,0.0,7.5,0.55,0.0
20231022:2311,0.0,0.0,0.0,7.27,0.48,0.0
20231023:0011,0.0,0.0,0.0,7.09,0.76,0.0
20231023:0111,0.0,0.0,0.0,6.14,0.97,0.0
20231023:0211,0.0,0.0,0.0,4.78,1.31,0.0
20231023:0311,0.0,0.0,0.0,4.44,1.38,0.0
20231023:0411,0.0,0.0,0.0,4.25,1.45,0.0
20231023:0511,0.0,0.0,0.0,4.37,1.38,0.0
20231023:0611,0.0,0.0,0.0,4.14,1.45,0.0
20231023:0711,0.0,5.56,2.29,4.45,1.59,0.0
20231023:0811,198718.0,103.92,9.91,5.2,1.24,0.0
20231023:0911,319878.0,156.95,16.36,7.6,1.52,0.0
20231023:1011,230178.0,119.06,21.18,8.98,1.86,0.0
20231023:1111,241644.0,124.8,23.91,10.35,2.41,0.0
20231023:1211,248794.0,128.51,24.26,11.56,3.03,0.0
20231023:1311,496704.0,236.75,22.18,12.35,3.24,0.0
20231023:1411,374140.0,183.54,17.91,12.83,3.31,0.0
20231023:1511,133458.0,76.77,11.88,12.69,2.62,0.0
20231023:1611,27846.0,24.83,4.54,11.88,2.41,0.0
20231023:1711,0.0,0.0,0.0,10.65,2.76,0.0
20231023:1811,0.0,0.0,0.0,10.0,2.83,0.0
20231023:1911,0.0,0.0,0.0,9.88,2.83,0.0
20231023:2011,0.0,0.0,0.0,9.88,2.83,0.0
20231023:2111,0.0,0.0,0.0,10.07,2.97,0.0
20231023:2211,0.0,0.0,0.0,10.28,3.03,0.0
20231023:2311,0.0,0.0,0.0,10.29,3.03,0.0
20231024:0011,0.0,0.0,0.0,10.18,2.9,0.0
20231024:0111,0.0,0.0,0.0,10.02,2.55,0.0
20231024:0211,0.0,0.0,0.0,9.71,2.28,0.0
20231024:0311,0.0,0.0,0.0,9.67,2.07,0.0
20231024:0411,0.0,0.0,0.0,9.7,2.21,0.0
20231024:0511,0.0,0.0,0.0,9.78,2.34,0.0
20231024:0611,0.0,0.0,0.0,9.76,2.48,0.0
20231024:0711,858.0,6.49,2.01,9.4,2.0,0.0
20231024:0811,298012.0,149.85,9.62,9.47,2.14,0.0
20231024:0911,78260.0,50.06,16.05,9.75,2.34,0.0
20231024:1011,137358.0,77.88,20.84,10.16,2.34,0.0
20231024:1111,135200.0,76.95,23.56,10.38,2.41,0.0
20231024:1211,255294.0,130.99,23.91,10.56,2.0,0.0
20231024:1311,230334.0,119.97,21.83,10.67,1.79,0.0
20231024:1411,66456.0,44.5,17.58,10.79,1.59,0.0
20231024:1511,75868.0,49.14,11.56,10.85,1.38,0.0
20231024:1611,23504.0,22.29,4.23,10.52,1.38,0.0
20231024:1711,0.0,0.0,0.0,9.41,2.0,0.0
20231024:1811,0.0,0.0,0.0,8.21,2.34,0.0
20231024:1911,0.0,0.0,0.0,8.26,2.28,0.0
20231024:2011,0.0,0.0,0.0,8.17,2.48,0.0
20231024:2111,0.0,0.0,0.0,8.05,2.76,0.0
20231024:2211,0.0,0.0,0.0,8.06,2.83,0.0
20231024:2311,0.0,0.0,0.0,7.86,2.97,0.0
20231025:0011,0.0,0.0,0.0,7.71,3.1,0.0
20231025:0111,0.0,0.0,0.0,7.63,3.31,0.0
20231025:0211,0.0,0.0,0.0,7.3,3.03,0.0
20231025:0311,0.0,0.0,0.0,7.3,2.83,0.0
20231025:0411,0.0,0.0,0.0,7.24,2.69,0.0
20231025:0511,0.0,0.0,0.0,6.74,2.62,0.0
20231025:0611,0.0,0.0,0.0,6.94,2.83,0.0
20231025:0711,0.0,1.85,1.73,7.93,2.9,0.0
20231025:0811,52442.0,37.08,9.32,8.26,2.76,0.0
20231025:0911,46748.0,34.3,15.74,9.17,3.17,0.0
20231025:1011,107614.0,63.97,20.51,9.93,4.0,0.0
20231025:1111,117234.0,68.61,23.22,10.49,3.72,0.0
20231025:1211,243698.0,125.78,23.56,10.84,3.52,0.0
20231025:1311,253370.0,130.06,21.49,11.06,3.31,0.0
20231025:1411,73970.0,48.21,17.24,11.09,2.83,0.0
20231025:1511,19318.0,19.47,11.24,10.97,2.41,0.0
20231025:1611,1820.0,7.42,3.93,10.8,2.14,0.0
20231025:1711,0.0,0.0,0.0,10.53,2.14,0.0
20231025:1811,0.0,0.0,0.0,10.35,2.07,0.0
20231025:1911,0.0,0.0,0.0,10.46,2.07,0.0
20231025:2011,0.0,0.0,0.0,10.3,1.66,0.0
20231025:2111,0.0,0.0,0.0,10.21,1.45,0.0
20231025:2211,0.0,0.0,0.0,9.97,0.76,0.0
20231025:2311,0.0,0.0,0.0,9.84,0.62,0.0
20231026:0011,0.0,0.0,0.0,9.65,0.62,0.0
20231026:0111,0.0,0.0,0.0,9.55,0.97,0.0
20231026:0211,0.0,0.0,0.0,9.45,1.52,0.0
20231026:0311,0.0,0.0,0.0,9.27,1.93,0.0
20231026:0411,0.0,0.0,0.0,9.09,2.34,0.0
20231026:0511,0.0,0.0,0.0,8.87,2.62,0.0
20231026:0611,0.0,0.0,0.0,8.45,2.55,0.0
20231026:0711,0.0,0.93,1.45,7.82,2.21,0.0
20231026:0811,32916.0,26.89,9.03,7.85,2.07,0.0
20231026:0911,18044.0,18.54,15.43,8.44,2.21,0.0
20231026:1011,30992.0,25.96,20.19,9.03,2.07,0.0
20231026:1111,37700.0,29.67,22.88,9.88,1.93,0.0
20231026:1211,117260.0,68.61,23.21,10.07,1.86,0.0
20231026:1311,119184.0,69.53,21.15,10.21,2.0,0.0
20231026:1411,22542.0,21.32,16.92,10.32,2.21,0.0
20231026:1511,11882.0,14.83,10.92,10.44,1.79,0.0
20231026:1611,0.0,2.78,3.63,10.36,1.24,0.0
20231026:1711,0.0,0.0,0.0,10.14,0.83,0.0
20231026:1811,0.0,0.0,0.0,9.75,1.1,0.0
20231026:1911,0.0,0.0,0.0,9.44,1.17,0.0
20231026:2011,0.0,0.0,0.0,9.04,1.03,0.0
20231026:2111,0.0,0.0,0.0,9.4,0.41,0.0
20231026:2211,0.0,0.0,0.0,9.29,0.28,0.0
20231026:2311,0.0,0.0,0.0,8.89,0.55,0.0
20231027:0011,0.0,0.0,0.0,9.08,0.55,0.0
20231027:0111,0.0,0.0,0.0,9.27,0.62,0.0
20231027:0211,0.0,0.0,0.0,9.09,0.55,0.0
20231027:0311,0.0,0.0,0.0,8.81,0.69,0.0
20231027:0411,0.0,0.0,0.0,8.79,0.83,0.0
20231027:0511,0.0,0.0,0.0,8.46,0.9,0.0
20231027:0611,0.0,0.0,0.0,8.24,1.1,0.0
20231027:0711,0.0,0.0,0.0,7.47,0.83,0.0
20231027:0811,86138.0,53.55,8.74,7.76,0.76,0.0
20231027:0911,29406.0,25.03,15.12,8.31,0.69,0.0
20231027:1011,66872.0,44.5,19.86,9.42,0.69,0.0
20231027:1111,163514.0,89.93,22.54,10.0,0.9,0.0
20231027:1211,39312.0,30.59,22.87,10.48,1.03,0.0
20231027:1311,76180.0,49.14,20.81,10.07,1.59,0.0
20231027:1411,50076.0,36.16,16.59,10.23,2.07,0.0
20231027:1511,27430.0,24.1,10.61,10.31,1.79,0.0
20231027:1611,0.0,2.78,3.33,10.11,1.66,0.0
20231027:1711,0.0,0.0,0.0,9.87,1.72,0.0
20231027:1811,0.0,0.0,0.0,9.79,1.72,0.0
20231027:1911,0.0,0.0,0.0,9.88,2.34,0.0
20231027:2011,0.0,0.0,0.0,9.81,2.41,0.0
20231027:2111,0.0,0.0,0.0,9.45,2.21,0.0
20231027:2211,0.0,0.0,0.0,9.1,2.21,0.0
20231027:2311,0.0,0.0,0.0,8.6,2.14,0.0
20231028:0011,0.0,0.0,0.0,8.24,2.0,0.0
20231028:0111,0.0,0.0,0.0,7.73,2.0,0.0
20231028:0211,0.0,0.0,0.0,7.26,1.86,0.0
20231028:0311,0.0,0.0,0.0,6.88,1.79,0.0
20231028:0411,0.0,0.0,0.0,6.57,1.79,0.0
20231028:0511,0.0,0.0,0.0,7.11,2.07,0.0
20231028:0611,0.0,0.0,0.0,7.26,2.21,0.0
20231028:0711,0.0,0.0,0.0,7.46,2.21,0.0
20231028:0811,45266.0,33.38,8.45,7.77,2.34,0.0
20231028:0911,27742.0,24.1,14.81,8.33,1.79,0.0
20231028:1011,37908.0,29.67,19.54,8.87,2.28,0.0
20231028:1111,169000.0,91.78,22.21,9.12,3.72,0.0
20231028:1211,80080.0,50.99,22.53,10.23,3.86,0.0
20231028:1311,62738.0,42.65,20.48,11.01,3.72,0.0
20231028:1411,267254.0,135.76,16.27,11.03,3.1,0.0
20231028:1511,176930.0,96.09,10.31,11.22,2.97,0.0
20231028:1611,56498.0,41.84,3.04,10.93,2.62,0.0
20231028:1711,0.0,0.0,0.0,10.53,2.9,0.0
20231028:1811,0.0,0.0,0.0,10.08,3.24,0.0
20231028:1911,0.0,0.0,0.0,9.71,3.31,0.0
20231028:2011,0.0,0.0,0.0,9.63,3.45,0.0
20231028:2111,0.0,0.0,0.0,9.5,3.59,0.0
20231028:2211,0.0,0.0,0.0,9.61,3.66,0.0
20231028:2311,0.0,0.0,0.0,9.99,3.72,0.0
20231029:0011,0.0,0.0,0.0,10.19,3.66,0.0
20231029:0111,0.0,0.0,0.0,10.32,3.52,0.0
20231029:0211,0.0,0.0,0.0,10.19,3.24,0.0
20231029:0311,0.0,0.0,0.0,10.12,2.83,0.0
20231029:0411,0.0,0.0,0.0,9.99,1.72,0.0
20231029:0511,0.0,0.0,0.0,9.82,0.55,0.0
20231029:0611,0.0,0.0,0.0,9.41,1.72,0.0
20231029:0711,0.0,0.0,0.0,9.27,2.62,0.0
20231029:0811,41288.0,31.52,8.16,9.58,2.83,0.0
20231029:0911,42978.0,32.45,14.51,10.0,3.1,0.0
20231029:1011,78156.0,50.06,19.22,10.13,3.03,0.0
20231029:1111,254410.0,130.24,21.88,10.43,2.9,0.0
20231029:1211,193934.0,103.84,22.2,11.1,2.97,0.0
20231029:1311,224146.0,117.54,20.15,11.62,2.48,0.0
20231029:1411,276172.0,140.29,15.95,11.97,2.34,0.0
20231029:1511,124462.0,72.44,10.0,11.89,1.59,0.0
20231029:1611,1794.0,7.42,2.75,11.32,1.38,0.0
20231029:1711,0.0,0.0,0.0,9.6,1.24,0.0
20231029:1811,0.0,0.0,0.0,9.89,0.48,0.0
20231029:1911,0.0,0.0,0.0,7.58,1.86,0.0
20231029:2011,0.0,0.0,0.0,7.28,1.93,0.0
20231029:2111,0.0,0.0,0.0,7.2,2.07,0.0
20231029:2211,0.0,0.0,0.0,7.39,2.41,0.0
20231029:2311,0.0,0.0,0.0,7.84,2.55,0.0
20231030:0011,0.0,0.0,0.0,8.18,2.83,0.0
20231030:0111,0.0,0.0,0.0,8.29,2.9,0.0
20231030:0211,0.0,0.0,0.0,8.41,2.97,0.0
20231030:0311,0.0,0.0,0.0,8.43,3.1,0.0
20231030:0411,0.0,0.0,0.0,8.45,3.24,0.0
20231030:0511,0.0,0.0,0.0,8.42,3.52,0.0
20231030:0611,0.0,0.0,0.0,8.39,3.52,0.0
20231030:0711,0.0,0.0,0.0,8.25,2.97,0.0
20231030:0811,85878.0,53.54,7.87,8.36,2.83,0.0
20231030:0911,54184.0,38.01,14.2,8.62,2.69,0.0
20231030:1011,395512.0,189.66,18.9,8.85,3.03,0.0
20231030:1111,328536.0,161.52,21.55,9.24,3.24,0.0
20231030:1211,181116.0,97.35,21.87,9.42,3.45,0.0
20231030:1311,374192.0,181.13,19.83,9.54,3.24,0.0
20231030:1411,61412.0,41.72,15.64,9.36,3.24,0.0
20231030:1511,286234.0,143.4,9.71,9.07,3.38,0.0
20231030:1611,15262.0,17.6,2.46,8.83,3.66,0.0
20231030:1711,0.0,0.0,0.0,8.62,3.52,0.0
20231030:1811,0.0,0.0,0.0,8.55,3.24,0.0
20231030:1911,0.0,0.0,0.0,7.8,2.83,0.0
20231030:2011,0.0,0.0,0.0,7.64,2.76,0.0
20231030:2111,0.0,0.0,0.0,7.7,2.48,0.0
20231030:2211,0.0,0.0,0.0,7.54,2.34,0.0
20231030:2311,0.0,0.0,0.0,7.73,2.41,0.0
20231031:0011,0.0,0.0,0.0,7.79,2.41,0.0
20231031:0111,0.0,0.0,0.0,7.87,2.28,0.0
20231031:0211,0.0,0.0,0.0,7.79,2.14,0.0
20231031:0311,0.0,0.0,0.0,7.87,2.21,0.0
20231031:0411,0.0,0.0,0.0,7.9,2.28,0.0
20231031:0511,0.0,0.0,0.0,7.93,2.48,0.0
20231031:0611,0.0,0.0,0.0,7.88,2.9,0.0
20231031:0711,0.0,0.0,0.0,7.83,2.28,0.0
20231031:0811,26130.0,23.18,7.59,8.05,2.34,0.0
20231031:0911,50596.0,36.16,13.9,8.34,2.48,0.0
20231031:1011,80756.0,50.99,18.58,8.52,3.17,0.0
20231031:1111,118248.0,68.61,21.22,8.67,3.31,0.0
20231031:1211,34476.0,27.81,21.54,8.75,3.45,0.0
20231031:1311,54210.0,38.01,19.51,8.57,3.38,0.0
20231031:1411,135070.0,76.15,15.34,8.44,3.52,0.0
20231031:1511,108290.0,63.86,9.42,8.29,3.59,0.0
20231031:1611,2964.0,8.34,2.19,8.13,3.45,0.0
20231031:1711,0.0,0.0,0.0,8.02,3.1,0.0
20231031:1811,0.0,0.0,0.0,8.01,2.62,0.0
20231031:1911,0.0,0.0,0.0,7.89,2.69,0.0
20231031:2011,0.0,0.0,0.0,7.95,2.76,0.0
20231031:2111,0.0,0.0,0.0,7.98,2.83,0.0
20231031:2211,0.0,0.0,0.0,8.07,2.97,0.0
20231031:2311,0.0,0.0,0.0,8.12,2.48,0.0
20231101:0011,0.0,0.0,0.0,8.16,2.48,0.0
20231101:0111,0.0,0.0,0.0,8.23,2.28,0.0
20231101:0211,0.0,0.0,0.0,8.16,2.55,0.0
20231101:0311,0.0,0.0,0.0,8.13,2.83,0.0
20231101:0411,0.0,0.0,0.0,8.21,3.45,0.0
20231101:0511,0.0,0.0,0.0,8.33,3.86,0.0
20231101:0611,0.0,0.0,0.0,8.62,4.62,0.0
20231101:0711,0.0,0.0,0.0,9.01,4.69,0.0
20231101:0811,17940.0,18.54,7.3,9.56,4.41,0.0
20231101:0911,48230.0,35.23,13.6,10.61,4.97,0.0
20231101:1011,254618.0,130.32,18.27,11.52,5.17,0.0
20231101:1111,502892.0,237.87,20.9,12.12,5.31,0.0
20231101:1211,743106.0,341.17,21.22,12.39,6.07,0.0
20231101:1311,335998.0,166.07,19.19,12.61,6.69,0.0
20231101:1411,222040.0,116.14,15.03,12.4,6.76,0.0
20231101:1511,235976.0,122.28,9.13,11.56,7.1,0.0
20231101:1611,0.0,5.56,1.91,10.44,6.28,0.0
20231101:1711,0.0,0.0,0.0,9.58,5.31,0.0
20231101:1811,0.0,0.0,0.0,8.9,5.03,0.0
20231101:1911,0.0,0.0,0.0,8.74,4.83,0.0
20231101:2011,0.0,0.0,0.0,8.37,4.55,0.0
20231101:2111,0.0,0.0,0.0,7.51,4.21,0.0
20231101:2211,0.0,0.0,0.0,6.52,3.72,0.0
20231101:2311,0.0,0.0,0.0,5.63,3.59,0.0
20231102:0011,0.0,0.0,0.0,5.44,3.59,0.0
20231102:0111,0.0,0.0,0.0,5.53,3.38,0.0
20231102:0211,0.0,0.0,0.0,6.13,3.72,0.0
20231102:0311,0.0,0.0,0.0,7.31,4.55,0.0
20231102:0411,0.0,0.0,0.0,8.1,5.86,0.0
20231102:0511,0.0,0.0,0.0,8.55,5.86,0.0
20231102:0611,0.0,0.0,0.0,8.96,5.17,0.0
20231102:0711,0.0,0.0,0.0,9.09,4.48,0.0
20231102:0811,69524.0,45.79,7.02,9.27,4.07,0.0
20231102:0911,13390.0,15.76,13.31,9.79,4.0,0.0
20231102:1011,37700.0,29.67,17.96,10.13,4.14,0.0
20231102:1111,37622.0,29.67,20.58,10.46,4.28,0.0
20231102:1211,149682.0,83.44,20.9,10.47,5.17,0.0
20231102:1311,306826.0,152.15,18.88,10.27,5.45,0.0
20231102:1411,402116.0,192.22,14.74,10.02,5.93,0.0
20231102:1511,55770.0,38.94,8.84,9.76,6.07,0.0
20231102:1611,858.0,6.49,1.64,9.64,6.07,0.0
20231102:1711,0.0,0.0,0.0,9.27,6.0,0.0
20231102:1811,0.0,0.0,0.0,9.13,6.07,0.0
20231102:1911,0.0,0.0,0.0,9.23,5.86,0.0
20231102:2011,0.0,0.0,0.0,9.29,6.07,0.0
20231102:2111,0.0,0.0,0.0,9.18,6.14,0.0
20231102:2211,0.0,0.0,0.0,9.01,6.21,0.0
20231102:2311,0.0,0.0,0.0,8.99,6.0,0.0
20231103:0011,0.0,0.0,0.0,8.91,5.79,0.0
20231103:0111,0.0,0.0,0.0,8.8,5.86,0.0
20231103:0211,0.0,0.0,0.0,8.73,5.93,0.0
20231103:0311,0.0,0.0,0.0,8.65,5.79,0.0
20231103:0411,0.0,0.0,0.0,8.46,5.45,0.0
20231103:0511,0.0,0.0,0.0,8.21,5.1,0.0
20231103:0611,0.0,0.0,0.0,7.9,4.76,0.0
20231103:0711,0.0,0.0,0.0,8.5,5.17,0.0
20231103:0811,204048.0,107.76,6.74,8.29,4.9,0.0
20231103:0911,580944.0,267.64,13.01,8.77,4.83,0.0
20231103:1011,1153464.0,516.48,17.65,9.54,5.17,0.0
20231103:1111,1317186.0,591.35,20.27,10.32,5.45,0.0
20231103:1211,1563562.0,705.12,20.59,11.08,5.93,0.0
20231103:1311,732706.0,334.79,18.57,11.32,6.0,0.0
20231103:1411,247156.0,126.62,14.44,11.35,5.72,0.0
20231103:1511,164372.0,90.3,8.57,11.09,4.97,0.0
20231103:1611,0.0,2.78,1.38,10.68,4.28,0.0
20231103:1711,0.0,0.0,0.0,10.0,3.79,0.0
20231103:1811,0.0,0.0,0.0,9.43,3.59,0.0
20231103:1911,0.0,0.0,0.0,8.1,3.38,0.0
20231103:2011,0.0,0.0,0.0,7.75,3.31,0.0
20231103:2111,0.0,0.0,0.0,7.37,3.1,0.0
20231103:2211,0.0,0.0,0.0,7.09,2.97,0.0
20231103:2311,0.0,0.0,0.0,7.0,3.24,0.0
20231104:0011,0.0,0.0,0.0,7.12,3.45,0.0
20231104:0111,0.0,0.0,0.0,7.42,3.31,0.0
20231104:0211,0.0,0.0,0.0,7.41,2.69,0.0
20231104:0311,0.0,0.0,0.0,7.32,2.28,0.0
20231104:0411,0.0,0.0,0.0,6.88,2.28,0.0
20231104:0511,0.0,0.0,0.0,6.82,2.48,0.0
20231104:0611,0.0,0.0,0.0,6.49,2.21,0.0
20231104:0711,0.0,0.0,0.0,5.66,2.07,0.0
20231104:0811,34996.0,27.81,6.46,5.94,2.28,0.0
20231104:0911,87464.0,53.77,12.72,6.45,3.03,0.0
20231104:1011,365430.0,175.33,17.35,7.16,3.1,0.0
20231104:1111,638066.0,292.32,19.96,8.3,3.38,0.0
20231104:1211,455676.0,215.29,20.27,9.16,3.93,0.0
20231104:1311,160316.0,88.08,18.27,9.76,4.07,0.0
20231104:1411,50258.0,36.16,14.15,9.72,4.0,0.0
20231104:1511,30966.0,25.96,8.29,9.31,3.93,0.0
20231104:1611,0.0,0.0,0.0,8.9,4.14,0.0
20231104:1711,0.0,0.0,0.0,8.45,4.41,0.0
20231104:1811,0.0,0.0,0.0,8.25,4.62,0.0
20231104:1911,0.0,0.0,0.0,8.07,4.69,0.0
20231104:2011,0.0,0.0,0.0,8.2,5.1,0.0
20231104:2111,0.0,0.0,0.0,8.14,4.97,0.0
20231104:2211,0.0,0.0,0.0,8.29,5.1,0.0
20231104:2311,0.0,0.0,0.0,8.29,5.1,0.0
20231105:0011,0.0,0.0,0.0,8.27,5.24,0.0
20231105:0111,0.0,0.0,0.0,8.26,5.03,0.0
20231105:0211,0.0,0.0,0.0,8.23,5.03,0.0
20231105:0311,0.0,0.0,0.0,8.1,5.03,0.0
20231105:0411,0.0,0.0,0.0,7.9,4.97,0.0
20231105:0511,0.0,0.0,0.0,7.83,4.9,0.0
20231105:0611,0.0,0.0,0.0,7.9,4.97,0.0
20231105:0711,0.0,0.0,0.0,7.9,5.24,0.0
20231105:0811,149058.0,82.94,6.19,7.82,4.76,0.0
20231105:0911,556946.0,256.87,12.43,8.14,4.55,0.0
20231105:1011,804362.0,362.45,17.05,8.58,4.69,0.0
20231105:1111,1572454.0,707.43,19.65,9.06,4.69,0.0
20231105:1211,1547182.0,698.06,19.97,9.84,4.76,0.0
20231105:1311,1477398.0,668.22,17.97,10.39,4.55,0.0
20231105:1411,845728.0,385.07,13.87,10.52,4.07,0.0
20231105:1511,236028.0,122.2,8.03,10.23,3.17,0.0
20231105:1611,0.0,0.0,0.0,9.37,2.76,0.0
20231105:1711,0.0,0.0,0.0,8.05,2.83,0.0
20231105:1811,0.0,0.0,0.0,7.36,2.83,0.0
20231105:1911,0.0,0.0,0.0,6.89,2.83,0.0
20231105:2011,0.0,0.0,0.0,6.55,2.9,0.0
20231105:2111,0.0,0.0,0.0,6.24,2.62,0.0
20231105:2211,0.0,0.0,0.0,5.73,2.55,0.0
20231105:2311,0.0,0.0,0.0,5.55,2.62,0.0
20231106:0011,0.0,0.0,0.0,5.66,2.62,0.0
20231106:0111,0.0,0.0,0.0,5.8,2.62,0.0
20231106:0211,0.0,0.0,0.0,5.91,2.76,0.0
20231106:0311,0.0,0.0,0.0,6.19,2.83,0.0
20231106:0411,0.0,0.0,0.0,6.69,2.97,0.0
20231106:0511,0.0,0.0,0.0,7.12,3.1,0.0
20231106:0611,0.0,0.0,0.0,7.2,3.1,0.0
20231106:0711,0.0,0.0,0.0,6.9,3.03,0.0
20231106:0811,0.0,5.56,5.91,6.95,3.1,0.0
20231106:0911,397254.0,189.28,12.15,7.96,3.31,0.0
20231106:1011,443222.0,209.75,16.75,8.99,3.17,0.0
20231106:1111,393172.0,188.93,19.35,9.83,4.55,0.0
20231106:1211,534560.0,249.15,19.67,10.32,5.52,0.0
20231106:1311,1027988.0,462.13,17.68,10.38,5.45,0.0
20231106:1411,298012.0,148.02,13.59,10.21,4.62,0.0
20231106:1511,103350.0,61.93,7.76,9.77,4.9,0.0
20231106:1611,0.0,0.0,0.0,9.07,4.21,0.0
20231106:1711,0.0,0.0,0.0,8.24,4.14,0.0
20231106:1811,0.0,0.0,0.0,8.27,4.28,0.0
20231106:1911,0.0,0.0,0.0,8.39,4.07,0.0
20231106:2011,0.0,0.0,0.0,8.24,4.07,0.0
20231106:2111,0.0,0.0,0.0,8.05,4.21,0.0
20231106:2211,0.0,0.0,0.0,8.05,4.41,0.0
20231106:2311,0.0,0.0,0.0,8.12,4.55,0.0
20231107:0011,0.0,0.0,0.0,8.21,4.55,0.0
20231107:0111,0.0,0.0,0.0,8.45,4.62,0.0
20231107:0211,0.0,0.0,0.0,8.81,4.69,0.0
20231107:0311,0.0,0.0,0.0,8.97,4.69,0.0
20231107:0411,0.0,0.0,0.0,8.83,4.48,0.0
20231107:0511,0.0,0.0,0.0,8.39,4.28,0.0
20231107:0611,0.0,0.0,0.0,8.11,4.14,0.0
20231107:0711,0.0,0.0,0.0,7.79,3.79,0.0
20231107:0811,70018.0,45.9,5.64,7.62,3.72,0.0
20231107:0911,281034.0,139.86,11.86,8.6,4.07,0.0
20231107:1011,1116232.0,501.27,16.46,9.69,4.69,0.0
20231107:1111,354744.0,172.74,19.05,10.26,4.97,0.0
20231107:1211,999830.0,451.42,19.37,10.94,5.17,0.0
20231107:1311,933504.0,422.34,17.39,10.84,4.9,0.0
20231107:1411,736268.0,336.99,13.32,10.79,4.62,0.0
20231107:1511,2886.0,8.34,7.51,10.35,4.28,0.0
20231107:1611,0.0,0.0,0.0,9.56,4.0,0.0
20231107:1711,0.0,0.0,0.0,8.66,3.93,0.0
20231107:1811,0.0,0.0,0.0,7.97,3.79,0.0
20231107:1911,0.0,0.0,0.0,7.53,3.59,0.0
20231107:2011,0.0,0.0,0.0,7.21,3.38,0.0
20231107:2111,0.0,0.0,0.0,6.64,3.1,0.0
20231107:2211,0.0,0.0,0.0,6.31,2.83,0.0
20231107:2311,0.0,0.0,0.0,5.94,2.76,0.0
20231108:0011,0.0,0.0,0.0,6.08,2.83,0.0
20231108:0111,0.0,0.0,0.0,6.45,2.83,0.0
20231108:0211,0.0,0.0,0.0,6.43,2.69,0.0
20231108:0311,0.0,0.0,0.0,6.43,3.03,0.0
20231108:0411,0.0,0.0,0.0,6.35,3.66,0.0
20231108:0511,0.0,0.0,0.0,6.55,4.28,0.0
20231108:0611,0.0,0.0,0.0,6.84,4.9,0.0
20231108:0711,0.0,0.0,0.0,7.23,5.45,0.0
20231108:0811,6604.0,11.13,5.37,7.52,6.48,0.0
20231108:0911,36400.0,28.74,11.58,7.93,6.9,0.0
20231108:1011,110500.0,64.9,16.17,8.58,6.55,0.0
20231108:1111,236132.0,121.23,18.75,9.59,5.79,0.0
20231108:1211,749580.0,339.7,19.08,9.65,5.72,0.0
20231108:1311,629460.0,288.32,17.11,9.54,5.45,0.0
20231108:1411,534612.0,248.23,13.05,9.37,4.83,0.0
20231108:1511,74516.0,48.09,7.26,9.07,4.21,0.0
20231108:1611,0.0,0.0,0.0,8.36,3.66,0.0
20231108:1711,0.0,0.0,0.0,7.57,3.59,0.0
20231108:1811,0.0,0.0,0.0,7.25,3.59,0.0
20231108:1911,0.0,0.0,0.0,7.16,3.79,0.0
20231108:2011,0.0,0.0,0.0,7.09,3.86,0.0
20231108:2111,0.0,0.0,0.0,6.73,3.93,0.0
20231108:2211,0.0,0.0,0.0,6.55,3.93,0.0
20231108:2311,0.0,0.0,0.0,6.62,4.07,0.0
20231109:0011,0.0,0.0,0.0,6.73,4.28,0.0
20231109:0111,0.0,0.0,0.0,6.64,4.28,0.0
20231109:0211,0.0,0.0,0.0,6.36,3.79,0.0
20231109:0311,0.0,0.0,0.0,6.33,3.59,0.0
20231109:0411,0.0,0.0,0.0,5.95,3.24,0.0
20231109:0511,0.0,0.0,0.0,5.29,2.9,0.0
20231109:0611,0.0,0.0,0.0,4.52,2.97,0.0
20231109:0711,0.0,0.0,0.0,4.35,2.97,0.0
20231109:0811,5460.0,10.2,5.11,4.75,3.17,0.0
20231109:0911,68380.0,44.5,11.3,5.49,3.17,0.0
20231109:1011,933868.0,416.64,15.88,6.2,3.17,0.0
20231109:1111,977912.0,437.31,18.46,7.07,3.31,0.0
20231109:1211,1072838.0,478.87,18.79,8.15,4.48,0.0
20231109:1311,1332058.0,598.27,16.83,8.58,3.86,0.0
20231109:1411,301886.0,148.85,12.79,8.5,3.1,0.0
20231109:1511,329810.0,162.46,7.01,8.13,2.83,0.0
20231109:1611,0.0,0.0,0.0,7.01,2.69,0.0
20231109:1711,0.0,0.0,0.0,6.08,2.69,0.0
20231109:1811,0.0,0.0,0.0,5.73,2.48,0.0
20231109:1911,0.0,0.0,0.0,5.91,2.41,0.0
20231109:2011,0.0,0.0,0.0,5.12,1.93,0.0
20231109:2111,0.0,0.0,0.0,4.93,1.66,0.0
20231109:2211,0.0,0.0,0.0,5.17,1.52,0.0
20231109:2311,0.0,0.0,0.0,4.58,1.79,0.0
20231110:0011,0.0,0.0,0.0,3.6,1.79,0.0
20231110:0111,0.0,0.0,0.0,2.77,1.72,0.0
20231110:0211,0.0,0.0,0.0,2.87,1.72,0.0
20231110:0311,0.0,0.0,0.0,3.14,1.79,0.0
20231110:0411,0.0,0.0,0.0,3.08,1.93,0.0
20231110:0511,0.0,0.0,0.0,3.47,2.07,0.0
20231110:0611,0.0,0.0,0.0,3.43,2.41,0.0
20231110:0711,0.0,0.0,0.0,2.68,2.62,0.0
20231110:0811,65754.0,43.14,4.84,2.74,3.03,0.0
20231110:0911,772330.0,344.73,11.03,3.96,3.1,0.0
20231110:1011,1185392.0,524.93,15.6,5.41,3.52,0.0
20231110:1111,1437358.0,637.82,18.18,6.6,4.55,0.0
20231110:1211,1388946.0,617.34,18.51,7.34,4.76,0.0
20231110:1311,1342666.0,598.22,16.56,7.73,4.55,0.0
20231110:1411,798642.0,359.75,12.53,7.75,4.21,0.0
20231110:1511,386308.0,186.3,6.77,7.31,3.52,0.0
20231110:1611,0.0,0.0,0.0,6.01,3.24,0.0
20231110:1711,0.0,0.0,0.0,4.54,3.24,0.0
20231110:1811,0.0,0.0,0.0,3.73,3.38,0.0
20231110:1911,0.0,0.0,0.0,3.5,2.9,0.0
20231110:2011,0.0,0.0,0.0,3.1,2.97,0.0
20231110:2111,0.0,0.0,0.0,2.99,2.97,0.0
20231110:2211,0.0,0.0,0.0,2.82,2.9,0.0
20231110:2311,0.0,0.0,0.0,2.72,2.97,0.0
20231111:0011,0.0,0.0,0.0,2.71,2.97,0.0
20231111:0111,0.0,0.0,0.0,2.87,3.03,0.0
20231111:0211,0.0,0.0,0.0,3.2,3.1,0.0
20231111:0311,0.0,0.0,0.0,3.2,3.17,0.0
20231111:0411,0.0,0.0,0.0,3.31,3.52,0.0
20231111:0511,0.0,0.0,0.0,3.47,3.79,0.0
20231111:0611,0.0,0.0,0.0,3.62,3.86,0.0
20231111:0711,0.0,0.0,0.0,4.38,4.0,0.0
20231111:0811,64792.0,43.02,4.58,4.65,3.72,0.0
20231111:0911,620386.0,281.67,10.76,5.51,3.45,0.0
20231111:1011,716118.0,323.07,15.32,6.52,3.17,0.0
20231111:1111,1487824.0,668.64,17.89,7.54,3.52,0.0
20231111:1211,1560468.0,707.24,18.23,8.2,3.17,0.0
20231111:1311,1312922.0,593.31,16.3,8.61,2.97,0.0
20231111:1411,1098500.0,499.51,12.28,8.67,2.21,0.0
20231111:1511,300820.0,150.54,6.54,8.42,1.38,0.0
20231111:1611,0.0,0.0,0.0,7.56,1.31,0.0
20231111:1711,0.0,0.0,0.0,5.1,1.45,0.0
20231111:1811,0.0,0.0,0.0,5.6,0.9,0.0
20231111:1911,0.0,0.0,0.0,6.09,0.41,0.0
20231111:2011,0.0,0.0,0.0,5.16,1.03,0.0
20231111:2111,0.0,0.0,0.0,3.7,1.31,0.0
20231111:2211,0.0,0.0,0.0,4.11,1.1,0.0
20231111:2311,0.0,0.0,0.0,3.95,0.97,0.0
20231112:0011,0.0,0.0,0.0,3.66,1.1,0.0
20231112:0111,0.0,0.0,0.0,4.08,0.69,0.0
20231112:0211,0.0,0.0,0.0,4.08,0.48,0.0
20231112:0311,0.0,0.0,0.0,3.13,1.1,0.0
20231112:0411,0.0,0.0,0.0,1.76,1.45,0.0
20231112:0511,0.0,0.0,0.0,1.84,1.31,0.0
20231112:0611,0.0,0.0,0.0,1.76,1.31,0.0
20231112:0711,0.0,0.0,0.0,1.52,1.86,0.0
20231112:0811,48776.0,34.72,4.32,1.94,1.52,0.0
20231112:0911,95238.0,56.67,10.49,3.11,1.31,0.0
20231112:1011,1269710.0,569.46,15.05,5.35,1.93,0.0
20231112:1111,1321268.0,590.89,17.62,6.78,3.17,0.0
20231112:1211,357006.0,171.74,17.96,7.51,4.21,0.0
20231112:1311,97006.0,58.41,16.03,7.4,4.21,0.0
20231112:1411,79326.0,50.06,12.04,7.31,4.07,0.0
20231112:1511,34814.0,27.81,6.31,6.95,3.38,0.0
20231112:1611,0.0,0.0,0.0,6.53,3.52,0.0
20231112:1711,0.0,0.0,0.0,6.33,3.79,0.0
20231112:1811,0.0,0.0,0.0,6.35,4.07,0.0
20231112:1911,0.0,0.0,0.0,6.77,4.76,0.0
20231112:2011,0.0,0.0,0.0,6.91,4.69,0.0
20231112:2111,0.0,0.0,0.0,7.05,4.41,0.0
20231112:2211,0.0,0.0,0.0,7.18,3.79,0.0
20231112:2311,0.0,0.0,0.0,7.23,3.24,0.0
20231113:0011,0.0,0.0,0.0,7.12,2.83,0.0
20231113:0111,0.0,0.0,0.0,7.04,2.41,0.0
20231113:0211,0.0,0.0,0.0,6.67,2.76,0.0
20231113:0311,0.0,0.0,0.0,6.73,3.1,0.0
20231113:0411,0.0,0.0,0.0,6.76,3.66,0.0
20231113:0511,0.0,0.0,0.0,7.09,4.76,0.0
20231113:0611,0.0,0.0,0.0,7.79,5.66,0.0
20231113:0711,0.0,0.0,0.0,7.94,6.69,0.0
20231113:0811,0.0,3.71,4.07,8.06,7.66,0.0
20231113:0911,226174.0,115.7,10.23,8.39,7.38,0.0
20231113:1011,22594.0,21.32,14.77,10.15,7.03,0.0
20231113:1111,1040806.0,463.15,17.34,10.51,9.1,0.0
20231113:1211,473642.0,221.6,17.69,10.02,9.52,0.0
20231113:1311,134160.0,76.02,15.78,9.8,9.86,0.0
20231113:1411,10556.0,13.91,11.8,9.68,10.28,0.0
20231113:1511,88608.0,54.92,6.08,9.58,11.24,0.0
20231113:1611,0.0,0.0,0.0,9.49,12.48,0.0
20231113:1711,0.0,0.0,0.0,9.45,12.55,0.0
20231113:1811,0.0,0.0,0.0,9.36,11.31,0.0
20231113:1911,0.0,0.0,0.0,9.43,9.79,0.0
20231113:2011,0.0,0.0,0.0,9.67,8.9,0.0
20231113:2111,0.0,0.0,0.0,9.77,8.07,0.0
20231113:2211,0.0,0.0,0.0,9.95,7.38,0.0
20231113:2311,0.0,0.0,0.0,9.87,6.76,0.0
20231114:0011,0.0,0.0,0.0,9.8,6.21,0.0
20231114:0111,0.0,0.0,0.0,9.79,5.72,0.0
20231114:0211,0.0,0.0,0.0,9.9,5.45,0.0
20231114:0311,0.0,0.0,0.0,10.06,4.97,0.0
20231114:0411,0.0,0.0,0.0,9.78,4.0,0.0
20231114:0511,0.0,0.0,0.0,9.31,3.31,0.0
20231114:0611,0.0,0.0,0.0,9.14,2.62,0.0
20231114:0711,0.0,0.0,0.0,9.36,2.76,0.0
20231114:0811,0.0,4.64,3.81,9.17,2.21,0.0
20231114:0911,14924.0,16.69,9.96,9.12,2.07,0.0
20231114:1011,16406.0,17.62,14.51,9.45,2.28,0.0
20231114:1111,30862.0,25.96,17.08,9.78,2.0,0.0
20231114:1211,325780.0,160.68,17.43,10.08,2.28,0.0
20231114:1311,347204.0,169.75,15.53,10.23,2.34,0.0
20231114:1411,672048.0,310.92,11.56,10.21,2.14,0.0
20231114:1511,60840.0,41.64,5.87,10.11,1.86,0.0
20231114:1611,0.0,0.0,0.0,9.67,1.59,0.0
20231114:1711,0.0,0.0,0.0,8.64,1.52,0.0
20231114:1811,0.0,0.0,0.0,8.54,1.79,0.0
20231114:1911,0.0,0.0,0.0,8.82,2.97,0.0
20231114:2011,0.0,0.0,0.0,8.99,3.24,0.0
20231114:2111,0.0,0.0,0.0,9.33,3.59,0.0
20231114:2211,0.0,0.0,0.0,9.23,3.93,0.0
20231114:2311,0.0,0.0,0.0,9.09,4.21,0.0
20231115:0011,0.0,0.0,0.0,8.86,4.34,0.0
20231115:0111,0.0,0.0,0.0,8.63,4.48,0.0
20231115:0211,0.0,0.0,0.0,8.63,4.62,0.0
20231115:0311,0.0,0.0,0.0,8.46,4.55,0.0
20231115:0411,0.0,0.0,0.0,8.84,4.83,0.0
20231115:0511,0.0,0.0,0.0,8.94,5.24,0.0
20231115:0611,0.0,0.0,0.0,8.87,5.52,0.0
20231115:0711,0.0,0.0,0.0,9.28,6.0,0.0
20231115:0811,182676.0,100.01,3.56,9.43,6.0,0.0
20231115:0911,482196.0,226.04,9.71,9.58,5.93,0.0
20231115:1011,307424.0,151.51,14.25,9.81,5.72,0.0
20231115:1111,512798.0,239.2,16.81,10.16,5.59,0.0
20231115:1211,492986.0,231.08,17.17,10.45,5.72,0.0
20231115:1311,95628.0,58.41,15.29,10.32,5.17,0.0
20231115:1411,13364.0,15.76,11.33,10.08,4.9,0.0
20231115:1511,1846.0,7.42,5.65,9.64,3.93,0.0
20231115:1611,0.0,0.0,0.0,8.92,2.97,0.0
20231115:1711,0.0,0.0,0.0,8.38,2.28,0.0
20231115:1811,0.0,0.0,0.0,8.17,1.79,0.0
20231115:1911,0.0,0.0,0.0,8.0,1.38,0.0
20231115:2011,0.0,0.0,0.0,7.38,1.38,0.0
20231115:2111,0.0,0.0,0.0,6.8,1.31,0.0
20231115:2211,0.0,0.0,0.0,6.39,0.97,0.0
20231115:2311,0.0,0.0,0.0,6.51,0.69,0.0
20231116:0011,0.0,0.0,0.0,6.32,0.83,0.0
20231116:0111,0.0,0.0,0.0,6.17,1.03,0.0
20231116:0211,0.0,0.0,0.0,5.8,1.31,0.0
20231116:0311,0.0,0.0,0.0,4.79,1.52,0.0
20231116:0411,0.0,0.0,0.0,4.17,1.52,0.0
20231116:0511,0.0,0.0,0.0,4.09,1.59,0.0
20231116:0611,0.0,0.0,0.0,4.05,1.52,0.0
20231116:0711,0.0,0.0,0.0,3.68,1.03,0.0
20231116:0811,23322.0,21.51,3.32,3.85,0.9,0.0
20231116:0911,227760.0,115.49,9.45,4.64,0.69,0.0
20231116:1011,308048.0,150.42,13.99,5.55,0.62,0.0
20231116:1111,394238.0,188.37,16.56,6.77,0.55,0.0
20231116:1211,302354.0,149.37,16.92,7.42,0.83,0.0
20231116:1311,225368.0,116.09,15.05,7.75,0.97,0.0
20231116:1411,173888.0,93.29,11.11,7.81,0.9,0.0
20231116:1511,26182.0,23.18,5.45,7.6,0.97,0.0
20231116:1611,0.0,0.0,0.0,7.2,1.45,0.0
20231116:1711,0.0,0.0,0.0,6.52,1.72,0.0
20231116:1811,0.0,0.0,0.0,6.08,1.79,0.0
20231116:1911,0.0,0.0,0.0,5.75,1.93,0.0
20231116:2011,0.0,0.0,0.0,5.53,2.0,0.0
20231116:2111,0.0,0.0,0.0,5.31,2.0,0.0
20231116:2211,0.0,0.0,0.0,5.29,2.14,0.0
20231116:2311,0.0,0.0,0.0,5.16,1.79,0.0
20231117:0011,0.0,0.0,0.0,4.77,1.72,0.0
20231117:0111,0.0,0.0,0.0,4.26,1.45,0.0
20231117:0211,0.0,0.0,0.0,3.98,1.66,0.0
20231117:0311,0.0,0.0,0.0,3.97,1.93,0.0
20231117:0411,0.0,0.0,0.0,4.02,1.66,0.0
20231117:0511,0.0,0.0,0.0,4.15,1.31,0.0
20231117:0611,0.0,0.0,0.0,4.22,1.31,0.0
20231117:0711,0.0,0.0,0.0,4.16,1.79,0.0
20231117:0811,43004.0,32.21,3.08,3.62,1.72,0.0
20231117:0911,768352.0,348.15,9.21,4.9,1.24,0.0
20231117:1011,1153724.0,521.71,13.74,6.61,1.45,0.0
20231117:1111,1400802.0,639.25,16.31,7.64,1.66,0.0
20231117:1211,1308892.0,598.36,16.68,8.3,1.52,0.0
20231117:1311,909428.0,414.49,14.81,8.63,1.45,0.0
20231117:1411,269464.0,135.51,10.9,8.77,0.83,0.0
20231117:1511,140556.0,79.26,5.25,8.55,0.97,0.0
20231117:1611,0.0,0.0,0.0,7.88,1.66,0.0
20231117:1711,0.0,0.0,0.0,6.95,2.07,0.0
20231117:1811,0.0,0.0,0.0,6.7,2.21,0.0
20231117:1911,0.0,0.0,0.0,5.85,2.14,0.0
20231117:2011,0.0,0.0,0.0,5.65,2.34,0.0
20231117:2111,0.0,0.0,0.0,5.56,2.55,0.0
20231117:2211,0.0,0.0,0.0,5.6,2.55,0.0
20231117:2311,0.0,0.0,0.0,5.53,2.69,0.0
20231118:0011,0.0,0.0,0.0,5.4,3.24,0.0
20231118:0111,0.0,0.0,0.0,5.59,3.59,0.0
20231118:0211,0.0,0.0,0.0,5.88,4.0,0.0
20231118:0311,0.0,0.0,0.0,6.21,4.97,0.0
20231118:0411,0.0,0.0,0.0,6.55,6.48,0.0
20231118:0511,0.0,0.0,0.0,6.79,6.9,0.0
20231118:0611,0.0,0.0,0.0,7.02,6.69,0.0
20231118:0711,0.0,0.0,0.0,6.65,5.31,0.0
20231118:0811,2990.0,8.34,2.84,6.95,4.55,0.0
20231118:0911,103766.0,61.42,8.96,7.69,4.07,0.0
20231118:1011,56030.0,38.94,13.49,8.7,3.86,0.0
20231118:1111,50180.0,36.16,16.06,9.97,4.0,0.0
20231118:1211,331188.0,162.95,16.44,11.09,4.28,0.0
20231118:1311,73736.0,48.21,14.59,11.89,4.41,0.0
20231118:1411,13182.0,15.76,10.69,12.29,4.41,0.0
20231118:1511,10348.0,13.91,5.06,12.33,4.48,0.0
20231118:1611,0.0,0.0,0.0,12.29,4.69,0.0
20231118:1711,0.0,0.0,0.0,12.05,4.83,0.0
20231118:1811,0.0,0.0,0.0,11.69,4.83,0.0
20231118:1911,0.0,0.0,0.0,11.43,4.76,0.0
20231118:2011,0.0,0.0,0.0,11.4,4.83,0.0
20231118:2111,0.0,0.0,0.0,11.25,5.1,0.0
20231118:2211,0.0,0.0,0.0,11.27,5.24,0.0
20231118:2311,0.0,0.0,0.0,11.14,5.45,0.0
20231119:0011,0.0,0.0,0.0,10.91,5.66,0.0
20231119:0111,0.0,0.0,0.0,10.87,5.72,0.0
20231119:0211,0.0,0.0,0.0,10.73,5.79,0.0
20231119:0311,0.0,0.0,0.0,10.53,5.52,0.0
20231119:0411,0.0,0.0,0.0,10.36,5.38,0.0
20231119:0511,0.0,0.0,0.0,10.42,5.31,0.0
20231119:0611,0.0,0.0,0.0,10.26,4.83,0.0
20231119:0711,0.0,0.0,0.0,10.23,4.76,0.0
20231119:0811,0.0,5.56,2.6,10.27,4.48,0.0
20231119:0911,673114.0,310.49,8.72,10.52,4.34,0.0
20231119:1011,470132.0,222.07,13.24,11.0,4.28,0.0
20231119:1111,132730.0,76.02,15.82,11.4,4.21,0.0
20231119:1211,104676.0,63.04,16.2,11.68,3.79,0.0
20231119:1311,98956.0,60.26,14.37,11.29,3.24,0.0
20231119:1411,7722.0,12.05,10.48,11.15,2.83,0.0
20231119:1511,19318.0,19.47,4.87,10.84,2.48,0.0
20231119:1611,0.0,0.0,0.0,10.81,2.62,0.0
20231119:1711,0.0,0.0,0.0,10.92,2.97,0.0
20231119:1811,0.0,0.0,0.0,11.09,3.24,0.0
20231119:1911,0.0,0.0,0.0,11.35,3.66,0.0
20231119:2011,0.0,0.0,0.0,11.44,4.14,0.0
20231119:2111,0.0,0.0,0.0,11.08,4.83,0.0
20231119:2211,0.0,0.0,0.0,10.86,5.38,0.0
20231119:2311,0.0,0.0,0.0,10.61,5.52,0.0
20231120:0011,0.0,0.0,0.0,10.3,5.38,0.0
20231120:0111,0.0,0.0,0.0,9.95,4.97,0.0
20231120:0211,0.0,0.0,0.0,9.63,4.55,0.0
20231120:0311,0.0,0.0,0.0,9.18,4.14,0.0
20231120:0411,0.0,0.0,0.0,8.76,3.66,0.0
20231120:0511,0.0,0.0,0.0,8.51,3.24,0.0
20231120:0611,0.0,0.0,0.0,8.22,2.9,0.0
20231120:0711,0.0,0.0,0.0,8.49,3.03,0.0
20231120:0811,38298.0,30.52,2.37,8.57,3.1,0.0
20231120:0911,239928.0,122.42,8.48,9.12,3.1,0.0
20231120:1011,111566.0,65.71,13.01,9.77,3.1,0.0
20231120:1111,237926.0,122.43,15.58,10.48,3.24,0.0
20231120:1211,116870.0,68.61,15.98,11.12,3.93,0.0
20231120:1311,85384.0,53.77,14.15,11.37,3.93,0.0
20231120:1411,10426.0,13.91,10.29,11.35,3.31,0.0
20231120:1511,51116.0,36.91,4.69,11.28,3.17,0.0
20231120:1611,0.0,0.0,0.0,10.96,3.31,0.0
20231120:1711,0.0,0.0,0.0,10.64,3.79,0.0
20231120:1811,0.0,0.0,0.0,10.53,4.07,0.0
20231120:1911,0.0,0.0,0.0,10.58,4.14,0.0
20231120:2011,0.0,0.0,0.0,10.3,5.31,0.0
20231120:2111,0.0,0.0,0.0,9.76,5.72,0.0
20231120:2211,0.0,0.0,0.0,9.41,6.14,0.0
20231120:2311,0.0,0.0,0.0,9.03,6.48,0.0
20231121:0011,0.0,0.0,0.0,8.78,6.76,0.0
20231121:0111,0.0,0.0,0.0,8.77,7.17,0.0
20231121:0211,0.0,0.0,0.0,8.77,7.45,0.0
20231121:0311,0.0,0.0,0.0,8.55,7.72,0.0
20231121:0411,0.0,0.0,0.0,8.38,7.86,0.0
20231121:0511,0.0,0.0,0.0,8.38,7.79,0.0
20231121:0611,0.0,0.0,0.0,8.52,7.86,0.0
20231121:0711,0.0,0.0,0.0,8.53,6.55,0.0
20231121:0811,858.0,6.49,2.14,8.33,5.86,0.0
20231121:0911,21242.0,20.4,8.25,8.12,5.24,0.0
20231121:1011,611494.0,278.96,12.77,8.1,4.62,0.0
20231121:1111,80756.0,50.99,15.35,8.7,5.38,0.0
20231121:1211,542464.0,250.74,15.76,8.81,4.41,0.0
20231121:1311,126074.0,72.12,13.95,8.85,4.0,0.0
20231121:1411,22776.0,21.32,10.1,8.69,3.24,0.0
20231121:1511,452452.0,217.67,4.52,8.35,2.48,0.0
20231121:1611,0.0,0.0,0.0,7.15,2.21,0.0
20231121:1711,0.0,0.0,0.0,6.63,1.93,0.0
20231121:1811,0.0,0.0,0.0,5.68,1.45,0.0
20231121:1911,0.0,0.0,0.0,3.81,1.31,0.0
20231121:2011,0.0,0.0,0.0,3.27,1.17,0.0
20231121:2111,0.0,0.0,0.0,1.87,1.66,0.0
20231121:2211,0.0,0.0,0.0,2.02,1.86,0.0
20231121:2311,0.0,0.0,0.0,2.67,2.28,0.0
20231122:0011,0.0,0.0,0.0,3.24,2.55,0.0
20231122:0111,0.0,0.0,0.0,4.0,2.69,0.0
20231122:0211,0.0,0.0,0.0,4.45,2.83,0.0
20231122:0311,0.0,0.0,0.0,5.41,3.31,0.0
20231122:0411,0.0,0.0,0.0,6.47,3.79,0.0
20231122:0511,0.0,0.0,0.0,7.34,4.14,0.0
20231122:0611,0.0,0.0,0.0,8.13,4.62,0.0
20231122:0711,0.0,0.0,0.0,8.74,4.97,0.0
20231122:0811,858.0,6.49,1.92,9.32,4.97,0.0
20231122:0911,14872.0,16.69,8.03,9.82,5.17,0.0
20231122:1011,78182.0,50.06,12.54,10.33,5.72,0.0
20231122:1111,280098.0,140.3,15.13,10.68,6.21,0.0
20231122:1211,48126.0,35.23,15.54,11.12,6.76,0.0
20231122:1311,281892.0,141.3,13.75,11.47,6.9,0.0
20231122:1411,51584.0,37.08,9.91,11.72,7.03,0.0
20231122:1511,13260.0,15.76,4.35,11.5,6.9,0.0
20231122:1611,0.0,0.0,0.0,11.03,6.48,0.0
20231122:1711,0.0,0.0,0.0,10.7,6.0,0.0
20231122:1811,0.0,0.0,0.0,10.58,5.66,0.0
20231122:1911,0.0,0.0,0.0,11.64,6.21,0.0
20231122:2011,0.0,0.0,0.0,11.76,6.48,0.0
20231122:2111,0.0,0.0,0.0,11.89,6.97,0.0
20231122:2211,0.0,0.0,0.0,11.61,7.31,0.0
20231122:2311,0.0,0.0,0.0,11.18,7.52,0.0
20231123:0011,0.0,0.0,0.0,11.03,7.45,0.0
20231123:0111,0.0,0.0,0.0,11.09,7.17,0.0
20231123:0211,0.0,0.0,0.0,11.17,6.69,0.0
20231123:0311,0.0,0.0,0.0,11.16,6.07,0.0
20231123:0411,0.0,0.0,0.0,11.27,5.86,0.0
20231123:0511,0.0,0.0,0.0,11.44,5.86,0.0
20231123:0611,0.0,0.0,0.0,11.44,5.66,0.0
20231123:0711,0.0,0.0,0.0,11.84,6.34,0.0
20231123:0811,0.0,1.85,1.7,11.96,6.83,0.0
20231123:0911,95524.0,58.5,7.8,12.02,7.24,0.0
20231123:1011,996502.0,448.82,12.32,12.13,7.66,0.0
20231123:1111,264212.0,134.27,14.91,12.51,8.14,0.0
20231123:1211,223080.0,116.61,15.33,12.84,8.0,0.0
20231123:1311,1104194.0,497.55,13.55,12.88,7.66,0.0
20231123:1411,17602.0,18.54,9.73,12.74,7.79,0.0
20231123:1511,1794.0,7.42,4.19,11.93,8.07,0.0
20231123:1611,0.0,0.0,0.0,10.77,7.66,0.0
20231123:1711,0.0,0.0,0.0,10.05,6.97,0.0
20231123:1811,0.0,0.0,0.0,9.51,6.55,0.0
20231123:1911,0.0,0.0,0.0,8.86,6.69,0.0
20231123:2011,0.0,0.0,0.0,8.5,6.41,0.0
20231123:2111,0.0,0.0,0.0,8.44,6.21,0.0
20231123:2211,0.0,0.0,0.0,8.25,6.0,0.0
20231123:2311,0.0,0.0,0.0,7.93,6.0,0.0
20231124:0011,0.0,0.0,0.0,7.43,5.86,0.0
20231124:0111,0.0,0.0,0.0,6.78,5.59,0.0
20231124:0211,0.0,0.0,0.0,6.24,5.45,0.0
20231124:0311,0.0,0.0,0.0,5.76,5.38,0.0
20231124:0411,0.0,0.0,0.0,5.37,5.31,0.0
20231124:0511,0.0,0.0,0.0,4.95,5.31,0.0
20231124:0611,0.0,0.0,0.0,4.61,5.38,0.0
20231124:0711,0.0,0.0,0.0,4.64,5.38,0.0
20231124:0811,0.0,0.93,1.49,4.41,5.38,0.0
20231124:0911,862082.0,381.97,7.59,4.28,5.45,0.0
20231124:1011,827476.0,364.88,12.1,4.76,5.59,0.0
20231124:1111,1008774.0,442.28,14.69,5.24,5.72,0.0
20231124:1211,845962.0,373.27,15.13,5.53,6.07,0.0
20231124:1311,1034332.0,453.87,13.36,5.71,6.07,0.0
20231124:1411,748020.0,333.65,9.56,5.62,5.52,0.0
20231124:1511,215696.0,111.37,4.04,5.06,5.38,0.0
20231124:1611,0.0,0.0,0.0,4.15,5.1,0.0
20231124:1711,0.0,0.0,0.0,3.5,4.83,0.0
20231124:1811,0.0,0.0,0.0,3.19,4.55,0.0
20231124:1911,0.0,0.0,0.0,3.54,4.76,0.0
20231124:2011,0.0,0.0,0.0,3.17,4.41,0.0
20231124:2111,0.0,0.0,0.0,2.88,4.34,0.0
20231124:2211,0.0,0.0,0.0,2.49,4.28,0.0
20231124:2311,0.0,0.0,0.0,2.17,4.21,0.0
20231125:0011,0.0,0.0,0.0,1.3,3.93,0.0
20231125:0111,0.0,0.0,0.0,0.56,3.79,0.0
20231125:0211,0.0,0.0,0.0,0.32,3.86,0.0
20231125:0311,0.0,0.0,0.0,0.3,3.93,0.0
20231125:0411,0.0,0.0,0.0,0.22,3.93,0.0
20231125:0511,0.0,0.0,0.0,0.1,3.93,0.0
20231125:0611,0.0,0.0,0.0,0.27,3.93,0.0
20231125:0711,0.0,0.0,0.0,-0.03,3.59,0.0
20231125:0811,0.0,0.0,0.0,-0.04,3.52,0.0
20231125:0911,442416.0,202.4,7.37,0.61,3.52,0.0
20231125:1011,1104714.0,482.0,11.89,1.89,3.24,0.0
20231125:1111,1310556.0,574.89,14.49,3.36,3.52,0.0
20231125:1211,1382940.0,609.78,14.93,4.43,3.66,0.0
20231125:1311,1207908.0,533.11,13.18,4.99,3.66,0.0
20231125:1411,430118.0,200.39,9.4,5.01,3.24,0.0
20231125:1511,5486.0,10.2,3.89,4.28,2.9,0.0
20231125:1611,0.0,0.0,0.0,2.77,2.83,0.0
20231125:1711,0.0,0.0,0.0,1.74,2.83,0.0
20231125:1811,0.0,0.0,0.0,1.28,2.69,0.0
20231125:1911,0.0,0.0,0.0,0.64,2.41,0.0
20231125:2011,0.0,0.0,0.0,0.02,2.28,0.0
20231125:2111,0.0,0.0,0.0,-0.54,2.14,0.0
20231125:2211,0.0,0.0,0.0,-0.96,2.14,0.0
20231125:2311,0.0,0.0,0.0,-1.44,2.0,0.0
20231126:0011,0.0,0.0,0.0,-1.98,1.66,0.0
20231126:0111,0.0,0.0,0.0,-2.15,1.31,0.0
20231126:0211,0.0,0.0,0.0,-2.35,1.17,0.0
20231126:0311,0.0,0.0,0.0,-2.53,1.17,0.0
20231126:0411,0.0,0.0,0.0,-2.4,0.97,0.0
20231126:0511,0.0,0.0,0.0,-1.7,0.69,0.0
20231126:0611,0.0,0.0,0.0,-1.5,0.76,0.0
20231126:0711,0.0,0.0,0.0,-0.11,0.83,0.0
20231126:0811,0.0,0.0,0.0,0.42,0.62,0.0
20231126:0911,211536.0,106.75,7.17,0.64,0.69,0.0
20231126:1011,272376.0,132.6,11.68,1.54,0.97,0.0
20231126:1111,386100.0,181.3,14.29,3.09,1.17,0.0
20231126:1211,153790.0,83.28,14.74,3.9,1.24,0.0
20231126:1311,576758.0,262.75,13.01,4.56,1.38,0.0
20231126:1411,447304.0,208.41,9.24,4.84,1.52,0.0
20231126:1511,101712.0,60.41,3.75,4.52,1.72,0.0
20231126:1611,0.0,0.0,0.0,3.75,2.07,0.0
20231126:1711,0.0,0.0,0.0,2.87,2.14,0.0
20231126:1811,0.0,0.0,0.0,2.55,1.93,0.0
20231126:1911,0.0,0.0,0.0,2.1,1.38,0.0
20231126:2011,0.0,0.0,0.0,1.66,1.52,0.0
20231126:2111,0.0,0.0,0.0,1.53,1.17,0.0
20231126:2211,0.0,0.0,0.0,2.56,0.41,0.0
20231126:2311,0.0,0.0,0.0,2.51,0.41,0.0
20231127:0011,0.0,0.0,0.0,2.24,0.55,0.0
20231127:0111,0.0,0.0,0.0,2.46,0.69,0.0
20231127:0211,0.0,0.0,0.0,2.9,0.55,0.0
20231127:0311,0.0,0.0,0.0,3.2,0.07,0.0
20231127:0411,0.0,0.0,0.0,2.62,1.17,0.0
20231127:0511,0.0,0.0,0.0,2.82,1.52,0.0
20231127:0611,0.0,0.0,0.0,3.15,1.79,0.0
20231127:0711,0.0,0.0,0.0,4.35,2.97,0.0
20231127:0811,0.0,0.0,0.0,4.68,3.45,0.0
20231127:0911,26624.0,23.18,6.96,4.79,3.52,0.0
20231127:1011,1089582.0,480.44,11.48,4.99,3.93,0.0
20231127:1111,58942.0,39.87,14.09,5.28,4.0,0.0
20231127:1211,70356.0,45.43,14.56,5.52,4.55,0.0
20231127:1311,13702.0,15.76,12.84,6.04,4.97,0.0
20231127:1411,5408.0,10.2,9.09,6.19,5.59,0.0
20231127:1511,0.0,2.78,3.62,6.17,5.45,0.0
20231127:1611,0.0,0.0,0.0,5.55,4.97,0.0
20231127:1711,0.0,0.0,0.0,5.53,4.55,0.0
20231127:1811,0.0,0.0,0.0,5.61,4.21,0.0
20231127:1911,0.0,0.0,0.0,5.4,4.76,0.0
20231127:2011,0.0,0.0,0.0,5.23,4.83,0.0
20231127:2111,0.0,0.0,0.0,5.53,4.69,0.0
20231127:2211,0.0,0.0,0.0,5.4,4.48,0.0
20231127:2311,0.0,0.0,0.0,5.07,4.07,0.0
20231128:0011,0.0,0.0,0.0,4.76,3.72,0.0
20231128:0111,0.0,0.0,0.0,4.34,3.45,0.0
20231128:0211,0.0,0.0,0.0,3.78,3.31,0.0
20231128:0311,0.0,0.0,0.0,3.47,3.1,0.0
20231128:0411,0.0,0.0,0.0,2.94,2.97,0.0
20231128:0511,0.0,0.0,0.0,2.86,2.9,0.0
20231128:0611,0.0,0.0,0.0,2.54,2.83,0.0
20231128:0711,0.0,0.0,0.0,2.15,2.69,0.0
20231128:0811,0.0,0.0,0.0,1.72,2.69,0.0
20231128:0911,582790.0,262.73,6.77,1.63,2.62,0.0
20231128:1011,695084.0,309.82,11.29,2.92,2.34,0.0
20231128:1111,220246.0,111.7,13.9,4.07,2.9,0.0
20231128:1211,949286.0,419.59,14.38,4.72,3.31,0.0
20231128:1311,471874.0,217.46,12.68,4.97,3.31,0.0
20231128:1411,111384.0,64.18,8.95,4.81,3.31,0.0
20231128:1511,83096.0,51.59,3.49,4.13,3.1,0.0
20231128:1611,0.0,0.0,0.0,2.75,2.9,0.0
20231128:1711,0.0,0.0,0.0,1.62,2.97,0.0
20231128:1811,0.0,0.0,0.0,0.97,3.17,0.0
20231128:1911,0.0,0.0,0.0,0.81,3.24,0.0
20231128:2011,0.0,0.0,0.0,0.53,3.45,0.0
20231128:2111,0.0,0.0,0.0,0.3,3.59,0.0
20231128:2211,0.0,0.0,0.0,0.08,3.72,0.0
20231128:2311,0.0,0.0,0.0,-0.12,3.72,0.0
20231129:0011,0.0,0.0,0.0,-0.26,3.66,0.0
20231129:0111,0.0,0.0,0.0,-0.44,3.59,0.0
20231129:0211,0.0,0.0,0.0,-0.74,3.38,0.0
20231129:0311,0.0,0.0,0.0,-0.94,3.17,0.0
20231129:0411,0.0,0.0,0.0,-1.34,2.97,0.0
20231129:0511,0.0,0.0,0.0,-1.68,2.9,0.0
20231129:0611,0.0,0.0,0.0,-1.65,2.69,0.0
20231129:0711,0.0,0.0,0.0,-1.84,2.76,0.0
20231129:0811,0.0,0.0,0.0,-1.94,2.76,0.0
20231129:0911,90428.0,53.37,6.57,-1.28,2.76,0.0
20231129:1011,213070.0,106.59,11.1,-0.21,2.55,0.0
20231129:1111,336726.0,158.62,13.72,1.09,2.97,0.0
20231129:1211,1358110.0,593.68,14.21,1.92,3.1,0.0
20231129:1311,937274.0,410.58,12.52,2.32,3.03,0.0
20231129:1411,865592.0,382.13,8.81,2.41,2.76,0.0
20231129:1511,25168.0,22.25,3.37,1.9,2.34,0.0
20231129:1611,0.0,0.0,0.0,0.75,2.34,0.0
20231129:1711,0.0,0.0,0.0,0.02,2.28,0.0
20231129:1811,0.0,0.0,0.0,-0.53,2.21,0.0
20231129:1911,0.0,0.0,0.0,0.27,3.03,0.0
20231129:2011,0.0,0.0,0.0,0.66,2.97,0.0
20231129:2111,0.0,0.0,0.0,0.73,2.97,0.0
20231129:2211,0.0,0.0,0.0,0.82,2.83,0.0
20231129:2311,0.0,0.0,0.0,0.36,2.69,0.0
20231130:0011,0.0,0.0,0.0,-0.04,2.69,0.0
20231130:0111,0.0,0.0,0.0,-0.47,2.69,0.0
20231130:0211,0.0,0.0,0.0,-0.66,2.69,0.0
20231130:0311,0.0,0.0,0.0,-0.9,2.76,0.0
20231130:0411,0.0,0.0,0.0,-0.95,2.76,0.0
20231130:0511,0.0,0.0,0.0,-1.0,2.83,0.0
20231130:0611,0.0,0.0,0.0,-0.74,2.83,0.0
20231130:0711,0.0,0.0,0.0,-0.64,2.97,0.0
20231130:0811,0.0,0.0,0.0,-0.64,2.97,0.0
20231130:0911,303836.0,144.87,6.39,0.06,2.9,0.0
20231130:1011,260026.0,126.68,10.92,1.14,3.1,0.0
20231130:1111,824382.0,362.22,13.55,2.25,3.03,0.0
20231130:1211,109252.0,63.04,14.05,3.01,3.24,0.0
20231130:1311,555022.0,250.17,12.37,3.11,3.38,0.0
20231130:1411,5538.0,10.2,8.68,3.09,3.45,0.0
20231130:1511,962.0,6.49,3.26,2.28,2.69,0.0
20231130:1611,0.0,0.0,0.0,0.81,2.76,0.0
20231130:1711,0.0,0.0,0.0,0.16,2.9,0.0
20231130:1811,0.0,0.0,0.0,-0.32,2.97,0.0
20231130:1911,0.0,0.0,0.0,-0.28,3.1,0.0
20231130:2011,0.0,0.0,0.0,-0.38,3.1,0.0
20231130:2111,0.0,0.0,0.0,-0.36,3.17,0.0
20231130:2211,0.0,0.0,0.0,-0.32,3.31,0.0
20231130:2311,0.0,0.0,0.0,-0.5,3.45,0.0
20231201:0011,0.0,0.0,0.0,-0.4,3.52,0.0
20231201:0111,0.0,0.0,0.0,-0.67,3.59,0.0
20231201:0211,0.0,0.0,0.0,-0.8,3.59,0.0
20231201:0311,0.0,0.0,0.0,-0.87,3.52,0.0
20231201:0411,0.0,0.0,0.0,-0.68,3.31,0.0
20231201:0511,0.0,0.0,0.0,-0.82,3.17,0.0
20231201:0611,0.0,0.0,0.0,-0.86,3.1,0.0
20231201:0711,0.0,0.0,0.0,-1.51,2.97,0.0
20231201:0811,0.0,0.0,0.0,-1.32,2.76,0.0
20231201:0911,106262.0,60.51,6.21,-1.09,2.48,0.0
20231201:1011,558376.0,248.93,10.74,-0.21,2.28,0.0
20231201:1111,200382.0,101.88,13.38,0.79,2.34,0.0
20231201:1211,135122.0,74.15,13.89,1.47,2.34,0.0
20231201:1311,122980.0,68.86,12.23,1.83,2.34,0.0
20231201:1411,78208.0,48.4,8.56,1.49,2.07,0.0
20231201:1511,5642.0,10.2,3.15,0.81,2.07,0.0
20231201:1611,0.0,0.0,0.0,-0.71,2.28,0.0
20231201:1711,0.0,0.0,0.0,-1.55,2.14,0.0
20231201:1811,0.0,0.0,0.0,-1.99,2.07,0.0
20231201:1911,0.0,0.0,0.0,-2.71,1.59,0.0
20231201:2011,0.0,0.0,0.0,-2.52,1.31,0.0
20231201:2111,0.0,0.0,0.0,-2.3,1.03,0.0
20231201:2211,0.0,0.0,0.0,-2.22,1.03,0.0
20231201:2311,0.0,0.0,0.0,-2.18,1.03,0.0
20231202:0011,0.0,0.0,0.0,-2.23,0.9,0.0
20231202:0111,0.0,0.0,0.0,-2.58,0.97,0.0
20231202:0211,0.0,0.0,0.0,-2.81,1.03,0.0
20231202:0311,0.0,0.0,0.0,-3.05,1.1,0.0
20231202:0411,0.0,0.0,0.0,-3.08,0.97,0.0
20231202:0511,0.0,0.0,0.0,-3.27,0.97,0.0
20231202:0611,0.0,0.0,0.0,-3.33,1.1,0.0
20231202:0711,0.0,0.0,0.0,-4.25,1.03,0.0
20231202:0811,0.0,0.0,0.0,-4.42,1.1,0.0
20231202:0911,173576.0,88.65,6.03,-4.5,1.24,0.0
20231202:1011,143598.0,76.2,10.57,-3.69,1.38,0.0
20231202:1111,81172.0,49.14,13.21,-2.51,1.52,0.0
20231202:1211,606034.0,267.4,13.74,-1.49,1.93,0.0
20231202:1311,86684.0,51.92,12.1,-0.99,2.55,0.0
20231202:1411,32604.0,25.96,8.44,-0.3,2.21,0.0
20231202:1511,78.0,5.56,3.05,-0.43,2.28,0.0
20231202:1611,0.0,0.0,0.0,-0.97,2.41,0.0
20231202:1711,0.0,0.0,0.0,-1.76,2.48,0.0
20231202:1811,0.0,0.0,0.0,-1.75,2.48,0.0
20231202:1911,0.0,0.0,0.0,-1.62,2.48,0.0
20231202:2011,0.0,0.0,0.0,-1.55,2.48,0.0
20231202:2111,0.0,0.0,0.0,-1.49,2.48,0.0
20231202:2211,0.0,0.0,0.0,-1.3,2.62,0.0
20231202:2311,0.0,0.0,0.0,-1.12,2.69,0.0
20231203:0011,0.0,0.0,0.0,-0.95,2.76,0.0
20231203:0111,0.0,0.0,0.0,-1.18,2.83,0.0
20231203:0211,0.0,0.0,0.0,-1.31,2.83,0.0
20231203:0311,0.0,0.0,0.0,-1.46,2.69,0.0
20231203:0411,0.0,0.0,0.0,-1.67,2.76,0.0
20231203:0511,0.0,0.0,0.0,-1.81,2.62,0.0
20231203:0611,0.0,0.0,0.0,-1.8,2.34,0.0
20231203:0711,0.0,0.0,0.0,-1.12,2.07,0.0
20231203:0811,0.0,0.0,0.0,-1.03,1.79,0.0
20231203:0911,7020.0,11.13,5.86,-0.91,1.24,0.0
20231203:1011,25636.0,22.25,10.4,-0.33,1.24,0.0
20231203:1111,41496.0,30.59,13.06,0.32,0.83,0.0
20231203:1211,157014.0,83.63,13.6,0.9,0.9,0.0
20231203:1311,60034.0,39.87,11.97,1.29,0.76,0.0
20231203:1411,41236.0,30.59,8.33,1.48,0.76,0.0
20231203:1511,0.0,3.71,2.96,1.15,0.83,0.0
20231203:1611,0.0,0.0,0.0,0.79,1.1,0.0
20231203:1711,0.0,0.0,0.0,0.13,1.31,0.0
20231203:1811,0.0,0.0,0.0,-0.43,1.31,0.0
20231203:1911,0.0,0.0,0.0,-1.41,1.72,0.0
20231203:2011,0.0,0.0,0.0,-1.32,1.93,0.0
20231203:2111,0.0,0.0,0.0,-0.63,2.07,0.0
20231203:2211,0.0,0.0,0.0,-0.77,2.34,0.0
20231203:2311,0.0,0.0,0.0,-0.5,2.41,0.0
20231204:0011,0.0,0.0,0.0,-0.08,2.76,0.0
20231204:0111,0.0,0.0,0.0,0.58,3.1,0.0
20231204:0211,0.0,0.0,0.0,1.19,3.38,0.0
20231204:0311,0.0,0.0,0.0,1.74,3.38,0.0
20231204:0411,0.0,0.0,0.0,2.39,3.24,0.0
20231204:0511,0.0,0.0,0.0,3.01,3.1,0.0
20231204:0611,0.0,0.0,0.0,3.7,3.03,0.0
20231204:0711,0.0,0.0,0.0,4.09,2.76,0.0
20231204:0811,0.0,0.0,0.0,4.26,2.69,0.0
20231204:0911,18486.0,18.54,5.7,4.33,2.55,0.0
20231204:1011,85930.0,52.54,10.25,4.45,2.62,0.0
20231204:1111,68692.0,44.5,12.91,4.51,2.62,0.0
20231204:1211,53430.0,37.08,13.46,4.66,2.62,0.0
20231204:1311,10894.0,13.91,11.86,4.61,2.62,0.0
20231204:1411,4238.0,9.27,8.23,4.6,2.76,0.0
20231204:1511,0.0,2.78,2.88,4.48,2.97,0.0
20231204:1611,0.0,0.0,0.0,4.33,3.1,0.0
20231204:1711,0.0,0.0,0.0,4.28,3.17,0.0
20231204:1811,0.0,0.0,0.0,4.28,3.17,0.0
20231204:1911,0.0,0.0,0.0,5.17,3.45,0.0
20231204:2011,0.0,0.0,0.0,5.24,3.93,0.0
20231204:2111,0.0,0.0,0.0,5.18,4.14,0.0
20231204:2211,0.0,0.0,0.0,5.15,4.21,0.0
20231204:2311,0.0,0.0,0.0,5.08,4.0,0.0
20231205:0011,0.0,0.0,0.0,5.01,3.72,0.0
20231205:0111,0.0,0.0,0.0,5.0,3.45,0.0
20231205:0211,0.0,0.0,0.0,4.95,3.24,0.0
20231205:0311,0.0,0.0,0.0,4.89,3.24,0.0
20231205:0411,0.0,0.0,0.0,4.92,3.38,0.0
20231205:0511,0.0,0.0,0.0,4.97,3.59,0.0
20231205:0611,0.0,0.0,0.0,4.85,3.66,0.0
20231205:0711,0.0,0.0,0.0,5.2,4.41,0.0
20231205:0811,0.0,0.0,0.0,5.02,4.34,0.0
20231205:0911,47632.0,34.15,5.54,4.95,4.34,0.0
20231205:1011,158314.0,84.99,10.09,5.06,4.34,0.0
20231205:1111,1222546.0,537.7,12.77,5.3,4.41,0.0
20231205:1211,1064778.0,469.02,13.34,5.58,4.41,0.0
20231205:1311,995722.0,440.02,11.74,5.82,4.28,0.0
20231205:1411,468208.0,216.26,8.14,5.34,4.0,0.0
20231205:1511,26000.0,22.95,2.8,4.77,3.66,0.0
20231205:1611,0.0,0.0,0.0,3.62,3.38,0.0
20231205:1711,0.0,0.0,0.0,3.2,3.17,0.0
20231205:1811,0.0,0.0,0.0,2.67,3.03,0.0
20231205:1911,0.0,0.0,0.0,2.73,2.97,0.0
20231205:2011,0.0,0.0,0.0,2.55,2.76,0.0
20231205:2111,0.0,0.0,0.0,2.53,2.62,0.0
20231205:2211,0.0,0.0,0.0,1.92,2.55,0.0
20231205:2311,0.0,0.0,0.0,1.31,2.48,0.0
20231206:0011,0.0,0.0,0.0,0.85,2.41,0.0
20231206:0111,0.0,0.0,0.0,0.5,2.28,0.0
20231206:0211,0.0,0.0,0.0,-0.1,2.21,0.0
20231206:0311,0.0,0.0,0.0,-0.78,2.07,0.0
20231206:0411,0.0,0.0,0.0,-1.63,2.07,0.0
20231206:0511,0.0,0.0,0.0,-2.4,2.07,0.0
20231206:0611,0.0,0.0,0.0,-2.8,1.93,0.0
20231206:0711,0.0,0.0,0.0,-2.49,1.93,0.0
20231206:0811,0.0,0.0,0.0,-2.75,1.72,0.0
20231206:0911,294268.0,139.98,5.39,-2.46,1.38,0.0
20231206:1011,877240.0,386.88,9.95,-0.24,0.62,0.0
20231206:1111,1181700.0,528.72,12.63,1.59,0.28,0.0
20231206:1211,1255046.0,566.28,13.21,2.78,0.28,0.0
20231206:1311,686036.0,308.46,11.64,3.38,0.97,0.0
20231206:1411,803894.0,359.09,8.05,3.23,1.66,0.0
20231206:1511,44226.0,32.41,2.73,2.19,2.07,0.0
20231206:1611,0.0,0.0,0.0,0.64,2.41,0.0
20231206:1711,0.0,0.0,0.0,-0.02,2.55,0.0
20231206:1811,0.0,0.0,0.0,-0.05,2.83,0.0
20231206:1911,0.0,0.0,0.0,0.41,3.03,0.0
20231206:2011,0.0,0.0,0.0,0.17,3.45,0.0
20231206:2111,0.0,0.0,0.0,0.42,3.72,0.0
20231206:2211,0.0,0.0,0.0,0.69,3.93,0.0
20231206:2311,0.0,0.0,0.0,1.02,4.21,0.0
20231207:0011,0.0,0.0,0.0,1.29,4.41,0.0
20231207:0111,0.0,0.0,0.0,1.47,4.55,0.0
20231207:0211,0.0,0.0,0.0,1.56,4.62,0.0
20231207:0311,0.0,0.0,0.0,1.68,4.83,0.0
20231207:0411,0.0,0.0,0.0,1.97,5.03,0.0
20231207:0511,0.0,0.0,0.0,2.32,5.31,0.0
20231207:0611,0.0,0.0,0.0,2.68,5.72,0.0
20231207:0711,0.0,0.0,0.0,3.68,6.34,0.0
20231207:0811,0.0,0.0,0.0,3.99,6.69,0.0
20231207:0911,6786.0,11.13,5.24,4.15,6.97,0.0
20231207:1011,88582.0,53.66,9.81,4.34,7.17,0.0
20231207:1111,21684.0,20.4,12.51,4.57,7.24,0.0
20231207:1211,33488.0,26.89,13.1,4.89,7.31,0.0
20231207:1311,24934.0,22.25,11.54,5.02,7.31,0.0
20231207:1411,15314.0,16.69,7.97,5.08,7.24,0.0
20231207:1511,0.0,2.78,2.66,5.11,7.1,0.0
20231207:1611,0.0,0.0,0.0,5.06,7.1,0.0
20231207:1711,0.0,0.0,0.0,4.98,7.17,0.0
20231207:1811,0.0,0.0,0.0,4.93,7.1,0.0
20231207:1911,0.0,0.0,0.0,5.0,6.83,0.0
20231207:2011,0.0,0.0,0.0,4.85,6.55,0.0
20231207:2111,0.0,0.0,0.0,4.81,5.79,0.0
20231207:2211,0.0,0.0,0.0,4.81,4.97,0.0
20231207:2311,0.0,0.0,0.0,4.88,4.14,0.0
20231208:0011,0.0,0.0,0.0,4.95,3.45,0.0
20231208:0111,0.0,0.0,0.0,5.13,3.1,0.0
20231208:0211,0.0,0.0,0.0,5.2,2.9,0.0
20231208:0311,0.0,0.0,0.0,5.03,2.76,0.0
20231208:0411,0.0,0.0,0.0,4.91,2.69,0.0
20231208:0511,0.0,0.0,0.0,4.98,2.69,0.0
20231208:0611,0.0,0.0,0.0,4.97,2.76,0.0
20231208:0711,0.0,0.0,0.0,5.0,2.83,0.0
20231208:0811,0.0,0.0,0.0,4.89,2.9,0.0
20231208:0911,18434.0,18.54,5.11,4.91,3.03,0.0
20231208:1011,265538.0,131.09,9.68,5.53,3.24,0.0
20231208:1111,422240.0,197.94,12.38,6.54,3.1,0.0
20231208:1211,286286.0,141.14,12.99,7.59,4.0,0.0
20231208:1311,78936.0,50.06,11.45,8.35,4.21,0.0
20231208:1411,239538.0,121.45,7.9,8.58,4.41,0.0
20231208:1511,0.0,1.85,2.61,8.44,4.34,0.0
20231208:1611,0.0,0.0,0.0,8.01,4.41,0.0
20231208:1711,0.0,0.0,0.0,7.6,4.48,0.0
20231208:1811,0.0,0.0,0.0,7.32,4.62,0.0
20231208:1911,0.0,0.0,0.0,7.04,4.0,0.0
20231208:2011,0.0,0.0,0.0,6.76,4.14,0.0
20231208:2111,0.0,0.0,0.0,6.57,4.28,0.0
20231208:2211,0.0,0.0,0.0,6.47,4.55,0.0
20231208:2311,0.0,0.0,0.0,6.33,4.83,0.0
20231209:0011,0.0,0.0,0.0,6.15,4.69,0.0
20231209:0111,0.0,0.0,0.0,5.91,4.41,0.0
20231209:0211,0.0,0.0,0.0,5.71,4.21,0.0
20231209:0311,0.0,0.0,0.0,5.56,3.86,0.0
20231209:0411,0.0,0.0,0.0,5.11,3.86,0.0
20231209:0511,0.0,0.0,0.0,5.13,4.07,0.0
20231209:0611,0.0,0.0,0.0,5.29,4.14,0.0
20231209:0711,0.0,0.0,0.0,5.68,4.76,0.0
20231209:0811,0.0,0.0,0.0,6.1,5.31,0.0
20231209:0911,39104.0,29.98,4.97,6.69,5.59,0.0
20231209:1011,6630.0,11.13,9.55,7.43,6.07,0.0
20231209:1111,61932.0,41.72,12.27,7.91,6.48,0.0
20231209:1211,45318.0,33.38,12.89,7.81,5.93,0.0
20231209:1311,34632.0,27.81,11.37,8.06,4.48,0.0
20231209:1411,24336.0,22.25,7.83,9.3,6.07,0.0
20231209:1511,43212.0,32.75,2.56,9.65,7.66,0.0
20231209:1611,0.0,0.0,0.0,9.4,8.14,0.0
20231209:1711,0.0,0.0,0.0,8.63,8.83,0.0
20231209:1811,0.0,0.0,0.0,7.88,9.31,0.0
20231209:1911,0.0,0.0,0.0,8.3,9.03,0.0
20231209:2011,0.0,0.0,0.0,8.26,9.59,0.0
20231209:2111,0.0,0.0,0.0,8.13,9.66,0.0
20231209:2211,0.0,0.0,0.0,8.1,9.45,0.0
20231209:2311,0.0,0.0,0.0,8.11,8.97,0.0
20231210:0011,0.0,0.0,0.0,8.13,8.34,0.0
20231210:0111,0.0,0.0,0.0,8.34,7.79,0.0
20231210:0211,0.0,0.0,0.0,8.43,7.59,0.0
20231210:0311,0.0,0.0,0.0,8.53,7.52,0.0
20231210:0411,0.0,0.0,0.0,8.29,7.1,0.0
20231210:0511,0.0,0.0,0.0,8.13,6.55,0.0
20231210:0611,0.0,0.0,0.0,7.6,5.17,0.0
20231210:0711,0.0,0.0,0.0,6.56,4.14,0.0
20231210:0811,0.0,0.0,0.0,6.11,3.1,0.0
20231210:0911,910.0,6.49,4.85,6.03,2.55,0.0
20231210:1011,6682.0,11.13,9.44,6.32,2.14,0.0
20231210:1111,38428.0,29.67,12.16,6.38,2.69,0.0
20231210:1211,13676.0,15.76,12.8,6.4,3.38,0.0
20231210:1311,167076.0,89.32,11.3,6.3,3.59,0.0
20231210:1411,257946.0,128.28,7.77,6.35,3.86,0.0
20231210:1511,0.0,1.85,2.52,6.47,3.72,0.0
20231210:1611,0.0,0.0,0.0,6.63,2.9,0.0
20231210:1711,0.0,0.0,0.0,7.36,4.0,0.0
20231210:1811,0.0,0.0,0.0,7.82,4.55,0.0
20231210:1911,0.0,0.0,0.0,7.09,3.52,0.0
20231210:2011,0.0,0.0,0.0,6.85,2.9,0.0
20231210:2111,0.0,0.0,0.0,6.61,2.69,0.0
20231210:2211,0.0,0.0,0.0,6.69,2.55,0.0
20231210:2311,0.0,0.0,0.0,6.89,2.34,0.0
20231211:0011,0.0,0.0,0.0,6.89,1.79,0.0
20231211:0111,0.0,0.0,0.0,6.72,1.66,0.0
20231211:0211,0.0,0.0,0.0,6.87,4.48,0.0
20231211:0311,0.0,0.0,0.0,6.99,5.03,0.0
20231211:0411,0.0,0.0,0.0,6.88,4.28,0.0
20231211:0511,0.0,0.0,0.0,6.69,3.79,0.0
20231211:0611,0.0,0.0,0.0,6.36,3.45,0.0
20231211:0711,0.0,0.0,0.0,5.07,3.31,0.0
20231211:0811,0.0,0.0,0.0,4.42,3.1,0.0
20231211:0911,295308.0,144.01,4.73,4.09,2.83,0.0
20231211:1011,814294.0,363.12,9.32,4.81,2.69,0.0
20231211:1111,1154140.0,514.93,12.06,5.75,2.34,0.0
20231211:1211,1220596.0,545.65,12.72,6.46,2.62,0.0
20231211:1311,1026896.0,460.04,11.23,6.85,2.48,0.0
20231211:1411,803556.0,363.65,7.72,6.84,2.21,0.0
20231211:1511,4186.0,9.27,2.48,6.01,2.0,0.0
20231211:1611,0.0,0.0,0.0,4.85,1.93,0.0
20231211:1711,0.0,0.0,0.0,3.61,1.66,0.0
20231211:1811,0.0,0.0,0.0,2.72,1.31,0.0
20231211:1911,0.0,0.0,0.0,2.09,0.76,0.0
20231211:2011,0.0,0.0,0.0,1.33,0.48,0.0
20231211:2111,0.0,0.0,0.0,0.64,0.48,0.0
20231211:2211,0.0,0.0,0.0,1.02,1.03,0.0
20231211:2311,0.0,0.0,0.0,1.27,1.52,0.0
20231212:0011,0.0,0.0,0.0,1.77,2.0,0.0
20231212:0111,0.0,0.0,0.0,2.55,2.34,0.0
20231212:0211,0.0,0.0,0.0,3.16,2.9,0.0
20231212:0311,0.0,0.0,0.0,4.0,3.52,0.0
20231212:0411,0.0,0.0,0.0,4.74,3.59,0.0
20231212:0511,0.0,0.0,0.0,5.16,3.86,0.0
20231212:0611,0.0,0.0,0.0,5.46,3.59,0.0
20231212:0711,0.0,0.0,0.0,5.89,3.93,0.0
20231212:0811,0.0,0.0,0.0,5.96,3.45,0.0
20231212:0911,18304.0,18.54,4.61,6.03,2.76,0.0
20231212:1011,34944.0,27.81,9.22,6.19,2.34,0.0
20231212:1111,51064.0,36.16,11.97,6.43,1.86,0.0
20231212:1211,18200.0,18.54,12.64,6.84,1.93,0.0
20231212:1311,335712.0,162.15,11.17,6.97,1.72,0.0
20231212:1411,21320.0,20.4,7.68,7.22,1.52,0.0
20231212:1511,884.0,6.49,2.45,7.18,1.17,0.0
20231212:1611,0.0,0.0,0.0,6.86,1.59,0.0
20231212:1711,0.0,0.0,0.0,6.77,1.79,0.0
20231212:1811,0.0,0.0,0.0,6.83,1.86,0.0
20231212:1911,0.0,0.0,0.0,6.65,2.28,0.0
20231212:2011,0.0,0.0,0.0,6.63,2.62,0.0
20231212:2111,0.0,0.0,0.0,6.64,2.97,0.0
20231212:2211,0.0,0.0,0.0,6.77,3.38,0.0
20231212:2311,0.0,0.0,0.0,6.74,3.66,0.0
20231213:0011,0.0,0.0,0.0,6.63,4.14,0.0
20231213:0111,0.0,0.0,0.0,6.74,4.76,0.0
20231213:0211,0.0,0.0,0.0,6.81,5.38,0.0
20231213:0311,0.0,0.0,0.0,6.59,5.79,0.0
20231213:0411,0.0,0.0,0.0,6.13,6.07,0.0
20231213:0511,0.0,0.0,0.0,5.66,6.0,0.0
20231213:0611,0.0,0.0,0.0,5.37,6.14,0.0
20231213:0711,0.0,0.0,0.0,5.28,6.07,0.0
20231213:0811,0.0,0.0,0.0,5.11,6.14,0.0
20231213:0911,281996.0,138.41,4.51,4.98,5.93,0.0
20231213:1011,971854.0,426.61,9.12,5.22,6.14,0.0
20231213:1111,884130.0,389.11,11.89,5.47,5.86,0.0
20231213:1211,1132092.0,494.92,12.57,5.42,5.93,0.0
20231213:1311,851630.0,375.68,11.12,5.4,5.52,0.0
20231213:1411,9438.0,12.98,7.64,5.14,5.17,0.0
20231213:1511,0.0,1.85,2.43,4.93,4.83,0.0
20231213:1611,0.0,0.0,0.0,4.09,3.93,0.0
20231213:1711,0.0,0.0,0.0,3.8,3.59,0.0
20231213:1811,0.0,0.0,0.0,3.37,3.31,0.0
20231213:1911,0.0,0.0,0.0,3.46,2.97,0.0
20231213:2011,0.0,0.0,0.0,2.91,2.69,0.0
20231213:2111,0.0,0.0,0.0,2.62,2.41,0.0
20231213:2211,0.0,0.0,0.0,2.14,2.07,0.0
20231213:2311,0.0,0.0,0.0,1.17,2.14,0.0
20231214:0011,0.0,0.0,0.0,0.81,1.52,0.0
20231214:0111,0.0,0.0,0.0,0.36,1.45,0.0
20231214:0211,0.0,0.0,0.0,0.1,1.66,0.0
20231214:0311,0.0,0.0,0.0,0.41,2.0,0.0
20231214:0411,0.0,0.0,0.0,1.52,2.21,0.0
20231214:0511,0.0,0.0,0.0,2.27,2.69,0.0
20231214:0611,0.0,0.0,0.0,2.57,3.03,0.0
20231214:0711,0.0,0.0,0.0,3.24,3.38,0.0
20231214:0811,0.0,0.0,0.0,3.85,3.52,0.0
20231214:0911,5460.0,10.2,4.41,4.59,3.45,0.0
20231214:1011,201370.0,103.79,9.03,5.61,2.97,0.0
20231214:1111,612144.0,279.15,11.81,6.95,2.48,0.0
20231214:1211,1006486.0,452.74,12.51,8.02,2.62,0.0
20231214:1311,231296.0,118.1,11.07,8.55,3.03,0.0
20231214:1411,186966.0,98.64,7.62,8.32,3.03,0.0
20231214:1511,0.0,2.78,2.42,7.76,3.03,0.0
20231214:1611,0.0,0.0,0.0,6.64,2.83,0.0
20231214:1711,0.0,0.0,0.0,5.7,2.76,0.0
20231214:1811,0.0,0.0,0.0,5.17,2.76,0.0
20231214:1911,0.0,0.0,0.0,4.66,2.76,0.0
20231214:2011,0.0,0.0,0.0,4.72,2.83,0.0
20231214:2111,0.0,0.0,0.0,5.07,2.83,0.0
20231214:2211,0.0,0.0,0.0,5.22,2.97,0.0
20231214:2311,0.0,0.0,0.0,5.46,3.1,0.0
20231215:0011,0.0,0.0,0.0,5.56,3.24,0.0
20231215:0111,0.0,0.0,0.0,5.41,3.31,0.0
20231215:0211,0.0,0.0,0.0,5.52,3.31,0.0
20231215:0311,0.0,0.0,0.0,5.54,3.31,0.0
20231215:0411,0.0,0.0,0.0,5.59,3.31,0.0
20231215:0511,0.0,0.0,0.0,5.33,2.83,0.0
20231215:0611,0.0,0.0,0.0,5.06,2.62,0.0
20231215:0711,0.0,0.0,0.0,5.16,2.9,0.0
20231215:0811,0.0,0.0,0.0,4.83,2.69,0.0
20231215:0911,10868.0,13.91,4.31,4.84,2.55,0.0
20231215:1011,171522.0,90.92,8.95,5.56,2.34,0.0
20231215:1111,227604.0,115.99,11.74,7.1,2.34,0.0
20231215:1211,73164.0,47.28,12.46,8.13,2.76,0.0
20231215:1311,61724.0,41.72,11.03,8.3,3.1,0.0
20231215:1411,96564.0,58.17,7.6,8.44,3.17,0.0
20231215:1511,0.0,2.78,2.41,7.71,3.1,0.0
20231215:1611,0.0,0.0,0.0,6.91,3.17,0.0
20231215:1711,0.0,0.0,0.0,6.3,3.66,0.0
20231215:1811,0.0,0.0,0.0,6.64,4.21,0.0
20231215:1911,0.0,0.0,0.0,7.48,4.48,0.0
20231215:2011,0.0,0.0,0.0,8.36,4.9,0.0
20231215:2111,0.0,0.0,0.0,9.07,5.31,0.0
20231215:2211,0.0,0.0,0.0,9.5,5.72,0.0
20231215:2311,0.0,0.0,0.0,9.84,5.93,0.0
20231216:0011,0.0,0.0,0.0,10.04,6.14,0.0
20231216:0111,0.0,0.0,0.0,10.08,6.28,0.0
20231216:0211,0.0,0.0,0.0,9.98,6.34,0.0
20231216:0311,0.0,0.0,0.0,9.8,6.55,0.0
20231216:0411,0.0,0.0,0.0,9.64,6.55,0.0
20231216:0511,0.0,0.0,0.0,9.49,6.34,0.0
20231216:0611,0.0,0.0,0.0,9.39,6.14,0.0
20231216:0711,0.0,0.0,0.0,9.44,5.52,0.0
20231216:0811,0.0,0.0,0.0,9.2,5.66,0.0
20231216:0911,31460.0,26.17,4.23,9.13,6.07,0.0
20231216:1011,383474.0,182.81,8.87,9.32,6.41,0.0
20231216:1111,882778.0,394.76,11.68,9.62,6.83,0.0
20231216:1211,1280162.0,568.38,12.41,9.99,7.38,0.0
20231216:1311,43004.0,32.45,11.0,10.18,7.52,0.0
20231216:1411,2912.0,8.34,7.58,10.18,7.45,0.0
20231216:1511,0.0,1.85,2.42,9.99,7.38,0.0
20231216:1611,0.0,0.0,0.0,9.87,7.17,0.0
20231216:1711,0.0,0.0,0.0,9.83,6.97,0.0
20231216:1811,0.0,0.0,0.0,9.7,6.76,0.0
20231216:1911,0.0,0.0,0.0,9.78,6.83,0.0
20231216:2011,0.0,0.0,0.0,9.72,7.03,0.0
20231216:2111,0.0,0.0,0.0,9.54,7.1,0.0
20231216:2211,0.0,0.0,0.0,9.61,7.03,0.0
20231216:2311,0.0,0.0,0.0,9.83,7.03,0.0
20231217:0011,0.0,0.0,0.0,9.99,7.1,0.0
20231217:0111,0.0,0.0,0.0,9.92,7.1,0.0
20231217:0211,0.0,0.0,0.0,9.75,7.03,0.0
20231217:0311,0.0,0.0,0.0,9.6,6.97,0.0
20231217:0411,0.0,0.0,0.0,9.37,6.83,0.0
20231217:0511,0.0,0.0,0.0,8.92,6.69,0.0
20231217:0611,0.0,0.0,0.0,8.47,6.9,0.0
20231217:0711,0.0,0.0,0.0,8.57,7.1,0.0
20231217:0811,0.0,0.0,0.0,8.66,7.31,0.0
20231217:0911,13494.0,15.76,4.15,8.64,7.45,0.0
20231217:1011,46852.0,34.3,8.8,9.04,7.59,0.0
20231217:1111,107302.0,63.53,11.62,9.58,7.45,0.0
20231217:1211,120900.0,69.9,12.37,9.88,7.31,0.0
20231217:1311,260780.0,131.05,10.98,10.23,7.59,0.0
20231217:1411,19396.0,19.47,7.58,10.43,7.72,0.0
20231217:1511,0.0,1.85,2.42,10.38,7.38,0.0
20231217:1611,0.0,0.0,0.0,10.21,7.1,0.0
20231217:1711,0.0,0.0,0.0,10.09,6.9,0.0
20231217:1811,0.0,0.0,0.0,10.1,6.55,0.0
20231217:1911,0.0,0.0,0.0,10.01,6.21,0.0
20231217:2011,0.0,0.0,0.0,10.13,5.86,0.0
20231217:2111,0.0,0.0,0.0,10.36,5.45,0.0
20231217:2211,0.0,0.0,0.0,10.58,5.17,0.0
20231217:2311,0.0,0.0,0.0,10.82,5.03,0.0
20231218:0011,0.0,0.0,0.0,10.95,4.97,0.0
20231218:0111,0.0,0.0,0.0,11.19,4.76,0.0
20231218:0211,0.0,0.0,0.0,11.21,4.48,0.0
20231218:0311,0.0,0.0,0.0,11.21,4.34,0.0
20231218:0411,0.0,0.0,0.0,11.22,4.34,0.0
20231218:0511,0.0,0.0,0.0,11.22,4.55,0.0
20231218:0611,0.0,0.0,0.0,11.23,4.76,0.0
20231218:0711,0.0,0.0,0.0,11.27,4.69,0.0
20231218:0811,0.0,0.0,0.0,11.43,4.83,0.0
20231218:0911,0.0,3.71,4.07,11.55,4.97,0.0
20231218:1011,42614.0,32.45,8.74,11.71,5.1,0.0
20231218:1111,227760.0,117.83,11.58,11.79,5.31,0.0
20231218:1211,64402.0,43.57,12.34,11.83,5.66,0.0
20231218:1311,53352.0,38.01,10.97,11.81,5.86,0.0
20231218:1411,30550.0,25.96,7.58,11.86,5.93,0.0
20231218:1511,0.0,1.85,2.44,11.86,6.0,0.0
20231218:1611,0.0,0.0,0.0,11.79,5.93,0.0
20231218:1711,0.0,0.0,0.0,11.8,5.72,0.0
20231218:1811,0.0,0.0,0.0,11.81,5.38,0.0
20231218:1911,0.0,0.0,0.0,12.11,4.48,0.0
20231218:2011,0.0,0.0,0.0,11.95,4.21,0.0
20231218:2111,0.0,0.0,0.0,11.6,3.86,0.0
20231218:2211,0.0,0.0,0.0,11.08,3.52,0.0
20231218:2311,0.0,0.0,0.0,10.64,3.24,0.0
20231219:0011,0.0,0.0,0.0,10.16,2.97,0.0
20231219:0111,0.0,0.0,0.0,9.78,2.97,0.0
20231219:0211,0.0,0.0,0.0,9.41,2.83,0.0
20231219:0311,0.0,0.0,0.0,9.17,2.83,0.0
20231219:0411,0.0,0.0,0.0,9.1,2.76,0.0
20231219:0511,0.0,0.0,0.0,9.06,2.83,0.0
20231219:0611,0.0,0.0,0.0,8.85,3.03,0.0
20231219:0711,0.0,0.0,0.0,8.99,2.83,0.0
20231219:0811,0.0,0.0,0.0,8.87,2.97,0.0
20231219:0911,5304.0,10.2,4.01,8.49,3.1,0.0
20231219:1011,54340.0,38.01,8.69,8.08,3.17,0.0
20231219:1111,65702.0,43.57,11.54,7.76,3.38,0.0
20231219:1211,1139580.0,508.43,12.32,7.76,3.72,0.0
20231219:1311,1001624.0,447.36,10.96,7.9,3.93,0.0
20231219:1411,427102.0,200.77,7.59,7.84,4.62,0.0
20231219:1511,1898.0,7.42,2.46,7.56,4.76,0.0
20231219:1611,0.0,0.0,0.0,6.54,4.76,0.0
20231219:1711,0.0,0.0,0.0,6.06,4.97,0.0
20231219:1811,0.0,0.0,0.0,5.79,5.03,0.0
20231219:1911,0.0,0.0,0.0,6.18,5.03,0.0
20231219:2011,0.0,0.0,0.0,6.19,5.31,0.0
20231219:2111,0.0,0.0,0.0,6.26,5.66,0.0
20231219:2211,0.0,0.0,0.0,6.22,5.93,0.0
20231219:2311,0.0,0.0,0.0,6.41,6.41,0.0
20231220:0011,0.0,0.0,0.0,6.61,6.9,0.0
20231220:0111,0.0,0.0,0.0,6.74,6.76,0.0
20231220:0211,0.0,0.0,0.0,6.84,6.69,0.0
20231220:0311,0.0,0.0,0.0,7.14,6.76,0.0
20231220:0411,0.0,0.0,0.0,7.54,6.69,0.0
20231220:0511,0.0,0.0,0.0,7.46,6.28,0.0
20231220:0611,0.0,0.0,0.0,7.11,5.93,0.0
20231220:0711,0.0,0.0,0.0,7.13,5.93,0.0
20231220:0811,0.0,0.0,0.0,7.15,5.38,0.0
20231220:0911,0.0,5.56,3.95,7.5,5.38,0.0
20231220:1011,339404.0,163.56,8.64,8.33,5.86,0.0
20231220:1111,54158.0,38.01,11.51,9.04,6.55,0.0
20231220:1211,17940.0,18.54,12.3,9.44,7.31,0.0
20231220:1311,78546.0,50.06,10.96,9.61,8.07,0.0
20231220:1411,411970.0,194.91,7.6,9.5,8.07,0.0
20231220:1511,0.0,5.56,2.49,9.47,7.66,0.0
20231220:1611,0.0,0.0,0.0,9.63,7.45,0.0
20231220:1711,0.0,0.0,0.0,9.78,7.31,0.0
20231220:1811,0.0,0.0,0.0,10.06,7.45,0.0
20231220:1911,0.0,0.0,0.0,10.34,7.24,0.0
20231220:2011,0.0,0.0,0.0,10.38,7.03,0.0
20231220:2111,0.0,0.0,0.0,10.34,6.9,0.0
20231220:2211,0.0,0.0,0.0,10.39,7.03,0.0
20231220:2311,0.0,0.0,0.0,10.44,7.45,0.0
20231221:0011,0.0,0.0,0.0,10.59,8.34,0.0
20231221:0111,0.0,0.0,0.0,10.74,9.31,0.0
20231221:0211,0.0,0.0,0.0,10.79,9.52,0.0
20231221:0311,0.0,0.0,0.0,10.69,9.45,0.0
20231221:0411,0.0,0.0,0.0,10.8,10.34,0.0
20231221:0511,0.0,0.0,0.0,11.05,11.1,0.0
20231221:0611,0.0,0.0,0.0,11.36,11.66,0.0
20231221:0711,0.0,0.0,0.0,11.64,11.93,0.0
20231221:0811,0.0,0.0,0.0,11.87,11.45,0.0
20231221:0911,49426.0,35.87,3.89,11.31,11.1,0.0
20231221:1011,307398.0,150.98,8.6,10.78,10.9,0.0
20231221:1111,947206.0,421.36,11.48,10.66,10.76,0.0
20231221:1211,207844.0,108.41,12.3,10.44,10.55,0.0
20231221:1311,796536.0,356.82,10.97,10.25,10.21,0.0
20231221:1411,607282.0,277.45,7.63,9.88,9.93,0.0
20231221:1511,0.0,2.78,2.53,9.3,9.45,0.0
20231221:1611,0.0,0.0,0.0,8.66,8.83,0.0
20231221:1711,0.0,0.0,0.0,8.11,8.48,0.0
20231221:1811,0.0,0.0,0.0,7.73,8.14,0.0
20231221:1911,0.0,0.0,0.0,7.84,7.66,0.0
20231221:2011,0.0,0.0,0.0,7.53,7.24,0.0
20231221:2111,0.0,0.0,0.0,7.43,6.9,0.0
20231221:2211,0.0,0.0,0.0,7.47,6.83,0.0
20231221:2311,0.0,0.0,0.0,7.51,6.76,0.0
20231222:0011,0.0,0.0,0.0,7.56,6.41,0.0
20231222:0111,0.0,0.0,0.0,7.74,6.0,0.0
20231222:0211,0.0,0.0,0.0,7.69,5.24,0.0
20231222:0311,0.0,0.0,0.0,7.87,4.83,0.0
20231222:0411,0.0,0.0,0.0,7.96,4.62,0.0
20231222:0511,0.0,0.0,0.0,8.4,5.31,0.0
20231222:0611,0.0,0.0,0.0,9.05,6.62,0.0
20231222:0711,0.0,0.0,0.0,9.52,7.03,0.0
20231222:0811,0.0,0.0,0.0,9.47,6.9,0.0
20231222:0911,7826.0,12.05,3.85,9.67,7.24,0.0
20231222:1011,66040.0,43.89,8.57,9.61,7.59,0.0
20231222:1111,179400.0,95.65,11.46,9.58,7.79,0.0
20231222:1211,72774.0,47.28,12.29,9.59,8.0,0.0
20231222:1311,251368.0,126.61,10.99,9.49,7.93,0.0
20231222:1411,333684.0,161.73,7.66,9.49,7.79,0.0
20231222:1511,65936.0,44.12,2.57,9.12,7.66,0.0
20231222:1611,0.0,0.0,0.0,8.36,7.17,0.0
20231222:1711,0.0,0.0,0.0,7.76,6.97,0.0
20231222:1811,0.0,0.0,0.0,7.23,6.28,0.0
20231222:1911,0.0,0.0,0.0,8.99,5.38,0.0
20231222:2011,0.0,0.0,0.0,9.21,4.9,0.0
20231222:2111,0.0,0.0,0.0,9.47,5.45,0.0
20231222:2211,0.0,0.0,0.0,9.53,6.83,0.0
20231222:2311,0.0,0.0,0.0,9.54,7.66,0.0
20231223:0011,0.0,0.0,0.0,9.72,8.83,0.0
20231223:0111,0.0,0.0,0.0,9.92,9.17,0.0
20231223:0211,0.0,0.0,0.0,10.09,9.38,0.0
20231223:0311,0.0,0.0,0.0,9.95,9.31,0.0
20231223:0411,0.0,0.0,0.0,9.65,9.03,0.0
20231223:0511,0.0,0.0,0.0,9.52,8.55,0.0
20231223:0611,0.0,0.0,0.0,9.49,8.0,0.0
20231223:0711,0.0,0.0,0.0,9.8,8.0,0.0
20231223:0811,0.0,0.0,0.0,9.64,7.45,0.0
20231223:0911,4056.0,9.27,3.81,9.92,7.38,0.0
20231223:1011,69680.0,45.78,8.55,10.28,7.45,0.0
20231223:1111,74386.0,48.21,11.46,10.38,7.45,0.0
20231223:1211,202956.0,106.41,12.3,10.5,7.31,0.0
20231223:1311,37622.0,29.67,11.01,10.61,7.31,0.0
20231223:1411,13338.0,15.76,7.7,10.59,7.31,0.0
20231223:1511,0.0,1.85,2.62,10.46,7.38,0.0
20231223:1611,0.0,0.0,0.0,10.2,7.17,0.0
20231223:1711,0.0,0.0,0.0,10.05,6.76,0.0
20231223:1811,0.0,0.0,0.0,10.12,6.62,0.0
20231223:1911,0.0,0.0,0.0,10.12,7.03,0.0
20231223:2011,0.0,0.0,0.0,10.3,6.83,0.0
20231223:2111,0.0,0.0,0.0,10.49,6.69,0.0
20231223:2211,0.0,0.0,0.0,10.81,6.9,0.0
20231223:2311,0.0,0.0,0.0,11.13,6.69,0.0
20231224:0011,0.0,0.0,0.0,11.58,6.48,0.0
20231224:0111,0.0,0.0,0.0,11.91,6.48,0.0
20231224:0211,0.0,0.0,0.0,12.07,6.48,0.0
20231224:0311,0.0,0.0,0.0,12.15,6.69,0.0
20231224:0411,0.0,0.0,0.0,12.09,6.9,0.0
20231224:0511,0.0,0.0,0.0,12.21,6.9,0.0
20231224:0611,0.0,0.0,0.0,12.47,7.1,0.0
20231224:0711,0.0,0.0,0.0,12.67,8.62,0.0
20231224:0811,0.0,0.0,0.0,12.78,9.79,0.0
20231224:0911,10322.0,13.91,3.78,12.91,11.03,0.0
20231224:1011,217698.0,113.54,8.53,13.04,11.86,0.0
20231224:1111,848718.0,382.81,11.45,13.07,12.14,0.0
20231224:1211,88764.0,55.63,12.32,12.99,12.48,0.0
20231224:1311,432016.0,204.58,11.04,12.05,12.14,0.0
20231224:1411,254020.0,128.38,7.75,11.11,11.24,0.0
20231224:1511,0.0,1.85,2.68,10.28,10.9,0.0
20231224:1611,0.0,0.0,0.0,9.85,10.76,0.0
20231224:1711,0.0,0.0,0.0,9.76,10.83,0.0
20231224:1811,0.0,0.0,0.0,9.64,10.83,0.0
20231224:1911,0.0,0.0,0.0,10.02,10.62,0.0
20231224:2011,0.0,0.0,0.0,9.73,10.0,0.0
20231224:2111,0.0,0.0,0.0,9.48,9.24,0.0
20231224:2211,0.0,0.0,0.0,9.25,8.41,0.0
20231224:2311,0.0,0.0,0.0,8.93,7.66,0.0
20231225:0011,0.0,0.0,0.0,8.74,6.69,0.0
20231225:0111,0.0,0.0,0.0,8.68,5.79,0.0
20231225:0211,0.0,0.0,0.0,8.56,5.03,0.0
20231225:0311,0.0,0.0,0.0,8.3,4.28,0.0
20231225:0411,0.0,0.0,0.0,8.38,4.07,0.0
20231225:0511,0.0,0.0,0.0,8.79,4.21,0.0
20231225:0611,0.0,0.0,0.0,8.84,4.0,0.0
20231225:0711,0.0,0.0,0.0,8.46,2.34,0.0
20231225:0811,0.0,0.0,0.0,8.29,2.69,0.0
20231225:0911,2938.0,8.34,3.76,8.55,3.72,0.0
20231225:1011,52338.0,37.08,8.52,8.78,4.76,0.0
20231225:1111,39650.0,30.59,11.46,9.2,5.03,0.0
20231225:1211,54054.0,38.01,12.34,9.26,5.03,0.0
20231225:1311,36114.0,28.74,11.08,9.43,5.66,0.0
20231225:1411,99814.0,59.84,7.8,9.5,6.14,0.0
20231225:1511,0.0,5.56,2.75,9.39,6.34,0.0
20231225:1611,0.0,0.0,0.0,9.21,6.41,0.0
20231225:1711,0.0,0.0,0.0,8.96,6.41,0.0
20231225:1811,0.0,0.0,0.0,8.86,6.69,0.0
20231225:1911,0.0,0.0,0.0,8.6,6.83,0.0
20231225:2011,0.0,0.0,0.0,7.9,6.69,0.0
20231225:2111,0.0,0.0,0.0,7.28,7.03,0.0
20231225:2211,0.0,0.0,0.0,7.07,7.59,0.0
20231225:2311,0.0,0.0,0.0,6.91,8.07,0.0
20231226:0011,0.0,0.0,0.0,6.98,8.21,0.0
20231226:0111,0.0,0.0,0.0,7.14,8.14,0.0
20231226:0211,0.0,0.0,0.0,7.09,8.34,0.0
20231226:0311,0.0,0.0,0.0,6.81,8.07,0.0
20231226:0411,0.0,0.0,0.0,6.68,7.72,0.0
20231226:0511,0.0,0.0,0.0,6.58,6.9,0.0
20231226:0611,0.0,0.0,0.0,6.22,6.0,0.0
20231226:0711,0.0,0.0,0.0,6.09,5.17,0.0
20231226:0811,0.0,0.0,0.0,5.12,4.07,0.0
20231226:0911,207324.0,106.56,3.74,4.03,3.59,0.0
20231226:1011,745810.0,332.07,8.52,4.12,3.31,0.0
20231226:1111,1133990.0,503.73,11.47,5.01,2.48,0.0
20231226:1211,1120626.0,499.93,12.37,6.03,2.48,0.0
20231226:1311,783640.0,352.4,11.13,6.68,2.62,0.0
20231226:1411,260390.0,129.7,7.86,6.78,2.62,0.0
20231226:1511,200746.0,105.37,2.82,6.14,2.55,0.0
20231226:1611,0.0,0.0,0.0,5.1,2.21,0.0
20231226:1711,0.0,0.0,0.0,3.93,1.86,0.0
20231226:1811,0.0,0.0,0.0,2.65,1.66,0.0
20231226:1911,0.0,0.0,0.0,3.78,0.76,0.0
20231226:2011,0.0,0.0,0.0,3.55,0.62,0.0
20231226:2111,0.0,0.0,0.0,1.41,1.66,0.0
20231226:2211,0.0,0.0,0.0,1.52,1.93,0.0
20231226:2311,0.0,0.0,0.0,1.95,2.21,0.0
20231227:0011,0.0,0.0,0.0,2.57,2.69,0.0
20231227:0111,0.0,0.0,0.0,3.02,3.1,0.0
20231227:0211,0.0,0.0,0.0,3.56,3.79,0.0
20231227:0311,0.0,0.0,0.0,4.03,4.62,0.0
20231227:0411,0.0,0.0,0.0,4.32,5.38,0.0
20231227:0511,0.0,0.0,0.0,4.33,6.0,0.0
20231227:0611,0.0,0.0,0.0,4.42,6.48,0.0
20231227:0711,0.0,0.0,0.0,5.1,7.24,0.0
20231227:0811,0.0,0.0,0.0,5.71,7.38,0.0
20231227:0911,0.0,5.56,3.73,6.37,7.72,0.0
20231227:1011,22984.0,21.32,8.52,7.25,7.79,0.0
20231227:1111,16510.0,17.62,11.5,8.44,8.28,0.0
20231227:1211,24310.0,22.25,12.41,9.57,8.62,0.0
20231227:1311,34190.0,27.81,11.19,10.57,8.97,0.0
20231227:1411,10426.0,13.91,7.93,11.42,9.45,0.0
20231227:1511,0.0,1.85,2.9,11.7,9.17,0.0
20231227:1611,0.0,0.0,0.0,11.48,7.93,0.0
20231227:1711,0.0,0.0,0.0,10.24,8.69,0.0
20231227:1811,0.0,0.0,0.0,9.0,8.62,0.0
20231227:1911,0.0,0.0,0.0,7.76,7.66,0.0
20231227:2011,0.0,0.0,0.0,7.46,7.59,0.0
20231227:2111,0.0,0.0,0.0,7.36,8.55,0.0
20231227:2211,0.0,0.0,0.0,7.54,8.41,0.0
20231227:2311,0.0,0.0,0.0,7.11,7.45,0.0
20231228:0011,0.0,0.0,0.0,6.55,7.1,0.0
20231228:0111,0.0,0.0,0.0,7.48,10.07,0.0
20231228:0211,0.0,0.0,0.0,7.31,8.97,0.0
20231228:0311,0.0,0.0,0.0,7.29,8.34,0.0
20231228:0411,0.0,0.0,0.0,7.29,8.55,0.0
20231228:0511,0.0,0.0,0.0,7.34,8.0,0.0
20231228:0611,0.0,0.0,0.0,7.66,7.86,0.0
20231228:0711,0.0,0.0,0.0,7.53,7.52,0.0
20231228:0811,0.0,0.0,0.0,7.52,6.97,0.0
20231228:0911,330902.0,161.34,3.73,7.56,6.97,0.0
20231228:1011,541086.0,248.03,8.53,8.16,7.45,0.0
20231228:1111,145496.0,80.58,11.53,8.92,7.66,0.0
20231228:1211,39676.0,30.59,12.46,9.13,7.86,0.0
20231228:1311,230932.0,117.64,11.25,9.03,8.76,0.0
20231228:1411,256204.0,128.35,8.0,9.05,9.1,0.0
20231228:1511,323570.0,159.47,2.98,8.46,8.34,0.0
20231228:1611,0.0,0.0,0.0,8.08,7.86,0.0
20231228:1711,0.0,0.0,0.0,7.83,7.45,0.0
20231228:1811,0.0,0.0,0.0,7.69,7.45,0.0
20231228:1911,0.0,0.0,0.0,7.88,8.48,0.0
20231228:2011,0.0,0.0,0.0,7.74,8.9,0.0
20231228:2111,0.0,0.0,0.0,7.5,9.24,0.0
20231228:2211,0.0,0.0,0.0,7.37,9.38,0.0
20231228:2311,0.0,0.0,0.0,7.32,9.86,0.0
20231229:0011,0.0,0.0,0.0,7.27,9.93,0.0
20231229:0111,0.0,0.0,0.0,7.07,9.86,0.0
20231229:0211,0.0,0.0,0.0,7.02,9.79,0.0
20231229:0311,0.0,0.0,0.0,6.95,9.72,0.0
20231229:0411,0.0,0.0,0.0,6.81,9.93,0.0
20231229:0511,0.0,0.0,0.0,6.54,9.93,0.0
20231229:0611,0.0,0.0,0.0,6.4,10.07,0.0
20231229:0711,0.0,0.0,0.0,6.95,10.07,0.0
20231229:0811,0.0,0.0,0.0,6.6,9.45,0.0
20231229:0911,910.0,6.49,3.73,6.39,8.9,0.0
20231229:1011,454168.0,209.95,8.55,6.61,8.41,0.0
20231229:1111,433030.0,201.27,11.56,6.95,8.21,0.0
20231229:1211,1068184.0,469.78,12.51,7.26,7.03,0.0
20231229:1311,742794.0,330.67,11.32,7.2,8.07,0.0
20231229:1411,532584.0,243.28,8.09,7.04,7.86,0.0
20231229:1511,236236.0,120.45,3.08,6.42,7.1,0.0
20231229:1611,0.0,0.0,0.0,5.71,6.34,0.0
20231229:1711,0.0,0.0,0.0,5.17,5.93,0.0
20231229:1811,0.0,0.0,0.0,5.19,5.45,0.0
20231229:1911,0.0,0.0,0.0,5.24,6.55,0.0
20231229:2011,0.0,0.0,0.0,5.1,6.62,0.0
20231229:2111,0.0,0.0,0.0,5.31,6.62,0.0
20231229:2211,0.0,0.0,0.0,4.88,6.14,0.0
20231229:2311,0.0,0.0,0.0,4.56,5.52,0.0
20231230:0011,0.0,0.0,0.0,4.07,4.9,0.0
20231230:0111,0.0,0.0,0.0,3.44,4.34,0.0
20231230:0211,0.0,0.0,0.0,3.23,4.0,0.0
20231230:0311,0.0,0.0,0.0,2.79,3.45,0.0
20231230:0411,0.0,0.0,0.0,2.45,2.97,0.0
20231230:0511,0.0,0.0,0.0,2.39,2.48,0.0
20231230:0611,0.0,0.0,0.0,2.32,2.14,0.0
20231230:0711,0.0,0.0,0.0,2.19,2.07,0.0
20231230:0811,0.0,0.0,0.0,2.46,2.41,0.0
20231230:0911,5538.0,10.2,3.75,3.01,2.9,0.0
20231230:1011,23452.0,21.32,8.58,3.51,3.52,0.0
20231230:1111,42588.0,31.52,11.61,3.91,4.34,0.0
20231230:1211,47996.0,34.3,12.57,4.33,5.31,0.0
20231230:1311,40534.0,30.59,11.39,5.11,5.31,0.0
20231230:1411,21476.0,20.4,8.18,6.3,5.72,0.0
20231230:1511,0.0,4.64,3.18,7.61,6.28,0.0
20231230:1611,0.0,0.0,0.0,8.44,6.28,0.0
20231230:1711,0.0,0.0,0.0,8.81,5.79,0.0
20231230:1811,0.0,0.0,0.0,8.89,5.79,0.0
20231230:1911,0.0,0.0,0.0,9.54,8.07,0.0
20231230:2011,0.0,0.0,0.0,9.68,7.59,0.0
20231230:2111,0.0,0.0,0.0,9.32,5.72,0.0
20231230:2211,0.0,0.0,0.0,8.76,4.62,0.0
20231230:2311,0.0,0.0,0.0,8.14,4.21,0.0
20231231:0011,0.0,0.0,0.0,7.57,3.72,0.0
20231231:0111,0.0,0.0,0.0,6.98,3.1,0.0
20231231:0211,0.0,0.0,0.0,6.48,2.21,0.0
20231231:0311,0.0,0.0,0.0,5.95,2.14,0.0
20231231:0411,0.0,0.0,0.0,5.77,2.62,0.0
20231231:0511,0.0,0.0,0.0,5.52,2.28,0.0
20231231:0611,0.0,0.0,0.0,4.99,3.03,0.0
20231231:0711,0.0,0.0,0.0,4.27,2.62,0.0
20231231:0811,0.0,0.0,0.0,4.09,2.55,0.0
20231231:0911,68926.0,44.44,3.77,3.59,2.76,0.0
20231231:1011,250952.0,124.06,8.62,3.91,3.31,0.0
20231231:1111,410124.0,191.38,11.66,4.98,3.38,0.0
20231231:1211,250692.0,125.0,12.64,5.69,3.93,0.0
20231231:1311,1165450.0,513.55,11.48,6.03,4.69,0.0
20231231:1411,740064.0,332.53,8.27,6.48,3.93,0.0
20231231:1511,347100.0,169.01,3.28,6.62,3.45,0.0
20231231:1611,0.0,0.0,0.0,5.72,3.45,0.0
20231231:1711,0.0,0.0,0.0,5.55,3.52,0.0
20231231:1811,0.0,0.0,0.0,5.36,3.66,0.0
20231231:1911,0.0,0.0,0.0,6.17,4.07,0.0
20231231:2011,0.0,0.0,0.0,6.22,4.28,0.0
20231231:2111,0.0,0.0,0.0,6.09,4.34,0.0
20231231:2211,0.0,0.0,0.0,6.09,4.34,0.0
20231231:2311,0.0,0.0,0.0,5.99,4.41,0.0

P: PV system power (W)
G(i): Global irradiance on the inclined plane (plane of the array) (W/m2)
H_sun: Sun height (degree)
T2m: 2-m air temperature (degree Celsius)
WS10m: 10-m total wind speed (m/s)
Int: 1 means solar radiation values are reconstructed



PVGIS (c) European Union, 2001-2026