Latitude (decimal degrees):	39.082
Longitude (decimal degrees):	-79.645
Elevation (m):	523
Radiation database:	PVGIS-ERA5


Slope: 35 deg. 
Azimuth: 0 deg. 
Nominal power of the PV system (c-Si) (kWp):	4.0
System losses (%):	14.0
time,P,G(i),H_sun,T2m,WS10m,Int
20230101:0030,0.0,0.0,0.0,7.82,2.0,0.0
20230101:0130,0.0,0.0,0.0,7.29,2.07,0.0
20230101:0230,0.0,0.0,0.0,6.93,2.07,0.0
20230101:0330,0.0,0.0,0.0,7.03,1.86,0.0
20230101:0430,0.0,0.0,0.0,7.09,2.07,0.0
20230101:0530,0.0,0.0,0.0,6.95,2.48,0.0
20230101:0630,0.0,0.0,0.0,6.57,2.69,0.0
20230101:0730,0.0,0.0,0.0,6.09,2.83,0.0
20230101:0830,0.0,0.0,0.0,5.4,2.41,0.0
20230101:0930,0.0,0.0,0.0,4.97,2.07,0.0
20230101:1030,0.0,0.0,0.0,4.35,1.66,0.0
20230101:1130,0.0,0.0,0.0,3.61,1.66,0.0
20230101:1230,0.0,0.0,-2.15,2.91,1.66,0.0
20230101:1330,629.12,194.1,7.6,2.48,1.52,0.0
20230101:1430,1474.8,426.22,16.03,3.16,1.45,0.0
20230101:1530,1934.24,562.93,22.61,4.97,1.72,0.0
20230101:1630,2083.32,608.72,26.73,6.74,2.48,0.0
20230101:1730,2118.28,624.65,27.88,8.08,2.41,0.0
20230101:1830,1896.56,559.05,25.9,9.13,2.9,0.0
20230101:1930,1332.16,395.39,21.07,11.08,3.03,0.0
20230101:2030,563.24,177.85,13.94,10.99,3.24,0.0
20230101:2130,17.68,14.56,5.11,10.04,2.21,0.0
20230101:2230,0.0,0.0,0.0,8.77,2.0,0.0
20230101:2330,0.0,0.0,0.0,7.89,2.0,0.0
20230102:0030,0.0,0.0,0.0,7.86,2.14,0.0
20230102:0130,0.0,0.0,0.0,7.86,2.21,0.0
20230102:0230,0.0,0.0,0.0,7.79,2.14,0.0
20230102:0330,0.0,0.0,0.0,7.53,2.0,0.0
20230102:0430,0.0,0.0,0.0,7.34,1.93,0.0
20230102:0530,0.0,0.0,0.0,7.11,1.86,0.0
20230102:0630,0.0,0.0,0.0,7.0,1.79,0.0
20230102:0730,0.0,0.0,0.0,6.37,1.79,0.0
20230102:0830,0.0,0.0,0.0,6.46,1.72,0.0
20230102:0930,0.0,0.0,0.0,6.02,1.66,0.0
20230102:1030,0.0,0.0,0.0,5.54,1.59,0.0
20230102:1130,0.0,0.0,0.0,5.4,1.45,0.0
20230102:1230,0.0,0.0,-2.17,5.03,1.38,0.0
20230102:1330,311.16,105.94,7.59,5.1,1.38,0.0
20230102:1430,908.8,271.42,16.04,6.8,1.31,0.0
20230102:1530,1546.92,456.98,22.65,8.96,1.45,0.0
20230102:1630,1470.32,438.41,26.79,11.15,1.72,0.0
20230102:1730,1588.52,478.0,27.97,12.82,1.79,0.0
20230102:1830,1837.92,555.23,26.01,13.87,2.28,0.0
20230102:1930,1246.16,377.3,21.19,14.62,2.83,0.0
20230102:2030,383.04,129.49,14.07,14.55,2.41,0.0
20230102:2130,12.28,12.33,5.24,13.59,2.07,0.0
20230102:2230,0.0,0.0,0.0,12.33,2.0,0.0
20230102:2330,0.0,0.0,0.0,11.28,1.79,0.0
20230103:0030,0.0,0.0,0.0,10.66,1.66,0.0
20230103:0130,0.0,0.0,0.0,10.31,1.59,0.0
20230103:0230,0.0,0.0,0.0,9.97,1.52,0.0
20230103:0330,0.0,0.0,0.0,9.81,1.59,0.0
20230103:0430,0.0,0.0,0.0,9.48,1.72,0.0
20230103:0530,0.0,0.0,0.0,9.64,1.79,0.0
20230103:0630,0.0,0.0,0.0,10.0,1.93,0.0
20230103:0730,0.0,0.0,0.0,9.73,1.79,0.0
20230103:0830,0.0,0.0,0.0,9.57,1.79,0.0
20230103:0930,0.0,0.0,0.0,9.54,2.0,0.0
20230103:1030,0.0,0.0,0.0,9.43,2.14,0.0
20230103:1130,0.0,0.0,0.0,9.65,2.21,0.0
20230103:1230,0.0,0.0,-2.18,9.93,2.34,0.0
20230103:1330,16.88,14.23,7.6,10.34,3.03,0.0
20230103:1430,48.8,26.55,16.07,11.07,3.59,0.0
20230103:1530,152.56,60.38,22.69,11.49,3.72,0.0
20230103:1630,1471.48,436.42,26.86,11.86,3.66,0.0
20230103:1730,891.16,276.13,28.07,14.76,3.45,0.0
20230103:1830,758.44,238.75,26.13,16.02,3.24,0.0
20230103:1930,552.28,179.34,21.32,16.9,4.07,0.0
20230103:2030,417.2,140.26,14.2,16.68,4.0,0.0
20230103:2130,44.84,25.58,5.38,16.0,3.66,0.0
20230103:2230,0.0,0.0,-4.65,14.67,3.17,0.0
20230103:2330,0.0,0.0,0.0,13.85,3.17,0.0
20230104:0030,0.0,0.0,0.0,13.44,3.79,0.0
20230104:0130,0.0,0.0,0.0,13.26,3.59,0.0
20230104:0230,0.0,0.0,0.0,13.24,3.1,0.0
20230104:0330,0.0,0.0,0.0,12.73,2.9,0.0
20230104:0430,0.0,0.0,0.0,12.52,2.62,0.0
20230104:0530,0.0,0.0,0.0,12.52,2.48,0.0
20230104:0630,0.0,0.0,0.0,12.44,2.34,0.0
20230104:0730,0.0,0.0,0.0,10.34,2.21,0.0
20230104:0830,0.0,0.0,0.0,10.06,2.0,0.0
20230104:0930,0.0,0.0,0.0,10.0,1.72,0.0
20230104:1030,0.0,0.0,0.0,9.91,1.66,0.0
20230104:1130,0.0,0.0,0.0,9.87,1.72,0.0
20230104:1230,0.0,0.0,-2.19,9.58,1.79,0.0
20230104:1330,132.96,54.14,7.6,9.61,1.72,0.0
20230104:1430,366.72,123.06,16.09,10.62,1.59,0.0
20230104:1530,1479.84,445.91,22.75,12.11,1.45,0.0
20230104:1630,962.36,297.27,26.94,14.51,2.07,0.0
20230104:1730,556.32,180.78,28.17,15.38,2.76,0.0
20230104:1830,477.24,157.75,26.25,15.31,2.62,0.0
20230104:1930,494.64,162.73,21.45,15.01,2.34,0.0
20230104:2030,402.32,135.71,14.34,15.55,2.83,0.0
20230104:2130,35.8,22.08,5.52,14.63,2.83,0.0
20230104:2230,0.0,0.0,-4.5,13.3,2.48,0.0
20230104:2330,0.0,0.0,0.0,12.34,2.76,0.0
20230105:0030,0.0,0.0,0.0,11.76,2.9,0.0
20230105:0130,0.0,0.0,0.0,11.18,3.03,0.0
20230105:0230,0.0,0.0,0.0,10.29,3.1,0.0
20230105:0330,0.0,0.0,0.0,9.35,3.31,0.0
20230105:0430,0.0,0.0,0.0,8.27,3.03,0.0
20230105:0530,0.0,0.0,0.0,7.39,2.69,0.0
20230105:0630,0.0,0.0,0.0,6.69,2.76,0.0
20230105:0730,0.0,0.0,0.0,6.72,2.28,0.0
20230105:0830,0.0,0.0,0.0,6.24,2.07,0.0
20230105:0930,0.0,0.0,0.0,5.45,1.52,0.0
20230105:1030,0.0,0.0,0.0,4.77,1.38,0.0
20230105:1130,0.0,0.0,0.0,4.13,1.52,0.0
20230105:1230,0.0,0.0,-2.19,3.72,1.45,0.0
20230105:1330,758.16,231.57,7.62,3.41,1.31,0.0
20230105:1430,1799.44,524.44,16.13,4.34,1.52,0.0
20230105:1530,2029.88,591.69,22.81,5.73,2.14,0.0
20230105:1630,2052.08,598.21,27.03,6.88,2.76,0.0
20230105:1730,2123.64,620.76,28.28,7.71,3.17,0.0
20230105:1830,2143.08,626.24,26.38,8.21,3.31,0.0
20230105:1930,2233.36,656.92,21.6,8.57,3.17,0.0
20230105:2030,1569.92,463.01,14.49,8.39,2.55,0.0
20230105:2130,37.48,22.17,5.67,7.76,2.14,0.0
20230105:2230,0.0,0.0,-4.36,6.58,1.93,0.0
20230105:2330,0.0,0.0,0.0,5.37,1.93,0.0
20230106:0030,0.0,0.0,0.0,4.39,1.72,0.0
20230106:0130,0.0,0.0,0.0,3.55,1.38,0.0
20230106:0230,0.0,0.0,0.0,2.77,1.24,0.0
20230106:0330,0.0,0.0,0.0,1.95,1.45,0.0
20230106:0430,0.0,0.0,0.0,1.55,1.52,0.0
20230106:0530,0.0,0.0,0.0,1.41,1.93,0.0
20230106:0630,0.0,0.0,0.0,1.33,2.41,0.0
20230106:0730,0.0,0.0,0.0,1.68,2.48,0.0
20230106:0830,0.0,0.0,0.0,0.9,2.34,0.0
20230106:0930,0.0,0.0,0.0,0.15,2.62,0.0
20230106:1030,0.0,0.0,0.0,-0.18,2.69,0.0
20230106:1130,0.0,0.0,0.0,-0.88,2.48,0.0
20230106:1230,0.0,0.0,-2.19,-1.32,2.28,0.0
20230106:1330,287.08,96.1,7.64,-1.52,2.9,0.0
20230106:1430,260.08,87.97,16.17,-1.18,3.79,0.0
20230106:1530,854.64,246.41,22.87,-0.93,3.52,0.0
20230106:1630,1078.48,306.59,27.12,-0.36,3.72,0.0
20230106:1730,768.92,224.7,28.4,0.19,3.79,0.0
20230106:1830,541.68,164.71,26.52,0.19,3.66,0.0
20230106:1930,367.52,117.54,21.74,0.66,3.31,0.0
20230106:2030,645.72,192.07,14.64,0.43,3.31,0.0
20230106:2130,31.24,19.33,5.82,0.32,3.1,0.0
20230106:2230,0.0,0.0,-4.21,-0.1,2.76,0.0
20230106:2330,0.0,0.0,0.0,-0.47,2.21,0.0
20230107:0030,0.0,0.0,0.0,-0.79,1.93,0.0
20230107:0130,0.0,0.0,0.0,-0.86,1.79,0.0
20230107:0230,0.0,0.0,0.0,-1.14,2.14,0.0
20230107:0330,0.0,0.0,0.0,-1.14,1.72,0.0
20230107:0430,0.0,0.0,0.0,-1.13,1.72,0.0
20230107:0530,0.0,0.0,0.0,-1.17,1.66,0.0
20230107:0630,0.0,0.0,0.0,-1.26,1.66,0.0
20230107:0730,0.0,0.0,0.0,-1.17,1.66,0.0
20230107:0830,0.0,0.0,0.0,-1.41,1.66,0.0
20230107:0930,0.0,0.0,0.0,-1.61,1.66,0.0
20230107:1030,0.0,0.0,0.0,-1.85,1.86,0.0
20230107:1130,0.0,0.0,0.0,-2.18,1.86,0.0
20230107:1230,0.0,0.0,-2.18,-2.24,2.14,0.0
20230107:1330,835.4,246.59,7.67,-2.36,2.34,0.0
20230107:1430,1836.92,515.35,16.22,-1.76,2.76,0.0
20230107:1530,2123.8,596.72,22.95,-0.79,2.9,0.0
20230107:1630,2446.24,694.97,27.22,0.12,2.9,0.0
20230107:1730,2496.2,712.29,28.52,0.72,2.97,0.0
20230107:1830,1250.4,354.97,26.66,1.11,3.17,0.0
20230107:1930,1322.6,373.99,21.9,0.54,3.1,0.0
20230107:2030,765.4,224.27,14.8,0.39,3.17,0.0
20230107:2130,29.52,18.67,5.97,-0.13,2.97,0.0
20230107:2230,0.0,0.0,-4.05,-0.83,2.41,0.0
20230107:2330,0.0,0.0,0.0,-1.53,2.14,0.0
20230108:0030,0.0,0.0,0.0,-2.04,1.86,0.0
20230108:0130,0.0,0.0,0.0,-2.26,1.59,0.0
20230108:0230,0.0,0.0,0.0,-2.57,1.31,0.0
20230108:0330,0.0,0.0,0.0,-3.11,0.69,0.0
20230108:0430,0.0,0.0,0.0,-2.79,0.41,0.0
20230108:0530,0.0,0.0,0.0,-2.77,0.07,0.0
20230108:0630,0.0,0.0,0.0,-2.84,0.21,0.0
20230108:0730,0.0,0.0,0.0,-2.71,0.21,0.0
20230108:0830,0.0,0.0,0.0,-2.98,0.48,0.0
20230108:0930,0.0,0.0,0.0,-3.4,0.69,0.0
20230108:1030,0.0,0.0,0.0,-3.6,0.83,0.0
20230108:1130,0.0,0.0,0.0,-3.76,0.97,0.0
20230108:1230,0.0,0.0,-2.16,-3.69,1.03,0.0
20230108:1330,832.68,245.63,7.7,-3.46,1.17,0.0
20230108:1430,1701.96,484.55,16.28,-1.1,1.24,0.0
20230108:1530,1673.52,477.5,23.03,1.05,1.45,0.0
20230108:1630,1178.36,340.48,27.33,2.42,1.59,0.0
20230108:1730,1098.76,317.77,28.66,3.14,1.72,0.0
20230108:1830,847.4,248.07,26.81,3.27,1.93,0.0
20230108:1930,357.0,116.21,22.06,3.13,1.72,0.0
20230108:2030,205.28,73.19,14.96,2.2,1.72,0.0
20230108:2130,29.6,18.8,6.13,1.38,1.59,0.0
20230108:2230,0.0,0.0,-3.9,0.66,1.52,0.0
20230108:2330,0.0,0.0,0.0,0.35,1.52,0.0
20230109:0030,0.0,0.0,0.0,0.16,1.66,0.0
20230109:0130,0.0,0.0,0.0,0.31,1.59,0.0
20230109:0230,0.0,0.0,0.0,0.52,1.66,0.0
20230109:0330,0.0,0.0,0.0,0.63,1.72,0.0
20230109:0430,0.0,0.0,0.0,0.82,1.86,0.0
20230109:0530,0.0,0.0,0.0,1.03,1.93,0.0
20230109:0630,0.0,0.0,0.0,1.16,2.14,0.0
20230109:0730,0.0,0.0,0.0,0.37,2.62,0.0
20230109:0830,0.0,0.0,0.0,-0.65,2.69,0.0
20230109:0930,0.0,0.0,0.0,-1.46,2.76,0.0
20230109:1030,0.0,0.0,0.0,-2.09,2.76,0.0
20230109:1130,0.0,0.0,0.0,-2.61,2.9,0.0
20230109:1230,0.0,0.0,-2.14,-2.97,2.55,0.0
20230109:1330,500.08,154.07,7.74,-3.17,2.55,0.0
20230109:1430,837.6,240.78,16.34,-2.89,3.03,0.0
20230109:1530,1600.12,443.42,23.11,-2.48,3.52,0.0
20230109:1630,2176.88,607.45,27.45,-1.88,3.45,0.0
20230109:1730,2423.36,682.03,28.8,-1.19,3.24,0.0
20230109:1830,2387.28,673.79,26.97,-0.61,3.17,0.0
20230109:1930,2139.0,602.75,22.22,-0.15,3.1,0.0
20230109:2030,1438.92,406.83,15.13,-0.4,3.03,0.0
20230109:2130,59.16,28.9,6.3,-0.96,2.83,0.0
20230109:2230,0.0,0.0,-3.73,-1.72,2.28,0.0
20230109:2330,0.0,0.0,0.0,-2.32,1.86,0.0
20230110:0030,0.0,0.0,0.0,-2.59,1.79,0.0
20230110:0130,0.0,0.0,0.0,-2.53,1.72,0.0
20230110:0230,0.0,0.0,0.0,-2.65,1.86,0.0
20230110:0330,0.0,0.0,0.0,-2.78,1.72,0.0
20230110:0430,0.0,0.0,0.0,-2.87,1.66,0.0
20230110:0530,0.0,0.0,0.0,-3.04,1.66,0.0
20230110:0630,0.0,0.0,0.0,-3.16,1.59,0.0
20230110:0730,0.0,0.0,0.0,-3.15,1.45,0.0
20230110:0830,0.0,0.0,0.0,-2.94,1.31,0.0
20230110:0930,0.0,0.0,0.0,-2.98,1.17,0.0
20230110:1030,0.0,0.0,0.0,-2.88,1.17,0.0
20230110:1130,0.0,0.0,0.0,-3.13,1.1,0.0
20230110:1230,0.0,0.0,-2.11,-3.23,0.9,0.0
20230110:1330,227.2,78.9,7.79,-2.89,0.76,0.0
20230110:1430,788.6,231.65,16.41,-1.4,0.69,0.0
20230110:1530,1316.48,380.45,23.21,0.8,0.76,0.0
20230110:1630,1496.56,436.3,27.57,2.66,0.76,0.0
20230110:1730,1952.12,575.46,28.94,3.89,0.76,0.0
20230110:1830,1835.92,540.99,27.13,4.82,0.83,0.0
20230110:1930,1608.72,470.92,22.39,5.06,1.17,0.0
20230110:2030,820.44,246.28,15.3,4.82,1.1,0.0
20230110:2130,88.56,39.04,6.47,3.82,0.69,0.0
20230110:2230,0.0,0.0,-3.57,2.9,0.21,0.0
20230110:2330,0.0,0.0,0.0,0.93,0.41,0.0
20230111:0030,0.0,0.0,0.0,-0.6,0.83,0.0
20230111:0130,0.0,0.0,0.0,-1.47,1.03,0.0
20230111:0230,0.0,0.0,0.0,-1.75,0.9,0.0
20230111:0330,0.0,0.0,0.0,-2.1,0.83,0.0
20230111:0430,0.0,0.0,0.0,-2.33,1.03,0.0
20230111:0530,0.0,0.0,0.0,-2.12,1.24,0.0
20230111:0630,0.0,0.0,0.0,-1.8,1.1,0.0
20230111:0730,0.0,0.0,0.0,-1.61,0.9,0.0
20230111:0830,0.0,0.0,0.0,-2.29,1.1,0.0
20230111:0930,0.0,0.0,0.0,-2.47,1.1,0.0
20230111:1030,0.0,0.0,0.0,-2.57,1.03,0.0
20230111:1130,0.0,0.0,0.0,-2.51,1.1,0.0
20230111:1230,0.0,0.0,-2.08,-1.83,1.31,0.0
20230111:1330,266.84,90.55,7.84,-1.22,1.38,0.0
20230111:1430,678.4,203.06,16.48,0.38,1.17,0.0
20230111:1530,680.68,206.52,23.31,2.89,1.24,0.0
20230111:1630,822.44,247.12,27.7,4.4,1.52,0.0
20230111:1730,893.24,267.89,29.1,5.49,1.72,0.0
20230111:1830,718.28,219.01,27.3,6.17,1.86,0.0
20230111:1930,463.04,147.75,22.57,5.66,2.0,0.0
20230111:2030,466.0,147.77,15.47,4.96,2.0,0.0
20230111:2130,43.48,24.05,6.64,4.25,2.14,0.0
20230111:2230,0.0,0.0,-3.4,2.49,2.21,0.0
20230111:2330,0.0,0.0,0.0,0.75,2.28,0.0
20230112:0030,0.0,0.0,0.0,0.42,2.28,0.0
20230112:0130,0.0,0.0,0.0,0.68,2.48,0.0
20230112:0230,0.0,0.0,0.0,1.0,2.62,0.0
20230112:0330,0.0,0.0,0.0,1.37,2.69,0.0
20230112:0430,0.0,0.0,0.0,1.89,2.62,0.0
20230112:0530,0.0,0.0,0.0,2.39,2.55,0.0
20230112:0630,0.0,0.0,0.0,2.9,2.41,0.0
20230112:0730,0.0,0.0,0.0,3.38,2.34,0.0
20230112:0830,0.0,0.0,0.0,3.68,2.28,0.0
20230112:0930,0.0,0.0,0.0,3.9,2.28,0.0
20230112:1030,0.0,0.0,0.0,4.31,2.28,0.0
20230112:1130,0.0,0.0,0.0,4.67,2.07,0.0
20230112:1230,0.0,0.0,-2.04,5.13,1.93,0.0
20230112:1330,65.56,31.71,7.9,5.15,1.93,0.0
20230112:1430,248.32,87.12,16.56,5.73,1.93,0.0
20230112:1530,357.12,119.04,23.42,6.93,2.0,0.0
20230112:1630,366.36,121.6,27.84,7.7,2.21,0.0
20230112:1730,457.16,147.47,29.26,7.89,2.76,0.0
20230112:1830,643.0,198.7,27.48,8.22,3.24,0.0
20230112:1930,600.08,187.82,22.75,8.94,3.45,0.0
20230112:2030,213.96,78.31,15.66,9.56,3.45,0.0
20230112:2130,19.6,15.3,6.82,8.99,2.97,0.0
20230112:2230,0.0,0.0,-3.23,8.05,2.83,0.0
20230112:2330,0.0,0.0,0.0,7.7,2.83,0.0
20230113:0030,0.0,0.0,0.0,7.76,2.97,0.0
20230113:0130,0.0,0.0,0.0,8.05,2.97,0.0
20230113:0230,0.0,0.0,0.0,8.34,3.72,0.0
20230113:0330,0.0,0.0,0.0,8.54,3.17,0.0
20230113:0430,0.0,0.0,0.0,8.18,2.55,0.0
20230113:0530,0.0,0.0,0.0,7.39,2.14,0.0
20230113:0630,0.0,0.0,0.0,6.1,2.76,0.0
20230113:0730,0.0,0.0,0.0,4.26,3.24,0.0
20230113:0830,0.0,0.0,0.0,2.29,3.52,0.0
20230113:0930,0.0,0.0,0.0,0.29,3.52,0.0
20230113:1030,0.0,0.0,0.0,-0.17,3.59,0.0
20230113:1130,0.0,0.0,0.0,-0.5,3.59,0.0
20230113:1230,0.0,0.0,-1.99,-0.88,3.17,0.0
20230113:1330,159.36,59.67,7.96,-1.2,3.24,0.0
20230113:1430,560.2,168.65,16.65,-1.08,3.45,0.0
20230113:1530,1312.36,367.83,23.54,-0.68,3.59,0.0
20230113:1630,1601.96,449.3,27.98,-0.25,3.72,0.0
20230113:1730,1607.2,451.82,29.43,0.08,3.72,0.0
20230113:1830,768.92,225.55,27.66,0.12,3.66,0.0
20230113:1930,679.28,200.69,22.94,-0.62,3.72,0.0
20230113:2030,319.2,104.1,15.84,-0.9,3.66,0.0
20230113:2130,51.32,26.23,7.0,-1.4,3.45,0.0
20230113:2230,0.0,0.0,-3.05,-1.83,3.24,0.0
20230113:2330,0.0,0.0,0.0,-2.17,3.17,0.0
20230114:0030,0.0,0.0,0.0,-2.5,3.31,0.0
20230114:0130,0.0,0.0,0.0,-2.71,3.45,0.0
20230114:0230,0.0,0.0,0.0,-3.11,3.52,0.0
20230114:0330,0.0,0.0,0.0,-3.32,3.66,0.0
20230114:0430,0.0,0.0,0.0,-3.63,3.52,0.0
20230114:0530,0.0,0.0,0.0,-3.85,3.38,0.0
20230114:0630,0.0,0.0,0.0,-4.0,3.31,0.0
20230114:0730,0.0,0.0,0.0,-4.07,3.66,0.0
20230114:0830,0.0,0.0,0.0,-4.11,3.66,0.0
20230114:0930,0.0,0.0,0.0,-4.2,3.72,0.0
20230114:1030,0.0,0.0,0.0,-4.33,3.66,0.0
20230114:1130,0.0,0.0,0.0,-4.5,3.66,0.0
20230114:1230,0.0,0.0,-1.94,-4.68,3.66,0.0
20230114:1330,313.0,102.02,8.03,-4.82,3.72,0.0
20230114:1430,629.28,183.82,16.75,-4.69,3.93,0.0
20230114:1530,1006.24,282.15,23.66,-4.42,4.0,0.0
20230114:1630,1198.6,333.83,28.13,-4.01,3.93,0.0
20230114:1730,1624.96,449.29,29.6,-3.64,3.86,0.0
20230114:1830,1967.24,542.31,27.85,-3.23,3.93,0.0
20230114:1930,2000.56,550.41,23.13,-3.55,4.14,0.0
20230114:2030,1584.84,438.24,16.03,-3.6,4.21,0.0
20230114:2130,814.64,239.63,7.19,-4.0,4.21,0.0
20230114:2230,0.0,0.0,-2.88,-4.75,3.72,0.0
20230114:2330,0.0,0.0,0.0,-5.43,3.52,0.0
20230115:0030,0.0,0.0,0.0,-5.72,3.38,0.0
20230115:0130,0.0,0.0,0.0,-6.11,3.17,0.0
20230115:0230,0.0,0.0,0.0,-6.41,3.17,0.0
20230115:0330,0.0,0.0,0.0,-6.68,3.03,0.0
20230115:0430,0.0,0.0,0.0,-6.98,2.48,0.0
20230115:0530,0.0,0.0,0.0,-7.22,2.28,0.0
20230115:0630,0.0,0.0,0.0,-7.47,2.14,0.0
20230115:0730,0.0,0.0,0.0,-7.79,1.93,0.0
20230115:0830,0.0,0.0,0.0,-7.72,1.79,0.0
20230115:0930,0.0,0.0,0.0,-7.84,1.66,0.0
20230115:1030,0.0,0.0,0.0,-8.01,1.59,0.0
20230115:1130,0.0,0.0,0.0,-8.16,1.52,0.0
20230115:1230,0.0,0.0,-1.88,-8.33,1.45,0.0
20230115:1330,1185.48,337.08,8.11,-8.32,1.38,0.0
20230115:1430,2175.36,604.06,16.85,-7.16,1.66,0.0
20230115:1530,2832.92,808.05,23.79,-5.25,1.45,0.0
20230115:1630,3208.12,938.84,28.29,-2.99,1.52,0.0
20230115:1730,3305.8,977.2,29.78,-0.96,1.79,0.0
20230115:1830,3138.2,925.22,28.04,0.42,1.93,0.0
20230115:1930,2710.64,789.09,23.33,0.85,1.86,0.0
20230115:2030,2014.36,579.89,16.23,1.03,1.72,0.0
20230115:2130,1024.72,305.81,7.37,0.36,1.45,0.0
20230115:2230,0.0,0.0,-2.69,-1.5,1.45,0.0
20230115:2330,0.0,0.0,0.0,-3.13,1.03,0.0
20230116:0030,0.0,0.0,0.0,-3.85,0.76,0.0
20230116:0130,0.0,0.0,0.0,-4.37,0.62,0.0
20230116:0230,0.0,0.0,0.0,-4.48,0.48,0.0
20230116:0330,0.0,0.0,0.0,-4.81,0.48,0.0
20230116:0430,0.0,0.0,0.0,-4.98,0.34,0.0
20230116:0530,0.0,0.0,0.0,-5.14,0.28,0.0
20230116:0630,0.0,0.0,0.0,-5.29,0.21,0.0
20230116:0730,0.0,0.0,0.0,-5.16,0.21,0.0
20230116:0830,0.0,0.0,0.0,-5.19,0.21,0.0
20230116:0930,0.0,0.0,0.0,-5.39,0.34,0.0
20230116:1030,0.0,0.0,0.0,-5.46,0.41,0.0
20230116:1130,0.0,0.0,0.0,-5.52,0.34,0.0
20230116:1230,0.0,0.0,-1.82,-5.52,0.41,0.0
20230116:1330,981.44,286.32,8.19,-5.17,0.48,0.0
20230116:1430,2034.44,586.29,16.96,-2.22,0.34,0.0
20230116:1530,2580.96,784.28,23.93,4.24,0.21,0.0
20230116:1630,2896.72,908.46,28.45,7.48,0.34,0.0
20230116:1730,2986.08,947.64,29.97,8.92,0.41,0.0
20230116:1830,2859.56,904.94,28.24,9.8,0.41,0.0
20230116:1930,2356.36,722.84,23.53,9.93,0.76,0.0
20230116:2030,1126.96,341.63,16.43,9.52,0.28,0.0
20230116:2130,155.0,60.56,7.57,7.79,0.69,0.0
20230116:2230,0.0,0.0,-2.51,5.18,1.03,0.0
20230116:2330,0.0,0.0,0.0,3.27,1.31,0.0
20230117:0030,0.0,0.0,0.0,2.39,1.45,0.0
20230117:0130,0.0,0.0,0.0,2.15,1.59,0.0
20230117:0230,0.0,0.0,0.0,2.05,1.66,0.0
20230117:0330,0.0,0.0,0.0,1.74,1.66,0.0
20230117:0430,0.0,0.0,0.0,1.51,1.79,0.0
20230117:0530,0.0,0.0,0.0,1.4,1.66,0.0
20230117:0630,0.0,0.0,0.0,1.86,1.59,0.0
20230117:0730,0.0,0.0,0.0,2.22,1.66,0.0
20230117:0830,0.0,0.0,0.0,0.85,1.72,0.0
20230117:0930,0.0,0.0,0.0,1.57,1.86,0.0
20230117:1030,0.0,0.0,0.0,2.36,2.14,0.0
20230117:1130,0.0,0.0,0.0,3.06,2.14,0.0
20230117:1230,0.0,0.0,-1.75,3.53,2.07,0.0
20230117:1330,25.0,17.2,8.28,3.88,2.21,0.0
20230117:1430,88.4,39.08,17.07,4.65,2.21,0.0
20230117:1530,692.92,209.71,24.07,5.42,2.14,0.0
20230117:1630,1037.2,305.89,28.63,6.72,2.69,0.0
20230117:1730,968.12,287.7,30.16,8.14,3.45,0.0
20230117:1830,672.2,206.22,28.45,8.65,3.86,0.0
20230117:1930,719.2,217.98,23.74,8.62,2.76,0.0
20230117:2030,320.76,108.23,16.63,8.31,2.28,0.0
20230117:2130,41.48,23.64,7.76,7.95,2.34,0.0
20230117:2230,0.0,0.0,-2.32,7.58,3.1,0.0
20230117:2330,0.0,0.0,0.0,7.05,3.24,0.0
20230118:0030,0.0,0.0,0.0,6.85,3.59,0.0
20230118:0130,0.0,0.0,0.0,6.81,3.86,0.0
20230118:0230,0.0,0.0,0.0,6.56,3.86,0.0
20230118:0330,0.0,0.0,0.0,6.07,3.79,0.0
20230118:0430,0.0,0.0,0.0,5.59,3.66,0.0
20230118:0530,0.0,0.0,0.0,5.26,3.45,0.0
20230118:0630,0.0,0.0,0.0,5.13,3.45,0.0
20230118:0730,0.0,0.0,0.0,5.12,3.79,0.0
20230118:0830,0.0,0.0,0.0,4.26,3.93,0.0
20230118:0930,0.0,0.0,0.0,3.39,3.93,0.0
20230118:1030,0.0,0.0,0.0,2.51,3.93,0.0
20230118:1130,0.0,0.0,0.0,1.87,3.93,0.0
20230118:1230,0.0,0.0,-1.67,1.25,3.79,0.0
20230118:1330,113.28,46.33,8.38,0.77,3.59,0.0
20230118:1430,566.44,171.21,17.19,0.65,3.31,0.0
20230118:1530,971.04,280.24,24.22,1.04,3.45,0.0
20230118:1630,1701.04,480.57,28.8,1.65,3.38,0.0
20230118:1730,1753.56,496.79,30.36,2.47,3.45,0.0
20230118:1830,2318.12,664.07,28.66,3.13,3.31,0.0
20230118:1930,2476.24,721.13,23.96,5.43,3.17,0.0
20230118:2030,1680.8,488.78,16.84,6.08,2.83,0.0
20230118:2130,764.6,236.25,7.96,5.88,2.34,0.0
20230118:2230,0.0,0.0,-2.13,4.55,1.45,0.0
20230118:2330,0.0,0.0,0.0,3.21,1.17,0.0
20230119:0030,0.0,0.0,0.0,2.13,0.9,0.0
20230119:0130,0.0,0.0,0.0,1.61,0.69,0.0
20230119:0230,0.0,0.0,0.0,1.48,0.83,0.0
20230119:0330,0.0,0.0,0.0,1.57,1.24,0.0
20230119:0430,0.0,0.0,0.0,1.76,1.31,0.0
20230119:0530,0.0,0.0,0.0,1.79,1.52,0.0
20230119:0630,0.0,0.0,0.0,2.14,1.72,0.0
20230119:0730,0.0,0.0,0.0,4.02,2.07,0.0
20230119:0830,0.0,0.0,0.0,4.6,2.41,0.0
20230119:0930,0.0,0.0,0.0,4.73,2.69,0.0
20230119:1030,0.0,0.0,0.0,4.68,2.55,0.0
20230119:1130,0.0,0.0,0.0,4.12,2.48,0.0
20230119:1230,0.0,0.0,-1.59,4.42,2.41,0.0
20230119:1330,42.76,23.89,8.48,4.87,2.48,0.0
20230119:1430,260.08,89.98,17.32,5.51,2.62,0.0
20230119:1530,229.32,81.86,24.37,6.48,2.62,0.0
20230119:1630,144.36,56.93,28.99,7.2,2.55,0.0
20230119:1730,125.64,51.32,30.57,7.86,2.48,0.0
20230119:1830,253.48,89.45,28.88,8.54,2.69,0.0
20230119:1930,134.32,54.29,24.18,9.62,2.69,0.0
20230119:2030,393.4,128.98,17.05,10.09,2.28,0.0
20230119:2130,501.44,164.12,8.16,10.06,2.34,0.0
20230119:2230,0.0,0.0,-1.94,9.22,2.21,0.0
20230119:2330,0.0,0.0,0.0,7.3,2.07,0.0
20230120:0030,0.0,0.0,0.0,6.03,2.14,0.0
20230120:0130,0.0,0.0,0.0,5.28,2.55,0.0
20230120:0230,0.0,0.0,0.0,5.66,3.31,0.0
20230120:0330,0.0,0.0,0.0,5.66,3.93,0.0
20230120:0430,0.0,0.0,0.0,4.9,4.28,0.0
20230120:0530,0.0,0.0,0.0,4.0,4.41,0.0
20230120:0630,0.0,0.0,0.0,3.07,4.69,0.0
20230120:0730,0.0,0.0,0.0,2.13,4.48,0.0
20230120:0830,0.0,0.0,0.0,1.16,4.28,0.0
20230120:0930,0.0,0.0,0.0,0.43,3.93,0.0
20230120:1030,0.0,0.0,0.0,-0.02,4.14,0.0
20230120:1130,0.0,0.0,0.0,-0.47,4.0,0.0
20230120:1230,0.0,0.0,-1.5,-0.94,4.34,0.0
20230120:1330,687.48,206.4,8.59,-1.2,4.28,0.0
20230120:1430,877.92,252.34,17.45,-0.93,5.03,0.0
20230120:1530,1440.44,401.77,24.54,-0.83,5.24,0.0
20230120:1630,1979.36,549.29,29.18,-0.51,5.52,0.0
20230120:1730,1502.72,420.68,30.79,-0.11,5.59,0.0
20230120:1830,1351.64,379.69,29.11,-0.13,5.38,0.0
20230120:1930,864.64,249.69,24.4,-0.12,5.1,0.0
20230120:2030,542.2,164.19,17.27,-0.43,4.97,0.0
20230120:2130,231.28,80.57,8.37,-0.78,4.69,0.0
20230120:2230,0.0,0.0,-1.75,-1.34,4.28,0.0
20230120:2330,0.0,0.0,0.0,-1.77,3.79,0.0
20230121:0030,0.0,0.0,0.0,-2.16,3.59,0.0
20230121:0130,0.0,0.0,0.0,-2.39,3.52,0.0
20230121:0230,0.0,0.0,0.0,-2.41,3.52,0.0
20230121:0330,0.0,0.0,0.0,-2.5,3.45,0.0
20230121:0430,0.0,0.0,0.0,-2.6,3.1,0.0
20230121:0530,0.0,0.0,0.0,-2.62,3.17,0.0
20230121:0630,0.0,0.0,0.0,-2.74,3.03,0.0
20230121:0730,0.0,0.0,0.0,-2.75,3.52,0.0
20230121:0830,0.0,0.0,0.0,-2.75,3.31,0.0
20230121:0930,0.0,0.0,0.0,-2.66,3.1,0.0
20230121:1030,0.0,0.0,0.0,-2.69,3.17,0.0
20230121:1130,0.0,0.0,0.0,-2.74,3.03,0.0
20230121:1230,0.0,0.0,-1.41,-2.95,2.76,0.0
20230121:1330,619.72,186.81,8.7,-3.11,2.62,0.0
20230121:1430,674.32,198.23,17.59,-2.6,2.62,0.0
20230121:1530,1364.64,383.67,24.71,-2.03,2.34,0.0
20230121:1630,1609.16,453.56,29.38,-1.25,2.0,0.0
20230121:1730,2376.44,681.46,31.01,-0.6,1.59,0.0
20230121:1830,1443.28,413.02,29.34,0.24,1.31,0.0
20230121:1930,1975.92,566.7,24.63,0.03,1.1,0.0
20230121:2030,1705.8,490.88,17.49,0.54,0.97,0.0
20230121:2130,1065.24,318.03,8.58,0.65,0.69,0.0
20230121:2230,0.0,0.0,-1.55,-0.02,0.55,0.0
20230121:2330,0.0,0.0,0.0,-1.29,0.62,0.0
20230122:0030,0.0,0.0,0.0,-2.41,0.69,0.0
20230122:0130,0.0,0.0,0.0,-2.9,0.97,0.0
20230122:0230,0.0,0.0,0.0,-3.1,1.17,0.0
20230122:0330,0.0,0.0,0.0,-3.03,1.31,0.0
20230122:0430,0.0,0.0,0.0,-2.98,1.31,0.0
20230122:0530,0.0,0.0,0.0,-2.71,1.45,0.0
20230122:0630,0.0,0.0,0.0,-2.17,1.66,0.0
20230122:0730,0.0,0.0,0.0,-2.17,1.86,0.0
20230122:0830,0.0,0.0,0.0,-2.12,1.93,0.0
20230122:0930,0.0,0.0,0.0,-2.0,1.86,0.0
20230122:1030,0.0,0.0,0.0,-2.1,1.93,0.0
20230122:1130,0.0,0.0,0.0,-1.91,2.0,0.0
20230122:1230,0.0,0.0,-1.31,-1.67,2.07,0.0
20230122:1330,397.12,126.85,8.82,-1.35,2.21,0.0
20230122:1430,889.16,258.65,17.74,0.04,2.34,0.0
20230122:1530,850.0,249.31,24.88,1.86,2.83,0.0
20230122:1630,538.88,165.84,29.58,2.76,2.83,0.0
20230122:1730,873.0,255.79,31.23,2.43,2.07,0.0
20230122:1830,891.72,260.24,29.57,2.23,2.07,0.0
20230122:1930,433.24,137.37,24.86,3.16,2.21,0.0
20230122:2030,59.68,29.44,17.71,2.78,2.0,0.0
20230122:2130,1.0,6.17,8.79,1.77,1.66,0.0
20230122:2230,0.0,0.0,-1.35,1.19,1.45,0.0
20230122:2330,0.0,0.0,0.0,0.82,1.31,0.0
20230123:0030,0.0,0.0,0.0,0.88,1.52,0.0
20230123:0130,0.0,0.0,0.0,0.75,1.45,0.0
20230123:0230,0.0,0.0,0.0,0.87,1.24,0.0
20230123:0330,0.0,0.0,0.0,0.96,1.31,0.0
20230123:0430,0.0,0.0,0.0,1.01,1.31,0.0
20230123:0530,0.0,0.0,0.0,1.01,1.24,0.0
20230123:0630,0.0,0.0,0.0,0.81,1.38,0.0
20230123:0730,0.0,0.0,0.0,0.73,1.38,0.0
20230123:0830,0.0,0.0,0.0,0.46,1.66,0.0
20230123:0930,0.0,0.0,0.0,-0.11,2.21,0.0
20230123:1030,0.0,0.0,0.0,-0.89,2.48,0.0
20230123:1130,0.0,0.0,0.0,-1.39,2.83,0.0
20230123:1230,0.0,0.0,-1.21,-1.98,3.1,0.0
20230123:1330,136.08,52.49,8.95,-2.43,3.52,0.0
20230123:1430,483.2,147.05,17.89,-2.64,4.14,0.0
20230123:1530,1002.8,283.46,25.06,-2.54,4.69,0.0
20230123:1630,1453.04,403.11,29.79,-2.34,4.9,0.0
20230123:1730,1710.04,474.87,31.46,-1.38,4.9,0.0
20230123:1830,1641.36,456.82,29.81,-0.81,5.24,0.0
20230123:1930,1230.96,345.43,25.1,-0.59,5.38,0.0
20230123:2030,568.2,170.94,17.94,-0.87,4.76,0.0
20230123:2130,167.6,62.11,9.0,-1.27,4.0,0.0
20230123:2230,0.0,0.0,-1.15,-1.76,3.93,0.0
20230123:2330,0.0,0.0,0.0,-2.11,3.79,0.0
20230124:0030,0.0,0.0,0.0,-2.4,3.59,0.0
20230124:0130,0.0,0.0,0.0,-2.58,3.79,0.0
20230124:0230,0.0,0.0,0.0,-2.88,3.45,0.0
20230124:0330,0.0,0.0,0.0,-3.21,3.59,0.0
20230124:0430,0.0,0.0,0.0,-3.35,3.38,0.0
20230124:0530,0.0,0.0,0.0,-3.38,3.52,0.0
20230124:0630,0.0,0.0,0.0,-3.59,3.45,0.0
20230124:0730,0.0,0.0,0.0,-3.3,4.34,0.0
20230124:0830,0.0,0.0,0.0,-3.36,4.21,0.0
20230124:0930,0.0,0.0,0.0,-3.39,4.07,0.0
20230124:1030,0.0,0.0,0.0,-3.49,3.93,0.0
20230124:1130,0.0,0.0,0.0,-3.57,3.66,0.0
20230124:1230,0.0,0.0,-1.1,-3.79,3.45,0.0
20230124:1330,1098.36,317.25,9.08,-3.71,3.03,0.0
20230124:1430,2167.92,605.07,18.05,-2.55,3.59,0.0
20230124:1530,2850.28,807.62,25.25,-0.9,3.79,0.0
20230124:1630,3227.12,930.66,30.01,0.6,3.86,0.0
20230124:1730,3260.12,949.48,31.7,1.88,3.72,0.0
20230124:1830,3061.96,893.32,30.06,2.75,3.38,0.0
20230124:1930,2693.56,783.26,25.34,2.9,2.76,0.0
20230124:2030,2071.44,599.77,18.17,3.17,2.21,0.0
20230124:2130,1081.16,323.09,9.22,2.86,1.79,0.0
20230124:2230,0.0,0.0,-0.94,1.51,1.1,0.0
20230124:2330,0.0,0.0,0.0,0.03,0.97,0.0
20230125:0030,0.0,0.0,0.0,-1.6,0.9,0.0
20230125:0130,0.0,0.0,0.0,-2.43,0.83,0.0
20230125:0230,0.0,0.0,0.0,-2.32,0.83,0.0
20230125:0330,0.0,0.0,0.0,-2.86,1.03,0.0
20230125:0430,0.0,0.0,0.0,-2.05,1.1,0.0
20230125:0530,0.0,0.0,0.0,-1.39,1.24,0.0
20230125:0630,0.0,0.0,0.0,-0.93,1.66,0.0
20230125:0730,0.0,0.0,0.0,-0.64,1.66,0.0
20230125:0830,0.0,0.0,0.0,0.0,1.93,0.0
20230125:0930,0.0,0.0,0.0,0.32,2.41,0.0
20230125:1030,0.0,0.0,0.0,0.46,2.76,0.0
20230125:1130,0.0,0.0,0.0,0.68,3.1,0.0
20230125:1230,0.0,0.0,-0.98,0.82,3.52,0.0
20230125:1330,6.84,9.32,9.22,0.37,3.45,0.0
20230125:1430,41.48,22.91,18.21,-0.69,3.86,0.0
20230125:1530,49.04,25.54,25.45,-0.55,4.07,0.0
20230125:1630,69.92,32.5,30.23,-0.09,4.48,0.0
20230125:1730,538.44,162.87,31.94,0.71,5.03,0.0
20230125:1830,1017.2,290.96,30.31,1.51,4.34,0.0
20230125:1930,427.96,135.18,25.58,2.91,3.66,0.0
20230125:2030,268.72,91.18,18.4,2.88,3.31,0.0
20230125:2130,66.56,31.77,9.44,2.63,3.17,0.0
20230125:2230,0.0,0.0,-0.74,2.73,2.83,0.0
20230125:2330,0.0,0.0,0.0,3.05,2.9,0.0
20230126:0030,0.0,0.0,0.0,3.64,2.83,0.0
20230126:0130,0.0,0.0,0.0,3.47,2.76,0.0
20230126:0230,0.0,0.0,0.0,3.66,3.17,0.0
20230126:0330,0.0,0.0,0.0,3.09,3.86,0.0
20230126:0430,0.0,0.0,0.0,1.62,4.07,0.0
20230126:0530,0.0,0.0,0.0,-0.06,4.14,0.0
20230126:0630,0.0,0.0,0.0,-0.76,4.34,0.0
20230126:0730,0.0,0.0,0.0,-0.86,4.34,0.0
20230126:0830,0.0,0.0,0.0,-1.33,4.48,0.0
20230126:0930,0.0,0.0,0.0,-1.65,4.83,0.0
20230126:1030,0.0,0.0,0.0,-1.68,4.9,0.0
20230126:1130,0.0,0.0,0.0,-1.87,4.62,0.0
20230126:1230,0.0,0.0,-0.86,-1.99,5.03,0.0
20230126:1330,504.36,155.41,9.36,-2.17,5.38,0.0
20230126:1430,937.96,266.92,18.38,-1.92,5.03,0.0
20230126:1530,1235.28,345.97,25.65,-1.57,5.38,0.0
20230126:1630,1879.72,522.48,30.46,-1.16,5.1,0.0
20230126:1730,1668.76,465.41,32.19,-0.61,5.38,0.0
20230126:1830,2533.56,706.1,30.56,-0.5,5.86,0.0
20230126:1930,1905.68,529.65,25.83,-0.41,5.59,0.0
20230126:2030,1746.32,488.47,18.64,-0.41,4.55,0.0
20230126:2130,863.96,254.6,9.66,-0.8,4.55,0.0
20230126:2230,0.0,0.0,-0.53,-1.56,3.59,0.0
20230126:2330,0.0,0.0,0.0,-2.31,3.45,0.0
20230127:0030,0.0,0.0,0.0,-2.7,3.52,0.0
20230127:0130,0.0,0.0,0.0,-3.16,3.24,0.0
20230127:0230,0.0,0.0,0.0,-3.42,2.97,0.0
20230127:0330,0.0,0.0,0.0,-3.61,3.03,0.0
20230127:0430,0.0,0.0,0.0,-3.77,3.24,0.0
20230127:0530,0.0,0.0,0.0,-4.06,3.59,0.0
20230127:0630,0.0,0.0,0.0,-4.43,3.03,0.0
20230127:0730,0.0,0.0,0.0,-4.31,3.66,0.0
20230127:0830,0.0,0.0,0.0,-4.4,3.59,0.0
20230127:0930,0.0,0.0,0.0,-4.58,3.66,0.0
20230127:1030,0.0,0.0,0.0,-4.81,3.66,0.0
20230127:1130,0.0,0.0,0.0,-5.17,3.52,0.0
20230127:1230,0.0,0.0,-0.73,-5.38,3.24,0.0
20230127:1330,459.96,141.47,9.51,-5.39,3.72,0.0
20230127:1430,891.2,253.22,18.56,-4.74,3.52,0.0
20230127:1530,1375.84,382.48,25.85,-4.05,3.59,0.0
20230127:1630,1396.96,387.85,30.7,-3.41,3.45,0.0
20230127:1730,1899.84,528.33,32.45,-3.03,3.31,0.0
20230127:1830,2346.2,657.34,30.82,-2.44,3.24,0.0
20230127:1930,2389.24,670.95,26.09,-1.76,3.31,0.0
20230127:2030,2013.64,565.81,18.87,-1.54,3.03,0.0
20230127:2130,1208.48,350.44,9.88,-1.64,2.83,0.0
20230127:2230,0.0,0.0,-0.32,-2.37,2.07,0.0
20230127:2330,0.0,0.0,0.0,-3.47,2.0,0.0
20230128:0030,0.0,0.0,0.0,-3.64,2.34,0.0
20230128:0130,0.0,0.0,0.0,-3.26,2.62,0.0
20230128:0230,0.0,0.0,0.0,-2.62,2.97,0.0
20230128:0330,0.0,0.0,0.0,-1.69,3.38,0.0
20230128:0430,0.0,0.0,0.0,-0.72,3.59,0.0
20230128:0530,0.0,0.0,0.0,-0.14,3.79,0.0
20230128:0630,0.0,0.0,0.0,0.52,4.14,0.0
20230128:0730,0.0,0.0,0.0,0.58,4.14,0.0
20230128:0830,0.0,0.0,0.0,0.58,4.0,0.0
20230128:0930,0.0,0.0,0.0,0.57,3.86,0.0
20230128:1030,0.0,0.0,0.0,0.4,3.72,0.0
20230128:1130,0.0,0.0,0.0,0.16,3.45,0.0
20230128:1230,0.0,0.0,-0.59,-0.2,3.17,0.0
20230128:1330,1094.36,321.08,9.67,-0.26,2.9,0.0
20230128:1430,2074.76,593.14,18.74,0.64,2.28,0.0
20230128:1530,2777.92,802.72,26.07,2.11,3.17,0.0
20230128:1630,3083.92,903.57,30.94,3.35,3.38,0.0
20230128:1730,3259.84,965.96,32.71,4.29,3.31,0.0
20230128:1830,2868.8,844.33,31.09,5.09,3.24,0.0
20230128:1930,2437.6,712.35,26.35,5.78,3.03,0.0
20230128:2030,1992.72,580.96,19.12,5.96,2.76,0.0
20230128:2130,1106.12,333.25,10.11,5.64,2.14,0.0
20230128:2230,0.0,0.0,-0.11,3.92,1.45,0.0
20230128:2330,0.0,0.0,0.0,2.96,1.59,0.0
20230129:0030,0.0,0.0,0.0,1.5,1.72,0.0
20230129:0130,0.0,0.0,0.0,0.55,1.66,0.0
20230129:0230,0.0,0.0,0.0,-0.21,1.72,0.0
20230129:0330,0.0,0.0,0.0,-0.98,1.79,0.0
20230129:0430,0.0,0.0,0.0,-1.69,1.93,0.0
20230129:0530,0.0,0.0,0.0,-2.15,2.07,0.0
20230129:0630,0.0,0.0,0.0,-2.51,2.14,0.0
20230129:0730,0.0,0.0,0.0,-2.67,2.14,0.0
20230129:0830,0.0,0.0,0.0,-2.83,2.07,0.0
20230129:0930,0.0,0.0,0.0,-2.6,2.07,0.0
20230129:1030,0.0,0.0,0.0,-1.17,1.93,0.0
20230129:1130,0.0,0.0,0.0,0.28,1.79,0.0
20230129:1230,0.0,0.0,-0.45,1.74,1.79,0.0
20230129:1330,82.36,36.81,9.83,2.17,1.79,0.0
20230129:1430,95.28,40.98,18.93,2.8,2.07,0.0
20230129:1530,200.64,72.24,26.28,1.63,1.86,0.0
20230129:1630,315.4,105.11,31.19,2.54,2.55,0.0
20230129:1730,299.44,100.92,32.98,3.37,3.17,0.0
20230129:1830,283.16,96.48,31.36,3.85,3.1,0.0
20230129:1930,249.32,87.06,26.61,4.9,3.17,0.0
20230129:2030,154.52,59.44,19.36,5.14,3.31,0.0
20230129:2130,31.56,19.75,10.33,4.88,3.17,0.0
20230129:2230,0.0,1.57,0.1,4.42,2.83,0.0
20230129:2330,0.0,0.0,0.0,4.0,2.07,0.0
20230130:0030,0.0,0.0,0.0,3.84,2.07,0.0
20230130:0130,0.0,0.0,0.0,3.64,1.79,0.0
20230130:0230,0.0,0.0,0.0,3.54,1.59,0.0
20230130:0330,0.0,0.0,0.0,3.45,1.38,0.0
20230130:0430,0.0,0.0,0.0,3.36,1.31,0.0
20230130:0530,0.0,0.0,0.0,3.26,1.17,0.0
20230130:0630,0.0,0.0,0.0,3.14,1.03,0.0
20230130:0730,0.0,0.0,0.0,3.07,1.03,0.0
20230130:0830,0.0,0.0,0.0,2.94,0.9,0.0
20230130:0930,0.0,0.0,0.0,2.8,0.9,0.0
20230130:1030,0.0,0.0,0.0,2.66,0.83,0.0
20230130:1130,0.0,0.0,0.0,2.37,0.76,0.0
20230130:1230,0.0,0.0,-0.31,2.16,0.97,0.0
20230130:1330,183.96,68.15,9.99,2.14,0.97,0.0
20230130:1430,729.68,218.22,19.13,3.37,1.17,0.0
20230130:1530,955.72,282.59,26.51,5.55,1.93,0.0
20230130:1630,1326.64,387.53,31.44,6.65,2.41,0.0
20230130:1730,827.04,249.7,33.25,7.83,2.97,0.0
20230130:1830,1519.48,444.98,31.64,8.24,2.9,0.0
20230130:1930,2639.24,794.62,26.87,10.02,2.69,0.0
20230130:2030,1388.48,411.17,19.61,11.08,3.79,0.0
20230130:2130,157.24,61.95,10.56,10.39,2.76,0.0
20230130:2230,0.0,3.02,0.32,8.65,2.0,0.0
20230130:2330,0.0,0.0,0.0,7.34,1.66,0.0
20230131:0030,0.0,0.0,0.0,6.52,1.45,0.0
20230131:0130,0.0,0.0,0.0,5.91,1.52,0.0
20230131:0230,0.0,0.0,0.0,5.07,1.45,0.0
20230131:0330,0.0,0.0,0.0,4.2,1.45,0.0
20230131:0430,0.0,0.0,0.0,3.51,1.66,0.0
20230131:0530,0.0,0.0,0.0,2.72,1.79,0.0
20230131:0630,0.0,0.0,0.0,1.74,1.79,0.0
20230131:0730,0.0,0.0,0.0,2.04,2.0,0.0
20230131:0830,0.0,0.0,0.0,1.03,2.0,0.0
20230131:0930,0.0,0.0,0.0,0.2,1.72,0.0
20230131:1030,0.0,0.0,0.0,-0.27,1.79,0.0
20230131:1130,0.0,0.0,0.0,-0.74,1.79,0.0
20230131:1230,0.0,0.0,-0.16,-1.27,1.66,0.0
20230131:1330,122.28,48.59,10.17,-1.48,1.24,0.0
20230131:1430,336.72,109.44,19.32,-1.17,1.1,0.0
20230131:1530,346.48,111.81,26.74,-0.73,1.17,0.0
20230131:1630,275.44,92.83,31.7,-0.28,1.1,0.0
20230131:1730,267.8,90.94,33.52,0.02,1.1,0.0
20230131:1830,195.64,70.43,31.92,0.24,1.03,0.0
20230131:1930,187.16,67.88,27.14,-0.05,0.9,0.0
20230131:2030,99.44,41.84,19.86,0.01,0.83,0.0
20230131:2130,34.56,20.52,10.8,-0.15,0.48,0.0
20230131:2230,0.0,2.8,0.53,-0.24,0.48,0.0
20230131:2330,0.0,0.0,0.0,-0.57,1.03,0.0
20230201:0030,0.0,0.0,0.0,-1.09,1.1,0.0
20230201:0130,0.0,0.0,0.0,-1.43,0.97,0.0
20230201:0230,0.0,0.0,0.0,-1.5,0.9,0.0
20230201:0330,0.0,0.0,0.0,-1.49,1.1,0.0
20230201:0430,0.0,0.0,0.0,-1.77,1.38,0.0
20230201:0530,0.0,0.0,0.0,-2.32,1.45,0.0
20230201:0630,0.0,0.0,0.0,-2.71,1.72,0.0
20230201:0730,0.0,0.0,0.0,-3.29,1.86,0.0
20230201:0830,0.0,0.0,0.0,-3.79,2.14,0.0
20230201:0930,0.0,0.0,0.0,-4.24,2.28,0.0
20230201:1030,0.0,0.0,0.0,-4.6,2.48,0.0
20230201:1130,0.0,0.0,0.0,-4.94,2.48,0.0
20230201:1230,0.0,0.0,-0.0,-5.4,2.41,0.0
20230201:1330,1108.8,317.68,10.35,-5.82,2.41,0.0
20230201:1430,2126.8,590.99,19.53,-5.59,2.28,0.0
20230201:1530,2814.6,795.03,26.97,-4.89,2.28,0.0
20230201:1630,2793.96,796.13,31.96,-3.8,2.14,0.0
20230201:1730,3172.52,920.2,33.81,-2.81,2.14,0.0
20230201:1830,2895.28,835.49,32.2,-2.02,2.14,0.0
20230201:1930,2572.88,738.1,27.41,-1.79,1.79,0.0
20230201:2030,1715.2,485.73,20.11,-1.64,1.72,0.0
20230201:2130,1324.92,383.56,11.03,-2.37,1.66,0.0
20230201:2230,6.0,8.79,0.75,-4.29,1.17,0.0
20230201:2330,0.0,0.0,0.0,-7.0,1.1,0.0
20230202:0030,0.0,0.0,0.0,-4.33,0.69,0.0
20230202:0130,0.0,0.0,0.0,-4.6,0.55,0.0
20230202:0230,0.0,0.0,0.0,-4.53,0.55,0.0
20230202:0330,0.0,0.0,0.0,-4.54,0.55,0.0
20230202:0430,0.0,0.0,0.0,-4.33,0.48,0.0
20230202:0530,0.0,0.0,0.0,-4.33,0.41,0.0
20230202:0630,0.0,0.0,0.0,-4.38,0.34,0.0
20230202:0730,0.0,0.0,0.0,-3.95,0.41,0.0
20230202:0830,0.0,0.0,0.0,-3.93,0.48,0.0
20230202:0930,0.0,0.0,0.0,-3.95,0.62,0.0
20230202:1030,0.0,0.0,0.0,-4.02,0.69,0.0
20230202:1130,0.0,0.0,0.0,-3.96,0.76,0.0
20230202:1230,3.52,7.52,0.16,-4.48,0.83,0.0
20230202:1330,1233.76,357.58,10.53,-4.43,0.9,0.0
20230202:1430,1698.44,470.08,19.74,-7.13,1.52,0.0
20230202:1530,2693.04,768.05,27.22,-3.34,1.86,0.0
20230202:1630,2925.12,847.28,32.23,-0.94,2.28,0.0
20230202:1730,3430.72,1016.18,34.09,0.38,2.41,0.0
20230202:1830,2491.28,719.82,32.49,1.53,2.62,0.0
20230202:1930,1681.24,480.79,27.69,1.49,2.48,0.0
20230202:2030,1051.32,304.42,20.37,1.31,2.55,0.0
20230202:2130,333.28,109.5,11.27,0.62,2.41,0.0
20230202:2230,9.68,10.62,0.97,-0.8,2.48,0.0
20230202:2330,0.0,0.0,0.0,-2.21,2.55,0.0
20230203:0030,0.0,0.0,0.0,-2.75,2.76,0.0
20230203:0130,0.0,0.0,0.0,-3.1,3.03,0.0
20230203:0230,0.0,0.0,0.0,-3.3,3.45,0.0
20230203:0330,0.0,0.0,0.0,-3.63,3.72,0.0
20230203:0430,0.0,0.0,0.0,-3.93,3.86,0.0
20230203:0530,0.0,0.0,0.0,-4.21,3.93,0.0
20230203:0630,0.0,0.0,0.0,-4.48,4.0,0.0
20230203:0730,0.0,0.0,0.0,-4.61,3.86,0.0
20230203:0830,0.0,0.0,0.0,-4.68,4.48,0.0
20230203:0930,0.0,0.0,0.0,-4.87,4.48,0.0
20230203:1030,0.0,0.0,0.0,-4.91,4.69,0.0
20230203:1130,0.0,0.0,0.0,-5.73,4.97,0.0
20230203:1230,4.32,7.87,0.33,-6.79,4.97,0.0
20230203:1330,1011.2,286.1,10.72,-7.88,5.03,0.0
20230203:1430,2249.96,606.82,19.96,-8.37,4.97,0.0
20230203:1530,2943.28,798.61,27.46,-8.22,5.03,0.0
20230203:1630,3479.52,958.51,32.51,-7.98,5.03,0.0
20230203:1730,3597.08,992.88,34.38,-7.63,5.31,0.0
20230203:1830,3442.88,946.85,32.78,-7.39,5.52,0.0
20230203:1930,3051.96,831.72,27.96,-7.65,5.31,0.0
20230203:2030,2378.96,643.23,20.63,-7.77,5.17,0.0
20230203:2130,1414.72,392.2,11.5,-8.4,4.97,0.0
20230203:2230,6.28,8.79,1.19,-9.2,4.48,0.0
20230203:2330,0.0,0.0,0.0,-10.16,3.72,0.0
20230204:0030,0.0,0.0,0.0,-10.93,3.52,0.0
20230204:0130,0.0,0.0,0.0,-11.5,3.52,0.0
20230204:0230,0.0,0.0,0.0,-12.12,3.1,0.0
20230204:0330,0.0,0.0,0.0,-12.75,2.9,0.0
20230204:0430,0.0,0.0,0.0,-13.29,2.69,0.0
20230204:0530,0.0,0.0,0.0,-13.78,2.34,0.0
20230204:0630,0.0,0.0,0.0,-14.25,1.93,0.0
20230204:0730,0.0,0.0,0.0,-14.99,1.79,0.0
20230204:0830,0.0,0.0,0.0,-15.84,1.24,0.0
20230204:0930,0.0,0.0,0.0,-14.05,0.76,0.0
20230204:1030,0.0,0.0,0.0,-13.3,0.76,0.0
20230204:1130,0.0,0.0,0.0,-13.42,0.9,0.0
20230204:1230,3.28,7.21,0.5,-12.3,0.97,0.0
20230204:1330,1315.56,363.71,10.91,-14.34,1.17,0.0
20230204:1430,2335.08,631.6,20.18,-13.99,1.38,0.0
20230204:1530,2937.68,829.29,27.72,-8.01,1.45,0.0
20230204:1630,3172.0,919.53,32.79,-3.7,1.79,0.0
20230204:1730,3449.64,1015.47,34.68,-1.51,2.21,0.0
20230204:1830,3298.76,967.91,33.07,0.36,2.62,0.0
20230204:1930,2903.88,841.13,28.25,1.33,2.9,0.0
20230204:2030,2235.28,641.21,20.89,2.14,2.9,0.0
20230204:2130,1284.2,377.6,11.74,2.36,2.62,0.0
20230204:2230,5.8,8.83,1.41,1.49,2.07,0.0
20230204:2330,0.0,0.0,0.0,-0.86,2.21,0.0
20230205:0030,0.0,0.0,0.0,-1.61,2.41,0.0
20230205:0130,0.0,0.0,0.0,-1.26,2.76,0.0
20230205:0230,0.0,0.0,0.0,-0.57,2.97,0.0
20230205:0330,0.0,0.0,0.0,0.12,3.1,0.0
20230205:0430,0.0,0.0,0.0,0.47,3.17,0.0
20230205:0530,0.0,0.0,0.0,0.62,3.24,0.0
20230205:0630,0.0,0.0,0.0,0.84,3.17,0.0
20230205:0730,0.0,0.0,0.0,1.65,3.03,0.0
20230205:0830,0.0,0.0,0.0,1.76,2.9,0.0
20230205:0930,0.0,0.0,0.0,1.49,2.69,0.0
20230205:1030,0.0,0.0,0.0,1.03,2.48,0.0
20230205:1130,0.0,0.0,0.0,0.75,2.41,0.0
20230205:1230,11.92,11.67,0.68,0.74,2.41,0.0
20230205:1330,461.0,145.69,11.11,1.36,2.41,0.0
20230205:1430,1738.76,501.5,20.41,3.51,2.48,0.0
20230205:1530,2262.24,665.87,27.97,6.67,2.48,0.0
20230205:1630,1975.68,578.83,33.07,8.12,3.86,0.0
20230205:1730,2013.76,589.65,34.98,8.45,4.34,0.0
20230205:1830,2250.84,659.54,33.37,8.63,4.48,0.0
20230205:1930,1777.28,520.53,28.53,9.06,4.21,0.0
20230205:2030,1295.08,381.9,21.15,8.84,3.79,0.0
20230205:2130,507.2,162.64,11.98,8.37,3.24,0.0
20230205:2230,14.52,13.07,1.63,7.18,3.03,0.0
20230205:2330,0.0,0.0,0.0,5.65,2.76,0.0
20230206:0030,0.0,0.0,0.0,4.46,2.69,0.0
20230206:0130,0.0,0.0,0.0,4.21,2.83,0.0
20230206:0230,0.0,0.0,0.0,4.41,3.1,0.0
20230206:0330,0.0,0.0,0.0,4.35,3.03,0.0
20230206:0430,0.0,0.0,0.0,3.18,2.76,0.0
20230206:0530,0.0,0.0,0.0,2.48,2.55,0.0
20230206:0630,0.0,0.0,0.0,1.88,2.41,0.0
20230206:0730,0.0,0.0,0.0,2.15,2.41,0.0
20230206:0830,0.0,0.0,0.0,1.34,2.07,0.0
20230206:0930,0.0,0.0,0.0,0.61,2.07,0.0
20230206:1030,0.0,0.0,0.0,0.42,2.21,0.0
20230206:1130,0.0,0.0,0.0,0.16,2.21,0.0
20230206:1230,2.88,7.26,0.86,0.13,2.41,0.0
20230206:1330,142.92,54.93,11.32,-0.01,3.17,0.0
20230206:1430,289.96,96.84,20.64,-0.21,3.31,0.0
20230206:1530,752.4,220.68,28.24,-0.3,3.31,0.0
20230206:1630,1094.2,313.08,33.36,-0.02,3.38,0.0
20230206:1730,797.08,234.28,35.29,0.41,3.24,0.0
20230206:1830,1719.72,486.49,33.68,0.4,2.9,0.0
20230206:1930,1205.24,345.35,28.82,1.84,2.62,0.0
20230206:2030,1566.16,447.81,21.41,1.79,2.28,0.0
20230206:2130,1083.28,320.02,12.22,1.98,2.14,0.0
20230206:2230,7.6,9.71,1.85,1.29,1.72,0.0
20230206:2330,0.0,0.0,0.0,0.0,1.38,0.0
20230207:0030,0.0,0.0,0.0,-0.99,0.9,0.0
20230207:0130,0.0,0.0,0.0,-1.69,0.62,0.0
20230207:0230,0.0,0.0,0.0,-1.93,0.62,0.0
20230207:0330,0.0,0.0,0.0,-2.71,0.97,0.0
20230207:0430,0.0,0.0,0.0,-3.09,1.17,0.0
20230207:0530,0.0,0.0,0.0,-3.25,1.1,0.0
20230207:0630,0.0,0.0,0.0,-3.25,1.1,0.0
20230207:0730,0.0,0.0,0.0,-2.39,1.45,0.0
20230207:0830,0.0,0.0,0.0,-1.52,1.72,0.0
20230207:0930,0.0,0.0,0.0,-1.17,1.93,0.0
20230207:1030,0.0,0.0,0.0,-0.6,2.0,0.0
20230207:1130,0.0,0.0,0.0,-0.28,2.14,0.0
20230207:1230,13.88,12.5,1.05,0.06,2.21,0.0
20230207:1330,336.48,110.58,11.53,0.8,2.28,0.0
20230207:1430,941.36,277.5,20.88,3.39,2.21,0.0
20230207:1530,1288.04,380.04,28.5,6.81,2.14,0.0
20230207:1630,1462.2,435.25,33.66,9.19,2.28,0.0
20230207:1730,1573.2,471.85,35.6,10.77,2.28,0.0
20230207:1830,1860.92,556.5,33.99,11.66,2.76,0.0
20230207:1930,1388.84,417.44,29.1,12.53,3.1,0.0
20230207:2030,856.12,263.85,21.68,12.55,2.9,0.0
20230207:2130,443.16,146.51,12.46,11.9,3.1,0.0
20230207:2230,17.8,14.65,2.07,10.85,3.03,0.0
20230207:2330,0.0,0.0,0.0,9.46,2.97,0.0
20230208:0030,0.0,0.0,0.0,8.5,2.97,0.0
20230208:0130,0.0,0.0,0.0,8.41,3.17,0.0
20230208:0230,0.0,0.0,0.0,8.42,3.38,0.0
20230208:0330,0.0,0.0,0.0,7.69,3.17,0.0
20230208:0430,0.0,0.0,0.0,6.26,2.76,0.0
20230208:0530,0.0,0.0,0.0,5.37,2.41,0.0
20230208:0630,0.0,0.0,0.0,5.25,2.28,0.0
20230208:0730,0.0,0.0,0.0,4.65,1.86,0.0
20230208:0830,0.0,0.0,0.0,4.74,1.86,0.0
20230208:0930,0.0,0.0,0.0,4.95,2.0,0.0
20230208:1030,0.0,0.0,0.0,5.06,2.14,0.0
20230208:1130,0.0,0.0,0.0,4.98,2.41,0.0
20230208:1230,0.92,6.16,1.25,4.91,2.55,0.0
20230208:1330,343.08,114.27,11.74,4.52,2.69,0.0
20230208:1430,614.88,187.53,21.12,4.26,2.21,0.0
20230208:1530,1326.48,385.39,28.78,4.4,2.0,0.0
20230208:1630,2046.24,599.95,33.96,5.23,1.86,0.0
20230208:1730,2700.84,814.16,35.91,6.77,1.79,0.0
20230208:1830,2579.12,780.5,34.3,8.46,1.79,0.0
20230208:1930,2077.6,627.65,29.4,10.59,1.59,0.0
20230208:2030,1741.16,524.01,21.94,10.99,1.59,0.0
20230208:2130,1091.56,337.7,12.7,10.84,0.9,0.0
20230208:2230,11.44,11.81,2.29,9.82,0.41,0.0
20230208:2330,0.0,0.0,0.0,7.91,0.55,0.0
20230209:0030,0.0,0.0,0.0,5.72,1.31,0.0
20230209:0130,0.0,0.0,0.0,3.91,1.45,0.0
20230209:0230,0.0,0.0,0.0,3.76,1.59,0.0
20230209:0330,0.0,0.0,0.0,4.13,1.59,0.0
20230209:0430,0.0,0.0,0.0,5.0,1.66,0.0
20230209:0530,0.0,0.0,0.0,5.51,1.72,0.0
20230209:0630,0.0,0.0,0.0,4.87,1.79,0.0
20230209:0730,0.0,0.0,0.0,5.63,2.14,0.0
20230209:0830,0.0,0.0,0.0,5.66,2.28,0.0
20230209:0930,0.0,0.0,0.0,6.15,2.48,0.0
20230209:1030,0.0,0.0,0.0,6.66,2.62,0.0
20230209:1130,0.0,0.0,0.0,6.64,2.69,0.0
20230209:1230,15.0,13.25,1.44,6.64,2.83,0.0
20230209:1330,462.68,149.66,11.96,7.35,3.03,0.0
20230209:1430,1039.0,311.72,21.37,10.09,3.45,0.0
20230209:1530,907.24,276.03,29.05,11.94,3.31,0.0
20230209:1630,750.96,233.28,34.26,12.97,3.59,0.0
20230209:1730,867.36,266.69,36.23,13.31,3.66,0.0
20230209:1830,2091.04,631.93,34.61,13.88,3.45,0.0
20230209:1930,2138.8,647.61,29.69,16.49,4.34,0.0
20230209:2030,1557.0,473.59,22.21,17.05,4.07,0.0
20230209:2130,738.64,236.12,12.95,16.47,4.21,0.0
20230209:2230,19.12,15.43,2.52,15.47,4.34,0.0
20230209:2330,0.0,0.0,0.0,14.46,4.07,0.0
20230210:0030,0.0,0.0,0.0,14.0,4.21,0.0
20230210:0130,0.0,0.0,0.0,13.64,4.41,0.0
20230210:0230,0.0,0.0,0.0,13.33,4.69,0.0
20230210:0330,0.0,0.0,0.0,12.72,4.76,0.0
20230210:0430,0.0,0.0,0.0,11.81,4.9,0.0
20230210:0530,0.0,0.0,0.0,10.31,4.97,0.0
20230210:0630,0.0,0.0,0.0,8.41,4.9,0.0
20230210:0730,0.0,0.0,0.0,7.15,4.48,0.0
20230210:0830,0.0,0.0,0.0,5.66,4.55,0.0
20230210:0930,0.0,0.0,0.0,4.57,4.48,0.0
20230210:1030,0.0,0.0,0.0,3.66,4.28,0.0
20230210:1130,0.0,0.0,0.0,2.99,4.28,0.0
20230210:1230,7.16,9.53,1.65,2.26,4.14,0.0
20230210:1330,875.0,260.61,12.19,1.78,3.93,0.0
20230210:1430,1770.72,502.78,21.62,2.18,3.86,0.0
20230210:1530,2450.44,700.81,29.34,3.09,4.0,0.0
20230210:1630,2750.68,798.22,34.57,3.99,3.66,0.0
20230210:1730,2808.88,822.01,36.56,4.95,3.59,0.0
20230210:1830,2231.24,646.06,34.93,5.49,3.52,0.0
20230210:1930,2200.88,635.55,29.99,5.32,3.66,0.0
20230210:2030,1664.16,479.48,22.48,5.22,3.59,0.0
20230210:2130,881.28,264.76,13.19,4.79,3.52,0.0
20230210:2230,16.4,13.73,2.74,3.98,3.38,0.0
20230210:2330,0.0,0.0,0.0,3.01,2.97,0.0
20230211:0030,0.0,0.0,0.0,2.5,2.97,0.0
20230211:0130,0.0,0.0,0.0,2.15,3.03,0.0
20230211:0230,0.0,0.0,0.0,1.61,3.17,0.0
20230211:0330,0.0,0.0,0.0,1.12,3.17,0.0
20230211:0430,0.0,0.0,0.0,0.71,3.24,0.0
20230211:0530,0.0,0.0,0.0,0.15,3.24,0.0
20230211:0630,0.0,0.0,0.0,-0.42,3.17,0.0
20230211:0730,0.0,0.0,0.0,-1.06,3.24,0.0
20230211:0830,0.0,0.0,0.0,-1.63,3.17,0.0
20230211:0930,0.0,0.0,0.0,-1.97,3.24,0.0
20230211:1030,0.0,0.0,0.0,-2.42,3.1,0.0
20230211:1130,0.0,0.0,0.0,-2.74,2.48,0.0
20230211:1230,15.76,13.16,1.86,-2.98,1.93,0.0
20230211:1330,1251.8,363.2,12.42,-2.89,1.45,0.0
20230211:1430,2282.12,656.68,21.87,-1.69,1.1,0.0
20230211:1530,2890.24,858.41,29.62,0.25,0.97,0.0
20230211:1630,3254.96,996.39,34.89,2.37,0.97,0.0
20230211:1730,3360.56,1040.99,36.88,4.28,1.17,0.0
20230211:1830,3030.44,930.68,35.25,5.6,1.17,0.0
20230211:1930,2469.44,743.78,30.28,6.01,1.03,0.0
20230211:2030,2222.48,664.97,22.75,6.18,0.97,0.0
20230211:2130,517.68,164.49,13.43,5.95,1.1,0.0
20230211:2230,27.32,18.15,2.96,4.62,1.03,0.0
20230211:2330,0.0,0.0,0.0,3.5,1.03,0.0
20230212:0030,0.0,0.0,0.0,2.35,0.83,0.0
20230212:0130,0.0,0.0,0.0,1.83,1.03,0.0
20230212:0230,0.0,0.0,0.0,1.13,1.24,0.0
20230212:0330,0.0,0.0,0.0,0.59,1.1,0.0
20230212:0430,0.0,0.0,0.0,0.37,1.17,0.0
20230212:0530,0.0,0.0,0.0,0.14,1.31,0.0
20230212:0630,0.0,0.0,0.0,0.13,1.38,0.0
20230212:0730,0.0,0.0,0.0,0.07,1.24,0.0
20230212:0830,0.0,0.0,0.0,-0.04,1.1,0.0
20230212:0930,0.0,0.0,0.0,-0.17,1.03,0.0
20230212:1030,0.0,0.0,0.0,-0.12,1.17,0.0
20230212:1130,0.0,0.0,0.0,-0.24,1.24,0.0
20230212:1230,12.4,11.85,2.07,-0.27,1.24,0.0
20230212:1330,197.88,71.01,12.65,-0.17,1.31,0.0
20230212:1430,608.6,185.0,22.14,1.08,1.38,0.0
20230212:1530,853.0,252.56,29.92,2.52,1.93,0.0
20230212:1630,767.76,230.33,35.2,3.41,2.21,0.0
20230212:1730,519.52,162.43,37.21,3.5,2.14,0.0
20230212:1830,372.76,121.2,35.57,3.18,2.07,0.0
20230212:1930,292.88,98.5,30.58,2.3,1.86,0.0
20230212:2030,159.76,60.27,23.02,1.55,1.66,0.0
20230212:2130,89.8,39.03,13.68,1.17,1.38,0.0
20230212:2230,2.84,7.26,3.19,1.0,1.17,0.0
20230212:2330,0.0,0.0,0.0,0.68,1.03,0.0
20230213:0030,0.0,0.0,0.0,0.43,0.97,0.0
20230213:0130,0.0,0.0,0.0,0.25,0.9,0.0
20230213:0230,0.0,0.0,0.0,0.1,0.9,0.0
20230213:0330,0.0,0.0,0.0,-0.4,0.83,0.0
20230213:0430,0.0,0.0,0.0,-0.77,0.9,0.0
20230213:0530,0.0,0.0,0.0,-1.13,1.45,0.0
20230213:0630,0.0,0.0,0.0,-1.66,1.72,0.0
20230213:0730,0.0,0.0,0.0,-1.34,1.79,0.0
20230213:0830,0.0,0.0,0.0,-1.74,1.79,0.0
20230213:0930,0.0,0.0,0.0,-2.1,1.66,0.0
20230213:1030,0.0,0.0,0.0,-2.51,1.72,0.0
20230213:1130,0.0,0.0,0.0,-2.67,1.79,0.0
20230213:1230,14.68,12.72,2.29,-2.67,2.0,0.0
20230213:1330,874.52,257.44,12.89,-1.82,2.0,0.0
20230213:1430,1919.64,549.19,22.4,0.64,2.0,0.0
20230213:1530,2503.96,726.2,30.21,3.26,2.83,0.0
20230213:1630,2650.08,773.94,35.53,5.43,3.59,0.0
20230213:1730,3011.6,890.42,37.55,6.71,4.0,0.0
20230213:1830,3460.48,1039.38,35.9,7.69,4.28,0.0
20230213:1930,3045.04,904.91,30.89,8.95,4.62,0.0
20230213:2030,2334.0,684.8,23.29,9.22,4.69,0.0
20230213:2130,1372.72,411.15,13.92,8.95,4.34,0.0
20230213:2230,16.36,13.9,3.41,7.99,4.34,0.0
20230213:2330,0.0,0.0,0.0,6.42,4.07,0.0
20230214:0030,0.0,0.0,0.0,5.45,4.0,0.0
20230214:0130,0.0,0.0,0.0,4.69,3.93,0.0
20230214:0230,0.0,0.0,0.0,4.12,3.72,0.0
20230214:0330,0.0,0.0,0.0,3.52,3.59,0.0
20230214:0430,0.0,0.0,0.0,2.92,3.45,0.0
20230214:0530,0.0,0.0,0.0,2.2,3.24,0.0
20230214:0630,0.0,0.0,0.0,1.35,2.9,0.0
20230214:0730,0.0,0.0,0.0,1.46,2.62,0.0
20230214:0830,0.0,0.0,0.0,0.73,2.14,0.0
20230214:0930,0.0,0.0,0.0,0.04,1.59,0.0
20230214:1030,0.0,0.0,0.0,-1.16,1.03,0.0
20230214:1130,0.0,0.0,0.0,-2.03,0.97,0.0
20230214:1230,23.6,16.31,2.51,-2.41,1.03,0.0
20230214:1330,1252.76,366.43,13.13,-1.55,0.97,0.0
20230214:1430,2195.48,644.89,22.67,2.77,1.03,0.0
20230214:1530,2809.72,850.54,30.51,5.97,1.38,0.0
20230214:1630,3095.88,965.08,35.85,8.41,1.31,0.0
20230214:1730,3144.24,991.92,37.89,10.51,1.45,0.0
20230214:1830,3009.12,948.16,36.23,12.1,1.59,0.0
20230214:1930,2240.36,692.0,31.19,13.34,1.31,0.0
20230214:2030,1931.12,592.07,23.56,13.76,1.45,0.0
20230214:2130,493.48,162.72,14.17,13.62,1.31,0.0
20230214:2230,35.92,21.91,3.64,11.74,1.45,0.0
20230214:2330,0.0,0.0,0.0,9.45,2.0,0.0
20230215:0030,0.0,0.0,0.0,7.9,2.14,0.0
20230215:0130,0.0,0.0,0.0,7.5,2.28,0.0
20230215:0230,0.0,0.0,0.0,7.34,2.48,0.0
20230215:0330,0.0,0.0,0.0,7.07,2.62,0.0
20230215:0430,0.0,0.0,0.0,6.85,2.9,0.0
20230215:0530,0.0,0.0,0.0,6.78,3.17,0.0
20230215:0630,0.0,0.0,0.0,6.95,3.52,0.0
20230215:0730,0.0,0.0,0.0,8.77,3.79,0.0
20230215:0830,0.0,0.0,0.0,8.52,3.52,0.0
20230215:0930,0.0,0.0,0.0,7.23,2.97,0.0
20230215:1030,0.0,0.0,0.0,7.29,3.24,0.0
20230215:1130,0.0,0.0,0.0,7.98,3.45,0.0
20230215:1230,14.04,12.9,2.74,8.15,3.31,0.0
20230215:1330,1186.6,359.09,13.38,8.4,3.24,0.0
20230215:1430,1926.24,573.65,22.95,10.33,2.62,0.0
20230215:1530,2448.84,734.16,30.82,12.22,3.72,0.0
20230215:1630,2974.2,903.78,36.19,13.56,4.55,0.0
20230215:1730,3267.8,1008.41,38.23,14.77,4.62,0.0
20230215:1830,3031.96,935.05,36.56,15.95,4.48,0.0
20230215:1930,2779.48,856.1,31.49,17.11,4.41,0.0
20230215:2030,1827.32,556.33,23.84,17.33,4.21,0.0
20230215:2130,921.4,290.74,14.41,16.76,3.52,0.0
20230215:2230,41.4,24.27,3.86,15.68,3.24,0.0
20230215:2330,0.0,0.0,0.0,13.85,2.76,0.0
20230216:0030,0.0,0.0,0.0,12.26,2.48,0.0
20230216:0130,0.0,0.0,0.0,11.2,2.55,0.0
20230216:0230,0.0,0.0,0.0,10.47,2.55,0.0
20230216:0330,0.0,0.0,0.0,9.97,2.48,0.0
20230216:0430,0.0,0.0,0.0,9.48,2.41,0.0
20230216:0530,0.0,0.0,0.0,9.01,2.28,0.0
20230216:0630,0.0,0.0,0.0,8.53,2.14,0.0
20230216:0730,0.0,0.0,0.0,9.17,2.0,0.0
20230216:0830,0.0,0.0,0.0,8.59,1.86,0.0
20230216:0930,0.0,0.0,0.0,8.07,1.79,0.0
20230216:1030,0.0,0.0,0.0,7.64,1.66,0.0
20230216:1130,0.0,0.0,0.0,7.32,1.59,0.0
20230216:1230,11.08,11.54,2.97,7.31,1.52,0.0
20230216:1330,78.2,36.25,13.64,8.03,1.52,0.0
20230216:1430,137.12,54.75,23.23,7.08,1.45,0.0
20230216:1530,207.88,76.35,31.13,8.46,1.45,0.0
20230216:1630,156.0,61.17,36.52,9.96,1.52,0.0
20230216:1730,123.64,51.22,38.58,10.51,2.28,0.0
20230216:1830,210.2,77.69,36.89,10.73,2.76,0.0
20230216:1930,517.52,166.74,31.8,11.07,2.9,0.0
20230216:2030,641.04,202.0,24.11,12.5,3.31,0.0
20230216:2130,123.12,51.63,14.66,13.52,3.59,0.0
20230216:2230,17.8,14.73,4.08,12.83,3.38,0.0
20230216:2330,0.0,0.0,0.0,11.97,2.97,0.0
20230217:0030,0.0,0.0,0.0,11.91,2.41,0.0
20230217:0130,0.0,0.0,0.0,11.49,2.48,0.0
20230217:0230,0.0,0.0,0.0,11.39,2.48,0.0
20230217:0330,0.0,0.0,0.0,11.16,2.28,0.0
20230217:0430,0.0,0.0,0.0,10.96,2.34,0.0
20230217:0530,0.0,0.0,0.0,11.57,2.69,0.0
20230217:0630,0.0,0.0,0.0,11.54,2.9,0.0
20230217:0730,0.0,0.0,0.0,10.73,3.17,0.0
20230217:0830,0.0,0.0,0.0,10.63,3.1,0.0
20230217:0930,0.0,0.0,0.0,10.52,3.03,0.0
20230217:1030,0.0,0.0,0.0,10.53,2.69,0.0
20230217:1130,0.0,0.0,0.0,10.59,2.62,0.0
20230217:1230,0.0,4.2,3.21,9.26,3.31,0.0
20230217:1330,89.16,39.54,13.89,6.2,3.93,0.0
20230217:1430,285.08,96.79,23.51,3.33,3.52,0.0
20230217:1530,699.16,208.14,31.44,1.52,4.14,0.0
20230217:1630,1948.6,550.94,36.86,2.06,4.34,0.0
20230217:1730,1670.96,473.39,38.92,2.73,4.69,0.0
20230217:1830,1248.24,353.86,37.23,2.06,5.03,0.0
20230217:1930,648.84,193.41,32.11,0.89,5.03,0.0
20230217:2030,686.56,201.95,24.39,-0.47,4.9,0.0
20230217:2130,343.6,111.09,14.91,-1.38,4.97,0.0
20230217:2230,20.68,15.17,4.31,-2.28,4.97,0.0
20230217:2330,0.0,0.0,0.0,-2.98,4.69,0.0
20230218:0030,0.0,0.0,0.0,-3.5,4.62,0.0
20230218:0130,0.0,0.0,0.0,-3.87,4.69,0.0
20230218:0230,0.0,0.0,0.0,-4.34,4.76,0.0
20230218:0330,0.0,0.0,0.0,-4.81,4.83,0.0
20230218:0430,0.0,0.0,0.0,-5.21,4.83,0.0
20230218:0530,0.0,0.0,0.0,-5.61,4.62,0.0
20230218:0630,0.0,0.0,0.0,-5.81,4.34,0.0
20230218:0730,0.0,0.0,0.0,-6.59,4.21,0.0
20230218:0830,0.0,0.0,0.0,-6.64,3.79,0.0
20230218:0930,0.0,0.0,0.0,-6.62,3.52,0.0
20230218:1030,0.0,0.0,0.0,-6.51,3.24,0.0
20230218:1130,0.0,0.0,0.0,-6.33,2.69,0.0
20230218:1230,20.4,14.87,3.45,-6.15,2.48,0.0
20230218:1330,1464.52,415.73,14.15,-5.55,2.41,0.0
20230218:1430,2430.32,683.28,23.8,-3.93,2.41,0.0
20230218:1530,3082.32,892.43,31.76,-1.86,2.21,0.0
20230218:1630,3460.88,1025.54,37.2,0.45,2.48,0.0
20230218:1730,3581.64,1073.15,39.28,2.34,2.76,0.0
20230218:1830,3435.56,1030.09,37.57,3.66,2.76,0.0
20230218:1930,3048.64,903.25,32.42,4.33,2.76,0.0
20230218:2030,2392.64,699.02,24.66,4.69,2.62,0.0
20230218:2130,1468.88,434.02,15.15,4.42,2.41,0.0
20230218:2230,30.48,19.24,4.53,3.04,1.72,0.0
20230218:2330,0.0,0.0,0.0,0.8,1.59,0.0
20230219:0030,0.0,0.0,0.0,-0.81,1.45,0.0
20230219:0130,0.0,0.0,0.0,-2.04,1.31,0.0
20230219:0230,0.0,0.0,0.0,-2.6,1.24,0.0
20230219:0330,0.0,0.0,0.0,-2.82,1.17,0.0
20230219:0430,0.0,0.0,0.0,-2.36,1.24,0.0
20230219:0530,0.0,0.0,0.0,-1.78,1.24,0.0
20230219:0630,0.0,0.0,0.0,-1.53,1.24,0.0
20230219:0730,0.0,0.0,0.0,-0.95,1.45,0.0
20230219:0830,0.0,0.0,0.0,-0.52,1.52,0.0
20230219:0930,0.0,0.0,0.0,-0.51,1.59,0.0
20230219:1030,0.0,0.0,0.0,-0.35,1.66,0.0
20230219:1130,0.0,0.0,0.0,-0.09,1.79,0.0
20230219:1230,27.56,17.97,3.7,0.39,1.86,0.0
20230219:1330,978.92,290.03,14.42,1.45,2.07,0.0
20230219:1430,1450.56,423.28,24.09,4.53,1.66,0.0
20230219:1530,2302.44,687.41,32.08,7.49,1.66,0.0
20230219:1630,2937.44,901.0,37.55,9.79,2.21,0.0
20230219:1730,3085.64,952.96,39.63,11.1,2.69,0.0
20230219:1830,3142.92,974.7,37.91,11.72,2.62,0.0
20230219:1930,2886.52,884.96,32.73,12.82,3.1,0.0
20230219:2030,2250.64,677.68,24.94,12.91,3.38,0.0
20230219:2130,1365.0,417.07,15.4,12.34,3.1,0.0
20230219:2230,24.48,17.4,4.75,10.88,2.55,0.0
20230219:2330,0.0,0.0,0.0,7.9,2.28,0.0
20230220:0030,0.0,0.0,0.0,5.8,2.34,0.0
20230220:0130,0.0,0.0,0.0,4.42,2.28,0.0
20230220:0230,0.0,0.0,0.0,3.8,2.34,0.0
20230220:0330,0.0,0.0,0.0,3.87,2.55,0.0
20230220:0430,0.0,0.0,0.0,4.12,2.62,0.0
20230220:0530,0.0,0.0,0.0,4.31,2.69,0.0
20230220:0630,0.0,0.0,0.0,4.65,2.97,0.0
20230220:0730,0.0,0.0,0.0,5.31,3.1,0.0
20230220:0830,0.0,0.0,0.0,5.48,3.31,0.0
20230220:0930,0.0,0.0,0.0,5.57,3.45,0.0
20230220:1030,0.0,0.0,0.0,5.59,3.52,0.0
20230220:1130,0.0,0.0,0.0,5.48,3.45,0.0
20230220:1230,33.04,20.33,3.95,5.28,3.45,0.0
20230220:1330,322.52,108.43,14.69,5.37,3.38,0.0
20230220:1430,697.96,212.85,24.39,5.9,2.69,0.0
20230220:1530,1405.28,410.41,32.41,6.58,3.31,0.0
20230220:1630,1518.76,443.85,37.9,7.45,3.72,0.0
20230220:1730,2020.6,586.11,39.99,8.11,4.83,0.0
20230220:1830,1229.2,361.33,38.25,8.66,4.83,0.0
20230220:1930,2290.48,668.24,33.04,8.95,4.97,0.0
20230220:2030,1447.6,422.78,25.21,9.59,5.17,0.0
20230220:2130,606.56,191.09,15.64,9.38,4.0,0.0
20230220:2230,26.6,18.1,4.98,8.55,2.48,0.0
20230220:2330,0.0,0.0,0.0,7.3,1.86,0.0
20230221:0030,0.0,0.0,0.0,6.37,1.38,0.0
20230221:0130,0.0,0.0,0.0,5.57,1.45,0.0
20230221:0230,0.0,0.0,0.0,4.55,1.79,0.0
20230221:0330,0.0,0.0,0.0,4.54,2.0,0.0
20230221:0430,0.0,0.0,0.0,4.93,2.14,0.0
20230221:0530,0.0,0.0,0.0,5.33,2.14,0.0
20230221:0630,0.0,0.0,0.0,5.4,1.93,0.0
20230221:0730,0.0,0.0,0.0,5.39,2.07,0.0
20230221:0830,0.0,0.0,0.0,5.48,1.93,0.0
20230221:0930,0.0,0.0,0.0,5.3,2.0,0.0
20230221:1030,0.0,0.0,0.0,5.04,1.86,0.0
20230221:1130,0.0,0.0,0.0,4.65,1.93,0.0
20230221:1230,25.36,17.36,4.2,4.24,2.14,0.0
20230221:1330,595.0,185.23,14.96,4.37,1.93,0.0
20230221:1430,879.96,261.79,24.68,5.38,2.34,0.0
20230221:1530,1500.08,433.8,32.73,5.49,3.1,0.0
20230221:1630,2017.44,583.41,38.25,5.84,3.38,0.0
20230221:1730,2163.72,623.8,40.35,6.21,4.62,0.0
20230221:1830,2567.92,744.24,38.59,6.55,4.55,0.0
20230221:1930,2254.6,656.05,33.35,8.94,5.24,0.0
20230221:2030,1714.64,498.9,25.49,9.28,5.38,0.0
20230221:2130,1289.84,384.8,15.89,8.66,5.03,0.0
20230221:2230,39.32,22.82,5.2,7.61,4.55,0.0
20230221:2330,0.0,0.0,0.0,6.19,3.93,0.0
20230222:0030,0.0,0.0,0.0,4.94,3.66,0.0
20230222:0130,0.0,0.0,0.0,4.11,3.52,0.0
20230222:0230,0.0,0.0,0.0,3.23,3.24,0.0
20230222:0330,0.0,0.0,0.0,2.46,2.62,0.0
20230222:0430,0.0,0.0,0.0,1.84,2.0,0.0
20230222:0530,0.0,0.0,0.0,1.27,1.52,0.0
20230222:0630,0.0,0.0,0.0,0.55,1.17,0.0
20230222:0730,0.0,0.0,0.0,0.22,1.17,0.0
20230222:0830,0.0,0.0,0.0,0.0,1.1,0.0
20230222:0930,0.0,0.0,0.0,-0.13,1.17,0.0
20230222:1030,0.0,0.0,0.0,0.89,1.31,0.0
20230222:1130,0.0,0.0,0.0,1.97,1.72,0.0
20230222:1230,0.0,4.07,4.46,1.99,2.14,0.0
20230222:1330,21.64,15.76,15.24,1.81,2.48,0.0
20230222:1430,176.92,65.01,24.99,2.52,2.97,0.0
20230222:1530,616.96,187.36,33.07,3.68,3.17,0.0
20230222:1630,990.2,294.47,38.61,6.55,2.97,0.0
20230222:1730,486.92,156.75,40.72,9.16,3.59,0.0
20230222:1830,2489.88,747.26,38.94,10.13,2.76,0.0
20230222:1930,554.0,179.99,33.66,14.73,2.69,0.0
20230222:2030,583.56,187.26,25.77,14.07,2.07,0.0
20230222:2130,787.56,248.82,16.13,14.05,2.07,0.0
20230222:2230,56.44,29.51,5.42,13.45,2.21,0.0
20230222:2330,0.0,0.0,0.0,11.45,2.55,0.0
20230223:0030,0.0,0.0,0.0,10.44,2.76,0.0
20230223:0130,0.0,0.0,0.0,10.29,3.03,0.0
20230223:0230,0.0,0.0,0.0,10.96,3.24,0.0
20230223:0330,0.0,0.0,0.0,12.19,3.66,0.0
20230223:0430,0.0,0.0,0.0,13.47,4.0,0.0
20230223:0530,0.0,0.0,0.0,13.86,4.07,0.0
20230223:0630,0.0,0.0,0.0,13.89,4.14,0.0
20230223:0730,0.0,0.0,0.0,14.64,4.28,0.0
20230223:0830,0.0,0.0,0.0,13.83,4.21,0.0
20230223:0930,0.0,0.0,0.0,13.14,3.93,0.0
20230223:1030,0.0,0.0,0.0,12.97,3.79,0.0
20230223:1130,0.0,0.0,0.0,12.47,4.0,0.0
20230223:1230,12.72,12.46,4.72,11.68,3.93,0.0
20230223:1330,504.96,164.17,15.52,11.35,3.45,0.0
20230223:1430,1860.4,555.58,25.29,11.91,2.97,0.0
20230223:1530,2349.88,700.22,33.4,13.31,4.9,0.0
20230223:1630,2764.32,841.56,38.97,14.72,4.48,0.0
20230223:1730,3085.08,958.35,41.08,15.98,4.07,0.0
20230223:1830,2950.56,918.66,39.29,17.05,3.86,0.0
20230223:1930,2406.88,739.92,33.98,18.01,4.14,0.0
20230223:2030,2082.6,639.79,26.04,18.08,3.59,0.0
20230223:2130,1327.8,416.51,16.38,18.18,3.31,0.0
20230223:2230,27.68,19.11,5.64,17.41,2.97,0.0
20230223:2330,0.0,0.0,0.0,15.77,2.9,0.0
20230224:0030,0.0,0.0,0.0,14.64,2.9,0.0
20230224:0130,0.0,0.0,0.0,14.56,3.38,0.0
20230224:0230,0.0,0.0,0.0,13.98,3.72,0.0
20230224:0330,0.0,0.0,0.0,13.01,3.86,0.0
20230224:0430,0.0,0.0,0.0,12.77,4.0,0.0
20230224:0530,0.0,0.0,0.0,12.21,4.07,0.0
20230224:0630,0.0,0.0,0.0,11.34,4.07,0.0
20230224:0730,0.0,0.0,0.0,10.5,4.41,0.0
20230224:0830,0.0,0.0,0.0,8.55,4.62,0.0
20230224:0930,0.0,0.0,0.0,6.58,4.55,0.0
20230224:1030,0.0,0.0,0.0,4.62,4.21,0.0
20230224:1130,0.0,0.0,0.0,2.78,4.0,0.0
20230224:1230,28.84,18.49,4.98,1.25,4.14,0.0
20230224:1330,1433.12,413.53,15.8,0.46,4.34,0.0
20230224:1430,2459.72,695.0,25.6,0.5,4.41,0.0
20230224:1530,3089.88,887.13,33.74,1.32,4.28,0.0
20230224:1630,3456.6,1011.21,39.33,2.45,4.14,0.0
20230224:1730,3559.56,1053.95,41.45,3.57,4.0,0.0
20230224:1830,3468.0,1029.15,39.64,4.44,3.86,0.0
20230224:1930,2559.8,743.46,34.29,4.92,3.93,0.0
20230224:2030,1791.28,516.69,26.32,4.78,3.52,0.0
20230224:2130,1096.36,324.37,16.62,4.29,3.17,0.0
20230224:2230,67.48,32.14,5.86,3.51,2.76,0.0
20230224:2330,0.0,0.0,0.0,2.35,2.07,0.0
20230225:0030,0.0,0.0,0.0,1.09,1.66,0.0
20230225:0130,0.0,0.0,0.0,0.26,1.24,0.0
20230225:0230,0.0,0.0,0.0,-0.58,0.62,0.0
20230225:0330,0.0,0.0,0.0,-0.59,0.21,0.0
20230225:0430,0.0,0.0,0.0,-1.12,0.28,0.0
20230225:0530,0.0,0.0,0.0,-1.52,0.62,0.0
20230225:0630,0.0,0.0,0.0,-1.81,1.03,0.0
20230225:0730,0.0,0.0,0.0,-1.87,1.24,0.0
20230225:0830,0.0,0.0,0.0,-1.87,1.38,0.0
20230225:0930,0.0,0.0,0.0,-1.87,1.59,0.0
20230225:1030,0.0,0.0,0.0,-1.74,1.93,0.0
20230225:1130,0.0,0.0,0.0,-1.48,2.14,0.0
20230225:1230,29.92,18.76,5.25,-0.94,2.21,0.0
20230225:1330,718.36,215.35,16.09,-0.17,2.34,0.0
20230225:1430,120.24,48.25,25.92,0.82,2.48,0.0
20230225:1530,352.68,114.25,34.08,0.36,2.28,0.0
20230225:1630,334.08,109.12,39.7,0.34,1.52,0.0
20230225:1730,353.64,115.25,41.82,1.09,0.97,0.0
20230225:1830,637.76,192.16,39.99,1.19,1.52,0.0
20230225:1930,603.6,183.69,34.6,3.03,2.21,0.0
20230225:2030,659.6,199.9,26.59,3.88,2.14,0.0
20230225:2130,477.84,151.85,16.86,4.56,2.07,0.0
20230225:2230,34.32,20.77,6.08,4.62,1.93,0.0
20230225:2330,0.0,0.0,0.0,3.61,1.59,0.0
20230226:0030,0.0,0.0,0.0,2.63,1.52,0.0
20230226:0130,0.0,0.0,0.0,2.02,1.52,0.0
20230226:0230,0.0,0.0,0.0,1.24,1.52,0.0
20230226:0330,0.0,0.0,0.0,0.98,1.59,0.0
20230226:0430,0.0,0.0,0.0,0.47,1.52,0.0
20230226:0530,0.0,0.0,0.0,0.02,1.59,0.0
20230226:0630,0.0,0.0,0.0,-0.41,1.59,0.0
20230226:0730,0.0,0.0,0.0,-0.73,1.59,0.0
20230226:0830,0.0,0.0,0.0,-1.08,1.59,0.0
20230226:0930,0.0,0.0,0.0,-1.41,1.66,0.0
20230226:1030,0.0,0.0,0.0,-1.61,1.72,0.0
20230226:1130,0.0,0.0,0.0,-1.66,1.72,0.0
20230226:1230,38.88,21.95,5.52,-1.6,1.79,0.0
20230226:1330,1429.72,416.7,16.38,-0.31,1.59,0.0
20230226:1430,2197.68,633.74,26.23,2.36,2.34,0.0
20230226:1530,2710.4,788.52,34.43,4.32,3.45,0.0
20230226:1630,3093.52,912.86,40.07,5.75,4.0,0.0
20230226:1730,3319.84,993.83,42.2,6.95,3.86,0.0
20230226:1830,3360.48,1010.29,40.34,7.97,4.07,0.0
20230226:1930,3017.6,897.26,34.92,8.47,4.21,0.0
20230226:2030,2333.84,683.9,26.87,8.55,4.34,0.0
20230226:2130,1402.52,417.18,17.1,8.24,4.62,0.0
20230226:2230,44.0,24.48,6.3,7.31,3.93,0.0
20230226:2330,0.0,0.0,-5.08,5.8,3.24,0.0
20230227:0030,0.0,0.0,0.0,4.67,3.03,0.0
20230227:0130,0.0,0.0,0.0,4.05,2.97,0.0
20230227:0230,0.0,0.0,0.0,3.57,2.9,0.0
20230227:0330,0.0,0.0,0.0,3.09,2.83,0.0
20230227:0430,0.0,0.0,0.0,2.7,2.55,0.0
20230227:0530,0.0,0.0,0.0,2.41,2.21,0.0
20230227:0630,0.0,0.0,0.0,2.19,1.79,0.0
20230227:0730,0.0,0.0,0.0,2.09,1.79,0.0
20230227:0830,0.0,0.0,0.0,1.36,1.31,0.0
20230227:0930,0.0,0.0,0.0,0.35,1.17,0.0
20230227:1030,0.0,0.0,0.0,-0.65,1.03,0.0
20230227:1130,0.0,0.0,0.0,-0.68,1.03,0.0
20230227:1230,59.88,29.25,5.8,-0.08,1.31,0.0
20230227:1330,528.48,164.41,16.67,1.37,1.17,0.0
20230227:1430,852.08,254.47,26.55,4.31,1.52,0.0
20230227:1530,534.84,168.69,34.78,6.4,2.28,0.0
20230227:1630,433.12,139.9,40.44,6.46,2.76,0.0
20230227:1730,1116.88,328.38,42.57,6.12,2.97,0.0
20230227:1830,2016.8,586.32,40.69,6.99,3.66,0.0
20230227:1930,1317.12,384.95,35.23,8.06,4.28,0.0
20230227:2030,685.72,209.27,27.14,7.85,4.07,0.0
20230227:2130,417.56,135.49,17.35,6.35,4.55,0.0
20230227:2230,30.8,19.54,6.52,5.91,4.41,0.0
20230227:2330,0.0,0.0,-4.88,5.39,4.34,0.0
20230228:0030,0.0,0.0,0.0,5.39,4.0,0.0
20230228:0130,0.0,0.0,0.0,5.17,3.66,0.0
20230228:0230,0.0,0.0,0.0,5.83,3.52,0.0
20230228:0330,0.0,0.0,0.0,7.13,3.45,0.0
20230228:0430,0.0,0.0,0.0,8.43,4.55,0.0
20230228:0530,0.0,0.0,0.0,8.92,5.17,0.0
20230228:0630,0.0,0.0,0.0,8.7,4.76,0.0
20230228:0730,0.0,0.0,0.0,8.47,3.79,0.0
20230228:0830,0.0,0.0,0.0,8.1,3.93,0.0
20230228:0930,0.0,0.0,0.0,7.86,4.41,0.0
20230228:1030,0.0,0.0,0.0,7.64,4.76,0.0
20230228:1130,0.0,0.0,-5.35,6.97,4.69,0.0
20230228:1230,50.16,28.0,6.08,6.17,4.48,0.0
20230228:1330,274.68,94.73,16.97,5.62,4.41,0.0
20230228:1430,642.08,195.5,26.87,5.4,4.69,0.0
20230228:1530,1192.32,346.0,35.13,5.34,4.69,0.0
20230228:1630,1594.36,459.84,40.82,5.95,4.69,0.0
20230228:1730,2650.2,774.03,42.95,6.66,4.55,0.0
20230228:1830,3055.68,902.47,41.05,7.77,4.76,0.0
20230228:1930,2587.36,762.7,35.55,9.19,4.41,0.0
20230228:2030,2352.92,696.49,27.41,9.28,3.52,0.0
20230228:2130,1464.8,440.95,17.59,9.42,3.03,0.0
20230228:2230,45.48,25.14,6.74,8.61,2.55,0.0
20230228:2330,0.0,0.0,-4.67,6.93,1.79,0.0
20230301:0030,0.0,0.0,0.0,5.48,1.17,0.0
20230301:0130,0.0,0.0,0.0,5.16,0.28,0.0
20230301:0230,0.0,0.0,0.0,3.6,0.69,0.0
20230301:0330,0.0,0.0,0.0,1.71,1.1,0.0
20230301:0430,0.0,0.0,0.0,0.88,1.1,0.0
20230301:0530,0.0,0.0,0.0,0.27,1.24,0.0
20230301:0630,0.0,0.0,0.0,-0.14,1.45,0.0
20230301:0730,0.0,0.0,0.0,0.14,1.66,0.0
20230301:0830,0.0,0.0,0.0,0.56,1.86,0.0
20230301:0930,0.0,0.0,0.0,0.98,2.07,0.0
20230301:1030,0.0,0.0,0.0,1.31,2.28,0.0
20230301:1130,0.0,0.0,-5.08,1.66,2.55,0.0
20230301:1230,423.04,155.42,6.36,2.07,2.76,0.0
20230301:1330,1362.44,401.62,17.27,3.99,2.9,0.0
20230301:1430,2141.4,625.98,27.2,7.03,3.31,0.0
20230301:1530,2784.04,828.26,35.48,9.72,4.07,0.0
20230301:1630,3106.96,944.55,41.19,11.9,4.07,0.0
20230301:1730,3321.56,1031.65,43.33,13.94,3.86,0.0
20230301:1830,3185.76,994.36,41.4,15.68,3.79,0.0
20230301:1930,2813.32,872.42,35.86,16.71,3.66,0.0
20230301:2030,2201.16,676.05,27.69,17.25,3.45,0.0
20230301:2130,1358.12,423.47,17.83,17.0,3.24,0.0
20230301:2230,44.08,25.27,6.96,15.74,2.76,0.0
20230301:2330,0.0,0.0,-4.47,13.09,2.62,0.0
20230302:0030,0.0,0.0,0.0,10.97,2.83,0.0
20230302:0130,0.0,0.0,0.0,9.88,2.9,0.0
20230302:0230,0.0,0.0,0.0,9.5,3.1,0.0
20230302:0330,0.0,0.0,0.0,9.48,2.9,0.0
20230302:0430,0.0,0.0,0.0,9.99,2.83,0.0
20230302:0530,0.0,0.0,0.0,10.38,2.97,0.0
20230302:0630,0.0,0.0,0.0,9.8,2.97,0.0
20230302:0730,0.0,0.0,0.0,9.5,2.76,0.0
20230302:0830,0.0,0.0,0.0,9.58,2.9,0.0
20230302:0930,0.0,0.0,0.0,9.79,2.76,0.0
20230302:1030,0.0,0.0,0.0,9.95,2.69,0.0
20230302:1130,0.0,0.0,-4.81,9.9,2.97,0.0
20230302:1230,60.0,30.63,6.64,9.7,2.76,0.0
20230302:1330,612.92,193.57,17.57,9.34,2.48,0.0
20230302:1430,1298.72,386.54,27.52,9.37,2.48,0.0
20230302:1530,1686.4,499.8,35.84,9.88,2.83,0.0
20230302:1630,2013.68,601.38,41.57,10.38,3.03,0.0
20230302:1730,2281.84,684.66,43.71,11.08,3.52,0.0
20230302:1830,2080.64,623.08,41.76,11.69,3.72,0.0
20230302:1930,1938.44,579.02,36.17,11.68,3.59,0.0
20230302:2030,1583.2,472.49,27.96,11.66,3.45,0.0
20230302:2130,857.76,264.91,18.06,11.22,3.31,0.0
20230302:2230,100.32,43.77,7.17,10.22,2.55,0.0
20230302:2330,0.0,0.0,-4.26,8.88,2.21,0.0
20230303:0030,0.0,0.0,0.0,7.42,1.93,0.0
20230303:0130,0.0,0.0,0.0,6.54,1.66,0.0
20230303:0230,0.0,0.0,0.0,5.76,1.31,0.0
20230303:0330,0.0,0.0,0.0,4.59,0.9,0.0
20230303:0430,0.0,0.0,0.0,4.17,0.62,0.0
20230303:0530,0.0,0.0,0.0,3.36,0.48,0.0
20230303:0630,0.0,0.0,0.0,2.39,0.55,0.0
20230303:0730,0.0,0.0,0.0,1.7,0.83,0.0
20230303:0830,0.0,0.0,0.0,1.37,0.97,0.0
20230303:0930,0.0,0.0,0.0,1.61,1.31,0.0
20230303:1030,0.0,0.0,0.0,2.27,1.52,0.0
20230303:1130,0.0,0.0,-4.53,1.81,1.72,0.0
20230303:1230,74.68,34.84,6.93,2.44,1.86,0.0
20230303:1330,166.52,62.77,17.87,3.53,2.14,0.0
20230303:1430,174.72,65.18,27.85,3.61,2.55,0.0
20230303:1530,366.0,118.7,36.2,2.83,2.76,0.0
20230303:1630,198.4,71.79,41.95,2.81,3.31,0.0
20230303:1730,833.96,243.67,44.09,2.5,4.07,0.0
20230303:1830,557.88,171.11,42.12,3.04,4.69,0.0
20230303:1930,283.88,95.77,36.49,2.76,4.69,0.0
20230303:2030,200.68,72.24,28.23,2.69,4.83,0.0
20230303:2130,168.64,63.13,18.3,2.86,4.83,0.0
20230303:2230,25.36,17.27,7.39,2.89,4.83,0.0
20230303:2330,0.0,0.0,-4.06,2.93,4.83,0.0
20230304:0030,0.0,0.0,0.0,3.37,4.62,0.0
20230304:0130,0.0,0.0,0.0,3.57,4.28,0.0
20230304:0230,0.0,0.0,0.0,4.39,3.72,0.0
20230304:0330,0.0,0.0,0.0,5.63,2.97,0.0
20230304:0430,0.0,0.0,0.0,6.56,3.17,0.0
20230304:0530,0.0,0.0,0.0,7.15,4.83,0.0
20230304:0630,0.0,0.0,0.0,7.24,6.0,0.0
20230304:0730,0.0,0.0,0.0,5.7,6.62,0.0
20230304:0830,0.0,0.0,0.0,3.53,6.62,0.0
20230304:0930,0.0,0.0,0.0,2.19,6.48,0.0
20230304:1030,0.0,0.0,0.0,1.23,5.72,0.0
20230304:1130,0.0,0.0,-4.25,0.59,5.66,0.0
20230304:1230,28.4,18.26,7.22,0.37,5.59,0.0
20230304:1330,262.2,89.2,18.18,0.49,5.79,0.0
20230304:1430,611.4,183.58,28.18,0.86,5.93,0.0
20230304:1530,1483.04,418.6,36.56,1.33,5.52,0.0
20230304:1630,2337.68,662.54,42.34,2.64,5.52,0.0
20230304:1730,2964.44,855.4,44.48,3.83,5.17,0.0
20230304:1830,1657.16,476.53,42.47,5.1,4.9,0.0
20230304:1930,2189.88,629.16,36.8,4.9,4.55,0.0
20230304:2030,2129.68,614.51,28.5,5.69,4.28,0.0
20230304:2130,1475.84,435.32,18.54,6.08,4.0,0.0
20230304:2230,56.2,28.59,7.6,5.7,3.24,0.0
20230304:2330,0.0,0.0,-3.86,4.56,2.48,0.0
20230305:0030,0.0,0.0,0.0,3.41,2.14,0.0
20230305:0130,0.0,0.0,0.0,2.65,1.86,0.0
20230305:0230,0.0,0.0,0.0,2.12,1.79,0.0
20230305:0330,0.0,0.0,0.0,1.53,1.72,0.0
20230305:0430,0.0,0.0,0.0,1.1,1.72,0.0
20230305:0530,0.0,0.0,0.0,0.73,1.66,0.0
20230305:0630,0.0,0.0,0.0,0.39,1.66,0.0
20230305:0730,0.0,0.0,0.0,0.16,1.59,0.0
20230305:0830,0.0,0.0,0.0,-0.3,1.52,0.0
20230305:0930,0.0,0.0,0.0,-0.79,1.52,0.0
20230305:1030,0.0,0.0,0.0,-0.92,1.66,0.0
20230305:1130,0.0,0.0,-3.97,-0.84,1.79,0.0
20230305:1230,494.32,175.31,7.51,-0.25,2.0,0.0
20230305:1330,1528.04,447.23,18.49,1.66,1.93,0.0
20230305:1430,2421.2,706.02,28.52,4.45,2.76,0.0
20230305:1530,3064.88,909.23,36.92,5.96,3.38,0.0
20230305:1630,3415.92,1030.15,42.72,7.28,3.66,0.0
20230305:1730,3540.08,1079.58,44.87,8.35,3.66,0.0
20230305:1830,3276.08,994.54,42.83,9.13,3.52,0.0
20230305:1930,2997.32,904.95,37.11,9.76,3.38,0.0
20230305:2030,2366.68,706.53,28.77,9.97,3.03,0.0
20230305:2130,1441.36,435.03,18.77,9.67,2.76,0.0
20230305:2230,78.68,36.51,7.81,8.78,2.14,0.0
20230305:2330,0.0,0.0,-3.65,6.87,1.59,0.0
20230306:0030,0.0,0.0,0.0,5.51,1.45,0.0
20230306:0130,0.0,0.0,0.0,4.01,1.1,0.0
20230306:0230,0.0,0.0,0.0,3.99,0.69,0.0
20230306:0330,0.0,0.0,0.0,3.2,0.41,0.0
20230306:0430,0.0,0.0,0.0,2.11,0.48,0.0
20230306:0530,0.0,0.0,0.0,1.23,0.48,0.0
20230306:0630,0.0,0.0,0.0,0.21,0.55,0.0
20230306:0730,0.0,0.0,0.0,-0.09,0.9,0.0
20230306:0830,0.0,0.0,0.0,-1.21,1.24,0.0
20230306:0930,0.0,0.0,0.0,-1.4,1.52,0.0
20230306:1030,0.0,0.0,0.0,-1.5,1.38,0.0
20230306:1130,0.0,0.0,-3.68,-1.58,1.31,0.0
20230306:1230,488.68,172.5,7.8,-1.35,1.45,0.0
20230306:1330,1492.96,438.15,18.8,1.1,1.17,0.0
20230306:1430,2305.4,687.39,28.85,6.26,1.38,0.0
20230306:1530,2861.04,880.57,37.28,9.56,1.66,0.0
20230306:1630,3142.92,992.14,43.11,12.35,1.86,0.0
20230306:1730,3280.28,1042.32,45.25,14.44,2.48,0.0
20230306:1830,3175.08,1003.69,43.19,15.87,2.97,0.0
20230306:1930,2820.76,880.51,37.43,16.47,3.03,0.0
20230306:2030,2202.32,677.77,29.04,16.87,3.03,0.0
20230306:2130,1339.56,417.96,19.01,16.75,2.9,0.0
20230306:2230,63.32,32.18,8.03,15.66,1.93,0.0
20230306:2330,0.0,0.0,-3.45,13.31,1.79,0.0
20230307:0030,0.0,0.0,0.0,11.13,2.07,0.0
20230307:0130,0.0,0.0,0.0,9.42,2.28,0.0
20230307:0230,0.0,0.0,0.0,8.42,2.48,0.0
20230307:0330,0.0,0.0,0.0,9.0,3.17,0.0
20230307:0430,0.0,0.0,0.0,10.04,4.0,0.0
20230307:0530,0.0,0.0,0.0,9.58,4.21,0.0
20230307:0630,0.0,0.0,0.0,8.77,3.86,0.0
20230307:0730,0.0,0.0,0.0,7.45,2.41,0.0
20230307:0830,0.0,0.0,0.0,6.39,2.07,0.0
20230307:0930,0.0,0.0,0.0,5.64,2.21,0.0
20230307:1030,0.0,0.0,0.0,4.78,2.28,0.0
20230307:1130,0.0,0.0,-3.39,4.26,2.83,0.0
20230307:1230,260.52,100.03,8.1,3.33,3.1,0.0
20230307:1330,463.08,146.48,19.12,2.75,2.69,0.0
20230307:1430,722.92,215.4,29.19,2.24,3.66,0.0
20230307:1530,1174.96,338.37,37.65,2.07,3.66,0.0
20230307:1630,1104.12,319.53,43.5,2.37,4.0,0.0
20230307:1730,1800.16,510.53,45.64,2.39,4.21,0.0
20230307:1830,2846.84,822.55,43.55,2.92,4.21,0.0
20230307:1930,3104.12,903.6,37.74,4.1,4.41,0.0
20230307:2030,2501.0,719.62,29.3,4.64,4.69,0.0
20230307:2130,1587.2,463.09,19.24,4.44,4.69,0.0
20230307:2230,63.64,30.87,8.24,3.6,4.41,0.0
20230307:2330,0.0,0.0,-3.25,2.26,3.93,0.0
20230308:0030,0.0,0.0,0.0,0.85,3.79,0.0
20230308:0130,0.0,0.0,0.0,-0.11,3.79,0.0
20230308:0230,0.0,0.0,0.0,-1.12,3.79,0.0
20230308:0330,0.0,0.0,0.0,-1.98,3.72,0.0
20230308:0430,0.0,0.0,0.0,-2.77,3.45,0.0
20230308:0530,0.0,0.0,0.0,-3.4,3.38,0.0
20230308:0630,0.0,0.0,0.0,-3.82,3.38,0.0
20230308:0730,0.0,0.0,0.0,-4.13,3.24,0.0
20230308:0830,0.0,0.0,0.0,-4.35,3.1,0.0
20230308:0930,0.0,0.0,0.0,-4.46,2.97,0.0
20230308:1030,0.0,0.0,0.0,-4.46,2.9,0.0
20230308:1130,0.0,0.0,-3.1,-4.45,2.76,0.0
20230308:1230,548.24,187.65,8.4,-4.34,2.34,0.0
20230308:1330,1627.16,463.49,19.43,-3.33,2.41,0.0
20230308:1430,2542.92,722.62,29.53,-1.68,2.62,0.0
20230308:1530,3162.96,923.51,38.02,0.32,2.62,0.0
20230308:1630,3519.72,1051.45,43.89,2.27,2.76,0.0
20230308:1730,3538.4,1065.67,46.03,3.79,2.9,0.0
20230308:1830,2790.8,823.86,43.91,4.75,3.03,0.0
20230308:1930,2915.28,857.9,38.05,4.43,3.1,0.0
20230308:2030,2440.2,709.7,29.57,4.67,3.17,0.0
20230308:2130,1539.32,452.58,19.47,4.48,3.1,0.0
20230308:2230,65.92,31.66,8.45,3.72,2.83,0.0
20230308:2330,0.0,0.0,-3.05,2.04,2.21,0.0
20230309:0030,0.0,0.0,0.0,0.71,1.93,0.0
20230309:0130,0.0,0.0,0.0,0.09,1.79,0.0
20230309:0230,0.0,0.0,0.0,-0.43,1.66,0.0
20230309:0330,0.0,0.0,0.0,-0.98,1.45,0.0
20230309:0430,0.0,0.0,0.0,-1.86,1.1,0.0
20230309:0530,0.0,0.0,0.0,-2.55,0.76,0.0
20230309:0630,0.0,0.0,0.0,-2.22,0.55,0.0
20230309:0730,0.0,0.0,0.0,-1.9,0.48,0.0
20230309:0830,0.0,0.0,0.0,-1.99,0.41,0.0
20230309:0930,0.0,0.0,0.0,-2.13,0.48,0.0
20230309:1030,0.0,0.0,0.0,-2.59,0.69,0.0
20230309:1130,0.0,0.0,-2.81,-2.92,0.76,0.0
20230309:1230,546.16,188.85,8.7,-2.74,0.62,0.0
20230309:1330,1587.48,464.2,19.75,-0.91,0.55,0.0
20230309:1430,2429.24,718.7,29.87,1.76,0.69,0.0
20230309:1530,2995.12,915.58,38.39,4.31,0.9,0.0
20230309:1630,3343.8,1043.67,44.28,6.4,1.31,0.0
20230309:1730,3441.68,1082.52,46.42,7.9,1.59,0.0
20230309:1830,3186.24,996.82,44.27,8.88,1.52,0.0
20230309:1930,2936.6,905.84,38.36,9.17,1.59,0.0
20230309:2030,2312.84,698.8,29.84,9.4,1.59,0.0
20230309:2130,1438.56,436.67,19.7,9.09,1.52,0.0
20230309:2230,72.68,34.45,8.65,8.19,1.31,0.0
20230309:2330,0.0,0.0,-2.86,6.41,1.45,0.0
20230310:0030,0.0,0.0,0.0,4.67,1.17,0.0
20230310:0130,0.0,0.0,0.0,3.26,1.24,0.0
20230310:0230,0.0,0.0,0.0,2.21,1.52,0.0
20230310:0330,0.0,0.0,0.0,1.46,1.72,0.0
20230310:0430,0.0,0.0,0.0,1.48,2.14,0.0
20230310:0530,0.0,0.0,0.0,1.92,2.34,0.0
20230310:0630,0.0,0.0,0.0,2.26,2.55,0.0
20230310:0730,0.0,0.0,0.0,2.31,2.41,0.0
20230310:0830,0.0,0.0,0.0,2.53,2.55,0.0
20230310:0930,0.0,0.0,0.0,2.66,2.55,0.0
20230310:1030,0.0,0.0,0.0,1.68,2.69,0.0
20230310:1130,0.0,0.0,-2.51,1.45,2.76,0.0
20230310:1230,54.36,28.27,9.01,1.29,2.83,0.0
20230310:1330,256.48,88.14,20.07,1.58,2.76,0.0
20230310:1430,245.92,84.86,30.22,1.71,2.9,0.0
20230310:1530,358.72,116.59,38.76,2.14,2.69,0.0
20230310:1630,425.84,135.91,44.68,2.85,3.31,0.0
20230310:1730,615.2,188.17,46.82,3.66,2.83,0.0
20230310:1830,1172.0,341.02,44.62,4.44,3.38,0.0
20230310:1930,1346.28,390.29,38.67,5.54,3.45,0.0
20230310:2030,1447.32,415.44,30.1,4.62,4.0,0.0
20230310:2130,874.04,259.92,19.93,3.46,4.55,0.0
20230310:2230,60.04,29.47,8.86,1.81,4.48,0.0
20230310:2330,0.0,0.0,-2.66,0.77,4.14,0.0
20230311:0030,0.0,0.0,0.0,0.17,3.86,0.0
20230311:0130,0.0,0.0,0.0,-0.3,3.93,0.0
20230311:0230,0.0,0.0,0.0,-0.67,3.72,0.0
20230311:0330,0.0,0.0,0.0,-1.1,3.72,0.0
20230311:0430,0.0,0.0,0.0,-1.7,4.9,0.0
20230311:0530,0.0,0.0,0.0,-2.25,4.48,0.0
20230311:0630,0.0,0.0,0.0,-2.69,4.34,0.0
20230311:0730,0.0,0.0,0.0,-2.82,4.41,0.0
20230311:0830,0.0,0.0,0.0,-3.08,4.14,0.0
20230311:0930,0.0,0.0,0.0,-3.21,4.07,0.0
20230311:1030,0.0,0.0,0.0,-3.41,4.41,0.0
20230311:1130,0.0,0.0,-2.21,-3.62,4.0,0.0
20230311:1230,234.56,84.55,9.31,-3.68,3.93,0.0
20230311:1330,662.8,196.02,20.39,-3.27,4.0,0.0
20230311:1430,1020.84,290.34,30.56,-2.72,4.0,0.0
20230311:1530,1230.24,348.23,39.13,-2.17,3.79,0.0
20230311:1630,1772.68,498.29,45.07,-1.6,3.52,0.0
20230311:1730,1988.6,561.8,47.21,-0.86,3.31,0.0
20230311:1830,1581.48,448.32,44.98,-0.31,3.17,0.0
20230311:1930,1558.08,440.54,38.97,-0.62,2.9,0.0
20230311:2030,957.72,276.7,30.36,-0.37,2.83,0.0
20230311:2130,631.12,190.33,20.16,-0.58,2.48,0.0
20230311:2230,86.6,37.73,9.07,-0.77,2.34,0.0
20230311:2330,0.0,0.0,-2.46,-1.23,2.07,0.0
20230312:0030,0.0,0.0,0.0,-1.74,1.72,0.0
20230312:0130,0.0,0.0,0.0,-1.9,1.45,0.0
20230312:0230,0.0,0.0,0.0,-2.4,0.83,0.0
20230312:0330,0.0,0.0,0.0,-2.88,0.48,0.0
20230312:0430,0.0,0.0,0.0,-3.3,0.55,0.0
20230312:0530,0.0,0.0,0.0,-2.89,0.41,0.0
20230312:0630,0.0,0.0,0.0,-3.17,0.55,0.0
20230312:0730,0.0,0.0,0.0,-2.62,1.38,0.0
20230312:0830,0.0,0.0,0.0,-2.45,1.66,0.0
20230312:0930,0.0,0.0,0.0,-2.2,1.66,0.0
20230312:1030,0.0,0.0,0.0,-2.06,1.72,0.0
20230312:1130,0.0,0.0,-1.92,-1.84,1.86,0.0
20230312:1230,61.12,29.48,9.62,-1.64,1.86,0.0
20230312:1330,160.16,59.77,20.71,-1.27,1.79,0.0
20230312:1430,614.04,183.46,30.91,-1.05,1.93,0.0
20230312:1530,1163.76,332.77,39.51,-0.15,2.07,0.0
20230312:1630,865.6,253.75,45.47,0.87,2.34,0.0
20230312:1730,627.52,189.22,47.6,0.86,2.62,0.0
20230312:1830,410.28,130.44,45.34,0.54,2.62,0.0
20230312:1930,451.32,140.5,39.28,0.01,2.55,0.0
20230312:2030,257.68,87.74,30.62,0.02,2.62,0.0
20230312:2130,178.08,65.22,20.39,-0.2,2.21,0.0
20230312:2230,40.96,22.78,9.27,-0.35,2.0,0.0
20230312:2330,0.0,0.0,-2.26,-0.58,1.79,0.0
20230313:0030,0.0,0.0,0.0,-0.83,1.66,0.0
20230313:0130,0.0,0.0,0.0,-1.15,1.52,0.0
20230313:0230,0.0,0.0,0.0,-1.11,1.31,0.0
20230313:0330,0.0,0.0,0.0,-1.07,1.24,0.0
20230313:0430,0.0,0.0,0.0,-0.89,1.17,0.0
20230313:0530,0.0,0.0,0.0,-0.77,1.03,0.0
20230313:0630,0.0,0.0,0.0,-0.69,1.03,0.0
20230313:0730,0.0,0.0,0.0,-0.6,1.03,0.0
20230313:0830,0.0,0.0,0.0,-0.43,1.1,0.0
20230313:0930,0.0,0.0,0.0,-0.29,1.45,0.0
20230313:1030,0.0,0.0,0.0,-0.33,1.59,0.0
20230313:1130,0.0,0.0,-1.61,-0.56,1.72,0.0
20230313:1230,184.32,70.38,9.92,-0.88,1.93,0.0
20230313:1330,482.04,149.48,21.03,-0.83,2.34,0.0
20230313:1430,814.28,238.77,31.25,-0.52,2.55,0.0
20230313:1530,960.36,278.59,39.88,-0.1,2.69,0.0
20230313:1630,1191.0,341.68,45.87,0.22,2.69,0.0
20230313:1730,1432.36,409.46,48.0,0.72,3.03,0.0
20230313:1830,2207.56,628.76,45.7,1.18,3.24,0.0
20230313:1930,1669.12,473.79,39.59,1.73,3.79,0.0
20230313:2030,1244.88,355.9,30.88,1.36,3.38,0.0
20230313:2130,1341.88,388.77,20.61,0.91,3.1,0.0
20230313:2230,88.12,38.39,9.48,0.58,3.03,0.0
20230313:2330,0.0,0.0,-2.07,-0.46,2.9,0.0
20230314:0030,0.0,0.0,0.0,-1.79,3.52,0.0
20230314:0130,0.0,0.0,0.0,-2.75,3.45,0.0
20230314:0230,0.0,0.0,0.0,-3.74,3.38,0.0
20230314:0330,0.0,0.0,0.0,-4.39,3.24,0.0
20230314:0430,0.0,0.0,0.0,-4.73,3.17,0.0
20230314:0530,0.0,0.0,0.0,-4.84,3.86,0.0
20230314:0630,0.0,0.0,0.0,-4.88,3.66,0.0
20230314:0730,0.0,0.0,0.0,-4.97,3.86,0.0
20230314:0830,0.0,0.0,0.0,-4.88,4.07,0.0
20230314:0930,0.0,0.0,0.0,-5.12,3.59,0.0
20230314:1030,0.0,0.0,0.0,-5.31,3.38,0.0
20230314:1130,0.0,0.0,-1.31,-5.52,3.24,0.0
20230314:1230,288.36,103.17,10.23,-5.59,3.17,0.0
20230314:1330,937.16,267.1,21.36,-5.27,4.0,0.0
20230314:1430,1649.16,451.96,31.6,-4.9,5.03,0.0
20230314:1530,1855.2,508.65,40.26,-4.46,5.24,0.0
20230314:1630,2197.16,602.57,46.26,-4.16,5.31,0.0
20230314:1730,2256.2,619.96,48.39,-4.07,5.31,0.0
20230314:1830,1896.04,520.45,46.05,-4.04,5.1,0.0
20230314:1930,1586.32,435.68,39.89,-4.39,5.1,0.0
20230314:2030,1026.24,288.33,31.14,-4.45,5.1,0.0
20230314:2130,569.0,169.83,20.84,-4.63,5.1,0.0
20230314:2230,106.88,43.29,9.68,-4.92,5.03,0.0
20230314:2330,0.0,0.0,-1.87,-5.22,4.9,0.0
20230315:0030,0.0,0.0,0.0,-5.49,4.97,0.0
20230315:0130,0.0,0.0,0.0,-5.64,4.69,0.0
20230315:0230,0.0,0.0,0.0,-5.81,4.76,0.0
20230315:0330,0.0,0.0,0.0,-6.03,4.9,0.0
20230315:0430,0.0,0.0,0.0,-6.06,4.69,0.0
20230315:0530,0.0,0.0,0.0,-6.04,4.76,0.0
20230315:0630,0.0,0.0,0.0,-6.03,4.69,0.0
20230315:0730,0.0,0.0,0.0,-6.05,4.41,0.0
20230315:0830,0.0,0.0,0.0,-6.12,4.28,0.0
20230315:0930,0.0,0.0,0.0,-6.38,4.07,0.0
20230315:1030,0.0,0.0,0.0,-6.68,3.86,0.0
20230315:1130,0.0,0.0,-1.01,-6.95,3.86,0.0
20230315:1230,543.84,177.63,10.54,-7.06,3.45,0.0
20230315:1330,1677.88,466.3,21.68,-6.5,3.86,0.0
20230315:1430,2684.32,744.26,31.95,-5.15,3.86,0.0
20230315:1530,3403.76,968.48,40.64,-3.51,3.79,0.0
20230315:1630,3763.88,1094.7,46.66,-1.78,3.79,0.0
20230315:1730,3844.48,1132.46,48.78,-0.2,3.72,0.0
20230315:1830,3666.76,1079.51,46.41,1.05,3.72,0.0
20230315:1930,3236.92,942.88,40.19,1.7,3.59,0.0
20230315:2030,2553.0,733.33,31.39,2.14,3.52,0.0
20230315:2130,1621.04,471.01,21.06,2.11,3.38,0.0
20230315:2230,83.96,37.21,9.88,1.49,3.03,0.0
20230315:2330,0.0,0.0,-1.68,-0.2,2.62,0.0
20230316:0030,0.0,0.0,0.0,-1.86,2.34,0.0
20230316:0130,0.0,0.0,0.0,-2.79,1.93,0.0
20230316:0230,0.0,0.0,0.0,-3.85,1.86,0.0
20230316:0330,0.0,0.0,0.0,-5.11,1.79,0.0
20230316:0430,0.0,0.0,0.0,-5.55,1.66,0.0
20230316:0530,0.0,0.0,0.0,-5.33,1.45,0.0
20230316:0630,0.0,0.0,0.0,-5.6,1.38,0.0
20230316:0730,0.0,0.0,0.0,-4.26,1.38,0.0
20230316:0830,0.0,0.0,0.0,-4.04,1.31,0.0
20230316:0930,0.0,0.0,0.0,-3.91,1.24,0.0
20230316:1030,0.0,0.0,0.0,-2.95,1.03,0.0
20230316:1130,0.0,0.0,-0.7,-3.5,1.1,0.0
20230316:1230,545.92,183.43,10.85,-3.87,1.24,0.0
20230316:1330,1665.96,487.71,22.01,0.67,1.03,0.0
20230316:1430,2474.04,734.05,32.3,3.33,1.1,0.0
20230316:1530,3068.4,936.9,41.01,5.84,1.52,0.0
20230316:1630,3412.64,1059.84,47.06,7.05,1.86,0.0
20230316:1730,3470.68,1088.42,49.18,8.07,1.86,0.0
20230316:1830,3380.28,1056.6,46.77,9.04,2.0,0.0
20230316:1930,2940.4,900.18,40.5,10.07,2.41,0.0
20230316:2030,2243.68,672.84,31.65,10.05,2.48,0.0
20230316:2130,1353.52,408.66,21.28,8.18,1.72,0.0
20230316:2230,105.28,44.77,10.09,6.68,1.38,0.0
20230316:2330,0.0,0.0,-1.49,6.24,1.72,0.0
20230317:0030,0.0,0.0,0.0,4.93,2.07,0.0
20230317:0130,0.0,0.0,0.0,3.84,2.21,0.0
20230317:0230,0.0,0.0,0.0,3.37,2.28,0.0
20230317:0330,0.0,0.0,0.0,3.55,2.28,0.0
20230317:0430,0.0,0.0,0.0,2.65,2.28,0.0
20230317:0530,0.0,0.0,0.0,3.0,2.14,0.0
20230317:0630,0.0,0.0,0.0,3.55,2.14,0.0
20230317:0730,0.0,0.0,0.0,4.52,2.41,0.0
20230317:0830,0.0,0.0,0.0,4.91,2.48,0.0
20230317:0930,0.0,0.0,0.0,5.03,2.41,0.0
20230317:1030,0.0,0.0,0.0,4.94,2.48,0.0
20230317:1130,0.0,0.0,-0.4,4.71,2.48,0.0
20230317:1230,70.44,33.28,11.17,4.89,2.41,0.0
20230317:1330,111.44,46.39,22.34,5.11,2.62,0.0
20230317:1430,367.76,120.98,32.65,5.32,2.62,0.0
20230317:1530,227.12,80.89,41.39,5.12,2.97,0.0
20230317:1630,357.96,118.19,47.46,6.02,3.17,0.0
20230317:1730,258.08,90.44,49.57,6.91,3.31,0.0
20230317:1830,410.72,133.91,47.12,7.41,3.52,0.0
20230317:1930,460.4,149.31,40.8,9.02,3.38,0.0
20230317:2030,435.36,142.23,31.9,9.25,2.97,0.0
20230317:2130,483.36,156.41,21.5,9.5,2.97,0.0
20230317:2230,16.24,13.9,10.28,9.14,3.59,0.0
20230317:2330,0.0,0.0,-1.29,7.33,3.1,0.0
20230318:0030,0.0,0.0,0.0,3.48,3.38,0.0
20230318:0130,0.0,0.0,0.0,2.47,3.17,0.0
20230318:0230,0.0,0.0,0.0,0.26,3.17,0.0
20230318:0330,0.0,0.0,0.0,-0.37,3.31,0.0
20230318:0430,0.0,0.0,0.0,-0.94,3.24,0.0
20230318:0530,0.0,0.0,0.0,-1.55,3.1,0.0
20230318:0630,0.0,0.0,0.0,-1.96,3.03,0.0
20230318:0730,0.0,0.0,0.0,-2.45,3.31,0.0
20230318:0830,0.0,0.0,0.0,-2.89,3.66,0.0
20230318:0930,0.0,0.0,0.0,-3.29,3.86,0.0
20230318:1030,0.0,0.0,0.0,-3.6,3.86,0.0
20230318:1130,0.0,0.0,-0.09,-3.84,3.86,0.0
20230318:1230,380.12,128.0,11.48,-3.92,3.79,0.0
20230318:1330,975.96,279.62,22.66,-3.36,3.86,0.0
20230318:1430,1960.44,547.03,33.0,-2.5,3.79,0.0
20230318:1530,2766.48,784.9,41.77,-1.19,3.86,0.0
20230318:1630,3016.32,867.79,47.86,0.23,4.07,0.0
20230318:1730,2801.4,805.26,49.97,1.27,4.14,0.0
20230318:1830,3467.76,1004.55,47.47,1.9,5.1,0.0
20230318:1930,2815.64,804.6,41.09,3.12,5.66,0.0
20230318:2030,2140.28,606.63,32.15,2.87,5.38,0.0
20230318:2130,1187.32,345.1,21.72,2.31,5.24,0.0
20230318:2230,114.48,46.61,10.48,1.16,4.55,0.0
20230318:2330,0.0,0.0,-1.1,-0.05,3.79,0.0
20230319:0030,0.0,0.0,0.0,-1.34,3.59,0.0
20230319:0130,0.0,0.0,0.0,-2.28,3.86,0.0
20230319:0230,0.0,0.0,0.0,-3.38,3.93,0.0
20230319:0330,0.0,0.0,0.0,-4.51,4.0,0.0
20230319:0430,0.0,0.0,0.0,-5.42,3.93,0.0
20230319:0530,0.0,0.0,0.0,-6.24,4.07,0.0
20230319:0630,0.0,0.0,0.0,-6.79,4.34,0.0
20230319:0730,0.0,0.0,0.0,-8.23,4.21,0.0
20230319:0830,0.0,0.0,0.0,-8.72,4.21,0.0
20230319:0930,0.0,0.0,0.0,-9.07,4.21,0.0
20230319:1030,0.0,0.0,0.0,-9.22,4.14,0.0
20230319:1130,4.16,7.74,0.22,-9.15,4.28,0.0
20230319:1230,721.12,230.02,11.79,-9.3,4.0,0.0
20230319:1330,1796.72,493.77,22.99,-8.58,4.0,0.0
20230319:1430,2588.04,708.26,33.35,-7.32,4.07,0.0
20230319:1530,3152.68,878.95,42.15,-6.05,4.0,0.0
20230319:1630,3609.16,1027.66,48.26,-4.72,4.0,0.0
20230319:1730,3723.32,1070.3,50.36,-3.51,3.93,0.0
20230319:1830,3585.92,1031.53,47.83,-2.58,3.93,0.0
20230319:1930,3227.04,916.82,41.39,-2.61,3.86,0.0
20230319:2030,2617.2,734.87,32.4,-2.25,3.86,0.0
20230319:2130,1668.28,474.36,21.93,-2.27,3.79,0.0
20230319:2230,92.64,39.31,10.68,-2.81,3.38,0.0
20230319:2330,0.0,0.0,-0.91,-3.76,2.83,0.0
20230320:0030,0.0,0.0,0.0,-4.67,2.48,0.0
20230320:0130,0.0,0.0,0.0,-4.94,2.28,0.0
20230320:0230,0.0,0.0,0.0,-5.2,2.0,0.0
20230320:0330,0.0,0.0,0.0,-5.46,2.14,0.0
20230320:0430,0.0,0.0,0.0,-5.76,1.93,0.0
20230320:0530,0.0,0.0,0.0,-6.01,1.72,0.0
20230320:0630,0.0,0.0,0.0,-6.22,1.52,0.0
20230320:0730,0.0,0.0,0.0,-6.88,1.38,0.0
20230320:0830,0.0,0.0,0.0,-7.12,1.24,0.0
20230320:0930,0.0,0.0,0.0,-7.32,1.17,0.0
20230320:1030,0.0,0.0,0.0,-7.47,1.1,0.0
20230320:1130,5.04,8.22,0.53,-7.58,1.1,0.0
20230320:1230,717.24,232.74,12.11,-7.21,0.97,0.0
20230320:1330,1793.0,511.2,23.32,-4.77,1.17,0.0
20230320:1430,2646.88,765.18,33.7,-2.25,1.31,0.0
20230320:1530,3219.36,963.05,42.53,0.26,1.38,0.0
20230320:1630,3526.76,1085.96,48.66,2.49,1.38,0.0
20230320:1730,3612.04,1123.29,50.76,4.24,1.59,0.0
20230320:1830,3466.52,1072.78,48.18,5.4,1.72,0.0
20230320:1930,3077.12,938.2,41.69,6.25,1.72,0.0
20230320:2030,2453.08,731.75,32.65,6.47,1.79,0.0
20230320:2130,1580.24,472.55,22.15,6.16,1.93,0.0
20230320:2230,88.16,39.09,10.88,5.13,1.72,0.0
20230320:2330,0.0,0.0,-0.72,2.9,1.52,0.0
20230321:0030,0.0,0.0,0.0,0.94,1.24,0.0
20230321:0130,0.0,0.0,0.0,-0.67,1.31,0.0
20230321:0230,0.0,0.0,0.0,-1.95,1.31,0.0
20230321:0330,0.0,0.0,0.0,-2.91,1.17,0.0
20230321:0430,0.0,0.0,0.0,-3.52,1.1,0.0
20230321:0530,0.0,0.0,0.0,-3.79,1.24,0.0
20230321:0630,0.0,0.0,0.0,-3.72,1.38,0.0
20230321:0730,0.0,0.0,0.0,-3.42,1.45,0.0
20230321:0830,0.0,0.0,0.0,-3.58,1.38,0.0
20230321:0930,0.0,0.0,0.0,-3.74,1.31,0.0
20230321:1030,0.0,0.0,0.0,-3.84,1.24,0.0
20230321:1130,6.36,8.96,0.84,-3.92,1.24,0.0
20230321:1230,739.72,243.2,12.42,-3.2,1.03,0.0
20230321:1330,1768.04,522.19,23.64,1.1,0.48,0.0
20230321:1430,2505.24,755.58,34.05,5.39,0.9,0.0
20230321:1530,2981.28,919.9,42.91,7.34,1.31,0.0
20230321:1630,3314.0,1051.33,49.06,8.72,1.24,0.0
20230321:1730,3233.68,1034.26,51.15,10.0,1.1,0.0
20230321:1830,3167.6,1013.0,48.53,10.94,1.1,0.0
20230321:1930,2832.48,890.17,41.98,11.78,1.24,0.0
20230321:2030,1977.2,604.48,32.89,12.08,1.31,0.0
20230321:2130,1232.12,379.94,22.36,11.79,1.31,0.0
20230321:2230,95.32,42.28,11.07,10.73,0.76,0.0
20230321:2330,0.0,0.0,-0.53,8.84,0.62,0.0
20230322:0030,0.0,0.0,0.0,5.83,1.59,0.0
20230322:0130,0.0,0.0,0.0,3.3,2.0,0.0
20230322:0230,0.0,0.0,0.0,1.9,2.0,0.0
20230322:0330,0.0,0.0,0.0,2.32,2.14,0.0
20230322:0430,0.0,0.0,0.0,2.81,2.21,0.0
20230322:0530,0.0,0.0,0.0,2.97,2.28,0.0
20230322:0630,0.0,0.0,0.0,3.15,2.41,0.0
20230322:0730,0.0,0.0,0.0,4.1,2.55,0.0
20230322:0830,0.0,0.0,0.0,3.97,2.34,0.0
20230322:0930,0.0,0.0,0.0,3.37,1.86,0.0
20230322:1030,0.0,0.0,0.0,2.96,1.79,0.0
20230322:1130,1.6,6.56,1.14,2.83,1.79,0.0
20230322:1230,129.48,52.19,12.73,2.77,1.52,0.0
20230322:1330,632.92,194.31,23.97,3.24,1.1,0.0
20230322:1430,1038.0,307.97,34.4,5.45,0.97,0.0
20230322:1530,693.08,213.26,43.28,7.51,1.59,0.0
20230322:1630,1118.24,332.66,49.47,7.93,1.86,0.0
20230322:1730,1011.24,303.08,51.55,8.86,2.34,0.0
20230322:1830,1250.88,372.92,48.88,8.97,2.34,0.0
20230322:1930,536.4,170.26,42.27,10.96,2.69,0.0
20230322:2030,544.64,171.91,33.14,9.79,1.79,0.0
20230322:2130,160.56,62.4,22.57,9.26,1.66,0.0
20230322:2230,36.88,21.99,11.27,8.38,1.59,0.0
20230322:2330,0.0,0.0,-0.34,7.55,1.72,0.0
20230323:0030,0.0,0.0,0.0,6.72,1.86,0.0
20230323:0130,0.0,0.0,0.0,6.62,1.93,0.0
20230323:0230,0.0,0.0,0.0,6.01,1.93,0.0
20230323:0330,0.0,0.0,0.0,5.85,1.72,0.0
20230323:0430,0.0,0.0,0.0,5.91,1.66,0.0
20230323:0530,0.0,0.0,0.0,6.13,1.86,0.0
20230323:0630,0.0,0.0,0.0,6.82,2.21,0.0
20230323:0730,0.0,0.0,0.0,7.46,2.55,0.0
20230323:0830,0.0,0.0,0.0,7.82,2.9,0.0
20230323:0930,0.0,0.0,0.0,8.64,3.17,0.0
20230323:1030,0.0,0.0,0.0,9.19,3.1,0.0
20230323:1130,5.64,8.96,1.45,9.77,3.38,0.0
20230323:1230,241.44,90.98,13.05,10.56,3.93,0.0
20230323:1330,727.48,227.12,24.3,11.85,4.07,0.0
20230323:1430,813.28,251.33,34.75,12.97,3.66,0.0
20230323:1530,1571.12,471.45,43.66,13.31,3.66,0.0
20230323:1630,1747.24,524.95,49.87,14.22,3.93,0.0
20230323:1730,2451.88,736.02,51.94,15.06,5.59,0.0
20230323:1830,2870.6,873.83,49.23,16.35,5.79,0.0
20230323:1930,2218.52,676.38,42.56,18.91,5.59,0.0
20230323:2030,1230.24,379.35,33.38,19.24,5.24,0.0
20230323:2130,842.72,269.11,22.78,18.72,4.34,0.0
20230323:2230,125.4,53.25,11.46,17.92,4.07,0.0
20230323:2330,0.0,0.0,-0.15,16.72,3.79,0.0
20230324:0030,0.0,0.0,0.0,15.18,3.66,0.0
20230324:0130,0.0,0.0,0.0,14.26,3.66,0.0
20230324:0230,0.0,0.0,0.0,13.67,3.66,0.0
20230324:0330,0.0,0.0,0.0,13.41,3.45,0.0
20230324:0430,0.0,0.0,0.0,13.0,2.55,0.0
20230324:0530,0.0,0.0,0.0,12.3,1.17,0.0
20230324:0630,0.0,0.0,0.0,11.5,0.62,0.0
20230324:0730,0.0,0.0,0.0,11.47,0.34,0.0
20230324:0830,0.0,0.0,0.0,11.05,0.34,0.0
20230324:0930,0.0,0.0,0.0,10.58,0.76,0.0
20230324:1030,0.0,0.0,0.0,10.41,0.9,0.0
20230324:1130,0.0,2.49,1.76,10.35,1.1,0.0
20230324:1230,21.16,16.09,13.36,10.25,1.79,0.0
20230324:1330,45.84,25.36,24.63,9.5,0.9,0.0
20230324:1430,88.16,39.68,35.1,8.97,0.55,0.0
20230324:1530,303.8,104.71,44.04,8.95,0.83,0.0
20230324:1630,523.8,167.61,50.27,9.69,0.97,0.0
20230324:1730,317.64,109.58,52.33,10.69,1.1,0.0
20230324:1830,446.12,146.36,49.57,10.96,1.03,0.0
20230324:1930,105.76,45.85,42.85,12.01,1.03,0.0
20230324:2030,99.36,43.71,33.62,11.53,0.69,0.0
20230324:2130,154.6,61.16,22.99,11.32,0.76,0.0
20230324:2230,49.12,26.71,11.65,11.35,0.83,0.0
20230324:2330,0.0,3.8,0.04,10.94,0.69,0.0
20230325:0030,0.0,0.0,0.0,9.85,1.1,0.0
20230325:0130,0.0,0.0,0.0,9.52,1.72,0.0
20230325:0230,0.0,0.0,0.0,8.8,2.21,0.0
20230325:0330,0.0,0.0,0.0,7.8,2.21,0.0
20230325:0430,0.0,0.0,0.0,7.18,2.41,0.0
20230325:0530,0.0,0.0,0.0,6.72,2.55,0.0
20230325:0630,0.0,0.0,0.0,6.54,2.83,0.0
20230325:0730,0.0,0.0,0.0,6.68,3.1,0.0
20230325:0830,0.0,0.0,0.0,6.7,3.38,0.0
20230325:0930,0.0,0.0,0.0,6.69,3.38,0.0
20230325:1030,0.0,0.0,0.0,6.43,2.83,0.0
20230325:1130,0.0,2.05,2.07,6.2,2.48,0.0
20230325:1230,19.24,15.02,13.67,6.12,2.97,0.0
20230325:1330,179.76,67.4,24.95,6.5,2.97,0.0
20230325:1430,608.04,189.02,35.45,7.82,2.76,0.0
20230325:1530,1152.36,343.94,44.42,9.91,2.69,0.0
20230325:1630,1828.04,543.93,50.67,12.42,3.72,0.0
20230325:1730,2654.76,813.48,52.72,15.29,4.07,0.0
20230325:1830,2399.16,730.98,49.92,17.88,5.79,0.0
20230325:1930,2436.16,738.52,43.14,17.87,6.34,0.0
20230325:2030,1933.08,583.92,33.86,18.06,6.9,0.0
20230325:2130,1107.0,345.82,23.2,17.69,5.79,0.0
20230325:2230,88.4,40.84,11.84,16.56,5.38,0.0
20230325:2330,1.28,6.56,0.22,15.04,5.52,0.0
20230326:0030,0.0,0.0,0.0,13.21,5.1,0.0
20230326:0130,0.0,0.0,0.0,11.48,4.83,0.0
20230326:0230,0.0,0.0,0.0,9.98,4.62,0.0
20230326:0330,0.0,0.0,0.0,8.55,4.41,0.0
20230326:0430,0.0,0.0,0.0,7.26,4.21,0.0
20230326:0530,0.0,0.0,0.0,6.11,3.93,0.0
20230326:0630,0.0,0.0,0.0,5.04,3.66,0.0
20230326:0730,0.0,0.0,0.0,4.84,3.72,0.0
20230326:0830,0.0,0.0,0.0,3.79,3.52,0.0
20230326:0930,0.0,0.0,0.0,2.86,3.24,0.0
20230326:1030,0.0,0.0,0.0,2.05,2.9,0.0
20230326:1130,14.16,12.68,2.38,1.39,2.48,0.0
20230326:1230,747.36,247.6,13.99,1.34,1.86,0.0
20230326:1330,1784.64,520.89,25.28,2.75,2.34,0.0
20230326:1430,2618.64,768.67,35.79,4.81,2.76,0.0
20230326:1530,3179.28,959.79,44.79,7.02,2.83,0.0
20230326:1630,3484.92,1076.59,51.07,9.0,2.9,0.0
20230326:1730,3548.48,1109.9,53.11,10.65,2.9,0.0
20230326:1830,3386.36,1058.08,50.26,11.85,2.9,0.0
20230326:1930,2984.04,923.4,43.42,13.06,2.83,0.0
20230326:2030,2356.48,718.22,34.09,13.34,2.69,0.0
20230326:2130,1502.56,463.18,23.4,13.19,2.48,0.0
20230326:2230,92.56,41.62,12.03,12.51,2.07,0.0
20230326:2330,2.16,7.04,0.41,10.78,1.45,0.0
20230327:0030,0.0,0.0,0.0,9.05,1.1,0.0
20230327:0130,0.0,0.0,0.0,8.5,0.34,0.0
20230327:0230,0.0,0.0,0.0,7.1,0.34,0.0
20230327:0330,0.0,0.0,0.0,4.86,0.97,0.0
20230327:0430,0.0,0.0,0.0,4.16,1.24,0.0
20230327:0530,0.0,0.0,0.0,4.6,1.38,0.0
20230327:0630,0.0,0.0,0.0,4.59,1.38,0.0
20230327:0730,0.0,0.0,0.0,4.61,1.72,0.0
20230327:0830,0.0,0.0,0.0,4.11,1.66,0.0
20230327:0930,0.0,0.0,0.0,3.68,1.66,0.0
20230327:1030,0.0,0.0,0.0,3.3,1.79,0.0
20230327:1130,18.6,14.6,2.69,3.01,1.79,0.0
20230327:1230,501.28,170.45,14.3,3.39,1.52,0.0
20230327:1330,285.44,98.41,25.6,6.51,1.1,0.0
20230327:1430,1510.6,447.13,36.14,7.99,1.38,0.0
20230327:1530,2297.28,697.12,45.17,11.29,1.86,0.0
20230327:1630,2037.92,618.13,51.46,13.67,2.41,0.0
20230327:1730,2148.08,655.87,53.5,14.58,2.83,0.0
20230327:1830,2205.64,663.94,50.6,14.13,4.14,0.0
20230327:1930,1857.72,557.08,43.7,14.65,4.07,0.0
20230327:2030,2156.92,651.01,34.33,14.18,3.72,0.0
20230327:2130,1368.72,419.99,23.61,13.61,3.79,0.0
20230327:2230,437.0,164.1,12.22,12.3,3.86,0.0
20230327:2330,2.0,6.95,0.6,10.5,3.45,0.0
20230328:0030,0.0,0.0,0.0,8.63,2.76,0.0
20230328:0130,0.0,0.0,0.0,7.64,2.55,0.0
20230328:0230,0.0,0.0,0.0,6.71,2.21,0.0
20230328:0330,0.0,0.0,0.0,6.2,2.07,0.0
20230328:0430,0.0,0.0,0.0,5.52,2.07,0.0
20230328:0530,0.0,0.0,0.0,4.79,2.07,0.0
20230328:0630,0.0,0.0,0.0,4.11,2.28,0.0
20230328:0730,0.0,0.0,0.0,4.67,1.79,0.0
20230328:0830,0.0,0.0,0.0,4.0,2.69,0.0
20230328:0930,0.0,0.0,0.0,3.48,2.76,0.0
20230328:1030,0.0,0.0,0.0,2.76,2.83,0.0
20230328:1130,15.56,13.29,3.0,2.08,2.34,0.0
20230328:1230,319.64,111.07,14.61,1.84,2.62,0.0
20230328:1330,831.44,247.41,25.93,2.33,2.48,0.0
20230328:1430,944.52,277.63,36.49,3.17,2.0,0.0
20230328:1530,1971.92,574.25,45.54,3.79,1.45,0.0
20230328:1630,2667.12,804.22,51.86,5.31,1.38,0.0
20230328:1730,3362.24,1053.76,53.89,7.09,1.45,0.0
20230328:1830,2383.0,721.08,50.94,8.4,1.59,0.0
20230328:1930,2654.56,809.23,43.98,8.39,1.52,0.0
20230328:2030,1654.4,493.27,34.56,9.28,1.66,0.0
20230328:2130,963.8,294.72,23.81,8.95,1.93,0.0
20230328:2230,178.12,71.3,12.41,8.17,2.28,0.0
20230328:2330,1.36,6.47,0.78,6.8,2.21,0.0
20230329:0030,0.0,0.0,0.0,5.41,1.93,0.0
20230329:0130,0.0,0.0,0.0,4.25,1.38,0.0
20230329:0230,0.0,0.0,0.0,3.41,1.17,0.0
20230329:0330,0.0,0.0,0.0,2.78,0.97,0.0
20230329:0430,0.0,0.0,0.0,2.3,0.62,0.0
20230329:0530,0.0,0.0,0.0,1.77,0.41,0.0
20230329:0630,0.0,0.0,0.0,0.95,0.62,0.0
20230329:0730,0.0,0.0,0.0,-0.04,1.1,0.0
20230329:0830,0.0,0.0,0.0,-0.91,1.17,0.0
20230329:0930,0.0,0.0,0.0,-1.44,0.83,0.0
20230329:1030,0.0,0.0,0.0,-1.89,0.83,0.0
20230329:1130,20.56,15.13,3.31,-2.41,0.9,0.0
20230329:1230,785.04,256.05,14.92,-1.51,0.69,0.0
20230329:1330,1793.72,526.14,26.25,1.23,0.97,0.0
20230329:1430,2620.92,774.03,36.83,2.99,1.59,0.0
20230329:1530,3180.32,964.79,45.91,4.69,1.79,0.0
20230329:1630,3483.48,1084.31,52.26,6.25,1.72,0.0
20230329:1730,3494.72,1091.78,54.28,7.64,2.0,0.0
20230329:1830,2989.76,912.2,51.28,8.59,2.55,0.0
20230329:1930,2356.08,696.09,44.26,9.17,3.86,0.0
20230329:2030,1436.48,423.26,34.79,8.95,4.07,0.0
20230329:2130,1279.64,382.92,24.01,8.45,4.41,0.0
20230329:2230,374.0,134.86,12.59,7.98,4.14,0.0
20230329:2330,5.6,8.88,0.97,6.91,3.52,0.0
20230330:0030,0.0,0.0,0.0,5.57,3.17,0.0
20230330:0130,0.0,0.0,0.0,4.55,2.9,0.0
20230330:0230,0.0,0.0,0.0,3.76,2.69,0.0
20230330:0330,0.0,0.0,0.0,2.85,2.62,0.0
20230330:0430,0.0,0.0,0.0,1.48,2.48,0.0
20230330:0530,0.0,0.0,0.0,0.32,2.21,0.0
20230330:0630,0.0,0.0,0.0,-0.58,2.0,0.0
20230330:0730,0.0,0.0,0.0,-0.46,2.0,0.0
20230330:0830,0.0,0.0,0.0,-1.1,2.0,0.0
20230330:0930,0.0,0.0,0.0,-1.54,1.86,0.0
20230330:1030,0.0,0.0,0.0,-1.92,1.45,0.0
20230330:1130,23.24,16.18,3.61,-2.22,1.1,0.0
20230330:1230,788.88,256.34,15.23,-2.15,0.69,0.0
20230330:1330,1835.92,536.88,26.57,-0.39,0.62,0.0
20230330:1430,2635.96,780.91,37.17,1.71,1.03,0.0
20230330:1530,3196.64,969.82,46.29,3.81,1.59,0.0
20230330:1630,3520.88,1084.36,52.65,5.62,2.14,0.0
20230330:1730,3596.6,1113.62,54.67,7.09,2.48,0.0
20230330:1830,3428.24,1053.8,51.61,8.17,2.76,0.0
20230330:1930,3019.4,915.95,44.53,9.11,2.83,0.0
20230330:2030,2379.96,710.41,35.02,9.37,2.83,0.0
20230330:2130,1513.32,457.99,24.21,9.22,2.55,0.0
20230330:2230,521.32,192.47,12.78,8.68,2.14,0.0
20230330:2330,5.0,8.57,1.15,7.31,1.1,0.0
20230331:0030,0.0,0.0,0.0,5.79,0.69,0.0
20230331:0130,0.0,0.0,0.0,5.53,0.28,0.0
20230331:0230,0.0,0.0,0.0,2.86,0.83,0.0
20230331:0330,0.0,0.0,0.0,1.49,0.97,0.0
20230331:0430,0.0,0.0,0.0,0.62,1.03,0.0
20230331:0530,0.0,0.0,0.0,0.5,1.31,0.0
20230331:0630,0.0,0.0,0.0,0.57,1.59,0.0
20230331:0730,0.0,0.0,0.0,0.92,1.86,0.0
20230331:0830,0.0,0.0,0.0,1.56,2.07,0.0
20230331:0930,0.0,0.0,0.0,1.94,2.14,0.0
20230331:1030,0.0,0.0,0.0,2.28,2.21,0.0
20230331:1130,38.04,21.99,3.92,2.85,2.28,0.0
20230331:1230,338.76,113.57,15.54,4.11,2.28,0.0
20230331:1330,838.16,254.51,26.89,6.72,2.21,0.0
20230331:1430,766.0,237.19,37.51,9.76,2.0,0.0
20230331:1530,1107.2,337.34,46.66,11.17,2.0,0.0
20230331:1630,1284.4,387.94,53.05,11.97,2.83,0.0
20230331:1730,1056.32,321.23,55.05,11.44,2.9,0.0
20230331:1830,645.2,202.56,51.95,11.18,2.76,0.0
20230331:1930,445.96,147.01,44.81,11.78,2.62,0.0
20230331:2030,198.8,74.26,35.24,10.75,3.31,0.0
20230331:2130,163.84,63.45,24.41,9.82,3.52,0.0
20230331:2230,135.8,57.26,12.96,9.24,3.45,0.0
20230331:2330,0.0,4.42,1.33,9.15,3.38,0.0
20230401:0030,0.0,0.0,0.0,9.33,3.45,0.0
20230401:0130,0.0,0.0,0.0,9.9,3.45,0.0
20230401:0230,0.0,0.0,0.0,10.48,3.45,0.0
20230401:0330,0.0,0.0,0.0,11.31,3.45,0.0
20230401:0430,0.0,0.0,0.0,11.09,3.52,0.0
20230401:0530,0.0,0.0,0.0,11.52,3.79,0.0
20230401:0630,0.0,0.0,0.0,12.24,4.0,0.0
20230401:0730,0.0,0.0,0.0,12.38,4.55,0.0
20230401:0830,0.0,0.0,0.0,13.26,4.62,0.0
20230401:0930,0.0,0.0,0.0,13.37,4.62,0.0
20230401:1030,0.0,0.0,0.0,12.89,4.55,0.0
20230401:1130,23.04,16.88,4.22,11.87,4.69,0.0
20230401:1230,347.68,124.95,15.84,12.55,4.9,0.0
20230401:1330,742.28,231.24,27.21,12.31,4.14,0.0
20230401:1430,1364.76,409.58,37.85,12.74,2.55,0.0
20230401:1530,2046.16,611.29,47.02,12.39,3.24,0.0
20230401:1630,3283.28,1014.83,53.44,14.37,4.41,0.0
20230401:1730,3273.28,1016.42,55.43,17.48,5.79,0.0
20230401:1830,3029.72,923.79,52.28,17.98,7.66,0.0
20230401:1930,2747.32,830.42,45.08,17.7,7.93,0.0
20230401:2030,1949.36,584.86,35.47,17.4,7.86,0.0
20230401:2130,775.44,243.75,24.6,14.62,7.1,0.0
20230401:2230,65.32,32.17,13.15,10.14,6.0,0.0
20230401:2330,0.0,2.19,1.52,5.77,4.9,0.0
20230402:0030,0.0,0.0,0.0,3.14,4.9,0.0
20230402:0130,0.0,0.0,0.0,2.69,4.55,0.0
20230402:0230,0.0,0.0,0.0,2.21,5.1,0.0
20230402:0330,0.0,0.0,0.0,1.9,5.72,0.0
20230402:0430,0.0,0.0,0.0,1.87,5.93,0.0
20230402:0530,0.0,0.0,0.0,1.64,4.9,0.0
20230402:0630,0.0,0.0,0.0,1.17,5.1,0.0
20230402:0730,0.0,0.0,0.0,0.58,4.76,0.0
20230402:0830,0.0,0.0,0.0,0.33,4.14,0.0
20230402:0930,0.0,0.0,0.0,0.16,3.86,0.0
20230402:1030,0.0,0.0,0.0,-0.03,3.52,0.0
20230402:1130,26.52,17.53,4.53,-0.13,3.45,0.0
20230402:1230,245.88,86.4,16.15,-0.13,3.72,0.0
20230402:1330,667.72,199.85,27.52,0.1,3.72,0.0
20230402:1430,1729.8,489.12,38.19,0.56,3.45,0.0
20230402:1530,2418.4,694.2,47.39,1.82,3.03,0.0
20230402:1630,3014.24,890.76,53.83,3.07,2.55,0.0
20230402:1730,3198.8,967.09,55.82,4.65,2.14,0.0
20230402:1830,3272.76,1009.25,52.61,5.98,1.66,0.0
20230402:1930,2964.96,903.44,45.35,6.6,1.59,0.0
20230402:2030,2407.28,723.22,35.69,7.34,1.52,0.0
20230402:2130,1512.0,457.68,24.8,7.64,1.59,0.0
20230402:2230,530.64,195.35,13.33,7.29,1.59,0.0
20230402:2330,7.72,9.93,1.7,6.31,1.1,0.0
20230403:0030,0.0,0.0,0.0,4.95,0.76,0.0
20230403:0130,0.0,0.0,0.0,4.09,0.41,0.0
20230403:0230,0.0,0.0,0.0,2.28,0.76,0.0
20230403:0330,0.0,0.0,0.0,1.21,1.17,0.0
20230403:0430,0.0,0.0,0.0,1.06,1.59,0.0
20230403:0530,0.0,0.0,0.0,0.86,1.79,0.0
20230403:0630,0.0,0.0,0.0,1.13,1.79,0.0
20230403:0730,0.0,0.0,0.0,0.83,2.07,0.0
20230403:0830,0.0,0.0,0.0,0.79,2.07,0.0
20230403:0930,0.0,0.0,0.0,1.03,2.07,0.0
20230403:1030,0.0,0.0,0.0,1.13,2.14,0.0
20230403:1130,44.8,24.27,4.83,1.39,2.21,0.0
20230403:1230,754.16,245.79,16.45,3.13,2.07,0.0
20230403:1330,1684.24,502.23,27.84,6.89,1.79,0.0
20230403:1430,2437.44,739.51,38.52,11.02,2.21,0.0
20230403:1530,2914.08,908.25,47.76,13.88,2.55,0.0
20230403:1630,3179.2,1010.27,54.22,15.92,2.83,0.0
20230403:1730,3283.72,1055.3,56.2,17.37,2.9,0.0
20230403:1830,2764.52,877.5,52.94,18.43,2.97,0.0
20230403:1930,2327.92,728.8,45.61,18.55,2.9,0.0
20230403:2030,1525.12,473.13,35.91,18.73,2.83,0.0
20230403:2130,847.48,271.62,24.99,18.17,2.34,0.0
20230403:2230,243.88,94.32,13.51,17.08,1.72,0.0
20230403:2330,10.76,11.67,1.88,14.99,1.66,0.0
20230404:0030,0.0,0.0,0.0,12.97,2.07,0.0
20230404:0130,0.0,0.0,0.0,11.2,2.28,0.0
20230404:0230,0.0,0.0,0.0,10.06,2.34,0.0
20230404:0330,0.0,0.0,0.0,9.32,2.41,0.0
20230404:0430,0.0,0.0,0.0,8.76,2.34,0.0
20230404:0530,0.0,0.0,0.0,8.3,2.28,0.0
20230404:0630,0.0,0.0,0.0,7.9,2.21,0.0
20230404:0730,0.0,0.0,0.0,8.29,2.07,0.0
20230404:0830,0.0,0.0,0.0,7.77,1.86,0.0
20230404:0930,0.0,0.0,0.0,7.36,1.79,0.0
20230404:1030,0.0,0.0,0.0,7.16,1.72,0.0
20230404:1130,34.72,21.07,5.13,6.83,1.66,0.0
20230404:1230,733.24,246.57,16.75,7.46,1.38,0.0
20230404:1330,1650.6,505.67,28.15,11.75,1.31,0.0
20230404:1430,2319.72,712.96,38.86,14.74,2.41,0.0
20230404:1530,2589.6,802.16,48.12,16.8,3.38,0.0
20230404:1630,2253.8,698.8,54.61,18.27,3.31,0.0
20230404:1730,2361.92,740.09,56.57,18.94,2.9,0.0
20230404:1830,2865.76,916.25,53.26,19.9,2.9,0.0
20230404:1930,2569.44,823.44,45.88,21.54,2.48,0.0
20230404:2030,1788.24,562.67,36.13,21.98,2.62,0.0
20230404:2130,1154.72,372.83,25.18,21.78,2.28,0.0
20230404:2230,430.8,172.08,13.69,21.17,1.52,0.0
20230404:2330,7.16,10.06,2.06,19.86,0.97,0.0
20230405:0030,0.0,0.0,0.0,18.63,0.14,0.0
20230405:0130,0.0,0.0,0.0,15.15,0.9,0.0
20230405:0230,0.0,0.0,0.0,13.56,1.31,0.0
20230405:0330,0.0,0.0,0.0,12.47,1.59,0.0
20230405:0430,0.0,0.0,0.0,12.4,2.0,0.0
20230405:0530,0.0,0.0,0.0,12.67,2.28,0.0
20230405:0630,0.0,0.0,0.0,12.61,2.34,0.0
20230405:0730,0.0,0.0,0.0,12.85,2.21,0.0
20230405:0830,0.0,0.0,0.0,12.8,2.21,0.0
20230405:0930,0.0,0.0,0.0,12.57,2.21,0.0
20230405:1030,0.0,0.0,0.0,12.44,2.14,0.0
20230405:1130,37.8,22.65,5.42,12.32,2.07,0.0
20230405:1230,695.36,238.07,17.05,13.09,1.72,0.0
20230405:1330,1375.56,429.99,28.46,16.4,1.38,0.0
20230405:1430,1959.4,617.43,39.19,19.88,1.59,0.0
20230405:1530,2590.2,839.96,48.48,22.03,2.07,0.0
20230405:1630,2768.52,900.01,54.99,23.87,2.9,0.0
20230405:1730,2411.44,779.63,56.95,24.74,3.1,0.0
20230405:1830,2408.24,775.85,53.59,25.0,3.03,0.0
20230405:1930,1898.84,601.47,46.14,25.14,3.79,0.0
20230405:2030,1674.32,532.13,36.35,24.96,3.17,0.0
20230405:2130,936.96,307.86,25.37,24.79,3.1,0.0
20230405:2230,261.6,109.46,13.87,23.52,2.62,0.0
20230405:2330,4.76,8.79,2.24,21.56,2.41,0.0
20230406:0030,0.0,0.0,0.0,20.1,2.41,0.0
20230406:0130,0.0,0.0,0.0,18.93,2.48,0.0
20230406:0230,0.0,0.0,0.0,18.44,2.48,0.0
20230406:0330,0.0,0.0,0.0,18.07,2.69,0.0
20230406:0430,0.0,0.0,0.0,17.95,2.76,0.0
20230406:0530,0.0,0.0,0.0,17.38,2.48,0.0
20230406:0630,0.0,0.0,0.0,16.65,2.28,0.0
20230406:0730,0.0,0.0,0.0,14.05,1.52,0.0
20230406:0830,0.0,0.0,0.0,13.87,1.59,0.0
20230406:0930,0.0,0.0,0.0,13.87,1.59,0.0
20230406:1030,0.0,0.0,0.0,13.6,1.59,0.0
20230406:1130,52.4,28.07,5.72,13.27,1.59,0.0
20230406:1230,325.24,117.81,17.35,13.71,1.45,0.0
20230406:1330,477.6,158.87,28.77,15.19,1.31,0.0
20230406:1430,563.92,184.44,39.52,16.03,2.14,0.0
20230406:1530,693.6,222.71,48.84,16.25,2.62,0.0
20230406:1630,775.64,245.75,55.38,15.79,2.34,0.0
20230406:1730,577.96,187.76,57.32,15.13,2.07,0.0
20230406:1830,1264.4,382.35,53.91,13.95,1.72,0.0
20230406:1930,1429.4,431.87,46.4,14.57,2.55,0.0
20230406:2030,798.56,247.91,36.56,13.66,2.41,0.0
20230406:2130,584.72,188.04,25.56,12.23,2.55,0.0
20230406:2230,184.04,74.43,14.05,11.29,2.62,0.0
20230406:2330,5.6,8.96,2.42,10.07,2.62,0.0
20230407:0030,0.0,0.0,0.0,9.0,2.41,0.0
20230407:0130,0.0,0.0,0.0,8.5,2.07,0.0
20230407:0230,0.0,0.0,0.0,8.02,1.66,0.0
20230407:0330,0.0,0.0,0.0,7.47,1.45,0.0
20230407:0430,0.0,0.0,0.0,6.97,1.59,0.0
20230407:0530,0.0,0.0,0.0,6.5,1.52,0.0
20230407:0630,0.0,0.0,0.0,6.34,1.45,0.0
20230407:0730,0.0,0.0,0.0,6.36,1.38,0.0
20230407:0830,0.0,0.0,0.0,5.98,1.38,0.0
20230407:0930,0.0,0.0,0.0,5.7,1.66,0.0
20230407:1030,0.0,0.0,0.0,5.36,1.79,0.0
20230407:1130,18.48,14.65,6.02,4.91,1.86,0.0
20230407:1230,207.2,76.04,17.64,4.65,1.66,0.0
20230407:1330,391.76,127.83,29.07,4.86,1.59,0.0
20230407:1430,630.0,194.87,39.84,5.23,1.52,0.0
20230407:1530,1218.4,360.95,49.19,5.93,1.59,0.0
20230407:1630,799.28,244.36,55.76,7.17,1.59,0.0
20230407:1730,1008.64,304.25,57.7,7.37,1.45,0.0
20230407:1830,918.68,279.95,54.22,8.06,1.52,0.0
20230407:1930,657.72,205.32,46.65,8.31,1.72,0.0
20230407:2030,572.36,180.86,36.77,8.0,1.59,0.0
20230407:2130,579.32,182.92,25.75,7.77,1.66,0.0
20230407:2230,282.32,99.37,14.22,7.62,1.79,0.0
20230407:2330,15.76,13.6,2.6,7.04,1.38,0.0
20230408:0030,0.0,0.0,0.0,6.05,1.24,0.0
20230408:0130,0.0,0.0,0.0,5.08,1.17,0.0
20230408:0230,0.0,0.0,0.0,4.29,1.1,0.0
20230408:0330,0.0,0.0,0.0,3.7,0.9,0.0
20230408:0430,0.0,0.0,0.0,2.98,0.83,0.0
20230408:0530,0.0,0.0,0.0,2.39,0.69,0.0
20230408:0630,0.0,0.0,0.0,1.83,0.76,0.0
20230408:0730,0.0,0.0,0.0,1.79,0.41,0.0
20230408:0830,0.0,0.0,0.0,0.98,0.69,0.0
20230408:0930,0.0,0.0,0.0,0.26,0.83,0.0
20230408:1030,0.0,0.0,-5.18,-0.18,1.03,0.0
20230408:1130,88.96,38.52,6.31,-0.64,1.1,0.0
20230408:1230,696.12,219.37,17.94,0.23,0.97,0.0
20230408:1330,1430.36,418.56,29.37,2.35,1.38,0.0
20230408:1430,2111.8,621.86,40.16,4.12,1.52,0.0
20230408:1530,2335.32,697.26,49.55,6.07,1.86,0.0
20230408:1630,2394.32,720.49,56.14,7.5,2.0,0.0
20230408:1730,2476.52,750.77,58.07,8.49,2.07,0.0
20230408:1830,1658.24,498.07,54.54,9.31,2.0,0.0
20230408:1930,1370.4,410.06,46.91,8.49,2.0,0.0
20230408:2030,954.2,289.07,36.98,8.33,2.0,0.0
20230408:2130,589.0,185.62,25.94,7.79,1.86,0.0
20230408:2230,235.36,84.39,14.4,7.25,1.66,0.0
20230408:2330,15.92,13.64,2.78,6.36,1.31,0.0
20230409:0030,0.0,0.0,0.0,5.13,1.38,0.0
20230409:0130,0.0,0.0,0.0,4.17,1.31,0.0
20230409:0230,0.0,0.0,0.0,3.29,1.17,0.0
20230409:0330,0.0,0.0,0.0,2.4,0.97,0.0
20230409:0430,0.0,0.0,0.0,1.47,0.83,0.0
20230409:0530,0.0,0.0,0.0,0.6,0.76,0.0
20230409:0630,0.0,0.0,0.0,0.25,0.62,0.0
20230409:0730,0.0,0.0,0.0,-0.13,0.62,0.0
20230409:0830,0.0,0.0,0.0,0.05,0.41,0.0
20230409:0930,0.0,0.0,0.0,0.02,0.28,0.0
20230409:1030,0.0,0.0,-4.89,-0.11,0.21,0.0
20230409:1130,49.96,25.93,6.6,-0.13,0.21,0.0
20230409:1230,884.04,286.8,18.23,0.94,0.14,0.0
20230409:1330,1843.36,553.13,29.67,5.03,0.55,0.0
20230409:1430,2614.24,791.85,40.48,7.27,1.38,0.0
20230409:1530,3138.96,974.58,49.9,8.71,1.66,0.0
20230409:1630,3405.28,1083.91,56.52,9.96,1.52,0.0
20230409:1730,3444.96,1110.54,58.44,11.08,1.38,0.0
20230409:1830,3291.6,1054.85,54.85,11.97,1.45,0.0
20230409:1930,2913.8,917.67,47.16,12.5,1.45,0.0
20230409:2030,2313.92,713.69,37.19,12.71,1.45,0.0
20230409:2130,1487.24,462.45,26.12,12.5,1.38,0.0
20230409:2230,523.96,198.92,14.58,11.88,1.31,0.0
20230409:2330,14.52,13.2,2.96,10.35,1.17,0.0
20230410:0030,0.0,0.0,0.0,8.35,1.38,0.0
20230410:0130,0.0,0.0,0.0,6.79,1.38,0.0
20230410:0230,0.0,0.0,0.0,5.63,1.38,0.0
20230410:0330,0.0,0.0,0.0,4.62,1.52,0.0
20230410:0430,0.0,0.0,0.0,3.46,1.45,0.0
20230410:0530,0.0,0.0,0.0,2.77,1.45,0.0
20230410:0630,0.0,0.0,0.0,2.1,1.45,0.0
20230410:0730,0.0,0.0,0.0,1.79,1.45,0.0
20230410:0830,0.0,0.0,0.0,0.95,1.45,0.0
20230410:0930,0.0,0.0,0.0,0.25,1.45,0.0
20230410:1030,0.0,0.0,-4.59,-0.4,1.31,0.0
20230410:1130,53.32,26.98,6.88,-0.94,1.17,0.0
20230410:1230,897.64,289.78,18.52,0.94,0.69,0.0
20230410:1330,1837.68,555.25,29.97,6.09,0.41,0.0
20230410:1430,2536.12,792.62,40.8,9.58,0.28,0.0
20230410:1530,2986.68,973.63,50.24,11.31,0.07,0.0
20230410:1630,3235.36,1081.48,56.89,12.72,0.14,0.0
20230410:1730,3282.76,1106.87,58.8,13.91,0.21,0.0
20230410:1830,3138.44,1049.16,55.16,14.8,0.28,0.0
20230410:1930,2778.96,911.71,47.41,15.53,0.21,0.0
20230410:2030,2226.36,708.02,37.4,15.75,0.41,0.0
20230410:2130,1441.0,458.53,26.3,15.59,0.55,0.0
20230410:2230,509.72,197.26,14.75,14.99,0.76,0.0
20230410:2330,15.24,13.64,3.14,13.1,0.69,0.0
20230411:0030,0.0,0.0,0.0,11.28,0.83,0.0
20230411:0130,0.0,0.0,0.0,10.49,0.62,0.0
20230411:0230,0.0,0.0,0.0,9.88,0.28,0.0
20230411:0330,0.0,0.0,0.0,8.36,0.62,0.0
20230411:0430,0.0,0.0,0.0,6.38,0.9,0.0
20230411:0530,0.0,0.0,0.0,4.91,1.03,0.0
20230411:0630,0.0,0.0,0.0,4.21,1.03,0.0
20230411:0730,0.0,0.0,0.0,2.43,1.31,0.0
20230411:0830,0.0,0.0,0.0,1.69,1.31,0.0
20230411:0930,0.0,0.0,0.0,1.28,1.45,0.0
20230411:1030,0.0,0.0,-4.3,0.97,1.45,0.0
20230411:1130,55.72,27.94,7.17,0.7,1.45,0.0
20230411:1230,897.68,291.26,18.8,2.7,1.03,0.0
20230411:1330,1821.4,555.54,30.26,9.05,0.76,0.0
20230411:1430,2555.4,790.81,41.12,12.62,1.66,0.0
20230411:1530,3093.4,969.95,50.59,14.23,2.69,0.0
20230411:1630,3381.4,1077.18,57.26,15.28,2.9,0.0
20230411:1730,3438.12,1102.78,59.16,16.19,2.97,0.0
20230411:1830,3261.0,1040.58,55.47,16.93,3.03,0.0
20230411:1930,2832.4,889.96,47.65,17.43,3.03,0.0
20230411:2030,2264.88,700.34,37.61,17.35,3.17,0.0
20230411:2130,1414.52,443.85,26.49,16.94,3.17,0.0
20230411:2230,502.28,193.28,14.93,16.05,2.83,0.0
20230411:2330,30.2,19.89,3.32,14.3,2.28,0.0
20230412:0030,0.0,0.0,0.0,12.1,2.0,0.0
20230412:0130,0.0,0.0,0.0,10.83,2.0,0.0
20230412:0230,0.0,0.0,0.0,9.81,2.07,0.0
20230412:0330,0.0,0.0,0.0,8.81,2.14,0.0
20230412:0430,0.0,0.0,0.0,8.21,2.14,0.0
20230412:0530,0.0,0.0,0.0,7.98,2.0,0.0
20230412:0630,0.0,0.0,0.0,8.12,1.93,0.0
20230412:0730,0.0,0.0,0.0,8.52,1.93,0.0
20230412:0830,0.0,0.0,0.0,8.74,2.0,0.0
20230412:0930,0.0,0.0,0.0,8.43,2.07,0.0
20230412:1030,0.0,0.0,-4.01,7.9,2.07,0.0
20230412:1130,64.08,31.48,7.45,7.55,2.0,0.0
20230412:1230,791.12,263.85,19.08,8.69,1.79,0.0
20230412:1330,1751.72,534.77,30.55,12.03,1.86,0.0
20230412:1430,2491.32,763.32,41.43,14.48,2.97,0.0
20230412:1530,3003.8,937.67,50.93,16.25,3.52,0.0
20230412:1630,3286.32,1043.56,57.63,17.6,3.66,0.0
20230412:1730,3336.16,1069.76,59.53,18.58,3.52,0.0
20230412:1830,3162.88,1013.62,55.78,19.34,3.31,0.0
20230412:1930,2779.68,880.65,47.9,20.04,3.31,0.0
20230412:2030,2189.36,685.04,37.81,20.11,3.17,0.0
20230412:2130,1394.44,444.22,26.67,19.78,3.03,0.0
20230412:2230,485.76,191.54,15.1,18.98,2.69,0.0
20230412:2330,16.2,14.25,3.49,17.21,2.07,0.0
20230413:0030,0.0,0.0,0.0,14.99,1.93,0.0
20230413:0130,0.0,0.0,0.0,13.57,2.0,0.0
20230413:0230,0.0,0.0,0.0,12.39,2.0,0.0
20230413:0330,0.0,0.0,0.0,11.39,2.0,0.0
20230413:0430,0.0,0.0,0.0,10.52,1.86,0.0
20230413:0530,0.0,0.0,0.0,9.99,1.79,0.0
20230413:0630,0.0,0.0,0.0,9.58,1.79,0.0
20230413:0730,0.0,0.0,0.0,9.28,1.66,0.0
20230413:0830,0.0,0.0,0.0,8.49,1.59,0.0
20230413:0930,0.0,0.0,0.0,7.59,1.38,0.0
20230413:1030,0.0,0.0,-3.72,6.98,1.24,0.0
20230413:1130,58.4,29.47,7.73,6.63,1.1,0.0
20230413:1230,865.56,288.26,19.36,8.26,0.76,0.0
20230413:1330,1742.24,546.66,30.84,14.02,0.34,0.0
20230413:1430,2410.2,777.62,41.73,17.43,0.48,0.0
20230413:1530,2864.52,954.18,51.27,19.26,0.62,0.0
20230413:1630,3108.2,1058.64,58.0,20.83,0.76,0.0
20230413:1730,3152.96,1081.86,59.88,22.19,0.9,0.0
20230413:1830,3008.64,1024.2,56.08,23.23,1.03,0.0
20230413:1930,2656.64,889.46,48.14,24.09,1.03,0.0
20230413:2030,2103.32,690.13,38.01,24.4,0.97,0.0
20230413:2130,1349.24,446.27,26.85,24.28,0.97,0.0
20230413:2230,473.04,192.22,15.27,23.43,0.55,0.0
20230413:2330,16.64,14.65,3.67,21.08,0.28,0.0
20230414:0030,0.0,0.0,0.0,19.43,0.14,0.0
20230414:0130,0.0,0.0,0.0,17.29,0.41,0.0
20230414:0230,0.0,0.0,0.0,14.78,0.9,0.0
20230414:0330,0.0,0.0,0.0,13.17,1.1,0.0
20230414:0430,0.0,0.0,0.0,11.65,1.1,0.0
20230414:0530,0.0,0.0,0.0,10.54,1.31,0.0
20230414:0630,0.0,0.0,0.0,9.82,1.38,0.0
20230414:0730,0.0,0.0,0.0,10.72,1.72,0.0
20230414:0830,0.0,0.0,0.0,9.62,1.38,0.0
20230414:0930,0.0,0.0,0.0,8.83,1.1,0.0
20230414:1030,0.0,0.0,-3.43,8.01,0.97,0.0
20230414:1130,94.04,41.32,8.01,7.34,0.97,0.0
20230414:1230,749.2,247.23,19.64,9.05,0.69,0.0
20230414:1330,1198.0,374.27,31.13,14.28,0.34,0.0
20230414:1430,1703.52,538.77,42.04,17.24,0.34,0.0
20230414:1530,2137.68,692.33,51.6,19.47,0.55,0.0
20230414:1630,2615.6,877.56,58.36,21.05,0.34,0.0
20230414:1730,2916.48,1006.36,60.24,22.51,0.28,0.0
20230414:1830,2276.04,754.34,56.38,23.63,0.69,0.0
20230414:1930,1823.48,579.73,48.38,21.93,1.52,0.0
20230414:2030,1521.4,485.45,38.21,21.57,0.83,0.0
20230414:2130,694.8,229.92,27.02,21.03,1.38,0.0
20230414:2230,250.8,97.35,15.44,19.41,1.79,0.0
20230414:2330,26.76,18.76,3.85,17.79,1.52,0.0
20230415:0030,0.0,0.0,0.0,16.09,1.59,0.0
20230415:0130,0.0,0.0,0.0,14.75,1.52,0.0
20230415:0230,0.0,0.0,0.0,13.81,1.52,0.0
20230415:0330,0.0,0.0,0.0,13.22,1.52,0.0
20230415:0430,0.0,0.0,0.0,12.85,1.38,0.0
20230415:0530,0.0,0.0,0.0,12.65,1.31,0.0
20230415:0630,0.0,0.0,0.0,12.41,1.38,0.0
20230415:0730,0.0,0.0,0.0,12.39,1.38,0.0
20230415:0830,0.0,0.0,0.0,11.95,1.24,0.0
20230415:0930,0.0,0.0,0.0,11.4,1.31,0.0
20230415:1030,0.0,0.0,-3.15,10.99,1.31,0.0
20230415:1130,66.68,32.75,8.28,10.69,1.31,0.0
20230415:1230,511.32,171.92,19.91,11.42,1.03,0.0
20230415:1330,1279.6,393.2,31.41,12.85,1.38,0.0
20230415:1430,1479.72,452.87,42.34,14.34,1.59,0.0
20230415:1530,1941.24,600.58,51.93,15.75,1.72,0.0
20230415:1630,2466.64,778.16,58.72,17.0,1.79,0.0
20230415:1730,2555.16,810.74,60.59,18.14,1.93,0.0
20230415:1830,1483.64,460.97,56.67,18.86,2.34,0.0
20230415:1930,1566.96,481.21,48.62,17.56,2.41,0.0
20230415:2030,1474.72,454.81,38.41,18.08,2.41,0.0
20230415:2130,1105.96,352.39,27.2,18.4,2.55,0.0
20230415:2230,374.44,150.19,15.61,18.14,2.48,0.0
20230415:2330,14.76,13.6,4.02,16.88,1.66,0.0
20230416:0030,0.0,0.0,0.0,15.58,1.45,0.0
20230416:0130,0.0,0.0,0.0,14.39,1.52,0.0
20230416:0230,0.0,0.0,0.0,13.56,1.52,0.0
20230416:0330,0.0,0.0,0.0,12.58,1.79,0.0
20230416:0430,0.0,0.0,0.0,12.25,1.72,0.0
20230416:0530,0.0,0.0,0.0,11.97,1.45,0.0
20230416:0630,0.0,0.0,0.0,11.48,1.52,0.0
20230416:0730,0.0,0.0,0.0,11.7,1.52,0.0
20230416:0830,0.0,0.0,0.0,11.46,1.38,0.0
20230416:0930,0.0,0.0,0.0,11.16,1.38,0.0
20230416:1030,0.0,0.0,-2.87,10.84,1.52,0.0
20230416:1130,88.48,40.01,8.55,10.61,1.52,0.0
20230416:1230,800.4,269.68,20.18,11.78,0.83,0.0
20230416:1330,1640.08,515.78,31.68,16.31,0.83,0.0
20230416:1430,2328.36,745.98,42.63,18.98,1.03,0.0
20230416:1530,2555.28,827.77,52.26,20.69,1.45,0.0
20230416:1630,1815.76,572.27,59.08,21.91,2.41,0.0
20230416:1730,1118.48,354.73,60.94,21.37,2.97,0.0
20230416:1830,2147.96,673.32,56.97,19.84,2.83,0.0
20230416:1930,489.72,165.51,48.85,22.05,3.72,0.0
20230416:2030,772.92,246.81,38.6,19.92,2.69,0.0
20230416:2130,666.8,219.1,27.38,19.67,2.9,0.0
20230416:2230,277.52,112.12,15.78,19.0,2.28,0.0
20230416:2330,17.32,14.78,4.2,17.58,1.86,0.0
20230417:0030,0.0,0.0,0.0,14.71,3.66,0.0
20230417:0130,0.0,0.0,0.0,12.69,3.45,0.0
20230417:0230,0.0,0.0,0.0,9.96,3.31,0.0
20230417:0330,0.0,0.0,0.0,9.17,3.66,0.0
20230417:0430,0.0,0.0,0.0,8.16,3.79,0.0
20230417:0530,0.0,0.0,0.0,7.06,3.38,0.0
20230417:0630,0.0,0.0,0.0,6.2,3.31,0.0
20230417:0730,0.0,0.0,0.0,5.43,3.59,0.0
20230417:0830,0.0,0.0,0.0,4.75,3.31,0.0
20230417:0930,0.0,0.0,0.0,4.21,3.24,0.0
20230417:1030,0.0,0.0,-2.6,3.84,2.97,0.0
20230417:1130,76.04,34.98,8.82,3.83,2.9,0.0
20230417:1230,807.32,259.1,20.44,4.9,2.41,0.0
20230417:1330,1568.28,458.65,31.96,6.23,4.07,0.0
20230417:1430,1499.84,435.66,42.93,7.13,5.24,0.0
20230417:1530,1300.84,379.51,52.58,7.28,5.1,0.0
20230417:1630,1259.88,369.94,59.44,6.95,4.41,0.0
20230417:1730,1788.56,519.02,61.29,6.8,4.0,0.0
20230417:1830,2039.76,593.5,57.26,7.02,4.48,0.0
20230417:1930,1223.04,361.8,49.08,9.03,5.17,0.0
20230417:2030,451.8,146.05,38.79,8.5,4.83,0.0
20230417:2130,768.44,236.02,27.55,7.66,4.76,0.0
20230417:2230,135.4,55.31,15.95,7.31,4.34,0.0
20230417:2330,22.16,16.22,4.37,6.39,3.52,0.0
20230418:0030,0.0,0.0,0.0,5.74,2.9,0.0
20230418:0130,0.0,0.0,0.0,5.12,2.97,0.0
20230418:0230,0.0,0.0,0.0,4.76,2.9,0.0
20230418:0330,0.0,0.0,0.0,4.48,3.03,0.0
20230418:0430,0.0,0.0,0.0,4.07,3.1,0.0
20230418:0530,0.0,0.0,0.0,3.37,3.03,0.0
20230418:0630,0.0,0.0,0.0,2.87,2.97,0.0
20230418:0730,0.0,0.0,0.0,3.17,2.48,0.0
20230418:0830,0.0,0.0,0.0,3.08,2.83,0.0
20230418:0930,0.0,0.0,0.0,2.84,3.1,0.0
20230418:1030,0.0,0.0,-2.32,2.46,3.38,0.0
20230418:1130,80.44,36.16,9.08,2.14,3.93,0.0
20230418:1230,945.68,300.74,20.71,2.69,3.66,0.0
20230418:1330,1907.4,549.05,32.23,3.85,5.1,0.0
20230418:1430,2721.84,785.12,43.21,5.13,5.31,0.0
20230418:1530,3301.64,971.24,52.9,6.64,5.45,0.0
20230418:1630,3601.68,1078.03,59.79,8.16,5.45,0.0
20230418:1730,3697.76,1117.94,61.63,9.49,5.45,0.0
20230418:1830,3508.84,1059.99,57.55,10.62,5.45,0.0
20230418:1930,3072.76,922.76,49.31,11.91,5.38,0.0
20230418:2030,2409.24,717.09,38.99,12.17,5.24,0.0
20230418:2130,1528.4,465.91,27.72,12.03,4.9,0.0
20230418:2230,531.16,201.89,16.12,11.46,4.48,0.0
20230418:2330,25.64,17.84,4.54,10.42,3.79,0.0
20230419:0030,0.0,0.0,0.0,8.91,3.38,0.0
20230419:0130,0.0,0.0,0.0,7.84,3.1,0.0
20230419:0230,0.0,0.0,0.0,6.98,3.03,0.0
20230419:0330,0.0,0.0,0.0,6.27,2.83,0.0
20230419:0430,0.0,0.0,0.0,5.64,2.69,0.0
20230419:0530,0.0,0.0,0.0,5.11,2.55,0.0
20230419:0630,0.0,0.0,0.0,4.62,2.34,0.0
20230419:0730,0.0,0.0,0.0,4.47,1.72,0.0
20230419:0830,0.0,0.0,0.0,3.61,1.45,0.0
20230419:0930,0.0,0.0,0.0,2.75,1.38,0.0
20230419:1030,0.0,0.0,-2.05,1.92,1.31,0.0
20230419:1130,79.32,35.72,9.34,1.23,1.1,0.0
20230419:1230,948.6,306.97,20.96,3.66,0.62,0.0
20230419:1330,1875.36,565.58,32.49,7.55,1.1,0.0
20230419:1430,2602.2,794.09,43.5,10.24,1.86,0.0
20230419:1530,3092.44,965.98,53.21,12.74,2.41,0.0
20230419:1630,3347.68,1066.12,60.13,14.88,2.69,0.0
20230419:1730,3382.24,1085.51,61.98,16.57,2.9,0.0
20230419:1830,3203.72,1023.77,57.83,17.73,3.03,0.0
20230419:1930,2801.56,886.78,49.54,18.7,2.9,0.0
20230419:2030,2193.08,686.15,39.18,19.05,2.69,0.0
20230419:2130,1386.24,442.81,27.89,19.05,2.34,0.0
20230419:2230,481.6,191.38,16.29,18.61,1.93,0.0
20230419:2330,24.68,17.88,4.72,17.25,1.17,0.0
20230420:0030,0.0,0.0,0.0,15.25,0.76,0.0
20230420:0130,0.0,0.0,0.0,13.27,0.9,0.0
20230420:0230,0.0,0.0,0.0,11.85,1.31,0.0
20230420:0330,0.0,0.0,0.0,11.07,1.66,0.0
20230420:0430,0.0,0.0,0.0,10.31,1.79,0.0
20230420:0530,0.0,0.0,0.0,10.1,1.93,0.0
20230420:0630,0.0,0.0,0.0,9.82,1.86,0.0
20230420:0730,0.0,0.0,0.0,9.3,1.66,0.0
20230420:0830,0.0,0.0,0.0,8.86,1.79,0.0
20230420:0930,0.0,0.0,0.0,8.48,1.86,0.0
20230420:1030,0.0,0.0,-1.79,8.23,1.86,0.0
20230420:1130,75.64,35.42,9.6,8.06,1.86,0.0
20230420:1230,888.72,295.36,21.22,10.14,1.45,0.0
20230420:1330,1744.24,546.23,32.75,15.92,1.17,0.0
20230420:1430,2428.56,771.22,43.78,18.83,1.79,0.0
20230420:1530,2912.88,944.43,53.53,20.72,2.34,0.0
20230420:1630,3182.4,1046.55,60.48,21.92,2.69,0.0
20230420:1730,3227.16,1067.95,62.31,22.76,2.76,0.0
20230420:1830,2972.2,978.67,58.11,23.39,2.55,0.0
20230420:1930,2636.24,859.14,49.76,24.21,2.48,0.0
20230420:2030,2136.04,686.94,39.36,24.38,2.55,0.0
20230420:2130,1152.44,377.23,28.06,24.21,2.55,0.0
20230420:2230,464.28,186.09,16.45,23.09,1.79,0.0
20230420:2330,25.8,18.63,4.89,21.63,1.17,0.0
20230421:0030,0.0,0.0,0.0,19.12,0.83,0.0
20230421:0130,0.0,0.0,0.0,17.48,1.17,0.0
20230421:0230,0.0,0.0,0.0,15.51,1.45,0.0
20230421:0330,0.0,0.0,0.0,13.79,1.45,0.0
20230421:0430,0.0,0.0,0.0,12.46,1.52,0.0
20230421:0530,0.0,0.0,0.0,11.67,1.66,0.0
20230421:0630,0.0,0.0,0.0,11.31,1.79,0.0
20230421:0730,0.0,0.0,0.0,11.51,1.93,0.0
20230421:0830,0.0,0.0,0.0,10.76,1.86,0.0
20230421:0930,0.0,0.0,0.0,10.29,1.86,0.0
20230421:1030,0.0,0.0,-1.53,9.95,1.86,0.0
20230421:1130,80.96,37.38,9.85,9.6,1.72,0.0
20230421:1230,880.76,294.0,21.47,11.51,1.24,0.0
20230421:1330,1730.24,546.89,33.01,17.34,0.97,0.0
20230421:1430,2409.96,766.89,44.05,20.1,2.07,0.0
20230421:1530,2769.16,891.68,53.83,21.4,2.62,0.0
20230421:1630,2393.28,761.42,60.82,21.97,2.9,0.0
20230421:1730,2550.8,817.06,62.65,22.06,2.76,0.0
20230421:1830,2865.0,926.5,58.39,22.29,3.03,0.0
20230421:1930,2159.4,688.27,49.98,24.42,3.45,0.0
20230421:2030,1519.36,481.9,39.55,24.02,3.17,0.0
20230421:2130,1044.28,340.58,28.23,23.4,2.83,0.0
20230421:2230,388.52,153.49,16.62,22.55,2.07,0.0
20230421:2330,35.32,22.39,5.06,20.66,1.1,0.0
20230422:0030,0.0,0.0,0.0,18.9,0.62,0.0
20230422:0130,0.0,0.0,0.0,16.88,0.55,0.0
20230422:0230,0.0,0.0,0.0,15.54,0.69,0.0
20230422:0330,0.0,0.0,0.0,14.35,0.83,0.0
20230422:0430,0.0,0.0,0.0,13.23,1.1,0.0
20230422:0530,0.0,0.0,0.0,12.64,1.38,0.0
20230422:0630,0.0,0.0,0.0,11.74,1.59,0.0
20230422:0730,0.0,0.0,0.0,11.77,1.59,0.0
20230422:0830,0.0,0.0,0.0,11.53,1.93,0.0
20230422:0930,0.0,0.0,0.0,12.18,2.62,0.0
20230422:1030,0.0,0.0,-1.27,12.57,2.97,0.0
20230422:1130,90.68,41.01,10.1,12.63,3.03,0.0
20230422:1230,205.68,76.95,21.72,12.78,3.1,0.0
20230422:1330,506.68,164.52,33.27,12.45,2.76,0.0
20230422:1430,434.6,143.34,44.32,11.44,2.9,0.0
20230422:1530,272.76,96.28,54.13,11.04,3.24,0.0
20230422:1630,334.52,113.8,61.15,9.89,2.97,0.0
20230422:1730,328.68,111.62,62.98,8.62,2.34,0.0
20230422:1830,993.28,298.54,58.67,7.49,2.28,0.0
20230422:1930,1453.04,429.75,50.2,8.51,2.34,0.0
20230422:2030,1509.48,446.99,39.73,9.83,2.83,0.0
20230422:2130,1120.6,343.85,28.4,10.56,3.31,0.0
20230422:2230,466.28,178.07,16.78,10.49,3.1,0.0
20230422:2330,31.24,19.98,5.24,9.93,2.48,0.0
20230423:0030,0.0,0.0,0.0,8.81,1.72,0.0
20230423:0130,0.0,0.0,0.0,7.84,1.52,0.0
20230423:0230,0.0,0.0,0.0,7.17,1.59,0.0
20230423:0330,0.0,0.0,0.0,6.6,1.72,0.0
20230423:0430,0.0,0.0,0.0,6.36,1.59,0.0
20230423:0530,0.0,0.0,0.0,5.6,1.17,0.0
20230423:0630,0.0,0.0,0.0,4.81,1.03,0.0
20230423:0730,0.0,0.0,0.0,4.03,1.38,0.0
20230423:0830,0.0,0.0,0.0,3.45,1.52,0.0
20230423:0930,0.0,0.0,0.0,3.08,1.66,0.0
20230423:1030,0.0,0.0,-1.01,2.57,1.66,0.0
20230423:1130,127.6,67.48,10.35,2.37,1.66,0.0
20230423:1230,865.92,275.64,21.96,3.04,1.93,0.0
20230423:1330,1479.96,431.3,33.51,3.97,2.69,0.0
20230423:1430,1442.84,419.19,44.59,4.88,3.24,0.0
20230423:1530,1780.28,517.8,54.43,5.4,3.45,0.0
20230423:1630,2057.8,600.28,61.49,6.01,3.66,0.0
20230423:1730,2511.76,732.49,63.31,6.39,4.0,0.0
20230423:1830,2425.52,709.99,58.94,7.02,4.14,0.0
20230423:1930,2667.92,783.48,50.42,6.82,3.93,0.0
20230423:2030,1897.16,554.72,39.92,7.29,3.93,0.0
20230423:2130,1253.68,376.24,28.57,7.1,3.66,0.0
20230423:2230,429.92,156.01,16.95,6.5,3.31,0.0
20230423:2330,37.12,21.86,5.41,5.48,2.83,0.0
20230424:0030,0.0,0.0,0.0,4.4,2.14,0.0
20230424:0130,0.0,0.0,0.0,3.3,1.66,0.0
20230424:0230,0.0,0.0,0.0,2.47,1.38,0.0
20230424:0330,0.0,0.0,0.0,1.9,1.24,0.0
20230424:0430,0.0,0.0,0.0,1.47,1.17,0.0
20230424:0530,0.0,0.0,0.0,0.97,1.17,0.0
20230424:0630,0.0,0.0,0.0,0.53,1.17,0.0
20230424:0730,0.0,0.0,0.0,0.38,0.9,0.0
20230424:0830,0.0,0.0,0.0,0.23,1.03,0.0
20230424:0930,0.0,0.0,0.0,-0.02,1.24,0.0
20230424:1030,0.0,0.0,-0.76,-0.66,1.31,0.0
20230424:1130,130.4,74.84,10.59,-0.71,1.31,0.0
20230424:1230,977.96,308.89,22.2,0.79,1.72,0.0
20230424:1330,1547.68,446.46,33.76,2.48,3.45,0.0
20230424:1430,2298.64,661.77,44.85,3.45,3.59,0.0
20230424:1530,2415.44,700.42,54.72,4.69,3.45,0.0
20230424:1630,2714.64,800.14,61.81,5.76,3.38,0.0
20230424:1730,3254.08,981.08,63.63,6.93,3.45,0.0
20230424:1830,2980.04,894.64,59.21,7.97,3.59,0.0
20230424:1930,2236.44,657.99,50.63,7.99,3.59,0.0
20230424:2030,1729.76,506.4,40.1,7.63,3.45,0.0
20230424:2130,1140.64,343.77,28.73,7.1,3.31,0.0
20230424:2230,469.48,171.93,17.11,6.39,3.1,0.0
20230424:2330,38.92,22.52,5.58,5.5,2.69,0.0
20230425:0030,0.0,0.0,0.0,4.14,2.0,0.0
20230425:0130,0.0,0.0,0.0,2.93,1.59,0.0
20230425:0230,0.0,0.0,0.0,2.12,1.52,0.0
20230425:0330,0.0,0.0,0.0,1.55,1.38,0.0
20230425:0430,0.0,0.0,0.0,1.13,1.17,0.0
20230425:0530,0.0,0.0,0.0,0.48,1.1,0.0
20230425:0630,0.0,0.0,0.0,-0.17,1.1,0.0
20230425:0730,0.0,0.0,0.0,-0.2,0.28,0.0
20230425:0830,0.0,0.0,0.0,-0.59,0.28,0.0
20230425:0930,0.0,0.0,0.0,-0.93,0.41,0.0
20230425:1030,0.0,0.0,-0.51,-1.38,0.55,0.0
20230425:1130,136.36,77.01,10.83,-1.19,0.48,0.0
20230425:1230,991.32,315.64,22.43,0.8,0.28,0.0
20230425:1330,1937.56,573.05,34.0,3.0,0.97,0.0
20230425:1430,2597.12,779.33,45.11,4.44,1.1,0.0
20230425:1530,2980.6,916.84,55.01,6.05,1.1,0.0
20230425:1630,3395.24,1072.58,62.14,7.53,1.24,0.0
20230425:1730,3429.36,1092.98,63.95,8.97,1.31,0.0
20230425:1830,3097.76,987.33,59.47,10.02,0.9,0.0
20230425:1930,2466.12,767.26,50.85,10.93,0.69,0.0
20230425:2030,2003.0,612.7,40.28,11.43,1.03,0.0
20230425:2130,1340.44,417.11,28.9,11.56,1.17,0.0
20230425:2230,482.68,181.01,17.27,11.29,1.38,0.0
20230425:2330,49.68,26.76,5.75,9.9,1.24,0.0
20230426:0030,0.0,0.0,0.0,8.37,1.31,0.0
20230426:0130,0.0,0.0,0.0,7.43,1.1,0.0
20230426:0230,0.0,0.0,0.0,6.89,0.41,0.0
20230426:0330,0.0,0.0,0.0,5.99,0.07,0.0
20230426:0430,0.0,0.0,0.0,5.2,0.28,0.0
20230426:0530,0.0,0.0,0.0,4.28,0.55,0.0
20230426:0630,0.0,0.0,0.0,3.44,0.83,0.0
20230426:0730,0.0,0.0,0.0,2.64,1.24,0.0
20230426:0830,0.0,0.0,0.0,2.01,1.24,0.0
20230426:0930,0.0,0.0,0.0,1.7,1.17,0.0
20230426:1030,0.0,0.0,-0.27,1.6,1.24,0.0
20230426:1130,138.96,75.88,11.06,1.58,1.38,0.0
20230426:1230,962.32,309.82,22.66,4.09,0.97,0.0
20230426:1330,1835.72,556.72,34.23,9.25,1.24,0.0
20230426:1430,2265.52,681.28,45.36,11.18,2.76,0.0
20230426:1530,2515.64,755.32,55.3,11.79,3.72,0.0
20230426:1630,2392.84,714.75,62.46,11.89,3.86,0.0
20230426:1730,2837.0,861.55,64.27,12.2,3.72,0.0
20230426:1830,2614.12,792.57,59.73,12.72,3.72,0.0
20230426:1930,2464.2,746.87,51.05,13.83,3.72,0.0
20230426:2030,1773.64,533.58,40.45,14.03,4.07,0.0
20230426:2130,1049.6,326.53,29.06,13.73,3.86,0.0
20230426:2230,441.12,166.85,17.43,12.78,2.97,0.0
20230426:2330,40.88,23.74,5.92,11.67,2.14,0.0
20230427:0030,0.0,0.0,0.0,9.82,1.31,0.0
20230427:0130,0.0,0.0,0.0,8.87,0.48,0.0
20230427:0230,0.0,0.0,0.0,8.35,0.0,0.0
20230427:0330,0.0,0.0,0.0,7.19,0.21,0.0
20230427:0430,0.0,0.0,0.0,5.89,0.41,0.0
20230427:0530,0.0,0.0,0.0,4.98,0.69,0.0
20230427:0630,0.0,0.0,0.0,4.13,0.76,0.0
20230427:0730,0.0,0.0,0.0,5.52,0.34,0.0
20230427:0830,0.0,0.0,0.0,4.65,0.34,0.0
20230427:0930,0.0,0.0,0.0,3.29,0.62,0.0
20230427:1030,0.0,0.0,-0.03,2.37,0.62,0.0
20230427:1130,168.28,80.77,11.29,2.22,0.48,0.0
20230427:1230,928.8,299.75,22.89,5.18,0.14,0.0
20230427:1330,1754.44,542.95,34.46,10.25,0.0,0.0
20230427:1430,2367.44,747.91,45.61,12.67,0.28,0.0
20230427:1530,2838.24,927.23,55.57,14.2,0.28,0.0
20230427:1630,2819.68,928.87,62.77,15.7,0.34,0.0
20230427:1730,2393.0,770.91,64.58,16.91,0.69,0.0
20230427:1830,2032.28,642.66,59.99,17.67,0.97,0.0
20230427:1930,1337.4,419.51,51.26,18.35,1.38,0.0
20230427:2030,1339.44,417.85,40.63,17.83,1.93,0.0
20230427:2130,1104.92,350.82,29.22,17.5,2.28,0.0
20230427:2230,415.28,149.18,17.59,16.87,2.48,0.0
20230427:2330,51.72,28.03,6.09,15.32,2.41,0.0
20230428:0030,0.0,0.0,0.0,13.51,2.62,0.0
20230428:0130,0.0,0.0,0.0,12.46,2.62,0.0
20230428:0230,0.0,0.0,0.0,11.73,2.55,0.0
20230428:0330,0.0,0.0,0.0,11.19,2.69,0.0
20230428:0430,0.0,0.0,0.0,10.75,2.97,0.0
20230428:0530,0.0,0.0,0.0,10.23,2.83,0.0
20230428:0630,0.0,0.0,0.0,9.35,2.55,0.0
20230428:0730,0.0,0.0,0.0,9.34,2.28,0.0
20230428:0830,0.0,0.0,0.0,9.24,2.28,0.0
20230428:0930,0.0,0.0,0.0,9.12,2.55,0.0
20230428:1030,0.0,0.7,0.2,8.94,2.83,0.0
20230428:1130,2.32,7.09,11.51,8.81,3.24,0.0
20230428:1230,26.64,18.12,23.11,8.68,3.38,0.0
20230428:1330,158.04,61.3,34.69,8.55,3.45,0.0
20230428:1430,291.36,99.91,45.85,8.66,3.86,0.0
20230428:1530,817.92,245.93,55.85,9.09,3.93,0.0
20230428:1630,850.92,257.15,63.08,10.36,3.59,0.0
20230428:1730,893.24,268.94,64.89,10.96,3.17,0.0
20230428:1830,1044.32,315.06,60.25,11.51,2.76,0.0
20230428:1930,951.76,286.14,51.46,11.09,3.66,0.0
20230428:2030,694.72,215.03,40.8,10.9,3.38,0.0
20230428:2130,320.56,110.37,29.38,10.49,2.9,0.0
20230428:2230,175.88,70.81,17.75,9.22,3.03,0.0
20230428:2330,15.72,13.64,6.25,8.38,2.69,0.0
20230429:0030,0.0,0.0,-4.63,7.59,2.34,0.0
20230429:0130,0.0,0.0,0.0,7.07,2.14,0.0
20230429:0230,0.0,0.0,0.0,6.76,2.0,0.0
20230429:0330,0.0,0.0,0.0,6.63,1.72,0.0
20230429:0430,0.0,0.0,0.0,6.52,1.52,0.0
20230429:0530,0.0,0.0,0.0,6.58,1.17,0.0
20230429:0630,0.0,0.0,0.0,7.0,1.1,0.0
20230429:0730,0.0,0.0,0.0,7.58,1.17,0.0
20230429:0830,0.0,0.0,0.0,7.86,1.03,0.0
20230429:0930,0.0,0.0,0.0,8.12,1.03,0.0
20230429:1030,0.0,2.75,0.44,8.39,1.38,0.0
20230429:1130,57.64,30.4,11.73,8.49,1.52,0.0
20230429:1230,306.8,106.48,23.32,8.76,1.86,0.0
20230429:1330,501.32,161.2,34.91,9.31,2.48,0.0
20230429:1430,1004.32,303.67,46.09,9.62,2.62,0.0
20230429:1530,1563.92,467.36,56.11,10.64,3.03,0.0
20230429:1630,1351.28,406.77,63.39,12.13,3.03,0.0
20230429:1730,2015.84,608.58,65.2,12.88,2.97,0.0
20230429:1830,1519.08,462.08,60.5,14.52,3.24,0.0
20230429:1930,1631.92,494.89,51.67,15.01,3.38,0.0
20230429:2030,1317.68,404.79,40.97,15.72,3.17,0.0
20230429:2130,984.28,311.59,29.54,16.06,2.34,0.0
20230429:2230,330.24,119.22,17.91,15.85,1.72,0.0
20230429:2330,48.88,26.93,6.42,14.63,1.24,0.0
20230430:0030,0.0,0.0,-4.45,13.44,0.69,0.0
20230430:0130,0.0,0.0,0.0,12.34,0.83,0.0
20230430:0230,0.0,0.0,0.0,11.37,1.03,0.0
20230430:0330,0.0,0.0,0.0,10.38,0.55,0.0
20230430:0430,0.0,0.0,0.0,10.03,0.14,0.0
20230430:0530,0.0,0.0,0.0,9.51,0.41,0.0
20230430:0630,0.0,0.0,0.0,9.31,0.48,0.0
20230430:0730,0.0,0.0,0.0,9.75,1.17,0.0
20230430:0830,0.0,0.0,0.0,9.99,1.59,0.0
20230430:0930,0.0,0.0,0.0,9.86,1.72,0.0
20230430:1030,0.0,3.19,0.66,9.72,1.72,0.0
20230430:1130,65.0,32.36,11.95,9.8,1.59,0.0
20230430:1230,184.52,70.0,23.54,10.21,1.38,0.0
20230430:1330,366.16,123.94,35.13,11.24,1.17,0.0
20230430:1430,453.6,149.64,46.32,12.1,1.45,0.0
20230430:1530,800.08,250.3,56.38,12.6,0.9,0.0
20230430:1630,733.92,232.27,63.69,13.27,0.62,0.0
20230430:1730,1236.96,380.47,65.5,12.74,1.03,0.0
20230430:1830,735.88,229.34,60.75,11.71,2.69,0.0
20230430:1930,724.24,226.66,51.86,11.93,2.41,0.0
20230430:2030,388.0,129.75,41.14,11.22,3.1,0.0
20230430:2130,337.24,115.09,29.7,10.01,3.31,0.0
20230430:2230,131.68,56.37,18.07,9.04,3.59,0.0
20230430:2330,15.16,13.38,6.59,7.98,3.59,0.0
20230501:0030,0.0,0.0,-4.27,7.08,3.79,0.0
20230501:0130,0.0,0.0,0.0,6.49,3.72,0.0
20230501:0230,0.0,0.0,0.0,5.86,3.72,0.0
20230501:0330,0.0,0.0,0.0,5.35,3.86,0.0
20230501:0430,0.0,0.0,0.0,4.61,3.93,0.0
20230501:0530,0.0,0.0,0.0,3.77,4.14,0.0
20230501:0630,0.0,0.0,0.0,3.05,4.07,0.0
20230501:0730,0.0,0.0,0.0,2.45,3.79,0.0
20230501:0830,0.0,0.0,0.0,1.66,3.79,0.0
20230501:0930,0.0,0.0,0.0,1.38,3.59,0.0
20230501:1030,5.84,8.83,0.88,1.12,4.0,0.0
20230501:1130,152.88,67.93,12.16,1.18,4.83,0.0
20230501:1230,633.44,200.04,23.74,2.04,4.34,0.0
20230501:1330,1467.4,423.44,35.34,2.8,3.59,0.0
20230501:1430,1964.0,563.66,46.55,4.16,3.79,0.0
20230501:1530,2425.64,702.23,56.63,5.26,3.93,0.0
20230501:1630,1933.8,561.57,63.99,6.5,4.14,0.0
20230501:1730,2581.72,751.86,65.8,5.58,4.21,0.0
20230501:1830,2622.04,770.05,61.0,6.55,3.93,0.0
20230501:1930,2144.28,626.47,52.06,7.79,4.28,0.0
20230501:2030,1967.84,578.7,41.31,8.57,3.79,0.0
20230501:2130,586.0,183.6,29.86,6.95,4.76,0.0
20230501:2230,117.44,48.29,18.23,4.15,4.14,0.0
20230501:2330,57.48,28.81,6.75,3.66,3.72,0.0
20230502:0030,0.0,0.0,-4.09,2.89,3.45,0.0
20230502:0130,0.0,0.0,0.0,2.64,3.52,0.0
20230502:0230,0.0,0.0,0.0,2.06,3.1,0.0
20230502:0330,0.0,0.0,0.0,1.54,3.03,0.0
20230502:0430,0.0,0.0,0.0,1.17,3.31,0.0
20230502:0530,0.0,0.0,0.0,0.77,4.07,0.0
20230502:0630,0.0,0.0,0.0,0.68,4.69,0.0
20230502:0730,0.0,0.0,0.0,0.5,4.48,0.0
20230502:0830,0.0,0.0,0.0,0.65,4.48,0.0
20230502:0930,0.0,0.0,0.0,1.02,4.21,0.0
20230502:1030,1.08,6.21,1.1,1.45,4.14,0.0
20230502:1130,103.48,43.73,12.37,1.63,4.28,0.0
20230502:1230,391.0,126.8,23.95,2.04,4.48,0.0
20230502:1330,758.84,225.9,35.54,2.13,4.97,0.0
20230502:1430,948.72,278.38,46.77,2.39,4.55,0.0
20230502:1530,1506.36,433.71,56.89,3.31,3.66,0.0
20230502:1630,1400.72,407.61,64.28,4.67,3.59,0.0
20230502:1730,1284.8,374.47,66.1,5.05,3.31,0.0
20230502:1830,2163.92,631.9,61.24,5.23,2.83,0.0
20230502:1930,1263.88,371.69,52.25,6.97,3.24,0.0
20230502:2030,803.84,240.84,41.48,6.09,4.34,0.0
20230502:2130,376.56,123.11,30.01,4.8,4.9,0.0
20230502:2230,274.32,95.48,18.38,3.87,3.86,0.0
20230502:2330,33.76,20.46,6.92,3.22,2.55,0.0
20230503:0030,0.0,0.0,-3.91,2.01,3.03,0.0
20230503:0130,0.0,0.0,0.0,1.8,2.83,0.0
20230503:0230,0.0,0.0,0.0,1.53,2.76,0.0
20230503:0330,0.0,0.0,0.0,1.5,2.83,0.0
20230503:0430,0.0,0.0,0.0,1.57,2.76,0.0
20230503:0530,0.0,0.0,0.0,1.63,2.34,0.0
20230503:0630,0.0,0.0,0.0,1.69,2.55,0.0
20230503:0730,0.0,0.0,0.0,1.63,2.62,0.0
20230503:0830,0.0,0.0,0.0,1.27,2.55,0.0
20230503:0930,0.0,0.0,0.0,0.83,2.55,0.0
20230503:1030,0.0,3.89,1.31,0.28,2.69,0.0
20230503:1130,65.24,31.01,12.57,0.06,2.28,0.0
20230503:1230,476.56,151.16,24.14,-0.04,2.9,0.0
20230503:1330,1147.72,332.78,35.75,0.73,2.48,0.0
20230503:1430,1619.68,464.48,46.98,1.43,2.83,0.0
20230503:1530,2628.28,763.64,57.13,2.47,3.03,0.0
20230503:1630,2501.24,731.1,64.56,4.47,3.31,0.0
20230503:1730,2691.32,789.16,66.39,5.15,3.45,0.0
20230503:1830,1894.32,551.06,61.48,6.1,3.59,0.0
20230503:1930,1678.92,484.59,52.44,4.56,3.45,0.0
20230503:2030,1278.16,370.85,41.64,4.26,2.9,0.0
20230503:2130,805.4,244.14,30.17,4.0,2.83,0.0
20230503:2230,346.28,121.15,18.54,4.04,2.76,0.0
20230503:2330,66.24,31.7,7.08,3.24,3.45,0.0
20230504:0030,0.0,0.0,-3.73,2.92,3.93,0.0
20230504:0130,0.0,0.0,0.0,2.55,3.38,0.0
20230504:0230,0.0,0.0,0.0,2.62,3.1,0.0
20230504:0330,0.0,0.0,0.0,2.72,3.17,0.0
20230504:0430,0.0,0.0,0.0,2.87,3.1,0.0
20230504:0530,0.0,0.0,0.0,2.97,3.17,0.0
20230504:0630,0.0,0.0,0.0,3.03,3.03,0.0
20230504:0730,0.0,0.0,0.0,3.03,3.52,0.0
20230504:0830,0.0,0.0,0.0,3.07,3.24,0.0
20230504:0930,0.0,0.0,0.0,3.27,3.1,0.0
20230504:1030,0.0,5.25,1.52,3.31,2.48,0.0
20230504:1130,119.68,48.63,12.76,3.34,2.34,0.0
20230504:1230,528.96,169.65,24.34,3.59,3.24,0.0
20230504:1330,1050.44,308.51,35.94,4.01,3.66,0.0
20230504:1430,1407.88,409.0,47.19,5.11,3.38,0.0
20230504:1530,1743.12,508.4,57.37,6.58,3.38,0.0
20230504:1630,1926.84,567.14,64.85,7.92,3.17,0.0
20230504:1730,2441.28,725.78,66.67,8.71,3.1,0.0
20230504:1830,2783.76,839.21,61.72,9.67,3.03,0.0
20230504:1930,2422.32,728.65,52.63,10.48,2.69,0.0
20230504:2030,1838.2,550.17,41.8,10.97,2.62,0.0
20230504:2130,989.92,304.02,30.32,9.36,2.76,0.0
20230504:2230,314.36,117.28,18.69,8.53,2.69,0.0
20230504:2330,40.04,23.13,7.24,7.97,1.86,0.0
20230505:0030,0.0,0.0,-3.55,7.15,1.59,0.0
20230505:0130,0.0,0.0,0.0,6.24,1.31,0.0
20230505:0230,0.0,0.0,0.0,5.4,1.24,0.0
20230505:0330,0.0,0.0,0.0,4.41,1.24,0.0
20230505:0430,0.0,0.0,0.0,3.41,1.1,0.0
20230505:0530,0.0,0.0,0.0,2.69,0.97,0.0
20230505:0630,0.0,0.0,0.0,2.11,0.97,0.0
20230505:0730,0.0,0.0,0.0,1.29,0.9,0.0
20230505:0830,0.0,0.0,0.0,0.82,0.97,0.0
20230505:0930,0.0,0.0,0.0,0.44,0.97,0.0
20230505:1030,9.24,10.45,1.73,0.05,0.97,0.0
20230505:1130,162.76,87.19,12.96,0.2,0.76,0.0
20230505:1230,982.8,317.54,24.52,4.58,0.21,0.0
20230505:1330,1839.32,563.05,36.13,8.33,0.21,0.0
20230505:1430,2481.88,769.05,47.4,10.36,0.76,0.0
20230505:1530,2546.76,790.34,57.61,11.77,1.31,0.0
20230505:1630,2719.56,854.95,65.12,12.8,1.38,0.0
20230505:1730,2977.92,952.63,66.96,13.75,1.38,0.0
20230505:1830,2960.8,945.99,61.95,14.89,1.66,0.0
20230505:1930,2221.52,691.44,52.82,15.59,1.45,0.0
20230505:2030,1495.6,459.91,41.96,15.54,1.66,0.0
20230505:2130,1044.64,330.23,30.47,15.04,1.52,0.0
20230505:2230,443.44,174.12,18.84,14.6,1.52,0.0
20230505:2330,54.2,28.73,7.4,13.46,1.24,0.0
20230506:0030,0.0,0.0,-3.38,12.06,1.45,0.0
20230506:0130,0.0,0.0,0.0,10.51,1.59,0.0
20230506:0230,0.0,0.0,0.0,9.3,1.59,0.0
20230506:0330,0.0,0.0,0.0,8.12,1.52,0.0
20230506:0430,0.0,0.0,0.0,7.08,1.52,0.0
20230506:0530,0.0,0.0,0.0,6.09,1.38,0.0
20230506:0630,0.0,0.0,0.0,5.28,1.24,0.0
20230506:0730,0.0,0.0,0.0,4.9,1.38,0.0
20230506:0830,0.0,0.0,0.0,4.28,1.31,0.0
20230506:0930,0.0,0.0,0.0,3.64,1.31,0.0
20230506:1030,9.6,10.71,1.92,3.17,1.31,0.0
20230506:1130,159.96,86.93,13.14,3.29,1.17,0.0
20230506:1230,961.8,313.4,24.71,7.22,0.76,0.0
20230506:1330,1802.4,552.89,36.32,11.21,1.03,0.0
20230506:1430,2455.28,767.78,47.6,13.56,1.1,0.0
20230506:1530,2850.32,924.92,57.84,15.49,0.76,0.0
20230506:1630,3043.92,1012.17,65.39,17.11,0.69,0.0
20230506:1730,3099.88,1039.41,67.23,18.38,0.76,0.0
20230506:1830,2956.08,981.06,62.18,19.24,0.97,0.0
20230506:1930,2519.96,824.15,53.0,19.65,0.69,0.0
20230506:2030,2011.6,643.59,42.12,19.82,0.97,0.0
20230506:2130,1145.76,370.89,30.62,19.64,1.45,0.0
20230506:2230,402.88,160.48,18.99,18.66,1.17,0.0
20230506:2330,48.2,26.93,7.56,17.01,0.55,0.0
20230507:0030,0.0,0.0,-3.2,15.66,0.34,0.0
20230507:0130,0.0,0.0,0.0,13.66,0.69,0.0
20230507:0230,0.0,0.0,0.0,12.37,0.9,0.0
20230507:0330,0.0,0.0,0.0,11.0,1.03,0.0
20230507:0430,0.0,0.0,0.0,9.75,1.03,0.0
20230507:0530,0.0,0.0,0.0,8.74,0.97,0.0
20230507:0630,0.0,0.0,0.0,8.28,1.03,0.0
20230507:0730,0.0,0.0,0.0,8.28,1.17,0.0
20230507:0830,0.0,0.0,0.0,8.08,1.17,0.0
20230507:0930,0.0,0.0,0.0,8.8,1.38,0.0
20230507:1030,8.88,10.58,2.12,9.74,1.59,0.0
20230507:1130,100.28,54.8,13.33,10.12,1.66,0.0
20230507:1230,811.44,268.1,24.88,11.83,1.45,0.0
20230507:1330,1207.64,375.76,36.5,15.57,1.66,0.0
20230507:1430,809.96,256.85,47.79,16.48,2.48,0.0
20230507:1530,863.92,272.74,58.06,16.09,2.21,0.0
20230507:1630,1245.96,388.74,65.66,16.78,2.14,0.0
20230507:1730,917.28,289.37,67.51,17.48,3.31,0.0
20230507:1830,411.36,139.16,62.4,15.5,2.97,0.0
20230507:1930,246.12,89.75,53.18,14.88,2.21,0.0
20230507:2030,100.36,44.45,42.28,14.23,2.28,0.0
20230507:2130,116.4,49.66,30.77,13.92,2.83,0.0
20230507:2230,91.84,42.15,19.14,14.22,3.66,0.0
20230507:2330,31.52,20.42,7.72,14.46,3.66,0.0
20230508:0030,0.0,0.0,-3.03,14.74,2.83,0.0
20230508:0130,0.0,0.0,0.0,14.66,2.21,0.0
20230508:0230,0.0,0.0,0.0,14.69,2.41,0.0
20230508:0330,0.0,0.0,0.0,14.71,2.41,0.0
20230508:0430,0.0,0.0,0.0,14.8,2.41,0.0
20230508:0530,0.0,0.0,0.0,14.8,2.76,0.0
20230508:0630,0.0,0.0,0.0,14.76,2.48,0.0
20230508:0730,0.0,0.0,0.0,14.34,2.14,0.0
20230508:0830,0.0,0.0,0.0,14.22,2.21,0.0
20230508:0930,0.0,0.0,0.0,14.2,2.34,0.0
20230508:1030,0.52,6.03,2.31,14.16,2.21,0.0
20230508:1130,77.8,36.95,13.5,14.12,2.0,0.0
20230508:1230,336.08,116.91,25.06,14.33,2.07,0.0
20230508:1330,803.68,252.24,36.67,14.54,2.55,0.0
20230508:1430,1693.68,515.77,47.98,14.97,2.21,0.0
20230508:1530,2662.12,831.84,58.28,16.48,2.83,0.0
20230508:1630,2833.44,898.15,65.92,18.62,3.03,0.0
20230508:1730,3015.12,968.94,67.78,19.8,2.9,0.0
20230508:1830,2930.12,939.14,62.62,20.56,3.1,0.0
20230508:1930,2558.2,811.92,53.36,21.15,3.1,0.0
20230508:2030,1447.96,450.94,42.44,20.66,3.24,0.0
20230508:2130,928.68,300.96,30.92,19.73,2.48,0.0
20230508:2230,342.68,139.71,19.29,19.15,2.0,0.0
20230508:2330,50.56,27.9,7.88,18.02,1.52,0.0
20230509:0030,0.0,0.0,-2.86,16.76,1.38,0.0
20230509:0130,0.0,0.0,0.0,15.94,1.17,0.0
20230509:0230,0.0,0.0,0.0,15.24,1.03,0.0
20230509:0330,0.0,0.0,0.0,14.27,1.24,0.0
20230509:0430,0.0,0.0,0.0,13.42,1.1,0.0
20230509:0530,0.0,0.0,0.0,12.72,1.24,0.0
20230509:0630,0.0,0.0,0.0,12.93,1.17,0.0
20230509:0730,0.0,0.0,0.0,12.52,0.97,0.0
20230509:0830,0.0,0.0,0.0,11.77,1.03,0.0
20230509:0930,0.0,0.0,0.0,10.94,1.38,0.0
20230509:1030,4.2,8.22,2.49,11.04,1.24,0.0
20230509:1130,103.8,47.96,13.68,11.89,1.31,0.0
20230509:1230,139.68,56.85,25.22,12.9,1.03,0.0
20230509:1330,281.32,100.0,36.84,13.43,1.1,0.0
20230509:1430,361.96,123.71,48.16,14.04,1.24,0.0
20230509:1530,904.32,283.06,58.49,14.23,1.24,0.0
20230509:1630,1161.4,358.03,66.17,14.69,1.38,0.0
20230509:1730,907.8,281.92,68.04,14.4,1.66,0.0
20230509:1830,973.32,299.56,62.84,14.3,1.86,0.0
20230509:1930,1642.96,497.12,53.54,13.73,1.72,0.0
20230509:2030,1572.76,480.62,42.59,15.24,2.14,0.0
20230509:2130,1208.08,382.37,31.06,16.21,2.41,0.0
20230509:2230,444.12,174.79,19.44,16.45,2.41,0.0
20230509:2330,67.16,33.54,8.04,15.71,1.79,0.0
20230510:0030,0.0,0.0,-2.69,14.32,1.45,0.0
20230510:0130,0.0,0.0,0.0,13.07,1.38,0.0
20230510:0230,0.0,0.0,0.0,11.99,1.31,0.0
20230510:0330,0.0,0.0,0.0,10.88,1.24,0.0
20230510:0430,0.0,0.0,0.0,9.57,1.03,0.0
20230510:0530,0.0,0.0,0.0,9.6,0.62,0.0
20230510:0630,0.0,0.0,0.0,9.77,0.28,0.0
20230510:0730,0.0,0.0,0.0,8.97,0.34,0.0
20230510:0830,0.0,0.0,0.0,8.22,0.41,0.0
20230510:0930,0.0,0.0,0.0,6.09,0.97,0.0
20230510:1030,14.0,12.77,2.67,5.1,1.03,0.0
20230510:1130,166.96,90.86,13.85,5.11,0.9,0.0
20230510:1230,976.52,320.2,25.39,8.36,0.55,0.0
20230510:1330,1823.2,562.49,37.01,11.34,0.69,0.0
20230510:1430,2461.12,776.35,48.34,13.63,0.69,0.0
20230510:1530,2865.64,936.87,58.7,15.38,0.48,0.0
20230510:1630,3062.6,1028.41,66.42,16.82,0.34,0.0
20230510:1730,3062.72,1044.37,68.3,18.05,0.14,0.0
20230510:1830,2935.2,989.14,63.06,18.93,0.34,0.0
20230510:1930,2613.6,856.57,53.71,19.31,0.69,0.0
20230510:2030,2081.72,664.64,42.74,19.51,1.1,0.0
20230510:2130,1339.0,433.47,31.21,19.22,1.31,0.0
20230510:2230,484.52,195.05,19.59,18.42,1.38,0.0
20230510:2330,59.72,31.09,8.19,17.05,1.24,0.0
20230511:0030,0.0,0.0,-2.52,15.52,1.17,0.0
20230511:0130,0.0,0.0,0.0,13.84,0.97,0.0
20230511:0230,0.0,0.0,0.0,12.77,0.55,0.0
20230511:0330,0.0,0.0,0.0,12.2,0.55,0.0
20230511:0430,0.0,0.0,0.0,10.78,0.76,0.0
20230511:0530,0.0,0.0,0.0,9.54,0.83,0.0
20230511:0630,0.0,0.0,0.0,8.32,0.9,0.0
20230511:0730,0.0,0.0,0.0,6.87,1.03,0.0
20230511:0830,0.0,0.0,0.0,6.47,0.9,0.0
20230511:0930,0.0,0.0,0.0,6.26,0.9,0.0
20230511:1030,27.56,18.32,2.84,5.99,0.83,0.0
20230511:1130,232.44,99.62,14.01,6.39,0.69,0.0
20230511:1230,900.08,292.72,25.54,10.12,0.28,0.0
20230511:1330,1568.6,492.75,37.17,14.61,0.28,0.0
20230511:1430,2171.32,694.57,48.51,17.14,0.55,0.0
20230511:1530,2566.08,840.31,58.9,18.71,0.69,0.0
20230511:1630,2770.48,924.16,66.66,19.91,0.76,0.0
20230511:1730,2629.56,874.68,68.55,20.93,0.9,0.0
20230511:1830,2605.4,864.68,63.27,21.44,0.97,0.0
20230511:1930,2351.88,771.74,53.88,21.74,0.9,0.0
20230511:2030,1990.72,644.52,42.89,21.9,0.9,0.0
20230511:2130,1307.6,429.58,31.35,21.74,1.03,0.0
20230511:2230,477.08,195.06,19.73,21.0,0.9,0.0
20230511:2330,59.28,31.22,8.35,19.44,0.69,0.0
20230512:0030,0.0,0.0,-2.35,18.29,0.97,0.0
20230512:0130,0.0,0.0,0.0,16.23,1.03,0.0
20230512:0230,0.0,0.0,0.0,14.38,0.97,0.0
20230512:0330,0.0,0.0,0.0,13.92,0.9,0.0
20230512:0430,0.0,0.0,0.0,13.03,0.83,0.0
20230512:0530,0.0,0.0,0.0,12.24,0.76,0.0
20230512:0630,0.0,0.0,0.0,11.37,0.76,0.0
20230512:0730,0.0,0.0,0.0,9.98,0.97,0.0
20230512:0830,0.0,0.0,0.0,9.11,1.1,0.0
20230512:0930,0.0,0.0,0.0,8.84,1.17,0.0
20230512:1030,18.2,14.73,3.01,9.04,1.17,0.0
20230512:1130,184.44,86.51,14.17,9.78,1.1,0.0
20230512:1230,842.64,280.56,25.7,13.47,0.83,0.0
20230512:1330,1434.68,452.86,37.32,17.77,0.83,0.0
20230512:1430,1693.32,531.51,48.68,19.34,1.24,0.0
20230512:1530,1979.76,627.14,59.09,20.21,1.38,0.0
20230512:1630,2501.44,810.01,66.9,20.86,1.52,0.0
20230512:1730,2395.08,774.7,68.8,22.04,1.59,0.0
20230512:1830,1786.24,571.25,63.47,22.47,1.59,0.0
20230512:1930,1693.52,545.16,54.05,21.91,0.97,0.0
20230512:2030,977.36,316.14,43.04,21.93,1.1,0.0
20230512:2130,664.76,221.01,31.49,21.09,1.03,0.0
20230512:2230,204.96,79.67,19.88,19.88,0.28,0.0
20230512:2330,57.36,30.43,8.5,18.55,0.28,0.0
20230513:0030,0.0,0.0,-2.19,17.85,0.76,0.0
20230513:0130,0.0,0.0,0.0,16.92,0.97,0.0
20230513:0230,0.0,0.0,0.0,15.91,1.1,0.0
20230513:0330,0.0,0.0,0.0,15.43,0.97,0.0
20230513:0430,0.0,0.0,0.0,15.15,0.9,0.0
20230513:0530,0.0,0.0,0.0,14.81,0.9,0.0
20230513:0630,0.0,0.0,0.0,14.46,0.83,0.0
20230513:0730,0.0,0.0,0.0,14.82,1.24,0.0
20230513:0830,0.0,0.0,0.0,14.34,0.76,0.0
20230513:0930,0.0,0.0,0.0,13.62,0.55,0.0
20230513:1030,1.32,6.56,3.18,13.06,0.62,0.0
20230513:1130,109.84,54.56,14.32,13.38,0.55,0.0
20230513:1230,147.52,60.76,25.84,14.93,0.62,0.0
20230513:1330,93.2,42.42,37.47,15.93,0.76,0.0
20230513:1430,152.64,61.61,48.84,15.85,0.76,0.0
20230513:1530,264.12,95.9,59.28,15.99,0.55,0.0
20230513:1630,315.76,111.31,67.13,16.18,0.97,0.0
20230513:1730,247.6,90.57,69.05,16.22,0.9,0.0
20230513:1830,676.36,217.86,63.68,16.18,0.97,0.0
20230513:1930,612.64,198.33,54.21,16.12,1.31,0.0
20230513:2030,665.2,214.54,43.19,16.43,1.1,0.0
20230513:2130,359.04,125.11,31.63,16.14,1.52,0.0
20230513:2230,183.56,75.98,20.02,15.46,1.38,0.0
20230513:2330,48.28,26.76,8.65,15.04,1.17,0.0
20230514:0030,0.0,0.0,-2.02,14.56,1.17,0.0
20230514:0130,0.0,0.0,0.0,13.61,1.03,0.0
20230514:0230,0.0,0.0,0.0,12.86,0.69,0.0
20230514:0330,0.0,0.0,0.0,11.94,0.41,0.0
20230514:0430,0.0,0.0,0.0,11.22,0.21,0.0
20230514:0530,0.0,0.0,0.0,10.21,0.21,0.0
20230514:0630,0.0,0.0,0.0,9.53,0.21,0.0
20230514:0730,0.0,0.0,0.0,10.7,0.14,0.0
20230514:0830,0.0,0.0,0.0,10.32,0.21,0.0
20230514:0930,0.0,0.0,0.0,9.95,0.48,0.0
20230514:1030,24.12,17.18,3.34,9.49,0.83,0.0
20230514:1130,222.52,86.63,14.47,10.07,0.76,0.0
20230514:1230,676.92,224.33,25.98,12.0,0.55,0.0
20230514:1330,1501.76,467.44,37.61,14.05,0.62,0.0
20230514:1430,2318.92,736.81,48.99,15.9,0.62,0.0
20230514:1530,2653.56,867.52,59.46,17.96,0.55,0.0
20230514:1630,2994.36,997.57,67.35,19.19,0.9,0.0
20230514:1730,3012.96,993.22,69.29,20.32,1.66,0.0
20230514:1830,2934.0,958.4,63.88,20.78,2.0,0.0
20230514:1930,2374.24,763.84,54.38,21.09,1.72,0.0
20230514:2030,1756.6,555.05,43.33,20.89,1.93,0.0
20230514:2130,1200.16,388.35,31.77,20.33,2.0,0.0
20230514:2230,465.0,183.86,20.16,19.46,1.86,0.0
20230514:2330,72.68,35.77,8.8,18.13,1.66,0.0
20230515:0030,0.0,0.0,-1.86,16.48,1.59,0.0
20230515:0130,0.0,0.0,0.0,15.02,1.52,0.0
20230515:0230,0.0,0.0,0.0,14.0,1.38,0.0
20230515:0330,0.0,0.0,0.0,13.1,1.24,0.0
20230515:0430,0.0,0.0,0.0,12.39,1.52,0.0
20230515:0530,0.0,0.0,0.0,11.45,1.72,0.0
20230515:0630,0.0,0.0,0.0,10.97,1.79,0.0
20230515:0730,0.0,0.0,0.0,11.13,1.72,0.0
20230515:0830,0.0,0.0,0.0,11.0,1.79,0.0
20230515:0930,0.0,0.0,0.0,10.68,1.72,0.0
20230515:1030,14.44,13.16,3.49,10.3,1.59,0.0
20230515:1130,220.2,81.48,14.61,10.13,1.45,0.0
20230515:1230,515.96,167.94,26.12,10.68,1.38,0.0
20230515:1330,798.2,249.64,37.75,11.71,1.31,0.0
20230515:1430,1397.76,428.01,49.14,12.9,1.38,0.0
20230515:1530,2111.76,659.35,59.63,14.98,1.31,0.0
20230515:1630,2669.92,858.42,67.57,17.24,1.17,0.0
20230515:1730,2923.4,951.93,69.53,18.99,1.72,0.0
20230515:1830,2411.08,771.94,64.07,20.19,1.79,0.0
20230515:1930,1909.84,597.73,54.54,19.52,2.0,0.0
20230515:2030,1480.28,462.78,43.47,19.29,2.0,0.0
20230515:2130,695.76,228.76,31.91,18.93,1.86,0.0
20230515:2230,317.88,125.97,20.3,17.91,1.31,0.0
20230515:2330,74.2,36.16,8.95,17.06,1.17,0.0
20230516:0030,0.0,0.0,-1.7,15.96,1.24,0.0
20230516:0130,0.0,0.0,0.0,14.93,1.17,0.0
20230516:0230,0.0,0.0,0.0,14.24,1.1,0.0
20230516:0330,0.0,0.0,0.0,13.46,1.1,0.0
20230516:0430,0.0,0.0,0.0,12.83,1.1,0.0
20230516:0530,0.0,0.0,0.0,12.1,1.24,0.0
20230516:0630,0.0,0.0,0.0,11.48,1.17,0.0
20230516:0730,0.0,0.0,0.0,10.9,1.24,0.0
20230516:0830,0.0,0.0,0.0,10.45,1.17,0.0
20230516:0930,0.0,0.0,0.0,9.95,1.17,0.0
20230516:1030,21.2,16.0,3.64,9.62,1.1,0.0
20230516:1130,212.28,96.71,14.75,9.9,0.9,0.0
20230516:1230,824.2,274.27,26.25,13.1,0.69,0.0
20230516:1330,1593.12,493.53,37.88,15.32,1.86,0.0
20230516:1430,1828.36,563.61,49.28,16.92,2.48,0.0
20230516:1530,1672.16,513.07,59.8,17.57,2.97,0.0
20230516:1630,969.44,303.13,67.79,17.47,3.17,0.0
20230516:1730,571.32,186.57,69.76,16.4,3.03,0.0
20230516:1830,445.96,149.42,64.27,15.65,2.41,0.0
20230516:1930,490.52,162.39,54.69,15.14,2.07,0.0
20230516:2030,394.76,133.81,43.61,14.37,2.0,0.0
20230516:2130,285.96,101.59,32.04,14.0,1.79,0.0
20230516:2230,102.48,45.1,20.44,13.85,1.24,0.0
20230516:2330,22.88,16.92,9.1,13.54,1.17,0.0
20230517:0030,0.0,0.0,-1.54,13.08,1.03,0.0
20230517:0130,0.0,0.0,0.0,12.7,0.83,0.0
20230517:0230,0.0,0.0,0.0,12.39,0.9,0.0
20230517:0330,0.0,0.0,0.0,12.04,1.1,0.0
20230517:0430,0.0,0.0,0.0,11.44,1.38,0.0
20230517:0530,0.0,0.0,0.0,10.48,1.52,0.0
20230517:0630,0.0,0.0,0.0,9.75,1.59,0.0
20230517:0730,0.0,0.0,0.0,9.76,1.38,0.0
20230517:0830,0.0,0.0,0.0,9.64,1.38,0.0
20230517:0930,0.0,0.0,0.0,9.71,1.72,0.0
20230517:1030,25.76,17.84,3.78,9.49,1.79,0.0
20230517:1130,211.16,87.63,14.88,9.66,2.0,0.0
20230517:1230,669.6,219.18,26.38,9.9,2.34,0.0
20230517:1330,1224.72,371.2,38.01,10.71,2.34,0.0
20230517:1430,1714.0,514.68,49.42,11.94,2.69,0.0
20230517:1530,1840.72,557.08,59.96,13.03,2.69,0.0
20230517:1630,2893.8,899.65,67.99,13.81,2.62,0.0
20230517:1730,2894.72,905.24,69.98,15.19,2.69,0.0
20230517:1830,2818.08,881.85,64.46,15.63,2.62,0.0
20230517:1930,2486.28,770.97,54.85,15.87,2.48,0.0
20230517:2030,2133.84,659.94,43.75,15.95,2.34,0.0
20230517:2130,1381.8,436.94,32.18,15.79,2.34,0.0
20230517:2230,512.4,202.07,20.58,15.1,2.14,0.0
20230517:2330,72.6,35.2,9.24,14.1,1.59,0.0
20230518:0030,0.0,0.0,-1.39,12.69,1.31,0.0
20230518:0130,0.0,0.0,0.0,11.43,1.17,0.0
20230518:0230,0.0,0.0,0.0,10.17,1.03,0.0
20230518:0330,0.0,0.0,0.0,8.93,1.03,0.0
20230518:0430,0.0,0.0,0.0,7.94,1.17,0.0
20230518:0530,0.0,0.0,0.0,7.09,1.31,0.0
20230518:0630,0.0,0.0,0.0,6.52,1.45,0.0
20230518:0730,0.0,0.0,0.0,6.12,1.72,0.0
20230518:0830,0.0,0.0,0.0,5.83,1.86,0.0
20230518:0930,0.0,0.0,0.0,5.4,1.93,0.0
20230518:1030,23.36,16.61,3.92,5.04,1.93,0.0
20230518:1130,175.72,94.91,15.01,5.45,1.72,0.0
20230518:1230,966.88,313.81,26.5,8.03,1.79,0.0
20230518:1330,1707.08,513.54,38.13,10.13,2.48,0.0
20230518:1430,2194.28,662.01,49.55,12.02,2.97,0.0
20230518:1530,2760.44,851.68,60.12,13.78,2.97,0.0
20230518:1630,3025.24,954.28,68.19,15.55,2.76,0.0
20230518:1730,2644.52,834.4,70.2,17.35,2.41,0.0
20230518:1830,1807.4,561.25,64.64,17.82,2.41,0.0
20230518:1930,1640.84,512.27,55.0,18.5,1.86,0.0
20230518:2030,1386.76,433.08,43.89,18.42,2.21,0.0
20230518:2130,1121.84,357.66,32.31,17.92,2.41,0.0
20230518:2230,456.84,175.33,20.71,16.97,2.69,0.0
20230518:2330,80.0,37.91,9.39,15.64,2.76,0.0
20230519:0030,0.0,0.0,-1.23,13.83,2.69,0.0
20230519:0130,0.0,0.0,0.0,12.36,2.62,0.0
20230519:0230,0.0,0.0,0.0,11.51,2.48,0.0
20230519:0330,0.0,0.0,0.0,10.91,2.28,0.0
20230519:0430,0.0,0.0,0.0,10.53,2.28,0.0
20230519:0530,0.0,0.0,0.0,10.15,2.28,0.0
20230519:0630,0.0,0.0,0.0,9.75,2.14,0.0
20230519:0730,0.0,0.0,0.0,9.28,2.28,0.0
20230519:0830,0.0,0.0,0.0,8.87,2.21,0.0
20230519:0930,0.0,0.0,0.0,8.38,2.07,0.0
20230519:1030,26.44,18.01,4.05,8.11,2.0,0.0
20230519:1130,196.2,96.69,15.13,8.4,1.86,0.0
20230519:1230,948.08,311.76,26.61,10.38,1.79,0.0
20230519:1330,1746.04,533.72,38.25,12.83,2.14,0.0
20230519:1430,2120.12,651.12,49.68,15.0,2.14,0.0
20230519:1530,2627.88,824.21,60.27,16.32,2.21,0.0
20230519:1630,3077.72,993.76,68.39,17.77,2.14,0.0
20230519:1730,2567.96,821.59,70.42,19.17,2.0,0.0
20230519:1830,2241.6,711.44,64.82,19.92,2.14,0.0
20230519:1930,1439.12,453.76,55.15,20.57,2.48,0.0
20230519:2030,1196.16,377.26,44.02,20.0,2.48,0.0
20230519:2130,1190.52,382.65,32.44,19.3,2.28,0.0
20230519:2230,427.76,172.65,20.84,18.81,2.28,0.0
20230519:2330,60.52,31.44,9.53,17.64,1.93,0.0
20230520:0030,0.0,0.0,-1.08,15.99,2.0,0.0
20230520:0130,0.0,0.0,0.0,14.62,2.14,0.0
20230520:0230,0.0,0.0,0.0,13.6,2.28,0.0
20230520:0330,0.0,0.0,0.0,12.93,2.14,0.0
20230520:0430,0.0,0.0,0.0,12.35,2.0,0.0
20230520:0530,0.0,0.0,0.0,11.95,1.93,0.0
20230520:0630,0.0,0.0,0.0,11.72,1.93,0.0
20230520:0730,0.0,0.0,0.0,11.96,1.93,0.0
20230520:0830,0.0,0.0,0.0,11.72,2.0,0.0
20230520:0930,0.0,0.0,0.0,11.62,1.93,0.0
20230520:1030,35.96,21.91,4.18,11.62,1.79,0.0
20230520:1130,255.24,100.86,15.24,12.21,1.59,0.0
20230520:1230,707.28,233.9,26.73,14.06,1.38,0.0
20230520:1330,1306.52,406.89,38.36,16.11,1.52,0.0
20230520:1430,1694.76,521.88,49.8,17.81,2.69,0.0
20230520:1530,1939.2,603.33,60.41,18.64,2.14,0.0
20230520:1630,1586.04,491.13,68.57,19.5,2.34,0.0
20230520:1730,1148.56,358.48,70.63,18.83,2.41,0.0
20230520:1830,1132.0,350.77,65.0,18.26,2.62,0.0
20230520:1930,441.16,148.06,55.3,16.7,2.76,0.0
20230520:2030,159.8,63.7,44.16,15.57,2.07,0.0
20230520:2130,243.48,89.31,32.57,15.11,1.45,0.0
20230520:2230,194.92,74.62,20.98,14.56,1.93,0.0
20230520:2330,35.56,21.95,9.67,14.18,1.72,0.0
20230521:0030,0.0,0.0,-0.93,13.44,1.93,0.0
20230521:0130,0.0,0.0,0.0,12.97,1.79,0.0
20230521:0230,0.0,0.0,0.0,12.27,1.79,0.0
20230521:0330,0.0,0.0,0.0,11.91,1.93,0.0
20230521:0430,0.0,0.0,0.0,11.24,2.07,0.0
20230521:0530,0.0,0.0,0.0,10.31,2.0,0.0
20230521:0630,0.0,0.0,0.0,9.21,1.66,0.0
20230521:0730,0.0,0.0,0.0,8.18,1.66,0.0
20230521:0830,0.0,0.0,0.0,7.45,1.59,0.0
20230521:0930,0.0,0.0,0.0,6.94,1.52,0.0
20230521:1030,26.56,17.97,4.3,6.52,1.31,0.0
20230521:1130,180.32,95.63,15.35,6.62,0.83,0.0
20230521:1230,962.44,314.52,26.83,8.51,0.97,0.0
20230521:1330,1781.8,541.09,38.46,10.23,1.59,0.0
20230521:1430,2482.36,760.42,49.91,12.02,2.0,0.0
20230521:1530,2935.12,919.26,60.55,13.97,2.28,0.0
20230521:1630,3180.24,1015.36,68.75,15.64,2.34,0.0
20230521:1730,3169.72,1019.01,70.84,16.91,2.34,0.0
20230521:1830,3001.68,961.51,65.17,17.72,2.34,0.0
20230521:1930,2642.0,837.85,55.44,18.14,2.21,0.0
20230521:2030,2043.08,639.52,44.29,18.27,2.21,0.0
20230521:2130,1332.64,426.08,32.69,17.95,2.21,0.0
20230521:2230,497.2,194.69,21.11,17.31,2.14,0.0
20230521:2330,77.24,37.08,9.81,16.27,1.59,0.0
20230522:0030,0.0,0.0,-0.78,14.9,1.31,0.0
20230522:0130,0.0,0.0,0.0,13.53,1.1,0.0
20230522:0230,0.0,0.0,0.0,12.13,1.03,0.0
20230522:0330,0.0,0.0,0.0,10.98,0.97,0.0
20230522:0430,0.0,0.0,0.0,10.39,0.76,0.0
20230522:0530,0.0,0.0,0.0,10.23,0.69,0.0
20230522:0630,0.0,0.0,0.0,10.3,0.62,0.0
20230522:0730,0.0,0.0,0.0,10.58,0.28,0.0
20230522:0830,0.0,0.0,0.0,10.47,0.41,0.0
20230522:0930,0.0,0.0,0.0,10.28,0.55,0.0
20230522:1030,26.24,18.06,4.42,9.99,0.48,0.0
20230522:1130,174.6,95.1,15.46,9.58,0.41,0.0
20230522:1230,939.64,313.98,26.93,11.65,0.21,0.0
20230522:1330,1721.8,541.18,38.56,14.98,0.55,0.0
20230522:1430,2329.08,740.01,50.02,16.75,0.97,0.0
20230522:1530,2643.8,856.7,60.68,18.02,0.97,0.0
20230522:1630,2476.24,803.52,68.93,19.02,0.76,0.0
20230522:1730,1995.28,641.86,71.04,19.68,0.83,0.0
20230522:1830,1846.92,590.05,65.34,19.84,0.97,0.0
20230522:1930,1679.24,533.54,55.58,20.16,1.17,0.0
20230522:2030,1091.88,347.51,44.41,20.21,1.45,0.0
20230522:2130,695.0,228.51,32.82,19.58,1.38,0.0
20230522:2230,362.96,132.18,21.23,18.8,1.45,0.0
20230522:2330,96.32,43.72,9.94,17.64,1.52,0.0
20230523:0030,0.0,0.0,-0.64,16.34,1.59,0.0
20230523:0130,0.0,0.0,0.0,15.04,1.72,0.0
20230523:0230,0.0,0.0,0.0,14.32,1.72,0.0
20230523:0330,0.0,0.0,0.0,13.62,1.66,0.0
20230523:0430,0.0,0.0,0.0,12.98,1.59,0.0
20230523:0530,0.0,0.0,0.0,12.4,1.59,0.0
20230523:0630,0.0,0.0,0.0,11.96,1.52,0.0
20230523:0730,0.0,0.0,0.0,11.79,1.66,0.0
20230523:0830,0.0,0.0,0.0,11.13,1.59,0.0
20230523:0930,0.0,0.0,0.0,10.59,1.66,0.0
20230523:1030,31.8,20.2,4.53,9.9,1.66,0.0
20230523:1130,231.84,103.5,15.56,9.91,1.45,0.0
20230523:1230,908.64,300.24,27.03,12.92,0.97,0.0
20230523:1330,1685.28,523.3,38.66,15.18,1.72,0.0
20230523:1430,2335.2,728.54,50.12,16.59,2.21,0.0
20230523:1530,2783.4,882.51,60.81,17.83,2.55,0.0
20230523:1630,2721.8,858.87,69.1,18.88,3.17,0.0
20230523:1730,2134.36,666.04,71.23,19.35,3.03,0.0
20230523:1830,1549.88,480.78,65.51,19.41,2.9,0.0
20230523:1930,1473.32,455.5,55.72,18.5,2.69,0.0
20230523:2030,1282.88,398.49,44.54,18.43,2.69,0.0
20230523:2130,1053.76,337.24,32.94,18.24,2.69,0.0
20230523:2230,364.56,141.83,21.36,17.92,2.48,0.0
20230523:2330,80.24,38.17,10.08,16.78,2.0,0.0
20230524:0030,0.0,0.0,-0.5,15.51,1.66,0.0
20230524:0130,0.0,0.0,0.0,14.21,1.59,0.0
20230524:0230,0.0,0.0,0.0,13.31,1.52,0.0
20230524:0330,0.0,0.0,0.0,12.46,1.45,0.0
20230524:0430,0.0,0.0,0.0,11.44,1.24,0.0
20230524:0530,0.0,0.0,0.0,10.33,1.03,0.0
20230524:0630,0.0,0.0,0.0,9.39,0.83,0.0
20230524:0730,0.0,0.0,0.0,8.85,0.69,0.0
20230524:0830,0.0,0.0,0.0,8.51,0.48,0.0
20230524:0930,0.0,0.0,0.0,7.99,0.55,0.0
20230524:1030,28.0,18.58,4.64,7.33,0.62,0.0
20230524:1130,176.16,95.15,15.66,7.93,0.48,0.0
20230524:1230,943.04,316.51,27.12,12.07,0.14,0.0
20230524:1330,1738.04,550.53,38.74,15.15,0.14,0.0
20230524:1430,2354.88,756.28,50.22,16.96,0.48,0.0
20230524:1530,2789.72,913.17,60.93,18.27,0.9,0.0
20230524:1630,3006.84,996.49,69.26,19.34,1.17,0.0
20230524:1730,2932.96,972.57,71.42,20.28,1.24,0.0
20230524:1830,2758.44,904.08,65.67,20.97,1.45,0.0
20230524:1930,2154.16,688.4,55.86,21.12,1.79,0.0
20230524:2030,1293.68,408.54,44.66,20.9,2.07,0.0
20230524:2130,830.8,271.01,33.06,19.95,2.21,0.0
20230524:2230,412.96,161.81,21.48,19.23,1.93,0.0
20230524:2330,75.68,36.81,10.21,18.26,1.59,0.0
20230525:0030,0.0,0.0,-0.36,17.0,1.31,0.0
20230525:0130,0.0,0.0,0.0,15.97,1.24,0.0
20230525:0230,0.0,0.0,0.0,14.98,1.17,0.0
20230525:0330,0.0,0.0,0.0,14.09,1.24,0.0
20230525:0430,0.0,0.0,0.0,13.44,1.45,0.0
20230525:0530,0.0,0.0,0.0,12.84,1.66,0.0
20230525:0630,0.0,0.0,0.0,12.0,1.86,0.0
20230525:0730,0.0,0.0,0.0,10.82,1.72,0.0
20230525:0830,0.0,0.0,0.0,10.08,1.66,0.0
20230525:0930,0.0,0.0,0.0,9.6,1.72,0.0
20230525:1030,28.08,18.71,4.74,8.99,1.79,0.0
20230525:1130,181.36,93.86,15.75,8.79,1.72,0.0
20230525:1230,931.96,305.38,27.2,9.22,1.93,0.0
20230525:1330,1757.76,533.38,38.83,10.49,1.79,0.0
20230525:1430,2454.04,755.99,50.31,12.18,1.59,0.0
20230525:1530,2764.28,868.09,61.04,13.89,1.66,0.0
20230525:1630,3108.4,998.85,69.41,15.29,1.72,0.0
20230525:1730,2950.4,949.36,71.6,16.54,1.59,0.0
20230525:1830,2950.72,953.21,65.83,17.24,1.66,0.0
20230525:1930,2546.56,804.48,55.99,17.56,2.0,0.0
20230525:2030,2020.0,629.14,44.79,17.52,2.21,0.0
20230525:2130,1323.64,421.06,33.18,17.17,2.34,0.0
20230525:2230,500.44,197.39,21.61,16.46,2.28,0.0
20230525:2330,79.32,37.65,10.34,15.38,2.0,0.0
20230526:0030,0.0,0.0,-0.22,13.78,1.79,0.0
20230526:0130,0.0,0.0,0.0,12.45,1.79,0.0
20230526:0230,0.0,0.0,0.0,11.32,1.79,0.0
20230526:0330,0.0,0.0,0.0,10.72,1.79,0.0
20230526:0430,0.0,0.0,0.0,9.88,1.72,0.0
20230526:0530,0.0,0.0,0.0,9.17,1.72,0.0
20230526:0630,0.0,0.0,0.0,8.57,1.66,0.0
20230526:0730,0.0,0.0,0.0,7.88,1.59,0.0
20230526:0830,0.0,0.0,0.0,7.06,1.59,0.0
20230526:0930,0.0,0.0,0.0,6.75,1.66,0.0
20230526:1030,30.36,19.41,4.83,6.37,1.79,0.0
20230526:1130,180.08,97.28,15.83,6.33,1.66,0.0
20230526:1230,993.48,325.62,27.28,8.68,1.31,0.0
20230526:1330,1853.8,564.85,38.91,10.67,1.66,0.0
20230526:1430,2517.4,776.32,50.4,12.65,1.86,0.0
20230526:1530,2963.88,935.83,61.15,14.36,2.0,0.0
20230526:1630,3195.76,1028.95,69.56,15.79,2.0,0.0
20230526:1730,3229.48,1047.26,71.78,16.96,2.07,0.0
20230526:1830,3061.76,987.75,65.98,17.82,2.14,0.0
20230526:1930,2702.64,858.21,56.12,18.24,2.28,0.0
20230526:2030,2139.92,671.3,44.91,18.39,2.21,0.0
20230526:2130,1389.16,445.54,33.3,18.23,2.07,0.0
20230526:2230,522.8,207.77,21.73,17.67,1.93,0.0
20230526:2330,82.0,38.74,10.46,16.54,1.52,0.0
20230527:0030,0.0,0.0,-0.09,15.04,1.66,0.0
20230527:0130,0.0,0.0,0.0,13.33,1.72,0.0
20230527:0230,0.0,0.0,0.0,12.08,1.72,0.0
20230527:0330,0.0,0.0,0.0,11.23,1.72,0.0
20230527:0430,0.0,0.0,0.0,10.55,1.66,0.0
20230527:0530,0.0,0.0,0.0,9.74,1.45,0.0
20230527:0630,0.0,0.0,0.0,8.73,1.17,0.0
20230527:0730,0.0,0.0,0.0,7.73,1.1,0.0
20230527:0830,0.0,0.0,0.0,6.85,0.97,0.0
20230527:0930,0.0,0.0,0.0,6.37,1.03,0.0
20230527:1030,48.64,26.02,4.92,5.92,1.03,0.0
20230527:1130,223.44,103.82,15.91,6.55,1.1,0.0
20230527:1230,962.44,316.55,27.35,10.3,0.9,0.0
20230527:1330,1781.96,547.51,38.98,13.09,1.93,0.0
20230527:1430,2449.2,752.91,50.48,14.62,2.83,0.0
20230527:1530,2862.8,894.44,61.25,15.83,3.1,0.0
20230527:1630,3009.92,956.69,69.7,16.93,2.9,0.0
20230527:1730,2920.48,933.91,71.95,17.94,2.76,0.0
20230527:1830,3002.88,963.02,66.13,18.62,2.62,0.0
20230527:1930,2544.92,806.83,56.25,19.3,2.55,0.0
20230527:2030,2068.52,649.43,45.02,19.44,2.55,0.0
20230527:2130,1331.44,427.59,33.42,19.23,2.41,0.0
20230527:2230,534.72,200.4,21.84,18.68,2.07,0.0
20230527:2330,157.72,63.57,10.59,17.48,1.66,0.0
20230528:0030,0.72,6.21,0.04,16.06,1.59,0.0
20230528:0130,0.0,0.0,0.0,14.7,1.72,0.0
20230528:0230,0.0,0.0,0.0,13.27,1.72,0.0
20230528:0330,0.0,0.0,0.0,12.38,1.59,0.0
20230528:0430,0.0,0.0,0.0,11.32,1.31,0.0
20230528:0530,0.0,0.0,0.0,10.55,1.1,0.0
20230528:0630,0.0,0.0,0.0,10.22,1.17,0.0
20230528:0730,0.0,0.0,0.0,10.12,1.38,0.0
20230528:0830,0.0,0.0,0.0,10.01,1.38,0.0
20230528:0930,0.0,0.0,0.0,10.12,1.38,0.0
20230528:1030,14.84,13.34,5.01,10.21,1.31,0.0
20230528:1130,124.36,53.33,15.99,10.29,1.31,0.0
20230528:1230,314.04,111.73,27.42,11.34,1.31,0.0
20230528:1330,471.68,154.99,39.05,12.25,1.31,0.0
20230528:1430,509.76,165.52,50.55,12.82,1.45,0.0
20230528:1530,772.08,240.67,61.34,12.94,1.66,0.0
20230528:1630,1061.52,324.12,69.84,13.6,2.0,0.0
20230528:1730,1365.64,418.43,72.12,14.35,2.14,0.0
20230528:1830,1215.92,373.2,66.28,15.52,2.28,0.0
20230528:1930,1302.12,399.63,56.37,15.47,2.14,0.0
20230528:2030,1309.64,403.74,45.14,16.14,2.28,0.0
20230528:2130,742.36,240.2,33.53,16.95,2.41,0.0
20230528:2230,389.84,149.86,21.96,16.43,1.72,0.0
20230528:2330,29.12,19.54,10.71,15.29,1.45,0.0
20230529:0030,0.0,3.5,0.17,13.85,1.38,0.0
20230529:0130,0.0,0.0,0.0,12.61,1.38,0.0
20230529:0230,0.0,0.0,0.0,11.73,1.45,0.0
20230529:0330,0.0,0.0,0.0,11.12,1.38,0.0
20230529:0430,0.0,0.0,0.0,10.52,1.38,0.0
20230529:0530,0.0,0.0,0.0,10.69,1.45,0.0
20230529:0630,0.0,0.0,0.0,10.81,1.52,0.0
20230529:0730,0.0,0.0,0.0,11.96,1.24,0.0
20230529:0830,0.0,0.0,0.0,10.99,1.31,0.0
20230529:0930,0.0,0.0,0.0,11.11,1.31,0.0
20230529:1030,7.44,9.93,5.09,11.0,1.31,0.0
20230529:1130,132.28,57.72,16.06,11.58,1.31,0.0
20230529:1230,357.48,126.15,27.49,12.47,1.31,0.0
20230529:1330,922.72,286.88,39.11,13.17,1.66,0.0
20230529:1430,1133.92,348.32,50.62,14.16,1.93,0.0
20230529:1530,1314.12,404.13,61.43,15.03,1.93,0.0
20230529:1630,1755.12,542.64,69.96,15.8,1.79,0.0
20230529:1730,1072.72,335.5,72.28,17.05,1.79,0.0
20230529:1830,1062.36,332.74,66.42,16.98,1.72,0.0
20230529:1930,1287.08,402.0,56.5,18.14,1.79,0.0
20230529:2030,1594.88,498.72,45.25,18.78,1.93,0.0
20230529:2130,1025.4,330.31,33.64,19.17,2.48,0.0
20230529:2230,453.48,175.81,22.07,18.8,2.55,0.0
20230529:2330,59.6,31.17,10.83,18.16,1.59,0.0
20230530:0030,0.0,5.03,0.29,16.91,1.45,0.0
20230530:0130,0.0,0.0,0.0,15.77,1.66,0.0
20230530:0230,0.0,0.0,0.0,15.19,1.79,0.0
20230530:0330,0.0,0.0,0.0,14.73,1.66,0.0
20230530:0430,0.0,0.0,0.0,14.29,1.59,0.0
20230530:0530,0.0,0.0,0.0,14.0,1.45,0.0
20230530:0630,0.0,0.0,0.0,13.89,1.45,0.0
20230530:0730,0.0,0.0,0.0,14.18,1.52,0.0
20230530:0830,0.0,0.0,0.0,14.06,1.66,0.0
20230530:0930,0.0,0.0,0.0,13.71,1.59,0.0
20230530:1030,22.28,16.66,5.16,13.35,1.59,0.0
20230530:1130,201.96,82.02,16.12,13.12,1.66,0.0
20230530:1230,692.48,232.34,27.55,13.55,1.66,0.0
20230530:1330,1468.28,452.13,39.17,14.35,2.07,0.0
20230530:1430,2153.52,666.81,50.68,15.73,2.07,0.0
20230530:1530,2481.48,779.36,61.51,17.52,2.34,0.0
20230530:1630,2968.6,958.4,70.09,18.83,2.14,0.0
20230530:1730,2948.84,954.73,72.43,20.38,2.41,0.0
20230530:1830,2532.12,810.21,66.56,21.14,2.55,0.0
20230530:1930,2192.12,692.47,56.61,21.33,2.55,0.0
20230530:2030,1694.36,533.03,45.36,21.44,2.76,0.0
20230530:2130,1237.44,400.5,33.75,21.16,2.76,0.0
20230530:2230,479.84,192.89,22.19,20.67,2.41,0.0
20230530:2330,84.08,39.92,10.95,19.72,1.86,0.0
20230531:0030,0.8,6.3,0.42,18.22,1.79,0.0
20230531:0130,0.0,0.0,0.0,16.74,1.79,0.0
20230531:0230,0.0,0.0,0.0,15.63,1.86,0.0
20230531:0330,0.0,0.0,0.0,14.8,1.86,0.0
20230531:0430,0.0,0.0,0.0,13.98,1.72,0.0
20230531:0530,0.0,0.0,0.0,13.16,1.66,0.0
20230531:0630,0.0,0.0,0.0,12.38,1.52,0.0
20230531:0730,0.0,0.0,0.0,12.11,1.38,0.0
20230531:0830,0.0,0.0,0.0,11.71,1.31,0.0
20230531:0930,0.0,0.0,0.0,11.24,1.17,0.0
20230531:1030,33.24,20.81,5.23,10.68,0.97,0.0
20230531:1130,188.68,96.13,16.18,10.8,0.62,0.0
20230531:1230,894.36,302.07,27.6,13.98,0.69,0.0
20230531:1330,1633.4,512.89,39.22,15.98,0.97,0.0
20230531:1430,2273.92,724.11,50.74,17.67,0.97,0.0
20230531:1530,2742.16,898.1,61.59,19.12,0.97,0.0
20230531:1630,2968.8,991.65,70.2,20.47,1.03,0.0
20230531:1730,3020.36,1017.12,72.58,21.58,1.1,0.0
20230531:1830,2878.28,965.69,66.69,22.46,1.1,0.0
20230531:1930,2557.2,841.8,56.73,22.95,1.31,0.0
20230531:2030,2012.68,650.77,45.47,23.13,1.45,0.0
20230531:2130,1311.72,431.9,33.85,22.93,1.52,0.0
20230531:2230,509.0,206.32,22.29,22.3,1.45,0.0
20230531:2330,84.36,40.23,11.06,21.03,1.38,0.0
20230601:0030,1.28,6.65,0.54,19.54,1.59,0.0
20230601:0130,0.0,0.0,0.0,17.81,1.59,0.0
20230601:0230,0.0,0.0,0.0,16.11,1.45,0.0
20230601:0330,0.0,0.0,0.0,14.75,1.31,0.0
20230601:0430,0.0,0.0,0.0,13.56,1.1,0.0
20230601:0530,0.0,0.0,0.0,12.67,0.76,0.0
20230601:0630,0.0,0.0,0.0,12.31,0.48,0.0
20230601:0730,0.0,0.0,0.0,11.32,0.69,0.0
20230601:0830,0.0,0.0,0.0,11.09,0.62,0.0
20230601:0930,0.0,0.0,0.0,10.85,0.69,0.0
20230601:1030,33.84,21.03,5.3,10.6,0.69,0.0
20230601:1130,170.76,95.51,16.24,11.19,0.62,0.0
20230601:1230,945.96,320.66,27.65,13.79,0.41,0.0
20230601:1330,1753.56,556.79,39.27,16.92,0.69,0.0
20230601:1430,2389.08,766.36,50.8,18.63,1.1,0.0
20230601:1530,2830.08,926.4,61.66,20.02,1.45,0.0
20230601:1630,3054.92,1020.22,70.31,21.28,1.45,0.0
20230601:1730,3099.44,1041.55,72.72,22.45,1.59,0.0
20230601:1830,2934.92,980.64,66.82,23.37,1.66,0.0
20230601:1930,2594.56,852.03,56.84,23.76,1.79,0.0
20230601:2030,2055.84,666.38,45.57,24.03,1.72,0.0
20230601:2130,1337.64,442.49,33.96,23.9,1.59,0.0
20230601:2230,511.96,208.86,22.4,23.31,1.03,0.0
20230601:2330,82.88,39.88,11.17,21.97,0.62,0.0
20230602:0030,1.6,6.86,0.65,20.68,0.34,0.0
20230602:0130,0.0,0.0,0.0,19.89,0.41,0.0
20230602:0230,0.0,0.0,0.0,18.68,0.48,0.0
20230602:0330,0.0,0.0,0.0,17.76,0.62,0.0
20230602:0430,0.0,0.0,0.0,16.97,0.55,0.0
20230602:0530,0.0,0.0,0.0,16.49,0.48,0.0
20230602:0630,0.0,0.0,0.0,15.78,0.48,0.0
20230602:0730,0.0,0.0,0.0,13.24,0.34,0.0
20230602:0830,0.0,0.0,0.0,12.76,0.34,0.0
20230602:0930,0.0,0.0,0.0,12.39,0.34,0.0
20230602:1030,33.52,21.03,5.36,12.23,0.41,0.0
20230602:1130,166.52,93.92,16.29,12.79,0.21,0.0
20230602:1230,915.44,313.45,27.69,15.21,0.14,0.0
20230602:1330,1682.96,542.98,39.31,19.65,0.41,0.0
20230602:1430,2296.8,746.2,50.84,21.97,1.17,0.0
20230602:1530,2726.6,899.93,61.72,23.42,1.72,0.0
20230602:1630,2958.8,989.43,70.41,24.54,2.0,0.0
20230602:1730,2998.4,1007.45,72.86,25.45,2.14,0.0
20230602:1830,2815.96,942.3,66.95,26.16,2.07,0.0
20230602:1930,2412.72,795.7,56.95,26.4,2.0,0.0
20230602:2030,1934.24,632.35,45.68,26.51,1.79,0.0
20230602:2130,1223.04,409.33,34.06,26.42,1.52,0.0
20230602:2230,471.6,191.62,22.51,25.67,0.76,0.0
20230602:2330,79.92,39.13,11.28,23.83,0.62,0.0
20230603:0030,1.88,7.08,0.76,22.39,1.03,0.0
20230603:0130,0.0,0.0,0.0,20.79,1.03,0.0
20230603:0230,0.0,0.0,0.0,19.09,0.97,0.0
20230603:0330,0.0,0.0,0.0,18.15,1.1,0.0
20230603:0430,0.0,0.0,0.0,16.86,1.31,0.0
20230603:0530,0.0,0.0,0.0,15.83,1.45,0.0
20230603:0630,0.0,0.0,0.0,15.0,1.38,0.0
20230603:0730,0.0,0.0,0.0,18.25,0.21,0.0
20230603:0830,0.0,0.0,0.0,18.22,0.48,0.0
20230603:0930,0.0,0.0,0.0,16.25,0.97,0.0
20230603:1030,31.88,20.64,5.41,15.46,0.9,0.0
20230603:1130,164.16,89.64,16.33,15.74,0.69,0.0
20230603:1230,862.56,298.54,27.73,17.81,0.41,0.0
20230603:1330,1621.64,524.89,39.35,20.97,0.55,0.0
20230603:1430,2223.8,723.63,50.89,22.83,1.17,0.0
20230603:1530,2617.24,866.41,61.78,24.14,1.52,0.0
20230603:1630,2130.28,687.9,70.5,25.15,2.07,0.0
20230603:1730,2734.04,901.17,72.99,25.06,2.28,0.0
20230603:1830,1280.44,411.21,67.07,25.8,2.41,0.0
20230603:1930,1069.0,342.92,57.06,21.1,0.9,0.0
20230603:2030,1183.36,378.71,45.78,20.28,0.28,0.0
20230603:2130,863.72,284.45,34.16,20.89,0.21,0.0
20230603:2230,430.72,164.55,22.61,21.0,0.34,0.0
20230603:2330,105.64,47.44,11.39,20.77,0.55,0.0
20230604:0030,2.72,7.56,0.87,19.89,1.03,0.0
20230604:0130,0.0,0.0,0.0,18.96,1.31,0.0
20230604:0230,0.0,0.0,0.0,17.72,1.38,0.0
20230604:0330,0.0,0.0,0.0,16.76,1.38,0.0
20230604:0430,0.0,0.0,0.0,15.82,1.45,0.0
20230604:0530,0.0,0.0,0.0,15.1,1.38,0.0
20230604:0630,0.0,0.0,0.0,14.75,1.31,0.0
20230604:0730,0.0,0.0,0.0,14.68,1.17,0.0
20230604:0830,0.0,0.0,0.0,14.6,1.24,0.0
20230604:0930,0.0,0.0,0.0,14.44,1.31,0.0
20230604:1030,14.6,13.42,5.46,14.42,1.38,0.0
20230604:1130,123.04,61.17,16.37,14.63,1.17,0.0
20230604:1230,396.6,142.17,27.77,15.43,1.24,0.0
20230604:1330,653.76,210.98,39.39,16.17,1.17,0.0
20230604:1430,856.24,270.28,50.92,16.68,0.97,0.0
20230604:1530,1066.88,332.41,61.83,16.87,0.97,0.0
20230604:1630,1199.2,371.71,70.59,17.32,1.38,0.0
20230604:1730,1266.44,392.95,73.11,17.29,1.66,0.0
20230604:1830,1424.24,439.62,67.18,17.48,1.45,0.0
20230604:1930,1329.48,411.87,57.16,18.19,1.79,0.0
20230604:2030,1367.68,426.53,45.87,18.24,1.79,0.0
20230604:2130,884.64,286.43,34.26,18.28,1.59,0.0
20230604:2230,459.92,177.38,22.71,17.93,1.52,0.0
20230604:2330,96.56,43.77,11.49,17.33,1.31,0.0
20230605:0030,3.08,7.7,0.98,16.34,0.97,0.0
20230605:0130,0.0,0.0,0.0,14.76,1.38,0.0
20230605:0230,0.0,0.0,0.0,13.53,1.38,0.0
20230605:0330,0.0,0.0,0.0,12.84,1.24,0.0
20230605:0430,0.0,0.0,0.0,12.34,1.1,0.0
20230605:0530,0.0,0.0,0.0,11.49,0.76,0.0
20230605:0630,0.0,0.0,0.0,10.87,0.48,0.0
20230605:0730,0.0,0.0,0.0,10.58,0.69,0.0
20230605:0830,0.0,0.0,0.0,10.07,0.62,0.0
20230605:0930,0.0,0.0,0.0,9.71,0.48,0.0
20230605:1030,52.36,27.63,5.5,9.07,0.48,0.0
20230605:1130,254.92,107.29,16.41,9.78,0.48,0.0
20230605:1230,892.68,296.64,27.8,12.55,0.41,0.0
20230605:1330,1650.44,520.22,39.41,14.83,0.34,0.0
20230605:1430,2250.08,722.41,50.96,16.74,0.34,0.0
20230605:1530,2705.16,879.53,61.88,18.4,1.17,0.0
20230605:1630,3000.08,989.92,70.67,19.63,1.45,0.0
20230605:1730,3009.28,994.28,73.23,20.63,1.72,0.0
20230605:1830,2883.32,945.3,67.3,21.22,1.93,0.0
20230605:1930,2585.2,835.35,57.26,21.07,1.86,0.0
20230605:2030,2036.16,648.2,45.97,21.17,2.0,0.0
20230605:2130,1361.2,441.34,34.35,20.83,2.21,0.0
20230605:2230,531.08,211.27,22.8,20.15,2.21,0.0
20230605:2330,88.56,41.32,11.59,18.86,1.72,0.0
20230606:0030,3.24,7.83,1.08,17.25,1.45,0.0
20230606:0130,0.0,0.0,0.0,15.87,1.38,0.0
20230606:0230,0.0,0.0,0.0,14.37,1.24,0.0
20230606:0330,0.0,0.0,0.0,12.95,1.24,0.0
20230606:0430,0.0,0.0,0.0,11.97,1.24,0.0
20230606:0530,0.0,0.0,0.0,11.22,1.17,0.0
20230606:0630,0.0,0.0,0.0,10.78,1.1,0.0
20230606:0730,0.0,0.0,0.0,10.0,1.1,0.0
20230606:0830,0.0,0.0,0.0,8.95,1.24,0.0
20230606:0930,0.0,0.0,-4.59,8.49,1.31,0.0
20230606:1030,56.64,29.03,5.54,8.23,1.31,0.0
20230606:1130,275.72,111.32,16.44,8.93,1.1,0.0
20230606:1230,847.48,275.81,27.82,12.15,0.76,0.0
20230606:1330,1558.84,485.32,39.44,14.77,1.31,0.0
20230606:1430,2215.84,687.29,50.99,16.45,2.48,0.0
20230606:1530,2670.8,840.75,61.92,17.75,2.83,0.0
20230606:1630,2616.64,829.49,70.75,18.96,2.97,0.0
20230606:1730,2441.36,769.75,73.34,19.75,3.52,0.0
20230606:1830,1966.28,613.22,67.4,20.21,3.79,0.0
20230606:1930,1622.92,504.78,57.36,19.52,3.45,0.0
20230606:2030,992.64,314.0,46.06,19.51,3.24,0.0
20230606:2130,837.2,269.96,34.44,18.91,2.97,0.0
20230606:2230,459.44,167.53,22.89,18.65,3.1,0.0
20230606:2330,122.56,52.38,11.69,17.92,2.55,0.0
20230607:0030,3.04,7.7,1.17,16.86,2.0,0.0
20230607:0130,0.0,0.0,0.0,15.98,1.79,0.0
20230607:0230,0.0,0.0,0.0,15.09,1.72,0.0
20230607:0330,0.0,0.0,0.0,14.44,1.72,0.0
20230607:0430,0.0,0.0,0.0,13.89,1.59,0.0
20230607:0530,0.0,0.0,0.0,13.33,1.31,0.0
20230607:0630,0.0,0.0,0.0,12.5,1.24,0.0
20230607:0730,0.0,0.0,0.0,11.66,1.03,0.0
20230607:0830,0.0,0.0,0.0,10.74,1.03,0.0
20230607:0930,0.0,0.0,-4.55,9.75,0.97,0.0
20230607:1030,38.08,22.47,5.57,8.78,0.97,0.0
20230607:1130,168.8,93.4,16.47,9.34,0.55,0.0
20230607:1230,933.56,314.52,27.85,12.31,0.76,0.0
20230607:1330,1757.68,547.32,39.46,14.07,1.17,0.0
20230607:1430,2410.96,752.37,51.01,15.58,1.86,0.0
20230607:1530,2745.08,866.52,61.96,16.71,2.21,0.0
20230607:1630,3048.88,979.42,70.81,17.51,2.28,0.0
20230607:1730,3070.44,991.3,73.45,18.31,2.34,0.0
20230607:1830,2209.4,692.37,67.51,18.84,2.48,0.0
20230607:1930,1868.48,583.35,57.45,18.5,2.55,0.0
20230607:2030,1387.88,431.59,46.15,18.35,2.48,0.0
20230607:2130,910.72,292.33,34.53,17.84,2.41,0.0
20230607:2230,422.68,155.12,22.98,17.19,2.21,0.0
20230607:2330,103.44,45.87,11.78,16.35,1.59,0.0
20230608:0030,2.72,7.48,1.27,15.37,1.17,0.0
20230608:0130,0.0,0.0,0.0,14.21,1.17,0.0
20230608:0230,0.0,0.0,0.0,13.07,1.38,0.0
20230608:0330,0.0,0.0,0.0,12.09,1.45,0.0
20230608:0430,0.0,0.0,0.0,11.28,1.52,0.0
20230608:0530,0.0,0.0,0.0,10.39,1.45,0.0
20230608:0630,0.0,0.0,0.0,9.25,0.97,0.0
20230608:0730,0.0,0.0,0.0,8.43,0.9,0.0
20230608:0830,0.0,0.0,0.0,8.26,0.62,0.0
20230608:0930,0.0,0.0,-4.51,7.62,0.69,0.0
20230608:1030,38.88,22.6,5.6,6.76,0.97,0.0
20230608:1130,169.8,92.71,16.49,7.19,0.83,0.0
20230608:1230,930.12,311.09,27.86,10.73,0.62,0.0
20230608:1330,1747.28,541.91,39.47,12.81,0.97,0.0
20230608:1430,2331.48,721.69,51.03,14.3,1.79,0.0
20230608:1530,2778.68,872.66,61.99,15.25,2.21,0.0
20230608:1630,2653.2,832.46,70.88,15.93,2.41,0.0
20230608:1730,2802.64,884.68,73.54,16.26,2.55,0.0
20230608:1830,2240.32,694.93,67.61,16.98,2.69,0.0
20230608:1930,2137.92,659.6,57.55,16.71,2.97,0.0
20230608:2030,1375.68,424.64,46.24,17.03,3.03,0.0
20230608:2130,883.52,281.57,34.62,16.34,3.03,0.0
20230608:2230,446.2,162.9,23.07,15.49,2.76,0.0
20230608:2330,119.12,50.63,11.87,14.71,2.28,0.0
20230609:0030,4.48,8.44,1.36,13.5,1.93,0.0
20230609:0130,0.0,0.0,0.0,12.19,1.52,0.0
20230609:0230,0.0,0.0,0.0,11.47,1.24,0.0
20230609:0330,0.0,0.0,0.0,10.83,1.38,0.0
20230609:0430,0.0,0.0,0.0,10.05,1.45,0.0
20230609:0530,0.0,0.0,0.0,9.37,1.45,0.0
20230609:0630,0.0,0.0,0.0,8.74,1.45,0.0
20230609:0730,0.0,0.0,0.0,8.05,1.31,0.0
20230609:0830,0.0,0.0,0.0,7.55,1.38,0.0
20230609:0930,0.0,0.0,-4.48,7.1,1.38,0.0
20230609:1030,38.64,22.52,5.62,6.77,1.38,0.0
20230609:1130,173.92,91.73,16.5,7.57,1.17,0.0
20230609:1230,895.32,299.3,27.87,11.11,1.03,0.0
20230609:1330,1578.56,482.62,39.48,13.18,2.48,0.0
20230609:1430,2221.04,677.51,51.04,14.3,2.76,0.0
20230609:1530,2682.84,834.57,62.02,15.57,2.69,0.0
20230609:1630,2731.92,861.75,70.93,16.73,2.69,0.0
20230609:1730,1950.48,605.37,73.64,17.34,2.76,0.0
20230609:1830,2434.64,757.7,67.7,16.83,2.69,0.0
20230609:1930,2210.08,681.09,57.63,17.32,3.31,0.0
20230609:2030,1660.4,508.06,46.32,17.08,3.66,0.0
20230609:2130,1025.16,324.82,34.7,16.91,3.86,0.0
20230609:2230,464.76,176.25,23.16,16.46,3.38,0.0
20230609:2330,92.96,42.28,11.96,15.79,2.34,0.0
20230610:0030,5.16,8.83,1.45,14.74,1.93,0.0
20230610:0130,0.0,0.0,0.0,13.75,1.45,0.0
20230610:0230,0.0,0.0,0.0,12.58,1.1,0.0
20230610:0330,0.0,0.0,0.0,11.53,1.1,0.0
20230610:0430,0.0,0.0,0.0,10.45,1.24,0.0
20230610:0530,0.0,0.0,0.0,9.51,1.24,0.0
20230610:0630,0.0,0.0,0.0,8.89,1.38,0.0
20230610:0730,0.0,0.0,0.0,8.07,1.59,0.0
20230610:0830,0.0,0.0,0.0,7.82,1.59,0.0
20230610:0930,0.0,0.0,-4.45,7.7,1.52,0.0
20230610:1030,38.0,22.34,5.64,7.41,1.45,0.0
20230610:1130,165.0,90.74,16.51,8.13,1.17,0.0
20230610:1230,908.0,306.34,27.88,12.05,0.76,0.0
20230610:1330,1703.2,533.51,39.49,15.27,1.1,0.0
20230610:1430,2345.84,735.76,51.05,17.35,2.0,0.0
20230610:1530,2781.0,889.05,62.04,18.77,2.21,0.0
20230610:1630,3020.76,981.57,70.98,19.93,2.28,0.0
20230610:1730,3006.4,979.85,73.72,20.96,2.41,0.0
20230610:1830,2776.76,897.45,67.79,21.71,2.55,0.0
20230610:1930,2536.08,815.31,57.72,22.01,2.41,0.0
20230610:2030,1884.28,599.21,46.4,22.3,2.48,0.0
20230610:2130,1271.48,412.82,34.78,22.12,2.41,0.0
20230610:2230,525.76,207.81,23.24,21.65,2.07,0.0
20230610:2330,98.24,44.9,12.04,20.67,1.24,0.0
20230611:0030,4.28,8.48,1.53,19.46,0.97,0.0
20230611:0130,0.0,0.0,0.0,17.88,1.24,0.0
20230611:0230,0.0,0.0,0.0,16.43,1.52,0.0
20230611:0330,0.0,0.0,0.0,15.23,1.66,0.0
20230611:0430,0.0,0.0,0.0,14.12,1.66,0.0
20230611:0530,0.0,0.0,0.0,13.28,1.52,0.0
20230611:0630,0.0,0.0,0.0,12.57,1.38,0.0
20230611:0730,0.0,0.0,0.0,12.16,1.31,0.0
20230611:0830,0.0,0.0,0.0,11.46,1.24,0.0
20230611:0930,0.0,0.0,-4.43,10.63,1.24,0.0
20230611:1030,52.96,27.94,5.65,10.04,1.17,0.0
20230611:1130,202.6,96.91,16.52,10.85,0.9,0.0
20230611:1230,867.24,295.51,27.88,15.39,0.69,0.0
20230611:1330,1602.4,511.16,39.49,18.89,0.97,0.0
20230611:1430,2219.76,711.39,51.05,20.96,1.59,0.0
20230611:1530,2635.12,860.2,62.05,22.38,1.93,0.0
20230611:1630,2154.0,692.58,71.02,23.69,2.48,0.0
20230611:1730,1486.28,475.57,73.8,23.97,2.41,0.0
20230611:1830,1562.84,500.6,67.88,23.62,2.21,0.0
20230611:1930,827.0,269.71,57.8,23.4,2.62,0.0
20230611:2030,798.88,260.41,46.48,22.25,1.79,0.0
20230611:2130,436.8,150.99,34.86,21.6,1.79,0.0
20230611:2230,289.4,106.02,23.32,20.66,1.66,0.0
20230611:2330,126.8,54.22,12.12,19.97,1.86,0.0
20230612:0030,4.84,8.79,1.61,19.44,2.34,0.0
20230612:0130,0.0,0.0,0.0,18.87,2.69,0.0
20230612:0230,0.0,0.0,0.0,18.06,2.83,0.0
20230612:0330,0.0,0.0,0.0,17.5,2.9,0.0
20230612:0430,0.0,0.0,0.0,17.15,2.83,0.0
20230612:0530,0.0,0.0,0.0,16.67,2.62,0.0
20230612:0630,0.0,0.0,0.0,16.28,2.41,0.0
20230612:0730,0.0,0.0,0.0,16.28,2.55,0.0
20230612:0830,0.0,0.0,0.0,16.17,2.41,0.0
20230612:0930,0.0,0.0,0.0,15.89,2.34,0.0
20230612:1030,10.72,11.67,5.66,15.48,2.41,0.0
20230612:1130,67.36,33.6,16.52,15.37,2.41,0.0
20230612:1230,88.56,40.7,27.88,15.11,2.41,0.0
20230612:1330,120.76,51.27,39.49,15.34,2.07,0.0
20230612:1430,98.32,44.04,51.05,15.64,1.93,0.0
20230612:1530,259.92,94.29,62.06,15.83,2.0,0.0
20230612:1630,291.32,103.76,71.05,15.73,2.55,0.0
20230612:1730,1193.08,366.95,73.87,14.78,2.62,0.0
20230612:1830,1077.4,331.86,67.96,15.25,3.52,0.0
20230612:1930,1331.0,406.68,57.87,14.7,3.1,0.0
20230612:2030,1520.32,461.2,46.55,14.87,3.72,0.0
20230612:2130,1256.96,392.58,34.93,15.44,4.21,0.0
20230612:2230,479.84,180.01,23.39,15.67,4.07,0.0
20230612:2330,106.44,46.56,12.2,15.07,3.72,0.0
20230613:0030,4.52,8.48,1.68,14.35,2.62,0.0
20230613:0130,0.0,0.0,0.0,13.31,2.76,0.0
20230613:0230,0.0,0.0,0.0,12.77,2.41,0.0
20230613:0330,0.0,0.0,0.0,12.34,2.14,0.0
20230613:0430,0.0,0.0,0.0,11.9,2.0,0.0
20230613:0530,0.0,0.0,0.0,11.66,2.21,0.0
20230613:0630,0.0,0.0,0.0,11.4,2.55,0.0
20230613:0730,0.0,0.0,0.0,11.29,2.14,0.0
20230613:0830,0.0,0.0,0.0,11.0,2.07,0.0
20230613:0930,0.0,0.0,-4.4,10.48,1.66,0.0
20230613:1030,39.88,23.22,5.67,9.85,1.52,0.0
20230613:1130,187.76,91.84,16.52,10.0,1.24,0.0
20230613:1230,834.24,278.27,27.88,11.08,1.93,0.0
20230613:1330,1696.6,516.81,39.48,12.18,2.55,0.0
20230613:1430,2150.16,650.62,51.05,13.44,3.03,0.0
20230613:1530,2413.4,737.03,62.06,14.56,3.03,0.0
20230613:1630,2573.56,799.81,71.08,16.03,2.97,0.0
20230613:1730,2249.56,695.78,73.94,17.15,3.03,0.0
20230613:1830,2241.28,694.95,68.03,17.49,3.1,0.0
20230613:1930,2313.6,718.39,57.95,18.3,3.38,0.0
20230613:2030,1773.88,549.03,46.62,18.76,3.38,0.0
20230613:2130,1259.96,401.4,35.0,18.55,3.24,0.0
20230613:2230,507.64,196.3,23.46,18.36,3.1,0.0
20230613:2330,98.16,44.29,12.27,17.54,2.69,0.0
20230614:0030,6.36,9.53,1.75,16.3,2.48,0.0
20230614:0130,0.0,0.0,0.0,15.19,2.28,0.0
20230614:0230,0.0,0.0,0.0,14.33,2.14,0.0
20230614:0330,0.0,0.0,0.0,13.87,2.48,0.0
20230614:0430,0.0,0.0,0.0,13.79,2.69,0.0
20230614:0530,0.0,0.0,0.0,14.04,2.97,0.0
20230614:0630,0.0,0.0,0.0,14.15,3.38,0.0
20230614:0730,0.0,0.0,0.0,12.41,2.83,0.0
20230614:0830,0.0,0.0,0.0,12.39,3.17,0.0
20230614:0930,0.0,0.0,-4.39,12.23,3.72,0.0
20230614:1030,35.08,21.56,5.66,11.41,3.93,0.0
20230614:1130,172.4,76.31,16.51,10.48,4.07,0.0
20230614:1230,409.36,137.68,27.87,10.75,4.0,0.0
20230614:1330,391.64,130.63,39.47,11.06,4.21,0.0
20230614:1430,683.6,213.26,51.04,11.24,4.62,0.0
20230614:1530,1256.8,376.16,62.06,11.84,3.31,0.0
20230614:1630,1627.48,488.67,71.1,13.08,2.97,0.0
20230614:1730,2374.0,720.92,74.0,13.72,3.1,0.0
20230614:1830,2276.88,694.98,68.1,15.47,3.31,0.0
20230614:1930,2032.88,615.75,58.01,15.87,3.59,0.0
20230614:2030,1733.56,528.12,46.69,16.4,3.72,0.0
20230614:2130,850.28,271.8,35.07,16.81,3.52,0.0
20230614:2230,459.56,175.61,23.53,16.4,3.03,0.0
20230614:2330,89.84,41.27,12.34,16.02,2.83,0.0
20230615:0030,6.28,9.44,1.82,15.03,2.0,0.0
20230615:0130,0.0,0.0,0.0,14.11,1.66,0.0
20230615:0230,0.0,0.0,0.0,13.28,1.59,0.0
20230615:0330,0.0,0.0,0.0,12.7,1.45,0.0
20230615:0430,0.0,0.0,0.0,12.1,1.38,0.0
20230615:0530,0.0,0.0,0.0,11.37,1.24,0.0
20230615:0630,0.0,0.0,0.0,10.4,1.17,0.0
20230615:0730,0.0,0.0,0.0,9.65,1.03,0.0
20230615:0830,0.0,0.0,0.0,9.32,0.9,0.0
20230615:0930,0.0,0.0,-4.39,8.98,0.76,0.0
20230615:1030,38.92,22.74,5.66,8.17,0.9,0.0
20230615:1130,163.72,89.17,16.5,8.4,0.9,0.0
20230615:1230,820.56,278.71,27.85,12.51,0.62,0.0
20230615:1330,1630.48,509.69,39.45,14.67,0.97,0.0
20230615:1430,2194.2,684.82,51.03,16.29,1.59,0.0
20230615:1530,2550.52,802.16,62.06,17.53,2.48,0.0
20230615:1630,2234.2,699.37,71.12,18.6,2.48,0.0
20230615:1730,2445.68,774.26,74.05,18.93,2.21,0.0
20230615:1830,2226.24,706.28,68.17,19.64,2.21,0.0
20230615:1930,2076.64,653.74,58.08,19.8,2.21,0.0
20230615:2030,1648.4,518.55,46.76,20.05,2.21,0.0
20230615:2130,1269.52,408.64,35.13,19.93,2.07,0.0
20230615:2230,524.76,205.18,23.6,19.59,1.66,0.0
20230615:2330,99.48,44.99,12.4,18.75,0.97,0.0
20230616:0030,6.8,9.79,1.88,17.31,0.34,0.0
20230616:0130,0.0,0.0,0.0,16.13,0.55,0.0
20230616:0230,0.0,0.0,0.0,14.9,1.1,0.0
20230616:0330,0.0,0.0,0.0,14.05,1.38,0.0
20230616:0430,0.0,0.0,0.0,13.42,1.45,0.0
20230616:0530,0.0,0.0,0.0,12.98,1.52,0.0
20230616:0630,0.0,0.0,0.0,12.73,1.52,0.0
20230616:0730,0.0,0.0,0.0,12.91,1.66,0.0
20230616:0830,0.0,0.0,0.0,12.4,1.72,0.0
20230616:0930,0.0,0.0,-4.4,12.27,1.72,0.0
20230616:1030,29.76,19.59,5.65,12.4,1.79,0.0
20230616:1130,166.28,68.65,16.49,12.81,1.72,0.0
20230616:1230,341.6,121.51,27.83,13.93,1.59,0.0
20230616:1330,716.88,228.24,39.43,14.77,2.14,0.0
20230616:1430,1769.36,540.13,51.01,15.92,2.97,0.0
20230616:1530,1973.76,604.09,62.05,17.64,3.52,0.0
20230616:1630,1920.4,588.48,71.13,17.96,3.79,0.0
20230616:1730,2377.32,739.04,74.09,18.29,3.38,0.0
20230616:1830,2565.32,801.32,68.23,18.45,3.31,0.0
20230616:1930,2397.44,744.97,58.14,18.59,3.59,0.0
20230616:2030,1480.48,455.41,46.82,18.55,3.72,0.0
20230616:2130,1068.68,338.69,35.2,17.89,4.07,0.0
20230616:2230,332.28,127.14,23.66,17.41,3.86,0.0
20230616:2330,91.8,41.93,12.47,16.15,3.24,0.0
20230617:0030,5.44,9.01,1.94,15.23,2.76,0.0
20230617:0130,0.0,0.0,0.0,14.35,2.34,0.0
20230617:0230,0.0,0.0,0.0,13.85,2.21,0.0
20230617:0330,0.0,0.0,0.0,13.33,2.21,0.0
20230617:0430,0.0,0.0,0.0,12.78,2.14,0.0
20230617:0530,0.0,0.0,0.0,12.28,1.93,0.0
20230617:0630,0.0,0.0,0.0,11.95,1.79,0.0
20230617:0730,0.0,0.0,0.0,12.13,1.79,0.0
20230617:0830,0.0,0.0,0.0,12.02,1.86,0.0
20230617:0930,0.0,0.0,-4.41,11.68,1.45,0.0
20230617:1030,37.96,22.65,5.63,11.52,1.24,0.0
20230617:1130,182.16,78.83,16.47,11.59,1.52,0.0
20230617:1230,655.36,216.89,27.81,12.13,1.86,0.0
20230617:1330,1209.08,370.78,39.41,13.22,2.62,0.0
20230617:1430,1748.12,530.25,50.99,14.31,3.03,0.0
20230617:1530,1996.84,609.71,62.03,15.49,3.24,0.0
20230617:1630,2306.32,711.39,71.13,16.67,3.31,0.0
20230617:1730,2347.2,729.05,74.13,17.53,3.38,0.0
20230617:1830,1961.16,604.87,68.28,18.11,3.45,0.0
20230617:1930,2162.64,665.67,58.2,17.86,3.66,0.0
20230617:2030,1779.44,549.0,46.88,18.42,3.66,0.0
20230617:2130,995.52,317.34,35.25,18.42,3.38,0.0
20230617:2230,494.08,175.83,23.72,17.8,2.69,0.0
20230617:2330,108.48,47.66,12.52,17.17,1.93,0.0
20230618:0030,6.72,9.71,1.99,16.21,1.59,0.0
20230618:0130,0.0,0.0,0.0,14.89,1.45,0.0
20230618:0230,0.0,0.0,0.0,13.86,1.45,0.0
20230618:0330,0.0,0.0,0.0,12.99,1.38,0.0
20230618:0430,0.0,0.0,0.0,12.23,1.38,0.0
20230618:0530,0.0,0.0,0.0,11.52,1.38,0.0
20230618:0630,0.0,0.0,0.0,10.85,1.24,0.0
20230618:0730,0.0,0.0,0.0,10.38,1.31,0.0
20230618:0830,0.0,0.0,0.0,9.62,1.1,0.0
20230618:0930,0.0,0.0,-4.42,9.09,1.1,0.0
20230618:1030,38.44,22.6,5.61,8.66,1.24,0.0
20230618:1130,154.68,86.57,16.44,9.37,0.97,0.0
20230618:1230,875.04,299.53,27.78,13.53,0.48,0.0
20230618:1330,1661.32,525.42,39.38,16.32,0.76,0.0
20230618:1430,2286.56,727.02,50.96,17.96,1.17,0.0
20230618:1530,2710.72,881.94,62.01,19.31,1.24,0.0
20230618:1630,2881.36,952.14,71.13,20.49,1.31,0.0
20230618:1730,2980.8,995.01,74.17,21.43,1.31,0.0
20230618:1830,2769.56,921.38,68.33,22.23,1.17,0.0
20230618:1930,2389.56,783.61,58.25,22.64,1.03,0.0
20230618:2030,1991.88,649.33,46.93,22.9,0.76,0.0
20230618:2130,1333.96,442.11,35.31,23.07,0.62,0.0
20230618:2230,546.16,217.31,23.77,22.8,0.55,0.0
20230618:2330,95.32,44.12,12.58,21.69,0.55,0.0
20230619:0030,8.6,10.8,2.04,19.96,1.03,0.0
20230619:0130,0.0,0.0,0.0,18.84,1.17,0.0
20230619:0230,0.0,0.0,0.0,17.36,1.1,0.0
20230619:0330,0.0,0.0,0.0,15.84,1.1,0.0
20230619:0430,0.0,0.0,0.0,14.69,1.1,0.0
20230619:0530,0.0,0.0,0.0,14.09,1.1,0.0
20230619:0630,0.0,0.0,0.0,13.46,1.1,0.0
20230619:0730,0.0,0.0,0.0,12.51,1.38,0.0
20230619:0830,0.0,0.0,0.0,12.04,1.31,0.0
20230619:0930,0.0,0.0,-4.44,11.7,1.38,0.0
20230619:1030,60.0,30.56,5.59,11.63,1.38,0.0
20230619:1130,174.0,90.16,16.42,12.44,1.31,0.0
20230619:1230,814.84,275.3,27.75,16.34,1.03,0.0
20230619:1330,1431.32,455.41,39.35,19.11,1.24,0.0
20230619:1430,1872.44,596.84,50.93,21.12,1.72,0.0
20230619:1530,2263.16,728.78,61.99,22.6,2.21,0.0
20230619:1630,2247.88,724.3,71.12,23.93,2.48,0.0
20230619:1730,2715.28,889.65,74.19,24.53,2.62,0.0
20230619:1830,1951.68,629.01,68.38,25.5,2.76,0.0
20230619:1930,1854.04,596.98,58.3,25.05,2.34,0.0
20230619:2030,1630.04,524.9,46.98,25.07,2.41,0.0
20230619:2130,619.68,209.88,35.36,24.73,2.41,0.0
20230619:2230,468.48,164.94,23.82,22.8,1.93,0.0
20230619:2330,99.8,45.6,12.63,21.76,2.0,0.0
20230620:0030,0.36,6.03,2.08,20.07,1.79,0.0
20230620:0130,0.0,0.0,0.0,18.82,2.0,0.0
20230620:0230,0.0,0.0,0.0,17.91,1.86,0.0
20230620:0330,0.0,0.0,0.0,17.24,1.79,0.0
20230620:0430,0.0,0.0,0.0,16.96,1.93,0.0
20230620:0530,0.0,0.0,0.0,16.39,2.14,0.0
20230620:0630,0.0,0.0,0.0,16.18,2.14,0.0
20230620:0730,0.0,0.0,0.0,15.69,2.28,0.0
20230620:0830,0.0,0.0,0.0,15.54,2.41,0.0
20230620:0930,0.0,0.0,0.0,15.52,2.69,0.0
20230620:1030,6.24,9.44,5.56,15.58,2.76,0.0
20230620:1130,128.44,54.58,16.38,15.58,2.69,0.0
20230620:1230,319.36,112.47,27.72,15.77,2.28,0.0
20230620:1330,182.6,71.0,39.32,16.34,2.21,0.0
20230620:1430,316.76,111.5,50.9,16.2,2.34,0.0
20230620:1530,431.44,144.97,61.96,16.13,2.48,0.0
20230620:1630,557.56,182.25,71.11,16.22,2.69,0.0
20230620:1730,736.12,234.61,74.21,16.6,3.1,0.0
20230620:1830,629.68,204.58,68.42,17.21,3.03,0.0
20230620:1930,1113.76,348.23,58.35,17.36,3.03,0.0
20230620:2030,519.96,173.14,47.03,18.4,3.1,0.0
20230620:2130,354.64,123.96,35.41,18.29,2.97,0.0
20230620:2230,242.92,90.07,23.87,17.8,2.9,0.0
20230620:2330,56.68,29.99,12.67,17.15,2.69,0.0
20230621:0030,0.0,5.2,2.12,16.46,2.55,0.0
20230621:0130,0.0,0.0,0.0,16.0,2.48,0.0
20230621:0230,0.0,0.0,0.0,15.74,2.41,0.0
20230621:0330,0.0,0.0,0.0,15.57,2.48,0.0
20230621:0430,0.0,0.0,0.0,15.43,2.55,0.0
20230621:0530,0.0,0.0,0.0,15.21,2.62,0.0
20230621:0630,0.0,0.0,0.0,15.04,2.62,0.0
20230621:0730,0.0,0.0,0.0,15.52,2.48,0.0
20230621:0830,0.0,0.0,0.0,15.22,2.62,0.0
20230621:0930,0.0,0.0,0.0,14.67,2.76,0.0
20230621:1030,27.32,18.76,5.52,14.43,2.9,0.0
20230621:1130,140.6,58.23,16.35,14.37,3.03,0.0
20230621:1230,318.68,113.82,27.68,14.55,2.83,0.0
20230621:1330,417.48,140.35,39.28,14.8,3.59,0.0
20230621:1430,693.12,219.53,50.86,14.88,3.17,0.0
20230621:1530,1435.36,438.26,61.92,15.3,4.07,0.0
20230621:1630,2069.8,633.67,71.08,16.77,4.76,0.0
20230621:1730,1984.68,608.51,74.22,18.29,5.17,0.0
20230621:1830,862.96,273.46,68.45,18.83,5.17,0.0
20230621:1930,507.52,166.76,58.39,15.32,3.79,0.0
20230621:2030,262.44,94.45,47.07,14.46,3.17,0.0
20230621:2130,92.12,41.63,35.45,13.64,3.31,0.0
20230621:2230,49.68,27.03,23.91,12.82,3.31,0.0
20230621:2330,8.84,10.67,12.72,12.5,3.38,0.0
20230622:0030,0.0,1.62,2.16,12.23,3.52,0.0
20230622:0130,0.0,0.0,0.0,11.98,3.66,0.0
20230622:0230,0.0,0.0,0.0,11.66,3.66,0.0
20230622:0330,0.0,0.0,0.0,11.39,3.66,0.0
20230622:0430,0.0,0.0,0.0,11.06,3.45,0.0
20230622:0530,0.0,0.0,0.0,10.79,3.24,0.0
20230622:0630,0.0,0.0,0.0,10.53,3.03,0.0
20230622:0730,0.0,0.0,0.0,10.2,2.69,0.0
20230622:0830,0.0,0.0,0.0,10.21,2.48,0.0
20230622:0930,0.0,0.0,0.0,10.3,2.34,0.0
20230622:1030,2.96,7.52,5.49,10.39,2.21,0.0
20230622:1130,82.28,39.92,16.31,10.67,2.14,0.0
20230622:1230,137.84,56.06,27.64,11.21,2.0,0.0
20230622:1330,287.2,100.88,39.24,11.57,1.93,0.0
20230622:1430,638.56,201.69,50.82,12.13,2.21,0.0
20230622:1530,932.0,286.6,61.88,13.18,2.83,0.0
20230622:1630,1008.44,311.64,71.06,14.31,2.69,0.0
20230622:1730,1216.0,372.9,74.22,15.11,2.62,0.0
20230622:1830,806.12,254.98,68.48,16.16,2.76,0.0
20230622:1930,563.4,182.03,58.43,15.23,2.55,0.0
20230622:2030,257.32,93.32,47.11,14.99,1.72,0.0
20230622:2130,88.92,40.74,35.49,14.42,1.72,0.0
20230622:2230,62.36,31.61,23.95,13.73,1.86,0.0
20230622:2330,12.68,12.5,12.75,13.38,1.93,0.0
20230623:0030,0.0,3.19,2.19,13.15,1.79,0.0
20230623:0130,0.0,0.0,0.0,12.91,1.66,0.0
20230623:0230,0.0,0.0,0.0,12.79,1.52,0.0
20230623:0330,0.0,0.0,0.0,12.79,1.52,0.0
20230623:0430,0.0,0.0,0.0,12.73,1.52,0.0
20230623:0530,0.0,0.0,0.0,12.83,1.45,0.0
20230623:0630,0.0,0.0,0.0,13.06,1.17,0.0
20230623:0730,0.0,0.0,0.0,13.36,1.24,0.0
20230623:0830,0.0,0.0,0.0,13.14,1.03,0.0
20230623:0930,0.0,0.0,0.0,12.87,0.97,0.0
20230623:1030,17.6,14.65,5.44,12.64,0.97,0.0
20230623:1130,165.96,67.36,16.26,13.08,0.83,0.0
20230623:1230,376.44,133.02,27.6,14.19,1.1,0.0
20230623:1330,936.08,295.52,39.19,15.57,1.03,0.0
20230623:1430,1183.4,371.31,50.77,17.34,0.83,0.0
20230623:1530,1493.32,468.56,61.84,18.77,0.97,0.0
20230623:1630,1298.52,412.5,71.03,20.0,0.83,0.0
20230623:1730,1545.72,491.39,74.22,20.49,0.55,0.0
20230623:1830,1521.88,489.3,68.51,21.24,0.55,0.0
20230623:1930,1861.72,602.0,58.46,21.5,0.14,0.0
20230623:2030,1450.8,466.01,47.15,21.45,0.34,0.0
20230623:2130,833.24,275.67,35.53,21.11,0.34,0.0
20230623:2230,370.12,143.81,23.99,19.86,0.34,0.0
20230623:2330,114.2,49.93,12.79,18.93,0.48,0.0
20230624:0030,0.36,5.99,2.21,18.11,0.07,0.0
20230624:0130,0.0,0.0,0.0,17.56,0.55,0.0
20230624:0230,0.0,0.0,0.0,16.93,0.83,0.0
20230624:0330,0.0,0.0,0.0,16.28,0.9,0.0
20230624:0430,0.0,0.0,0.0,15.92,0.9,0.0
20230624:0530,0.0,0.0,0.0,15.71,0.97,0.0
20230624:0630,0.0,0.0,0.0,15.47,1.03,0.0
20230624:0730,0.0,0.0,0.0,15.64,1.17,0.0
20230624:0830,0.0,0.0,0.0,15.52,1.03,0.0
20230624:0930,0.0,0.0,0.0,15.52,1.17,0.0
20230624:1030,20.0,15.83,5.4,15.72,1.24,0.0
20230624:1130,150.52,64.74,16.21,16.22,1.86,0.0
20230624:1230,509.56,178.85,27.55,16.51,2.14,0.0
20230624:1330,929.0,294.08,39.14,17.11,1.79,0.0
20230624:1430,1655.52,512.1,50.72,17.64,1.93,0.0
20230624:1530,1672.68,518.48,61.8,19.19,2.07,0.0
20230624:1630,1960.72,613.8,70.99,19.24,2.28,0.0
20230624:1730,2131.08,672.72,74.21,20.32,2.07,0.0
20230624:1830,1933.4,606.94,68.53,20.77,2.34,0.0
20230624:1930,1730.28,540.44,58.49,20.83,2.48,0.0
20230624:2030,1406.88,440.29,47.18,20.91,2.62,0.0
20230624:2130,925.56,300.01,35.56,20.7,2.69,0.0
20230624:2230,373.6,140.87,24.02,19.68,2.34,0.0
20230624:2330,101.6,45.69,12.82,18.87,1.72,0.0
20230625:0030,4.6,8.61,2.23,18.08,1.79,0.0
20230625:0130,0.0,0.0,0.0,17.2,1.38,0.0
20230625:0230,0.0,0.0,0.0,16.84,0.9,0.0
20230625:0330,0.0,0.0,0.0,16.29,1.03,0.0
20230625:0430,0.0,0.0,0.0,16.03,1.03,0.0
20230625:0530,0.0,0.0,0.0,15.77,1.1,0.0
20230625:0630,0.0,0.0,0.0,15.51,1.17,0.0
20230625:0730,0.0,0.0,0.0,15.1,1.24,0.0
20230625:0830,0.0,0.0,0.0,15.06,1.1,0.0
20230625:0930,0.0,0.0,0.0,14.88,1.1,0.0
20230625:1030,19.56,15.61,5.34,14.88,1.1,0.0
20230625:1130,144.44,73.09,16.16,15.34,0.9,0.0
20230625:1230,723.6,251.31,27.49,17.18,1.17,0.0
20230625:1330,1310.16,413.9,39.09,18.69,1.86,0.0
20230625:1430,2080.36,656.58,50.67,20.17,2.07,0.0
20230625:1530,2224.0,705.02,61.74,21.8,2.48,0.0
20230625:1630,2562.92,826.57,70.94,22.63,2.34,0.0
20230625:1730,2703.88,884.27,74.19,23.5,2.21,0.0
20230625:1830,2454.8,798.15,68.54,24.05,2.07,0.0
20230625:1930,2356.96,762.06,58.52,24.68,2.48,0.0
20230625:2030,1455.44,463.79,47.21,24.6,2.76,0.0
20230625:2130,1080.0,354.6,35.59,23.81,2.21,0.0
20230625:2230,451.72,177.44,24.04,23.49,1.66,0.0
20230625:2330,125.04,54.3,12.84,22.94,1.31,0.0
20230626:0030,12.48,12.77,2.25,22.18,0.97,0.0
20230626:0130,0.0,0.0,0.0,21.02,1.1,0.0
20230626:0230,0.0,0.0,0.0,19.85,1.52,0.0
20230626:0330,0.0,0.0,0.0,18.91,1.66,0.0
20230626:0430,0.0,0.0,0.0,18.59,1.72,0.0
20230626:0530,0.0,0.0,0.0,18.54,1.79,0.0
20230626:0630,0.0,0.0,0.0,18.25,1.93,0.0
20230626:0730,0.0,0.0,0.0,17.48,1.79,0.0
20230626:0830,0.0,0.0,0.0,17.24,1.72,0.0
20230626:0930,0.0,0.0,0.0,17.37,1.72,0.0
20230626:1030,0.76,6.25,5.29,16.94,1.59,0.0
20230626:1130,42.0,25.06,16.11,16.82,1.93,0.0
20230626:1230,88.64,40.93,27.44,16.42,2.14,0.0
20230626:1330,315.96,111.56,39.03,16.62,2.34,0.0
20230626:1430,779.2,247.28,50.62,17.11,2.69,0.0
20230626:1530,1497.6,464.97,61.69,18.27,2.07,0.0
20230626:1630,1933.16,607.28,70.89,20.39,2.34,0.0
20230626:1730,2245.04,707.04,74.17,20.77,2.76,0.0
20230626:1830,1864.96,587.28,68.55,22.08,2.69,0.0
20230626:1930,1765.28,558.46,58.54,20.83,1.52,0.0
20230626:2030,1079.12,343.72,47.23,20.92,1.86,0.0
20230626:2130,910.08,295.38,35.61,20.66,2.0,0.0
20230626:2230,415.96,153.62,24.07,19.36,2.21,0.0
20230626:2330,141.08,58.63,12.86,18.99,1.66,0.0
20230627:0030,5.88,9.31,2.26,17.96,2.0,0.0
20230627:0130,0.0,0.0,0.0,17.08,1.79,0.0
20230627:0230,0.0,0.0,0.0,16.61,1.66,0.0
20230627:0330,0.0,0.0,0.0,16.22,1.59,0.0
20230627:0430,0.0,0.0,0.0,15.8,2.0,0.0
20230627:0530,0.0,0.0,0.0,15.43,2.14,0.0
20230627:0630,0.0,0.0,0.0,15.0,2.0,0.0
20230627:0730,0.0,0.0,0.0,14.7,1.66,0.0
20230627:0830,0.0,0.0,0.0,14.97,1.79,0.0
20230627:0930,0.0,0.0,0.0,15.12,2.07,0.0
20230627:1030,10.92,11.76,5.23,15.26,1.72,0.0
20230627:1130,113.48,50.87,16.05,15.39,1.79,0.0
20230627:1230,358.28,129.45,27.38,15.8,1.93,0.0
20230627:1330,955.92,300.05,38.98,16.02,2.41,0.0
20230627:1430,323.56,114.13,50.56,17.08,2.07,0.0
20230627:1530,732.72,231.13,61.63,15.74,2.14,0.0
20230627:1630,1481.08,453.88,70.84,16.37,2.69,0.0
20230627:1730,1812.56,557.35,74.14,17.77,2.97,0.0
20230627:1830,1696.96,520.51,68.55,17.95,3.1,0.0
20230627:1930,1526.2,470.66,58.55,18.63,2.97,0.0
20230627:2030,1618.88,503.58,47.25,19.12,2.55,0.0
20230627:2130,1102.96,352.43,35.63,19.21,2.76,0.0
20230627:2230,385.76,144.63,24.09,18.07,3.03,0.0
20230627:2330,109.24,47.83,12.88,16.92,2.9,0.0
20230628:0030,1.16,6.51,2.26,16.26,2.62,0.0
20230628:0130,0.0,0.0,0.0,15.98,2.21,0.0
20230628:0230,0.0,0.0,0.0,15.56,1.79,0.0
20230628:0330,0.0,0.0,0.0,15.2,1.72,0.0
20230628:0430,0.0,0.0,0.0,15.17,1.52,0.0
20230628:0530,0.0,0.0,0.0,15.02,1.45,0.0
20230628:0630,0.0,0.0,0.0,14.92,1.45,0.0
20230628:0730,0.0,0.0,0.0,14.92,1.93,0.0
20230628:0830,0.0,0.0,0.0,14.85,1.66,0.0
20230628:0930,0.0,0.0,0.0,14.81,1.66,0.0
20230628:1030,18.96,15.35,5.17,14.8,1.93,0.0
20230628:1130,128.6,56.16,15.98,14.95,2.0,0.0
20230628:1230,460.28,160.31,27.32,15.1,2.14,0.0
20230628:1330,915.16,286.4,38.91,15.35,3.1,0.0
20230628:1430,1822.32,555.23,50.49,15.79,3.45,0.0
20230628:1530,2039.6,625.83,61.57,17.1,3.59,0.0
20230628:1630,1996.64,614.64,70.78,18.17,3.38,0.0
20230628:1730,2170.72,677.18,74.1,18.93,3.38,0.0
20230628:1830,1443.76,448.54,68.54,19.41,3.52,0.0
20230628:1930,1649.68,509.85,58.56,18.94,3.52,0.0
20230628:2030,1374.12,426.85,47.27,19.53,3.38,0.0
20230628:2130,886.96,285.82,35.65,19.61,3.1,0.0
20230628:2230,525.96,193.0,24.1,19.23,2.62,0.0
20230628:2330,202.84,78.05,12.89,18.75,1.93,0.0
20230629:0030,15.84,14.12,2.26,17.83,1.45,0.0
20230629:0130,0.0,0.0,0.0,16.82,1.24,0.0
20230629:0230,0.0,0.0,0.0,15.94,1.1,0.0
20230629:0330,0.0,0.0,0.0,14.92,1.03,0.0
20230629:0430,0.0,0.0,0.0,13.9,1.03,0.0
20230629:0530,0.0,0.0,0.0,12.94,0.97,0.0
20230629:0630,0.0,0.0,0.0,12.23,0.9,0.0
20230629:0730,0.0,0.0,0.0,11.38,0.69,0.0
20230629:0830,0.0,0.0,0.0,10.82,0.69,0.0
20230629:0930,0.0,0.0,0.0,10.34,0.62,0.0
20230629:1030,31.44,20.07,5.1,9.78,0.69,0.0
20230629:1130,135.8,78.61,15.92,10.64,0.48,0.0
20230629:1230,831.32,289.09,27.25,14.85,0.41,0.0
20230629:1330,1612.08,514.79,38.85,17.67,0.55,0.0
20230629:1430,2222.08,716.3,50.43,19.4,0.69,0.0
20230629:1530,2647.72,870.79,61.5,20.76,0.97,0.0
20230629:1630,2887.16,967.29,70.71,21.88,1.03,0.0
20230629:1730,2920.08,983.47,74.06,22.9,1.17,0.0
20230629:1830,2693.96,901.35,68.53,23.68,1.1,0.0
20230629:1930,2459.68,816.83,58.57,23.87,0.9,0.0
20230629:2030,1983.16,648.17,47.28,24.19,0.97,0.0
20230629:2130,1320.28,436.8,35.66,24.1,1.03,0.0
20230629:2230,565.16,219.69,24.11,23.61,0.76,0.0
20230629:2330,115.56,51.11,12.89,22.54,0.34,0.0
20230630:0030,11.48,12.24,2.26,20.87,0.07,0.0
20230630:0130,0.0,0.0,0.0,20.09,0.48,0.0
20230630:0230,0.0,0.0,0.0,18.68,0.97,0.0
20230630:0330,0.0,0.0,0.0,17.47,0.9,0.0
20230630:0430,0.0,0.0,0.0,16.49,0.69,0.0
20230630:0530,0.0,0.0,0.0,15.56,0.83,0.0
20230630:0630,0.0,0.0,0.0,15.04,1.1,0.0
20230630:0730,0.0,0.0,0.0,15.94,1.66,0.0
20230630:0830,0.0,0.0,0.0,15.67,1.72,0.0
20230630:0930,0.0,0.0,0.0,15.54,1.72,0.0
20230630:1030,37.24,22.69,5.03,15.45,1.66,0.0
20230630:1130,180.44,78.73,15.85,15.88,1.45,0.0
20230630:1230,603.2,204.19,27.18,17.35,1.31,0.0
20230630:1330,1371.92,432.24,38.78,18.22,2.0,0.0
20230630:1430,1946.8,608.39,50.36,19.74,2.55,0.0
20230630:1530,2061.4,645.82,61.43,20.93,2.69,0.0
20230630:1630,1626.04,507.52,70.64,21.54,2.97,0.0
20230630:1730,1323.4,415.72,74.01,21.34,2.69,0.0
20230630:1830,1571.12,493.26,68.52,21.0,2.28,0.0
20230630:1930,769.32,251.72,58.57,22.17,1.93,0.0
20230630:2030,1261.4,402.07,47.29,21.53,1.1,0.0
20230630:2130,1112.36,364.37,35.67,22.31,1.1,0.0
20230630:2230,490.92,189.43,24.12,22.57,1.31,0.0
20230630:2330,120.8,52.73,12.9,21.94,0.34,0.0
20230701:0030,9.0,11.02,2.25,20.82,0.28,0.0
20230701:0130,0.0,0.0,0.0,20.14,0.9,0.0
20230701:0230,0.0,0.0,0.0,19.34,1.1,0.0
20230701:0330,0.0,0.0,0.0,18.69,1.31,0.0
20230701:0430,0.0,0.0,0.0,18.36,1.52,0.0
20230701:0530,0.0,0.0,0.0,17.9,1.59,0.0
20230701:0630,0.0,0.0,0.0,17.51,1.52,0.0
20230701:0730,0.0,0.0,0.0,17.9,1.59,0.0
20230701:0830,0.0,0.0,0.0,17.74,1.45,0.0
20230701:0930,0.0,0.0,0.0,17.51,1.31,0.0
20230701:1030,29.56,19.85,4.95,17.2,1.24,0.0
20230701:1130,187.92,77.3,15.78,17.36,0.97,0.0
20230701:1230,286.64,104.76,27.11,19.01,0.76,0.0
20230701:1330,722.32,236.09,38.71,19.69,0.97,0.0
20230701:1430,658.4,217.29,50.29,21.33,1.03,0.0
20230701:1530,1424.84,453.89,61.35,21.35,1.03,0.0
20230701:1630,1730.52,550.98,70.56,22.81,1.66,0.0
20230701:1730,2647.76,870.6,73.95,24.12,2.14,0.0
20230701:1830,1442.32,466.7,68.49,25.97,2.0,0.0
20230701:1930,1289.56,411.89,58.56,22.74,1.86,0.0
20230701:2030,1011.52,327.04,47.29,23.26,1.45,0.0
20230701:2130,988.44,324.02,35.67,23.54,1.86,0.0
20230701:2230,333.12,124.44,24.12,23.05,2.62,0.0
20230701:2330,87.72,41.49,12.89,21.78,1.66,0.0
20230702:0030,7.0,10.01,2.24,21.06,1.24,0.0
20230702:0130,0.0,0.0,0.0,20.38,1.17,0.0
20230702:0230,0.0,0.0,0.0,19.72,1.24,0.0
20230702:0330,0.0,0.0,0.0,19.37,1.24,0.0
20230702:0430,0.0,0.0,0.0,19.08,1.38,0.0
20230702:0530,0.0,0.0,0.0,18.96,1.59,0.0
20230702:0630,0.0,0.0,0.0,18.83,1.59,0.0
20230702:0730,0.0,0.0,0.0,18.98,1.79,0.0
20230702:0830,0.0,0.0,0.0,18.71,1.86,0.0
20230702:0930,0.0,0.0,0.0,18.75,1.93,0.0
20230702:1030,42.48,24.97,4.88,18.71,1.72,0.0
20230702:1130,160.96,76.4,15.7,19.17,1.52,0.0
20230702:1230,661.72,230.22,27.04,20.53,1.52,0.0
20230702:1330,1041.8,335.81,38.63,21.82,2.0,0.0
20230702:1430,1061.16,338.56,50.21,22.41,2.83,0.0
20230702:1530,304.92,110.42,61.28,21.63,3.52,0.0
20230702:1630,705.72,230.0,70.48,20.41,2.41,0.0
20230702:1730,1666.16,522.64,73.88,21.48,3.45,0.0
20230702:1830,1789.32,570.76,68.47,23.26,2.76,0.0
20230702:1930,2194.36,693.35,58.56,23.7,4.14,0.0
20230702:2030,1605.76,507.9,47.29,24.46,3.93,0.0
20230702:2130,1104.24,360.5,35.67,24.38,3.38,0.0
20230702:2230,476.12,187.1,24.12,24.36,2.55,0.0
20230702:2330,93.24,43.72,12.88,23.82,1.79,0.0
20230703:0030,7.16,10.14,2.22,22.94,1.59,0.0
20230703:0130,0.0,0.0,0.0,21.82,1.52,0.0
20230703:0230,0.0,0.0,0.0,20.4,1.86,0.0
20230703:0330,0.0,0.0,0.0,19.16,1.72,0.0
20230703:0430,0.0,0.0,0.0,18.73,1.79,0.0
20230703:0530,0.0,0.0,0.0,18.44,2.0,0.0
20230703:0630,0.0,0.0,0.0,18.3,2.07,0.0
20230703:0730,0.0,0.0,0.0,18.88,2.0,0.0
20230703:0830,0.0,0.0,0.0,18.08,1.79,0.0
20230703:0930,0.0,0.0,0.0,17.72,1.52,0.0
20230703:1030,6.12,9.44,4.79,17.6,1.59,0.0
20230703:1130,79.92,38.21,15.62,17.6,2.28,0.0
20230703:1230,325.44,116.79,26.96,18.1,2.48,0.0
20230703:1330,732.12,237.22,38.56,18.88,1.86,0.0
20230703:1430,1189.08,373.29,50.13,20.2,1.86,0.0
20230703:1530,1307.0,409.39,61.19,21.23,2.62,0.0
20230703:1630,2097.04,657.61,70.39,21.08,3.03,0.0
20230703:1730,2247.16,712.56,73.81,22.34,2.9,0.0
20230703:1830,2050.12,649.69,68.43,23.23,2.9,0.0
20230703:1930,1865.16,588.32,58.54,23.7,3.17,0.0
20230703:2030,1350.72,428.13,47.28,23.67,2.97,0.0
20230703:2130,1011.4,330.36,35.67,23.46,2.69,0.0
20230703:2230,421.2,154.21,24.11,22.73,2.83,0.0
20230703:2330,95.2,43.9,12.87,21.01,2.28,0.0
20230704:0030,0.96,6.43,2.19,19.83,1.66,0.0
20230704:0130,0.0,0.0,0.0,19.07,1.31,0.0
20230704:0230,0.0,0.0,0.0,18.54,1.31,0.0
20230704:0330,0.0,0.0,0.0,18.41,1.38,0.0
20230704:0430,0.0,0.0,0.0,18.26,1.66,0.0
20230704:0530,0.0,0.0,0.0,18.29,1.72,0.0
20230704:0630,0.0,0.0,0.0,18.2,1.79,0.0
20230704:0730,0.0,0.0,0.0,18.25,1.72,0.0
20230704:0830,0.0,0.0,0.0,18.3,1.31,0.0
20230704:0930,0.0,0.0,0.0,18.15,1.52,0.0
20230704:1030,6.36,9.58,4.71,17.95,1.45,0.0
20230704:1130,114.32,49.85,15.54,17.95,1.31,0.0
20230704:1230,335.16,120.95,26.88,18.22,1.45,0.0
20230704:1330,834.52,267.78,38.48,18.63,1.79,0.0
20230704:1430,1741.48,541.05,50.05,19.14,2.55,0.0
20230704:1530,1437.28,451.21,61.11,21.12,2.14,0.0
20230704:1630,1655.88,517.63,70.3,21.17,2.34,0.0
20230704:1730,2216.84,704.1,73.73,21.62,2.34,0.0
20230704:1830,1918.12,606.43,68.39,22.54,2.41,0.0
20230704:1930,1755.32,553.9,58.52,23.47,2.97,0.0
20230704:2030,1609.52,509.05,47.27,23.55,2.97,0.0
20230704:2130,1050.04,342.82,35.66,23.56,2.69,0.0
20230704:2230,423.8,160.55,24.1,23.28,2.41,0.0
20230704:2330,120.8,52.73,12.86,22.3,2.0,0.0
20230705:0030,6.36,9.66,2.16,21.24,1.45,0.0
20230705:0130,0.0,0.0,0.0,20.21,1.03,0.0
20230705:0230,0.0,0.0,0.0,19.31,0.9,0.0
20230705:0330,0.0,0.0,0.0,18.52,0.83,0.0
20230705:0430,0.0,0.0,0.0,17.87,0.69,0.0
20230705:0530,0.0,0.0,0.0,17.29,0.76,0.0
20230705:0630,0.0,0.0,0.0,16.74,0.83,0.0
20230705:0730,0.0,0.0,0.0,16.36,1.1,0.0
20230705:0830,0.0,0.0,0.0,15.92,1.03,0.0
20230705:0930,0.0,0.0,0.0,15.53,0.9,0.0
20230705:1030,40.92,24.09,4.62,15.5,0.69,0.0
20230705:1130,187.36,85.48,15.45,16.35,0.41,0.0
20230705:1230,727.84,250.0,26.79,18.91,0.21,0.0
20230705:1330,1354.84,438.32,38.4,20.87,0.48,0.0
20230705:1430,1939.92,627.46,49.97,22.48,0.97,0.0
20230705:1530,2108.64,685.49,61.02,23.56,1.17,0.0
20230705:1630,2467.64,816.18,70.2,24.13,1.17,0.0
20230705:1730,2419.0,800.28,73.64,24.97,1.17,0.0
20230705:1830,2201.24,722.63,68.35,25.24,1.17,0.0
20230705:1930,2134.96,703.86,58.5,25.02,0.83,0.0
20230705:2030,1749.96,573.73,47.25,25.26,0.69,0.0
20230705:2130,1171.36,389.65,35.64,25.14,0.69,0.0
20230705:2230,516.96,201.01,24.08,24.7,0.69,0.0
20230705:2330,87.0,41.62,12.83,23.91,0.48,0.0
20230706:0030,6.92,10.01,2.13,22.47,0.41,0.0
20230706:0130,0.0,0.0,0.0,21.63,0.21,0.0
20230706:0230,0.0,0.0,0.0,20.65,0.14,0.0
20230706:0330,0.0,0.0,0.0,19.88,0.21,0.0
20230706:0430,0.0,0.0,0.0,19.23,0.34,0.0
20230706:0530,0.0,0.0,0.0,18.56,0.48,0.0
20230706:0630,0.0,0.0,0.0,17.94,0.48,0.0
20230706:0730,0.0,0.0,0.0,17.3,0.97,0.0
20230706:0830,0.0,0.0,0.0,17.03,0.83,0.0
20230706:0930,0.0,0.0,0.0,17.02,0.76,0.0
20230706:1030,23.6,17.4,4.53,16.7,0.76,0.0
20230706:1130,119.0,71.65,15.36,16.67,0.69,0.0
20230706:1230,765.0,274.41,26.71,19.79,0.14,0.0
20230706:1330,1486.04,487.71,38.31,22.44,0.14,0.0
20230706:1430,2070.12,688.79,49.88,23.88,0.0,0.0
20230706:1530,2349.48,797.1,60.93,25.07,0.0,0.0
20230706:1630,2570.88,878.54,70.1,25.87,0.41,0.0
20230706:1730,2526.16,857.37,73.55,26.46,0.69,0.0
20230706:1830,2226.96,741.57,68.29,26.61,0.83,0.0
20230706:1930,1981.2,649.19,58.47,26.9,1.31,0.0
20230706:2030,1531.16,496.74,47.23,26.48,1.45,0.0
20230706:2130,988.24,329.18,35.62,25.83,1.38,0.0
20230706:2230,470.24,179.93,24.06,25.02,1.03,0.0
20230706:2330,143.88,60.86,12.81,24.27,0.83,0.0
20230707:0030,11.2,12.2,2.09,23.12,0.76,0.0
20230707:0130,0.0,0.0,0.0,22.11,0.83,0.0
20230707:0230,0.0,0.0,0.0,21.02,0.69,0.0
20230707:0330,0.0,0.0,0.0,20.33,1.03,0.0
20230707:0430,0.0,0.0,0.0,19.66,1.03,0.0
20230707:0530,0.0,0.0,0.0,19.17,1.03,0.0
20230707:0630,0.0,0.0,0.0,18.72,1.1,0.0
20230707:0730,0.0,0.0,0.0,18.45,0.83,0.0
20230707:0830,0.0,0.0,0.0,17.94,0.9,0.0
20230707:0930,0.0,0.0,0.0,17.89,1.1,0.0
20230707:1030,17.2,14.73,4.43,17.79,1.03,0.0
20230707:1130,125.56,60.82,15.27,18.37,0.83,0.0
20230707:1230,551.64,194.04,26.62,19.36,1.38,0.0
20230707:1330,930.84,300.51,38.22,20.64,1.38,0.0
20230707:1430,1329.04,423.34,49.79,21.5,1.1,0.0
20230707:1530,1606.4,512.36,60.83,22.36,1.24,0.0
20230707:1630,1582.08,504.29,69.99,22.9,1.52,0.0
20230707:1730,1873.6,600.96,73.45,23.0,1.79,0.0
20230707:1830,1828.28,582.05,68.23,23.17,1.93,0.0
20230707:1930,1605.2,511.96,58.43,24.25,2.28,0.0
20230707:2030,1291.52,413.02,47.21,24.1,2.28,0.0
20230707:2130,1097.44,359.45,35.6,23.82,2.0,0.0
20230707:2230,498.24,188.22,24.03,23.56,1.79,0.0
20230707:2330,145.12,60.98,12.77,22.95,1.45,0.0
20230708:0030,10.32,11.72,2.04,21.73,1.1,0.0
20230708:0130,0.0,0.0,0.0,20.83,0.9,0.0
20230708:0230,0.0,0.0,0.0,19.79,0.55,0.0
20230708:0330,0.0,0.0,0.0,18.93,0.48,0.0
20230708:0430,0.0,0.0,0.0,18.38,0.48,0.0
20230708:0530,0.0,0.0,0.0,17.55,0.28,0.0
20230708:0630,0.0,0.0,0.0,17.32,0.14,0.0
20230708:0730,0.0,0.0,0.0,17.38,0.28,0.0
20230708:0830,0.0,0.0,0.0,16.62,0.41,0.0
20230708:0930,0.0,0.0,0.0,16.26,0.41,0.0
20230708:1030,28.44,19.33,4.33,16.0,0.34,0.0
20230708:1130,156.52,79.92,15.18,16.22,0.21,0.0
20230708:1230,767.24,268.2,26.53,18.8,0.07,0.0
20230708:1330,1427.08,464.7,38.13,20.87,0.07,0.0
20230708:1430,2046.76,669.9,49.7,22.2,0.41,0.0
20230708:1530,2268.8,750.87,60.73,23.4,0.69,0.0
20230708:1630,2414.04,806.33,69.88,24.16,0.83,0.0
20230708:1730,2560.44,862.27,73.35,24.94,0.97,0.0
20230708:1830,2641.32,890.81,68.17,25.5,1.17,0.0
20230708:1930,2324.36,767.8,58.39,26.15,1.52,0.0
20230708:2030,1860.0,605.12,47.18,25.95,1.66,0.0
20230708:2130,1173.48,388.54,35.57,25.55,1.59,0.0
20230708:2230,574.28,225.31,24.0,24.62,1.17,0.0
20230708:2330,176.0,71.45,12.74,23.9,0.76,0.0
20230709:0030,9.48,11.32,1.99,22.49,0.55,0.0
20230709:0130,0.0,0.0,0.0,21.51,0.41,0.0
20230709:0230,0.0,0.0,0.0,20.67,0.41,0.0
20230709:0330,0.0,0.0,0.0,20.06,0.9,0.0
20230709:0430,0.0,0.0,0.0,19.21,0.83,0.0
20230709:0530,0.0,0.0,0.0,18.57,0.55,0.0
20230709:0630,0.0,0.0,0.0,18.3,0.41,0.0
20230709:0730,0.0,0.0,0.0,18.25,0.97,0.0
20230709:0830,0.0,0.0,0.0,17.85,0.83,0.0
20230709:0930,0.0,0.0,0.0,17.6,0.9,0.0
20230709:1030,15.16,13.82,4.23,17.43,0.97,0.0
20230709:1130,109.6,48.34,15.08,17.7,0.97,0.0
20230709:1230,175.04,69.45,26.43,18.29,0.62,0.0
20230709:1330,266.04,97.67,38.04,18.57,0.41,0.0
20230709:1430,186.48,73.01,49.61,18.5,0.34,0.0
20230709:1530,337.04,119.55,60.63,19.06,0.48,0.0
20230709:1630,757.68,245.77,69.76,18.63,0.83,0.0
20230709:1730,1153.96,367.23,73.23,19.18,0.9,0.0
20230709:1830,1447.52,461.19,68.1,20.46,0.9,0.0
20230709:1930,2015.96,639.84,58.35,19.98,1.66,0.0
20230709:2030,1618.6,511.14,47.14,21.56,1.86,0.0
20230709:2130,893.72,291.87,35.54,21.51,1.86,0.0
20230709:2230,378.84,145.03,23.96,20.66,2.0,0.0
20230709:2330,97.32,44.68,12.7,19.86,1.59,0.0
20230710:0030,3.96,8.26,1.93,18.88,1.31,0.0
20230710:0130,0.0,0.0,0.0,18.25,1.66,0.0
20230710:0230,0.0,0.0,0.0,17.68,1.31,0.0
20230710:0330,0.0,0.0,0.0,17.34,1.1,0.0
20230710:0430,0.0,0.0,0.0,16.9,0.9,0.0
20230710:0530,0.0,0.0,0.0,16.7,1.03,0.0
20230710:0630,0.0,0.0,0.0,16.29,1.17,0.0
20230710:0730,0.0,0.0,0.0,16.76,1.1,0.0
20230710:0830,0.0,0.0,0.0,16.65,1.1,0.0
20230710:0930,0.0,0.0,0.0,16.52,1.24,0.0
20230710:1030,10.92,11.81,4.12,16.35,1.45,0.0
20230710:1130,184.6,79.68,14.98,16.16,1.31,0.0
20230710:1230,683.12,238.51,26.34,16.26,1.72,0.0
20230710:1330,1420.4,445.03,37.95,16.94,1.93,0.0
20230710:1430,2054.0,638.8,49.51,18.16,2.48,0.0
20230710:1530,2105.8,657.6,60.52,19.37,2.62,0.0
20230710:1630,2524.96,802.78,69.64,20.15,2.55,0.0
20230710:1730,2664.28,858.35,73.11,21.08,2.48,0.0
20230710:1830,2556.24,822.25,68.02,21.79,2.41,0.0
20230710:1930,1735.64,545.98,58.3,22.12,2.62,0.0
20230710:2030,1548.24,487.05,47.1,21.54,2.55,0.0
20230710:2130,1188.4,383.15,35.5,21.36,2.48,0.0
20230710:2230,590.12,221.59,23.92,20.93,2.21,0.0
20230710:2330,79.76,39.42,12.65,20.39,1.66,0.0
20230711:0030,6.8,9.84,1.87,19.38,1.03,0.0
20230711:0130,0.0,0.0,0.0,18.2,0.9,0.0
20230711:0230,0.0,0.0,0.0,17.01,1.03,0.0
20230711:0330,0.0,0.0,0.0,16.05,1.1,0.0
20230711:0430,0.0,0.0,0.0,15.27,1.1,0.0
20230711:0530,0.0,0.0,0.0,14.5,1.03,0.0
20230711:0630,0.0,0.0,0.0,13.87,0.9,0.0
20230711:0730,0.0,0.0,0.0,13.32,1.1,0.0
20230711:0830,0.0,0.0,0.0,13.0,1.03,0.0
20230711:0930,0.0,0.0,0.0,12.71,1.1,0.0
20230711:1030,21.44,16.26,4.02,12.44,1.03,0.0
20230711:1130,125.68,70.91,14.88,12.93,0.83,0.0
20230711:1230,772.84,272.46,26.24,16.39,0.48,0.0
20230711:1330,1486.72,474.93,37.85,18.91,0.9,0.0
20230711:1430,2160.88,690.25,49.41,20.21,1.38,0.0
20230711:1530,2116.76,676.75,60.41,21.51,1.66,0.0
20230711:1630,1979.6,634.55,69.51,22.11,1.66,0.0
20230711:1730,1876.48,598.46,72.99,22.41,1.72,0.0
20230711:1830,1984.24,633.81,67.93,22.51,1.86,0.0
20230711:1930,1792.12,571.32,58.24,23.05,1.93,0.0
20230711:2030,1602.4,509.32,47.06,23.16,2.14,0.0
20230711:2130,1105.28,359.69,35.46,23.06,2.28,0.0
20230711:2230,498.84,188.36,23.88,22.29,2.0,0.0
20230711:2330,86.04,41.84,12.6,21.33,1.59,0.0
20230712:0030,6.72,9.84,1.81,20.24,1.24,0.0
20230712:0130,0.0,0.0,0.0,19.16,1.1,0.0
20230712:0230,0.0,0.0,0.0,18.09,1.17,0.0
20230712:0330,0.0,0.0,0.0,17.12,1.31,0.0
20230712:0430,0.0,0.0,0.0,16.28,1.31,0.0
20230712:0530,0.0,0.0,0.0,15.8,1.31,0.0
20230712:0630,0.0,0.0,0.0,15.31,1.24,0.0
20230712:0730,0.0,0.0,0.0,15.04,1.38,0.0
20230712:0830,0.0,0.0,0.0,14.59,1.38,0.0
20230712:0930,0.0,0.0,0.0,14.13,1.38,0.0
20230712:1030,22.36,16.7,3.9,13.59,1.38,0.0
20230712:1130,174.04,81.87,14.77,13.95,1.17,0.0
20230712:1230,764.16,265.29,26.14,17.21,0.76,0.0
20230712:1330,1525.2,490.36,37.75,20.03,0.9,0.0
20230712:1430,2161.64,696.83,49.31,21.85,1.38,0.0
20230712:1530,2637.32,864.87,60.3,23.09,1.72,0.0
20230712:1630,2727.12,899.8,69.38,23.97,1.93,0.0
20230712:1730,2775.04,920.17,72.86,24.59,2.0,0.0
20230712:1830,2243.16,732.19,67.84,25.04,1.93,0.0
20230712:1930,2189.24,710.83,58.18,24.96,2.14,0.0
20230712:2030,2014.48,652.48,47.01,25.07,2.0,0.0
20230712:2130,1392.72,457.98,35.41,25.07,2.07,0.0
20230712:2230,586.64,227.58,23.83,24.58,1.79,0.0
20230712:2330,63.24,34.51,12.54,23.55,1.1,0.0
20230713:0030,5.56,9.27,1.73,22.3,0.21,0.0
20230713:0130,0.0,0.0,0.0,21.01,0.62,0.0
20230713:0230,0.0,0.0,0.0,19.32,1.17,0.0
20230713:0330,0.0,0.0,0.0,18.27,1.31,0.0
20230713:0430,0.0,0.0,0.0,18.02,1.66,0.0
20230713:0530,0.0,0.0,0.0,17.89,1.86,0.0
20230713:0630,0.0,0.0,0.0,17.72,1.86,0.0
20230713:0730,0.0,0.0,0.0,17.49,2.07,0.0
20230713:0830,0.0,0.0,0.0,17.1,1.93,0.0
20230713:0930,0.0,0.0,0.0,16.85,1.86,0.0
20230713:1030,17.84,14.95,3.79,16.7,2.0,0.0
20230713:1130,111.4,67.1,14.66,17.16,2.0,0.0
20230713:1230,701.24,250.02,26.04,19.37,1.93,0.0
20230713:1330,1404.04,449.74,37.65,21.5,1.93,0.0
20230713:1430,1644.32,518.94,49.2,22.85,2.76,0.0
20230713:1530,1760.24,552.32,60.19,22.95,3.59,0.0
20230713:1630,2502.28,800.1,69.25,23.47,3.38,0.0
20230713:1730,2837.56,930.68,72.72,24.74,2.83,0.0
20230713:1830,2423.6,792.11,67.75,26.04,2.62,0.0
20230713:1930,2268.08,738.94,58.11,26.21,2.48,0.0
20230713:2030,1679.32,541.5,46.95,26.43,2.41,0.0
20230713:2130,1079.44,356.36,35.36,25.43,1.86,0.0
20230713:2230,385.4,142.82,23.77,24.46,1.45,0.0
20230713:2330,86.16,41.09,12.48,22.55,1.1,0.0
20230714:0030,0.0,3.28,1.66,21.6,1.45,0.0
20230714:0130,0.0,0.0,0.0,20.29,1.59,0.0
20230714:0230,0.0,0.0,0.0,19.47,1.93,0.0
20230714:0330,0.0,0.0,0.0,18.95,2.21,0.0
20230714:0430,0.0,0.0,0.0,18.57,1.93,0.0
20230714:0530,0.0,0.0,0.0,18.42,1.66,0.0
20230714:0630,0.0,0.0,0.0,18.32,1.59,0.0
20230714:0730,0.0,0.0,0.0,17.62,1.66,0.0
20230714:0830,0.0,0.0,0.0,17.5,1.45,0.0
20230714:0930,0.0,0.0,0.0,17.47,1.38,0.0
20230714:1030,9.04,10.93,3.67,17.35,1.31,0.0
20230714:1130,122.24,56.85,14.55,17.5,1.1,0.0
20230714:1230,397.16,140.9,25.93,18.39,0.83,0.0
20230714:1330,905.8,291.17,37.54,19.06,1.1,0.0
20230714:1430,821.0,264.69,49.09,20.24,1.24,0.0
20230714:1530,1691.12,536.32,60.07,20.85,1.66,0.0
20230714:1630,2053.24,662.46,69.11,22.46,1.38,0.0
20230714:1730,2299.96,751.56,72.57,23.59,1.45,0.0
20230714:1830,2006.92,650.25,67.64,24.69,1.93,0.0
20230714:1930,1970.04,638.48,58.04,23.78,1.24,0.0
20230714:2030,1490.96,480.63,46.89,24.38,1.52,0.0
20230714:2130,1082.96,355.15,35.3,24.18,1.79,0.0
20230714:2230,514.04,196.53,23.71,23.41,1.45,0.0
20230714:2330,85.4,42.07,12.41,23.05,1.38,0.0
20230715:0030,3.96,8.35,1.57,22.08,0.69,0.0
20230715:0130,0.0,0.0,0.0,21.07,1.17,0.0
20230715:0230,0.0,0.0,0.0,20.07,1.03,0.0
20230715:0330,0.0,0.0,0.0,19.37,0.97,0.0
20230715:0430,0.0,0.0,0.0,18.61,0.83,0.0
20230715:0530,0.0,0.0,0.0,17.94,0.76,0.0
20230715:0630,0.0,0.0,0.0,17.38,0.83,0.0
20230715:0730,0.0,0.0,0.0,16.93,1.03,0.0
20230715:0830,0.0,0.0,0.0,16.26,1.03,0.0
20230715:0930,0.0,0.0,0.0,15.76,0.97,0.0
20230715:1030,19.08,15.43,3.55,15.48,0.83,0.0
20230715:1130,122.16,69.26,14.44,15.86,0.69,0.0
20230715:1230,755.0,270.8,25.82,19.43,0.55,0.0
20230715:1330,1503.12,489.62,37.44,22.24,0.69,0.0
20230715:1430,2058.92,675.56,48.99,23.97,0.76,0.0
20230715:1530,2203.28,729.6,59.94,25.4,0.97,0.0
20230715:1630,2380.6,795.76,68.96,26.09,1.24,0.0
20230715:1730,1889.4,622.1,72.42,26.49,1.24,0.0
20230715:1830,2151.4,712.81,67.53,26.78,1.24,0.0
20230715:1930,1864.72,611.7,57.96,27.13,1.31,0.0
20230715:2030,1233.48,405.13,46.82,27.28,1.1,0.0
20230715:2130,512.28,178.43,35.24,26.6,0.97,0.0
20230715:2230,112.24,50.25,23.65,23.93,0.83,0.0
20230715:2330,51.16,28.59,12.34,22.32,0.69,0.0
20230716:0030,0.0,2.49,1.48,21.35,0.69,0.0
20230716:0130,0.0,0.0,0.0,20.66,0.41,0.0
20230716:0230,0.0,0.0,0.0,20.2,0.83,0.0
20230716:0330,0.0,0.0,0.0,19.59,1.03,0.0
20230716:0430,0.0,0.0,0.0,19.24,1.1,0.0
20230716:0530,0.0,0.0,0.0,19.01,1.24,0.0
20230716:0630,0.0,0.0,0.0,18.87,1.1,0.0
20230716:0730,0.0,0.0,0.0,18.79,1.31,0.0
20230716:0830,0.0,0.0,0.0,18.61,1.17,0.0
20230716:0930,0.0,0.0,0.0,17.73,1.31,0.0
20230716:1030,5.08,8.88,3.43,17.81,0.97,0.0
20230716:1130,127.12,56.33,14.33,18.19,1.1,0.0
20230716:1230,570.4,199.63,25.71,18.67,1.66,0.0
20230716:1330,1060.4,338.21,37.33,19.42,1.66,0.0
20230716:1430,1750.64,549.29,48.87,20.49,2.21,0.0
20230716:1530,2162.84,681.7,59.82,21.6,2.83,0.0
20230716:1630,2332.48,739.95,68.81,22.53,3.1,0.0
20230716:1730,2432.88,775.5,72.26,23.21,3.24,0.0
20230716:1830,2290.8,730.39,67.41,23.66,3.17,0.0
20230716:1930,2172.96,689.38,57.87,23.58,3.31,0.0
20230716:2030,1969.64,624.79,46.75,23.65,3.24,0.0
20230716:2130,1165.08,378.45,35.17,23.7,3.03,0.0
20230716:2230,552.32,211.45,23.57,23.02,2.48,0.0
20230716:2330,78.44,39.72,12.26,22.36,2.0,0.0
20230717:0030,3.6,8.13,1.39,21.32,1.72,0.0
20230717:0130,0.0,0.0,0.0,20.16,1.79,0.0
20230717:0230,0.0,0.0,0.0,19.58,1.59,0.0
20230717:0330,0.0,0.0,0.0,18.88,1.45,0.0
20230717:0430,0.0,0.0,0.0,18.24,1.45,0.0
20230717:0530,0.0,0.0,0.0,17.83,1.31,0.0
20230717:0630,0.0,0.0,0.0,17.35,1.31,0.0
20230717:0730,0.0,0.0,0.0,17.13,1.59,0.0
20230717:0830,0.0,0.0,0.0,16.83,1.52,0.0
20230717:0930,0.0,0.0,0.0,16.42,1.52,0.0
20230717:1030,15.8,14.04,3.31,16.16,1.52,0.0
20230717:1130,131.08,67.55,14.21,16.33,1.38,0.0
20230717:1230,607.44,210.07,25.6,18.29,1.1,0.0
20230717:1330,1108.96,353.35,37.22,19.63,1.86,0.0
20230717:1430,1548.04,484.66,48.76,20.31,2.41,0.0
20230717:1530,1957.88,618.91,59.69,21.12,2.07,0.0
20230717:1630,2167.96,693.4,68.66,22.18,1.79,0.0
20230717:1730,2193.24,705.77,72.1,23.26,1.93,0.0
20230717:1830,1840.68,586.3,67.29,23.95,2.21,0.0
20230717:1930,2190.32,706.05,57.78,24.07,2.07,0.0
20230717:2030,1750.64,561.1,46.68,24.83,2.21,0.0
20230717:2130,1192.64,391.26,35.09,24.78,2.07,0.0
20230717:2230,407.04,158.13,23.5,23.63,1.72,0.0
20230717:2330,81.08,40.21,12.18,22.12,1.45,0.0
20230718:0030,1.04,6.51,1.29,21.13,0.83,0.0
20230718:0130,0.0,0.0,0.0,20.22,0.97,0.0
20230718:0230,0.0,0.0,0.0,19.34,1.38,0.0
20230718:0330,0.0,0.0,0.0,18.79,1.45,0.0
20230718:0430,0.0,0.0,0.0,18.16,1.66,0.0
20230718:0530,0.0,0.0,0.0,17.71,1.79,0.0
20230718:0630,0.0,0.0,0.0,17.12,1.59,0.0
20230718:0730,0.0,0.0,0.0,16.57,1.59,0.0
20230718:0830,0.0,0.0,0.0,16.23,1.52,0.0
20230718:0930,0.0,0.0,0.0,16.04,1.52,0.0
20230718:1030,13.76,13.12,3.18,16.07,1.45,0.0
20230718:1130,140.2,69.36,14.09,16.36,1.31,0.0
20230718:1230,519.48,184.87,25.49,18.11,1.59,0.0
20230718:1330,770.04,248.71,37.11,19.05,2.0,0.0
20230718:1430,1438.68,449.95,48.64,19.48,2.0,0.0
20230718:1530,2321.16,745.01,59.56,20.96,1.59,0.0
20230718:1630,2549.68,831.78,68.5,22.8,1.79,0.0
20230718:1730,2664.24,872.59,71.93,23.82,2.21,0.0
20230718:1830,2626.64,841.31,67.16,22.54,3.1,0.0
20230718:1930,2015.6,641.75,57.69,24.2,2.97,0.0
20230718:2030,1716.16,545.13,46.59,23.98,2.69,0.0
20230718:2130,1157.48,377.97,35.02,24.01,2.14,0.0
20230718:2230,448.92,167.03,23.42,23.7,1.38,0.0
20230718:2330,120.24,53.1,12.09,22.92,1.03,0.0
20230719:0030,3.08,7.83,1.19,22.08,1.17,0.0
20230719:0130,0.0,0.0,0.0,20.99,1.1,0.0
20230719:0230,0.0,0.0,0.0,19.72,1.52,0.0
20230719:0330,0.0,0.0,0.0,19.2,1.31,0.0
20230719:0430,0.0,0.0,0.0,18.89,1.03,0.0
20230719:0530,0.0,0.0,0.0,18.52,1.03,0.0
20230719:0630,0.0,0.0,0.0,18.09,0.83,0.0
20230719:0730,0.0,0.0,0.0,17.11,1.45,0.0
20230719:0830,0.0,0.0,0.0,17.18,1.24,0.0
20230719:0930,0.0,0.0,0.0,17.02,1.1,0.0
20230719:1030,0.0,4.98,3.05,17.06,0.9,0.0
20230719:1130,88.48,41.82,13.97,17.19,1.31,0.0
20230719:1230,371.32,130.5,25.37,17.69,1.93,0.0
20230719:1330,1041.76,330.74,36.99,18.35,1.72,0.0
20230719:1430,1344.28,421.78,48.52,19.7,1.93,0.0
20230719:1530,2122.92,674.97,59.43,21.04,1.86,0.0
20230719:1630,2609.48,848.63,68.34,22.36,1.93,0.0
20230719:1730,2528.84,821.73,71.75,23.47,2.14,0.0
20230719:1830,1827.84,579.7,67.02,23.79,2.34,0.0
20230719:1930,2168.44,693.82,57.58,22.89,2.14,0.0
20230719:2030,1888.32,603.25,46.51,23.65,2.21,0.0
20230719:2130,1138.16,370.68,34.93,23.61,2.41,0.0
20230719:2230,511.28,194.3,23.33,22.86,2.21,0.0
20230719:2330,63.08,34.31,11.99,21.99,1.72,0.0
20230720:0030,2.28,7.3,1.08,20.82,1.38,0.0
20230720:0130,0.0,0.0,0.0,19.79,0.9,0.0
20230720:0230,0.0,0.0,0.0,18.84,0.69,0.0
20230720:0330,0.0,0.0,0.0,17.99,0.97,0.0
20230720:0430,0.0,0.0,0.0,17.29,0.97,0.0
20230720:0530,0.0,0.0,0.0,16.83,1.03,0.0
20230720:0630,0.0,0.0,0.0,16.46,0.97,0.0
20230720:0730,0.0,0.0,0.0,15.85,1.1,0.0
20230720:0830,0.0,0.0,0.0,15.36,0.97,0.0
20230720:0930,0.0,0.0,0.0,14.96,1.03,0.0
20230720:1030,14.56,13.42,2.92,14.68,0.97,0.0
20230720:1130,145.28,71.03,13.85,14.94,0.76,0.0
20230720:1230,705.72,247.09,25.26,17.52,0.83,0.0
20230720:1330,1306.12,415.83,36.88,19.46,1.45,0.0
20230720:1430,1823.08,576.09,48.4,20.83,1.86,0.0
20230720:1530,1903.92,607.52,59.29,22.13,1.72,0.0
20230720:1630,1863.0,598.16,68.17,22.94,1.59,0.0
20230720:1730,1897.44,611.32,71.57,23.61,1.45,0.0
20230720:1830,2178.84,712.89,66.88,24.21,1.45,0.0
20230720:1930,1948.08,628.9,57.47,25.35,2.0,0.0
20230720:2030,1697.76,548.88,46.41,25.22,1.52,0.0
20230720:2130,1184.16,392.05,34.84,25.27,1.03,0.0
20230720:2230,567.52,216.01,23.24,25.03,0.97,0.0
20230720:2330,103.16,48.66,11.89,24.36,0.9,0.0
20230721:0030,3.4,8.05,0.96,23.52,0.9,0.0
20230721:0130,0.0,0.0,0.0,22.29,1.03,0.0
20230721:0230,0.0,0.0,0.0,21.03,1.52,0.0
20230721:0330,0.0,0.0,0.0,19.87,1.52,0.0
20230721:0430,0.0,0.0,0.0,19.04,1.38,0.0
20230721:0530,0.0,0.0,0.0,18.67,1.38,0.0
20230721:0630,0.0,0.0,0.0,18.32,1.38,0.0
20230721:0730,0.0,0.0,0.0,18.49,1.79,0.0
20230721:0830,0.0,0.0,0.0,18.45,1.38,0.0
20230721:0930,0.0,0.0,0.0,18.37,1.59,0.0
20230721:1030,0.92,6.38,2.78,18.33,1.52,0.0
20230721:1130,122.76,52.84,13.72,18.37,2.07,0.0
20230721:1230,528.76,185.44,25.14,18.59,2.07,0.0
20230721:1330,1058.6,334.86,36.76,18.77,2.69,0.0
20230721:1430,1745.8,543.01,48.28,18.97,2.55,0.0
20230721:1530,2120.36,663.13,59.15,19.55,2.83,0.0
20230721:1630,2407.72,761.32,68.0,20.5,3.1,0.0
20230721:1730,2730.24,867.63,71.39,21.26,3.59,0.0
20230721:1830,1932.28,601.3,66.73,21.87,3.72,0.0
20230721:1930,1522.48,477.94,57.36,21.38,3.24,0.0
20230721:2030,1261.48,397.41,46.31,21.1,2.97,0.0
20230721:2130,855.0,276.82,34.75,20.9,2.76,0.0
20230721:2230,521.0,187.66,23.14,20.33,2.34,0.0
20230721:2330,83.68,40.94,11.79,19.8,2.21,0.0
20230722:0030,0.96,6.43,0.84,18.8,1.93,0.0
20230722:0130,0.0,0.0,0.0,17.88,1.52,0.0
20230722:0230,0.0,0.0,0.0,17.29,1.17,0.0
20230722:0330,0.0,0.0,0.0,16.79,0.97,0.0
20230722:0430,0.0,0.0,0.0,16.39,0.9,0.0
20230722:0530,0.0,0.0,0.0,15.84,0.83,0.0
20230722:0630,0.0,0.0,0.0,15.39,0.62,0.0
20230722:0730,0.0,0.0,0.0,15.6,0.48,0.0
20230722:0830,0.0,0.0,0.0,15.18,0.55,0.0
20230722:0930,0.0,0.0,0.0,14.67,0.69,0.0
20230722:1030,16.68,14.34,2.65,14.56,0.41,0.0
20230722:1130,218.08,85.23,13.6,14.71,0.28,0.0
20230722:1230,700.56,238.56,25.02,15.51,0.34,0.0
20230722:1330,1385.36,439.73,36.64,16.97,0.48,0.0
20230722:1430,2027.04,644.84,48.16,18.29,0.69,0.0
20230722:1530,2150.28,686.77,59.01,19.65,1.1,0.0
20230722:1630,2460.52,792.92,67.82,20.39,1.45,0.0
20230722:1730,2306.84,741.53,71.19,21.35,1.66,0.0
20230722:1830,1908.56,607.08,66.57,21.66,1.72,0.0
20230722:1930,1677.64,532.2,57.24,21.43,1.17,0.0
20230722:2030,1651.88,525.26,46.21,21.42,1.31,0.0
20230722:2130,1091.64,354.13,34.65,21.36,1.38,0.0
20230722:2230,440.52,165.99,23.04,20.7,1.38,0.0
20230722:2330,78.28,38.93,11.68,20.02,1.31,0.0
20230723:0030,0.0,4.46,0.71,19.1,0.97,0.0
20230723:0130,0.0,0.0,0.0,18.36,0.76,0.0
20230723:0230,0.0,0.0,0.0,17.25,0.62,0.0
20230723:0330,0.0,0.0,0.0,16.98,0.48,0.0
20230723:0430,0.0,0.0,0.0,16.38,0.34,0.0
20230723:0530,0.0,0.0,0.0,15.21,0.69,0.0
20230723:0630,0.0,0.0,0.0,14.69,0.55,0.0
20230723:0730,0.0,0.0,0.0,13.72,0.69,0.0
20230723:0830,0.0,0.0,0.0,13.24,0.55,0.0
20230723:0930,0.0,0.0,0.0,12.97,0.55,0.0
20230723:1030,11.2,11.81,2.51,12.8,0.55,0.0
20230723:1130,93.76,58.56,13.47,13.08,0.41,0.0
20230723:1230,758.92,268.9,24.9,15.92,0.07,0.0
20230723:1330,1551.44,501.23,36.52,18.83,0.07,0.0
20230723:1430,2031.72,658.12,48.03,20.53,0.28,0.0
20230723:1530,2188.2,720.88,58.86,21.67,0.0,0.0
20230723:1630,2462.44,825.72,67.64,22.45,0.14,0.0
20230723:1730,2767.52,951.14,70.99,23.31,0.21,0.0
20230723:1830,2464.52,827.72,66.41,24.17,0.48,0.0
20230723:1930,1892.84,617.11,57.11,24.79,0.9,0.0
20230723:2030,1267.84,408.71,46.1,24.62,1.1,0.0
20230723:2130,938.48,310.11,34.54,23.87,1.03,0.0
20230723:2230,459.64,176.36,22.93,23.12,0.9,0.0
20230723:2330,64.52,34.42,11.57,21.48,0.34,0.0
20230724:0030,0.0,4.77,0.58,20.55,0.41,0.0
20230724:0130,0.0,0.0,0.0,19.65,0.83,0.0
20230724:0230,0.0,0.0,0.0,18.5,1.03,0.0
20230724:0330,0.0,0.0,0.0,17.56,0.97,0.0
20230724:0430,0.0,0.0,0.0,16.78,0.97,0.0
20230724:0530,0.0,0.0,0.0,16.12,0.97,0.0
20230724:0630,0.0,0.0,0.0,15.49,1.1,0.0
20230724:0730,0.0,0.0,0.0,15.42,1.17,0.0
20230724:0830,0.0,0.0,0.0,14.89,1.1,0.0
20230724:0930,0.0,0.0,0.0,14.45,1.1,0.0
20230724:1030,8.76,10.67,2.37,14.07,0.97,0.0
20230724:1130,96.64,61.1,13.34,14.2,0.76,0.0
20230724:1230,743.32,265.41,24.77,17.64,0.41,0.0
20230724:1330,1531.24,495.15,36.4,20.59,0.62,0.0
20230724:1430,2104.04,681.14,47.9,22.09,0.97,0.0
20230724:1530,2331.36,757.97,58.72,23.02,1.31,0.0
20230724:1630,2538.12,833.9,67.46,23.55,1.52,0.0
20230724:1730,2038.04,656.72,70.79,23.98,1.66,0.0
20230724:1830,2541.2,833.85,66.24,23.82,1.66,0.0
20230724:1930,2432.44,793.64,56.98,24.92,2.14,0.0
20230724:2030,1327.88,426.2,45.98,24.88,2.21,0.0
20230724:2130,1238.92,404.82,34.43,23.87,1.86,0.0
20230724:2230,535.64,205.66,22.82,23.45,1.72,0.0
20230724:2330,56.96,32.28,11.45,22.48,1.24,0.0
20230725:0030,0.8,6.34,0.44,21.33,0.76,0.0
20230725:0130,0.0,0.0,0.0,20.0,0.83,0.0
20230725:0230,0.0,0.0,0.0,18.8,1.1,0.0
20230725:0330,0.0,0.0,0.0,18.01,1.17,0.0
20230725:0430,0.0,0.0,0.0,17.08,1.24,0.0
20230725:0530,0.0,0.0,0.0,16.41,1.17,0.0
20230725:0630,0.0,0.0,0.0,15.93,1.1,0.0
20230725:0730,0.0,0.0,0.0,15.42,0.97,0.0
20230725:0830,0.0,0.0,0.0,14.9,1.03,0.0
20230725:0930,0.0,0.0,0.0,14.56,1.03,0.0
20230725:1030,13.8,13.07,2.23,14.61,1.17,0.0
20230725:1130,164.56,72.7,13.21,15.06,1.1,0.0
20230725:1230,624.0,219.27,24.65,17.7,0.62,0.0
20230725:1330,531.12,178.02,36.28,19.34,1.1,0.0
20230725:1430,1016.44,321.78,47.77,18.66,0.97,0.0
20230725:1530,1925.64,602.74,58.57,19.22,2.0,0.0
20230725:1630,2033.16,644.03,67.27,20.9,1.72,0.0
20230725:1730,1664.24,524.96,70.58,21.57,2.0,0.0
20230725:1830,2447.04,778.55,66.07,20.49,2.41,0.0
20230725:1930,2225.6,715.2,56.84,24.13,2.48,0.0
20230725:2030,1515.24,478.7,45.86,23.28,2.76,0.0
20230725:2130,1019.8,331.8,34.32,22.79,2.28,0.0
20230725:2230,462.32,176.79,22.7,22.06,1.79,0.0
20230725:2330,64.28,34.67,11.32,21.45,1.24,0.0
20230726:0030,0.0,5.64,0.3,20.55,0.76,0.0
20230726:0130,0.0,0.0,0.0,19.52,0.69,0.0
20230726:0230,0.0,0.0,0.0,18.44,0.76,0.0
20230726:0330,0.0,0.0,0.0,17.44,0.76,0.0
20230726:0430,0.0,0.0,0.0,16.59,0.69,0.0
20230726:0530,0.0,0.0,0.0,15.82,0.76,0.0
20230726:0630,0.0,0.0,0.0,15.14,0.76,0.0
20230726:0730,0.0,0.0,0.0,15.38,0.76,0.0
20230726:0830,0.0,0.0,0.0,15.12,0.83,0.0
20230726:0930,0.0,0.0,0.0,14.91,0.76,0.0
20230726:1030,15.36,13.77,2.08,14.68,0.76,0.0
20230726:1130,199.12,82.24,13.08,14.89,0.76,0.0
20230726:1230,736.8,255.03,24.52,16.63,0.62,0.0
20230726:1330,1558.6,501.23,36.15,19.58,0.69,0.0
20230726:1430,2197.0,713.53,47.64,21.99,0.97,0.0
20230726:1530,2644.0,877.13,58.41,23.92,1.38,0.0
20230726:1630,2932.84,994.94,67.08,25.25,1.45,0.0
20230726:1730,2899.4,986.23,70.36,26.34,1.52,0.0
20230726:1830,2773.44,937.96,65.88,27.01,1.66,0.0
20230726:1930,2238.0,740.56,56.69,27.54,1.66,0.0
20230726:2030,1979.12,650.24,45.74,27.59,1.79,0.0
20230726:2130,1201.92,399.86,34.2,27.67,1.93,0.0
20230726:2230,536.72,210.59,22.58,26.82,1.45,0.0
20230726:2330,52.08,30.9,11.19,25.96,1.66,0.0
20230727:0030,0.16,5.95,0.15,24.29,1.93,0.0
20230727:0130,0.0,0.0,0.0,22.73,2.0,0.0
20230727:0230,0.0,0.0,0.0,21.62,1.93,0.0
20230727:0330,0.0,0.0,0.0,20.92,1.93,0.0
20230727:0430,0.0,0.0,0.0,20.47,1.93,0.0
20230727:0530,0.0,0.0,0.0,20.18,2.0,0.0
20230727:0630,0.0,0.0,0.0,20.03,2.07,0.0
20230727:0730,0.0,0.0,0.0,20.84,2.55,0.0
20230727:0830,0.0,0.0,0.0,21.08,2.83,0.0
20230727:0930,0.0,0.0,0.0,21.14,2.83,0.0
20230727:1030,12.48,12.72,1.94,20.98,2.69,0.0
20230727:1130,120.8,62.6,12.94,20.86,2.62,0.0
20230727:1230,579.92,205.3,24.4,21.69,2.69,0.0
20230727:1330,1158.56,372.91,36.02,22.92,2.48,0.0
20230727:1430,1869.0,592.46,47.5,23.71,3.17,0.0
20230727:1530,2003.68,630.09,58.26,24.48,4.62,0.0
20230727:1630,2284.2,726.08,66.88,25.2,4.48,0.0
20230727:1730,2136.52,688.03,70.14,25.82,3.31,0.0
20230727:1830,1996.56,644.58,65.7,26.25,2.97,0.0
20230727:1930,2265.76,730.02,56.54,26.73,3.52,0.0
20230727:2030,1819.08,585.55,45.6,27.4,3.38,0.0
20230727:2130,655.68,220.32,34.07,24.94,3.1,0.0
20230727:2230,264.0,105.02,22.45,23.76,2.41,0.0
20230727:2330,76.2,37.89,11.05,22.85,2.07,0.0
20230728:0030,0.0,0.0,-0.0,22.17,1.72,0.0
20230728:0130,0.0,0.0,0.0,21.48,1.79,0.0
20230728:0230,0.0,0.0,0.0,21.2,1.86,0.0
20230728:0330,0.0,0.0,0.0,20.92,1.24,0.0
20230728:0430,0.0,0.0,0.0,20.49,1.38,0.0
20230728:0530,0.0,0.0,0.0,20.4,1.38,0.0
20230728:0630,0.0,0.0,0.0,20.19,1.31,0.0
20230728:0730,0.0,0.0,0.0,19.81,1.45,0.0
20230728:0830,0.0,0.0,0.0,19.61,1.38,0.0
20230728:0930,0.0,0.0,0.0,19.42,1.31,0.0
20230728:1030,4.68,8.7,1.79,19.32,1.38,0.0
20230728:1130,107.56,58.31,12.81,19.4,1.24,0.0
20230728:1230,603.28,218.0,24.27,21.02,1.1,0.0
20230728:1330,1390.72,448.61,35.9,22.62,1.66,0.0
20230728:1430,1980.24,631.92,47.37,24.28,2.76,0.0
20230728:1530,1983.56,632.1,58.1,25.87,3.38,0.0
20230728:1630,2576.16,841.28,66.68,26.6,3.17,0.0
20230728:1730,2485.92,815.54,69.91,27.67,3.1,0.0
20230728:1830,2452.32,809.65,65.5,28.26,2.62,0.0
20230728:1930,1452.08,468.76,56.39,27.91,2.76,0.0
20230728:2030,1504.36,485.47,45.47,27.29,2.55,0.0
20230728:2130,1196.8,396.13,33.94,27.27,2.41,0.0
20230728:2230,495.16,194.19,22.32,27.06,2.21,0.0
20230728:2330,48.0,28.9,10.91,26.24,1.66,0.0
20230729:0030,0.0,0.0,-0.16,25.07,1.45,0.0
20230729:0130,0.0,0.0,0.0,23.79,1.38,0.0
20230729:0230,0.0,0.0,0.0,21.78,1.38,0.0
20230729:0330,0.0,0.0,0.0,20.86,1.59,0.0
20230729:0430,0.0,0.0,0.0,20.42,1.79,0.0
20230729:0530,0.0,0.0,0.0,20.0,1.86,0.0
20230729:0630,0.0,0.0,0.0,19.69,1.79,0.0
20230729:0730,0.0,0.0,0.0,20.07,1.93,0.0
20230729:0830,0.0,0.0,0.0,19.79,1.66,0.0
20230729:0930,0.0,0.0,0.0,19.72,1.79,0.0
20230729:1030,3.52,8.05,1.64,19.71,2.07,0.0
20230729:1130,111.72,59.6,12.67,19.94,2.21,0.0
20230729:1230,508.88,183.73,24.14,20.96,2.41,0.0
20230729:1330,1284.64,410.02,35.77,21.86,2.69,0.0
20230729:1430,1794.92,568.11,47.23,23.78,2.97,0.0
20230729:1530,2600.92,842.52,57.93,25.61,3.45,0.0
20230729:1630,2517.36,815.87,66.48,27.28,4.21,0.0
20230729:1730,2406.8,774.73,69.68,27.13,4.28,0.0
20230729:1830,2284.36,727.92,65.3,25.94,4.55,0.0
20230729:1930,1672.0,528.13,56.22,26.78,5.1,0.0
20230729:2030,1646.96,518.69,45.32,25.08,4.55,0.0
20230729:2130,1158.52,374.2,33.8,24.26,4.76,0.0
20230729:2230,534.2,204.12,22.18,23.76,3.86,0.0
20230729:2330,90.68,42.67,10.77,23.02,3.59,0.0
20230730:0030,0.0,0.0,-0.32,21.78,2.83,0.0
20230730:0130,0.0,0.0,0.0,20.71,2.21,0.0
20230730:0230,0.0,0.0,0.0,19.88,1.86,0.0
20230730:0330,0.0,0.0,0.0,19.3,1.66,0.0
20230730:0430,0.0,0.0,0.0,18.86,1.52,0.0
20230730:0530,0.0,0.0,0.0,18.53,1.31,0.0
20230730:0630,0.0,0.0,0.0,18.03,1.03,0.0
20230730:0730,0.0,0.0,0.0,17.38,0.83,0.0
20230730:0830,0.0,0.0,0.0,16.91,0.69,0.0
20230730:0930,0.0,0.0,0.0,16.76,0.76,0.0
20230730:1030,2.84,7.56,1.49,16.56,0.69,0.0
20230730:1130,112.76,58.92,12.53,16.61,0.55,0.0
20230730:1230,617.44,216.03,24.0,17.35,0.55,0.0
20230730:1330,1403.12,446.77,35.63,18.27,0.76,0.0
20230730:1430,2117.84,679.25,47.09,19.63,0.76,0.0
20230730:1530,2648.88,875.16,57.77,21.31,0.9,0.0
20230730:1630,2863.8,961.36,66.27,22.74,1.1,0.0
20230730:1730,2919.0,980.56,69.44,23.67,1.45,0.0
20230730:1830,2145.4,692.11,65.09,24.28,1.86,0.0
20230730:1930,2106.88,677.36,56.05,23.59,1.66,0.0
20230730:2030,1751.88,560.22,45.17,23.67,1.72,0.0
20230730:2130,1291.84,420.97,33.66,23.36,1.79,0.0
20230730:2230,509.36,196.32,22.04,22.81,1.79,0.0
20230730:2330,64.24,33.27,10.62,21.81,1.38,0.0
20230731:0030,0.0,0.0,-0.49,20.67,1.17,0.0
20230731:0130,0.0,0.0,0.0,19.43,1.1,0.0
20230731:0230,0.0,0.0,0.0,18.5,1.1,0.0
20230731:0330,0.0,0.0,0.0,17.71,0.9,0.0
20230731:0430,0.0,0.0,0.0,16.87,0.76,0.0
20230731:0530,0.0,0.0,0.0,16.35,0.9,0.0
20230731:0630,0.0,0.0,0.0,16.31,1.03,0.0
20230731:0730,0.0,0.0,0.0,16.64,1.24,0.0
20230731:0830,0.0,0.0,0.0,16.58,0.97,0.0
20230731:0930,0.0,0.0,0.0,16.48,0.9,0.0
20230731:1030,1.56,6.78,1.34,16.25,1.03,0.0
20230731:1130,101.4,56.22,12.39,15.97,0.55,0.0
20230731:1230,649.64,230.24,23.87,17.22,0.62,0.0
20230731:1330,1232.64,390.95,35.5,18.21,1.1,0.0
20230731:1430,1723.4,539.15,46.94,18.96,1.72,0.0
20230731:1530,2409.08,762.76,57.6,19.65,2.28,0.0
20230731:1630,2795.48,900.95,66.06,20.61,2.41,0.0
20230731:1730,2889.76,937.16,69.2,21.42,2.48,0.0
20230731:1830,2894.36,940.66,64.88,21.83,2.55,0.0
20230731:1930,2632.44,844.5,55.88,21.93,2.76,0.0
20230731:2030,2175.68,691.15,45.02,21.85,2.55,0.0
20230731:2130,1445.92,465.73,33.51,21.64,2.28,0.0
20230731:2230,608.64,230.94,21.89,21.1,2.21,0.0
20230731:2330,76.16,37.25,10.46,20.18,1.86,0.0
20230801:0030,0.0,0.0,-0.67,18.82,1.45,0.0
20230801:0130,0.0,0.0,0.0,17.62,1.17,0.0
20230801:0230,0.0,0.0,0.0,16.59,1.1,0.0
20230801:0330,0.0,0.0,0.0,15.66,1.17,0.0
20230801:0430,0.0,0.0,0.0,14.7,1.03,0.0
20230801:0530,0.0,0.0,0.0,14.13,0.9,0.0
20230801:0630,0.0,0.0,0.0,13.6,0.9,0.0
20230801:0730,0.0,0.0,0.0,14.28,0.55,0.0
20230801:0830,0.0,0.0,0.0,14.02,0.55,0.0
20230801:0930,0.0,0.0,0.0,13.91,0.34,0.0
20230801:1030,4.72,8.57,1.18,13.59,0.21,0.0
20230801:1130,94.04,59.02,12.25,13.31,0.07,0.0
20230801:1230,768.8,270.2,23.74,14.42,0.07,0.0
20230801:1330,1573.56,499.37,35.37,17.18,0.76,0.0
20230801:1430,2252.72,715.37,46.8,18.71,1.38,0.0
20230801:1530,2713.36,877.03,57.43,19.93,1.72,0.0
20230801:1630,3008.96,990.62,65.85,20.97,1.86,0.0
20230801:1730,2866.68,942.75,68.95,21.9,1.86,0.0
20230801:1830,1411.96,445.79,64.66,22.55,2.0,0.0
20230801:1930,1977.04,624.57,55.7,20.79,2.0,0.0
20230801:2030,1776.28,561.88,44.86,21.31,1.72,0.0
20230801:2130,1110.28,358.9,33.36,21.28,1.59,0.0
20230801:2230,405.6,157.47,21.73,20.66,1.66,0.0
20230801:2330,60.36,31.61,10.3,19.61,1.59,0.0
20230802:0030,0.0,0.0,-0.85,18.4,1.45,0.0
20230802:0130,0.0,0.0,0.0,17.49,0.83,0.0
20230802:0230,0.0,0.0,0.0,16.56,0.83,0.0
20230802:0330,0.0,0.0,0.0,15.89,0.69,0.0
20230802:0430,0.0,0.0,0.0,16.14,0.48,0.0
20230802:0530,0.0,0.0,0.0,16.02,0.34,0.0
20230802:0630,0.0,0.0,0.0,15.54,0.41,0.0
20230802:0730,0.0,0.0,0.0,12.69,0.83,0.0
20230802:0830,0.0,0.0,0.0,12.06,0.69,0.0
20230802:0930,0.0,0.0,0.0,11.88,0.48,0.0
20230802:1030,3.92,8.09,1.03,11.71,0.48,0.0
20230802:1130,93.56,58.35,12.11,11.6,0.62,0.0
20230802:1230,764.96,268.45,23.6,14.58,0.41,0.0
20230802:1330,1572.4,501.43,35.23,17.67,0.55,0.0
20230802:1430,2205.4,711.93,46.65,19.68,0.62,0.0
20230802:1530,2605.84,859.69,57.26,21.09,0.83,0.0
20230802:1630,2575.0,852.2,65.63,22.23,0.83,0.0
20230802:1730,2452.68,815.87,68.7,23.03,0.55,0.0
20230802:1830,1932.48,631.29,64.44,23.73,0.55,0.0
20230802:1930,1744.48,561.28,55.51,23.5,0.9,0.0
20230802:2030,1431.96,458.52,44.69,23.65,1.17,0.0
20230802:2130,742.44,247.42,33.2,23.39,1.1,0.0
20230802:2230,440.32,171.75,21.57,22.74,0.48,0.0
20230802:2330,68.52,34.8,10.13,21.58,0.21,0.0
20230803:0030,0.0,0.0,-1.03,20.54,0.83,0.0
20230803:0130,0.0,0.0,0.0,19.49,1.03,0.0
20230803:0230,0.0,0.0,0.0,18.28,1.17,0.0
20230803:0330,0.0,0.0,0.0,17.16,1.38,0.0
20230803:0430,0.0,0.0,0.0,16.67,1.66,0.0
20230803:0530,0.0,0.0,0.0,16.6,2.0,0.0
20230803:0630,0.0,0.0,0.0,16.61,2.21,0.0
20230803:0730,0.0,0.0,0.0,15.78,1.93,0.0
20230803:0830,0.0,0.0,0.0,15.61,1.86,0.0
20230803:0930,0.0,0.0,0.0,15.36,1.79,0.0
20230803:1030,2.16,7.13,0.87,15.18,1.72,0.0
20230803:1130,94.2,54.97,11.96,15.26,1.52,0.0
20230803:1230,594.84,212.24,23.47,16.84,1.1,0.0
20230803:1330,954.88,305.48,35.1,18.96,1.24,0.0
20230803:1430,1706.24,538.44,46.51,20.18,1.31,0.0
20230803:1530,2008.12,640.89,57.09,21.74,1.38,0.0
20230803:1630,1930.84,616.93,65.4,22.57,1.38,0.0
20230803:1730,2209.56,711.66,68.44,23.13,1.66,0.0
20230803:1830,1286.12,407.72,64.21,23.42,2.0,0.0
20230803:1930,733.92,239.38,55.32,22.04,1.79,0.0
20230803:2030,809.88,261.13,44.52,21.34,1.66,0.0
20230803:2130,643.28,213.83,33.04,21.14,1.86,0.0
20230803:2230,243.6,95.39,21.41,20.66,1.59,0.0
20230803:2330,52.6,28.86,9.96,19.99,1.1,0.0
20230804:0030,0.0,0.0,-1.22,19.33,0.9,0.0
20230804:0130,0.0,0.0,0.0,18.74,1.1,0.0
20230804:0230,0.0,0.0,0.0,18.18,1.1,0.0
20230804:0330,0.0,0.0,0.0,17.62,1.1,0.0
20230804:0430,0.0,0.0,0.0,17.32,1.17,0.0
20230804:0530,0.0,0.0,0.0,17.19,1.1,0.0
20230804:0630,0.0,0.0,0.0,16.87,0.97,0.0
20230804:0730,0.0,0.0,0.0,16.47,0.97,0.0
20230804:0830,0.0,0.0,0.0,16.1,0.9,0.0
20230804:0930,0.0,0.0,0.0,15.66,0.76,0.0
20230804:1030,3.48,7.91,0.71,15.31,0.41,0.0
20230804:1130,130.6,60.77,11.82,15.11,0.34,0.0
20230804:1230,623.52,218.46,23.33,17.11,0.34,0.0
20230804:1330,1323.64,424.58,34.96,19.28,0.41,0.0
20230804:1430,1701.56,546.03,46.36,20.79,0.34,0.0
20230804:1530,1720.32,553.18,56.91,22.47,0.97,0.0
20230804:1630,2380.12,775.93,65.18,22.84,1.31,0.0
20230804:1730,2544.76,837.31,68.18,23.98,1.59,0.0
20230804:1830,2544.16,837.67,63.97,24.71,1.72,0.0
20230804:1930,2385.24,781.9,55.12,25.38,1.86,0.0
20230804:2030,1868.72,603.43,44.34,25.47,2.0,0.0
20230804:2130,1119.4,367.39,32.87,25.12,2.21,0.0
20230804:2230,529.0,202.5,21.24,24.3,2.21,0.0
20230804:2330,64.0,33.36,9.78,23.23,1.79,0.0
20230805:0030,0.0,0.0,-1.41,21.85,1.45,0.0
20230805:0130,0.0,0.0,0.0,20.69,0.97,0.0
20230805:0230,0.0,0.0,0.0,19.61,0.83,0.0
20230805:0330,0.0,0.0,0.0,18.91,1.03,0.0
20230805:0430,0.0,0.0,0.0,18.17,1.17,0.0
20230805:0530,0.0,0.0,0.0,17.56,1.03,0.0
20230805:0630,0.0,0.0,0.0,17.09,0.83,0.0
20230805:0730,0.0,0.0,0.0,17.4,0.55,0.0
20230805:0830,0.0,0.0,0.0,16.75,0.28,0.0
20230805:0930,0.0,0.0,0.0,16.1,0.28,0.0
20230805:1030,6.16,9.4,0.56,15.59,0.41,0.0
20230805:1130,181.72,77.28,11.67,15.43,0.34,0.0
20230805:1230,704.4,241.41,23.19,16.96,0.28,0.0
20230805:1330,1398.48,450.07,34.82,19.91,0.48,0.0
20230805:1430,2034.68,656.29,46.21,21.6,1.1,0.0
20230805:1530,2509.36,823.6,56.73,22.86,1.52,0.0
20230805:1630,2699.48,897.64,64.94,23.92,1.66,0.0
20230805:1730,2823.92,947.45,67.91,24.7,1.79,0.0
20230805:1830,2543.0,844.61,63.73,25.35,1.86,0.0
20230805:1930,2237.28,734.95,54.91,25.29,1.52,0.0
20230805:2030,2014.72,657.08,44.16,25.33,1.52,0.0
20230805:2130,1330.68,438.58,32.69,25.31,1.52,0.0
20230805:2230,541.72,209.82,21.06,24.62,1.38,0.0
20230805:2330,83.72,40.4,9.6,23.46,0.97,0.0
20230806:0030,0.0,0.0,-1.61,21.99,0.48,0.0
20230806:0130,0.0,0.0,0.0,21.03,0.07,0.0
20230806:0230,0.0,0.0,0.0,20.31,0.07,0.0
20230806:0330,0.0,0.0,0.0,19.61,0.14,0.0
20230806:0430,0.0,0.0,0.0,18.59,0.69,0.0
20230806:0530,0.0,0.0,0.0,17.72,1.17,0.0
20230806:0630,0.0,0.0,0.0,17.06,1.03,0.0
20230806:0730,0.0,0.0,0.0,16.67,1.03,0.0
20230806:0830,0.0,0.0,0.0,16.41,1.17,0.0
20230806:0930,0.0,0.0,0.0,16.17,1.24,0.0
20230806:1030,1.36,6.65,0.4,16.1,1.38,0.0
20230806:1130,93.44,57.28,11.53,16.22,1.38,0.0
20230806:1230,713.04,254.17,23.05,18.46,0.97,0.0
20230806:1330,1528.48,493.22,34.68,22.0,1.31,0.0
20230806:1430,2150.48,699.05,46.05,24.45,1.59,0.0
20230806:1530,2198.8,716.43,56.54,26.11,2.14,0.0
20230806:1630,2083.04,675.85,64.71,26.65,2.41,0.0
20230806:1730,1553.32,498.17,67.64,26.15,2.48,0.0
20230806:1830,1024.52,328.95,63.48,23.38,1.66,0.0
20230806:1930,595.04,197.75,54.7,22.38,1.72,0.0
20230806:2030,321.88,115.34,43.97,21.33,1.03,0.0
20230806:2130,434.4,150.11,32.51,20.86,0.9,0.0
20230806:2230,413.28,147.47,20.88,21.6,1.24,0.0
20230806:2330,92.72,43.2,9.41,21.73,1.59,0.0
20230807:0030,0.0,0.0,-1.82,21.18,1.72,0.0
20230807:0130,0.0,0.0,0.0,20.45,1.79,0.0
20230807:0230,0.0,0.0,0.0,19.89,1.86,0.0
20230807:0330,0.0,0.0,0.0,19.4,2.0,0.0
20230807:0430,0.0,0.0,0.0,19.08,2.0,0.0
20230807:0530,0.0,0.0,0.0,19.0,2.0,0.0
20230807:0630,0.0,0.0,0.0,18.94,2.0,0.0
20230807:0730,0.0,0.0,0.0,19.15,2.07,0.0
20230807:0830,0.0,0.0,0.0,19.05,1.93,0.0
20230807:0930,0.0,0.0,0.0,18.87,1.86,0.0
20230807:1030,0.4,6.03,0.24,18.93,1.72,0.0
20230807:1130,106.8,57.53,11.38,19.03,1.72,0.0
20230807:1230,607.96,217.97,22.91,19.94,1.59,0.0
20230807:1330,1354.0,431.7,34.54,21.27,2.21,0.0
20230807:1430,1807.0,572.06,45.9,23.11,3.03,0.0
20230807:1530,2219.24,712.12,56.36,24.77,3.03,0.0
20230807:1630,2197.36,706.85,64.47,25.76,3.38,0.0
20230807:1730,1770.76,562.49,67.36,24.93,3.03,0.0
20230807:1830,1351.28,434.21,63.22,24.85,2.69,0.0
20230807:1930,1370.88,430.15,54.48,21.23,3.17,0.0
20230807:2030,1117.16,357.2,43.78,22.48,1.72,0.0
20230807:2130,365.2,129.7,32.33,22.97,2.48,0.0
20230807:2230,189.92,77.52,20.7,21.51,2.69,0.0
20230807:2330,63.52,32.79,9.22,20.27,3.66,0.0
20230808:0030,0.0,0.0,-2.03,19.21,3.52,0.0
20230808:0130,0.0,0.0,0.0,18.99,3.17,0.0
20230808:0230,0.0,0.0,0.0,18.8,2.69,0.0
20230808:0330,0.0,0.0,0.0,18.4,3.72,0.0
20230808:0430,0.0,0.0,0.0,17.94,2.62,0.0
20230808:0530,0.0,0.0,0.0,17.62,2.41,0.0
20230808:0630,0.0,0.0,0.0,17.27,2.14,0.0
20230808:0730,0.0,0.0,0.0,16.5,2.9,0.0
20230808:0830,0.0,0.0,0.0,15.53,3.03,0.0
20230808:0930,0.0,0.0,0.0,14.79,3.24,0.0
20230808:1030,0.24,5.86,0.07,14.19,3.31,0.0
20230808:1130,118.12,57.56,11.23,13.84,3.24,0.0
20230808:1230,663.92,229.69,22.77,14.3,3.52,0.0
20230808:1330,1204.12,371.45,34.39,15.36,3.59,0.0
20230808:1430,1626.4,496.99,45.74,16.6,3.59,0.0
20230808:1530,2069.36,634.89,56.17,17.96,3.93,0.0
20230808:1630,2580.68,801.79,64.23,19.2,4.34,0.0
20230808:1730,2950.4,931.04,67.08,20.41,4.48,0.0
20230808:1830,2548.24,798.76,62.96,21.41,4.62,0.0
20230808:1930,2669.84,840.99,54.26,21.18,4.07,0.0
20230808:2030,2070.08,646.47,43.58,21.85,4.21,0.0
20230808:2130,1278.2,407.47,32.14,21.63,4.28,0.0
20230808:2230,472.24,181.58,20.51,20.73,3.79,0.0
20230808:2330,57.8,30.69,9.02,19.71,2.69,0.0
20230809:0030,0.0,0.0,-2.24,18.69,2.48,0.0
20230809:0130,0.0,0.0,0.0,17.81,2.07,0.0
20230809:0230,0.0,0.0,0.0,17.29,1.79,0.0
20230809:0330,0.0,0.0,0.0,16.93,1.72,0.0
20230809:0430,0.0,0.0,0.0,16.48,1.59,0.0
20230809:0530,0.0,0.0,0.0,16.04,1.52,0.0
20230809:0630,0.0,0.0,0.0,15.68,1.52,0.0
20230809:0730,0.0,0.0,0.0,15.19,1.52,0.0
20230809:0830,0.0,0.0,0.0,14.99,1.52,0.0
20230809:0930,0.0,0.0,0.0,14.85,1.59,0.0
20230809:1030,0.0,0.0,-0.09,14.71,1.52,0.0
20230809:1130,81.44,50.03,11.08,14.79,1.38,0.0
20230809:1230,702.96,246.48,22.63,16.0,1.24,0.0
20230809:1330,1490.04,466.36,34.25,17.83,2.41,0.0
20230809:1430,1977.28,613.27,45.58,19.12,2.97,0.0
20230809:1530,2453.96,770.23,55.98,20.04,3.1,0.0
20230809:1630,2248.88,705.63,63.98,20.93,3.03,0.0
20230809:1730,2451.4,778.66,66.79,21.39,2.9,0.0
20230809:1830,2779.8,892.34,62.7,22.11,3.1,0.0
20230809:1930,2478.96,786.6,54.03,22.58,3.52,0.0
20230809:2030,1586.76,498.72,43.37,22.6,2.9,0.0
20230809:2130,1192.56,384.47,31.94,22.11,2.55,0.0
20230809:2230,365.16,139.66,20.31,21.67,2.21,0.0
20230809:2330,97.16,44.51,8.82,20.57,1.66,0.0
20230810:0030,0.0,0.0,-2.46,19.56,1.31,0.0
20230810:0130,0.0,0.0,0.0,18.65,1.31,0.0
20230810:0230,0.0,0.0,0.0,18.03,1.31,0.0
20230810:0330,0.0,0.0,0.0,17.64,1.31,0.0
20230810:0430,0.0,0.0,0.0,17.41,1.24,0.0
20230810:0530,0.0,0.0,0.0,17.37,1.17,0.0
20230810:0630,0.0,0.0,0.0,17.31,1.1,0.0
20230810:0730,0.0,0.0,0.0,17.49,1.24,0.0
20230810:0830,0.0,0.0,0.0,17.39,1.24,0.0
20230810:0930,0.0,0.0,0.0,17.24,1.24,0.0
20230810:1030,0.0,0.0,-0.25,16.35,1.31,0.0
20230810:1130,16.6,14.48,10.94,16.22,1.31,0.0
20230810:1230,110.92,48.49,22.48,16.35,1.24,0.0
20230810:1330,252.08,92.49,34.1,16.81,1.59,0.0
20230810:1430,229.0,85.52,45.42,17.22,2.55,0.0
20230810:1530,257.8,94.52,55.78,17.6,1.93,0.0
20230810:1630,826.84,263.65,63.74,18.07,2.28,0.0
20230810:1730,899.12,287.55,66.5,19.34,1.66,0.0
20230810:1830,1285.84,404.43,62.43,19.83,2.0,0.0
20230810:1930,1575.68,492.09,53.8,20.24,2.9,0.0
20230810:2030,1622.04,502.67,43.16,20.36,3.52,0.0
20230810:2130,948.76,304.6,31.74,20.24,3.24,0.0
20230810:2230,302.72,116.95,20.11,19.67,3.17,0.0
20230810:2330,48.76,27.33,8.62,19.08,2.55,0.0
20230811:0030,0.0,0.0,-2.68,18.37,2.0,0.0
20230811:0130,0.0,0.0,0.0,17.67,1.72,0.0
20230811:0230,0.0,0.0,0.0,17.04,1.52,0.0
20230811:0330,0.0,0.0,0.0,16.63,1.45,0.0
20230811:0430,0.0,0.0,0.0,16.4,1.52,0.0
20230811:0530,0.0,0.0,0.0,16.25,1.52,0.0
20230811:0630,0.0,0.0,0.0,16.13,1.52,0.0
20230811:0730,0.0,0.0,0.0,16.72,2.07,0.0
20230811:0830,0.0,0.0,0.0,16.61,1.86,0.0
20230811:0930,0.0,0.0,0.0,16.48,1.86,0.0
20230811:1030,0.0,0.0,-0.42,16.4,1.59,0.0
20230811:1130,96.88,52.37,10.79,16.11,1.31,0.0
20230811:1230,601.2,204.39,22.34,16.63,1.93,0.0
20230811:1330,1246.16,391.64,33.96,17.61,1.86,0.0
20230811:1430,1681.48,523.77,45.26,19.0,2.14,0.0
20230811:1530,2221.88,701.03,55.59,20.17,2.48,0.0
20230811:1630,2329.8,741.38,63.48,21.38,2.62,0.0
20230811:1730,2113.88,668.11,66.21,22.21,2.76,0.0
20230811:1830,2220.92,705.84,62.15,22.34,2.62,0.0
20230811:1930,1620.68,511.12,53.56,22.81,2.62,0.0
20230811:2030,1462.68,462.18,42.95,22.6,2.28,0.0
20230811:2130,1012.12,329.23,31.54,22.42,2.0,0.0
20230811:2230,352.04,139.18,19.91,21.89,1.59,0.0
20230811:2330,51.44,28.55,8.4,21.13,1.1,0.0
20230812:0030,0.0,0.0,-2.91,20.21,0.83,0.0
20230812:0130,0.0,0.0,0.0,19.31,0.83,0.0
20230812:0230,0.0,0.0,0.0,18.46,0.9,0.0
20230812:0330,0.0,0.0,0.0,17.74,0.9,0.0
20230812:0430,0.0,0.0,0.0,17.16,0.97,0.0
20230812:0530,0.0,0.0,0.0,16.72,1.1,0.0
20230812:0630,0.0,0.0,0.0,16.37,1.31,0.0
20230812:0730,0.0,0.0,0.0,16.4,1.38,0.0
20230812:0830,0.0,0.0,0.0,15.84,1.38,0.0
20230812:0930,0.0,0.0,0.0,15.55,1.45,0.0
20230812:1030,0.0,0.0,-0.58,15.43,1.52,0.0
20230812:1130,87.52,54.99,10.63,15.51,1.52,0.0
20230812:1230,706.6,249.26,22.2,17.66,1.24,0.0
20230812:1330,1497.36,478.01,33.81,20.27,1.38,0.0
20230812:1430,2106.12,668.86,45.09,22.12,2.34,0.0
20230812:1530,2344.64,744.29,55.39,23.4,3.52,0.0
20230812:1630,2632.48,846.8,63.23,24.2,3.52,0.0
20230812:1730,2860.32,935.97,65.91,25.08,3.17,0.0
20230812:1830,2739.96,901.59,61.87,25.78,2.9,0.0
20230812:1930,2300.68,747.85,53.32,26.36,2.9,0.0
20230812:2030,1497.28,481.54,42.73,26.21,2.55,0.0
20230812:2130,1087.4,357.68,31.33,25.6,2.21,0.0
20230812:2230,475.6,181.26,19.7,25.14,1.72,0.0
20230812:2330,88.32,42.11,8.19,24.29,1.72,0.0
20230813:0030,0.0,0.0,-3.14,22.69,1.86,0.0
20230813:0130,0.0,0.0,0.0,20.13,1.93,0.0
20230813:0230,0.0,0.0,0.0,18.78,1.45,0.0
20230813:0330,0.0,0.0,0.0,18.35,1.45,0.0
20230813:0430,0.0,0.0,0.0,18.26,1.45,0.0
20230813:0530,0.0,0.0,0.0,18.13,1.93,0.0
20230813:0630,0.0,0.0,0.0,18.27,2.21,0.0
20230813:0730,0.0,0.0,0.0,18.24,1.79,0.0
20230813:0830,0.0,0.0,0.0,18.2,2.69,0.0
20230813:0930,0.0,0.0,0.0,18.32,2.62,0.0
20230813:1030,0.0,0.0,-0.75,18.51,2.69,0.0
20230813:1130,91.52,44.52,10.48,18.72,2.48,0.0
20230813:1230,593.72,207.61,22.05,19.03,2.34,0.0
20230813:1330,1315.0,413.96,33.66,19.31,2.62,0.0
20230813:1430,2097.12,657.63,44.93,20.01,2.62,0.0
20230813:1530,2418.84,770.26,55.19,21.05,2.62,0.0
20230813:1630,2967.16,967.95,62.97,21.88,2.55,0.0
20230813:1730,2971.8,978.59,65.6,22.97,2.48,0.0
20230813:1830,2527.96,821.56,61.59,23.56,2.41,0.0
20230813:1930,2410.24,777.38,53.07,23.93,2.55,0.0
20230813:2030,1903.8,609.59,42.5,24.1,2.28,0.0
20230813:2130,1283.76,418.99,31.11,23.91,1.93,0.0
20230813:2230,477.56,184.39,19.49,23.33,1.45,0.0
20230813:2330,65.08,33.67,7.97,22.43,0.97,0.0
20230814:0030,0.0,0.0,-3.38,21.41,0.83,0.0
20230814:0130,0.0,0.0,0.0,20.08,0.83,0.0
20230814:0230,0.0,0.0,0.0,19.0,1.03,0.0
20230814:0330,0.0,0.0,0.0,17.92,1.1,0.0
20230814:0430,0.0,0.0,0.0,17.19,1.03,0.0
20230814:0530,0.0,0.0,0.0,16.73,1.1,0.0
20230814:0630,0.0,0.0,0.0,16.37,0.97,0.0
20230814:0730,0.0,0.0,0.0,15.93,0.97,0.0
20230814:0830,0.0,0.0,0.0,15.59,0.97,0.0
20230814:0930,0.0,0.0,0.0,15.6,0.76,0.0
20230814:1030,0.0,0.0,-0.91,15.48,0.83,0.0
20230814:1130,101.04,44.99,10.33,15.81,0.97,0.0
20230814:1230,446.24,158.3,21.9,17.73,0.9,0.0
20230814:1330,797.12,259.06,33.51,20.31,0.97,0.0
20230814:1430,1093.68,347.34,44.76,21.83,1.24,0.0
20230814:1530,1151.36,367.45,54.98,22.75,1.38,0.0
20230814:1630,552.84,186.3,62.7,22.8,1.66,0.0
20230814:1730,469.8,161.01,65.3,21.79,1.38,0.0
20230814:1830,1009.96,324.22,61.3,21.39,1.31,0.0
20230814:1930,660.16,218.73,52.81,22.23,1.24,0.0
20230814:2030,810.08,264.35,42.27,21.88,1.1,0.0
20230814:2130,776.44,255.75,30.89,22.32,1.59,0.0
20230814:2230,380.88,140.47,19.27,22.75,1.72,0.0
20230814:2330,48.88,27.72,7.74,22.38,1.38,0.0
20230815:0030,0.0,0.0,-3.62,21.61,1.31,0.0
20230815:0130,0.0,0.0,0.0,20.76,1.45,0.0
20230815:0230,0.0,0.0,0.0,19.99,2.07,0.0
20230815:0330,0.0,0.0,0.0,19.84,3.17,0.0
20230815:0430,0.0,0.0,0.0,19.58,3.66,0.0
20230815:0530,0.0,0.0,0.0,19.8,3.03,0.0
20230815:0630,0.0,0.0,0.0,19.68,2.76,0.0
20230815:0730,0.0,0.0,0.0,19.69,2.9,0.0
20230815:0830,0.0,0.0,0.0,19.49,2.55,0.0
20230815:0930,0.0,0.0,0.0,19.32,2.34,0.0
20230815:1030,0.0,0.0,-1.08,19.21,2.28,0.0
20230815:1130,64.48,33.01,10.18,19.07,2.28,0.0
20230815:1230,276.48,100.95,21.76,19.23,2.34,0.0
20230815:1330,880.08,281.51,33.36,19.4,2.34,0.0
20230815:1430,1616.68,503.65,44.59,19.86,2.55,0.0
20230815:1530,1976.12,620.54,54.77,20.54,2.55,0.0
20230815:1630,2849.88,911.75,62.44,20.48,2.97,0.0
20230815:1730,2965.36,952.27,64.99,21.68,3.66,0.0
20230815:1830,2611.48,828.68,61.0,22.33,3.79,0.0
20230815:1930,2447.2,773.03,52.55,22.07,3.52,0.0
20230815:2030,1607.76,502.44,42.03,22.0,3.45,0.0
20230815:2130,1143.0,366.17,30.67,21.09,3.17,0.0
20230815:2230,422.48,163.05,19.04,20.44,2.69,0.0
20230815:2330,45.68,26.23,7.51,19.49,1.86,0.0
20230816:0030,0.0,0.0,-3.87,18.63,1.72,0.0
20230816:0130,0.0,0.0,0.0,17.82,1.72,0.0
20230816:0230,0.0,0.0,0.0,17.16,1.79,0.0
20230816:0330,0.0,0.0,0.0,16.72,1.72,0.0
20230816:0430,0.0,0.0,0.0,16.31,1.72,0.0
20230816:0530,0.0,0.0,0.0,15.95,1.59,0.0
20230816:0630,0.0,0.0,0.0,15.63,1.59,0.0
20230816:0730,0.0,0.0,0.0,15.7,1.59,0.0
20230816:0830,0.0,0.0,0.0,15.44,1.52,0.0
20230816:0930,0.0,0.0,0.0,15.24,1.45,0.0
20230816:1030,0.0,0.0,-1.25,14.93,1.38,0.0
20230816:1130,93.6,42.37,10.02,14.89,1.45,0.0
20230816:1230,556.12,192.88,21.61,15.44,2.14,0.0
20230816:1330,1207.2,374.49,33.2,16.28,2.83,0.0
20230816:1430,1688.68,519.28,44.42,17.39,2.76,0.0
20230816:1530,1947.56,605.4,54.56,18.56,2.55,0.0
20230816:1630,1390.72,434.7,62.17,19.66,2.07,0.0
20230816:1730,1588.64,499.25,64.67,19.88,1.72,0.0
20230816:1830,1113.84,353.3,60.7,20.21,1.59,0.0
20230816:1930,1013.96,321.67,52.29,19.75,1.17,0.0
20230816:2030,871.76,278.68,41.79,19.79,1.24,0.0
20230816:2130,1022.4,328.89,30.44,19.53,1.45,0.0
20230816:2230,485.44,184.95,18.82,19.51,1.52,0.0
20230816:2330,42.88,25.14,7.28,18.97,1.31,0.0
20230817:0030,0.0,0.0,-4.12,18.05,0.83,0.0
20230817:0130,0.0,0.0,0.0,16.89,0.62,0.0
20230817:0230,0.0,0.0,0.0,15.95,0.55,0.0
20230817:0330,0.0,0.0,0.0,15.14,0.48,0.0
20230817:0430,0.0,0.0,0.0,14.48,0.48,0.0
20230817:0530,0.0,0.0,0.0,14.06,0.55,0.0
20230817:0630,0.0,0.0,0.0,13.56,0.62,0.0
20230817:0730,0.0,0.0,0.0,13.79,0.76,0.0
20230817:0830,0.0,0.0,0.0,13.44,0.83,0.0
20230817:0930,0.0,0.0,0.0,13.15,0.9,0.0
20230817:1030,0.0,0.0,-1.41,12.9,0.97,0.0
20230817:1130,82.0,38.21,9.87,12.84,0.97,0.0
20230817:1230,687.52,238.7,21.46,15.26,0.76,0.0
20230817:1330,1525.72,484.06,33.05,18.6,1.1,0.0
20230817:1430,2116.68,673.75,44.25,20.73,1.59,0.0
20230817:1530,2360.4,756.22,54.35,22.2,2.14,0.0
20230817:1630,1870.92,592.28,61.89,23.19,2.97,0.0
20230817:1730,1870.88,591.42,64.35,23.5,2.97,0.0
20230817:1830,1847.64,587.74,60.39,23.74,2.69,0.0
20230817:1930,1468.12,463.6,52.02,23.33,2.55,0.0
20230817:2030,1470.4,466.45,41.55,23.27,2.21,0.0
20230817:2130,931.28,305.12,30.21,23.39,2.28,0.0
20230817:2230,431.0,169.18,18.58,22.72,1.52,0.0
20230817:2330,45.28,26.32,7.04,21.93,1.24,0.0
20230818:0030,0.0,0.0,-4.37,20.76,0.9,0.0
20230818:0130,0.0,0.0,0.0,19.55,1.17,0.0
20230818:0230,0.0,0.0,0.0,18.54,1.52,0.0
20230818:0330,0.0,0.0,0.0,18.24,1.72,0.0
20230818:0430,0.0,0.0,0.0,17.99,1.86,0.0
20230818:0530,0.0,0.0,0.0,17.72,1.93,0.0
20230818:0630,0.0,0.0,0.0,17.64,2.28,0.0
20230818:0730,0.0,0.0,0.0,16.61,3.52,0.0
20230818:0830,0.0,0.0,0.0,15.94,3.24,0.0
20230818:0930,0.0,0.0,0.0,15.62,2.07,0.0
20230818:1030,0.0,0.0,-1.58,15.38,1.86,0.0
20230818:1130,99.8,44.47,9.72,15.32,2.07,0.0
20230818:1230,614.64,213.61,21.31,15.58,2.14,0.0
20230818:1330,1073.0,334.51,32.9,16.17,2.55,0.0
20230818:1430,1782.52,545.71,44.07,16.3,2.55,0.0
20230818:1530,2373.64,735.23,54.14,16.5,2.76,0.0
20230818:1630,2868.96,899.61,61.62,17.09,3.24,0.0
20230818:1730,3105.32,980.16,64.03,18.0,3.72,0.0
20230818:1830,2619.6,816.7,60.08,18.67,3.66,0.0
20230818:1930,1994.32,614.1,51.74,19.03,3.72,0.0
20230818:2030,1776.64,546.91,41.3,18.58,3.52,0.0
20230818:2130,1186.8,374.37,29.97,18.17,3.38,0.0
20230818:2230,431.28,163.34,18.35,17.55,3.17,0.0
20230818:2330,43.84,25.27,6.8,16.64,2.48,0.0
20230819:0030,0.0,0.0,-4.63,15.61,2.21,0.0
20230819:0130,0.0,0.0,0.0,15.1,1.93,0.0
20230819:0230,0.0,0.0,0.0,14.34,1.79,0.0
20230819:0330,0.0,0.0,0.0,13.85,1.72,0.0
20230819:0430,0.0,0.0,0.0,13.37,1.59,0.0
20230819:0530,0.0,0.0,0.0,13.01,1.45,0.0
20230819:0630,0.0,0.0,0.0,12.6,1.38,0.0
20230819:0730,0.0,0.0,0.0,11.56,1.1,0.0
20230819:0830,0.0,0.0,0.0,10.88,1.1,0.0
20230819:0930,0.0,0.0,0.0,10.34,0.97,0.0
20230819:1030,0.0,0.0,-1.75,9.83,1.03,0.0
20230819:1130,77.44,36.2,9.56,9.4,1.03,0.0
20230819:1230,810.28,277.2,21.16,11.78,0.55,0.0
20230819:1330,1682.12,524.85,32.74,14.75,1.1,0.0
20230819:1430,2389.04,748.64,43.9,16.35,1.72,0.0
20230819:1530,2861.0,921.65,53.92,17.8,1.66,0.0
20230819:1630,3105.96,1025.8,61.34,19.27,1.52,0.0
20230819:1730,3151.44,1051.74,63.7,20.55,1.52,0.0
20230819:1830,2986.4,992.21,59.77,21.42,1.52,0.0
20230819:1930,2634.12,863.81,51.46,21.73,1.31,0.0
20230819:2030,2112.32,679.52,41.04,21.93,1.38,0.0
20230819:2130,1383.84,449.05,29.72,21.72,1.45,0.0
20230819:2230,528.8,206.22,18.11,20.96,1.31,0.0
20230819:2330,37.08,23.0,6.55,19.73,1.03,0.0
20230820:0030,0.0,0.0,-4.89,18.21,1.03,0.0
20230820:0130,0.0,0.0,0.0,16.63,0.62,0.0
20230820:0230,0.0,0.0,0.0,15.43,0.62,0.0
20230820:0330,0.0,0.0,0.0,14.26,0.83,0.0
20230820:0430,0.0,0.0,0.0,13.22,0.83,0.0
20230820:0530,0.0,0.0,0.0,12.6,0.97,0.0
20230820:0630,0.0,0.0,0.0,12.22,1.03,0.0
20230820:0730,0.0,0.0,0.0,12.01,0.9,0.0
20230820:0830,0.0,0.0,0.0,11.35,1.17,0.0
20230820:0930,0.0,0.0,0.0,10.98,1.17,0.0
20230820:1030,0.0,0.0,-1.92,10.67,1.03,0.0
20230820:1130,69.96,33.84,9.41,10.51,0.97,0.0
20230820:1230,794.48,273.6,21.01,13.09,0.55,0.0
20230820:1330,1601.56,510.47,32.58,17.49,0.34,0.0
20230820:1430,2241.28,728.41,43.72,20.45,0.55,0.0
20230820:1530,2687.04,894.85,53.7,22.27,0.9,0.0
20230820:1630,2945.4,999.48,61.05,23.73,1.1,0.0
20230820:1730,3000.28,1027.17,63.37,24.92,1.17,0.0
20230820:1830,2842.4,968.32,59.45,25.82,1.17,0.0
20230820:1930,2514.24,844.02,51.18,26.28,1.1,0.0
20230820:2030,2000.08,658.23,40.78,26.63,1.24,0.0
20230820:2130,1303.16,433.0,29.48,26.43,1.38,0.0
20230820:2230,492.0,197.27,17.86,25.45,1.24,0.0
20230820:2330,31.84,21.25,6.3,23.9,0.97,0.0
20230821:0030,0.0,0.0,0.0,22.23,0.62,0.0
20230821:0130,0.0,0.0,0.0,20.44,0.69,0.0
20230821:0230,0.0,0.0,0.0,19.51,0.55,0.0
20230821:0330,0.0,0.0,0.0,18.1,0.76,0.0
20230821:0430,0.0,0.0,0.0,17.3,0.9,0.0
20230821:0530,0.0,0.0,0.0,16.89,0.9,0.0
20230821:0630,0.0,0.0,0.0,16.39,0.97,0.0
20230821:0730,0.0,0.0,0.0,16.3,0.9,0.0
20230821:0830,0.0,0.0,0.0,15.55,1.1,0.0
20230821:0930,0.0,0.0,0.0,15.11,1.03,0.0
20230821:1030,0.0,0.0,-2.09,15.71,0.69,0.0
20230821:1130,139.76,57.5,9.25,15.64,0.69,0.0
20230821:1230,689.36,238.19,20.86,16.63,0.62,0.0
20230821:1330,1491.52,481.33,32.42,20.25,0.28,0.0
20230821:1430,2061.56,671.08,43.54,22.5,0.76,0.0
20230821:1530,2449.6,808.03,53.47,23.76,1.31,0.0
20230821:1630,2740.16,915.45,60.77,24.72,1.72,0.0
20230821:1730,2706.36,908.28,63.04,25.6,1.72,0.0
20230821:1830,1976.24,648.47,59.13,26.35,1.86,0.0
20230821:1930,1858.16,605.27,50.89,26.51,1.93,0.0
20230821:2030,1787.2,579.78,40.52,26.43,1.86,0.0
20230821:2130,1160.56,383.63,29.22,26.28,2.0,0.0
20230821:2230,448.72,177.28,17.61,25.5,1.86,0.0
20230821:2330,37.44,23.52,6.05,24.35,1.52,0.0
20230822:0030,0.0,0.0,0.0,22.88,1.17,0.0
20230822:0130,0.0,0.0,0.0,21.61,0.97,0.0
20230822:0230,0.0,0.0,0.0,20.61,1.03,0.0
20230822:0330,0.0,0.0,0.0,19.83,1.1,0.0
20230822:0430,0.0,0.0,0.0,19.34,0.97,0.0
20230822:0530,0.0,0.0,0.0,18.76,0.9,0.0
20230822:0630,0.0,0.0,0.0,18.52,0.83,0.0
20230822:0730,0.0,0.0,0.0,18.28,0.97,0.0
20230822:0830,0.0,0.0,0.0,18.61,1.03,0.0
20230822:0930,0.0,0.0,0.0,18.8,0.97,0.0
20230822:1030,0.0,0.0,-2.26,18.89,0.83,0.0
20230822:1130,36.48,22.69,9.09,18.93,0.83,0.0
20230822:1230,258.4,97.92,20.71,19.28,1.31,0.0
20230822:1330,950.84,304.4,32.26,19.73,1.38,0.0
20230822:1430,1841.56,583.86,43.35,20.48,1.38,0.0
20230822:1530,2555.84,824.87,53.25,21.48,1.93,0.0
20230822:1630,2884.4,947.69,60.48,22.46,2.07,0.0
20230822:1730,2984.56,990.91,62.7,23.38,2.07,0.0
20230822:1830,2871.56,948.71,58.8,23.91,2.21,0.0
20230822:1930,2548.96,827.31,50.59,24.12,2.48,0.0
20230822:2030,2022.92,647.01,40.25,23.91,2.48,0.0
20230822:2130,1305.36,424.34,28.97,23.37,2.34,0.0
20230822:2230,484.72,191.36,17.36,22.54,1.93,0.0
20230822:2330,29.36,20.07,5.79,21.4,1.52,0.0
20230823:0030,0.0,0.0,0.0,20.02,1.31,0.0
20230823:0130,0.0,0.0,0.0,18.86,1.1,0.0
20230823:0230,0.0,0.0,0.0,17.92,0.97,0.0
20230823:0330,0.0,0.0,0.0,16.92,0.9,0.0
20230823:0430,0.0,0.0,0.0,16.44,0.76,0.0
20230823:0530,0.0,0.0,0.0,15.54,1.1,0.0
20230823:0630,0.0,0.0,0.0,14.76,1.17,0.0
20230823:0730,0.0,0.0,0.0,13.56,1.03,0.0
20230823:0830,0.0,0.0,0.0,13.1,1.1,0.0
20230823:0930,0.0,0.0,0.0,12.72,1.1,0.0
20230823:1030,0.0,0.0,-2.43,12.45,1.17,0.0
20230823:1130,66.12,32.75,8.94,12.21,1.17,0.0
20230823:1230,775.48,267.48,20.55,14.18,0.83,0.0
20230823:1330,1612.24,509.49,32.1,17.46,0.97,0.0
20230823:1430,2258.2,718.86,43.17,19.52,1.45,0.0
20230823:1530,2367.08,764.9,53.02,21.27,1.24,0.0
20230823:1630,1942.96,626.48,60.19,22.32,1.1,0.0
20230823:1730,1968.52,636.72,62.36,22.75,1.1,0.0
20230823:1830,2379.6,785.64,58.47,23.45,1.1,0.0
20230823:1930,1427.4,461.27,50.29,24.38,0.9,0.0
20230823:2030,1187.28,382.97,39.97,23.98,1.17,0.0
20230823:2130,564.56,191.83,28.71,23.55,1.66,0.0
20230823:2230,62.52,32.63,17.1,21.56,1.03,0.0
20230823:2330,17.76,15.08,5.53,19.87,0.76,0.0
20230824:0030,0.0,0.0,0.0,19.05,2.07,0.0
20230824:0130,0.0,0.0,0.0,18.76,1.38,0.0
20230824:0230,0.0,0.0,0.0,18.19,0.48,0.0
20230824:0330,0.0,0.0,0.0,17.42,1.1,0.0
20230824:0430,0.0,0.0,0.0,17.04,1.38,0.0
20230824:0530,0.0,0.0,0.0,17.19,1.59,0.0
20230824:0630,0.0,0.0,0.0,17.7,1.93,0.0
20230824:0730,0.0,0.0,0.0,16.82,1.31,0.0
20230824:0830,0.0,0.0,0.0,16.93,1.66,0.0
20230824:0930,0.0,0.0,0.0,16.97,1.93,0.0
20230824:1030,0.0,0.0,-2.6,17.21,2.14,0.0
20230824:1130,116.08,50.24,8.78,17.72,2.28,0.0
20230824:1230,365.08,128.33,20.4,18.77,2.21,0.0
20230824:1330,674.52,220.96,31.94,19.96,2.07,0.0
20230824:1430,1516.0,480.28,42.98,21.51,2.07,0.0
20230824:1530,2097.96,672.0,52.79,23.81,2.76,0.0
20230824:1630,2302.28,740.21,59.89,25.55,3.72,0.0
20230824:1730,2304.2,744.18,62.02,26.3,3.66,0.0
20230824:1830,2539.92,833.55,58.14,26.69,3.1,0.0
20230824:1930,2395.72,783.82,49.99,24.26,1.66,0.0
20230824:2030,1955.12,635.77,39.7,25.06,1.45,0.0
20230824:2130,1199.4,396.29,28.44,25.43,1.52,0.0
20230824:2230,448.4,178.34,16.84,24.88,1.45,0.0
20230824:2330,25.8,18.76,5.26,23.74,0.9,0.0
20230825:0030,0.0,0.0,0.0,22.41,0.9,0.0
20230825:0130,0.0,0.0,0.0,20.98,1.31,0.0
20230825:0230,0.0,0.0,0.0,20.13,1.52,0.0
20230825:0330,0.0,0.0,0.0,19.71,1.66,0.0
20230825:0430,0.0,0.0,0.0,19.36,1.72,0.0
20230825:0530,0.0,0.0,0.0,19.16,1.59,0.0
20230825:0630,0.0,0.0,0.0,19.0,1.45,0.0
20230825:0730,0.0,0.0,0.0,18.82,1.86,0.0
20230825:0830,0.0,0.0,0.0,18.72,2.0,0.0
20230825:0930,0.0,0.0,0.0,18.7,2.14,0.0
20230825:1030,0.0,0.0,-2.77,18.85,2.21,0.0
20230825:1130,19.04,15.61,8.62,19.21,1.79,0.0
20230825:1230,325.12,116.83,20.24,19.69,1.72,0.0
20230825:1330,863.32,277.59,31.78,20.68,2.41,0.0
20230825:1430,821.6,265.11,42.79,21.66,3.17,0.0
20230825:1530,1007.28,321.44,52.55,21.87,3.52,0.0
20230825:1630,1504.56,472.86,59.59,22.37,3.86,0.0
20230825:1730,1681.8,531.2,61.67,23.52,3.93,0.0
20230825:1830,1869.72,590.52,57.8,24.26,3.72,0.0
20230825:1930,1274.36,401.92,49.68,24.29,4.07,0.0
20230825:2030,830.28,267.97,39.41,23.4,3.59,0.0
20230825:2130,616.16,206.94,28.17,23.33,3.1,0.0
20230825:2230,252.08,102.17,16.58,22.75,2.76,0.0
20230825:2330,13.48,13.25,4.99,22.19,1.59,0.0
20230826:0030,0.0,0.0,0.0,21.62,1.45,0.0
20230826:0130,0.0,0.0,0.0,21.26,1.03,0.0
20230826:0230,0.0,0.0,0.0,21.08,0.9,0.0
20230826:0330,0.0,0.0,0.0,21.0,0.9,0.0
20230826:0430,0.0,0.0,0.0,20.97,0.9,0.0
20230826:0530,0.0,0.0,0.0,20.81,0.97,0.0
20230826:0630,0.0,0.0,0.0,20.66,1.03,0.0
20230826:0730,0.0,0.0,0.0,19.65,0.9,0.0
20230826:0830,0.0,0.0,0.0,19.2,0.83,0.0
20230826:0930,0.0,0.0,0.0,18.95,0.62,0.0
20230826:1030,0.0,0.0,-2.94,18.72,0.76,0.0
20230826:1130,57.48,30.47,8.47,18.61,0.9,0.0
20230826:1230,311.76,115.08,20.09,18.9,1.45,0.0
20230826:1330,769.08,248.73,31.61,19.51,1.59,0.0
20230826:1430,1253.12,394.26,42.6,20.19,1.72,0.0
20230826:1530,1469.68,462.2,52.32,21.15,1.59,0.0
20230826:1630,1803.04,574.03,59.29,22.3,1.52,0.0
20230826:1730,2502.68,819.69,61.32,23.43,1.66,0.0
20230826:1830,2330.16,761.53,57.45,24.39,1.59,0.0
20230826:1930,1892.16,610.45,49.37,25.17,1.59,0.0
20230826:2030,1644.56,526.43,39.13,24.49,1.79,0.0
20230826:2130,921.8,303.28,27.9,23.55,2.0,0.0
20230826:2230,227.32,94.42,16.31,22.52,1.79,0.0
20230826:2330,9.76,11.41,4.72,21.32,1.38,0.0
20230827:0030,0.0,0.0,0.0,20.54,0.83,0.0
20230827:0130,0.0,0.0,0.0,19.98,0.55,0.0
20230827:0230,0.0,0.0,0.0,19.46,0.41,0.0
20230827:0330,0.0,0.0,0.0,18.94,0.55,0.0
20230827:0430,0.0,0.0,0.0,18.79,0.9,0.0
20230827:0530,0.0,0.0,0.0,18.43,0.9,0.0
20230827:0630,0.0,0.0,0.0,18.18,0.76,0.0
20230827:0730,0.0,0.0,0.0,18.05,0.62,0.0
20230827:0830,0.0,0.0,0.0,17.89,0.76,0.0
20230827:0930,0.0,0.0,0.0,17.63,0.97,0.0
20230827:1030,0.0,0.0,-3.11,17.16,1.1,0.0
20230827:1130,53.68,28.94,8.31,17.16,0.9,0.0
20230827:1230,313.68,113.56,19.93,17.52,0.69,0.0
20230827:1330,539.76,179.71,31.44,18.39,0.9,0.0
20230827:1430,1067.04,337.97,42.41,18.98,0.69,0.0
20230827:1530,1293.52,408.43,52.08,20.09,0.9,0.0
20230827:1630,1931.6,620.53,58.98,20.7,0.62,0.0
20230827:1730,1693.16,542.34,60.97,21.87,0.69,0.0
20230827:1830,1774.96,571.84,57.11,22.22,0.62,0.0
20230827:1930,2016.68,653.79,49.06,23.7,0.97,0.0
20230827:2030,1060.32,342.31,38.84,24.16,0.9,0.0
20230827:2130,797.72,265.26,27.63,23.48,1.03,0.0
20230827:2230,224.68,93.09,16.04,23.03,1.17,0.0
20230827:2330,24.32,18.01,4.45,21.9,1.24,0.0
20230828:0030,0.0,0.0,0.0,20.84,1.38,0.0
20230828:0130,0.0,0.0,0.0,20.25,1.31,0.0
20230828:0230,0.0,0.0,0.0,19.83,1.24,0.0
20230828:0330,0.0,0.0,0.0,19.35,1.31,0.0
20230828:0430,0.0,0.0,0.0,18.63,1.52,0.0
20230828:0530,0.0,0.0,0.0,18.43,1.59,0.0
20230828:0630,0.0,0.0,0.0,18.17,1.52,0.0
20230828:0730,0.0,0.0,0.0,17.98,1.24,0.0
20230828:0830,0.0,0.0,0.0,17.7,1.17,0.0
20230828:0930,0.0,0.0,0.0,17.43,1.1,0.0
20230828:1030,0.0,0.0,-3.28,17.41,1.31,0.0
20230828:1130,24.04,17.62,8.15,17.24,1.1,0.0
20230828:1230,199.84,79.8,19.77,17.83,0.9,0.0
20230828:1330,388.2,134.16,31.28,18.67,0.97,0.0
20230828:1430,867.96,275.65,42.22,19.21,1.66,0.0
20230828:1530,826.92,264.92,51.84,20.23,1.72,0.0
20230828:1630,1240.84,390.26,58.68,20.73,1.59,0.0
20230828:1730,859.08,276.8,60.62,21.5,1.66,0.0
20230828:1830,1423.16,449.07,56.76,21.42,1.86,0.0
20230828:1930,1061.48,338.08,48.74,21.63,1.24,0.0
20230828:2030,1016.28,325.91,38.54,21.76,0.97,0.0
20230828:2130,600.04,201.62,27.35,21.93,1.45,0.0
20230828:2230,278.96,111.93,15.76,21.45,0.76,0.0
20230828:2330,23.12,17.45,4.17,20.74,0.83,0.0
20230829:0030,0.0,0.0,0.0,19.89,0.97,0.0
20230829:0130,0.0,0.0,0.0,19.3,1.1,0.0
20230829:0230,0.0,0.0,0.0,18.97,1.17,0.0
20230829:0330,0.0,0.0,0.0,18.7,1.17,0.0
20230829:0430,0.0,0.0,0.0,18.3,1.03,0.0
20230829:0530,0.0,0.0,0.0,17.9,0.97,0.0
20230829:0630,0.0,0.0,0.0,17.64,0.83,0.0
20230829:0730,0.0,0.0,0.0,17.73,0.62,0.0
20230829:0830,0.0,0.0,0.0,17.54,0.69,0.0
20230829:0930,0.0,0.0,0.0,17.47,0.76,0.0
20230829:1030,0.0,0.0,-3.45,17.34,0.76,0.0
20230829:1130,69.44,34.54,7.99,17.24,0.83,0.0
20230829:1230,463.24,162.33,19.62,18.01,0.97,0.0
20230829:1330,849.92,274.44,31.11,19.67,0.97,0.0
20230829:1430,1152.12,366.12,42.02,21.08,1.24,0.0
20230829:1530,1541.24,491.91,51.59,22.17,1.17,0.0
20230829:1630,2275.92,748.63,58.37,23.04,1.03,0.0
20230829:1730,2012.16,661.5,60.26,24.47,0.9,0.0
20230829:1830,949.6,311.03,56.41,24.67,0.62,0.0
20230829:1930,506.16,172.17,48.42,22.08,1.03,0.0
20230829:2030,628.76,209.05,38.25,21.35,0.69,0.0
20230829:2130,432.76,149.82,27.06,20.97,1.03,0.0
20230829:2230,283.48,110.09,15.48,20.65,0.9,0.0
20230829:2330,16.68,14.65,3.88,20.56,0.69,0.0
20230830:0030,0.0,0.0,0.0,19.92,0.83,0.0
20230830:0130,0.0,0.0,0.0,19.33,1.1,0.0
20230830:0230,0.0,0.0,0.0,18.46,1.31,0.0
20230830:0330,0.0,0.0,0.0,18.12,1.17,0.0
20230830:0430,0.0,0.0,0.0,17.81,1.24,0.0
20230830:0530,0.0,0.0,0.0,17.66,1.31,0.0
20230830:0630,0.0,0.0,0.0,17.61,1.24,0.0
20230830:0730,0.0,0.0,0.0,17.58,1.45,0.0
20230830:0830,0.0,0.0,0.0,17.54,1.52,0.0
20230830:0930,0.0,0.0,0.0,17.38,1.66,0.0
20230830:1030,0.0,0.0,-3.62,16.67,1.52,0.0
20230830:1130,66.88,33.45,7.83,15.74,1.31,0.0
20230830:1230,720.32,247.8,19.46,16.05,0.97,0.0
20230830:1330,1486.16,464.7,30.94,16.63,1.31,0.0
20230830:1430,2079.44,647.6,41.82,17.57,1.93,0.0
20230830:1530,2425.2,760.6,51.34,18.87,2.76,0.0
20230830:1630,2498.0,787.05,58.05,20.04,3.17,0.0
20230830:1730,2960.76,950.06,59.9,20.38,3.17,0.0
20230830:1830,2725.84,869.78,56.05,21.04,3.17,0.0
20230830:1930,2191.32,690.57,48.09,20.76,2.97,0.0
20230830:2030,1651.76,516.2,37.95,20.29,3.03,0.0
20230830:2130,948.72,304.27,26.78,19.58,2.76,0.0
20230830:2230,327.8,120.7,15.2,18.59,2.34,0.0
20230830:2330,24.24,17.71,3.6,17.53,2.0,0.0
20230831:0030,0.0,0.0,0.0,16.58,1.86,0.0
20230831:0130,0.0,0.0,0.0,15.91,1.72,0.0
20230831:0230,0.0,0.0,0.0,15.22,1.66,0.0
20230831:0330,0.0,0.0,0.0,14.58,1.79,0.0
20230831:0430,0.0,0.0,0.0,14.02,1.72,0.0
20230831:0530,0.0,0.0,0.0,13.59,1.66,0.0
20230831:0630,0.0,0.0,0.0,13.24,1.59,0.0
20230831:0730,0.0,0.0,0.0,13.26,1.79,0.0
20230831:0830,0.0,0.0,0.0,13.17,1.79,0.0
20230831:0930,0.0,0.0,0.0,12.74,1.52,0.0
20230831:1030,0.0,0.0,-3.8,12.38,1.52,0.0
20230831:1130,57.24,29.64,7.67,12.01,1.59,0.0
20230831:1230,627.56,212.13,19.3,12.64,2.28,0.0
20230831:1330,919.88,285.77,30.77,13.71,2.55,0.0
20230831:1430,1711.04,523.42,41.62,14.82,2.28,0.0
20230831:1530,2598.12,815.25,51.09,16.4,2.14,0.0
20230831:1630,3134.68,1020.2,57.74,18.02,1.93,0.0
20230831:1730,3212.96,1058.55,59.53,19.64,2.0,0.0
20230831:1830,3047.56,1001.12,55.69,20.75,2.0,0.0
20230831:1930,2693.68,869.02,47.76,21.41,2.28,0.0
20230831:2030,2116.96,673.13,37.64,21.66,2.21,0.0
20230831:2130,1341.88,434.19,26.49,21.53,2.07,0.0
20230831:2230,457.12,184.25,14.92,20.86,1.59,0.0
20230831:2330,13.84,13.29,3.31,19.48,1.38,0.0
20230901:0030,0.0,0.0,0.0,17.83,1.52,0.0
20230901:0130,0.0,0.0,0.0,16.48,1.45,0.0
20230901:0230,0.0,0.0,0.0,15.64,1.38,0.0
20230901:0330,0.0,0.0,0.0,14.98,1.52,0.0
20230901:0430,0.0,0.0,0.0,14.27,1.59,0.0
20230901:0530,0.0,0.0,0.0,13.42,1.72,0.0
20230901:0630,0.0,0.0,0.0,12.79,1.72,0.0
20230901:0730,0.0,0.0,0.0,12.55,1.59,0.0
20230901:0830,0.0,0.0,0.0,12.03,1.52,0.0
20230901:0930,0.0,0.0,0.0,11.31,1.38,0.0
20230901:1030,0.0,0.0,-3.97,10.56,1.24,0.0
20230901:1130,53.88,28.25,7.51,9.95,1.17,0.0
20230901:1230,837.96,281.94,19.14,11.1,0.83,0.0
20230901:1330,1717.64,535.8,30.59,14.78,0.97,0.0
20230901:1430,2403.92,763.02,41.42,16.87,1.1,0.0
20230901:1530,2841.04,936.07,50.84,18.97,0.9,0.0
20230901:1630,3044.0,1038.47,57.42,20.79,0.55,0.0
20230901:1730,3045.36,1061.51,59.17,22.17,0.21,0.0
20230901:1830,2892.68,1004.45,55.33,23.14,0.14,0.0
20230901:1930,2582.6,871.2,47.43,23.49,0.41,0.0
20230901:2030,2047.36,673.78,37.33,23.8,0.48,0.0
20230901:2130,1303.28,432.56,26.19,23.69,0.41,0.0
20230901:2230,442.28,181.79,14.63,22.9,0.14,0.0
20230901:2330,12.08,12.55,3.02,21.28,0.28,0.0
20230902:0030,0.0,0.0,0.0,19.74,0.55,0.0
20230902:0130,0.0,0.0,0.0,18.02,0.76,0.0
20230902:0230,0.0,0.0,0.0,16.93,1.17,0.0
20230902:0330,0.0,0.0,0.0,15.87,1.52,0.0
20230902:0430,0.0,0.0,0.0,14.69,1.66,0.0
20230902:0530,0.0,0.0,0.0,13.91,1.72,0.0
20230902:0630,0.0,0.0,0.0,13.38,1.72,0.0
20230902:0730,0.0,0.0,0.0,12.92,1.72,0.0
20230902:0830,0.0,0.0,0.0,12.55,1.59,0.0
20230902:0930,0.0,0.0,0.0,12.33,1.52,0.0
20230902:1030,0.0,0.0,-4.14,11.81,1.31,0.0
20230902:1130,51.6,27.59,7.35,11.39,1.17,0.0
20230902:1230,802.24,272.3,18.98,12.92,0.83,0.0
20230902:1330,1629.96,517.55,30.42,17.72,0.55,0.0
20230902:1430,2291.12,740.24,41.22,20.83,1.03,0.0
20230902:1530,2752.92,903.72,50.59,22.37,1.72,0.0
20230902:1630,2935.2,974.93,57.1,23.42,1.93,0.0
20230902:1730,2910.28,970.49,58.8,24.18,1.93,0.0
20230902:1830,2545.24,834.96,54.97,24.66,1.93,0.0
20230902:1930,2401.36,780.67,47.09,24.4,2.14,0.0
20230902:2030,1827.88,585.15,37.02,24.45,2.28,0.0
20230902:2130,1172.44,384.0,25.9,23.93,2.21,0.0
20230902:2230,393.16,159.81,14.34,23.08,1.86,0.0
20230902:2330,10.52,11.81,2.73,21.66,1.24,0.0
20230903:0030,0.0,0.0,0.0,20.19,1.1,0.0
20230903:0130,0.0,0.0,0.0,18.83,1.1,0.0
20230903:0230,0.0,0.0,0.0,17.62,1.24,0.0
20230903:0330,0.0,0.0,0.0,16.67,1.38,0.0
20230903:0430,0.0,0.0,0.0,16.26,1.45,0.0
20230903:0530,0.0,0.0,0.0,15.88,0.97,0.0
20230903:0630,0.0,0.0,0.0,15.43,0.83,0.0
20230903:0730,0.0,0.0,0.0,15.62,1.31,0.0
20230903:0830,0.0,0.0,0.0,15.7,1.45,0.0
20230903:0930,0.0,0.0,0.0,15.94,1.59,0.0
20230903:1030,0.0,0.0,-4.31,16.07,1.59,0.0
20230903:1130,55.88,29.6,7.18,16.06,1.59,0.0
20230903:1230,625.96,216.64,18.81,17.23,1.17,0.0
20230903:1330,1231.16,391.14,30.24,20.08,1.31,0.0
20230903:1430,1906.68,604.53,41.01,21.64,1.79,0.0
20230903:1530,2175.68,691.02,50.33,23.22,2.97,0.0
20230903:1630,2506.0,805.78,56.77,24.03,3.1,0.0
20230903:1730,2729.56,891.99,58.43,24.9,2.97,0.0
20230903:1830,2274.0,735.67,54.6,25.81,2.9,0.0
20230903:1930,1999.2,640.35,46.75,25.59,2.83,0.0
20230903:2030,1531.28,489.24,36.71,25.36,2.76,0.0
20230903:2130,1039.12,341.81,25.6,24.9,2.76,0.0
20230903:2230,326.36,135.87,14.04,24.05,2.34,0.0
20230903:2330,6.76,9.93,2.43,22.78,1.86,0.0
20230904:0030,0.0,0.0,0.0,21.34,1.45,0.0
20230904:0130,0.0,0.0,0.0,20.44,1.38,0.0
20230904:0230,0.0,0.0,0.0,19.64,1.38,0.0
20230904:0330,0.0,0.0,0.0,19.14,1.31,0.0
20230904:0430,0.0,0.0,0.0,18.82,1.31,0.0
20230904:0530,0.0,0.0,0.0,18.59,1.31,0.0
20230904:0630,0.0,0.0,0.0,18.32,1.38,0.0
20230904:0730,0.0,0.0,0.0,18.41,1.45,0.0
20230904:0830,0.0,0.0,0.0,18.0,1.38,0.0
20230904:0930,0.0,0.0,0.0,17.45,1.38,0.0
20230904:1030,0.0,0.0,-4.48,17.05,1.45,0.0
20230904:1130,46.64,26.32,7.02,16.7,1.45,0.0
20230904:1230,703.6,244.2,18.65,17.55,1.03,0.0
20230904:1330,1503.76,480.44,30.06,20.93,1.17,0.0
20230904:1430,2135.56,682.85,40.8,22.74,2.0,0.0
20230904:1530,2681.92,878.76,50.07,24.06,2.21,0.0
20230904:1630,2661.64,880.56,56.45,25.37,2.21,0.0
20230904:1730,2746.96,916.49,58.06,26.19,2.14,0.0
20230904:1830,2590.36,861.31,54.23,26.87,2.21,0.0
20230904:1930,2155.48,706.09,46.41,26.98,2.21,0.0
20230904:2030,1204.52,390.12,36.39,26.67,2.41,0.0
20230904:2130,546.8,187.98,25.3,25.59,2.34,0.0
20230904:2230,207.08,85.22,13.75,24.39,1.93,0.0
20230904:2330,9.08,11.15,2.13,23.21,1.59,0.0
20230905:0030,0.0,0.0,0.0,22.17,1.31,0.0
20230905:0130,0.0,0.0,0.0,21.17,1.1,0.0
20230905:0230,0.0,0.0,0.0,20.15,1.03,0.0
20230905:0330,0.0,0.0,0.0,19.35,1.03,0.0
20230905:0430,0.0,0.0,0.0,18.58,0.97,0.0
20230905:0530,0.0,0.0,0.0,17.96,0.83,0.0
20230905:0630,0.0,0.0,0.0,17.78,0.69,0.0
20230905:0730,0.0,0.0,0.0,17.56,0.69,0.0
20230905:0830,0.0,0.0,0.0,16.84,0.9,0.0
20230905:0930,0.0,0.0,0.0,16.59,0.9,0.0
20230905:1030,0.0,0.0,-4.66,16.54,0.76,0.0
20230905:1130,45.64,25.93,6.86,16.33,0.69,0.0
20230905:1230,747.04,260.0,18.49,17.84,0.34,0.0
20230905:1330,1550.88,502.51,29.89,21.08,0.14,0.0
20230905:1430,2199.24,723.43,40.59,23.26,0.55,0.0
20230905:1530,2629.48,888.65,49.81,24.94,0.76,0.0
20230905:1630,2818.64,969.44,56.12,26.43,0.9,0.0
20230905:1730,2891.68,995.65,57.68,27.57,1.31,0.0
20230905:1830,2665.8,901.84,53.86,28.28,1.72,0.0
20230905:1930,2379.16,792.21,46.07,28.28,1.86,0.0
20230905:2030,1832.28,599.71,36.07,28.09,1.93,0.0
20230905:2130,1097.92,366.76,24.99,27.41,2.07,0.0
20230905:2230,355.0,150.05,13.45,26.25,1.79,0.0
20230905:2330,6.08,9.62,1.83,24.69,1.52,0.0
20230906:0030,0.0,0.0,0.0,23.22,0.97,0.0
20230906:0130,0.0,0.0,0.0,22.0,0.34,0.0
20230906:0230,0.0,0.0,0.0,20.6,0.62,0.0
20230906:0330,0.0,0.0,0.0,19.85,0.76,0.0
20230906:0430,0.0,0.0,0.0,18.98,0.76,0.0
20230906:0530,0.0,0.0,0.0,18.32,0.69,0.0
20230906:0630,0.0,0.0,0.0,17.74,0.69,0.0
20230906:0730,0.0,0.0,0.0,17.61,0.83,0.0
20230906:0830,0.0,0.0,0.0,17.11,0.76,0.0
20230906:0930,0.0,0.0,0.0,16.62,0.69,0.0
20230906:1030,0.0,0.0,-4.83,16.11,0.62,0.0
20230906:1130,41.48,24.31,6.7,15.62,0.69,0.0
20230906:1230,764.36,265.3,18.32,17.39,0.34,0.0
20230906:1330,1566.84,507.6,29.71,21.6,0.34,0.0
20230906:1430,2198.8,724.53,40.38,24.1,0.69,0.0
20230906:1530,2623.16,886.28,49.54,25.57,0.9,0.0
20230906:1630,2872.64,991.58,55.79,26.76,0.97,0.0
20230906:1730,2855.28,985.78,57.3,27.81,1.17,0.0
20230906:1830,2434.68,815.41,53.48,28.49,1.72,0.0
20230906:1930,2325.76,770.19,45.72,27.6,1.72,0.0
20230906:2030,1708.56,556.65,35.75,27.66,1.79,0.0
20230906:2130,814.24,275.33,24.69,27.19,1.52,0.0
20230906:2230,311.52,132.36,13.15,25.87,0.83,0.0
20230906:2330,3.72,8.26,1.53,24.7,0.76,0.0
20230907:0030,0.0,0.0,0.0,23.11,1.17,0.0
20230907:0130,0.0,0.0,0.0,21.5,1.17,0.0
20230907:0230,0.0,0.0,0.0,20.48,1.17,0.0
20230907:0330,0.0,0.0,0.0,19.89,1.17,0.0
20230907:0430,0.0,0.0,0.0,19.89,1.45,0.0
20230907:0530,0.0,0.0,0.0,19.54,1.38,0.0
20230907:0630,0.0,0.0,0.0,19.05,1.24,0.0
20230907:0730,0.0,0.0,0.0,19.09,1.17,0.0
20230907:0830,0.0,0.0,0.0,18.73,1.03,0.0
20230907:0930,0.0,0.0,0.0,18.42,1.03,0.0
20230907:1030,0.0,0.0,-5.0,18.12,1.17,0.0
20230907:1130,77.92,37.56,6.53,17.92,1.17,0.0
20230907:1230,615.52,212.22,18.16,18.46,0.76,0.0
20230907:1330,1004.28,323.61,29.52,21.07,0.97,0.0
20230907:1430,1404.04,446.3,40.16,22.16,1.38,0.0
20230907:1530,1576.28,501.87,49.27,23.0,1.79,0.0
20230907:1630,1965.52,635.11,55.45,23.43,1.59,0.0
20230907:1730,2405.72,793.59,56.92,24.68,1.52,0.0
20230907:1830,1644.6,533.07,53.11,25.86,1.59,0.0
20230907:1930,1217.52,389.87,45.37,24.95,2.34,0.0
20230907:2030,1144.08,368.06,35.43,24.6,2.14,0.0
20230907:2130,573.32,195.34,24.38,24.04,2.21,0.0
20230907:2230,186.96,83.41,12.85,22.37,1.93,0.0
20230907:2330,3.92,8.31,1.22,21.33,1.03,0.0
20230908:0030,0.0,0.0,0.0,20.31,0.97,0.0
20230908:0130,0.0,0.0,0.0,19.45,0.97,0.0
20230908:0230,0.0,0.0,0.0,19.11,1.03,0.0
20230908:0330,0.0,0.0,0.0,18.47,0.97,0.0
20230908:0430,0.0,0.0,0.0,17.94,0.9,0.0
20230908:0530,0.0,0.0,0.0,17.57,0.76,0.0
20230908:0630,0.0,0.0,0.0,17.23,0.76,0.0
20230908:0730,0.0,0.0,0.0,17.16,0.9,0.0
20230908:0830,0.0,0.0,0.0,17.1,0.83,0.0
20230908:0930,0.0,0.0,0.0,17.13,0.62,0.0
20230908:1030,0.0,0.0,-5.18,17.1,0.34,0.0
20230908:1130,34.48,21.77,6.37,17.12,0.21,0.0
20230908:1230,494.16,173.46,17.99,17.66,0.14,0.0
20230908:1330,1278.56,406.21,29.34,18.47,0.34,0.0
20230908:1430,1865.12,596.75,39.95,19.68,0.34,0.0
20230908:1530,2183.8,712.66,49.0,21.15,0.34,0.0
20230908:1630,1875.32,610.06,55.12,22.44,0.28,0.0
20230908:1730,2134.56,698.91,56.54,22.78,0.48,0.0
20230908:1830,2347.16,774.88,52.73,23.07,0.55,0.0
20230908:1930,1536.88,497.74,45.02,24.43,0.34,0.0
20230908:2030,1157.8,370.34,35.1,22.3,0.62,0.0
20230908:2130,252.84,95.11,24.07,22.24,0.55,0.0
20230908:2230,121.2,56.74,12.54,20.28,0.28,0.0
20230908:2330,0.08,5.82,0.92,19.05,0.28,0.0
20230909:0030,0.0,0.0,0.0,18.7,0.41,0.0
20230909:0130,0.0,0.0,0.0,18.25,0.14,0.0
20230909:0230,0.0,0.0,0.0,17.78,0.21,0.0
20230909:0330,0.0,0.0,0.0,17.31,0.48,0.0
20230909:0430,0.0,0.0,0.0,17.1,0.62,0.0
20230909:0530,0.0,0.0,0.0,16.79,0.48,0.0
20230909:0630,0.0,0.0,0.0,16.4,0.55,0.0
20230909:0730,0.0,0.0,0.0,16.44,0.9,0.0
20230909:0830,0.0,0.0,0.0,16.13,0.83,0.0
20230909:0930,0.0,0.0,0.0,16.01,0.9,0.0
20230909:1030,0.0,0.0,0.0,15.73,0.83,0.0
20230909:1130,53.64,28.73,6.2,15.29,0.83,0.0
20230909:1230,531.28,181.88,17.82,16.0,0.62,0.0
20230909:1330,1156.32,366.54,29.15,17.92,0.55,0.0
20230909:1430,1698.6,541.63,39.73,19.99,0.69,0.0
20230909:1530,2518.76,831.88,48.73,21.88,0.83,0.0
20230909:1630,2777.92,933.11,54.78,23.58,1.1,0.0
20230909:1730,2178.4,715.94,56.16,24.75,1.03,0.0
20230909:1830,1858.04,608.36,52.35,24.5,0.41,0.0
20230909:1930,930.96,302.04,44.66,22.75,0.9,0.0
20230909:2030,441.24,151.15,34.77,20.92,1.52,0.0
20230909:2130,414.04,143.54,23.75,20.01,1.1,0.0
20230909:2230,185.64,77.89,12.23,19.82,0.55,0.0
20230909:2330,0.0,5.12,0.61,19.39,0.14,0.0
20230910:0030,0.0,0.0,0.0,18.75,0.62,0.0
20230910:0130,0.0,0.0,0.0,18.25,0.97,0.0
20230910:0230,0.0,0.0,0.0,17.59,1.03,0.0
20230910:0330,0.0,0.0,0.0,17.18,1.03,0.0
20230910:0430,0.0,0.0,0.0,16.98,0.9,0.0
20230910:0530,0.0,0.0,0.0,16.7,1.03,0.0
20230910:0630,0.0,0.0,0.0,16.52,0.97,0.0
20230910:0730,0.0,0.0,0.0,15.88,0.97,0.0
20230910:0830,0.0,0.0,0.0,15.65,1.17,0.0
20230910:0930,0.0,0.0,0.0,15.36,0.97,0.0
20230910:1030,0.0,0.0,0.0,15.08,0.76,0.0
20230910:1130,37.76,22.87,6.04,14.96,0.83,0.0
20230910:1230,489.4,170.52,17.65,15.57,0.41,0.0
20230910:1330,1053.96,333.44,28.97,17.37,0.55,0.0
20230910:1430,1349.0,422.27,39.51,18.73,1.24,0.0
20230910:1530,1903.16,603.82,48.46,19.74,1.1,0.0
20230910:1630,1800.16,576.21,54.44,20.83,0.9,0.0
20230910:1730,1369.92,438.29,55.78,21.61,0.76,0.0
20230910:1830,1617.6,517.34,51.96,21.66,0.76,0.0
20230910:1930,1541.68,488.04,44.3,20.4,0.69,0.0
20230910:2030,747.72,242.34,34.44,19.83,0.83,0.0
20230910:2130,488.24,166.42,23.44,19.0,0.28,0.0
20230910:2230,89.28,43.33,11.93,18.85,0.41,0.0
20230910:2330,0.72,6.25,0.3,18.23,0.55,0.0
20230911:0030,0.0,0.0,0.0,17.69,0.62,0.0
20230911:0130,0.0,0.0,0.0,17.18,0.62,0.0
20230911:0230,0.0,0.0,0.0,16.87,0.62,0.0
20230911:0330,0.0,0.0,0.0,16.31,0.83,0.0
20230911:0430,0.0,0.0,0.0,15.81,0.9,0.0
20230911:0530,0.0,0.0,0.0,15.82,0.62,0.0
20230911:0630,0.0,0.0,0.0,15.56,0.62,0.0
20230911:0730,0.0,0.0,0.0,15.52,0.9,0.0
20230911:0830,0.0,0.0,0.0,15.6,0.83,0.0
20230911:0930,0.0,0.0,0.0,15.79,0.9,0.0
20230911:1030,0.0,0.0,0.0,15.87,1.24,0.0
20230911:1130,23.28,17.23,5.87,15.95,1.31,0.0
20230911:1230,324.4,117.64,17.48,16.14,1.24,0.0
20230911:1330,1225.8,383.63,28.78,16.4,0.83,0.0
20230911:1430,1665.28,519.16,39.29,17.9,1.1,0.0
20230911:1530,1795.56,560.25,48.18,19.06,1.79,0.0
20230911:1630,2273.44,717.74,54.1,19.77,2.14,0.0
20230911:1730,2464.16,785.38,55.39,20.58,2.14,0.0
20230911:1830,2469.92,787.17,51.58,21.07,2.28,0.0
20230911:1930,2303.08,734.82,43.95,21.21,2.07,0.0
20230911:2030,1741.6,550.74,34.1,21.42,1.79,0.0
20230911:2130,1176.56,382.6,23.12,20.98,1.72,0.0
20230911:2230,316.12,135.06,11.62,20.43,1.38,0.0
20230911:2330,0.0,0.0,-0.01,19.31,1.1,0.0
20230912:0030,0.0,0.0,0.0,18.14,1.03,0.0
20230912:0130,0.0,0.0,0.0,16.91,0.62,0.0
20230912:0230,0.0,0.0,0.0,16.07,0.48,0.0
20230912:0330,0.0,0.0,0.0,15.17,0.62,0.0
20230912:0430,0.0,0.0,0.0,14.4,0.69,0.0
20230912:0530,0.0,0.0,0.0,13.58,0.83,0.0
20230912:0630,0.0,0.0,0.0,13.08,0.97,0.0
20230912:0730,0.0,0.0,0.0,12.86,1.1,0.0
20230912:0830,0.0,0.0,0.0,12.6,1.1,0.0
20230912:0930,0.0,0.0,0.0,12.31,1.1,0.0
20230912:1030,0.0,0.0,0.0,12.13,1.1,0.0
20230912:1130,43.04,24.57,5.71,11.99,1.1,0.0
20230912:1230,739.8,249.21,17.31,13.14,0.83,0.0
20230912:1330,1611.84,509.35,28.59,17.42,0.62,0.0
20230912:1430,2271.08,731.92,39.06,20.23,0.9,0.0
20230912:1530,2631.12,854.6,47.9,21.83,1.86,0.0
20230912:1630,2282.56,727.2,53.75,22.72,2.41,0.0
20230912:1730,2268.6,722.43,55.0,22.54,2.34,0.0
20230912:1830,1861.52,587.8,51.19,22.36,2.07,0.0
20230912:1930,1303.8,410.76,43.59,22.13,1.93,0.0
20230912:2030,1079.0,342.9,33.77,21.64,1.52,0.0
20230912:2130,646.56,216.28,22.8,21.36,1.1,0.0
20230912:2230,100.92,45.82,11.3,20.73,1.24,0.0
20230912:2330,0.0,0.0,-0.32,19.31,1.52,0.0
20230913:0030,0.0,0.0,0.0,17.93,1.1,0.0
20230913:0130,0.0,0.0,0.0,17.25,0.83,0.0
20230913:0230,0.0,0.0,0.0,16.73,1.03,0.0
20230913:0330,0.0,0.0,0.0,16.35,0.97,0.0
20230913:0430,0.0,0.0,0.0,16.24,0.83,0.0
20230913:0530,0.0,0.0,0.0,15.8,0.9,0.0
20230913:0630,0.0,0.0,0.0,15.47,0.97,0.0
20230913:0730,0.0,0.0,0.0,15.55,1.03,0.0
20230913:0830,0.0,0.0,0.0,15.42,1.17,0.0
20230913:0930,0.0,0.0,0.0,15.06,1.03,0.0
20230913:1030,0.0,0.0,0.0,14.62,1.03,0.0
20230913:1130,27.52,18.84,5.54,14.4,0.9,0.0
20230913:1230,458.16,159.36,17.14,14.52,1.1,0.0
20230913:1330,838.92,264.31,28.4,14.89,1.24,0.0
20230913:1430,1388.68,427.05,38.83,15.72,1.45,0.0
20230913:1530,1791.16,553.91,47.62,16.74,1.66,0.0
20230913:1630,2303.76,721.89,53.41,17.51,1.79,0.0
20230913:1730,2599.8,826.83,54.61,18.17,1.86,0.0
20230913:1830,1987.04,617.48,50.81,18.75,1.93,0.0
20230913:1930,2012.76,629.89,43.22,19.09,1.66,0.0
20230913:2030,1160.64,362.41,33.43,19.12,1.72,0.0
20230913:2130,756.32,247.72,22.48,18.41,1.79,0.0
20230913:2230,87.36,40.75,10.99,17.84,1.52,0.0
20230913:2330,0.0,0.0,-0.64,17.01,1.17,0.0
20230914:0030,0.0,0.0,0.0,16.1,1.03,0.0
20230914:0130,0.0,0.0,0.0,15.16,1.03,0.0
20230914:0230,0.0,0.0,0.0,14.52,0.97,0.0
20230914:0330,0.0,0.0,0.0,13.91,0.97,0.0
20230914:0430,0.0,0.0,0.0,13.71,0.83,0.0
20230914:0530,0.0,0.0,0.0,13.14,0.83,0.0
20230914:0630,0.0,0.0,0.0,12.5,0.62,0.0
20230914:0730,0.0,0.0,0.0,12.34,0.07,0.0
20230914:0830,0.0,0.0,0.0,11.85,0.28,0.0
20230914:0930,0.0,0.0,0.0,11.1,0.55,0.0
20230914:1030,0.0,0.0,0.0,10.71,0.48,0.0
20230914:1130,32.04,20.33,5.37,10.27,0.48,0.0
20230914:1230,839.48,279.68,16.96,10.94,0.34,0.0
20230914:1330,1742.64,540.78,28.2,13.43,0.69,0.0
20230914:1430,2447.36,768.75,38.6,15.14,1.24,0.0
20230914:1530,2844.72,914.23,47.34,16.41,1.38,0.0
20230914:1630,3170.0,1040.97,53.06,17.39,1.45,0.0
20230914:1730,3211.96,1061.29,54.22,18.29,1.52,0.0
20230914:1830,2978.44,973.43,50.42,18.87,1.59,0.0
20230914:1930,2607.4,833.87,42.86,18.78,1.72,0.0
20230914:2030,2033.24,638.68,33.09,18.67,1.79,0.0
20230914:2130,1210.12,388.52,22.16,18.27,1.86,0.0
20230914:2230,80.08,38.21,10.68,17.41,1.66,0.0
20230914:2330,0.0,0.0,-0.95,15.97,1.52,0.0
20230915:0030,0.0,0.0,0.0,14.38,1.52,0.0
20230915:0130,0.0,0.0,0.0,13.47,1.38,0.0
20230915:0230,0.0,0.0,0.0,12.74,1.38,0.0
20230915:0330,0.0,0.0,0.0,12.12,1.45,0.0
20230915:0430,0.0,0.0,0.0,11.47,1.52,0.0
20230915:0530,0.0,0.0,0.0,10.91,1.52,0.0
20230915:0630,0.0,0.0,0.0,10.18,1.38,0.0
20230915:0730,0.0,0.0,0.0,9.37,1.1,0.0
20230915:0830,0.0,0.0,0.0,8.73,0.9,0.0
20230915:0930,0.0,0.0,0.0,8.15,0.83,0.0
20230915:1030,0.0,0.0,0.0,7.56,0.9,0.0
20230915:1130,30.92,19.68,5.2,7.05,1.1,0.0
20230915:1230,868.56,283.93,16.79,7.92,0.9,0.0
20230915:1330,1782.08,545.74,28.01,11.49,1.03,0.0
20230915:1430,2506.8,777.74,38.37,13.24,1.52,0.0
20230915:1530,2962.36,951.46,47.05,14.83,1.24,0.0
20230915:1630,3172.28,1051.36,52.71,16.4,0.9,0.0
20230915:1730,3170.56,1069.13,53.83,17.8,0.62,0.0
20230915:1830,3004.28,1003.29,50.03,18.87,0.76,0.0
20230915:1930,2640.84,859.63,42.5,19.39,1.03,0.0
20230915:2030,2047.04,651.47,32.75,19.56,1.17,0.0
20230915:2130,1233.92,399.66,21.83,19.26,1.38,0.0
20230915:2230,75.24,36.68,10.36,18.28,1.31,0.0
20230915:2330,0.0,0.0,-1.27,16.77,1.45,0.0
20230916:0030,0.0,0.0,0.0,15.32,1.31,0.0
20230916:0130,0.0,0.0,0.0,13.78,0.9,0.0
20230916:0230,0.0,0.0,0.0,13.96,0.28,0.0
20230916:0330,0.0,0.0,0.0,13.31,0.28,0.0
20230916:0430,0.0,0.0,0.0,12.36,0.41,0.0
20230916:0530,0.0,0.0,0.0,11.6,0.48,0.0
20230916:0630,0.0,0.0,0.0,10.91,0.41,0.0
20230916:0730,0.0,0.0,0.0,9.39,0.55,0.0
20230916:0830,0.0,0.0,0.0,8.6,0.55,0.0
20230916:0930,0.0,0.0,0.0,7.74,0.62,0.0
20230916:1030,0.0,0.0,0.0,7.08,0.69,0.0
20230916:1130,29.36,19.06,5.03,6.7,0.69,0.0
20230916:1230,881.08,288.43,16.61,7.8,0.41,0.0
20230916:1330,1771.88,551.58,27.81,12.78,0.28,0.0
20230916:1430,2445.64,782.14,38.14,15.96,0.55,0.0
20230916:1530,2918.08,954.91,46.76,17.63,1.03,0.0
20230916:1630,3164.84,1054.59,52.36,18.99,1.24,0.0
20230916:1730,3210.08,1070.04,53.44,20.05,1.59,0.0
20230916:1830,3051.12,1004.72,49.64,20.65,1.86,0.0
20230916:1930,2642.68,856.98,42.13,20.64,1.59,0.0
20230916:2030,2031.8,647.37,32.41,20.58,1.45,0.0
20230916:2130,1216.32,396.1,21.51,20.14,1.31,0.0
20230916:2230,73.04,36.03,10.05,19.09,1.1,0.0
20230916:2330,0.0,0.0,-1.59,17.5,1.17,0.0
20230917:0030,0.0,0.0,0.0,15.73,0.76,0.0
20230917:0130,0.0,0.0,0.0,14.77,0.41,0.0
20230917:0230,0.0,0.0,0.0,13.54,0.41,0.0
20230917:0330,0.0,0.0,0.0,12.2,0.69,0.0
20230917:0430,0.0,0.0,0.0,11.14,0.83,0.0
20230917:0530,0.0,0.0,0.0,10.55,0.83,0.0
20230917:0630,0.0,0.0,0.0,10.25,0.83,0.0
20230917:0730,0.0,0.0,0.0,11.15,0.62,0.0
20230917:0830,0.0,0.0,0.0,11.02,0.76,0.0
20230917:0930,0.0,0.0,0.0,11.69,0.97,0.0
20230917:1030,0.0,0.0,0.0,11.45,1.03,0.0
20230917:1130,2.88,7.48,4.86,11.26,1.17,0.0
20230917:1230,194.88,74.08,16.43,11.57,1.17,0.0
20230917:1330,225.12,82.76,27.62,12.61,1.17,0.0
20230917:1430,431.48,143.36,37.9,13.22,1.24,0.0
20230917:1530,135.76,55.81,46.47,13.91,0.97,0.0
20230917:1630,227.04,84.02,52.0,14.13,0.55,0.0
20230917:1730,429.6,144.22,53.05,14.9,0.76,0.0
20230917:1830,384.4,131.24,49.25,15.72,0.76,0.0
20230917:1930,221.08,82.14,41.76,15.06,0.62,0.0
20230917:2030,136.04,56.04,32.07,14.93,0.48,0.0
20230917:2130,139.16,57.38,21.19,14.89,0.62,0.0
20230917:2230,18.16,15.0,9.73,14.65,0.83,0.0
20230917:2330,0.0,0.0,-1.9,14.27,0.9,0.0
20230918:0030,0.0,0.0,0.0,13.89,0.76,0.0
20230918:0130,0.0,0.0,0.0,13.58,0.9,0.0
20230918:0230,0.0,0.0,0.0,13.3,1.17,0.0
20230918:0330,0.0,0.0,0.0,13.04,1.24,0.0
20230918:0430,0.0,0.0,0.0,12.84,1.03,0.0
20230918:0530,0.0,0.0,0.0,12.69,1.03,0.0
20230918:0630,0.0,0.0,0.0,11.95,1.24,0.0
20230918:0730,0.0,0.0,0.0,11.95,1.03,0.0
20230918:0830,0.0,0.0,0.0,11.99,1.1,0.0
20230918:0930,0.0,0.0,0.0,11.85,1.1,0.0
20230918:1030,0.0,0.0,0.0,11.83,1.24,0.0
20230918:1130,19.36,15.35,4.69,11.73,0.97,0.0
20230918:1230,222.04,81.95,16.26,11.89,1.17,0.0
20230918:1330,1012.04,310.35,27.42,12.12,1.45,0.0
20230918:1430,1545.68,466.6,37.67,12.57,1.93,0.0
20230918:1530,2144.16,647.75,46.18,13.33,2.69,0.0
20230918:1630,2617.36,804.51,51.65,14.49,3.03,0.0
20230918:1730,2336.48,714.05,52.65,15.43,3.17,0.0
20230918:1830,2102.28,641.78,48.85,15.8,3.1,0.0
20230918:1930,1513.92,459.59,41.39,16.0,2.62,0.0
20230918:2030,1660.4,504.99,31.72,14.98,2.48,0.0
20230918:2130,794.36,255.57,20.86,15.37,2.28,0.0
20230918:2230,66.48,33.14,9.41,14.56,2.07,0.0
20230918:2330,0.0,0.0,-2.22,13.54,1.93,0.0
20230919:0030,0.0,0.0,0.0,12.74,1.66,0.0
20230919:0130,0.0,0.0,0.0,12.09,1.52,0.0
20230919:0230,0.0,0.0,0.0,11.9,1.31,0.0
20230919:0330,0.0,0.0,0.0,11.84,1.17,0.0
20230919:0430,0.0,0.0,0.0,11.36,1.24,0.0
20230919:0530,0.0,0.0,0.0,11.01,1.31,0.0
20230919:0630,0.0,0.0,0.0,10.71,1.24,0.0
20230919:0730,0.0,0.0,0.0,10.39,1.17,0.0
20230919:0830,0.0,0.0,0.0,10.02,1.1,0.0
20230919:0930,0.0,0.0,0.0,9.77,1.03,0.0
20230919:1030,0.0,0.0,0.0,9.62,0.97,0.0
20230919:1130,26.8,18.28,4.52,9.96,0.9,0.0
20230919:1230,571.56,192.07,16.08,10.87,0.97,0.0
20230919:1330,1351.96,411.77,27.21,11.81,1.38,0.0
20230919:1430,1952.36,591.66,37.43,13.16,2.0,0.0
20230919:1530,2571.36,794.36,45.88,14.11,2.28,0.0
20230919:1630,2308.48,711.46,51.29,15.22,2.28,0.0
20230919:1730,2392.04,742.72,52.26,15.65,2.14,0.0
20230919:1830,1666.64,514.71,48.46,16.14,1.93,0.0
20230919:1930,1461.72,449.67,41.02,16.26,1.86,0.0
20230919:2030,1192.88,368.57,31.38,16.24,1.86,0.0
20230919:2130,725.48,235.35,20.53,16.01,1.93,0.0
20230919:2230,69.44,34.28,9.09,15.39,1.59,0.0
20230919:2330,0.0,0.0,-2.54,14.28,1.24,0.0
20230920:0030,0.0,0.0,0.0,13.33,0.9,0.0
20230920:0130,0.0,0.0,0.0,12.33,0.83,0.0
20230920:0230,0.0,0.0,0.0,11.33,0.83,0.0
20230920:0330,0.0,0.0,0.0,10.38,0.76,0.0
20230920:0430,0.0,0.0,0.0,9.56,0.76,0.0
20230920:0530,0.0,0.0,0.0,8.71,0.83,0.0
20230920:0630,0.0,0.0,0.0,8.09,0.83,0.0
20230920:0730,0.0,0.0,0.0,8.28,0.9,0.0
20230920:0830,0.0,0.0,0.0,7.92,0.9,0.0
20230920:0930,0.0,0.0,0.0,7.77,0.76,0.0
20230920:1030,0.0,0.0,0.0,7.55,0.69,0.0
20230920:1130,24.64,17.27,4.35,7.48,0.62,0.0
20230920:1230,797.96,261.94,15.89,8.43,0.41,0.0
20230920:1330,1668.8,518.54,27.01,12.94,0.21,0.0
20230920:1430,2326.96,741.79,37.18,15.72,0.34,0.0
20230920:1530,2791.88,910.53,45.59,17.14,0.76,0.0
20230920:1630,2651.04,859.68,50.93,18.21,1.1,0.0
20230920:1730,2973.24,981.81,51.86,18.85,1.1,0.0
20230920:1830,1782.2,563.26,48.07,19.57,0.97,0.0
20230920:1930,1490.92,471.45,40.66,19.79,0.9,0.0
20230920:2030,1332.84,420.57,31.04,19.74,0.9,0.0
20230920:2130,482.8,165.39,20.21,19.38,1.1,0.0
20230920:2230,64.12,32.79,8.77,18.24,1.17,0.0
20230920:2330,0.0,0.0,-2.85,17.14,1.31,0.0
20230921:0030,0.0,0.0,0.0,15.98,1.1,0.0
20230921:0130,0.0,0.0,0.0,14.63,0.69,0.0
20230921:0230,0.0,0.0,0.0,14.44,0.62,0.0
20230921:0330,0.0,0.0,0.0,13.09,0.76,0.0
20230921:0430,0.0,0.0,0.0,11.88,0.9,0.0
20230921:0530,0.0,0.0,0.0,11.24,0.9,0.0
20230921:0630,0.0,0.0,0.0,10.94,0.9,0.0
20230921:0730,0.0,0.0,0.0,10.15,0.97,0.0
20230921:0830,0.0,0.0,0.0,9.96,0.97,0.0
20230921:0930,0.0,0.0,0.0,9.78,0.97,0.0
20230921:1030,0.0,0.0,0.0,9.77,0.83,0.0
20230921:1130,21.68,16.22,4.17,9.92,0.76,0.0
20230921:1230,805.96,266.22,15.71,10.21,0.69,0.0
20230921:1330,1570.56,486.73,26.81,13.71,0.55,0.0
20230921:1430,2087.36,656.28,36.94,16.33,0.83,0.0
20230921:1530,2727.56,884.93,45.29,17.95,1.03,0.0
20230921:1630,2986.36,990.61,50.58,19.5,1.1,0.0
20230921:1730,2778.48,911.12,51.47,20.51,1.31,0.0
20230921:1830,2706.4,887.47,47.67,20.89,1.31,0.0
20230921:1930,2272.8,731.52,40.28,21.13,1.38,0.0
20230921:2030,1599.44,507.18,30.69,21.08,1.31,0.0
20230921:2130,971.52,318.92,19.88,20.53,1.17,0.0
20230921:2230,71.2,35.46,8.46,19.61,1.24,0.0
20230921:2330,0.0,0.0,-3.17,18.13,1.66,0.0
20230922:0030,0.0,0.0,0.0,16.55,1.59,0.0
20230922:0130,0.0,0.0,0.0,15.46,1.52,0.0
20230922:0230,0.0,0.0,0.0,14.44,1.52,0.0
20230922:0330,0.0,0.0,0.0,13.64,1.45,0.0
20230922:0430,0.0,0.0,0.0,13.11,1.45,0.0
20230922:0530,0.0,0.0,0.0,12.8,1.52,0.0
20230922:0630,0.0,0.0,0.0,12.28,1.45,0.0
20230922:0730,0.0,0.0,0.0,11.6,1.52,0.0
20230922:0830,0.0,0.0,0.0,11.23,1.59,0.0
20230922:0930,0.0,0.0,0.0,10.66,1.59,0.0
20230922:1030,0.0,0.0,0.0,10.02,1.45,0.0
20230922:1130,29.16,19.15,4.0,9.31,1.38,0.0
20230922:1230,787.0,257.74,15.53,9.42,1.17,0.0
20230922:1330,1613.92,494.49,26.6,12.56,1.1,0.0
20230922:1430,2299.68,705.53,36.69,14.63,2.41,0.0
20230922:1530,2652.28,827.63,44.99,15.77,2.41,0.0
20230922:1630,3088.4,989.08,50.22,16.74,2.28,0.0
20230922:1730,3176.68,1027.42,51.07,17.89,2.34,0.0
20230922:1830,2639.04,837.36,47.28,18.53,2.55,0.0
20230922:1930,2468.8,771.33,39.91,18.09,2.9,0.0
20230922:2030,1525.52,471.94,30.34,18.1,2.76,0.0
20230922:2130,845.68,272.58,19.55,17.46,2.62,0.0
20230922:2230,104.4,46.17,8.14,16.42,2.21,0.0
20230922:2330,0.0,0.0,-3.49,15.05,2.21,0.0
20230923:0030,0.0,0.0,0.0,13.93,2.28,0.0
20230923:0130,0.0,0.0,0.0,13.48,2.41,0.0
20230923:0230,0.0,0.0,0.0,12.92,2.41,0.0
20230923:0330,0.0,0.0,0.0,12.51,2.48,0.0
20230923:0430,0.0,0.0,0.0,12.15,2.55,0.0
20230923:0530,0.0,0.0,0.0,11.77,2.48,0.0
20230923:0630,0.0,0.0,0.0,11.29,2.69,0.0
20230923:0730,0.0,0.0,0.0,10.97,2.48,0.0
20230923:0830,0.0,0.0,0.0,10.55,2.62,0.0
20230923:0930,0.0,0.0,0.0,10.19,2.48,0.0
20230923:1030,0.0,0.0,0.0,9.66,2.21,0.0
20230923:1130,0.76,6.12,3.82,8.84,2.21,0.0
20230923:1230,30.04,19.46,15.34,8.89,2.28,0.0
20230923:1330,93.32,41.3,26.39,8.99,2.34,0.0
20230923:1430,114.64,48.05,36.45,9.12,2.28,0.0
20230923:1530,91.84,40.89,44.68,9.32,2.21,0.0
20230923:1630,142.6,56.92,49.86,9.53,2.21,0.0
20230923:1730,172.92,66.29,50.67,9.97,2.41,0.0
20230923:1830,125.24,51.7,46.88,10.46,2.55,0.0
20230923:1930,85.52,39.08,39.54,11.09,2.83,0.0
20230923:2030,61.0,30.83,30.0,11.08,2.69,0.0
20230923:2130,12.32,12.24,19.22,11.08,2.62,0.0
20230923:2230,0.0,4.63,7.82,11.02,2.69,0.0
20230923:2330,0.0,0.0,-3.81,10.94,2.62,0.0
20230924:0030,0.0,0.0,0.0,10.85,2.48,0.0
20230924:0130,0.0,0.0,0.0,10.82,2.34,0.0
20230924:0230,0.0,0.0,0.0,10.79,2.28,0.0
20230924:0330,0.0,0.0,0.0,10.75,2.28,0.0
20230924:0430,0.0,0.0,0.0,10.7,2.14,0.0
20230924:0530,0.0,0.0,0.0,10.66,2.0,0.0
20230924:0630,0.0,0.0,0.0,10.7,1.79,0.0
20230924:0730,0.0,0.0,0.0,10.84,1.72,0.0
20230924:0830,0.0,0.0,0.0,10.87,1.59,0.0
20230924:0930,0.0,0.0,0.0,10.88,1.38,0.0
20230924:1030,0.0,0.0,0.0,10.91,1.31,0.0
20230924:1130,0.0,2.14,3.65,10.96,1.17,0.0
20230924:1230,8.28,10.34,15.16,11.14,1.1,0.0
20230924:1330,58.2,29.9,26.18,11.28,1.03,0.0
20230924:1430,141.72,57.17,36.2,11.63,0.83,0.0
20230924:1530,237.04,86.29,44.38,12.09,0.76,0.0
20230924:1630,301.36,105.42,49.49,12.64,1.03,0.0
20230924:1730,143.84,58.13,50.28,13.0,1.45,0.0
20230924:1830,280.76,99.03,46.49,12.81,1.66,0.0
20230924:1930,483.88,158.67,39.17,13.0,1.38,0.0
20230924:2030,307.8,107.74,29.65,13.43,1.59,0.0
20230924:2130,111.48,47.97,18.89,13.44,1.59,0.0
20230924:2230,5.04,8.74,7.5,13.21,1.38,0.0
20230924:2330,0.0,0.0,-4.12,12.88,1.17,0.0
20230925:0030,0.0,0.0,0.0,12.68,1.17,0.0
20230925:0130,0.0,0.0,0.0,12.56,1.1,0.0
20230925:0230,0.0,0.0,0.0,12.46,0.97,0.0
20230925:0330,0.0,0.0,0.0,12.41,1.03,0.0
20230925:0430,0.0,0.0,0.0,12.38,1.03,0.0
20230925:0530,0.0,0.0,0.0,12.36,0.83,0.0
20230925:0630,0.0,0.0,0.0,12.31,0.69,0.0
20230925:0730,0.0,0.0,0.0,12.76,0.69,0.0
20230925:0830,0.0,0.0,0.0,12.79,0.76,0.0
20230925:0930,0.0,0.0,0.0,12.82,0.69,0.0
20230925:1030,0.0,0.0,0.0,12.82,0.62,0.0
20230925:1130,5.08,8.74,3.47,12.83,0.76,0.0
20230925:1230,125.6,53.0,14.97,12.85,1.17,0.0
20230925:1330,382.2,129.18,25.97,13.34,1.03,0.0
20230925:1430,320.32,111.46,35.95,14.02,0.9,0.0
20230925:1530,642.88,205.41,44.07,14.5,0.97,0.0
20230925:1630,520.64,171.43,49.13,15.41,1.03,0.0
20230925:1730,536.08,175.83,49.88,15.96,1.03,0.0
20230925:1830,472.84,156.83,46.1,16.27,1.17,0.0
20230925:1930,190.56,73.15,38.8,15.94,1.1,0.0
20230925:2030,120.92,51.32,29.31,15.67,1.17,0.0
20230925:2130,64.24,32.49,18.57,15.33,1.17,0.0
20230925:2230,0.0,5.47,7.18,14.95,0.9,0.0
20230925:2330,0.0,0.0,0.0,14.61,0.76,0.0
20230926:0030,0.0,0.0,0.0,14.41,0.69,0.0
20230926:0130,0.0,0.0,0.0,14.22,0.76,0.0
20230926:0230,0.0,0.0,0.0,14.05,0.76,0.0
20230926:0330,0.0,0.0,0.0,13.9,0.9,0.0
20230926:0430,0.0,0.0,0.0,13.64,1.03,0.0
20230926:0530,0.0,0.0,0.0,13.49,1.1,0.0
20230926:0630,0.0,0.0,0.0,13.23,1.31,0.0
20230926:0730,0.0,0.0,0.0,13.58,1.24,0.0
20230926:0830,0.0,0.0,0.0,13.25,1.31,0.0
20230926:0930,0.0,0.0,0.0,12.93,1.38,0.0
20230926:1030,0.0,0.0,0.0,12.58,1.45,0.0
20230926:1130,0.0,3.28,3.29,12.35,1.45,0.0
20230926:1230,8.88,10.66,14.78,12.13,1.52,0.0
20230926:1330,66.88,32.96,25.75,11.92,1.52,0.0
20230926:1430,101.36,44.41,35.69,11.93,1.66,0.0
20230926:1530,173.64,66.98,43.77,11.69,1.86,0.0
20230926:1630,517.28,167.24,48.77,11.62,2.0,0.0
20230926:1730,274.16,96.82,49.48,11.95,2.34,0.0
20230926:1830,614.16,193.61,45.7,12.25,2.34,0.0
20230926:1930,489.32,158.18,38.43,13.4,2.14,0.0
20230926:2030,270.6,95.99,28.96,13.35,2.0,0.0
20230926:2130,168.36,66.55,18.24,12.95,2.07,0.0
20230926:2230,1.88,6.91,6.87,12.58,2.14,0.0
20230926:2330,0.0,0.0,-4.75,12.06,2.21,0.0
20230927:0030,0.0,0.0,0.0,11.63,2.28,0.0
20230927:0130,0.0,0.0,0.0,11.53,2.28,0.0
20230927:0230,0.0,0.0,0.0,11.4,2.34,0.0
20230927:0330,0.0,0.0,0.0,11.18,2.34,0.0
20230927:0430,0.0,0.0,0.0,11.22,2.34,0.0
20230927:0530,0.0,0.0,0.0,11.17,2.21,0.0
20230927:0630,0.0,0.0,0.0,11.07,2.14,0.0
20230927:0730,0.0,0.0,0.0,11.31,2.07,0.0
20230927:0830,0.0,0.0,0.0,11.24,1.93,0.0
20230927:0930,0.0,0.0,0.0,11.27,2.0,0.0
20230927:1030,0.0,0.0,0.0,11.05,1.79,0.0
20230927:1130,0.96,6.3,3.11,10.94,1.79,0.0
20230927:1230,330.44,118.05,14.59,11.17,2.07,0.0
20230927:1330,605.48,191.39,25.54,11.95,2.48,0.0
20230927:1430,1004.2,303.32,35.44,12.55,2.41,0.0
20230927:1530,1091.16,330.32,43.46,13.36,2.41,0.0
20230927:1630,1359.64,412.59,48.4,14.11,2.28,0.0
20230927:1730,1548.12,470.38,49.09,14.88,2.28,0.0
20230927:1830,1687.48,515.56,45.31,15.57,2.14,0.0
20230927:1930,1239.44,381.21,38.06,16.46,2.21,0.0
20230927:2030,845.64,264.8,28.62,16.43,2.34,0.0
20230927:2130,451.76,153.42,17.91,16.06,2.28,0.0
20230927:2230,27.92,19.06,6.55,15.41,2.28,0.0
20230927:2330,0.0,0.0,-5.07,14.52,2.34,0.0
20230928:0030,0.0,0.0,0.0,13.82,2.34,0.0
20230928:0130,0.0,0.0,0.0,13.46,2.48,0.0
20230928:0230,0.0,0.0,0.0,13.1,2.55,0.0
20230928:0330,0.0,0.0,0.0,12.85,2.62,0.0
20230928:0430,0.0,0.0,0.0,12.43,2.48,0.0
20230928:0530,0.0,0.0,0.0,11.93,2.21,0.0
20230928:0630,0.0,0.0,0.0,11.57,1.93,0.0
20230928:0730,0.0,0.0,0.0,11.69,1.86,0.0
20230928:0830,0.0,0.0,0.0,11.45,1.79,0.0
20230928:0930,0.0,0.0,0.0,11.21,1.72,0.0
20230928:1030,0.0,0.0,0.0,10.88,1.66,0.0
20230928:1130,16.0,13.86,2.93,10.5,1.59,0.0
20230928:1230,506.36,171.16,14.4,10.55,1.66,0.0
20230928:1330,1306.0,396.02,25.32,11.86,1.86,0.0
20230928:1430,2160.36,659.88,35.18,13.98,2.21,0.0
20230928:1530,2657.12,832.96,43.15,15.74,2.07,0.0
20230928:1630,2797.56,891.76,48.04,17.42,2.14,0.0
20230928:1730,2612.12,833.92,48.69,18.72,2.07,0.0
20230928:1830,2599.08,828.71,44.91,19.52,2.07,0.0
20230928:1930,1831.6,574.62,37.69,20.21,1.66,0.0
20230928:2030,916.96,291.08,28.27,19.84,1.59,0.0
20230928:2130,478.96,164.08,17.59,18.67,1.31,0.0
20230928:2230,27.8,19.15,6.24,17.36,1.31,0.0
20230928:2330,0.0,0.0,0.0,16.27,1.45,0.0
20230929:0030,0.0,0.0,0.0,15.39,1.59,0.0
20230929:0130,0.0,0.0,0.0,14.57,1.66,0.0
20230929:0230,0.0,0.0,0.0,13.98,1.66,0.0
20230929:0330,0.0,0.0,0.0,13.47,1.59,0.0
20230929:0430,0.0,0.0,0.0,12.95,1.52,0.0
20230929:0530,0.0,0.0,0.0,12.36,1.45,0.0
20230929:0630,0.0,0.0,0.0,11.86,1.45,0.0
20230929:0730,0.0,0.0,0.0,11.8,1.17,0.0
20230929:0830,0.0,0.0,0.0,11.63,0.97,0.0
20230929:0930,0.0,0.0,0.0,11.52,0.97,0.0
20230929:1030,0.0,0.0,0.0,11.33,0.9,0.0
20230929:1130,8.76,10.58,2.75,11.31,0.83,0.0
20230929:1230,383.96,134.92,14.2,11.6,0.55,0.0
20230929:1330,823.12,258.81,25.1,13.74,0.48,0.0
20230929:1430,1009.12,313.96,34.92,15.52,0.34,0.0
20230929:1530,1921.84,607.59,42.84,16.75,0.28,0.0
20230929:1630,2125.04,682.3,47.67,18.41,0.28,0.0
20230929:1730,2066.12,661.25,48.29,19.3,0.48,0.0
20230929:1830,1865.36,593.81,44.52,19.75,0.48,0.0
20230929:1930,1763.24,556.63,37.32,19.52,0.69,0.0
20230929:2030,1329.96,420.05,27.93,19.45,0.55,0.0
20230929:2130,590.6,200.25,17.26,19.02,0.48,0.0
20230929:2230,25.64,18.32,5.92,18.1,0.62,0.0
20230929:2330,0.0,0.0,0.0,17.2,0.9,0.0
20230930:0030,0.0,0.0,0.0,16.45,0.55,0.0
20230930:0130,0.0,0.0,0.0,15.99,0.14,0.0
20230930:0230,0.0,0.0,0.0,15.41,0.07,0.0
20230930:0330,0.0,0.0,0.0,14.57,0.41,0.0
20230930:0430,0.0,0.0,0.0,13.7,0.69,0.0
20230930:0530,0.0,0.0,0.0,12.82,0.9,0.0
20230930:0630,0.0,0.0,0.0,12.08,0.83,0.0
20230930:0730,0.0,0.0,0.0,12.08,0.34,0.0
20230930:0830,0.0,0.0,0.0,12.14,0.28,0.0
20230930:0930,0.0,0.0,0.0,11.76,0.21,0.0
20230930:1030,0.0,0.0,0.0,11.48,0.07,0.0
20230930:1130,18.56,15.0,2.57,11.12,0.07,0.0
20230930:1230,485.36,164.04,14.01,11.42,0.14,0.0
20230930:1330,1179.0,365.53,24.88,13.47,0.28,0.0
20230930:1430,2083.44,647.95,34.66,15.83,1.24,0.0
20230930:1530,2310.04,726.08,42.52,17.64,1.79,0.0
20230930:1630,2463.64,784.97,47.3,19.0,1.72,0.0
20230930:1730,1990.72,632.0,47.9,19.97,1.38,0.0
20230930:1830,867.16,278.23,44.13,20.39,1.45,0.0
20230930:1930,861.8,275.8,36.95,19.66,1.45,0.0
20230930:2030,963.96,304.95,27.58,19.33,1.52,0.0
20230930:2130,632.32,211.95,16.94,19.08,1.79,0.0
20230930:2230,28.92,19.68,5.61,18.3,1.17,0.0
20230930:2330,0.0,0.0,0.0,17.39,1.17,0.0
20231001:0030,0.0,0.0,0.0,16.25,1.24,0.0
20231001:0130,0.0,0.0,0.0,15.32,1.1,0.0
20231001:0230,0.0,0.0,0.0,14.54,0.97,0.0
20231001:0330,0.0,0.0,0.0,13.75,0.83,0.0
20231001:0430,0.0,0.0,0.0,13.8,0.55,0.0
20231001:0530,0.0,0.0,0.0,13.95,0.28,0.0
20231001:0630,0.0,0.0,0.0,13.41,0.07,0.0
20231001:0730,0.0,0.0,0.0,13.42,0.21,0.0
20231001:0830,0.0,0.0,0.0,12.94,0.07,0.0
20231001:0930,0.0,0.0,0.0,12.69,0.0,0.0
20231001:1030,0.0,0.0,0.0,12.74,0.07,0.0
20231001:1130,10.72,11.59,2.39,12.92,0.14,0.0
20231001:1230,739.72,248.09,13.81,13.21,0.07,0.0
20231001:1330,1604.52,501.5,24.66,15.02,0.34,0.0
20231001:1430,2267.72,711.57,34.4,17.74,1.72,0.0
20231001:1530,2663.2,847.95,42.21,18.87,2.14,0.0
20231001:1630,3029.72,989.94,46.94,19.8,1.93,0.0
20231001:1730,3035.28,1000.93,47.5,20.73,1.79,0.0
20231001:1830,2845.96,934.46,43.74,21.38,1.66,0.0
20231001:1930,2431.4,786.55,36.59,21.79,1.52,0.0
20231001:2030,1813.92,578.53,27.24,21.78,1.45,0.0
20231001:2130,978.4,325.04,16.62,21.35,1.31,0.0
20231001:2230,27.96,19.41,5.3,20.24,1.1,0.0
20231001:2330,0.0,0.0,0.0,18.91,1.31,0.0
20231002:0030,0.0,0.0,0.0,17.45,1.17,0.0
20231002:0130,0.0,0.0,0.0,16.2,0.83,0.0
20231002:0230,0.0,0.0,0.0,15.96,0.62,0.0
20231002:0330,0.0,0.0,0.0,15.43,0.55,0.0
20231002:0430,0.0,0.0,0.0,15.03,0.41,0.0
20231002:0530,0.0,0.0,0.0,14.47,0.28,0.0
20231002:0630,0.0,0.0,0.0,13.78,0.21,0.0
20231002:0730,0.0,0.0,0.0,12.73,0.07,0.0
20231002:0830,0.0,0.0,0.0,12.71,0.14,0.0
20231002:0930,0.0,0.0,0.0,13.02,0.28,0.0
20231002:1030,0.0,0.0,0.0,13.12,0.48,0.0
20231002:1130,9.28,10.89,2.21,12.65,0.55,0.0
20231002:1230,762.96,254.56,13.62,12.65,0.41,0.0
20231002:1330,1626.48,508.03,24.44,14.66,0.28,0.0
20231002:1430,2272.4,730.67,34.14,18.15,0.41,0.0
20231002:1530,2708.44,894.95,41.89,20.07,0.69,0.0
20231002:1630,2920.12,980.72,46.57,21.45,0.9,0.0
20231002:1730,2937.24,988.0,47.11,22.44,1.1,0.0
20231002:1830,2495.36,818.96,43.35,22.96,1.24,0.0
20231002:1930,1873.32,600.05,36.22,22.98,1.24,0.0
20231002:2030,1229.04,392.29,26.9,22.53,1.1,0.0
20231002:2130,748.0,253.37,16.29,21.92,0.69,0.0
20231002:2230,19.96,16.09,4.99,20.68,0.34,0.0
20231002:2330,0.0,0.0,0.0,19.77,0.69,0.0
20231003:0030,0.0,0.0,0.0,18.29,0.76,0.0
20231003:0130,0.0,0.0,0.0,17.06,0.76,0.0
20231003:0230,0.0,0.0,0.0,16.95,0.55,0.0
20231003:0330,0.0,0.0,0.0,16.18,0.62,0.0
20231003:0430,0.0,0.0,0.0,14.88,0.76,0.0
20231003:0530,0.0,0.0,0.0,14.0,0.83,0.0
20231003:0630,0.0,0.0,0.0,13.38,0.76,0.0
20231003:0730,0.0,0.0,0.0,13.02,0.69,0.0
20231003:0830,0.0,0.0,0.0,12.75,0.55,0.0
20231003:0930,0.0,0.0,0.0,12.85,0.41,0.0
20231003:1030,0.0,0.0,0.0,12.55,0.48,0.0
20231003:1130,8.32,10.41,2.02,12.51,0.48,0.0
20231003:1230,747.88,249.9,13.42,13.04,0.48,0.0
20231003:1330,1500.32,470.22,24.21,15.89,0.28,0.0
20231003:1430,2246.0,722.03,33.87,18.79,0.55,0.0
20231003:1530,2750.12,905.0,41.58,20.39,1.03,0.0
20231003:1630,2948.08,986.44,46.21,21.38,1.1,0.0
20231003:1730,2785.24,926.45,46.71,22.17,1.17,0.0
20231003:1830,2470.76,809.41,42.96,22.61,1.24,0.0
20231003:1930,2207.52,711.13,35.86,22.71,1.59,0.0
20231003:2030,1569.0,501.33,26.56,22.65,1.38,0.0
20231003:2130,813.44,273.8,15.97,22.04,1.03,0.0
20231003:2230,24.24,17.93,4.68,20.94,1.17,0.0
20231003:2330,0.0,0.0,0.0,19.51,1.52,0.0
20231004:0030,0.0,0.0,0.0,18.09,1.52,0.0
20231004:0130,0.0,0.0,0.0,16.84,1.45,0.0
20231004:0230,0.0,0.0,0.0,15.61,1.24,0.0
20231004:0330,0.0,0.0,0.0,14.8,1.17,0.0
20231004:0430,0.0,0.0,0.0,14.29,1.24,0.0
20231004:0530,0.0,0.0,0.0,13.71,1.24,0.0
20231004:0630,0.0,0.0,0.0,13.08,1.24,0.0
20231004:0730,0.0,0.0,0.0,12.02,1.1,0.0
20231004:0830,0.0,0.0,0.0,11.45,1.1,0.0
20231004:0930,0.0,0.0,0.0,11.01,1.03,0.0
20231004:1030,0.0,0.0,0.0,10.75,0.97,0.0
20231004:1130,8.0,10.19,1.84,10.39,0.9,0.0
20231004:1230,813.48,267.23,13.22,10.57,0.83,0.0
20231004:1330,1698.6,529.91,23.98,14.44,0.41,0.0
20231004:1430,2364.52,758.68,33.6,18.46,0.83,0.0
20231004:1530,2823.48,926.41,41.26,20.22,1.31,0.0
20231004:1630,3040.6,1018.11,45.84,21.47,1.31,0.0
20231004:1730,3031.52,1024.48,46.32,22.49,1.17,0.0
20231004:1830,2809.68,940.56,42.57,23.24,1.17,0.0
20231004:1930,2341.0,765.31,35.49,23.75,1.31,0.0
20231004:2030,1782.64,573.59,26.22,23.72,1.52,0.0
20231004:2130,948.08,318.27,15.65,23.21,1.59,0.0
20231004:2230,23.84,17.8,4.37,21.63,1.45,0.0
20231004:2330,0.0,0.0,0.0,19.99,1.66,0.0
20231005:0030,0.0,0.0,0.0,18.13,1.79,0.0
20231005:0130,0.0,0.0,0.0,16.91,1.86,0.0
20231005:0230,0.0,0.0,0.0,16.17,1.86,0.0
20231005:0330,0.0,0.0,0.0,15.54,1.79,0.0
20231005:0430,0.0,0.0,0.0,14.87,1.66,0.0
20231005:0530,0.0,0.0,0.0,14.13,1.52,0.0
20231005:0630,0.0,0.0,0.0,13.38,1.31,0.0
20231005:0730,0.0,0.0,0.0,12.38,1.38,0.0
20231005:0830,0.0,0.0,0.0,11.78,1.45,0.0
20231005:0930,0.0,0.0,0.0,11.15,1.38,0.0
20231005:1030,0.0,0.0,0.0,10.49,1.24,0.0
20231005:1130,7.0,9.66,1.65,9.82,1.1,0.0
20231005:1230,821.6,268.46,13.02,9.77,1.03,0.0
20231005:1330,1723.32,533.16,23.76,13.77,0.83,0.0
20231005:1430,2406.12,763.54,33.34,17.29,1.17,0.0
20231005:1530,2856.44,930.37,40.94,19.44,1.52,0.0
20231005:1630,3094.56,1019.87,45.47,20.94,2.0,0.0
20231005:1730,3091.48,1023.29,45.93,21.95,2.07,0.0
20231005:1830,2828.96,926.71,42.19,22.51,2.07,0.0
20231005:1930,2328.04,742.51,35.13,22.29,2.41,0.0
20231005:2030,1703.6,537.91,25.89,22.04,2.41,0.0
20231005:2130,829.52,277.16,15.34,21.42,2.21,0.0
20231005:2230,35.52,22.39,4.07,19.82,1.93,0.0
20231005:2330,0.0,0.0,0.0,18.11,1.93,0.0
20231006:0030,0.0,0.0,0.0,16.88,2.0,0.0
20231006:0130,0.0,0.0,0.0,15.92,2.07,0.0
20231006:0230,0.0,0.0,0.0,15.24,2.0,0.0
20231006:0330,0.0,0.0,0.0,14.73,1.86,0.0
20231006:0430,0.0,0.0,0.0,14.52,1.86,0.0
20231006:0530,0.0,0.0,0.0,14.44,1.79,0.0
20231006:0630,0.0,0.0,0.0,14.48,1.86,0.0
20231006:0730,0.0,0.0,0.0,14.4,1.72,0.0
20231006:0830,0.0,0.0,0.0,14.41,1.72,0.0
20231006:0930,0.0,0.0,0.0,14.4,1.66,0.0
20231006:1030,0.0,0.0,0.0,14.36,1.52,0.0
20231006:1130,1.28,6.56,1.46,14.3,1.38,0.0
20231006:1230,146.2,59.7,12.81,14.25,1.24,0.0
20231006:1330,262.76,94.93,23.53,14.86,0.83,0.0
20231006:1430,446.56,149.33,33.07,15.57,0.69,0.0
20231006:1530,301.08,107.31,40.62,16.41,0.83,0.0
20231006:1630,497.92,165.88,45.11,16.59,0.83,0.0
20231006:1730,1053.72,329.58,45.54,17.32,0.97,0.0
20231006:1830,752.56,240.33,41.8,18.5,1.24,0.0
20231006:1930,482.2,161.16,34.77,18.39,1.72,0.0
20231006:2030,662.76,213.45,25.55,18.14,1.38,0.0
20231006:2130,113.12,49.87,15.02,17.91,1.24,0.0
20231006:2230,0.0,5.29,3.76,16.86,0.83,0.0
20231006:2330,0.0,0.0,0.0,16.11,0.83,0.0
20231007:0030,0.0,0.0,0.0,15.45,0.83,0.0
20231007:0130,0.0,0.0,0.0,14.74,0.83,0.0
20231007:0230,0.0,0.0,0.0,14.43,0.97,0.0
20231007:0330,0.0,0.0,0.0,14.23,1.17,0.0
20231007:0430,0.0,0.0,0.0,13.98,1.45,0.0
20231007:0530,0.0,0.0,0.0,13.47,2.07,0.0
20231007:0630,0.0,0.0,0.0,12.83,2.21,0.0
20231007:0730,0.0,0.0,0.0,12.41,2.97,0.0
20231007:0830,0.0,0.0,0.0,11.84,2.83,0.0
20231007:0930,0.0,0.0,0.0,10.29,3.17,0.0
20231007:1030,0.0,0.0,0.0,8.93,2.69,0.0
20231007:1130,6.08,9.14,1.27,7.8,2.41,0.0
20231007:1230,820.2,263.22,12.61,7.23,2.14,0.0
20231007:1330,1663.24,488.47,23.3,7.3,3.1,0.0
20231007:1430,2372.76,696.76,32.8,7.79,3.38,0.0
20231007:1530,3024.04,904.31,40.3,8.49,3.72,0.0
20231007:1630,3240.84,977.08,44.74,9.4,4.14,0.0
20231007:1730,3184.24,958.87,45.15,10.13,4.41,0.0
20231007:1830,2575.64,763.36,41.42,10.65,4.69,0.0
20231007:1930,1961.6,574.42,34.41,10.17,5.03,0.0
20231007:2030,1219.04,359.97,25.22,9.59,5.1,0.0
20231007:2130,516.2,167.9,14.71,8.85,4.69,0.0
20231007:2230,19.08,15.04,3.46,8.08,4.0,0.0
20231007:2330,0.0,0.0,0.0,7.28,3.17,0.0
20231008:0030,0.0,0.0,0.0,6.7,3.38,0.0
20231008:0130,0.0,0.0,0.0,6.43,3.45,0.0
20231008:0230,0.0,0.0,0.0,6.3,3.38,0.0
20231008:0330,0.0,0.0,0.0,6.11,3.31,0.0
20231008:0430,0.0,0.0,0.0,6.13,3.38,0.0
20231008:0530,0.0,0.0,0.0,5.94,3.38,0.0
20231008:0630,0.0,0.0,0.0,5.68,3.38,0.0
20231008:0730,0.0,0.0,0.0,4.71,3.31,0.0
20231008:0830,0.0,0.0,0.0,4.41,3.1,0.0
20231008:0930,0.0,0.0,0.0,4.17,3.1,0.0
20231008:1030,0.0,0.0,0.0,4.08,3.03,0.0
20231008:1130,4.24,8.09,1.08,3.86,2.97,0.0
20231008:1230,598.2,192.18,12.4,3.85,2.62,0.0
20231008:1330,1302.32,377.51,23.06,4.32,3.93,0.0
20231008:1430,1894.0,541.96,32.52,4.84,4.28,0.0
20231008:1530,2139.68,617.93,39.98,5.81,4.34,0.0
20231008:1630,2265.28,658.29,44.37,6.77,4.48,0.0
20231008:1730,2391.28,695.83,44.76,7.2,4.48,0.0
20231008:1830,1366.36,398.98,41.04,7.97,4.62,0.0
20231008:1930,643.0,197.91,34.05,7.46,4.76,0.0
20231008:2030,637.8,195.72,24.89,7.11,4.34,0.0
20231008:2130,526.36,169.62,14.4,6.68,4.21,0.0
20231008:2230,19.72,15.22,3.17,6.24,3.45,0.0
20231008:2330,0.0,0.0,0.0,5.58,2.97,0.0
20231009:0030,0.0,0.0,0.0,5.02,2.69,0.0
20231009:0130,0.0,0.0,0.0,4.72,2.48,0.0
20231009:0230,0.0,0.0,0.0,4.54,2.28,0.0
20231009:0330,0.0,0.0,0.0,4.39,2.07,0.0
20231009:0430,0.0,0.0,0.0,4.24,1.93,0.0
20231009:0530,0.0,0.0,0.0,3.88,1.86,0.0
20231009:0630,0.0,0.0,0.0,3.6,1.79,0.0
20231009:0730,0.0,0.0,0.0,3.87,1.93,0.0
20231009:0830,0.0,0.0,0.0,3.82,2.07,0.0
20231009:0930,0.0,0.0,0.0,3.79,2.21,0.0
20231009:1030,0.0,0.0,0.0,3.94,2.28,0.0
20231009:1130,2.08,6.86,0.89,3.99,2.14,0.0
20231009:1230,623.32,200.94,12.2,4.2,2.0,0.0
20231009:1330,1197.76,352.18,22.83,5.4,2.14,0.0
20231009:1430,671.76,206.05,32.25,6.67,2.97,0.0
20231009:1530,633.76,196.47,39.66,7.25,2.55,0.0
20231009:1630,781.32,238.12,44.01,8.01,2.07,0.0
20231009:1730,1147.0,342.76,44.37,9.09,2.55,0.0
20231009:1830,1930.92,569.7,40.66,9.81,2.76,0.0
20231009:1930,1598.68,476.82,33.7,10.95,1.86,0.0
20231009:2030,1274.08,382.66,24.56,10.85,2.07,0.0
20231009:2130,577.88,189.05,14.09,10.44,1.93,0.0
20231009:2230,11.96,12.02,2.87,9.33,0.83,0.0
20231009:2330,0.0,0.0,0.0,8.11,1.66,0.0
20231010:0030,0.0,0.0,0.0,7.07,1.66,0.0
20231010:0130,0.0,0.0,0.0,6.61,1.66,0.0
20231010:0230,0.0,0.0,0.0,6.28,1.52,0.0
20231010:0330,0.0,0.0,0.0,5.8,1.38,0.0
20231010:0430,0.0,0.0,0.0,5.17,1.38,0.0
20231010:0530,0.0,0.0,0.0,4.76,1.38,0.0
20231010:0630,0.0,0.0,0.0,4.77,1.52,0.0
20231010:0730,0.0,0.0,0.0,4.23,1.66,0.0
20231010:0830,0.0,0.0,0.0,4.61,1.45,0.0
20231010:0930,0.0,0.0,0.0,4.35,1.38,0.0
20231010:1030,0.0,0.0,0.0,4.02,1.45,0.0
20231010:1130,2.76,7.26,0.7,3.9,1.38,0.0
20231010:1230,473.24,156.82,11.99,3.71,1.24,0.0
20231010:1330,1416.64,420.65,22.59,6.06,0.83,0.0
20231010:1430,2341.56,702.12,31.98,8.38,1.66,0.0
20231010:1530,2556.48,770.88,39.34,10.38,2.41,0.0
20231010:1630,2335.44,695.67,43.64,11.55,3.93,0.0
20231010:1730,1939.92,578.43,43.99,12.21,4.07,0.0
20231010:1830,1931.32,575.12,40.28,12.45,3.86,0.0
20231010:1930,2080.68,621.54,33.34,12.76,3.79,0.0
20231010:2030,1158.96,350.11,24.23,13.03,3.66,0.0
20231010:2130,562.88,185.36,13.78,12.41,2.28,0.0
20231010:2230,9.64,11.02,2.58,11.58,1.79,0.0
20231010:2330,0.0,0.0,0.0,10.23,1.31,0.0
20231011:0030,0.0,0.0,0.0,9.17,1.45,0.0
20231011:0130,0.0,0.0,0.0,8.16,1.66,0.0
20231011:0230,0.0,0.0,0.0,7.18,1.66,0.0
20231011:0330,0.0,0.0,0.0,6.44,1.59,0.0
20231011:0430,0.0,0.0,0.0,5.85,1.45,0.0
20231011:0530,0.0,0.0,0.0,5.19,1.45,0.0
20231011:0630,0.0,0.0,0.0,4.7,1.45,0.0
20231011:0730,0.0,0.0,0.0,4.09,1.38,0.0
20231011:0830,0.0,0.0,0.0,3.45,1.38,0.0
20231011:0930,0.0,0.0,0.0,3.07,1.38,0.0
20231011:1030,0.0,0.0,0.0,2.77,1.38,0.0
20231011:1130,2.72,7.21,0.51,2.43,1.38,0.0
20231011:1230,847.04,266.74,11.78,2.36,1.24,0.0
20231011:1330,1774.64,529.84,22.36,6.2,0.76,0.0
20231011:1430,2486.6,760.68,31.7,9.76,1.17,0.0
20231011:1530,3012.36,938.26,39.02,11.53,1.93,0.0
20231011:1630,3255.0,1031.01,43.28,12.82,2.07,0.0
20231011:1730,3206.68,1019.12,43.6,13.91,2.14,0.0
20231011:1830,2727.68,852.46,39.91,14.6,2.21,0.0
20231011:1930,2132.2,651.72,32.99,14.63,2.55,0.0
20231011:2030,1248.92,382.46,23.91,14.38,2.28,0.0
20231011:2130,422.6,143.36,13.48,13.65,1.86,0.0
20231011:2230,21.48,16.26,2.29,12.24,1.24,0.0
20231011:2330,0.0,0.0,0.0,11.09,1.1,0.0
20231012:0030,0.0,0.0,0.0,9.74,0.83,0.0
20231012:0130,0.0,0.0,0.0,9.3,0.97,0.0
20231012:0230,0.0,0.0,0.0,8.36,1.03,0.0
20231012:0330,0.0,0.0,0.0,7.55,1.03,0.0
20231012:0430,0.0,0.0,0.0,6.81,1.03,0.0
20231012:0530,0.0,0.0,0.0,5.98,1.03,0.0
20231012:0630,0.0,0.0,0.0,5.32,0.97,0.0
20231012:0730,0.0,0.0,0.0,5.04,1.03,0.0
20231012:0830,0.0,0.0,0.0,5.34,1.1,0.0
20231012:0930,0.0,0.0,0.0,5.43,1.24,0.0
20231012:1030,0.0,0.0,0.0,5.08,1.1,0.0
20231012:1130,1.12,6.3,0.31,4.84,1.03,0.0
20231012:1230,690.08,223.21,11.57,5.3,1.1,0.0
20231012:1330,1680.64,508.12,22.12,8.7,0.55,0.0
20231012:1430,2222.64,691.49,31.42,13.11,0.55,0.0
20231012:1530,2682.6,864.22,38.7,15.35,0.55,0.0
20231012:1630,2966.36,974.19,42.92,16.88,0.83,0.0
20231012:1730,3043.0,1002.17,43.22,18.13,1.17,0.0
20231012:1830,2823.96,914.61,39.54,19.02,1.59,0.0
20231012:1930,2388.6,762.27,32.64,19.25,1.38,0.0
20231012:2030,1727.92,542.44,23.58,19.19,1.66,0.0
20231012:2130,851.28,282.55,13.18,18.43,1.59,0.0
20231012:2230,7.88,10.32,2.0,16.88,1.31,0.0
20231012:2330,0.0,0.0,0.0,15.35,1.03,0.0
20231013:0030,0.0,0.0,0.0,13.68,0.76,0.0
20231013:0130,0.0,0.0,0.0,13.26,0.28,0.0
20231013:0230,0.0,0.0,0.0,12.71,0.28,0.0
20231013:0330,0.0,0.0,0.0,11.76,0.41,0.0
20231013:0430,0.0,0.0,0.0,10.57,0.62,0.0
20231013:0530,0.0,0.0,0.0,9.91,0.62,0.0
20231013:0630,0.0,0.0,0.0,9.32,0.48,0.0
20231013:0730,0.0,0.0,0.0,8.66,0.34,0.0
20231013:0830,0.0,0.0,0.0,8.43,0.07,0.0
20231013:0930,0.0,0.0,0.0,8.29,0.34,0.0
20231013:1030,0.0,0.0,0.0,7.96,0.48,0.0
20231013:1130,1.2,6.38,0.12,7.61,0.62,0.0
20231013:1230,740.64,240.88,11.36,7.4,0.69,0.0
20231013:1330,1640.4,499.86,21.88,10.1,0.41,0.0
20231013:1430,2311.0,723.08,31.15,13.62,0.62,0.0
20231013:1530,2746.52,886.97,38.38,15.75,0.69,0.0
20231013:1630,2941.64,974.27,42.56,17.28,0.55,0.0
20231013:1730,2934.04,980.62,42.84,18.51,0.48,0.0
20231013:1830,2342.8,761.23,39.16,19.38,0.41,0.0
20231013:1930,2213.32,712.56,32.3,19.94,0.69,0.0
20231013:2030,1526.16,485.66,23.26,20.08,0.55,0.0
20231013:2130,802.68,269.25,12.88,19.43,1.03,0.0
20231013:2230,5.8,9.27,1.71,17.73,1.45,0.0
20231013:2330,0.0,0.0,0.0,15.59,1.72,0.0
20231014:0030,0.0,0.0,0.0,14.39,1.86,0.0
20231014:0130,0.0,0.0,0.0,13.79,2.0,0.0
20231014:0230,0.0,0.0,0.0,13.3,2.14,0.0
20231014:0330,0.0,0.0,0.0,13.01,2.21,0.0
20231014:0430,0.0,0.0,0.0,13.01,2.34,0.0
20231014:0530,0.0,0.0,0.0,12.72,2.55,0.0
20231014:0630,0.0,0.0,0.0,12.24,2.55,0.0
20231014:0730,0.0,0.0,0.0,12.38,2.48,0.0
20231014:0830,0.0,0.0,0.0,12.34,2.34,0.0
20231014:0930,0.0,0.0,0.0,12.42,2.14,0.0
20231014:1030,0.0,0.0,0.0,12.46,2.14,0.0
20231014:1130,0.0,0.0,-0.08,12.2,2.34,0.0
20231014:1230,318.72,114.41,11.15,12.1,2.48,0.0
20231014:1330,655.64,206.17,21.64,12.59,2.48,0.0
20231014:1430,784.36,240.98,30.87,13.2,2.55,0.0
20231014:1530,1383.72,416.18,38.05,13.66,2.34,0.0
20231014:1630,716.8,224.69,42.2,14.66,2.48,0.0
20231014:1730,293.28,103.82,42.46,14.84,2.0,0.0
20231014:1830,1686.4,509.05,38.8,14.17,2.14,0.0
20231014:1930,521.96,170.23,31.96,16.08,2.34,0.0
20231014:2030,782.32,244.43,22.95,14.95,2.21,0.0
20231014:2130,224.72,84.86,12.58,13.5,2.9,0.0
20231014:2230,0.16,5.77,1.43,12.54,3.1,0.0
20231014:2330,0.0,0.0,0.0,11.79,2.76,0.0
20231015:0030,0.0,0.0,0.0,11.22,3.1,0.0
20231015:0130,0.0,0.0,0.0,10.92,2.55,0.0
20231015:0230,0.0,0.0,0.0,10.66,2.9,0.0
20231015:0330,0.0,0.0,0.0,10.18,2.9,0.0
20231015:0430,0.0,0.0,0.0,9.12,2.41,0.0
20231015:0530,0.0,0.0,0.0,7.8,2.0,0.0
20231015:0630,0.0,0.0,0.0,6.86,2.62,0.0
20231015:0730,0.0,0.0,0.0,5.92,2.69,0.0
20231015:0830,0.0,0.0,0.0,4.98,2.69,0.0
20231015:0930,0.0,0.0,0.0,4.7,3.1,0.0
20231015:1030,0.0,0.0,0.0,4.78,2.9,0.0
20231015:1130,0.0,0.0,-0.27,4.84,3.03,0.0
20231015:1230,302.88,105.64,10.93,4.74,2.55,0.0
20231015:1330,908.88,269.27,21.4,5.14,3.24,0.0
20231015:1430,1017.4,299.17,30.59,5.94,3.52,0.0
20231015:1530,1766.24,510.96,37.73,6.58,3.66,0.0
20231015:1630,2132.32,620.35,41.84,7.69,3.86,0.0
20231015:1730,1883.88,551.25,42.09,8.4,3.86,0.0
20231015:1830,1253.16,369.16,38.43,9.0,3.79,0.0
20231015:1930,1658.72,483.69,31.62,8.76,3.86,0.0
20231015:2030,810.12,245.97,22.63,9.11,4.21,0.0
20231015:2130,382.96,129.64,12.29,8.64,3.66,0.0
20231015:2230,4.96,8.57,1.15,8.14,3.59,0.0
20231015:2330,0.0,0.0,0.0,7.16,2.62,0.0
20231016:0030,0.0,0.0,0.0,6.41,2.62,0.0
20231016:0130,0.0,0.0,0.0,5.88,2.76,0.0
20231016:0230,0.0,0.0,0.0,5.51,2.76,0.0
20231016:0330,0.0,0.0,0.0,5.41,2.62,0.0
20231016:0430,0.0,0.0,0.0,5.22,2.07,0.0
20231016:0530,0.0,0.0,0.0,4.94,1.93,0.0
20231016:0630,0.0,0.0,0.0,4.51,1.79,0.0
20231016:0730,0.0,0.0,0.0,4.36,1.66,0.0
20231016:0830,0.0,0.0,0.0,4.15,1.59,0.0
20231016:0930,0.0,0.0,0.0,4.13,1.79,0.0
20231016:1030,0.0,0.0,0.0,4.05,1.72,0.0
20231016:1130,0.0,0.0,-0.47,3.99,1.79,0.0
20231016:1230,166.04,64.45,10.72,3.98,1.79,0.0
20231016:1330,450.68,142.92,21.16,4.27,2.28,0.0
20231016:1430,771.84,230.69,30.31,4.66,2.21,0.0
20231016:1530,742.88,225.37,37.41,5.58,2.21,0.0
20231016:1630,893.2,266.84,41.48,6.46,2.41,0.0
20231016:1730,720.88,219.52,41.72,6.89,2.62,0.0
20231016:1830,549.08,171.86,38.07,7.11,2.9,0.0
20231016:1930,284.36,97.92,31.28,7.09,3.17,0.0
20231016:2030,122.76,50.22,22.32,6.93,3.24,0.0
20231016:2130,20.84,15.75,12.0,6.71,2.83,0.0
20231016:2230,0.0,1.66,0.88,6.48,2.21,0.0
20231016:2330,0.0,0.0,0.0,6.33,2.14,0.0
20231017:0030,0.0,0.0,0.0,6.31,1.93,0.0
20231017:0130,0.0,0.0,0.0,6.28,1.59,0.0
20231017:0230,0.0,0.0,0.0,6.32,1.59,0.0
20231017:0330,0.0,0.0,0.0,6.28,1.52,0.0
20231017:0430,0.0,0.0,0.0,6.24,1.45,0.0
20231017:0530,0.0,0.0,0.0,6.16,1.52,0.0
20231017:0630,0.0,0.0,0.0,6.23,1.52,0.0
20231017:0730,0.0,0.0,0.0,6.16,1.59,0.0
20231017:0830,0.0,0.0,0.0,6.28,1.52,0.0
20231017:0930,0.0,0.0,0.0,6.26,1.45,0.0
20231017:1030,0.0,0.0,0.0,6.32,1.45,0.0
20231017:1130,0.0,0.0,-0.67,6.35,1.59,0.0
20231017:1230,15.96,13.8,10.5,6.38,1.52,0.0
20231017:1330,131.28,52.8,20.91,6.45,1.66,0.0
20231017:1430,1085.12,319.41,30.03,6.69,2.28,0.0
20231017:1530,1708.68,498.95,37.09,7.32,2.21,0.0
20231017:1630,1179.28,348.29,41.12,8.37,2.83,0.0
20231017:1730,826.88,250.33,41.35,8.99,3.1,0.0
20231017:1830,918.28,276.78,37.71,9.04,2.97,0.0
20231017:1930,435.64,141.2,30.94,8.88,2.9,0.0
20231017:2030,559.08,175.88,22.01,8.48,2.28,0.0
20231017:2130,153.36,60.47,11.72,8.43,2.14,0.0
20231017:2230,0.0,4.81,0.61,8.01,1.79,0.0
20231017:2330,0.0,0.0,0.0,7.55,1.45,0.0
20231018:0030,0.0,0.0,0.0,7.13,1.38,0.0
20231018:0130,0.0,0.0,0.0,6.67,0.97,0.0
20231018:0230,0.0,0.0,0.0,6.41,0.83,0.0
20231018:0330,0.0,0.0,0.0,5.82,0.83,0.0
20231018:0430,0.0,0.0,0.0,5.5,0.83,0.0
20231018:0530,0.0,0.0,0.0,4.95,0.9,0.0
20231018:0630,0.0,0.0,0.0,4.66,0.76,0.0
20231018:0730,0.0,0.0,0.0,4.23,0.83,0.0
20231018:0830,0.0,0.0,0.0,3.71,0.76,0.0
20231018:0930,0.0,0.0,0.0,3.5,0.62,0.0
20231018:1030,0.0,0.0,0.0,3.33,0.62,0.0
20231018:1130,0.0,0.0,-0.87,3.16,0.69,0.0
20231018:1230,615.08,198.98,10.29,3.1,0.69,0.0
20231018:1330,1261.64,375.0,20.67,5.52,0.41,0.0
20231018:1430,2025.12,606.47,29.75,7.78,0.76,0.0
20231018:1530,1879.44,562.49,36.77,9.41,1.1,0.0
20231018:1630,1544.0,461.36,40.77,10.24,1.17,0.0
20231018:1730,2006.72,608.42,40.98,10.98,1.24,0.0
20231018:1830,1673.6,507.42,37.35,11.97,1.45,0.0
20231018:1930,1938.76,588.8,30.61,11.86,1.1,0.0
20231018:2030,1474.2,448.34,21.71,12.47,1.31,0.0
20231018:2130,744.32,243.31,11.43,12.37,1.17,0.0
20231018:2230,1.84,6.86,0.34,11.34,0.76,0.0
20231018:2330,0.0,0.0,0.0,9.75,0.55,0.0
20231019:0030,0.0,0.0,0.0,8.5,0.48,0.0
20231019:0130,0.0,0.0,0.0,8.34,0.28,0.0
20231019:0230,0.0,0.0,0.0,6.74,0.62,0.0
20231019:0330,0.0,0.0,0.0,4.92,1.03,0.0
20231019:0430,0.0,0.0,0.0,4.51,1.24,0.0
20231019:0530,0.0,0.0,0.0,4.68,1.52,0.0
20231019:0630,0.0,0.0,0.0,5.14,1.72,0.0
20231019:0730,0.0,0.0,0.0,4.8,2.07,0.0
20231019:0830,0.0,0.0,0.0,4.67,1.93,0.0
20231019:0930,0.0,0.0,0.0,4.65,1.93,0.0
20231019:1030,0.0,0.0,0.0,4.78,1.86,0.0
20231019:1130,0.0,0.0,-1.07,4.79,1.79,0.0
20231019:1230,742.28,237.88,10.07,4.94,1.72,0.0
20231019:1330,1672.8,497.79,20.43,7.0,1.24,0.0
20231019:1430,2348.52,718.68,29.47,11.5,1.38,0.0
20231019:1530,2785.08,872.23,36.45,13.88,1.79,0.0
20231019:1630,2574.4,802.37,40.41,15.33,2.28,0.0
20231019:1730,1513.88,462.3,40.61,16.26,3.03,0.0
20231019:1830,1492.48,455.91,37.0,16.22,2.83,0.0
20231019:1930,828.68,259.49,30.28,16.15,3.17,0.0
20231019:2030,922.6,287.25,21.41,15.64,2.48,0.0
20231019:2130,360.88,127.25,11.15,15.21,2.21,0.0
20231019:2230,1.36,6.6,0.08,13.68,1.93,0.0
20231019:2330,0.0,0.0,0.0,12.16,2.0,0.0
20231020:0030,0.0,0.0,0.0,11.58,2.14,0.0
20231020:0130,0.0,0.0,0.0,11.31,2.41,0.0
20231020:0230,0.0,0.0,0.0,11.11,2.55,0.0
20231020:0330,0.0,0.0,0.0,10.95,2.62,0.0
20231020:0430,0.0,0.0,0.0,10.85,2.55,0.0
20231020:0530,0.0,0.0,0.0,10.51,2.48,0.0
20231020:0630,0.0,0.0,0.0,10.49,2.48,0.0
20231020:0730,0.0,0.0,0.0,10.34,2.69,0.0
20231020:0830,0.0,0.0,0.0,9.87,2.76,0.0
20231020:0930,0.0,0.0,0.0,9.37,2.55,0.0
20231020:1030,0.0,0.0,0.0,9.01,2.48,0.0
20231020:1130,0.0,0.0,-1.27,8.61,2.48,0.0
20231020:1230,256.92,93.93,9.85,8.44,2.34,0.0
20231020:1330,486.04,155.23,20.18,8.42,2.21,0.0
20231020:1430,869.12,262.16,29.19,9.21,2.07,0.0
20231020:1530,169.12,65.18,36.13,10.08,2.21,0.0
20231020:1630,153.56,60.31,40.06,9.66,2.48,0.0
20231020:1730,184.96,69.76,40.25,9.36,2.14,0.0
20231020:1830,910.0,275.37,36.65,9.36,1.79,0.0
20231020:1930,1359.8,404.34,29.96,9.87,1.79,0.0
20231020:2030,1049.04,316.51,21.11,10.53,2.07,0.0
20231020:2130,467.32,156.99,10.88,10.4,1.86,0.0
20231020:2230,0.0,0.0,-0.18,9.79,2.07,0.0
20231020:2330,0.0,0.0,0.0,8.64,2.0,0.0
20231021:0030,0.0,0.0,0.0,7.93,2.28,0.0
20231021:0130,0.0,0.0,0.0,7.44,2.48,0.0
20231021:0230,0.0,0.0,0.0,7.21,2.41,0.0
20231021:0330,0.0,0.0,0.0,7.08,2.48,0.0
20231021:0430,0.0,0.0,0.0,7.34,3.38,0.0
20231021:0530,0.0,0.0,0.0,7.18,2.76,0.0
20231021:0630,0.0,0.0,0.0,7.37,2.97,0.0
20231021:0730,0.0,0.0,0.0,7.37,2.76,0.0
20231021:0830,0.0,0.0,0.0,7.3,3.24,0.0
20231021:0930,0.0,0.0,0.0,7.27,4.41,0.0
20231021:1030,0.0,0.0,0.0,6.94,3.24,0.0
20231021:1130,0.0,0.0,-1.47,6.82,3.17,0.0
20231021:1230,72.6,35.41,9.63,6.84,2.9,0.0
20231021:1330,87.28,38.97,19.94,6.79,3.03,0.0
20231021:1430,494.16,156.97,28.91,6.66,3.38,0.0
20231021:1530,1714.0,493.3,35.81,6.88,5.17,0.0
20231021:1630,2193.88,634.08,39.71,7.69,5.17,0.0
20231021:1730,1977.0,573.23,39.89,8.82,5.66,0.0
20231021:1830,1205.88,353.89,36.3,9.47,5.45,0.0
20231021:1930,2008.16,583.91,29.64,8.92,4.83,0.0
20231021:2030,1682.44,494.48,20.82,10.14,5.31,0.0
20231021:2130,713.6,230.08,10.61,10.11,4.41,0.0
20231021:2230,0.0,0.0,-0.44,8.77,3.79,0.0
20231021:2330,0.0,0.0,0.0,7.65,3.31,0.0
20231022:0030,0.0,0.0,0.0,7.35,2.83,0.0
20231022:0130,0.0,0.0,0.0,7.36,2.28,0.0
20231022:0230,0.0,0.0,0.0,7.08,1.52,0.0
20231022:0330,0.0,0.0,0.0,6.45,1.03,0.0
20231022:0430,0.0,0.0,0.0,5.94,0.9,0.0
20231022:0530,0.0,0.0,0.0,5.77,0.76,0.0
20231022:0630,0.0,0.0,0.0,5.36,0.69,0.0
20231022:0730,0.0,0.0,0.0,5.82,1.03,0.0
20231022:0830,0.0,0.0,0.0,5.64,1.38,0.0
20231022:0930,0.0,0.0,0.0,5.53,1.59,0.0
20231022:1030,0.0,0.0,0.0,5.97,1.93,0.0
20231022:1130,0.0,0.0,-1.67,5.73,1.79,0.0
20231022:1230,136.72,55.28,9.41,5.56,2.14,0.0
20231022:1330,485.4,152.77,19.69,5.43,3.52,0.0
20231022:1430,594.52,182.18,28.63,5.51,3.86,0.0
20231022:1530,1334.16,384.24,35.49,5.5,4.0,0.0
20231022:1630,1279.48,370.75,39.36,5.97,4.21,0.0
20231022:1730,1283.36,373.0,39.53,6.3,4.28,0.0
20231022:1830,2039.32,588.43,35.96,6.39,4.34,0.0
20231022:1930,2100.8,609.77,29.32,7.9,4.28,0.0
20231022:2030,1517.72,443.88,20.53,7.82,4.14,0.0
20231022:2130,707.52,226.12,10.34,7.44,4.0,0.0
20231022:2230,0.0,0.0,-0.69,6.73,3.59,0.0
20231022:2330,0.0,0.0,0.0,5.82,3.31,0.0
20231023:0030,0.0,0.0,0.0,5.26,3.17,0.0
20231023:0130,0.0,0.0,0.0,4.92,3.03,0.0
20231023:0230,0.0,0.0,0.0,4.47,2.83,0.0
20231023:0330,0.0,0.0,0.0,3.91,2.48,0.0
20231023:0430,0.0,0.0,0.0,3.36,2.14,0.0
20231023:0530,0.0,0.0,0.0,2.73,1.72,0.0
20231023:0630,0.0,0.0,0.0,2.23,1.52,0.0
20231023:0730,0.0,0.0,0.0,1.77,1.52,0.0
20231023:0830,0.0,0.0,0.0,1.25,1.31,0.0
20231023:0930,0.0,0.0,0.0,0.74,1.1,0.0
20231023:1030,0.0,0.0,0.0,0.09,0.97,0.0
20231023:1130,0.0,0.0,-1.88,-0.45,0.76,0.0
20231023:1230,797.04,249.9,9.19,-0.43,0.48,0.0
20231023:1330,1800.72,529.78,19.44,1.89,0.34,0.0
20231023:1430,2522.72,767.57,28.35,5.67,0.41,0.0
20231023:1530,2954.52,935.2,35.17,8.72,0.41,0.0
20231023:1630,3150.72,1023.47,39.02,11.27,0.48,0.0
20231023:1730,3121.32,1023.74,39.18,13.2,0.48,0.0
20231023:1830,2884.2,937.89,35.62,14.45,0.48,0.0
20231023:1930,2431.24,772.23,29.01,15.02,0.55,0.0
20231023:2030,1734.44,540.57,20.24,14.98,0.62,0.0
20231023:2130,800.76,265.42,10.08,14.06,0.28,0.0
20231023:2230,0.0,0.0,-0.94,12.64,0.21,0.0
20231023:2330,0.0,0.0,0.0,11.58,0.41,0.0
20231024:0030,0.0,0.0,0.0,9.44,0.69,0.0
20231024:0130,0.0,0.0,0.0,7.77,1.17,0.0
20231024:0230,0.0,0.0,0.0,6.09,1.45,0.0
20231024:0330,0.0,0.0,0.0,5.39,1.52,0.0
20231024:0430,0.0,0.0,0.0,5.45,1.79,0.0
20231024:0530,0.0,0.0,0.0,5.23,1.79,0.0
20231024:0630,0.0,0.0,0.0,4.82,1.72,0.0
20231024:0730,0.0,0.0,0.0,4.41,1.66,0.0
20231024:0830,0.0,0.0,0.0,4.14,1.66,0.0
20231024:0930,0.0,0.0,0.0,3.91,1.66,0.0
20231024:1030,0.0,0.0,0.0,3.62,1.59,0.0
20231024:1130,0.0,0.0,-2.08,3.32,1.45,0.0
20231024:1230,740.6,236.26,8.97,3.18,1.38,0.0
20231024:1330,1701.36,505.15,19.2,5.96,1.03,0.0
20231024:1430,2369.32,734.11,28.07,12.01,0.83,0.0
20231024:1530,2788.84,898.25,34.86,16.02,0.97,0.0
20231024:1630,3011.72,984.18,38.68,18.27,1.45,0.0
20231024:1730,3007.88,984.86,38.83,19.44,1.66,0.0
20231024:1830,2771.8,899.42,35.28,20.08,1.66,0.0
20231024:1930,2309.12,739.23,28.7,20.2,1.31,0.0
20231024:2030,1621.32,514.37,19.96,20.04,1.03,0.0
20231024:2130,729.24,248.38,9.82,18.87,0.41,0.0
20231024:2230,0.0,0.0,-1.18,17.21,0.55,0.0
20231024:2330,0.0,0.0,0.0,14.83,0.97,0.0
20231025:0030,0.0,0.0,0.0,13.39,1.45,0.0
20231025:0130,0.0,0.0,0.0,11.9,1.66,0.0
20231025:0230,0.0,0.0,0.0,10.86,1.79,0.0
20231025:0330,0.0,0.0,0.0,10.06,1.79,0.0
20231025:0430,0.0,0.0,0.0,9.49,1.79,0.0
20231025:0530,0.0,0.0,0.0,9.18,1.72,0.0
20231025:0630,0.0,0.0,0.0,8.86,1.66,0.0
20231025:0730,0.0,0.0,0.0,8.63,1.66,0.0
20231025:0830,0.0,0.0,0.0,7.94,1.52,0.0
20231025:0930,0.0,0.0,0.0,7.8,1.45,0.0
20231025:1030,0.0,0.0,0.0,7.49,1.52,0.0
20231025:1130,0.0,0.0,-2.28,7.23,1.66,0.0
20231025:1230,499.52,167.28,8.75,7.5,1.72,0.0
20231025:1330,1250.84,376.27,18.95,9.5,1.52,0.0
20231025:1430,1697.92,519.18,27.79,14.29,1.17,0.0
20231025:1530,2778.36,892.4,34.55,16.73,1.24,0.0
20231025:1630,2979.24,962.12,38.33,18.93,2.14,0.0
20231025:1730,2711.76,868.99,38.48,19.59,2.21,0.0
20231025:1830,2673.52,859.64,34.95,19.81,1.86,0.0
20231025:1930,2316.04,738.36,28.39,20.38,1.66,0.0
20231025:2030,1585.96,501.23,19.68,20.24,1.45,0.0
20231025:2130,81.6,39.0,9.56,19.14,1.03,0.0
20231025:2230,0.0,0.0,-1.42,17.11,0.69,0.0
20231025:2330,0.0,0.0,0.0,15.06,0.55,0.0
20231026:0030,0.0,0.0,0.0,13.44,0.9,0.0
20231026:0130,0.0,0.0,0.0,12.12,1.31,0.0
20231026:0230,0.0,0.0,0.0,10.92,1.52,0.0
20231026:0330,0.0,0.0,0.0,10.06,1.59,0.0
20231026:0430,0.0,0.0,0.0,9.37,1.59,0.0
20231026:0530,0.0,0.0,0.0,8.84,1.59,0.0
20231026:0630,0.0,0.0,0.0,8.12,1.59,0.0
20231026:0730,0.0,0.0,0.0,7.93,1.59,0.0
20231026:0830,0.0,0.0,0.0,7.39,1.59,0.0
20231026:0930,0.0,0.0,0.0,7.01,1.59,0.0
20231026:1030,0.0,0.0,0.0,6.69,1.59,0.0
20231026:1130,0.0,0.0,-2.49,6.38,1.59,0.0
20231026:1230,694.4,225.3,8.53,6.13,1.45,0.0
20231026:1330,1685.76,506.91,18.7,8.59,1.03,0.0
20231026:1430,2171.52,678.99,27.51,14.36,0.62,0.0
20231026:1530,2562.76,819.93,34.23,17.4,1.17,0.0
20231026:1630,2718.6,875.33,38.0,18.5,1.59,0.0
20231026:1730,2766.72,896.35,38.14,19.29,1.59,0.0
20231026:1830,2120.92,673.97,34.62,19.8,1.45,0.0
20231026:1930,1685.28,529.3,28.09,19.75,1.45,0.0
20231026:2030,988.16,314.65,19.4,19.6,1.1,0.0
20231026:2130,135.72,56.93,9.31,18.75,0.34,0.0
20231026:2230,0.0,0.0,-1.66,17.5,0.48,0.0
20231026:2330,0.0,0.0,0.0,16.29,0.41,0.0
20231027:0030,0.0,0.0,0.0,14.43,0.97,0.0
20231027:0130,0.0,0.0,0.0,13.09,1.24,0.0
20231027:0230,0.0,0.0,0.0,12.53,1.45,0.0
20231027:0330,0.0,0.0,0.0,12.27,1.66,0.0
20231027:0430,0.0,0.0,0.0,11.83,1.86,0.0
20231027:0530,0.0,0.0,0.0,11.7,2.0,0.0
20231027:0630,0.0,0.0,0.0,11.54,2.0,0.0
20231027:0730,0.0,0.0,0.0,11.91,2.0,0.0
20231027:0830,0.0,0.0,0.0,11.63,1.79,0.0
20231027:0930,0.0,0.0,0.0,11.34,1.72,0.0
20231027:1030,0.0,0.0,0.0,11.0,1.79,0.0
20231027:1130,0.0,0.0,-2.69,11.08,1.79,0.0
20231027:1230,264.64,97.02,8.3,10.93,1.86,0.0
20231027:1330,338.0,116.12,18.45,12.51,1.59,0.0
20231027:1430,453.44,150.96,27.23,14.61,1.59,0.0
20231027:1530,529.4,174.16,33.92,15.88,1.59,0.0
20231027:1630,661.16,212.62,37.66,16.42,1.86,0.0
20231027:1730,971.68,303.22,37.79,16.47,1.93,0.0
20231027:1830,1164.28,360.86,34.3,17.5,2.07,0.0
20231027:1930,1646.04,511.46,27.79,19.34,2.07,0.0
20231027:2030,1506.4,471.98,19.13,19.85,2.14,0.0
20231027:2130,74.12,36.46,9.06,19.62,1.86,0.0
20231027:2230,0.0,0.0,-1.89,18.13,1.72,0.0
20231027:2330,0.0,0.0,0.0,16.71,1.72,0.0
20231028:0030,0.0,0.0,0.0,15.75,1.79,0.0
20231028:0130,0.0,0.0,0.0,15.38,1.93,0.0
20231028:0230,0.0,0.0,0.0,15.43,2.14,0.0
20231028:0330,0.0,0.0,0.0,15.62,2.34,0.0
20231028:0430,0.0,0.0,0.0,15.49,2.34,0.0
20231028:0530,0.0,0.0,0.0,15.08,2.34,0.0
20231028:0630,0.0,0.0,0.0,14.63,2.21,0.0
20231028:0730,0.0,0.0,0.0,14.44,2.41,0.0
20231028:0830,0.0,0.0,0.0,14.56,2.48,0.0
20231028:0930,0.0,0.0,0.0,14.65,2.41,0.0
20231028:1030,0.0,0.0,0.0,14.6,2.34,0.0
20231028:1130,0.0,0.0,-2.9,14.34,2.21,0.0
20231028:1230,150.72,62.6,8.08,14.24,1.93,0.0
20231028:1330,362.84,124.42,18.21,14.97,1.66,0.0
20231028:1430,583.64,188.62,26.96,16.16,2.76,0.0
20231028:1530,893.88,279.25,33.61,17.04,2.76,0.0
20231028:1630,960.68,297.58,37.33,17.76,3.17,0.0
20231028:1730,1627.96,495.86,37.46,17.94,3.1,0.0
20231028:1830,1509.56,461.53,33.97,18.54,3.1,0.0
20231028:1930,1116.56,345.45,27.5,19.41,2.76,0.0
20231028:2030,384.44,132.08,18.87,18.95,2.28,0.0
20231028:2130,32.84,21.21,8.82,18.06,1.52,0.0
20231028:2230,0.0,0.0,-2.11,17.05,1.03,0.0
20231028:2330,0.0,0.0,0.0,16.33,0.83,0.0
20231029:0030,0.0,0.0,0.0,15.97,0.83,0.0
20231029:0130,0.0,0.0,0.0,15.6,1.03,0.0
20231029:0230,0.0,0.0,0.0,15.51,1.17,0.0
20231029:0330,0.0,0.0,0.0,15.41,1.24,0.0
20231029:0430,0.0,0.0,0.0,15.13,1.24,0.0
20231029:0530,0.0,0.0,0.0,14.86,1.17,0.0
20231029:0630,0.0,0.0,0.0,14.56,1.31,0.0
20231029:0730,0.0,0.0,0.0,14.58,1.38,0.0
20231029:0830,0.0,0.0,0.0,14.56,1.52,0.0
20231029:0930,0.0,0.0,0.0,14.69,1.52,0.0
20231029:1030,0.0,0.0,0.0,14.79,1.66,0.0
20231029:1130,0.0,0.0,-3.1,15.05,1.79,0.0
20231029:1230,46.12,26.06,7.86,15.23,1.93,0.0
20231029:1330,274.96,98.69,17.96,15.54,1.79,0.0
20231029:1430,478.72,159.01,26.68,15.94,1.66,0.0
20231029:1530,890.72,280.26,33.3,16.95,1.59,0.0
20231029:1630,1764.84,544.37,37.0,18.12,2.48,0.0
20231029:1730,2063.92,635.21,37.12,19.19,3.93,0.0
20231029:1830,1169.0,361.07,33.66,19.97,4.28,0.0
20231029:1930,214.28,81.53,27.21,19.38,4.21,0.0
20231029:2030,39.28,23.67,18.61,18.12,2.83,0.0
20231029:2130,8.8,10.8,8.58,17.13,2.48,0.0
20231029:2230,0.0,0.0,-2.33,16.47,2.41,0.0
20231029:2330,0.0,0.0,0.0,15.94,2.21,0.0
20231030:0030,0.0,0.0,0.0,15.49,2.07,0.0
20231030:0130,0.0,0.0,0.0,15.37,2.0,0.0
20231030:0230,0.0,0.0,0.0,15.32,1.93,0.0
20231030:0330,0.0,0.0,0.0,15.3,1.93,0.0
20231030:0430,0.0,0.0,0.0,15.19,2.0,0.0
20231030:0530,0.0,0.0,0.0,15.23,2.07,0.0
20231030:0630,0.0,0.0,0.0,15.2,2.07,0.0
20231030:0730,0.0,0.0,0.0,15.45,2.0,0.0
20231030:0830,0.0,0.0,0.0,15.4,1.93,0.0
20231030:0930,0.0,0.0,0.0,14.9,2.0,0.0
20231030:1030,0.0,0.0,0.0,14.72,2.21,0.0
20231030:1130,0.0,0.0,-3.31,14.52,2.55,0.0
20231030:1230,215.16,83.99,7.64,14.51,3.03,0.0
20231030:1330,597.12,190.78,17.71,14.6,3.17,0.0
20231030:1430,922.04,281.81,26.4,14.42,2.83,0.0
20231030:1530,252.52,91.22,33.0,13.72,2.41,0.0
20231030:1630,266.76,94.24,36.67,11.73,3.52,0.0
20231030:1730,144.32,57.65,36.8,10.6,3.45,0.0
20231030:1830,234.64,84.26,33.35,9.28,3.59,0.0
20231030:1930,135.72,54.61,26.92,8.73,2.83,0.0
20231030:2030,22.36,16.36,18.35,7.62,3.17,0.0
20231030:2130,4.8,8.44,8.35,6.5,3.24,0.0
20231030:2230,0.0,0.0,-2.55,5.68,3.1,0.0
20231030:2330,0.0,0.0,0.0,4.84,3.03,0.0
20231031:0030,0.0,0.0,0.0,4.33,2.69,0.0
20231031:0130,0.0,0.0,0.0,4.07,2.62,0.0
20231031:0230,0.0,0.0,0.0,3.85,2.69,0.0
20231031:0330,0.0,0.0,0.0,3.57,2.55,0.0
20231031:0430,0.0,0.0,0.0,3.2,2.55,0.0
20231031:0530,0.0,0.0,0.0,2.76,2.41,0.0
20231031:0630,0.0,0.0,0.0,2.43,2.14,0.0
20231031:0730,0.0,0.0,0.0,1.95,2.21,0.0
20231031:0830,0.0,0.0,0.0,1.64,1.93,0.0
20231031:0930,0.0,0.0,0.0,1.54,1.66,0.0
20231031:1030,0.0,0.0,0.0,1.43,1.31,0.0
20231031:1130,0.0,0.0,-3.51,1.29,1.03,0.0
20231031:1230,449.84,149.45,7.41,1.2,0.69,0.0
20231031:1330,1011.48,297.66,17.47,1.54,0.28,0.0
20231031:1430,585.6,180.15,26.13,2.44,0.41,0.0
20231031:1530,684.08,208.48,32.69,3.27,0.97,0.0
20231031:1630,1421.96,415.47,36.35,4.13,1.31,0.0
20231031:1730,1643.08,481.52,36.47,5.37,1.59,0.0
20231031:1830,1127.88,333.71,33.04,6.24,1.79,0.0
20231031:1930,716.84,218.02,26.64,6.18,1.79,0.0
20231031:2030,504.84,159.45,18.1,6.24,1.93,0.0
20231031:2130,63.84,31.22,8.12,5.98,2.14,0.0
20231031:2230,0.0,0.0,-2.76,5.19,1.93,0.0
20231031:2330,0.0,0.0,0.0,4.21,2.14,0.0
20231101:0030,0.0,0.0,0.0,3.26,2.21,0.0
20231101:0130,0.0,0.0,0.0,2.61,2.07,0.0
20231101:0230,0.0,0.0,0.0,1.97,2.07,0.0
20231101:0330,0.0,0.0,0.0,1.65,2.07,0.0
20231101:0430,0.0,0.0,0.0,0.7,2.41,0.0
20231101:0530,0.0,0.0,0.0,-0.32,2.9,0.0
20231101:0630,0.0,0.0,0.0,-1.15,3.1,0.0
20231101:0730,0.0,0.0,0.0,-1.85,3.03,0.0
20231101:0830,0.0,0.0,0.0,-2.64,3.45,0.0
20231101:0930,0.0,0.0,0.0,-3.31,3.38,0.0
20231101:1030,0.0,0.0,0.0,-4.06,3.1,0.0
20231101:1130,0.0,0.0,-3.72,-4.38,3.17,0.0
20231101:1230,296.2,100.44,7.19,-4.48,3.79,0.0
20231101:1330,686.0,200.07,17.22,-3.87,4.28,0.0
20231101:1430,1068.8,300.21,25.85,-3.22,4.21,0.0
20231101:1530,2159.08,599.52,32.39,-2.37,4.0,0.0
20231101:1630,2447.08,687.18,36.03,-1.05,4.07,0.0
20231101:1730,2245.52,633.51,36.15,0.15,4.07,0.0
20231101:1830,1488.96,420.01,32.73,0.88,4.14,0.0
20231101:1930,1561.4,438.86,26.37,0.16,3.52,0.0
20231101:2030,863.04,251.46,17.85,0.29,3.45,0.0
20231101:2130,94.52,40.31,7.9,0.07,3.24,0.0
20231101:2230,0.0,0.0,-2.97,-0.56,2.28,0.0
20231101:2330,0.0,0.0,0.0,-1.33,1.86,0.0
20231102:0030,0.0,0.0,0.0,-1.76,1.66,0.0
20231102:0130,0.0,0.0,0.0,-2.0,1.45,0.0
20231102:0230,0.0,0.0,0.0,-2.35,1.24,0.0
20231102:0330,0.0,0.0,0.0,-2.98,1.03,0.0
20231102:0430,0.0,0.0,0.0,-3.4,0.9,0.0
20231102:0530,0.0,0.0,0.0,-3.42,0.69,0.0
20231102:0630,0.0,0.0,0.0,-3.31,0.55,0.0
20231102:0730,0.0,0.0,0.0,-4.24,0.69,0.0
20231102:0830,0.0,0.0,0.0,-4.43,0.76,0.0
20231102:0930,0.0,0.0,0.0,-4.5,0.76,0.0
20231102:1030,0.0,0.0,0.0,-4.57,0.76,0.0
20231102:1130,0.0,0.0,-3.92,-4.6,0.83,0.0
20231102:1230,733.88,228.04,6.97,-4.6,0.83,0.0
20231102:1330,1761.2,506.11,16.97,-2.46,0.55,0.0
20231102:1430,2528.6,742.17,25.58,0.12,0.76,0.0
20231102:1530,3002.76,909.59,32.09,1.82,0.69,0.0
20231102:1630,3210.72,992.91,35.71,3.36,0.69,0.0
20231102:1730,3108.84,960.26,35.83,4.66,0.83,0.0
20231102:1830,2801.64,849.86,32.44,5.6,1.17,0.0
20231102:1930,2161.84,642.13,26.09,6.17,1.24,0.0
20231102:2030,1651.96,489.47,17.61,6.2,1.24,0.0
20231102:2130,56.6,28.73,7.68,5.43,0.76,0.0
20231102:2230,0.0,0.0,-3.17,4.11,0.55,0.0
20231102:2330,0.0,0.0,0.0,2.21,1.03,0.0
20231103:0030,0.0,0.0,0.0,0.83,1.38,0.0
20231103:0130,0.0,0.0,0.0,-0.27,1.45,0.0
20231103:0230,0.0,0.0,0.0,-0.73,1.59,0.0
20231103:0330,0.0,0.0,0.0,-0.89,1.66,0.0
20231103:0430,0.0,0.0,0.0,-0.95,1.72,0.0
20231103:0530,0.0,0.0,0.0,-0.97,1.72,0.0
20231103:0630,0.0,0.0,0.0,-1.1,1.72,0.0
20231103:0730,0.0,0.0,0.0,-1.17,1.93,0.0
20231103:0830,0.0,0.0,0.0,-1.5,1.79,0.0
20231103:0930,0.0,0.0,0.0,-1.61,1.66,0.0
20231103:1030,0.0,0.0,0.0,-1.63,1.59,0.0
20231103:1130,0.0,0.0,-4.13,-1.65,1.59,0.0
20231103:1230,702.92,221.35,6.75,-1.85,1.52,0.0
20231103:1330,1719.16,495.64,16.73,-0.21,1.17,0.0
20231103:1430,2441.48,729.9,25.31,4.6,0.83,0.0
20231103:1530,2906.76,896.06,31.79,7.92,1.17,0.0
20231103:1630,3140.48,982.38,35.4,9.71,1.52,0.0
20231103:1730,3126.0,982.79,35.52,11.0,1.59,0.0
20231103:1830,2877.84,896.56,32.14,11.85,1.66,0.0
20231103:1930,2395.04,732.69,25.83,12.16,1.72,0.0
20231103:2030,1647.12,500.68,17.37,11.93,1.45,0.0
20231103:2130,52.0,27.68,7.46,10.77,1.38,0.0
20231103:2230,0.0,0.0,-3.37,8.66,2.14,0.0
20231103:2330,0.0,0.0,0.0,5.9,2.21,0.0
20231104:0030,0.0,0.0,0.0,4.34,2.14,0.0
20231104:0130,0.0,0.0,0.0,3.38,2.14,0.0
20231104:0230,0.0,0.0,0.0,2.95,2.07,0.0
20231104:0330,0.0,0.0,0.0,2.92,2.0,0.0
20231104:0430,0.0,0.0,0.0,2.98,2.0,0.0
20231104:0530,0.0,0.0,0.0,3.08,1.93,0.0
20231104:0630,0.0,0.0,0.0,3.2,1.93,0.0
20231104:0730,0.0,0.0,0.0,3.6,2.0,0.0
20231104:0830,0.0,0.0,0.0,3.27,1.93,0.0
20231104:0930,0.0,0.0,0.0,2.94,1.86,0.0
20231104:1030,0.0,0.0,0.0,2.89,1.79,0.0
20231104:1130,0.0,0.0,-4.34,2.61,1.79,0.0
20231104:1230,139.4,56.4,6.52,3.16,1.72,0.0
20231104:1330,197.84,72.12,16.49,3.97,1.52,0.0
20231104:1430,813.88,243.16,25.04,5.61,1.31,0.0
20231104:1530,1245.32,371.22,31.5,8.29,1.17,0.0
20231104:1630,2064.84,621.97,35.09,10.38,1.45,0.0
20231104:1730,1921.56,578.02,35.21,12.02,1.86,0.0
20231104:1830,2643.32,815.67,31.85,12.64,1.93,0.0
20231104:1930,2209.68,677.35,25.57,14.03,1.86,0.0
20231104:2030,1530.72,468.89,17.14,14.13,1.66,0.0
20231104:2130,50.08,27.24,7.25,13.29,1.17,0.0
20231104:2230,0.0,0.0,-3.56,11.85,1.24,0.0
20231104:2330,0.0,0.0,0.0,9.94,1.52,0.0
20231105:0030,0.0,0.0,0.0,8.35,1.66,0.0
20231105:0130,0.0,0.0,0.0,6.99,1.72,0.0
20231105:0230,0.0,0.0,0.0,6.2,1.86,0.0
20231105:0330,0.0,0.0,0.0,5.87,1.86,0.0
20231105:0430,0.0,0.0,0.0,5.88,1.93,0.0
20231105:0530,0.0,0.0,0.0,5.91,2.0,0.0
20231105:0630,0.0,0.0,0.0,5.96,2.0,0.0
20231105:0730,0.0,0.0,0.0,6.02,1.93,0.0
20231105:0830,0.0,0.0,0.0,5.98,1.79,0.0
20231105:0930,0.0,0.0,0.0,5.47,1.86,0.0
20231105:1030,0.0,0.0,0.0,5.36,1.72,0.0
20231105:1130,0.0,0.0,-4.54,5.27,1.52,0.0
20231105:1230,135.08,55.59,6.3,5.08,1.45,0.0
20231105:1330,1243.96,368.52,16.24,5.65,1.24,0.0
20231105:1430,2199.08,659.3,24.77,8.56,1.38,0.0
20231105:1530,2741.96,833.97,31.21,10.21,2.21,0.0
20231105:1630,3066.76,947.53,34.78,11.21,2.41,0.0
20231105:1730,2970.36,918.08,34.91,12.04,2.41,0.0
20231105:1830,2806.68,862.76,31.57,12.44,2.48,0.0
20231105:1930,2299.92,696.67,25.31,12.8,2.55,0.0
20231105:2030,1546.32,467.38,16.91,12.3,2.28,0.0
20231105:2130,48.64,26.54,7.05,11.42,1.79,0.0
20231105:2230,0.0,0.0,-3.74,9.7,1.52,0.0
20231105:2330,0.0,0.0,0.0,8.42,1.38,0.0
20231106:0030,0.0,0.0,0.0,7.28,1.03,0.0
20231106:0130,0.0,0.0,0.0,6.88,0.69,0.0
20231106:0230,0.0,0.0,0.0,6.35,0.41,0.0
20231106:0330,0.0,0.0,0.0,5.58,0.48,0.0
20231106:0430,0.0,0.0,0.0,4.63,0.62,0.0
20231106:0530,0.0,0.0,0.0,3.51,0.76,0.0
20231106:0630,0.0,0.0,0.0,2.64,0.83,0.0
20231106:0730,0.0,0.0,0.0,2.45,0.9,0.0
20231106:0830,0.0,0.0,0.0,1.81,1.03,0.0
20231106:0930,0.0,0.0,0.0,1.45,1.03,0.0
20231106:1030,0.0,0.0,0.0,1.24,1.1,0.0
20231106:1130,0.0,0.0,-4.75,1.01,1.17,0.0
20231106:1230,584.84,189.66,6.08,0.97,1.31,0.0
20231106:1330,1496.0,436.79,16.0,2.59,1.1,0.0
20231106:1430,2205.6,661.33,24.5,7.76,1.17,0.0
20231106:1530,2807.44,866.41,30.92,10.73,1.66,0.0
20231106:1630,3035.52,950.13,34.48,12.72,2.07,0.0
20231106:1730,2994.8,937.42,34.61,14.06,2.41,0.0
20231106:1830,2270.52,696.04,31.29,14.9,2.62,0.0
20231106:1930,1853.84,562.98,25.06,14.9,2.69,0.0
20231106:2030,1474.6,450.42,16.69,14.84,2.55,0.0
20231106:2130,43.88,25.05,6.85,14.1,2.0,0.0
20231106:2230,0.0,0.0,-3.92,12.12,1.79,0.0
20231106:2330,0.0,0.0,0.0,10.49,2.0,0.0
20231107:0030,0.0,0.0,0.0,9.49,2.14,0.0
20231107:0130,0.0,0.0,0.0,8.91,2.28,0.0
20231107:0230,0.0,0.0,0.0,8.83,2.34,0.0
20231107:0330,0.0,0.0,0.0,9.23,2.48,0.0
20231107:0430,0.0,0.0,0.0,9.64,2.76,0.0
20231107:0530,0.0,0.0,0.0,10.25,2.97,0.0
20231107:0630,0.0,0.0,0.0,11.41,3.24,0.0
20231107:0730,0.0,0.0,0.0,12.32,3.31,0.0
20231107:0830,0.0,0.0,0.0,12.64,3.52,0.0
20231107:0930,0.0,0.0,0.0,12.38,3.66,0.0
20231107:1030,0.0,0.0,0.0,12.01,3.52,0.0
20231107:1130,0.0,0.0,-4.95,12.07,3.45,0.0
20231107:1230,223.96,85.51,5.86,11.92,3.17,0.0
20231107:1330,1039.6,316.04,15.76,12.33,3.17,0.0
20231107:1430,1063.24,322.11,24.24,13.37,2.9,0.0
20231107:1530,1061.0,320.98,30.63,13.6,3.38,0.0
20231107:1630,1139.84,343.54,34.18,13.53,3.52,0.0
20231107:1730,1585.32,472.72,34.31,13.63,4.28,0.0
20231107:1830,1266.56,379.73,31.01,14.31,4.48,0.0
20231107:1930,1969.56,593.36,24.81,16.02,4.34,0.0
20231107:2030,1448.68,441.51,16.47,16.33,4.28,0.0
20231107:2130,42.92,24.83,6.66,15.72,3.45,0.0
20231107:2230,0.0,0.0,-4.1,14.17,2.9,0.0
20231107:2330,0.0,0.0,0.0,12.76,2.62,0.0
20231108:0030,0.0,0.0,0.0,11.78,2.41,0.0
20231108:0130,0.0,0.0,0.0,10.9,2.14,0.0
20231108:0230,0.0,0.0,0.0,9.89,1.93,0.0
20231108:0330,0.0,0.0,0.0,8.84,1.52,0.0
20231108:0430,0.0,0.0,0.0,7.7,1.1,0.0
20231108:0530,0.0,0.0,0.0,6.76,1.03,0.0
20231108:0630,0.0,0.0,0.0,6.0,0.69,0.0
20231108:0730,0.0,0.0,0.0,5.66,0.62,0.0
20231108:0830,0.0,0.0,0.0,4.93,0.76,0.0
20231108:0930,0.0,0.0,0.0,4.3,0.83,0.0
20231108:1030,0.0,0.0,0.0,4.6,0.48,0.0
20231108:1130,0.0,0.0,-5.16,4.28,0.34,0.0
20231108:1230,567.56,188.28,5.64,3.43,0.34,0.0
20231108:1330,1534.04,456.46,15.52,4.72,0.28,0.0
20231108:1430,2253.16,690.14,23.98,9.01,0.34,0.0
20231108:1530,2685.08,852.11,30.35,12.71,0.55,0.0
20231108:1630,2895.52,938.35,33.88,15.15,0.76,0.0
20231108:1730,2847.52,926.35,34.02,16.92,0.9,0.0
20231108:1830,2652.48,853.73,30.75,18.01,1.17,0.0
20231108:1930,2128.28,668.03,24.57,18.74,1.66,0.0
20231108:2030,1106.56,347.84,16.26,18.82,1.72,0.0
20231108:2130,44.64,25.67,6.47,17.6,1.17,0.0
20231108:2230,0.0,0.0,-4.27,15.73,2.0,0.0
20231108:2330,0.0,0.0,0.0,13.52,2.28,0.0
20231109:0030,0.0,0.0,0.0,12.69,2.55,0.0
20231109:0130,0.0,0.0,0.0,12.21,2.83,0.0
20231109:0230,0.0,0.0,0.0,12.1,2.97,0.0
20231109:0330,0.0,0.0,0.0,12.11,2.97,0.0
20231109:0430,0.0,0.0,0.0,12.09,2.9,0.0
20231109:0530,0.0,0.0,0.0,12.16,2.9,0.0
20231109:0630,0.0,0.0,0.0,12.36,2.9,0.0
20231109:0730,0.0,0.0,0.0,12.98,3.03,0.0
20231109:0830,0.0,0.0,0.0,13.33,3.17,0.0
20231109:0930,0.0,0.0,0.0,13.71,3.24,0.0
20231109:1030,0.0,0.0,0.0,14.14,3.31,0.0
20231109:1130,0.0,0.0,0.0,14.11,3.17,0.0
20231109:1230,207.6,82.29,5.42,13.62,2.97,0.0
20231109:1330,729.0,228.57,15.28,14.02,3.03,0.0
20231109:1430,1252.48,377.73,23.72,14.57,2.9,0.0
20231109:1530,1075.12,325.17,30.07,15.26,4.28,0.0
20231109:1630,789.76,245.23,33.59,15.15,3.66,0.0
20231109:1730,233.8,86.12,33.74,15.08,3.31,0.0
20231109:1830,303.28,106.15,30.48,13.95,2.48,0.0
20231109:1930,249.32,89.66,24.34,13.22,2.0,0.0
20231109:2030,394.56,132.22,16.05,12.49,1.66,0.0
20231109:2130,45.88,25.58,6.29,11.86,1.86,0.0
20231109:2230,0.0,0.0,-4.43,10.78,1.86,0.0
20231109:2330,0.0,0.0,0.0,9.79,2.0,0.0
20231110:0030,0.0,0.0,0.0,8.87,2.07,0.0
20231110:0130,0.0,0.0,0.0,8.24,1.79,0.0
20231110:0230,0.0,0.0,0.0,7.59,1.24,0.0
20231110:0330,0.0,0.0,0.0,7.13,1.1,0.0
20231110:0430,0.0,0.0,0.0,6.83,1.03,0.0
20231110:0530,0.0,0.0,0.0,6.67,1.1,0.0
20231110:0630,0.0,0.0,0.0,6.63,1.03,0.0
20231110:0730,0.0,0.0,0.0,6.96,0.83,0.0
20231110:0830,0.0,0.0,0.0,6.95,0.97,0.0
20231110:0930,0.0,0.0,0.0,6.77,1.1,0.0
20231110:1030,0.0,0.0,0.0,6.37,1.24,0.0
20231110:1130,0.0,0.0,0.0,5.36,1.1,0.0
20231110:1230,4.16,8.07,5.2,4.77,0.55,0.0
20231110:1330,25.52,17.38,15.04,3.64,0.21,0.0
20231110:1430,47.64,25.4,23.46,2.91,0.48,0.0
20231110:1530,96.48,41.35,29.79,2.52,0.55,0.0
20231110:1630,103.24,43.43,33.31,2.37,0.55,0.0
20231110:1730,138.8,54.28,33.46,2.29,0.76,0.0
20231110:1830,295.88,99.1,30.22,2.34,1.1,0.0
20231110:1930,1267.28,365.95,24.11,2.82,1.24,0.0
20231110:2030,1026.56,304.11,15.85,4.49,1.24,0.0
20231110:2130,53.84,27.76,6.11,5.32,1.24,0.0
20231110:2230,0.0,0.0,-4.59,4.96,1.24,0.0
20231110:2330,0.0,0.0,0.0,4.17,1.24,0.0
20231111:0030,0.0,0.0,0.0,3.57,1.24,0.0
20231111:0130,0.0,0.0,0.0,2.87,1.24,0.0
20231111:0230,0.0,0.0,0.0,2.17,1.24,0.0
20231111:0330,0.0,0.0,0.0,1.57,1.31,0.0
20231111:0430,0.0,0.0,0.0,1.26,1.45,0.0
20231111:0530,0.0,0.0,0.0,1.13,1.45,0.0
20231111:0630,0.0,0.0,0.0,0.88,1.45,0.0
20231111:0730,0.0,0.0,0.0,0.53,1.45,0.0
20231111:0830,0.0,0.0,0.0,0.47,1.38,0.0
20231111:0930,0.0,0.0,0.0,0.38,1.38,0.0
20231111:1030,0.0,0.0,0.0,0.21,1.38,0.0
20231111:1130,0.0,0.0,0.0,-0.14,1.31,0.0
20231111:1230,419.48,140.62,4.99,-0.51,1.24,0.0
20231111:1330,1390.64,403.16,14.81,0.28,0.83,0.0
20231111:1430,2263.28,669.56,23.2,3.65,0.83,0.0
20231111:1530,2861.68,872.71,29.52,5.82,1.03,0.0
20231111:1630,3088.48,954.91,33.03,7.59,1.38,0.0
20231111:1730,3059.08,945.13,33.19,8.74,1.66,0.0
20231111:1830,2784.08,850.15,29.97,9.31,1.79,0.0
20231111:1930,2290.6,686.13,23.88,9.08,1.86,0.0
20231111:2030,1546.96,461.42,15.65,8.66,1.79,0.0
20231111:2130,39.72,23.0,5.94,7.78,1.45,0.0
20231111:2230,0.0,0.0,-4.74,6.17,1.45,0.0
20231111:2330,0.0,0.0,0.0,4.76,1.24,0.0
20231112:0030,0.0,0.0,0.0,3.63,0.83,0.0
20231112:0130,0.0,0.0,0.0,2.71,0.76,0.0
20231112:0230,0.0,0.0,0.0,2.21,0.69,0.0
20231112:0330,0.0,0.0,0.0,1.17,1.03,0.0
20231112:0430,0.0,0.0,0.0,0.47,1.17,0.0
20231112:0530,0.0,0.0,0.0,0.13,1.17,0.0
20231112:0630,0.0,0.0,0.0,-0.29,1.17,0.0
20231112:0730,0.0,0.0,0.0,-0.69,1.03,0.0
20231112:0830,0.0,0.0,0.0,-0.8,1.03,0.0
20231112:0930,0.0,0.0,0.0,-0.95,1.03,0.0
20231112:1030,0.0,0.0,0.0,-1.21,1.1,0.0
20231112:1130,0.0,0.0,0.0,-1.18,1.17,0.0
20231112:1230,44.52,23.96,4.77,-1.17,1.17,0.0
20231112:1330,1288.96,372.68,14.57,-0.26,0.9,0.0
20231112:1430,2198.44,643.84,22.95,2.97,1.1,0.0
20231112:1530,2620.12,785.68,29.25,5.26,1.24,0.0
20231112:1630,2969.96,916.54,32.75,6.96,1.03,0.0
20231112:1730,2857.24,892.66,32.92,8.36,0.62,0.0
20231112:1830,2570.68,801.36,29.72,9.28,0.28,0.0
20231112:1930,1935.96,584.54,23.67,9.7,0.76,0.0
20231112:2030,1387.32,419.9,15.46,9.67,0.62,0.0
20231112:2130,35.32,21.47,5.78,8.98,0.76,0.0
20231112:2230,0.0,0.0,0.0,7.42,1.24,0.0
20231112:2330,0.0,0.0,0.0,5.78,1.38,0.0
20231113:0030,0.0,0.0,0.0,4.33,1.38,0.0
20231113:0130,0.0,0.0,0.0,3.02,1.38,0.0
20231113:0230,0.0,0.0,0.0,1.91,1.31,0.0
20231113:0330,0.0,0.0,0.0,1.36,1.24,0.0
20231113:0430,0.0,0.0,0.0,1.0,1.24,0.0
20231113:0530,0.0,0.0,0.0,0.68,1.24,0.0
20231113:0630,0.0,0.0,0.0,0.57,1.38,0.0
20231113:0730,0.0,0.0,0.0,-0.02,1.24,0.0
20231113:0830,0.0,0.0,0.0,-0.31,1.24,0.0
20231113:0930,0.0,0.0,0.0,-0.49,1.38,0.0
20231113:1030,0.0,0.0,0.0,-0.59,1.38,0.0
20231113:1130,0.0,0.0,0.0,-0.75,1.38,0.0
20231113:1230,28.44,18.23,4.56,-0.72,1.45,0.0
20231113:1330,1581.52,456.91,14.34,0.25,1.24,0.0
20231113:1430,2329.56,692.79,22.7,4.82,0.97,0.0
20231113:1530,2820.28,860.8,28.98,8.12,1.52,0.0
20231113:1630,3086.4,949.27,32.48,9.79,2.28,0.0
20231113:1730,3101.56,952.49,32.65,10.8,2.76,0.0
20231113:1830,2860.48,868.5,29.48,11.29,3.1,0.0
20231113:1930,2354.92,704.07,23.45,11.51,3.38,0.0
20231113:2030,1571.28,469.39,15.28,11.06,3.31,0.0
20231113:2130,33.52,20.86,5.61,10.03,3.31,0.0
20231113:2230,0.0,0.0,0.0,8.29,3.24,0.0
20231113:2330,0.0,0.0,0.0,7.07,3.03,0.0
20231114:0030,0.0,0.0,0.0,6.33,2.83,0.0
20231114:0130,0.0,0.0,0.0,5.6,2.62,0.0
20231114:0230,0.0,0.0,0.0,5.04,2.55,0.0
20231114:0330,0.0,0.0,0.0,4.62,2.55,0.0
20231114:0430,0.0,0.0,0.0,4.18,2.48,0.0
20231114:0530,0.0,0.0,0.0,3.82,2.62,0.0
20231114:0630,0.0,0.0,0.0,3.33,2.62,0.0
20231114:0730,0.0,0.0,0.0,2.74,2.21,0.0
20231114:0830,0.0,0.0,0.0,2.16,2.0,0.0
20231114:0930,0.0,0.0,0.0,1.57,1.79,0.0
20231114:1030,0.0,0.0,0.0,1.05,1.66,0.0
20231114:1130,0.0,0.0,0.0,0.51,1.59,0.0
20231114:1230,38.84,22.08,4.35,0.19,1.45,0.0
20231114:1330,1420.08,411.58,14.11,0.56,1.03,0.0
20231114:1430,2365.0,697.75,22.45,3.4,1.1,0.0
20231114:1530,2872.52,864.84,28.72,5.35,1.59,0.0
20231114:1630,3127.8,954.8,32.21,6.95,1.93,0.0
20231114:1730,3048.32,935.63,32.39,8.35,1.86,0.0
20231114:1830,2863.44,875.93,29.25,9.3,1.86,0.0
20231114:1930,2360.8,712.23,23.25,10.02,1.86,0.0
20231114:2030,1585.84,476.55,15.1,9.88,1.66,0.0
20231114:2130,32.32,20.33,5.46,8.92,1.1,0.0
20231114:2230,0.0,0.0,0.0,7.51,1.03,0.0
20231114:2330,0.0,0.0,0.0,6.33,0.55,0.0
20231115:0030,0.0,0.0,0.0,5.47,0.28,0.0
20231115:0130,0.0,0.0,0.0,4.03,0.62,0.0
20231115:0230,0.0,0.0,0.0,2.35,0.83,0.0
20231115:0330,0.0,0.0,0.0,1.22,0.9,0.0
20231115:0430,0.0,0.0,0.0,0.69,1.03,0.0
20231115:0530,0.0,0.0,0.0,0.43,1.31,0.0
20231115:0630,0.0,0.0,0.0,0.42,1.45,0.0
20231115:0730,0.0,0.0,0.0,0.56,1.38,0.0
20231115:0830,0.0,0.0,0.0,0.73,1.52,0.0
20231115:0930,0.0,0.0,0.0,0.9,1.52,0.0
20231115:1030,0.0,0.0,0.0,1.14,1.59,0.0
20231115:1130,0.0,0.0,0.0,1.14,1.59,0.0
20231115:1230,52.52,26.89,4.13,1.02,1.66,0.0
20231115:1330,1204.6,350.9,13.89,1.88,1.66,0.0
20231115:1430,1482.64,435.57,22.21,5.67,1.24,0.0
20231115:1530,1861.52,558.25,28.46,9.32,1.31,0.0
20231115:1630,2128.96,649.41,31.95,12.02,1.52,0.0
20231115:1730,2244.04,690.51,32.14,13.87,1.79,0.0
20231115:1830,2738.2,855.75,29.02,14.77,2.07,0.0
20231115:1930,2273.68,701.79,23.04,15.63,2.14,0.0
20231115:2030,1447.72,445.93,14.93,15.25,1.72,0.0
20231115:2130,30.76,20.07,5.31,13.7,1.45,0.0
20231115:2230,0.0,0.0,0.0,11.73,1.86,0.0
20231115:2330,0.0,0.0,0.0,9.67,2.0,0.0
20231116:0030,0.0,0.0,0.0,7.93,2.0,0.0
20231116:0130,0.0,0.0,0.0,6.42,2.0,0.0
20231116:0230,0.0,0.0,0.0,5.44,2.0,0.0
20231116:0330,0.0,0.0,0.0,5.01,1.93,0.0
20231116:0430,0.0,0.0,0.0,4.67,1.86,0.0
20231116:0530,0.0,0.0,0.0,4.47,1.86,0.0
20231116:0630,0.0,0.0,0.0,4.35,1.79,0.0
20231116:0730,0.0,0.0,0.0,4.7,1.86,0.0
20231116:0830,0.0,0.0,0.0,4.08,1.72,0.0
20231116:0930,0.0,0.0,0.0,3.49,1.59,0.0
20231116:1030,0.0,0.0,0.0,3.09,1.52,0.0
20231116:1130,0.0,0.0,0.0,2.72,1.45,0.0
20231116:1230,22.08,15.96,3.92,2.25,1.38,0.0
20231116:1330,1493.64,436.71,13.66,2.64,1.17,0.0
20231116:1430,2230.48,675.66,21.97,7.74,0.55,0.0
20231116:1530,2625.12,825.28,28.21,12.42,0.76,0.0
20231116:1630,2899.76,931.38,31.69,14.48,0.97,0.0
20231116:1730,2897.48,935.86,31.89,15.76,1.03,0.0
20231116:1830,2641.92,845.69,28.79,16.6,1.03,0.0
20231116:1930,2202.28,690.61,22.85,16.84,1.24,0.0
20231116:2030,1459.8,455.25,14.76,16.58,1.03,0.0
20231116:2130,26.96,18.67,5.17,15.18,0.9,0.0
20231116:2230,0.0,0.0,0.0,13.46,1.45,0.0
20231116:2330,0.0,0.0,0.0,11.28,1.79,0.0
20231117:0030,0.0,0.0,0.0,9.32,2.0,0.0
20231117:0130,0.0,0.0,0.0,8.15,2.07,0.0
20231117:0230,0.0,0.0,0.0,7.34,2.07,0.0
20231117:0330,0.0,0.0,0.0,6.76,2.07,0.0
20231117:0430,0.0,0.0,0.0,6.48,2.21,0.0
20231117:0530,0.0,0.0,0.0,6.48,2.21,0.0
20231117:0630,0.0,0.0,0.0,6.57,2.28,0.0
20231117:0730,0.0,0.0,0.0,7.2,2.34,0.0
20231117:0830,0.0,0.0,0.0,7.1,2.28,0.0
20231117:0930,0.0,0.0,0.0,7.21,2.28,0.0
20231117:1030,0.0,0.0,0.0,7.47,2.28,0.0
20231117:1130,0.0,0.0,0.0,7.72,2.21,0.0
20231117:1230,42.36,23.96,3.72,7.91,2.21,0.0
20231117:1330,820.52,250.6,13.44,8.59,2.07,0.0
20231117:1430,1237.64,371.03,21.73,10.62,1.86,0.0
20231117:1530,1391.4,420.28,27.96,12.82,2.07,0.0
20231117:1630,1330.88,405.65,31.43,14.34,2.21,0.0
20231117:1730,1190.88,365.03,31.65,15.24,2.34,0.0
20231117:1830,1195.48,366.5,28.57,15.64,2.41,0.0
20231117:1930,1055.72,325.49,22.66,16.12,2.55,0.0
20231117:2030,556.68,181.0,14.6,16.14,2.48,0.0
20231117:2130,22.36,16.79,5.03,15.05,1.86,0.0
20231117:2230,0.0,0.0,0.0,13.27,1.66,0.0
20231117:2330,0.0,0.0,0.0,12.05,1.72,0.0
20231118:0030,0.0,0.0,0.0,11.28,1.66,0.0
20231118:0130,0.0,0.0,0.0,10.73,1.72,0.0
20231118:0230,0.0,0.0,0.0,10.52,1.79,0.0
20231118:0330,0.0,0.0,0.0,10.47,1.66,0.0
20231118:0430,0.0,0.0,0.0,10.4,1.52,0.0
20231118:0530,0.0,0.0,0.0,10.41,1.38,0.0
20231118:0630,0.0,0.0,0.0,10.13,1.45,0.0
20231118:0730,0.0,0.0,0.0,9.91,1.38,0.0
20231118:0830,0.0,0.0,0.0,9.09,1.38,0.0
20231118:0930,0.0,0.0,0.0,8.3,1.72,0.0
20231118:1030,0.0,0.0,0.0,6.79,2.21,0.0
20231118:1130,0.0,0.0,0.0,5.15,2.28,0.0
20231118:1230,7.88,9.93,3.51,3.85,2.41,0.0
20231118:1330,207.24,74.38,13.22,3.01,2.28,0.0
20231118:1430,949.6,277.91,21.49,2.96,2.0,0.0
20231118:1530,2529.24,741.43,27.71,3.66,1.93,0.0
20231118:1630,3058.08,915.36,31.19,5.16,2.34,0.0
20231118:1730,3106.08,933.77,31.42,6.18,2.55,0.0
20231118:1830,2921.52,871.75,28.36,6.72,2.76,0.0
20231118:1930,2400.52,708.08,22.48,6.95,2.55,0.0
20231118:2030,1605.32,472.33,14.44,6.69,2.48,0.0
20231118:2130,27.04,18.1,4.9,5.89,2.28,0.0
20231118:2230,0.0,0.0,0.0,4.56,1.93,0.0
20231118:2330,0.0,0.0,0.0,3.36,1.79,0.0
20231119:0030,0.0,0.0,0.0,2.56,1.45,0.0
20231119:0130,0.0,0.0,0.0,2.0,1.31,0.0
20231119:0230,0.0,0.0,0.0,1.48,1.38,0.0
20231119:0330,0.0,0.0,0.0,0.96,1.45,0.0
20231119:0430,0.0,0.0,0.0,0.42,1.45,0.0
20231119:0530,0.0,0.0,0.0,0.02,1.45,0.0
20231119:0630,0.0,0.0,0.0,-0.26,1.38,0.0
20231119:0730,0.0,0.0,0.0,-0.88,1.45,0.0
20231119:0830,0.0,0.0,0.0,-1.26,1.31,0.0
20231119:0930,0.0,0.0,0.0,-1.33,1.24,0.0
20231119:1030,0.0,0.0,0.0,-1.45,1.24,0.0
20231119:1130,0.0,0.0,0.0,-1.55,1.31,0.0
20231119:1230,18.28,14.25,3.3,-1.65,1.31,0.0
20231119:1330,1504.68,433.07,13.0,-0.94,1.17,0.0
20231119:1430,2289.4,670.44,21.26,2.65,1.17,0.0
20231119:1530,2818.0,839.11,27.47,4.84,1.93,0.0
20231119:1630,3090.32,929.39,30.94,6.27,2.48,0.0
20231119:1730,3091.72,934.93,31.19,7.28,2.48,0.0
20231119:1830,2845.88,855.32,28.16,7.95,2.48,0.0
20231119:1930,2334.44,694.11,22.3,8.33,2.28,0.0
20231119:2030,1551.88,460.83,14.29,8.08,2.07,0.0
20231119:2130,25.48,17.58,4.77,7.18,1.52,0.0
20231119:2230,0.0,0.0,0.0,5.58,1.45,0.0
20231119:2330,0.0,0.0,0.0,4.37,1.31,0.0
20231120:0030,0.0,0.0,0.0,3.13,1.24,0.0
20231120:0130,0.0,0.0,0.0,2.01,1.1,0.0
20231120:0230,0.0,0.0,0.0,1.01,0.9,0.0
20231120:0330,0.0,0.0,0.0,0.4,0.76,0.0
20231120:0430,0.0,0.0,0.0,0.15,0.62,0.0
20231120:0530,0.0,0.0,0.0,0.07,0.62,0.0
20231120:0630,0.0,0.0,0.0,0.2,0.41,0.0
20231120:0730,0.0,0.0,0.0,-0.29,0.28,0.0
20231120:0830,0.0,0.0,0.0,-0.5,0.69,0.0
20231120:0930,0.0,0.0,0.0,-1.34,1.17,0.0
20231120:1030,0.0,0.0,0.0,-1.38,1.45,0.0
20231120:1130,0.0,0.0,0.0,-1.19,1.59,0.0
20231120:1230,30.36,18.93,3.1,-0.98,1.66,0.0
20231120:1330,1333.28,384.23,12.78,-0.36,1.52,0.0
20231120:1430,1944.44,565.15,21.03,3.28,1.45,0.0
20231120:1530,2066.76,604.91,27.23,5.35,2.0,0.0
20231120:1630,2413.28,717.27,30.71,6.67,2.0,0.0
20231120:1730,1282.52,380.23,30.96,7.87,2.0,0.0
20231120:1830,958.24,288.06,27.96,7.74,1.93,0.0
20231120:1930,504.0,160.79,22.13,8.07,1.86,0.0
20231120:2030,262.52,91.98,14.15,7.43,1.79,0.0
20231120:2130,35.72,21.42,4.66,6.54,2.0,0.0
20231120:2230,0.0,0.0,0.0,4.76,2.0,0.0
20231120:2330,0.0,0.0,0.0,3.55,2.0,0.0
20231121:0030,0.0,0.0,0.0,2.95,2.14,0.0
20231121:0130,0.0,0.0,0.0,2.39,2.21,0.0
20231121:0230,0.0,0.0,0.0,1.97,2.21,0.0
20231121:0330,0.0,0.0,0.0,1.94,2.34,0.0
20231121:0430,0.0,0.0,0.0,2.08,2.55,0.0
20231121:0530,0.0,0.0,0.0,1.88,2.62,0.0
20231121:0630,0.0,0.0,0.0,1.56,2.9,0.0
20231121:0730,0.0,0.0,0.0,1.98,2.97,0.0
20231121:0830,0.0,0.0,0.0,1.77,3.1,0.0
20231121:0930,0.0,0.0,0.0,1.83,3.24,0.0
20231121:1030,0.0,0.0,0.0,1.79,3.52,0.0
20231121:1130,0.0,0.0,0.0,1.76,3.52,0.0
20231121:1230,2.0,6.78,2.9,1.64,3.66,0.0
20231121:1330,18.92,14.61,12.57,1.22,3.52,0.0
20231121:1430,98.12,41.46,20.81,1.19,3.52,0.0
20231121:1530,94.0,40.37,27.0,1.81,3.59,0.0
20231121:1630,89.88,39.17,30.48,2.25,3.59,0.0
20231121:1730,219.24,77.55,30.74,2.67,3.59,0.0
20231121:1830,48.84,25.82,27.76,3.34,3.72,0.0
20231121:1930,59.52,29.53,21.96,4.03,4.14,0.0
20231121:2030,56.12,28.35,14.01,4.86,3.79,0.0
20231121:2130,0.0,4.07,4.54,5.49,3.31,0.0
20231121:2230,0.0,0.0,0.0,5.8,2.55,0.0
20231121:2330,0.0,0.0,0.0,6.01,1.59,0.0
20231122:0030,0.0,0.0,0.0,6.09,1.24,0.0
20231122:0130,0.0,0.0,0.0,6.23,1.52,0.0
20231122:0230,0.0,0.0,0.0,6.47,1.66,0.0
20231122:0330,0.0,0.0,0.0,6.08,1.79,0.0
20231122:0430,0.0,0.0,0.0,6.4,1.86,0.0
20231122:0530,0.0,0.0,0.0,6.72,2.0,0.0
20231122:0630,0.0,0.0,0.0,7.34,1.86,0.0
20231122:0730,0.0,0.0,0.0,7.09,1.86,0.0
20231122:0830,0.0,0.0,0.0,7.07,2.21,0.0
20231122:0930,0.0,0.0,0.0,6.66,2.34,0.0
20231122:1030,0.0,0.0,0.0,6.08,2.34,0.0
20231122:1130,0.0,0.0,0.0,5.4,2.34,0.0
20231122:1230,2.72,7.26,2.7,4.5,2.62,0.0
20231122:1330,54.4,27.77,12.36,3.68,2.9,0.0
20231122:1430,327.92,108.31,20.59,3.16,2.83,0.0
20231122:1530,421.2,134.17,26.77,2.8,2.76,0.0
20231122:1630,785.8,232.76,30.25,3.06,2.97,0.0
20231122:1730,672.52,203.06,30.53,3.5,3.17,0.0
20231122:1830,205.08,73.88,27.58,3.69,3.38,0.0
20231122:1930,233.36,81.88,21.81,3.58,2.97,0.0
20231122:2030,167.64,62.84,13.88,3.42,2.97,0.0
20231122:2130,5.88,8.92,4.43,3.09,2.97,0.0
20231122:2230,0.0,0.0,0.0,2.57,2.97,0.0
20231122:2330,0.0,0.0,0.0,2.17,2.9,0.0
20231123:0030,0.0,0.0,0.0,1.94,2.83,0.0
20231123:0130,0.0,0.0,0.0,1.8,2.76,0.0
20231123:0230,0.0,0.0,0.0,1.77,2.9,0.0
20231123:0330,0.0,0.0,0.0,1.74,2.76,0.0
20231123:0430,0.0,0.0,0.0,1.65,2.76,0.0
20231123:0530,0.0,0.0,0.0,1.48,2.76,0.0
20231123:0630,0.0,0.0,0.0,1.21,2.97,0.0
20231123:0730,0.0,0.0,0.0,1.1,3.24,0.0
20231123:0830,0.0,0.0,0.0,0.8,3.45,0.0
20231123:0930,0.0,0.0,0.0,0.39,3.31,0.0
20231123:1030,0.0,0.0,0.0,0.1,2.97,0.0
20231123:1130,0.0,0.0,0.0,0.01,2.55,0.0
20231123:1230,12.2,11.76,2.51,-0.17,1.93,0.0
20231123:1330,1312.16,379.06,12.16,0.19,1.66,0.0
20231123:1430,2168.04,619.29,20.37,1.6,2.62,0.0
20231123:1530,2638.84,767.6,26.55,3.22,2.62,0.0
20231123:1630,2932.64,864.8,30.03,4.93,2.97,0.0
20231123:1730,3036.12,906.4,30.33,6.44,2.9,0.0
20231123:1830,2802.32,836.41,27.39,7.67,2.76,0.0
20231123:1930,2273.44,673.09,21.65,8.43,2.55,0.0
20231123:2030,1496.0,442.94,13.76,8.16,2.55,0.0
20231123:2130,21.56,16.0,4.33,7.03,2.21,0.0
20231123:2230,0.0,0.0,0.0,5.16,1.86,0.0
20231123:2330,0.0,0.0,0.0,3.72,1.59,0.0
20231124:0030,0.0,0.0,0.0,2.7,1.59,0.0
20231124:0130,0.0,0.0,0.0,1.96,1.59,0.0
20231124:0230,0.0,0.0,0.0,1.42,1.52,0.0
20231124:0330,0.0,0.0,0.0,0.93,1.45,0.0
20231124:0430,0.0,0.0,0.0,0.58,1.38,0.0
20231124:0530,0.0,0.0,0.0,0.31,1.31,0.0
20231124:0630,0.0,0.0,0.0,0.04,1.17,0.0
20231124:0730,0.0,0.0,0.0,-0.63,0.9,0.0
20231124:0830,0.0,0.0,0.0,-0.99,0.83,0.0
20231124:0930,0.0,0.0,0.0,-1.28,0.83,0.0
20231124:1030,0.0,0.0,0.0,-1.36,0.83,0.0
20231124:1130,0.0,0.0,0.0,-1.26,0.83,0.0
20231124:1230,21.48,15.57,2.32,-0.99,0.69,0.0
20231124:1330,637.72,192.61,11.95,-0.3,0.62,0.0
20231124:1430,1404.0,406.96,20.16,2.13,0.62,0.0
20231124:1530,2181.24,639.44,26.33,3.62,1.17,0.0
20231124:1630,2281.44,668.46,29.82,5.02,2.07,0.0
20231124:1730,2056.96,601.6,30.13,5.53,2.07,0.0
20231124:1830,2415.48,710.2,27.22,5.69,2.21,0.0
20231124:1930,1907.12,554.94,21.51,5.79,2.34,0.0
20231124:2030,1149.84,338.15,13.64,5.13,2.28,0.0
20231124:2130,27.2,18.06,4.24,4.05,2.0,0.0
20231124:2230,0.0,0.0,0.0,2.89,1.79,0.0
20231124:2330,0.0,0.0,0.0,1.79,1.66,0.0
20231125:0030,0.0,0.0,0.0,1.07,1.79,0.0
20231125:0130,0.0,0.0,0.0,0.39,1.93,0.0
20231125:0230,0.0,0.0,0.0,-0.28,1.86,0.0
20231125:0330,0.0,0.0,0.0,-0.95,1.79,0.0
20231125:0430,0.0,0.0,0.0,-1.52,1.59,0.0
20231125:0530,0.0,0.0,0.0,-1.98,1.31,0.0
20231125:0630,0.0,0.0,0.0,-2.26,1.24,0.0
20231125:0730,0.0,0.0,0.0,-2.4,1.38,0.0
20231125:0830,0.0,0.0,0.0,-2.63,1.45,0.0
20231125:0930,0.0,0.0,0.0,-2.79,1.45,0.0
20231125:1030,0.0,0.0,0.0,-2.73,1.45,0.0
20231125:1130,0.0,0.0,0.0,-2.81,1.52,0.0
20231125:1230,24.72,16.7,2.13,-2.83,1.79,0.0
20231125:1330,1368.72,390.22,11.75,-2.58,1.79,0.0
20231125:1430,2348.96,668.62,19.95,-1.38,2.0,0.0
20231125:1530,2871.24,836.7,26.12,0.28,1.93,0.0
20231125:1630,3108.04,926.02,29.61,2.0,1.72,0.0
20231125:1730,3039.44,912.19,29.94,3.48,1.59,0.0
20231125:1830,2813.28,844.77,27.05,4.48,1.31,0.0
20231125:1930,2307.92,681.5,21.37,4.9,1.38,0.0
20231125:2030,1434.24,421.11,13.53,4.82,1.52,0.0
20231125:2130,21.0,15.61,4.15,3.66,1.38,0.0
20231125:2230,0.0,0.0,0.0,1.49,1.72,0.0
20231125:2330,0.0,0.0,0.0,0.18,1.72,0.0
20231126:0030,0.0,0.0,0.0,-0.41,1.59,0.0
20231126:0130,0.0,0.0,0.0,-0.79,1.59,0.0
20231126:0230,0.0,0.0,0.0,-0.92,1.59,0.0
20231126:0330,0.0,0.0,0.0,-0.89,1.59,0.0
20231126:0430,0.0,0.0,0.0,-0.79,1.66,0.0
20231126:0530,0.0,0.0,0.0,-0.79,1.59,0.0
20231126:0630,0.0,0.0,0.0,-0.92,1.59,0.0
20231126:0730,0.0,0.0,0.0,-0.84,1.59,0.0
20231126:0830,0.0,0.0,0.0,-0.74,1.59,0.0
20231126:0930,0.0,0.0,0.0,-0.79,1.59,0.0
20231126:1030,0.0,0.0,0.0,-0.82,1.52,0.0
20231126:1130,0.0,0.0,0.0,-0.81,1.52,0.0
20231126:1230,9.24,10.41,1.94,-1.12,1.52,0.0
20231126:1330,1378.56,397.41,11.56,-0.65,1.45,0.0
20231126:1430,2211.24,644.04,19.74,2.35,1.31,0.0
20231126:1530,2741.28,820.29,25.91,5.3,1.59,0.0
20231126:1630,2088.44,617.57,29.41,7.36,1.93,0.0
20231126:1730,1287.92,380.56,29.75,7.77,2.21,0.0
20231126:1830,1963.48,576.74,26.89,7.52,2.28,0.0
20231126:1930,1755.04,517.69,21.24,8.52,2.07,0.0
20231126:2030,895.6,270.24,13.42,8.03,2.14,0.0
20231126:2130,18.8,14.87,4.06,6.78,2.07,0.0
20231126:2230,0.0,0.0,0.0,4.93,2.28,0.0
20231126:2330,0.0,0.0,0.0,3.98,2.14,0.0
20231127:0030,0.0,0.0,0.0,3.77,2.21,0.0
20231127:0130,0.0,0.0,0.0,3.74,2.48,0.0
20231127:0230,0.0,0.0,0.0,3.52,2.48,0.0
20231127:0330,0.0,0.0,0.0,3.93,2.62,0.0
20231127:0430,0.0,0.0,0.0,4.1,2.83,0.0
20231127:0530,0.0,0.0,0.0,3.99,3.03,0.0
20231127:0630,0.0,0.0,0.0,3.84,2.76,0.0
20231127:0730,0.0,0.0,0.0,3.42,2.9,0.0
20231127:0830,0.0,0.0,0.0,2.58,2.76,0.0
20231127:0930,0.0,0.0,0.0,1.55,2.76,0.0
20231127:1030,0.0,0.0,0.0,0.09,4.07,0.0
20231127:1130,0.0,0.0,0.0,-0.74,4.34,0.0
20231127:1230,5.72,8.7,1.75,-1.68,4.34,0.0
20231127:1330,235.88,80.77,11.36,-2.21,4.34,0.0
20231127:1430,212.28,74.31,19.54,-2.31,4.69,0.0
20231127:1530,393.72,123.83,25.71,-2.51,4.55,0.0
20231127:1630,900.16,256.62,29.21,-2.59,4.48,0.0
20231127:1730,1138.16,321.04,29.57,-2.38,4.34,0.0
20231127:1830,677.96,198.99,26.74,-2.08,4.28,0.0
20231127:1930,1338.88,373.11,21.11,-1.87,4.21,0.0
20231127:2030,978.56,279.2,13.32,-1.93,4.14,0.0
20231127:2130,29.92,18.67,3.99,-2.29,3.93,0.0
20231127:2230,0.0,0.0,0.0,-2.8,3.66,0.0
20231127:2330,0.0,0.0,0.0,-3.04,3.59,0.0
20231128:0030,0.0,0.0,0.0,-3.1,3.86,0.0
20231128:0130,0.0,0.0,0.0,-3.31,3.38,0.0
20231128:0230,0.0,0.0,0.0,-3.25,3.31,0.0
20231128:0330,0.0,0.0,0.0,-3.25,3.17,0.0
20231128:0430,0.0,0.0,0.0,-3.47,3.31,0.0
20231128:0530,0.0,0.0,0.0,-3.7,3.93,0.0
20231128:0630,0.0,0.0,0.0,-3.92,4.14,0.0
20231128:0730,0.0,0.0,0.0,-3.84,4.07,0.0
20231128:0830,0.0,0.0,0.0,-4.05,4.0,0.0
20231128:0930,0.0,0.0,0.0,-4.17,4.97,0.0
20231128:1030,0.0,0.0,0.0,-4.36,4.62,0.0
20231128:1130,0.0,0.0,0.0,-4.4,4.48,0.0
20231128:1230,9.88,10.58,1.57,-4.73,4.55,0.0
20231128:1330,927.56,263.94,11.17,-4.92,4.07,0.0
20231128:1430,1654.4,452.93,19.35,-5.2,4.28,0.0
20231128:1530,2246.4,611.97,25.51,-5.17,4.28,0.0
20231128:1630,3212.0,894.25,29.02,-5.39,4.28,0.0
20231128:1730,2630.24,720.12,29.4,-4.9,5.45,0.0
20231128:1830,2622.76,717.33,26.59,-4.74,5.72,0.0
20231128:1930,1882.68,513.6,20.99,-4.79,5.1,0.0
20231128:2030,1283.16,355.81,13.23,-5.13,4.83,0.0
20231128:2130,25.52,16.83,3.92,-5.76,4.14,0.0
20231128:2230,0.0,0.0,0.0,-6.56,3.86,0.0
20231128:2330,0.0,0.0,0.0,-7.02,3.66,0.0
20231129:0030,0.0,0.0,0.0,-7.36,3.38,0.0
20231129:0130,0.0,0.0,0.0,-7.46,3.17,0.0
20231129:0230,0.0,0.0,0.0,-7.68,3.03,0.0
20231129:0330,0.0,0.0,0.0,-7.9,2.48,0.0
20231129:0430,0.0,0.0,0.0,-8.08,2.21,0.0
20231129:0530,0.0,0.0,0.0,-8.21,2.07,0.0
20231129:0630,0.0,0.0,0.0,-8.34,1.93,0.0
20231129:0730,0.0,0.0,0.0,-8.86,1.59,0.0
20231129:0830,0.0,0.0,0.0,-8.88,1.45,0.0
20231129:0930,0.0,0.0,0.0,-8.89,1.52,0.0
20231129:1030,0.0,0.0,0.0,-8.83,1.59,0.0
20231129:1130,0.0,0.0,0.0,-8.73,1.66,0.0
20231129:1230,7.64,9.44,1.39,-8.61,1.66,0.0
20231129:1330,1484.0,414.3,10.99,-7.98,1.38,0.0
20231129:1430,2207.8,612.84,19.16,-5.94,2.0,0.0
20231129:1530,2868.2,811.82,25.32,-3.8,2.55,0.0
20231129:1630,3205.56,925.87,28.84,-1.67,2.69,0.0
20231129:1730,3227.44,941.33,29.23,0.06,2.69,0.0
20231129:1830,2543.32,730.49,26.45,1.42,2.62,0.0
20231129:1930,1654.92,471.77,20.88,2.23,2.48,0.0
20231129:2030,1093.12,317.7,13.14,2.16,2.21,0.0
20231129:2130,13.44,12.37,3.85,1.62,2.14,0.0
20231129:2230,0.0,0.0,0.0,0.47,2.34,0.0
20231129:2330,0.0,0.0,0.0,-0.44,2.55,0.0
20231130:0030,0.0,0.0,0.0,-0.87,2.76,0.0
20231130:0130,0.0,0.0,0.0,-1.2,2.9,0.0
20231130:0230,0.0,0.0,0.0,-1.34,2.97,0.0
20231130:0330,0.0,0.0,0.0,-1.63,2.9,0.0
20231130:0430,0.0,0.0,0.0,-1.92,2.62,0.0
20231130:0530,0.0,0.0,0.0,-2.23,2.34,0.0
20231130:0630,0.0,0.0,0.0,-2.46,2.14,0.0
20231130:0730,0.0,0.0,0.0,-2.01,2.0,0.0
20231130:0830,0.0,0.0,0.0,-2.0,1.86,0.0
20231130:0930,0.0,0.0,0.0,-2.08,1.72,0.0
20231130:1030,0.0,0.0,0.0,-2.14,1.79,0.0
20231130:1130,0.0,0.0,0.0,-2.14,1.86,0.0
20231130:1230,9.12,10.32,1.22,-2.09,1.79,0.0
20231130:1330,1270.6,365.58,10.81,-1.4,1.66,0.0
20231130:1430,2182.0,631.98,18.97,1.58,1.45,0.0
20231130:1530,2679.52,796.32,25.13,5.09,1.86,0.0
20231130:1630,2845.08,852.87,28.66,7.18,2.48,0.0
20231130:1730,2774.72,831.87,29.07,8.29,2.76,0.0
20231130:1830,2347.08,697.94,26.32,8.82,2.62,0.0
20231130:1930,1838.6,544.25,20.77,9.47,2.48,0.0
20231130:2030,1002.0,302.3,13.06,9.13,2.07,0.0
20231130:2130,31.96,20.11,3.79,7.67,1.93,0.0
20231130:2230,0.0,0.0,0.0,5.48,1.93,0.0
20231130:2330,0.0,0.0,0.0,3.68,2.07,0.0
20231201:0030,0.0,0.0,0.0,2.48,2.21,0.0
20231201:0130,0.0,0.0,0.0,1.84,2.21,0.0
20231201:0230,0.0,0.0,0.0,1.56,2.21,0.0
20231201:0330,0.0,0.0,0.0,1.41,2.14,0.0
20231201:0430,0.0,0.0,0.0,1.49,2.14,0.0
20231201:0530,0.0,0.0,0.0,1.47,2.0,0.0
20231201:0630,0.0,0.0,0.0,1.57,1.79,0.0
20231201:0730,0.0,0.0,0.0,1.7,1.72,0.0
20231201:0830,0.0,0.0,0.0,1.6,1.72,0.0
20231201:0930,0.0,0.0,0.0,1.2,1.72,0.0
20231201:1030,0.0,0.0,0.0,1.18,1.52,0.0
20231201:1130,0.0,0.0,0.0,1.4,1.31,0.0
20231201:1230,0.92,6.12,1.05,1.69,1.38,0.0
20231201:1330,74.08,34.1,10.63,1.85,1.24,0.0
20231201:1430,317.0,104.5,18.79,2.54,1.03,0.0
20231201:1530,410.04,131.7,24.95,4.0,0.76,0.0
20231201:1630,252.96,87.96,28.49,4.49,1.03,0.0
20231201:1730,304.8,102.38,28.92,4.91,1.38,0.0
20231201:1830,64.24,31.29,26.19,5.34,1.79,0.0
20231201:1930,72.76,34.01,20.67,4.92,2.55,0.0
20231201:2030,14.16,12.84,12.99,5.55,2.41,0.0
20231201:2130,0.0,3.85,3.74,5.89,2.34,0.0
20231201:2230,0.0,0.0,0.0,6.14,2.21,0.0
20231201:2330,0.0,0.0,0.0,6.37,2.07,0.0
20231202:0030,0.0,0.0,0.0,6.59,2.0,0.0
20231202:0130,0.0,0.0,0.0,6.85,1.93,0.0
20231202:0230,0.0,0.0,0.0,7.13,1.86,0.0
20231202:0330,0.0,0.0,0.0,7.41,1.93,0.0
20231202:0430,0.0,0.0,0.0,7.9,2.14,0.0
20231202:0530,0.0,0.0,0.0,8.5,2.34,0.0
20231202:0630,0.0,0.0,0.0,8.89,2.07,0.0
20231202:0730,0.0,0.0,0.0,9.06,2.07,0.0
20231202:0830,0.0,0.0,0.0,9.6,2.69,0.0
20231202:0930,0.0,0.0,0.0,10.32,3.24,0.0
20231202:1030,0.0,0.0,0.0,10.43,3.24,0.0
20231202:1130,0.0,0.0,0.0,10.38,2.83,0.0
20231202:1230,0.0,4.85,0.88,10.38,2.41,0.0
20231202:1330,123.56,51.12,10.45,10.4,1.86,0.0
20231202:1430,366.96,121.78,18.61,10.44,1.38,0.0
20231202:1530,385.16,127.69,24.78,10.56,1.03,0.0
20231202:1630,606.2,191.34,28.32,10.79,1.1,0.0
20231202:1730,637.76,200.4,28.78,11.28,1.45,0.0
20231202:1830,937.76,285.28,26.07,11.81,1.59,0.0
20231202:1930,854.96,262.16,20.58,12.08,1.59,0.0
20231202:2030,515.84,166.94,12.92,12.19,1.17,0.0
20231202:2130,25.56,17.88,3.69,11.65,0.55,0.0
20231202:2230,0.0,0.0,0.0,10.72,0.62,0.0
20231202:2330,0.0,0.0,0.0,9.77,0.97,0.0
20231203:0030,0.0,0.0,0.0,8.85,1.1,0.0
20231203:0130,0.0,0.0,0.0,7.79,1.17,0.0
20231203:0230,0.0,0.0,0.0,7.55,1.24,0.0
20231203:0330,0.0,0.0,0.0,7.38,1.31,0.0
20231203:0430,0.0,0.0,0.0,7.32,1.38,0.0
20231203:0530,0.0,0.0,0.0,7.39,1.45,0.0
20231203:0630,0.0,0.0,0.0,7.38,1.66,0.0
20231203:0730,0.0,0.0,0.0,8.18,1.59,0.0
20231203:0830,0.0,0.0,0.0,8.41,1.66,0.0
20231203:0930,0.0,0.0,0.0,8.7,1.79,0.0
20231203:1030,0.0,0.0,0.0,8.9,1.72,0.0
20231203:1130,0.0,0.0,0.0,9.11,1.72,0.0
20231203:1230,0.0,2.05,0.71,9.44,1.66,0.0
20231203:1330,74.4,35.18,10.29,9.76,1.86,0.0
20231203:1430,138.88,55.8,18.44,10.38,1.93,0.0
20231203:1530,704.88,217.72,24.61,11.06,2.07,0.0
20231203:1630,804.28,245.9,28.17,11.95,2.48,0.0
20231203:1730,1224.16,364.57,28.64,11.3,3.03,0.0
20231203:1830,1032.16,309.26,25.96,11.3,2.83,0.0
20231203:1930,838.24,254.14,20.5,11.25,3.1,0.0
20231203:2030,544.64,172.59,12.86,10.15,2.76,0.0
20231203:2130,12.6,12.29,3.65,8.9,2.9,0.0
20231203:2230,0.0,0.0,0.0,7.76,4.0,0.0
20231203:2330,0.0,0.0,0.0,7.37,3.72,0.0
20231204:0030,0.0,0.0,0.0,6.64,3.79,0.0
20231204:0130,0.0,0.0,0.0,6.03,3.72,0.0
20231204:0230,0.0,0.0,0.0,5.59,3.79,0.0
20231204:0330,0.0,0.0,0.0,4.92,3.79,0.0
20231204:0430,0.0,0.0,0.0,4.24,3.66,0.0
20231204:0530,0.0,0.0,0.0,3.76,3.66,0.0
20231204:0630,0.0,0.0,0.0,3.44,3.66,0.0
20231204:0730,0.0,0.0,0.0,2.95,3.52,0.0
20231204:0830,0.0,0.0,0.0,2.62,3.31,0.0
20231204:0930,0.0,0.0,0.0,2.12,3.03,0.0
20231204:1030,0.0,0.0,0.0,1.72,2.9,0.0
20231204:1130,0.0,0.0,0.0,1.46,2.9,0.0
20231204:1230,7.96,9.88,0.55,1.11,2.69,0.0
20231204:1330,393.04,126.02,10.12,1.25,2.41,0.0
20231204:1430,434.76,137.25,18.28,2.02,2.97,0.0
20231204:1530,672.2,201.83,24.45,2.58,2.69,0.0
20231204:1630,917.28,269.68,28.01,3.49,2.69,0.0
20231204:1730,1297.6,375.29,28.51,4.4,2.62,0.0
20231204:1830,1110.52,323.71,25.85,5.16,2.55,0.0
20231204:1930,332.08,110.89,20.42,5.81,2.76,0.0
20231204:2030,185.76,68.82,12.81,5.29,2.76,0.0
20231204:2130,15.68,13.47,3.62,4.73,2.69,0.0
20231204:2230,0.0,0.0,0.0,3.77,2.41,0.0
20231204:2330,0.0,0.0,0.0,2.97,2.14,0.0
20231205:0030,0.0,0.0,0.0,2.19,2.14,0.0
20231205:0130,0.0,0.0,0.0,1.68,2.34,0.0
20231205:0230,0.0,0.0,0.0,1.27,2.28,0.0
20231205:0330,0.0,0.0,0.0,0.99,2.21,0.0
20231205:0430,0.0,0.0,0.0,0.46,2.34,0.0
20231205:0530,0.0,0.0,0.0,0.08,2.34,0.0
20231205:0630,0.0,0.0,0.0,-0.29,2.21,0.0
20231205:0730,0.0,0.0,0.0,-0.52,2.07,0.0
20231205:0830,0.0,0.0,0.0,-0.75,1.79,0.0
20231205:0930,0.0,0.0,0.0,-0.84,1.38,0.0
20231205:1030,0.0,0.0,0.0,-0.65,1.59,0.0
20231205:1130,0.0,0.0,0.0,-0.74,1.17,0.0
20231205:1230,1.92,6.69,0.39,-0.72,1.17,0.0
20231205:1330,74.04,33.79,9.96,-0.62,1.24,0.0
20231205:1430,310.48,102.57,18.12,-0.28,1.45,0.0
20231205:1530,464.6,145.31,24.29,0.34,1.86,0.0
20231205:1630,937.08,272.7,27.87,0.92,1.79,0.0
20231205:1730,877.6,257.43,28.38,1.83,1.79,0.0
20231205:1830,1034.4,301.17,25.75,2.16,1.79,0.0
20231205:1930,829.56,245.51,20.35,3.34,1.66,0.0
20231205:2030,165.28,62.27,12.76,3.41,1.66,0.0
20231205:2130,11.84,11.72,3.59,2.6,1.03,0.0
20231205:2230,0.0,0.0,0.0,1.63,0.83,0.0
20231205:2330,0.0,0.0,0.0,1.03,0.69,0.0
20231206:0030,0.0,0.0,0.0,0.59,0.34,0.0
20231206:0130,0.0,0.0,0.0,0.23,0.34,0.0
20231206:0230,0.0,0.0,0.0,0.09,0.41,0.0
20231206:0330,0.0,0.0,0.0,-0.08,0.48,0.0
20231206:0430,0.0,0.0,0.0,-0.4,0.62,0.0
20231206:0530,0.0,0.0,0.0,-0.42,0.69,0.0
20231206:0630,0.0,0.0,0.0,-0.62,0.83,0.0
20231206:0730,0.0,0.0,0.0,-0.09,0.97,0.0
20231206:0830,0.0,0.0,0.0,-0.35,1.31,0.0
20231206:0930,0.0,0.0,0.0,-0.61,1.66,0.0
20231206:1030,0.0,0.0,0.0,-0.94,2.0,0.0
20231206:1130,0.0,0.0,0.0,-1.33,2.0,0.0
20231206:1230,3.12,7.35,0.24,-1.77,2.07,0.0
20231206:1330,511.8,156.53,9.8,-2.19,2.28,0.0
20231206:1430,1366.56,383.08,17.96,-1.98,2.9,0.0
20231206:1530,2194.04,613.35,24.14,-1.67,3.24,0.0
20231206:1630,1840.84,513.31,27.73,-0.7,4.14,0.0
20231206:1730,1429.72,400.6,28.26,-0.12,4.21,0.0
20231206:1830,1375.64,386.76,25.66,-0.08,4.14,0.0
20231206:1930,1221.76,344.96,20.28,0.0,4.07,0.0
20231206:2030,706.6,208.62,12.72,0.06,4.0,0.0
20231206:2130,26.52,17.53,3.57,-0.33,3.24,0.0
20231206:2230,0.0,0.0,0.0,-1.03,2.83,0.0
20231206:2330,0.0,0.0,0.0,-1.43,2.76,0.0
20231207:0030,0.0,0.0,0.0,-1.83,2.76,0.0
20231207:0130,0.0,0.0,0.0,-2.01,2.69,0.0
20231207:0230,0.0,0.0,0.0,-2.05,2.62,0.0
20231207:0330,0.0,0.0,0.0,-2.26,2.55,0.0
20231207:0430,0.0,0.0,0.0,-2.29,2.41,0.0
20231207:0530,0.0,0.0,0.0,-2.42,2.28,0.0
20231207:0630,0.0,0.0,0.0,-2.55,2.21,0.0
20231207:0730,0.0,0.0,0.0,-2.25,2.14,0.0
20231207:0830,0.0,0.0,0.0,-2.17,2.48,0.0
20231207:0930,0.0,0.0,0.0,-2.13,2.55,0.0
20231207:1030,0.0,0.0,0.0,-2.11,2.62,0.0
20231207:1130,0.0,0.0,0.0,-1.87,2.48,0.0
20231207:1230,0.0,5.12,0.09,-1.68,2.34,0.0
20231207:1330,372.64,119.16,9.65,-1.41,2.21,0.0
20231207:1430,627.48,186.53,17.81,-0.59,2.55,0.0
20231207:1530,1494.04,422.41,24.0,0.59,2.9,0.0
20231207:1630,2206.96,628.34,27.6,2.35,3.31,0.0
20231207:1730,2488.6,716.51,28.16,3.98,3.59,0.0
20231207:1830,2777.4,808.13,25.58,4.95,3.72,0.0
20231207:1930,2265.04,656.41,20.22,6.13,3.66,0.0
20231207:2030,1481.72,432.64,12.68,6.14,3.24,0.0
20231207:2130,16.36,13.77,3.55,5.42,3.1,0.0
20231207:2230,0.0,0.0,0.0,3.92,2.69,0.0
20231207:2330,0.0,0.0,0.0,3.09,2.41,0.0
20231208:0030,0.0,0.0,0.0,2.71,2.34,0.0
20231208:0130,0.0,0.0,0.0,2.52,2.28,0.0
20231208:0230,0.0,0.0,0.0,2.35,2.28,0.0
20231208:0330,0.0,0.0,0.0,2.29,2.28,0.0
20231208:0430,0.0,0.0,0.0,2.2,2.28,0.0
20231208:0530,0.0,0.0,0.0,2.05,2.14,0.0
20231208:0630,0.0,0.0,0.0,1.89,2.0,0.0
20231208:0730,0.0,0.0,0.0,2.09,1.93,0.0
20231208:0830,0.0,0.0,0.0,2.0,1.79,0.0
20231208:0930,0.0,0.0,0.0,1.83,1.72,0.0
20231208:1030,0.0,0.0,0.0,1.63,1.59,0.0
20231208:1130,0.0,0.0,0.0,1.24,1.52,0.0
20231208:1230,0.0,0.0,-0.06,1.26,1.52,0.0
20231208:1330,583.56,179.09,9.51,1.49,1.52,0.0
20231208:1430,1714.44,498.76,17.67,3.51,1.1,0.0
20231208:1530,2436.52,739.13,23.86,8.43,1.03,0.0
20231208:1630,2767.92,855.25,27.48,11.17,1.59,0.0
20231208:1730,2773.44,858.91,28.05,12.62,1.93,0.0
20231208:1830,2594.84,801.57,25.5,13.49,1.93,0.0
20231208:1930,2146.32,654.65,20.17,13.99,2.07,0.0
20231208:2030,1415.0,432.82,12.66,13.78,1.59,0.0
20231208:2130,15.2,13.6,3.54,12.25,1.52,0.0
20231208:2230,0.0,0.0,0.0,10.17,1.93,0.0
20231208:2330,0.0,0.0,0.0,8.01,2.0,0.0
20231209:0030,0.0,0.0,0.0,6.55,2.07,0.0
20231209:0130,0.0,0.0,0.0,5.48,2.14,0.0
20231209:0230,0.0,0.0,0.0,4.8,2.07,0.0
20231209:0330,0.0,0.0,0.0,4.31,2.0,0.0
20231209:0430,0.0,0.0,0.0,3.98,1.86,0.0
20231209:0530,0.0,0.0,0.0,3.68,1.72,0.0
20231209:0630,0.0,0.0,0.0,3.47,1.59,0.0
20231209:0730,0.0,0.0,0.0,3.63,1.59,0.0
20231209:0830,0.0,0.0,0.0,3.06,1.52,0.0
20231209:0930,0.0,0.0,0.0,2.73,1.52,0.0
20231209:1030,0.0,0.0,0.0,2.26,1.45,0.0
20231209:1130,0.0,0.0,0.0,2.03,1.38,0.0
20231209:1230,0.0,0.0,-0.2,2.33,1.45,0.0
20231209:1330,641.88,196.48,9.36,2.93,1.45,0.0
20231209:1430,1364.56,399.46,17.53,5.69,1.24,0.0
20231209:1530,1881.24,565.7,23.73,10.45,1.1,0.0
20231209:1630,1786.44,539.4,27.36,11.74,1.24,0.0
20231209:1730,1283.84,387.58,27.96,12.51,1.03,0.0
20231209:1830,1440.04,435.87,25.43,13.15,1.31,0.0
20231209:1930,1573.48,473.27,20.13,13.12,2.0,0.0
20231209:2030,982.48,302.09,12.63,13.56,1.93,0.0
20231209:2130,16.76,14.3,3.54,12.94,2.0,0.0
20231209:2230,0.0,0.0,0.0,10.81,2.28,0.0
20231209:2330,0.0,0.0,0.0,9.44,2.34,0.0
20231210:0030,0.0,0.0,0.0,8.85,2.41,0.0
20231210:0130,0.0,0.0,0.0,8.87,2.55,0.0
20231210:0230,0.0,0.0,0.0,9.19,2.62,0.0
20231210:0330,0.0,0.0,0.0,9.21,2.69,0.0
20231210:0430,0.0,0.0,0.0,9.48,2.76,0.0
20231210:0530,0.0,0.0,0.0,9.45,2.83,0.0
20231210:0630,0.0,0.0,0.0,9.52,2.83,0.0
20231210:0730,0.0,0.0,0.0,10.78,3.1,0.0
20231210:0830,0.0,0.0,0.0,10.75,2.9,0.0
20231210:0930,0.0,0.0,0.0,10.63,2.62,0.0
20231210:1030,0.0,0.0,0.0,10.24,2.48,0.0
20231210:1130,0.0,0.0,0.0,10.28,2.28,0.0
20231210:1230,0.0,0.0,-0.34,10.11,1.86,0.0
20231210:1330,2.12,7.0,9.23,9.86,1.17,0.0
20231210:1430,11.48,11.82,17.39,9.75,0.62,0.0
20231210:1530,67.72,32.96,23.6,9.51,1.31,0.0
20231210:1630,77.96,36.3,27.25,8.91,1.59,0.0
20231210:1730,152.24,59.53,27.87,7.89,1.66,0.0
20231210:1830,88.8,39.49,25.37,6.65,2.14,0.0
20231210:1930,30.36,19.38,20.09,5.89,1.72,0.0
20231210:2030,5.48,8.76,12.62,4.94,1.86,0.0
20231210:2130,0.0,2.1,3.54,4.05,1.93,0.0
20231210:2230,0.0,0.0,0.0,3.23,2.41,0.0
20231210:2330,0.0,0.0,0.0,2.27,2.83,0.0
20231211:0030,0.0,0.0,0.0,1.37,2.76,0.0
20231211:0130,0.0,0.0,0.0,0.54,3.31,0.0
20231211:0230,0.0,0.0,0.0,0.17,3.45,0.0
20231211:0330,0.0,0.0,0.0,-0.17,3.66,0.0
20231211:0430,0.0,0.0,0.0,-0.67,3.72,0.0
20231211:0530,0.0,0.0,0.0,-1.06,3.45,0.0
20231211:0630,0.0,0.0,0.0,-1.3,3.1,0.0
20231211:0730,0.0,0.0,0.0,-1.82,3.24,0.0
20231211:0830,0.0,0.0,0.0,-1.89,3.17,0.0
20231211:0930,0.0,0.0,0.0,-1.96,3.45,0.0
20231211:1030,0.0,0.0,0.0,-1.92,3.38,0.0
20231211:1130,0.0,0.0,0.0,-2.0,3.52,0.0
20231211:1230,0.0,0.0,-0.47,-1.98,3.59,0.0
20231211:1330,157.32,58.74,9.09,-1.84,3.72,0.0
20231211:1430,1359.32,380.28,17.27,-1.46,4.14,0.0
20231211:1530,2119.28,590.42,23.49,-0.85,4.48,0.0
20231211:1630,2023.8,564.62,27.15,-0.3,4.69,0.0
20231211:1730,2600.28,733.2,27.79,-0.07,4.28,0.0
20231211:1830,2129.2,596.05,25.31,0.13,4.48,0.0
20231211:1930,1554.44,435.88,20.06,0.08,4.28,0.0
20231211:2030,939.56,271.01,12.61,-0.09,3.93,0.0
20231211:2130,25.4,17.1,3.55,-0.5,3.31,0.0
20231211:2230,0.0,0.0,0.0,-1.31,2.55,0.0
20231211:2330,0.0,0.0,0.0,-2.05,2.21,0.0
20231212:0030,0.0,0.0,0.0,-2.3,2.14,0.0
20231212:0130,0.0,0.0,0.0,-2.52,2.07,0.0
20231212:0230,0.0,0.0,0.0,-2.68,1.93,0.0
20231212:0330,0.0,0.0,0.0,-2.86,1.86,0.0
20231212:0430,0.0,0.0,0.0,-2.96,1.79,0.0
20231212:0530,0.0,0.0,0.0,-3.07,1.79,0.0
20231212:0630,0.0,0.0,0.0,-3.13,1.86,0.0
20231212:0730,0.0,0.0,0.0,-3.6,1.72,0.0
20231212:0830,0.0,0.0,0.0,-4.65,1.59,0.0
20231212:0930,0.0,0.0,0.0,-4.6,1.45,0.0
20231212:1030,0.0,0.0,0.0,-4.29,1.45,0.0
20231212:1130,0.0,0.0,0.0,-3.47,1.45,0.0
20231212:1230,0.0,0.0,-0.6,-3.4,1.45,0.0
20231212:1330,1273.44,365.95,8.97,-2.96,1.45,0.0
20231212:1430,2162.92,617.49,17.14,-1.07,1.59,0.0
20231212:1530,2750.36,800.25,23.37,1.17,2.07,0.0
20231212:1630,3062.2,903.05,27.05,3.14,2.62,0.0
20231212:1730,3104.0,918.73,27.72,4.44,2.97,0.0
20231212:1830,2875.16,844.35,25.27,5.1,3.24,0.0
20231212:1930,2378.72,690.68,20.04,5.38,3.31,0.0
20231212:2030,1565.96,455.73,12.61,5.06,2.83,0.0
20231212:2130,20.52,15.43,3.57,4.04,2.55,0.0
20231212:2230,0.0,0.0,0.0,2.02,2.34,0.0
20231212:2330,0.0,0.0,0.0,0.99,2.34,0.0
20231213:0030,0.0,0.0,0.0,0.76,2.48,0.0
20231213:0130,0.0,0.0,0.0,0.65,2.62,0.0
20231213:0230,0.0,0.0,0.0,0.52,2.55,0.0
20231213:0330,0.0,0.0,0.0,0.34,2.55,0.0
20231213:0430,0.0,0.0,0.0,0.16,2.55,0.0
20231213:0530,0.0,0.0,0.0,-0.02,2.55,0.0
20231213:0630,0.0,0.0,0.0,-0.24,2.48,0.0
20231213:0730,0.0,0.0,0.0,0.1,2.48,0.0
20231213:0830,0.0,0.0,0.0,-0.19,2.55,0.0
20231213:0930,0.0,0.0,0.0,-0.6,2.48,0.0
20231213:1030,0.0,0.0,0.0,-1.05,2.34,0.0
20231213:1130,0.0,0.0,0.0,-1.39,2.07,0.0
20231213:1230,0.0,0.0,-0.73,-1.65,1.93,0.0
20231213:1330,1247.84,360.21,8.85,-1.77,1.72,0.0
20231213:1430,2082.88,591.55,17.03,-0.91,2.0,0.0
20231213:1530,2616.96,753.47,23.27,0.25,2.21,0.0
20231213:1630,3017.88,883.04,26.97,1.43,2.41,0.0
20231213:1730,3076.4,903.28,27.65,2.24,2.62,0.0
20231213:1830,2879.92,840.6,25.23,2.62,2.69,0.0
20231213:1930,2421.08,698.03,20.02,2.71,2.76,0.0
20231213:2030,1632.48,469.68,12.61,2.34,2.62,0.0
20231213:2130,18.24,14.38,3.59,1.51,2.07,0.0
20231213:2230,0.0,0.0,0.0,0.02,1.79,0.0
20231213:2330,0.0,0.0,0.0,-0.96,1.72,0.0
20231214:0030,0.0,0.0,0.0,-1.46,1.72,0.0
20231214:0130,0.0,0.0,0.0,-1.76,1.72,0.0
20231214:0230,0.0,0.0,0.0,-2.04,1.59,0.0
20231214:0330,0.0,0.0,0.0,-2.37,1.45,0.0
20231214:0430,0.0,0.0,0.0,-2.85,1.31,0.0
20231214:0530,0.0,0.0,0.0,-3.32,1.1,0.0
20231214:0630,0.0,0.0,0.0,-3.42,0.97,0.0
20231214:0730,0.0,0.0,0.0,-3.61,1.03,0.0
20231214:0830,0.0,0.0,0.0,-3.78,0.97,0.0
20231214:0930,0.0,0.0,0.0,-3.9,0.97,0.0
20231214:1030,0.0,0.0,0.0,-3.93,0.97,0.0
20231214:1130,0.0,0.0,0.0,-3.98,0.97,0.0
20231214:1230,0.0,0.0,-0.85,-3.99,1.03,0.0
20231214:1330,1246.92,359.01,8.73,-3.64,0.9,0.0
20231214:1430,2108.88,608.49,16.92,-1.0,0.69,0.0
20231214:1530,2667.2,785.42,23.17,1.42,1.17,0.0
20231214:1630,2961.08,882.99,26.89,3.17,1.66,0.0
20231214:1730,3010.96,897.14,27.59,4.37,2.21,0.0
20231214:1830,2687.76,791.77,25.19,4.89,2.41,0.0
20231214:1930,2282.36,662.85,20.01,4.44,2.55,0.0
20231214:2030,1549.72,450.27,12.62,3.84,2.14,0.0
20231214:2130,17.6,14.17,3.61,2.58,1.59,0.0
20231214:2230,0.0,0.0,0.0,0.65,1.59,0.0
20231214:2330,0.0,0.0,0.0,-0.59,1.45,0.0
20231215:0030,0.0,0.0,0.0,-1.36,1.24,0.0
20231215:0130,0.0,0.0,0.0,-1.78,1.24,0.0
20231215:0230,0.0,0.0,0.0,-2.26,1.24,0.0
20231215:0330,0.0,0.0,0.0,-2.45,1.17,0.0
20231215:0430,0.0,0.0,0.0,-2.56,1.17,0.0
20231215:0530,0.0,0.0,0.0,-2.63,1.17,0.0
20231215:0630,0.0,0.0,0.0,-2.67,1.17,0.0
20231215:0730,0.0,0.0,0.0,-2.65,1.24,0.0
20231215:0830,0.0,0.0,0.0,-2.76,1.17,0.0
20231215:0930,0.0,0.0,0.0,-2.85,1.03,0.0
20231215:1030,0.0,0.0,0.0,-2.79,0.97,0.0
20231215:1130,0.0,0.0,0.0,-2.73,0.9,0.0
20231215:1230,0.0,0.0,-0.96,-2.67,0.83,0.0
20231215:1330,1217.08,353.15,8.62,-2.33,0.76,0.0
20231215:1430,2079.52,606.04,16.81,0.54,0.48,0.0
20231215:1530,2610.72,788.0,23.08,4.78,0.69,0.0
20231215:1630,2893.12,889.91,26.81,6.61,0.9,0.0
20231215:1730,2924.84,906.8,27.54,7.73,0.9,0.0
20231215:1830,2719.12,837.42,25.17,8.43,0.9,0.0
20231215:1930,2275.16,686.54,20.01,8.58,1.1,0.0
20231215:2030,1534.88,460.46,12.64,8.31,0.83,0.0
20231215:2130,17.36,14.3,3.65,7.29,0.69,0.0
20231215:2230,0.0,0.0,0.0,5.53,0.62,0.0
20231215:2330,0.0,0.0,0.0,4.56,0.21,0.0
20231216:0030,0.0,0.0,0.0,3.39,0.21,0.0
20231216:0130,0.0,0.0,0.0,2.45,0.41,0.0
20231216:0230,0.0,0.0,0.0,1.21,0.55,0.0
20231216:0330,0.0,0.0,0.0,0.13,0.62,0.0
20231216:0430,0.0,0.0,0.0,-0.24,0.55,0.0
20231216:0530,0.0,0.0,0.0,-0.32,0.55,0.0
20231216:0630,0.0,0.0,0.0,-0.4,0.62,0.0
20231216:0730,0.0,0.0,0.0,-0.2,0.83,0.0
20231216:0830,0.0,0.0,0.0,-0.12,0.76,0.0
20231216:0930,0.0,0.0,0.0,-0.21,0.9,0.0
20231216:1030,0.0,0.0,0.0,-0.82,1.17,0.0
20231216:1130,0.0,0.0,0.0,-1.23,1.38,0.0
20231216:1230,0.0,0.0,-1.07,-1.35,1.52,0.0
20231216:1330,1136.68,330.33,8.51,-1.2,1.66,0.0
20231216:1430,1945.92,561.52,16.72,1.36,1.31,0.0
20231216:1530,2491.52,744.68,22.99,6.09,1.38,0.0
20231216:1630,2897.0,880.17,26.75,8.23,2.0,0.0
20231216:1730,2935.32,893.7,27.5,9.34,2.34,0.0
20231216:1830,2498.36,749.41,25.15,9.89,2.62,0.0
20231216:1930,1972.8,583.51,20.02,9.56,2.76,0.0
20231216:2030,1169.08,349.23,12.67,9.14,2.48,0.0
20231216:2130,34.8,21.16,3.69,7.64,2.28,0.0
20231216:2230,0.0,0.0,0.0,5.36,2.28,0.0
20231216:2330,0.0,0.0,0.0,3.99,2.14,0.0
20231217:0030,0.0,0.0,0.0,3.22,2.14,0.0
20231217:0130,0.0,0.0,0.0,2.77,2.21,0.0
20231217:0230,0.0,0.0,0.0,2.76,2.41,0.0
20231217:0330,0.0,0.0,0.0,2.7,2.48,0.0
20231217:0430,0.0,0.0,0.0,2.83,2.62,0.0
20231217:0530,0.0,0.0,0.0,2.89,2.62,0.0
20231217:0630,0.0,0.0,0.0,2.83,2.69,0.0
20231217:0730,0.0,0.0,0.0,3.84,2.9,0.0
20231217:0830,0.0,0.0,0.0,3.71,3.1,0.0
20231217:0930,0.0,0.0,0.0,3.56,2.97,0.0
20231217:1030,0.0,0.0,0.0,3.32,2.76,0.0
20231217:1130,0.0,0.0,0.0,3.14,2.69,0.0
20231217:1230,0.0,0.0,-1.18,3.2,2.55,0.0
20231217:1330,74.32,34.36,8.41,3.33,2.48,0.0
20231217:1430,125.76,50.7,16.62,4.52,2.69,0.0
20231217:1530,246.6,86.54,22.92,5.21,2.55,0.0
20231217:1630,210.04,76.17,26.69,5.81,2.21,0.0
20231217:1730,230.2,81.98,27.47,5.94,2.14,0.0
20231217:1830,116.8,48.16,25.14,5.63,2.28,0.0
20231217:1930,45.24,24.8,20.03,5.75,1.24,0.0
20231217:2030,33.48,20.54,12.7,5.68,1.03,0.0
20231217:2130,0.0,4.37,3.73,5.53,1.03,0.0
20231217:2230,0.0,0.0,0.0,5.22,1.03,0.0
20231217:2330,0.0,0.0,0.0,4.88,1.03,0.0
20231218:0030,0.0,0.0,0.0,4.56,0.9,0.0
20231218:0130,0.0,0.0,0.0,4.26,0.83,0.0
20231218:0230,0.0,0.0,0.0,4.09,0.69,0.0
20231218:0330,0.0,0.0,0.0,3.96,0.55,0.0
20231218:0430,0.0,0.0,0.0,3.98,0.9,0.0
20231218:0530,0.0,0.0,0.0,4.13,1.31,0.0
20231218:0630,0.0,0.0,0.0,4.36,1.59,0.0
20231218:0730,0.0,0.0,0.0,4.7,2.83,0.0
20231218:0830,0.0,0.0,0.0,4.49,3.1,0.0
20231218:0930,0.0,0.0,0.0,3.94,3.93,0.0
20231218:1030,0.0,0.0,0.0,3.07,4.55,0.0
20231218:1130,0.0,0.0,0.0,1.98,4.62,0.0
20231218:1230,0.0,0.0,-1.28,0.87,4.83,0.0
20231218:1330,332.44,109.0,8.32,0.55,4.76,0.0
20231218:1430,989.16,283.28,16.54,0.66,4.62,0.0
20231218:1530,753.68,220.67,22.85,1.08,5.31,0.0
20231218:1630,656.88,195.22,26.64,0.78,5.38,0.0
20231218:1730,824.6,239.43,27.44,0.33,5.24,0.0
20231218:1830,312.84,103.08,25.14,0.29,5.17,0.0
20231218:1930,979.48,278.77,20.05,0.23,4.76,0.0
20231218:2030,979.04,280.6,12.73,-0.14,5.1,0.0
20231218:2130,23.64,16.4,3.78,-0.72,4.41,0.0
20231218:2230,0.0,0.0,0.0,-1.95,3.86,0.0
20231218:2330,0.0,0.0,0.0,-2.53,3.66,0.0
20231219:0030,0.0,0.0,0.0,-3.01,3.52,0.0
20231219:0130,0.0,0.0,0.0,-3.34,4.48,0.0
20231219:0230,0.0,0.0,0.0,-3.54,4.28,0.0
20231219:0330,0.0,0.0,0.0,-3.7,3.86,0.0
20231219:0430,0.0,0.0,0.0,-3.76,3.66,0.0
20231219:0530,0.0,0.0,0.0,-4.1,3.86,0.0
20231219:0630,0.0,0.0,0.0,-4.63,3.72,0.0
20231219:0730,0.0,0.0,0.0,-4.71,3.52,0.0
20231219:0830,0.0,0.0,0.0,-4.93,3.66,0.0
20231219:0930,0.0,0.0,0.0,-5.21,3.66,0.0
20231219:1030,0.0,0.0,0.0,-5.46,3.59,0.0
20231219:1130,0.0,0.0,0.0,-5.55,4.14,0.0
20231219:1230,0.0,0.0,-1.37,-5.55,4.76,0.0
20231219:1330,137.8,52.32,8.23,-5.48,4.83,0.0
20231219:1430,518.64,154.67,16.46,-5.27,4.62,0.0
20231219:1530,937.36,263.78,22.78,-4.96,4.48,0.0
20231219:1630,1105.0,307.57,26.59,-4.56,4.34,0.0
20231219:1730,1046.8,293.94,27.42,-4.32,4.28,0.0
20231219:1830,1342.36,371.9,25.14,-4.19,4.0,0.0
20231219:1930,1178.16,328.34,20.08,-3.97,3.86,0.0
20231219:2030,697.44,203.02,12.78,-3.98,3.52,0.0
20231219:2130,31.56,19.15,3.84,-4.28,3.17,0.0
20231219:2230,0.0,0.0,0.0,-4.77,2.9,0.0
20231219:2330,0.0,0.0,0.0,-5.19,2.83,0.0
20231220:0030,0.0,0.0,0.0,-5.66,2.41,0.0
20231220:0130,0.0,0.0,0.0,-5.62,2.34,0.0
20231220:0230,0.0,0.0,0.0,-5.87,2.0,0.0
20231220:0330,0.0,0.0,0.0,-6.06,1.93,0.0
20231220:0430,0.0,0.0,0.0,-6.7,1.72,0.0
20231220:0530,0.0,0.0,0.0,-7.62,1.45,0.0
20231220:0630,0.0,0.0,0.0,-5.85,1.1,0.0
20231220:0730,0.0,0.0,0.0,-5.48,0.69,0.0
20231220:0830,0.0,0.0,0.0,-5.57,0.41,0.0
20231220:0930,0.0,0.0,0.0,-5.69,0.41,0.0
20231220:1030,0.0,0.0,0.0,-5.78,0.48,0.0
20231220:1130,0.0,0.0,0.0,-5.83,0.41,0.0
20231220:1230,0.0,0.0,-1.47,-5.83,0.48,0.0
20231220:1330,1173.12,337.1,8.14,-5.59,0.48,0.0
20231220:1430,2070.24,592.97,16.39,-3.42,0.34,0.0
20231220:1530,2623.88,779.2,22.73,0.49,0.41,0.0
20231220:1630,2914.6,883.76,26.56,2.92,0.69,0.0
20231220:1730,2950.64,900.93,27.41,4.42,0.83,0.0
20231220:1830,2686.48,809.36,25.16,5.04,1.03,0.0
20231220:1930,2317.96,686.98,20.11,4.99,1.17,0.0
20231220:2030,1594.28,468.55,12.83,4.47,1.03,0.0
20231220:2130,19.68,15.04,3.9,3.06,1.03,0.0
20231220:2230,0.0,0.0,0.0,2.16,0.69,0.0
20231220:2330,0.0,0.0,0.0,-0.24,0.62,0.0
20231221:0030,0.0,0.0,0.0,-2.3,0.76,0.0
20231221:0130,0.0,0.0,0.0,-3.15,0.9,0.0
20231221:0230,0.0,0.0,0.0,-2.91,0.9,0.0
20231221:0330,0.0,0.0,0.0,-2.86,0.9,0.0
20231221:0430,0.0,0.0,0.0,-2.84,0.83,0.0
20231221:0530,0.0,0.0,0.0,-2.95,0.83,0.0
20231221:0630,0.0,0.0,0.0,-2.97,0.76,0.0
20231221:0730,0.0,0.0,0.0,-2.81,0.69,0.0
20231221:0830,0.0,0.0,0.0,-2.6,0.76,0.0
20231221:0930,0.0,0.0,0.0,-2.51,0.9,0.0
20231221:1030,0.0,0.0,0.0,-2.74,0.97,0.0
20231221:1130,0.0,0.0,0.0,-3.0,0.9,0.0
20231221:1230,0.0,0.0,-1.55,-3.05,0.83,0.0
20231221:1330,1082.16,314.96,8.07,-2.89,0.76,0.0
20231221:1430,1671.6,481.2,16.32,-0.07,0.48,0.0
20231221:1530,2167.8,643.48,22.68,3.69,0.28,0.0
20231221:1630,2449.64,743.13,26.53,6.08,0.41,0.0
20231221:1730,2626.4,805.17,27.4,7.14,0.62,0.0
20231221:1830,2385.04,722.38,25.18,7.76,0.83,0.0
20231221:1930,1993.32,594.72,20.15,7.63,0.97,0.0
20231221:2030,1105.6,330.88,12.88,7.07,0.76,0.0
20231221:2130,37.28,21.95,3.97,5.83,0.76,0.0
20231221:2230,0.0,0.0,0.0,3.19,0.83,0.0
20231221:2330,0.0,0.0,0.0,1.12,0.83,0.0
20231222:0030,0.0,0.0,0.0,0.1,0.9,0.0
20231222:0130,0.0,0.0,0.0,-0.61,1.03,0.0
20231222:0230,0.0,0.0,0.0,-1.21,0.97,0.0
20231222:0330,0.0,0.0,0.0,-1.67,0.9,0.0
20231222:0430,0.0,0.0,0.0,-2.3,1.03,0.0
20231222:0530,0.0,0.0,0.0,-2.31,1.03,0.0
20231222:0630,0.0,0.0,0.0,-2.0,1.03,0.0
20231222:0730,0.0,0.0,0.0,-1.36,0.83,0.0
20231222:0830,0.0,0.0,0.0,-1.43,0.9,0.0
20231222:0930,0.0,0.0,0.0,-1.55,0.97,0.0
20231222:1030,0.0,0.0,0.0,-1.49,1.03,0.0
20231222:1130,0.0,0.0,0.0,-1.6,1.03,0.0
20231222:1230,0.0,0.0,-1.63,-1.85,0.97,0.0
20231222:1330,865.96,255.59,7.99,-1.95,0.83,0.0
20231222:1430,1610.24,464.51,16.26,0.49,0.55,0.0
20231222:1530,2143.92,638.79,22.63,4.48,0.34,0.0
20231222:1630,2461.04,749.55,26.51,6.75,0.48,0.0
20231222:1730,2545.04,779.4,27.41,7.88,0.69,0.0
20231222:1830,2344.96,711.07,25.2,8.6,0.83,0.0
20231222:1930,1875.56,564.95,20.2,8.82,0.48,0.0
20231222:2030,1102.64,333.59,12.95,8.35,0.07,0.0
20231222:2130,26.56,18.01,4.04,7.16,0.76,0.0
20231222:2230,0.0,0.0,0.0,5.2,1.17,0.0
20231222:2330,0.0,0.0,0.0,3.33,1.45,0.0
20231223:0030,0.0,0.0,0.0,1.77,1.45,0.0
20231223:0130,0.0,0.0,0.0,1.27,1.38,0.0
20231223:0230,0.0,0.0,0.0,0.8,1.52,0.0
20231223:0330,0.0,0.0,0.0,0.53,1.59,0.0
20231223:0430,0.0,0.0,0.0,0.35,1.66,0.0
20231223:0530,0.0,0.0,0.0,0.49,1.79,0.0
20231223:0630,0.0,0.0,0.0,0.44,1.79,0.0
20231223:0730,0.0,0.0,0.0,0.87,1.79,0.0
20231223:0830,0.0,0.0,0.0,0.92,1.79,0.0
20231223:0930,0.0,0.0,0.0,0.99,1.79,0.0
20231223:1030,0.0,0.0,0.0,0.63,1.79,0.0
20231223:1130,0.0,0.0,0.0,0.53,1.72,0.0
20231223:1230,0.0,0.0,-1.71,0.49,1.66,0.0
20231223:1330,188.0,68.44,7.93,0.67,1.66,0.0
20231223:1430,387.28,124.27,16.21,1.37,1.31,0.0
20231223:1530,607.48,186.45,22.6,3.53,1.1,0.0
20231223:1630,608.36,187.43,26.49,5.72,0.97,0.0
20231223:1730,1815.48,538.04,27.42,6.41,0.83,0.0
20231223:1830,1485.36,442.92,25.24,8.71,1.03,0.0
20231223:1930,1442.36,428.98,20.25,8.89,1.17,0.0
20231223:2030,808.96,247.46,13.01,8.95,0.83,0.0
20231223:2130,26.56,18.06,4.12,8.12,1.24,0.0
20231223:2230,0.0,0.0,0.0,6.36,1.79,0.0
20231223:2330,0.0,0.0,0.0,4.86,1.93,0.0
20231224:0030,0.0,0.0,0.0,3.64,2.0,0.0
20231224:0130,0.0,0.0,0.0,2.92,1.86,0.0
20231224:0230,0.0,0.0,0.0,2.62,1.72,0.0
20231224:0330,0.0,0.0,0.0,1.7,1.66,0.0
20231224:0430,0.0,0.0,0.0,0.97,1.66,0.0
20231224:0530,0.0,0.0,0.0,1.75,1.45,0.0
20231224:0630,0.0,0.0,0.0,3.2,1.38,0.0
20231224:0730,0.0,0.0,0.0,3.81,1.52,0.0
20231224:0830,0.0,0.0,0.0,3.27,1.59,0.0
20231224:0930,0.0,0.0,0.0,2.55,1.59,0.0
20231224:1030,0.0,0.0,0.0,2.66,1.38,0.0
20231224:1130,0.0,0.0,0.0,2.99,1.38,0.0
20231224:1230,0.0,0.0,-1.78,2.95,1.45,0.0
20231224:1330,233.28,82.55,7.87,3.21,1.24,0.0
20231224:1430,239.52,83.8,16.16,4.27,0.9,0.0
20231224:1530,1370.4,402.29,22.57,5.94,0.69,0.0
20231224:1630,1860.16,555.49,26.49,9.01,0.9,0.0
20231224:1730,2046.28,615.37,27.44,10.31,1.24,0.0
20231224:1830,1895.76,566.75,25.28,11.15,1.72,0.0
20231224:1930,1710.96,515.38,20.31,12.0,1.31,0.0
20231224:2030,1043.72,319.76,13.09,12.11,0.69,0.0
20231224:2130,21.56,16.26,4.2,11.49,0.07,0.0
20231224:2230,0.0,0.0,0.0,10.41,0.28,0.0
20231224:2330,0.0,0.0,0.0,7.78,0.9,0.0
20231225:0030,0.0,0.0,0.0,6.36,1.24,0.0
20231225:0130,0.0,0.0,0.0,5.12,1.24,0.0
20231225:0230,0.0,0.0,0.0,4.01,1.1,0.0
20231225:0330,0.0,0.0,0.0,3.73,1.17,0.0
20231225:0430,0.0,0.0,0.0,3.82,1.38,0.0
20231225:0530,0.0,0.0,0.0,3.9,1.45,0.0
20231225:0630,0.0,0.0,0.0,3.89,1.45,0.0
20231225:0730,0.0,0.0,0.0,3.84,1.59,0.0
20231225:0830,0.0,0.0,0.0,3.14,1.45,0.0
20231225:0930,0.0,0.0,0.0,2.55,1.45,0.0
20231225:1030,0.0,0.0,0.0,1.95,1.45,0.0
20231225:1130,0.0,0.0,0.0,1.44,1.45,0.0
20231225:1230,0.0,0.0,-1.84,1.1,1.52,0.0
20231225:1330,697.32,211.15,7.81,0.91,1.52,0.0
20231225:1430,1497.24,433.31,16.12,2.78,1.17,0.0
20231225:1530,2047.84,606.33,22.55,6.98,1.45,0.0
20231225:1630,2341.64,701.57,26.49,9.35,2.07,0.0
20231225:1730,2215.04,659.89,27.46,10.84,2.97,0.0
20231225:1830,1591.68,473.03,25.33,11.58,3.24,0.0
20231225:1930,1031.16,311.33,20.38,11.8,3.1,0.0
20231225:2030,536.44,171.34,13.17,11.17,2.76,0.0
20231225:2130,44.16,24.79,4.29,10.06,2.69,0.0
20231225:2230,0.0,0.0,0.0,8.38,2.55,0.0
20231225:2330,0.0,0.0,0.0,7.14,2.41,0.0
20231226:0030,0.0,0.0,0.0,6.46,2.55,0.0
20231226:0130,0.0,0.0,0.0,6.34,2.69,0.0
20231226:0230,0.0,0.0,0.0,6.18,2.83,0.0
20231226:0330,0.0,0.0,0.0,5.92,2.9,0.0
20231226:0430,0.0,0.0,0.0,4.84,2.9,0.0
20231226:0530,0.0,0.0,0.0,4.8,3.1,0.0
20231226:0630,0.0,0.0,0.0,4.9,3.31,0.0
20231226:0730,0.0,0.0,0.0,6.14,3.31,0.0
20231226:0830,0.0,0.0,0.0,6.23,3.24,0.0
20231226:0930,0.0,0.0,0.0,6.58,3.17,0.0
20231226:1030,0.0,0.0,0.0,6.9,3.17,0.0
20231226:1130,0.0,0.0,0.0,6.99,3.17,0.0
20231226:1230,0.0,0.0,-1.9,7.17,3.17,0.0
20231226:1330,66.12,32.14,7.76,7.14,3.31,0.0
20231226:1430,261.32,91.16,16.09,7.73,3.45,0.0
20231226:1530,316.16,107.38,22.53,8.42,3.17,0.0
20231226:1630,326.04,110.4,26.5,8.84,3.17,0.0
20231226:1730,319.2,108.64,27.5,9.12,2.97,0.0
20231226:1830,262.92,92.67,25.38,9.28,2.9,0.0
20231226:1930,228.76,82.66,20.45,9.14,2.48,0.0
20231226:2030,119.44,49.55,13.26,8.98,2.41,0.0
20231226:2130,7.12,9.71,4.39,8.97,2.41,0.0
20231226:2230,0.0,0.0,0.0,8.31,2.62,0.0
20231226:2330,0.0,0.0,0.0,8.13,2.55,0.0
20231227:0030,0.0,0.0,0.0,7.93,2.41,0.0
20231227:0130,0.0,0.0,0.0,7.72,2.55,0.0
20231227:0230,0.0,0.0,0.0,7.58,2.55,0.0
20231227:0330,0.0,0.0,0.0,7.43,2.41,0.0
20231227:0430,0.0,0.0,0.0,7.45,2.41,0.0
20231227:0530,0.0,0.0,0.0,7.59,2.34,0.0
20231227:0630,0.0,0.0,0.0,7.34,2.41,0.0
20231227:0730,0.0,0.0,0.0,8.03,2.34,0.0
20231227:0830,0.0,0.0,0.0,7.89,2.28,0.0
20231227:0930,0.0,0.0,0.0,7.8,2.21,0.0
20231227:1030,0.0,0.0,0.0,7.75,2.07,0.0
20231227:1130,0.0,0.0,0.0,7.59,2.0,0.0
20231227:1230,0.0,0.0,-1.96,7.31,2.21,0.0
20231227:1330,156.84,61.09,7.72,7.26,2.14,0.0
20231227:1430,139.12,54.7,16.06,7.4,1.86,0.0
20231227:1530,69.44,33.26,22.53,7.76,1.59,0.0
20231227:1630,198.44,72.22,26.52,7.97,1.24,0.0
20231227:1730,187.12,69.49,27.54,8.38,0.62,0.0
20231227:1830,78.44,36.44,25.45,8.57,0.55,0.0
20231227:1930,87.72,39.3,20.53,9.14,0.28,0.0
20231227:2030,180.88,68.09,13.35,9.53,0.21,0.0
20231227:2130,3.8,7.96,4.49,9.25,0.21,0.0
20231227:2230,0.0,0.0,0.0,8.84,0.21,0.0
20231227:2330,0.0,0.0,0.0,8.41,0.14,0.0
20231228:0030,0.0,0.0,0.0,8.25,0.62,0.0
20231228:0130,0.0,0.0,0.0,8.08,0.83,0.0
20231228:0230,0.0,0.0,0.0,7.95,1.03,0.0
20231228:0330,0.0,0.0,0.0,7.75,0.97,0.0
20231228:0430,0.0,0.0,0.0,7.54,0.97,0.0
20231228:0530,0.0,0.0,0.0,7.36,0.97,0.0
20231228:0630,0.0,0.0,0.0,7.2,0.97,0.0
20231228:0730,0.0,0.0,0.0,7.01,0.9,0.0
20231228:0830,0.0,0.0,0.0,6.92,0.83,0.0
20231228:0930,0.0,0.0,0.0,6.75,0.83,0.0
20231228:1030,0.0,0.0,0.0,6.58,1.03,0.0
20231228:1130,0.0,0.0,0.0,6.27,1.17,0.0
20231228:1230,0.0,0.0,-2.01,5.78,1.17,0.0
20231228:1330,133.44,53.46,7.68,5.41,1.24,0.0
20231228:1430,599.64,184.31,16.04,5.17,1.17,0.0
20231228:1530,1619.16,472.93,22.53,5.5,1.31,0.0
20231228:1630,2015.52,588.11,26.54,5.8,1.86,0.0
20231228:1730,1817.72,527.94,27.59,6.47,2.41,0.0
20231228:1830,1949.92,567.39,25.52,6.91,2.41,0.0
20231228:1930,1504.32,440.71,20.62,7.83,2.07,0.0
20231228:2030,1204.52,356.72,13.45,7.64,2.14,0.0
20231228:2130,25.28,17.49,4.6,6.98,1.93,0.0
20231228:2230,0.0,0.0,0.0,5.9,1.59,0.0
20231228:2330,0.0,0.0,0.0,4.58,1.45,0.0
20231229:0030,0.0,0.0,0.0,3.81,1.38,0.0
20231229:0130,0.0,0.0,0.0,3.39,1.31,0.0
20231229:0230,0.0,0.0,0.0,3.11,1.31,0.0
20231229:0330,0.0,0.0,0.0,2.95,1.31,0.0
20231229:0430,0.0,0.0,0.0,2.73,1.45,0.0
20231229:0530,0.0,0.0,0.0,2.39,1.52,0.0
20231229:0630,0.0,0.0,0.0,2.0,1.59,0.0
20231229:0730,0.0,0.0,0.0,2.06,1.86,0.0
20231229:0830,0.0,0.0,0.0,1.79,2.07,0.0
20231229:0930,0.0,0.0,0.0,1.4,1.93,0.0
20231229:1030,0.0,0.0,0.0,1.03,1.72,0.0
20231229:1130,0.0,0.0,0.0,0.49,1.31,0.0
20231229:1230,0.0,0.0,-2.05,-0.05,0.97,0.0
20231229:1330,724.44,218.47,7.65,-0.47,0.83,0.0
20231229:1430,1555.88,444.39,16.03,0.09,1.17,0.0
20231229:1530,2081.64,595.54,22.54,1.06,1.72,0.0
20231229:1630,1904.88,543.61,26.57,2.01,2.14,0.0
20231229:1730,1094.12,314.51,27.64,2.52,2.28,0.0
20231229:1830,661.52,198.33,25.6,2.23,2.28,0.0
20231229:1930,635.0,190.21,20.72,1.81,2.21,0.0
20231229:2030,453.12,141.66,13.55,1.56,2.34,0.0
20231229:2130,28.16,18.23,4.71,1.08,2.41,0.0
20231229:2230,0.0,0.0,0.0,0.31,2.14,0.0
20231229:2330,0.0,0.0,0.0,-0.37,2.34,0.0
20231230:0030,0.0,0.0,0.0,-0.85,2.34,0.0
20231230:0130,0.0,0.0,0.0,-1.07,2.21,0.0
20231230:0230,0.0,0.0,0.0,-1.23,2.48,0.0
20231230:0330,0.0,0.0,0.0,-1.47,2.48,0.0
20231230:0430,0.0,0.0,0.0,-1.46,2.62,0.0
20231230:0530,0.0,0.0,0.0,-1.42,3.24,0.0
20231230:0630,0.0,0.0,0.0,-1.51,3.1,0.0
20231230:0730,0.0,0.0,0.0,-1.22,3.59,0.0
20231230:0830,0.0,0.0,0.0,-1.27,3.45,0.0
20231230:0930,0.0,0.0,0.0,-1.42,3.38,0.0
20231230:1030,0.0,0.0,0.0,-1.52,3.38,0.0
20231230:1130,0.0,0.0,0.0,-1.45,3.03,0.0
20231230:1230,0.0,0.0,-2.09,-1.46,2.97,0.0
20231230:1330,117.16,47.11,7.63,-1.47,2.83,0.0
20231230:1430,308.28,101.18,16.02,-1.23,2.83,0.0
20231230:1530,804.48,234.29,22.55,-0.71,3.03,0.0
20231230:1630,1429.96,400.81,26.61,-0.07,3.86,0.0
20231230:1730,1282.84,362.36,27.71,0.45,4.0,0.0
20231230:1830,1224.88,346.7,25.68,0.85,4.21,0.0
20231230:1930,925.28,266.55,20.82,0.99,4.0,0.0
20231230:2030,852.68,247.83,13.67,0.92,3.86,0.0
20231230:2130,28.28,18.23,4.82,0.44,3.31,0.0
20231230:2230,0.0,0.0,0.0,-0.13,2.76,0.0
20231230:2330,0.0,0.0,0.0,-0.41,2.83,0.0
20231231:0030,0.0,0.0,0.0,-0.54,3.24,0.0
20231231:0130,0.0,0.0,0.0,-0.6,2.97,0.0
20231231:0230,0.0,0.0,0.0,-1.12,2.97,0.0
20231231:0330,0.0,0.0,0.0,-1.11,3.03,0.0
20231231:0430,0.0,0.0,0.0,-0.89,3.17,0.0
20231231:0530,0.0,0.0,0.0,-1.11,3.52,0.0
20231231:0630,0.0,0.0,0.0,-1.09,3.03,0.0
20231231:0730,0.0,0.0,0.0,-0.92,2.9,0.0
20231231:0830,0.0,0.0,0.0,-1.17,2.97,0.0
20231231:0930,0.0,0.0,0.0,-1.5,2.83,0.0
20231231:1030,0.0,0.0,0.0,-1.85,2.83,0.0
20231231:1130,0.0,0.0,0.0,-2.12,2.55,0.0
20231231:1230,0.0,0.0,-2.12,-2.12,2.28,0.0
20231231:1330,483.28,150.31,7.61,-1.88,1.86,0.0
20231231:1430,1209.32,343.66,16.02,-1.18,1.72,0.0
20231231:1530,1954.4,555.23,22.57,-0.11,1.72,0.0
20231231:1630,1504.12,429.83,26.66,1.31,1.86,0.0
20231231:1730,1572.48,452.25,27.78,2.27,1.86,0.0
20231231:1830,1865.72,537.69,25.78,3.31,2.07,0.0
20231231:1930,881.56,260.24,20.93,3.42,1.66,0.0
20231231:2030,517.08,160.46,13.78,2.63,0.97,0.0
20231231:2130,39.24,22.39,4.95,2.35,0.76,0.0
20231231:2230,0.0,0.0,-5.08,1.79,1.31,0.0
20231231:2330,0.0,0.0,0.0,1.09,1.52,0.0

P: PV system power (W)
G(i): Global irradiance on the inclined plane (plane of the array) (W/m2)
H_sun: Sun height (degree)
T2m: 2-m air temperature (degree Celsius)
WS10m: 10-m total wind speed (m/s)
Int: 1 means solar radiation values are reconstructed



PVGIS (c) European Union, 2001-2026