Latitude (decimal degrees):	54.251
Longitude (decimal degrees):	-1.437
Elevation (m):	28
Radiation database:	PVGIS-SARAH3


Slope: 35 deg. 
Azimuth: 0 deg. 
Nominal power of the PV system (c-Si) (kWp):	2300.0
System losses (%):	14.0
time,P,G(i),H_sun,T2m,WS10m,Int
20230101:0011,0.0,0.0,0.0,8.38,3.86,0.0
20230101:0111,0.0,0.0,0.0,8.46,4.55,0.0
20230101:0211,0.0,0.0,0.0,8.21,5.03,0.0
20230101:0311,0.0,0.0,0.0,7.9,5.79,0.0
20230101:0411,0.0,0.0,0.0,7.64,6.55,0.0
20230101:0511,0.0,0.0,0.0,7.57,6.48,0.0
20230101:0611,0.0,0.0,0.0,7.59,6.55,0.0
20230101:0711,0.0,0.0,0.0,6.99,5.86,0.0
20230101:0811,0.0,0.0,0.0,6.79,5.93,0.0
20230101:0911,92621.0,61.78,3.8,6.77,6.0,0.0
20230101:1011,298264.0,162.1,8.67,7.57,6.21,0.0
20230101:1111,1100481.0,549.9,11.74,8.1,6.34,0.0
20230101:1211,1177347.0,588.89,12.74,8.55,6.55,0.0
20230101:1311,1076193.0,539.72,11.59,8.89,6.34,0.0
20230101:1411,691265.0,351.59,8.4,8.83,6.34,0.0
20230101:1511,57109.0,43.16,3.42,8.32,5.24,0.0
20230101:1611,0.0,0.0,0.0,7.52,4.55,0.0
20230101:1711,0.0,0.0,0.0,6.81,4.21,0.0
20230101:1811,0.0,0.0,0.0,6.37,4.34,0.0
20230101:1911,0.0,0.0,0.0,6.93,4.0,0.0
20230101:2011,0.0,0.0,0.0,6.81,3.66,0.0
20230101:2111,0.0,0.0,0.0,6.42,3.24,0.0
20230101:2211,0.0,0.0,0.0,6.22,3.03,0.0
20230101:2311,0.0,0.0,0.0,6.24,2.69,0.0
20230102:0011,0.0,0.0,0.0,6.45,2.62,0.0
20230102:0111,0.0,0.0,0.0,6.24,2.62,0.0
20230102:0211,0.0,0.0,0.0,5.72,2.55,0.0
20230102:0311,0.0,0.0,0.0,5.17,2.62,0.0
20230102:0411,0.0,0.0,0.0,4.96,2.9,0.0
20230102:0511,0.0,0.0,0.0,4.83,2.97,0.0
20230102:0611,0.0,0.0,0.0,3.99,2.62,0.0
20230102:0711,0.0,0.0,0.0,3.34,3.1,0.0
20230102:0811,0.0,0.0,0.0,2.33,2.83,0.0
20230102:0911,261441.0,143.28,3.84,1.44,2.62,0.0
20230102:1011,883016.0,438.36,8.72,1.83,2.48,0.0
20230102:1111,1109221.0,553.05,11.8,3.13,2.48,0.0
20230102:1211,1111107.0,553.79,12.83,4.14,3.1,0.0
20230102:1311,1061519.0,530.01,11.7,4.67,3.17,0.0
20230102:1411,572953.0,291.54,8.52,4.83,3.24,0.0
20230102:1511,127052.0,79.02,3.54,4.38,2.69,0.0
20230102:1611,0.0,0.0,0.0,3.17,2.41,0.0
20230102:1711,0.0,0.0,0.0,1.99,2.21,0.0
20230102:1811,0.0,0.0,0.0,0.71,2.21,0.0
20230102:1911,0.0,0.0,0.0,-0.14,2.34,0.0
20230102:2011,0.0,0.0,0.0,-0.78,2.34,0.0
20230102:2111,0.0,0.0,0.0,-1.33,2.28,0.0
20230102:2211,0.0,0.0,0.0,-1.81,2.34,0.0
20230102:2311,0.0,0.0,0.0,-2.05,2.48,0.0
20230103:0011,0.0,0.0,0.0,-1.99,2.62,0.0
20230103:0111,0.0,0.0,0.0,-1.64,2.76,0.0
20230103:0211,0.0,0.0,0.0,-1.12,3.03,0.0
20230103:0311,0.0,0.0,0.0,-0.8,3.38,0.0
20230103:0411,0.0,0.0,0.0,-0.38,3.66,0.0
20230103:0511,0.0,0.0,0.0,0.21,4.21,0.0
20230103:0611,0.0,0.0,0.0,0.69,4.62,0.0
20230103:0711,0.0,0.0,0.0,0.88,4.97,0.0
20230103:0811,0.0,0.0,0.0,1.72,5.45,0.0
20230103:0911,27761.0,25.6,3.88,3.03,5.93,0.0
20230103:1011,96554.0,63.02,8.78,4.75,6.14,0.0
20230103:1111,94438.0,62.48,11.88,6.18,6.07,0.0
20230103:1211,672704.0,339.79,12.92,7.38,5.72,0.0
20230103:1311,184874.0,108.16,11.8,8.35,5.52,0.0
20230103:1411,49588.0,38.94,8.64,8.75,5.45,0.0
20230103:1511,3611.0,9.27,3.67,8.72,5.03,0.0
20230103:1611,0.0,0.0,0.0,8.43,5.38,0.0
20230103:1711,0.0,0.0,0.0,8.91,5.79,0.0
20230103:1811,0.0,0.0,0.0,9.71,6.0,0.0
20230103:1911,0.0,0.0,0.0,10.2,6.48,0.0
20230103:2011,0.0,0.0,0.0,10.38,6.34,0.0
20230103:2111,0.0,0.0,0.0,10.61,6.0,0.0
20230103:2211,0.0,0.0,0.0,10.96,6.28,0.0
20230103:2311,0.0,0.0,0.0,11.33,7.24,0.0
20230104:0011,0.0,0.0,0.0,11.52,7.86,0.0
20230104:0111,0.0,0.0,0.0,11.72,8.28,0.0
20230104:0211,0.0,0.0,0.0,11.9,8.21,0.0
20230104:0311,0.0,0.0,0.0,11.52,8.14,0.0
20230104:0411,0.0,0.0,0.0,11.31,8.62,0.0
20230104:0511,0.0,0.0,0.0,11.16,8.97,0.0
20230104:0611,0.0,0.0,0.0,10.64,9.03,0.0
20230104:0711,0.0,0.0,0.0,10.39,9.03,0.0
20230104:0811,0.0,0.0,0.0,10.13,9.17,0.0
20230104:0911,324645.0,178.46,3.93,10.0,9.24,0.0
20230104:1011,745292.0,377.72,8.85,10.08,9.17,0.0
20230104:1111,970554.0,486.32,11.97,10.21,9.17,0.0
20230104:1211,1035575.0,518.03,13.02,10.34,9.45,0.0
20230104:1311,909213.0,456.55,11.92,10.35,9.17,0.0
20230104:1411,572746.0,294.88,8.76,10.18,8.83,0.0
20230104:1511,246583.0,140.26,3.81,9.84,8.55,0.0
20230104:1611,0.0,0.0,0.0,9.6,8.34,0.0
20230104:1711,0.0,0.0,0.0,9.82,8.14,0.0
20230104:1811,0.0,0.0,0.0,9.78,7.79,0.0
20230104:1911,0.0,0.0,0.0,9.85,7.52,0.0
20230104:2011,0.0,0.0,0.0,9.77,7.31,0.0
20230104:2111,0.0,0.0,0.0,9.74,7.17,0.0
20230104:2211,0.0,0.0,0.0,9.65,6.97,0.0
20230104:2311,0.0,0.0,0.0,9.53,6.62,0.0
20230105:0011,0.0,0.0,0.0,9.27,6.14,0.0
20230105:0111,0.0,0.0,0.0,9.27,5.79,0.0
20230105:0211,0.0,0.0,0.0,9.37,5.31,0.0
20230105:0311,0.0,0.0,0.0,9.37,4.76,0.0
20230105:0411,0.0,0.0,0.0,9.28,4.21,0.0
20230105:0511,0.0,0.0,0.0,9.08,3.66,0.0
20230105:0611,0.0,0.0,0.0,8.84,3.45,0.0
20230105:0711,0.0,0.0,0.0,8.84,2.9,0.0
20230105:0811,0.0,0.0,0.0,8.76,2.97,0.0
20230105:0911,24978.0,24.41,3.99,8.67,2.97,0.0
20230105:1011,59823.0,44.58,8.93,8.75,3.03,0.0
20230105:1111,38226.0,32.45,12.06,9.02,3.31,0.0
20230105:1211,248078.0,139.59,13.13,9.28,4.0,0.0
20230105:1311,55913.0,42.65,12.04,9.71,4.41,0.0
20230105:1411,42665.0,35.23,8.9,10.64,4.9,0.0
20230105:1511,2553.0,8.34,3.95,10.85,5.03,0.0
20230105:1611,0.0,0.0,0.0,10.64,5.38,0.0
20230105:1711,0.0,0.0,0.0,10.28,5.86,0.0
20230105:1811,0.0,0.0,0.0,10.39,6.28,0.0
20230105:1911,0.0,0.0,0.0,10.65,6.62,0.0
20230105:2011,0.0,0.0,0.0,10.92,7.24,0.0
20230105:2111,0.0,0.0,0.0,11.09,7.45,0.0
20230105:2211,0.0,0.0,0.0,10.67,7.03,0.0
20230105:2311,0.0,0.0,0.0,9.2,6.69,0.0
20230106:0011,0.0,0.0,0.0,7.77,5.79,0.0
20230106:0111,0.0,0.0,0.0,7.58,5.93,0.0
20230106:0211,0.0,0.0,0.0,7.48,6.48,0.0
20230106:0311,0.0,0.0,0.0,7.04,6.55,0.0
20230106:0411,0.0,0.0,0.0,6.87,6.62,0.0
20230106:0511,0.0,0.0,0.0,6.76,6.97,0.0
20230106:0611,0.0,0.0,0.0,6.69,7.03,0.0
20230106:0711,0.0,0.0,0.0,6.99,7.24,0.0
20230106:0811,0.0,0.0,0.0,6.98,7.24,0.0
20230106:0911,0.0,5.56,4.05,7.01,6.9,0.0
20230106:1011,36984.0,31.52,9.01,7.45,6.55,0.0
20230106:1111,35305.0,30.59,12.16,8.08,6.28,0.0
20230106:1211,176341.0,104.33,13.24,8.69,5.03,0.0
20230106:1311,89332.0,60.51,12.17,9.05,5.1,0.0
20230106:1411,8142.0,12.98,9.03,9.07,5.17,0.0
20230106:1511,27784.0,26.16,4.09,8.94,4.62,0.0
20230106:1611,0.0,0.0,0.0,8.4,4.21,0.0
20230106:1711,0.0,0.0,0.0,7.64,4.21,0.0
20230106:1811,0.0,0.0,0.0,7.7,4.76,0.0
20230106:1911,0.0,0.0,0.0,7.77,4.83,0.0
20230106:2011,0.0,0.0,0.0,7.52,5.17,0.0
20230106:2111,0.0,0.0,0.0,7.71,5.38,0.0
20230106:2211,0.0,0.0,0.0,8.47,5.72,0.0
20230106:2311,0.0,0.0,0.0,9.64,5.72,0.0
20230107:0011,0.0,0.0,0.0,10.76,6.34,0.0
20230107:0111,0.0,0.0,0.0,11.22,6.62,0.0
20230107:0211,0.0,0.0,0.0,11.12,7.24,0.0
20230107:0311,0.0,0.0,0.0,10.98,7.86,0.0
20230107:0411,0.0,0.0,0.0,11.03,8.28,0.0
20230107:0511,0.0,0.0,0.0,11.05,8.62,0.0
20230107:0611,0.0,0.0,0.0,10.92,8.9,0.0
20230107:0711,0.0,0.0,0.0,10.96,8.34,0.0
20230107:0811,0.0,0.0,0.0,10.73,8.62,0.0
20230107:0911,5727.0,11.13,4.13,10.4,8.55,0.0
20230107:1011,13133.0,16.69,9.1,10.16,8.0,0.0
20230107:1111,25829.0,25.03,12.26,10.01,7.52,0.0
20230107:1211,995348.0,500.81,13.37,9.97,6.76,0.0
20230107:1311,1027042.0,518.11,12.31,10.21,6.34,0.0
20230107:1411,534658.0,277.65,9.18,10.15,6.07,0.0
20230107:1511,73646.0,52.3,4.24,9.43,5.38,0.0
20230107:1611,0.0,0.0,0.0,8.68,5.59,0.0
20230107:1711,0.0,0.0,0.0,7.94,6.21,0.0
20230107:1811,0.0,0.0,0.0,7.73,6.21,0.0
20230107:1911,0.0,0.0,0.0,7.88,5.52,0.0
20230107:2011,0.0,0.0,0.0,7.25,5.45,0.0
20230107:2111,0.0,0.0,0.0,6.56,6.0,0.0
20230107:2211,0.0,0.0,0.0,6.28,6.97,0.0
20230107:2311,0.0,0.0,0.0,6.42,7.31,0.0
20230108:0011,0.0,0.0,0.0,6.69,7.38,0.0
20230108:0111,0.0,0.0,0.0,7.16,7.59,0.0
20230108:0211,0.0,0.0,0.0,7.1,7.17,0.0
20230108:0311,0.0,0.0,0.0,7.18,6.69,0.0
20230108:0411,0.0,0.0,0.0,7.28,6.21,0.0
20230108:0511,0.0,0.0,0.0,7.19,5.72,0.0
20230108:0611,0.0,0.0,0.0,7.02,5.17,0.0
20230108:0711,0.0,0.0,0.0,6.31,4.83,0.0
20230108:0811,0.0,0.0,0.0,5.98,4.97,0.0
20230108:0911,8326.0,12.98,4.2,5.66,5.17,0.0
20230108:1011,337456.0,179.85,9.19,6.06,5.38,0.0
20230108:1111,247020.0,137.24,12.38,6.5,5.72,0.0
20230108:1211,335685.0,179.31,13.5,6.76,6.83,0.0
20230108:1311,38686.0,32.45,12.45,6.99,6.69,0.0
20230108:1411,165531.0,97.78,9.33,6.4,6.28,0.0
20230108:1511,119715.0,75.49,4.4,6.17,6.07,0.0
20230108:1611,0.0,0.0,0.0,5.59,4.97,0.0
20230108:1711,0.0,0.0,0.0,5.32,4.34,0.0
20230108:1811,0.0,0.0,0.0,4.43,4.07,0.0
20230108:1911,0.0,0.0,0.0,4.26,4.07,0.0
20230108:2011,0.0,0.0,0.0,4.21,4.28,0.0
20230108:2111,0.0,0.0,0.0,4.17,4.48,0.0
20230108:2211,0.0,0.0,0.0,4.2,4.9,0.0
20230108:2311,0.0,0.0,0.0,4.55,4.9,0.0
20230109:0011,0.0,0.0,0.0,4.97,4.55,0.0
20230109:0111,0.0,0.0,0.0,5.25,4.0,0.0
20230109:0211,0.0,0.0,0.0,5.29,3.86,0.0
20230109:0311,0.0,0.0,0.0,5.24,3.86,0.0
20230109:0411,0.0,0.0,0.0,5.26,3.86,0.0
20230109:0511,0.0,0.0,0.0,5.17,3.59,0.0
20230109:0611,0.0,0.0,0.0,5.18,3.45,0.0
20230109:0711,0.0,0.0,0.0,5.53,4.14,0.0
20230109:0811,0.0,0.0,0.0,5.26,4.21,0.0
20230109:0911,29325.0,26.75,4.29,5.22,4.62,0.0
20230109:1011,175835.0,102.57,9.3,5.63,4.97,0.0
20230109:1111,945714.0,470.53,12.5,6.18,5.38,0.0
20230109:1211,1104943.0,550.39,13.64,6.59,5.24,0.0
20230109:1311,1020257.0,506.14,12.6,6.68,6.55,0.0
20230109:1411,646898.0,326.46,9.49,6.65,6.83,0.0
20230109:1511,234117.0,132.15,4.57,6.47,6.21,0.0
20230109:1611,0.0,0.0,0.0,6.12,6.21,0.0
20230109:1711,0.0,0.0,0.0,5.92,6.28,0.0
20230109:1811,0.0,0.0,0.0,6.04,6.41,0.0
20230109:1911,0.0,0.0,0.0,6.04,6.0,0.0
20230109:2011,0.0,0.0,0.0,6.2,5.66,0.0
20230109:2111,0.0,0.0,0.0,6.09,5.38,0.0
20230109:2211,0.0,0.0,0.0,5.85,5.45,0.0
20230109:2311,0.0,0.0,0.0,5.91,5.38,0.0
20230110:0011,0.0,0.0,0.0,5.62,4.9,0.0
20230110:0111,0.0,0.0,0.0,5.24,4.14,0.0
20230110:0211,0.0,0.0,0.0,4.97,3.59,0.0
20230110:0311,0.0,0.0,0.0,4.81,3.52,0.0
20230110:0411,0.0,0.0,0.0,4.72,3.38,0.0
20230110:0511,0.0,0.0,0.0,4.42,3.59,0.0
20230110:0611,0.0,0.0,0.0,4.49,3.79,0.0
20230110:0711,0.0,0.0,0.0,4.63,4.41,0.0
20230110:0811,0.0,0.0,0.0,4.74,5.1,0.0
20230110:0911,2714.0,8.34,4.38,4.67,6.69,0.0
20230110:1011,20608.0,21.32,9.41,4.82,7.38,0.0
20230110:1111,40549.0,33.38,12.63,5.73,7.24,0.0
20230110:1211,68747.0,49.14,13.78,6.72,6.48,0.0
20230110:1311,66585.0,48.21,12.76,8.01,6.14,0.0
20230110:1411,33488.0,29.67,9.66,9.4,5.79,0.0
20230110:1511,13064.0,16.69,4.74,10.87,6.34,0.0
20230110:1611,0.0,0.0,0.0,11.7,7.52,0.0
20230110:1711,0.0,0.0,0.0,11.91,8.14,0.0
20230110:1811,0.0,0.0,0.0,12.03,8.62,0.0
20230110:1911,0.0,0.0,0.0,12.17,9.59,0.0
20230110:2011,0.0,0.0,0.0,11.42,9.45,0.0
20230110:2111,0.0,0.0,0.0,9.69,8.14,0.0
20230110:2211,0.0,0.0,0.0,9.31,7.66,0.0
20230110:2311,0.0,0.0,0.0,8.64,7.79,0.0
20230111:0011,0.0,0.0,0.0,7.71,7.59,0.0
20230111:0111,0.0,0.0,0.0,7.14,7.31,0.0
20230111:0211,0.0,0.0,0.0,6.6,6.97,0.0
20230111:0311,0.0,0.0,0.0,6.5,7.24,0.0
20230111:0411,0.0,0.0,0.0,6.67,7.38,0.0
20230111:0511,0.0,0.0,0.0,6.46,7.24,0.0
20230111:0611,0.0,0.0,0.0,6.51,7.24,0.0
20230111:0711,0.0,0.0,0.0,6.63,7.31,0.0
20230111:0811,0.0,0.0,0.0,6.72,7.59,0.0
20230111:0911,205298.0,118.2,4.49,6.59,7.66,0.0
20230111:1011,480056.0,247.42,9.53,7.01,8.0,0.0
20230111:1111,1006089.0,499.17,12.76,7.44,7.86,0.0
20230111:1211,987459.0,491.99,13.93,7.79,6.9,0.0
20230111:1311,111389.0,71.52,12.93,7.34,6.83,0.0
20230111:1411,12075.0,15.76,9.83,6.74,6.83,0.0
20230111:1511,63457.0,46.15,4.91,6.35,6.83,0.0
20230111:1611,0.0,0.0,0.0,5.61,6.76,0.0
20230111:1711,0.0,0.0,0.0,5.2,6.21,0.0
20230111:1811,0.0,0.0,0.0,5.19,6.14,0.0
20230111:1911,0.0,0.0,0.0,5.83,6.41,0.0
20230111:2011,0.0,0.0,0.0,5.84,6.48,0.0
20230111:2111,0.0,0.0,0.0,5.92,6.14,0.0
20230111:2211,0.0,0.0,0.0,6.0,5.86,0.0
20230111:2311,0.0,0.0,0.0,6.18,5.24,0.0
20230112:0011,0.0,0.0,0.0,6.66,4.34,0.0
20230112:0111,0.0,0.0,0.0,7.01,3.72,0.0
20230112:0211,0.0,0.0,0.0,7.37,2.55,0.0
20230112:0311,0.0,0.0,0.0,8.15,3.72,0.0
20230112:0411,0.0,0.0,0.0,8.35,5.03,0.0
20230112:0511,0.0,0.0,0.0,8.27,4.76,0.0
20230112:0611,0.0,0.0,0.0,8.41,4.34,0.0
20230112:0711,0.0,0.0,0.0,7.23,3.31,0.0
20230112:0811,0.0,0.0,0.0,6.63,2.41,0.0
20230112:0911,46736.0,37.06,4.59,6.76,2.97,0.0
20230112:1011,92345.0,61.89,9.65,8.39,3.93,0.0
20230112:1111,57638.0,43.57,12.91,9.5,5.03,0.0
20230112:1211,109319.0,71.3,14.09,10.38,7.03,0.0
20230112:1311,44413.0,36.16,13.1,10.09,8.28,0.0
20230112:1411,721487.0,364.22,10.01,8.63,8.21,0.0
20230112:1511,238165.0,134.44,5.1,7.74,8.41,0.0
20230112:1611,0.0,0.0,0.0,6.95,8.76,0.0
20230112:1711,0.0,0.0,0.0,6.75,8.97,0.0
20230112:1811,0.0,0.0,0.0,6.5,9.38,0.0
20230112:1911,0.0,0.0,0.0,7.22,9.93,0.0
20230112:2011,0.0,0.0,0.0,7.18,10.76,0.0
20230112:2111,0.0,0.0,0.0,7.12,11.17,0.0
20230112:2211,0.0,0.0,0.0,6.63,11.66,0.0
20230112:2311,0.0,0.0,0.0,5.67,11.31,0.0
20230113:0011,0.0,0.0,0.0,5.21,10.9,0.0
20230113:0111,0.0,0.0,0.0,5.77,10.97,0.0
20230113:0211,0.0,0.0,0.0,6.27,11.1,0.0
20230113:0311,0.0,0.0,0.0,6.52,10.83,0.0
20230113:0411,0.0,0.0,0.0,6.52,10.62,0.0
20230113:0511,0.0,0.0,0.0,6.67,10.41,0.0
20230113:0611,0.0,0.0,0.0,6.67,10.0,0.0
20230113:0711,0.0,0.0,0.0,7.06,9.52,0.0
20230113:0811,0.0,0.0,0.0,6.91,9.1,0.0
20230113:0911,76843.0,53.44,4.71,6.77,8.62,0.0
20230113:1011,569066.0,289.5,9.78,7.11,8.28,0.0
20230113:1111,1154968.0,572.58,13.06,7.58,8.0,0.0
20230113:1211,780436.0,391.04,14.26,7.76,7.24,0.0
20230113:1311,724454.0,364.09,13.27,7.91,7.79,0.0
20230113:1411,131261.0,81.36,10.2,7.78,7.66,0.0
20230113:1511,360479.0,193.52,5.28,7.4,6.83,0.0
20230113:1611,0.0,0.0,0.0,7.09,6.55,0.0
20230113:1711,0.0,0.0,0.0,6.45,6.34,0.0
20230113:1811,0.0,0.0,0.0,5.98,6.55,0.0
20230113:1911,0.0,0.0,0.0,6.13,5.52,0.0
20230113:2011,0.0,0.0,0.0,5.8,4.69,0.0
20230113:2111,0.0,0.0,0.0,5.62,4.14,0.0
20230113:2211,0.0,0.0,0.0,5.44,3.59,0.0
20230113:2311,0.0,0.0,0.0,4.94,3.38,0.0
20230114:0011,0.0,0.0,0.0,4.63,3.79,0.0
20230114:0111,0.0,0.0,0.0,4.68,4.48,0.0
20230114:0211,0.0,0.0,0.0,4.95,5.31,0.0
20230114:0311,0.0,0.0,0.0,5.75,6.34,0.0
20230114:0411,0.0,0.0,0.0,6.42,6.97,0.0
20230114:0511,0.0,0.0,0.0,6.59,6.97,0.0
20230114:0611,0.0,0.0,0.0,6.77,6.76,0.0
20230114:0711,0.0,0.0,0.0,7.97,5.86,0.0
20230114:0811,0.0,0.0,0.0,8.38,4.83,0.0
20230114:0911,17342.0,19.47,4.83,8.62,4.69,0.0
20230114:1011,131468.0,81.71,9.92,8.25,5.66,0.0
20230114:1111,1162213.0,579.22,13.22,7.69,6.55,0.0
20230114:1211,1264494.0,626.93,14.43,7.23,7.45,0.0
20230114:1311,1075526.0,531.15,13.46,6.5,7.59,0.0
20230114:1411,826206.0,409.9,10.39,5.78,7.66,0.0
20230114:1511,463381.0,240.28,5.48,5.1,8.07,0.0
20230114:1611,0.0,0.0,0.0,4.58,7.79,0.0
20230114:1711,0.0,0.0,0.0,4.45,8.0,0.0
20230114:1811,0.0,0.0,0.0,4.25,8.21,0.0
20230114:1911,0.0,0.0,0.0,4.3,8.76,0.0
20230114:2011,0.0,0.0,0.0,4.44,9.31,0.0
20230114:2111,0.0,0.0,0.0,4.59,9.72,0.0
20230114:2211,0.0,0.0,0.0,4.43,10.21,0.0
20230114:2311,0.0,0.0,0.0,4.23,10.69,0.0
20230115:0011,0.0,0.0,0.0,4.0,10.76,0.0
20230115:0111,0.0,0.0,0.0,3.96,10.69,0.0
20230115:0211,0.0,0.0,0.0,3.87,10.9,0.0
20230115:0311,0.0,0.0,0.0,3.72,11.03,0.0
20230115:0411,0.0,0.0,0.0,3.51,10.97,0.0
20230115:0511,0.0,0.0,0.0,3.08,10.21,0.0
20230115:0611,0.0,0.0,0.0,2.98,9.03,0.0
20230115:0711,0.0,0.0,0.0,3.44,7.1,0.0
20230115:0811,0.0,0.0,0.0,3.88,5.66,0.0
20230115:0911,306751.0,166.25,4.96,4.27,4.76,0.0
20230115:1011,578266.0,293.05,10.07,4.78,4.41,0.0
20230115:1111,1154048.0,575.81,13.38,5.48,4.14,0.0
20230115:1211,1214492.0,610.2,14.61,6.18,3.66,0.0
20230115:1311,1141536.0,573.41,13.65,6.46,3.72,0.0
20230115:1411,615388.0,313.7,10.58,6.42,3.45,0.0
20230115:1511,107548.0,69.18,5.68,5.86,3.03,0.0
20230115:1611,0.0,0.0,0.0,4.68,2.9,0.0
20230115:1711,0.0,0.0,0.0,3.7,2.55,0.0
20230115:1811,0.0,0.0,0.0,2.86,2.07,0.0
20230115:1911,0.0,0.0,0.0,1.51,1.72,0.0
20230115:2011,0.0,0.0,0.0,0.55,1.66,0.0
20230115:2111,0.0,0.0,0.0,-0.25,1.79,0.0
20230115:2211,0.0,0.0,0.0,-0.42,1.59,0.0
20230115:2311,0.0,0.0,0.0,0.24,1.03,0.0
20230116:0011,0.0,0.0,0.0,0.82,0.48,0.0
20230116:0111,0.0,0.0,0.0,-0.73,1.24,0.0
20230116:0211,0.0,0.0,0.0,-1.48,1.79,0.0
20230116:0311,0.0,0.0,0.0,-1.36,2.14,0.0
20230116:0411,0.0,0.0,0.0,-0.27,2.76,0.0
20230116:0511,0.0,0.0,0.0,0.1,3.31,0.0
20230116:0611,0.0,0.0,0.0,0.3,3.66,0.0
20230116:0711,0.0,0.0,0.0,-0.2,4.0,0.0
20230116:0811,0.0,0.0,0.0,0.13,4.83,0.0
20230116:0911,65136.0,46.08,5.09,0.47,5.59,0.0
20230116:1011,154031.0,90.32,10.22,0.77,4.83,0.0
20230116:1111,622449.0,308.0,13.55,0.86,4.69,0.0
20230116:1211,1281146.0,624.43,14.8,1.08,4.9,0.0
20230116:1311,1245634.0,608.29,13.85,1.15,4.55,0.0
20230116:1411,959652.0,470.65,10.79,1.02,3.72,0.0
20230116:1511,404202.0,209.23,5.88,0.46,3.52,0.0
20230116:1611,0.0,0.0,0.0,-0.81,3.24,0.0
20230116:1711,0.0,0.0,0.0,-2.02,2.97,0.0
20230116:1811,0.0,0.0,0.0,-2.62,2.9,0.0
20230116:1911,0.0,0.0,0.0,-2.97,2.62,0.0
20230116:2011,0.0,0.0,0.0,-3.25,2.55,0.0
20230116:2111,0.0,0.0,0.0,-3.46,2.55,0.0
20230116:2211,0.0,0.0,0.0,-3.63,2.48,0.0
20230116:2311,0.0,0.0,0.0,-3.86,2.41,0.0
20230117:0011,0.0,0.0,0.0,-4.05,2.41,0.0
20230117:0111,0.0,0.0,0.0,-4.21,2.41,0.0
20230117:0211,0.0,0.0,0.0,-4.35,2.34,0.0
20230117:0311,0.0,0.0,0.0,-4.48,2.41,0.0
20230117:0411,0.0,0.0,0.0,-4.39,2.55,0.0
20230117:0511,0.0,0.0,0.0,-4.2,2.69,0.0
20230117:0611,0.0,0.0,0.0,-3.99,2.76,0.0
20230117:0711,0.0,0.0,0.0,-4.04,2.76,0.0
20230117:0811,0.0,0.0,0.0,-4.0,2.76,0.0
20230117:0911,432699.0,220.03,5.24,-3.74,2.69,0.0
20230117:1011,540247.0,268.24,10.38,-2.16,2.69,0.0
20230117:1111,1151909.0,564.34,13.73,-0.27,2.83,0.0
20230117:1211,1318061.0,649.65,14.99,0.89,3.24,0.0
20230117:1311,1251154.0,617.01,14.05,1.58,3.38,0.0
20230117:1411,1028100.0,506.73,10.99,1.76,3.45,0.0
20230117:1511,496892.0,253.87,6.09,1.27,3.38,0.0
20230117:1611,0.0,0.0,0.0,0.0,3.31,0.0
20230117:1711,0.0,0.0,0.0,-1.05,3.45,0.0
20230117:1811,0.0,0.0,0.0,-1.39,3.66,0.0
20230117:1911,0.0,0.0,0.0,-1.09,3.72,0.0
20230117:2011,0.0,0.0,0.0,-0.82,3.79,0.0
20230117:2111,0.0,0.0,0.0,-0.67,3.79,0.0
20230117:2211,0.0,0.0,0.0,-0.48,3.86,0.0
20230117:2311,0.0,0.0,0.0,-0.41,3.79,0.0
20230118:0011,0.0,0.0,0.0,-0.58,3.79,0.0
20230118:0111,0.0,0.0,0.0,-0.41,4.0,0.0
20230118:0211,0.0,0.0,0.0,-0.45,4.21,0.0
20230118:0311,0.0,0.0,0.0,-0.31,4.41,0.0
20230118:0411,0.0,0.0,0.0,-0.11,4.55,0.0
20230118:0511,0.0,0.0,0.0,0.19,4.55,0.0
20230118:0611,0.0,0.0,0.0,0.62,4.62,0.0
20230118:0711,0.0,0.0,0.0,0.46,5.1,0.0
20230118:0811,0.0,0.0,0.0,0.49,5.03,0.0
20230118:0911,476307.0,243.42,5.39,0.45,4.97,0.0
20230118:1011,833911.0,408.24,10.55,1.18,5.17,0.0
20230118:1111,1151265.0,563.22,13.91,2.28,5.03,0.0
20230118:1211,1262792.0,622.22,15.19,3.03,4.55,0.0
20230118:1311,1211295.0,596.88,14.26,3.51,4.83,0.0
20230118:1411,798905.0,395.62,11.21,3.61,5.1,0.0
20230118:1511,544686.0,277.97,6.3,3.27,4.69,0.0
20230118:1611,0.0,0.0,0.0,2.46,4.41,0.0
20230118:1711,0.0,0.0,0.0,1.73,4.34,0.0
20230118:1811,0.0,0.0,0.0,1.53,4.41,0.0
20230118:1911,0.0,0.0,0.0,1.46,3.93,0.0
20230118:2011,0.0,0.0,0.0,0.31,3.72,0.0
20230118:2111,0.0,0.0,0.0,-0.4,3.72,0.0
20230118:2211,0.0,0.0,0.0,-0.92,3.72,0.0
20230118:2311,0.0,0.0,0.0,-1.27,3.66,0.0
20230119:0011,0.0,0.0,0.0,-1.51,3.52,0.0
20230119:0111,0.0,0.0,0.0,-1.65,3.38,0.0
20230119:0211,0.0,0.0,0.0,-1.83,3.24,0.0
20230119:0311,0.0,0.0,0.0,-1.98,3.03,0.0
20230119:0411,0.0,0.0,0.0,-2.14,2.9,0.0
20230119:0511,0.0,0.0,0.0,-2.31,2.69,0.0
20230119:0611,0.0,0.0,0.0,-2.48,2.41,0.0
20230119:0711,0.0,0.0,0.0,-2.49,2.62,0.0
20230119:0811,0.0,0.0,0.0,-2.6,2.55,0.0
20230119:0911,337134.0,176.36,5.54,-2.53,2.48,0.0
20230119:1011,856681.0,420.5,10.72,-0.78,2.41,0.0
20230119:1111,1168745.0,577.7,14.11,1.21,2.62,0.0
20230119:1211,1274660.0,632.08,15.4,2.44,3.24,0.0
20230119:1311,1088314.0,537.79,14.47,2.99,3.66,0.0
20230119:1411,473110.0,241.56,11.43,3.01,3.93,0.0
20230119:1511,447787.0,231.36,6.52,2.6,4.0,0.0
20230119:1611,0.0,0.0,0.0,2.02,4.34,0.0
20230119:1711,0.0,0.0,0.0,1.91,4.76,0.0
20230119:1811,0.0,0.0,0.0,2.32,4.9,0.0
20230119:1911,0.0,0.0,0.0,1.86,4.76,0.0
20230119:2011,0.0,0.0,0.0,1.65,4.62,0.0
20230119:2111,0.0,0.0,0.0,1.43,4.62,0.0
20230119:2211,0.0,0.0,0.0,1.42,4.55,0.0
20230119:2311,0.0,0.0,0.0,1.19,4.48,0.0
20230120:0011,0.0,0.0,0.0,1.0,4.34,0.0
20230120:0111,0.0,0.0,0.0,0.68,4.28,0.0
20230120:0211,0.0,0.0,0.0,0.49,4.28,0.0
20230120:0311,0.0,0.0,0.0,0.3,4.21,0.0
20230120:0411,0.0,0.0,0.0,0.15,4.21,0.0
20230120:0511,0.0,0.0,0.0,0.04,4.14,0.0
20230120:0611,0.0,0.0,0.0,-0.08,4.21,0.0
20230120:0711,0.0,0.0,0.0,0.4,4.28,0.0
20230120:0811,0.0,0.0,0.0,0.48,4.14,0.0
20230120:0911,57891.0,42.29,5.7,0.76,4.0,0.0
20230120:1011,120267.0,74.37,10.91,1.85,4.07,0.0
20230120:1111,527574.0,267.33,14.3,3.01,3.52,0.0
20230120:1211,551954.0,279.61,15.61,4.05,4.21,0.0
20230120:1311,375797.0,197.27,14.69,4.52,4.28,0.0
20230120:1411,576955.0,292.6,11.65,4.62,3.72,0.0
20230120:1511,344356.0,183.82,6.75,4.41,3.45,0.0
20230120:1611,0.0,0.0,0.0,3.72,3.03,0.0
20230120:1711,0.0,0.0,0.0,2.46,2.9,0.0
20230120:1811,0.0,0.0,0.0,1.59,2.69,0.0
20230120:1911,0.0,0.0,0.0,0.81,2.55,0.0
20230120:2011,0.0,0.0,0.0,0.13,2.21,0.0
20230120:2111,0.0,0.0,0.0,-0.79,2.07,0.0
20230120:2211,0.0,0.0,0.0,-1.43,1.86,0.0
20230120:2311,0.0,0.0,0.0,-1.48,1.52,0.0
20230121:0011,0.0,0.0,0.0,-1.41,1.38,0.0
20230121:0111,0.0,0.0,0.0,-0.29,1.03,0.0
20230121:0211,0.0,0.0,0.0,0.53,0.76,0.0
20230121:0311,0.0,0.0,0.0,0.57,0.14,0.0
20230121:0411,0.0,0.0,0.0,0.31,0.97,0.0
20230121:0511,0.0,0.0,0.0,-1.51,1.52,0.0
20230121:0611,0.0,0.0,0.0,-1.63,1.66,0.0
20230121:0711,0.0,0.0,0.0,-1.94,1.24,0.0
20230121:0811,0.0,0.0,0.0,-2.3,1.03,0.0
20230121:0911,217879.0,120.37,5.87,-2.73,1.31,0.0
20230121:1011,407100.0,208.51,11.09,-1.15,1.38,0.0
20230121:1111,273332.0,147.43,14.51,0.67,1.72,0.0
20230121:1211,350865.0,184.55,15.83,2.01,2.28,0.0
20230121:1311,405651.0,210.01,14.92,2.32,2.83,0.0
20230121:1411,413563.0,213.47,11.88,2.27,3.03,0.0
20230121:1511,189474.0,108.11,6.97,1.62,2.97,0.0
20230121:1611,0.0,0.0,0.0,0.18,2.97,0.0
20230121:1711,0.0,0.0,0.0,-1.42,2.97,0.0
20230121:1811,0.0,0.0,0.0,-2.32,2.9,0.0
20230121:1911,0.0,0.0,0.0,-2.17,2.83,0.0
20230121:2011,0.0,0.0,0.0,-2.47,2.69,0.0
20230121:2111,0.0,0.0,0.0,-2.66,2.83,0.0
20230121:2211,0.0,0.0,0.0,-2.35,2.9,0.0
20230121:2311,0.0,0.0,0.0,-2.44,2.97,0.0
20230122:0011,0.0,0.0,0.0,-2.51,3.03,0.0
20230122:0111,0.0,0.0,0.0,-2.27,2.9,0.0
20230122:0211,0.0,0.0,0.0,-2.47,2.83,0.0
20230122:0311,0.0,0.0,0.0,-2.67,2.9,0.0
20230122:0411,0.0,0.0,0.0,-2.48,2.97,0.0
20230122:0511,0.0,0.0,0.0,-2.34,2.97,0.0
20230122:0611,0.0,0.0,0.0,-2.03,2.97,0.0
20230122:0711,0.0,0.0,0.0,-2.13,2.83,0.0
20230122:0811,0.0,0.0,0.0,-2.06,2.76,0.0
20230122:0911,2875.0,8.34,6.05,-1.57,2.9,0.0
20230122:1011,91517.0,59.5,11.29,-0.55,2.83,0.0
20230122:1111,25622.0,24.1,14.72,0.58,2.62,0.0
20230122:1211,27025.0,25.03,16.05,1.46,2.83,0.0
20230122:1311,44505.0,35.23,15.16,2.41,2.9,0.0
20230122:1411,49358.0,38.01,12.12,2.98,2.69,0.0
20230122:1511,25300.0,24.1,7.21,2.87,2.48,0.0
20230122:1611,0.0,0.0,0.0,2.47,2.55,0.0
20230122:1711,0.0,0.0,0.0,1.91,2.69,0.0
20230122:1811,0.0,0.0,0.0,1.67,2.62,0.0
20230122:1911,0.0,0.0,0.0,0.83,1.86,0.0
20230122:2011,0.0,0.0,0.0,0.78,2.07,0.0
20230122:2111,0.0,0.0,0.0,0.7,2.0,0.0
20230122:2211,0.0,0.0,0.0,0.35,2.0,0.0
20230122:2311,0.0,0.0,0.0,0.2,2.07,0.0
20230123:0011,0.0,0.0,0.0,0.38,1.86,0.0
20230123:0111,0.0,0.0,0.0,0.16,1.86,0.0
20230123:0211,0.0,0.0,0.0,-0.12,2.07,0.0
20230123:0311,0.0,0.0,0.0,-0.12,2.21,0.0
20230123:0411,0.0,0.0,0.0,0.0,2.21,0.0
20230123:0511,0.0,0.0,0.0,-0.27,2.28,0.0
20230123:0611,0.0,0.0,0.0,-0.47,2.07,0.0
20230123:0711,0.0,0.0,0.0,0.73,2.07,0.0
20230123:0811,0.0,0.0,0.0,0.96,2.21,0.0
20230123:0911,134067.0,81.21,6.23,0.95,2.28,0.0
20230123:1011,65205.0,46.36,11.49,1.4,2.34,0.0
20230123:1111,691219.0,345.2,14.94,2.17,2.28,0.0
20230123:1211,156078.0,92.77,16.28,3.14,2.34,0.0
20230123:1311,328831.0,175.73,15.39,4.43,2.55,0.0
20230123:1411,278829.0,152.08,12.36,4.85,2.55,0.0
20230123:1511,47656.0,37.25,7.45,4.67,2.41,0.0
20230123:1611,0.0,0.0,0.0,4.23,2.28,0.0
20230123:1711,0.0,0.0,0.0,3.47,2.14,0.0
20230123:1811,0.0,0.0,0.0,3.3,2.0,0.0
20230123:1911,0.0,0.0,0.0,2.89,1.93,0.0
20230123:2011,0.0,0.0,0.0,2.22,2.0,0.0
20230123:2111,0.0,0.0,0.0,1.95,2.0,0.0
20230123:2211,0.0,0.0,0.0,1.83,1.93,0.0
20230123:2311,0.0,0.0,0.0,1.68,1.93,0.0
20230124:0011,0.0,0.0,0.0,1.45,1.86,0.0
20230124:0111,0.0,0.0,0.0,1.49,1.59,0.0
20230124:0211,0.0,0.0,0.0,1.36,1.52,0.0
20230124:0311,0.0,0.0,0.0,1.62,1.45,0.0
20230124:0411,0.0,0.0,0.0,2.12,1.52,0.0
20230124:0511,0.0,0.0,0.0,2.38,1.66,0.0
20230124:0611,0.0,0.0,0.0,2.91,1.79,0.0
20230124:0711,0.0,0.0,0.0,3.1,2.14,0.0
20230124:0811,0.0,0.0,0.0,3.51,1.93,0.0
20230124:0911,2737.0,8.34,6.42,3.84,1.93,0.0
20230124:1011,43861.0,35.23,11.69,5.08,1.93,0.0
20230124:1111,87952.0,59.33,15.16,6.21,2.14,0.0
20230124:1211,89401.0,60.26,16.52,7.03,2.9,0.0
20230124:1311,105294.0,68.61,15.64,7.37,3.38,0.0
20230124:1411,186277.0,108.89,12.6,7.5,3.17,0.0
20230124:1511,292468.0,160.75,7.69,7.25,3.17,0.0
20230124:1611,0.0,0.0,0.0,6.9,3.03,0.0
20230124:1711,0.0,0.0,0.0,6.49,3.03,0.0
20230124:1811,0.0,0.0,0.0,6.52,2.97,0.0
20230124:1911,0.0,0.0,0.0,6.15,3.1,0.0
20230124:2011,0.0,0.0,0.0,6.31,3.17,0.0
20230124:2111,0.0,0.0,0.0,6.17,3.1,0.0
20230124:2211,0.0,0.0,0.0,6.36,3.1,0.0
20230124:2311,0.0,0.0,0.0,6.48,3.1,0.0
20230125:0011,0.0,0.0,0.0,6.47,3.24,0.0
20230125:0111,0.0,0.0,0.0,6.53,3.31,0.0
20230125:0211,0.0,0.0,0.0,6.57,3.45,0.0
20230125:0311,0.0,0.0,0.0,6.75,3.45,0.0
20230125:0411,0.0,0.0,0.0,6.92,3.45,0.0
20230125:0511,0.0,0.0,0.0,7.05,3.38,0.0
20230125:0611,0.0,0.0,0.0,7.26,3.38,0.0
20230125:0711,0.0,0.0,0.0,7.51,3.72,0.0
20230125:0811,0.0,0.0,0.0,7.59,3.86,0.0
20230125:0911,60398.0,44.77,6.62,7.69,4.28,0.0
20230125:1011,397877.0,210.55,11.91,7.94,4.55,0.0
20230125:1111,780252.0,395.02,15.39,8.3,4.62,0.0
20230125:1211,20171.0,21.32,16.76,8.58,4.41,0.0
20230125:1311,17342.0,19.47,15.89,8.59,4.34,0.0
20230125:1411,167440.0,99.97,12.85,8.55,4.69,0.0
20230125:1511,565041.0,293.43,7.94,8.57,4.97,0.0
20230125:1611,0.0,0.0,0.0,7.87,4.62,0.0
20230125:1711,0.0,0.0,0.0,6.33,4.41,0.0
20230125:1811,0.0,0.0,0.0,5.21,4.28,0.0
20230125:1911,0.0,0.0,0.0,4.63,4.0,0.0
20230125:2011,0.0,0.0,0.0,3.87,3.79,0.0
20230125:2111,0.0,0.0,0.0,3.33,3.79,0.0
20230125:2211,0.0,0.0,0.0,2.96,3.79,0.0
20230125:2311,0.0,0.0,0.0,2.71,3.86,0.0
20230126:0011,0.0,0.0,0.0,2.51,3.93,0.0
20230126:0111,0.0,0.0,0.0,2.46,4.0,0.0
20230126:0211,0.0,0.0,0.0,2.46,4.0,0.0
20230126:0311,0.0,0.0,0.0,2.57,4.07,0.0
20230126:0411,0.0,0.0,0.0,2.87,4.21,0.0
20230126:0511,0.0,0.0,0.0,3.2,4.55,0.0
20230126:0611,0.0,0.0,0.0,4.11,5.03,0.0
20230126:0711,0.0,0.0,0.0,4.67,4.9,0.0
20230126:0811,0.0,0.0,0.0,4.97,5.1,0.0
20230126:0911,533002.0,275.4,6.82,5.36,5.1,0.0
20230126:1011,762588.0,382.15,12.13,5.66,4.97,0.0
20230126:1111,236279.0,132.5,15.63,6.11,4.69,0.0
20230126:1211,60237.0,44.5,17.01,6.5,5.59,0.0
20230126:1311,247480.0,138.18,16.14,6.83,5.38,0.0
20230126:1411,43539.0,35.23,13.11,6.72,4.97,0.0
20230126:1511,341803.0,183.6,8.19,6.55,4.62,0.0
20230126:1611,0.0,0.93,1.75,5.69,4.07,0.0
20230126:1711,0.0,0.0,0.0,4.81,3.93,0.0
20230126:1811,0.0,0.0,0.0,4.26,3.79,0.0
20230126:1911,0.0,0.0,0.0,4.59,4.14,0.0
20230126:2011,0.0,0.0,0.0,4.92,4.41,0.0
20230126:2111,0.0,0.0,0.0,4.96,4.48,0.0
20230126:2211,0.0,0.0,0.0,4.88,4.21,0.0
20230126:2311,0.0,0.0,0.0,4.95,3.93,0.0
20230127:0011,0.0,0.0,0.0,4.88,3.72,0.0
20230127:0111,0.0,0.0,0.0,4.7,3.59,0.0
20230127:0211,0.0,0.0,0.0,4.46,3.31,0.0
20230127:0311,0.0,0.0,0.0,4.16,2.97,0.0
20230127:0411,0.0,0.0,0.0,3.96,2.62,0.0
20230127:0511,0.0,0.0,0.0,3.91,2.21,0.0
20230127:0611,0.0,0.0,0.0,3.75,2.07,0.0
20230127:0711,0.0,0.0,0.0,3.57,2.21,0.0
20230127:0811,0.0,0.0,0.0,3.6,2.21,0.0
20230127:0911,75141.0,51.98,7.02,3.64,2.07,0.0
20230127:1011,117829.0,74.03,12.35,4.12,1.86,0.0
20230127:1111,383525.0,202.64,15.87,5.04,1.86,0.0
20230127:1211,438058.0,229.49,17.26,5.39,1.45,0.0
20230127:1311,703202.0,359.06,16.4,5.66,1.17,0.0
20230127:1411,46874.0,37.08,13.37,6.14,1.52,0.0
20230127:1511,54717.0,41.41,8.44,6.11,1.52,0.0
20230127:1611,0.0,0.93,2.0,5.78,1.1,0.0
20230127:1711,0.0,0.0,0.0,4.69,1.1,0.0
20230127:1811,0.0,0.0,0.0,3.6,1.45,0.0
20230127:1911,0.0,0.0,0.0,2.37,1.93,0.0
20230127:2011,0.0,0.0,0.0,1.98,2.07,0.0
20230127:2111,0.0,0.0,0.0,1.3,2.21,0.0
20230127:2211,0.0,0.0,0.0,1.05,2.21,0.0
20230127:2311,0.0,0.0,0.0,0.59,2.34,0.0
20230128:0011,0.0,0.0,0.0,0.24,2.48,0.0
20230128:0111,0.0,0.0,0.0,0.23,2.62,0.0
20230128:0211,0.0,0.0,0.0,0.95,2.62,0.0
20230128:0311,0.0,0.0,0.0,0.93,2.76,0.0
20230128:0411,0.0,0.0,0.0,1.45,2.76,0.0
20230128:0511,0.0,0.0,0.0,1.89,2.69,0.0
20230128:0611,0.0,0.0,0.0,1.85,2.62,0.0
20230128:0711,0.0,0.0,0.0,2.87,2.41,0.0
20230128:0811,0.0,0.0,0.0,3.14,1.79,0.0
20230128:0911,293802.0,159.89,7.24,3.37,1.66,0.0
20230128:1011,243018.0,135.33,12.58,4.8,1.66,0.0
20230128:1111,226826.0,128.31,16.12,5.78,1.86,0.0
20230128:1211,256289.0,142.8,17.52,6.19,2.28,0.0
20230128:1311,395692.0,209.19,16.67,6.18,2.41,0.0
20230128:1411,114425.0,72.96,13.64,6.28,2.55,0.0
20230128:1511,48461.0,38.01,8.7,6.46,2.48,0.0
20230128:1611,0.0,0.93,2.25,6.38,2.28,0.0
20230128:1711,0.0,0.0,0.0,5.83,2.21,0.0
20230128:1811,0.0,0.0,0.0,5.2,2.21,0.0
20230128:1911,0.0,0.0,0.0,5.32,2.48,0.0
20230128:2011,0.0,0.0,0.0,5.64,2.21,0.0
20230128:2111,0.0,0.0,0.0,5.41,2.14,0.0
20230128:2211,0.0,0.0,0.0,5.22,1.79,0.0
20230128:2311,0.0,0.0,0.0,5.16,1.79,0.0
20230129:0011,0.0,0.0,0.0,5.14,1.93,0.0
20230129:0111,0.0,0.0,0.0,5.02,2.14,0.0
20230129:0211,0.0,0.0,0.0,5.15,2.21,0.0
20230129:0311,0.0,0.0,0.0,4.92,2.21,0.0
20230129:0411,0.0,0.0,0.0,4.95,2.21,0.0
20230129:0511,0.0,0.0,0.0,4.54,2.34,0.0
20230129:0611,0.0,0.0,0.0,4.24,2.62,0.0
20230129:0711,0.0,0.0,0.0,4.3,4.14,0.0
20230129:0811,0.0,0.0,0.0,4.3,4.69,0.0
20230129:0911,1725.0,7.42,7.46,4.8,4.97,0.0
20230129:1011,220685.0,124.44,12.82,5.55,5.38,0.0
20230129:1111,481896.0,248.5,16.37,6.17,5.45,0.0
20230129:1211,105708.0,68.61,17.79,6.92,6.41,0.0
20230129:1311,307579.0,166.87,16.94,7.18,6.76,0.0
20230129:1411,217994.0,123.93,13.9,7.25,6.69,0.0
20230129:1511,33902.0,29.67,8.96,7.16,6.76,0.0
20230129:1611,0.0,1.85,2.5,7.24,7.17,0.0
20230129:1711,0.0,0.0,0.0,7.33,7.31,0.0
20230129:1811,0.0,0.0,0.0,7.51,6.9,0.0
20230129:1911,0.0,0.0,0.0,7.88,6.83,0.0
20230129:2011,0.0,0.0,0.0,8.39,6.83,0.0
20230129:2111,0.0,0.0,0.0,8.97,6.83,0.0
20230129:2211,0.0,0.0,0.0,8.46,7.45,0.0
20230129:2311,0.0,0.0,0.0,6.96,7.45,0.0
20230130:0011,0.0,0.0,0.0,5.96,7.1,0.0
20230130:0111,0.0,0.0,0.0,5.84,7.17,0.0
20230130:0211,0.0,0.0,0.0,5.51,7.03,0.0
20230130:0311,0.0,0.0,0.0,5.21,6.97,0.0
20230130:0411,0.0,0.0,0.0,5.13,6.9,0.0
20230130:0511,0.0,0.0,0.0,5.2,6.9,0.0
20230130:0611,0.0,0.0,0.0,5.35,6.83,0.0
20230130:0711,0.0,0.0,0.0,5.81,7.1,0.0
20230130:0811,0.0,0.0,0.0,5.85,6.76,0.0
20230130:0911,546802.0,281.79,7.68,5.93,6.34,0.0
20230130:1011,922507.0,460.62,13.06,6.72,5.93,0.0
20230130:1111,1185604.0,594.57,16.63,7.44,5.03,0.0
20230130:1211,1241195.0,622.42,18.06,8.16,5.86,0.0
20230130:1311,1286758.0,647.55,17.21,8.59,5.66,0.0
20230130:1411,1079620.0,544.24,14.18,8.72,5.24,0.0
20230130:1511,692323.0,355.61,9.23,8.46,4.55,0.0
20230130:1611,782.0,6.49,2.76,7.62,4.14,0.0
20230130:1711,0.0,0.0,0.0,6.25,3.79,0.0
20230130:1811,0.0,0.0,0.0,5.27,3.66,0.0
20230130:1911,0.0,0.0,0.0,5.33,3.66,0.0
20230130:2011,0.0,0.0,0.0,5.07,3.59,0.0
20230130:2111,0.0,0.0,0.0,5.21,4.0,0.0
20230130:2211,0.0,0.0,0.0,5.62,5.1,0.0
20230130:2311,0.0,0.0,0.0,6.07,6.0,0.0
20230131:0011,0.0,0.0,0.0,6.59,6.21,0.0
20230131:0111,0.0,0.0,0.0,6.63,6.07,0.0
20230131:0211,0.0,0.0,0.0,7.04,6.34,0.0
20230131:0311,0.0,0.0,0.0,7.52,6.83,0.0
20230131:0411,0.0,0.0,0.0,7.67,6.9,0.0
20230131:0511,0.0,0.0,0.0,7.95,6.83,0.0
20230131:0611,0.0,0.0,0.0,8.37,7.17,0.0
20230131:0711,0.0,0.0,0.0,8.91,8.0,0.0
20230131:0811,0.0,0.0,0.0,8.37,8.48,0.0
20230131:0911,541972.0,280.57,7.92,7.62,8.41,0.0
20230131:1011,931707.0,463.59,13.31,7.61,8.76,0.0
20230131:1111,1075112.0,533.85,16.89,7.71,8.0,0.0
20230131:1211,1304146.0,646.66,18.34,7.66,8.34,0.0
20230131:1311,1274568.0,631.18,17.49,7.46,8.34,0.0
20230131:1411,1103632.0,547.24,14.46,7.17,7.79,0.0
20230131:1511,415357.0,217.86,9.5,6.65,7.52,0.0
20230131:1611,0.0,5.56,3.02,5.94,8.0,0.0
20230131:1711,0.0,0.0,0.0,5.31,7.72,0.0
20230131:1811,0.0,0.0,0.0,5.03,7.66,0.0
20230131:1911,0.0,0.0,0.0,5.63,8.21,0.0
20230131:2011,0.0,0.0,0.0,5.82,8.34,0.0
20230131:2111,0.0,0.0,0.0,5.77,8.55,0.0
20230131:2211,0.0,0.0,0.0,5.65,8.28,0.0
20230131:2311,0.0,0.0,0.0,5.45,7.86,0.0
20230201:0011,0.0,0.0,0.0,5.38,7.86,0.0
20230201:0111,0.0,0.0,0.0,5.25,7.66,0.0
20230201:0211,0.0,0.0,0.0,5.29,7.45,0.0
20230201:0311,0.0,0.0,0.0,5.32,7.38,0.0
20230201:0411,0.0,0.0,0.0,5.43,7.93,0.0
20230201:0511,0.0,0.0,0.0,5.71,8.34,0.0
20230201:0611,0.0,0.0,0.0,5.94,8.69,0.0
20230201:0711,0.0,0.0,0.0,6.14,8.34,0.0
20230201:0811,0.0,0.0,0.0,6.01,7.93,0.0
20230201:0911,624519.0,319.28,8.15,6.63,7.79,0.0
20230201:1011,916481.0,456.42,13.57,7.31,7.86,0.0
20230201:1111,1223692.0,611.76,17.16,7.97,6.28,0.0
20230201:1211,943989.0,472.13,18.62,8.43,7.38,0.0
20230201:1311,693404.0,350.9,17.78,8.59,7.86,0.0
20230201:1411,286120.0,157.43,14.74,8.79,7.86,0.0
20230201:1511,112884.0,72.51,9.78,8.46,6.34,0.0
20230201:1611,2622.0,8.34,3.29,7.93,6.48,0.0
20230201:1711,0.0,0.0,0.0,7.66,6.14,0.0
20230201:1811,0.0,0.0,0.0,7.59,6.07,0.0
20230201:1911,0.0,0.0,0.0,7.62,5.52,0.0
20230201:2011,0.0,0.0,0.0,7.8,5.59,0.0
20230201:2111,0.0,0.0,0.0,8.24,6.07,0.0
20230201:2211,0.0,0.0,0.0,8.22,6.0,0.0
20230201:2311,0.0,0.0,0.0,8.08,6.0,0.0
20230202:0011,0.0,0.0,0.0,8.34,6.41,0.0
20230202:0111,0.0,0.0,0.0,8.51,6.48,0.0
20230202:0211,0.0,0.0,0.0,8.58,6.21,0.0
20230202:0311,0.0,0.0,0.0,8.45,5.86,0.0
20230202:0411,0.0,0.0,0.0,8.5,5.72,0.0
20230202:0511,0.0,0.0,0.0,8.6,5.66,0.0
20230202:0611,0.0,0.0,0.0,8.4,5.24,0.0
20230202:0711,0.0,0.0,0.0,8.88,5.45,0.0
20230202:0811,0.0,0.0,0.0,8.98,5.52,0.0
20230202:0911,5796.0,11.13,8.4,9.07,5.79,0.0
20230202:1011,43010.0,35.23,13.83,9.13,6.21,0.0
20230202:1111,129605.0,81.59,17.44,9.38,6.41,0.0
20230202:1211,88435.0,60.26,18.9,9.53,5.38,0.0
20230202:1311,162748.0,98.46,18.07,9.6,5.24,0.0
20230202:1411,81443.0,56.55,15.02,9.67,6.14,0.0
20230202:1511,22954.0,23.18,10.05,9.49,7.45,0.0
20230202:1611,0.0,4.64,3.56,9.32,7.45,0.0
20230202:1711,0.0,0.0,0.0,8.9,7.59,0.0
20230202:1811,0.0,0.0,0.0,8.67,7.1,0.0
20230202:1911,0.0,0.0,0.0,9.39,6.97,0.0
20230202:2011,0.0,0.0,0.0,9.32,6.55,0.0
20230202:2111,0.0,0.0,0.0,9.25,6.69,0.0
20230202:2211,0.0,0.0,0.0,9.37,7.03,0.0
20230202:2311,0.0,0.0,0.0,9.66,7.38,0.0
20230203:0011,0.0,0.0,0.0,9.67,7.72,0.0
20230203:0111,0.0,0.0,0.0,9.82,7.66,0.0
20230203:0211,0.0,0.0,0.0,9.91,7.24,0.0
20230203:0311,0.0,0.0,0.0,9.97,6.62,0.0
20230203:0411,0.0,0.0,0.0,10.11,6.0,0.0
20230203:0511,0.0,0.0,0.0,9.97,5.52,0.0
20230203:0611,0.0,0.0,0.0,9.67,5.59,0.0
20230203:0711,0.0,0.0,0.0,9.86,5.59,0.0
20230203:0811,0.0,0.93,1.78,9.82,5.45,0.0
20230203:0911,30337.0,27.81,8.65,9.8,5.03,0.0
20230203:1011,217603.0,125.39,14.09,9.93,4.76,0.0
20230203:1111,130824.0,82.51,17.72,9.99,4.34,0.0
20230203:1211,254909.0,144.23,19.2,10.08,3.93,0.0
20230203:1311,308039.0,169.95,18.36,10.23,4.21,0.0
20230203:1411,118772.0,76.34,15.31,10.49,4.69,0.0
20230203:1511,47495.0,38.01,10.33,10.54,4.41,0.0
20230203:1611,736.0,6.49,3.83,10.37,4.48,0.0
20230203:1711,0.0,0.0,0.0,10.05,3.72,0.0
20230203:1811,0.0,0.0,0.0,9.38,3.52,0.0
20230203:1911,0.0,0.0,0.0,9.14,3.24,0.0
20230203:2011,0.0,0.0,0.0,8.99,2.97,0.0
20230203:2111,0.0,0.0,0.0,8.87,2.76,0.0
20230203:2211,0.0,0.0,0.0,8.42,2.28,0.0
20230203:2311,0.0,0.0,0.0,8.17,2.07,0.0
20230204:0011,0.0,0.0,0.0,7.21,2.28,0.0
20230204:0111,0.0,0.0,0.0,6.99,2.41,0.0
20230204:0211,0.0,0.0,0.0,7.11,2.41,0.0
20230204:0311,0.0,0.0,0.0,6.93,2.41,0.0
20230204:0411,0.0,0.0,0.0,6.89,2.34,0.0
20230204:0511,0.0,0.0,0.0,6.57,2.28,0.0
20230204:0611,0.0,0.0,0.0,6.68,2.14,0.0
20230204:0711,0.0,0.0,0.0,7.13,2.28,0.0
20230204:0811,0.0,1.85,2.02,7.3,2.48,0.0
20230204:0911,6992.0,12.05,8.9,8.01,2.76,0.0
20230204:1011,41492.0,34.3,14.37,8.59,3.1,0.0
20230204:1111,79833.0,55.63,18.01,9.16,4.14,0.0
20230204:1211,46138.0,37.08,19.49,9.46,4.48,0.0
20230204:1311,65941.0,48.21,18.66,9.74,4.62,0.0
20230204:1411,46023.0,37.08,15.61,9.96,4.83,0.0
20230204:1511,18607.0,20.4,10.62,9.86,4.28,0.0
20230204:1611,0.0,5.56,4.1,9.51,4.55,0.0
20230204:1711,0.0,0.0,0.0,8.99,4.41,0.0
20230204:1811,0.0,0.0,0.0,8.41,4.28,0.0
20230204:1911,0.0,0.0,0.0,9.17,4.62,0.0
20230204:2011,0.0,0.0,0.0,9.23,5.24,0.0
20230204:2111,0.0,0.0,0.0,8.25,5.38,0.0
20230204:2211,0.0,0.0,0.0,6.86,4.62,0.0
20230204:2311,0.0,0.0,0.0,5.25,4.21,0.0
20230205:0011,0.0,0.0,0.0,4.08,3.93,0.0
20230205:0111,0.0,0.0,0.0,3.08,3.86,0.0
20230205:0211,0.0,0.0,0.0,2.44,3.66,0.0
20230205:0311,0.0,0.0,0.0,2.0,3.79,0.0
20230205:0411,0.0,0.0,0.0,1.81,3.79,0.0
20230205:0511,0.0,0.0,0.0,1.43,3.1,0.0
20230205:0611,0.0,0.0,0.0,0.95,3.1,0.0
20230205:0711,0.0,0.0,0.0,0.64,3.03,0.0
20230205:0811,0.0,2.78,2.27,0.24,2.62,0.0
20230205:0911,262361.0,142.76,9.16,0.48,1.86,0.0
20230205:1011,918459.0,462.2,14.64,2.89,1.24,0.0
20230205:1111,981433.0,500.98,18.3,4.86,0.76,0.0
20230205:1211,969289.0,497.97,19.79,5.71,0.55,0.0
20230205:1311,849390.0,432.74,18.96,6.4,1.66,0.0
20230205:1411,818064.0,415.65,15.9,6.69,2.34,0.0
20230205:1511,317998.0,172.67,10.91,6.52,2.34,0.0
20230205:1611,4784.0,10.2,4.38,5.79,2.14,0.0
20230205:1711,0.0,0.0,0.0,4.45,2.21,0.0
20230205:1811,0.0,0.0,0.0,3.56,2.0,0.0
20230205:1911,0.0,0.0,0.0,2.87,1.93,0.0
20230205:2011,0.0,0.0,0.0,2.06,1.59,0.0
20230205:2111,0.0,0.0,0.0,0.84,2.0,0.0
20230205:2211,0.0,0.0,0.0,-0.8,2.34,0.0
20230205:2311,0.0,0.0,0.0,-1.72,2.28,0.0
20230206:0011,0.0,0.0,0.0,-2.34,2.28,0.0
20230206:0111,0.0,0.0,0.0,-2.56,2.41,0.0
20230206:0211,0.0,0.0,0.0,-2.51,2.41,0.0
20230206:0311,0.0,0.0,0.0,-2.45,2.41,0.0
20230206:0411,0.0,0.0,0.0,-2.52,2.34,0.0
20230206:0511,0.0,0.0,0.0,-2.82,2.41,0.0
20230206:0611,0.0,0.0,0.0,-3.16,2.34,0.0
20230206:0711,0.0,0.0,0.0,-3.2,1.72,0.0
20230206:0811,0.0,1.85,2.52,-2.84,1.52,0.0
20230206:0911,698234.0,349.09,9.43,-1.53,1.38,0.0
20230206:1011,1188824.0,597.72,14.93,1.83,1.45,0.0
20230206:1111,1344672.0,682.84,18.6,3.9,1.86,0.0
20230206:1211,1439202.0,735.32,20.1,5.19,2.28,0.0
20230206:1311,1429289.0,729.29,19.27,5.98,2.69,0.0
20230206:1411,1132842.0,572.93,16.2,6.5,2.97,0.0
20230206:1511,302496.0,165.05,11.19,6.53,2.76,0.0
20230206:1611,16192.0,18.54,4.65,6.0,2.0,0.0
20230206:1711,0.0,0.0,0.0,4.53,2.34,0.0
20230206:1811,0.0,0.0,0.0,2.86,2.41,0.0
20230206:1911,0.0,0.0,0.0,2.48,2.41,0.0
20230206:2011,0.0,0.0,0.0,1.61,2.34,0.0
20230206:2111,0.0,0.0,0.0,1.16,2.14,0.0
20230206:2211,0.0,0.0,0.0,0.41,2.28,0.0
20230206:2311,0.0,0.0,0.0,-0.36,2.34,0.0
20230207:0011,0.0,0.0,0.0,-0.56,2.28,0.0
20230207:0111,0.0,0.0,0.0,-0.86,2.21,0.0
20230207:0211,0.0,0.0,0.0,-0.97,2.07,0.0
20230207:0311,0.0,0.0,0.0,-0.7,1.86,0.0
20230207:0411,0.0,0.0,0.0,-0.21,1.66,0.0
20230207:0511,0.0,0.0,0.0,0.38,1.52,0.0
20230207:0611,0.0,0.0,0.0,0.44,1.59,0.0
20230207:0711,0.0,0.0,0.0,-0.44,2.14,0.0
20230207:0811,0.0,2.78,2.77,-0.03,2.28,0.0
20230207:0911,101430.0,65.06,9.7,1.47,2.21,0.0
20230207:1011,106766.0,68.61,15.21,4.3,2.07,0.0
20230207:1111,111090.0,71.39,18.9,6.48,2.76,0.0
20230207:1211,278116.0,154.38,20.41,7.76,3.38,0.0
20230207:1311,379822.0,203.46,19.58,8.44,3.72,0.0
20230207:1411,664516.0,340.87,16.51,8.6,3.59,0.0
20230207:1511,100326.0,66.19,11.49,8.36,2.97,0.0
20230207:1611,13317.0,16.69,4.93,7.68,2.48,0.0
20230207:1711,0.0,0.0,0.0,6.41,2.34,0.0
20230207:1811,0.0,0.0,0.0,5.57,2.21,0.0
20230207:1911,0.0,0.0,0.0,4.95,2.0,0.0
20230207:2011,0.0,0.0,0.0,4.15,1.86,0.0
20230207:2111,0.0,0.0,0.0,3.36,1.86,0.0
20230207:2211,0.0,0.0,0.0,2.13,1.93,0.0
20230207:2311,0.0,0.0,0.0,1.53,2.07,0.0
20230208:0011,0.0,0.0,0.0,1.35,2.14,0.0
20230208:0111,0.0,0.0,0.0,1.65,2.07,0.0
20230208:0211,0.0,0.0,0.0,2.02,1.93,0.0
20230208:0311,0.0,0.0,0.0,2.08,1.86,0.0
20230208:0411,0.0,0.0,0.0,1.66,1.93,0.0
20230208:0511,0.0,0.0,0.0,1.51,2.14,0.0
20230208:0611,0.0,0.0,0.0,0.94,2.21,0.0
20230208:0711,0.0,0.0,0.0,0.41,2.55,0.0
20230208:0811,0.0,4.64,3.03,0.1,2.76,0.0
20230208:0911,552575.0,280.48,9.97,1.28,2.9,0.0
20230208:1011,908822.0,452.58,15.5,3.54,3.17,0.0
20230208:1111,762266.0,382.58,19.2,5.24,4.0,0.0
20230208:1211,1148758.0,574.79,20.72,6.38,4.62,0.0
20230208:1311,1238596.0,621.0,19.9,7.32,5.24,0.0
20230208:1411,984147.0,493.48,16.81,7.68,5.52,0.0
20230208:1511,297344.0,162.61,11.78,7.48,5.31,0.0
20230208:1611,12075.0,15.76,5.22,6.62,5.1,0.0
20230208:1711,0.0,0.0,0.0,5.26,4.9,0.0
20230208:1811,0.0,0.0,0.0,4.5,5.1,0.0
20230208:1911,0.0,0.0,0.0,4.2,5.1,0.0
20230208:2011,0.0,0.0,0.0,4.14,5.24,0.0
20230208:2111,0.0,0.0,0.0,4.02,5.17,0.0
20230208:2211,0.0,0.0,0.0,3.98,5.24,0.0
20230208:2311,0.0,0.0,0.0,4.28,5.1,0.0
20230209:0011,0.0,0.0,0.0,5.04,4.69,0.0
20230209:0111,0.0,0.0,0.0,6.23,3.79,0.0
20230209:0211,0.0,0.0,0.0,6.15,3.03,0.0
20230209:0311,0.0,0.0,0.0,5.01,3.1,0.0
20230209:0411,0.0,0.0,0.0,3.35,2.55,0.0
20230209:0511,0.0,0.0,0.0,1.75,2.07,0.0
20230209:0611,0.0,0.0,0.0,0.29,2.21,0.0
20230209:0711,0.0,0.0,0.0,-0.39,2.62,0.0
20230209:0811,15916.0,18.37,3.3,-0.64,2.62,0.0
20230209:0911,724017.0,362.94,10.25,1.14,2.76,0.0
20230209:1011,1151196.0,575.48,15.8,4.18,3.17,0.0
20230209:1111,1343522.0,674.28,19.52,6.26,4.48,0.0
20230209:1211,1420319.0,711.53,21.04,7.44,6.14,0.0
20230209:1311,1240666.0,621.95,20.21,7.81,5.72,0.0
20230209:1411,362342.0,193.89,17.12,7.88,5.24,0.0
20230209:1511,80454.0,55.63,12.08,7.64,4.34,0.0
20230209:1611,18906.0,20.4,5.5,7.09,3.72,0.0
20230209:1711,0.0,0.0,0.0,6.11,3.38,0.0
20230209:1811,0.0,0.0,0.0,4.92,3.1,0.0
20230209:1911,0.0,0.0,0.0,4.84,3.38,0.0
20230209:2011,0.0,0.0,0.0,4.36,3.1,0.0
20230209:2111,0.0,0.0,0.0,3.81,2.83,0.0
20230209:2211,0.0,0.0,0.0,3.32,2.76,0.0
20230209:2311,0.0,0.0,0.0,2.97,2.69,0.0
20230210:0011,0.0,0.0,0.0,2.74,2.69,0.0
20230210:0111,0.0,0.0,0.0,2.38,2.69,0.0
20230210:0211,0.0,0.0,0.0,2.46,2.76,0.0
20230210:0311,0.0,0.0,0.0,2.48,2.97,0.0
20230210:0411,0.0,0.0,0.0,3.03,3.45,0.0
20230210:0511,0.0,0.0,0.0,3.53,4.0,0.0
20230210:0611,0.0,0.0,0.0,3.85,4.34,0.0
20230210:0711,0.0,0.0,0.0,3.83,4.34,0.0
20230210:0811,0.0,4.64,3.57,4.01,4.55,0.0
20230210:0911,39123.0,32.45,10.54,4.76,4.97,0.0
20230210:1011,34178.0,29.67,16.1,5.58,5.38,0.0
20230210:1111,37214.0,31.52,19.83,6.35,5.86,0.0
20230210:1211,41791.0,34.3,21.36,7.35,4.76,0.0
20230210:1311,29118.0,26.89,20.54,7.92,4.28,0.0
20230210:1411,26059.0,25.03,17.44,8.31,6.21,0.0
20230210:1511,18745.0,20.4,12.38,8.51,5.93,0.0
20230210:1611,2599.0,8.34,5.79,8.55,5.79,0.0
20230210:1711,0.0,0.0,0.0,8.5,5.66,0.0
20230210:1811,0.0,0.0,0.0,8.48,5.59,0.0
20230210:1911,0.0,0.0,0.0,8.96,5.86,0.0
20230210:2011,0.0,0.0,0.0,8.94,6.07,0.0
20230210:2111,0.0,0.0,0.0,8.7,6.21,0.0
20230210:2211,0.0,0.0,0.0,8.49,6.21,0.0
20230210:2311,0.0,0.0,0.0,8.27,6.07,0.0
20230211:0011,0.0,0.0,0.0,8.02,5.72,0.0
20230211:0111,0.0,0.0,0.0,7.77,5.1,0.0
20230211:0211,0.0,0.0,0.0,7.64,4.28,0.0
20230211:0311,0.0,0.0,0.0,7.73,3.31,0.0
20230211:0411,0.0,0.0,0.0,7.73,2.55,0.0
20230211:0511,0.0,0.0,0.0,7.23,2.21,0.0
20230211:0611,0.0,0.0,0.0,6.67,2.28,0.0
20230211:0711,0.0,0.0,0.0,6.8,2.62,0.0
20230211:0811,1679.0,7.42,3.84,7.07,2.69,0.0
20230211:0911,160379.0,96.58,10.83,7.81,2.76,0.0
20230211:1011,845158.0,431.9,16.41,8.7,2.97,0.0
20230211:1111,774962.0,395.85,20.15,9.66,4.55,0.0
20230211:1211,1171436.0,598.12,21.69,10.23,4.34,0.0
20230211:1311,1418111.0,731.2,20.86,10.48,3.93,0.0
20230211:1411,1280226.0,658.06,17.75,10.43,3.79,0.0
20230211:1511,440979.0,234.85,12.68,10.15,3.52,0.0
20230211:1611,6923.0,12.05,6.08,9.42,2.69,0.0
20230211:1711,0.0,0.0,0.0,8.08,2.34,0.0
20230211:1811,0.0,0.0,0.0,6.88,2.28,0.0
20230211:1911,0.0,0.0,0.0,5.68,2.28,0.0
20230211:2011,0.0,0.0,0.0,4.93,2.21,0.0
20230211:2111,0.0,0.0,0.0,4.4,2.14,0.0
20230211:2211,0.0,0.0,0.0,4.24,2.0,0.0
20230211:2311,0.0,0.0,0.0,4.24,1.93,0.0
20230212:0011,0.0,0.0,0.0,4.0,1.93,0.0
20230212:0111,0.0,0.0,0.0,3.77,1.59,0.0
20230212:0211,0.0,0.0,0.0,3.45,1.45,0.0
20230212:0311,0.0,0.0,0.0,2.7,1.52,0.0
20230212:0411,0.0,0.0,0.0,2.02,1.59,0.0
20230212:0511,0.0,0.0,0.0,1.94,1.52,0.0
20230212:0611,0.0,0.0,0.0,2.64,1.31,0.0
20230212:0711,0.0,0.0,0.0,1.69,1.59,0.0
20230212:0811,46.0,5.56,4.12,1.62,1.59,0.0
20230212:0911,57523.0,42.65,11.12,3.72,1.03,0.0
20230212:1011,96853.0,63.97,16.72,5.93,1.17,0.0
20230212:1111,94185.0,63.04,20.48,7.96,1.86,0.0
20230212:1211,79971.0,55.63,22.02,8.64,2.55,0.0
20230212:1311,79833.0,55.63,21.19,9.0,2.9,0.0
20230212:1411,90206.0,61.19,18.07,9.18,2.97,0.0
20230212:1511,79764.0,55.63,12.99,9.22,3.1,0.0
20230212:1611,109296.0,71.93,6.37,8.5,2.21,0.0
20230212:1711,0.0,0.0,0.0,7.26,2.28,0.0
20230212:1811,0.0,0.0,0.0,6.2,2.48,0.0
20230212:1911,0.0,0.0,0.0,6.27,2.69,0.0
20230212:2011,0.0,0.0,0.0,5.77,2.83,0.0
20230212:2111,0.0,0.0,0.0,5.13,2.83,0.0
20230212:2211,0.0,0.0,0.0,4.42,2.76,0.0
20230212:2311,0.0,0.0,0.0,3.97,2.76,0.0
20230213:0011,0.0,0.0,0.0,3.68,2.76,0.0
20230213:0111,0.0,0.0,0.0,3.77,2.69,0.0
20230213:0211,0.0,0.0,0.0,3.91,2.55,0.0
20230213:0311,0.0,0.0,0.0,3.81,2.55,0.0
20230213:0411,0.0,0.0,0.0,3.72,2.48,0.0
20230213:0511,0.0,0.0,0.0,3.56,2.48,0.0
20230213:0611,0.0,0.0,0.0,3.61,2.41,0.0
20230213:0711,0.0,0.0,0.0,3.74,2.34,0.0
20230213:0811,2737.0,8.34,4.41,3.66,2.21,0.0
20230213:0911,72841.0,50.99,11.42,4.56,2.62,0.0
20230213:1011,93794.0,62.12,17.04,5.29,3.45,0.0
20230213:1111,115138.0,73.24,20.8,5.86,3.59,0.0
20230213:1211,153203.0,92.71,22.36,6.59,3.72,0.0
20230213:1311,127075.0,79.73,21.52,7.22,3.79,0.0
20230213:1411,89148.0,60.26,18.39,7.75,3.93,0.0
20230213:1511,174386.0,103.45,13.3,7.99,3.86,0.0
20230213:1611,416944.0,227.86,6.66,7.75,3.52,0.0
20230213:1711,0.0,0.0,0.0,6.25,2.9,0.0
20230213:1811,0.0,0.0,0.0,4.67,2.97,0.0
20230213:1911,0.0,0.0,0.0,4.1,2.83,0.0
20230213:2011,0.0,0.0,0.0,3.38,2.62,0.0
20230213:2111,0.0,0.0,0.0,2.65,2.55,0.0
20230213:2211,0.0,0.0,0.0,2.05,2.48,0.0
20230213:2311,0.0,0.0,0.0,1.57,2.48,0.0
20230214:0011,0.0,0.0,0.0,1.14,2.55,0.0
20230214:0111,0.0,0.0,0.0,0.85,2.55,0.0
20230214:0211,0.0,0.0,0.0,0.53,2.55,0.0
20230214:0311,0.0,0.0,0.0,0.15,2.55,0.0
20230214:0411,0.0,0.0,0.0,-0.29,2.41,0.0
20230214:0511,0.0,0.0,0.0,-0.73,2.21,0.0
20230214:0611,0.0,0.0,0.0,-1.09,1.86,0.0
20230214:0711,0.0,0.0,0.0,-1.74,1.52,0.0
20230214:0811,38364.0,31.81,4.7,-1.95,1.31,0.0
20230214:0911,198674.0,112.13,11.73,-0.2,1.38,0.0
20230214:1011,257692.0,141.53,17.36,2.41,1.72,0.0
20230214:1111,368230.0,196.19,21.14,5.31,2.34,0.0
20230214:1211,223997.0,128.42,22.7,7.85,2.83,0.0
20230214:1311,421199.0,225.14,21.86,9.63,3.17,0.0
20230214:1411,809922.0,417.59,18.72,10.93,3.38,0.0
20230214:1511,654603.0,342.37,13.6,11.51,3.17,0.0
20230214:1611,367448.0,205.83,6.95,10.96,2.83,0.0
20230214:1711,0.0,0.0,0.0,9.32,3.17,0.0
20230214:1811,0.0,0.0,0.0,7.8,3.17,0.0
20230214:1911,0.0,0.0,0.0,6.37,2.83,0.0
20230214:2011,0.0,0.0,0.0,5.46,2.69,0.0
20230214:2111,0.0,0.0,0.0,4.8,2.62,0.0
20230214:2211,0.0,0.0,0.0,4.23,2.62,0.0
20230214:2311,0.0,0.0,0.0,3.79,2.69,0.0
20230215:0011,0.0,0.0,0.0,3.44,2.83,0.0
20230215:0111,0.0,0.0,0.0,3.28,2.76,0.0
20230215:0211,0.0,0.0,0.0,3.1,2.9,0.0
20230215:0311,0.0,0.0,0.0,2.94,3.03,0.0
20230215:0411,0.0,0.0,0.0,2.75,3.17,0.0
20230215:0511,0.0,0.0,0.0,2.39,3.24,0.0
20230215:0611,0.0,0.0,0.0,2.0,3.24,0.0
20230215:0711,0.0,0.0,0.0,1.48,3.24,0.0
20230215:0811,0.0,4.64,4.99,1.39,3.31,0.0
20230215:0911,564512.0,287.42,12.04,2.93,3.24,0.0
20230215:1011,1257433.0,632.27,17.68,5.47,3.52,0.0
20230215:1111,1453278.0,739.04,21.47,7.97,4.28,0.0
20230215:1211,1364176.0,695.07,23.04,9.65,4.9,0.0
20230215:1311,200399.0,117.5,22.2,9.86,5.03,0.0
20230215:1411,295918.0,163.73,19.05,9.7,5.24,0.0
20230215:1511,304842.0,168.11,13.92,9.78,4.34,0.0
20230215:1611,149730.0,92.98,7.25,9.31,3.86,0.0
20230215:1711,0.0,0.0,0.0,7.84,3.24,0.0
20230215:1811,0.0,0.0,0.0,6.35,2.97,0.0
20230215:1911,0.0,0.0,0.0,5.96,2.83,0.0
20230215:2011,0.0,0.0,0.0,5.59,2.9,0.0
20230215:2111,0.0,0.0,0.0,5.43,3.17,0.0
20230215:2211,0.0,0.0,0.0,5.19,3.38,0.0
20230215:2311,0.0,0.0,0.0,5.22,3.52,0.0
20230216:0011,0.0,0.0,0.0,5.23,3.45,0.0
20230216:0111,0.0,0.0,0.0,5.28,3.31,0.0
20230216:0211,0.0,0.0,0.0,5.32,3.24,0.0
20230216:0311,0.0,0.0,0.0,5.11,2.9,0.0
20230216:0411,0.0,0.0,0.0,4.82,2.48,0.0
20230216:0511,0.0,0.0,0.0,4.73,2.62,0.0
20230216:0611,0.0,0.0,0.0,4.63,2.83,0.0
20230216:0711,0.0,0.0,0.0,5.63,3.45,0.0
20230216:0811,0.0,4.64,5.29,5.87,3.1,0.0
20230216:0911,77441.0,53.77,12.35,6.27,2.69,0.0
20230216:1011,287316.0,158.37,18.01,7.05,2.41,0.0
20230216:1111,172316.0,102.91,21.82,7.9,2.62,0.0
20230216:1211,169786.0,101.98,23.38,8.81,2.97,0.0
20230216:1311,77763.0,54.7,22.54,10.03,4.21,0.0
20230216:1411,834026.0,425.75,19.37,10.03,4.55,0.0
20230216:1511,252264.0,142.47,14.23,9.91,5.03,0.0
20230216:1611,308568.0,173.39,7.54,9.33,5.38,0.0
20230216:1711,0.0,0.0,0.0,8.8,4.97,0.0
20230216:1811,0.0,0.0,0.0,8.42,5.03,0.0
20230216:1911,0.0,0.0,0.0,9.11,4.9,0.0
20230216:2011,0.0,0.0,0.0,9.53,5.17,0.0
20230216:2111,0.0,0.0,0.0,9.92,5.52,0.0
20230216:2211,0.0,0.0,0.0,10.35,5.72,0.0
20230216:2311,0.0,0.0,0.0,10.69,5.86,0.0
20230217:0011,0.0,0.0,0.0,10.96,5.93,0.0
20230217:0111,0.0,0.0,0.0,11.11,6.48,0.0
20230217:0211,0.0,0.0,0.0,11.13,7.31,0.0
20230217:0311,0.0,0.0,0.0,10.98,8.28,0.0
20230217:0411,0.0,0.0,0.0,10.72,9.1,0.0
20230217:0511,0.0,0.0,0.0,10.69,10.28,0.0
20230217:0611,0.0,0.0,0.0,11.03,11.31,0.0
20230217:0711,0.0,0.0,0.0,12.07,12.48,0.0
20230217:0811,140691.0,90.98,5.59,12.05,12.97,0.0
20230217:0911,282072.0,157.63,12.67,11.82,12.97,0.0
20230217:1011,576679.0,297.61,18.34,10.81,10.9,0.0
20230217:1111,1019084.0,510.21,22.16,10.29,10.55,0.0
20230217:1211,1458775.0,730.3,23.73,10.2,9.86,0.0
20230217:1311,1336737.0,671.29,22.88,10.27,8.55,0.0
20230217:1411,1153289.0,580.97,19.71,10.07,7.03,0.0
20230217:1511,502573.0,263.38,14.54,9.69,5.1,0.0
20230217:1611,224549.0,131.13,7.84,9.37,3.79,0.0
20230217:1711,0.0,0.0,0.0,8.26,2.83,0.0
20230217:1811,0.0,0.0,0.0,7.82,2.48,0.0
20230217:1911,0.0,0.0,0.0,8.1,2.34,0.0
20230217:2011,0.0,0.0,0.0,7.99,2.34,0.0
20230217:2111,0.0,0.0,0.0,7.69,2.41,0.0
20230217:2211,0.0,0.0,0.0,7.57,2.34,0.0
20230217:2311,0.0,0.0,0.0,7.42,2.41,0.0
20230218:0011,0.0,0.0,0.0,7.81,2.69,0.0
20230218:0111,0.0,0.0,0.0,9.25,4.55,0.0
20230218:0211,0.0,0.0,0.0,9.9,6.14,0.0
20230218:0311,0.0,0.0,0.0,9.48,6.97,0.0
20230218:0411,0.0,0.0,0.0,9.72,8.41,0.0
20230218:0511,0.0,0.0,0.0,10.21,8.9,0.0
20230218:0611,0.0,0.0,0.0,10.27,8.41,0.0
20230218:0711,0.0,0.0,0.0,10.47,8.21,0.0
20230218:0811,292859.0,170.1,5.9,10.53,8.0,0.0
20230218:0911,383847.0,206.6,12.99,10.57,7.72,0.0
20230218:1011,699522.0,359.05,18.68,10.79,6.34,0.0
20230218:1111,757574.0,388.34,22.51,11.27,6.41,0.0
20230218:1211,767372.0,394.15,24.08,11.81,6.62,0.0
20230218:1311,243754.0,140.04,23.23,11.87,5.17,0.0
20230218:1411,315928.0,175.09,20.04,11.55,4.14,0.0
20230218:1511,123096.0,78.8,14.86,11.12,4.9,0.0
20230218:1611,112332.0,73.58,8.14,10.59,4.76,0.0
20230218:1711,0.0,0.0,0.0,10.15,4.48,0.0
20230218:1811,0.0,0.0,0.0,9.75,4.34,0.0
20230218:1911,0.0,0.0,0.0,9.53,4.28,0.0
20230218:2011,0.0,0.0,0.0,9.5,4.97,0.0
20230218:2111,0.0,0.0,0.0,9.52,5.45,0.0
20230218:2211,0.0,0.0,0.0,9.49,5.45,0.0
20230218:2311,0.0,0.0,0.0,9.35,5.24,0.0
20230219:0011,0.0,0.0,0.0,9.29,5.17,0.0
20230219:0111,0.0,0.0,0.0,8.84,5.1,0.0
20230219:0211,0.0,0.0,0.0,8.38,4.76,0.0
20230219:0311,0.0,0.0,0.0,7.65,3.93,0.0
20230219:0411,0.0,0.0,0.0,7.13,3.38,0.0
20230219:0511,0.0,0.0,0.0,6.81,2.34,0.0
20230219:0611,0.0,0.0,0.0,6.69,1.59,0.0
20230219:0711,0.0,0.0,0.0,6.48,1.93,0.0
20230219:0811,352015.0,198.37,6.21,6.18,2.34,0.0
20230219:0911,880693.0,448.84,13.32,6.49,2.97,0.0
20230219:1011,1279628.0,648.55,19.02,7.13,3.59,0.0
20230219:1111,1447988.0,734.64,22.86,7.94,4.55,0.0
20230219:1211,643931.0,330.39,24.44,9.13,6.14,0.0
20230219:1311,83099.0,57.48,23.58,9.91,6.83,0.0
20230219:1411,167279.0,100.77,20.37,9.84,6.83,0.0
20230219:1511,84962.0,58.41,15.18,9.61,6.55,0.0
20230219:1611,27370.0,25.96,8.44,9.59,7.52,0.0
20230219:1711,0.0,0.0,0.0,8.81,6.83,0.0
20230219:1811,0.0,0.0,0.0,8.21,6.76,0.0
20230219:1911,0.0,0.0,0.0,7.7,6.62,0.0
20230219:2011,0.0,0.0,0.0,7.65,6.9,0.0
20230219:2111,0.0,0.0,0.0,8.08,7.24,0.0
20230219:2211,0.0,0.0,0.0,8.48,7.66,0.0
20230219:2311,0.0,0.0,0.0,8.79,8.07,0.0
20230220:0011,0.0,0.0,0.0,9.23,8.34,0.0
20230220:0111,0.0,0.0,0.0,9.64,8.55,0.0
20230220:0211,0.0,0.0,0.0,9.85,8.62,0.0
20230220:0311,0.0,0.0,0.0,9.82,8.69,0.0
20230220:0411,0.0,0.0,0.0,9.79,8.55,0.0
20230220:0511,0.0,0.0,0.0,9.66,8.28,0.0
20230220:0611,0.0,0.0,0.0,9.52,7.86,0.0
20230220:0711,0.0,0.0,0.0,10.22,8.0,0.0
20230220:0811,69115.0,50.7,6.53,10.39,8.07,0.0
20230220:0911,184299.0,109.31,13.65,10.59,8.07,0.0
20230220:1011,67390.0,49.14,19.37,10.62,6.34,0.0
20230220:1111,344931.0,188.4,23.22,10.78,6.55,0.0
20230220:1211,116150.0,75.1,24.8,10.73,6.07,0.0
20230220:1311,823791.0,420.59,23.93,11.16,6.83,0.0
20230220:1411,1258261.0,638.16,20.71,11.43,7.17,0.0
20230220:1511,884028.0,452.01,15.49,11.35,6.62,0.0
20230220:1611,493534.0,267.54,8.74,10.9,5.1,0.0
20230220:1711,0.0,0.0,0.0,10.48,5.93,0.0
20230220:1811,0.0,0.0,0.0,10.18,5.66,0.0
20230220:1911,0.0,0.0,0.0,10.36,6.0,0.0
20230220:2011,0.0,0.0,0.0,10.19,5.86,0.0
20230220:2111,0.0,0.0,0.0,10.08,5.52,0.0
20230220:2211,0.0,0.0,0.0,10.04,5.17,0.0
20230220:2311,0.0,0.0,0.0,9.83,4.76,0.0
20230221:0011,0.0,0.0,0.0,9.79,4.41,0.0
20230221:0111,0.0,0.0,0.0,9.58,4.0,0.0
20230221:0211,0.0,0.0,0.0,9.51,3.66,0.0
20230221:0311,0.0,0.0,0.0,9.33,3.38,0.0
20230221:0411,0.0,0.0,0.0,9.13,3.1,0.0
20230221:0511,0.0,0.0,0.0,8.95,2.76,0.0
20230221:0611,0.0,0.0,0.0,8.24,2.41,0.0
20230221:0711,0.0,0.0,0.0,7.76,2.55,0.0
20230221:0811,50600.0,39.73,6.85,7.84,2.07,0.0
20230221:0911,178112.0,105.96,13.98,8.84,2.41,0.0
20230221:1011,152674.0,93.64,19.71,9.8,3.79,0.0
20230221:1111,190923.0,113.11,23.57,10.23,4.14,0.0
20230221:1211,58995.0,44.5,25.16,10.49,4.48,0.0
20230221:1311,128800.0,81.59,24.28,10.41,4.62,0.0
20230221:1411,703156.0,362.23,21.05,10.41,4.48,0.0
20230221:1511,685975.0,354.69,15.81,10.28,4.14,0.0
20230221:1611,231150.0,134.4,9.04,9.97,3.66,0.0
20230221:1711,0.0,0.0,0.0,9.45,3.03,0.0
20230221:1811,0.0,0.0,0.0,8.7,2.69,0.0
20230221:1911,0.0,0.0,0.0,8.59,2.48,0.0
20230221:2011,0.0,0.0,0.0,7.75,2.28,0.0
20230221:2111,0.0,0.0,0.0,6.83,2.14,0.0
20230221:2211,0.0,0.0,0.0,6.12,2.21,0.0
20230221:2311,0.0,0.0,0.0,5.71,2.28,0.0
20230222:0011,0.0,0.0,0.0,6.09,2.34,0.0
20230222:0111,0.0,0.0,0.0,6.37,2.41,0.0
20230222:0211,0.0,0.0,0.0,6.56,2.28,0.0
20230222:0311,0.0,0.0,0.0,6.51,2.34,0.0
20230222:0411,0.0,0.0,0.0,6.24,2.34,0.0
20230222:0511,0.0,0.0,0.0,6.23,2.28,0.0
20230222:0611,0.0,0.0,0.0,5.99,2.28,0.0
20230222:0711,0.0,0.0,0.0,5.55,2.28,0.0
20230222:0811,289915.0,165.15,7.17,5.98,2.28,0.0
20230222:0911,66953.0,48.21,14.32,6.49,2.21,0.0
20230222:1011,287845.0,158.68,20.06,7.25,3.66,0.0
20230222:1111,278622.0,154.83,23.94,7.92,4.41,0.0
20230222:1211,75187.0,52.85,25.52,7.81,4.55,0.0
20230222:1311,350152.0,189.02,24.64,7.79,5.24,0.0
20230222:1411,207943.0,119.83,21.39,7.2,5.45,0.0
20230222:1511,271630.0,150.05,16.14,6.74,5.45,0.0
20230222:1611,107709.0,69.76,9.34,6.34,5.1,0.0
20230222:1711,0.0,0.0,0.0,6.09,4.97,0.0
20230222:1811,0.0,0.0,0.0,5.71,4.48,0.0
20230222:1911,0.0,0.0,0.0,5.57,4.76,0.0
20230222:2011,0.0,0.0,0.0,5.36,4.62,0.0
20230222:2111,0.0,0.0,0.0,5.18,5.03,0.0
20230222:2211,0.0,0.0,0.0,4.87,5.66,0.0
20230222:2311,0.0,0.0,0.0,4.84,6.14,0.0
20230223:0011,0.0,0.0,0.0,4.6,6.28,0.0
20230223:0111,0.0,0.0,0.0,4.63,6.28,0.0
20230223:0211,0.0,0.0,0.0,4.34,5.93,0.0
20230223:0311,0.0,0.0,0.0,4.24,5.72,0.0
20230223:0411,0.0,0.0,0.0,3.82,5.45,0.0
20230223:0511,0.0,0.0,0.0,3.57,5.31,0.0
20230223:0611,0.0,0.0,0.0,3.26,4.9,0.0
20230223:0711,0.0,0.0,0.0,3.17,4.69,0.0
20230223:0811,418508.0,226.87,7.5,2.97,4.07,0.0
20230223:0911,991898.0,496.58,14.66,3.59,3.52,0.0
20230223:1011,1371720.0,687.53,20.42,4.67,3.86,0.0
20230223:1111,1629757.0,829.86,24.3,5.6,3.66,0.0
20230223:1211,1639969.0,841.94,25.89,6.31,3.31,0.0
20230223:1311,1599535.0,824.36,25.0,6.45,2.83,0.0
20230223:1411,1388993.0,710.33,21.73,6.88,2.83,0.0
20230223:1511,1003352.0,510.15,16.46,7.14,3.03,0.0
20230223:1611,553817.0,294.46,9.65,6.95,2.55,0.0
20230223:1711,0.0,1.85,1.77,5.88,2.14,0.0
20230223:1811,0.0,0.0,0.0,4.47,2.55,0.0
20230223:1911,0.0,0.0,0.0,3.79,2.97,0.0
20230223:2011,0.0,0.0,0.0,3.87,3.24,0.0
20230223:2111,0.0,0.0,0.0,3.99,3.52,0.0
20230223:2211,0.0,0.0,0.0,4.76,3.72,0.0
20230223:2311,0.0,0.0,0.0,5.57,4.0,0.0
20230224:0011,0.0,0.0,0.0,6.29,4.41,0.0
20230224:0111,0.0,0.0,0.0,6.62,4.76,0.0
20230224:0211,0.0,0.0,0.0,7.02,5.1,0.0
20230224:0311,0.0,0.0,0.0,7.25,5.24,0.0
20230224:0411,0.0,0.0,0.0,7.29,5.17,0.0
20230224:0511,0.0,0.0,0.0,7.48,5.03,0.0
20230224:0611,0.0,0.0,0.0,7.69,4.83,0.0
20230224:0711,0.0,0.0,0.0,7.72,4.14,0.0
20230224:0811,3634.0,9.27,7.83,7.79,4.14,0.0
20230224:0911,730526.0,373.33,15.0,8.06,4.76,0.0
20230224:1011,1070650.0,539.22,20.78,8.41,5.38,0.0
20230224:1111,330533.0,180.01,24.67,8.44,5.79,0.0
20230224:1211,1154255.0,579.81,26.26,8.6,6.48,0.0
20230224:1311,1283515.0,643.29,25.36,8.3,6.76,0.0
20230224:1411,922944.0,462.28,22.08,7.81,6.83,0.0
20230224:1511,857831.0,430.57,16.78,7.11,6.55,0.0
20230224:1611,501883.0,265.09,9.95,6.31,5.86,0.0
20230224:1711,0.0,3.71,2.06,5.61,6.34,0.0
20230224:1811,0.0,0.0,0.0,4.93,5.93,0.0
20230224:1911,0.0,0.0,0.0,4.67,5.66,0.0
20230224:2011,0.0,0.0,0.0,4.49,5.86,0.0
20230224:2111,0.0,0.0,0.0,4.42,5.86,0.0
20230224:2211,0.0,0.0,0.0,4.07,5.66,0.0
20230224:2311,0.0,0.0,0.0,3.8,5.52,0.0
20230225:0011,0.0,0.0,0.0,3.63,5.31,0.0
20230225:0111,0.0,0.0,0.0,3.4,5.1,0.0
20230225:0211,0.0,0.0,0.0,3.36,5.17,0.0
20230225:0311,0.0,0.0,0.0,3.35,5.17,0.0
20230225:0411,0.0,0.0,0.0,3.46,5.45,0.0
20230225:0511,0.0,0.0,0.0,3.33,5.31,0.0
20230225:0611,0.0,0.0,0.0,3.05,5.1,0.0
20230225:0711,0.0,0.0,0.0,2.97,5.38,0.0
20230225:0811,201825.0,117.47,8.16,3.21,5.17,0.0
20230225:0911,126937.0,78.56,15.35,4.0,4.69,0.0
20230225:1011,214199.0,121.59,21.14,4.7,6.34,0.0
20230225:1111,654005.0,329.65,25.04,5.62,7.31,0.0
20230225:1211,69046.0,49.14,26.63,5.86,6.9,0.0
20230225:1311,286534.0,157.14,25.72,5.85,6.55,0.0
20230225:1411,131790.0,81.59,22.42,5.95,6.55,0.0
20230225:1511,980398.0,488.78,17.1,5.94,6.07,0.0
20230225:1611,185564.0,108.84,10.25,5.75,5.72,0.0
20230225:1711,0.0,3.71,2.35,5.11,4.62,0.0
20230225:1811,0.0,0.0,0.0,4.3,4.14,0.0
20230225:1911,0.0,0.0,0.0,4.07,4.62,0.0
20230225:2011,0.0,0.0,0.0,3.88,4.41,0.0
20230225:2111,0.0,0.0,0.0,3.72,4.07,0.0
20230225:2211,0.0,0.0,0.0,4.11,3.93,0.0
20230225:2311,0.0,0.0,0.0,3.94,3.59,0.0
20230226:0011,0.0,0.0,0.0,3.76,3.24,0.0
20230226:0111,0.0,0.0,0.0,3.59,3.17,0.0
20230226:0211,0.0,0.0,0.0,3.29,3.1,0.0
20230226:0311,0.0,0.0,0.0,3.01,3.17,0.0
20230226:0411,0.0,0.0,0.0,3.16,3.24,0.0
20230226:0511,0.0,0.0,0.0,3.1,3.24,0.0
20230226:0611,0.0,0.0,0.0,3.2,3.17,0.0
20230226:0711,0.0,0.0,0.0,3.65,3.66,0.0
20230226:0811,154698.0,93.88,8.5,3.84,3.52,0.0
20230226:0911,447074.0,233.36,15.7,5.06,3.24,0.0
20230226:1011,743636.0,374.12,21.5,6.07,5.38,0.0
20230226:1111,435781.0,228.68,25.41,6.6,5.66,0.0
20230226:1211,381478.0,203.54,27.01,6.98,5.45,0.0
20230226:1311,374739.0,200.46,26.09,7.2,5.17,0.0
20230226:1411,525573.0,272.11,22.77,7.25,4.76,0.0
20230226:1511,1032999.0,520.88,17.43,7.14,4.48,0.0
20230226:1611,166543.0,99.83,10.56,6.72,3.79,0.0
20230226:1711,3703.0,9.27,2.64,6.05,2.97,0.0
20230226:1811,0.0,0.0,0.0,5.06,2.55,0.0
20230226:1911,0.0,0.0,0.0,4.61,3.17,0.0
20230226:2011,0.0,0.0,0.0,4.06,3.17,0.0
20230226:2111,0.0,0.0,0.0,4.3,3.31,0.0
20230226:2211,0.0,0.0,0.0,4.13,3.17,0.0
20230226:2311,0.0,0.0,0.0,4.19,3.1,0.0
20230227:0011,0.0,0.0,0.0,4.24,3.03,0.0
20230227:0111,0.0,0.0,0.0,4.0,2.97,0.0
20230227:0211,0.0,0.0,0.0,4.02,2.97,0.0
20230227:0311,0.0,0.0,0.0,3.76,2.97,0.0
20230227:0411,0.0,0.0,0.0,3.55,3.03,0.0
20230227:0511,0.0,0.0,0.0,3.35,3.03,0.0
20230227:0611,0.0,0.0,0.0,3.41,3.03,0.0
20230227:0711,0.0,0.0,0.0,3.56,3.31,0.0
20230227:0811,257048.0,145.53,8.84,4.12,3.38,0.0
20230227:0911,773904.0,391.72,16.05,5.14,3.24,0.0
20230227:1011,670082.0,339.86,21.87,6.25,4.69,0.0
20230227:1111,579393.0,298.02,25.79,7.06,4.76,0.0
20230227:1211,446890.0,235.04,27.38,7.11,4.9,0.0
20230227:1311,994888.0,501.24,26.45,7.6,4.9,0.0
20230227:1411,755297.0,382.29,23.12,7.31,5.1,0.0
20230227:1511,1004548.0,505.76,17.75,7.19,4.9,0.0
20230227:1611,609868.0,319.83,10.86,6.75,4.34,0.0
20230227:1711,0.0,3.71,2.93,6.28,4.0,0.0
20230227:1811,0.0,0.0,0.0,5.63,3.72,0.0
20230227:1911,0.0,0.0,0.0,5.65,3.72,0.0
20230227:2011,0.0,0.0,0.0,5.58,3.59,0.0
20230227:2111,0.0,0.0,0.0,5.56,3.45,0.0
20230227:2211,0.0,0.0,0.0,5.61,3.31,0.0
20230227:2311,0.0,0.0,0.0,5.53,3.03,0.0
20230228:0011,0.0,0.0,0.0,5.44,2.76,0.0
20230228:0111,0.0,0.0,0.0,5.25,2.55,0.0
20230228:0211,0.0,0.0,0.0,4.89,2.48,0.0
20230228:0311,0.0,0.0,0.0,4.63,2.69,0.0
20230228:0411,0.0,0.0,0.0,4.33,2.97,0.0
20230228:0511,0.0,0.0,0.0,4.76,3.17,0.0
20230228:0611,0.0,0.0,0.0,5.18,3.52,0.0
20230228:0711,0.0,0.0,0.0,4.9,3.72,0.0
20230228:0811,299207.0,167.07,9.18,5.28,4.14,0.0
20230228:0911,136689.0,84.0,16.41,5.73,4.83,0.0
20230228:1011,211094.0,120.96,22.24,6.33,6.28,0.0
20230228:1111,313490.0,170.81,26.17,6.88,6.21,0.0
20230228:1211,704329.0,357.09,27.76,7.24,6.41,0.0
20230228:1311,258865.0,144.99,26.82,7.77,7.17,0.0
20230228:1411,191843.0,112.18,23.46,7.7,6.62,0.0
20230228:1511,227332.0,129.22,18.08,7.61,6.69,0.0
20230228:1611,229356.0,131.18,11.17,7.33,5.79,0.0
20230228:1711,782.0,6.49,3.22,6.76,5.79,0.0
20230228:1811,0.0,0.0,0.0,6.47,5.59,0.0
20230228:1911,0.0,0.0,0.0,6.13,5.45,0.0
20230228:2011,0.0,0.0,0.0,5.96,5.24,0.0
20230228:2111,0.0,0.0,0.0,6.1,5.1,0.0
20230228:2211,0.0,0.0,0.0,5.98,4.76,0.0
20230228:2311,0.0,0.0,0.0,5.92,4.76,0.0
20230301:0011,0.0,0.0,0.0,5.9,4.9,0.0
20230301:0111,0.0,0.0,0.0,5.78,5.03,0.0
20230301:0211,0.0,0.0,0.0,5.54,5.03,0.0
20230301:0311,0.0,0.0,0.0,5.54,4.9,0.0
20230301:0411,0.0,0.0,0.0,5.55,4.69,0.0
20230301:0511,0.0,0.0,0.0,5.33,4.55,0.0
20230301:0611,0.0,0.0,0.0,5.32,4.69,0.0
20230301:0711,0.0,0.0,0.0,5.25,4.76,0.0
20230301:0811,188761.0,111.3,9.53,5.53,5.03,0.0
20230301:0911,218937.0,124.37,16.77,5.82,5.1,0.0
20230301:1011,680800.0,343.46,22.61,6.35,6.9,0.0
20230301:1111,297160.0,162.82,26.55,6.91,7.31,0.0
20230301:1211,132940.0,82.51,28.14,7.08,6.97,0.0
20230301:1311,524101.0,271.06,27.19,7.51,7.45,0.0
20230301:1411,387251.0,205.96,23.81,7.67,7.66,0.0
20230301:1511,286051.0,157.3,18.41,7.27,6.69,0.0
20230301:1611,204723.0,118.72,11.47,7.08,6.62,0.0
20230301:1711,0.0,5.56,3.51,6.65,6.07,0.0
20230301:1811,0.0,0.0,0.0,6.12,5.59,0.0
20230301:1911,0.0,0.0,0.0,5.89,5.38,0.0
20230301:2011,0.0,0.0,0.0,5.79,5.17,0.0
20230301:2111,0.0,0.0,0.0,5.59,4.9,0.0
20230301:2211,0.0,0.0,0.0,5.34,4.41,0.0
20230301:2311,0.0,0.0,0.0,5.24,3.93,0.0
20230302:0011,0.0,0.0,0.0,4.96,3.24,0.0
20230302:0111,0.0,0.0,0.0,4.37,2.62,0.0
20230302:0211,0.0,0.0,0.0,3.99,2.28,0.0
20230302:0311,0.0,0.0,0.0,3.84,2.14,0.0
20230302:0411,0.0,0.0,0.0,3.35,2.14,0.0
20230302:0511,0.0,0.0,0.0,3.12,2.14,0.0
20230302:0611,0.0,0.0,0.0,2.95,2.07,0.0
20230302:0711,0.0,0.93,1.72,2.77,1.93,0.0
20230302:0811,61134.0,44.5,9.88,3.19,1.66,0.0
20230302:0911,95795.0,63.04,17.13,4.57,2.0,0.0
20230302:1011,170315.0,101.05,22.99,5.72,2.28,0.0
20230302:1111,307165.0,168.32,26.93,6.23,2.34,0.0
20230302:1211,120106.0,76.02,28.52,6.39,2.07,0.0
20230302:1311,265719.0,148.66,27.56,6.65,1.86,0.0
20230302:1411,148994.0,90.86,24.16,6.78,1.66,0.0
20230302:1511,184460.0,108.49,18.73,6.74,1.79,0.0
20230302:1611,113344.0,72.69,11.78,6.54,2.0,0.0
20230302:1711,805.0,6.49,3.8,6.17,1.93,0.0
20230302:1811,0.0,0.0,0.0,5.3,1.86,0.0
20230302:1911,0.0,0.0,0.0,4.44,1.86,0.0
20230302:2011,0.0,0.0,0.0,3.9,1.72,0.0
20230302:2111,0.0,0.0,0.0,2.97,1.79,0.0
20230302:2211,0.0,0.0,0.0,2.49,1.59,0.0
20230302:2311,0.0,0.0,0.0,1.65,1.86,0.0
20230303:0011,0.0,0.0,0.0,1.47,1.72,0.0
20230303:0111,0.0,0.0,0.0,1.63,1.72,0.0
20230303:0211,0.0,0.0,0.0,1.76,1.79,0.0
20230303:0311,0.0,0.0,0.0,1.89,1.93,0.0
20230303:0411,0.0,0.0,0.0,1.92,2.14,0.0
20230303:0511,0.0,0.0,0.0,2.25,2.21,0.0
20230303:0611,0.0,0.0,0.0,2.03,2.41,0.0
20230303:0711,0.0,0.93,2.06,2.39,2.55,0.0
20230303:0811,74727.0,51.75,10.23,2.93,2.55,0.0
20230303:0911,178457.0,104.35,17.49,4.46,2.9,0.0
20230303:1011,252678.0,141.12,23.36,5.85,4.14,0.0
20230303:1111,192487.0,112.18,27.32,6.49,4.0,0.0
20230303:1211,132733.0,82.51,28.91,6.92,3.66,0.0
20230303:1311,216062.0,124.23,27.93,7.22,3.52,0.0
20230303:1411,189681.0,111.25,24.51,7.37,3.45,0.0
20230303:1511,180734.0,106.55,19.06,7.09,3.59,0.0
20230303:1611,123533.0,77.86,12.09,6.67,3.72,0.0
20230303:1711,2668.0,8.34,4.09,6.03,3.17,0.0
20230303:1811,0.0,0.0,0.0,5.12,2.97,0.0
20230303:1911,0.0,0.0,0.0,4.38,2.83,0.0
20230303:2011,0.0,0.0,0.0,4.02,2.97,0.0
20230303:2111,0.0,0.0,0.0,3.61,2.83,0.0
20230303:2211,0.0,0.0,0.0,3.22,2.69,0.0
20230303:2311,0.0,0.0,0.0,3.31,2.55,0.0
20230304:0011,0.0,0.0,0.0,3.13,2.34,0.0
20230304:0111,0.0,0.0,0.0,3.09,2.21,0.0
20230304:0211,0.0,0.0,0.0,2.8,2.34,0.0
20230304:0311,0.0,0.0,0.0,2.59,2.48,0.0
20230304:0411,0.0,0.0,0.0,2.37,2.62,0.0
20230304:0511,0.0,0.0,0.0,2.25,2.69,0.0
20230304:0611,0.0,0.0,0.0,2.12,2.62,0.0
20230304:0711,0.0,1.85,2.4,1.85,2.55,0.0
20230304:0811,136045.0,83.32,10.58,2.52,2.34,0.0
20230304:0911,226918.0,127.6,17.86,3.81,2.76,0.0
20230304:1011,237015.0,133.24,23.74,4.85,2.83,0.0
20230304:1111,424580.0,224.58,27.7,6.19,2.83,0.0
20230304:1211,1072444.0,546.43,29.29,7.23,2.83,0.0
20230304:1311,1359185.0,698.24,28.3,7.28,2.69,0.0
20230304:1411,525849.0,274.27,24.86,7.54,2.97,0.0
20230304:1511,409216.0,217.35,19.39,7.26,3.17,0.0
20230304:1611,80684.0,55.63,12.39,6.9,3.03,0.0
20230304:1711,1702.0,7.42,4.38,6.33,2.34,0.0
20230304:1811,0.0,0.0,0.0,5.22,2.14,0.0
20230304:1911,0.0,0.0,0.0,4.71,1.66,0.0
20230304:2011,0.0,0.0,0.0,4.28,1.66,0.0
20230304:2111,0.0,0.0,0.0,3.98,1.59,0.0
20230304:2211,0.0,0.0,0.0,3.56,1.59,0.0
20230304:2311,0.0,0.0,0.0,2.48,2.0,0.0
20230305:0011,0.0,0.0,0.0,1.6,2.0,0.0
20230305:0111,0.0,0.0,0.0,1.09,2.07,0.0
20230305:0211,0.0,0.0,0.0,0.54,2.14,0.0
20230305:0311,0.0,0.0,0.0,0.32,2.14,0.0
20230305:0411,0.0,0.0,0.0,0.7,2.07,0.0
20230305:0511,0.0,0.0,0.0,0.66,2.0,0.0
20230305:0611,0.0,0.0,0.0,0.39,1.93,0.0
20230305:0711,0.0,3.71,2.75,0.91,1.72,0.0
20230305:0811,76682.0,52.53,10.94,1.56,1.52,0.0
20230305:0911,331361.0,177.12,18.23,2.7,1.72,0.0
20230305:1011,344034.0,183.92,24.12,3.49,2.0,0.0
20230305:1111,627279.0,320.58,28.09,4.41,2.14,0.0
20230305:1211,497030.0,259.0,29.68,5.14,2.14,0.0
20230305:1311,590180.0,304.23,28.68,5.57,2.21,0.0
20230305:1411,159114.0,95.49,25.22,5.87,2.62,0.0
20230305:1511,93357.0,62.12,19.71,6.04,2.41,0.0
20230305:1611,159758.0,96.12,12.7,6.14,2.14,0.0
20230305:1711,34546.0,31.56,4.67,5.93,1.38,0.0
20230305:1811,0.0,0.0,0.0,5.02,1.38,0.0
20230305:1911,0.0,0.0,0.0,3.36,1.59,0.0
20230305:2011,0.0,0.0,0.0,1.75,1.72,0.0
20230305:2111,0.0,0.0,0.0,0.94,1.66,0.0
20230305:2211,0.0,0.0,0.0,0.97,1.31,0.0
20230305:2311,0.0,0.0,0.0,1.61,0.83,0.0
20230306:0011,0.0,0.0,0.0,1.63,0.55,0.0
20230306:0111,0.0,0.0,0.0,0.55,0.97,0.0
20230306:0211,0.0,0.0,0.0,-0.84,1.31,0.0
20230306:0311,0.0,0.0,0.0,-0.81,1.52,0.0
20230306:0411,0.0,0.0,0.0,0.22,1.79,0.0
20230306:0511,0.0,0.0,0.0,0.9,2.14,0.0
20230306:0611,0.0,0.0,0.0,1.61,2.48,0.0
20230306:0711,23.0,5.56,3.1,2.28,2.41,0.0
20230306:0811,77648.0,53.39,11.3,3.6,2.9,0.0
20230306:0911,351233.0,187.08,18.6,4.43,3.79,0.0
20230306:1011,654534.0,331.51,24.51,5.58,5.1,0.0
20230306:1111,857900.0,432.51,28.48,6.29,4.28,0.0
20230306:1211,789475.0,399.5,30.07,6.99,5.1,0.0
20230306:1311,1110394.0,558.1,29.05,7.38,5.31,0.0
20230306:1411,499468.0,259.64,25.57,7.08,5.31,0.0
20230306:1511,675579.0,342.6,20.04,6.09,4.9,0.0
20230306:1611,303623.0,166.3,13.0,5.25,4.14,0.0
20230306:1711,14950.0,17.62,4.96,4.51,3.31,0.0
20230306:1811,0.0,0.0,0.0,3.08,2.76,0.0
20230306:1911,0.0,0.0,0.0,2.37,2.0,0.0
20230306:2011,0.0,0.0,0.0,1.4,2.21,0.0
20230306:2111,0.0,0.0,0.0,0.72,2.28,0.0
20230306:2211,0.0,0.0,0.0,0.0,2.41,0.0
20230306:2311,0.0,0.0,0.0,-0.47,2.48,0.0
20230307:0011,0.0,0.0,0.0,-0.98,2.55,0.0
20230307:0111,0.0,0.0,0.0,-1.26,2.69,0.0
20230307:0211,0.0,0.0,0.0,-1.53,2.83,0.0
20230307:0311,0.0,0.0,0.0,-1.82,2.9,0.0
20230307:0411,0.0,0.0,0.0,-2.14,2.9,0.0
20230307:0511,0.0,0.0,0.0,-2.52,2.97,0.0
20230307:0611,0.0,0.0,0.0,-2.64,3.17,0.0
20230307:0711,15019.0,18.09,3.45,-2.5,3.17,0.0
20230307:0811,616929.0,316.4,11.66,-1.25,2.97,0.0
20230307:0911,1130657.0,556.36,18.97,0.36,3.66,0.0
20230307:1011,1525843.0,756.38,24.89,1.74,4.21,0.0
20230307:1111,1350445.0,671.48,28.88,2.91,4.07,0.0
20230307:1211,1846072.0,942.52,30.46,3.74,3.72,0.0
20230307:1311,1796553.0,918.73,29.43,4.35,3.59,0.0
20230307:1411,1479912.0,748.13,25.92,4.64,3.38,0.0
20230307:1511,472834.0,245.19,20.37,4.64,3.38,0.0
20230307:1611,40825.0,33.38,13.31,4.24,3.31,0.0
20230307:1711,165048.0,112.06,5.25,3.3,2.41,0.0
20230307:1811,0.0,0.0,0.0,1.98,1.93,0.0
20230307:1911,0.0,0.0,0.0,0.56,1.45,0.0
20230307:2011,0.0,0.0,0.0,-0.73,1.31,0.0
20230307:2111,0.0,0.0,0.0,-2.47,1.66,0.0
20230307:2211,0.0,0.0,0.0,-3.43,1.66,0.0
20230307:2311,0.0,0.0,0.0,-3.68,1.38,0.0
20230308:0011,0.0,0.0,0.0,-3.74,1.24,0.0
20230308:0111,0.0,0.0,0.0,-3.68,1.1,0.0
20230308:0211,0.0,0.0,0.0,-3.92,1.1,0.0
20230308:0311,0.0,0.0,0.0,-4.88,1.38,0.0
20230308:0411,0.0,0.0,0.0,-5.25,1.66,0.0
20230308:0511,0.0,0.0,0.0,-5.03,1.86,0.0
20230308:0611,0.0,0.0,0.0,-4.86,1.93,0.0
20230308:0711,6371.0,11.13,3.81,-4.52,2.14,0.0
20230308:0811,269836.0,146.53,12.02,-2.47,1.86,0.0
20230308:0911,641884.0,322.16,19.35,0.69,2.21,0.0
20230308:1011,893366.0,444.04,25.28,2.15,2.97,0.0
20230308:1111,1516344.0,761.72,29.27,2.97,3.45,0.0
20230308:1211,783702.0,393.1,30.85,3.62,3.66,0.0
20230308:1311,422188.0,221.01,29.8,3.82,3.66,0.0
20230308:1411,409055.0,214.31,26.27,3.72,3.79,0.0
20230308:1511,334121.0,178.2,20.7,3.25,3.72,0.0
20230308:1611,207644.0,118.12,13.61,2.69,3.24,0.0
20230308:1711,50922.0,40.49,5.54,1.91,2.76,0.0
20230308:1811,0.0,0.0,0.0,0.81,2.55,0.0
20230308:1911,0.0,0.0,0.0,0.55,2.41,0.0
20230308:2011,0.0,0.0,0.0,0.02,2.41,0.0
20230308:2111,0.0,0.0,0.0,-0.1,2.28,0.0
20230308:2211,0.0,0.0,0.0,-0.29,2.34,0.0
20230308:2311,0.0,0.0,0.0,-0.36,2.34,0.0
20230309:0011,0.0,0.0,0.0,-0.65,2.34,0.0
20230309:0111,0.0,0.0,0.0,-0.92,2.34,0.0
20230309:0211,0.0,0.0,0.0,-1.34,2.41,0.0
20230309:0311,0.0,0.0,0.0,-1.65,2.48,0.0
20230309:0411,0.0,0.0,0.0,-1.65,2.41,0.0
20230309:0511,0.0,0.0,0.0,-1.59,2.34,0.0
20230309:0611,0.0,0.0,0.0,-1.49,2.34,0.0
20230309:0711,2852.0,8.34,4.16,-0.94,2.34,0.0
20230309:0811,67344.0,47.28,12.39,0.18,2.21,0.0
20230309:0911,104558.0,66.75,19.73,1.59,2.34,0.0
20230309:1011,213371.0,120.52,25.67,2.33,3.17,0.0
20230309:1111,205965.0,116.82,29.67,2.39,4.34,0.0
20230309:1211,287891.0,155.91,31.24,2.11,4.28,0.0
20230309:1311,310339.0,166.32,30.18,1.95,4.83,0.0
20230309:1411,273585.0,148.76,26.62,1.79,4.69,0.0
20230309:1511,104742.0,66.75,21.02,1.59,4.76,0.0
20230309:1611,56603.0,41.72,13.92,1.49,4.9,0.0
20230309:1711,65964.0,49.2,5.83,1.27,4.69,0.0
20230309:1811,0.0,0.0,0.0,1.17,4.83,0.0
20230309:1911,0.0,0.0,0.0,1.2,5.17,0.0
20230309:2011,0.0,0.0,0.0,1.09,5.38,0.0
20230309:2111,0.0,0.0,0.0,1.18,5.66,0.0
20230309:2211,0.0,0.0,0.0,1.19,5.86,0.0
20230309:2311,0.0,0.0,0.0,1.16,6.07,0.0
20230310:0011,0.0,0.0,0.0,1.13,6.14,0.0
20230310:0111,0.0,0.0,0.0,1.05,6.28,0.0
20230310:0211,0.0,0.0,0.0,0.96,6.41,0.0
20230310:0311,0.0,0.0,0.0,0.88,6.34,0.0
20230310:0411,0.0,0.0,0.0,0.84,6.21,0.0
20230310:0511,0.0,0.0,0.0,0.77,5.79,0.0
20230310:0611,0.0,0.0,0.0,0.61,5.72,0.0
20230310:0711,897.0,6.49,4.52,0.62,5.79,0.0
20230310:0811,69046.0,48.21,12.75,0.77,5.45,0.0
20230310:0911,273999.0,148.2,20.1,1.13,5.1,0.0
20230310:1011,443486.0,228.18,26.06,1.67,4.62,0.0
20230310:1111,993853.0,488.23,30.06,2.05,5.38,0.0
20230310:1211,1493827.0,736.93,31.64,2.32,5.52,0.0
20230310:1311,1644224.0,817.44,30.56,2.58,5.03,0.0
20230310:1411,1563793.0,777.78,26.98,2.84,4.62,0.0
20230310:1511,1248808.0,619.85,21.35,2.87,4.07,0.0
20230310:1611,335639.0,179.99,14.22,2.59,3.1,0.0
20230310:1711,198536.0,127.87,6.12,1.53,1.93,0.0
20230310:1811,0.0,0.0,0.0,0.36,1.24,0.0
20230310:1911,0.0,0.0,0.0,-1.27,1.59,0.0
20230310:2011,0.0,0.0,0.0,-3.48,2.0,0.0
20230310:2111,0.0,0.0,0.0,-4.1,2.07,0.0
20230310:2211,0.0,0.0,0.0,-4.99,2.21,0.0
20230310:2311,0.0,0.0,0.0,-3.92,1.93,0.0
20230311:0011,0.0,0.0,0.0,-3.44,1.72,0.0
20230311:0111,0.0,0.0,0.0,-4.11,1.79,0.0
20230311:0211,0.0,0.0,0.0,-4.94,1.86,0.0
20230311:0311,0.0,0.0,0.0,-5.27,1.79,0.0
20230311:0411,0.0,0.0,0.0,-4.74,1.66,0.0
20230311:0511,0.0,0.0,0.0,-3.77,1.52,0.0
20230311:0611,0.0,0.0,0.0,-4.12,1.52,0.0
20230311:0711,27761.0,26.31,4.88,-2.0,1.45,0.0
20230311:0811,403811.0,213.25,13.12,-0.02,1.17,0.0
20230311:0911,924462.0,465.54,20.48,2.1,1.31,0.0
20230311:1011,869308.0,431.56,26.45,0.11,1.79,0.0
20230311:1111,653292.0,334.21,30.46,5.02,2.34,0.0
20230311:1211,1000408.0,506.35,32.03,5.22,2.55,0.0
20230311:1311,1026605.0,520.11,30.93,5.63,2.62,0.0
20230311:1411,474375.0,248.18,27.33,5.89,2.83,0.0
20230311:1511,510186.0,264.77,21.67,5.74,2.83,0.0
20230311:1611,134826.0,83.12,14.52,5.32,2.83,0.0
20230311:1711,19159.0,20.4,6.41,4.63,2.55,0.0
20230311:1811,0.0,0.0,0.0,3.42,2.55,0.0
20230311:1911,0.0,0.0,0.0,3.09,3.38,0.0
20230311:2011,0.0,0.0,0.0,2.21,4.21,0.0
20230311:2111,0.0,0.0,0.0,2.04,4.76,0.0
20230311:2211,0.0,0.0,0.0,1.33,4.97,0.0
20230311:2311,0.0,0.0,0.0,1.06,5.24,0.0
20230312:0011,0.0,0.0,0.0,1.01,5.31,0.0
20230312:0111,0.0,0.0,0.0,0.79,5.1,0.0
20230312:0211,0.0,0.0,0.0,0.92,4.21,0.0
20230312:0311,0.0,0.0,0.0,1.44,3.31,0.0
20230312:0411,0.0,0.0,0.0,3.4,3.31,0.0
20230312:0511,0.0,0.0,0.0,6.4,5.45,0.0
20230312:0611,0.0,0.0,0.0,7.04,6.07,0.0
20230312:0711,12029.0,15.76,5.24,7.44,5.86,0.0
20230312:0811,377085.0,204.66,13.49,7.71,6.07,0.0
20230312:0911,1053055.0,531.68,20.86,8.44,5.79,0.0
20230312:1011,617228.0,317.85,26.84,9.8,8.62,0.0
20230312:1111,86434.0,59.33,30.86,10.38,8.76,0.0
20230312:1211,745384.0,382.21,32.42,10.4,7.38,0.0
20230312:1311,1321603.0,672.32,31.31,10.62,6.48,0.0
20230312:1411,511911.0,270.16,27.68,11.1,6.0,0.0
20230312:1511,148442.0,91.78,22.0,10.98,6.14,0.0
20230312:1611,180573.0,108.09,14.83,10.67,5.31,0.0
20230312:1711,3565.0,9.27,6.7,10.45,5.79,0.0
20230312:1811,0.0,0.0,0.0,9.6,5.59,0.0
20230312:1911,0.0,0.0,0.0,9.49,5.03,0.0
20230312:2011,0.0,0.0,0.0,9.28,4.83,0.0
20230312:2111,0.0,0.0,0.0,9.05,4.48,0.0
20230312:2211,0.0,0.0,0.0,8.8,4.83,0.0
20230312:2311,0.0,0.0,0.0,8.92,5.31,0.0
20230313:0011,0.0,0.0,0.0,9.26,5.66,0.0
20230313:0111,0.0,0.0,0.0,10.1,6.34,0.0
20230313:0211,0.0,0.0,0.0,10.85,7.24,0.0
20230313:0311,0.0,0.0,0.0,11.18,7.79,0.0
20230313:0411,0.0,0.0,0.0,11.3,8.14,0.0
20230313:0511,0.0,0.0,0.0,11.51,8.97,0.0
20230313:0611,0.0,0.0,0.0,11.35,8.69,0.0
20230313:0711,1610.0,7.42,5.61,10.52,8.69,0.0
20230313:0811,186185.0,110.74,13.86,10.22,9.1,0.0
20230313:0911,443555.0,234.84,21.25,10.16,9.31,0.0
20230313:1011,300817.0,166.69,27.24,10.23,8.9,0.0
20230313:1111,617573.0,319.63,31.26,10.48,8.48,0.0
20230313:1211,481390.0,255.25,32.82,10.87,7.31,0.0
20230313:1311,87929.0,60.26,31.69,10.92,8.41,0.0
20230313:1411,209760.0,122.38,28.03,10.65,8.21,0.0
20230313:1511,156239.0,95.49,22.33,10.49,7.45,0.0
20230313:1611,14444.0,17.62,15.13,10.24,7.59,0.0
20230313:1711,736.0,6.49,6.98,9.81,6.76,0.0
20230313:1811,0.0,0.0,0.0,9.47,5.31,0.0
20230313:1911,0.0,0.0,0.0,8.57,4.41,0.0
20230313:2011,0.0,0.0,0.0,6.61,4.97,0.0
20230313:2111,0.0,0.0,0.0,4.65,5.38,0.0
20230313:2211,0.0,0.0,0.0,3.82,5.45,0.0
20230313:2311,0.0,0.0,0.0,3.61,5.93,0.0
20230314:0011,0.0,0.0,0.0,3.4,6.14,0.0
20230314:0111,0.0,0.0,0.0,3.38,5.93,0.0
20230314:0211,0.0,0.0,0.0,3.33,5.31,0.0
20230314:0311,0.0,0.0,0.0,3.23,5.17,0.0
20230314:0411,0.0,0.0,0.0,2.78,5.31,0.0
20230314:0511,0.0,0.0,0.0,2.27,5.1,0.0
20230314:0611,0.0,0.0,0.0,1.65,4.41,0.0
20230314:0711,162564.0,111.26,5.97,1.19,3.17,0.0
20230314:0811,454135.0,237.59,14.23,1.63,2.9,0.0
20230314:0911,1104414.0,548.11,21.63,2.88,4.0,0.0
20230314:1011,1428024.0,711.82,27.63,4.29,4.83,0.0
20230314:1111,1835607.0,925.72,31.66,5.42,5.93,0.0
20230314:1211,1362060.0,679.91,33.21,6.16,6.41,0.0
20230314:1311,582199.0,297.86,32.07,5.94,6.69,0.0
20230314:1411,583901.0,297.62,28.39,5.47,6.55,0.0
20230314:1511,145176.0,88.08,22.65,5.25,5.93,0.0
20230314:1611,644759.0,331.43,15.43,4.89,5.03,0.0
20230314:1711,54372.0,41.58,7.27,4.12,4.21,0.0
20230314:1811,0.0,0.0,0.0,3.09,3.38,0.0
20230314:1911,0.0,0.0,0.0,2.12,2.76,0.0
20230314:2011,0.0,0.0,0.0,1.45,2.28,0.0
20230314:2111,0.0,0.0,0.0,0.45,1.86,0.0
20230314:2211,0.0,0.0,0.0,-0.62,2.0,0.0
20230314:2311,0.0,0.0,0.0,-1.85,2.14,0.0
20230315:0011,0.0,0.0,0.0,-2.67,2.0,0.0
20230315:0111,0.0,0.0,0.0,-3.63,1.79,0.0
20230315:0211,0.0,0.0,0.0,-4.53,1.66,0.0
20230315:0311,0.0,0.0,0.0,-5.2,1.59,0.0
20230315:0411,0.0,0.0,0.0,-5.49,1.52,0.0
20230315:0511,0.0,0.0,0.0,-5.6,1.45,0.0
20230315:0611,0.0,0.0,0.0,-5.57,1.45,0.0
20230315:0711,126500.0,84.87,6.33,-4.63,1.59,0.0
20230315:0811,367333.0,193.07,14.61,-1.82,1.52,0.0
20230315:0911,1072789.0,534.67,22.01,1.05,2.07,0.0
20230315:1011,1114304.0,556.17,28.03,3.24,3.1,0.0
20230315:1111,1371927.0,691.16,32.06,4.82,3.72,0.0
20230315:1211,1291634.0,650.94,33.61,5.95,4.28,0.0
20230315:1311,777423.0,394.02,32.44,6.54,4.69,0.0
20230315:1411,548274.0,283.47,28.74,6.56,4.28,0.0
20230315:1511,252655.0,141.43,22.97,6.34,4.0,0.0
20230315:1611,82869.0,56.55,15.73,5.97,3.79,0.0
20230315:1711,42182.0,34.58,7.55,5.21,3.66,0.0
20230315:1811,0.0,0.0,0.0,4.14,4.0,0.0
20230315:1911,0.0,0.0,0.0,4.18,4.62,0.0
20230315:2011,0.0,0.0,0.0,4.25,5.1,0.0
20230315:2111,0.0,0.0,0.0,4.56,5.24,0.0
20230315:2211,0.0,0.0,0.0,4.94,5.24,0.0
20230315:2311,0.0,0.0,0.0,5.39,5.31,0.0
20230316:0011,0.0,0.0,0.0,5.8,5.1,0.0
20230316:0111,0.0,0.0,0.0,6.12,4.9,0.0
20230316:0211,0.0,0.0,0.0,6.51,5.03,0.0
20230316:0311,0.0,0.0,0.0,6.94,5.38,0.0
20230316:0411,0.0,0.0,0.0,7.47,5.52,0.0
20230316:0511,0.0,0.0,0.0,8.06,5.52,0.0
20230316:0611,0.0,0.0,0.0,8.43,5.31,0.0
20230316:0711,23023.0,23.18,6.7,8.88,5.31,0.0
20230316:0811,319171.0,176.73,14.98,9.12,5.1,0.0
20230316:0911,83214.0,57.48,22.4,9.51,5.38,0.0
20230316:1011,122038.0,77.88,28.42,9.81,5.66,0.0
20230316:1111,69207.0,50.06,32.46,10.21,6.07,0.0
20230316:1211,153893.0,94.56,34.01,10.95,5.72,0.0
20230316:1311,345851.0,190.35,32.82,11.67,6.55,0.0
20230316:1411,193729.0,114.96,29.09,11.61,6.34,0.0
20230316:1511,368759.0,200.55,23.3,11.13,6.07,0.0
20230316:1611,132733.0,83.65,16.03,10.64,5.79,0.0
20230316:1711,21367.0,22.25,7.84,10.45,5.66,0.0
20230316:1811,0.0,0.0,0.0,10.15,5.31,0.0
20230316:1911,0.0,0.0,0.0,10.42,5.45,0.0
20230316:2011,0.0,0.0,0.0,10.16,5.1,0.0
20230316:2111,0.0,0.0,0.0,9.87,4.83,0.0
20230316:2211,0.0,0.0,0.0,9.51,4.48,0.0
20230316:2311,0.0,0.0,0.0,9.39,4.28,0.0
20230317:0011,0.0,0.0,0.0,9.34,3.93,0.0
20230317:0111,0.0,0.0,0.0,9.48,3.79,0.0
20230317:0211,0.0,0.0,0.0,9.54,3.66,0.0
20230317:0311,0.0,0.0,0.0,9.43,3.52,0.0
20230317:0411,0.0,0.0,0.0,9.32,3.45,0.0
20230317:0511,0.0,0.0,0.0,9.03,3.17,0.0
20230317:0611,0.0,0.0,0.0,8.97,3.1,0.0
20230317:0711,63066.0,48.37,7.07,8.98,3.24,0.0
20230317:0811,503838.0,270.39,15.36,9.42,2.9,0.0
20230317:0911,947002.0,485.95,22.78,10.55,4.48,0.0
20230317:1011,1532260.0,795.27,28.82,11.57,4.55,0.0
20230317:1111,229563.0,133.5,32.87,12.3,4.62,0.0
20230317:1211,363331.0,200.49,34.4,12.69,4.34,0.0
20230317:1311,1124355.0,584.93,33.2,13.11,4.21,0.0
20230317:1411,1476370.0,776.28,29.44,13.28,3.79,0.0
20230317:1511,769419.0,403.55,23.62,13.47,3.52,0.0
20230317:1611,139472.0,88.24,16.33,13.37,3.17,0.0
20230317:1711,235451.0,152.88,8.12,11.81,2.21,0.0
20230317:1811,0.0,0.0,0.0,10.72,2.28,0.0
20230317:1911,0.0,0.0,0.0,9.42,2.41,0.0
20230317:2011,0.0,0.0,0.0,8.66,2.41,0.0
20230317:2111,0.0,0.0,0.0,8.11,2.34,0.0
20230317:2211,0.0,0.0,0.0,7.41,2.55,0.0
20230317:2311,0.0,0.0,0.0,6.99,2.41,0.0
20230318:0011,0.0,0.0,0.0,6.89,2.28,0.0
20230318:0111,0.0,0.0,0.0,6.74,2.21,0.0
20230318:0211,0.0,0.0,0.0,6.71,2.21,0.0
20230318:0311,0.0,0.0,0.0,6.94,2.14,0.0
20230318:0411,0.0,0.0,0.0,6.69,2.14,0.0
20230318:0511,0.0,0.0,0.0,6.68,2.07,0.0
20230318:0611,0.0,0.0,0.0,6.81,2.0,0.0
20230318:0711,10787.0,14.83,7.43,6.54,1.66,0.0
20230318:0811,64653.0,47.28,15.73,8.19,1.86,0.0
20230318:0911,116495.0,75.1,23.17,9.55,2.41,0.0
20230318:1011,329820.0,182.98,29.22,10.87,2.21,0.0
20230318:1111,307234.0,172.47,33.27,11.79,2.76,0.0
20230318:1211,396612.0,217.29,34.8,12.41,3.17,0.0
20230318:1311,145038.0,90.86,33.58,12.67,3.03,0.0
20230318:1411,48392.0,38.94,29.79,13.18,3.03,0.0
20230318:1511,34293.0,30.59,23.94,13.22,2.97,0.0
20230318:1611,363630.0,202.01,16.63,12.92,2.9,0.0
20230318:1711,40710.0,34.3,8.41,12.04,2.34,0.0
20230318:1811,0.0,0.0,0.0,10.98,2.55,0.0
20230318:1911,0.0,0.0,0.0,10.04,2.9,0.0
20230318:2011,0.0,0.0,0.0,9.32,3.24,0.0
20230318:2111,0.0,0.0,0.0,8.84,3.24,0.0
20230318:2211,0.0,0.0,0.0,8.36,3.52,0.0
20230318:2311,0.0,0.0,0.0,7.95,4.0,0.0
20230319:0011,0.0,0.0,0.0,7.49,4.21,0.0
20230319:0111,0.0,0.0,0.0,6.9,4.14,0.0
20230319:0211,0.0,0.0,0.0,6.39,4.0,0.0
20230319:0311,0.0,0.0,0.0,5.88,3.79,0.0
20230319:0411,0.0,0.0,0.0,5.55,3.52,0.0
20230319:0511,0.0,0.0,0.0,5.58,3.03,0.0
20230319:0611,0.0,0.0,0.0,5.51,2.97,0.0
20230319:0711,206885.0,135.53,7.8,5.64,2.62,0.0
20230319:0811,721165.0,376.25,16.11,6.82,3.31,0.0
20230319:0911,1214193.0,619.22,23.56,7.71,3.45,0.0
20230319:1011,1524785.0,791.32,29.61,8.52,2.9,0.0
20230319:1111,1329101.0,688.44,33.67,9.53,3.03,0.0
20230319:1211,1021913.0,528.44,35.2,10.23,3.03,0.0
20230319:1311,1348812.0,701.8,33.95,10.41,3.1,0.0
20230319:1411,556301.0,292.93,30.14,10.56,3.79,0.0
20230319:1511,699085.0,362.29,24.26,10.22,3.79,0.0
20230319:1611,104121.0,68.61,16.93,9.75,4.14,0.0
20230319:1711,86457.0,60.72,8.69,8.96,4.28,0.0
20230319:1811,0.0,0.0,0.0,8.01,3.52,0.0
20230319:1911,0.0,0.0,0.0,7.57,3.24,0.0
20230319:2011,0.0,0.0,0.0,7.14,2.28,0.0
20230319:2111,0.0,0.0,0.0,6.62,1.79,0.0
20230319:2211,0.0,0.0,0.0,5.87,2.21,0.0
20230319:2311,0.0,0.0,0.0,6.06,2.48,0.0
20230320:0011,0.0,0.0,0.0,6.18,2.83,0.0
20230320:0111,0.0,0.0,0.0,6.28,3.17,0.0
20230320:0211,0.0,0.0,0.0,6.35,3.17,0.0
20230320:0311,0.0,0.0,0.0,6.39,3.1,0.0
20230320:0411,0.0,0.0,0.0,6.52,2.97,0.0
20230320:0511,0.0,0.0,0.0,6.8,2.83,0.0
20230320:0611,0.0,0.0,0.0,7.26,2.76,0.0
20230320:0711,10718.0,14.83,8.17,7.41,1.72,0.0
20230320:0811,46414.0,37.08,16.48,8.05,1.45,0.0
20230320:0911,189566.0,112.18,23.94,8.74,1.17,0.0
20230320:1011,331292.0,182.73,30.01,9.45,2.07,0.0
20230320:1111,303968.0,169.65,34.07,10.29,3.03,0.0
20230320:1211,490222.0,261.34,35.59,10.46,3.38,0.0
20230320:1311,281267.0,158.54,34.33,10.84,4.07,0.0
20230320:1411,208334.0,122.38,30.49,11.18,3.66,0.0
20230320:1511,178595.0,107.54,24.58,11.33,2.76,0.0
20230320:1611,241500.0,139.71,17.23,11.81,2.48,0.0
20230320:1711,153226.0,101.08,8.97,11.98,2.62,0.0
20230320:1811,0.0,0.0,0.0,11.16,2.48,0.0
20230320:1911,0.0,0.0,0.0,10.75,2.41,0.0
20230320:2011,0.0,0.0,0.0,10.43,2.62,0.0
20230320:2111,0.0,0.0,0.0,10.64,3.03,0.0
20230320:2211,0.0,0.0,0.0,10.87,3.66,0.0
20230320:2311,0.0,0.0,0.0,10.82,4.0,0.0
20230321:0011,0.0,0.0,0.0,10.57,4.14,0.0
20230321:0111,0.0,0.0,0.0,10.38,4.55,0.0
20230321:0211,0.0,0.0,0.0,9.99,4.69,0.0
20230321:0311,0.0,0.0,0.0,9.59,4.9,0.0
20230321:0411,0.0,0.0,0.0,9.25,4.9,0.0
20230321:0511,0.0,0.0,0.0,9.09,4.62,0.0
20230321:0611,0.0,0.0,0.0,8.98,4.62,0.0
20230321:0711,0.0,0.0,0.0,9.52,4.48,0.0
20230321:0811,0.0,0.0,0.0,10.0,4.76,0.0
20230321:0911,436770.0,233.28,24.33,10.29,4.97,0.0
20230321:1011,643724.0,335.71,30.41,11.45,5.31,0.0
20230321:1111,614859.0,323.26,34.48,12.49,5.79,0.0
20230321:1211,240166.0,139.07,35.99,13.05,6.07,0.0
20230321:1311,657317.0,343.4,34.71,12.53,6.9,0.0
20230321:1411,252402.0,144.63,30.83,12.34,7.31,0.0
20230321:1511,666126.0,346.53,24.9,12.15,6.34,0.0
20230321:1611,436402.0,236.45,17.52,12.19,5.93,0.0
20230321:1711,136827.0,90.61,9.25,11.64,5.31,0.0
20230321:1811,0.0,0.0,0.0,10.95,5.1,0.0
20230321:1911,0.0,0.0,0.0,10.38,4.69,0.0
20230321:2011,0.0,0.0,0.0,9.99,4.97,0.0
20230321:2111,0.0,0.0,0.0,9.7,5.38,0.0
20230321:2211,0.0,0.0,0.0,9.21,5.86,0.0
20230321:2311,0.0,0.0,0.0,9.04,6.62,0.0
20230322:0011,0.0,0.0,0.0,9.0,7.24,0.0
20230322:0111,0.0,0.0,0.0,9.1,7.66,0.0
20230322:0211,0.0,0.0,0.0,9.23,8.14,0.0
20230322:0311,0.0,0.0,0.0,9.54,8.28,0.0
20230322:0411,0.0,0.0,0.0,9.92,7.86,0.0
20230322:0511,0.0,0.0,0.0,10.16,7.86,0.0
20230322:0611,0.0,0.0,0.0,9.11,8.07,0.0
20230322:0711,0.0,0.0,0.0,8.48,7.1,0.0
20230322:0811,730457.0,378.89,17.23,8.39,6.48,0.0
20230322:0911,1225440.0,617.72,24.72,9.29,7.1,0.0
20230322:1011,1515355.0,767.11,30.81,10.16,7.59,0.0
20230322:1111,1803637.0,925.28,34.88,11.03,7.52,0.0
20230322:1211,1803499.0,928.76,36.38,11.65,7.52,0.0
20230322:1311,1734982.0,892.77,35.08,12.26,7.72,0.0
20230322:1411,1452772.0,743.9,31.18,12.51,7.38,0.0
20230322:1511,1216286.0,619.65,25.22,12.21,7.86,0.0
20230322:1611,804747.0,420.63,17.82,11.09,5.93,0.0
20230322:1711,265098.0,166.87,9.53,11.21,5.93,0.0
20230322:1811,0.0,0.0,0.0,10.62,5.52,0.0
20230322:1911,0.0,0.0,0.0,10.01,5.31,0.0
20230322:2011,0.0,0.0,0.0,9.5,5.93,0.0
20230322:2111,0.0,0.0,0.0,8.92,6.21,0.0
20230322:2211,0.0,0.0,0.0,8.63,6.41,0.0
20230322:2311,0.0,0.0,0.0,8.51,6.28,0.0
20230323:0011,0.0,0.0,0.0,8.5,6.28,0.0
20230323:0111,0.0,0.0,0.0,8.01,6.69,0.0
20230323:0211,0.0,0.0,0.0,7.16,6.62,0.0
20230323:0311,0.0,0.0,0.0,6.65,6.34,0.0
20230323:0411,0.0,0.0,0.0,6.34,5.93,0.0
20230323:0511,0.0,0.0,0.0,6.14,5.79,0.0
20230323:0611,0.0,0.0,0.0,6.31,5.86,0.0
20230323:0711,108054.0,72.12,9.27,6.65,5.93,0.0
20230323:0811,68425.0,49.14,17.61,7.6,6.07,0.0
20230323:0911,104696.0,68.61,25.1,8.89,6.69,0.0
20230323:1011,365217.0,198.27,31.2,10.4,9.03,0.0
20230323:1111,94921.0,63.97,35.28,10.94,8.76,0.0
20230323:1211,94714.0,63.97,36.78,11.37,8.48,0.0
20230323:1311,1711729.0,877.49,35.46,11.7,7.86,0.0
20230323:1411,310638.0,173.28,31.53,12.2,7.72,0.0
20230323:1511,597655.0,312.73,25.54,12.21,7.31,0.0
20230323:1611,779746.0,408.82,18.11,12.03,6.55,0.0
20230323:1711,34661.0,30.59,9.81,11.42,5.72,0.0
20230323:1811,0.0,0.0,0.0,10.24,5.24,0.0
20230323:1911,0.0,0.0,0.0,9.87,4.48,0.0
20230323:2011,0.0,0.0,0.0,9.02,4.41,0.0
20230323:2111,0.0,0.0,0.0,8.53,4.34,0.0
20230323:2211,0.0,0.0,0.0,7.98,4.07,0.0
20230323:2311,0.0,0.0,0.0,7.32,4.34,0.0
20230324:0011,0.0,0.0,0.0,7.35,4.97,0.0
20230324:0111,0.0,0.0,0.0,7.45,5.66,0.0
20230324:0211,0.0,0.0,0.0,7.14,6.28,0.0
20230324:0311,0.0,0.0,0.0,7.0,6.34,0.0
20230324:0411,0.0,0.0,0.0,6.88,6.21,0.0
20230324:0511,0.0,0.0,0.0,6.65,5.93,0.0
20230324:0611,0.0,0.0,0.0,6.57,5.86,0.0
20230324:0711,59202.0,44.28,9.64,7.15,6.97,0.0
20230324:0811,752100.0,388.95,17.98,8.06,6.07,0.0
20230324:0911,934329.0,470.41,25.49,9.13,8.83,0.0
20230324:1011,788256.0,401.42,31.6,10.01,8.76,0.0
20230324:1111,384284.0,208.43,35.68,11.09,8.41,0.0
20230324:1211,1252695.0,637.45,37.18,11.65,8.28,0.0
20230324:1311,669392.0,347.81,35.83,12.06,8.69,0.0
20230324:1411,1151564.0,586.56,31.87,11.72,7.45,0.0
20230324:1511,927245.0,473.51,25.85,11.47,7.31,0.0
20230324:1611,358777.0,196.84,18.4,11.31,6.48,0.0
20230324:1711,15755.0,18.54,10.09,10.78,6.34,0.0
20230324:1811,0.0,0.0,0.0,9.96,6.07,0.0
20230324:1911,0.0,0.0,0.0,9.26,5.72,0.0
20230324:2011,0.0,0.0,0.0,8.68,5.72,0.0
20230324:2111,0.0,0.0,0.0,8.46,5.79,0.0
20230324:2211,0.0,0.0,0.0,8.06,5.66,0.0
20230324:2311,0.0,0.0,0.0,7.74,5.72,0.0
20230325:0011,0.0,0.0,0.0,7.59,5.93,0.0
20230325:0111,0.0,0.0,0.0,7.53,6.41,0.0
20230325:0211,0.0,0.0,0.0,7.32,6.76,0.0
20230325:0311,0.0,0.0,0.0,6.81,6.62,0.0
20230325:0411,0.0,0.0,0.0,6.8,6.48,0.0
20230325:0511,0.0,0.0,0.0,6.93,6.34,0.0
20230325:0611,0.0,0.0,0.0,7.02,6.07,0.0
20230325:0711,111113.0,73.37,10.01,7.21,6.14,0.0
20230325:0811,368322.0,198.41,18.36,7.52,6.76,0.0
20230325:0911,373359.0,200.48,25.88,8.01,6.07,0.0
20230325:1011,262269.0,147.41,32.0,8.59,5.79,0.0
20230325:1111,664815.0,343.32,36.09,9.12,5.45,0.0
20230325:1211,1484328.0,763.53,37.57,9.65,4.76,0.0
20230325:1311,1203429.0,617.84,36.2,9.62,4.0,0.0
20230325:1411,586132.0,307.62,32.21,9.73,2.97,0.0
20230325:1511,200146.0,117.74,26.17,9.6,2.0,0.0
20230325:1611,321885.0,178.77,18.7,9.18,1.03,0.0
20230325:1711,70334.0,50.74,10.37,8.69,0.48,0.0
20230325:1811,0.0,0.0,0.0,7.78,1.52,0.0
20230325:1911,0.0,0.0,0.0,6.99,2.07,0.0
20230325:2011,0.0,0.0,0.0,6.29,2.48,0.0
20230325:2111,0.0,0.0,0.0,5.93,2.41,0.0
20230325:2211,0.0,0.0,0.0,5.67,2.34,0.0
20230325:2311,0.0,0.0,0.0,5.37,2.41,0.0
20230326:0011,0.0,0.0,0.0,5.27,2.62,0.0
20230326:0111,0.0,0.0,0.0,5.26,2.76,0.0
20230326:0211,0.0,0.0,0.0,5.26,2.9,0.0
20230326:0311,0.0,0.0,0.0,5.17,3.17,0.0
20230326:0411,0.0,0.0,0.0,5.09,3.38,0.0
20230326:0511,0.0,0.0,0.0,4.93,3.52,0.0
20230326:0611,0.0,0.0,0.0,4.69,3.66,0.0
20230326:0711,275402.0,167.59,10.38,4.42,3.93,0.0
20230326:0811,787083.0,401.85,18.73,4.85,4.62,0.0
20230326:0911,625554.0,318.25,26.26,5.34,5.17,0.0
20230326:1011,872091.0,438.12,32.39,6.18,5.66,0.0
20230326:1111,702880.0,358.61,36.49,7.17,5.72,0.0
20230326:1211,426190.0,225.91,37.96,7.15,5.52,0.0
20230326:1311,537763.0,279.45,36.58,7.24,5.59,0.0
20230326:1411,524722.0,272.74,32.56,7.25,5.72,0.0
20230326:1511,439599.0,231.4,26.48,6.99,5.59,0.0
20230326:1611,410228.0,218.26,18.99,6.69,5.24,0.0
20230326:1711,92598.0,62.24,10.65,5.89,4.76,0.0
20230326:1811,0.0,1.85,1.93,4.89,4.14,0.0
20230326:1911,0.0,0.0,0.0,3.84,3.59,0.0
20230326:2011,0.0,0.0,0.0,3.26,3.38,0.0
20230326:2111,0.0,0.0,0.0,2.33,3.1,0.0
20230326:2211,0.0,0.0,0.0,1.57,2.9,0.0
20230326:2311,0.0,0.0,0.0,0.97,2.97,0.0
20230327:0011,0.0,0.0,0.0,0.46,2.97,0.0
20230327:0111,0.0,0.0,0.0,0.24,2.9,0.0
20230327:0211,0.0,0.0,0.0,0.12,2.76,0.0
20230327:0311,0.0,0.0,0.0,-0.02,2.69,0.0
20230327:0411,0.0,0.0,0.0,-0.29,2.62,0.0
20230327:0511,0.0,0.0,0.0,-0.78,2.55,0.0
20230327:0611,0.0,1.85,2.02,-1.24,2.48,0.0
20230327:0711,324829.0,192.23,10.74,-0.58,2.0,0.0
20230327:0811,864317.0,439.36,19.11,2.13,2.48,0.0
20230327:0911,1318659.0,664.79,26.65,3.58,2.76,0.0
20230327:1011,1637738.0,846.09,32.79,4.74,2.28,0.0
20230327:1111,1839149.0,976.44,36.89,5.62,1.79,0.0
20230327:1211,1877007.0,1011.34,38.36,6.31,1.45,0.0
20230327:1311,1805592.0,978.09,36.95,7.04,1.1,0.0
20230327:1411,1649077.0,881.8,32.9,7.82,1.24,0.0
20230327:1511,1279467.0,668.08,26.79,8.07,1.45,0.0
20230327:1611,834486.0,438.41,19.27,8.2,1.66,0.0
20230327:1711,300311.0,183.56,10.92,8.1,1.86,0.0
20230327:1811,0.0,2.78,2.21,7.04,2.07,0.0
20230327:1911,0.0,0.0,0.0,5.36,2.62,0.0
20230327:2011,0.0,0.0,0.0,4.04,2.55,0.0
20230327:2111,0.0,0.0,0.0,3.12,2.76,0.0
20230327:2211,0.0,0.0,0.0,2.41,2.97,0.0
20230327:2311,0.0,0.0,0.0,2.0,3.1,0.0
20230328:0011,0.0,0.0,0.0,1.7,3.24,0.0
20230328:0111,0.0,0.0,0.0,1.57,3.24,0.0
20230328:0211,0.0,0.0,0.0,1.97,3.24,0.0
20230328:0311,0.0,0.0,0.0,2.29,3.24,0.0
20230328:0411,0.0,0.0,0.0,2.78,3.45,0.0
20230328:0511,0.0,0.0,0.0,3.26,3.66,0.0
20230328:0611,0.0,0.93,2.39,3.77,3.86,0.0
20230328:0711,8395.0,12.98,11.11,4.49,3.86,0.0
20230328:0811,137586.0,84.37,19.48,5.16,3.86,0.0
20230328:0911,217879.0,124.23,27.03,5.83,4.97,0.0
20230328:1011,172247.0,101.98,33.18,6.32,5.24,0.0
20230328:1111,189060.0,110.33,37.29,6.27,4.62,0.0
20230328:1211,96669.0,63.97,38.75,6.93,4.9,0.0
20230328:1311,246468.0,139.07,37.32,7.44,5.1,0.0
20230328:1411,191590.0,112.18,33.24,7.74,5.24,0.0
20230328:1511,264615.0,148.04,27.1,7.64,4.76,0.0
20230328:1611,70150.0,50.06,19.56,7.47,4.41,0.0
20230328:1711,8234.0,12.98,11.2,7.27,4.14,0.0
20230328:1811,0.0,0.93,2.48,7.2,3.66,0.0
20230328:1911,0.0,0.0,0.0,7.64,3.86,0.0
20230328:2011,0.0,0.0,0.0,7.83,3.38,0.0
20230328:2111,0.0,0.0,0.0,8.1,3.03,0.0
20230328:2211,0.0,0.0,0.0,8.43,2.9,0.0
20230328:2311,0.0,0.0,0.0,8.59,2.9,0.0
20230329:0011,0.0,0.0,0.0,8.81,2.9,0.0
20230329:0111,0.0,0.0,0.0,8.94,3.1,0.0
20230329:0211,0.0,0.0,0.0,8.99,3.03,0.0
20230329:0311,0.0,0.0,0.0,8.78,2.9,0.0
20230329:0411,0.0,0.0,0.0,8.68,2.9,0.0
20230329:0511,0.0,0.0,0.0,8.64,2.76,0.0
20230329:0611,0.0,1.85,2.75,8.44,2.83,0.0
20230329:0711,137425.0,87.91,11.47,9.36,3.24,0.0
20230329:0811,129030.0,81.59,19.85,9.87,3.59,0.0
20230329:0911,276207.0,155.28,27.41,10.2,5.03,0.0
20230329:1011,367402.0,200.58,33.58,11.01,5.86,0.0
20230329:1111,529161.0,280.45,37.68,11.48,5.66,0.0
20230329:1211,271722.0,153.9,39.14,11.46,5.72,0.0
20230329:1311,290674.0,163.17,37.68,11.37,6.14,0.0
20230329:1411,173512.0,104.76,33.57,11.58,6.07,0.0
20230329:1511,634938.0,332.04,27.41,11.64,4.9,0.0
20230329:1611,269330.0,153.16,19.85,12.04,5.31,0.0
20230329:1711,25461.0,25.03,11.47,12.39,5.17,0.0
20230329:1811,0.0,2.78,2.75,12.29,4.9,0.0
20230329:1911,0.0,0.0,0.0,12.09,4.76,0.0
20230329:2011,0.0,0.0,0.0,11.51,4.14,0.0
20230329:2111,0.0,0.0,0.0,11.07,3.93,0.0
20230329:2211,0.0,0.0,0.0,10.85,3.45,0.0
20230329:2311,0.0,0.0,0.0,10.55,3.17,0.0
20230330:0011,0.0,0.0,0.0,10.46,3.17,0.0
20230330:0111,0.0,0.0,0.0,10.55,3.24,0.0
20230330:0211,0.0,0.0,0.0,10.29,3.03,0.0
20230330:0311,0.0,0.0,0.0,10.05,3.59,0.0
20230330:0411,0.0,0.0,0.0,9.76,4.28,0.0
20230330:0511,0.0,0.0,0.0,9.29,3.93,0.0
20230330:0611,0.0,3.71,3.11,8.88,3.93,0.0
20230330:0711,105087.0,69.78,11.84,9.52,4.76,0.0
20230330:0811,127144.0,80.66,20.22,10.1,4.28,0.0
20230330:0911,1191170.0,609.09,27.79,11.15,5.66,0.0
20230330:1011,1026099.0,527.21,33.97,11.98,5.79,0.0
20230330:1111,566513.0,300.25,38.08,12.41,5.24,0.0
20230330:1211,554553.0,295.08,39.53,13.22,6.07,0.0
20230330:1311,399050.0,218.31,38.05,13.28,6.14,0.0
20230330:1411,475295.0,254.96,33.91,12.59,5.79,0.0
20230330:1511,814660.0,423.14,27.72,12.95,5.31,0.0
20230330:1611,547768.0,293.26,20.13,12.74,4.69,0.0
20230330:1711,193545.0,121.23,11.74,12.55,4.28,0.0
20230330:1811,3450.0,9.54,3.02,11.79,3.17,0.0
20230330:1911,0.0,0.0,0.0,10.65,2.83,0.0
20230330:2011,0.0,0.0,0.0,9.7,2.48,0.0
20230330:2111,0.0,0.0,0.0,8.84,2.55,0.0
20230330:2211,0.0,0.0,0.0,8.59,2.76,0.0
20230330:2311,0.0,0.0,0.0,8.26,3.1,0.0
20230331:0011,0.0,0.0,0.0,8.23,3.24,0.0
20230331:0111,0.0,0.0,0.0,8.03,3.24,0.0
20230331:0211,0.0,0.0,0.0,7.87,3.45,0.0
20230331:0311,0.0,0.0,0.0,8.12,3.59,0.0
20230331:0411,0.0,0.0,0.0,8.21,3.72,0.0
20230331:0511,0.0,0.0,0.0,8.32,3.86,0.0
20230331:0611,2599.0,8.34,3.47,8.41,4.07,0.0
20230331:0711,122797.0,79.06,12.2,8.65,3.86,0.0
20230331:0811,302450.0,167.54,20.59,9.05,5.03,0.0
20230331:0911,367218.0,199.25,28.17,9.73,5.45,0.0
20230331:1011,269652.0,152.05,34.36,10.23,5.93,0.0
20230331:1111,537096.0,282.84,38.48,10.33,6.0,0.0
20230331:1211,215326.0,125.16,39.91,10.3,5.86,0.0
20230331:1311,649336.0,337.15,38.42,9.95,5.66,0.0
20230331:1411,333684.0,183.24,34.25,9.73,5.31,0.0
20230331:1511,251068.0,142.57,28.02,9.62,5.1,0.0
20230331:1611,235359.0,134.58,20.42,9.04,4.62,0.0
20230331:1711,104811.0,69.15,12.02,8.4,4.34,0.0
20230331:1811,0.0,2.78,3.29,7.74,4.34,0.0
20230331:1911,0.0,0.0,0.0,7.72,4.21,0.0
20230331:2011,0.0,0.0,0.0,7.38,4.21,0.0
20230331:2111,0.0,0.0,0.0,7.1,4.21,0.0
20230331:2211,0.0,0.0,0.0,6.97,4.21,0.0
20230331:2311,0.0,0.0,0.0,6.84,4.28,0.0
20230401:0011,0.0,0.0,0.0,6.77,4.14,0.0
20230401:0111,0.0,0.0,0.0,6.63,4.21,0.0
20230401:0211,0.0,0.0,0.0,6.55,4.14,0.0
20230401:0311,0.0,0.0,0.0,6.41,4.14,0.0
20230401:0411,0.0,0.0,0.0,6.22,3.93,0.0
20230401:0511,0.0,0.0,0.0,6.11,3.79,0.0
20230401:0611,2668.0,8.34,3.83,5.79,3.66,0.0
20230401:0711,250079.0,148.0,12.56,6.17,4.97,0.0
20230401:0811,273953.0,152.09,20.96,6.84,5.24,0.0
20230401:0911,261418.0,146.26,28.55,7.32,5.1,0.0
20230401:1011,276529.0,153.9,34.75,7.65,5.17,0.0
20230401:1111,289202.0,160.39,38.87,8.16,5.38,0.0
20230401:1211,205804.0,119.6,40.3,8.57,5.52,0.0
20230401:1311,224756.0,128.87,38.78,8.48,6.0,0.0
20230401:1411,194994.0,114.03,34.58,8.23,5.93,0.0
20230401:1511,204700.0,118.67,28.33,7.66,4.83,0.0
20230401:1611,152674.0,92.71,20.7,7.5,4.76,0.0
20230401:1711,73715.0,51.92,12.29,7.11,4.07,0.0
20230401:1811,0.0,3.71,3.55,6.8,4.0,0.0
20230401:1911,0.0,0.0,0.0,6.66,3.93,0.0
20230401:2011,0.0,0.0,0.0,6.48,3.86,0.0
20230401:2111,0.0,0.0,0.0,6.35,3.66,0.0
20230401:2211,0.0,0.0,0.0,6.26,3.45,0.0
20230401:2311,0.0,0.0,0.0,6.16,3.17,0.0
20230402:0011,0.0,0.0,0.0,6.01,3.03,0.0
20230402:0111,0.0,0.0,0.0,5.83,2.9,0.0
20230402:0211,0.0,0.0,0.0,5.32,2.83,0.0
20230402:0311,0.0,0.0,0.0,4.81,2.69,0.0
20230402:0411,0.0,0.0,0.0,4.25,2.69,0.0
20230402:0511,0.0,0.0,0.0,3.7,2.69,0.0
20230402:0611,1748.0,7.42,4.19,3.71,2.55,0.0
20230402:0711,348197.0,203.75,12.92,5.03,2.41,0.0
20230402:0811,768522.0,394.28,21.33,5.66,3.38,0.0
20230402:0911,1225302.0,620.08,28.93,6.04,3.45,0.0
20230402:1011,1373836.0,701.51,35.14,6.62,3.24,0.0
20230402:1111,1604894.0,832.88,39.27,7.29,3.03,0.0
20230402:1211,1433820.0,742.73,40.69,7.92,2.9,0.0
20230402:1311,1201612.0,619.27,39.14,8.21,2.76,0.0
20230402:1411,1324800.0,683.66,34.91,8.44,2.9,0.0
20230402:1511,1040290.0,532.84,28.63,8.33,3.03,0.0
20230402:1611,694761.0,362.12,20.98,7.81,2.9,0.0
20230402:1711,266087.0,158.98,12.56,7.3,2.69,0.0
20230402:1811,11707.0,16.09,3.82,6.37,2.07,0.0
20230402:1911,0.0,0.0,0.0,5.18,2.28,0.0
20230402:2011,0.0,0.0,0.0,3.91,2.14,0.0
20230402:2111,0.0,0.0,0.0,2.93,1.93,0.0
20230402:2211,0.0,0.0,0.0,2.22,1.86,0.0
20230402:2311,0.0,0.0,0.0,1.13,2.0,0.0
20230403:0011,0.0,0.0,0.0,0.88,1.79,0.0
20230403:0111,0.0,0.0,0.0,0.62,1.66,0.0
20230403:0211,0.0,0.0,0.0,0.06,1.66,0.0
20230403:0311,0.0,0.0,0.0,-0.36,1.72,0.0
20230403:0411,0.0,0.0,0.0,-0.45,1.72,0.0
20230403:0511,0.0,0.0,0.0,-0.23,1.59,0.0
20230403:0611,20884.0,21.85,4.55,-0.6,1.59,0.0
20230403:0711,252241.0,145.28,13.28,1.67,1.45,0.0
20230403:0811,749064.0,382.19,21.69,3.93,2.9,0.0
20230403:0911,1327077.0,666.94,29.3,5.0,4.07,0.0
20230403:1011,1068511.0,538.25,35.52,5.83,4.14,0.0
20230403:1111,1877881.0,971.89,39.66,6.72,4.21,0.0
20230403:1211,1981496.0,1036.27,41.07,7.56,4.21,0.0
20230403:1311,1909805.0,999.73,39.5,8.32,4.07,0.0
20230403:1411,1712741.0,891.36,35.24,8.87,3.79,0.0
20230403:1511,1332206.0,685.83,28.93,9.3,3.66,0.0
20230403:1611,885385.0,461.97,21.26,9.28,3.38,0.0
20230403:1711,339986.0,204.09,12.82,9.01,3.31,0.0
20230403:1811,14191.0,17.9,4.09,8.11,2.62,0.0
20230403:1911,0.0,0.0,0.0,6.34,2.97,0.0
20230403:2011,0.0,0.0,0.0,4.97,3.24,0.0
20230403:2111,0.0,0.0,0.0,3.85,3.38,0.0
20230403:2211,0.0,0.0,0.0,3.02,3.31,0.0
20230403:2311,0.0,0.0,0.0,2.39,3.17,0.0
20230404:0011,0.0,0.0,0.0,1.92,3.03,0.0
20230404:0111,0.0,0.0,0.0,1.39,2.83,0.0
20230404:0211,0.0,0.0,0.0,0.81,2.69,0.0
20230404:0311,0.0,0.0,0.0,0.27,2.55,0.0
20230404:0411,0.0,0.0,0.0,-0.29,2.34,0.0
20230404:0511,0.0,0.0,0.0,-0.83,2.34,0.0
20230404:0611,25346.0,24.88,4.9,-1.2,2.34,0.0
20230404:0711,419382.0,238.5,13.64,0.32,2.0,0.0
20230404:0811,945369.0,480.22,22.05,3.06,2.55,0.0
20230404:0911,1417973.0,720.15,29.68,5.08,3.1,0.0
20230404:1011,1707152.0,881.71,35.91,6.84,3.52,0.0
20230404:1111,1896810.0,994.54,40.05,8.31,3.86,0.0
20230404:1211,1942465.0,1025.94,41.45,9.54,4.07,0.0
20230404:1311,1842346.0,971.29,39.86,10.5,4.14,0.0
20230404:1411,1662647.0,870.67,35.57,11.21,4.14,0.0
20230404:1511,1359208.0,705.92,29.23,11.6,4.07,0.0
20230404:1611,776158.0,408.75,21.54,11.67,4.0,0.0
20230404:1711,37766.0,32.45,13.09,11.26,3.38,0.0
20230404:1811,16951.0,19.59,4.35,9.95,3.1,0.0
20230404:1911,0.0,0.0,0.0,8.35,3.03,0.0
20230404:2011,0.0,0.0,0.0,7.06,3.03,0.0
20230404:2111,0.0,0.0,0.0,6.29,3.03,0.0
20230404:2211,0.0,0.0,0.0,5.65,2.9,0.0
20230404:2311,0.0,0.0,0.0,4.93,2.76,0.0
20230405:0011,0.0,0.0,0.0,4.26,2.76,0.0
20230405:0111,0.0,0.0,0.0,4.01,2.69,0.0
20230405:0211,0.0,0.0,0.0,3.66,2.62,0.0
20230405:0311,0.0,0.0,0.0,3.31,2.55,0.0
20230405:0411,0.0,0.0,0.0,3.35,2.48,0.0
20230405:0511,0.0,0.0,0.0,3.71,2.48,0.0
20230405:0611,3749.0,9.27,5.26,4.38,2.48,0.0
20230405:0711,48668.0,38.01,13.99,5.66,2.48,0.0
20230405:0811,107318.0,69.53,22.42,6.78,2.69,0.0
20230405:0911,223330.0,127.94,30.05,7.3,3.03,0.0
20230405:1011,256795.0,144.63,36.29,7.71,3.24,0.0
20230405:1111,358133.0,194.48,40.44,8.15,3.79,0.0
20230405:1211,301645.0,166.88,41.83,8.47,4.48,0.0
20230405:1311,187059.0,110.33,40.22,8.5,4.69,0.0
20230405:1411,155595.0,94.56,35.9,8.47,4.34,0.0
20230405:1511,90666.0,61.19,29.53,8.28,3.79,0.0
20230405:1611,263488.0,148.1,21.82,8.15,3.66,0.0
20230405:1711,154399.0,95.49,13.36,7.95,3.31,0.0
20230405:1811,0.0,3.71,4.61,7.83,3.03,0.0
20230405:1911,0.0,0.0,0.0,8.46,2.69,0.0
20230405:2011,0.0,0.0,0.0,8.46,2.55,0.0
20230405:2111,0.0,0.0,0.0,8.42,2.48,0.0
20230405:2211,0.0,0.0,0.0,8.4,2.41,0.0
20230405:2311,0.0,0.0,0.0,8.38,2.28,0.0
20230406:0011,0.0,0.0,0.0,8.36,2.28,0.0
20230406:0111,0.0,0.0,0.0,8.52,2.28,0.0
20230406:0211,0.0,0.0,0.0,8.59,2.28,0.0
20230406:0311,0.0,0.0,0.0,8.61,2.0,0.0
20230406:0411,0.0,0.0,0.0,8.56,1.72,0.0
20230406:0511,0.0,0.0,0.0,8.45,1.72,0.0
20230406:0611,0.0,4.64,5.61,8.42,2.07,0.0
20230406:0711,114264.0,73.95,14.34,8.77,2.97,0.0
20230406:0811,407721.0,219.52,22.77,9.11,3.79,0.0
20230406:0911,1092707.0,558.36,30.42,9.32,4.21,0.0
20230406:1011,1593187.0,825.49,36.67,9.78,4.14,0.0
20230406:1111,961929.0,495.03,40.82,10.68,4.9,0.0
20230406:1211,1151104.0,591.82,42.21,11.44,5.72,0.0
20230406:1311,1302421.0,669.26,40.57,11.61,6.07,0.0
20230406:1411,942379.0,483.92,36.22,11.4,6.0,0.0
20230406:1511,641240.0,335.0,29.82,11.78,5.86,0.0
20230406:1611,475893.0,254.19,22.09,10.62,5.45,0.0
20230406:1711,140553.0,88.28,13.62,9.63,5.45,0.0
20230406:1811,1633.0,7.42,4.88,8.94,4.55,0.0
20230406:1911,0.0,0.0,0.0,8.95,3.86,0.0
20230406:2011,0.0,0.0,0.0,8.56,3.38,0.0
20230406:2111,0.0,0.0,0.0,7.69,3.17,0.0
20230406:2211,0.0,0.0,0.0,6.71,3.17,0.0
20230406:2311,0.0,0.0,0.0,6.12,3.38,0.0
20230407:0011,0.0,0.0,0.0,5.19,3.52,0.0
20230407:0111,0.0,0.0,0.0,4.5,3.45,0.0
20230407:0211,0.0,0.0,0.0,3.92,3.31,0.0
20230407:0311,0.0,0.0,0.0,3.38,3.1,0.0
20230407:0411,0.0,0.0,0.0,2.74,2.83,0.0
20230407:0511,0.0,0.0,0.0,2.13,2.76,0.0
20230407:0611,41860.0,45.19,5.96,1.79,2.55,0.0
20230407:0711,443670.0,253.2,14.69,3.89,2.34,0.0
20230407:0811,956179.0,492.36,23.13,6.72,2.9,0.0
20230407:0911,1404679.0,721.11,30.79,8.38,3.66,0.0
20230407:1011,1583067.0,821.05,37.05,9.59,4.0,0.0
20230407:1111,1580330.0,824.28,41.21,10.25,4.0,0.0
20230407:1211,1599811.0,838.3,42.59,10.74,3.93,0.0
20230407:1311,1762628.0,932.95,40.93,10.96,3.66,0.0
20230407:1411,1297522.0,674.4,36.54,11.09,3.59,0.0
20230407:1511,1288322.0,669.87,30.12,11.38,3.52,0.0
20230407:1611,873862.0,459.68,22.37,11.2,3.45,0.0
20230407:1711,371174.0,223.39,13.88,10.46,3.45,0.0
20230407:1811,17687.0,26.52,5.14,9.37,3.17,0.0
20230407:1911,0.0,0.0,0.0,7.32,2.55,0.0
20230407:2011,0.0,0.0,0.0,6.33,1.93,0.0
20230407:2111,0.0,0.0,0.0,5.63,1.72,0.0
20230407:2211,0.0,0.0,0.0,5.34,1.45,0.0
20230407:2311,0.0,0.0,0.0,5.39,1.31,0.0
20230408:0011,0.0,0.0,0.0,5.61,1.31,0.0
20230408:0111,0.0,0.0,0.0,5.84,0.97,0.0
20230408:0211,0.0,0.0,0.0,5.69,0.76,0.0
20230408:0311,0.0,0.0,0.0,5.82,0.41,0.0
20230408:0411,0.0,0.0,0.0,5.56,0.55,0.0
20230408:0511,0.0,0.0,0.0,5.12,0.76,0.0
20230408:0611,41308.0,35.16,6.3,5.0,0.55,0.0
20230408:0711,323380.0,184.9,15.04,5.17,0.69,0.0
20230408:0811,588087.0,307.84,23.49,5.62,0.76,0.0
20230408:0911,858774.0,444.26,31.15,6.49,0.83,0.0
20230408:1011,1329837.0,697.68,37.43,7.62,1.24,0.0
20230408:1111,1770586.0,952.53,41.59,9.02,1.86,0.0
20230408:1211,1854076.0,1008.08,42.96,10.67,2.14,0.0
20230408:1311,1691512.0,915.01,41.28,11.47,2.0,0.0
20230408:1411,1529546.0,818.22,36.86,12.05,2.14,0.0
20230408:1511,1005468.0,527.82,30.41,12.1,2.21,0.0
20230408:1611,863512.0,459.39,22.64,12.23,2.34,0.0
20230408:1711,358547.0,217.6,14.14,12.02,2.34,0.0
20230408:1811,19504.0,27.96,5.4,11.07,2.41,0.0
20230408:1911,0.0,0.0,0.0,9.5,3.38,0.0
20230408:2011,0.0,0.0,0.0,7.95,3.59,0.0
20230408:2111,0.0,0.0,0.0,6.56,3.24,0.0
20230408:2211,0.0,0.0,0.0,5.68,2.9,0.0
20230408:2311,0.0,0.0,0.0,5.02,2.48,0.0
20230409:0011,0.0,0.0,0.0,4.46,2.28,0.0
20230409:0111,0.0,0.0,0.0,3.96,2.07,0.0
20230409:0211,0.0,0.0,0.0,3.53,2.0,0.0
20230409:0311,0.0,0.0,0.0,3.18,1.93,0.0
20230409:0411,0.0,0.0,0.0,2.65,2.07,0.0
20230409:0511,0.0,0.0,0.0,2.34,2.28,0.0
20230409:0611,23.0,5.56,6.65,2.77,2.28,0.0
20230409:0711,299667.0,169.97,15.39,4.88,3.38,0.0
20230409:0811,170545.0,101.05,23.84,5.77,3.52,0.0
20230409:0911,205160.0,118.67,31.51,6.94,3.79,0.0
20230409:1011,198536.0,115.89,37.8,8.12,4.34,0.0
20230409:1111,168176.0,101.05,41.97,8.99,5.03,0.0
20230409:1211,212037.0,123.31,43.33,9.81,5.52,0.0
20230409:1311,1033459.0,529.2,41.63,10.41,5.66,0.0
20230409:1411,1009263.0,517.64,37.18,11.13,5.72,0.0
20230409:1511,523641.0,277.75,30.7,11.88,5.79,0.0
20230409:1611,422303.0,229.47,22.91,12.09,4.62,0.0
20230409:1711,48691.0,38.94,14.4,12.23,4.9,0.0
20230409:1811,7981.0,12.98,5.66,11.87,5.03,0.0
20230409:1911,0.0,0.0,0.0,10.78,4.41,0.0
20230409:2011,0.0,0.0,0.0,10.52,4.76,0.0
20230409:2111,0.0,0.0,0.0,10.29,5.03,0.0
20230409:2211,0.0,0.0,0.0,10.39,5.45,0.0
20230409:2311,0.0,0.0,0.0,10.17,5.66,0.0
20230410:0011,0.0,0.0,0.0,9.78,5.79,0.0
20230410:0111,0.0,0.0,0.0,9.25,5.66,0.0
20230410:0211,0.0,0.0,0.0,8.69,5.79,0.0
20230410:0311,0.0,0.0,0.0,8.7,5.93,0.0
20230410:0411,0.0,0.0,0.0,8.92,6.0,0.0
20230410:0511,0.0,0.0,0.0,9.27,5.72,0.0
20230410:0611,10580.0,14.83,6.99,9.51,5.45,0.0
20230410:0711,107755.0,70.46,15.73,9.67,4.97,0.0
20230410:0811,559314.0,295.0,24.19,10.15,4.34,0.0
20230410:0911,903900.0,464.9,31.87,10.83,4.9,0.0
20230410:1011,244697.0,140.92,38.17,11.93,4.41,0.0
20230410:1111,136068.0,86.22,42.35,12.91,4.21,0.0
20230410:1211,396474.0,217.62,43.7,12.98,4.21,0.0
20230410:1311,212198.0,124.23,41.97,11.38,5.1,0.0
20230410:1411,181861.0,108.47,37.5,10.24,5.03,0.0
20230410:1511,332212.0,182.27,30.99,9.4,5.03,0.0
20230410:1611,689816.0,357.54,23.18,8.96,6.07,0.0
20230410:1711,339894.0,199.8,14.66,8.38,5.38,0.0
20230410:1811,1656.0,7.42,5.92,7.93,4.69,0.0
20230410:1911,0.0,0.0,0.0,7.24,5.1,0.0
20230410:2011,0.0,0.0,0.0,6.78,4.97,0.0
20230410:2111,0.0,0.0,0.0,6.57,4.9,0.0
20230410:2211,0.0,0.0,0.0,6.2,5.17,0.0
20230410:2311,0.0,0.0,0.0,6.08,5.86,0.0
20230411:0011,0.0,0.0,0.0,6.03,6.28,0.0
20230411:0111,0.0,0.0,0.0,5.84,6.41,0.0
20230411:0211,0.0,0.0,0.0,5.51,6.41,0.0
20230411:0311,0.0,0.0,0.0,5.48,6.28,0.0
20230411:0411,0.0,0.0,0.0,5.25,5.86,0.0
20230411:0511,0.0,0.0,0.0,5.19,5.66,0.0
20230411:0611,59156.0,58.07,7.33,5.21,5.38,0.0
20230411:0711,446062.0,251.58,16.07,6.09,4.69,0.0
20230411:0811,959813.0,487.65,24.53,7.27,6.0,0.0
20230411:0911,1338462.0,675.67,32.23,8.5,6.21,0.0
20230411:1011,1596522.0,815.38,38.54,9.53,6.14,0.0
20230411:1111,1645696.0,849.7,42.72,10.44,5.72,0.0
20230411:1211,1886230.0,989.61,44.07,11.32,5.38,0.0
20230411:1311,877473.0,454.49,42.32,12.27,6.0,0.0
20230411:1411,513153.0,273.83,37.81,12.64,6.28,0.0
20230411:1511,293687.0,164.68,31.28,11.67,7.1,0.0
20230411:1611,165830.0,100.13,23.45,9.9,6.9,0.0
20230411:1711,64676.0,47.28,14.92,8.65,7.03,0.0
20230411:1811,4715.0,10.2,6.17,8.18,8.07,0.0
20230411:1911,0.0,0.0,0.0,7.43,8.9,0.0
20230411:2011,0.0,0.0,0.0,6.9,10.07,0.0
20230411:2111,0.0,0.0,0.0,6.93,10.55,0.0
20230411:2211,0.0,0.0,0.0,7.61,9.79,0.0
20230411:2311,0.0,0.0,0.0,6.08,8.28,0.0
20230412:0011,0.0,0.0,0.0,5.36,7.45,0.0
20230412:0111,0.0,0.0,0.0,4.68,7.1,0.0
20230412:0211,0.0,0.0,0.0,4.42,6.28,0.0
20230412:0311,0.0,0.0,0.0,3.89,5.66,0.0
20230412:0411,0.0,0.0,0.0,3.55,5.17,0.0
20230412:0511,0.0,0.0,0.0,3.29,4.9,0.0
20230412:0611,65987.0,61.81,7.67,3.23,4.97,0.0
20230412:0711,488313.0,272.51,16.41,3.98,4.41,0.0
20230412:0811,1000914.0,502.08,24.88,5.17,6.76,0.0
20230412:0911,1333747.0,664.59,32.59,6.39,6.97,0.0
20230412:1011,979846.0,493.14,38.91,7.53,6.97,0.0
20230412:1111,650992.0,335.2,43.09,8.5,7.66,0.0
20230412:1211,221398.0,127.01,44.44,8.44,8.21,0.0
20230412:1311,310247.0,169.66,42.66,7.45,8.62,0.0
20230412:1411,187749.0,109.4,38.13,6.13,7.59,0.0
20230412:1511,346288.0,186.82,31.56,6.79,6.28,0.0
20230412:1611,149316.0,90.86,23.71,7.18,5.52,0.0
20230412:1711,187933.0,112.11,15.18,7.6,4.07,0.0
20230412:1811,44344.0,37.67,6.43,7.19,1.59,0.0
20230412:1911,0.0,0.0,0.0,6.44,1.45,0.0
20230412:2011,0.0,0.0,0.0,5.43,2.69,0.0
20230412:2111,0.0,0.0,0.0,5.14,4.0,0.0
20230412:2211,0.0,0.0,0.0,4.99,4.69,0.0
20230412:2311,0.0,0.0,0.0,4.54,4.28,0.0
20230413:0011,0.0,0.0,0.0,4.3,3.72,0.0
20230413:0111,0.0,0.0,0.0,4.41,3.59,0.0
20230413:0211,0.0,0.0,0.0,4.35,4.0,0.0
20230413:0311,0.0,0.0,0.0,5.13,4.76,0.0
20230413:0411,0.0,0.0,0.0,5.55,5.17,0.0
20230413:0511,0.0,0.0,0.0,5.89,5.38,0.0
20230413:0611,70518.0,54.1,8.0,6.15,5.17,0.0
20230413:0711,275655.0,156.17,16.74,6.57,5.17,0.0
20230413:0811,392771.0,209.6,25.22,6.95,5.31,0.0
20230413:0911,1110417.0,559.65,32.94,7.6,5.59,0.0
20230413:1011,691794.0,355.07,39.27,8.05,5.86,0.0
20230413:1111,394795.0,212.02,43.46,8.58,6.21,0.0
20230413:1211,1292462.0,657.64,44.8,9.29,6.21,0.0
20230413:1311,83237.0,57.48,43.0,9.54,6.48,0.0
20230413:1411,79695.0,55.63,38.44,9.75,6.83,0.0
20230413:1511,669898.0,345.25,31.85,9.63,7.1,0.0
20230413:1611,290881.0,161.8,23.98,9.46,7.17,0.0
20230413:1711,276322.0,161.33,15.43,9.3,6.48,0.0
20230413:1811,48231.0,41.65,6.68,8.79,5.24,0.0
20230413:1911,0.0,0.0,0.0,7.54,4.62,0.0
20230413:2011,0.0,0.0,0.0,6.87,4.21,0.0
20230413:2111,0.0,0.0,0.0,6.35,3.72,0.0
20230413:2211,0.0,0.0,0.0,5.62,3.38,0.0
20230413:2311,0.0,0.0,0.0,5.02,3.1,0.0
20230414:0011,0.0,0.0,0.0,4.22,2.69,0.0
20230414:0111,0.0,0.0,0.0,3.44,2.55,0.0
20230414:0211,0.0,0.0,0.0,2.78,2.41,0.0
20230414:0311,0.0,0.0,0.0,2.16,2.21,0.0
20230414:0411,0.0,0.0,0.0,1.44,2.14,0.0
20230414:0511,0.0,0.0,0.0,0.96,2.0,0.0
20230414:0611,74865.0,54.16,8.33,0.94,1.72,0.0
20230414:0711,391989.0,217.03,17.07,3.47,1.86,0.0
20230414:0811,916780.0,469.72,25.55,5.66,2.48,0.0
20230414:0911,1073801.0,548.21,33.29,7.47,3.1,0.0
20230414:1011,736161.0,380.43,39.63,9.13,4.14,0.0
20230414:1111,667644.0,347.67,43.83,9.44,4.07,0.0
20230414:1211,527022.0,279.5,45.16,9.94,3.59,0.0
20230414:1311,760817.0,396.62,43.34,9.99,2.97,0.0
20230414:1411,309856.0,172.44,38.74,9.65,2.28,0.0
20230414:1511,197018.0,115.89,32.13,9.05,2.14,0.0
20230414:1611,134941.0,84.37,24.24,8.5,1.31,0.0
20230414:1711,61180.0,45.43,15.68,8.34,0.9,0.0
20230414:1811,13317.0,16.69,6.94,7.72,1.31,0.0
20230414:1911,0.0,0.0,0.0,6.96,1.45,0.0
20230414:2011,0.0,0.0,0.0,6.77,1.45,0.0
20230414:2111,0.0,0.0,0.0,6.45,1.45,0.0
20230414:2211,0.0,0.0,0.0,6.31,1.45,0.0
20230414:2311,0.0,0.0,0.0,6.16,1.52,0.0
20230415:0011,0.0,0.0,0.0,6.14,1.59,0.0
20230415:0111,0.0,0.0,0.0,6.11,1.72,0.0
20230415:0211,0.0,0.0,0.0,5.91,1.93,0.0
20230415:0311,0.0,0.0,0.0,5.86,1.93,0.0
20230415:0411,0.0,0.0,0.0,5.41,2.14,0.0
20230415:0511,0.0,0.0,0.0,4.8,2.41,0.0
20230415:0611,77234.0,71.96,8.66,5.04,2.48,0.0
20230415:0711,331545.0,185.5,17.4,6.06,2.69,0.0
20230415:0811,789199.0,406.86,25.89,7.79,3.45,0.0
20230415:0911,467360.0,248.75,33.63,9.15,3.38,0.0
20230415:1011,1259894.0,654.55,39.99,10.08,3.03,0.0
20230415:1111,1245105.0,652.54,44.2,10.68,2.55,0.0
20230415:1211,869814.0,458.07,45.52,11.14,1.79,0.0
20230415:1311,599219.0,321.57,43.67,11.97,1.1,0.0
20230415:1411,434424.0,237.91,39.05,12.08,0.9,0.0
20230415:1511,540431.0,291.63,32.4,12.39,0.9,0.0
20230415:1611,472052.0,257.58,24.5,12.31,0.97,0.0
20230415:1711,385020.0,232.1,15.94,12.2,1.52,0.0
20230415:1811,41262.0,44.9,7.19,11.21,2.0,0.0
20230415:1911,0.0,0.0,0.0,10.19,2.34,0.0
20230415:2011,0.0,0.0,0.0,8.53,2.62,0.0
20230415:2111,0.0,0.0,0.0,7.69,2.76,0.0
20230415:2211,0.0,0.0,0.0,7.04,2.76,0.0
20230415:2311,0.0,0.0,0.0,6.77,2.48,0.0
20230416:0011,0.0,0.0,0.0,6.54,2.34,0.0
20230416:0111,0.0,0.0,0.0,6.43,2.14,0.0
20230416:0211,0.0,0.0,0.0,6.42,2.0,0.0
20230416:0311,0.0,0.0,0.0,6.15,2.07,0.0
20230416:0411,0.0,0.0,0.0,6.01,2.0,0.0
20230416:0511,0.0,0.0,0.0,6.08,1.79,0.0
20230416:0611,78108.0,56.53,8.98,6.16,1.66,0.0
20230416:0711,362388.0,203.94,17.73,7.28,1.52,0.0
20230416:0811,901117.0,470.54,26.22,8.9,1.86,0.0
20230416:0911,1323121.0,692.64,33.97,10.14,2.21,0.0
20230416:1011,1328411.0,698.23,40.35,11.44,2.69,0.0
20230416:1111,916159.0,479.81,44.56,12.08,3.1,0.0
20230416:1211,876737.0,459.49,45.87,12.38,3.45,0.0
20230416:1311,1188847.0,622.94,44.01,13.03,3.79,0.0
20230416:1411,1266449.0,664.73,39.35,13.72,3.93,0.0
20230416:1511,518811.0,279.28,32.68,13.55,3.31,0.0
20230416:1611,366068.0,203.35,24.76,13.54,3.03,0.0
20230416:1711,50002.0,39.87,16.19,13.11,2.48,0.0
20230416:1811,713.0,6.49,7.44,12.64,2.28,0.0
20230416:1911,0.0,0.0,0.0,12.3,1.86,0.0
20230416:2011,0.0,0.0,0.0,11.35,1.86,0.0
20230416:2111,0.0,0.0,0.0,10.71,1.59,0.0
20230416:2211,0.0,0.0,0.0,9.92,1.31,0.0
20230416:2311,0.0,0.0,0.0,9.69,0.97,0.0
20230417:0011,0.0,0.0,0.0,9.52,0.97,0.0
20230417:0111,0.0,0.0,0.0,9.41,0.97,0.0
20230417:0211,0.0,0.0,0.0,9.26,0.97,0.0
20230417:0311,0.0,0.0,0.0,9.04,1.1,0.0
20230417:0411,0.0,0.0,0.0,9.03,1.24,0.0
20230417:0511,0.0,0.0,0.0,8.97,1.31,0.0
20230417:0611,65297.0,48.69,9.3,9.07,1.24,0.0
20230417:0711,207759.0,122.42,18.05,9.28,1.17,0.0
20230417:0811,381179.0,208.84,26.55,10.61,1.72,0.0
20230417:0911,657984.0,347.74,34.31,11.69,2.34,0.0
20230417:1011,750260.0,395.84,40.7,12.38,2.62,0.0
20230417:1111,945691.0,499.95,44.92,13.56,2.69,0.0
20230417:1211,245479.0,142.77,46.22,13.93,3.03,0.0
20230417:1311,403489.0,222.78,44.34,14.17,3.1,0.0
20230417:1411,948658.0,501.52,39.65,14.44,3.03,0.0
20230417:1511,1109083.0,585.26,32.96,14.16,2.97,0.0
20230417:1611,823147.0,438.19,25.01,13.52,3.1,0.0
20230417:1711,358524.0,213.13,16.44,12.64,3.38,0.0
20230417:1811,51014.0,48.49,7.69,11.13,2.97,0.0
20230417:1911,0.0,0.0,0.0,9.37,2.62,0.0
20230417:2011,0.0,0.0,0.0,7.37,2.28,0.0
20230417:2111,0.0,0.0,0.0,5.98,1.93,0.0
20230417:2211,0.0,0.0,0.0,4.99,1.72,0.0
20230417:2311,0.0,0.0,0.0,4.65,1.31,0.0
20230418:0011,0.0,0.0,0.0,4.76,1.17,0.0
20230418:0111,0.0,0.0,0.0,4.95,1.45,0.0
20230418:0211,0.0,0.0,0.0,5.35,2.0,0.0
20230418:0311,0.0,0.0,0.0,5.39,1.86,0.0
20230418:0411,0.0,0.0,0.0,5.44,2.14,0.0
20230418:0511,0.0,0.0,0.0,5.04,2.41,0.0
20230418:0611,102902.0,76.69,9.62,5.52,2.55,0.0
20230418:0711,518811.0,289.04,18.37,6.97,3.72,0.0
20230418:0811,1027341.0,528.32,26.87,8.11,3.66,0.0
20230418:0911,1463536.0,756.3,34.64,9.69,3.86,0.0
20230418:1011,1754854.0,923.66,41.04,11.14,4.07,0.0
20230418:1111,1926066.0,1023.81,45.27,12.15,4.62,0.0
20230418:1211,1879905.0,1000.43,46.57,12.89,4.76,0.0
20230418:1311,1774220.0,941.83,44.66,13.25,4.62,0.0
20230418:1411,1687832.0,888.98,39.95,13.31,4.83,0.0
20230418:1511,1346098.0,699.0,33.23,12.95,5.03,0.0
20230418:1611,926233.0,485.55,25.27,12.34,5.1,0.0
20230418:1711,417818.0,248.05,16.68,11.35,4.76,0.0
20230418:1811,52578.0,50.62,7.94,10.05,4.34,0.0
20230418:1911,0.0,0.0,0.0,8.12,3.93,0.0
20230418:2011,0.0,0.0,0.0,6.94,3.72,0.0
20230418:2111,0.0,0.0,0.0,6.49,3.79,0.0
20230418:2211,0.0,0.0,0.0,6.31,3.86,0.0
20230418:2311,0.0,0.0,0.0,6.11,3.72,0.0
20230419:0011,0.0,0.0,0.0,5.83,3.52,0.0
20230419:0111,0.0,0.0,0.0,5.6,3.31,0.0
20230419:0211,0.0,0.0,0.0,5.26,3.24,0.0
20230419:0311,0.0,0.0,0.0,5.1,3.31,0.0
20230419:0411,0.0,0.0,0.0,5.37,3.38,0.0
20230419:0511,0.0,0.0,0.0,5.65,3.52,0.0
20230419:0611,104213.0,74.02,9.93,6.53,3.72,0.0
20230419:0711,159689.0,96.59,18.68,8.08,4.0,0.0
20230419:0811,371404.0,201.12,27.19,9.2,5.66,0.0
20230419:0911,657777.0,341.13,34.98,9.71,5.38,0.0
20230419:1011,826321.0,425.67,41.39,10.27,5.45,0.0
20230419:1111,1954724.0,1025.88,45.62,11.21,5.59,0.0
20230419:1211,2016387.0,1062.72,46.92,12.07,6.0,0.0
20230419:1311,1948744.0,1022.7,44.99,12.63,6.41,0.0
20230419:1411,1695169.0,878.84,40.25,12.59,6.55,0.0
20230419:1511,1353481.0,695.64,33.5,12.2,6.28,0.0
20230419:1611,934076.0,486.79,25.52,11.61,5.72,0.0
20230419:1711,424097.0,250.76,16.93,10.85,4.83,0.0
20230419:1811,51014.0,51.33,8.18,9.85,3.86,0.0
20230419:1911,0.0,0.0,0.0,8.15,3.24,0.0
20230419:2011,0.0,0.0,0.0,6.6,3.03,0.0
20230419:2111,0.0,0.0,0.0,5.75,3.17,0.0
20230419:2211,0.0,0.0,0.0,5.33,3.31,0.0
20230419:2311,0.0,0.0,0.0,5.2,3.31,0.0
20230420:0011,0.0,0.0,0.0,5.11,3.17,0.0
20230420:0111,0.0,0.0,0.0,4.67,2.97,0.0
20230420:0211,0.0,0.0,0.0,4.2,2.83,0.0
20230420:0311,0.0,0.0,0.0,3.88,2.9,0.0
20230420:0411,0.0,0.0,0.0,3.68,2.9,0.0
20230420:0511,0.0,0.87,1.67,3.7,2.9,0.0
20230420:0611,106582.0,87.31,10.24,4.35,2.83,0.0
20230420:0711,556853.0,309.58,18.99,6.74,3.1,0.0
20230420:0811,1054964.0,541.95,27.51,8.59,4.21,0.0
20230420:0911,1462340.0,753.22,35.3,9.89,4.41,0.0
20230420:1011,1530949.0,792.06,41.73,10.97,5.17,0.0
20230420:1111,1954747.0,1027.55,45.97,11.6,5.66,0.0
20230420:1211,2044125.0,1076.82,47.26,11.93,6.14,0.0
20230420:1311,1966707.0,1029.14,45.31,12.0,6.48,0.0
20230420:1411,1703104.0,880.6,40.54,11.79,6.41,0.0
20230420:1511,1371122.0,702.22,33.77,11.38,6.28,0.0
20230420:1611,948405.0,491.86,25.77,10.81,6.0,0.0
20230420:1711,426857.0,250.51,17.17,10.15,5.59,0.0
20230420:1811,55959.0,53.67,8.43,9.24,4.97,0.0
20230420:1911,0.0,0.0,0.0,8.06,4.76,0.0
20230420:2011,0.0,0.0,0.0,7.34,4.34,0.0
20230420:2111,0.0,0.0,0.0,7.35,4.21,0.0
20230420:2211,0.0,0.0,0.0,6.95,3.86,0.0
20230420:2311,0.0,0.0,0.0,6.65,3.66,0.0
20230421:0011,0.0,0.0,0.0,6.72,3.86,0.0
20230421:0111,0.0,0.0,0.0,6.87,4.21,0.0
20230421:0211,0.0,0.0,0.0,7.0,4.34,0.0
20230421:0311,0.0,0.0,0.0,7.13,4.41,0.0
20230421:0411,0.0,0.0,0.0,7.32,4.48,0.0
20230421:0511,0.0,0.87,1.98,7.37,4.83,0.0
20230421:0611,102005.0,69.97,10.55,7.93,5.17,0.0
20230421:0711,303899.0,170.65,19.3,8.96,5.79,0.0
20230421:0811,276552.0,155.05,27.82,9.7,6.0,0.0
20230421:0911,224572.0,129.79,35.63,10.62,7.31,0.0
20230421:1011,181585.0,108.47,42.06,10.98,7.86,0.0
20230421:1111,182827.0,109.4,46.32,11.72,8.34,0.0
20230421:1211,230575.0,133.5,47.6,11.97,7.52,0.0
20230421:1311,238211.0,137.21,45.63,11.63,6.62,0.0
20230421:1411,244122.0,139.99,40.83,11.28,6.21,0.0
20230421:1511,150489.0,92.71,34.03,10.61,5.59,0.0
20230421:1611,46000.0,37.08,26.02,10.06,5.1,0.0
20230421:1711,18699.0,20.4,17.41,8.93,4.41,0.0
20230421:1811,17365.0,19.47,8.67,8.34,4.07,0.0
20230421:1911,0.0,0.0,0.0,7.71,3.86,0.0
20230421:2011,0.0,0.0,0.0,7.48,3.66,0.0
20230421:2111,0.0,0.0,0.0,7.44,3.45,0.0
20230421:2211,0.0,0.0,0.0,7.49,3.66,0.0
20230421:2311,0.0,0.0,0.0,7.45,3.79,0.0
20230422:0011,0.0,0.0,0.0,7.5,3.72,0.0
20230422:0111,0.0,0.0,0.0,7.66,3.52,0.0
20230422:0211,0.0,0.0,0.0,7.68,3.31,0.0
20230422:0311,0.0,0.0,0.0,7.67,2.97,0.0
20230422:0411,0.0,0.0,0.0,7.66,2.48,0.0
20230422:0511,0.0,0.87,2.29,7.68,1.93,0.0
20230422:0611,23138.0,23.18,10.85,7.77,1.38,0.0
20230422:0711,75003.0,52.85,19.6,7.98,1.93,0.0
20230422:0811,90390.0,61.19,28.13,8.5,1.59,0.0
20230422:0911,136091.0,85.29,35.95,9.41,1.03,0.0
20230422:1011,143198.0,89.0,42.4,9.95,2.21,0.0
20230422:1111,225538.0,130.72,46.66,10.42,2.97,0.0
20230422:1211,451720.0,244.06,47.94,11.21,3.1,0.0
20230422:1311,817742.0,428.67,45.94,11.83,3.24,0.0
20230422:1411,916573.0,477.55,41.12,11.93,3.72,0.0
20230422:1511,668449.0,351.48,34.3,12.12,4.0,0.0
20230422:1611,669484.0,353.24,26.27,11.45,3.93,0.0
20230422:1711,122912.0,78.8,17.65,11.02,3.52,0.0
20230422:1811,66976.0,50.0,8.92,10.53,3.03,0.0
20230422:1911,0.0,0.0,0.0,9.57,2.07,0.0
20230422:2011,0.0,0.0,0.0,8.17,1.93,0.0
20230422:2111,0.0,0.0,0.0,6.62,1.72,0.0
20230422:2211,0.0,0.0,0.0,5.36,1.52,0.0
20230422:2311,0.0,0.0,0.0,5.7,0.97,0.0
20230423:0011,0.0,0.0,0.0,4.48,0.9,0.0
20230423:0111,0.0,0.0,0.0,3.38,1.03,0.0
20230423:0211,0.0,0.0,0.0,3.41,0.83,0.0
20230423:0311,0.0,0.0,0.0,3.95,1.17,0.0
20230423:0411,0.0,0.0,0.0,4.44,1.45,0.0
20230423:0511,0.0,2.62,2.6,4.63,1.79,0.0
20230423:0611,71162.0,50.54,11.15,5.45,2.21,0.0
20230423:0711,186208.0,109.81,19.9,7.41,3.03,0.0
20230423:0811,406295.0,218.26,28.43,8.46,3.52,0.0
20230423:0911,580014.0,304.55,36.26,9.61,3.66,0.0
20230423:1011,347231.0,190.98,42.73,10.4,3.86,0.0
20230423:1111,539304.0,286.16,47.0,10.63,4.07,0.0
20230423:1211,561476.0,297.04,48.27,10.59,4.21,0.0
20230423:1311,1428231.0,742.32,46.26,10.72,4.21,0.0
20230423:1411,1630240.0,850.13,41.4,10.86,4.28,0.0
20230423:1511,698050.0,363.63,34.56,10.94,4.62,0.0
20230423:1611,593607.0,313.0,26.51,10.78,4.97,0.0
20230423:1711,280439.0,161.88,17.89,10.36,5.17,0.0
20230423:1811,10603.0,14.83,9.16,9.28,4.97,0.0
20230423:1911,0.0,0.0,0.0,8.23,5.31,0.0
20230423:2011,0.0,0.0,0.0,7.37,5.45,0.0
20230423:2111,0.0,0.0,0.0,6.86,5.59,0.0
20230423:2211,0.0,0.0,0.0,6.24,5.79,0.0
20230423:2311,0.0,0.0,0.0,5.73,5.72,0.0
20230424:0011,0.0,0.0,0.0,5.34,5.24,0.0
20230424:0111,0.0,0.0,0.0,5.38,5.03,0.0
20230424:0211,0.0,0.0,0.0,5.09,4.83,0.0
20230424:0311,0.0,0.0,0.0,5.02,4.83,0.0
20230424:0411,0.0,0.0,0.0,4.49,4.55,0.0
20230424:0511,0.0,2.62,2.89,4.32,4.55,0.0
20230424:0611,93656.0,62.6,11.45,4.5,4.14,0.0
20230424:0711,382950.0,207.87,20.19,5.23,5.38,0.0
20230424:0811,734597.0,372.71,28.73,6.02,6.48,0.0
20230424:0911,637560.0,326.63,36.57,6.91,6.48,0.0
20230424:1011,915676.0,463.17,43.05,7.64,6.62,0.0
20230424:1111,279220.0,154.83,47.33,7.34,6.34,0.0
20230424:1211,376073.0,202.11,48.6,7.63,6.28,0.0
20230424:1311,689586.0,354.73,46.57,7.98,5.86,0.0
20230424:1411,1343361.0,679.17,41.69,7.97,6.0,0.0
20230424:1511,767004.0,390.4,34.81,7.69,6.21,0.0
20230424:1611,896471.0,457.97,26.76,7.52,6.0,0.0
20230424:1711,402569.0,228.75,18.13,7.03,5.72,0.0
20230424:1811,63687.0,59.52,9.39,6.35,4.97,0.0
20230424:1911,0.0,0.0,0.0,5.45,3.93,0.0
20230424:2011,0.0,0.0,0.0,4.64,3.72,0.0
20230424:2111,0.0,0.0,0.0,3.97,3.52,0.0
20230424:2211,0.0,0.0,0.0,3.24,3.31,0.0
20230424:2311,0.0,0.0,0.0,2.59,3.17,0.0
20230425:0011,0.0,0.0,0.0,2.05,3.03,0.0
20230425:0111,0.0,0.0,0.0,1.68,2.97,0.0
20230425:0211,0.0,0.0,0.0,1.41,2.9,0.0
20230425:0311,0.0,0.0,0.0,0.95,2.83,0.0
20230425:0411,0.0,0.0,0.0,0.61,2.83,0.0
20230425:0511,3266.0,8.74,3.19,0.58,2.83,0.0
20230425:0611,133193.0,104.28,11.74,1.33,2.55,0.0
20230425:0711,605153.0,326.83,20.48,2.9,3.24,0.0
20230425:0811,1111176.0,560.9,29.03,4.37,3.72,0.0
20230425:0911,1513768.0,771.37,36.88,5.53,3.38,0.0
20230425:1011,1682910.0,871.51,43.37,6.58,3.24,0.0
20230425:1111,1787882.0,938.14,47.66,7.67,3.24,0.0
20230425:1211,1822543.0,964.23,48.93,8.23,3.03,0.0
20230425:1311,1787560.0,949.21,46.87,8.64,2.69,0.0
20230425:1411,1421216.0,743.62,41.96,8.85,2.34,0.0
20230425:1511,1039071.0,538.62,35.07,8.89,2.14,0.0
20230425:1611,818754.0,429.51,27.0,8.79,1.79,0.0
20230425:1711,316296.0,180.12,18.36,8.16,2.07,0.0
20230425:1811,90068.0,66.01,9.63,7.43,2.76,0.0
20230425:1911,0.0,0.0,0.0,6.37,2.9,0.0
20230425:2011,0.0,0.0,0.0,4.56,2.83,0.0
20230425:2111,0.0,0.0,0.0,3.37,2.34,0.0
20230425:2211,0.0,0.0,0.0,2.72,1.93,0.0
20230425:2311,0.0,0.0,0.0,2.66,1.79,0.0
20230426:0011,0.0,0.0,0.0,2.08,1.79,0.0
20230426:0111,0.0,0.0,0.0,1.96,1.66,0.0
20230426:0211,0.0,0.0,0.0,1.65,1.59,0.0
20230426:0311,0.0,0.0,0.0,1.39,1.52,0.0
20230426:0411,0.0,0.0,0.0,0.94,1.52,0.0
20230426:0511,0.0,2.62,3.48,0.75,1.45,0.0
20230426:0611,63204.0,45.43,12.02,1.94,0.97,0.0
20230426:0711,290950.0,160.92,20.77,4.04,1.31,0.0
20230426:0811,568560.0,296.36,29.32,5.38,1.38,0.0
20230426:0911,426811.0,228.54,37.18,7.18,1.45,0.0
20230426:1011,666126.0,349.88,43.69,8.76,1.52,0.0
20230426:1111,1793885.0,969.71,47.99,9.35,1.86,0.0
20230426:1211,795685.0,417.68,49.25,9.66,1.66,0.0
20230426:1311,613410.0,325.49,47.17,10.19,1.66,0.0
20230426:1411,663067.0,350.79,42.24,10.48,1.59,0.0
20230426:1511,592756.0,315.54,35.32,10.28,0.97,0.0
20230426:1611,803735.0,427.99,27.24,10.31,0.83,0.0
20230426:1711,422441.0,248.9,18.6,10.19,0.41,0.0
20230426:1811,86388.0,66.77,9.87,9.99,0.48,0.0
20230426:1911,0.0,0.0,0.0,9.37,1.86,0.0
20230426:2011,0.0,0.0,0.0,7.49,2.28,0.0
20230426:2111,0.0,0.0,0.0,6.16,2.41,0.0
20230426:2211,0.0,0.0,0.0,5.23,2.41,0.0
20230426:2311,0.0,0.0,0.0,4.23,2.28,0.0
20230427:0011,0.0,0.0,0.0,3.27,2.14,0.0
20230427:0111,0.0,0.0,0.0,2.42,1.93,0.0
20230427:0211,0.0,0.0,0.0,2.21,1.59,0.0
20230427:0311,0.0,0.0,0.0,1.73,1.72,0.0
20230427:0411,0.0,0.0,0.0,1.52,1.93,0.0
20230427:0511,0.0,2.62,3.77,1.53,1.86,0.0
20230427:0611,64722.0,46.36,12.3,2.76,1.59,0.0
20230427:0711,202722.0,117.13,21.05,5.33,2.28,0.0
20230427:0811,532542.0,278.67,29.61,6.8,2.83,0.0
20230427:0911,1052710.0,538.58,37.48,8.08,3.38,0.0
20230427:1011,691633.0,359.8,44.0,9.69,4.21,0.0
20230427:1111,1296418.0,668.63,48.31,10.62,4.97,0.0
20230427:1211,736667.0,383.65,49.57,11.6,6.28,0.0
20230427:1311,455216.0,244.89,47.47,11.87,6.34,0.0
20230427:1411,579876.0,305.85,42.51,11.68,6.21,0.0
20230427:1511,482034.0,257.45,35.58,11.68,6.21,0.0
20230427:1611,108652.0,71.39,27.47,11.43,5.86,0.0
20230427:1711,41055.0,34.3,18.83,10.72,5.45,0.0
20230427:1811,34960.0,30.59,10.1,9.84,5.38,0.0
20230427:1911,0.0,0.0,0.0,9.6,4.83,0.0
20230427:2011,0.0,0.0,0.0,8.48,4.41,0.0
20230427:2111,0.0,0.0,0.0,7.53,4.14,0.0
20230427:2211,0.0,0.0,0.0,6.91,3.72,0.0
20230427:2311,0.0,0.0,0.0,6.64,3.17,0.0
20230428:0011,0.0,0.0,0.0,6.65,3.38,0.0
20230428:0111,0.0,0.0,0.0,6.56,3.17,0.0
20230428:0211,0.0,0.0,0.0,6.59,3.38,0.0
20230428:0311,0.0,0.0,0.0,6.62,3.45,0.0
20230428:0411,0.0,0.0,0.0,6.54,3.17,0.0
20230428:0511,0.0,2.62,4.05,6.61,2.83,0.0
20230428:0611,84663.0,57.96,12.58,6.73,2.34,0.0
20230428:0711,125005.0,78.8,21.33,7.1,1.45,0.0
20230428:0811,157573.0,95.49,29.89,7.61,1.72,0.0
20230428:0911,229816.0,131.65,37.77,7.81,1.93,0.0
20230428:1011,274252.0,153.9,44.31,8.29,2.14,0.0
20230428:1111,331614.0,182.64,48.63,8.86,2.28,0.0
20230428:1211,298816.0,166.88,49.88,9.5,2.21,0.0
20230428:1311,368368.0,202.11,47.77,10.31,2.28,0.0
20230428:1411,382444.0,210.0,42.79,10.97,1.79,0.0
20230428:1511,456550.0,247.57,35.82,11.35,1.45,0.0
20230428:1611,717025.0,384.24,27.71,11.84,0.97,0.0
20230428:1711,442037.0,264.5,19.06,11.95,0.48,0.0
20230428:1811,28405.0,26.89,10.33,12.01,0.21,0.0
20230428:1911,0.0,0.87,1.92,11.56,1.72,0.0
20230428:2011,0.0,0.0,0.0,10.44,2.0,0.0
20230428:2111,0.0,0.0,0.0,9.37,1.93,0.0
20230428:2211,0.0,0.0,0.0,8.59,1.79,0.0
20230428:2311,0.0,0.0,0.0,7.76,1.79,0.0
20230429:0011,0.0,0.0,0.0,6.94,1.59,0.0
20230429:0111,0.0,0.0,0.0,6.11,1.24,0.0
20230429:0211,0.0,0.0,0.0,5.97,0.83,0.0
20230429:0311,0.0,0.0,0.0,5.29,0.97,0.0
20230429:0411,0.0,0.0,0.0,5.13,1.31,0.0
20230429:0511,3128.0,8.74,4.33,5.23,1.59,0.0
20230429:0611,123533.0,79.73,12.85,6.54,1.86,0.0
20230429:0711,202423.0,118.01,21.6,7.74,2.97,0.0
20230429:0811,288443.0,161.01,30.16,8.78,2.76,0.0
20230429:0911,259693.0,147.41,38.06,9.62,2.48,0.0
20230429:1011,245755.0,140.92,44.61,10.32,2.34,0.0
20230429:1111,253851.0,145.56,48.94,11.09,1.93,0.0
20230429:1211,250907.0,144.63,50.19,11.63,1.24,0.0
20230429:1311,276736.0,157.61,48.06,11.66,1.45,0.0
20230429:1411,369656.0,204.43,43.05,12.03,1.93,0.0
20230429:1511,646645.0,342.88,36.07,12.07,2.41,0.0
20230429:1611,498594.0,268.25,27.94,11.73,2.9,0.0
20230429:1711,110354.0,72.31,19.29,11.15,3.17,0.0
20230429:1811,37950.0,32.45,10.56,10.36,3.38,0.0
20230429:1911,0.0,0.87,2.16,9.98,2.9,0.0
20230429:2011,0.0,0.0,0.0,9.35,2.55,0.0
20230429:2111,0.0,0.0,0.0,8.98,2.28,0.0
20230429:2211,0.0,0.0,0.0,8.72,2.21,0.0
20230429:2311,0.0,0.0,0.0,8.46,2.07,0.0
20230430:0011,0.0,0.0,0.0,8.31,1.93,0.0
20230430:0111,0.0,0.0,0.0,8.33,1.66,0.0
20230430:0211,0.0,0.0,0.0,7.99,1.45,0.0
20230430:0311,0.0,0.0,0.0,7.89,1.17,0.0
20230430:0411,0.0,0.0,0.0,7.73,1.17,0.0
20230430:0511,0.0,3.5,4.6,7.42,1.38,0.0
20230430:0611,113689.0,74.18,13.12,8.02,1.52,0.0
20230430:0711,62606.0,46.36,21.86,9.45,2.62,0.0
20230430:0811,237981.0,137.21,30.44,10.98,3.24,0.0
20230430:0911,528471.0,282.48,38.34,12.28,3.93,0.0
20230430:1011,846285.0,443.04,44.91,12.96,4.41,0.0
20230430:1111,655017.0,347.88,49.25,13.56,4.41,0.0
20230430:1211,766843.0,404.22,50.5,13.9,5.1,0.0
20230430:1311,537717.0,288.42,48.35,13.47,4.9,0.0
20230430:1411,323449.0,180.79,43.32,12.73,4.62,0.0
20230430:1511,118542.0,76.95,36.31,12.53,4.28,0.0
20230430:1611,271607.0,154.68,28.17,12.75,5.59,0.0
20230430:1711,45448.0,37.08,19.51,12.33,4.14,0.0
20230430:1811,53567.0,41.72,10.79,12.07,3.66,0.0
20230430:1911,0.0,0.87,2.39,12.38,2.97,0.0
20230430:2011,0.0,0.0,0.0,11.22,2.76,0.0
20230430:2111,0.0,0.0,0.0,10.77,2.48,0.0
20230430:2211,0.0,0.0,0.0,10.34,2.41,0.0
20230430:2311,0.0,0.0,0.0,9.93,2.34,0.0
20230501:0011,0.0,0.0,0.0,10.06,2.07,0.0
20230501:0111,0.0,0.0,0.0,9.99,2.07,0.0
20230501:0211,0.0,0.0,0.0,10.06,2.07,0.0
20230501:0311,0.0,0.0,0.0,10.01,2.21,0.0
20230501:0411,0.0,0.0,0.0,9.99,2.21,0.0
20230501:0511,13018.0,16.61,4.87,9.95,2.14,0.0
20230501:0611,150052.0,118.9,13.38,10.3,2.48,0.0
20230501:0711,580635.0,322.12,22.13,10.97,3.79,0.0
20230501:0811,665137.0,350.41,30.7,11.89,3.93,0.0
20230501:0911,655431.0,346.81,38.62,12.84,3.79,0.0
20230501:1011,367448.0,203.96,45.2,13.87,4.07,0.0
20230501:1111,1252925.0,662.17,49.55,14.63,4.14,0.0
20230501:1211,673670.0,360.57,50.8,14.89,3.66,0.0
20230501:1311,519639.0,282.68,48.64,15.07,3.24,0.0
20230501:1411,637468.0,341.06,43.58,14.66,3.72,0.0
20230501:1511,1157751.0,604.09,36.55,13.47,4.41,0.0
20230501:1611,843571.0,440.76,28.4,11.39,4.76,0.0
20230501:1711,423591.0,242.67,19.73,9.91,4.76,0.0
20230501:1811,90137.0,62.05,11.01,9.09,4.55,0.0
20230501:1911,0.0,1.75,2.63,8.69,3.86,0.0
20230501:2011,0.0,0.0,0.0,8.23,3.52,0.0
20230501:2111,0.0,0.0,0.0,8.12,3.31,0.0
20230501:2211,0.0,0.0,0.0,7.99,2.62,0.0
20230501:2311,0.0,0.0,0.0,7.84,2.34,0.0
20230502:0011,0.0,0.0,0.0,7.72,2.0,0.0
20230502:0111,0.0,0.0,0.0,7.5,1.66,0.0
20230502:0211,0.0,0.0,0.0,7.4,1.59,0.0
20230502:0311,0.0,0.0,0.0,7.28,1.52,0.0
20230502:0411,0.0,0.0,0.0,7.21,1.38,0.0
20230502:0511,2139.0,7.87,5.13,7.12,1.31,0.0
20230502:0611,142784.0,90.33,13.64,7.19,1.79,0.0
20230502:0711,0.0,0.0,0.0,7.26,2.21,0.0
20230502:0811,460345.0,244.64,30.97,7.62,2.41,0.0
20230502:0911,589375.0,308.52,38.89,8.06,2.55,0.0
20230502:1011,589421.0,309.8,45.49,8.81,2.76,0.0
20230502:1111,405973.0,219.72,49.85,9.49,2.9,0.0
20230502:1211,339618.0,187.28,51.1,9.99,2.83,0.0
20230502:1311,1092891.0,570.07,48.92,10.51,2.83,0.0
20230502:1411,776894.0,406.44,43.84,10.85,2.97,0.0
20230502:1511,594918.0,314.75,36.79,11.14,3.1,0.0
20230502:1611,641033.0,339.04,28.63,11.24,3.38,0.0
20230502:1711,252218.0,146.04,19.95,11.16,3.31,0.0
20230502:1811,109503.0,78.25,11.24,10.9,3.03,0.0
20230502:1911,0.0,3.5,2.86,10.93,2.97,0.0
20230502:2011,0.0,0.0,0.0,10.19,2.97,0.0
20230502:2111,0.0,0.0,0.0,9.64,2.97,0.0
20230502:2211,0.0,0.0,0.0,9.05,2.9,0.0
20230502:2311,0.0,0.0,0.0,8.39,2.9,0.0
20230503:0011,0.0,0.0,0.0,7.84,2.83,0.0
20230503:0111,0.0,0.0,0.0,7.52,2.76,0.0
20230503:0211,0.0,0.0,0.0,7.23,2.62,0.0
20230503:0311,0.0,0.0,0.0,6.92,2.55,0.0
20230503:0411,0.0,0.0,0.0,6.83,2.41,0.0
20230503:0511,29670.0,27.11,5.39,6.59,2.28,0.0
20230503:0611,176088.0,118.42,13.89,7.02,2.34,0.0
20230503:0711,346403.0,190.46,22.64,7.52,2.76,0.0
20230503:0811,972624.0,502.98,31.22,9.08,3.1,0.0
20230503:0911,1044591.0,541.08,39.16,10.48,3.31,0.0
20230503:1011,1616118.0,854.59,45.77,11.77,3.45,0.0
20230503:1111,1824820.0,976.4,50.15,12.67,3.86,0.0
20230503:1211,1480142.0,780.37,51.4,12.83,4.14,0.0
20230503:1311,1159338.0,606.37,49.2,13.06,4.34,0.0
20230503:1411,1380805.0,722.19,44.09,12.98,4.48,0.0
20230503:1511,691955.0,363.75,37.03,12.56,4.48,0.0
20230503:1611,614284.0,325.12,28.85,11.82,4.55,0.0
20230503:1711,384790.0,219.06,20.17,10.96,4.55,0.0
20230503:1811,93357.0,63.75,11.46,9.84,4.21,0.0
20230503:1911,0.0,4.37,3.09,8.54,3.93,0.0
20230503:2011,0.0,0.0,0.0,7.09,3.59,0.0
20230503:2111,0.0,0.0,0.0,6.19,3.38,0.0
20230503:2211,0.0,0.0,0.0,5.87,3.24,0.0
20230503:2311,0.0,0.0,0.0,5.59,3.17,0.0
20230504:0011,0.0,0.0,0.0,5.36,3.17,0.0
20230504:0111,0.0,0.0,0.0,5.06,3.03,0.0
20230504:0211,0.0,0.0,0.0,4.97,2.97,0.0
20230504:0311,0.0,0.0,0.0,4.87,3.1,0.0
20230504:0411,0.0,0.0,0.0,4.68,3.24,0.0
20230504:0511,27094.0,25.36,5.64,4.7,3.24,0.0
20230504:0611,183103.0,120.18,14.14,5.71,3.03,0.0
20230504:0711,147292.0,89.93,22.88,7.37,5.24,0.0
20230504:0811,449535.0,238.08,31.48,8.01,5.52,0.0
20230504:0911,846262.0,432.22,39.42,8.84,5.79,0.0
20230504:1011,1015450.0,517.65,46.05,9.26,6.0,0.0
20230504:1111,1323627.0,677.5,50.44,10.21,6.28,0.0
20230504:1211,1449184.0,744.31,51.69,10.54,6.34,0.0
20230504:1311,1413603.0,725.96,49.47,10.96,6.48,0.0
20230504:1411,1009953.0,518.05,44.34,11.08,6.48,0.0
20230504:1511,617090.0,322.42,37.26,10.82,6.55,0.0
20230504:1611,515706.0,272.87,29.07,10.34,6.48,0.0
20230504:1711,371611.0,209.06,20.39,9.73,6.28,0.0
20230504:1811,64515.0,47.28,11.68,9.06,5.66,0.0
20230504:1911,1242.0,7.0,3.32,8.03,4.76,0.0
20230504:2011,0.0,0.0,0.0,7.39,4.48,0.0
20230504:2111,0.0,0.0,0.0,7.09,4.0,0.0
20230504:2211,0.0,0.0,0.0,7.32,3.59,0.0
20230504:2311,0.0,0.0,0.0,7.5,3.17,0.0
20230505:0011,0.0,0.0,0.0,7.62,2.76,0.0
20230505:0111,0.0,0.0,0.0,8.13,2.21,0.0
20230505:0211,0.0,0.0,0.0,8.34,1.59,0.0
20230505:0311,0.0,0.0,0.0,8.12,1.52,0.0
20230505:0411,0.0,0.0,0.0,7.85,1.66,0.0
20230505:0511,13179.0,16.61,5.89,8.08,1.66,0.0
20230505:0611,54326.0,41.72,14.38,9.13,1.66,0.0
20230505:0711,203757.0,119.69,23.13,9.37,1.38,0.0
20230505:0811,239683.0,138.14,31.72,10.77,2.34,0.0
20230505:0911,249619.0,143.7,39.68,11.93,2.83,0.0
20230505:1011,381662.0,210.45,46.32,12.56,2.9,0.0
20230505:1111,692898.0,369.8,50.72,13.57,2.62,0.0
20230505:1211,1226728.0,657.46,51.97,14.71,2.48,0.0
20230505:1311,1375193.0,742.12,49.74,15.66,2.69,0.0
20230505:1411,602462.0,327.44,44.59,16.2,2.34,0.0
20230505:1511,479596.0,263.71,37.49,16.31,2.76,0.0
20230505:1611,664056.0,357.22,29.29,15.55,3.72,0.0
20230505:1711,38617.0,33.38,20.6,14.68,2.76,0.0
20230505:1811,31096.0,28.74,11.89,14.13,2.0,0.0
20230505:1911,0.0,5.25,3.54,13.25,1.93,0.0
20230505:2011,0.0,0.0,0.0,11.95,2.28,0.0
20230505:2111,0.0,0.0,0.0,11.13,2.21,0.0
20230505:2211,0.0,0.0,0.0,10.5,2.14,0.0
20230505:2311,0.0,0.0,0.0,9.89,1.93,0.0
20230506:0011,0.0,0.0,0.0,8.84,1.86,0.0
20230506:0111,0.0,0.0,0.0,7.73,1.72,0.0
20230506:0211,0.0,0.0,0.0,7.02,1.52,0.0
20230506:0311,0.0,0.0,0.0,6.4,1.38,0.0
20230506:0411,0.0,0.0,0.0,5.99,1.24,0.0
20230506:0511,37076.0,31.48,6.13,6.19,1.03,0.0
20230506:0611,97589.0,64.9,14.62,7.92,0.76,0.0
20230506:0711,308338.0,173.38,23.36,10.43,2.07,0.0
20230506:0811,492108.0,265.09,31.96,12.02,2.69,0.0
20230506:0911,615825.0,329.09,39.93,13.62,3.03,0.0
20230506:1011,712011.0,380.72,46.59,14.94,3.1,0.0
20230506:1111,981732.0,523.53,51.0,16.09,3.52,0.0
20230506:1211,1216447.0,650.83,52.26,16.55,3.72,0.0
20230506:1311,1212744.0,648.41,50.01,16.81,3.86,0.0
20230506:1411,851230.0,455.23,44.84,17.05,3.86,0.0
20230506:1511,662239.0,356.43,37.72,16.69,3.72,0.0
20230506:1611,377361.0,210.64,29.5,15.72,3.86,0.0
20230506:1711,165163.0,101.92,20.81,14.37,4.14,0.0
20230506:1811,100027.0,68.75,12.11,13.95,3.79,0.0
20230506:1911,2898.0,8.74,3.76,13.31,2.62,0.0
20230506:2011,0.0,0.0,0.0,12.55,2.21,0.0
20230506:2111,0.0,0.0,0.0,12.12,1.86,0.0
20230506:2211,0.0,0.0,0.0,11.59,1.79,0.0
20230506:2311,0.0,0.0,0.0,11.18,1.79,0.0
20230507:0011,0.0,0.0,0.0,10.99,1.66,0.0
20230507:0111,0.0,0.0,0.0,11.12,1.52,0.0
20230507:0211,0.0,0.0,0.0,11.12,1.38,0.0
20230507:0311,0.0,0.0,0.0,11.11,1.17,0.0
20230507:0411,0.0,0.0,0.0,10.66,1.31,0.0
20230507:0511,42182.0,34.98,6.37,10.48,1.17,0.0
20230507:0611,159781.0,100.88,14.85,10.99,1.66,0.0
20230507:0711,195339.0,116.85,23.59,12.19,0.97,0.0
20230507:0811,480332.0,262.15,32.2,13.41,1.38,0.0
20230507:0911,633535.0,342.52,40.18,14.56,1.31,0.0
20230507:1011,1410590.0,777.89,46.85,15.51,1.1,0.0
20230507:1111,1452956.0,808.86,51.28,16.34,1.1,0.0
20230507:1211,1245404.0,687.1,52.53,16.87,1.1,0.0
20230507:1311,1188617.0,651.47,50.27,17.39,1.52,0.0
20230507:1411,1124125.0,614.4,45.08,17.86,1.59,0.0
20230507:1511,1159913.0,632.32,37.94,18.36,1.93,0.0
20230507:1611,887984.0,484.55,29.71,18.22,2.48,0.0
20230507:1711,438840.0,262.36,21.02,17.94,2.9,0.0
20230507:1811,83490.0,78.93,12.32,17.25,2.76,0.0
20230507:1911,7912.0,13.12,3.98,16.31,2.0,0.0
20230507:2011,0.0,0.0,0.0,14.84,2.07,0.0
20230507:2111,0.0,0.0,0.0,13.1,1.66,0.0
20230507:2211,0.0,0.0,0.0,11.82,1.24,0.0
20230507:2311,0.0,0.0,0.0,10.72,1.38,0.0
20230508:0011,0.0,0.0,0.0,10.06,1.45,0.0
20230508:0111,0.0,0.0,0.0,9.0,1.66,0.0
20230508:0211,0.0,0.0,0.0,8.83,2.21,0.0
20230508:0311,0.0,0.0,0.0,9.28,2.41,0.0
20230508:0411,0.0,0.0,0.0,9.95,2.76,0.0
20230508:0511,0.0,5.25,6.61,10.45,3.03,0.0
20230508:0611,44160.0,36.16,15.08,10.92,3.24,0.0
20230508:0711,89056.0,61.19,23.82,11.78,3.31,0.0
20230508:0811,197938.0,117.74,32.43,12.45,3.72,0.0
20230508:0911,332649.0,185.42,40.42,12.5,3.86,0.0
20230508:1011,393231.0,215.51,47.11,12.52,4.34,0.0
20230508:1111,486358.0,261.92,51.55,12.4,4.34,0.0
20230508:1211,413034.0,225.29,52.8,12.63,5.03,0.0
20230508:1311,232783.0,135.36,50.53,12.81,4.97,0.0
20230508:1411,448960.0,243.66,45.32,13.27,5.17,0.0
20230508:1511,281221.0,160.39,38.16,13.95,5.17,0.0
20230508:1611,225837.0,132.58,29.93,13.98,4.48,0.0
20230508:1711,35673.0,31.52,21.23,14.11,3.86,0.0
20230508:1811,14122.0,17.62,12.53,14.02,3.38,0.0
20230508:1911,0.0,2.62,4.2,13.75,3.86,0.0
20230508:2011,0.0,0.0,0.0,13.47,3.45,0.0
20230508:2111,0.0,0.0,0.0,13.44,3.1,0.0
20230508:2211,0.0,0.0,0.0,13.31,2.69,0.0
20230508:2311,0.0,0.0,0.0,12.96,2.76,0.0
20230509:0011,0.0,0.0,0.0,12.69,2.69,0.0
20230509:0111,0.0,0.0,0.0,12.39,2.62,0.0
20230509:0211,0.0,0.0,0.0,12.11,2.48,0.0
20230509:0311,0.0,0.0,0.0,11.95,2.48,0.0
20230509:0411,0.0,0.0,0.0,11.86,2.55,0.0
20230509:0511,31648.0,28.86,6.83,11.97,2.41,0.0
20230509:0611,183816.0,134.62,15.3,12.14,2.21,0.0
20230509:0711,600139.0,332.73,24.04,13.1,4.21,0.0
20230509:0811,1017497.0,535.17,32.66,13.79,3.93,0.0
20230509:0911,887432.0,468.55,40.66,14.56,3.72,0.0
20230509:1011,1710441.0,927.63,47.36,15.54,3.31,0.0
20230509:1111,1613105.0,877.94,51.82,16.51,3.31,0.0
20230509:1211,1401620.0,757.18,53.07,17.04,3.52,0.0
20230509:1311,1248325.0,670.27,50.79,17.34,3.79,0.0
20230509:1411,1002570.0,535.81,45.55,17.34,3.86,0.0
20230509:1511,276460.0,160.39,38.38,17.0,3.66,0.0
20230509:1611,191935.0,116.82,30.13,16.82,3.66,0.0
20230509:1711,282256.0,165.1,21.44,16.17,2.83,0.0
20230509:1811,97428.0,67.32,12.74,15.71,2.07,0.0
20230509:1911,0.0,3.5,4.42,14.8,1.24,0.0
20230509:2011,0.0,0.0,0.0,13.09,1.45,0.0
20230509:2111,0.0,0.0,0.0,11.69,2.48,0.0
20230509:2211,0.0,0.0,0.0,10.53,2.97,0.0
20230509:2311,0.0,0.0,0.0,10.02,3.03,0.0
20230510:0011,0.0,0.0,0.0,9.58,2.97,0.0
20230510:0111,0.0,0.0,0.0,8.87,2.83,0.0
20230510:0211,0.0,0.0,0.0,8.4,2.62,0.0
20230510:0311,0.0,0.0,0.0,7.87,2.21,0.0
20230510:0411,0.0,0.0,0.0,7.18,2.14,0.0
20230510:0511,35466.0,30.61,7.06,6.92,2.07,0.0
20230510:0611,186392.0,115.38,15.52,9.04,2.0,0.0
20230510:0711,646047.0,357.57,24.26,11.5,3.03,0.0
20230510:0811,1124424.0,589.16,32.88,12.85,3.93,0.0
20230510:0911,929660.0,487.47,40.89,13.81,4.28,0.0
20230510:1011,1257111.0,659.79,47.6,14.12,4.69,0.0
20230510:1111,952591.0,501.18,52.08,14.39,4.76,0.0
20230510:1211,1282986.0,677.95,53.34,14.81,4.55,0.0
20230510:1311,679696.0,363.52,51.04,15.18,4.14,0.0
20230510:1411,739335.0,394.25,45.78,15.36,3.86,0.0
20230510:1511,754676.0,399.67,38.59,14.62,4.14,0.0
20230510:1611,542455.0,292.42,30.34,14.18,4.14,0.0
20230510:1711,89746.0,62.12,21.64,14.13,3.66,0.0
20230510:1811,86503.0,60.47,12.94,13.69,2.9,0.0
20230510:1911,0.0,3.5,4.63,12.81,2.69,0.0
20230510:2011,0.0,0.0,0.0,11.92,2.62,0.0
20230510:2111,0.0,0.0,0.0,11.18,2.48,0.0
20230510:2211,0.0,0.0,0.0,10.68,2.21,0.0
20230510:2311,0.0,0.0,0.0,10.34,2.07,0.0
20230511:0011,0.0,0.0,0.0,9.76,2.07,0.0
20230511:0111,0.0,0.0,0.0,9.53,2.07,0.0
20230511:0211,0.0,0.0,0.0,9.44,1.93,0.0
20230511:0311,0.0,0.0,0.0,9.64,1.79,0.0
20230511:0411,0.0,0.0,0.0,9.58,1.59,0.0
20230511:0511,15594.0,18.36,7.27,9.31,1.45,0.0
20230511:0611,121693.0,78.34,15.73,10.46,1.45,0.0
20230511:0711,422809.0,234.06,24.47,11.54,1.66,0.0
20230511:0811,532197.0,286.78,33.09,11.95,1.38,0.0
20230511:0911,731929.0,390.73,41.11,12.69,1.24,0.0
20230511:1011,955489.0,515.71,47.84,13.81,0.69,0.0
20230511:1111,501285.0,276.25,52.33,14.53,0.41,0.0
20230511:1211,306935.0,176.15,53.59,15.11,0.28,0.0
20230511:1311,682065.0,371.34,51.28,15.4,0.9,0.0
20230511:1411,103063.0,69.53,46.01,14.84,2.41,0.0
20230511:1511,140622.0,89.0,38.8,13.88,3.17,0.0
20230511:1611,174938.0,106.62,30.54,13.54,2.97,0.0
20230511:1711,452180.0,262.31,21.84,13.37,2.69,0.0
20230511:1811,107226.0,87.95,13.15,13.19,2.9,0.0
20230511:1911,21827.0,22.74,4.84,12.64,2.34,0.0
20230511:2011,0.0,0.0,0.0,11.32,2.62,0.0
20230511:2111,0.0,0.0,0.0,10.08,2.55,0.0
20230511:2211,0.0,0.0,0.0,9.18,2.62,0.0
20230511:2311,0.0,0.0,0.0,8.82,2.9,0.0
20230512:0011,0.0,0.0,0.0,9.08,3.03,0.0
20230512:0111,0.0,0.0,0.0,9.06,3.24,0.0
20230512:0211,0.0,0.0,0.0,9.28,3.66,0.0
20230512:0311,0.0,0.0,0.0,9.37,3.59,0.0
20230512:0411,0.0,0.0,0.0,9.44,3.38,0.0
20230512:0511,8280.0,13.12,7.48,9.45,3.66,0.0
20230512:0611,107755.0,70.46,15.94,9.53,3.72,0.0
20230512:0711,198789.0,116.82,24.67,9.87,5.1,0.0
20230512:0811,292675.0,163.39,33.3,10.1,5.38,0.0
20230512:0911,326140.0,179.86,41.33,10.21,6.0,0.0
20230512:1011,257784.0,146.48,48.08,10.83,6.41,0.0
20230512:1111,305946.0,170.59,52.58,11.19,6.21,0.0
20230512:1211,328118.0,181.71,53.85,11.39,6.14,0.0
20230512:1311,260567.0,148.34,51.53,11.45,5.79,0.0
20230512:1411,228735.0,132.58,46.24,11.7,6.07,0.0
20230512:1511,303163.0,169.66,39.01,11.72,5.86,0.0
20230512:1611,242029.0,139.07,30.74,11.37,5.72,0.0
20230512:1711,204378.0,120.23,22.03,10.81,5.66,0.0
20230512:1811,86526.0,59.55,13.34,10.05,5.38,0.0
20230512:1911,22287.0,22.74,5.05,9.08,4.97,0.0
20230512:2011,0.0,0.0,0.0,8.54,4.0,0.0
20230512:2111,0.0,0.0,0.0,8.15,3.72,0.0
20230512:2211,0.0,0.0,0.0,7.84,3.59,0.0
20230512:2311,0.0,0.0,0.0,7.62,3.38,0.0
20230513:0011,0.0,0.0,0.0,7.48,3.24,0.0
20230513:0111,0.0,0.0,0.0,7.19,3.03,0.0
20230513:0211,0.0,0.0,0.0,7.08,3.03,0.0
20230513:0311,0.0,0.0,0.0,6.83,2.97,0.0
20230513:0411,0.0,0.0,0.0,6.83,2.9,0.0
20230513:0511,34017.0,29.73,7.69,6.83,3.03,0.0
20230513:0611,140944.0,87.13,16.14,7.08,3.24,0.0
20230513:0711,298103.0,165.09,24.87,7.31,3.38,0.0
20230513:0811,374440.0,202.56,33.5,8.02,3.17,0.0
20230513:0911,582383.0,306.49,41.55,9.07,2.76,0.0
20230513:1011,465428.0,250.21,48.31,9.96,2.28,0.0
20230513:1111,741957.0,392.77,52.82,11.11,1.79,0.0
20230513:1211,1072375.0,571.84,54.1,12.44,1.59,0.0
20230513:1311,1725184.0,959.71,51.76,13.38,1.31,0.0
20230513:1411,1612024.0,897.15,46.46,14.25,0.97,0.0
20230513:1511,1316635.0,721.01,39.22,14.83,0.83,0.0
20230513:1611,952752.0,520.19,30.93,15.04,0.83,0.0
20230513:1711,499813.0,297.13,22.23,14.88,1.24,0.0
20230513:1811,95542.0,88.25,13.54,14.23,1.79,0.0
20230513:1911,25875.0,25.36,5.25,12.97,2.41,0.0
20230513:2011,0.0,0.0,0.0,10.85,2.48,0.0
20230513:2111,0.0,0.0,0.0,9.19,2.48,0.0
20230513:2211,0.0,0.0,0.0,8.08,2.28,0.0
20230513:2311,0.0,0.0,0.0,7.32,2.14,0.0
20230514:0011,0.0,0.0,0.0,6.76,2.14,0.0
20230514:0111,0.0,0.0,0.0,6.55,2.21,0.0
20230514:0211,0.0,0.0,0.0,6.21,2.14,0.0
20230514:0311,0.0,0.0,0.0,6.22,2.0,0.0
20230514:0411,0.0,0.0,0.0,6.46,1.86,0.0
20230514:0511,28198.0,26.23,7.89,6.8,1.66,0.0
20230514:0611,117829.0,75.56,16.33,7.91,1.45,0.0
20230514:0711,190877.0,113.11,25.06,9.43,1.45,0.0
20230514:0811,671738.0,356.79,33.7,11.77,1.93,0.0
20230514:0911,1093443.0,580.79,41.75,13.69,2.21,0.0
20230514:1011,1215757.0,652.72,48.53,15.39,2.48,0.0
20230514:1111,1744320.0,960.24,53.06,16.71,3.03,0.0
20230514:1211,1801958.0,989.72,54.34,17.27,3.72,0.0
20230514:1311,1353343.0,727.68,52.0,17.21,3.93,0.0
20230514:1411,743521.0,399.05,46.67,17.1,4.28,0.0
20230514:1511,883131.0,468.8,39.42,16.37,4.41,0.0
20230514:1611,564903.0,305.2,31.13,15.5,4.62,0.0
20230514:1711,179400.0,109.29,22.42,14.34,3.45,0.0
20230514:1811,128294.0,83.97,13.73,13.7,3.38,0.0
20230514:1911,0.0,4.37,5.45,13.52,3.38,0.0
20230514:2011,0.0,0.0,0.0,12.59,3.03,0.0
20230514:2111,0.0,0.0,0.0,12.11,3.31,0.0
20230514:2211,0.0,0.0,0.0,11.16,3.66,0.0
20230514:2311,0.0,0.0,0.0,10.58,3.93,0.0
20230515:0011,0.0,0.0,0.0,9.57,4.0,0.0
20230515:0111,0.0,0.0,0.0,8.73,4.21,0.0
20230515:0211,0.0,0.0,0.0,7.62,4.34,0.0
20230515:0311,0.0,0.0,0.0,6.97,4.28,0.0
20230515:0411,0.0,0.0,0.0,6.58,4.14,0.0
20230515:0511,50899.0,39.35,8.08,6.46,4.14,0.0
20230515:0611,203849.0,150.01,16.52,7.44,3.66,0.0
20230515:0711,684549.0,370.28,25.25,8.52,4.48,0.0
20230515:0811,1146320.0,589.69,33.89,9.71,4.55,0.0
20230515:0911,1460431.0,754.22,41.96,10.68,4.76,0.0
20230515:1011,1817828.0,955.19,48.75,11.49,4.83,0.0
20230515:1111,1953022.0,1039.65,53.3,12.11,4.69,0.0
20230515:1211,1578214.0,832.94,54.58,12.47,4.34,0.0
20230515:1311,1644201.0,872.98,52.23,12.92,4.07,0.0
20230515:1411,988034.0,518.31,46.88,13.21,3.86,0.0
20230515:1511,549056.0,294.37,39.62,13.18,3.66,0.0
20230515:1611,1013564.0,537.02,31.32,13.37,3.52,0.0
20230515:1711,518995.0,303.26,22.61,13.22,3.24,0.0
20230515:1811,26864.0,25.96,13.93,12.73,2.41,0.0
20230515:1911,17940.0,20.11,5.65,11.81,1.66,0.0
20230515:2011,0.0,0.0,0.0,10.52,1.03,0.0
20230515:2111,0.0,0.0,0.0,10.27,0.28,0.0
20230515:2211,0.0,0.0,0.0,7.23,1.79,0.0
20230515:2311,0.0,0.0,0.0,6.77,2.62,0.0
20230516:0011,0.0,0.0,0.0,6.88,3.24,0.0
20230516:0111,0.0,0.0,0.0,6.7,3.38,0.0
20230516:0211,0.0,0.0,0.0,6.27,3.31,0.0
20230516:0311,0.0,0.0,0.0,5.91,3.24,0.0
20230516:0411,0.0,0.0,0.0,5.61,3.17,0.0
20230516:0511,62146.0,45.47,8.27,5.83,3.03,0.0
20230516:0611,209737.0,148.19,16.7,7.37,2.83,0.0
20230516:0711,656328.0,356.66,25.43,9.42,3.93,0.0
20230516:0811,1070167.0,552.62,34.08,10.95,4.9,0.0
20230516:0911,748098.0,390.73,42.15,12.31,5.59,0.0
20230516:1011,974119.0,507.84,48.96,13.18,5.31,0.0
20230516:1111,1282342.0,674.01,53.52,13.33,4.28,0.0
20230516:1211,692185.0,367.23,54.81,13.5,4.28,0.0
20230516:1311,1600708.0,849.98,52.45,14.28,4.62,0.0
20230516:1411,1220771.0,643.54,47.09,14.45,4.14,0.0
20230516:1511,658582.0,351.36,39.81,14.97,4.41,0.0
20230516:1611,723212.0,385.85,31.51,15.1,4.55,0.0
20230516:1711,498985.0,291.45,22.79,14.9,4.48,0.0
20230516:1811,99452.0,91.81,14.11,13.43,3.79,0.0
20230516:1911,35788.0,31.48,5.84,13.02,2.76,0.0
20230516:2011,0.0,0.0,0.0,11.87,2.28,0.0
20230516:2111,0.0,0.0,0.0,10.73,1.72,0.0
20230516:2211,0.0,0.0,0.0,9.94,1.52,0.0
20230516:2311,0.0,0.0,0.0,8.77,1.66,0.0
20230517:0011,0.0,0.0,0.0,8.14,1.66,0.0
20230517:0111,0.0,0.0,0.0,8.2,1.45,0.0
20230517:0211,0.0,0.0,0.0,8.19,1.38,0.0
20230517:0311,0.0,0.0,0.0,8.19,1.24,0.0
20230517:0411,0.0,0.0,0.0,8.08,1.03,0.0
20230517:0511,51727.0,40.23,8.46,8.73,0.55,0.0
20230517:0611,209760.0,128.35,16.88,9.42,0.14,0.0
20230517:0711,444498.0,245.07,25.61,10.24,0.34,0.0
20230517:0811,1030101.0,552.12,34.26,11.14,0.41,0.0
20230517:0911,1243311.0,667.94,42.34,12.53,1.1,0.0
20230517:1011,1657449.0,914.6,49.16,13.6,1.38,0.0
20230517:1111,1791286.0,1006.31,53.74,14.23,1.31,0.0
20230517:1211,1766515.0,995.85,55.04,14.73,1.24,0.0
20230517:1311,1097054.0,593.23,52.67,15.16,1.52,0.0
20230517:1411,1225739.0,661.48,47.3,15.62,2.07,0.0
20230517:1511,1091396.0,583.47,40.0,15.71,2.55,0.0
20230517:1611,334351.0,189.13,31.69,15.7,3.03,0.0
20230517:1711,169970.0,104.76,22.97,15.18,3.03,0.0
20230517:1811,56120.0,43.57,14.3,14.4,2.34,0.0
20230517:1911,25714.0,25.36,6.03,13.96,2.07,0.0
20230517:2011,0.0,0.0,0.0,13.02,1.93,0.0
20230517:2111,0.0,0.0,0.0,12.02,1.86,0.0
20230517:2211,0.0,0.0,0.0,11.1,1.79,0.0
20230517:2311,0.0,0.0,0.0,10.37,1.72,0.0
20230518:0011,0.0,0.0,0.0,9.74,1.72,0.0
20230518:0111,0.0,0.0,0.0,9.4,1.66,0.0
20230518:0211,0.0,0.0,0.0,9.19,1.66,0.0
20230518:0311,0.0,0.0,0.0,8.79,1.59,0.0
20230518:0411,0.0,0.0,0.0,8.18,1.45,0.0
20230518:0511,9522.0,13.99,8.63,8.26,1.17,0.0
20230518:0611,105248.0,69.53,17.05,10.26,0.9,0.0
20230518:0711,316365.0,178.69,25.78,12.46,1.72,0.0
20230518:0811,975292.0,517.64,34.43,13.74,2.48,0.0
20230518:0911,1418985.0,759.22,42.52,15.01,2.9,0.0
20230518:1011,1207753.0,645.76,49.36,16.16,3.38,0.0
20230518:1111,743406.0,400.26,53.96,16.96,3.72,0.0
20230518:1211,942747.0,505.55,55.26,17.4,3.93,0.0
20230518:1311,575598.0,313.45,52.88,17.02,3.86,0.0
20230518:1411,480493.0,264.26,47.5,16.52,3.52,0.0
20230518:1511,424833.0,235.41,40.19,16.21,3.45,0.0
20230518:1611,313421.0,178.59,31.87,15.96,3.31,0.0
20230518:1711,245686.0,144.57,23.15,15.57,2.76,0.0
20230518:1811,38548.0,33.38,14.48,14.91,2.41,0.0
20230518:1911,35535.0,31.48,6.22,14.26,1.86,0.0
20230518:2011,0.0,0.0,0.0,13.29,1.79,0.0
20230518:2111,0.0,0.0,0.0,12.18,2.0,0.0
20230518:2211,0.0,0.0,0.0,11.44,2.0,0.0
20230518:2311,0.0,0.0,0.0,10.75,2.0,0.0
20230519:0011,0.0,0.0,0.0,10.05,2.0,0.0
20230519:0111,0.0,0.0,0.0,9.58,1.79,0.0
20230519:0211,0.0,0.0,0.0,9.12,1.59,0.0
20230519:0311,0.0,0.0,0.0,8.62,1.59,0.0
20230519:0411,0.0,0.0,0.0,8.26,1.52,0.0
20230519:0511,56534.0,42.85,8.8,8.39,1.45,0.0
20230519:0611,193476.0,117.29,17.22,10.14,1.45,0.0
20230519:0711,403903.0,223.56,25.94,11.76,1.66,0.0
20230519:0811,501193.0,271.57,34.6,12.73,1.79,0.0
20230519:0911,354430.0,197.78,42.7,13.51,2.41,0.0
20230519:1011,442152.0,242.73,49.56,14.19,2.69,0.0
20230519:1111,414207.0,228.07,54.17,13.87,3.03,0.0
20230519:1211,785197.0,414.86,55.48,13.37,3.93,0.0
20230519:1311,1099952.0,580.83,53.09,13.64,3.38,0.0
20230519:1411,1286045.0,684.87,47.69,14.16,2.83,0.0
20230519:1511,1294647.0,688.38,40.38,14.42,2.83,0.0
20230519:1611,906844.0,483.35,32.05,14.61,3.31,0.0
20230519:1711,219535.0,130.21,23.33,14.61,3.38,0.0
20230519:1811,158171.0,102.74,14.66,14.08,3.17,0.0
20230519:1911,40066.0,34.1,6.41,13.42,2.14,0.0
20230519:2011,0.0,0.0,0.0,12.12,1.93,0.0
20230519:2111,0.0,0.0,0.0,10.7,1.52,0.0
20230519:2211,0.0,0.0,0.0,9.32,1.17,0.0
20230519:2311,0.0,0.0,0.0,8.71,0.97,0.0
20230520:0011,0.0,0.0,0.0,7.7,1.1,0.0
20230520:0111,0.0,0.0,0.0,7.37,1.03,0.0
20230520:0211,0.0,0.0,0.0,6.82,0.55,0.0
20230520:0311,0.0,0.0,0.0,5.68,0.34,0.0
20230520:0411,0.0,0.0,0.0,5.29,0.48,0.0
20230520:0511,44735.0,35.85,8.97,5.79,0.62,0.0
20230520:0611,209921.0,124.92,17.38,6.67,0.69,0.0
20230520:0711,649014.0,358.55,26.1,9.16,0.34,0.0
20230520:0811,1098112.0,588.46,34.76,10.96,0.55,0.0
20230520:0911,1479337.0,809.19,42.87,12.92,0.9,0.0
20230520:1011,1746206.0,971.43,49.74,14.34,1.52,0.0
20230520:1111,1908287.0,1069.71,54.37,15.32,2.14,0.0
20230520:1211,1949641.0,1095.01,55.69,15.95,2.41,0.0
20230520:1311,1874500.0,1046.56,53.3,16.33,2.48,0.0
20230520:1411,1640613.0,900.14,47.89,16.57,2.55,0.0
20230520:1511,1350077.0,729.87,40.56,16.6,2.48,0.0
20230520:1611,945944.0,511.02,32.22,16.35,2.55,0.0
20230520:1711,497789.0,291.16,23.5,15.88,2.76,0.0
20230520:1811,118864.0,100.52,14.83,15.09,2.76,0.0
20230520:1911,39997.0,34.1,6.59,13.77,2.07,0.0
20230520:2011,0.0,0.0,0.0,12.05,2.0,0.0
20230520:2111,0.0,0.0,0.0,10.31,1.66,0.0
20230520:2211,0.0,0.0,0.0,8.86,1.03,0.0
20230520:2311,0.0,0.0,0.0,9.09,0.34,0.0
20230521:0011,0.0,0.0,0.0,8.53,0.0,0.0
20230521:0111,0.0,0.0,0.0,8.12,0.07,0.0
20230521:0211,0.0,0.0,0.0,7.84,0.48,0.0
20230521:0311,0.0,0.0,0.0,7.34,0.76,0.0
20230521:0411,0.0,0.0,0.0,7.22,0.69,0.0
20230521:0511,76222.0,53.34,9.13,6.93,0.9,0.0
20230521:0611,220179.0,155.58,17.53,8.55,0.62,0.0
20230521:0711,646116.0,361.56,26.25,11.71,0.28,0.0
20230521:0811,1059288.0,575.85,34.91,13.51,0.34,0.0
20230521:0911,1446953.0,800.76,43.04,14.69,0.69,0.0
20230521:1011,1121779.0,610.51,49.92,15.77,1.24,0.0
20230521:1111,1793149.0,1010.75,54.57,16.61,1.79,0.0
20230521:1211,1841012.0,1034.33,55.89,17.19,2.34,0.0
20230521:1311,1695031.0,938.68,53.5,17.46,2.69,0.0
20230521:1411,1594866.0,872.8,48.07,17.41,2.9,0.0
20230521:1511,1353297.0,730.17,40.73,17.07,2.9,0.0
20230521:1611,948957.0,511.61,32.39,16.73,3.1,0.0
20230521:1711,496455.0,289.65,23.67,16.09,3.1,0.0
20230521:1811,123993.0,102.64,15.01,15.13,2.62,0.0
20230521:1911,44413.0,36.73,6.77,13.87,2.34,0.0
20230521:2011,0.0,0.0,0.0,12.04,2.34,0.0
20230521:2111,0.0,0.0,0.0,10.33,2.41,0.0
20230521:2211,0.0,0.0,0.0,9.06,2.55,0.0
20230521:2311,0.0,0.0,0.0,8.17,2.69,0.0
20230522:0011,0.0,0.0,0.0,7.63,2.76,0.0
20230522:0111,0.0,0.0,0.0,7.26,2.83,0.0
20230522:0211,0.0,0.0,0.0,7.03,2.9,0.0
20230522:0311,0.0,0.0,0.0,7.09,2.97,0.0
20230522:0411,0.0,0.87,1.56,6.89,3.1,0.0
20230522:0511,59961.0,44.6,9.28,7.73,3.03,0.0
20230522:0611,215372.0,157.89,17.68,9.54,2.69,0.0
20230522:0711,670128.0,369.07,26.4,11.91,3.1,0.0
20230522:0811,1115776.0,589.14,35.06,13.66,3.31,0.0
20230522:0911,1465790.0,782.81,43.2,15.19,3.38,0.0
20230522:1011,1766469.0,963.57,50.1,16.29,3.45,0.0
20230522:1111,1922363.0,1065.59,54.76,17.16,3.45,0.0
20230522:1211,1887380.0,1048.1,56.09,17.57,3.38,0.0
20230522:1311,1796208.0,989.51,53.7,17.65,3.52,0.0
20230522:1411,1580675.0,856.54,48.26,17.54,3.79,0.0
20230522:1511,1340716.0,714.96,40.91,17.28,4.34,0.0
20230522:1611,935364.0,498.98,32.56,16.37,4.76,0.0
20230522:1711,479113.0,273.95,23.83,15.03,4.9,0.0
20230522:1811,169832.0,110.23,15.17,13.79,4.97,0.0
20230522:1911,43332.0,35.85,6.94,12.3,4.0,0.0
20230522:2011,0.0,0.0,0.0,11.37,3.38,0.0
20230522:2111,0.0,0.0,0.0,10.53,2.83,0.0
20230522:2211,0.0,0.0,0.0,9.82,2.48,0.0
20230522:2311,0.0,0.0,0.0,9.11,2.34,0.0
20230523:0011,0.0,0.0,0.0,8.58,2.14,0.0
20230523:0111,0.0,0.0,0.0,8.18,2.0,0.0
20230523:0211,0.0,0.0,0.0,7.65,2.07,0.0
20230523:0311,0.0,0.0,0.0,7.39,1.93,0.0
20230523:0411,0.0,0.87,1.72,7.64,1.45,0.0
20230523:0511,69230.0,49.84,9.43,8.31,0.9,0.0
20230523:0611,234646.0,143.82,17.82,9.77,0.55,0.0
20230523:0711,600990.0,332.69,26.54,11.12,0.55,0.0
20230523:0811,877473.0,470.98,35.21,12.12,0.41,0.0
20230523:0911,1160396.0,623.32,43.35,13.09,1.1,0.0
20230523:1011,1701471.0,936.38,50.26,14.04,1.79,0.0
20230523:1111,788923.0,424.39,54.94,15.21,2.07,0.0
20230523:1211,1813366.0,1018.18,56.29,16.36,2.0,0.0
20230523:1311,852817.0,463.06,53.89,17.02,1.79,0.0
20230523:1411,1197449.0,651.46,48.44,17.51,2.14,0.0
20230523:1511,1283883.0,694.21,41.08,18.11,2.97,0.0
20230523:1611,698533.0,379.91,32.72,17.92,3.17,0.0
20230523:1711,433182.0,249.97,24.0,17.72,3.66,0.0
20230523:1811,154951.0,111.25,15.34,16.88,3.79,0.0
20230523:1911,42573.0,35.85,7.11,15.59,3.66,0.0
20230523:2011,0.0,0.0,0.0,13.93,3.72,0.0
20230523:2111,0.0,0.0,0.0,12.73,3.66,0.0
20230523:2211,0.0,0.0,0.0,12.07,3.52,0.0
20230523:2311,0.0,0.0,0.0,11.33,3.38,0.0
20230524:0011,0.0,0.0,0.0,10.65,3.17,0.0
20230524:0111,0.0,0.0,0.0,9.87,2.9,0.0
20230524:0211,0.0,0.0,0.0,9.37,2.69,0.0
20230524:0311,0.0,0.0,0.0,8.73,2.55,0.0
20230524:0411,0.0,0.87,1.87,8.16,2.48,0.0
20230524:0511,64469.0,47.22,9.57,8.5,2.41,0.0
20230524:0611,218040.0,158.5,17.96,10.1,2.62,0.0
20230524:0711,670243.0,368.6,26.67,11.69,3.1,0.0
20230524:0811,1105173.0,583.66,35.35,12.9,2.76,0.0
20230524:0911,1452059.0,778.91,43.5,14.11,2.41,0.0
20230524:1011,1672077.0,919.61,50.43,15.15,2.07,0.0
20230524:1111,1764744.0,986.04,55.12,16.18,2.0,0.0
20230524:1211,1834204.0,1035.95,56.48,17.1,2.0,0.0
20230524:1311,1759569.0,991.01,54.07,17.82,2.0,0.0
20230524:1411,1609586.0,896.53,48.61,18.38,2.07,0.0
20230524:1511,1329561.0,728.15,41.24,18.7,2.21,0.0
20230524:1611,936146.0,511.64,32.88,18.86,2.55,0.0
20230524:1711,393576.0,227.36,24.16,18.24,2.55,0.0
20230524:1811,95128.0,65.82,15.5,17.07,2.76,0.0
20230524:1911,2829.0,8.74,7.28,15.68,3.24,0.0
20230524:2011,0.0,0.0,0.0,14.02,2.69,0.0
20230524:2111,0.0,0.0,0.0,13.19,1.86,0.0
20230524:2211,0.0,0.0,0.0,12.84,0.97,0.0
20230524:2311,0.0,0.0,0.0,12.7,0.34,0.0
20230525:0011,0.0,0.0,0.0,12.71,0.28,0.0
20230525:0111,0.0,0.0,0.0,12.83,0.34,0.0
20230525:0211,0.0,0.0,0.0,12.53,0.55,0.0
20230525:0311,0.0,0.0,0.0,12.03,0.69,0.0
20230525:0411,0.0,0.87,2.01,11.45,0.76,0.0
20230525:0511,62008.0,46.35,9.71,10.89,0.76,0.0
20230525:0611,215487.0,158.69,18.09,12.08,0.69,0.0
20230525:0711,655845.0,367.31,26.8,13.13,1.1,0.0
20230525:0811,1072329.0,575.77,35.48,14.08,1.52,0.0
20230525:0911,1417122.0,768.69,43.64,15.0,1.79,0.0
20230525:1011,1676838.0,929.3,50.58,15.86,1.86,0.0
20230525:1111,1673204.0,929.15,55.3,16.57,2.14,0.0
20230525:1211,461380.0,256.28,56.66,17.17,2.34,0.0
20230525:1311,291410.0,168.73,54.25,17.36,2.34,0.0
20230525:1411,226826.0,135.36,48.78,17.32,2.41,0.0
20230525:1511,239522.0,141.85,41.41,17.29,2.62,0.0
20230525:1611,212934.0,127.94,33.04,17.16,3.1,0.0
20230525:1711,207092.0,124.87,24.31,16.83,3.24,0.0
20230525:1811,88642.0,62.12,15.66,16.47,2.97,0.0
20230525:1911,13823.0,17.49,7.44,15.39,3.03,0.0
20230525:2011,0.0,0.0,0.0,14.73,2.9,0.0
20230525:2111,0.0,0.0,0.0,14.18,2.83,0.0
20230525:2211,0.0,0.0,0.0,13.66,2.9,0.0
20230525:2311,0.0,0.0,0.0,13.21,2.9,0.0
20230526:0011,0.0,0.0,0.0,12.71,2.83,0.0
20230526:0111,0.0,0.0,0.0,12.34,2.83,0.0
20230526:0211,0.0,0.0,0.0,11.83,2.83,0.0
20230526:0311,0.0,0.0,0.0,11.56,2.69,0.0
20230526:0411,0.0,0.87,2.15,11.1,2.48,0.0
20230526:0511,77901.0,55.09,9.84,11.2,2.21,0.0
20230526:0611,225354.0,157.77,18.21,11.85,2.34,0.0
20230526:0711,638733.0,354.04,26.92,13.09,2.34,0.0
20230526:0811,1089970.0,580.53,35.6,14.24,2.48,0.0
20230526:0911,1422159.0,765.52,43.77,15.22,2.48,0.0
20230526:1011,1669478.0,919.51,50.73,16.51,2.41,0.0
20230526:1111,1854835.0,1034.67,55.46,17.05,2.69,0.0
20230526:1211,1819530.0,1009.92,56.84,17.4,3.03,0.0
20230526:1311,1524647.0,834.73,54.43,17.64,2.97,0.0
20230526:1411,1516827.0,827.99,48.95,17.79,2.97,0.0
20230526:1511,1078999.0,584.28,41.56,17.94,2.34,0.0
20230526:1611,401741.0,226.25,33.19,17.94,2.14,0.0
20230526:1711,340492.0,197.11,24.46,17.92,2.07,0.0
20230526:1811,170292.0,110.4,15.81,17.51,1.79,0.0
20230526:1911,23828.0,24.48,7.6,17.75,2.14,0.0
20230526:2011,0.0,0.0,0.0,16.5,2.83,0.0
20230526:2111,0.0,0.0,0.0,14.97,3.38,0.0
20230526:2211,0.0,0.0,0.0,13.54,3.52,0.0
20230526:2311,0.0,0.0,0.0,12.47,3.31,0.0
20230527:0011,0.0,0.0,0.0,11.67,3.03,0.0
20230527:0111,0.0,0.0,0.0,11.16,2.9,0.0
20230527:0211,0.0,0.0,0.0,10.38,2.83,0.0
20230527:0311,0.0,0.0,0.0,10.02,2.62,0.0
20230527:0411,0.0,1.75,2.28,9.9,2.41,0.0
20230527:0511,83191.0,57.71,9.96,10.16,2.21,0.0
20230527:0611,244191.0,151.04,18.33,11.17,2.28,0.0
20230527:0711,635329.0,351.71,27.04,13.44,2.9,0.0
20230527:0811,1075894.0,569.63,35.72,14.48,3.38,0.0
20230527:0911,1424275.0,759.02,43.9,15.53,3.59,0.0
20230527:1011,1640084.0,889.75,50.87,16.95,3.66,0.0
20230527:1111,1440858.0,782.83,55.62,17.99,3.59,0.0
20230527:1211,1098848.0,594.69,57.01,18.89,3.66,0.0
20230527:1311,579071.0,318.65,54.6,19.15,3.59,0.0
20230527:1411,1051100.0,569.14,49.11,19.2,3.38,0.0
20230527:1511,821468.0,445.63,41.72,19.13,3.1,0.0
20230527:1611,616538.0,338.52,33.34,18.96,3.1,0.0
20230527:1711,470488.0,274.2,24.61,18.61,2.76,0.0
20230527:1811,173788.0,113.67,15.96,18.16,2.34,0.0
20230527:1911,43539.0,36.73,7.75,17.59,2.48,0.0
20230527:2011,0.0,0.0,0.0,16.04,2.55,0.0
20230527:2111,0.0,0.0,0.0,14.61,2.76,0.0
20230527:2211,0.0,0.0,0.0,13.74,2.9,0.0
20230527:2311,0.0,0.0,0.0,13.08,2.97,0.0
20230528:0011,0.0,0.0,0.0,12.25,3.03,0.0
20230528:0111,0.0,0.0,0.0,11.4,3.03,0.0
20230528:0211,0.0,0.0,0.0,10.75,3.03,0.0
20230528:0311,0.0,0.0,0.0,10.25,3.17,0.0
20230528:0411,0.0,0.87,2.41,9.8,3.45,0.0
20230528:0511,51451.0,40.23,10.08,10.15,3.52,0.0
20230528:0611,225101.0,134.57,18.44,10.92,3.52,0.0
20230528:0711,417749.0,229.52,27.15,12.46,4.07,0.0
20230528:0811,636985.0,338.06,35.84,13.02,4.14,0.0
20230528:0911,694025.0,367.57,44.02,13.7,4.41,0.0
20230528:1011,330303.0,185.42,51.01,14.13,4.28,0.0
20230528:1111,331430.0,186.35,55.77,14.52,4.14,0.0
20230528:1211,587673.0,315.28,57.17,14.05,4.21,0.0
20230528:1311,709780.0,377.23,54.76,14.08,4.21,0.0
20230528:1411,766153.0,405.32,49.27,13.8,4.0,0.0
20230528:1511,244375.0,141.85,41.87,13.61,3.86,0.0
20230528:1611,234002.0,136.28,33.49,13.12,4.07,0.0
20230528:1711,206655.0,122.23,24.76,12.54,4.07,0.0
20230528:1811,80339.0,56.55,16.11,12.13,3.72,0.0
20230528:1911,60214.0,45.47,7.9,12.01,2.97,0.0
20230528:2011,0.0,0.0,0.0,11.1,2.62,0.0
20230528:2111,0.0,0.0,0.0,10.1,2.28,0.0
20230528:2211,0.0,0.0,0.0,9.13,1.79,0.0
20230528:2311,0.0,0.0,0.0,8.22,1.59,0.0
20230529:0011,0.0,0.0,0.0,7.12,1.93,0.0
20230529:0111,0.0,0.0,0.0,6.28,2.14,0.0
20230529:0211,0.0,0.0,0.0,5.83,2.14,0.0
20230529:0311,0.0,0.0,0.0,5.67,2.14,0.0
20230529:0411,1288.0,7.0,2.53,5.81,2.14,0.0
20230529:0511,86434.0,58.59,10.19,6.41,2.14,0.0
20230529:0611,238809.0,162.82,18.55,8.49,2.34,0.0
20230529:0711,673164.0,366.49,27.26,10.1,3.24,0.0
20230529:0811,931569.0,485.5,35.94,11.32,3.72,0.0
20230529:0911,1193056.0,623.56,44.13,12.18,3.59,0.0
20230529:1011,1448678.0,767.25,51.14,12.94,3.45,0.0
20230529:1111,1863322.0,1012.66,55.92,13.79,3.31,0.0
20230529:1211,1855479.0,1016.56,57.33,14.45,3.03,0.0
20230529:1311,1799313.0,987.31,54.92,15.05,2.83,0.0
20230529:1411,1634380.0,890.09,49.42,15.4,2.62,0.0
20230529:1511,1365763.0,734.75,42.01,15.65,2.55,0.0
20230529:1611,981042.0,527.98,33.63,15.66,2.55,0.0
20230529:1711,524423.0,303.39,24.9,15.36,2.69,0.0
20230529:1811,140737.0,113.59,16.25,14.73,2.76,0.0
20230529:1911,55108.0,42.85,8.05,13.5,2.48,0.0
20230529:2011,0.0,0.0,0.0,11.82,2.21,0.0
20230529:2111,0.0,0.0,0.0,10.27,1.72,0.0
20230529:2211,0.0,0.0,0.0,8.95,0.97,0.0
20230529:2311,0.0,0.0,0.0,7.33,1.45,0.0
20230530:0011,0.0,0.0,0.0,6.26,1.93,0.0
20230530:0111,0.0,0.0,0.0,5.64,2.07,0.0
20230530:0211,0.0,0.0,0.0,5.4,2.21,0.0
20230530:0311,0.0,0.0,0.0,5.37,2.41,0.0
20230530:0411,0.0,1.75,2.65,5.77,2.41,0.0
20230530:0511,18400.0,20.11,10.3,7.57,2.07,0.0
20230530:0611,117990.0,76.02,18.65,10.06,2.34,0.0
20230530:0711,217419.0,127.01,27.35,11.46,4.14,0.0
20230530:0811,311420.0,174.44,36.04,12.17,4.21,0.0
20230530:0911,388884.0,213.5,44.24,12.54,4.0,0.0
20230530:1011,464301.0,251.93,51.26,13.02,3.79,0.0
20230530:1111,715346.0,379.62,56.06,13.5,3.86,0.0
20230530:1211,1211065.0,639.58,57.48,14.05,4.07,0.0
20230530:1311,1511928.0,803.76,55.07,14.41,4.28,0.0
20230530:1411,1489986.0,789.31,49.57,14.52,4.34,0.0
20230530:1511,1356103.0,712.33,42.15,14.11,4.34,0.0
20230530:1611,965862.0,510.55,33.77,14.22,4.34,0.0
20230530:1711,525435.0,298.91,25.03,13.74,4.21,0.0
20230530:1811,139702.0,113.87,16.39,13.1,4.14,0.0
20230530:1911,55453.0,42.85,8.19,12.32,3.24,0.0
20230530:2011,0.0,0.0,0.0,11.21,2.69,0.0
20230530:2111,0.0,0.0,0.0,10.0,2.34,0.0
20230530:2211,0.0,0.0,0.0,9.48,2.28,0.0
20230530:2311,0.0,0.0,0.0,9.52,2.41,0.0
20230531:0011,0.0,0.0,0.0,9.78,2.62,0.0
20230531:0111,0.0,0.0,0.0,9.89,2.76,0.0
20230531:0211,0.0,0.0,0.0,9.83,2.76,0.0
20230531:0311,0.0,0.0,0.0,9.8,2.76,0.0
20230531:0411,0.0,1.75,2.75,9.8,2.83,0.0
20230531:0511,24932.0,24.48,10.4,9.89,3.03,0.0
20230531:0611,112746.0,73.24,18.75,10.16,3.79,0.0
20230531:0711,216844.0,126.09,27.45,10.19,3.93,0.0
20230531:0811,285085.0,160.39,36.14,10.71,3.86,0.0
20230531:0911,497191.0,266.48,44.35,11.52,3.86,0.0
20230531:1011,510301.0,273.95,51.38,12.19,3.93,0.0
20230531:1111,712241.0,377.28,56.19,12.99,3.79,0.0
20230531:1211,744970.0,395.01,57.63,13.46,3.72,0.0
20230531:1311,716082.0,381.13,55.22,14.06,3.72,0.0
20230531:1411,1068534.0,563.99,49.71,14.3,3.79,0.0
20230531:1511,1297269.0,683.83,42.29,14.2,3.86,0.0
20230531:1611,884373.0,468.16,33.9,13.89,3.86,0.0
20230531:1711,429732.0,240.21,25.17,13.49,3.93,0.0
20230531:1811,113068.0,74.17,16.53,12.77,3.93,0.0
20230531:1911,20654.0,21.86,8.33,11.29,3.52,0.0
20230531:2011,0.0,0.0,0.0,10.48,3.03,0.0
20230531:2111,0.0,0.0,0.0,9.91,2.97,0.0
20230531:2211,0.0,0.0,0.0,9.49,2.9,0.0
20230531:2311,0.0,0.0,0.0,9.27,2.76,0.0
20230601:0011,0.0,0.0,0.0,9.21,2.9,0.0
20230601:0111,0.0,0.0,0.0,9.1,2.69,0.0
20230601:0211,0.0,0.0,0.0,9.12,2.48,0.0
20230601:0311,0.0,0.0,0.0,9.09,2.48,0.0
20230601:0411,0.0,1.75,2.85,8.95,2.55,0.0
20230601:0511,27830.0,26.23,10.49,9.19,2.97,0.0
20230601:0611,91701.0,62.12,18.83,9.86,3.66,0.0
20230601:0711,195799.0,115.89,27.53,10.85,3.79,0.0
20230601:0811,215303.0,126.09,36.23,11.67,4.0,0.0
20230601:0911,335018.0,186.35,44.44,12.33,4.28,0.0
20230601:1011,362641.0,200.25,51.49,12.61,4.62,0.0
20230601:1111,425132.0,231.78,56.32,13.05,4.97,0.0
20230601:1211,389712.0,214.16,57.77,13.19,5.03,0.0
20230601:1311,271400.0,154.83,55.36,12.97,5.03,0.0
20230601:1411,287960.0,163.17,49.85,13.04,5.03,0.0
20230601:1511,610006.0,323.76,42.42,13.13,5.1,0.0
20230601:1611,251574.0,144.63,34.03,12.52,4.97,0.0
20230601:1711,156653.0,96.42,25.3,11.98,4.97,0.0
20230601:1811,77257.0,54.7,16.66,11.4,4.83,0.0
20230601:1911,10534.0,14.87,8.46,10.91,4.62,0.0
20230601:2011,0.0,0.0,0.0,10.49,4.0,0.0
20230601:2111,0.0,0.0,0.0,10.04,3.79,0.0
20230601:2211,0.0,0.0,0.0,9.77,3.86,0.0
20230601:2311,0.0,0.0,0.0,9.46,3.79,0.0
20230602:0011,0.0,0.0,0.0,9.09,3.52,0.0
20230602:0111,0.0,0.0,0.0,8.88,3.31,0.0
20230602:0211,0.0,0.0,0.0,8.79,3.17,0.0
20230602:0311,0.0,0.0,0.0,8.73,3.03,0.0
20230602:0411,0.0,1.75,2.95,8.68,2.9,0.0
20230602:0511,77280.0,54.22,10.58,8.8,2.9,0.0
20230602:0611,253897.0,150.95,18.92,9.2,3.59,0.0
20230602:0711,594205.0,319.87,27.61,10.03,4.21,0.0
20230602:0811,1118053.0,579.44,36.31,10.97,4.28,0.0
20230602:0911,1500405.0,783.03,44.53,12.04,4.34,0.0
20230602:1011,1790711.0,949.8,51.59,12.92,4.48,0.0
20230602:1111,1981404.0,1067.47,56.44,13.74,4.48,0.0
20230602:1211,1973860.0,1069.82,57.9,14.34,4.28,0.0
20230602:1311,1885011.0,1019.77,55.5,14.78,4.14,0.0
20230602:1411,1718261.0,920.78,49.98,14.98,4.14,0.0
20230602:1511,1421239.0,752.25,42.55,14.93,4.07,0.0
20230602:1611,1018118.0,540.03,34.16,14.6,4.0,0.0
20230602:1711,552644.0,316.82,25.42,14.03,3.86,0.0
20230602:1811,173650.0,124.78,16.78,13.2,3.52,0.0
20230602:1911,50945.0,40.23,8.59,11.91,2.69,0.0
20230602:2011,0.0,0.0,0.0,10.56,2.28,0.0
20230602:2111,0.0,0.0,0.0,9.09,2.07,0.0
20230602:2211,0.0,0.0,0.0,8.12,1.86,0.0
20230602:2311,0.0,0.0,0.0,7.19,1.72,0.0
20230603:0011,0.0,0.0,0.0,6.24,1.79,0.0
20230603:0111,0.0,0.0,0.0,5.52,1.93,0.0
20230603:0211,0.0,0.0,0.0,5.02,1.93,0.0
20230603:0311,0.0,0.0,0.0,4.78,1.93,0.0
20230603:0411,0.0,5.25,3.04,4.51,2.07,0.0
20230603:0511,76912.0,53.34,10.66,5.35,1.72,0.0
20230603:0611,229540.0,165.56,18.99,8.63,1.72,0.0
20230603:0711,690161.0,377.74,27.69,9.91,2.28,0.0
20230603:0811,1115845.0,586.38,36.39,11.18,2.41,0.0
20230603:0911,1480073.0,787.57,44.62,12.57,2.55,0.0
20230603:1011,1726932.0,934.75,51.69,13.87,2.9,0.0
20230603:1111,1922754.0,1057.12,56.55,14.93,3.17,0.0
20230603:1211,1949365.0,1077.4,58.03,15.64,3.24,0.0
20230603:1311,1843358.0,1015.86,55.63,16.15,3.1,0.0
20230603:1411,1678632.0,917.12,50.11,16.44,2.97,0.0
20230603:1511,1376964.0,742.12,42.67,16.51,2.83,0.0
20230603:1611,1001167.0,539.34,34.28,16.32,2.83,0.0
20230603:1711,544341.0,314.69,25.54,15.77,3.1,0.0
20230603:1811,148925.0,119.59,16.9,14.78,3.24,0.0
20230603:1911,64446.0,48.1,8.72,13.35,2.76,0.0
20230603:2011,0.0,0.0,0.0,11.61,2.21,0.0
20230603:2111,0.0,0.0,0.0,10.03,2.0,0.0
20230603:2211,0.0,0.0,0.0,8.83,1.86,0.0
20230603:2311,0.0,0.0,0.0,7.75,1.79,0.0
20230604:0011,0.0,0.0,0.0,6.73,1.86,0.0
20230604:0111,0.0,0.0,0.0,6.02,1.93,0.0
20230604:0211,0.0,0.0,0.0,5.55,2.07,0.0
20230604:0311,0.0,0.0,0.0,5.27,2.14,0.0
20230604:0411,6256.0,11.37,3.12,5.11,2.14,0.0
20230604:0511,75003.0,52.47,10.74,6.05,1.79,0.0
20230604:0611,229310.0,164.7,19.06,9.0,1.79,0.0
20230604:0711,673808.0,368.58,27.76,10.97,3.17,0.0
20230604:0811,786968.0,413.24,36.46,11.52,3.1,0.0
20230604:0911,612214.0,325.67,44.69,12.27,3.17,0.0
20230604:1011,353602.0,196.55,51.78,13.0,3.31,0.0
20230604:1111,449742.0,245.68,56.66,13.63,3.24,0.0
20230604:1211,502205.0,273.32,58.15,14.52,3.24,0.0
20230604:1311,484495.0,264.94,55.76,15.08,3.24,0.0
20230604:1411,755205.0,404.22,50.23,15.45,3.24,0.0
20230604:1511,884741.0,471.54,42.79,15.71,3.24,0.0
20230604:1611,813188.0,435.58,34.39,15.64,3.31,0.0
20230604:1711,526723.0,300.43,25.66,15.11,3.38,0.0
20230604:1811,151869.0,120.84,17.02,14.25,3.38,0.0
20230604:1911,61525.0,46.35,8.84,12.79,3.03,0.0
20230604:2011,0.0,0.0,0.0,11.39,2.48,0.0
20230604:2111,0.0,0.0,0.0,10.0,2.07,0.0
20230604:2211,0.0,0.0,0.0,9.56,1.79,0.0
20230604:2311,0.0,0.0,0.0,8.82,1.79,0.0
20230605:0011,0.0,0.0,0.0,8.31,1.59,0.0
20230605:0111,0.0,0.0,0.0,8.14,1.52,0.0
20230605:0211,0.0,0.0,0.0,8.39,1.52,0.0
20230605:0311,0.0,0.0,0.0,8.6,1.79,0.0
20230605:0411,0.0,1.75,3.2,8.88,2.07,0.0
20230605:0511,45517.0,36.73,10.81,9.24,2.62,0.0
20230605:0611,242604.0,143.08,19.13,9.57,3.38,0.0
20230605:0711,497237.0,268.9,27.82,10.38,3.45,0.0
20230605:0811,1064233.0,554.61,36.52,11.1,3.45,0.0
20230605:0911,1462478.0,768.55,44.77,11.97,3.38,0.0
20230605:1011,1672905.0,892.89,51.86,12.92,3.45,0.0
20230605:1111,1903020.0,1032.53,56.76,13.62,3.52,0.0
20230605:1211,1919235.0,1046.16,58.27,14.35,3.59,0.0
20230605:1311,1839609.0,997.66,55.88,14.76,3.72,0.0
20230605:1411,1687418.0,907.28,50.35,15.06,3.72,0.0
20230605:1511,1403414.0,743.48,42.91,14.87,3.86,0.0
20230605:1611,1020694.0,540.94,34.51,14.49,4.0,0.0
20230605:1711,558233.0,318.46,25.77,13.91,4.14,0.0
20230605:1811,146188.0,120.05,17.13,12.98,4.14,0.0
20230605:1911,57063.0,43.72,8.95,12.23,3.72,0.0
20230605:2011,0.0,0.87,1.56,11.03,3.03,0.0
20230605:2111,0.0,0.0,0.0,10.16,2.69,0.0
20230605:2211,0.0,0.0,0.0,9.69,2.41,0.0
20230605:2311,0.0,0.0,0.0,9.61,2.21,0.0
20230606:0011,0.0,0.0,0.0,9.32,1.86,0.0
20230606:0111,0.0,0.0,0.0,9.35,2.0,0.0
20230606:0211,0.0,0.0,0.0,9.3,2.21,0.0
20230606:0311,0.0,0.0,0.0,9.33,2.28,0.0
20230606:0411,0.0,1.75,3.27,9.26,2.28,0.0
20230606:0511,18193.0,20.11,10.87,9.5,2.97,0.0
20230606:0611,86480.0,59.33,19.19,9.77,3.17,0.0
20230606:0711,0.0,0.0,0.0,10.07,2.97,0.0
20230606:0811,290214.0,163.17,36.58,10.75,3.1,0.0
20230606:0911,324806.0,180.79,44.83,11.31,3.24,0.0
20230606:1011,247848.0,142.77,51.94,12.05,3.31,0.0
20230606:1111,491142.0,265.51,56.85,12.76,3.38,0.0
20230606:1211,573712.0,307.85,58.37,13.3,3.52,0.0
20230606:1311,781425.0,414.37,55.99,13.73,3.59,0.0
20230606:1411,758057.0,402.4,50.46,13.99,3.59,0.0
20230606:1511,736207.0,390.89,43.02,13.99,3.45,0.0
20230606:1611,603474.0,323.63,34.61,13.79,3.31,0.0
20230606:1711,334627.0,188.66,25.88,13.43,3.24,0.0
20230606:1811,97244.0,65.82,17.24,12.76,3.1,0.0
20230606:1911,11684.0,15.74,9.06,11.69,3.17,0.0
20230606:2011,0.0,0.87,1.67,11.08,2.97,0.0
20230606:2111,0.0,0.0,0.0,10.67,2.62,0.0
20230606:2211,0.0,0.0,0.0,10.25,2.14,0.0
20230606:2311,0.0,0.0,0.0,9.97,1.93,0.0
20230607:0011,0.0,0.0,0.0,9.73,1.72,0.0
20230607:0111,0.0,0.0,0.0,9.32,1.59,0.0
20230607:0211,0.0,0.0,0.0,9.29,1.45,0.0
20230607:0311,0.0,0.0,0.0,8.86,1.59,0.0
20230607:0411,0.0,2.62,3.33,8.69,1.72,0.0
20230607:0511,15617.0,18.36,10.93,9.14,1.66,0.0
20230607:0611,105524.0,69.53,19.24,10.1,2.21,0.0
20230607:0711,205229.0,120.52,27.93,10.32,2.76,0.0
20230607:0811,297528.0,166.88,36.63,10.78,2.97,0.0
20230607:0911,333891.0,185.42,44.89,11.35,3.03,0.0
20230607:1011,366275.0,202.11,52.01,11.98,3.1,0.0
20230607:1111,378350.0,208.6,56.94,12.54,3.24,0.0
20230607:1211,547952.0,295.02,58.47,13.31,3.31,0.0
20230607:1311,689609.0,368.13,56.1,13.91,3.24,0.0
20230607:1411,821491.0,436.96,50.57,14.42,3.1,0.0
20230607:1511,1156716.0,613.63,43.12,14.5,3.03,0.0
20230607:1611,738645.0,394.23,34.72,14.29,3.17,0.0
20230607:1711,517132.0,290.33,25.98,13.75,3.52,0.0
20230607:1811,208403.0,132.77,17.35,12.94,3.79,0.0
20230607:1911,68333.0,49.84,9.17,11.35,3.66,0.0
20230607:2011,0.0,0.87,1.78,10.34,3.03,0.0
20230607:2111,0.0,0.0,0.0,9.74,2.69,0.0
20230607:2211,0.0,0.0,0.0,9.14,2.21,0.0
20230607:2311,0.0,0.0,0.0,8.8,2.0,0.0
20230608:0011,0.0,0.0,0.0,9.12,2.0,0.0
20230608:0111,0.0,0.0,0.0,9.09,2.28,0.0
20230608:0211,0.0,0.0,0.0,8.9,2.07,0.0
20230608:0311,0.0,0.0,0.0,8.91,2.07,0.0
20230608:0411,0.0,2.62,3.39,8.93,2.21,0.0
20230608:0511,23667.0,23.61,10.98,9.03,2.69,0.0
20230608:0611,123832.0,78.8,19.29,9.47,3.38,0.0
20230608:0711,228114.0,131.65,27.98,9.86,3.24,0.0
20230608:0811,466693.0,250.55,36.68,10.61,3.38,0.0
20230608:0911,602531.0,318.73,44.94,11.07,3.52,0.0
20230608:1011,589421.0,313.38,52.07,11.87,3.72,0.0
20230608:1111,980766.0,514.74,57.02,12.75,3.93,0.0
20230608:1211,1471586.0,781.47,58.57,13.69,4.0,0.0
20230608:1311,1429910.0,758.67,56.2,14.06,4.07,0.0
20230608:1411,1570509.0,834.76,50.67,14.39,4.21,0.0
20230608:1511,1412522.0,744.23,43.22,14.34,4.28,0.0
20230608:1611,1024995.0,540.63,34.82,14.07,4.48,0.0
20230608:1711,552138.0,310.72,26.08,13.35,4.48,0.0
20230608:1811,172753.0,129.0,17.45,12.53,4.28,0.0
20230608:1911,27485.0,26.23,9.27,11.52,4.0,0.0
20230608:2011,0.0,0.87,1.88,10.56,3.31,0.0
20230608:2111,0.0,0.0,0.0,9.83,2.83,0.0
20230608:2211,0.0,0.0,0.0,9.34,2.62,0.0
20230608:2311,0.0,0.0,0.0,8.77,2.34,0.0
20230609:0011,0.0,0.0,0.0,8.02,2.21,0.0
20230609:0111,0.0,0.0,0.0,7.69,2.14,0.0
20230609:0211,0.0,0.0,0.0,7.49,2.07,0.0
20230609:0311,0.0,0.0,0.0,7.41,2.14,0.0
20230609:0411,0.0,2.62,3.44,7.24,2.14,0.0
20230609:0511,39675.0,33.23,11.03,8.24,1.86,0.0
20230609:0611,160724.0,98.16,19.33,10.01,3.52,0.0
20230609:0711,356017.0,195.97,28.01,10.25,3.59,0.0
20230609:0811,822365.0,430.16,36.72,11.27,3.45,0.0
20230609:0911,1335081.0,699.8,44.99,12.4,3.59,0.0
20230609:1011,1652803.0,881.52,52.13,13.61,3.72,0.0
20230609:1111,1858285.0,1007.88,57.09,14.91,3.86,0.0
20230609:1211,1897270.0,1034.34,58.66,15.82,4.07,0.0
20230609:1311,1827856.0,992.73,56.3,16.44,4.28,0.0
20230609:1411,1486973.0,796.54,50.77,16.65,4.28,0.0
20230609:1511,1347915.0,716.6,43.32,16.62,4.34,0.0
20230609:1611,983894.0,524.95,34.91,16.32,4.28,0.0
20230609:1711,547814.0,313.25,26.18,15.73,4.14,0.0
20230609:1811,161368.0,125.8,17.54,14.81,4.0,0.0
20230609:1911,72427.0,52.47,9.36,13.18,3.38,0.0
20230609:2011,0.0,0.87,1.97,11.99,2.76,0.0
20230609:2111,0.0,0.0,0.0,10.66,2.41,0.0
20230609:2211,0.0,0.0,0.0,9.78,2.28,0.0
20230609:2311,0.0,0.0,0.0,9.2,2.21,0.0
20230610:0011,0.0,0.0,0.0,8.81,2.28,0.0
20230610:0111,0.0,0.0,0.0,8.72,2.34,0.0
20230610:0211,0.0,0.0,0.0,8.66,2.41,0.0
20230610:0311,0.0,0.0,0.0,8.66,2.48,0.0
20230610:0411,2093.0,7.87,3.49,8.74,2.55,0.0
20230610:0511,89907.0,61.21,11.07,9.78,2.34,0.0
20230610:0611,231541.0,162.78,19.36,11.95,2.62,0.0
20230610:0711,654902.0,363.65,28.05,13.61,3.03,0.0
20230610:0811,1072904.0,571.53,36.76,15.57,3.31,0.0
20230610:0911,1410866.0,760.42,45.03,17.45,3.38,0.0
20230610:1011,1676516.0,923.33,52.18,19.26,3.52,0.0
20230610:1111,1832042.0,1027.66,57.16,20.81,3.59,0.0
20230610:1211,1831950.0,1031.27,58.74,22.14,3.93,0.0
20230610:1311,1758281.0,984.6,56.38,23.14,4.41,0.0
20230610:1411,1598109.0,885.01,50.86,23.62,4.83,0.0
20230610:1511,1329078.0,726.58,43.41,23.54,5.17,0.0
20230610:1611,960066.0,526.32,35.0,22.88,5.17,0.0
20230610:1711,534359.0,314.07,26.26,21.84,5.03,0.0
20230610:1811,148396.0,124.43,17.63,20.47,4.48,0.0
20230610:1911,67367.0,50.72,9.45,18.59,3.79,0.0
20230610:2011,0.0,2.62,2.07,16.74,3.38,0.0
20230610:2111,0.0,0.0,0.0,15.06,2.83,0.0
20230610:2211,0.0,0.0,0.0,13.84,2.41,0.0
20230610:2311,0.0,0.0,0.0,12.96,2.07,0.0
20230611:0011,0.0,0.0,0.0,12.02,1.86,0.0
20230611:0111,0.0,0.0,0.0,10.96,1.59,0.0
20230611:0211,0.0,0.0,0.0,10.27,1.59,0.0
20230611:0311,0.0,0.0,0.0,9.96,1.45,0.0
20230611:0411,0.0,2.62,3.53,9.73,1.45,0.0
20230611:0511,16744.0,19.24,11.1,10.86,1.03,0.0
20230611:0611,110446.0,73.24,19.39,13.61,0.9,0.0
20230611:0711,459747.0,257.35,28.08,15.6,1.52,0.0
20230611:0811,915101.0,497.73,36.79,17.22,1.59,0.0
20230611:0911,904613.0,495.24,45.07,18.91,1.59,0.0
20230611:1011,1304974.0,728.1,52.23,20.49,1.72,0.0
20230611:1111,1641395.0,937.61,57.22,21.99,2.07,0.0
20230611:1211,1630493.0,930.61,58.81,23.22,2.55,0.0
20230611:1311,1690868.0,966.42,56.47,24.3,2.97,0.0
20230611:1411,1538263.0,870.03,50.95,24.94,3.17,0.0
20230611:1511,1269600.0,710.42,43.5,25.39,3.17,0.0
20230611:1611,911858.0,511.73,35.09,25.43,3.1,0.0
20230611:1711,111067.0,76.95,26.35,25.13,2.69,0.0
20230611:1811,17066.0,20.4,17.72,24.32,2.34,0.0
20230611:1911,3565.0,9.62,9.54,22.48,2.21,0.0
20230611:2011,0.0,0.87,2.15,20.48,2.07,0.0
20230611:2111,0.0,0.0,0.0,18.46,2.07,0.0
20230611:2211,0.0,0.0,0.0,16.96,1.86,0.0
20230611:2311,0.0,0.0,0.0,15.8,1.79,0.0
20230612:0011,0.0,0.0,0.0,14.72,1.72,0.0
20230612:0111,0.0,0.0,0.0,13.86,1.72,0.0
20230612:0211,0.0,0.0,0.0,13.19,1.79,0.0
20230612:0311,0.0,0.0,0.0,12.69,2.0,0.0
20230612:0411,391.0,6.12,3.56,12.42,2.14,0.0
20230612:0511,83490.0,58.59,11.13,13.21,1.79,0.0
20230612:0611,220271.0,160.8,19.42,15.86,1.86,0.0
20230612:0711,634961.0,362.17,28.1,18.21,2.21,0.0
20230612:0811,1041256.0,569.97,36.81,20.16,2.62,0.0
20230612:0911,0.0,0.0,0.0,21.82,3.17,0.0
20230612:1011,1394858.0,774.42,52.26,23.01,3.59,0.0
20230612:1111,1760282.0,998.57,57.27,23.85,3.66,0.0
20230612:1211,1764146.0,1006.96,58.88,24.46,3.52,0.0
20230612:1311,1454474.0,820.65,56.54,24.87,3.38,0.0
20230612:1411,1554179.0,876.73,51.03,24.91,3.45,0.0
20230612:1511,1286206.0,715.63,43.58,24.81,3.52,0.0
20230612:1611,936192.0,521.92,35.17,24.63,3.52,0.0
20230612:1711,527482.0,314.8,26.43,24.17,3.72,0.0
20230612:1811,162035.0,128.19,17.8,23.1,3.66,0.0
20230612:1911,76820.0,56.84,9.62,21.97,3.1,0.0
20230612:2011,0.0,0.87,2.23,20.38,3.03,0.0
20230612:2111,0.0,0.0,0.0,18.89,2.76,0.0
20230612:2211,0.0,0.0,0.0,18.08,2.55,0.0
20230612:2311,0.0,0.0,0.0,17.33,2.14,0.0
20230613:0011,0.0,0.0,0.0,16.33,1.86,0.0
20230613:0111,0.0,0.0,0.0,15.27,1.93,0.0
20230613:0211,0.0,0.0,0.0,14.22,1.79,0.0
20230613:0311,0.0,0.0,0.0,13.18,1.79,0.0
20230613:0411,2921.0,8.74,3.59,12.5,2.07,0.0
20230613:0511,77165.0,55.09,11.15,13.03,1.93,0.0
20230613:0611,227171.0,163.22,19.44,15.45,2.14,0.0
20230613:0711,648968.0,367.18,28.12,17.3,2.97,0.0
20230613:0811,1074859.0,581.24,36.83,18.98,3.59,0.0
20230613:0911,1428438.0,777.32,45.12,20.43,4.07,0.0
20230613:1011,1670881.0,923.08,52.3,21.58,4.34,0.0
20230613:1111,1774381.0,992.67,57.32,22.53,4.34,0.0
20230613:1211,1804419.0,1019.08,58.94,23.26,4.07,0.0
20230613:1311,1740755.0,985.77,56.62,23.85,3.72,0.0
20230613:1411,1570486.0,882.73,51.1,24.27,3.59,0.0
20230613:1511,1314082.0,730.63,43.65,24.41,3.52,0.0
20230613:1611,948083.0,527.81,35.24,24.21,3.45,0.0
20230613:1711,540408.0,322.16,26.51,23.76,3.24,0.0
20230613:1811,155687.0,128.6,17.87,22.85,2.97,0.0
20230613:1911,57500.0,45.47,9.7,20.8,3.03,0.0
20230613:2011,0.0,1.75,2.31,18.81,2.55,0.0
20230613:2111,0.0,0.0,0.0,16.93,2.21,0.0
20230613:2211,0.0,0.0,0.0,15.42,2.0,0.0
20230613:2311,0.0,0.0,0.0,13.87,1.86,0.0
20230614:0011,0.0,0.0,0.0,12.45,1.93,0.0
20230614:0111,0.0,0.0,0.0,11.25,1.86,0.0
20230614:0211,0.0,0.0,0.0,10.48,1.72,0.0
20230614:0311,0.0,0.0,0.0,9.69,1.86,0.0
20230614:0411,14375.0,17.49,3.61,8.92,2.07,0.0
20230614:0511,67160.0,48.97,11.17,9.89,1.93,0.0
20230614:0611,220731.0,165.53,19.45,13.58,1.93,0.0
20230614:0711,671807.0,378.19,28.13,16.22,3.17,0.0
20230614:0811,1103057.0,592.53,36.84,17.84,3.86,0.0
20230614:0911,1432923.0,774.01,45.13,19.17,4.28,0.0
20230614:1011,1705013.0,935.08,52.32,20.31,4.62,0.0
20230614:1111,1867071.0,1034.67,57.36,21.2,5.03,0.0
20230614:1211,1893866.0,1051.25,58.99,21.75,5.38,0.0
20230614:1311,1816540.0,1004.53,56.68,22.02,5.45,0.0
20230614:1411,1658921.0,910.8,51.17,22.04,5.24,0.0
20230614:1511,1379494.0,750.1,43.72,21.83,4.97,0.0
20230614:1611,1048823.0,571.7,35.31,21.34,4.83,0.0
20230614:1711,587098.0,344.65,26.58,20.55,4.55,0.0
20230614:1811,148304.0,128.92,17.94,19.52,4.07,0.0
20230614:1911,56902.0,44.6,9.77,17.81,3.31,0.0
20230614:2011,0.0,1.75,2.38,16.2,2.83,0.0
20230614:2111,0.0,0.0,0.0,14.49,2.34,0.0
20230614:2211,0.0,0.0,0.0,13.31,2.0,0.0
20230614:2311,0.0,0.0,0.0,12.32,1.79,0.0
20230615:0011,0.0,0.0,0.0,11.31,1.79,0.0
20230615:0111,0.0,0.0,0.0,10.48,1.72,0.0
20230615:0211,0.0,0.0,0.0,9.79,1.79,0.0
20230615:0311,0.0,0.0,0.0,9.22,1.79,0.0
20230615:0411,13110.0,16.61,3.63,8.85,1.79,0.0
20230615:0511,75049.0,53.34,11.18,10.09,1.24,0.0
20230615:0611,220754.0,162.67,19.46,13.27,1.17,0.0
20230615:0711,654511.0,370.21,28.13,15.27,1.45,0.0
20230615:0811,1067867.0,582.0,36.85,17.09,1.59,0.0
20230615:0911,1390281.0,769.23,45.14,18.81,1.72,0.0
20230615:1011,1637692.0,924.14,52.34,20.29,2.07,0.0
20230615:1111,1791792.0,1024.66,57.39,21.4,2.41,0.0
20230615:1211,1788066.0,1021.64,59.04,22.18,2.76,0.0
20230615:1311,1640682.0,928.45,56.74,22.73,2.97,0.0
20230615:1411,1392236.0,776.64,51.23,22.86,3.03,0.0
20230615:1511,1307918.0,720.8,43.79,22.29,3.31,0.0
20230615:1611,969864.0,533.28,35.38,22.04,3.72,0.0
20230615:1711,552391.0,324.64,26.64,21.48,3.79,0.0
20230615:1811,155963.0,129.6,18.01,20.72,3.45,0.0
20230615:1911,57822.0,45.47,9.83,19.7,2.76,0.0
20230615:2011,0.0,1.75,2.44,18.03,2.48,0.0
20230615:2111,0.0,0.0,0.0,16.18,2.28,0.0
20230615:2211,0.0,0.0,0.0,14.79,2.07,0.0
20230615:2311,0.0,0.0,0.0,13.49,1.79,0.0
20230616:0011,0.0,0.0,0.0,12.28,1.38,0.0
20230616:0111,0.0,0.0,0.0,13.3,0.76,0.0
20230616:0211,0.0,0.0,0.0,13.06,0.21,0.0
20230616:0311,0.0,0.0,0.0,12.66,0.69,0.0
20230616:0411,8165.0,13.12,3.64,11.61,0.97,0.0
20230616:0511,75762.0,54.22,11.18,12.21,0.55,0.0
20230616:0611,219167.0,162.62,19.46,13.85,0.34,0.0
20230616:0711,648416.0,370.49,28.13,16.49,0.9,0.0
20230616:0811,1057678.0,579.54,36.85,18.05,1.52,0.0
20230616:0911,1384899.0,767.45,45.15,19.51,1.86,0.0
20230616:1011,1627917.0,921.04,52.35,21.08,2.14,0.0
20230616:1111,1757177.0,1008.96,57.42,22.34,2.34,0.0
20230616:1211,1772104.0,1024.86,59.08,23.23,2.34,0.0
20230616:1311,1704185.0,985.08,56.79,23.78,2.21,0.0
20230616:1411,1546727.0,883.52,51.29,24.02,2.21,0.0
20230616:1511,1304767.0,733.04,43.85,24.23,2.41,0.0
20230616:1611,932075.0,521.14,35.44,24.08,2.69,0.0
20230616:1711,532036.0,314.86,26.7,23.64,3.03,0.0
20230616:1811,159551.0,131.41,18.07,22.92,3.24,0.0
20230616:1911,72358.0,54.22,9.89,21.65,3.1,0.0
20230616:2011,0.0,1.75,2.5,19.87,2.9,0.0
20230616:2111,0.0,0.0,0.0,18.02,2.69,0.0
20230616:2211,0.0,0.0,0.0,16.56,2.41,0.0
20230616:2311,0.0,0.0,0.0,15.35,2.21,0.0
20230617:0011,0.0,0.0,0.0,14.3,2.0,0.0
20230617:0111,0.0,0.0,0.0,13.17,1.93,0.0
20230617:0211,0.0,0.0,0.0,12.26,1.93,0.0
20230617:0311,0.0,0.0,0.0,11.38,1.79,0.0
20230617:0411,8211.0,13.12,3.64,10.83,1.66,0.0
20230617:0511,102143.0,68.21,11.18,11.47,1.24,0.0
20230617:0611,244697.0,163.19,19.45,14.09,1.1,0.0
20230617:0711,506414.0,283.43,28.13,15.87,1.52,0.0
20230617:0811,705755.0,384.78,36.84,17.61,2.0,0.0
20230617:0911,973567.0,530.5,45.15,19.07,2.28,0.0
20230617:1011,806127.0,441.47,52.36,20.08,2.76,0.0
20230617:1111,842973.0,461.53,57.43,20.48,3.17,0.0
20230617:1211,725328.0,399.63,59.12,20.77,2.97,0.0
20230617:1311,274459.0,162.24,56.83,21.0,3.31,0.0
20230617:1411,240626.0,144.63,51.34,21.01,2.97,0.0
20230617:1511,335938.0,194.69,43.9,21.21,2.9,0.0
20230617:1611,238510.0,143.7,35.49,21.33,3.03,0.0
20230617:1711,201319.0,124.07,26.76,21.11,2.9,0.0
20230617:1811,120451.0,80.66,18.12,20.67,2.9,0.0
20230617:1911,35949.0,32.35,9.94,19.5,2.28,0.0
20230617:2011,0.0,1.75,2.55,18.12,2.07,0.0
20230617:2111,0.0,0.0,0.0,16.39,2.28,0.0
20230617:2211,0.0,0.0,0.0,14.89,2.34,0.0
20230617:2311,0.0,0.0,0.0,13.92,2.0,0.0
20230618:0011,0.0,0.0,0.0,12.88,1.79,0.0
20230618:0111,0.0,0.0,0.0,11.88,1.72,0.0
20230618:0211,0.0,0.0,0.0,10.9,1.59,0.0
20230618:0311,0.0,0.0,0.0,10.49,1.31,0.0
20230618:0411,2990.0,8.74,3.64,10.47,1.17,0.0
20230618:0511,95657.0,64.71,11.17,11.22,0.97,0.0
20230618:0611,79603.0,56.55,19.44,13.48,1.03,0.0
20230618:0711,341918.0,193.72,28.12,14.85,1.66,0.0
20230618:0811,807622.0,435.8,36.83,16.54,2.34,0.0
20230618:0911,1077941.0,581.58,45.14,17.78,2.76,0.0
20230618:1011,1577248.0,871.21,52.36,18.8,2.69,0.0
20230618:1111,1177830.0,644.84,57.45,20.28,3.17,0.0
20230618:1211,1638658.0,912.34,59.14,21.5,3.79,0.0
20230618:1311,1309390.0,719.43,56.87,22.17,4.28,0.0
20230618:1411,634524.0,351.53,51.39,22.38,4.48,0.0
20230618:1511,209760.0,128.87,43.95,22.42,4.97,0.0
20230618:1611,140668.0,91.78,35.54,21.62,4.83,0.0
20230618:1711,93702.0,65.82,26.81,20.15,3.38,0.0
20230618:1811,18952.0,21.32,18.17,19.19,2.97,0.0
20230618:1911,13616.0,17.49,9.99,17.61,2.48,0.0
20230618:2011,0.0,2.62,2.6,16.72,2.41,0.0
20230618:2111,0.0,0.0,0.0,16.24,2.07,0.0
20230618:2211,0.0,0.0,0.0,16.04,1.52,0.0
20230618:2311,0.0,0.0,0.0,15.94,1.03,0.0
20230619:0011,0.0,0.0,0.0,15.89,0.76,0.0
20230619:0111,0.0,0.0,0.0,15.9,0.69,0.0
20230619:0211,0.0,0.0,0.0,15.92,0.83,0.0
20230619:0311,0.0,0.0,0.0,15.9,2.07,0.0
20230619:0411,0.0,2.62,3.63,15.79,3.45,0.0
20230619:0511,21436.0,22.74,11.16,15.89,4.21,0.0
20230619:0611,213854.0,158.31,19.43,16.0,4.21,0.0
20230619:0711,635973.0,358.09,28.1,16.95,4.34,0.0
20230619:0811,982146.0,524.73,36.82,17.96,4.97,0.0
20230619:0911,1081736.0,578.57,45.13,18.71,4.83,0.0
20230619:1011,1223577.0,659.75,52.35,19.85,4.9,0.0
20230619:1111,930258.0,504.97,57.45,20.7,4.76,0.0
20230619:1211,740301.0,405.43,59.16,21.04,4.48,0.0
20230619:1311,727329.0,398.82,56.91,21.35,4.62,0.0
20230619:1411,1018486.0,553.96,51.43,21.67,4.76,0.0
20230619:1511,288535.0,169.66,43.99,21.5,4.41,0.0
20230619:1611,953120.0,521.03,35.59,21.35,4.07,0.0
20230619:1711,211876.0,129.64,26.85,21.37,3.72,0.0
20230619:1811,181102.0,135.94,18.22,21.09,3.03,0.0
20230619:1911,69690.0,52.47,10.04,20.45,2.14,0.0
20230619:2011,0.0,1.75,2.64,19.23,1.79,0.0
20230619:2111,0.0,0.0,0.0,17.58,1.31,0.0
20230619:2211,0.0,0.0,0.0,16.21,1.31,0.0
20230619:2311,0.0,0.0,0.0,15.31,1.38,0.0
20230620:0011,0.0,0.0,0.0,16.0,0.9,0.0
20230620:0111,0.0,0.0,0.0,16.17,0.28,0.0
20230620:0211,0.0,0.0,0.0,15.7,0.69,0.0
20230620:0311,0.0,0.0,0.0,14.7,1.1,0.0
20230620:0411,0.0,2.62,3.61,14.6,1.03,0.0
20230620:0511,35351.0,31.48,11.14,15.08,0.76,0.0
20230620:0611,32315.0,29.67,19.41,15.49,0.69,0.0
20230620:0711,66378.0,50.06,28.08,17.69,0.97,0.0
20230620:0811,106168.0,72.31,36.8,18.35,1.03,0.0
20230620:0911,133768.0,87.15,45.11,18.11,0.97,0.0
20230620:1011,121923.0,80.66,52.34,17.86,1.38,0.0
20230620:1111,134182.0,87.15,57.45,17.8,1.86,0.0
20230620:1211,172799.0,107.54,59.18,17.85,2.14,0.0
20230620:1311,145038.0,92.71,56.93,17.48,2.62,0.0
20230620:1411,303324.0,174.3,51.46,16.77,2.69,0.0
20230620:1511,393599.0,220.17,44.03,16.32,2.62,0.0
20230620:1611,443463.0,245.65,35.63,16.31,2.62,0.0
20230620:1711,288995.0,167.31,26.89,16.86,3.31,0.0
20230620:1811,162863.0,132.38,18.26,17.32,3.03,0.0
20230620:1911,11270.0,15.74,10.07,17.25,2.07,0.0
20230620:2011,0.0,1.75,2.67,16.75,2.21,0.0
20230620:2111,0.0,0.0,0.0,16.4,2.48,0.0
20230620:2211,0.0,0.0,0.0,15.85,2.76,0.0
20230620:2311,0.0,0.0,0.0,15.31,3.03,0.0
20230621:0011,0.0,0.0,0.0,14.51,3.1,0.0
20230621:0111,0.0,0.0,0.0,13.9,2.97,0.0
20230621:0211,0.0,0.0,0.0,13.4,2.83,0.0
20230621:0311,0.0,0.0,0.0,13.36,2.9,0.0
20230621:0411,0.0,4.37,3.59,13.43,2.97,0.0
20230621:0511,73646.0,53.34,11.12,14.08,3.1,0.0
20230621:0611,214314.0,158.95,19.38,15.21,3.59,0.0
20230621:0711,614307.0,344.62,28.05,16.83,4.14,0.0
20230621:0811,976603.0,523.18,36.77,18.05,4.55,0.0
20230621:0911,1283170.0,687.09,45.09,18.85,4.9,0.0
20230621:1011,1536469.0,829.1,52.32,19.45,5.38,0.0
20230621:1111,1624145.0,881.21,57.44,19.98,5.72,0.0
20230621:1211,1301984.0,702.5,59.18,20.26,5.79,0.0
20230621:1311,1692225.0,923.78,56.95,20.45,5.45,0.0
20230621:1411,1574212.0,855.39,51.49,20.89,5.45,0.0
20230621:1511,1363624.0,737.63,44.06,20.98,4.97,0.0
20230621:1611,982146.0,534.79,35.66,20.93,4.41,0.0
20230621:1711,561522.0,327.68,26.93,20.75,3.86,0.0
20230621:1811,167578.0,134.44,18.29,20.26,3.03,0.0
20230621:1911,60674.0,47.22,10.1,20.14,1.93,0.0
20230621:2011,299.0,6.12,2.7,18.8,2.14,0.0
20230621:2111,0.0,0.0,0.0,17.23,2.14,0.0
20230621:2211,0.0,0.0,0.0,15.75,1.93,0.0
20230621:2311,0.0,0.0,0.0,14.44,1.86,0.0
20230622:0011,0.0,0.0,0.0,13.4,1.72,0.0
20230622:0111,0.0,0.0,0.0,12.6,1.59,0.0
20230622:0211,0.0,0.0,0.0,12.33,1.45,0.0
20230622:0311,0.0,0.0,0.0,11.84,1.38,0.0
20230622:0411,10488.0,14.87,3.57,11.44,1.31,0.0
20230622:0511,69322.0,50.72,11.09,12.58,0.9,0.0
20230622:0611,212520.0,157.47,19.35,15.02,0.83,0.0
20230622:0711,622127.0,357.07,28.02,17.55,1.17,0.0
20230622:0811,1035897.0,568.49,36.74,18.75,1.66,0.0
20230622:0911,1354240.0,754.54,45.06,19.73,1.45,0.0
20230622:1011,1589369.0,913.74,52.3,20.61,1.03,0.0
20230622:1111,1709130.0,1001.89,57.43,21.42,0.97,0.0
20230622:1211,1724563.0,1025.01,59.18,21.66,0.62,0.0
20230622:1311,1576075.0,928.22,56.96,22.0,0.48,0.0
20230622:1411,882441.0,496.36,51.51,22.0,0.62,0.0
20230622:1511,891273.0,500.32,44.09,21.92,0.62,0.0
20230622:1611,801205.0,445.64,35.69,21.39,1.59,0.0
20230622:1711,331223.0,193.43,26.96,20.97,2.28,0.0
20230622:1811,212658.0,136.16,18.32,20.52,2.55,0.0
20230622:1911,84272.0,60.34,10.13,19.03,2.9,0.0
20230622:2011,0.0,1.75,2.72,17.82,2.83,0.0
20230622:2111,0.0,0.0,0.0,16.38,2.48,0.0
20230622:2211,0.0,0.0,0.0,15.31,2.21,0.0
20230622:2311,0.0,0.0,0.0,14.4,2.14,0.0
20230623:0011,0.0,0.0,0.0,13.75,2.07,0.0
20230623:0111,0.0,0.0,0.0,13.32,1.93,0.0
20230623:0211,0.0,0.0,0.0,12.97,1.86,0.0
20230623:0311,0.0,0.0,0.0,12.74,1.93,0.0
20230623:0411,0.0,2.62,3.53,12.83,1.86,0.0
20230623:0511,4853.0,10.49,11.05,13.52,1.66,0.0
20230623:0611,49542.0,39.87,19.31,14.81,1.93,0.0
20230623:0711,123395.0,80.66,27.98,15.69,2.14,0.0
20230623:0811,232852.0,138.14,36.7,16.72,2.34,0.0
20230623:0911,359927.0,204.19,45.02,17.6,2.41,0.0
20230623:1011,675510.0,369.56,52.27,18.65,2.62,0.0
20230623:1111,461909.0,259.0,57.41,19.68,2.9,0.0
20230623:1211,1005146.0,548.94,59.17,20.64,3.52,0.0
20230623:1311,1542886.0,852.27,56.97,21.5,4.07,0.0
20230623:1411,660261.0,364.69,51.53,22.17,4.48,0.0
20230623:1511,550827.0,307.14,44.11,22.48,4.76,0.0
20230623:1611,178342.0,112.18,35.72,22.13,4.21,0.0
20230623:1711,255737.0,153.13,26.98,21.55,3.17,0.0
20230623:1811,47886.0,39.87,18.34,21.4,3.86,0.0
20230623:1911,18469.0,20.99,10.15,19.07,4.0,0.0
20230623:2011,0.0,1.75,2.74,18.3,3.93,0.0
20230623:2111,0.0,0.0,0.0,17.99,3.86,0.0
20230623:2211,0.0,0.0,0.0,17.94,3.79,0.0
20230623:2311,0.0,0.0,0.0,17.82,3.93,0.0
20230624:0011,0.0,0.0,0.0,17.89,4.0,0.0
20230624:0111,0.0,0.0,0.0,17.82,4.0,0.0
20230624:0211,0.0,0.0,0.0,17.89,4.07,0.0
20230624:0311,0.0,0.0,0.0,17.74,4.0,0.0
20230624:0411,0.0,4.37,3.5,17.66,3.93,0.0
20230624:0511,4692.0,10.49,11.01,17.81,3.86,0.0
20230624:0611,134527.0,87.53,19.27,18.31,3.38,0.0
20230624:0711,151294.0,96.42,27.94,18.89,4.34,0.0
20230624:0811,282601.0,165.02,36.66,19.57,5.1,0.0
20230624:0911,332718.0,191.91,44.98,20.81,5.03,0.0
20230624:1011,345161.0,199.33,52.23,22.06,5.45,0.0
20230624:1111,390931.0,223.43,57.38,22.17,5.03,0.0
20230624:1211,1227533.0,671.99,59.16,22.5,4.9,0.0
20230624:1311,1196414.0,655.99,56.97,23.37,5.17,0.0
20230624:1411,1518644.0,838.77,51.54,23.87,4.97,0.0
20230624:1511,1165893.0,639.82,44.13,23.77,4.48,0.0
20230624:1611,914043.0,505.78,35.74,24.07,4.21,0.0
20230624:1711,552552.0,328.37,27.0,23.96,3.52,0.0
20230624:1811,159022.0,133.56,18.36,23.56,2.41,0.0
20230624:1911,62767.0,48.97,10.17,22.7,0.9,0.0
20230624:2011,0.0,1.75,2.75,21.77,0.55,0.0
20230624:2111,0.0,0.0,0.0,19.96,1.72,0.0
20230624:2211,0.0,0.0,0.0,18.74,2.07,0.0
20230624:2311,0.0,0.0,0.0,18.22,2.28,0.0
20230625:0011,0.0,0.0,0.0,18.03,2.62,0.0
20230625:0111,0.0,0.0,0.0,17.87,2.76,0.0
20230625:0211,0.0,0.0,0.0,17.7,2.9,0.0
20230625:0311,0.0,0.0,0.0,17.41,3.03,0.0
20230625:0411,5727.0,11.37,3.45,17.22,3.24,0.0
20230625:0511,70817.0,52.47,10.97,17.5,3.31,0.0
20230625:0611,202216.0,154.18,19.22,18.72,3.59,0.0
20230625:0711,614813.0,352.65,27.89,20.4,4.76,0.0
20230625:0811,1007699.0,546.58,36.61,21.46,5.24,0.0
20230625:0911,875058.0,477.0,44.94,22.55,5.38,0.0
20230625:1011,1548015.0,851.76,52.19,23.74,5.59,0.0
20230625:1111,1608321.0,893.5,57.35,24.85,5.72,0.0
20230625:1211,1156394.0,638.25,59.14,25.67,6.21,0.0
20230625:1311,382375.0,222.51,56.96,26.19,6.28,0.0
20230625:1411,1018095.0,561.4,51.54,25.98,6.34,0.0
20230625:1511,1355666.0,735.71,44.14,22.49,5.52,0.0
20230625:1611,523043.0,290.05,35.75,20.41,4.69,0.0
20230625:1711,249320.0,148.66,27.01,19.79,2.83,0.0
20230625:1811,180573.0,113.84,18.37,19.61,2.9,0.0
20230625:1911,81305.0,58.59,10.18,18.64,3.03,0.0
20230625:2011,0.0,1.75,2.75,17.52,3.66,0.0
20230625:2111,0.0,0.0,0.0,16.51,3.86,0.0
20230625:2211,0.0,0.0,0.0,15.51,3.52,0.0
20230625:2311,0.0,0.0,0.0,14.67,3.31,0.0
20230626:0011,0.0,0.0,0.0,14.31,3.79,0.0
20230626:0111,0.0,0.0,0.0,14.17,4.14,0.0
20230626:0211,0.0,0.0,0.0,13.9,4.07,0.0
20230626:0311,0.0,0.0,0.0,13.44,3.79,0.0
20230626:0411,1150.0,7.0,3.4,13.23,3.59,0.0
20230626:0511,67597.0,49.84,10.91,13.42,3.66,0.0
20230626:0611,216844.0,156.27,19.17,14.26,4.0,0.0
20230626:0711,610995.0,340.56,27.84,15.35,4.48,0.0
20230626:0811,703961.0,375.93,36.56,16.14,5.45,0.0
20230626:0911,1065015.0,560.85,44.88,16.57,6.14,0.0
20230626:1011,764819.0,406.81,52.14,16.49,6.34,0.0
20230626:1111,1648916.0,877.01,57.3,17.04,6.62,0.0
20230626:1211,1530857.0,813.98,59.11,17.42,6.69,0.0
20230626:1311,1680564.0,897.16,56.95,17.59,6.55,0.0
20230626:1411,1564322.0,829.83,51.54,17.79,6.83,0.0
20230626:1511,1348927.0,712.54,44.14,17.84,6.48,0.0
20230626:1611,925635.0,492.67,35.75,17.53,6.14,0.0
20230626:1711,561752.0,317.86,27.02,17.36,6.14,0.0
20230626:1811,188048.0,140.41,18.38,17.11,5.59,0.0
20230626:1911,82248.0,58.59,10.18,16.59,4.55,0.0
20230626:2011,5796.0,11.37,2.75,15.85,3.66,0.0
20230626:2111,0.0,0.0,0.0,14.87,3.24,0.0
20230626:2211,0.0,0.0,0.0,14.13,2.97,0.0
20230626:2311,0.0,0.0,0.0,13.63,2.69,0.0
20230627:0011,0.0,0.0,0.0,13.01,2.62,0.0
20230627:0111,0.0,0.0,0.0,12.83,2.48,0.0
20230627:0211,0.0,0.0,0.0,12.7,2.28,0.0
20230627:0311,0.0,0.0,0.0,12.49,2.0,0.0
20230627:0411,2024.0,7.87,3.35,12.39,1.93,0.0
20230627:0511,86848.0,60.34,10.86,12.92,1.86,0.0
20230627:0611,185472.0,113.74,19.11,14.41,1.93,0.0
20230627:0711,379224.0,213.23,27.78,15.16,2.55,0.0
20230627:0811,270595.0,156.68,36.5,15.97,3.72,0.0
20230627:0911,292744.0,167.81,44.83,16.08,4.69,0.0
20230627:1011,153502.0,96.42,52.09,16.02,4.48,0.0
20230627:1111,104259.0,70.46,57.26,16.22,4.55,0.0
20230627:1211,196213.0,118.67,59.07,16.45,5.1,0.0
20230627:1311,185127.0,113.11,56.93,16.79,5.31,0.0
20230627:1411,251367.0,147.41,51.53,17.36,5.66,0.0
20230627:1511,208863.0,126.09,44.14,18.26,5.52,0.0
20230627:1611,201664.0,122.38,35.76,17.97,4.07,0.0
20230627:1711,171649.0,106.62,27.02,17.53,3.45,0.0
20230627:1811,29049.0,27.81,18.38,17.51,2.9,0.0
20230627:1911,3726.0,9.62,10.18,17.2,2.69,0.0
20230627:2011,0.0,1.75,2.75,17.34,2.76,0.0
20230627:2111,0.0,0.0,0.0,17.24,3.1,0.0
20230627:2211,0.0,0.0,0.0,17.23,3.45,0.0
20230627:2311,0.0,0.0,0.0,17.33,3.59,0.0
20230628:0011,0.0,0.0,0.0,17.27,3.59,0.0
20230628:0111,0.0,0.0,0.0,17.08,3.38,0.0
20230628:0211,0.0,0.0,0.0,16.85,3.03,0.0
20230628:0311,0.0,0.0,0.0,16.72,2.69,0.0
20230628:0411,0.0,1.75,3.29,16.75,2.41,0.0
20230628:0511,36455.0,32.35,10.8,16.92,2.28,0.0
20230628:0611,230644.0,144.61,19.05,17.27,2.21,0.0
20230628:0711,404041.0,229.15,27.72,17.98,2.9,0.0
20230628:0811,650233.0,355.76,36.44,18.66,2.76,0.0
20230628:0911,919701.0,496.7,44.77,19.12,3.59,0.0
20230628:1011,886926.0,479.4,52.03,19.45,4.21,0.0
20230628:1111,963286.0,521.45,57.2,19.96,4.41,0.0
20230628:1211,1042682.0,564.37,59.03,20.67,5.1,0.0
20230628:1311,225285.0,136.28,56.9,21.06,4.76,0.0
20230628:1411,279910.0,165.02,51.51,21.42,4.76,0.0
20230628:1511,123740.0,82.51,44.13,21.27,5.1,0.0
20230628:1611,88527.0,63.04,35.75,20.71,5.24,0.0
20230628:1711,150627.0,96.42,27.02,19.78,4.34,0.0
20230628:1811,106030.0,72.31,18.37,19.2,3.66,0.0
20230628:1911,67413.0,50.72,10.17,18.27,2.62,0.0
20230628:2011,0.0,1.75,2.73,17.61,2.69,0.0
20230628:2111,0.0,0.0,0.0,16.93,2.9,0.0
20230628:2211,0.0,0.0,0.0,16.22,3.1,0.0
20230628:2311,0.0,0.0,0.0,15.78,3.17,0.0
20230629:0011,0.0,0.0,0.0,15.26,3.17,0.0
20230629:0111,0.0,0.0,0.0,14.86,3.1,0.0
20230629:0211,0.0,0.0,0.0,14.33,3.1,0.0
20230629:0311,0.0,0.0,0.0,13.56,3.03,0.0
20230629:0411,9246.0,13.99,3.22,12.48,3.03,0.0
20230629:0511,66355.0,48.97,10.73,12.39,2.9,0.0
20230629:0611,199824.0,153.57,18.98,13.15,2.97,0.0
20230629:0711,629717.0,352.7,27.65,14.32,3.24,0.0
20230629:0811,1003145.0,534.15,36.37,15.62,3.59,0.0
20230629:0911,1393547.0,743.67,44.7,16.59,4.0,0.0
20230629:1011,987436.0,527.42,51.97,17.43,4.48,0.0
20230629:1111,416507.0,232.7,57.14,17.99,4.41,0.0
20230629:1211,881590.0,474.07,58.98,17.86,4.21,0.0
20230629:1311,1024742.0,549.5,56.86,17.88,4.34,0.0
20230629:1411,1005836.0,538.33,51.49,17.77,4.34,0.0
20230629:1511,1078286.0,575.1,44.12,17.69,4.48,0.0
20230629:1611,873379.0,468.14,35.74,17.73,4.76,0.0
20230629:1711,548918.0,310.33,27.01,17.44,4.83,0.0
20230629:1811,175398.0,139.01,18.36,16.92,4.41,0.0
20230629:1911,65090.0,48.97,10.15,16.17,3.66,0.0
20230629:2011,3795.0,9.62,2.71,15.34,3.17,0.0
20230629:2111,0.0,0.0,0.0,13.89,3.03,0.0
20230629:2211,0.0,0.0,0.0,12.97,2.83,0.0
20230629:2311,0.0,0.0,0.0,12.32,2.55,0.0
20230630:0011,0.0,0.0,0.0,11.98,2.48,0.0
20230630:0111,0.0,0.0,0.0,11.76,2.48,0.0
20230630:0211,0.0,0.0,0.0,11.42,2.48,0.0
20230630:0311,0.0,0.0,0.0,11.09,2.55,0.0
20230630:0411,0.0,1.75,3.15,10.99,2.62,0.0
20230630:0511,11661.0,15.74,10.66,11.92,2.55,0.0
20230630:0611,159712.0,98.99,18.91,13.22,2.9,0.0
20230630:0711,250217.0,145.31,27.58,14.23,3.66,0.0
20230630:0811,344609.0,193.16,36.3,14.86,4.34,0.0
20230630:0911,188094.0,114.03,44.63,15.44,4.83,0.0
20230630:1011,451214.0,247.23,51.89,15.62,5.66,0.0
20230630:1111,0.0,0.0,0.0,15.32,5.1,0.0
20230630:1211,729238.0,388.3,58.92,15.11,4.83,0.0
20230630:1311,215556.0,127.94,56.82,15.15,4.9,0.0
20230630:1411,277265.0,159.46,51.46,15.19,4.07,0.0
20230630:1511,261947.0,152.05,44.1,15.85,4.41,0.0
20230630:1611,149776.0,94.56,35.73,16.2,4.21,0.0
20230630:1711,116449.0,76.95,27.0,16.01,3.79,0.0
20230630:1811,70472.0,51.92,18.35,15.88,3.72,0.0
20230630:1911,16215.0,19.24,10.13,16.26,3.59,0.0
20230630:2011,0.0,1.75,2.69,16.17,3.66,0.0
20230630:2111,0.0,0.0,0.0,16.17,3.86,0.0
20230630:2211,0.0,0.0,0.0,16.24,3.93,0.0
20230630:2311,0.0,0.0,0.0,16.22,3.93,0.0
20230701:0011,0.0,0.0,0.0,16.1,4.0,0.0
20230701:0111,0.0,0.0,0.0,16.03,4.21,0.0
20230701:0211,0.0,0.0,0.0,15.85,4.34,0.0
20230701:0311,0.0,0.0,0.0,15.61,4.41,0.0
20230701:0411,0.0,1.75,3.07,15.42,4.41,0.0
20230701:0511,33925.0,30.61,10.58,15.34,4.41,0.0
20230701:0611,96002.0,65.82,18.83,15.46,4.07,0.0
20230701:0711,178917.0,109.4,27.5,15.62,4.76,0.0
20230701:0811,343183.0,193.16,36.22,16.11,5.45,0.0
20230701:0911,822664.0,435.61,44.55,16.79,6.83,0.0
20230701:1011,813372.0,432.16,51.82,17.07,6.76,0.0
20230701:1111,1436741.0,760.62,57.0,17.75,7.38,0.0
20230701:1211,242098.0,142.77,58.86,17.9,7.45,0.0
20230701:1311,1295659.0,685.9,56.78,17.93,7.24,0.0
20230701:1411,797617.0,424.04,51.43,17.61,7.86,0.0
20230701:1511,1221185.0,639.39,44.07,16.73,7.38,0.0
20230701:1611,535647.0,290.13,35.71,16.66,7.31,0.0
20230701:1711,308522.0,176.46,26.98,16.8,7.1,0.0
20230701:1811,168705.0,137.77,18.32,16.29,5.93,0.0
20230701:1911,84387.0,59.46,10.11,15.42,6.07,0.0
20230701:2011,6923.0,12.24,2.65,14.37,5.72,0.0
20230701:2111,0.0,0.0,0.0,13.54,5.38,0.0
20230701:2211,0.0,0.0,0.0,12.77,5.17,0.0
20230701:2311,0.0,0.0,0.0,12.38,4.97,0.0
20230702:0011,0.0,0.0,0.0,12.15,4.76,0.0
20230702:0111,0.0,0.0,0.0,11.85,4.55,0.0
20230702:0211,0.0,0.0,0.0,11.7,4.41,0.0
20230702:0311,0.0,0.0,0.0,11.54,4.28,0.0
20230702:0411,0.0,1.75,2.99,11.6,4.21,0.0
20230702:0511,95611.0,64.71,10.5,11.95,4.07,0.0
20230702:0611,236762.0,153.93,18.75,12.8,3.86,0.0
20230702:0711,377936.0,209.98,27.42,13.98,6.0,0.0
20230702:0811,694439.0,367.96,36.14,14.69,6.21,0.0
20230702:0911,717738.0,379.99,44.47,15.12,6.28,0.0
20230702:1011,479918.0,260.54,51.74,14.86,6.34,0.0
20230702:1111,727904.0,386.23,56.93,15.42,6.62,0.0
20230702:1211,336145.0,189.13,58.79,16.02,7.52,0.0
20230702:1311,543191.0,293.47,56.72,16.31,8.14,0.0
20230702:1411,640113.0,341.73,51.39,16.19,8.28,0.0
20230702:1511,632201.0,337.28,44.04,15.98,7.86,0.0
20230702:1611,971566.0,509.7,35.68,15.64,7.59,0.0
20230702:1711,337824.0,190.49,26.95,15.29,6.48,0.0
20230702:1811,29463.0,27.81,18.3,15.2,6.48,0.0
20230702:1911,59547.0,45.47,10.07,14.37,5.79,0.0
20230702:2011,0.0,1.75,2.62,13.65,5.45,0.0
20230702:2111,0.0,0.0,0.0,12.76,4.9,0.0
20230702:2211,0.0,0.0,0.0,12.13,4.48,0.0
20230702:2311,0.0,0.0,0.0,11.55,4.14,0.0
20230703:0011,0.0,0.0,0.0,11.04,3.86,0.0
20230703:0111,0.0,0.0,0.0,10.72,3.72,0.0
20230703:0211,0.0,0.0,0.0,10.51,3.72,0.0
20230703:0311,0.0,0.0,0.0,10.58,3.93,0.0
20230703:0411,6003.0,11.37,2.9,10.69,4.14,0.0
20230703:0511,16744.0,19.24,10.41,11.08,4.34,0.0
20230703:0611,232070.0,139.52,18.67,11.72,4.41,0.0
20230703:0711,650693.0,360.67,27.33,12.97,6.21,0.0
20230703:0811,514901.0,276.34,36.05,13.63,6.34,0.0
20230703:0911,687309.0,363.38,44.38,14.21,6.07,0.0
20230703:1011,317262.0,178.93,51.65,14.69,5.72,0.0
20230703:1111,312225.0,176.15,56.84,14.36,5.72,0.0
20230703:1211,497582.0,269.22,58.72,14.06,5.03,0.0
20230703:1311,1326778.0,698.73,56.66,14.12,4.76,0.0
20230703:1411,1502751.0,792.46,51.34,14.51,5.03,0.0
20230703:1511,1383841.0,725.16,44.0,15.45,5.86,0.0
20230703:1611,1030860.0,540.95,35.65,15.6,7.03,0.0
20230703:1711,599725.0,336.47,26.92,15.12,6.62,0.0
20230703:1811,181815.0,139.84,18.26,14.66,5.93,0.0
20230703:1911,86411.0,60.34,10.04,14.43,5.59,0.0
20230703:2011,0.0,1.75,2.57,13.19,4.83,0.0
20230703:2111,0.0,0.0,0.0,12.27,4.28,0.0
20230703:2211,0.0,0.0,0.0,11.6,4.07,0.0
20230703:2311,0.0,0.0,0.0,11.14,4.28,0.0
20230704:0011,0.0,0.0,0.0,10.83,4.14,0.0
20230704:0111,0.0,0.0,0.0,10.6,4.07,0.0
20230704:0211,0.0,0.0,0.0,10.54,4.14,0.0
20230704:0311,0.0,0.0,0.0,10.4,4.0,0.0
20230704:0411,8234.0,13.12,2.81,10.3,3.79,0.0
20230704:0511,92874.0,62.96,10.32,10.71,3.72,0.0
20230704:0611,193982.0,147.9,18.57,12.02,4.0,0.0
20230704:0711,624956.0,346.55,27.24,13.38,5.86,0.0
20230704:0811,863052.0,452.62,35.96,14.22,6.21,0.0
20230704:0911,614560.0,328.77,44.29,15.26,5.72,0.0
20230704:1011,425638.0,234.87,51.56,16.11,5.59,0.0
20230704:1111,849137.0,451.32,56.75,16.48,5.66,0.0
20230704:1211,1788802.0,962.39,58.63,16.89,5.59,0.0
20230704:1311,1705772.0,916.49,56.59,17.28,5.52,0.0
20230704:1411,1610483.0,862.99,51.29,17.46,5.17,0.0
20230704:1511,1369696.0,730.76,43.96,17.4,4.48,0.0
20230704:1611,956616.0,513.05,35.61,17.4,4.0,0.0
20230704:1711,384445.0,217.7,26.88,17.16,3.66,0.0
20230704:1811,171879.0,107.25,18.22,16.66,3.1,0.0
20230704:1911,85537.0,60.34,9.99,15.94,2.14,0.0
20230704:2011,1127.0,7.0,2.52,14.9,1.93,0.0
20230704:2111,0.0,0.0,0.0,13.7,2.0,0.0
20230704:2211,0.0,0.0,0.0,12.53,2.14,0.0
20230704:2311,0.0,0.0,0.0,11.7,2.14,0.0
20230705:0011,0.0,0.0,0.0,10.81,2.28,0.0
20230705:0111,0.0,0.0,0.0,10.23,2.28,0.0
20230705:0211,0.0,0.0,0.0,10.14,2.07,0.0
20230705:0311,0.0,0.0,0.0,9.85,2.0,0.0
20230705:0411,0.0,1.75,2.71,9.65,2.21,0.0
20230705:0511,91264.0,62.09,10.22,10.43,2.28,0.0
20230705:0611,229586.0,139.42,18.48,12.35,2.97,0.0
20230705:0711,0.0,0.0,0.0,13.21,3.86,0.0
20230705:0811,1071662.0,564.37,35.87,14.27,4.41,0.0
20230705:0911,1011678.0,532.25,44.19,15.29,5.03,0.0
20230705:1011,447580.0,246.0,51.46,16.06,5.45,0.0
20230705:1111,746764.0,398.01,56.65,15.86,5.24,0.0
20230705:1211,273125.0,157.61,58.54,15.96,5.45,0.0
20230705:1311,208748.0,125.16,56.52,16.65,5.72,0.0
20230705:1411,403282.0,224.36,51.23,16.99,5.86,0.0
20230705:1511,339089.0,191.91,43.91,17.08,5.59,0.0
20230705:1611,461196.0,253.74,35.56,16.95,5.31,0.0
20230705:1711,233128.0,137.87,26.84,16.77,5.24,0.0
20230705:1811,152421.0,96.46,18.18,16.3,4.69,0.0
20230705:1911,63687.0,48.1,9.94,15.8,3.79,0.0
20230705:2011,0.0,5.25,2.46,14.77,3.24,0.0
20230705:2111,0.0,0.0,0.0,13.55,3.03,0.0
20230705:2211,0.0,0.0,0.0,13.04,2.76,0.0
20230705:2311,0.0,0.0,0.0,12.6,2.83,0.0
20230706:0011,0.0,0.0,0.0,12.34,2.83,0.0
20230706:0111,0.0,0.0,0.0,12.18,2.9,0.0
20230706:0211,0.0,0.0,0.0,12.15,2.76,0.0
20230706:0311,0.0,0.0,0.0,12.54,2.76,0.0
20230706:0411,0.0,1.75,2.61,12.3,2.76,0.0
20230706:0511,38801.0,33.23,10.12,12.53,2.83,0.0
20230706:0611,135999.0,86.58,18.38,13.39,3.31,0.0
20230706:0711,203435.0,121.45,27.05,14.47,4.48,0.0
20230706:0811,327681.0,184.72,35.77,14.92,4.21,0.0
20230706:0911,658950.0,353.16,44.09,15.92,4.62,0.0
20230706:1011,1065682.0,566.07,51.35,16.39,4.41,0.0
20230706:1111,899921.0,480.94,56.55,17.44,4.9,0.0
20230706:1211,1217896.0,651.64,58.45,18.36,5.38,0.0
20230706:1311,1190342.0,637.53,56.44,19.18,5.79,0.0
20230706:1411,450041.0,250.95,51.16,19.38,5.31,0.0
20230706:1511,400407.0,225.77,43.85,19.6,4.9,0.0
20230706:1611,284441.0,166.05,35.51,19.69,5.03,0.0
20230706:1711,418025.0,238.08,26.79,19.28,4.14,0.0
20230706:1811,207598.0,130.18,18.12,18.28,3.52,0.0
20230706:1911,83122.0,59.46,9.88,18.23,4.41,0.0
20230706:2011,4692.0,10.49,2.4,17.81,4.62,0.0
20230706:2111,0.0,0.0,0.0,17.21,4.62,0.0
20230706:2211,0.0,0.0,0.0,16.67,4.9,0.0
20230706:2311,0.0,0.0,0.0,16.03,5.1,0.0
20230707:0011,0.0,0.0,0.0,15.6,5.17,0.0
20230707:0111,0.0,0.0,0.0,15.09,5.17,0.0
20230707:0211,0.0,0.0,0.0,14.76,5.03,0.0
20230707:0311,0.0,0.0,0.0,14.39,4.76,0.0
20230707:0411,0.0,1.75,2.5,13.89,4.48,0.0
20230707:0511,72128.0,52.47,10.02,14.09,4.41,0.0
20230707:0611,208955.0,128.2,18.28,15.0,4.0,0.0
20230707:0711,360341.0,203.68,26.94,16.49,4.97,0.0
20230707:0811,1005951.0,536.86,35.66,17.97,5.31,0.0
20230707:0911,1137580.0,607.99,43.99,19.68,5.79,0.0
20230707:1011,1573085.0,851.75,51.25,20.94,5.93,0.0
20230707:1111,1774726.0,974.94,56.44,21.86,5.79,0.0
20230707:1211,1772587.0,981.05,58.35,22.6,5.52,0.0
20230707:1311,1732452.0,961.11,56.35,23.13,5.24,0.0
20230707:1411,1521864.0,839.41,51.09,23.69,5.1,0.0
20230707:1511,1346535.0,738.27,43.79,24.03,5.1,0.0
20230707:1611,980053.0,540.08,35.45,24.21,4.97,0.0
20230707:1711,556600.0,328.13,26.73,24.34,4.55,0.0
20230707:1811,172615.0,137.88,18.07,24.11,3.38,0.0
20230707:1911,59800.0,47.22,9.82,23.02,3.24,0.0
20230707:2011,1840.0,7.87,2.33,21.15,3.38,0.0
20230707:2111,0.0,0.0,0.0,19.59,3.59,0.0
20230707:2211,0.0,0.0,0.0,19.0,3.93,0.0
20230707:2311,0.0,0.0,0.0,18.75,4.28,0.0
20230708:0011,0.0,0.0,0.0,18.2,4.07,0.0
20230708:0111,0.0,0.0,0.0,17.5,3.86,0.0
20230708:0211,0.0,0.0,0.0,16.87,3.72,0.0
20230708:0311,0.0,0.0,0.0,16.39,3.59,0.0
20230708:0411,0.0,3.5,2.39,16.06,3.38,0.0
20230708:0511,74336.0,54.22,9.91,16.45,3.24,0.0
20230708:0611,189198.0,141.48,18.17,17.97,3.1,0.0
20230708:0711,446039.0,254.71,26.84,20.31,4.21,0.0
20230708:0811,538706.0,299.54,35.56,21.64,4.97,0.0
20230708:0911,1066533.0,579.55,43.87,22.7,5.38,0.0
20230708:1011,142945.0,93.64,51.13,23.33,5.38,0.0
20230708:1111,296585.0,175.22,56.32,23.5,5.03,0.0
20230708:1211,288535.0,171.51,58.24,24.1,4.76,0.0
20230708:1311,379914.0,220.65,56.25,24.88,4.28,0.0
20230708:1411,232921.0,142.77,51.01,25.05,4.34,0.0
20230708:1511,573896.0,322.9,43.72,24.79,4.34,0.0
20230708:1611,114931.0,78.8,35.39,24.49,4.28,0.0
20230708:1711,90183.0,64.9,26.67,24.18,4.0,0.0
20230708:1811,157826.0,102.67,18.0,23.41,3.93,0.0
20230708:1911,78476.0,57.71,9.75,21.69,2.9,0.0
20230708:2011,0.0,0.87,2.26,20.11,3.17,0.0
20230708:2111,0.0,0.0,0.0,18.96,3.31,0.0
20230708:2211,0.0,0.0,0.0,18.27,3.45,0.0
20230708:2311,0.0,0.0,0.0,17.94,3.03,0.0
20230709:0011,0.0,0.0,0.0,17.58,2.76,0.0
20230709:0111,0.0,0.0,0.0,17.28,2.97,0.0
20230709:0211,0.0,0.0,0.0,17.15,3.17,0.0
20230709:0311,0.0,0.0,0.0,17.21,3.38,0.0
20230709:0411,0.0,0.87,2.27,17.11,3.45,0.0
20230709:0511,67965.0,50.72,9.79,16.82,3.45,0.0
20230709:0611,218109.0,139.01,18.05,16.56,2.69,0.0
20230709:0711,444866.0,251.57,26.72,16.98,2.28,0.0
20230709:0811,589835.0,323.5,35.44,17.94,2.48,0.0
20230709:0911,237774.0,141.85,43.76,18.76,2.55,0.0
20230709:1011,735747.0,403.07,51.01,19.64,2.62,0.0
20230709:1111,829702.0,454.22,56.2,20.42,3.1,0.0
20230709:1211,1335242.0,735.03,58.12,20.96,3.45,0.0
20230709:1311,1709314.0,953.06,56.15,21.49,3.79,0.0
20230709:1411,1545830.0,852.86,50.92,21.52,3.86,0.0
20230709:1511,1211939.0,660.33,43.65,21.14,3.72,0.0
20230709:1611,767556.0,421.36,35.32,21.25,3.59,0.0
20230709:1711,522997.0,302.3,26.6,21.19,3.52,0.0
20230709:1811,18906.0,21.32,17.93,19.55,3.93,0.0
20230709:1911,31763.0,29.73,9.68,19.45,2.69,0.0
20230709:2011,0.0,0.87,2.17,18.5,3.03,0.0
20230709:2111,0.0,0.0,0.0,17.49,3.17,0.0
20230709:2211,0.0,0.0,0.0,16.06,2.83,0.0
20230709:2311,0.0,0.0,0.0,15.08,2.55,0.0
20230710:0011,0.0,0.0,0.0,14.22,2.48,0.0
20230710:0111,0.0,0.0,0.0,13.65,2.28,0.0
20230710:0211,0.0,0.0,0.0,13.01,2.21,0.0
20230710:0311,0.0,0.0,0.0,12.61,2.14,0.0
20230710:0411,0.0,1.75,2.15,12.13,2.14,0.0
20230710:0511,63089.0,47.22,9.67,12.64,2.0,0.0
20230710:0611,186254.0,114.81,17.94,14.3,2.14,0.0
20230710:0711,424856.0,238.82,26.61,15.6,2.41,0.0
20230710:0811,1059035.0,569.27,35.33,16.9,3.17,0.0
20230710:0911,1058736.0,566.98,43.64,18.35,4.21,0.0
20230710:1011,847527.0,457.83,50.89,19.3,4.41,0.0
20230710:1111,944978.0,510.31,56.08,20.17,5.24,0.0
20230710:1211,836855.0,453.59,58.0,20.4,5.38,0.0
20230710:1311,267237.0,156.68,56.04,18.63,4.0,0.0
20230710:1411,544410.0,299.16,50.83,18.05,3.45,0.0
20230710:1511,650371.0,352.15,43.57,18.22,4.83,0.0
20230710:1611,267835.0,155.75,35.25,17.1,5.03,0.0
20230710:1711,105639.0,71.39,26.53,17.0,5.45,0.0
20230710:1811,86710.0,61.19,17.86,17.38,6.0,0.0
20230710:1911,10097.0,14.87,9.6,17.59,5.72,0.0
20230710:2011,0.0,0.87,2.09,17.06,5.31,0.0
20230710:2111,0.0,0.0,0.0,16.48,4.97,0.0
20230710:2211,0.0,0.0,0.0,15.92,4.55,0.0
20230710:2311,0.0,0.0,0.0,15.15,4.48,0.0
20230711:0011,0.0,0.0,0.0,14.88,4.34,0.0
20230711:0111,0.0,0.0,0.0,14.52,3.72,0.0
20230711:0211,0.0,0.0,0.0,14.39,3.79,0.0
20230711:0311,0.0,0.0,0.0,14.2,2.97,0.0
20230711:0411,0.0,0.87,2.02,14.07,2.14,0.0
20230711:0511,17687.0,20.11,9.55,14.28,1.79,0.0
20230711:0611,149500.0,94.65,17.81,14.88,1.93,0.0
20230711:0711,223353.0,132.46,26.49,15.84,4.07,0.0
20230711:0811,779792.0,415.84,35.21,16.43,5.1,0.0
20230711:0911,1002455.0,529.66,43.52,16.89,5.72,0.0
20230711:1011,905878.0,482.32,50.76,17.57,5.59,0.0
20230711:1111,670312.0,362.86,55.94,18.43,5.52,0.0
20230711:1211,958709.0,513.84,57.87,18.66,5.38,0.0
20230711:1311,288443.0,167.81,55.93,19.22,4.97,0.0
20230711:1411,1280479.0,685.96,50.73,18.73,5.1,0.0
20230711:1511,393990.0,220.23,43.48,17.46,5.24,0.0
20230711:1611,487393.0,268.21,35.17,17.59,4.55,0.0
20230711:1711,492821.0,277.68,26.45,17.26,4.34,0.0
20230711:1811,174432.0,137.16,17.78,17.04,4.14,0.0
20230711:1911,60283.0,46.35,9.51,16.82,3.86,0.0
20230711:2011,2829.0,8.74,1.99,15.82,3.66,0.0
20230711:2111,0.0,0.0,0.0,14.65,3.45,0.0
20230711:2211,0.0,0.0,0.0,13.83,3.24,0.0
20230711:2311,0.0,0.0,0.0,13.13,3.17,0.0
20230712:0011,0.0,0.0,0.0,12.64,3.1,0.0
20230712:0111,0.0,0.0,0.0,12.43,3.17,0.0
20230712:0211,0.0,0.0,0.0,12.44,3.24,0.0
20230712:0311,0.0,0.0,0.0,12.4,3.24,0.0
20230712:0411,0.0,0.87,1.89,12.3,3.45,0.0
20230712:0511,30084.0,27.98,9.42,12.91,3.72,0.0
20230712:0611,89930.0,62.12,17.69,13.82,4.28,0.0
20230712:0711,426581.0,237.15,26.36,14.88,6.07,0.0
20230712:0811,293365.0,167.0,35.08,14.87,5.86,0.0
20230712:0911,454572.0,248.19,43.39,15.33,6.34,0.0
20230712:1011,368667.0,205.82,50.63,16.16,6.69,0.0
20230712:1111,583234.0,314.98,55.81,16.67,6.41,0.0
20230712:1211,884695.0,469.88,57.74,17.11,6.41,0.0
20230712:1311,1264195.0,668.12,55.81,17.2,6.69,0.0
20230712:1411,404938.0,225.29,50.63,17.34,6.69,0.0
20230712:1511,719095.0,384.01,43.39,17.32,6.62,0.0
20230712:1611,431572.0,238.58,35.08,17.33,6.69,0.0
20230712:1711,160126.0,100.13,26.36,16.9,6.0,0.0
20230712:1811,215165.0,138.75,17.69,16.53,5.72,0.0
20230712:1911,68310.0,50.72,9.42,15.98,4.69,0.0
20230712:2011,0.0,0.87,1.89,15.26,4.62,0.0
20230712:2111,0.0,0.0,0.0,14.37,4.07,0.0
20230712:2211,0.0,0.0,0.0,13.55,3.79,0.0
20230712:2311,0.0,0.0,0.0,13.16,3.72,0.0
20230713:0011,0.0,0.0,0.0,12.77,3.66,0.0
20230713:0111,0.0,0.0,0.0,12.7,3.45,0.0
20230713:0211,0.0,0.0,0.0,12.68,3.31,0.0
20230713:0311,0.0,0.0,0.0,12.39,3.17,0.0
20230713:0411,0.0,0.87,1.75,12.05,2.97,0.0
20230713:0511,74267.0,53.34,9.29,12.45,2.97,0.0
20230713:0611,182505.0,137.18,17.56,13.36,3.72,0.0
20230713:0711,488014.0,272.15,26.24,14.6,3.45,0.0
20230713:0811,973107.0,516.8,34.95,15.74,4.28,0.0
20230713:0911,1240942.0,658.43,43.26,16.44,4.34,0.0
20230713:1011,1497047.0,801.56,50.49,16.97,4.55,0.0
20230713:1111,1279306.0,683.35,55.66,17.45,4.9,0.0
20230713:1211,1478808.0,794.53,57.6,18.06,5.24,0.0
20230713:1311,1420986.0,763.19,55.68,18.15,5.03,0.0
20230713:1411,856704.0,459.84,50.51,18.42,4.9,0.0
20230713:1511,644690.0,350.16,43.29,18.51,4.41,0.0
20230713:1611,671692.0,365.0,34.99,18.64,4.21,0.0
20230713:1711,467360.0,264.64,26.27,18.31,4.14,0.0
20230713:1811,209254.0,140.73,17.6,17.77,3.79,0.0
20230713:1911,77165.0,55.97,9.32,17.17,2.83,0.0
20230713:2011,0.0,0.87,1.78,16.14,2.41,0.0
20230713:2111,0.0,0.0,0.0,14.74,2.07,0.0
20230713:2211,0.0,0.0,0.0,13.65,1.93,0.0
20230713:2311,0.0,0.0,0.0,12.64,1.86,0.0
20230714:0011,0.0,0.0,0.0,12.51,1.79,0.0
20230714:0111,0.0,0.0,0.0,12.32,2.0,0.0
20230714:0211,0.0,0.0,0.0,12.34,2.07,0.0
20230714:0311,0.0,0.0,0.0,12.11,2.07,0.0
20230714:0411,0.0,0.87,1.61,12.01,2.07,0.0
20230714:0511,53912.0,41.97,9.15,12.23,1.93,0.0
20230714:0611,43493.0,36.16,17.43,13.63,2.14,0.0
20230714:0711,168383.0,103.84,26.1,14.87,2.83,0.0
20230714:0811,475433.0,260.71,34.82,15.88,3.59,0.0
20230714:0911,442451.0,244.51,43.12,16.76,4.34,0.0
20230714:1011,411332.0,229.32,50.34,17.33,4.41,0.0
20230714:1111,858291.0,459.92,55.51,17.87,4.9,0.0
20230714:1211,481643.0,264.07,57.45,16.63,5.17,0.0
20230714:1311,511750.0,278.72,55.54,15.96,4.83,0.0
20230714:1411,256611.0,149.26,50.4,16.01,5.38,0.0
20230714:1511,154215.0,96.42,43.18,15.42,6.69,0.0
20230714:1611,110193.0,73.24,34.89,15.11,6.83,0.0
20230714:1711,108491.0,72.31,26.18,15.05,6.69,0.0
20230714:1811,80914.0,57.48,17.5,15.19,6.9,0.0
20230714:1911,5819.0,11.37,9.21,15.13,6.97,0.0
20230714:2011,0.0,1.75,1.67,15.44,6.21,0.0
20230714:2111,0.0,0.0,0.0,15.86,5.24,0.0
20230714:2211,0.0,0.0,0.0,16.31,4.83,0.0
20230714:2311,0.0,0.0,0.0,16.56,4.9,0.0
20230715:0011,0.0,0.0,0.0,16.14,4.97,0.0
20230715:0111,0.0,0.0,0.0,15.27,4.69,0.0
20230715:0211,0.0,0.0,0.0,14.43,4.62,0.0
20230715:0311,0.0,0.0,0.0,13.84,4.62,0.0
20230715:0411,0.0,0.87,1.47,13.66,4.69,0.0
20230715:0511,34201.0,30.61,9.01,13.87,4.69,0.0
20230715:0611,208978.0,132.36,17.29,14.56,4.62,0.0
20230715:0711,298379.0,170.34,25.97,15.21,6.14,0.0
20230715:0811,519984.0,282.13,34.68,16.08,5.86,0.0
20230715:0911,375659.0,210.71,42.98,17.53,6.14,0.0
20230715:1011,488727.0,266.53,50.2,16.44,6.97,0.0
20230715:1111,1336806.0,708.44,55.36,17.07,6.07,0.0
20230715:1211,562557.0,306.91,57.29,18.5,6.62,0.0
20230715:1311,1837309.0,972.28,55.4,16.28,7.38,0.0
20230715:1411,1351135.0,712.04,50.27,17.1,6.83,0.0
20230715:1511,596551.0,322.65,43.07,17.76,6.41,0.0
20230715:1611,254081.0,148.34,34.78,16.78,6.28,0.0
20230715:1711,449742.0,252.14,26.07,17.04,6.69,0.0
20230715:1811,90873.0,63.04,17.39,15.72,6.48,0.0
20230715:1911,71576.0,52.47,9.1,15.79,7.17,0.0
20230715:2011,0.0,0.87,1.55,15.35,7.17,0.0
20230715:2111,0.0,0.0,0.0,14.95,7.31,0.0
20230715:2211,0.0,0.0,0.0,14.72,7.17,0.0
20230715:2311,0.0,0.0,0.0,14.58,6.97,0.0
20230716:0011,0.0,0.0,0.0,14.43,6.34,0.0
20230716:0111,0.0,0.0,0.0,14.37,5.79,0.0
20230716:0211,0.0,0.0,0.0,14.42,5.52,0.0
20230716:0311,0.0,0.0,0.0,14.29,5.66,0.0
20230716:0411,0.0,0.87,1.32,14.19,6.41,0.0
20230716:0511,4830.0,10.49,8.87,13.94,6.69,0.0
20230716:0611,18170.0,20.4,17.15,13.92,6.62,0.0
20230716:0711,312018.0,176.55,25.83,14.28,6.9,0.0
20230716:0811,646553.0,342.63,34.54,14.28,6.9,0.0
20230716:0911,735770.0,387.16,42.83,14.91,7.72,0.0
20230716:1011,1076216.0,563.02,50.04,16.25,7.93,0.0
20230716:1111,1412131.0,741.57,55.2,16.93,8.14,0.0
20230716:1211,1140248.0,599.81,57.14,17.24,8.14,0.0
20230716:1311,1371306.0,721.84,55.26,17.16,7.72,0.0
20230716:1411,886581.0,469.27,50.14,17.64,7.86,0.0
20230716:1511,1343844.0,707.5,42.95,17.62,6.83,0.0
20230716:1611,874667.0,465.34,34.67,17.65,6.55,0.0
20230716:1711,412022.0,231.86,25.96,16.95,5.72,0.0
20230716:1811,116403.0,76.95,17.28,16.24,4.9,0.0
20230716:1911,62238.0,47.22,8.99,15.51,4.21,0.0
20230716:2011,0.0,0.87,1.43,14.73,3.93,0.0
20230716:2111,0.0,0.0,0.0,13.72,3.66,0.0
20230716:2211,0.0,0.0,0.0,13.29,3.72,0.0
20230716:2311,0.0,0.0,0.0,12.89,3.66,0.0
20230717:0011,0.0,0.0,0.0,12.55,3.52,0.0
20230717:0111,0.0,0.0,0.0,12.38,3.31,0.0
20230717:0211,0.0,0.0,0.0,12.45,3.45,0.0
20230717:0311,0.0,0.0,0.0,12.58,3.59,0.0
20230717:0411,0.0,0.0,0.0,12.74,3.38,0.0
20230717:0511,70955.0,51.59,8.72,12.82,3.24,0.0
20230717:0611,181999.0,112.2,17.01,13.22,3.59,0.0
20230717:0711,131422.0,84.37,25.69,14.5,3.86,0.0
20230717:0811,984032.0,520.85,34.4,15.59,4.83,0.0
20230717:0911,787980.0,418.02,42.68,16.1,5.45,0.0
20230717:1011,877496.0,465.6,49.89,16.4,5.24,0.0
20230717:1111,1034333.0,549.85,55.03,17.06,5.17,0.0
20230717:1211,940470.0,501.77,56.97,17.58,5.31,0.0
20230717:1311,1146619.0,610.37,55.1,17.67,5.45,0.0
20230717:1411,1045074.0,555.94,50.0,17.86,5.52,0.0
20230717:1511,688689.0,370.57,42.83,17.81,5.31,0.0
20230717:1611,657455.0,355.03,34.56,17.75,5.17,0.0
20230717:1711,405605.0,229.57,25.85,17.73,4.83,0.0
20230717:1811,178066.0,135.23,17.16,17.36,4.48,0.0
20230717:1911,69644.0,51.59,8.86,16.5,3.66,0.0
20230717:2011,0.0,0.0,0.0,15.24,3.17,0.0
20230717:2111,0.0,0.0,0.0,13.92,2.83,0.0
20230717:2211,0.0,0.0,0.0,13.18,2.69,0.0
20230717:2311,0.0,0.0,0.0,12.69,2.62,0.0
20230718:0011,0.0,0.0,0.0,12.18,2.41,0.0
20230718:0111,0.0,0.0,0.0,11.39,2.14,0.0
20230718:0211,0.0,0.0,0.0,10.48,1.79,0.0
20230718:0311,0.0,0.0,0.0,9.5,1.66,0.0
20230718:0411,0.0,0.0,0.0,8.96,1.66,0.0
20230718:0511,2070.0,7.87,8.56,9.67,1.24,0.0
20230718:0611,187013.0,116.15,16.86,12.58,1.1,0.0
20230718:0711,300357.0,172.08,25.54,14.27,1.66,0.0
20230718:0811,558693.0,303.84,34.25,15.17,2.14,0.0
20230718:0911,531346.0,290.19,42.53,15.81,2.41,0.0
20230718:1011,612812.0,332.33,49.72,15.93,2.62,0.0
20230718:1111,837637.0,449.86,54.86,15.96,2.69,0.0
20230718:1211,394197.0,220.65,56.8,16.56,2.83,0.0
20230718:1311,213302.0,127.94,54.94,16.78,3.03,0.0
20230718:1411,210036.0,126.09,49.86,16.57,3.31,0.0
20230718:1511,205896.0,123.31,42.7,15.33,3.38,0.0
20230718:1611,490751.0,268.47,34.43,14.99,2.34,0.0
20230718:1711,327083.0,186.38,25.73,14.84,1.93,0.0
20230718:1811,38571.0,33.38,17.04,14.72,1.79,0.0
20230718:1911,6923.0,12.24,8.73,14.18,1.72,0.0
20230718:2011,0.0,0.0,0.0,13.92,1.66,0.0
20230718:2111,0.0,0.0,0.0,13.7,1.66,0.0
20230718:2211,0.0,0.0,0.0,13.55,1.52,0.0
20230718:2311,0.0,0.0,0.0,13.41,1.31,0.0
20230719:0011,0.0,0.0,0.0,13.23,1.1,0.0
20230719:0111,0.0,0.0,0.0,12.97,0.9,0.0
20230719:0211,0.0,0.0,0.0,13.03,0.62,0.0
20230719:0311,0.0,0.0,0.0,12.68,0.9,0.0
20230719:0411,0.0,0.0,0.0,12.21,1.45,0.0
20230719:0511,64653.0,48.1,8.41,12.56,1.45,0.0
20230719:0611,177790.0,110.62,16.71,13.45,1.66,0.0
20230719:0711,518213.0,291.07,25.39,13.74,2.41,0.0
20230719:0811,777906.0,415.87,34.1,14.45,2.48,0.0
20230719:0911,927958.0,495.14,42.37,15.03,2.34,0.0
20230719:1011,1181924.0,639.39,49.56,16.44,2.14,0.0
20230719:1111,909144.0,493.17,54.69,17.1,1.93,0.0
20230719:1211,1186570.0,649.58,56.62,17.67,1.86,0.0
20230719:1311,1534054.0,860.9,54.77,17.98,1.45,0.0
20230719:1411,496938.0,277.53,49.71,18.53,1.31,0.0
20230719:1511,353211.0,202.38,42.56,18.51,1.1,0.0
20230719:1611,604279.0,335.46,34.3,17.72,0.21,0.0
20230719:1711,323955.0,188.22,25.6,17.53,0.14,0.0
20230719:1811,52302.0,41.72,16.91,16.22,0.83,0.0
20230719:1911,4761.0,10.49,8.6,15.71,0.48,0.0
20230719:2011,0.0,0.0,0.0,14.41,0.41,0.0
20230719:2111,0.0,0.0,0.0,13.54,0.97,0.0
20230719:2211,0.0,0.0,0.0,12.67,0.9,0.0
20230719:2311,0.0,0.0,0.0,12.02,1.03,0.0
20230720:0011,0.0,0.0,0.0,11.6,1.45,0.0
20230720:0111,0.0,0.0,0.0,10.57,1.93,0.0
20230720:0211,0.0,0.0,0.0,10.18,1.93,0.0
20230720:0311,0.0,0.0,0.0,9.75,2.14,0.0
20230720:0411,0.0,0.0,0.0,9.37,2.21,0.0
20230720:0511,33534.0,29.73,8.25,9.51,2.07,0.0
20230720:0611,171534.0,106.01,16.55,11.57,1.93,0.0
20230720:0711,424833.0,237.64,25.24,13.98,2.83,0.0
20230720:0811,921748.0,490.98,33.95,15.05,3.24,0.0
20230720:0911,1331792.0,709.56,42.21,15.97,3.59,0.0
20230720:1011,1238665.0,663.1,49.39,16.44,3.45,0.0
20230720:1111,978995.0,525.71,54.51,17.04,3.31,0.0
20230720:1211,972256.0,524.44,56.44,17.6,3.1,0.0
20230720:1311,1388280.0,755.03,54.6,17.81,3.17,0.0
20230720:1411,223008.0,133.5,49.55,17.87,3.31,0.0
20230720:1511,427777.0,238.78,42.42,17.78,3.17,0.0
20230720:1611,271883.0,158.54,34.17,17.61,3.38,0.0
20230720:1711,228758.0,136.11,25.47,17.07,3.38,0.0
20230720:1811,38180.0,33.38,16.77,16.74,3.17,0.0
20230720:1911,13800.0,17.49,8.46,15.5,2.62,0.0
20230720:2011,0.0,0.0,0.0,14.9,2.48,0.0
20230720:2111,0.0,0.0,0.0,14.04,2.21,0.0
20230720:2211,0.0,0.0,0.0,12.99,2.14,0.0
20230720:2311,0.0,0.0,0.0,12.11,2.34,0.0
20230721:0011,0.0,0.0,0.0,11.9,2.48,0.0
20230721:0111,0.0,0.0,0.0,11.41,2.69,0.0
20230721:0211,0.0,0.0,0.0,11.32,2.76,0.0
20230721:0311,0.0,0.0,0.0,11.2,2.69,0.0
20230721:0411,0.0,0.0,0.0,11.08,2.69,0.0
20230721:0511,24771.0,24.48,8.09,10.96,2.69,0.0
20230721:0611,128041.0,82.25,16.39,12.08,2.55,0.0
20230721:0711,130295.0,83.44,25.08,13.27,2.76,0.0
20230721:0811,250907.0,145.56,33.79,14.02,3.1,0.0
20230721:0911,674935.0,361.03,42.05,14.75,3.17,0.0
20230721:1011,522974.0,284.82,49.21,15.15,2.9,0.0
20230721:1111,1172954.0,630.97,54.32,15.8,2.55,0.0
20230721:1211,359076.0,203.04,56.25,16.89,2.62,0.0
20230721:1311,884580.0,478.29,54.42,17.45,2.62,0.0
20230721:1411,701868.0,381.51,49.39,17.61,2.55,0.0
20230721:1511,925474.0,499.14,42.27,17.67,2.62,0.0
20230721:1611,744326.0,400.67,34.03,17.3,4.0,0.0
20230721:1711,276920.0,160.67,25.33,16.73,4.62,0.0
20230721:1811,168176.0,105.9,16.63,16.34,4.07,0.0
20230721:1911,15019.0,18.36,8.31,15.59,2.14,0.0
20230721:2011,0.0,0.0,0.0,14.88,2.55,0.0
20230721:2111,0.0,0.0,0.0,14.37,2.62,0.0
20230721:2211,0.0,0.0,0.0,13.89,2.69,0.0
20230721:2311,0.0,0.0,0.0,13.48,2.34,0.0
20230722:0011,0.0,0.0,0.0,13.11,1.72,0.0
20230722:0111,0.0,0.0,0.0,12.83,1.59,0.0
20230722:0211,0.0,0.0,0.0,12.72,2.21,0.0
20230722:0311,0.0,0.0,0.0,12.55,2.76,0.0
20230722:0411,0.0,0.0,0.0,12.52,3.03,0.0
20230722:0511,5911.0,11.37,7.92,12.66,3.03,0.0
20230722:0611,109733.0,72.65,16.23,12.81,3.03,0.0
20230722:0711,71438.0,51.92,24.92,13.12,3.17,0.0
20230722:0811,235474.0,137.21,33.63,13.34,3.72,0.0
20230722:0911,322138.0,180.79,41.88,13.58,4.62,0.0
20230722:1011,386331.0,213.23,49.03,13.59,4.0,0.0
20230722:1111,284579.0,162.24,54.13,13.85,4.07,0.0
20230722:1211,409239.0,225.29,56.05,14.15,4.07,0.0
20230722:1311,316779.0,178.93,54.24,14.49,4.14,0.0
20230722:1411,237567.0,139.07,49.22,14.7,3.72,0.0
20230722:1511,277380.0,159.46,42.11,14.88,3.45,0.0
20230722:1611,260705.0,151.12,33.88,15.04,3.38,0.0
20230722:1711,138046.0,88.08,25.18,14.98,2.97,0.0
20230722:1811,80776.0,57.48,16.49,15.01,2.48,0.0
20230722:1911,49887.0,40.23,8.16,15.9,2.34,0.0
20230722:2011,0.0,0.0,0.0,15.48,2.48,0.0
20230722:2111,0.0,0.0,0.0,15.01,2.34,0.0
20230722:2211,0.0,0.0,0.0,14.79,2.07,0.0
20230722:2311,0.0,0.0,0.0,14.51,2.07,0.0
20230723:0011,0.0,0.0,0.0,14.52,1.93,0.0
20230723:0111,0.0,0.0,0.0,14.46,1.86,0.0
20230723:0211,0.0,0.0,0.0,14.41,2.07,0.0
20230723:0311,0.0,0.0,0.0,14.37,2.28,0.0
20230723:0411,0.0,0.0,0.0,14.34,2.48,0.0
20230723:0511,42826.0,35.85,7.75,14.32,2.48,0.0
20230723:0611,15410.0,18.54,16.07,14.34,2.62,0.0
20230723:0711,148925.0,93.64,24.76,14.59,2.69,0.0
20230723:0811,249987.0,145.56,33.46,14.69,2.9,0.0
20230723:0911,315790.0,178.93,41.71,14.78,3.24,0.0
20230723:1011,326531.0,184.49,48.85,14.99,3.38,0.0
20230723:1111,439139.0,241.44,53.93,15.01,3.72,0.0
20230723:1211,419842.0,231.78,55.85,15.34,4.21,0.0
20230723:1311,449397.0,246.08,54.05,15.18,5.17,0.0
20230723:1411,292606.0,166.88,49.04,14.99,5.03,0.0
20230723:1511,419175.0,230.49,41.95,14.83,4.76,0.0
20230723:1611,263810.0,152.05,33.73,14.57,5.1,0.0
20230723:1711,216108.0,127.79,25.03,14.28,5.59,0.0
20230723:1811,118174.0,77.31,16.33,13.83,5.31,0.0
20230723:1911,59777.0,45.47,8.0,13.62,5.52,0.0
20230723:2011,0.0,0.0,0.0,13.31,5.24,0.0
20230723:2111,0.0,0.0,0.0,13.09,4.9,0.0
20230723:2211,0.0,0.0,0.0,12.9,4.83,0.0
20230723:2311,0.0,0.0,0.0,12.67,4.83,0.0
20230724:0011,0.0,0.0,0.0,12.36,4.69,0.0
20230724:0111,0.0,0.0,0.0,12.25,4.69,0.0
20230724:0211,0.0,0.0,0.0,11.93,4.83,0.0
20230724:0311,0.0,0.0,0.0,11.54,4.83,0.0
20230724:0411,0.0,0.0,0.0,11.21,4.69,0.0
20230724:0511,57431.0,43.72,7.58,11.05,4.76,0.0
20230724:0611,191222.0,122.98,15.9,11.33,5.31,0.0
20230724:0711,446131.0,246.39,24.6,12.24,5.66,0.0
20230724:0811,629901.0,333.29,33.29,13.36,6.34,0.0
20230724:0911,442888.0,241.02,41.53,14.05,6.14,0.0
20230724:1011,886029.0,465.12,48.66,14.79,6.0,0.0
20230724:1111,1700735.0,904.72,53.73,15.46,5.52,0.0
20230724:1211,927866.0,491.47,55.65,15.86,5.1,0.0
20230724:1311,1811089.0,976.44,53.85,15.97,4.69,0.0
20230724:1411,1525912.0,817.38,48.86,16.48,4.28,0.0
20230724:1511,686918.0,369.18,41.78,16.52,3.79,0.0
20230724:1611,828943.0,444.45,33.57,16.19,3.17,0.0
20230724:1711,515729.0,291.43,24.88,15.48,2.69,0.0
20230724:1811,159965.0,101.3,16.17,15.03,2.41,0.0
20230724:1911,59409.0,45.47,7.83,14.42,1.79,0.0
20230724:2011,0.0,0.0,0.0,13.54,1.79,0.0
20230724:2111,0.0,0.0,0.0,12.36,1.79,0.0
20230724:2211,0.0,0.0,0.0,11.53,1.72,0.0
20230724:2311,0.0,0.0,0.0,11.02,1.66,0.0
20230725:0011,0.0,0.0,0.0,10.57,1.59,0.0
20230725:0111,0.0,0.0,0.0,9.73,1.52,0.0
20230725:0211,0.0,0.0,0.0,8.94,1.38,0.0
20230725:0311,0.0,0.0,0.0,8.16,1.66,0.0
20230725:0411,0.0,0.0,0.0,7.7,2.0,0.0
20230725:0511,19642.0,20.99,7.4,8.37,1.86,0.0
20230725:0611,179699.0,111.95,15.73,10.64,1.86,0.0
20230725:0711,556048.0,315.02,24.43,12.87,2.48,0.0
20230725:0811,1018348.0,542.61,33.12,14.49,2.83,0.0
20230725:0911,1303801.0,695.58,41.36,15.55,3.1,0.0
20230725:1011,883476.0,472.67,48.47,16.1,3.03,0.0
20230725:1111,543858.0,297.8,53.53,16.99,3.17,0.0
20230725:1211,951487.0,512.43,55.44,17.23,3.03,0.0
20230725:1311,753733.0,407.96,53.65,17.61,3.1,0.0
20230725:1411,1233099.0,665.78,48.68,18.12,3.38,0.0
20230725:1511,705249.0,379.28,41.61,16.5,3.31,0.0
20230725:1611,649980.0,349.86,33.4,16.46,4.41,0.0
20230725:1711,478837.0,268.65,24.71,15.66,4.83,0.0
20230725:1811,144624.0,92.23,16.01,15.03,3.86,0.0
20230725:1911,28313.0,27.11,7.66,15.2,3.38,0.0
20230725:2011,0.0,0.0,0.0,14.35,3.17,0.0
20230725:2111,0.0,0.0,0.0,13.51,3.17,0.0
20230725:2211,0.0,0.0,0.0,12.69,3.1,0.0
20230725:2311,0.0,0.0,0.0,12.08,3.1,0.0
20230726:0011,0.0,0.0,0.0,11.95,3.03,0.0
20230726:0111,0.0,0.0,0.0,11.79,3.1,0.0
20230726:0211,0.0,0.0,0.0,12.15,3.03,0.0
20230726:0311,0.0,0.0,0.0,12.25,2.76,0.0
20230726:0411,0.0,0.0,0.0,11.99,2.41,0.0
20230726:0511,17940.0,20.11,7.22,11.81,2.21,0.0
20230726:0611,144532.0,118.16,15.55,12.71,2.0,0.0
20230726:0711,558210.0,318.58,24.25,14.4,3.45,0.0
20230726:0811,766107.0,408.12,32.95,15.81,4.76,0.0
20230726:0911,1267507.0,674.61,41.17,17.03,4.21,0.0
20230726:1011,889778.0,477.38,48.28,18.01,4.14,0.0
20230726:1111,1041716.0,560.06,53.32,18.56,4.21,0.0
20230726:1211,1006204.0,541.87,55.22,18.91,4.34,0.0
20230726:1311,1132888.0,610.69,53.44,18.91,4.14,0.0
20230726:1411,1610851.0,877.7,48.48,19.6,4.34,0.0
20230726:1511,909650.0,489.9,41.43,19.95,4.83,0.0
20230726:1611,263028.0,155.0,33.23,19.52,4.41,0.0
20230726:1711,158470.0,100.13,24.54,18.72,4.41,0.0
20230726:1811,42734.0,36.16,15.84,17.16,4.0,0.0
20230726:1911,6854.0,12.24,7.49,15.74,3.45,0.0
20230726:2011,0.0,0.0,0.0,14.89,3.45,0.0
20230726:2111,0.0,0.0,0.0,14.57,3.86,0.0
20230726:2211,0.0,0.0,0.0,14.37,4.21,0.0
20230726:2311,0.0,0.0,0.0,14.21,4.0,0.0
20230727:0011,0.0,0.0,0.0,14.09,3.59,0.0
20230727:0111,0.0,0.0,0.0,13.96,3.31,0.0
20230727:0211,0.0,0.0,0.0,14.04,3.31,0.0
20230727:0311,0.0,0.0,0.0,14.17,2.83,0.0
20230727:0411,0.0,0.0,0.0,14.35,2.34,0.0
20230727:0511,24265.0,24.48,7.04,14.57,2.21,0.0
20230727:0611,87561.0,61.19,15.38,14.88,2.0,0.0
20230727:0711,279013.0,162.3,24.08,15.63,1.52,0.0
20230727:0811,557198.0,304.78,32.77,16.38,2.07,0.0
20230727:0911,650003.0,352.5,40.99,17.07,2.69,0.0
20230727:1011,1076331.0,579.33,48.08,17.93,3.24,0.0
20230727:1111,517040.0,285.35,53.1,18.42,3.66,0.0
20230727:1211,318895.0,183.57,55.0,19.08,4.28,0.0
20230727:1311,685147.0,372.89,53.22,19.22,4.34,0.0
20230727:1411,817190.0,441.12,48.28,19.05,4.28,0.0
20230727:1511,714104.0,386.99,41.24,18.99,4.0,0.0
20230727:1611,458321.0,255.22,33.05,18.98,3.93,0.0
20230727:1711,430514.0,247.16,24.37,19.26,3.66,0.0
20230727:1811,177238.0,121.25,15.66,19.12,2.83,0.0
20230727:1911,52049.0,41.97,7.3,19.08,3.52,0.0
20230727:2011,0.0,0.0,0.0,17.83,3.45,0.0
20230727:2111,0.0,0.0,0.0,16.7,3.1,0.0
20230727:2211,0.0,0.0,0.0,15.96,2.9,0.0
20230727:2311,0.0,0.0,0.0,15.25,2.62,0.0
20230728:0011,0.0,0.0,0.0,14.85,2.21,0.0
20230728:0111,0.0,0.0,0.0,14.52,2.07,0.0
20230728:0211,0.0,0.0,0.0,14.17,2.07,0.0
20230728:0311,0.0,0.0,0.0,14.15,1.86,0.0
20230728:0411,0.0,0.0,0.0,13.82,1.79,0.0
20230728:0511,4830.0,10.49,6.85,13.78,1.59,0.0
20230728:0611,175122.0,115.65,15.2,15.43,1.45,0.0
20230728:0711,381225.0,218.19,23.9,16.88,2.41,0.0
20230728:0811,592618.0,323.84,32.59,17.6,2.9,0.0
20230728:0911,508806.0,280.78,40.8,18.58,3.72,0.0
20230728:1011,1093282.0,589.09,47.87,19.62,4.41,0.0
20230728:1111,716266.0,390.77,52.88,20.38,4.69,0.0
20230728:1211,846147.0,459.84,54.77,20.77,4.83,0.0
20230728:1311,881544.0,478.82,53.0,20.94,4.83,0.0
20230728:1411,1231121.0,667.69,48.08,21.11,4.76,0.0
20230728:1511,866088.0,469.42,41.05,20.9,4.62,0.0
20230728:1611,429341.0,241.83,32.87,20.57,4.28,0.0
20230728:1711,378580.0,219.0,24.19,20.27,3.59,0.0
20230728:1811,68977.0,51.92,15.48,19.82,2.41,0.0
20230728:1911,41699.0,35.85,7.11,19.3,2.21,0.0
20230728:2011,0.0,0.0,0.0,18.37,2.28,0.0
20230728:2111,0.0,0.0,0.0,17.55,2.41,0.0
20230728:2211,0.0,0.0,0.0,16.81,2.41,0.0
20230728:2311,0.0,0.0,0.0,16.29,2.48,0.0
20230729:0011,0.0,0.0,0.0,15.88,2.62,0.0
20230729:0111,0.0,0.0,0.0,15.51,2.97,0.0
20230729:0211,0.0,0.0,0.0,15.26,3.38,0.0
20230729:0311,0.0,0.0,0.0,14.91,3.45,0.0
20230729:0411,0.0,0.0,0.0,14.67,3.52,0.0
20230729:0511,12650.0,16.61,6.66,14.62,3.66,0.0
20230729:0611,135953.0,88.11,15.02,14.94,3.38,0.0
20230729:0711,514050.0,291.56,23.72,15.25,5.1,0.0
20230729:0811,549930.0,296.61,32.41,15.38,5.31,0.0
20230729:0911,332189.0,187.58,40.61,15.99,5.17,0.0
20230729:1011,1059150.0,560.66,47.67,17.11,5.59,0.0
20230729:1111,1472943.0,785.04,52.66,17.62,5.86,0.0
20230729:1211,1810054.0,975.07,54.54,18.38,6.34,0.0
20230729:1311,1632333.0,874.0,52.77,18.37,6.34,0.0
20230729:1411,1072007.0,569.04,47.86,18.62,6.69,0.0
20230729:1511,1332459.0,705.17,40.85,18.52,6.55,0.0
20230729:1611,146648.0,93.64,32.68,18.4,6.48,0.0
20230729:1711,203366.0,123.2,24.0,18.05,6.14,0.0
20230729:1811,156561.0,121.54,15.29,17.53,5.45,0.0
20230729:1911,7889.0,13.12,6.92,16.79,5.52,0.0
20230729:2011,0.0,0.0,0.0,15.99,4.76,0.0
20230729:2111,0.0,0.0,0.0,15.31,4.28,0.0
20230729:2211,0.0,0.0,0.0,14.69,4.28,0.0
20230729:2311,0.0,0.0,0.0,14.42,4.28,0.0
20230730:0011,0.0,0.0,0.0,14.06,4.14,0.0
20230730:0111,0.0,0.0,0.0,13.74,4.28,0.0
20230730:0211,0.0,0.0,0.0,13.54,4.34,0.0
20230730:0311,0.0,0.0,0.0,13.34,4.34,0.0
20230730:0411,0.0,0.0,0.0,13.16,4.62,0.0
20230730:0511,44666.0,36.73,6.47,13.02,4.83,0.0
20230730:0611,133469.0,113.08,14.83,13.69,4.69,0.0
20230730:0711,552621.0,314.46,23.54,14.61,5.93,0.0
20230730:0811,701201.0,370.98,32.22,14.93,7.1,0.0
20230730:0911,1042613.0,543.52,40.41,15.48,7.17,0.0
20230730:1011,1072076.0,561.63,47.46,16.19,7.17,0.0
20230730:1111,380558.0,212.31,52.43,16.96,7.72,0.0
20230730:1211,512555.0,279.01,54.3,16.94,7.45,0.0
20230730:1311,1279053.0,673.92,52.54,17.16,7.17,0.0
20230730:1411,1036978.0,547.74,47.65,17.62,6.9,0.0
20230730:1511,602439.0,324.75,40.65,17.56,7.03,0.0
20230730:1611,328325.0,186.43,32.49,17.38,6.41,0.0
20230730:1711,91839.0,63.97,23.81,17.25,6.0,0.0
20230730:1811,47541.0,38.94,15.1,16.71,4.69,0.0
20230730:1911,2829.0,8.74,6.72,15.8,3.72,0.0
20230730:2011,0.0,0.0,0.0,15.12,2.69,0.0
20230730:2111,0.0,0.0,0.0,14.44,2.41,0.0
20230730:2211,0.0,0.0,0.0,14.21,2.62,0.0
20230730:2311,0.0,0.0,0.0,14.28,2.41,0.0
20230731:0011,0.0,0.0,0.0,14.39,2.41,0.0
20230731:0111,0.0,0.0,0.0,14.69,2.55,0.0
20230731:0211,0.0,0.0,0.0,15.09,2.62,0.0
20230731:0311,0.0,0.0,0.0,15.47,2.76,0.0
20230731:0411,0.0,0.0,0.0,15.92,3.38,0.0
20230731:0511,11339.0,15.74,6.28,16.23,3.93,0.0
20230731:0611,41331.0,35.23,14.64,16.45,4.07,0.0
20230731:0711,421728.0,240.5,23.35,16.82,4.07,0.0
20230731:0811,216890.0,129.79,32.03,17.02,3.72,0.0
20230731:0911,340768.0,193.16,40.21,17.49,5.24,0.0
20230731:1011,768890.0,412.63,47.24,17.55,4.41,0.0
20230731:1111,379684.0,213.23,52.2,17.8,5.52,0.0
20230731:1211,226113.0,134.43,54.06,17.27,5.52,0.0
20230731:1311,199548.0,120.52,52.3,16.66,4.83,0.0
20230731:1411,333960.0,189.13,47.42,16.63,4.83,0.0
20230731:1511,142807.0,90.86,40.44,16.04,4.28,0.0
20230731:1611,57500.0,44.5,32.29,15.43,4.83,0.0
20230731:1711,95979.0,65.82,23.62,15.51,3.86,0.0
20230731:1811,137908.0,89.19,14.9,15.2,4.28,0.0
20230731:1911,42757.0,35.85,6.52,14.82,4.07,0.0
20230731:2011,0.0,0.0,0.0,14.48,3.72,0.0
20230731:2111,0.0,0.0,0.0,14.26,4.07,0.0
20230731:2211,0.0,0.0,0.0,14.2,4.14,0.0
20230731:2311,0.0,0.0,0.0,14.15,3.93,0.0
20230801:0011,0.0,0.0,0.0,14.07,4.07,0.0
20230801:0111,0.0,0.0,0.0,14.18,4.0,0.0
20230801:0211,0.0,0.0,0.0,14.19,4.0,0.0
20230801:0311,0.0,0.0,0.0,14.16,3.93,0.0
20230801:0411,0.0,0.0,0.0,14.0,3.86,0.0
20230801:0511,10304.0,14.87,6.08,14.22,3.79,0.0
20230801:0611,154514.0,100.31,14.45,14.63,3.93,0.0
20230801:0711,286856.0,165.25,23.17,14.67,3.59,0.0
20230801:0811,551862.0,297.57,31.84,15.46,5.45,0.0
20230801:0911,419520.0,231.98,40.01,16.49,5.59,0.0
20230801:1011,684319.0,367.7,47.02,17.27,5.17,0.0
20230801:1111,960963.0,514.14,51.96,17.84,4.48,0.0
20230801:1211,212014.0,127.94,53.81,18.48,4.69,0.0
20230801:1311,481942.0,266.5,52.06,18.33,4.62,0.0
20230801:1411,433113.0,241.35,47.19,18.16,4.28,0.0
20230801:1511,166060.0,103.84,40.23,18.01,4.14,0.0
20230801:1611,257853.0,151.32,32.08,17.89,4.14,0.0
20230801:1711,264661.0,155.4,23.41,17.74,4.34,0.0
20230801:1811,150719.0,98.6,14.69,17.31,3.59,0.0
20230801:1911,42297.0,35.85,6.31,16.63,2.07,0.0
20230801:2011,0.0,0.0,0.0,15.75,2.14,0.0
20230801:2111,0.0,0.0,0.0,14.86,2.0,0.0
20230801:2211,0.0,0.0,0.0,14.35,1.66,0.0
20230801:2311,0.0,0.0,0.0,13.74,1.93,0.0
20230802:0011,0.0,0.0,0.0,12.99,2.41,0.0
20230802:0111,0.0,0.0,0.0,12.81,2.62,0.0
20230802:0211,0.0,0.0,0.0,12.85,2.76,0.0
20230802:0311,0.0,0.0,0.0,12.85,2.76,0.0
20230802:0411,0.0,0.0,0.0,12.94,2.97,0.0
20230802:0511,2001.0,7.87,5.88,13.22,3.24,0.0
20230802:0611,22402.0,23.18,14.26,13.68,3.72,0.0
20230802:0711,29578.0,27.81,22.98,14.38,3.03,0.0
20230802:0811,56051.0,43.57,31.65,14.87,4.41,0.0
20230802:0911,295964.0,168.73,39.81,14.99,4.34,0.0
20230802:1011,190118.0,114.96,46.8,15.08,4.34,0.0
20230802:1111,272136.0,156.68,51.72,15.17,4.9,0.0
20230802:1211,188715.0,114.03,53.56,14.89,5.45,0.0
20230802:1311,152743.0,95.49,51.81,14.92,6.21,0.0
20230802:1411,192487.0,115.89,46.96,14.84,6.14,0.0
20230802:1511,318711.0,179.86,40.01,15.0,5.93,0.0
20230802:1611,234347.0,137.21,31.87,14.82,5.66,0.0
20230802:1711,181401.0,110.29,23.2,14.81,5.72,0.0
20230802:1811,43355.0,36.16,14.48,14.59,6.62,0.0
20230802:1911,5819.0,11.37,6.09,14.92,5.86,0.0
20230802:2011,0.0,0.0,0.0,14.54,6.07,0.0
20230802:2111,0.0,0.0,0.0,14.14,6.28,0.0
20230802:2211,0.0,0.0,0.0,13.77,6.14,0.0
20230802:2311,0.0,0.0,0.0,13.47,6.07,0.0
20230803:0011,0.0,0.0,0.0,13.15,5.72,0.0
20230803:0111,0.0,0.0,0.0,12.79,5.45,0.0
20230803:0211,0.0,0.0,0.0,12.73,5.17,0.0
20230803:0311,0.0,0.0,0.0,12.66,4.9,0.0
20230803:0411,0.0,0.0,0.0,12.79,4.69,0.0
20230803:0511,30084.0,27.98,5.68,13.01,4.55,0.0
20230803:0611,122889.0,106.49,14.06,13.48,4.34,0.0
20230803:0711,553058.0,316.15,22.78,14.11,5.03,0.0
20230803:0811,737725.0,391.06,31.45,15.11,5.72,0.0
20230803:0911,831956.0,440.27,39.6,16.05,5.1,0.0
20230803:1011,685929.0,368.21,46.58,16.67,4.55,0.0
20230803:1111,1436695.0,772.08,51.48,17.44,4.34,0.0
20230803:1211,753756.0,406.11,53.3,17.71,4.21,0.0
20230803:1311,394174.0,221.58,51.56,18.33,4.41,0.0
20230803:1411,699062.0,378.52,46.72,18.63,4.41,0.0
20230803:1511,511911.0,282.23,39.78,18.52,3.72,0.0
20230803:1611,211531.0,127.94,31.65,18.61,3.45,0.0
20230803:1711,177928.0,110.3,22.99,18.02,2.62,0.0
20230803:1811,76314.0,55.63,14.27,17.59,1.52,0.0
20230803:1911,0.0,5.25,5.87,16.88,1.72,0.0
20230803:2011,0.0,0.0,0.0,15.63,2.14,0.0
20230803:2111,0.0,0.0,0.0,15.0,1.86,0.0
20230803:2211,0.0,0.0,0.0,14.56,1.66,0.0
20230803:2311,0.0,0.0,0.0,14.2,1.86,0.0
20230804:0011,0.0,0.0,0.0,13.62,2.0,0.0
20230804:0111,0.0,0.0,0.0,13.7,1.93,0.0
20230804:0211,0.0,0.0,0.0,13.74,1.72,0.0
20230804:0311,0.0,0.0,0.0,13.73,1.79,0.0
20230804:0411,0.0,0.0,0.0,13.68,2.0,0.0
20230804:0511,32798.0,29.73,5.47,13.57,1.86,0.0
20230804:0611,151248.0,106.76,13.87,13.72,1.79,0.0
20230804:0711,290283.0,167.39,22.59,14.0,1.59,0.0
20230804:0811,561154.0,304.01,31.25,14.08,1.79,0.0
20230804:0911,334650.0,188.54,39.39,14.22,2.0,0.0
20230804:1011,351854.0,197.47,46.35,14.46,2.14,0.0
20230804:1111,501055.0,273.05,51.23,14.17,2.28,0.0
20230804:1211,747362.0,399.7,53.04,14.6,2.69,0.0
20230804:1311,1047443.0,556.34,51.3,14.52,2.97,0.0
20230804:1411,450432.0,247.39,46.47,14.72,2.76,0.0
20230804:1511,412160.0,228.38,39.55,15.0,2.34,0.0
20230804:1611,178319.0,109.4,31.43,15.37,1.59,0.0
20230804:1711,65619.0,49.14,22.77,15.21,1.38,0.0
20230804:1811,96117.0,66.18,14.05,15.32,1.45,0.0
20230804:1911,24265.0,24.48,5.64,14.65,2.21,0.0
20230804:2011,0.0,0.0,0.0,13.42,2.41,0.0
20230804:2111,0.0,0.0,0.0,13.07,2.34,0.0
20230804:2211,0.0,0.0,0.0,12.66,2.14,0.0
20230804:2311,0.0,0.0,0.0,12.33,2.07,0.0
20230805:0011,0.0,0.0,0.0,12.08,1.86,0.0
20230805:0111,0.0,0.0,0.0,11.95,1.79,0.0
20230805:0211,0.0,0.0,0.0,11.96,1.52,0.0
20230805:0311,0.0,0.0,0.0,11.95,1.24,0.0
20230805:0411,0.0,0.0,0.0,11.81,1.03,0.0
20230805:0511,0.0,4.37,5.26,11.51,0.97,0.0
20230805:0611,53682.0,41.72,13.67,11.26,0.55,0.0
20230805:0711,90528.0,62.12,22.39,11.93,1.17,0.0
20230805:0811,294538.0,167.56,31.05,12.98,1.31,0.0
20230805:0911,403167.0,223.4,39.17,13.57,1.1,0.0
20230805:1011,844629.0,455.43,46.11,14.43,0.9,0.0
20230805:1111,769396.0,415.93,50.97,15.01,1.17,0.0
20230805:1211,529644.0,289.4,52.77,15.21,2.0,0.0
20230805:1311,271469.0,156.68,51.03,15.23,3.52,0.0
20230805:1411,354131.0,197.47,46.22,14.41,4.83,0.0
20230805:1511,351647.0,195.05,39.31,13.35,5.72,0.0
20230805:1611,157918.0,97.35,31.2,12.83,5.86,0.0
20230805:1711,262660.0,151.0,22.55,12.84,5.93,0.0
20230805:1811,116081.0,76.47,13.82,12.63,6.21,0.0
20230805:1911,0.0,4.37,5.41,12.3,5.24,0.0
20230805:2011,0.0,0.0,0.0,11.99,4.83,0.0
20230805:2111,0.0,0.0,0.0,11.78,4.69,0.0
20230805:2211,0.0,0.0,0.0,11.5,4.62,0.0
20230805:2311,0.0,0.0,0.0,11.17,4.55,0.0
20230806:0011,0.0,0.0,0.0,10.89,4.48,0.0
20230806:0111,0.0,0.0,0.0,10.52,4.48,0.0
20230806:0211,0.0,0.0,0.0,10.38,4.48,0.0
20230806:0311,0.0,0.0,0.0,10.21,4.28,0.0
20230806:0411,0.0,0.0,0.0,10.14,4.07,0.0
20230806:0511,27715.0,26.23,5.05,10.03,4.0,0.0
20230806:0611,128156.0,103.61,13.47,10.65,4.0,0.0
20230806:0711,548136.0,311.22,22.19,11.95,4.41,0.0
20230806:0811,995854.0,519.72,30.84,13.2,5.66,0.0
20230806:0911,1336415.0,696.4,38.96,14.11,5.38,0.0
20230806:1011,1713477.0,907.22,45.88,15.04,5.38,0.0
20230806:1111,1537113.0,816.79,50.72,15.34,4.83,0.0
20230806:1211,517224.0,281.51,52.5,16.01,4.83,0.0
20230806:1311,214153.0,127.94,50.76,16.45,4.76,0.0
20230806:1411,626129.0,337.63,45.97,16.61,4.48,0.0
20230806:1511,963102.0,510.68,39.07,16.18,4.0,0.0
20230806:1611,878531.0,468.32,30.97,16.03,4.07,0.0
20230806:1711,284648.0,164.97,22.32,15.54,3.17,0.0
20230806:1811,140898.0,92.61,13.59,14.91,2.28,0.0
20230806:1911,15134.0,18.36,5.17,14.43,1.52,0.0
20230806:2011,0.0,0.0,0.0,13.7,1.03,0.0
20230806:2111,0.0,0.0,0.0,12.71,1.03,0.0
20230806:2211,0.0,0.0,0.0,11.42,1.31,0.0
20230806:2311,0.0,0.0,0.0,10.15,1.66,0.0
20230807:0011,0.0,0.0,0.0,9.35,1.66,0.0
20230807:0111,0.0,0.0,0.0,8.74,1.79,0.0
20230807:0211,0.0,0.0,0.0,8.31,2.0,0.0
20230807:0311,0.0,0.0,0.0,8.14,2.07,0.0
20230807:0411,0.0,0.0,0.0,7.97,2.21,0.0
20230807:0511,14444.0,17.49,4.84,8.07,2.21,0.0
20230807:0611,122337.0,101.41,13.26,9.98,2.07,0.0
20230807:0711,527873.0,302.78,21.99,13.14,2.69,0.0
20230807:0811,954201.0,505.56,30.64,14.54,3.79,0.0
20230807:0911,1233513.0,650.27,38.74,15.59,4.48,0.0
20230807:1011,1483385.0,787.09,45.64,16.18,5.03,0.0
20230807:1111,1917326.0,1034.6,50.45,16.76,5.45,0.0
20230807:1211,531093.0,289.48,52.22,17.06,5.52,0.0
20230807:1311,1073019.0,569.2,50.49,17.4,5.66,0.0
20230807:1411,708722.0,379.69,45.7,17.45,5.86,0.0
20230807:1511,1074307.0,566.73,38.82,16.94,5.59,0.0
20230807:1611,820640.0,437.02,30.73,16.82,5.66,0.0
20230807:1711,473846.0,270.95,22.08,16.47,5.1,0.0
20230807:1811,132802.0,87.94,13.35,15.94,4.34,0.0
20230807:1911,25576.0,25.36,4.93,15.11,3.93,0.0
20230807:2011,0.0,0.0,0.0,14.05,3.79,0.0
20230807:2111,0.0,0.0,0.0,13.06,3.86,0.0
20230807:2211,0.0,0.0,0.0,12.94,4.0,0.0
20230807:2311,0.0,0.0,0.0,12.65,3.93,0.0
20230808:0011,0.0,0.0,0.0,12.76,3.66,0.0
20230808:0111,0.0,0.0,0.0,12.53,3.31,0.0
20230808:0211,0.0,0.0,0.0,12.45,3.03,0.0
20230808:0311,0.0,0.0,0.0,11.93,2.97,0.0
20230808:0411,0.0,0.0,0.0,11.37,2.97,0.0
20230808:0511,24794.0,24.48,4.63,10.83,2.97,0.0
20230808:0611,125120.0,101.12,13.05,11.52,3.17,0.0
20230808:0711,522698.0,299.15,21.78,13.21,3.45,0.0
20230808:0811,962435.0,509.39,30.43,14.47,3.93,0.0
20230808:0911,1393800.0,738.48,38.52,15.62,4.14,0.0
20230808:1011,1275879.0,678.68,45.4,16.5,4.28,0.0
20230808:1111,1837378.0,997.12,50.19,17.52,4.9,0.0
20230808:1211,1177163.0,628.18,51.94,17.92,5.1,0.0
20230808:1311,1312817.0,701.51,50.21,18.12,5.24,0.0
20230808:1411,1477612.0,790.13,45.44,17.94,5.17,0.0
20230808:1511,1056160.0,561.64,38.57,17.65,4.62,0.0
20230808:1611,980168.0,525.21,30.48,17.81,4.62,0.0
20230808:1711,535187.0,312.4,21.84,17.51,4.0,0.0
20230808:1811,112355.0,102.01,13.11,16.98,3.59,0.0
20230808:1911,16238.0,19.24,4.68,16.08,3.38,0.0
20230808:2011,0.0,0.0,0.0,14.36,3.17,0.0
20230808:2111,0.0,0.0,0.0,13.39,3.24,0.0
20230808:2211,0.0,0.0,0.0,12.41,3.31,0.0
20230808:2311,0.0,0.0,0.0,11.73,3.38,0.0
20230809:0011,0.0,0.0,0.0,11.15,3.17,0.0
20230809:0111,0.0,0.0,0.0,10.49,3.1,0.0
20230809:0211,0.0,0.0,0.0,10.03,2.97,0.0
20230809:0311,0.0,0.0,0.0,9.63,2.76,0.0
20230809:0411,0.0,0.0,0.0,9.5,2.62,0.0
20230809:0511,15594.0,18.36,4.41,9.44,2.55,0.0
20230809:0611,138667.0,92.85,12.85,10.57,2.34,0.0
20230809:0711,506966.0,291.66,21.58,13.33,2.55,0.0
20230809:0811,914388.0,486.93,30.22,15.04,3.31,0.0
20230809:0911,1395433.0,740.4,38.29,16.65,4.55,0.0
20230809:1011,1571360.0,839.06,45.15,17.97,5.59,0.0
20230809:1111,1464456.0,786.42,49.92,18.66,5.31,0.0
20230809:1211,1500727.0,814.02,51.66,19.89,5.03,0.0
20230809:1311,1100412.0,594.33,49.93,20.26,4.69,0.0
20230809:1411,712724.0,388.9,45.16,20.63,4.41,0.0
20230809:1511,890813.0,482.25,38.31,20.71,4.28,0.0
20230809:1611,402201.0,227.67,30.23,20.39,4.07,0.0
20230809:1711,256289.0,153.18,21.59,20.03,3.52,0.0
20230809:1811,123234.0,84.2,12.86,19.49,3.03,0.0
20230809:1911,17181.0,20.11,4.43,19.14,2.28,0.0
20230809:2011,0.0,0.0,0.0,18.29,2.14,0.0
20230809:2111,0.0,0.0,0.0,17.59,2.07,0.0
20230809:2211,0.0,0.0,0.0,17.12,2.0,0.0
20230809:2311,0.0,0.0,0.0,16.68,1.93,0.0
20230810:0011,0.0,0.0,0.0,16.41,1.72,0.0
20230810:0111,0.0,0.0,0.0,15.57,1.45,0.0
20230810:0211,0.0,0.0,0.0,14.8,1.17,0.0
20230810:0311,0.0,0.0,0.0,13.96,1.24,0.0
20230810:0411,0.0,0.0,0.0,13.81,1.1,0.0
20230810:0511,10281.0,14.87,4.19,14.51,0.69,0.0
20230810:0611,131077.0,90.45,12.64,15.33,0.14,0.0
20230810:0711,329176.0,192.1,21.37,16.46,0.55,0.0
20230810:0811,700442.0,385.45,30.0,18.24,1.1,0.0
20230810:0911,1117455.0,614.75,38.06,19.51,1.45,0.0
20230810:1011,1237745.0,686.86,44.9,20.71,1.79,0.0
20230810:1111,1293129.0,720.1,49.65,21.96,2.41,0.0
20230810:1211,1648088.0,931.88,51.37,23.09,3.1,0.0
20230810:1311,393484.0,226.7,49.64,23.61,3.86,0.0
20230810:1411,723396.0,401.22,44.89,23.87,3.86,0.0
20230810:1511,848125.0,468.37,38.04,23.72,3.31,0.0
20230810:1611,897115.0,497.73,29.98,23.71,3.45,0.0
20230810:1711,469108.0,282.47,21.34,23.63,3.66,0.0
20230810:1811,112102.0,96.11,12.61,23.26,3.45,0.0
20230810:1911,19343.0,21.86,4.17,22.56,3.38,0.0
20230810:2011,0.0,0.0,0.0,21.24,3.17,0.0
20230810:2111,0.0,0.0,0.0,20.42,3.1,0.0
20230810:2211,0.0,0.0,0.0,19.91,3.1,0.0
20230810:2311,0.0,0.0,0.0,19.42,3.1,0.0
20230811:0011,0.0,0.0,0.0,19.2,3.1,0.0
20230811:0111,0.0,0.0,0.0,18.82,3.31,0.0
20230811:0211,0.0,0.0,0.0,18.87,3.45,0.0
20230811:0311,0.0,0.0,0.0,18.61,3.72,0.0
20230811:0411,0.0,0.0,0.0,18.47,3.93,0.0
20230811:0511,2760.0,8.74,3.97,18.3,4.21,0.0
20230811:0611,116955.0,95.83,12.42,18.43,4.69,0.0
20230811:0711,488727.0,286.03,21.16,18.56,5.17,0.0
20230811:0811,949716.0,508.83,29.79,18.51,5.45,0.0
20230811:0911,1394996.0,743.36,37.83,18.78,5.52,0.0
20230811:1011,1542012.0,829.13,44.65,19.38,5.52,0.0
20230811:1111,1498795.0,808.46,49.37,20.18,5.93,0.0
20230811:1211,1365786.0,737.39,51.08,21.02,6.14,0.0
20230811:1311,1694364.0,927.65,49.34,21.3,5.45,0.0
20230811:1411,1033597.0,558.0,44.6,21.44,5.59,0.0
20230811:1511,905510.0,489.55,37.77,21.23,5.03,0.0
20230811:1611,482701.0,269.93,29.72,21.24,4.76,0.0
20230811:1711,399901.0,235.32,21.09,21.06,3.86,0.0
20230811:1811,105524.0,94.07,12.35,20.31,3.17,0.0
20230811:1911,15939.0,19.24,3.91,19.3,3.1,0.0
20230811:2011,0.0,0.0,0.0,17.79,2.76,0.0
20230811:2111,0.0,0.0,0.0,16.74,2.76,0.0
20230811:2211,0.0,0.0,0.0,15.9,2.9,0.0
20230811:2311,0.0,0.0,0.0,15.52,3.1,0.0
20230812:0011,0.0,0.0,0.0,15.13,3.31,0.0
20230812:0111,0.0,0.0,0.0,14.5,3.45,0.0
20230812:0211,0.0,0.0,0.0,14.4,3.59,0.0
20230812:0311,0.0,0.0,0.0,14.59,3.86,0.0
20230812:0411,0.0,0.0,0.0,14.7,4.0,0.0
20230812:0511,8004.0,13.12,3.75,14.45,3.93,0.0
20230812:0611,16698.0,19.47,12.21,14.9,4.14,0.0
20230812:0711,244398.0,144.19,20.95,16.01,4.69,0.0
20230812:0811,655201.0,351.13,29.57,17.11,7.1,0.0
20230812:0911,343367.0,194.57,37.6,18.15,7.03,0.0
20230812:1011,588202.0,319.5,44.4,18.58,6.41,0.0
20230812:1111,490843.0,271.03,49.09,19.23,6.48,0.0
20230812:1211,324047.0,186.35,50.78,19.92,6.48,0.0
20230812:1311,835590.0,449.27,49.05,19.92,6.41,0.0
20230812:1411,1347662.0,723.41,44.32,19.63,5.31,0.0
20230812:1511,851575.0,452.42,37.5,17.74,5.72,0.0
20230812:1611,574287.0,313.75,29.45,18.53,4.69,0.0
20230812:1711,430123.0,251.17,20.83,18.45,3.86,0.0
20230812:1811,106858.0,92.33,12.09,18.42,4.76,0.0
20230812:1911,1909.0,7.87,3.64,17.63,4.55,0.0
20230812:2011,0.0,0.0,0.0,17.16,4.34,0.0
20230812:2111,0.0,0.0,0.0,16.63,4.41,0.0
20230812:2211,0.0,0.0,0.0,16.23,4.41,0.0
20230812:2311,0.0,0.0,0.0,15.97,4.34,0.0
20230813:0011,0.0,0.0,0.0,15.67,4.28,0.0
20230813:0111,0.0,0.0,0.0,15.37,4.07,0.0
20230813:0211,0.0,0.0,0.0,15.04,3.93,0.0
20230813:0311,0.0,0.0,0.0,15.1,3.86,0.0
20230813:0411,0.0,0.0,0.0,14.89,3.72,0.0
20230813:0511,0.0,2.62,3.53,14.85,3.66,0.0
20230813:0611,47932.0,38.94,11.99,15.05,3.66,0.0
20230813:0711,244720.0,144.32,20.73,15.66,3.79,0.0
20230813:0811,281773.0,162.18,29.35,15.96,4.34,0.0
20230813:0911,607683.0,327.16,37.37,16.37,4.48,0.0
20230813:1011,638894.0,344.5,44.14,17.13,4.69,0.0
20230813:1111,1063980.0,566.21,48.81,17.77,5.17,0.0
20230813:1211,698717.0,377.11,50.48,18.46,5.45,0.0
20230813:1311,1338094.0,716.13,48.74,18.84,5.52,0.0
20230813:1411,290789.0,168.73,44.02,18.98,5.52,0.0
20230813:1511,383732.0,216.26,37.22,18.91,5.24,0.0
20230813:1611,413885.0,231.47,29.18,18.62,4.97,0.0
20230813:1711,430974.0,251.16,20.56,18.09,4.48,0.0
20230813:1811,79948.0,57.81,11.82,17.58,3.24,0.0
20230813:1911,0.0,2.62,3.37,16.78,3.17,0.0
20230813:2011,0.0,0.0,0.0,15.72,2.9,0.0
20230813:2111,0.0,0.0,0.0,14.91,2.62,0.0
20230813:2211,0.0,0.0,0.0,14.65,2.41,0.0
20230813:2311,0.0,0.0,0.0,14.3,2.34,0.0
20230814:0011,0.0,0.0,0.0,13.85,2.41,0.0
20230814:0111,0.0,0.0,0.0,13.46,2.41,0.0
20230814:0211,0.0,0.0,0.0,13.71,2.41,0.0
20230814:0311,0.0,0.0,0.0,14.19,2.55,0.0
20230814:0411,0.0,0.0,0.0,14.52,2.62,0.0
20230814:0511,0.0,1.75,3.3,14.43,2.48,0.0
20230814:0611,6670.0,12.05,11.77,14.57,2.62,0.0
20230814:0711,268870.0,156.99,20.51,14.71,2.55,0.0
20230814:0811,78959.0,56.55,29.12,15.34,2.48,0.0
20230814:0911,83904.0,59.33,37.13,15.59,2.28,0.0
20230814:1011,102511.0,69.53,43.88,15.92,2.48,0.0
20230814:1111,204999.0,123.31,48.52,16.05,2.83,0.0
20230814:1211,337594.0,190.98,50.17,16.3,3.93,0.0
20230814:1311,333178.0,189.13,48.44,16.65,3.66,0.0
20230814:1411,124453.0,81.59,43.73,17.04,3.24,0.0
20230814:1511,203550.0,123.31,36.93,17.78,3.72,0.0
20230814:1611,893780.0,483.5,28.91,18.73,3.79,0.0
20230814:1711,320689.0,188.81,20.29,19.23,4.0,0.0
20230814:1811,60007.0,46.36,11.55,17.85,4.69,0.0
20230814:1911,8924.0,13.99,3.09,17.83,2.55,0.0
20230814:2011,0.0,0.0,0.0,17.02,2.55,0.0
20230814:2111,0.0,0.0,0.0,16.37,2.9,0.0
20230814:2211,0.0,0.0,0.0,15.81,3.52,0.0
20230814:2311,0.0,0.0,0.0,15.45,4.14,0.0
20230815:0011,0.0,0.0,0.0,15.24,3.79,0.0
20230815:0111,0.0,0.0,0.0,15.13,3.38,0.0
20230815:0211,0.0,0.0,0.0,14.96,3.03,0.0
20230815:0311,0.0,0.0,0.0,14.52,2.83,0.0
20230815:0411,0.0,0.0,0.0,13.96,2.97,0.0
20230815:0511,0.0,2.62,3.07,13.92,3.1,0.0
20230815:0611,114563.0,89.34,11.55,14.42,3.31,0.0
20230815:0711,411286.0,236.86,20.3,15.54,3.52,0.0
20230815:0811,853277.0,456.55,28.9,16.63,4.0,0.0
20230815:0911,1274292.0,681.47,36.89,17.74,3.86,0.0
20230815:1011,1309758.0,706.24,43.61,18.45,3.72,0.0
20230815:1111,1340877.0,726.69,48.23,18.85,3.72,0.0
20230815:1211,841386.0,455.78,49.86,19.39,3.79,0.0
20230815:1311,842927.0,457.17,48.12,19.85,3.86,0.0
20230815:1411,644368.0,353.31,43.43,20.01,3.45,0.0
20230815:1511,216959.0,131.65,36.65,20.12,3.17,0.0
20230815:1611,400844.0,227.24,28.63,20.19,3.17,0.0
20230815:1711,169510.0,106.71,20.01,19.73,2.97,0.0
20230815:1811,104144.0,74.09,11.28,18.99,2.69,0.0
20230815:1911,0.0,3.5,2.81,17.99,1.79,0.0
20230815:2011,0.0,0.0,0.0,16.42,1.86,0.0
20230815:2111,0.0,0.0,0.0,15.54,1.93,0.0
20230815:2211,0.0,0.0,0.0,14.49,2.0,0.0
20230815:2311,0.0,0.0,0.0,13.57,2.14,0.0
20230816:0011,0.0,0.0,0.0,12.93,2.14,0.0
20230816:0111,0.0,0.0,0.0,12.45,1.93,0.0
20230816:0211,0.0,0.0,0.0,11.9,1.86,0.0
20230816:0311,0.0,0.0,0.0,11.64,1.79,0.0
20230816:0411,0.0,0.0,0.0,11.25,1.86,0.0
20230816:0511,4945.0,10.49,2.84,11.03,1.66,0.0
20230816:0611,96945.0,66.66,11.33,11.7,1.93,0.0
20230816:0711,288075.0,166.37,20.08,12.56,1.31,0.0
20230816:0811,736138.0,397.62,28.67,14.47,1.1,0.0
20230816:0911,921909.0,500.68,36.64,16.45,0.9,0.0
20230816:1011,796421.0,437.48,43.35,17.88,0.62,0.0
20230816:1111,444406.0,251.0,47.94,18.89,0.76,0.0
20230816:1211,257531.0,152.97,49.55,19.23,1.03,0.0
20230816:1311,421728.0,239.33,47.81,19.72,1.31,0.0
20230816:1411,457447.0,258.14,43.12,20.03,1.45,0.0
20230816:1511,129214.0,85.29,36.35,19.96,1.45,0.0
20230816:1611,264201.0,156.68,28.35,19.97,1.66,0.0
20230816:1711,328647.0,194.72,19.73,19.37,2.21,0.0
20230816:1811,91747.0,65.8,10.99,18.61,2.62,0.0
20230816:1911,0.0,3.5,2.52,17.69,2.62,0.0
20230816:2011,0.0,0.0,0.0,16.3,2.55,0.0
20230816:2111,0.0,0.0,0.0,15.54,2.34,0.0
20230816:2211,0.0,0.0,0.0,14.77,2.21,0.0
20230816:2311,0.0,0.0,0.0,14.16,2.0,0.0
20230817:0011,0.0,0.0,0.0,14.32,1.93,0.0
20230817:0111,0.0,0.0,0.0,14.15,1.93,0.0
20230817:0211,0.0,0.0,0.0,14.37,2.0,0.0
20230817:0311,0.0,0.0,0.0,14.53,2.28,0.0
20230817:0411,0.0,0.0,0.0,14.5,2.21,0.0
20230817:0511,0.0,1.75,2.61,14.42,2.28,0.0
20230817:0611,44873.0,37.08,11.11,14.67,3.52,0.0
20230817:0711,261602.0,152.93,19.85,14.84,4.41,0.0
20230817:0811,608856.0,327.36,28.44,15.53,4.34,0.0
20230817:0911,649221.0,347.8,36.4,16.05,4.28,0.0
20230817:1011,548596.0,298.57,43.08,16.99,4.34,0.0
20230817:1111,788072.0,423.42,47.64,17.92,4.34,0.0
20230817:1211,638687.0,347.53,49.23,18.53,4.21,0.0
20230817:1311,928119.0,499.65,47.49,19.04,4.21,0.0
20230817:1411,1170953.0,628.91,42.81,19.2,4.41,0.0
20230817:1511,1236756.0,661.11,36.05,18.8,4.62,0.0
20230817:1611,717577.0,388.26,28.06,18.6,4.83,0.0
20230817:1711,285522.0,168.35,19.45,17.84,4.69,0.0
20230817:1811,66999.0,50.38,10.71,16.85,4.34,0.0
20230817:1911,0.0,1.75,2.23,15.29,3.93,0.0
20230817:2011,0.0,0.0,0.0,14.49,3.52,0.0
20230817:2111,0.0,0.0,0.0,13.79,3.1,0.0
20230817:2211,0.0,0.0,0.0,13.25,3.03,0.0
20230817:2311,0.0,0.0,0.0,12.81,2.9,0.0
20230818:0011,0.0,0.0,0.0,12.52,2.62,0.0
20230818:0111,0.0,0.0,0.0,12.38,2.48,0.0
20230818:0211,0.0,0.0,0.0,12.37,2.55,0.0
20230818:0311,0.0,0.0,0.0,12.24,2.69,0.0
20230818:0411,0.0,0.0,0.0,12.45,2.9,0.0
20230818:0511,0.0,0.87,2.38,12.57,3.1,0.0
20230818:0611,32752.0,29.67,10.89,13.37,3.38,0.0
20230818:0711,218247.0,129.83,19.63,14.19,3.66,0.0
20230818:0811,191912.0,115.89,28.21,15.41,5.86,0.0
20230818:0911,233174.0,137.21,36.15,15.86,5.66,0.0
20230818:1011,184023.0,112.18,42.8,16.09,5.66,0.0
20230818:1111,180159.0,110.33,47.34,16.42,5.72,0.0
20230818:1211,218799.0,130.72,48.91,17.35,5.52,0.0
20230818:1311,232898.0,138.14,47.16,17.68,5.66,0.0
20230818:1411,138138.0,89.0,42.49,17.89,5.59,0.0
20230818:1511,311213.0,178.44,35.75,17.98,5.31,0.0
20230818:1611,206563.0,125.16,27.76,18.8,5.72,0.0
20230818:1711,82892.0,59.33,19.16,18.3,4.76,0.0
20230818:1811,20539.0,22.25,10.42,17.43,4.97,0.0
20230818:1911,0.0,0.87,1.93,16.5,4.97,0.0
20230818:2011,0.0,0.0,0.0,16.16,4.83,0.0
20230818:2111,0.0,0.0,0.0,15.98,4.9,0.0
20230818:2211,0.0,0.0,0.0,15.95,4.69,0.0
20230818:2311,0.0,0.0,0.0,15.92,4.69,0.0
20230819:0011,0.0,0.0,0.0,16.22,4.62,0.0
20230819:0111,0.0,0.0,0.0,16.99,4.97,0.0
20230819:0211,0.0,0.0,0.0,17.78,5.17,0.0
20230819:0311,0.0,0.0,0.0,18.66,5.66,0.0
20230819:0411,0.0,0.0,0.0,18.96,5.66,0.0
20230819:0511,2783.0,8.74,2.14,18.23,5.31,0.0
20230819:0611,91885.0,82.08,10.66,17.48,5.52,0.0
20230819:0711,387826.0,225.69,19.4,17.7,6.21,0.0
20230819:0811,879819.0,468.2,27.98,18.36,7.79,0.0
20230819:0911,807254.0,429.93,35.9,19.05,7.45,0.0
20230819:1011,817719.0,437.56,42.53,19.91,7.66,0.0
20230819:1111,1207937.0,644.36,47.04,20.71,7.79,0.0
20230819:1211,1056482.0,567.03,48.59,21.26,7.17,0.0
20230819:1311,228942.0,138.14,46.84,21.55,7.72,0.0
20230819:1411,657271.0,358.94,42.17,21.27,6.14,0.0
20230819:1511,1281859.0,687.08,35.45,21.54,6.55,0.0
20230819:1611,582360.0,321.45,27.47,21.45,5.79,0.0
20230819:1711,251551.0,152.36,18.87,21.13,5.03,0.0
20230819:1811,94162.0,74.32,10.13,20.38,4.41,0.0
20230819:1911,0.0,4.37,1.64,19.08,4.07,0.0
20230819:2011,0.0,0.0,0.0,18.02,3.52,0.0
20230819:2111,0.0,0.0,0.0,17.24,3.45,0.0
20230819:2211,0.0,0.0,0.0,16.58,3.38,0.0
20230819:2311,0.0,0.0,0.0,16.09,3.38,0.0
20230820:0011,0.0,0.0,0.0,15.65,3.45,0.0
20230820:0111,0.0,0.0,0.0,15.37,3.66,0.0
20230820:0211,0.0,0.0,0.0,15.08,3.38,0.0
20230820:0311,0.0,0.0,0.0,14.6,2.97,0.0
20230820:0411,0.0,0.0,0.0,14.35,2.97,0.0
20230820:0511,0.0,3.5,1.91,14.27,3.1,0.0
20230820:0611,94070.0,82.46,10.43,14.82,2.97,0.0
20230820:0711,402431.0,233.24,19.18,15.88,3.38,0.0
20230820:0811,835245.0,446.69,27.74,17.29,4.97,0.0
20230820:0911,979478.0,521.79,35.65,18.62,5.1,0.0
20230820:1011,632155.0,344.01,42.25,19.35,5.03,0.0
20230820:1111,847757.0,457.4,46.73,19.9,5.03,0.0
20230820:1211,1728220.0,946.19,48.26,20.44,5.17,0.0
20230820:1311,1044269.0,562.54,46.5,20.41,5.17,0.0
20230820:1411,1140409.0,614.23,41.85,20.36,4.83,0.0
20230820:1511,1280594.0,691.29,35.13,20.61,4.55,0.0
20230820:1611,773720.0,422.98,27.16,20.45,4.0,0.0
20230820:1711,449213.0,272.26,18.57,20.27,3.72,0.0
20230820:1811,86572.0,73.16,9.83,19.55,2.9,0.0
20230820:1911,0.0,1.75,1.33,18.41,2.34,0.0
20230820:2011,0.0,0.0,0.0,16.86,2.07,0.0
20230820:2111,0.0,0.0,0.0,15.31,2.0,0.0
20230820:2211,0.0,0.0,0.0,13.99,2.14,0.0
20230820:2311,0.0,0.0,0.0,13.31,2.41,0.0
20230821:0011,0.0,0.0,0.0,13.01,2.62,0.0
20230821:0111,0.0,0.0,0.0,12.91,2.9,0.0
20230821:0211,0.0,0.0,0.0,12.94,3.03,0.0
20230821:0311,0.0,0.0,0.0,12.91,3.03,0.0
20230821:0411,0.0,0.0,0.0,12.75,2.97,0.0
20230821:0511,0.0,1.75,1.67,12.58,2.97,0.0
20230821:0611,97704.0,79.81,10.2,13.08,2.9,0.0
20230821:0711,454963.0,264.36,18.95,14.99,3.31,0.0
20230821:0811,916389.0,488.68,27.51,16.48,4.41,0.0
20230821:0911,1366246.0,724.78,35.4,17.85,5.38,0.0
20230821:1011,1592244.0,852.81,41.97,18.92,5.86,0.0
20230821:1111,1726380.0,934.1,46.42,19.81,6.07,0.0
20230821:1211,1839333.0,1002.45,47.93,20.45,6.21,0.0
20230821:1311,1518506.0,822.05,46.17,20.75,5.79,0.0
20230821:1411,867330.0,467.54,41.52,20.71,5.66,0.0
20230821:1511,315054.0,182.65,34.82,21.22,6.62,0.0
20230821:1611,570906.0,315.1,26.86,20.69,4.97,0.0
20230821:1711,368230.0,220.75,18.27,20.5,4.55,0.0
20230821:1811,88159.0,69.95,9.53,19.78,4.48,0.0
20230821:1911,0.0,0.0,0.0,18.91,4.34,0.0
20230821:2011,0.0,0.0,0.0,18.18,4.28,0.0
20230821:2111,0.0,0.0,0.0,17.73,4.41,0.0
20230821:2211,0.0,0.0,0.0,16.99,4.28,0.0
20230821:2311,0.0,0.0,0.0,16.62,4.28,0.0
20230822:0011,0.0,0.0,0.0,16.36,4.21,0.0
20230822:0111,0.0,0.0,0.0,16.03,4.21,0.0
20230822:0211,0.0,0.0,0.0,16.01,4.21,0.0
20230822:0311,0.0,0.0,0.0,15.64,4.21,0.0
20230822:0411,0.0,0.0,0.0,15.38,4.21,0.0
20230822:0511,0.0,1.75,1.43,15.21,4.28,0.0
20230822:0611,90114.0,78.08,9.97,15.33,4.34,0.0
20230822:0711,432745.0,252.48,18.72,16.36,4.14,0.0
20230822:0811,888720.0,472.78,27.27,17.44,6.34,0.0
20230822:0911,885707.0,469.1,35.14,18.07,6.48,0.0
20230822:1011,1613289.0,861.63,41.69,18.9,6.34,0.0
20230822:1111,1862655.0,1005.06,46.11,19.26,6.69,0.0
20230822:1211,1651193.0,889.1,47.6,19.35,6.21,0.0
20230822:1311,742325.0,400.25,45.83,19.54,6.07,0.0
20230822:1411,1170677.0,624.96,41.19,20.02,6.21,0.0
20230822:1511,651728.0,353.7,34.5,19.93,5.59,0.0
20230822:1611,524055.0,288.8,26.55,19.33,5.17,0.0
20230822:1711,231610.0,140.36,17.96,18.9,4.69,0.0
20230822:1811,78223.0,59.42,9.22,18.2,4.07,0.0
20230822:1911,0.0,0.0,0.0,17.19,3.52,0.0
20230822:2011,0.0,0.0,0.0,16.19,3.31,0.0
20230822:2111,0.0,0.0,0.0,15.54,3.17,0.0
20230822:2211,0.0,0.0,0.0,15.14,3.03,0.0
20230822:2311,0.0,0.0,0.0,14.55,2.83,0.0
20230823:0011,0.0,0.0,0.0,14.22,2.62,0.0
20230823:0111,0.0,0.0,0.0,13.82,2.48,0.0
20230823:0211,0.0,0.0,0.0,13.74,2.48,0.0
20230823:0311,0.0,0.0,0.0,13.64,2.55,0.0
20230823:0411,0.0,0.0,0.0,13.4,2.48,0.0
20230823:0511,0.0,0.0,0.0,13.46,2.41,0.0
20230823:0611,51405.0,40.79,9.74,13.94,2.34,0.0
20230823:0711,20792.0,22.25,18.49,15.17,2.48,0.0
20230823:0811,344126.0,194.31,27.03,15.99,2.83,0.0
20230823:0911,803758.0,429.73,34.88,17.15,3.59,0.0
20230823:1011,863121.0,462.95,41.4,18.53,4.28,0.0
20230823:1111,560855.0,308.12,45.79,19.31,4.41,0.0
20230823:1211,748949.0,406.17,47.26,19.71,4.48,0.0
20230823:1311,674337.0,368.37,45.49,19.87,3.79,0.0
20230823:1411,517638.0,287.39,40.86,20.17,3.52,0.0
20230823:1511,708423.0,386.69,34.18,20.19,3.1,0.0
20230823:1611,203366.0,124.59,26.23,20.09,2.69,0.0
20230823:1711,54602.0,43.57,17.65,19.58,2.14,0.0
20230823:1811,16261.0,19.47,8.91,19.14,2.0,0.0
20230823:1911,0.0,0.0,0.0,18.34,2.07,0.0
20230823:2011,0.0,0.0,0.0,17.98,2.07,0.0
20230823:2111,0.0,0.0,0.0,17.7,2.14,0.0
20230823:2211,0.0,0.0,0.0,17.54,2.07,0.0
20230823:2311,0.0,0.0,0.0,17.27,1.86,0.0
20230824:0011,0.0,0.0,0.0,17.05,1.72,0.0
20230824:0111,0.0,0.0,0.0,16.57,1.93,0.0
20230824:0211,0.0,0.0,0.0,16.06,2.28,0.0
20230824:0311,0.0,0.0,0.0,15.84,2.48,0.0
20230824:0411,0.0,0.0,0.0,16.28,2.83,0.0
20230824:0511,0.0,0.0,0.0,16.14,3.1,0.0
20230824:0611,73232.0,54.87,9.51,15.94,3.03,0.0
20230824:0711,97037.0,66.75,18.25,16.43,1.79,0.0
20230824:0811,127811.0,83.44,26.79,16.93,1.93,0.0
20230824:0911,183816.0,113.11,34.62,17.49,2.34,0.0
20230824:1011,192418.0,117.74,41.11,17.84,2.48,0.0
20230824:1111,216890.0,130.72,45.47,18.35,2.69,0.0
20230824:1211,705272.0,384.15,46.92,18.65,2.83,0.0
20230824:1311,437322.0,245.3,45.14,19.21,3.1,0.0
20230824:1411,868204.0,469.19,40.52,19.36,3.45,0.0
20230824:1511,631419.0,343.54,33.85,19.04,3.86,0.0
20230824:1611,759391.0,411.5,25.92,18.54,4.28,0.0
20230824:1711,409561.0,247.72,17.34,17.88,3.93,0.0
20230824:1811,60996.0,60.05,8.6,17.33,3.38,0.0
20230824:1911,0.0,0.0,0.0,15.67,3.1,0.0
20230824:2011,0.0,0.0,0.0,14.42,2.9,0.0
20230824:2111,0.0,0.0,0.0,13.65,2.97,0.0
20230824:2211,0.0,0.0,0.0,12.61,2.9,0.0
20230824:2311,0.0,0.0,0.0,11.8,2.76,0.0
20230825:0011,0.0,0.0,0.0,11.3,2.48,0.0
20230825:0111,0.0,0.0,0.0,11.01,2.41,0.0
20230825:0211,0.0,0.0,0.0,10.83,2.28,0.0
20230825:0311,0.0,0.0,0.0,10.54,2.21,0.0
20230825:0411,0.0,0.0,0.0,10.74,2.21,0.0
20230825:0511,0.0,0.0,0.0,11.11,2.14,0.0
20230825:0611,90988.0,71.31,9.27,11.72,2.07,0.0
20230825:0711,376142.0,216.85,18.02,13.01,2.34,0.0
20230825:0811,790832.0,420.7,26.54,14.28,3.17,0.0
20230825:0911,932351.0,493.22,34.35,15.37,3.45,0.0
20230825:1011,1315761.0,702.21,40.82,16.03,3.45,0.0
20230825:1111,600139.0,325.37,45.15,16.75,3.59,0.0
20230825:1211,951510.0,508.42,46.58,16.8,3.52,0.0
20230825:1311,647151.0,349.88,44.79,16.79,3.31,0.0
20230825:1411,605038.0,326.91,40.18,16.45,3.66,0.0
20230825:1511,453675.0,249.49,33.52,16.21,3.66,0.0
20230825:1611,388953.0,216.74,25.59,15.6,3.1,0.0
20230825:1711,348151.0,206.62,17.02,15.45,3.1,0.0
20230825:1811,64055.0,49.64,8.28,15.05,2.97,0.0
20230825:1911,0.0,0.0,0.0,14.63,3.03,0.0
20230825:2011,0.0,0.0,0.0,13.48,2.83,0.0
20230825:2111,0.0,0.0,0.0,12.66,2.55,0.0
20230825:2211,0.0,0.0,0.0,11.98,2.34,0.0
20230825:2311,0.0,0.0,0.0,11.49,2.34,0.0
20230826:0011,0.0,0.0,0.0,11.23,2.34,0.0
20230826:0111,0.0,0.0,0.0,11.18,2.28,0.0
20230826:0211,0.0,0.0,0.0,10.69,2.21,0.0
20230826:0311,0.0,0.0,0.0,10.82,2.0,0.0
20230826:0411,0.0,0.0,0.0,10.61,1.93,0.0
20230826:0511,0.0,0.0,0.0,10.74,1.79,0.0
20230826:0611,87124.0,70.14,9.04,10.94,1.52,0.0
20230826:0711,393139.0,227.31,17.78,11.88,0.76,0.0
20230826:0811,851621.0,457.51,26.3,13.3,1.03,0.0
20230826:0911,1174311.0,635.61,34.09,14.3,0.83,0.0
20230826:1011,1368132.0,759.35,40.53,15.35,0.48,0.0
20230826:1111,1676079.0,958.46,44.83,16.01,0.55,0.0
20230826:1211,1747448.0,1004.66,46.23,16.58,0.76,0.0
20230826:1311,339917.0,193.77,44.44,16.7,1.31,0.0
20230826:1411,366781.0,206.97,39.83,16.62,2.07,0.0
20230826:1511,916872.0,491.9,33.18,16.48,2.14,0.0
20230826:1611,649750.0,352.6,25.27,16.29,2.62,0.0
20230826:1711,388654.0,234.07,16.7,15.99,2.97,0.0
20230826:1811,65274.0,51.1,7.96,15.3,2.28,0.0
20230826:1911,0.0,0.0,0.0,13.87,1.93,0.0
20230826:2011,0.0,0.0,0.0,12.68,2.21,0.0
20230826:2111,0.0,0.0,0.0,12.08,2.34,0.0
20230826:2211,0.0,0.0,0.0,11.63,2.41,0.0
20230826:2311,0.0,0.0,0.0,11.12,2.28,0.0
20230827:0011,0.0,0.0,0.0,10.79,2.07,0.0
20230827:0111,0.0,0.0,0.0,10.62,1.93,0.0
20230827:0211,0.0,0.0,0.0,10.12,1.93,0.0
20230827:0311,0.0,0.0,0.0,10.07,1.59,0.0
20230827:0411,0.0,0.0,0.0,9.83,1.59,0.0
20230827:0511,0.0,0.0,0.0,9.43,1.38,0.0
20230827:0611,70587.0,52.22,8.8,9.28,1.17,0.0
20230827:0711,124384.0,79.73,17.54,11.02,1.38,0.0
20230827:0811,463059.0,252.07,26.05,12.6,1.66,0.0
20230827:0911,925888.0,495.01,33.82,14.87,1.59,0.0
20230827:1011,527505.0,289.79,40.23,15.75,0.97,0.0
20230827:1111,849942.0,463.86,44.5,16.65,0.69,0.0
20230827:1211,899369.0,490.13,45.88,17.79,1.45,0.0
20230827:1311,1617843.0,900.12,44.08,18.29,2.21,0.0
20230827:1411,79764.0,57.48,39.48,17.47,2.55,0.0
20230827:1511,166773.0,103.84,32.84,16.73,2.55,0.0
20230827:1611,187864.0,114.96,24.94,17.03,2.55,0.0
20230827:1711,73531.0,53.77,16.38,16.21,1.59,0.0
20230827:1811,33879.0,30.59,7.63,15.32,2.0,0.0
20230827:1911,0.0,0.0,0.0,14.58,2.34,0.0
20230827:2011,0.0,0.0,0.0,14.05,2.48,0.0
20230827:2111,0.0,0.0,0.0,13.86,2.28,0.0
20230827:2211,0.0,0.0,0.0,12.93,2.48,0.0
20230827:2311,0.0,0.0,0.0,12.4,2.55,0.0
20230828:0011,0.0,0.0,0.0,11.79,2.62,0.0
20230828:0111,0.0,0.0,0.0,11.38,2.69,0.0
20230828:0211,0.0,0.0,0.0,11.16,2.55,0.0
20230828:0311,0.0,0.0,0.0,11.03,2.41,0.0
20230828:0411,0.0,0.0,0.0,10.71,2.48,0.0
20230828:0511,0.0,0.0,0.0,10.85,2.55,0.0
20230828:0611,55959.0,43.55,8.56,11.16,2.55,0.0
20230828:0711,258129.0,151.14,17.31,12.58,2.69,0.0
20230828:0811,728709.0,386.57,25.8,13.59,3.52,0.0
20230828:0911,890100.0,468.97,33.55,14.43,3.45,0.0
20230828:1011,767142.0,408.5,39.94,15.18,3.1,0.0
20230828:1111,880854.0,469.7,44.17,16.02,3.24,0.0
20230828:1211,679995.0,366.65,45.53,16.49,3.1,0.0
20230828:1311,1159108.0,621.94,43.72,16.99,3.1,0.0
20230828:1411,690207.0,372.64,39.13,17.22,2.97,0.0
20230828:1511,565340.0,308.24,32.5,17.34,2.83,0.0
20230828:1611,225124.0,134.35,24.61,17.11,2.41,0.0
20230828:1711,228160.0,139.05,16.05,16.86,2.41,0.0
20230828:1811,32200.0,29.67,7.3,16.32,2.48,0.0
20230828:1911,0.0,0.0,0.0,15.21,2.55,0.0
20230828:2011,0.0,0.0,0.0,14.59,2.62,0.0
20230828:2111,0.0,0.0,0.0,13.75,2.62,0.0
20230828:2211,0.0,0.0,0.0,13.41,2.69,0.0
20230828:2311,0.0,0.0,0.0,12.9,2.62,0.0
20230829:0011,0.0,0.0,0.0,12.05,2.62,0.0
20230829:0111,0.0,0.0,0.0,11.59,2.48,0.0
20230829:0211,0.0,0.0,0.0,11.44,2.28,0.0
20230829:0311,0.0,0.0,0.0,11.34,1.93,0.0
20230829:0411,0.0,0.0,0.0,11.18,2.0,0.0
20230829:0511,0.0,0.0,0.0,11.26,2.21,0.0
20230829:0611,54142.0,42.64,8.32,11.84,2.28,0.0
20230829:0711,203711.0,122.6,17.06,13.35,2.21,0.0
20230829:0811,197363.0,118.67,25.55,14.72,3.03,0.0
20230829:0911,232990.0,137.21,33.28,15.27,2.97,0.0
20230829:1011,772179.0,412.59,39.64,15.96,3.1,0.0
20230829:1111,956386.0,510.49,43.84,16.86,3.59,0.0
20230829:1211,971589.0,519.78,45.18,17.42,3.72,0.0
20230829:1311,970577.0,517.75,43.36,17.5,4.21,0.0
20230829:1411,1554409.0,834.76,38.77,17.84,4.55,0.0
20230829:1511,1299546.0,691.62,32.16,17.66,4.55,0.0
20230829:1611,817719.0,440.37,24.27,17.27,4.48,0.0
20230829:1711,392587.0,240.28,15.72,16.65,4.14,0.0
20230829:1811,43194.0,45.7,6.97,15.62,3.59,0.0
20230829:1911,0.0,0.0,0.0,14.58,3.45,0.0
20230829:2011,0.0,0.0,0.0,13.44,3.38,0.0
20230829:2111,0.0,0.0,0.0,13.05,3.38,0.0
20230829:2211,0.0,0.0,0.0,12.53,3.45,0.0
20230829:2311,0.0,0.0,0.0,12.36,3.59,0.0
20230830:0011,0.0,0.0,0.0,12.2,3.52,0.0
20230830:0111,0.0,0.0,0.0,11.7,3.38,0.0
20230830:0211,0.0,0.0,0.0,11.19,3.31,0.0
20230830:0311,0.0,0.0,0.0,10.89,3.31,0.0
20230830:0411,0.0,0.0,0.0,10.52,3.24,0.0
20230830:0511,0.0,0.0,0.0,10.12,3.1,0.0
20230830:0611,74014.0,66.32,8.08,10.11,2.9,0.0
20230830:0711,294354.0,170.44,16.82,11.59,2.69,0.0
20230830:0811,886903.0,467.23,25.29,13.17,3.79,0.0
20230830:0911,1038680.0,544.14,33.01,14.2,4.0,0.0
20230830:1011,1411395.0,745.98,39.33,15.05,4.34,0.0
20230830:1111,1086934.0,574.03,43.51,15.91,4.62,0.0
20230830:1211,1092546.0,579.15,44.82,16.09,4.21,0.0
20230830:1311,681858.0,365.29,43.0,16.23,4.28,0.0
20230830:1411,638480.0,342.92,38.41,16.37,4.28,0.0
20230830:1511,804402.0,427.49,31.81,16.22,3.86,0.0
20230830:1611,481367.0,264.45,23.93,16.17,3.45,0.0
20230830:1711,362595.0,221.86,15.39,16.08,2.83,0.0
20230830:1811,50554.0,44.17,6.64,15.52,1.52,0.0
20230830:1911,0.0,0.0,0.0,14.39,1.59,0.0
20230830:2011,0.0,0.0,0.0,12.9,1.1,0.0
20230830:2111,0.0,0.0,0.0,11.42,1.38,0.0
20230830:2211,0.0,0.0,0.0,9.71,1.72,0.0
20230830:2311,0.0,0.0,0.0,8.72,1.79,0.0
20230831:0011,0.0,0.0,0.0,8.08,1.79,0.0
20230831:0111,0.0,0.0,0.0,7.68,1.72,0.0
20230831:0211,0.0,0.0,0.0,7.09,1.79,0.0
20230831:0311,0.0,0.0,0.0,6.82,1.59,0.0
20230831:0411,0.0,0.0,0.0,6.56,1.52,0.0
20230831:0511,0.0,0.0,0.0,6.48,1.45,0.0
20230831:0611,73393.0,61.55,7.84,7.0,0.97,0.0
20230831:0711,395715.0,227.68,16.58,9.4,0.41,0.0
20230831:0811,902474.0,488.72,25.04,12.38,0.07,0.0
20230831:0911,1239401.0,676.47,32.73,14.7,0.62,0.0
20230831:1011,1453140.0,799.02,39.03,16.27,1.52,0.0
20230831:1111,1808191.0,1010.38,43.17,17.35,2.41,0.0
20230831:1211,1863230.0,1043.85,44.46,18.03,2.76,0.0
20230831:1311,1748437.0,970.55,42.63,18.33,2.9,0.0
20230831:1411,1196736.0,647.88,38.05,18.31,2.69,0.0
20230831:1511,984308.0,530.8,31.46,18.47,2.69,0.0
20230831:1611,786531.0,430.38,23.59,18.34,2.55,0.0
20230831:1711,368897.0,230.16,15.05,18.12,2.48,0.0
20230831:1811,46184.0,40.15,6.3,16.99,2.48,0.0
20230831:1911,0.0,0.0,0.0,15.59,2.62,0.0
20230831:2011,0.0,0.0,0.0,14.73,2.41,0.0
20230831:2111,0.0,0.0,0.0,14.05,2.55,0.0
20230831:2211,0.0,0.0,0.0,13.87,2.28,0.0
20230831:2311,0.0,0.0,0.0,13.39,2.28,0.0
20230901:0011,0.0,0.0,0.0,12.9,2.14,0.0
20230901:0111,0.0,0.0,0.0,12.65,2.21,0.0
20230901:0211,0.0,0.0,0.0,12.66,2.07,0.0
20230901:0311,0.0,0.0,0.0,12.91,1.86,0.0
20230901:0411,0.0,0.0,0.0,13.13,1.93,0.0
20230901:0511,0.0,0.0,0.0,13.26,2.07,0.0
20230901:0611,52394.0,42.29,7.59,13.46,2.48,0.0
20230901:0711,105501.0,70.46,16.33,13.36,1.86,0.0
20230901:0811,165255.0,101.98,24.78,14.18,2.41,0.0
20230901:0911,168383.0,103.84,32.45,14.82,2.69,0.0
20230901:1011,269284.0,155.75,38.72,15.35,3.1,0.0
20230901:1111,205436.0,123.31,42.83,15.71,3.1,0.0
20230901:1211,170775.0,105.69,44.1,16.4,3.24,0.0
20230901:1311,236624.0,139.99,42.26,16.95,3.31,0.0
20230901:1411,253805.0,149.26,37.69,17.66,3.38,0.0
20230901:1511,304428.0,175.12,31.11,17.59,3.38,0.0
20230901:1611,322552.0,184.34,23.25,17.33,3.38,0.0
20230901:1711,114402.0,76.45,14.71,16.81,3.17,0.0
20230901:1811,20677.0,22.25,5.96,16.07,2.9,0.0
20230901:1911,0.0,0.0,0.0,15.44,2.41,0.0
20230901:2011,0.0,0.0,0.0,15.05,2.28,0.0
20230901:2111,0.0,0.0,0.0,14.62,2.07,0.0
20230901:2211,0.0,0.0,0.0,14.43,1.79,0.0
20230901:2311,0.0,0.0,0.0,14.09,1.79,0.0
20230902:0011,0.0,0.0,0.0,13.77,1.72,0.0
20230902:0111,0.0,0.0,0.0,13.44,1.66,0.0
20230902:0211,0.0,0.0,0.0,13.39,1.52,0.0
20230902:0311,0.0,0.0,0.0,13.35,1.52,0.0
20230902:0411,0.0,0.0,0.0,12.83,1.52,0.0
20230902:0511,0.0,0.0,0.0,12.39,1.38,0.0
20230902:0611,47955.0,39.56,7.35,12.0,1.52,0.0
20230902:0711,164151.0,102.01,16.09,13.48,0.9,0.0
20230902:0811,391483.0,218.87,24.53,15.15,0.97,0.0
20230902:0911,1090522.0,589.86,32.17,16.53,1.45,0.0
20230902:1011,1317854.0,722.36,38.41,17.36,1.59,0.0
20230902:1111,1528235.0,857.95,42.49,18.41,1.38,0.0
20230902:1211,1737121.0,1003.0,43.73,19.18,1.1,0.0
20230902:1311,1712879.0,980.07,41.89,19.6,1.45,0.0
20230902:1411,1444009.0,802.97,37.32,19.93,1.93,0.0
20230902:1511,1143583.0,625.3,30.75,20.14,2.28,0.0
20230902:1611,651498.0,361.21,22.9,20.16,2.41,0.0
20230902:1711,332879.0,211.72,14.37,19.92,2.07,0.0
20230902:1811,33166.0,32.74,5.62,19.36,2.07,0.0
20230902:1911,0.0,0.0,0.0,18.5,2.07,0.0
20230902:2011,0.0,0.0,0.0,16.48,2.21,0.0
20230902:2111,0.0,0.0,0.0,14.78,1.79,0.0
20230902:2211,0.0,0.0,0.0,13.61,2.07,0.0
20230902:2311,0.0,0.0,0.0,13.07,2.34,0.0
20230903:0011,0.0,0.0,0.0,12.85,2.41,0.0
20230903:0111,0.0,0.0,0.0,12.49,2.14,0.0
20230903:0211,0.0,0.0,0.0,11.82,1.86,0.0
20230903:0311,0.0,0.0,0.0,11.35,1.86,0.0
20230903:0411,0.0,0.0,0.0,11.12,2.07,0.0
20230903:0511,0.0,0.0,0.0,11.01,2.0,0.0
20230903:0611,57914.0,46.85,7.1,10.95,1.93,0.0
20230903:0711,301691.0,177.08,15.84,13.41,2.14,0.0
20230903:0811,836579.0,451.64,24.27,16.5,2.34,0.0
20230903:0911,1275143.0,686.94,31.89,18.1,3.1,0.0
20230903:1011,1616969.0,887.91,38.1,19.49,3.45,0.0
20230903:1111,1745424.0,969.78,42.15,20.62,3.72,0.0
20230903:1211,1776796.0,988.0,43.36,21.37,4.21,0.0
20230903:1311,1649859.0,909.97,41.51,21.85,4.55,0.0
20230903:1411,1460454.0,798.86,36.95,21.91,4.41,0.0
20230903:1511,1216884.0,662.16,30.39,21.93,4.14,0.0
20230903:1611,760058.0,420.67,22.55,21.54,3.66,0.0
20230903:1711,335892.0,215.34,14.02,20.92,2.83,0.0
20230903:1811,20194.0,26.48,5.27,19.69,2.34,0.0
20230903:1911,0.0,0.0,0.0,18.29,2.0,0.0
20230903:2011,0.0,0.0,0.0,16.03,1.72,0.0
20230903:2111,0.0,0.0,0.0,14.41,1.52,0.0
20230903:2211,0.0,0.0,0.0,13.77,1.24,0.0
20230903:2311,0.0,0.0,0.0,12.86,1.31,0.0
20230904:0011,0.0,0.0,0.0,11.98,1.52,0.0
20230904:0111,0.0,0.0,0.0,12.21,1.31,0.0
20230904:0211,0.0,0.0,0.0,13.01,1.03,0.0
20230904:0311,0.0,0.0,0.0,12.81,1.1,0.0
20230904:0411,0.0,0.0,0.0,12.36,1.24,0.0
20230904:0511,0.0,0.0,0.0,11.24,1.59,0.0
20230904:0611,59271.0,56.37,6.86,10.82,1.79,0.0
20230904:0711,393024.0,231.17,15.59,13.3,1.17,0.0
20230904:0811,869998.0,473.11,24.01,16.91,1.66,0.0
20230904:0911,1275672.0,696.45,31.61,19.06,2.28,0.0
20230904:1011,1586126.0,884.35,37.79,20.86,2.69,0.0
20230904:1111,1740709.0,983.54,41.8,22.25,3.1,0.0
20230904:1211,1763525.0,1001.88,43.0,23.2,3.24,0.0
20230904:1311,1665913.0,943.19,41.14,23.88,3.24,0.0
20230904:1411,1475312.0,827.75,36.58,24.37,3.17,0.0
20230904:1511,1104782.0,614.12,30.03,24.62,2.83,0.0
20230904:1611,722223.0,409.07,22.19,24.65,2.34,0.0
20230904:1711,302220.0,197.86,13.67,24.28,1.59,0.0
20230904:1811,25323.0,27.7,4.93,23.23,1.79,0.0
20230904:1911,0.0,0.0,0.0,21.2,2.48,0.0
20230904:2011,0.0,0.0,0.0,19.21,2.55,0.0
20230904:2111,0.0,0.0,0.0,17.7,2.34,0.0
20230904:2211,0.0,0.0,0.0,16.26,2.0,0.0
20230904:2311,0.0,0.0,0.0,15.15,1.52,0.0
20230905:0011,0.0,0.0,0.0,15.96,0.97,0.0
20230905:0111,0.0,0.0,0.0,15.62,0.55,0.0
20230905:0211,0.0,0.0,0.0,15.08,0.41,0.0
20230905:0311,0.0,0.0,0.0,14.6,0.62,0.0
20230905:0411,0.0,0.0,0.0,13.12,1.17,0.0
20230905:0511,0.0,0.0,0.0,11.28,1.59,0.0
20230905:0611,56281.0,53.25,6.61,11.17,1.93,0.0
20230905:0711,400844.0,236.09,15.34,13.47,1.38,0.0
20230905:0811,871930.0,473.44,23.74,16.59,1.66,0.0
20230905:0911,1273740.0,697.38,31.32,18.83,1.93,0.0
20230905:1011,1572763.0,879.28,37.47,20.61,2.34,0.0
20230905:1111,1715386.0,966.26,41.45,21.83,3.03,0.0
20230905:1211,1758764.0,989.77,42.62,22.59,3.66,0.0
20230905:1311,1670375.0,932.35,40.76,22.93,4.0,0.0
20230905:1411,1496288.0,826.17,36.21,22.83,4.0,0.0
20230905:1511,1204073.0,658.08,29.66,22.38,3.79,0.0
20230905:1611,756171.0,418.96,21.84,21.61,3.79,0.0
20230905:1711,315169.0,203.56,13.32,20.5,3.31,0.0
20230905:1811,21367.0,24.51,4.58,18.92,2.83,0.0
20230905:1911,0.0,0.0,0.0,17.12,2.76,0.0
20230905:2011,0.0,0.0,0.0,15.66,2.34,0.0
20230905:2111,0.0,0.0,0.0,14.62,2.28,0.0
20230905:2211,0.0,0.0,0.0,13.84,2.28,0.0
20230905:2311,0.0,0.0,0.0,13.46,2.28,0.0
20230906:0011,0.0,0.0,0.0,13.08,2.14,0.0
20230906:0111,0.0,0.0,0.0,12.69,2.07,0.0
20230906:0211,0.0,0.0,0.0,12.34,2.0,0.0
20230906:0311,0.0,0.0,0.0,12.01,2.0,0.0
20230906:0411,0.0,0.0,0.0,11.73,1.93,0.0
20230906:0511,0.0,0.0,0.0,11.49,1.79,0.0
20230906:0611,2530.0,8.34,6.36,11.51,1.59,0.0
20230906:0711,167854.0,104.66,15.09,14.35,1.1,0.0
20230906:0811,310155.0,177.48,23.48,15.36,0.76,0.0
20230906:0911,672635.0,367.04,31.04,16.15,0.28,0.0
20230906:1011,1421561.0,807.29,37.15,17.57,0.14,0.0
20230906:1111,1571176.0,918.12,41.1,19.61,0.14,0.0
20230906:1211,1622351.0,953.72,42.25,21.36,0.48,0.0
20230906:1311,1522899.0,881.95,40.38,22.74,0.97,0.0
20230906:1411,1311092.0,745.15,35.83,23.73,1.31,0.0
20230906:1511,1056183.0,594.26,29.3,24.4,1.38,0.0
20230906:1611,422004.0,245.28,21.48,24.7,1.45,0.0
20230906:1711,168590.0,112.42,12.97,24.65,1.24,0.0
20230906:1811,16744.0,20.23,4.22,23.67,1.72,0.0
20230906:1911,0.0,0.0,0.0,22.0,2.0,0.0
20230906:2011,0.0,0.0,0.0,20.25,1.93,0.0
20230906:2111,0.0,0.0,0.0,18.63,1.79,0.0
20230906:2211,0.0,0.0,0.0,17.32,1.72,0.0
20230906:2311,0.0,0.0,0.0,16.49,1.59,0.0
20230907:0011,0.0,0.0,0.0,16.05,1.52,0.0
20230907:0111,0.0,0.0,0.0,16.85,0.97,0.0
20230907:0211,0.0,0.0,0.0,17.13,0.48,0.0
20230907:0311,0.0,0.0,0.0,16.95,0.28,0.0
20230907:0411,0.0,0.0,0.0,16.77,0.62,0.0
20230907:0511,0.0,0.0,0.0,16.38,0.83,0.0
20230907:0611,16606.0,19.47,6.11,15.62,1.03,0.0
20230907:0711,193200.0,119.5,14.84,15.85,1.1,0.0
20230907:0811,631902.0,348.79,23.21,18.46,1.1,0.0
20230907:0911,929384.0,509.34,30.75,19.72,1.31,0.0
20230907:1011,1007423.0,558.63,36.83,21.17,1.17,0.0
20230907:1111,1098319.0,612.02,40.75,22.21,1.59,0.0
20230907:1211,1503855.0,859.89,41.88,23.25,1.72,0.0
20230907:1311,853461.0,477.04,39.99,24.01,1.72,0.0
20230907:1411,1282595.0,725.64,35.45,24.59,1.79,0.0
20230907:1511,1065084.0,594.59,28.93,24.62,2.21,0.0
20230907:1611,442635.0,254.72,21.12,24.2,2.76,0.0
20230907:1711,85859.0,62.43,12.61,23.06,2.41,0.0
20230907:1811,11017.0,15.76,3.87,21.27,2.21,0.0
20230907:1911,0.0,0.0,0.0,18.89,2.21,0.0
20230907:2011,0.0,0.0,0.0,17.55,2.0,0.0
20230907:2111,0.0,0.0,0.0,16.68,1.66,0.0
20230907:2211,0.0,0.0,0.0,15.98,1.79,0.0
20230907:2311,0.0,0.0,0.0,15.48,1.86,0.0
20230908:0011,0.0,0.0,0.0,14.95,1.93,0.0
20230908:0111,0.0,0.0,0.0,14.56,2.0,0.0
20230908:0211,0.0,0.0,0.0,14.62,1.93,0.0
20230908:0311,0.0,0.0,0.0,14.43,1.66,0.0
20230908:0411,0.0,0.0,0.0,14.21,1.31,0.0
20230908:0511,0.0,0.0,0.0,14.0,1.24,0.0
20230908:0611,31855.0,30.02,5.86,13.89,1.24,0.0
20230908:0711,161230.0,101.36,14.58,14.44,0.76,0.0
20230908:0811,315146.0,180.28,22.95,15.45,0.48,0.0
20230908:0911,521410.0,288.56,30.46,16.97,0.28,0.0
20230908:1011,988287.0,549.3,36.51,18.68,0.07,0.0
20230908:1111,1259250.0,718.68,40.4,20.48,0.14,0.0
20230908:1211,1088268.0,618.5,41.5,22.05,0.21,0.0
20230908:1311,1132359.0,648.8,39.61,23.22,0.21,0.0
20230908:1411,565524.0,322.25,35.07,24.07,0.41,0.0
20230908:1511,1049444.0,594.98,28.56,24.51,0.83,0.0
20230908:1611,582015.0,334.62,20.76,24.88,1.1,0.0
20230908:1711,207000.0,138.54,12.26,24.9,1.03,0.0
20230908:1811,8188.0,13.7,3.51,24.06,1.59,0.0
20230908:1911,0.0,0.0,0.0,22.3,1.59,0.0
20230908:2011,0.0,0.0,0.0,20.29,1.79,0.0
20230908:2111,0.0,0.0,0.0,18.89,1.86,0.0
20230908:2211,0.0,0.0,0.0,17.96,1.93,0.0
20230908:2311,0.0,0.0,0.0,17.42,1.79,0.0
20230909:0011,0.0,0.0,0.0,17.12,1.66,0.0
20230909:0111,0.0,0.0,0.0,17.21,1.38,0.0
20230909:0211,0.0,0.0,0.0,16.35,1.86,0.0
20230909:0311,0.0,0.0,0.0,16.08,1.79,0.0
20230909:0411,0.0,0.0,0.0,15.74,1.72,0.0
20230909:0511,0.0,0.0,0.0,15.22,1.79,0.0
20230909:0611,15295.0,18.54,5.61,15.38,1.86,0.0
20230909:0711,183977.0,115.2,14.33,16.9,0.97,0.0
20230909:0811,192027.0,118.97,22.68,20.21,1.17,0.0
20230909:0911,752560.0,415.9,30.17,22.13,1.79,0.0
20230909:1011,1383013.0,781.54,36.19,23.72,1.93,0.0
20230909:1111,1557261.0,897.64,40.04,24.93,1.93,0.0
20230909:1211,1591462.0,923.75,41.12,25.84,2.0,0.0
20230909:1311,1463858.0,837.07,39.22,26.53,2.62,0.0
20230909:1411,1191929.0,670.71,34.69,26.5,2.76,0.0
20230909:1511,1058322.0,593.32,28.18,26.18,2.55,0.0
20230909:1611,659824.0,377.99,20.4,25.72,2.07,0.0
20230909:1711,147246.0,100.49,11.9,24.34,1.52,0.0
20230909:1811,7498.0,13.12,3.15,23.81,1.31,0.0
20230909:1911,0.0,0.0,0.0,23.01,1.72,0.0
20230909:2011,0.0,0.0,0.0,21.03,1.79,0.0
20230909:2111,0.0,0.0,0.0,19.58,1.86,0.0
20230909:2211,0.0,0.0,0.0,18.65,1.86,0.0
20230909:2311,0.0,0.0,0.0,17.76,1.72,0.0
20230910:0011,0.0,0.0,0.0,16.98,1.52,0.0
20230910:0111,0.0,0.0,0.0,16.79,1.59,0.0
20230910:0211,0.0,0.0,0.0,16.49,1.45,0.0
20230910:0311,0.0,0.0,0.0,16.35,1.45,0.0
20230910:0411,0.0,0.0,0.0,16.25,1.59,0.0
20230910:0511,0.0,0.0,0.0,16.23,1.59,0.0
20230910:0611,34454.0,37.37,5.36,16.43,1.59,0.0
20230910:0711,214613.0,132.39,14.07,16.61,1.24,0.0
20230910:0811,779815.0,426.13,22.41,17.5,1.38,0.0
20230910:0911,782207.0,426.17,29.87,19.23,1.72,0.0
20230910:1011,677833.0,374.84,35.87,21.92,2.28,0.0
20230910:1111,149270.0,97.35,39.69,23.43,2.48,0.0
20230910:1211,249849.0,152.05,40.74,24.76,2.48,0.0
20230910:1311,968783.0,540.58,38.83,24.88,2.41,0.0
20230910:1411,819191.0,454.79,34.3,24.47,2.69,0.0
20230910:1511,219282.0,135.11,27.81,23.66,2.07,0.0
20230910:1611,265880.0,159.89,20.03,22.97,1.59,0.0
20230910:1711,68333.0,52.28,11.54,22.16,1.31,0.0
20230910:1811,4554.0,10.49,2.79,21.35,0.21,0.0
20230910:1911,0.0,0.0,0.0,20.7,1.59,0.0
20230910:2011,0.0,0.0,0.0,20.25,1.93,0.0
20230910:2111,0.0,0.0,0.0,19.79,1.93,0.0
20230910:2211,0.0,0.0,0.0,19.3,2.0,0.0
20230910:2311,0.0,0.0,0.0,19.03,2.07,0.0
20230911:0011,0.0,0.0,0.0,18.51,2.28,0.0
20230911:0111,0.0,0.0,0.0,17.98,2.28,0.0
20230911:0211,0.0,0.0,0.0,17.73,2.55,0.0
20230911:0311,0.0,0.0,0.0,17.72,2.83,0.0
20230911:0411,0.0,0.0,0.0,17.44,3.17,0.0
20230911:0511,0.0,0.0,0.0,17.52,3.38,0.0
20230911:0611,29739.0,31.52,5.11,17.49,3.38,0.0
20230911:0711,231403.0,142.46,13.82,18.18,3.38,0.0
20230911:0811,575207.0,314.0,22.14,18.65,4.83,0.0
20230911:0911,578611.0,315.01,29.58,19.44,5.17,0.0
20230911:1011,554323.0,304.68,35.54,20.27,4.76,0.0
20230911:1111,566283.0,312.19,39.33,20.87,4.62,0.0
20230911:1211,308706.0,179.86,40.36,21.05,4.28,0.0
20230911:1311,159735.0,101.98,38.44,21.45,4.07,0.0
20230911:1411,143221.0,92.71,33.92,20.15,3.24,0.0
20230911:1511,325565.0,187.95,27.43,20.25,3.03,0.0
20230911:1611,140898.0,91.46,19.66,19.99,2.76,0.0
20230911:1711,159758.0,106.81,11.18,19.48,2.28,0.0
20230911:1811,4646.0,10.49,2.43,18.78,2.28,0.0
20230911:1911,0.0,0.0,0.0,17.33,2.07,0.0
20230911:2011,0.0,0.0,0.0,16.74,2.0,0.0
20230911:2111,0.0,0.0,0.0,16.09,2.07,0.0
20230911:2211,0.0,0.0,0.0,15.8,1.72,0.0
20230911:2311,0.0,0.0,0.0,15.59,1.66,0.0
20230912:0011,0.0,0.0,0.0,15.41,1.79,0.0
20230912:0111,0.0,0.0,0.0,15.19,1.79,0.0
20230912:0211,0.0,0.0,0.0,15.06,1.86,0.0
20230912:0311,0.0,0.0,0.0,14.89,2.14,0.0
20230912:0411,0.0,0.0,0.0,14.65,2.55,0.0
20230912:0511,0.0,0.0,0.0,14.28,2.97,0.0
20230912:0611,22678.0,24.36,4.85,13.94,3.31,0.0
20230912:0711,15456.0,18.54,13.56,13.84,3.38,0.0
20230912:0811,251597.0,145.58,21.86,13.81,3.59,0.0
20230912:0911,362710.0,201.29,29.28,13.93,3.59,0.0
20230912:1011,189129.0,114.03,35.21,14.11,3.93,0.0
20230912:1111,190877.0,114.96,38.97,14.19,3.93,0.0
20230912:1211,196535.0,117.74,39.98,14.09,4.55,0.0
20230912:1311,323311.0,181.55,38.05,13.95,4.83,0.0
20230912:1411,215050.0,127.01,33.53,13.88,4.83,0.0
20230912:1511,200468.0,119.6,27.05,13.93,5.17,0.0
20230912:1611,168613.0,103.26,19.29,13.68,5.03,0.0
20230912:1711,132388.0,87.52,10.81,13.33,4.62,0.0
20230912:1811,2001.0,7.87,2.07,12.85,4.07,0.0
20230912:1911,0.0,0.0,0.0,12.64,3.93,0.0
20230912:2011,0.0,0.0,0.0,12.16,3.93,0.0
20230912:2111,0.0,0.0,0.0,11.75,3.93,0.0
20230912:2211,0.0,0.0,0.0,11.29,3.79,0.0
20230912:2311,0.0,0.0,0.0,10.85,3.59,0.0
20230913:0011,0.0,0.0,0.0,10.8,3.45,0.0
20230913:0111,0.0,0.0,0.0,10.85,3.45,0.0
20230913:0211,0.0,0.0,0.0,10.81,3.38,0.0
20230913:0311,0.0,0.0,0.0,10.7,3.31,0.0
20230913:0411,0.0,0.0,0.0,10.36,3.31,0.0
20230913:0511,0.0,0.0,0.0,10.8,3.31,0.0
20230913:0611,29187.0,34.37,4.6,10.29,2.9,0.0
20230913:0711,406502.0,236.97,13.3,10.31,2.76,0.0
20230913:0811,897483.0,473.76,21.59,12.27,2.76,0.0
20230913:0911,1291588.0,682.16,28.98,13.84,2.97,0.0
20230913:1011,1576512.0,852.33,34.88,14.89,2.55,0.0
20230913:1111,1618119.0,891.8,38.61,15.41,1.79,0.0
20230913:1211,1021476.0,551.84,39.59,15.67,1.24,0.0
20230913:1311,1050893.0,568.47,37.66,15.94,1.24,0.0
20230913:1411,974211.0,522.6,33.14,16.06,1.79,0.0
20230913:1511,1066326.0,570.36,26.67,16.02,2.28,0.0
20230913:1611,563270.0,309.44,18.92,15.91,2.48,0.0
20230913:1711,137839.0,92.21,10.45,15.61,2.55,0.0
20230913:1811,0.0,5.25,1.7,14.94,2.62,0.0
20230913:1911,0.0,0.0,0.0,14.3,2.97,0.0
20230913:2011,0.0,0.0,0.0,13.77,3.52,0.0
20230913:2111,0.0,0.0,0.0,13.68,4.21,0.0
20230913:2211,0.0,0.0,0.0,13.62,4.62,0.0
20230913:2311,0.0,0.0,0.0,13.59,4.62,0.0
20230914:0011,0.0,0.0,0.0,13.96,4.62,0.0
20230914:0111,0.0,0.0,0.0,14.3,4.55,0.0
20230914:0211,0.0,0.0,0.0,14.63,4.62,0.0
20230914:0311,0.0,0.0,0.0,14.81,4.69,0.0
20230914:0411,0.0,0.0,0.0,14.8,4.41,0.0
20230914:0511,0.0,0.0,0.0,14.67,3.93,0.0
20230914:0611,0.0,4.64,4.34,14.5,3.45,0.0
20230914:0711,64285.0,48.21,13.04,14.53,2.97,0.0
20230914:0811,283130.0,162.59,21.31,15.13,2.76,0.0
20230914:0911,862109.0,457.47,28.68,16.07,3.24,0.0
20230914:1011,1194620.0,638.77,34.55,16.79,3.03,0.0
20230914:1111,875242.0,469.07,38.24,17.63,3.24,0.0
20230914:1211,932719.0,500.23,39.2,18.43,3.72,0.0
20230914:1311,631971.0,343.37,37.26,18.67,3.79,0.0
20230914:1411,1246899.0,670.06,32.75,18.77,3.72,0.0
20230914:1511,384100.0,216.24,26.29,18.55,3.31,0.0
20230914:1611,506345.0,282.27,18.55,18.18,2.83,0.0
20230914:1711,36455.0,32.45,10.08,17.64,2.0,0.0
20230914:1811,0.0,0.87,1.34,16.56,1.52,0.0
20230914:1911,0.0,0.0,0.0,15.1,1.38,0.0
20230914:2011,0.0,0.0,0.0,14.59,0.97,0.0
20230914:2111,0.0,0.0,0.0,14.6,0.76,0.0
20230914:2211,0.0,0.0,0.0,14.47,0.69,0.0
20230914:2311,0.0,0.0,0.0,13.98,0.83,0.0
20230915:0011,0.0,0.0,0.0,13.93,1.24,0.0
20230915:0111,0.0,0.0,0.0,13.79,1.66,0.0
20230915:0211,0.0,0.0,0.0,13.62,1.66,0.0
20230915:0311,0.0,0.0,0.0,13.32,1.66,0.0
20230915:0411,0.0,0.0,0.0,13.25,1.59,0.0
20230915:0511,0.0,0.0,0.0,13.33,1.59,0.0
20230915:0611,2484.0,8.34,4.09,13.33,1.52,0.0
20230915:0711,34293.0,30.59,12.78,13.09,1.79,0.0
20230915:0811,77970.0,55.63,21.04,13.47,1.86,0.0
20230915:0911,210082.0,125.16,28.38,14.17,1.72,0.0
20230915:1011,438449.0,241.77,34.22,14.99,1.72,0.0
20230915:1111,326968.0,186.23,37.88,15.74,1.31,0.0
20230915:1211,508944.0,280.74,38.82,16.44,1.03,0.0
20230915:1311,524009.0,288.78,36.87,16.95,1.17,0.0
20230915:1411,1028537.0,560.13,32.36,17.76,1.17,0.0
20230915:1511,829495.0,451.61,25.91,18.17,1.17,0.0
20230915:1611,475663.0,267.67,18.18,18.35,1.66,0.0
20230915:1711,168452.0,115.23,9.71,17.96,1.79,0.0
20230915:1811,0.0,0.0,0.0,17.34,2.07,0.0
20230915:1911,0.0,0.0,0.0,15.68,2.62,0.0
20230915:2011,0.0,0.0,0.0,15.12,2.62,0.0
20230915:2111,0.0,0.0,0.0,14.71,2.41,0.0
20230915:2211,0.0,0.0,0.0,14.42,2.34,0.0
20230915:2311,0.0,0.0,0.0,13.81,2.62,0.0
20230916:0011,0.0,0.0,0.0,13.68,2.83,0.0
20230916:0111,0.0,0.0,0.0,13.58,2.97,0.0
20230916:0211,0.0,0.0,0.0,13.48,3.03,0.0
20230916:0311,0.0,0.0,0.0,13.75,3.24,0.0
20230916:0411,0.0,0.0,0.0,13.5,3.59,0.0
20230916:0511,0.0,0.0,0.0,13.46,3.72,0.0
20230916:0611,0.0,2.78,3.83,13.44,3.93,0.0
20230916:0711,149615.0,94.84,12.51,13.37,4.41,0.0
20230916:0811,130180.0,83.44,20.76,13.93,5.45,0.0
20230916:0911,120911.0,78.8,28.08,14.65,5.66,0.0
20230916:1011,106467.0,71.39,33.88,15.46,5.72,0.0
20230916:1111,285729.0,164.1,37.51,16.17,5.72,0.0
20230916:1211,227654.0,134.43,38.43,15.81,5.24,0.0
20230916:1311,272136.0,156.68,36.47,15.27,5.24,0.0
20230916:1411,491533.0,265.57,31.97,14.92,5.38,0.0
20230916:1511,186967.0,113.11,25.53,14.91,6.0,0.0
20230916:1611,386469.0,215.09,17.8,15.09,6.21,0.0
20230916:1711,28060.0,26.89,9.34,14.76,5.17,0.0
20230916:1811,0.0,0.0,0.0,14.35,4.48,0.0
20230916:1911,0.0,0.0,0.0,14.18,4.48,0.0
20230916:2011,0.0,0.0,0.0,14.13,4.14,0.0
20230916:2111,0.0,0.0,0.0,14.18,3.72,0.0
20230916:2211,0.0,0.0,0.0,14.21,3.45,0.0
20230916:2311,0.0,0.0,0.0,14.18,3.31,0.0
20230917:0011,0.0,0.0,0.0,14.22,3.31,0.0
20230917:0111,0.0,0.0,0.0,14.25,2.97,0.0
20230917:0211,0.0,0.0,0.0,14.32,2.97,0.0
20230917:0311,0.0,0.0,0.0,14.36,2.97,0.0
20230917:0411,0.0,0.0,0.0,14.36,2.83,0.0
20230917:0511,0.0,0.0,0.0,14.21,2.48,0.0
20230917:0611,0.0,2.78,3.57,14.26,2.48,0.0
20230917:0711,44827.0,37.08,12.25,14.78,3.38,0.0
20230917:0811,295757.0,168.73,20.48,15.29,3.93,0.0
20230917:0911,248745.0,145.32,27.78,16.09,4.76,0.0
20230917:1011,415656.0,230.17,33.55,17.05,5.38,0.0
20230917:1111,157734.0,99.2,37.15,17.61,5.59,0.0
20230917:1211,517983.0,283.04,38.04,18.03,5.52,0.0
20230917:1311,762404.0,407.3,36.07,18.29,5.45,0.0
20230917:1411,699361.0,374.45,31.57,18.14,5.17,0.0
20230917:1511,578450.0,312.99,25.14,17.88,4.62,0.0
20230917:1611,96715.0,66.75,17.43,17.53,4.28,0.0
20230917:1711,39698.0,34.3,8.98,16.93,4.48,0.0
20230917:1811,0.0,0.0,0.0,16.11,4.07,0.0
20230917:1911,0.0,0.0,0.0,15.56,3.38,0.0
20230917:2011,0.0,0.0,0.0,15.41,3.66,0.0
20230917:2111,0.0,0.0,0.0,15.32,4.0,0.0
20230917:2211,0.0,0.0,0.0,15.18,3.45,0.0
20230917:2311,0.0,0.0,0.0,14.95,3.24,0.0
20230918:0011,0.0,0.0,0.0,14.95,3.45,0.0
20230918:0111,0.0,0.0,0.0,14.98,3.31,0.0
20230918:0211,0.0,0.0,0.0,15.17,3.17,0.0
20230918:0311,0.0,0.0,0.0,15.43,3.1,0.0
20230918:0411,0.0,0.0,0.0,15.65,3.03,0.0
20230918:0511,0.0,0.0,0.0,15.86,3.24,0.0
20230918:0611,6601.0,12.05,3.31,16.13,3.72,0.0
20230918:0711,43033.0,36.16,11.98,15.85,3.79,0.0
20230918:0811,77073.0,55.63,20.2,16.12,4.34,0.0
20230918:0911,721556.0,382.78,27.47,16.48,4.97,0.0
20230918:1011,367747.0,205.48,33.21,16.08,4.76,0.0
20230918:1111,92483.0,63.97,36.78,15.75,4.69,0.0
20230918:1211,222410.0,131.65,37.65,15.57,4.97,0.0
20230918:1311,472512.0,256.39,35.68,14.55,4.76,0.0
20230918:1411,713667.0,374.94,31.18,14.01,4.9,0.0
20230918:1511,930304.0,482.36,24.76,13.71,5.86,0.0
20230918:1611,492545.0,268.62,17.05,13.85,5.59,0.0
20230918:1711,172431.0,118.4,8.61,13.36,6.0,0.0
20230918:1811,0.0,0.0,0.0,12.14,5.72,0.0
20230918:1911,0.0,0.0,0.0,11.65,4.76,0.0
20230918:2011,0.0,0.0,0.0,11.28,5.1,0.0
20230918:2111,0.0,0.0,0.0,11.04,5.03,0.0
20230918:2211,0.0,0.0,0.0,11.19,4.9,0.0
20230918:2311,0.0,0.0,0.0,10.99,4.9,0.0
20230919:0011,0.0,0.0,0.0,10.78,5.17,0.0
20230919:0111,0.0,0.0,0.0,10.72,5.31,0.0
20230919:0211,0.0,0.0,0.0,10.96,5.24,0.0
20230919:0311,0.0,0.0,0.0,11.42,5.45,0.0
20230919:0411,0.0,0.0,0.0,11.69,5.45,0.0
20230919:0511,0.0,0.0,0.0,11.32,5.1,0.0
20230919:0611,0.0,3.71,3.05,11.02,4.21,0.0
20230919:0711,40917.0,34.3,11.72,11.35,4.55,0.0
20230919:0811,106398.0,70.46,19.92,12.31,5.66,0.0
20230919:0911,210013.0,124.23,27.16,14.0,8.0,0.0
20230919:1011,130778.0,84.37,32.87,16.21,10.0,0.0
20230919:1111,479274.0,261.23,36.41,17.39,9.31,0.0
20230919:1211,323725.0,184.42,37.26,18.11,7.79,0.0
20230919:1311,149247.0,94.56,35.28,17.32,6.97,0.0
20230919:1411,238970.0,140.92,30.78,17.25,6.28,0.0
20230919:1511,85123.0,60.26,24.37,17.18,6.55,0.0
20230919:1611,107410.0,72.31,16.68,17.09,7.59,0.0
20230919:1711,6578.0,12.05,8.24,16.83,7.72,0.0
20230919:1811,0.0,0.0,0.0,16.67,7.17,0.0
20230919:1911,0.0,0.0,0.0,16.85,7.59,0.0
20230919:2011,0.0,0.0,0.0,16.72,7.66,0.0
20230919:2111,0.0,0.0,0.0,16.96,8.07,0.0
20230919:2211,0.0,0.0,0.0,16.88,8.34,0.0
20230919:2311,0.0,0.0,0.0,16.76,8.28,0.0
20230920:0011,0.0,0.0,0.0,16.94,8.34,0.0
20230920:0111,0.0,0.0,0.0,16.91,8.41,0.0
20230920:0211,0.0,0.0,0.0,17.06,8.62,0.0
20230920:0311,0.0,0.0,0.0,17.32,8.69,0.0
20230920:0411,0.0,0.0,0.0,17.27,8.69,0.0
20230920:0511,0.0,0.0,0.0,17.27,8.62,0.0
20230920:0611,0.0,1.85,2.79,17.11,8.69,0.0
20230920:0711,6532.0,12.05,11.45,17.47,9.31,0.0
20230920:0811,50600.0,40.79,19.63,17.32,9.03,0.0
20230920:0911,333753.0,187.93,26.85,16.99,8.9,0.0
20230920:1011,353556.0,198.22,32.53,17.15,9.1,0.0
20230920:1111,384514.0,214.03,36.04,17.24,8.76,0.0
20230920:1211,199824.0,120.52,36.87,16.91,8.0,0.0
20230920:1311,1117018.0,583.77,34.88,16.58,6.83,0.0
20230920:1411,889893.0,466.96,30.39,16.45,6.07,0.0
20230920:1511,235980.0,138.89,23.99,16.48,5.66,0.0
20230920:1611,63756.0,48.21,16.3,16.37,5.52,0.0
20230920:1711,8947.0,13.91,7.87,15.79,4.76,0.0
20230920:1811,0.0,0.0,0.0,15.07,4.34,0.0
20230920:1911,0.0,0.0,0.0,13.81,3.93,0.0
20230920:2011,0.0,0.0,0.0,13.32,3.79,0.0
20230920:2111,0.0,0.0,0.0,13.12,3.72,0.0
20230920:2211,0.0,0.0,0.0,12.48,3.79,0.0
20230920:2311,0.0,0.0,0.0,11.96,3.86,0.0
20230921:0011,0.0,0.0,0.0,11.42,3.52,0.0
20230921:0111,0.0,0.0,0.0,11.01,3.38,0.0
20230921:0211,0.0,0.0,0.0,10.66,3.31,0.0
20230921:0311,0.0,0.0,0.0,10.32,3.31,0.0
20230921:0411,0.0,0.0,0.0,10.0,3.24,0.0
20230921:0511,0.0,0.0,0.0,9.55,3.1,0.0
20230921:0611,8188.0,15.68,2.53,9.11,3.1,0.0
20230921:0711,390816.0,229.23,11.18,9.73,3.31,0.0
20230921:0811,867905.0,454.32,19.35,11.31,3.59,0.0
20230921:0911,1277121.0,663.29,26.55,12.86,4.41,0.0
20230921:1011,1480418.0,776.86,32.19,13.93,4.55,0.0
20230921:1111,407583.0,224.34,35.67,14.86,4.9,0.0
20230921:1211,869768.0,457.36,36.48,15.5,5.17,0.0
20230921:1311,1197426.0,628.83,34.48,15.67,4.97,0.0
20230921:1411,1137488.0,597.88,29.99,15.59,4.34,0.0
20230921:1511,1083852.0,571.97,23.6,15.46,3.79,0.0
20230921:1611,611478.0,335.73,15.93,15.2,3.17,0.0
20230921:1711,167670.0,120.77,7.49,14.53,2.14,0.0
20230921:1811,0.0,0.0,0.0,13.53,1.93,0.0
20230921:1911,0.0,0.0,0.0,11.67,2.14,0.0
20230921:2011,0.0,0.0,0.0,10.39,2.0,0.0
20230921:2111,0.0,0.0,0.0,9.1,1.86,0.0
20230921:2211,0.0,0.0,0.0,7.97,1.86,0.0
20230921:2311,0.0,0.0,0.0,7.11,1.86,0.0
20230922:0011,0.0,0.0,0.0,6.63,1.86,0.0
20230922:0111,0.0,0.0,0.0,6.54,2.0,0.0
20230922:0211,0.0,0.0,0.0,6.56,2.21,0.0
20230922:0311,0.0,0.0,0.0,6.63,2.34,0.0
20230922:0411,0.0,0.0,0.0,7.14,2.21,0.0
20230922:0511,0.0,0.0,0.0,7.35,2.28,0.0
20230922:0611,0.0,3.71,2.27,7.72,2.21,0.0
20230922:0711,279450.0,166.41,10.91,9.37,2.21,0.0
20230922:0811,600070.0,317.21,19.06,11.33,3.86,0.0
20230922:0911,610397.0,321.77,26.23,12.46,3.86,0.0
20230922:1011,611363.0,324.68,31.85,13.66,3.72,0.0
20230922:1111,588754.0,315.33,35.3,14.62,3.59,0.0
20230922:1211,749938.0,397.99,36.08,14.77,3.17,0.0
20230922:1311,694738.0,369.49,34.08,15.2,3.66,0.0
20230922:1411,756355.0,400.76,29.6,15.33,3.45,0.0
20230922:1511,605889.0,324.57,23.22,15.43,3.38,0.0
20230922:1611,343321.0,194.88,15.55,14.9,2.76,0.0
20230922:1711,63756.0,49.73,7.12,13.45,2.28,0.0
20230922:1811,0.0,0.0,0.0,12.61,2.55,0.0
20230922:1911,0.0,0.0,0.0,11.55,2.83,0.0
20230922:2011,0.0,0.0,0.0,10.79,2.69,0.0
20230922:2111,0.0,0.0,0.0,10.14,2.83,0.0
20230922:2211,0.0,0.0,0.0,9.81,2.9,0.0
20230922:2311,0.0,0.0,0.0,9.59,2.97,0.0
20230923:0011,0.0,0.0,0.0,9.49,2.9,0.0
20230923:0111,0.0,0.0,0.0,9.43,2.76,0.0
20230923:0211,0.0,0.0,0.0,9.43,2.55,0.0
20230923:0311,0.0,0.0,0.0,9.12,2.48,0.0
20230923:0411,0.0,0.0,0.0,9.12,2.34,0.0
20230923:0511,0.0,0.0,0.0,8.79,2.28,0.0
20230923:0611,759.0,6.49,2.0,8.82,1.86,0.0
20230923:0711,146556.0,93.11,10.64,9.79,0.97,0.0
20230923:0811,297528.0,167.94,18.78,11.26,0.76,0.0
20230923:0911,139403.0,88.08,25.92,12.2,0.48,0.0
20230923:1011,967587.0,510.88,31.51,12.84,1.72,0.0
20230923:1111,921403.0,486.63,34.93,14.08,2.62,0.0
20230923:1211,567594.0,305.19,35.69,14.89,3.59,0.0
20230923:1311,618677.0,330.81,33.68,15.33,4.0,0.0
20230923:1411,305049.0,173.41,29.2,15.36,4.14,0.0
20230923:1511,555450.0,297.91,22.83,15.07,4.14,0.0
20230923:1611,201250.0,120.95,15.17,14.64,3.86,0.0
20230923:1711,83375.0,63.3,6.75,13.89,3.17,0.0
20230923:1811,0.0,0.0,0.0,12.88,2.62,0.0
20230923:1911,0.0,0.0,0.0,12.14,2.62,0.0
20230923:2011,0.0,0.0,0.0,11.18,3.03,0.0
20230923:2111,0.0,0.0,0.0,10.8,3.52,0.0
20230923:2211,0.0,0.0,0.0,10.87,4.28,0.0
20230923:2311,0.0,0.0,0.0,11.14,4.76,0.0
20230924:0011,0.0,0.0,0.0,11.33,5.03,0.0
20230924:0111,0.0,0.0,0.0,11.52,5.52,0.0
20230924:0211,0.0,0.0,0.0,11.82,5.66,0.0
20230924:0311,0.0,0.0,0.0,12.17,5.66,0.0
20230924:0411,0.0,0.0,0.0,12.84,5.59,0.0
20230924:0511,0.0,0.0,0.0,13.59,5.38,0.0
20230924:0611,0.0,1.85,1.74,14.16,5.1,0.0
20230924:0711,20838.0,22.25,10.37,14.82,5.17,0.0
20230924:0811,238625.0,139.73,18.49,15.55,5.31,0.0
20230924:0911,205528.0,123.29,25.61,16.24,5.17,0.0
20230924:1011,95473.0,65.82,31.17,16.74,5.72,0.0
20230924:1111,86825.0,61.19,34.55,17.19,6.97,0.0
20230924:1211,129812.0,84.37,35.3,17.35,6.48,0.0
20230924:1311,102097.0,69.53,33.28,17.31,6.9,0.0
20230924:1411,45770.0,38.01,28.81,17.67,6.97,0.0
20230924:1511,402707.0,223.49,22.45,18.17,7.24,0.0
20230924:1611,148258.0,94.76,14.79,18.69,7.86,0.0
20230924:1711,3312.0,9.27,6.38,18.51,8.14,0.0
20230924:1811,0.0,0.0,0.0,18.08,8.55,0.0
20230924:1911,0.0,0.0,0.0,17.86,8.55,0.0
20230924:2011,0.0,0.0,0.0,17.52,9.1,0.0
20230924:2111,0.0,0.0,0.0,17.21,9.31,0.0
20230924:2211,0.0,0.0,0.0,16.94,9.03,0.0
20230924:2311,0.0,0.0,0.0,16.54,8.55,0.0
20230925:0011,0.0,0.0,0.0,16.44,7.17,0.0
20230925:0111,0.0,0.0,0.0,16.14,6.21,0.0
20230925:0211,0.0,0.0,0.0,15.45,5.72,0.0
20230925:0311,0.0,0.0,0.0,14.84,5.66,0.0
20230925:0411,0.0,0.0,0.0,14.26,5.45,0.0
20230925:0511,0.0,0.0,0.0,13.7,5.38,0.0
20230925:0611,0.0,2.78,1.48,13.3,5.31,0.0
20230925:0711,296493.0,179.42,10.1,13.64,5.38,0.0
20230925:0811,787934.0,417.76,18.2,14.77,4.83,0.0
20230925:0911,1136476.0,592.63,25.3,15.93,6.14,0.0
20230925:1011,1311230.0,686.61,30.82,16.97,6.76,0.0
20230925:1111,1446608.0,762.75,34.18,17.73,6.9,0.0
20230925:1211,1308217.0,690.35,34.9,18.37,6.97,0.0
20230925:1311,711597.0,379.9,32.88,18.59,7.03,0.0
20230925:1411,1248118.0,659.26,28.41,18.65,6.34,0.0
20230925:1511,768039.0,409.7,22.06,18.36,5.52,0.0
20230925:1611,364757.0,208.77,14.42,18.03,4.48,0.0
20230925:1711,42504.0,37.5,6.01,17.32,3.59,0.0
20230925:1811,0.0,0.0,0.0,15.8,3.03,0.0
20230925:1911,0.0,0.0,0.0,14.98,3.03,0.0
20230925:2011,0.0,0.0,0.0,14.18,2.97,0.0
20230925:2111,0.0,0.0,0.0,13.45,2.97,0.0
20230925:2211,0.0,0.0,0.0,12.87,2.97,0.0
20230925:2311,0.0,0.0,0.0,12.34,2.97,0.0
20230926:0011,0.0,0.0,0.0,11.92,2.97,0.0
20230926:0111,0.0,0.0,0.0,11.63,3.03,0.0
20230926:0211,0.0,0.0,0.0,11.42,3.1,0.0
20230926:0311,0.0,0.0,0.0,11.4,3.24,0.0
20230926:0411,0.0,0.0,0.0,11.41,3.31,0.0
20230926:0511,0.0,0.0,0.0,11.31,3.59,0.0
20230926:0611,0.0,0.0,0.0,11.23,3.79,0.0
20230926:0711,159482.0,101.67,9.83,12.72,4.69,0.0
20230926:0811,105961.0,70.46,17.91,13.12,5.38,0.0
20230926:0911,350589.0,194.44,24.98,14.18,5.79,0.0
20230926:1011,233910.0,137.21,30.48,15.22,5.72,0.0
20230926:1111,713460.0,376.52,33.81,15.57,6.21,0.0
20230926:1211,1050019.0,549.79,34.51,16.06,5.86,0.0
20230926:1311,1401160.0,741.0,32.48,17.49,5.79,0.0
20230926:1411,185472.0,114.03,28.02,18.59,6.55,0.0
20230926:1511,322368.0,183.93,21.67,18.89,6.55,0.0
20230926:1611,437092.0,247.02,14.04,18.19,5.45,0.0
20230926:1711,107893.0,88.31,5.64,17.12,4.55,0.0
20230926:1811,0.0,0.0,0.0,15.84,3.93,0.0
20230926:1911,0.0,0.0,0.0,14.42,3.45,0.0
20230926:2011,0.0,0.0,0.0,14.12,3.52,0.0
20230926:2111,0.0,0.0,0.0,14.11,3.86,0.0
20230926:2211,0.0,0.0,0.0,13.51,3.86,0.0
20230926:2311,0.0,0.0,0.0,12.9,3.59,0.0
20230927:0011,0.0,0.0,0.0,12.36,3.38,0.0
20230927:0111,0.0,0.0,0.0,11.75,3.03,0.0
20230927:0211,0.0,0.0,0.0,11.26,2.69,0.0
20230927:0311,0.0,0.0,0.0,10.89,2.41,0.0
20230927:0411,0.0,0.0,0.0,10.65,2.07,0.0
20230927:0511,0.0,0.0,0.0,10.19,2.28,0.0
20230927:0611,0.0,0.0,0.0,9.74,2.34,0.0
20230927:0711,175053.0,110.28,9.56,11.0,2.14,0.0
20230927:0811,391368.0,214.48,17.62,12.15,2.97,0.0
20230927:0911,207920.0,123.36,24.67,13.61,3.59,0.0
20230927:1011,446982.0,243.55,30.13,14.67,4.21,0.0
20230927:1111,319585.0,180.9,33.43,15.77,5.31,0.0
20230927:1211,58903.0,45.43,34.12,16.35,6.76,0.0
20230927:1311,112746.0,75.1,32.08,16.82,7.38,0.0
20230927:1411,95703.0,65.82,27.62,16.37,6.34,0.0
20230927:1511,47656.0,38.94,21.29,16.4,6.48,0.0
20230927:1611,23437.0,24.1,13.67,16.62,7.1,0.0
20230927:1711,0.0,4.64,5.27,16.94,8.07,0.0
20230927:1811,0.0,0.0,0.0,17.25,8.62,0.0
20230927:1911,0.0,0.0,0.0,16.8,9.03,0.0
20230927:2011,0.0,0.0,0.0,16.62,8.9,0.0
20230927:2111,0.0,0.0,0.0,16.4,8.97,0.0
20230927:2211,0.0,0.0,0.0,15.9,9.17,0.0
20230927:2311,0.0,0.0,0.0,16.16,9.38,0.0
20230928:0011,0.0,0.0,0.0,16.15,8.69,0.0
20230928:0111,0.0,0.0,0.0,15.97,8.28,0.0
20230928:0211,0.0,0.0,0.0,15.63,7.79,0.0
20230928:0311,0.0,0.0,0.0,15.29,7.52,0.0
20230928:0411,0.0,0.0,0.0,15.08,7.38,0.0
20230928:0511,0.0,0.0,0.0,14.76,6.9,0.0
20230928:0611,0.0,0.0,0.0,14.33,6.07,0.0
20230928:0711,19504.0,21.32,9.28,14.4,5.52,0.0
20230928:0811,135148.0,86.33,17.33,14.78,5.17,0.0
20230928:0911,136413.0,87.15,24.35,15.37,6.28,0.0
20230928:1011,238924.0,139.99,29.79,15.6,5.66,0.0
20230928:1111,535670.0,287.95,33.06,15.55,5.93,0.0
20230928:1211,286695.0,164.15,33.72,15.69,5.93,0.0
20230928:1311,861833.0,451.76,31.68,16.26,6.55,0.0
20230928:1411,684457.0,362.51,27.23,16.45,6.14,0.0
20230928:1511,155043.0,97.35,20.9,16.45,5.24,0.0
20230928:1611,315468.0,181.8,13.29,15.94,4.48,0.0
20230928:1711,43194.0,39.2,4.9,15.28,4.28,0.0
20230928:1811,0.0,0.0,0.0,14.81,4.41,0.0
20230928:1911,0.0,0.0,0.0,14.02,4.62,0.0
20230928:2011,0.0,0.0,0.0,13.87,4.97,0.0
20230928:2111,0.0,0.0,0.0,13.65,5.17,0.0
20230928:2211,0.0,0.0,0.0,14.06,5.03,0.0
20230928:2311,0.0,0.0,0.0,14.05,4.62,0.0
20230929:0011,0.0,0.0,0.0,13.91,4.14,0.0
20230929:0111,0.0,0.0,0.0,13.57,3.79,0.0
20230929:0211,0.0,0.0,0.0,13.55,3.45,0.0
20230929:0311,0.0,0.0,0.0,13.55,3.31,0.0
20230929:0411,0.0,0.0,0.0,12.8,3.24,0.0
20230929:0511,0.0,0.0,0.0,12.25,3.31,0.0
20230929:0611,0.0,0.0,0.0,11.63,3.45,0.0
20230929:0711,226895.0,140.32,9.01,12.12,3.86,0.0
20230929:0811,736713.0,390.25,17.04,13.38,3.93,0.0
20230929:0911,1136154.0,588.89,24.03,14.54,5.93,0.0
20230929:1011,1303019.0,677.35,29.44,15.26,6.41,0.0
20230929:1111,1505189.0,788.93,32.68,16.08,6.62,0.0
20230929:1211,1002662.0,523.9,33.33,16.31,6.76,0.0
20230929:1311,1200025.0,626.69,31.28,16.62,6.83,0.0
20230929:1411,1196414.0,623.7,26.83,16.59,6.9,0.0
20230929:1511,956455.0,501.76,20.52,16.24,6.07,0.0
20230929:1611,450294.0,252.56,12.92,15.68,4.9,0.0
20230929:1711,67712.0,60.06,4.54,14.95,4.83,0.0
20230929:1811,0.0,0.0,0.0,14.07,4.28,0.0
20230929:1911,0.0,0.0,0.0,13.47,4.14,0.0
20230929:2011,0.0,0.0,0.0,13.01,4.0,0.0
20230929:2111,0.0,0.0,0.0,12.88,3.86,0.0
20230929:2211,0.0,0.0,0.0,12.61,3.59,0.0
20230929:2311,0.0,0.0,0.0,12.24,3.45,0.0
20230930:0011,0.0,0.0,0.0,12.14,3.17,0.0
20230930:0111,0.0,0.0,0.0,11.74,2.76,0.0
20230930:0211,0.0,0.0,0.0,11.24,2.28,0.0
20230930:0311,0.0,0.0,0.0,10.84,2.21,0.0
20230930:0411,0.0,0.0,0.0,10.45,2.0,0.0
20230930:0511,0.0,0.0,0.0,9.81,1.93,0.0
20230930:0611,0.0,0.0,0.0,9.3,1.93,0.0
20230930:0711,142669.0,92.05,8.73,9.13,1.59,0.0
20230930:0811,607959.0,325.08,16.75,11.63,1.52,0.0
20230930:0911,416139.0,227.84,23.71,13.66,2.14,0.0
20230930:1011,199088.0,119.6,29.09,14.64,2.55,0.0
20230930:1111,247503.0,144.63,32.31,15.36,3.24,0.0
20230930:1211,196650.0,118.67,32.94,15.64,3.66,0.0
20230930:1311,168245.0,103.84,30.88,15.26,3.66,0.0
20230930:1411,113574.0,75.1,26.44,14.84,3.31,0.0
20230930:1511,65987.0,49.14,20.14,14.42,3.45,0.0
20230930:1611,35765.0,31.52,12.55,13.6,3.31,0.0
20230930:1711,23161.0,25.07,4.17,13.23,3.45,0.0
20230930:1811,0.0,0.0,0.0,12.94,4.0,0.0
20230930:1911,0.0,0.0,0.0,12.78,4.0,0.0
20230930:2011,0.0,0.0,0.0,12.73,4.76,0.0
20230930:2111,0.0,0.0,0.0,12.79,4.97,0.0
20230930:2211,0.0,0.0,0.0,13.04,4.62,0.0
20230930:2311,0.0,0.0,0.0,13.55,4.07,0.0
20231001:0011,0.0,0.0,0.0,14.45,3.86,0.0
20231001:0111,0.0,0.0,0.0,15.43,4.07,0.0
20231001:0211,0.0,0.0,0.0,16.18,4.28,0.0
20231001:0311,0.0,0.0,0.0,16.55,4.41,0.0
20231001:0411,0.0,0.0,0.0,16.71,4.34,0.0
20231001:0511,0.0,0.0,0.0,16.78,4.07,0.0
20231001:0611,0.0,0.0,0.0,16.7,3.72,0.0
20231001:0711,166290.0,109.02,8.46,16.91,4.07,0.0
20231001:0811,468142.0,258.09,16.45,17.19,3.86,0.0
20231001:0911,213601.0,128.26,23.4,17.46,3.59,0.0
20231001:1011,299115.0,172.12,28.74,17.73,4.21,0.0
20231001:1111,185656.0,114.03,31.94,17.84,3.79,0.0
20231001:1211,708860.0,380.87,32.55,18.38,4.21,0.0
20231001:1311,676706.0,364.38,30.49,18.26,3.79,0.0
20231001:1411,442474.0,244.93,26.05,18.46,4.0,0.0
20231001:1511,587926.0,318.94,19.76,18.2,3.72,0.0
20231001:1611,191498.0,118.41,12.17,17.92,3.24,0.0
20231001:1711,40917.0,41.42,3.8,17.23,2.97,0.0
20231001:1811,0.0,0.0,0.0,15.83,2.48,0.0
20231001:1911,0.0,0.0,0.0,15.22,2.07,0.0
20231001:2011,0.0,0.0,0.0,14.35,2.07,0.0
20231001:2111,0.0,0.0,0.0,13.96,2.0,0.0
20231001:2211,0.0,0.0,0.0,13.84,2.0,0.0
20231001:2311,0.0,0.0,0.0,13.85,2.0,0.0
20231002:0011,0.0,0.0,0.0,13.79,2.07,0.0
20231002:0111,0.0,0.0,0.0,13.87,2.28,0.0
20231002:0211,0.0,0.0,0.0,13.94,2.41,0.0
20231002:0311,0.0,0.0,0.0,14.0,2.48,0.0
20231002:0411,0.0,0.0,0.0,13.93,2.41,0.0
20231002:0511,0.0,0.0,0.0,13.71,2.28,0.0
20231002:0611,0.0,0.0,0.0,13.45,2.14,0.0
20231002:0711,25300.0,25.03,8.18,13.32,1.72,0.0
20231002:0811,221582.0,130.77,16.16,13.97,2.0,0.0
20231002:0911,335984.0,188.45,23.08,14.56,2.41,0.0
20231002:1011,129099.0,83.44,28.4,15.18,2.97,0.0
20231002:1111,94208.0,64.9,31.56,15.55,3.52,0.0
20231002:1211,151938.0,95.49,32.15,15.55,3.66,0.0
20231002:1311,186208.0,113.11,30.09,15.28,3.72,0.0
20231002:1411,170200.0,104.76,25.66,14.92,3.1,0.0
20231002:1511,163829.0,101.26,19.38,14.35,2.48,0.0
20231002:1611,29624.0,27.81,11.8,13.92,2.21,0.0
20231002:1711,11546.0,16.6,3.44,13.03,1.86,0.0
20231002:1811,0.0,0.0,0.0,12.51,1.66,0.0
20231002:1911,0.0,0.0,0.0,12.67,1.52,0.0
20231002:2011,0.0,0.0,0.0,12.64,1.86,0.0
20231002:2111,0.0,0.0,0.0,12.32,1.59,0.0
20231002:2211,0.0,0.0,0.0,11.95,1.38,0.0
20231002:2311,0.0,0.0,0.0,11.83,1.38,0.0
20231003:0011,0.0,0.0,0.0,11.69,1.86,0.0
20231003:0111,0.0,0.0,0.0,11.51,2.34,0.0
20231003:0211,0.0,0.0,0.0,11.32,2.69,0.0
20231003:0311,0.0,0.0,0.0,11.06,2.76,0.0
20231003:0411,0.0,0.0,0.0,11.07,3.03,0.0
20231003:0511,0.0,0.0,0.0,11.13,3.38,0.0
20231003:0611,0.0,0.0,0.0,11.22,3.59,0.0
20231003:0711,2553.0,8.34,7.9,11.06,4.21,0.0
20231003:0811,494454.0,264.92,15.86,12.07,4.83,0.0
20231003:0911,1216010.0,624.23,22.76,12.55,6.0,0.0
20231003:1011,1442215.0,741.61,28.05,13.22,6.9,0.0
20231003:1111,1047650.0,538.29,31.19,13.51,7.38,0.0
20231003:1211,1372939.0,708.99,31.76,14.38,7.38,0.0
20231003:1311,894631.0,462.57,29.7,14.5,7.86,0.0
20231003:1411,415104.0,225.86,25.27,14.49,7.72,0.0
20231003:1511,936767.0,486.58,19.0,14.36,6.69,0.0
20231003:1611,404133.0,227.78,11.43,14.19,6.21,0.0
20231003:1711,0.0,4.64,3.08,13.44,5.66,0.0
20231003:1811,0.0,0.0,0.0,12.75,5.03,0.0
20231003:1911,0.0,0.0,0.0,12.55,4.48,0.0
20231003:2011,0.0,0.0,0.0,12.34,4.14,0.0
20231003:2111,0.0,0.0,0.0,12.28,3.93,0.0
20231003:2211,0.0,0.0,0.0,11.98,3.86,0.0
20231003:2311,0.0,0.0,0.0,11.71,3.66,0.0
20231004:0011,0.0,0.0,0.0,11.48,3.45,0.0
20231004:0111,0.0,0.0,0.0,11.63,3.59,0.0
20231004:0211,0.0,0.0,0.0,12.11,3.79,0.0
20231004:0311,0.0,0.0,0.0,12.0,4.07,0.0
20231004:0411,0.0,0.0,0.0,12.07,4.34,0.0
20231004:0511,0.0,0.0,0.0,11.95,4.28,0.0
20231004:0611,0.0,0.0,0.0,11.72,4.41,0.0
20231004:0711,18354.0,20.4,7.62,12.26,4.9,0.0
20231004:0811,40595.0,34.3,15.57,12.79,5.24,0.0
20231004:0911,78177.0,55.63,22.44,13.38,4.83,0.0
20231004:1011,110837.0,73.24,27.7,13.81,5.45,0.0
20231004:1111,285131.0,162.41,30.81,14.4,6.21,0.0
20231004:1211,445096.0,242.22,31.37,15.24,6.69,0.0
20231004:1311,444475.0,242.41,29.3,16.2,7.72,0.0
20231004:1411,660652.0,348.91,24.88,16.33,7.59,0.0
20231004:1511,254909.0,147.71,18.62,16.02,7.31,0.0
20231004:1611,19389.0,21.32,11.07,15.39,6.83,0.0
20231004:1711,0.0,1.85,2.72,14.73,6.34,0.0
20231004:1811,0.0,0.0,0.0,14.08,6.0,0.0
20231004:1911,0.0,0.0,0.0,14.16,6.34,0.0
20231004:2011,0.0,0.0,0.0,14.41,6.21,0.0
20231004:2111,0.0,0.0,0.0,14.32,5.86,0.0
20231004:2211,0.0,0.0,0.0,14.5,5.59,0.0
20231004:2311,0.0,0.0,0.0,14.52,5.24,0.0
20231005:0011,0.0,0.0,0.0,14.41,4.97,0.0
20231005:0111,0.0,0.0,0.0,14.23,4.62,0.0
20231005:0211,0.0,0.0,0.0,14.1,4.21,0.0
20231005:0311,0.0,0.0,0.0,13.73,3.72,0.0
20231005:0411,0.0,0.0,0.0,13.39,3.38,0.0
20231005:0511,0.0,0.0,0.0,13.47,3.17,0.0
20231005:0611,0.0,0.0,0.0,13.63,3.1,0.0
20231005:0711,51451.0,41.33,7.34,13.74,2.97,0.0
20231005:0811,193108.0,115.9,15.27,13.75,3.45,0.0
20231005:0911,151432.0,94.56,22.12,13.95,4.07,0.0
20231005:1011,81167.0,57.48,27.35,14.34,4.34,0.0
20231005:1111,113367.0,75.1,30.44,15.55,5.38,0.0
20231005:1211,139518.0,89.0,30.98,15.91,5.72,0.0
20231005:1311,87400.0,61.19,28.91,15.66,4.69,0.0
20231005:1411,72404.0,52.85,24.49,15.3,5.31,0.0
20231005:1511,84571.0,59.33,18.24,14.48,5.66,0.0
20231005:1611,53084.0,41.72,10.7,13.95,5.31,0.0
20231005:1711,0.0,2.78,2.36,13.9,5.66,0.0
20231005:1811,0.0,0.0,0.0,14.32,5.79,0.0
20231005:1911,0.0,0.0,0.0,14.74,6.0,0.0
20231005:2011,0.0,0.0,0.0,14.99,6.21,0.0
20231005:2111,0.0,0.0,0.0,15.21,6.34,0.0
20231005:2211,0.0,0.0,0.0,15.43,6.48,0.0
20231005:2311,0.0,0.0,0.0,15.71,6.41,0.0
20231006:0011,0.0,0.0,0.0,15.84,6.41,0.0
20231006:0111,0.0,0.0,0.0,15.92,6.48,0.0
20231006:0211,0.0,0.0,0.0,16.03,6.62,0.0
20231006:0311,0.0,0.0,0.0,16.11,6.76,0.0
20231006:0411,0.0,0.0,0.0,16.12,6.97,0.0
20231006:0511,0.0,0.0,0.0,16.13,6.83,0.0
20231006:0611,0.0,0.0,0.0,16.17,6.55,0.0
20231006:0711,3358.0,9.27,7.06,16.91,6.48,0.0
20231006:0811,30636.0,28.74,14.97,17.12,6.69,0.0
20231006:0911,122889.0,80.66,21.79,17.27,6.76,0.0
20231006:1011,152444.0,96.42,27.0,17.68,6.14,0.0
20231006:1111,78154.0,56.55,30.07,17.81,6.69,0.0
20231006:1211,136367.0,88.08,30.6,18.06,6.76,0.0
20231006:1311,69897.0,51.92,28.52,17.66,6.14,0.0
20231006:1411,102051.0,69.53,24.11,17.31,6.0,0.0
20231006:1511,65067.0,49.14,17.87,17.41,6.34,0.0
20231006:1611,44252.0,37.08,10.34,17.43,6.07,0.0
20231006:1711,0.0,1.85,2.0,17.22,6.41,0.0
20231006:1811,0.0,0.0,0.0,16.93,6.07,0.0
20231006:1911,0.0,0.0,0.0,17.3,6.83,0.0
20231006:2011,0.0,0.0,0.0,17.16,6.9,0.0
20231006:2111,0.0,0.0,0.0,17.03,6.83,0.0
20231006:2211,0.0,0.0,0.0,16.81,6.97,0.0
20231006:2311,0.0,0.0,0.0,16.63,7.31,0.0
20231007:0011,0.0,0.0,0.0,16.4,7.17,0.0
20231007:0111,0.0,0.0,0.0,15.82,7.03,0.0
20231007:0211,0.0,0.0,0.0,15.41,6.83,0.0
20231007:0311,0.0,0.0,0.0,15.11,6.21,0.0
20231007:0411,0.0,0.0,0.0,15.05,6.0,0.0
20231007:0511,0.0,0.0,0.0,15.12,5.86,0.0
20231007:0611,0.0,0.0,0.0,15.18,5.79,0.0
20231007:0711,667.0,6.49,6.78,15.21,5.59,0.0
20231007:0811,30889.0,28.74,14.68,15.56,5.86,0.0
20231007:0911,55775.0,43.57,21.47,15.89,6.0,0.0
20231007:1011,203734.0,122.38,26.65,16.31,6.0,0.0
20231007:1111,760518.0,401.21,29.69,17.12,6.83,0.0
20231007:1211,761645.0,402.46,30.21,17.83,7.59,0.0
20231007:1311,909489.0,477.97,28.13,18.42,7.86,0.0
20231007:1411,399556.0,221.65,23.72,18.26,7.17,0.0
20231007:1511,19067.0,21.32,17.49,18.16,6.48,0.0
20231007:1611,50416.0,40.79,9.97,17.89,5.66,0.0
20231007:1711,0.0,3.71,1.65,17.34,4.55,0.0
20231007:1811,0.0,0.0,0.0,16.79,3.52,0.0
20231007:1911,0.0,0.0,0.0,16.91,3.31,0.0
20231007:2011,0.0,0.0,0.0,16.4,2.48,0.0
20231007:2111,0.0,0.0,0.0,15.8,1.93,0.0
20231007:2211,0.0,0.0,0.0,15.03,2.07,0.0
20231007:2311,0.0,0.0,0.0,14.09,2.62,0.0
20231008:0011,0.0,0.0,0.0,13.33,2.76,0.0
20231008:0111,0.0,0.0,0.0,12.76,2.83,0.0
20231008:0211,0.0,0.0,0.0,12.41,2.48,0.0
20231008:0311,0.0,0.0,0.0,12.28,2.62,0.0
20231008:0411,0.0,0.0,0.0,12.27,3.1,0.0
20231008:0511,0.0,0.0,0.0,12.3,2.97,0.0
20231008:0611,0.0,0.0,0.0,12.34,2.55,0.0
20231008:0711,6785.0,12.05,6.5,12.3,3.1,0.0
20231008:0811,88665.0,61.19,14.38,12.64,3.03,0.0
20231008:0911,114471.0,75.1,21.15,13.25,3.1,0.0
20231008:1011,127995.0,82.51,26.31,14.16,3.03,0.0
20231008:1111,191590.0,115.89,29.32,15.18,3.31,0.0
20231008:1211,293388.0,168.56,29.82,16.48,3.31,0.0
20231008:1311,237935.0,141.16,27.74,17.77,2.97,0.0
20231008:1411,128662.0,84.37,23.34,18.62,3.1,0.0
20231008:1511,131054.0,85.68,17.12,18.67,2.62,0.0
20231008:1611,146993.0,95.59,9.61,18.4,2.83,0.0
20231008:1711,0.0,0.93,1.29,17.18,3.38,0.0
20231008:1811,0.0,0.0,0.0,16.35,3.79,0.0
20231008:1911,0.0,0.0,0.0,15.96,4.48,0.0
20231008:2011,0.0,0.0,0.0,15.61,4.83,0.0
20231008:2111,0.0,0.0,0.0,15.25,4.69,0.0
20231008:2211,0.0,0.0,0.0,15.1,4.76,0.0
20231008:2311,0.0,0.0,0.0,15.09,4.9,0.0
20231009:0011,0.0,0.0,0.0,15.03,4.69,0.0
20231009:0111,0.0,0.0,0.0,15.14,4.48,0.0
20231009:0211,0.0,0.0,0.0,15.17,4.34,0.0
20231009:0311,0.0,0.0,0.0,15.25,4.0,0.0
20231009:0411,0.0,0.0,0.0,15.33,3.52,0.0
20231009:0511,0.0,0.0,0.0,15.51,3.1,0.0
20231009:0611,0.0,0.0,0.0,15.55,2.76,0.0
20231009:0711,11362.0,15.76,6.22,16.26,3.66,0.0
20231009:0811,63641.0,48.21,14.08,16.51,3.59,0.0
20231009:0911,128202.0,83.44,20.83,16.67,3.31,0.0
20231009:1011,240787.0,142.44,25.96,17.75,3.52,0.0
20231009:1111,1233007.0,664.1,28.95,18.24,2.9,0.0
20231009:1211,643402.0,349.17,29.44,18.81,2.9,0.0
20231009:1311,1399366.0,761.88,27.35,19.36,2.97,0.0
20231009:1411,1107841.0,598.48,22.96,19.9,2.97,0.0
20231009:1511,625508.0,342.82,16.75,19.89,2.55,0.0
20231009:1611,256059.0,156.43,9.25,19.51,2.28,0.0
20231009:1711,0.0,0.0,0.0,18.3,2.48,0.0
20231009:1811,0.0,0.0,0.0,17.19,2.62,0.0
20231009:1911,0.0,0.0,0.0,16.33,2.48,0.0
20231009:2011,0.0,0.0,0.0,15.77,2.55,0.0
20231009:2111,0.0,0.0,0.0,15.41,2.55,0.0
20231009:2211,0.0,0.0,0.0,15.04,2.41,0.0
20231009:2311,0.0,0.0,0.0,14.78,2.55,0.0
20231010:0011,0.0,0.0,0.0,14.58,2.83,0.0
20231010:0111,0.0,0.0,0.0,14.54,3.17,0.0
20231010:0211,0.0,0.0,0.0,14.65,3.66,0.0
20231010:0311,0.0,0.0,0.0,14.62,4.0,0.0
20231010:0411,0.0,0.0,0.0,14.69,4.21,0.0
20231010:0511,0.0,0.0,0.0,14.75,3.66,0.0
20231010:0611,0.0,0.0,0.0,14.88,2.55,0.0
20231010:0711,8993.0,13.91,5.94,15.01,2.76,0.0
20231010:0811,36892.0,32.45,13.78,15.51,2.62,0.0
20231010:0911,26312.0,25.96,20.51,16.41,3.31,0.0
20231010:1011,38111.0,33.38,25.61,17.16,3.31,0.0
20231010:1111,45563.0,38.01,28.58,18.31,4.0,0.0
20231010:1211,416645.0,232.52,29.06,19.04,4.41,0.0
20231010:1311,580152.0,314.95,26.97,19.69,5.59,0.0
20231010:1411,524193.0,285.57,22.58,18.9,4.9,0.0
20231010:1511,76153.0,55.63,16.39,18.56,5.31,0.0
20231010:1611,3335.0,9.27,8.9,18.01,5.45,0.0
20231010:1711,0.0,0.0,0.0,17.49,5.79,0.0
20231010:1811,0.0,0.0,0.0,16.89,6.0,0.0
20231010:1911,0.0,0.0,0.0,17.17,6.34,0.0
20231010:2011,0.0,0.0,0.0,17.01,6.69,0.0
20231010:2111,0.0,0.0,0.0,17.0,6.97,0.0
20231010:2211,0.0,0.0,0.0,17.23,7.17,0.0
20231010:2311,0.0,0.0,0.0,17.27,7.52,0.0
20231011:0011,0.0,0.0,0.0,17.06,7.79,0.0
20231011:0111,0.0,0.0,0.0,16.75,7.72,0.0
20231011:0211,0.0,0.0,0.0,16.47,7.79,0.0
20231011:0311,0.0,0.0,0.0,16.08,7.45,0.0
20231011:0411,0.0,0.0,0.0,15.83,7.31,0.0
20231011:0511,0.0,0.0,0.0,15.64,6.69,0.0
20231011:0611,0.0,0.0,0.0,15.08,5.79,0.0
20231011:0711,12788.0,16.69,5.66,14.4,5.1,0.0
20231011:0811,35811.0,31.52,13.48,13.42,4.69,0.0
20231011:0911,37467.0,32.45,20.19,12.83,4.21,0.0
20231011:1011,61571.0,46.36,25.26,12.86,4.28,0.0
20231011:1111,63204.0,47.28,28.21,12.93,4.34,0.0
20231011:1211,92023.0,63.04,28.67,13.0,4.14,0.0
20231011:1311,114724.0,75.1,26.58,12.95,3.86,0.0
20231011:1411,123602.0,79.73,22.21,12.79,3.45,0.0
20231011:1511,66608.0,49.14,16.02,12.58,3.17,0.0
20231011:1611,42251.0,35.23,8.55,12.32,3.1,0.0
20231011:1711,0.0,0.0,0.0,11.76,2.69,0.0
20231011:1811,0.0,0.0,0.0,11.22,2.62,0.0
20231011:1911,0.0,0.0,0.0,10.8,2.48,0.0
20231011:2011,0.0,0.0,0.0,10.3,2.55,0.0
20231011:2111,0.0,0.0,0.0,9.4,2.41,0.0
20231011:2211,0.0,0.0,0.0,8.33,2.21,0.0
20231011:2311,0.0,0.0,0.0,7.18,2.21,0.0
20231012:0011,0.0,0.0,0.0,6.32,2.28,0.0
20231012:0111,0.0,0.0,0.0,5.61,2.14,0.0
20231012:0211,0.0,0.0,0.0,4.86,1.93,0.0
20231012:0311,0.0,0.0,0.0,4.18,1.72,0.0
20231012:0411,0.0,0.0,0.0,3.72,1.52,0.0
20231012:0511,0.0,0.0,0.0,3.16,1.52,0.0
20231012:0611,0.0,0.0,0.0,2.68,1.45,0.0
20231012:0711,134619.0,88.72,5.38,2.29,1.45,0.0
20231012:0811,708492.0,368.8,13.18,4.66,0.62,0.0
20231012:0911,1083277.0,567.62,19.86,7.89,0.41,0.0
20231012:1011,1348973.0,721.6,24.92,9.67,0.55,0.0
20231012:1111,1571199.0,839.1,27.85,10.81,1.86,0.0
20231012:1211,1690615.0,906.31,28.29,11.64,2.41,0.0
20231012:1311,1566047.0,834.23,26.2,12.18,2.48,0.0
20231012:1411,1324064.0,697.48,21.84,12.48,2.55,0.0
20231012:1511,852242.0,448.68,15.66,12.47,2.48,0.0
20231012:1611,377775.0,217.55,8.19,12.15,2.28,0.0
20231012:1711,0.0,0.0,0.0,10.86,2.28,0.0
20231012:1811,0.0,0.0,0.0,9.52,2.48,0.0
20231012:1911,0.0,0.0,0.0,8.66,2.34,0.0
20231012:2011,0.0,0.0,0.0,8.52,2.14,0.0
20231012:2111,0.0,0.0,0.0,8.63,2.07,0.0
20231012:2211,0.0,0.0,0.0,8.72,2.21,0.0
20231012:2311,0.0,0.0,0.0,9.05,2.34,0.0
20231013:0011,0.0,0.0,0.0,9.39,2.34,0.0
20231013:0111,0.0,0.0,0.0,9.8,2.41,0.0
20231013:0211,0.0,0.0,0.0,10.17,2.55,0.0
20231013:0311,0.0,0.0,0.0,10.43,2.41,0.0
20231013:0411,0.0,0.0,0.0,10.84,2.14,0.0
20231013:0511,0.0,0.0,0.0,11.15,1.45,0.0
20231013:0611,0.0,0.0,0.0,11.3,0.9,0.0
20231013:0711,33695.0,30.88,5.1,11.29,0.48,0.0
20231013:0811,10442.0,14.83,12.88,11.54,1.03,0.0
20231013:0911,42297.0,35.23,19.54,12.0,1.86,0.0
20231013:1011,175766.0,106.62,24.57,12.61,3.1,0.0
20231013:1111,100786.0,67.68,27.48,12.78,4.0,0.0
20231013:1211,81742.0,57.48,27.92,12.94,4.34,0.0
20231013:1311,250631.0,144.45,25.82,13.26,4.97,0.0
20231013:1411,211692.0,124.64,21.46,13.17,5.72,0.0
20231013:1511,817466.0,424.81,15.3,12.54,5.59,0.0
20231013:1611,101430.0,68.92,7.85,12.05,5.52,0.0
20231013:1711,0.0,0.0,0.0,11.1,5.1,0.0
20231013:1811,0.0,0.0,0.0,10.08,4.9,0.0
20231013:1911,0.0,0.0,0.0,9.52,5.03,0.0
20231013:2011,0.0,0.0,0.0,9.1,4.97,0.0
20231013:2111,0.0,0.0,0.0,8.81,5.17,0.0
20231013:2211,0.0,0.0,0.0,8.62,5.45,0.0
20231013:2311,0.0,0.0,0.0,8.44,5.59,0.0
20231014:0011,0.0,0.0,0.0,8.25,5.52,0.0
20231014:0111,0.0,0.0,0.0,8.07,5.45,0.0
20231014:0211,0.0,0.0,0.0,7.86,5.31,0.0
20231014:0311,0.0,0.0,0.0,7.51,5.1,0.0
20231014:0411,0.0,0.0,0.0,7.21,4.9,0.0
20231014:0511,0.0,0.0,0.0,6.99,4.69,0.0
20231014:0611,0.0,0.0,0.0,6.62,4.69,0.0
20231014:0711,90551.0,65.0,4.82,6.17,4.48,0.0
20231014:0811,696141.0,359.34,12.59,6.86,4.41,0.0
20231014:0911,1135326.0,575.46,19.22,8.2,4.34,0.0
20231014:1011,1495690.0,762.42,24.23,9.47,5.38,0.0
20231014:1111,1612645.0,828.55,27.11,10.46,5.59,0.0
20231014:1211,1661934.0,855.51,27.54,11.02,6.0,0.0
20231014:1311,1451461.0,741.73,25.45,11.1,6.21,0.0
20231014:1411,1100757.0,559.77,21.1,10.77,6.0,0.0
20231014:1511,846492.0,435.15,14.95,10.21,5.59,0.0
20231014:1611,358570.0,204.84,7.5,9.61,4.76,0.0
20231014:1711,0.0,0.0,0.0,8.62,4.21,0.0
20231014:1811,0.0,0.0,0.0,7.69,3.93,0.0
20231014:1911,0.0,0.0,0.0,6.73,3.93,0.0
20231014:2011,0.0,0.0,0.0,6.08,4.0,0.0
20231014:2111,0.0,0.0,0.0,5.51,3.93,0.0
20231014:2211,0.0,0.0,0.0,5.01,3.93,0.0
20231014:2311,0.0,0.0,0.0,4.62,3.86,0.0
20231015:0011,0.0,0.0,0.0,4.29,3.79,0.0
20231015:0111,0.0,0.0,0.0,3.93,3.79,0.0
20231015:0211,0.0,0.0,0.0,3.59,3.79,0.0
20231015:0311,0.0,0.0,0.0,3.22,3.79,0.0
20231015:0411,0.0,0.0,0.0,2.84,3.79,0.0
20231015:0511,0.0,0.0,0.0,2.56,3.72,0.0
20231015:0611,0.0,0.0,0.0,2.29,3.66,0.0
20231015:0711,76774.0,56.35,4.53,2.24,3.59,0.0
20231015:0811,675349.0,345.27,12.29,3.36,3.1,0.0
20231015:0911,1106438.0,556.65,18.9,5.5,3.38,0.0
20231015:1011,1437431.0,732.03,23.88,7.48,3.86,0.0
20231015:1111,1611380.0,828.66,26.75,9.04,4.48,0.0
20231015:1211,1562873.0,805.01,27.16,10.22,4.83,0.0
20231015:1311,1536400.0,794.35,25.07,11.09,4.69,0.0
20231015:1411,641838.0,334.25,20.73,11.53,4.48,0.0
20231015:1511,710953.0,371.77,14.59,11.5,3.86,0.0
20231015:1611,287109.0,169.12,7.16,10.97,2.69,0.0
20231015:1711,0.0,0.0,0.0,9.75,2.41,0.0
20231015:1811,0.0,0.0,0.0,8.03,2.62,0.0
20231015:1911,0.0,0.0,0.0,7.2,2.34,0.0
20231015:2011,0.0,0.0,0.0,6.42,2.28,0.0
20231015:2111,0.0,0.0,0.0,5.46,2.28,0.0
20231015:2211,0.0,0.0,0.0,4.63,2.21,0.0
20231015:2311,0.0,0.0,0.0,4.14,2.0,0.0
20231016:0011,0.0,0.0,0.0,3.82,1.86,0.0
20231016:0111,0.0,0.0,0.0,3.47,1.72,0.0
20231016:0211,0.0,0.0,0.0,3.34,1.59,0.0
20231016:0311,0.0,0.0,0.0,3.1,1.52,0.0
20231016:0411,0.0,0.0,0.0,2.96,1.38,0.0
20231016:0511,0.0,0.0,0.0,2.83,1.31,0.0
20231016:0611,0.0,0.0,0.0,2.79,1.24,0.0
20231016:0711,32338.0,29.26,4.25,2.07,1.31,0.0
20231016:0811,280807.0,154.81,11.99,3.65,0.62,0.0
20231016:0911,834279.0,432.24,18.58,6.24,0.14,0.0
20231016:1011,787727.0,410.18,23.54,8.07,0.41,0.0
20231016:1111,977868.0,510.0,26.39,9.19,0.97,0.0
20231016:1211,772317.0,403.51,26.79,9.92,1.17,0.0
20231016:1311,924025.0,482.45,24.7,10.3,1.24,0.0
20231016:1411,803022.0,419.03,20.37,10.54,1.45,0.0
20231016:1511,408894.0,221.71,14.24,10.52,1.66,0.0
20231016:1611,177054.0,110.26,6.82,9.99,1.38,0.0
20231016:1711,0.0,0.0,0.0,8.84,1.59,0.0
20231016:1811,0.0,0.0,0.0,6.84,1.52,0.0
20231016:1911,0.0,0.0,0.0,5.31,1.45,0.0
20231016:2011,0.0,0.0,0.0,5.62,1.1,0.0
20231016:2111,0.0,0.0,0.0,5.96,0.9,0.0
20231016:2211,0.0,0.0,0.0,5.83,0.69,0.0
20231016:2311,0.0,0.0,0.0,5.36,0.83,0.0
20231017:0011,0.0,0.0,0.0,4.02,1.38,0.0
20231017:0111,0.0,0.0,0.0,2.99,1.52,0.0
20231017:0211,0.0,0.0,0.0,2.43,1.72,0.0
20231017:0311,0.0,0.0,0.0,1.99,1.86,0.0
20231017:0411,0.0,0.0,0.0,1.75,2.07,0.0
20231017:0511,0.0,0.0,0.0,2.05,2.14,0.0
20231017:0611,0.0,0.0,0.0,2.62,2.07,0.0
20231017:0711,9706.0,13.91,3.97,3.41,2.21,0.0
20231017:0811,65665.0,47.28,11.69,5.18,1.79,0.0
20231017:0911,233289.0,133.57,18.26,8.85,1.72,0.0
20231017:1011,157274.0,96.42,23.2,10.53,2.21,0.0
20231017:1111,896103.0,463.71,26.03,11.72,3.52,0.0
20231017:1211,530449.0,281.09,26.42,12.54,5.1,0.0
20231017:1311,549056.0,290.14,24.33,12.73,5.1,0.0
20231017:1411,333178.0,184.25,20.01,12.54,4.69,0.0
20231017:1511,183218.0,109.83,13.89,12.17,4.55,0.0
20231017:1611,135493.0,88.31,6.48,11.56,4.28,0.0
20231017:1711,0.0,0.0,0.0,10.47,4.21,0.0
20231017:1811,0.0,0.0,0.0,9.64,4.28,0.0
20231017:1911,0.0,0.0,0.0,9.19,4.41,0.0
20231017:2011,0.0,0.0,0.0,9.09,4.41,0.0
20231017:2111,0.0,0.0,0.0,9.33,4.48,0.0
20231017:2211,0.0,0.0,0.0,9.56,4.55,0.0
20231017:2311,0.0,0.0,0.0,9.7,4.55,0.0
20231018:0011,0.0,0.0,0.0,9.93,4.69,0.0
20231018:0111,0.0,0.0,0.0,9.83,4.76,0.0
20231018:0211,0.0,0.0,0.0,9.76,4.76,0.0
20231018:0311,0.0,0.0,0.0,9.62,4.69,0.0
20231018:0411,0.0,0.0,0.0,9.46,4.62,0.0
20231018:0511,0.0,0.0,0.0,9.41,4.76,0.0
20231018:0611,0.0,0.0,0.0,9.6,5.03,0.0
20231018:0711,4646.0,10.2,3.69,9.88,5.1,0.0
20231018:0811,118979.0,76.46,11.39,10.18,5.03,0.0
20231018:0911,261096.0,147.7,17.94,10.96,4.83,0.0
20231018:1011,811486.0,416.57,22.86,11.88,6.07,0.0
20231018:1111,1322799.0,676.05,25.67,12.94,7.45,0.0
20231018:1211,1500175.0,771.78,26.06,13.38,7.1,0.0
20231018:1311,901531.0,462.97,23.97,13.51,7.52,0.0
20231018:1411,778757.0,402.0,19.65,13.52,7.45,0.0
20231018:1511,606142.0,319.36,13.55,12.93,6.28,0.0
20231018:1611,46184.0,37.96,6.15,12.24,6.21,0.0
20231018:1711,0.0,0.0,0.0,11.62,6.14,0.0
20231018:1811,0.0,0.0,0.0,11.37,6.34,0.0
20231018:1911,0.0,0.0,0.0,11.61,6.34,0.0
20231018:2011,0.0,0.0,0.0,11.56,6.41,0.0
20231018:2111,0.0,0.0,0.0,11.52,6.55,0.0
20231018:2211,0.0,0.0,0.0,11.46,6.9,0.0
20231018:2311,0.0,0.0,0.0,11.11,7.31,0.0
20231019:0011,0.0,0.0,0.0,10.96,7.52,0.0
20231019:0111,0.0,0.0,0.0,11.1,7.45,0.0
20231019:0211,0.0,0.0,0.0,11.14,7.31,0.0
20231019:0311,0.0,0.0,0.0,11.28,6.14,0.0
20231019:0411,0.0,0.0,0.0,11.46,3.03,0.0
20231019:0511,0.0,0.0,0.0,11.49,1.1,0.0
20231019:0611,0.0,0.0,0.0,11.51,3.17,0.0
20231019:0711,0.0,2.78,3.41,12.39,4.55,0.0
20231019:0811,337594.0,188.27,11.1,12.83,4.55,0.0
20231019:0911,83283.0,58.41,17.63,13.4,4.69,0.0
20231019:1011,49772.0,39.87,22.52,14.29,5.52,0.0
20231019:1111,133170.0,85.29,25.31,14.71,4.76,0.0
20231019:1211,1041417.0,545.26,25.69,15.51,4.34,0.0
20231019:1311,180228.0,110.33,23.6,16.19,4.97,0.0
20231019:1411,252448.0,146.84,19.3,16.35,4.41,0.0
20231019:1511,403765.0,223.35,13.21,16.33,4.21,0.0
20231019:1611,1518.0,7.42,5.82,15.68,4.0,0.0
20231019:1711,0.0,0.0,0.0,14.75,4.0,0.0
20231019:1811,0.0,0.0,0.0,14.1,3.93,0.0
20231019:1911,0.0,0.0,0.0,14.02,4.0,0.0
20231019:2011,0.0,0.0,0.0,13.82,3.72,0.0
20231019:2111,0.0,0.0,0.0,13.83,3.52,0.0
20231019:2211,0.0,0.0,0.0,13.77,3.45,0.0
20231019:2311,0.0,0.0,0.0,13.6,3.59,0.0
20231020:0011,0.0,0.0,0.0,13.49,3.79,0.0
20231020:0111,0.0,0.0,0.0,13.08,4.69,0.0
20231020:0211,0.0,0.0,0.0,12.7,5.79,0.0
20231020:0311,0.0,0.0,0.0,12.25,6.62,0.0
20231020:0411,0.0,0.0,0.0,11.87,7.24,0.0
20231020:0511,0.0,0.0,0.0,11.62,7.72,0.0
20231020:0611,0.0,0.0,0.0,11.56,8.41,0.0
20231020:0711,0.0,2.78,3.13,11.53,7.86,0.0
20231020:0811,6831.0,12.05,10.8,11.58,8.21,0.0
20231020:0911,55522.0,42.65,17.31,11.29,9.1,0.0
20231020:1011,67321.0,49.14,22.18,10.97,9.38,0.0
20231020:1111,60697.0,45.43,24.96,10.7,9.59,0.0
20231020:1211,105823.0,69.53,25.33,10.38,9.86,0.0
20231020:1311,65941.0,48.21,23.24,10.06,9.79,0.0
20231020:1411,54280.0,41.72,18.95,9.9,9.52,0.0
20231020:1511,28842.0,26.89,12.87,9.85,9.1,0.0
20231020:1611,11868.0,15.76,5.5,9.74,8.9,0.0
20231020:1711,0.0,0.0,0.0,9.6,8.69,0.0
20231020:1811,0.0,0.0,0.0,9.65,8.76,0.0
20231020:1911,0.0,0.0,0.0,9.4,7.72,0.0
20231020:2011,0.0,0.0,0.0,9.24,7.86,0.0
20231020:2111,0.0,0.0,0.0,8.96,7.59,0.0
20231020:2211,0.0,0.0,0.0,8.77,7.17,0.0
20231020:2311,0.0,0.0,0.0,8.67,6.83,0.0
20231021:0011,0.0,0.0,0.0,8.7,6.55,0.0
20231021:0111,0.0,0.0,0.0,9.01,6.14,0.0
20231021:0211,0.0,0.0,0.0,9.03,5.59,0.0
20231021:0311,0.0,0.0,0.0,9.1,4.97,0.0
20231021:0411,0.0,0.0,0.0,9.16,4.48,0.0
20231021:0511,0.0,0.0,0.0,9.11,4.21,0.0
20231021:0611,0.0,0.0,0.0,9.02,4.14,0.0
20231021:0711,0.0,3.71,2.85,8.95,3.66,0.0
20231021:0811,6946.0,12.05,10.5,9.09,3.31,0.0
20231021:0911,20056.0,21.32,16.99,9.41,2.97,0.0
20231021:1011,299092.0,166.1,21.84,9.52,2.62,0.0
20231021:1111,1005652.0,517.62,24.61,10.14,2.9,0.0
20231021:1211,1056597.0,546.29,24.97,11.06,2.97,0.0
20231021:1311,542501.0,286.96,22.88,11.64,2.9,0.0
20231021:1411,152490.0,94.31,18.6,11.7,2.62,0.0
20231021:1511,293664.0,165.1,12.54,11.7,2.55,0.0
20231021:1611,4577.0,10.2,5.17,11.35,2.21,0.0
20231021:1711,0.0,0.0,0.0,10.6,2.14,0.0
20231021:1811,0.0,0.0,0.0,9.14,2.41,0.0
20231021:1911,0.0,0.0,0.0,8.78,2.48,0.0
20231021:2011,0.0,0.0,0.0,7.87,2.41,0.0
20231021:2111,0.0,0.0,0.0,6.95,2.34,0.0
20231021:2211,0.0,0.0,0.0,6.08,2.14,0.0
20231021:2311,0.0,0.0,0.0,5.4,2.14,0.0
20231022:0011,0.0,0.0,0.0,4.85,2.21,0.0
20231022:0111,0.0,0.0,0.0,4.65,2.34,0.0
20231022:0211,0.0,0.0,0.0,4.67,2.34,0.0
20231022:0311,0.0,0.0,0.0,4.86,2.41,0.0
20231022:0411,0.0,0.0,0.0,5.27,2.48,0.0
20231022:0511,0.0,0.0,0.0,5.2,2.48,0.0
20231022:0611,0.0,0.0,0.0,5.08,2.41,0.0
20231022:0711,70587.0,55.98,2.57,4.7,2.34,0.0
20231022:0811,294446.0,162.38,10.21,5.47,2.07,0.0
20231022:0911,993278.0,510.97,16.68,8.44,2.07,0.0
20231022:1011,1333885.0,690.4,21.51,10.5,3.24,0.0
20231022:1111,1472138.0,763.81,24.26,11.43,4.14,0.0
20231022:1211,1578720.0,822.1,24.61,12.21,4.69,0.0
20231022:1311,852472.0,440.58,22.53,12.36,4.34,0.0
20231022:1411,1120238.0,580.85,18.25,12.23,3.52,0.0
20231022:1511,772386.0,407.07,12.21,12.11,2.83,0.0
20231022:1611,180688.0,115.18,4.86,11.22,2.07,0.0
20231022:1711,0.0,0.0,0.0,9.85,2.14,0.0
20231022:1811,0.0,0.0,0.0,8.31,1.86,0.0
20231022:1911,0.0,0.0,0.0,7.23,1.38,0.0
20231022:2011,0.0,0.0,0.0,7.45,1.1,0.0
20231022:2111,0.0,0.0,0.0,7.56,0.83,0.0
20231022:2211,0.0,0.0,0.0,7.5,0.55,0.0
20231022:2311,0.0,0.0,0.0,7.27,0.48,0.0
20231023:0011,0.0,0.0,0.0,7.09,0.76,0.0
20231023:0111,0.0,0.0,0.0,6.14,0.97,0.0
20231023:0211,0.0,0.0,0.0,4.78,1.31,0.0
20231023:0311,0.0,0.0,0.0,4.44,1.38,0.0
20231023:0411,0.0,0.0,0.0,4.25,1.45,0.0
20231023:0511,0.0,0.0,0.0,4.37,1.38,0.0
20231023:0611,0.0,0.0,0.0,4.14,1.45,0.0
20231023:0711,0.0,5.56,2.29,4.45,1.59,0.0
20231023:0811,175789.0,103.92,9.91,5.2,1.24,0.0
20231023:0911,282969.0,156.95,16.36,7.6,1.52,0.0
20231023:1011,203619.0,119.06,21.18,8.98,1.86,0.0
20231023:1111,213762.0,124.8,23.91,10.35,2.41,0.0
20231023:1211,220087.0,128.51,24.26,11.56,3.03,0.0
20231023:1311,439392.0,236.75,22.18,12.35,3.24,0.0
20231023:1411,330970.0,183.54,17.91,12.83,3.31,0.0
20231023:1511,118059.0,76.77,11.88,12.69,2.62,0.0
20231023:1611,24633.0,24.83,4.54,11.88,2.41,0.0
20231023:1711,0.0,0.0,0.0,10.65,2.76,0.0
20231023:1811,0.0,0.0,0.0,10.0,2.83,0.0
20231023:1911,0.0,0.0,0.0,9.88,2.83,0.0
20231023:2011,0.0,0.0,0.0,9.88,2.83,0.0
20231023:2111,0.0,0.0,0.0,10.07,2.97,0.0
20231023:2211,0.0,0.0,0.0,10.28,3.03,0.0
20231023:2311,0.0,0.0,0.0,10.29,3.03,0.0
20231024:0011,0.0,0.0,0.0,10.18,2.9,0.0
20231024:0111,0.0,0.0,0.0,10.02,2.55,0.0
20231024:0211,0.0,0.0,0.0,9.71,2.28,0.0
20231024:0311,0.0,0.0,0.0,9.67,2.07,0.0
20231024:0411,0.0,0.0,0.0,9.7,2.21,0.0
20231024:0511,0.0,0.0,0.0,9.78,2.34,0.0
20231024:0611,0.0,0.0,0.0,9.76,2.48,0.0
20231024:0711,759.0,6.49,2.01,9.4,2.0,0.0
20231024:0811,263626.0,149.85,9.62,9.47,2.14,0.0
20231024:0911,69230.0,50.06,16.05,9.75,2.34,0.0
20231024:1011,121509.0,77.88,20.84,10.16,2.34,0.0
20231024:1111,119600.0,76.95,23.56,10.38,2.41,0.0
20231024:1211,225837.0,130.99,23.91,10.56,2.0,0.0
20231024:1311,203757.0,119.97,21.83,10.67,1.79,0.0
20231024:1411,58788.0,44.5,17.58,10.79,1.59,0.0
20231024:1511,67114.0,49.14,11.56,10.85,1.38,0.0
20231024:1611,20792.0,22.29,4.23,10.52,1.38,0.0
20231024:1711,0.0,0.0,0.0,9.41,2.0,0.0
20231024:1811,0.0,0.0,0.0,8.21,2.34,0.0
20231024:1911,0.0,0.0,0.0,8.26,2.28,0.0
20231024:2011,0.0,0.0,0.0,8.17,2.48,0.0
20231024:2111,0.0,0.0,0.0,8.05,2.76,0.0
20231024:2211,0.0,0.0,0.0,8.06,2.83,0.0
20231024:2311,0.0,0.0,0.0,7.86,2.97,0.0
20231025:0011,0.0,0.0,0.0,7.71,3.1,0.0
20231025:0111,0.0,0.0,0.0,7.63,3.31,0.0
20231025:0211,0.0,0.0,0.0,7.3,3.03,0.0
20231025:0311,0.0,0.0,0.0,7.3,2.83,0.0
20231025:0411,0.0,0.0,0.0,7.24,2.69,0.0
20231025:0511,0.0,0.0,0.0,6.74,2.62,0.0
20231025:0611,0.0,0.0,0.0,6.94,2.83,0.0
20231025:0711,0.0,1.85,1.73,7.93,2.9,0.0
20231025:0811,46391.0,37.08,9.32,8.26,2.76,0.0
20231025:0911,41354.0,34.3,15.74,9.17,3.17,0.0
20231025:1011,95197.0,63.97,20.51,9.93,4.0,0.0
20231025:1111,103707.0,68.61,23.22,10.49,3.72,0.0
20231025:1211,215579.0,125.78,23.56,10.84,3.52,0.0
20231025:1311,224135.0,130.06,21.49,11.06,3.31,0.0
20231025:1411,65435.0,48.21,17.24,11.09,2.83,0.0
20231025:1511,17089.0,19.47,11.24,10.97,2.41,0.0
20231025:1611,1610.0,7.42,3.93,10.8,2.14,0.0
20231025:1711,0.0,0.0,0.0,10.53,2.14,0.0
20231025:1811,0.0,0.0,0.0,10.35,2.07,0.0
20231025:1911,0.0,0.0,0.0,10.46,2.07,0.0
20231025:2011,0.0,0.0,0.0,10.3,1.66,0.0
20231025:2111,0.0,0.0,0.0,10.21,1.45,0.0
20231025:2211,0.0,0.0,0.0,9.97,0.76,0.0
20231025:2311,0.0,0.0,0.0,9.84,0.62,0.0
20231026:0011,0.0,0.0,0.0,9.65,0.62,0.0
20231026:0111,0.0,0.0,0.0,9.55,0.97,0.0
20231026:0211,0.0,0.0,0.0,9.45,1.52,0.0
20231026:0311,0.0,0.0,0.0,9.27,1.93,0.0
20231026:0411,0.0,0.0,0.0,9.09,2.34,0.0
20231026:0511,0.0,0.0,0.0,8.87,2.62,0.0
20231026:0611,0.0,0.0,0.0,8.45,2.55,0.0
20231026:0711,0.0,0.93,1.45,7.82,2.21,0.0
20231026:0811,29118.0,26.89,9.03,7.85,2.07,0.0
20231026:0911,15962.0,18.54,15.43,8.44,2.21,0.0
20231026:1011,27416.0,25.96,20.19,9.03,2.07,0.0
20231026:1111,33350.0,29.67,22.88,9.88,1.93,0.0
20231026:1211,103730.0,68.61,23.21,10.07,1.86,0.0
20231026:1311,105432.0,69.53,21.15,10.21,2.0,0.0
20231026:1411,19941.0,21.32,16.92,10.32,2.21,0.0
20231026:1511,10511.0,14.83,10.92,10.44,1.79,0.0
20231026:1611,0.0,2.78,3.63,10.36,1.24,0.0
20231026:1711,0.0,0.0,0.0,10.14,0.83,0.0
20231026:1811,0.0,0.0,0.0,9.75,1.1,0.0
20231026:1911,0.0,0.0,0.0,9.44,1.17,0.0
20231026:2011,0.0,0.0,0.0,9.04,1.03,0.0
20231026:2111,0.0,0.0,0.0,9.4,0.41,0.0
20231026:2211,0.0,0.0,0.0,9.29,0.28,0.0
20231026:2311,0.0,0.0,0.0,8.89,0.55,0.0
20231027:0011,0.0,0.0,0.0,9.08,0.55,0.0
20231027:0111,0.0,0.0,0.0,9.27,0.62,0.0
20231027:0211,0.0,0.0,0.0,9.09,0.55,0.0
20231027:0311,0.0,0.0,0.0,8.81,0.69,0.0
20231027:0411,0.0,0.0,0.0,8.79,0.83,0.0
20231027:0511,0.0,0.0,0.0,8.46,0.9,0.0
20231027:0611,0.0,0.0,0.0,8.24,1.1,0.0
20231027:0711,0.0,0.0,0.0,7.47,0.83,0.0
20231027:0811,76199.0,53.55,8.74,7.76,0.76,0.0
20231027:0911,26013.0,25.03,15.12,8.31,0.69,0.0
20231027:1011,59156.0,44.5,19.86,9.42,0.69,0.0
20231027:1111,144647.0,89.93,22.54,10.0,0.9,0.0
20231027:1211,34776.0,30.59,22.87,10.48,1.03,0.0
20231027:1311,67390.0,49.14,20.81,10.07,1.59,0.0
20231027:1411,44298.0,36.16,16.59,10.23,2.07,0.0
20231027:1511,24265.0,24.1,10.61,10.31,1.79,0.0
20231027:1611,0.0,2.78,3.33,10.11,1.66,0.0
20231027:1711,0.0,0.0,0.0,9.87,1.72,0.0
20231027:1811,0.0,0.0,0.0,9.79,1.72,0.0
20231027:1911,0.0,0.0,0.0,9.88,2.34,0.0
20231027:2011,0.0,0.0,0.0,9.81,2.41,0.0
20231027:2111,0.0,0.0,0.0,9.45,2.21,0.0
20231027:2211,0.0,0.0,0.0,9.1,2.21,0.0
20231027:2311,0.0,0.0,0.0,8.6,2.14,0.0
20231028:0011,0.0,0.0,0.0,8.24,2.0,0.0
20231028:0111,0.0,0.0,0.0,7.73,2.0,0.0
20231028:0211,0.0,0.0,0.0,7.26,1.86,0.0
20231028:0311,0.0,0.0,0.0,6.88,1.79,0.0
20231028:0411,0.0,0.0,0.0,6.57,1.79,0.0
20231028:0511,0.0,0.0,0.0,7.11,2.07,0.0
20231028:0611,0.0,0.0,0.0,7.26,2.21,0.0
20231028:0711,0.0,0.0,0.0,7.46,2.21,0.0
20231028:0811,40043.0,33.38,8.45,7.77,2.34,0.0
20231028:0911,24541.0,24.1,14.81,8.33,1.79,0.0
20231028:1011,33534.0,29.67,19.54,8.87,2.28,0.0
20231028:1111,149500.0,91.78,22.21,9.12,3.72,0.0
20231028:1211,70840.0,50.99,22.53,10.23,3.86,0.0
20231028:1311,55499.0,42.65,20.48,11.01,3.72,0.0
20231028:1411,236417.0,135.76,16.27,11.03,3.1,0.0
20231028:1511,156515.0,96.09,10.31,11.22,2.97,0.0
20231028:1611,49979.0,41.84,3.04,10.93,2.62,0.0
20231028:1711,0.0,0.0,0.0,10.53,2.9,0.0
20231028:1811,0.0,0.0,0.0,10.08,3.24,0.0
20231028:1911,0.0,0.0,0.0,9.71,3.31,0.0
20231028:2011,0.0,0.0,0.0,9.63,3.45,0.0
20231028:2111,0.0,0.0,0.0,9.5,3.59,0.0
20231028:2211,0.0,0.0,0.0,9.61,3.66,0.0
20231028:2311,0.0,0.0,0.0,9.99,3.72,0.0
20231029:0011,0.0,0.0,0.0,10.19,3.66,0.0
20231029:0111,0.0,0.0,0.0,10.32,3.52,0.0
20231029:0211,0.0,0.0,0.0,10.19,3.24,0.0
20231029:0311,0.0,0.0,0.0,10.12,2.83,0.0
20231029:0411,0.0,0.0,0.0,9.99,1.72,0.0
20231029:0511,0.0,0.0,0.0,9.82,0.55,0.0
20231029:0611,0.0,0.0,0.0,9.41,1.72,0.0
20231029:0711,0.0,0.0,0.0,9.27,2.62,0.0
20231029:0811,36524.0,31.52,8.16,9.58,2.83,0.0
20231029:0911,38019.0,32.45,14.51,10.0,3.1,0.0
20231029:1011,69138.0,50.06,19.22,10.13,3.03,0.0
20231029:1111,225055.0,130.24,21.88,10.43,2.9,0.0
20231029:1211,171557.0,103.84,22.2,11.1,2.97,0.0
20231029:1311,198283.0,117.54,20.15,11.62,2.48,0.0
20231029:1411,244306.0,140.29,15.95,11.97,2.34,0.0
20231029:1511,110101.0,72.44,10.0,11.89,1.59,0.0
20231029:1611,1587.0,7.42,2.75,11.32,1.38,0.0
20231029:1711,0.0,0.0,0.0,9.6,1.24,0.0
20231029:1811,0.0,0.0,0.0,9.89,0.48,0.0
20231029:1911,0.0,0.0,0.0,7.58,1.86,0.0
20231029:2011,0.0,0.0,0.0,7.28,1.93,0.0
20231029:2111,0.0,0.0,0.0,7.2,2.07,0.0
20231029:2211,0.0,0.0,0.0,7.39,2.41,0.0
20231029:2311,0.0,0.0,0.0,7.84,2.55,0.0
20231030:0011,0.0,0.0,0.0,8.18,2.83,0.0
20231030:0111,0.0,0.0,0.0,8.29,2.9,0.0
20231030:0211,0.0,0.0,0.0,8.41,2.97,0.0
20231030:0311,0.0,0.0,0.0,8.43,3.1,0.0
20231030:0411,0.0,0.0,0.0,8.45,3.24,0.0
20231030:0511,0.0,0.0,0.0,8.42,3.52,0.0
20231030:0611,0.0,0.0,0.0,8.39,3.52,0.0
20231030:0711,0.0,0.0,0.0,8.25,2.97,0.0
20231030:0811,75969.0,53.54,7.87,8.36,2.83,0.0
20231030:0911,47932.0,38.01,14.2,8.62,2.69,0.0
20231030:1011,349876.0,189.66,18.9,8.85,3.03,0.0
20231030:1111,290628.0,161.52,21.55,9.24,3.24,0.0
20231030:1211,160218.0,97.35,21.87,9.42,3.45,0.0
20231030:1311,331016.0,181.13,19.83,9.54,3.24,0.0
20231030:1411,54326.0,41.72,15.64,9.36,3.24,0.0
20231030:1511,253207.0,143.4,9.71,9.07,3.38,0.0
20231030:1611,13501.0,17.6,2.46,8.83,3.66,0.0
20231030:1711,0.0,0.0,0.0,8.62,3.52,0.0
20231030:1811,0.0,0.0,0.0,8.55,3.24,0.0
20231030:1911,0.0,0.0,0.0,7.8,2.83,0.0
20231030:2011,0.0,0.0,0.0,7.64,2.76,0.0
20231030:2111,0.0,0.0,0.0,7.7,2.48,0.0
20231030:2211,0.0,0.0,0.0,7.54,2.34,0.0
20231030:2311,0.0,0.0,0.0,7.73,2.41,0.0
20231031:0011,0.0,0.0,0.0,7.79,2.41,0.0
20231031:0111,0.0,0.0,0.0,7.87,2.28,0.0
20231031:0211,0.0,0.0,0.0,7.79,2.14,0.0
20231031:0311,0.0,0.0,0.0,7.87,2.21,0.0
20231031:0411,0.0,0.0,0.0,7.9,2.28,0.0
20231031:0511,0.0,0.0,0.0,7.93,2.48,0.0
20231031:0611,0.0,0.0,0.0,7.88,2.9,0.0
20231031:0711,0.0,0.0,0.0,7.83,2.28,0.0
20231031:0811,23115.0,23.18,7.59,8.05,2.34,0.0
20231031:0911,44758.0,36.16,13.9,8.34,2.48,0.0
20231031:1011,71438.0,50.99,18.58,8.52,3.17,0.0
20231031:1111,104604.0,68.61,21.22,8.67,3.31,0.0
20231031:1211,30498.0,27.81,21.54,8.75,3.45,0.0
20231031:1311,47955.0,38.01,19.51,8.57,3.38,0.0
20231031:1411,119485.0,76.15,15.34,8.44,3.52,0.0
20231031:1511,95795.0,63.86,9.42,8.29,3.59,0.0
20231031:1611,2622.0,8.34,2.19,8.13,3.45,0.0
20231031:1711,0.0,0.0,0.0,8.02,3.1,0.0
20231031:1811,0.0,0.0,0.0,8.01,2.62,0.0
20231031:1911,0.0,0.0,0.0,7.89,2.69,0.0
20231031:2011,0.0,0.0,0.0,7.95,2.76,0.0
20231031:2111,0.0,0.0,0.0,7.98,2.83,0.0
20231031:2211,0.0,0.0,0.0,8.07,2.97,0.0
20231031:2311,0.0,0.0,0.0,8.12,2.48,0.0
20231101:0011,0.0,0.0,0.0,8.16,2.48,0.0
20231101:0111,0.0,0.0,0.0,8.23,2.28,0.0
20231101:0211,0.0,0.0,0.0,8.16,2.55,0.0
20231101:0311,0.0,0.0,0.0,8.13,2.83,0.0
20231101:0411,0.0,0.0,0.0,8.21,3.45,0.0
20231101:0511,0.0,0.0,0.0,8.33,3.86,0.0
20231101:0611,0.0,0.0,0.0,8.62,4.62,0.0
20231101:0711,0.0,0.0,0.0,9.01,4.69,0.0
20231101:0811,15870.0,18.54,7.3,9.56,4.41,0.0
20231101:0911,42665.0,35.23,13.6,10.61,4.97,0.0
20231101:1011,225239.0,130.32,18.27,11.52,5.17,0.0
20231101:1111,444866.0,237.87,20.9,12.12,5.31,0.0
20231101:1211,657363.0,341.17,21.22,12.39,6.07,0.0
20231101:1311,297229.0,166.07,19.19,12.61,6.69,0.0
20231101:1411,196420.0,116.14,15.03,12.4,6.76,0.0
20231101:1511,208748.0,122.28,9.13,11.56,7.1,0.0
20231101:1611,0.0,5.56,1.91,10.44,6.28,0.0
20231101:1711,0.0,0.0,0.0,9.58,5.31,0.0
20231101:1811,0.0,0.0,0.0,8.9,5.03,0.0
20231101:1911,0.0,0.0,0.0,8.74,4.83,0.0
20231101:2011,0.0,0.0,0.0,8.37,4.55,0.0
20231101:2111,0.0,0.0,0.0,7.51,4.21,0.0
20231101:2211,0.0,0.0,0.0,6.52,3.72,0.0
20231101:2311,0.0,0.0,0.0,5.63,3.59,0.0
20231102:0011,0.0,0.0,0.0,5.44,3.59,0.0
20231102:0111,0.0,0.0,0.0,5.53,3.38,0.0
20231102:0211,0.0,0.0,0.0,6.13,3.72,0.0
20231102:0311,0.0,0.0,0.0,7.31,4.55,0.0
20231102:0411,0.0,0.0,0.0,8.1,5.86,0.0
20231102:0511,0.0,0.0,0.0,8.55,5.86,0.0
20231102:0611,0.0,0.0,0.0,8.96,5.17,0.0
20231102:0711,0.0,0.0,0.0,9.09,4.48,0.0
20231102:0811,61502.0,45.79,7.02,9.27,4.07,0.0
20231102:0911,11845.0,15.76,13.31,9.79,4.0,0.0
20231102:1011,33350.0,29.67,17.96,10.13,4.14,0.0
20231102:1111,33281.0,29.67,20.58,10.46,4.28,0.0
20231102:1211,132411.0,83.44,20.9,10.47,5.17,0.0
20231102:1311,271423.0,152.15,18.88,10.27,5.45,0.0
20231102:1411,355718.0,192.22,14.74,10.02,5.93,0.0
20231102:1511,49335.0,38.94,8.84,9.76,6.07,0.0
20231102:1611,759.0,6.49,1.64,9.64,6.07,0.0
20231102:1711,0.0,0.0,0.0,9.27,6.0,0.0
20231102:1811,0.0,0.0,0.0,9.13,6.07,0.0
20231102:1911,0.0,0.0,0.0,9.23,5.86,0.0
20231102:2011,0.0,0.0,0.0,9.29,6.07,0.0
20231102:2111,0.0,0.0,0.0,9.18,6.14,0.0
20231102:2211,0.0,0.0,0.0,9.01,6.21,0.0
20231102:2311,0.0,0.0,0.0,8.99,6.0,0.0
20231103:0011,0.0,0.0,0.0,8.91,5.79,0.0
20231103:0111,0.0,0.0,0.0,8.8,5.86,0.0
20231103:0211,0.0,0.0,0.0,8.73,5.93,0.0
20231103:0311,0.0,0.0,0.0,8.65,5.79,0.0
20231103:0411,0.0,0.0,0.0,8.46,5.45,0.0
20231103:0511,0.0,0.0,0.0,8.21,5.1,0.0
20231103:0611,0.0,0.0,0.0,7.9,4.76,0.0
20231103:0711,0.0,0.0,0.0,8.5,5.17,0.0
20231103:0811,180504.0,107.76,6.74,8.29,4.9,0.0
20231103:0911,513912.0,267.64,13.01,8.77,4.83,0.0
20231103:1011,1020372.0,516.48,17.65,9.54,5.17,0.0
20231103:1111,1165203.0,591.35,20.27,10.32,5.45,0.0
20231103:1211,1383151.0,705.12,20.59,11.08,5.93,0.0
20231103:1311,648163.0,334.79,18.57,11.32,6.0,0.0
20231103:1411,218638.0,126.62,14.44,11.35,5.72,0.0
20231103:1511,145406.0,90.3,8.57,11.09,4.97,0.0
20231103:1611,0.0,2.78,1.38,10.68,4.28,0.0
20231103:1711,0.0,0.0,0.0,10.0,3.79,0.0
20231103:1811,0.0,0.0,0.0,9.43,3.59,0.0
20231103:1911,0.0,0.0,0.0,8.1,3.38,0.0
20231103:2011,0.0,0.0,0.0,7.75,3.31,0.0
20231103:2111,0.0,0.0,0.0,7.37,3.1,0.0
20231103:2211,0.0,0.0,0.0,7.09,2.97,0.0
20231103:2311,0.0,0.0,0.0,7.0,3.24,0.0
20231104:0011,0.0,0.0,0.0,7.12,3.45,0.0
20231104:0111,0.0,0.0,0.0,7.42,3.31,0.0
20231104:0211,0.0,0.0,0.0,7.41,2.69,0.0
20231104:0311,0.0,0.0,0.0,7.32,2.28,0.0
20231104:0411,0.0,0.0,0.0,6.88,2.28,0.0
20231104:0511,0.0,0.0,0.0,6.82,2.48,0.0
20231104:0611,0.0,0.0,0.0,6.49,2.21,0.0
20231104:0711,0.0,0.0,0.0,5.66,2.07,0.0
20231104:0811,30958.0,27.81,6.46,5.94,2.28,0.0
20231104:0911,77372.0,53.77,12.72,6.45,3.03,0.0
20231104:1011,323265.0,175.33,17.35,7.16,3.1,0.0
20231104:1111,564443.0,292.32,19.96,8.3,3.38,0.0
20231104:1211,403098.0,215.29,20.27,9.16,3.93,0.0
20231104:1311,141818.0,88.08,18.27,9.76,4.07,0.0
20231104:1411,44459.0,36.16,14.15,9.72,4.0,0.0
20231104:1511,27393.0,25.96,8.29,9.31,3.93,0.0
20231104:1611,0.0,0.0,0.0,8.9,4.14,0.0
20231104:1711,0.0,0.0,0.0,8.45,4.41,0.0
20231104:1811,0.0,0.0,0.0,8.25,4.62,0.0
20231104:1911,0.0,0.0,0.0,8.07,4.69,0.0
20231104:2011,0.0,0.0,0.0,8.2,5.1,0.0
20231104:2111,0.0,0.0,0.0,8.14,4.97,0.0
20231104:2211,0.0,0.0,0.0,8.29,5.1,0.0
20231104:2311,0.0,0.0,0.0,8.29,5.1,0.0
20231105:0011,0.0,0.0,0.0,8.27,5.24,0.0
20231105:0111,0.0,0.0,0.0,8.26,5.03,0.0
20231105:0211,0.0,0.0,0.0,8.23,5.03,0.0
20231105:0311,0.0,0.0,0.0,8.1,5.03,0.0
20231105:0411,0.0,0.0,0.0,7.9,4.97,0.0
20231105:0511,0.0,0.0,0.0,7.83,4.9,0.0
20231105:0611,0.0,0.0,0.0,7.9,4.97,0.0
20231105:0711,0.0,0.0,0.0,7.9,5.24,0.0
20231105:0811,131859.0,82.94,6.19,7.82,4.76,0.0
20231105:0911,492683.0,256.87,12.43,8.14,4.55,0.0
20231105:1011,711551.0,362.45,17.05,8.58,4.69,0.0
20231105:1111,1391017.0,707.43,19.65,9.06,4.69,0.0
20231105:1211,1368661.0,698.06,19.97,9.84,4.76,0.0
20231105:1311,1306929.0,668.22,17.97,10.39,4.55,0.0
20231105:1411,748144.0,385.07,13.87,10.52,4.07,0.0
20231105:1511,208794.0,122.2,8.03,10.23,3.17,0.0
20231105:1611,0.0,0.0,0.0,9.37,2.76,0.0
20231105:1711,0.0,0.0,0.0,8.05,2.83,0.0
20231105:1811,0.0,0.0,0.0,7.36,2.83,0.0
20231105:1911,0.0,0.0,0.0,6.89,2.83,0.0
20231105:2011,0.0,0.0,0.0,6.55,2.9,0.0
20231105:2111,0.0,0.0,0.0,6.24,2.62,0.0
20231105:2211,0.0,0.0,0.0,5.73,2.55,0.0
20231105:2311,0.0,0.0,0.0,5.55,2.62,0.0
20231106:0011,0.0,0.0,0.0,5.66,2.62,0.0
20231106:0111,0.0,0.0,0.0,5.8,2.62,0.0
20231106:0211,0.0,0.0,0.0,5.91,2.76,0.0
20231106:0311,0.0,0.0,0.0,6.19,2.83,0.0
20231106:0411,0.0,0.0,0.0,6.69,2.97,0.0
20231106:0511,0.0,0.0,0.0,7.12,3.1,0.0
20231106:0611,0.0,0.0,0.0,7.2,3.1,0.0
20231106:0711,0.0,0.0,0.0,6.9,3.03,0.0
20231106:0811,0.0,5.56,5.91,6.95,3.1,0.0
20231106:0911,351417.0,189.28,12.15,7.96,3.31,0.0
20231106:1011,392081.0,209.75,16.75,8.99,3.17,0.0
20231106:1111,347806.0,188.93,19.35,9.83,4.55,0.0
20231106:1211,472880.0,249.15,19.67,10.32,5.52,0.0
20231106:1311,909374.0,462.13,17.68,10.38,5.45,0.0
20231106:1411,263626.0,148.02,13.59,10.21,4.62,0.0
20231106:1511,91425.0,61.93,7.76,9.77,4.9,0.0
20231106:1611,0.0,0.0,0.0,9.07,4.21,0.0
20231106:1711,0.0,0.0,0.0,8.24,4.14,0.0
20231106:1811,0.0,0.0,0.0,8.27,4.28,0.0
20231106:1911,0.0,0.0,0.0,8.39,4.07,0.0
20231106:2011,0.0,0.0,0.0,8.24,4.07,0.0
20231106:2111,0.0,0.0,0.0,8.05,4.21,0.0
20231106:2211,0.0,0.0,0.0,8.05,4.41,0.0
20231106:2311,0.0,0.0,0.0,8.12,4.55,0.0
20231107:0011,0.0,0.0,0.0,8.21,4.55,0.0
20231107:0111,0.0,0.0,0.0,8.45,4.62,0.0
20231107:0211,0.0,0.0,0.0,8.81,4.69,0.0
20231107:0311,0.0,0.0,0.0,8.97,4.69,0.0
20231107:0411,0.0,0.0,0.0,8.83,4.48,0.0
20231107:0511,0.0,0.0,0.0,8.39,4.28,0.0
20231107:0611,0.0,0.0,0.0,8.11,4.14,0.0
20231107:0711,0.0,0.0,0.0,7.79,3.79,0.0
20231107:0811,61939.0,45.9,5.64,7.62,3.72,0.0
20231107:0911,248607.0,139.86,11.86,8.6,4.07,0.0
20231107:1011,987436.0,501.27,16.46,9.69,4.69,0.0
20231107:1111,313812.0,172.74,19.05,10.26,4.97,0.0
20231107:1211,884465.0,451.42,19.37,10.94,5.17,0.0
20231107:1311,825792.0,422.34,17.39,10.84,4.9,0.0
20231107:1411,651314.0,336.99,13.32,10.79,4.62,0.0
20231107:1511,2553.0,8.34,7.51,10.35,4.28,0.0
20231107:1611,0.0,0.0,0.0,9.56,4.0,0.0
20231107:1711,0.0,0.0,0.0,8.66,3.93,0.0
20231107:1811,0.0,0.0,0.0,7.97,3.79,0.0
20231107:1911,0.0,0.0,0.0,7.53,3.59,0.0
20231107:2011,0.0,0.0,0.0,7.21,3.38,0.0
20231107:2111,0.0,0.0,0.0,6.64,3.1,0.0
20231107:2211,0.0,0.0,0.0,6.31,2.83,0.0
20231107:2311,0.0,0.0,0.0,5.94,2.76,0.0
20231108:0011,0.0,0.0,0.0,6.08,2.83,0.0
20231108:0111,0.0,0.0,0.0,6.45,2.83,0.0
20231108:0211,0.0,0.0,0.0,6.43,2.69,0.0
20231108:0311,0.0,0.0,0.0,6.43,3.03,0.0
20231108:0411,0.0,0.0,0.0,6.35,3.66,0.0
20231108:0511,0.0,0.0,0.0,6.55,4.28,0.0
20231108:0611,0.0,0.0,0.0,6.84,4.9,0.0
20231108:0711,0.0,0.0,0.0,7.23,5.45,0.0
20231108:0811,5842.0,11.13,5.37,7.52,6.48,0.0
20231108:0911,32200.0,28.74,11.58,7.93,6.9,0.0
20231108:1011,97750.0,64.9,16.17,8.58,6.55,0.0
20231108:1111,208886.0,121.23,18.75,9.59,5.79,0.0
20231108:1211,663090.0,339.7,19.08,9.65,5.72,0.0
20231108:1311,556830.0,288.32,17.11,9.54,5.45,0.0
20231108:1411,472926.0,248.23,13.05,9.37,4.83,0.0
20231108:1511,65918.0,48.09,7.26,9.07,4.21,0.0
20231108:1611,0.0,0.0,0.0,8.36,3.66,0.0
20231108:1711,0.0,0.0,0.0,7.57,3.59,0.0
20231108:1811,0.0,0.0,0.0,7.25,3.59,0.0
20231108:1911,0.0,0.0,0.0,7.16,3.79,0.0
20231108:2011,0.0,0.0,0.0,7.09,3.86,0.0
20231108:2111,0.0,0.0,0.0,6.73,3.93,0.0
20231108:2211,0.0,0.0,0.0,6.55,3.93,0.0
20231108:2311,0.0,0.0,0.0,6.62,4.07,0.0
20231109:0011,0.0,0.0,0.0,6.73,4.28,0.0
20231109:0111,0.0,0.0,0.0,6.64,4.28,0.0
20231109:0211,0.0,0.0,0.0,6.36,3.79,0.0
20231109:0311,0.0,0.0,0.0,6.33,3.59,0.0
20231109:0411,0.0,0.0,0.0,5.95,3.24,0.0
20231109:0511,0.0,0.0,0.0,5.29,2.9,0.0
20231109:0611,0.0,0.0,0.0,4.52,2.97,0.0
20231109:0711,0.0,0.0,0.0,4.35,2.97,0.0
20231109:0811,4830.0,10.2,5.11,4.75,3.17,0.0
20231109:0911,60490.0,44.5,11.3,5.49,3.17,0.0
20231109:1011,826114.0,416.64,15.88,6.2,3.17,0.0
20231109:1111,865076.0,437.31,18.46,7.07,3.31,0.0
20231109:1211,949049.0,478.87,18.79,8.15,4.48,0.0
20231109:1311,1178359.0,598.27,16.83,8.58,3.86,0.0
20231109:1411,267053.0,148.85,12.79,8.5,3.1,0.0
20231109:1511,291755.0,162.46,7.01,8.13,2.83,0.0
20231109:1611,0.0,0.0,0.0,7.01,2.69,0.0
20231109:1711,0.0,0.0,0.0,6.08,2.69,0.0
20231109:1811,0.0,0.0,0.0,5.73,2.48,0.0
20231109:1911,0.0,0.0,0.0,5.91,2.41,0.0
20231109:2011,0.0,0.0,0.0,5.12,1.93,0.0
20231109:2111,0.0,0.0,0.0,4.93,1.66,0.0
20231109:2211,0.0,0.0,0.0,5.17,1.52,0.0
20231109:2311,0.0,0.0,0.0,4.58,1.79,0.0
20231110:0011,0.0,0.0,0.0,3.6,1.79,0.0
20231110:0111,0.0,0.0,0.0,2.77,1.72,0.0
20231110:0211,0.0,0.0,0.0,2.87,1.72,0.0
20231110:0311,0.0,0.0,0.0,3.14,1.79,0.0
20231110:0411,0.0,0.0,0.0,3.08,1.93,0.0
20231110:0511,0.0,0.0,0.0,3.47,2.07,0.0
20231110:0611,0.0,0.0,0.0,3.43,2.41,0.0
20231110:0711,0.0,0.0,0.0,2.68,2.62,0.0
20231110:0811,58167.0,43.14,4.84,2.74,3.03,0.0
20231110:0911,683215.0,344.73,11.03,3.96,3.1,0.0
20231110:1011,1048616.0,524.93,15.6,5.41,3.52,0.0
20231110:1111,1271509.0,637.82,18.18,6.6,4.55,0.0
20231110:1211,1228683.0,617.34,18.51,7.34,4.76,0.0
20231110:1311,1187743.0,598.22,16.56,7.73,4.55,0.0
20231110:1411,706491.0,359.75,12.53,7.75,4.21,0.0
20231110:1511,341734.0,186.3,6.77,7.31,3.52,0.0
20231110:1611,0.0,0.0,0.0,6.01,3.24,0.0
20231110:1711,0.0,0.0,0.0,4.54,3.24,0.0
20231110:1811,0.0,0.0,0.0,3.73,3.38,0.0
20231110:1911,0.0,0.0,0.0,3.5,2.9,0.0
20231110:2011,0.0,0.0,0.0,3.1,2.97,0.0
20231110:2111,0.0,0.0,0.0,2.99,2.97,0.0
20231110:2211,0.0,0.0,0.0,2.82,2.9,0.0
20231110:2311,0.0,0.0,0.0,2.72,2.97,0.0
20231111:0011,0.0,0.0,0.0,2.71,2.97,0.0
20231111:0111,0.0,0.0,0.0,2.87,3.03,0.0
20231111:0211,0.0,0.0,0.0,3.2,3.1,0.0
20231111:0311,0.0,0.0,0.0,3.2,3.17,0.0
20231111:0411,0.0,0.0,0.0,3.31,3.52,0.0
20231111:0511,0.0,0.0,0.0,3.47,3.79,0.0
20231111:0611,0.0,0.0,0.0,3.62,3.86,0.0
20231111:0711,0.0,0.0,0.0,4.38,4.0,0.0
20231111:0811,57316.0,43.02,4.58,4.65,3.72,0.0
20231111:0911,548803.0,281.67,10.76,5.51,3.45,0.0
20231111:1011,633489.0,323.07,15.32,6.52,3.17,0.0
20231111:1111,1316152.0,668.64,17.89,7.54,3.52,0.0
20231111:1211,1380414.0,707.24,18.23,8.2,3.17,0.0
20231111:1311,1161431.0,593.31,16.3,8.61,2.97,0.0
20231111:1411,971750.0,499.51,12.28,8.67,2.21,0.0
20231111:1511,266110.0,150.54,6.54,8.42,1.38,0.0
20231111:1611,0.0,0.0,0.0,7.56,1.31,0.0
20231111:1711,0.0,0.0,0.0,5.1,1.45,0.0
20231111:1811,0.0,0.0,0.0,5.6,0.9,0.0
20231111:1911,0.0,0.0,0.0,6.09,0.41,0.0
20231111:2011,0.0,0.0,0.0,5.16,1.03,0.0
20231111:2111,0.0,0.0,0.0,3.7,1.31,0.0
20231111:2211,0.0,0.0,0.0,4.11,1.1,0.0
20231111:2311,0.0,0.0,0.0,3.95,0.97,0.0
20231112:0011,0.0,0.0,0.0,3.66,1.1,0.0
20231112:0111,0.0,0.0,0.0,4.08,0.69,0.0
20231112:0211,0.0,0.0,0.0,4.08,0.48,0.0
20231112:0311,0.0,0.0,0.0,3.13,1.1,0.0
20231112:0411,0.0,0.0,0.0,1.76,1.45,0.0
20231112:0511,0.0,0.0,0.0,1.84,1.31,0.0
20231112:0611,0.0,0.0,0.0,1.76,1.31,0.0
20231112:0711,0.0,0.0,0.0,1.52,1.86,0.0
20231112:0811,43148.0,34.72,4.32,1.94,1.52,0.0
20231112:0911,84249.0,56.67,10.49,3.11,1.31,0.0
20231112:1011,1123205.0,569.46,15.05,5.35,1.93,0.0
20231112:1111,1168814.0,590.89,17.62,6.78,3.17,0.0
20231112:1211,315813.0,171.74,17.96,7.51,4.21,0.0
20231112:1311,85813.0,58.41,16.03,7.4,4.21,0.0
20231112:1411,70173.0,50.06,12.04,7.31,4.07,0.0
20231112:1511,30797.0,27.81,6.31,6.95,3.38,0.0
20231112:1611,0.0,0.0,0.0,6.53,3.52,0.0
20231112:1711,0.0,0.0,0.0,6.33,3.79,0.0
20231112:1811,0.0,0.0,0.0,6.35,4.07,0.0
20231112:1911,0.0,0.0,0.0,6.77,4.76,0.0
20231112:2011,0.0,0.0,0.0,6.91,4.69,0.0
20231112:2111,0.0,0.0,0.0,7.05,4.41,0.0
20231112:2211,0.0,0.0,0.0,7.18,3.79,0.0
20231112:2311,0.0,0.0,0.0,7.23,3.24,0.0
20231113:0011,0.0,0.0,0.0,7.12,2.83,0.0
20231113:0111,0.0,0.0,0.0,7.04,2.41,0.0
20231113:0211,0.0,0.0,0.0,6.67,2.76,0.0
20231113:0311,0.0,0.0,0.0,6.73,3.1,0.0
20231113:0411,0.0,0.0,0.0,6.76,3.66,0.0
20231113:0511,0.0,0.0,0.0,7.09,4.76,0.0
20231113:0611,0.0,0.0,0.0,7.79,5.66,0.0
20231113:0711,0.0,0.0,0.0,7.94,6.69,0.0
20231113:0811,0.0,3.71,4.07,8.06,7.66,0.0
20231113:0911,200077.0,115.7,10.23,8.39,7.38,0.0
20231113:1011,19987.0,21.32,14.77,10.15,7.03,0.0
20231113:1111,920713.0,463.15,17.34,10.51,9.1,0.0
20231113:1211,418991.0,221.6,17.69,10.02,9.52,0.0
20231113:1311,118680.0,76.02,15.78,9.8,9.86,0.0
20231113:1411,9338.0,13.91,11.8,9.68,10.28,0.0
20231113:1511,78384.0,54.92,6.08,9.58,11.24,0.0
20231113:1611,0.0,0.0,0.0,9.49,12.48,0.0
20231113:1711,0.0,0.0,0.0,9.45,12.55,0.0
20231113:1811,0.0,0.0,0.0,9.36,11.31,0.0
20231113:1911,0.0,0.0,0.0,9.43,9.79,0.0
20231113:2011,0.0,0.0,0.0,9.67,8.9,0.0
20231113:2111,0.0,0.0,0.0,9.77,8.07,0.0
20231113:2211,0.0,0.0,0.0,9.95,7.38,0.0
20231113:2311,0.0,0.0,0.0,9.87,6.76,0.0
20231114:0011,0.0,0.0,0.0,9.8,6.21,0.0
20231114:0111,0.0,0.0,0.0,9.79,5.72,0.0
20231114:0211,0.0,0.0,0.0,9.9,5.45,0.0
20231114:0311,0.0,0.0,0.0,10.06,4.97,0.0
20231114:0411,0.0,0.0,0.0,9.78,4.0,0.0
20231114:0511,0.0,0.0,0.0,9.31,3.31,0.0
20231114:0611,0.0,0.0,0.0,9.14,2.62,0.0
20231114:0711,0.0,0.0,0.0,9.36,2.76,0.0
20231114:0811,0.0,4.64,3.81,9.17,2.21,0.0
20231114:0911,13202.0,16.69,9.96,9.12,2.07,0.0
20231114:1011,14513.0,17.62,14.51,9.45,2.28,0.0
20231114:1111,27301.0,25.96,17.08,9.78,2.0,0.0
20231114:1211,288190.0,160.68,17.43,10.08,2.28,0.0
20231114:1311,307142.0,169.75,15.53,10.23,2.34,0.0
20231114:1411,594504.0,310.92,11.56,10.21,2.14,0.0
20231114:1511,53820.0,41.64,5.87,10.11,1.86,0.0
20231114:1611,0.0,0.0,0.0,9.67,1.59,0.0
20231114:1711,0.0,0.0,0.0,8.64,1.52,0.0
20231114:1811,0.0,0.0,0.0,8.54,1.79,0.0
20231114:1911,0.0,0.0,0.0,8.82,2.97,0.0
20231114:2011,0.0,0.0,0.0,8.99,3.24,0.0
20231114:2111,0.0,0.0,0.0,9.33,3.59,0.0
20231114:2211,0.0,0.0,0.0,9.23,3.93,0.0
20231114:2311,0.0,0.0,0.0,9.09,4.21,0.0
20231115:0011,0.0,0.0,0.0,8.86,4.34,0.0
20231115:0111,0.0,0.0,0.0,8.63,4.48,0.0
20231115:0211,0.0,0.0,0.0,8.63,4.62,0.0
20231115:0311,0.0,0.0,0.0,8.46,4.55,0.0
20231115:0411,0.0,0.0,0.0,8.84,4.83,0.0
20231115:0511,0.0,0.0,0.0,8.94,5.24,0.0
20231115:0611,0.0,0.0,0.0,8.87,5.52,0.0
20231115:0711,0.0,0.0,0.0,9.28,6.0,0.0
20231115:0811,161598.0,100.01,3.56,9.43,6.0,0.0
20231115:0911,426558.0,226.04,9.71,9.58,5.93,0.0
20231115:1011,271952.0,151.51,14.25,9.81,5.72,0.0
20231115:1111,453629.0,239.2,16.81,10.16,5.59,0.0
20231115:1211,436103.0,231.08,17.17,10.45,5.72,0.0
20231115:1311,84594.0,58.41,15.29,10.32,5.17,0.0
20231115:1411,11822.0,15.76,11.33,10.08,4.9,0.0
20231115:1511,1633.0,7.42,5.65,9.64,3.93,0.0
20231115:1611,0.0,0.0,0.0,8.92,2.97,0.0
20231115:1711,0.0,0.0,0.0,8.38,2.28,0.0
20231115:1811,0.0,0.0,0.0,8.17,1.79,0.0
20231115:1911,0.0,0.0,0.0,8.0,1.38,0.0
20231115:2011,0.0,0.0,0.0,7.38,1.38,0.0
20231115:2111,0.0,0.0,0.0,6.8,1.31,0.0
20231115:2211,0.0,0.0,0.0,6.39,0.97,0.0
20231115:2311,0.0,0.0,0.0,6.51,0.69,0.0
20231116:0011,0.0,0.0,0.0,6.32,0.83,0.0
20231116:0111,0.0,0.0,0.0,6.17,1.03,0.0
20231116:0211,0.0,0.0,0.0,5.8,1.31,0.0
20231116:0311,0.0,0.0,0.0,4.79,1.52,0.0
20231116:0411,0.0,0.0,0.0,4.17,1.52,0.0
20231116:0511,0.0,0.0,0.0,4.09,1.59,0.0
20231116:0611,0.0,0.0,0.0,4.05,1.52,0.0
20231116:0711,0.0,0.0,0.0,3.68,1.03,0.0
20231116:0811,20631.0,21.51,3.32,3.85,0.9,0.0
20231116:0911,201480.0,115.49,9.45,4.64,0.69,0.0
20231116:1011,272504.0,150.42,13.99,5.55,0.62,0.0
20231116:1111,348749.0,188.37,16.56,6.77,0.55,0.0
20231116:1211,267467.0,149.37,16.92,7.42,0.83,0.0
20231116:1311,199364.0,116.09,15.05,7.75,0.97,0.0
20231116:1411,153824.0,93.29,11.11,7.81,0.9,0.0
20231116:1511,23161.0,23.18,5.45,7.6,0.97,0.0
20231116:1611,0.0,0.0,0.0,7.2,1.45,0.0
20231116:1711,0.0,0.0,0.0,6.52,1.72,0.0
20231116:1811,0.0,0.0,0.0,6.08,1.79,0.0
20231116:1911,0.0,0.0,0.0,5.75,1.93,0.0
20231116:2011,0.0,0.0,0.0,5.53,2.0,0.0
20231116:2111,0.0,0.0,0.0,5.31,2.0,0.0
20231116:2211,0.0,0.0,0.0,5.29,2.14,0.0
20231116:2311,0.0,0.0,0.0,5.16,1.79,0.0
20231117:0011,0.0,0.0,0.0,4.77,1.72,0.0
20231117:0111,0.0,0.0,0.0,4.26,1.45,0.0
20231117:0211,0.0,0.0,0.0,3.98,1.66,0.0
20231117:0311,0.0,0.0,0.0,3.97,1.93,0.0
20231117:0411,0.0,0.0,0.0,4.02,1.66,0.0
20231117:0511,0.0,0.0,0.0,4.15,1.31,0.0
20231117:0611,0.0,0.0,0.0,4.22,1.31,0.0
20231117:0711,0.0,0.0,0.0,4.16,1.79,0.0
20231117:0811,38042.0,32.21,3.08,3.62,1.72,0.0
20231117:0911,679696.0,348.15,9.21,4.9,1.24,0.0
20231117:1011,1020602.0,521.71,13.74,6.61,1.45,0.0
20231117:1111,1239171.0,639.25,16.31,7.64,1.66,0.0
20231117:1211,1157866.0,598.36,16.68,8.3,1.52,0.0
20231117:1311,804494.0,414.49,14.81,8.63,1.45,0.0
20231117:1411,238372.0,135.51,10.9,8.77,0.83,0.0
20231117:1511,124338.0,79.26,5.25,8.55,0.97,0.0
20231117:1611,0.0,0.0,0.0,7.88,1.66,0.0
20231117:1711,0.0,0.0,0.0,6.95,2.07,0.0
20231117:1811,0.0,0.0,0.0,6.7,2.21,0.0
20231117:1911,0.0,0.0,0.0,5.85,2.14,0.0
20231117:2011,0.0,0.0,0.0,5.65,2.34,0.0
20231117:2111,0.0,0.0,0.0,5.56,2.55,0.0
20231117:2211,0.0,0.0,0.0,5.6,2.55,0.0
20231117:2311,0.0,0.0,0.0,5.53,2.69,0.0
20231118:0011,0.0,0.0,0.0,5.4,3.24,0.0
20231118:0111,0.0,0.0,0.0,5.59,3.59,0.0
20231118:0211,0.0,0.0,0.0,5.88,4.0,0.0
20231118:0311,0.0,0.0,0.0,6.21,4.97,0.0
20231118:0411,0.0,0.0,0.0,6.55,6.48,0.0
20231118:0511,0.0,0.0,0.0,6.79,6.9,0.0
20231118:0611,0.0,0.0,0.0,7.02,6.69,0.0
20231118:0711,0.0,0.0,0.0,6.65,5.31,0.0
20231118:0811,2645.0,8.34,2.84,6.95,4.55,0.0
20231118:0911,91793.0,61.42,8.96,7.69,4.07,0.0
20231118:1011,49565.0,38.94,13.49,8.7,3.86,0.0
20231118:1111,44390.0,36.16,16.06,9.97,4.0,0.0
20231118:1211,292974.0,162.95,16.44,11.09,4.28,0.0
20231118:1311,65228.0,48.21,14.59,11.89,4.41,0.0
20231118:1411,11661.0,15.76,10.69,12.29,4.41,0.0
20231118:1511,9154.0,13.91,5.06,12.33,4.48,0.0
20231118:1611,0.0,0.0,0.0,12.29,4.69,0.0
20231118:1711,0.0,0.0,0.0,12.05,4.83,0.0
20231118:1811,0.0,0.0,0.0,11.69,4.83,0.0
20231118:1911,0.0,0.0,0.0,11.43,4.76,0.0
20231118:2011,0.0,0.0,0.0,11.4,4.83,0.0
20231118:2111,0.0,0.0,0.0,11.25,5.1,0.0
20231118:2211,0.0,0.0,0.0,11.27,5.24,0.0
20231118:2311,0.0,0.0,0.0,11.14,5.45,0.0
20231119:0011,0.0,0.0,0.0,10.91,5.66,0.0
20231119:0111,0.0,0.0,0.0,10.87,5.72,0.0
20231119:0211,0.0,0.0,0.0,10.73,5.79,0.0
20231119:0311,0.0,0.0,0.0,10.53,5.52,0.0
20231119:0411,0.0,0.0,0.0,10.36,5.38,0.0
20231119:0511,0.0,0.0,0.0,10.42,5.31,0.0
20231119:0611,0.0,0.0,0.0,10.26,4.83,0.0
20231119:0711,0.0,0.0,0.0,10.23,4.76,0.0
20231119:0811,0.0,5.56,2.6,10.27,4.48,0.0
20231119:0911,595447.0,310.49,8.72,10.52,4.34,0.0
20231119:1011,415886.0,222.07,13.24,11.0,4.28,0.0
20231119:1111,117415.0,76.02,15.82,11.4,4.21,0.0
20231119:1211,92598.0,63.04,16.2,11.68,3.79,0.0
20231119:1311,87538.0,60.26,14.37,11.29,3.24,0.0
20231119:1411,6831.0,12.05,10.48,11.15,2.83,0.0
20231119:1511,17089.0,19.47,4.87,10.84,2.48,0.0
20231119:1611,0.0,0.0,0.0,10.81,2.62,0.0
20231119:1711,0.0,0.0,0.0,10.92,2.97,0.0
20231119:1811,0.0,0.0,0.0,11.09,3.24,0.0
20231119:1911,0.0,0.0,0.0,11.35,3.66,0.0
20231119:2011,0.0,0.0,0.0,11.44,4.14,0.0
20231119:2111,0.0,0.0,0.0,11.08,4.83,0.0
20231119:2211,0.0,0.0,0.0,10.86,5.38,0.0
20231119:2311,0.0,0.0,0.0,10.61,5.52,0.0
20231120:0011,0.0,0.0,0.0,10.3,5.38,0.0
20231120:0111,0.0,0.0,0.0,9.95,4.97,0.0
20231120:0211,0.0,0.0,0.0,9.63,4.55,0.0
20231120:0311,0.0,0.0,0.0,9.18,4.14,0.0
20231120:0411,0.0,0.0,0.0,8.76,3.66,0.0
20231120:0511,0.0,0.0,0.0,8.51,3.24,0.0
20231120:0611,0.0,0.0,0.0,8.22,2.9,0.0
20231120:0711,0.0,0.0,0.0,8.49,3.03,0.0
20231120:0811,33879.0,30.52,2.37,8.57,3.1,0.0
20231120:0911,212244.0,122.42,8.48,9.12,3.1,0.0
20231120:1011,98693.0,65.71,13.01,9.77,3.1,0.0
20231120:1111,210473.0,122.43,15.58,10.48,3.24,0.0
20231120:1211,103385.0,68.61,15.98,11.12,3.93,0.0
20231120:1311,75532.0,53.77,14.15,11.37,3.93,0.0
20231120:1411,9223.0,13.91,10.29,11.35,3.31,0.0
20231120:1511,45218.0,36.91,4.69,11.28,3.17,0.0
20231120:1611,0.0,0.0,0.0,10.96,3.31,0.0
20231120:1711,0.0,0.0,0.0,10.64,3.79,0.0
20231120:1811,0.0,0.0,0.0,10.53,4.07,0.0
20231120:1911,0.0,0.0,0.0,10.58,4.14,0.0
20231120:2011,0.0,0.0,0.0,10.3,5.31,0.0
20231120:2111,0.0,0.0,0.0,9.76,5.72,0.0
20231120:2211,0.0,0.0,0.0,9.41,6.14,0.0
20231120:2311,0.0,0.0,0.0,9.03,6.48,0.0
20231121:0011,0.0,0.0,0.0,8.78,6.76,0.0
20231121:0111,0.0,0.0,0.0,8.77,7.17,0.0
20231121:0211,0.0,0.0,0.0,8.77,7.45,0.0
20231121:0311,0.0,0.0,0.0,8.55,7.72,0.0
20231121:0411,0.0,0.0,0.0,8.38,7.86,0.0
20231121:0511,0.0,0.0,0.0,8.38,7.79,0.0
20231121:0611,0.0,0.0,0.0,8.52,7.86,0.0
20231121:0711,0.0,0.0,0.0,8.53,6.55,0.0
20231121:0811,759.0,6.49,2.14,8.33,5.86,0.0
20231121:0911,18791.0,20.4,8.25,8.12,5.24,0.0
20231121:1011,540937.0,278.96,12.77,8.1,4.62,0.0
20231121:1111,71438.0,50.99,15.35,8.7,5.38,0.0
20231121:1211,479872.0,250.74,15.76,8.81,4.41,0.0
20231121:1311,111527.0,72.12,13.95,8.85,4.0,0.0
20231121:1411,20148.0,21.32,10.1,8.69,3.24,0.0
20231121:1511,400246.0,217.67,4.52,8.35,2.48,0.0
20231121:1611,0.0,0.0,0.0,7.15,2.21,0.0
20231121:1711,0.0,0.0,0.0,6.63,1.93,0.0
20231121:1811,0.0,0.0,0.0,5.68,1.45,0.0
20231121:1911,0.0,0.0,0.0,3.81,1.31,0.0
20231121:2011,0.0,0.0,0.0,3.27,1.17,0.0
20231121:2111,0.0,0.0,0.0,1.87,1.66,0.0
20231121:2211,0.0,0.0,0.0,2.02,1.86,0.0
20231121:2311,0.0,0.0,0.0,2.67,2.28,0.0
20231122:0011,0.0,0.0,0.0,3.24,2.55,0.0
20231122:0111,0.0,0.0,0.0,4.0,2.69,0.0
20231122:0211,0.0,0.0,0.0,4.45,2.83,0.0
20231122:0311,0.0,0.0,0.0,5.41,3.31,0.0
20231122:0411,0.0,0.0,0.0,6.47,3.79,0.0
20231122:0511,0.0,0.0,0.0,7.34,4.14,0.0
20231122:0611,0.0,0.0,0.0,8.13,4.62,0.0
20231122:0711,0.0,0.0,0.0,8.74,4.97,0.0
20231122:0811,759.0,6.49,1.92,9.32,4.97,0.0
20231122:0911,13156.0,16.69,8.03,9.82,5.17,0.0
20231122:1011,69161.0,50.06,12.54,10.33,5.72,0.0
20231122:1111,247779.0,140.3,15.13,10.68,6.21,0.0
20231122:1211,42573.0,35.23,15.54,11.12,6.76,0.0
20231122:1311,249366.0,141.3,13.75,11.47,6.9,0.0
20231122:1411,45632.0,37.08,9.91,11.72,7.03,0.0
20231122:1511,11730.0,15.76,4.35,11.5,6.9,0.0
20231122:1611,0.0,0.0,0.0,11.03,6.48,0.0
20231122:1711,0.0,0.0,0.0,10.7,6.0,0.0
20231122:1811,0.0,0.0,0.0,10.58,5.66,0.0
20231122:1911,0.0,0.0,0.0,11.64,6.21,0.0
20231122:2011,0.0,0.0,0.0,11.76,6.48,0.0
20231122:2111,0.0,0.0,0.0,11.89,6.97,0.0
20231122:2211,0.0,0.0,0.0,11.61,7.31,0.0
20231122:2311,0.0,0.0,0.0,11.18,7.52,0.0
20231123:0011,0.0,0.0,0.0,11.03,7.45,0.0
20231123:0111,0.0,0.0,0.0,11.09,7.17,0.0
20231123:0211,0.0,0.0,0.0,11.17,6.69,0.0
20231123:0311,0.0,0.0,0.0,11.16,6.07,0.0
20231123:0411,0.0,0.0,0.0,11.27,5.86,0.0
20231123:0511,0.0,0.0,0.0,11.44,5.86,0.0
20231123:0611,0.0,0.0,0.0,11.44,5.66,0.0
20231123:0711,0.0,0.0,0.0,11.84,6.34,0.0
20231123:0811,0.0,1.85,1.7,11.96,6.83,0.0
20231123:0911,84502.0,58.5,7.8,12.02,7.24,0.0
20231123:1011,881521.0,448.82,12.32,12.13,7.66,0.0
20231123:1111,233726.0,134.27,14.91,12.51,8.14,0.0
20231123:1211,197340.0,116.61,15.33,12.84,8.0,0.0
20231123:1311,976787.0,497.55,13.55,12.88,7.66,0.0
20231123:1411,15571.0,18.54,9.73,12.74,7.79,0.0
20231123:1511,1587.0,7.42,4.19,11.93,8.07,0.0
20231123:1611,0.0,0.0,0.0,10.77,7.66,0.0
20231123:1711,0.0,0.0,0.0,10.05,6.97,0.0
20231123:1811,0.0,0.0,0.0,9.51,6.55,0.0
20231123:1911,0.0,0.0,0.0,8.86,6.69,0.0
20231123:2011,0.0,0.0,0.0,8.5,6.41,0.0
20231123:2111,0.0,0.0,0.0,8.44,6.21,0.0
20231123:2211,0.0,0.0,0.0,8.25,6.0,0.0
20231123:2311,0.0,0.0,0.0,7.93,6.0,0.0
20231124:0011,0.0,0.0,0.0,7.43,5.86,0.0
20231124:0111,0.0,0.0,0.0,6.78,5.59,0.0
20231124:0211,0.0,0.0,0.0,6.24,5.45,0.0
20231124:0311,0.0,0.0,0.0,5.76,5.38,0.0
20231124:0411,0.0,0.0,0.0,5.37,5.31,0.0
20231124:0511,0.0,0.0,0.0,4.95,5.31,0.0
20231124:0611,0.0,0.0,0.0,4.61,5.38,0.0
20231124:0711,0.0,0.0,0.0,4.64,5.38,0.0
20231124:0811,0.0,0.93,1.49,4.41,5.38,0.0
20231124:0911,762611.0,381.97,7.59,4.28,5.45,0.0
20231124:1011,731998.0,364.88,12.1,4.76,5.59,0.0
20231124:1111,892377.0,442.28,14.69,5.24,5.72,0.0
20231124:1211,748351.0,373.27,15.13,5.53,6.07,0.0
20231124:1311,914986.0,453.87,13.36,5.71,6.07,0.0
20231124:1411,661710.0,333.65,9.56,5.62,5.52,0.0
20231124:1511,190808.0,111.37,4.04,5.06,5.38,0.0
20231124:1611,0.0,0.0,0.0,4.15,5.1,0.0
20231124:1711,0.0,0.0,0.0,3.5,4.83,0.0
20231124:1811,0.0,0.0,0.0,3.19,4.55,0.0
20231124:1911,0.0,0.0,0.0,3.54,4.76,0.0
20231124:2011,0.0,0.0,0.0,3.17,4.41,0.0
20231124:2111,0.0,0.0,0.0,2.88,4.34,0.0
20231124:2211,0.0,0.0,0.0,2.49,4.28,0.0
20231124:2311,0.0,0.0,0.0,2.17,4.21,0.0
20231125:0011,0.0,0.0,0.0,1.3,3.93,0.0
20231125:0111,0.0,0.0,0.0,0.56,3.79,0.0
20231125:0211,0.0,0.0,0.0,0.32,3.86,0.0
20231125:0311,0.0,0.0,0.0,0.3,3.93,0.0
20231125:0411,0.0,0.0,0.0,0.22,3.93,0.0
20231125:0511,0.0,0.0,0.0,0.1,3.93,0.0
20231125:0611,0.0,0.0,0.0,0.27,3.93,0.0
20231125:0711,0.0,0.0,0.0,-0.03,3.59,0.0
20231125:0811,0.0,0.0,0.0,-0.04,3.52,0.0
20231125:0911,391368.0,202.4,7.37,0.61,3.52,0.0
20231125:1011,977247.0,482.0,11.89,1.89,3.24,0.0
20231125:1111,1159338.0,574.89,14.49,3.36,3.52,0.0
20231125:1211,1223370.0,609.78,14.93,4.43,3.66,0.0
20231125:1311,1068534.0,533.11,13.18,4.99,3.66,0.0
20231125:1411,380489.0,200.39,9.4,5.01,3.24,0.0
20231125:1511,4853.0,10.2,3.89,4.28,2.9,0.0
20231125:1611,0.0,0.0,0.0,2.77,2.83,0.0
20231125:1711,0.0,0.0,0.0,1.74,2.83,0.0
20231125:1811,0.0,0.0,0.0,1.28,2.69,0.0
20231125:1911,0.0,0.0,0.0,0.64,2.41,0.0
20231125:2011,0.0,0.0,0.0,0.02,2.28,0.0
20231125:2111,0.0,0.0,0.0,-0.54,2.14,0.0
20231125:2211,0.0,0.0,0.0,-0.96,2.14,0.0
20231125:2311,0.0,0.0,0.0,-1.44,2.0,0.0
20231126:0011,0.0,0.0,0.0,-1.98,1.66,0.0
20231126:0111,0.0,0.0,0.0,-2.15,1.31,0.0
20231126:0211,0.0,0.0,0.0,-2.35,1.17,0.0
20231126:0311,0.0,0.0,0.0,-2.53,1.17,0.0
20231126:0411,0.0,0.0,0.0,-2.4,0.97,0.0
20231126:0511,0.0,0.0,0.0,-1.7,0.69,0.0
20231126:0611,0.0,0.0,0.0,-1.5,0.76,0.0
20231126:0711,0.0,0.0,0.0,-0.11,0.83,0.0
20231126:0811,0.0,0.0,0.0,0.42,0.62,0.0
20231126:0911,187128.0,106.75,7.17,0.64,0.69,0.0
20231126:1011,240948.0,132.6,11.68,1.54,0.97,0.0
20231126:1111,341550.0,181.3,14.29,3.09,1.17,0.0
20231126:1211,136045.0,83.28,14.74,3.9,1.24,0.0
20231126:1311,510209.0,262.75,13.01,4.56,1.38,0.0
20231126:1411,395692.0,208.41,9.24,4.84,1.52,0.0
20231126:1511,89976.0,60.41,3.75,4.52,1.72,0.0
20231126:1611,0.0,0.0,0.0,3.75,2.07,0.0
20231126:1711,0.0,0.0,0.0,2.87,2.14,0.0
20231126:1811,0.0,0.0,0.0,2.55,1.93,0.0
20231126:1911,0.0,0.0,0.0,2.1,1.38,0.0
20231126:2011,0.0,0.0,0.0,1.66,1.52,0.0
20231126:2111,0.0,0.0,0.0,1.53,1.17,0.0
20231126:2211,0.0,0.0,0.0,2.56,0.41,0.0
20231126:2311,0.0,0.0,0.0,2.51,0.41,0.0
20231127:0011,0.0,0.0,0.0,2.24,0.55,0.0
20231127:0111,0.0,0.0,0.0,2.46,0.69,0.0
20231127:0211,0.0,0.0,0.0,2.9,0.55,0.0
20231127:0311,0.0,0.0,0.0,3.2,0.07,0.0
20231127:0411,0.0,0.0,0.0,2.62,1.17,0.0
20231127:0511,0.0,0.0,0.0,2.82,1.52,0.0
20231127:0611,0.0,0.0,0.0,3.15,1.79,0.0
20231127:0711,0.0,0.0,0.0,4.35,2.97,0.0
20231127:0811,0.0,0.0,0.0,4.68,3.45,0.0
20231127:0911,23552.0,23.18,6.96,4.79,3.52,0.0
20231127:1011,963861.0,480.44,11.48,4.99,3.93,0.0
20231127:1111,52141.0,39.87,14.09,5.28,4.0,0.0
20231127:1211,62238.0,45.43,14.56,5.52,4.55,0.0
20231127:1311,12121.0,15.76,12.84,6.04,4.97,0.0
20231127:1411,4784.0,10.2,9.09,6.19,5.59,0.0
20231127:1511,0.0,2.78,3.62,6.17,5.45,0.0
20231127:1611,0.0,0.0,0.0,5.55,4.97,0.0
20231127:1711,0.0,0.0,0.0,5.53,4.55,0.0
20231127:1811,0.0,0.0,0.0,5.61,4.21,0.0
20231127:1911,0.0,0.0,0.0,5.4,4.76,0.0
20231127:2011,0.0,0.0,0.0,5.23,4.83,0.0
20231127:2111,0.0,0.0,0.0,5.53,4.69,0.0
20231127:2211,0.0,0.0,0.0,5.4,4.48,0.0
20231127:2311,0.0,0.0,0.0,5.07,4.07,0.0
20231128:0011,0.0,0.0,0.0,4.76,3.72,0.0
20231128:0111,0.0,0.0,0.0,4.34,3.45,0.0
20231128:0211,0.0,0.0,0.0,3.78,3.31,0.0
20231128:0311,0.0,0.0,0.0,3.47,3.1,0.0
20231128:0411,0.0,0.0,0.0,2.94,2.97,0.0
20231128:0511,0.0,0.0,0.0,2.86,2.9,0.0
20231128:0611,0.0,0.0,0.0,2.54,2.83,0.0
20231128:0711,0.0,0.0,0.0,2.15,2.69,0.0
20231128:0811,0.0,0.0,0.0,1.72,2.69,0.0
20231128:0911,515545.0,262.73,6.77,1.63,2.62,0.0
20231128:1011,614882.0,309.82,11.29,2.92,2.34,0.0
20231128:1111,194833.0,111.7,13.9,4.07,2.9,0.0
20231128:1211,839753.0,419.59,14.38,4.72,3.31,0.0
20231128:1311,417427.0,217.46,12.68,4.97,3.31,0.0
20231128:1411,98532.0,64.18,8.95,4.81,3.31,0.0
20231128:1511,73508.0,51.59,3.49,4.13,3.1,0.0
20231128:1611,0.0,0.0,0.0,2.75,2.9,0.0
20231128:1711,0.0,0.0,0.0,1.62,2.97,0.0
20231128:1811,0.0,0.0,0.0,0.97,3.17,0.0
20231128:1911,0.0,0.0,0.0,0.81,3.24,0.0
20231128:2011,0.0,0.0,0.0,0.53,3.45,0.0
20231128:2111,0.0,0.0,0.0,0.3,3.59,0.0
20231128:2211,0.0,0.0,0.0,0.08,3.72,0.0
20231128:2311,0.0,0.0,0.0,-0.12,3.72,0.0
20231129:0011,0.0,0.0,0.0,-0.26,3.66,0.0
20231129:0111,0.0,0.0,0.0,-0.44,3.59,0.0
20231129:0211,0.0,0.0,0.0,-0.74,3.38,0.0
20231129:0311,0.0,0.0,0.0,-0.94,3.17,0.0
20231129:0411,0.0,0.0,0.0,-1.34,2.97,0.0
20231129:0511,0.0,0.0,0.0,-1.68,2.9,0.0
20231129:0611,0.0,0.0,0.0,-1.65,2.69,0.0
20231129:0711,0.0,0.0,0.0,-1.84,2.76,0.0
20231129:0811,0.0,0.0,0.0,-1.94,2.76,0.0
20231129:0911,79994.0,53.37,6.57,-1.28,2.76,0.0
20231129:1011,188485.0,106.59,11.1,-0.21,2.55,0.0
20231129:1111,297873.0,158.62,13.72,1.09,2.97,0.0
20231129:1211,1201405.0,593.68,14.21,1.92,3.1,0.0
20231129:1311,829127.0,410.58,12.52,2.32,3.03,0.0
20231129:1411,765716.0,382.13,8.81,2.41,2.76,0.0
20231129:1511,22264.0,22.25,3.37,1.9,2.34,0.0
20231129:1611,0.0,0.0,0.0,0.75,2.34,0.0
20231129:1711,0.0,0.0,0.0,0.02,2.28,0.0
20231129:1811,0.0,0.0,0.0,-0.53,2.21,0.0
20231129:1911,0.0,0.0,0.0,0.27,3.03,0.0
20231129:2011,0.0,0.0,0.0,0.66,2.97,0.0
20231129:2111,0.0,0.0,0.0,0.73,2.97,0.0
20231129:2211,0.0,0.0,0.0,0.82,2.83,0.0
20231129:2311,0.0,0.0,0.0,0.36,2.69,0.0
20231130:0011,0.0,0.0,0.0,-0.04,2.69,0.0
20231130:0111,0.0,0.0,0.0,-0.47,2.69,0.0
20231130:0211,0.0,0.0,0.0,-0.66,2.69,0.0
20231130:0311,0.0,0.0,0.0,-0.9,2.76,0.0
20231130:0411,0.0,0.0,0.0,-0.95,2.76,0.0
20231130:0511,0.0,0.0,0.0,-1.0,2.83,0.0
20231130:0611,0.0,0.0,0.0,-0.74,2.83,0.0
20231130:0711,0.0,0.0,0.0,-0.64,2.97,0.0
20231130:0811,0.0,0.0,0.0,-0.64,2.97,0.0
20231130:0911,268778.0,144.87,6.39,0.06,2.9,0.0
20231130:1011,230023.0,126.68,10.92,1.14,3.1,0.0
20231130:1111,729261.0,362.22,13.55,2.25,3.03,0.0
20231130:1211,96646.0,63.04,14.05,3.01,3.24,0.0
20231130:1311,490981.0,250.17,12.37,3.11,3.38,0.0
20231130:1411,4899.0,10.2,8.68,3.09,3.45,0.0
20231130:1511,851.0,6.49,3.26,2.28,2.69,0.0
20231130:1611,0.0,0.0,0.0,0.81,2.76,0.0
20231130:1711,0.0,0.0,0.0,0.16,2.9,0.0
20231130:1811,0.0,0.0,0.0,-0.32,2.97,0.0
20231130:1911,0.0,0.0,0.0,-0.28,3.1,0.0
20231130:2011,0.0,0.0,0.0,-0.38,3.1,0.0
20231130:2111,0.0,0.0,0.0,-0.36,3.17,0.0
20231130:2211,0.0,0.0,0.0,-0.32,3.31,0.0
20231130:2311,0.0,0.0,0.0,-0.5,3.45,0.0
20231201:0011,0.0,0.0,0.0,-0.4,3.52,0.0
20231201:0111,0.0,0.0,0.0,-0.67,3.59,0.0
20231201:0211,0.0,0.0,0.0,-0.8,3.59,0.0
20231201:0311,0.0,0.0,0.0,-0.87,3.52,0.0
20231201:0411,0.0,0.0,0.0,-0.68,3.31,0.0
20231201:0511,0.0,0.0,0.0,-0.82,3.17,0.0
20231201:0611,0.0,0.0,0.0,-0.86,3.1,0.0
20231201:0711,0.0,0.0,0.0,-1.51,2.97,0.0
20231201:0811,0.0,0.0,0.0,-1.32,2.76,0.0
20231201:0911,94001.0,60.51,6.21,-1.09,2.48,0.0
20231201:1011,493948.0,248.93,10.74,-0.21,2.28,0.0
20231201:1111,177261.0,101.88,13.38,0.79,2.34,0.0
20231201:1211,119531.0,74.15,13.89,1.47,2.34,0.0
20231201:1311,108790.0,68.86,12.23,1.83,2.34,0.0
20231201:1411,69184.0,48.4,8.56,1.49,2.07,0.0
20231201:1511,4991.0,10.2,3.15,0.81,2.07,0.0
20231201:1611,0.0,0.0,0.0,-0.71,2.28,0.0
20231201:1711,0.0,0.0,0.0,-1.55,2.14,0.0
20231201:1811,0.0,0.0,0.0,-1.99,2.07,0.0
20231201:1911,0.0,0.0,0.0,-2.71,1.59,0.0
20231201:2011,0.0,0.0,0.0,-2.52,1.31,0.0
20231201:2111,0.0,0.0,0.0,-2.3,1.03,0.0
20231201:2211,0.0,0.0,0.0,-2.22,1.03,0.0
20231201:2311,0.0,0.0,0.0,-2.18,1.03,0.0
20231202:0011,0.0,0.0,0.0,-2.23,0.9,0.0
20231202:0111,0.0,0.0,0.0,-2.58,0.97,0.0
20231202:0211,0.0,0.0,0.0,-2.81,1.03,0.0
20231202:0311,0.0,0.0,0.0,-3.05,1.1,0.0
20231202:0411,0.0,0.0,0.0,-3.08,0.97,0.0
20231202:0511,0.0,0.0,0.0,-3.27,0.97,0.0
20231202:0611,0.0,0.0,0.0,-3.33,1.1,0.0
20231202:0711,0.0,0.0,0.0,-4.25,1.03,0.0
20231202:0811,0.0,0.0,0.0,-4.42,1.1,0.0
20231202:0911,153548.0,88.65,6.03,-4.5,1.24,0.0
20231202:1011,127029.0,76.2,10.57,-3.69,1.38,0.0
20231202:1111,71806.0,49.14,13.21,-2.51,1.52,0.0
20231202:1211,536107.0,267.4,13.74,-1.49,1.93,0.0
20231202:1311,76682.0,51.92,12.1,-0.99,2.55,0.0
20231202:1411,28842.0,25.96,8.44,-0.3,2.21,0.0
20231202:1511,69.0,5.56,3.05,-0.43,2.28,0.0
20231202:1611,0.0,0.0,0.0,-0.97,2.41,0.0
20231202:1711,0.0,0.0,0.0,-1.76,2.48,0.0
20231202:1811,0.0,0.0,0.0,-1.75,2.48,0.0
20231202:1911,0.0,0.0,0.0,-1.62,2.48,0.0
20231202:2011,0.0,0.0,0.0,-1.55,2.48,0.0
20231202:2111,0.0,0.0,0.0,-1.49,2.48,0.0
20231202:2211,0.0,0.0,0.0,-1.3,2.62,0.0
20231202:2311,0.0,0.0,0.0,-1.12,2.69,0.0
20231203:0011,0.0,0.0,0.0,-0.95,2.76,0.0
20231203:0111,0.0,0.0,0.0,-1.18,2.83,0.0
20231203:0211,0.0,0.0,0.0,-1.31,2.83,0.0
20231203:0311,0.0,0.0,0.0,-1.46,2.69,0.0
20231203:0411,0.0,0.0,0.0,-1.67,2.76,0.0
20231203:0511,0.0,0.0,0.0,-1.81,2.62,0.0
20231203:0611,0.0,0.0,0.0,-1.8,2.34,0.0
20231203:0711,0.0,0.0,0.0,-1.12,2.07,0.0
20231203:0811,0.0,0.0,0.0,-1.03,1.79,0.0
20231203:0911,6210.0,11.13,5.86,-0.91,1.24,0.0
20231203:1011,22678.0,22.25,10.4,-0.33,1.24,0.0
20231203:1111,36708.0,30.59,13.06,0.32,0.83,0.0
20231203:1211,138897.0,83.63,13.6,0.9,0.9,0.0
20231203:1311,53107.0,39.87,11.97,1.29,0.76,0.0
20231203:1411,36478.0,30.59,8.33,1.48,0.76,0.0
20231203:1511,0.0,3.71,2.96,1.15,0.83,0.0
20231203:1611,0.0,0.0,0.0,0.79,1.1,0.0
20231203:1711,0.0,0.0,0.0,0.13,1.31,0.0
20231203:1811,0.0,0.0,0.0,-0.43,1.31,0.0
20231203:1911,0.0,0.0,0.0,-1.41,1.72,0.0
20231203:2011,0.0,0.0,0.0,-1.32,1.93,0.0
20231203:2111,0.0,0.0,0.0,-0.63,2.07,0.0
20231203:2211,0.0,0.0,0.0,-0.77,2.34,0.0
20231203:2311,0.0,0.0,0.0,-0.5,2.41,0.0
20231204:0011,0.0,0.0,0.0,-0.08,2.76,0.0
20231204:0111,0.0,0.0,0.0,0.58,3.1,0.0
20231204:0211,0.0,0.0,0.0,1.19,3.38,0.0
20231204:0311,0.0,0.0,0.0,1.74,3.38,0.0
20231204:0411,0.0,0.0,0.0,2.39,3.24,0.0
20231204:0511,0.0,0.0,0.0,3.01,3.1,0.0
20231204:0611,0.0,0.0,0.0,3.7,3.03,0.0
20231204:0711,0.0,0.0,0.0,4.09,2.76,0.0
20231204:0811,0.0,0.0,0.0,4.26,2.69,0.0
20231204:0911,16353.0,18.54,5.7,4.33,2.55,0.0
20231204:1011,76015.0,52.54,10.25,4.45,2.62,0.0
20231204:1111,60766.0,44.5,12.91,4.51,2.62,0.0
20231204:1211,47265.0,37.08,13.46,4.66,2.62,0.0
20231204:1311,9637.0,13.91,11.86,4.61,2.62,0.0
20231204:1411,3749.0,9.27,8.23,4.6,2.76,0.0
20231204:1511,0.0,2.78,2.88,4.48,2.97,0.0
20231204:1611,0.0,0.0,0.0,4.33,3.1,0.0
20231204:1711,0.0,0.0,0.0,4.28,3.17,0.0
20231204:1811,0.0,0.0,0.0,4.28,3.17,0.0
20231204:1911,0.0,0.0,0.0,5.17,3.45,0.0
20231204:2011,0.0,0.0,0.0,5.24,3.93,0.0
20231204:2111,0.0,0.0,0.0,5.18,4.14,0.0
20231204:2211,0.0,0.0,0.0,5.15,4.21,0.0
20231204:2311,0.0,0.0,0.0,5.08,4.0,0.0
20231205:0011,0.0,0.0,0.0,5.01,3.72,0.0
20231205:0111,0.0,0.0,0.0,5.0,3.45,0.0
20231205:0211,0.0,0.0,0.0,4.95,3.24,0.0
20231205:0311,0.0,0.0,0.0,4.89,3.24,0.0
20231205:0411,0.0,0.0,0.0,4.92,3.38,0.0
20231205:0511,0.0,0.0,0.0,4.97,3.59,0.0
20231205:0611,0.0,0.0,0.0,4.85,3.66,0.0
20231205:0711,0.0,0.0,0.0,5.2,4.41,0.0
20231205:0811,0.0,0.0,0.0,5.02,4.34,0.0
20231205:0911,42136.0,34.15,5.54,4.95,4.34,0.0
20231205:1011,140047.0,84.99,10.09,5.06,4.34,0.0
20231205:1111,1081483.0,537.7,12.77,5.3,4.41,0.0
20231205:1211,941919.0,469.02,13.34,5.58,4.41,0.0
20231205:1311,880831.0,440.02,11.74,5.82,4.28,0.0
20231205:1411,414184.0,216.26,8.14,5.34,4.0,0.0
20231205:1511,23000.0,22.95,2.8,4.77,3.66,0.0
20231205:1611,0.0,0.0,0.0,3.62,3.38,0.0
20231205:1711,0.0,0.0,0.0,3.2,3.17,0.0
20231205:1811,0.0,0.0,0.0,2.67,3.03,0.0
20231205:1911,0.0,0.0,0.0,2.73,2.97,0.0
20231205:2011,0.0,0.0,0.0,2.55,2.76,0.0
20231205:2111,0.0,0.0,0.0,2.53,2.62,0.0
20231205:2211,0.0,0.0,0.0,1.92,2.55,0.0
20231205:2311,0.0,0.0,0.0,1.31,2.48,0.0
20231206:0011,0.0,0.0,0.0,0.85,2.41,0.0
20231206:0111,0.0,0.0,0.0,0.5,2.28,0.0
20231206:0211,0.0,0.0,0.0,-0.1,2.21,0.0
20231206:0311,0.0,0.0,0.0,-0.78,2.07,0.0
20231206:0411,0.0,0.0,0.0,-1.63,2.07,0.0
20231206:0511,0.0,0.0,0.0,-2.4,2.07,0.0
20231206:0611,0.0,0.0,0.0,-2.8,1.93,0.0
20231206:0711,0.0,0.0,0.0,-2.49,1.93,0.0
20231206:0811,0.0,0.0,0.0,-2.75,1.72,0.0
20231206:0911,260314.0,139.98,5.39,-2.46,1.38,0.0
20231206:1011,776020.0,386.88,9.95,-0.24,0.62,0.0
20231206:1111,1045350.0,528.72,12.63,1.59,0.28,0.0
20231206:1211,1110233.0,566.28,13.21,2.78,0.28,0.0
20231206:1311,606878.0,308.46,11.64,3.38,0.97,0.0
20231206:1411,711137.0,359.09,8.05,3.23,1.66,0.0
20231206:1511,39123.0,32.41,2.73,2.19,2.07,0.0
20231206:1611,0.0,0.0,0.0,0.64,2.41,0.0
20231206:1711,0.0,0.0,0.0,-0.02,2.55,0.0
20231206:1811,0.0,0.0,0.0,-0.05,2.83,0.0
20231206:1911,0.0,0.0,0.0,0.41,3.03,0.0
20231206:2011,0.0,0.0,0.0,0.17,3.45,0.0
20231206:2111,0.0,0.0,0.0,0.42,3.72,0.0
20231206:2211,0.0,0.0,0.0,0.69,3.93,0.0
20231206:2311,0.0,0.0,0.0,1.02,4.21,0.0
20231207:0011,0.0,0.0,0.0,1.29,4.41,0.0
20231207:0111,0.0,0.0,0.0,1.47,4.55,0.0
20231207:0211,0.0,0.0,0.0,1.56,4.62,0.0
20231207:0311,0.0,0.0,0.0,1.68,4.83,0.0
20231207:0411,0.0,0.0,0.0,1.97,5.03,0.0
20231207:0511,0.0,0.0,0.0,2.32,5.31,0.0
20231207:0611,0.0,0.0,0.0,2.68,5.72,0.0
20231207:0711,0.0,0.0,0.0,3.68,6.34,0.0
20231207:0811,0.0,0.0,0.0,3.99,6.69,0.0
20231207:0911,6003.0,11.13,5.24,4.15,6.97,0.0
20231207:1011,78361.0,53.66,9.81,4.34,7.17,0.0
20231207:1111,19182.0,20.4,12.51,4.57,7.24,0.0
20231207:1211,29624.0,26.89,13.1,4.89,7.31,0.0
20231207:1311,22057.0,22.25,11.54,5.02,7.31,0.0
20231207:1411,13547.0,16.69,7.97,5.08,7.24,0.0
20231207:1511,0.0,2.78,2.66,5.11,7.1,0.0
20231207:1611,0.0,0.0,0.0,5.06,7.1,0.0
20231207:1711,0.0,0.0,0.0,4.98,7.17,0.0
20231207:1811,0.0,0.0,0.0,4.93,7.1,0.0
20231207:1911,0.0,0.0,0.0,5.0,6.83,0.0
20231207:2011,0.0,0.0,0.0,4.85,6.55,0.0
20231207:2111,0.0,0.0,0.0,4.81,5.79,0.0
20231207:2211,0.0,0.0,0.0,4.81,4.97,0.0
20231207:2311,0.0,0.0,0.0,4.88,4.14,0.0
20231208:0011,0.0,0.0,0.0,4.95,3.45,0.0
20231208:0111,0.0,0.0,0.0,5.13,3.1,0.0
20231208:0211,0.0,0.0,0.0,5.2,2.9,0.0
20231208:0311,0.0,0.0,0.0,5.03,2.76,0.0
20231208:0411,0.0,0.0,0.0,4.91,2.69,0.0
20231208:0511,0.0,0.0,0.0,4.98,2.69,0.0
20231208:0611,0.0,0.0,0.0,4.97,2.76,0.0
20231208:0711,0.0,0.0,0.0,5.0,2.83,0.0
20231208:0811,0.0,0.0,0.0,4.89,2.9,0.0
20231208:0911,16307.0,18.54,5.11,4.91,3.03,0.0
20231208:1011,234899.0,131.09,9.68,5.53,3.24,0.0
20231208:1111,373520.0,197.94,12.38,6.54,3.1,0.0
20231208:1211,253253.0,141.14,12.99,7.59,4.0,0.0
20231208:1311,69828.0,50.06,11.45,8.35,4.21,0.0
20231208:1411,211899.0,121.45,7.9,8.58,4.41,0.0
20231208:1511,0.0,1.85,2.61,8.44,4.34,0.0
20231208:1611,0.0,0.0,0.0,8.01,4.41,0.0
20231208:1711,0.0,0.0,0.0,7.6,4.48,0.0
20231208:1811,0.0,0.0,0.0,7.32,4.62,0.0
20231208:1911,0.0,0.0,0.0,7.04,4.0,0.0
20231208:2011,0.0,0.0,0.0,6.76,4.14,0.0
20231208:2111,0.0,0.0,0.0,6.57,4.28,0.0
20231208:2211,0.0,0.0,0.0,6.47,4.55,0.0
20231208:2311,0.0,0.0,0.0,6.33,4.83,0.0
20231209:0011,0.0,0.0,0.0,6.15,4.69,0.0
20231209:0111,0.0,0.0,0.0,5.91,4.41,0.0
20231209:0211,0.0,0.0,0.0,5.71,4.21,0.0
20231209:0311,0.0,0.0,0.0,5.56,3.86,0.0
20231209:0411,0.0,0.0,0.0,5.11,3.86,0.0
20231209:0511,0.0,0.0,0.0,5.13,4.07,0.0
20231209:0611,0.0,0.0,0.0,5.29,4.14,0.0
20231209:0711,0.0,0.0,0.0,5.68,4.76,0.0
20231209:0811,0.0,0.0,0.0,6.1,5.31,0.0
20231209:0911,34592.0,29.98,4.97,6.69,5.59,0.0
20231209:1011,5865.0,11.13,9.55,7.43,6.07,0.0
20231209:1111,54786.0,41.72,12.27,7.91,6.48,0.0
20231209:1211,40089.0,33.38,12.89,7.81,5.93,0.0
20231209:1311,30636.0,27.81,11.37,8.06,4.48,0.0
20231209:1411,21528.0,22.25,7.83,9.3,6.07,0.0
20231209:1511,38226.0,32.75,2.56,9.65,7.66,0.0
20231209:1611,0.0,0.0,0.0,9.4,8.14,0.0
20231209:1711,0.0,0.0,0.0,8.63,8.83,0.0
20231209:1811,0.0,0.0,0.0,7.88,9.31,0.0
20231209:1911,0.0,0.0,0.0,8.3,9.03,0.0
20231209:2011,0.0,0.0,0.0,8.26,9.59,0.0
20231209:2111,0.0,0.0,0.0,8.13,9.66,0.0
20231209:2211,0.0,0.0,0.0,8.1,9.45,0.0
20231209:2311,0.0,0.0,0.0,8.11,8.97,0.0
20231210:0011,0.0,0.0,0.0,8.13,8.34,0.0
20231210:0111,0.0,0.0,0.0,8.34,7.79,0.0
20231210:0211,0.0,0.0,0.0,8.43,7.59,0.0
20231210:0311,0.0,0.0,0.0,8.53,7.52,0.0
20231210:0411,0.0,0.0,0.0,8.29,7.1,0.0
20231210:0511,0.0,0.0,0.0,8.13,6.55,0.0
20231210:0611,0.0,0.0,0.0,7.6,5.17,0.0
20231210:0711,0.0,0.0,0.0,6.56,4.14,0.0
20231210:0811,0.0,0.0,0.0,6.11,3.1,0.0
20231210:0911,805.0,6.49,4.85,6.03,2.55,0.0
20231210:1011,5911.0,11.13,9.44,6.32,2.14,0.0
20231210:1111,33994.0,29.67,12.16,6.38,2.69,0.0
20231210:1211,12098.0,15.76,12.8,6.4,3.38,0.0
20231210:1311,147798.0,89.32,11.3,6.3,3.59,0.0
20231210:1411,228183.0,128.28,7.77,6.35,3.86,0.0
20231210:1511,0.0,1.85,2.52,6.47,3.72,0.0
20231210:1611,0.0,0.0,0.0,6.63,2.9,0.0
20231210:1711,0.0,0.0,0.0,7.36,4.0,0.0
20231210:1811,0.0,0.0,0.0,7.82,4.55,0.0
20231210:1911,0.0,0.0,0.0,7.09,3.52,0.0
20231210:2011,0.0,0.0,0.0,6.85,2.9,0.0
20231210:2111,0.0,0.0,0.0,6.61,2.69,0.0
20231210:2211,0.0,0.0,0.0,6.69,2.55,0.0
20231210:2311,0.0,0.0,0.0,6.89,2.34,0.0
20231211:0011,0.0,0.0,0.0,6.89,1.79,0.0
20231211:0111,0.0,0.0,0.0,6.72,1.66,0.0
20231211:0211,0.0,0.0,0.0,6.87,4.48,0.0
20231211:0311,0.0,0.0,0.0,6.99,5.03,0.0
20231211:0411,0.0,0.0,0.0,6.88,4.28,0.0
20231211:0511,0.0,0.0,0.0,6.69,3.79,0.0
20231211:0611,0.0,0.0,0.0,6.36,3.45,0.0
20231211:0711,0.0,0.0,0.0,5.07,3.31,0.0
20231211:0811,0.0,0.0,0.0,4.42,3.1,0.0
20231211:0911,261234.0,144.01,4.73,4.09,2.83,0.0
20231211:1011,720337.0,363.12,9.32,4.81,2.69,0.0
20231211:1111,1020970.0,514.93,12.06,5.75,2.34,0.0
20231211:1211,1079758.0,545.65,12.72,6.46,2.62,0.0
20231211:1311,908408.0,460.04,11.23,6.85,2.48,0.0
20231211:1411,710838.0,363.65,7.72,6.84,2.21,0.0
20231211:1511,3703.0,9.27,2.48,6.01,2.0,0.0
20231211:1611,0.0,0.0,0.0,4.85,1.93,0.0
20231211:1711,0.0,0.0,0.0,3.61,1.66,0.0
20231211:1811,0.0,0.0,0.0,2.72,1.31,0.0
20231211:1911,0.0,0.0,0.0,2.09,0.76,0.0
20231211:2011,0.0,0.0,0.0,1.33,0.48,0.0
20231211:2111,0.0,0.0,0.0,0.64,0.48,0.0
20231211:2211,0.0,0.0,0.0,1.02,1.03,0.0
20231211:2311,0.0,0.0,0.0,1.27,1.52,0.0
20231212:0011,0.0,0.0,0.0,1.77,2.0,0.0
20231212:0111,0.0,0.0,0.0,2.55,2.34,0.0
20231212:0211,0.0,0.0,0.0,3.16,2.9,0.0
20231212:0311,0.0,0.0,0.0,4.0,3.52,0.0
20231212:0411,0.0,0.0,0.0,4.74,3.59,0.0
20231212:0511,0.0,0.0,0.0,5.16,3.86,0.0
20231212:0611,0.0,0.0,0.0,5.46,3.59,0.0
20231212:0711,0.0,0.0,0.0,5.89,3.93,0.0
20231212:0811,0.0,0.0,0.0,5.96,3.45,0.0
20231212:0911,16192.0,18.54,4.61,6.03,2.76,0.0
20231212:1011,30912.0,27.81,9.22,6.19,2.34,0.0
20231212:1111,45172.0,36.16,11.97,6.43,1.86,0.0
20231212:1211,16100.0,18.54,12.64,6.84,1.93,0.0
20231212:1311,296976.0,162.15,11.17,6.97,1.72,0.0
20231212:1411,18860.0,20.4,7.68,7.22,1.52,0.0
20231212:1511,782.0,6.49,2.45,7.18,1.17,0.0
20231212:1611,0.0,0.0,0.0,6.86,1.59,0.0
20231212:1711,0.0,0.0,0.0,6.77,1.79,0.0
20231212:1811,0.0,0.0,0.0,6.83,1.86,0.0
20231212:1911,0.0,0.0,0.0,6.65,2.28,0.0
20231212:2011,0.0,0.0,0.0,6.63,2.62,0.0
20231212:2111,0.0,0.0,0.0,6.64,2.97,0.0
20231212:2211,0.0,0.0,0.0,6.77,3.38,0.0
20231212:2311,0.0,0.0,0.0,6.74,3.66,0.0
20231213:0011,0.0,0.0,0.0,6.63,4.14,0.0
20231213:0111,0.0,0.0,0.0,6.74,4.76,0.0
20231213:0211,0.0,0.0,0.0,6.81,5.38,0.0
20231213:0311,0.0,0.0,0.0,6.59,5.79,0.0
20231213:0411,0.0,0.0,0.0,6.13,6.07,0.0
20231213:0511,0.0,0.0,0.0,5.66,6.0,0.0
20231213:0611,0.0,0.0,0.0,5.37,6.14,0.0
20231213:0711,0.0,0.0,0.0,5.28,6.07,0.0
20231213:0811,0.0,0.0,0.0,5.11,6.14,0.0
20231213:0911,249458.0,138.41,4.51,4.98,5.93,0.0
20231213:1011,859717.0,426.61,9.12,5.22,6.14,0.0
20231213:1111,782115.0,389.11,11.89,5.47,5.86,0.0
20231213:1211,1001466.0,494.92,12.57,5.42,5.93,0.0
20231213:1311,753365.0,375.68,11.12,5.4,5.52,0.0
20231213:1411,8349.0,12.98,7.64,5.14,5.17,0.0
20231213:1511,0.0,1.85,2.43,4.93,4.83,0.0
20231213:1611,0.0,0.0,0.0,4.09,3.93,0.0
20231213:1711,0.0,0.0,0.0,3.8,3.59,0.0
20231213:1811,0.0,0.0,0.0,3.37,3.31,0.0
20231213:1911,0.0,0.0,0.0,3.46,2.97,0.0
20231213:2011,0.0,0.0,0.0,2.91,2.69,0.0
20231213:2111,0.0,0.0,0.0,2.62,2.41,0.0
20231213:2211,0.0,0.0,0.0,2.14,2.07,0.0
20231213:2311,0.0,0.0,0.0,1.17,2.14,0.0
20231214:0011,0.0,0.0,0.0,0.81,1.52,0.0
20231214:0111,0.0,0.0,0.0,0.36,1.45,0.0
20231214:0211,0.0,0.0,0.0,0.1,1.66,0.0
20231214:0311,0.0,0.0,0.0,0.41,2.0,0.0
20231214:0411,0.0,0.0,0.0,1.52,2.21,0.0
20231214:0511,0.0,0.0,0.0,2.27,2.69,0.0
20231214:0611,0.0,0.0,0.0,2.57,3.03,0.0
20231214:0711,0.0,0.0,0.0,3.24,3.38,0.0
20231214:0811,0.0,0.0,0.0,3.85,3.52,0.0
20231214:0911,4830.0,10.2,4.41,4.59,3.45,0.0
20231214:1011,178135.0,103.79,9.03,5.61,2.97,0.0
20231214:1111,541512.0,279.15,11.81,6.95,2.48,0.0
20231214:1211,890353.0,452.74,12.51,8.02,2.62,0.0
20231214:1311,204608.0,118.1,11.07,8.55,3.03,0.0
20231214:1411,165393.0,98.64,7.62,8.32,3.03,0.0
20231214:1511,0.0,2.78,2.42,7.76,3.03,0.0
20231214:1611,0.0,0.0,0.0,6.64,2.83,0.0
20231214:1711,0.0,0.0,0.0,5.7,2.76,0.0
20231214:1811,0.0,0.0,0.0,5.17,2.76,0.0
20231214:1911,0.0,0.0,0.0,4.66,2.76,0.0
20231214:2011,0.0,0.0,0.0,4.72,2.83,0.0
20231214:2111,0.0,0.0,0.0,5.07,2.83,0.0
20231214:2211,0.0,0.0,0.0,5.22,2.97,0.0
20231214:2311,0.0,0.0,0.0,5.46,3.1,0.0
20231215:0011,0.0,0.0,0.0,5.56,3.24,0.0
20231215:0111,0.0,0.0,0.0,5.41,3.31,0.0
20231215:0211,0.0,0.0,0.0,5.52,3.31,0.0
20231215:0311,0.0,0.0,0.0,5.54,3.31,0.0
20231215:0411,0.0,0.0,0.0,5.59,3.31,0.0
20231215:0511,0.0,0.0,0.0,5.33,2.83,0.0
20231215:0611,0.0,0.0,0.0,5.06,2.62,0.0
20231215:0711,0.0,0.0,0.0,5.16,2.9,0.0
20231215:0811,0.0,0.0,0.0,4.83,2.69,0.0
20231215:0911,9614.0,13.91,4.31,4.84,2.55,0.0
20231215:1011,151731.0,90.92,8.95,5.56,2.34,0.0
20231215:1111,201342.0,115.99,11.74,7.1,2.34,0.0
20231215:1211,64722.0,47.28,12.46,8.13,2.76,0.0
20231215:1311,54602.0,41.72,11.03,8.3,3.1,0.0
20231215:1411,85422.0,58.17,7.6,8.44,3.17,0.0
20231215:1511,0.0,2.78,2.41,7.71,3.1,0.0
20231215:1611,0.0,0.0,0.0,6.91,3.17,0.0
20231215:1711,0.0,0.0,0.0,6.3,3.66,0.0
20231215:1811,0.0,0.0,0.0,6.64,4.21,0.0
20231215:1911,0.0,0.0,0.0,7.48,4.48,0.0
20231215:2011,0.0,0.0,0.0,8.36,4.9,0.0
20231215:2111,0.0,0.0,0.0,9.07,5.31,0.0
20231215:2211,0.0,0.0,0.0,9.5,5.72,0.0
20231215:2311,0.0,0.0,0.0,9.84,5.93,0.0
20231216:0011,0.0,0.0,0.0,10.04,6.14,0.0
20231216:0111,0.0,0.0,0.0,10.08,6.28,0.0
20231216:0211,0.0,0.0,0.0,9.98,6.34,0.0
20231216:0311,0.0,0.0,0.0,9.8,6.55,0.0
20231216:0411,0.0,0.0,0.0,9.64,6.55,0.0
20231216:0511,0.0,0.0,0.0,9.49,6.34,0.0
20231216:0611,0.0,0.0,0.0,9.39,6.14,0.0
20231216:0711,0.0,0.0,0.0,9.44,5.52,0.0
20231216:0811,0.0,0.0,0.0,9.2,5.66,0.0
20231216:0911,27830.0,26.17,4.23,9.13,6.07,0.0
20231216:1011,339227.0,182.81,8.87,9.32,6.41,0.0
20231216:1111,780919.0,394.76,11.68,9.62,6.83,0.0
20231216:1211,1132451.0,568.38,12.41,9.99,7.38,0.0
20231216:1311,38042.0,32.45,11.0,10.18,7.52,0.0
20231216:1411,2576.0,8.34,7.58,10.18,7.45,0.0
20231216:1511,0.0,1.85,2.42,9.99,7.38,0.0
20231216:1611,0.0,0.0,0.0,9.87,7.17,0.0
20231216:1711,0.0,0.0,0.0,9.83,6.97,0.0
20231216:1811,0.0,0.0,0.0,9.7,6.76,0.0
20231216:1911,0.0,0.0,0.0,9.78,6.83,0.0
20231216:2011,0.0,0.0,0.0,9.72,7.03,0.0
20231216:2111,0.0,0.0,0.0,9.54,7.1,0.0
20231216:2211,0.0,0.0,0.0,9.61,7.03,0.0
20231216:2311,0.0,0.0,0.0,9.83,7.03,0.0
20231217:0011,0.0,0.0,0.0,9.99,7.1,0.0
20231217:0111,0.0,0.0,0.0,9.92,7.1,0.0
20231217:0211,0.0,0.0,0.0,9.75,7.03,0.0
20231217:0311,0.0,0.0,0.0,9.6,6.97,0.0
20231217:0411,0.0,0.0,0.0,9.37,6.83,0.0
20231217:0511,0.0,0.0,0.0,8.92,6.69,0.0
20231217:0611,0.0,0.0,0.0,8.47,6.9,0.0
20231217:0711,0.0,0.0,0.0,8.57,7.1,0.0
20231217:0811,0.0,0.0,0.0,8.66,7.31,0.0
20231217:0911,11937.0,15.76,4.15,8.64,7.45,0.0
20231217:1011,41446.0,34.3,8.8,9.04,7.59,0.0
20231217:1111,94921.0,63.53,11.62,9.58,7.45,0.0
20231217:1211,106950.0,69.9,12.37,9.88,7.31,0.0
20231217:1311,230690.0,131.05,10.98,10.23,7.59,0.0
20231217:1411,17158.0,19.47,7.58,10.43,7.72,0.0
20231217:1511,0.0,1.85,2.42,10.38,7.38,0.0
20231217:1611,0.0,0.0,0.0,10.21,7.1,0.0
20231217:1711,0.0,0.0,0.0,10.09,6.9,0.0
20231217:1811,0.0,0.0,0.0,10.1,6.55,0.0
20231217:1911,0.0,0.0,0.0,10.01,6.21,0.0
20231217:2011,0.0,0.0,0.0,10.13,5.86,0.0
20231217:2111,0.0,0.0,0.0,10.36,5.45,0.0
20231217:2211,0.0,0.0,0.0,10.58,5.17,0.0
20231217:2311,0.0,0.0,0.0,10.82,5.03,0.0
20231218:0011,0.0,0.0,0.0,10.95,4.97,0.0
20231218:0111,0.0,0.0,0.0,11.19,4.76,0.0
20231218:0211,0.0,0.0,0.0,11.21,4.48,0.0
20231218:0311,0.0,0.0,0.0,11.21,4.34,0.0
20231218:0411,0.0,0.0,0.0,11.22,4.34,0.0
20231218:0511,0.0,0.0,0.0,11.22,4.55,0.0
20231218:0611,0.0,0.0,0.0,11.23,4.76,0.0
20231218:0711,0.0,0.0,0.0,11.27,4.69,0.0
20231218:0811,0.0,0.0,0.0,11.43,4.83,0.0
20231218:0911,0.0,3.71,4.07,11.55,4.97,0.0
20231218:1011,37697.0,32.45,8.74,11.71,5.1,0.0
20231218:1111,201480.0,117.83,11.58,11.79,5.31,0.0
20231218:1211,56971.0,43.57,12.34,11.83,5.66,0.0
20231218:1311,47196.0,38.01,10.97,11.81,5.86,0.0
20231218:1411,27025.0,25.96,7.58,11.86,5.93,0.0
20231218:1511,0.0,1.85,2.44,11.86,6.0,0.0
20231218:1611,0.0,0.0,0.0,11.79,5.93,0.0
20231218:1711,0.0,0.0,0.0,11.8,5.72,0.0
20231218:1811,0.0,0.0,0.0,11.81,5.38,0.0
20231218:1911,0.0,0.0,0.0,12.11,4.48,0.0
20231218:2011,0.0,0.0,0.0,11.95,4.21,0.0
20231218:2111,0.0,0.0,0.0,11.6,3.86,0.0
20231218:2211,0.0,0.0,0.0,11.08,3.52,0.0
20231218:2311,0.0,0.0,0.0,10.64,3.24,0.0
20231219:0011,0.0,0.0,0.0,10.16,2.97,0.0
20231219:0111,0.0,0.0,0.0,9.78,2.97,0.0
20231219:0211,0.0,0.0,0.0,9.41,2.83,0.0
20231219:0311,0.0,0.0,0.0,9.17,2.83,0.0
20231219:0411,0.0,0.0,0.0,9.1,2.76,0.0
20231219:0511,0.0,0.0,0.0,9.06,2.83,0.0
20231219:0611,0.0,0.0,0.0,8.85,3.03,0.0
20231219:0711,0.0,0.0,0.0,8.99,2.83,0.0
20231219:0811,0.0,0.0,0.0,8.87,2.97,0.0
20231219:0911,4692.0,10.2,4.01,8.49,3.1,0.0
20231219:1011,48070.0,38.01,8.69,8.08,3.17,0.0
20231219:1111,58121.0,43.57,11.54,7.76,3.38,0.0
20231219:1211,1008090.0,508.43,12.32,7.76,3.72,0.0
20231219:1311,886052.0,447.36,10.96,7.9,3.93,0.0
20231219:1411,377821.0,200.77,7.59,7.84,4.62,0.0
20231219:1511,1679.0,7.42,2.46,7.56,4.76,0.0
20231219:1611,0.0,0.0,0.0,6.54,4.76,0.0
20231219:1711,0.0,0.0,0.0,6.06,4.97,0.0
20231219:1811,0.0,0.0,0.0,5.79,5.03,0.0
20231219:1911,0.0,0.0,0.0,6.18,5.03,0.0
20231219:2011,0.0,0.0,0.0,6.19,5.31,0.0
20231219:2111,0.0,0.0,0.0,6.26,5.66,0.0
20231219:2211,0.0,0.0,0.0,6.22,5.93,0.0
20231219:2311,0.0,0.0,0.0,6.41,6.41,0.0
20231220:0011,0.0,0.0,0.0,6.61,6.9,0.0
20231220:0111,0.0,0.0,0.0,6.74,6.76,0.0
20231220:0211,0.0,0.0,0.0,6.84,6.69,0.0
20231220:0311,0.0,0.0,0.0,7.14,6.76,0.0
20231220:0411,0.0,0.0,0.0,7.54,6.69,0.0
20231220:0511,0.0,0.0,0.0,7.46,6.28,0.0
20231220:0611,0.0,0.0,0.0,7.11,5.93,0.0
20231220:0711,0.0,0.0,0.0,7.13,5.93,0.0
20231220:0811,0.0,0.0,0.0,7.15,5.38,0.0
20231220:0911,0.0,5.56,3.95,7.5,5.38,0.0
20231220:1011,300242.0,163.56,8.64,8.33,5.86,0.0
20231220:1111,47909.0,38.01,11.51,9.04,6.55,0.0
20231220:1211,15870.0,18.54,12.3,9.44,7.31,0.0
20231220:1311,69483.0,50.06,10.96,9.61,8.07,0.0
20231220:1411,364435.0,194.91,7.6,9.5,8.07,0.0
20231220:1511,0.0,5.56,2.49,9.47,7.66,0.0
20231220:1611,0.0,0.0,0.0,9.63,7.45,0.0
20231220:1711,0.0,0.0,0.0,9.78,7.31,0.0
20231220:1811,0.0,0.0,0.0,10.06,7.45,0.0
20231220:1911,0.0,0.0,0.0,10.34,7.24,0.0
20231220:2011,0.0,0.0,0.0,10.38,7.03,0.0
20231220:2111,0.0,0.0,0.0,10.34,6.9,0.0
20231220:2211,0.0,0.0,0.0,10.39,7.03,0.0
20231220:2311,0.0,0.0,0.0,10.44,7.45,0.0
20231221:0011,0.0,0.0,0.0,10.59,8.34,0.0
20231221:0111,0.0,0.0,0.0,10.74,9.31,0.0
20231221:0211,0.0,0.0,0.0,10.79,9.52,0.0
20231221:0311,0.0,0.0,0.0,10.69,9.45,0.0
20231221:0411,0.0,0.0,0.0,10.8,10.34,0.0
20231221:0511,0.0,0.0,0.0,11.05,11.1,0.0
20231221:0611,0.0,0.0,0.0,11.36,11.66,0.0
20231221:0711,0.0,0.0,0.0,11.64,11.93,0.0
20231221:0811,0.0,0.0,0.0,11.87,11.45,0.0
20231221:0911,43723.0,35.87,3.89,11.31,11.1,0.0
20231221:1011,271929.0,150.98,8.6,10.78,10.9,0.0
20231221:1111,837913.0,421.36,11.48,10.66,10.76,0.0
20231221:1211,183862.0,108.41,12.3,10.44,10.55,0.0
20231221:1311,704628.0,356.82,10.97,10.25,10.21,0.0
20231221:1411,537211.0,277.45,7.63,9.88,9.93,0.0
20231221:1511,0.0,2.78,2.53,9.3,9.45,0.0
20231221:1611,0.0,0.0,0.0,8.66,8.83,0.0
20231221:1711,0.0,0.0,0.0,8.11,8.48,0.0
20231221:1811,0.0,0.0,0.0,7.73,8.14,0.0
20231221:1911,0.0,0.0,0.0,7.84,7.66,0.0
20231221:2011,0.0,0.0,0.0,7.53,7.24,0.0
20231221:2111,0.0,0.0,0.0,7.43,6.9,0.0
20231221:2211,0.0,0.0,0.0,7.47,6.83,0.0
20231221:2311,0.0,0.0,0.0,7.51,6.76,0.0
20231222:0011,0.0,0.0,0.0,7.56,6.41,0.0
20231222:0111,0.0,0.0,0.0,7.74,6.0,0.0
20231222:0211,0.0,0.0,0.0,7.69,5.24,0.0
20231222:0311,0.0,0.0,0.0,7.87,4.83,0.0
20231222:0411,0.0,0.0,0.0,7.96,4.62,0.0
20231222:0511,0.0,0.0,0.0,8.4,5.31,0.0
20231222:0611,0.0,0.0,0.0,9.05,6.62,0.0
20231222:0711,0.0,0.0,0.0,9.52,7.03,0.0
20231222:0811,0.0,0.0,0.0,9.47,6.9,0.0
20231222:0911,6923.0,12.05,3.85,9.67,7.24,0.0
20231222:1011,58420.0,43.89,8.57,9.61,7.59,0.0
20231222:1111,158700.0,95.65,11.46,9.58,7.79,0.0
20231222:1211,64377.0,47.28,12.29,9.59,8.0,0.0
20231222:1311,222364.0,126.61,10.99,9.49,7.93,0.0
20231222:1411,295182.0,161.73,7.66,9.49,7.79,0.0
20231222:1511,58328.0,44.12,2.57,9.12,7.66,0.0
20231222:1611,0.0,0.0,0.0,8.36,7.17,0.0
20231222:1711,0.0,0.0,0.0,7.76,6.97,0.0
20231222:1811,0.0,0.0,0.0,7.23,6.28,0.0
20231222:1911,0.0,0.0,0.0,8.99,5.38,0.0
20231222:2011,0.0,0.0,0.0,9.21,4.9,0.0
20231222:2111,0.0,0.0,0.0,9.47,5.45,0.0
20231222:2211,0.0,0.0,0.0,9.53,6.83,0.0
20231222:2311,0.0,0.0,0.0,9.54,7.66,0.0
20231223:0011,0.0,0.0,0.0,9.72,8.83,0.0
20231223:0111,0.0,0.0,0.0,9.92,9.17,0.0
20231223:0211,0.0,0.0,0.0,10.09,9.38,0.0
20231223:0311,0.0,0.0,0.0,9.95,9.31,0.0
20231223:0411,0.0,0.0,0.0,9.65,9.03,0.0
20231223:0511,0.0,0.0,0.0,9.52,8.55,0.0
20231223:0611,0.0,0.0,0.0,9.49,8.0,0.0
20231223:0711,0.0,0.0,0.0,9.8,8.0,0.0
20231223:0811,0.0,0.0,0.0,9.64,7.45,0.0
20231223:0911,3588.0,9.27,3.81,9.92,7.38,0.0
20231223:1011,61640.0,45.78,8.55,10.28,7.45,0.0
20231223:1111,65803.0,48.21,11.46,10.38,7.45,0.0
20231223:1211,179538.0,106.41,12.3,10.5,7.31,0.0
20231223:1311,33281.0,29.67,11.01,10.61,7.31,0.0
20231223:1411,11799.0,15.76,7.7,10.59,7.31,0.0
20231223:1511,0.0,1.85,2.62,10.46,7.38,0.0
20231223:1611,0.0,0.0,0.0,10.2,7.17,0.0
20231223:1711,0.0,0.0,0.0,10.05,6.76,0.0
20231223:1811,0.0,0.0,0.0,10.12,6.62,0.0
20231223:1911,0.0,0.0,0.0,10.12,7.03,0.0
20231223:2011,0.0,0.0,0.0,10.3,6.83,0.0
20231223:2111,0.0,0.0,0.0,10.49,6.69,0.0
20231223:2211,0.0,0.0,0.0,10.81,6.9,0.0
20231223:2311,0.0,0.0,0.0,11.13,6.69,0.0
20231224:0011,0.0,0.0,0.0,11.58,6.48,0.0
20231224:0111,0.0,0.0,0.0,11.91,6.48,0.0
20231224:0211,0.0,0.0,0.0,12.07,6.48,0.0
20231224:0311,0.0,0.0,0.0,12.15,6.69,0.0
20231224:0411,0.0,0.0,0.0,12.09,6.9,0.0
20231224:0511,0.0,0.0,0.0,12.21,6.9,0.0
20231224:0611,0.0,0.0,0.0,12.47,7.1,0.0
20231224:0711,0.0,0.0,0.0,12.67,8.62,0.0
20231224:0811,0.0,0.0,0.0,12.78,9.79,0.0
20231224:0911,9131.0,13.91,3.78,12.91,11.03,0.0
20231224:1011,192579.0,113.54,8.53,13.04,11.86,0.0
20231224:1111,750789.0,382.81,11.45,13.07,12.14,0.0
20231224:1211,78522.0,55.63,12.32,12.99,12.48,0.0
20231224:1311,382168.0,204.58,11.04,12.05,12.14,0.0
20231224:1411,224710.0,128.38,7.75,11.11,11.24,0.0
20231224:1511,0.0,1.85,2.68,10.28,10.9,0.0
20231224:1611,0.0,0.0,0.0,9.85,10.76,0.0
20231224:1711,0.0,0.0,0.0,9.76,10.83,0.0
20231224:1811,0.0,0.0,0.0,9.64,10.83,0.0
20231224:1911,0.0,0.0,0.0,10.02,10.62,0.0
20231224:2011,0.0,0.0,0.0,9.73,10.0,0.0
20231224:2111,0.0,0.0,0.0,9.48,9.24,0.0
20231224:2211,0.0,0.0,0.0,9.25,8.41,0.0
20231224:2311,0.0,0.0,0.0,8.93,7.66,0.0
20231225:0011,0.0,0.0,0.0,8.74,6.69,0.0
20231225:0111,0.0,0.0,0.0,8.68,5.79,0.0
20231225:0211,0.0,0.0,0.0,8.56,5.03,0.0
20231225:0311,0.0,0.0,0.0,8.3,4.28,0.0
20231225:0411,0.0,0.0,0.0,8.38,4.07,0.0
20231225:0511,0.0,0.0,0.0,8.79,4.21,0.0
20231225:0611,0.0,0.0,0.0,8.84,4.0,0.0
20231225:0711,0.0,0.0,0.0,8.46,2.34,0.0
20231225:0811,0.0,0.0,0.0,8.29,2.69,0.0
20231225:0911,2599.0,8.34,3.76,8.55,3.72,0.0
20231225:1011,46299.0,37.08,8.52,8.78,4.76,0.0
20231225:1111,35075.0,30.59,11.46,9.2,5.03,0.0
20231225:1211,47817.0,38.01,12.34,9.26,5.03,0.0
20231225:1311,31947.0,28.74,11.08,9.43,5.66,0.0
20231225:1411,88297.0,59.84,7.8,9.5,6.14,0.0
20231225:1511,0.0,5.56,2.75,9.39,6.34,0.0
20231225:1611,0.0,0.0,0.0,9.21,6.41,0.0
20231225:1711,0.0,0.0,0.0,8.96,6.41,0.0
20231225:1811,0.0,0.0,0.0,8.86,6.69,0.0
20231225:1911,0.0,0.0,0.0,8.6,6.83,0.0
20231225:2011,0.0,0.0,0.0,7.9,6.69,0.0
20231225:2111,0.0,0.0,0.0,7.28,7.03,0.0
20231225:2211,0.0,0.0,0.0,7.07,7.59,0.0
20231225:2311,0.0,0.0,0.0,6.91,8.07,0.0
20231226:0011,0.0,0.0,0.0,6.98,8.21,0.0
20231226:0111,0.0,0.0,0.0,7.14,8.14,0.0
20231226:0211,0.0,0.0,0.0,7.09,8.34,0.0
20231226:0311,0.0,0.0,0.0,6.81,8.07,0.0
20231226:0411,0.0,0.0,0.0,6.68,7.72,0.0
20231226:0511,0.0,0.0,0.0,6.58,6.9,0.0
20231226:0611,0.0,0.0,0.0,6.22,6.0,0.0
20231226:0711,0.0,0.0,0.0,6.09,5.17,0.0
20231226:0811,0.0,0.0,0.0,5.12,4.07,0.0
20231226:0911,183402.0,106.56,3.74,4.03,3.59,0.0
20231226:1011,659755.0,332.07,8.52,4.12,3.31,0.0
20231226:1111,1003145.0,503.73,11.47,5.01,2.48,0.0
20231226:1211,991323.0,499.93,12.37,6.03,2.48,0.0
20231226:1311,693220.0,352.4,11.13,6.68,2.62,0.0
20231226:1411,230345.0,129.7,7.86,6.78,2.62,0.0
20231226:1511,177583.0,105.37,2.82,6.14,2.55,0.0
20231226:1611,0.0,0.0,0.0,5.1,2.21,0.0
20231226:1711,0.0,0.0,0.0,3.93,1.86,0.0
20231226:1811,0.0,0.0,0.0,2.65,1.66,0.0
20231226:1911,0.0,0.0,0.0,3.78,0.76,0.0
20231226:2011,0.0,0.0,0.0,3.55,0.62,0.0
20231226:2111,0.0,0.0,0.0,1.41,1.66,0.0
20231226:2211,0.0,0.0,0.0,1.52,1.93,0.0
20231226:2311,0.0,0.0,0.0,1.95,2.21,0.0
20231227:0011,0.0,0.0,0.0,2.57,2.69,0.0
20231227:0111,0.0,0.0,0.0,3.02,3.1,0.0
20231227:0211,0.0,0.0,0.0,3.56,3.79,0.0
20231227:0311,0.0,0.0,0.0,4.03,4.62,0.0
20231227:0411,0.0,0.0,0.0,4.32,5.38,0.0
20231227:0511,0.0,0.0,0.0,4.33,6.0,0.0
20231227:0611,0.0,0.0,0.0,4.42,6.48,0.0
20231227:0711,0.0,0.0,0.0,5.1,7.24,0.0
20231227:0811,0.0,0.0,0.0,5.71,7.38,0.0
20231227:0911,0.0,5.56,3.73,6.37,7.72,0.0
20231227:1011,20332.0,21.32,8.52,7.25,7.79,0.0
20231227:1111,14605.0,17.62,11.5,8.44,8.28,0.0
20231227:1211,21505.0,22.25,12.41,9.57,8.62,0.0
20231227:1311,30245.0,27.81,11.19,10.57,8.97,0.0
20231227:1411,9223.0,13.91,7.93,11.42,9.45,0.0
20231227:1511,0.0,1.85,2.9,11.7,9.17,0.0
20231227:1611,0.0,0.0,0.0,11.48,7.93,0.0
20231227:1711,0.0,0.0,0.0,10.24,8.69,0.0
20231227:1811,0.0,0.0,0.0,9.0,8.62,0.0
20231227:1911,0.0,0.0,0.0,7.76,7.66,0.0
20231227:2011,0.0,0.0,0.0,7.46,7.59,0.0
20231227:2111,0.0,0.0,0.0,7.36,8.55,0.0
20231227:2211,0.0,0.0,0.0,7.54,8.41,0.0
20231227:2311,0.0,0.0,0.0,7.11,7.45,0.0
20231228:0011,0.0,0.0,0.0,6.55,7.1,0.0
20231228:0111,0.0,0.0,0.0,7.48,10.07,0.0
20231228:0211,0.0,0.0,0.0,7.31,8.97,0.0
20231228:0311,0.0,0.0,0.0,7.29,8.34,0.0
20231228:0411,0.0,0.0,0.0,7.29,8.55,0.0
20231228:0511,0.0,0.0,0.0,7.34,8.0,0.0
20231228:0611,0.0,0.0,0.0,7.66,7.86,0.0
20231228:0711,0.0,0.0,0.0,7.53,7.52,0.0
20231228:0811,0.0,0.0,0.0,7.52,6.97,0.0
20231228:0911,292721.0,161.34,3.73,7.56,6.97,0.0
20231228:1011,478653.0,248.03,8.53,8.16,7.45,0.0
20231228:1111,128708.0,80.58,11.53,8.92,7.66,0.0
20231228:1211,35098.0,30.59,12.46,9.13,7.86,0.0
20231228:1311,204286.0,117.64,11.25,9.03,8.76,0.0
20231228:1411,226642.0,128.35,8.0,9.05,9.1,0.0
20231228:1511,286235.0,159.47,2.98,8.46,8.34,0.0
20231228:1611,0.0,0.0,0.0,8.08,7.86,0.0
20231228:1711,0.0,0.0,0.0,7.83,7.45,0.0
20231228:1811,0.0,0.0,0.0,7.69,7.45,0.0
20231228:1911,0.0,0.0,0.0,7.88,8.48,0.0
20231228:2011,0.0,0.0,0.0,7.74,8.9,0.0
20231228:2111,0.0,0.0,0.0,7.5,9.24,0.0
20231228:2211,0.0,0.0,0.0,7.37,9.38,0.0
20231228:2311,0.0,0.0,0.0,7.32,9.86,0.0
20231229:0011,0.0,0.0,0.0,7.27,9.93,0.0
20231229:0111,0.0,0.0,0.0,7.07,9.86,0.0
20231229:0211,0.0,0.0,0.0,7.02,9.79,0.0
20231229:0311,0.0,0.0,0.0,6.95,9.72,0.0
20231229:0411,0.0,0.0,0.0,6.81,9.93,0.0
20231229:0511,0.0,0.0,0.0,6.54,9.93,0.0
20231229:0611,0.0,0.0,0.0,6.4,10.07,0.0
20231229:0711,0.0,0.0,0.0,6.95,10.07,0.0
20231229:0811,0.0,0.0,0.0,6.6,9.45,0.0
20231229:0911,805.0,6.49,3.73,6.39,8.9,0.0
20231229:1011,401764.0,209.95,8.55,6.61,8.41,0.0
20231229:1111,383065.0,201.27,11.56,6.95,8.21,0.0
20231229:1211,944932.0,469.78,12.51,7.26,7.03,0.0
20231229:1311,657087.0,330.67,11.32,7.2,8.07,0.0
20231229:1411,471132.0,243.28,8.09,7.04,7.86,0.0
20231229:1511,208978.0,120.45,3.08,6.42,7.1,0.0
20231229:1611,0.0,0.0,0.0,5.71,6.34,0.0
20231229:1711,0.0,0.0,0.0,5.17,5.93,0.0
20231229:1811,0.0,0.0,0.0,5.19,5.45,0.0
20231229:1911,0.0,0.0,0.0,5.24,6.55,0.0
20231229:2011,0.0,0.0,0.0,5.1,6.62,0.0
20231229:2111,0.0,0.0,0.0,5.31,6.62,0.0
20231229:2211,0.0,0.0,0.0,4.88,6.14,0.0
20231229:2311,0.0,0.0,0.0,4.56,5.52,0.0
20231230:0011,0.0,0.0,0.0,4.07,4.9,0.0
20231230:0111,0.0,0.0,0.0,3.44,4.34,0.0
20231230:0211,0.0,0.0,0.0,3.23,4.0,0.0
20231230:0311,0.0,0.0,0.0,2.79,3.45,0.0
20231230:0411,0.0,0.0,0.0,2.45,2.97,0.0
20231230:0511,0.0,0.0,0.0,2.39,2.48,0.0
20231230:0611,0.0,0.0,0.0,2.32,2.14,0.0
20231230:0711,0.0,0.0,0.0,2.19,2.07,0.0
20231230:0811,0.0,0.0,0.0,2.46,2.41,0.0
20231230:0911,4899.0,10.2,3.75,3.01,2.9,0.0
20231230:1011,20746.0,21.32,8.58,3.51,3.52,0.0
20231230:1111,37674.0,31.52,11.61,3.91,4.34,0.0
20231230:1211,42458.0,34.3,12.57,4.33,5.31,0.0
20231230:1311,35857.0,30.59,11.39,5.11,5.31,0.0
20231230:1411,18998.0,20.4,8.18,6.3,5.72,0.0
20231230:1511,0.0,4.64,3.18,7.61,6.28,0.0
20231230:1611,0.0,0.0,0.0,8.44,6.28,0.0
20231230:1711,0.0,0.0,0.0,8.81,5.79,0.0
20231230:1811,0.0,0.0,0.0,8.89,5.79,0.0
20231230:1911,0.0,0.0,0.0,9.54,8.07,0.0
20231230:2011,0.0,0.0,0.0,9.68,7.59,0.0
20231230:2111,0.0,0.0,0.0,9.32,5.72,0.0
20231230:2211,0.0,0.0,0.0,8.76,4.62,0.0
20231230:2311,0.0,0.0,0.0,8.14,4.21,0.0
20231231:0011,0.0,0.0,0.0,7.57,3.72,0.0
20231231:0111,0.0,0.0,0.0,6.98,3.1,0.0
20231231:0211,0.0,0.0,0.0,6.48,2.21,0.0
20231231:0311,0.0,0.0,0.0,5.95,2.14,0.0
20231231:0411,0.0,0.0,0.0,5.77,2.62,0.0
20231231:0511,0.0,0.0,0.0,5.52,2.28,0.0
20231231:0611,0.0,0.0,0.0,4.99,3.03,0.0
20231231:0711,0.0,0.0,0.0,4.27,2.62,0.0
20231231:0811,0.0,0.0,0.0,4.09,2.55,0.0
20231231:0911,60973.0,44.44,3.77,3.59,2.76,0.0
20231231:1011,221996.0,124.06,8.62,3.91,3.31,0.0
20231231:1111,362802.0,191.38,11.66,4.98,3.38,0.0
20231231:1211,221766.0,125.0,12.64,5.69,3.93,0.0
20231231:1311,1030975.0,513.55,11.48,6.03,4.69,0.0
20231231:1411,654672.0,332.53,8.27,6.48,3.93,0.0
20231231:1511,307050.0,169.01,3.28,6.62,3.45,0.0
20231231:1611,0.0,0.0,0.0,5.72,3.45,0.0
20231231:1711,0.0,0.0,0.0,5.55,3.52,0.0
20231231:1811,0.0,0.0,0.0,5.36,3.66,0.0
20231231:1911,0.0,0.0,0.0,6.17,4.07,0.0
20231231:2011,0.0,0.0,0.0,6.22,4.28,0.0
20231231:2111,0.0,0.0,0.0,6.09,4.34,0.0
20231231:2211,0.0,0.0,0.0,6.09,4.34,0.0
20231231:2311,0.0,0.0,0.0,5.99,4.41,0.0

P: PV system power (W)
G(i): Global irradiance on the inclined plane (plane of the array) (W/m2)
H_sun: Sun height (degree)
T2m: 2-m air temperature (degree Celsius)
WS10m: 10-m total wind speed (m/s)
Int: 1 means solar radiation values are reconstructed



PVGIS (c) European Union, 2001-2026