Latitude (decimal degrees):	54.251
Longitude (decimal degrees):	-1.437
Elevation (m):	28
Radiation database:	PVGIS-SARAH3


Slope: 35 deg. 
Azimuth: 0 deg. 
Nominal power of the PV system (c-Si) (kWp):	2700.0
System losses (%):	14.0
time,P,G(i),H_sun,T2m,WS10m,Int
20230101:0011,0.0,0.0,0.0,8.38,3.86,0.0
20230101:0111,0.0,0.0,0.0,8.46,4.55,0.0
20230101:0211,0.0,0.0,0.0,8.21,5.03,0.0
20230101:0311,0.0,0.0,0.0,7.9,5.79,0.0
20230101:0411,0.0,0.0,0.0,7.64,6.55,0.0
20230101:0511,0.0,0.0,0.0,7.57,6.48,0.0
20230101:0611,0.0,0.0,0.0,7.59,6.55,0.0
20230101:0711,0.0,0.0,0.0,6.99,5.86,0.0
20230101:0811,0.0,0.0,0.0,6.79,5.93,0.0
20230101:0911,108729.0,61.78,3.8,6.77,6.0,0.0
20230101:1011,350136.0,162.1,8.67,7.57,6.21,0.0
20230101:1111,1291869.0,549.9,11.74,8.1,6.34,0.0
20230101:1211,1382103.0,588.89,12.74,8.55,6.55,0.0
20230101:1311,1263357.0,539.72,11.59,8.89,6.34,0.0
20230101:1411,811485.0,351.59,8.4,8.83,6.34,0.0
20230101:1511,67041.0,43.16,3.42,8.32,5.24,0.0
20230101:1611,0.0,0.0,0.0,7.52,4.55,0.0
20230101:1711,0.0,0.0,0.0,6.81,4.21,0.0
20230101:1811,0.0,0.0,0.0,6.37,4.34,0.0
20230101:1911,0.0,0.0,0.0,6.93,4.0,0.0
20230101:2011,0.0,0.0,0.0,6.81,3.66,0.0
20230101:2111,0.0,0.0,0.0,6.42,3.24,0.0
20230101:2211,0.0,0.0,0.0,6.22,3.03,0.0
20230101:2311,0.0,0.0,0.0,6.24,2.69,0.0
20230102:0011,0.0,0.0,0.0,6.45,2.62,0.0
20230102:0111,0.0,0.0,0.0,6.24,2.62,0.0
20230102:0211,0.0,0.0,0.0,5.72,2.55,0.0
20230102:0311,0.0,0.0,0.0,5.17,2.62,0.0
20230102:0411,0.0,0.0,0.0,4.96,2.9,0.0
20230102:0511,0.0,0.0,0.0,4.83,2.97,0.0
20230102:0611,0.0,0.0,0.0,3.99,2.62,0.0
20230102:0711,0.0,0.0,0.0,3.34,3.1,0.0
20230102:0811,0.0,0.0,0.0,2.33,2.83,0.0
20230102:0911,306909.0,143.28,3.84,1.44,2.62,0.0
20230102:1011,1036584.0,438.36,8.72,1.83,2.48,0.0
20230102:1111,1302129.0,553.05,11.8,3.13,2.48,0.0
20230102:1211,1304343.0,553.79,12.83,4.14,3.1,0.0
20230102:1311,1246131.0,530.01,11.7,4.67,3.17,0.0
20230102:1411,672597.0,291.54,8.52,4.83,3.24,0.0
20230102:1511,149148.0,79.02,3.54,4.38,2.69,0.0
20230102:1611,0.0,0.0,0.0,3.17,2.41,0.0
20230102:1711,0.0,0.0,0.0,1.99,2.21,0.0
20230102:1811,0.0,0.0,0.0,0.71,2.21,0.0
20230102:1911,0.0,0.0,0.0,-0.14,2.34,0.0
20230102:2011,0.0,0.0,0.0,-0.78,2.34,0.0
20230102:2111,0.0,0.0,0.0,-1.33,2.28,0.0
20230102:2211,0.0,0.0,0.0,-1.81,2.34,0.0
20230102:2311,0.0,0.0,0.0,-2.05,2.48,0.0
20230103:0011,0.0,0.0,0.0,-1.99,2.62,0.0
20230103:0111,0.0,0.0,0.0,-1.64,2.76,0.0
20230103:0211,0.0,0.0,0.0,-1.12,3.03,0.0
20230103:0311,0.0,0.0,0.0,-0.8,3.38,0.0
20230103:0411,0.0,0.0,0.0,-0.38,3.66,0.0
20230103:0511,0.0,0.0,0.0,0.21,4.21,0.0
20230103:0611,0.0,0.0,0.0,0.69,4.62,0.0
20230103:0711,0.0,0.0,0.0,0.88,4.97,0.0
20230103:0811,0.0,0.0,0.0,1.72,5.45,0.0
20230103:0911,32589.0,25.6,3.88,3.03,5.93,0.0
20230103:1011,113346.0,63.02,8.78,4.75,6.14,0.0
20230103:1111,110862.0,62.48,11.88,6.18,6.07,0.0
20230103:1211,789696.0,339.79,12.92,7.38,5.72,0.0
20230103:1311,217026.0,108.16,11.8,8.35,5.52,0.0
20230103:1411,58212.0,38.94,8.64,8.75,5.45,0.0
20230103:1511,4239.0,9.27,3.67,8.72,5.03,0.0
20230103:1611,0.0,0.0,0.0,8.43,5.38,0.0
20230103:1711,0.0,0.0,0.0,8.91,5.79,0.0
20230103:1811,0.0,0.0,0.0,9.71,6.0,0.0
20230103:1911,0.0,0.0,0.0,10.2,6.48,0.0
20230103:2011,0.0,0.0,0.0,10.38,6.34,0.0
20230103:2111,0.0,0.0,0.0,10.61,6.0,0.0
20230103:2211,0.0,0.0,0.0,10.96,6.28,0.0
20230103:2311,0.0,0.0,0.0,11.33,7.24,0.0
20230104:0011,0.0,0.0,0.0,11.52,7.86,0.0
20230104:0111,0.0,0.0,0.0,11.72,8.28,0.0
20230104:0211,0.0,0.0,0.0,11.9,8.21,0.0
20230104:0311,0.0,0.0,0.0,11.52,8.14,0.0
20230104:0411,0.0,0.0,0.0,11.31,8.62,0.0
20230104:0511,0.0,0.0,0.0,11.16,8.97,0.0
20230104:0611,0.0,0.0,0.0,10.64,9.03,0.0
20230104:0711,0.0,0.0,0.0,10.39,9.03,0.0
20230104:0811,0.0,0.0,0.0,10.13,9.17,0.0
20230104:0911,381105.0,178.46,3.93,10.0,9.24,0.0
20230104:1011,874908.0,377.72,8.85,10.08,9.17,0.0
20230104:1111,1139346.0,486.32,11.97,10.21,9.17,0.0
20230104:1211,1215675.0,518.03,13.02,10.34,9.45,0.0
20230104:1311,1067337.0,456.55,11.92,10.35,9.17,0.0
20230104:1411,672354.0,294.88,8.76,10.18,8.83,0.0
20230104:1511,289467.0,140.26,3.81,9.84,8.55,0.0
20230104:1611,0.0,0.0,0.0,9.6,8.34,0.0
20230104:1711,0.0,0.0,0.0,9.82,8.14,0.0
20230104:1811,0.0,0.0,0.0,9.78,7.79,0.0
20230104:1911,0.0,0.0,0.0,9.85,7.52,0.0
20230104:2011,0.0,0.0,0.0,9.77,7.31,0.0
20230104:2111,0.0,0.0,0.0,9.74,7.17,0.0
20230104:2211,0.0,0.0,0.0,9.65,6.97,0.0
20230104:2311,0.0,0.0,0.0,9.53,6.62,0.0
20230105:0011,0.0,0.0,0.0,9.27,6.14,0.0
20230105:0111,0.0,0.0,0.0,9.27,5.79,0.0
20230105:0211,0.0,0.0,0.0,9.37,5.31,0.0
20230105:0311,0.0,0.0,0.0,9.37,4.76,0.0
20230105:0411,0.0,0.0,0.0,9.28,4.21,0.0
20230105:0511,0.0,0.0,0.0,9.08,3.66,0.0
20230105:0611,0.0,0.0,0.0,8.84,3.45,0.0
20230105:0711,0.0,0.0,0.0,8.84,2.9,0.0
20230105:0811,0.0,0.0,0.0,8.76,2.97,0.0
20230105:0911,29322.0,24.41,3.99,8.67,2.97,0.0
20230105:1011,70227.0,44.58,8.93,8.75,3.03,0.0
20230105:1111,44874.0,32.45,12.06,9.02,3.31,0.0
20230105:1211,291222.0,139.59,13.13,9.28,4.0,0.0
20230105:1311,65637.0,42.65,12.04,9.71,4.41,0.0
20230105:1411,50085.0,35.23,8.9,10.64,4.9,0.0
20230105:1511,2997.0,8.34,3.95,10.85,5.03,0.0
20230105:1611,0.0,0.0,0.0,10.64,5.38,0.0
20230105:1711,0.0,0.0,0.0,10.28,5.86,0.0
20230105:1811,0.0,0.0,0.0,10.39,6.28,0.0
20230105:1911,0.0,0.0,0.0,10.65,6.62,0.0
20230105:2011,0.0,0.0,0.0,10.92,7.24,0.0
20230105:2111,0.0,0.0,0.0,11.09,7.45,0.0
20230105:2211,0.0,0.0,0.0,10.67,7.03,0.0
20230105:2311,0.0,0.0,0.0,9.2,6.69,0.0
20230106:0011,0.0,0.0,0.0,7.77,5.79,0.0
20230106:0111,0.0,0.0,0.0,7.58,5.93,0.0
20230106:0211,0.0,0.0,0.0,7.48,6.48,0.0
20230106:0311,0.0,0.0,0.0,7.04,6.55,0.0
20230106:0411,0.0,0.0,0.0,6.87,6.62,0.0
20230106:0511,0.0,0.0,0.0,6.76,6.97,0.0
20230106:0611,0.0,0.0,0.0,6.69,7.03,0.0
20230106:0711,0.0,0.0,0.0,6.99,7.24,0.0
20230106:0811,0.0,0.0,0.0,6.98,7.24,0.0
20230106:0911,0.0,5.56,4.05,7.01,6.9,0.0
20230106:1011,43416.0,31.52,9.01,7.45,6.55,0.0
20230106:1111,41445.0,30.59,12.16,8.08,6.28,0.0
20230106:1211,207009.0,104.33,13.24,8.69,5.03,0.0
20230106:1311,104868.0,60.51,12.17,9.05,5.1,0.0
20230106:1411,9558.0,12.98,9.03,9.07,5.17,0.0
20230106:1511,32616.0,26.16,4.09,8.94,4.62,0.0
20230106:1611,0.0,0.0,0.0,8.4,4.21,0.0
20230106:1711,0.0,0.0,0.0,7.64,4.21,0.0
20230106:1811,0.0,0.0,0.0,7.7,4.76,0.0
20230106:1911,0.0,0.0,0.0,7.77,4.83,0.0
20230106:2011,0.0,0.0,0.0,7.52,5.17,0.0
20230106:2111,0.0,0.0,0.0,7.71,5.38,0.0
20230106:2211,0.0,0.0,0.0,8.47,5.72,0.0
20230106:2311,0.0,0.0,0.0,9.64,5.72,0.0
20230107:0011,0.0,0.0,0.0,10.76,6.34,0.0
20230107:0111,0.0,0.0,0.0,11.22,6.62,0.0
20230107:0211,0.0,0.0,0.0,11.12,7.24,0.0
20230107:0311,0.0,0.0,0.0,10.98,7.86,0.0
20230107:0411,0.0,0.0,0.0,11.03,8.28,0.0
20230107:0511,0.0,0.0,0.0,11.05,8.62,0.0
20230107:0611,0.0,0.0,0.0,10.92,8.9,0.0
20230107:0711,0.0,0.0,0.0,10.96,8.34,0.0
20230107:0811,0.0,0.0,0.0,10.73,8.62,0.0
20230107:0911,6723.0,11.13,4.13,10.4,8.55,0.0
20230107:1011,15417.0,16.69,9.1,10.16,8.0,0.0
20230107:1111,30321.0,25.03,12.26,10.01,7.52,0.0
20230107:1211,1168452.0,500.81,13.37,9.97,6.76,0.0
20230107:1311,1205658.0,518.11,12.31,10.21,6.34,0.0
20230107:1411,627642.0,277.65,9.18,10.15,6.07,0.0
20230107:1511,86454.0,52.3,4.24,9.43,5.38,0.0
20230107:1611,0.0,0.0,0.0,8.68,5.59,0.0
20230107:1711,0.0,0.0,0.0,7.94,6.21,0.0
20230107:1811,0.0,0.0,0.0,7.73,6.21,0.0
20230107:1911,0.0,0.0,0.0,7.88,5.52,0.0
20230107:2011,0.0,0.0,0.0,7.25,5.45,0.0
20230107:2111,0.0,0.0,0.0,6.56,6.0,0.0
20230107:2211,0.0,0.0,0.0,6.28,6.97,0.0
20230107:2311,0.0,0.0,0.0,6.42,7.31,0.0
20230108:0011,0.0,0.0,0.0,6.69,7.38,0.0
20230108:0111,0.0,0.0,0.0,7.16,7.59,0.0
20230108:0211,0.0,0.0,0.0,7.1,7.17,0.0
20230108:0311,0.0,0.0,0.0,7.18,6.69,0.0
20230108:0411,0.0,0.0,0.0,7.28,6.21,0.0
20230108:0511,0.0,0.0,0.0,7.19,5.72,0.0
20230108:0611,0.0,0.0,0.0,7.02,5.17,0.0
20230108:0711,0.0,0.0,0.0,6.31,4.83,0.0
20230108:0811,0.0,0.0,0.0,5.98,4.97,0.0
20230108:0911,9774.0,12.98,4.2,5.66,5.17,0.0
20230108:1011,396144.0,179.85,9.19,6.06,5.38,0.0
20230108:1111,289980.0,137.24,12.38,6.5,5.72,0.0
20230108:1211,394065.0,179.31,13.5,6.76,6.83,0.0
20230108:1311,45414.0,32.45,12.45,6.99,6.69,0.0
20230108:1411,194319.0,97.78,9.33,6.4,6.28,0.0
20230108:1511,140535.0,75.49,4.4,6.17,6.07,0.0
20230108:1611,0.0,0.0,0.0,5.59,4.97,0.0
20230108:1711,0.0,0.0,0.0,5.32,4.34,0.0
20230108:1811,0.0,0.0,0.0,4.43,4.07,0.0
20230108:1911,0.0,0.0,0.0,4.26,4.07,0.0
20230108:2011,0.0,0.0,0.0,4.21,4.28,0.0
20230108:2111,0.0,0.0,0.0,4.17,4.48,0.0
20230108:2211,0.0,0.0,0.0,4.2,4.9,0.0
20230108:2311,0.0,0.0,0.0,4.55,4.9,0.0
20230109:0011,0.0,0.0,0.0,4.97,4.55,0.0
20230109:0111,0.0,0.0,0.0,5.25,4.0,0.0
20230109:0211,0.0,0.0,0.0,5.29,3.86,0.0
20230109:0311,0.0,0.0,0.0,5.24,3.86,0.0
20230109:0411,0.0,0.0,0.0,5.26,3.86,0.0
20230109:0511,0.0,0.0,0.0,5.17,3.59,0.0
20230109:0611,0.0,0.0,0.0,5.18,3.45,0.0
20230109:0711,0.0,0.0,0.0,5.53,4.14,0.0
20230109:0811,0.0,0.0,0.0,5.26,4.21,0.0
20230109:0911,34425.0,26.75,4.29,5.22,4.62,0.0
20230109:1011,206415.0,102.57,9.3,5.63,4.97,0.0
20230109:1111,1110186.0,470.53,12.5,6.18,5.38,0.0
20230109:1211,1297107.0,550.39,13.64,6.59,5.24,0.0
20230109:1311,1197693.0,506.14,12.6,6.68,6.55,0.0
20230109:1411,759402.0,326.46,9.49,6.65,6.83,0.0
20230109:1511,274833.0,132.15,4.57,6.47,6.21,0.0
20230109:1611,0.0,0.0,0.0,6.12,6.21,0.0
20230109:1711,0.0,0.0,0.0,5.92,6.28,0.0
20230109:1811,0.0,0.0,0.0,6.04,6.41,0.0
20230109:1911,0.0,0.0,0.0,6.04,6.0,0.0
20230109:2011,0.0,0.0,0.0,6.2,5.66,0.0
20230109:2111,0.0,0.0,0.0,6.09,5.38,0.0
20230109:2211,0.0,0.0,0.0,5.85,5.45,0.0
20230109:2311,0.0,0.0,0.0,5.91,5.38,0.0
20230110:0011,0.0,0.0,0.0,5.62,4.9,0.0
20230110:0111,0.0,0.0,0.0,5.24,4.14,0.0
20230110:0211,0.0,0.0,0.0,4.97,3.59,0.0
20230110:0311,0.0,0.0,0.0,4.81,3.52,0.0
20230110:0411,0.0,0.0,0.0,4.72,3.38,0.0
20230110:0511,0.0,0.0,0.0,4.42,3.59,0.0
20230110:0611,0.0,0.0,0.0,4.49,3.79,0.0
20230110:0711,0.0,0.0,0.0,4.63,4.41,0.0
20230110:0811,0.0,0.0,0.0,4.74,5.1,0.0
20230110:0911,3186.0,8.34,4.38,4.67,6.69,0.0
20230110:1011,24192.0,21.32,9.41,4.82,7.38,0.0
20230110:1111,47601.0,33.38,12.63,5.73,7.24,0.0
20230110:1211,80703.0,49.14,13.78,6.72,6.48,0.0
20230110:1311,78165.0,48.21,12.76,8.01,6.14,0.0
20230110:1411,39312.0,29.67,9.66,9.4,5.79,0.0
20230110:1511,15336.0,16.69,4.74,10.87,6.34,0.0
20230110:1611,0.0,0.0,0.0,11.7,7.52,0.0
20230110:1711,0.0,0.0,0.0,11.91,8.14,0.0
20230110:1811,0.0,0.0,0.0,12.03,8.62,0.0
20230110:1911,0.0,0.0,0.0,12.17,9.59,0.0
20230110:2011,0.0,0.0,0.0,11.42,9.45,0.0
20230110:2111,0.0,0.0,0.0,9.69,8.14,0.0
20230110:2211,0.0,0.0,0.0,9.31,7.66,0.0
20230110:2311,0.0,0.0,0.0,8.64,7.79,0.0
20230111:0011,0.0,0.0,0.0,7.71,7.59,0.0
20230111:0111,0.0,0.0,0.0,7.14,7.31,0.0
20230111:0211,0.0,0.0,0.0,6.6,6.97,0.0
20230111:0311,0.0,0.0,0.0,6.5,7.24,0.0
20230111:0411,0.0,0.0,0.0,6.67,7.38,0.0
20230111:0511,0.0,0.0,0.0,6.46,7.24,0.0
20230111:0611,0.0,0.0,0.0,6.51,7.24,0.0
20230111:0711,0.0,0.0,0.0,6.63,7.31,0.0
20230111:0811,0.0,0.0,0.0,6.72,7.59,0.0
20230111:0911,241002.0,118.2,4.49,6.59,7.66,0.0
20230111:1011,563544.0,247.42,9.53,7.01,8.0,0.0
20230111:1111,1181061.0,499.17,12.76,7.44,7.86,0.0
20230111:1211,1159191.0,491.99,13.93,7.79,6.9,0.0
20230111:1311,130761.0,71.52,12.93,7.34,6.83,0.0
20230111:1411,14175.0,15.76,9.83,6.74,6.83,0.0
20230111:1511,74493.0,46.15,4.91,6.35,6.83,0.0
20230111:1611,0.0,0.0,0.0,5.61,6.76,0.0
20230111:1711,0.0,0.0,0.0,5.2,6.21,0.0
20230111:1811,0.0,0.0,0.0,5.19,6.14,0.0
20230111:1911,0.0,0.0,0.0,5.83,6.41,0.0
20230111:2011,0.0,0.0,0.0,5.84,6.48,0.0
20230111:2111,0.0,0.0,0.0,5.92,6.14,0.0
20230111:2211,0.0,0.0,0.0,6.0,5.86,0.0
20230111:2311,0.0,0.0,0.0,6.18,5.24,0.0
20230112:0011,0.0,0.0,0.0,6.66,4.34,0.0
20230112:0111,0.0,0.0,0.0,7.01,3.72,0.0
20230112:0211,0.0,0.0,0.0,7.37,2.55,0.0
20230112:0311,0.0,0.0,0.0,8.15,3.72,0.0
20230112:0411,0.0,0.0,0.0,8.35,5.03,0.0
20230112:0511,0.0,0.0,0.0,8.27,4.76,0.0
20230112:0611,0.0,0.0,0.0,8.41,4.34,0.0
20230112:0711,0.0,0.0,0.0,7.23,3.31,0.0
20230112:0811,0.0,0.0,0.0,6.63,2.41,0.0
20230112:0911,54864.0,37.06,4.59,6.76,2.97,0.0
20230112:1011,108405.0,61.89,9.65,8.39,3.93,0.0
20230112:1111,67662.0,43.57,12.91,9.5,5.03,0.0
20230112:1211,128331.0,71.3,14.09,10.38,7.03,0.0
20230112:1311,52137.0,36.16,13.1,10.09,8.28,0.0
20230112:1411,846963.0,364.22,10.01,8.63,8.21,0.0
20230112:1511,279585.0,134.44,5.1,7.74,8.41,0.0
20230112:1611,0.0,0.0,0.0,6.95,8.76,0.0
20230112:1711,0.0,0.0,0.0,6.75,8.97,0.0
20230112:1811,0.0,0.0,0.0,6.5,9.38,0.0
20230112:1911,0.0,0.0,0.0,7.22,9.93,0.0
20230112:2011,0.0,0.0,0.0,7.18,10.76,0.0
20230112:2111,0.0,0.0,0.0,7.12,11.17,0.0
20230112:2211,0.0,0.0,0.0,6.63,11.66,0.0
20230112:2311,0.0,0.0,0.0,5.67,11.31,0.0
20230113:0011,0.0,0.0,0.0,5.21,10.9,0.0
20230113:0111,0.0,0.0,0.0,5.77,10.97,0.0
20230113:0211,0.0,0.0,0.0,6.27,11.1,0.0
20230113:0311,0.0,0.0,0.0,6.52,10.83,0.0
20230113:0411,0.0,0.0,0.0,6.52,10.62,0.0
20230113:0511,0.0,0.0,0.0,6.67,10.41,0.0
20230113:0611,0.0,0.0,0.0,6.67,10.0,0.0
20230113:0711,0.0,0.0,0.0,7.06,9.52,0.0
20230113:0811,0.0,0.0,0.0,6.91,9.1,0.0
20230113:0911,90207.0,53.44,4.71,6.77,8.62,0.0
20230113:1011,668034.0,289.5,9.78,7.11,8.28,0.0
20230113:1111,1355832.0,572.58,13.06,7.58,8.0,0.0
20230113:1211,916164.0,391.04,14.26,7.76,7.24,0.0
20230113:1311,850446.0,364.09,13.27,7.91,7.79,0.0
20230113:1411,154089.0,81.36,10.2,7.78,7.66,0.0
20230113:1511,423171.0,193.52,5.28,7.4,6.83,0.0
20230113:1611,0.0,0.0,0.0,7.09,6.55,0.0
20230113:1711,0.0,0.0,0.0,6.45,6.34,0.0
20230113:1811,0.0,0.0,0.0,5.98,6.55,0.0
20230113:1911,0.0,0.0,0.0,6.13,5.52,0.0
20230113:2011,0.0,0.0,0.0,5.8,4.69,0.0
20230113:2111,0.0,0.0,0.0,5.62,4.14,0.0
20230113:2211,0.0,0.0,0.0,5.44,3.59,0.0
20230113:2311,0.0,0.0,0.0,4.94,3.38,0.0
20230114:0011,0.0,0.0,0.0,4.63,3.79,0.0
20230114:0111,0.0,0.0,0.0,4.68,4.48,0.0
20230114:0211,0.0,0.0,0.0,4.95,5.31,0.0
20230114:0311,0.0,0.0,0.0,5.75,6.34,0.0
20230114:0411,0.0,0.0,0.0,6.42,6.97,0.0
20230114:0511,0.0,0.0,0.0,6.59,6.97,0.0
20230114:0611,0.0,0.0,0.0,6.77,6.76,0.0
20230114:0711,0.0,0.0,0.0,7.97,5.86,0.0
20230114:0811,0.0,0.0,0.0,8.38,4.83,0.0
20230114:0911,20358.0,19.47,4.83,8.62,4.69,0.0
20230114:1011,154332.0,81.71,9.92,8.25,5.66,0.0
20230114:1111,1364337.0,579.22,13.22,7.69,6.55,0.0
20230114:1211,1484406.0,626.93,14.43,7.23,7.45,0.0
20230114:1311,1262574.0,531.15,13.46,6.5,7.59,0.0
20230114:1411,969894.0,409.9,10.39,5.78,7.66,0.0
20230114:1511,543969.0,240.28,5.48,5.1,8.07,0.0
20230114:1611,0.0,0.0,0.0,4.58,7.79,0.0
20230114:1711,0.0,0.0,0.0,4.45,8.0,0.0
20230114:1811,0.0,0.0,0.0,4.25,8.21,0.0
20230114:1911,0.0,0.0,0.0,4.3,8.76,0.0
20230114:2011,0.0,0.0,0.0,4.44,9.31,0.0
20230114:2111,0.0,0.0,0.0,4.59,9.72,0.0
20230114:2211,0.0,0.0,0.0,4.43,10.21,0.0
20230114:2311,0.0,0.0,0.0,4.23,10.69,0.0
20230115:0011,0.0,0.0,0.0,4.0,10.76,0.0
20230115:0111,0.0,0.0,0.0,3.96,10.69,0.0
20230115:0211,0.0,0.0,0.0,3.87,10.9,0.0
20230115:0311,0.0,0.0,0.0,3.72,11.03,0.0
20230115:0411,0.0,0.0,0.0,3.51,10.97,0.0
20230115:0511,0.0,0.0,0.0,3.08,10.21,0.0
20230115:0611,0.0,0.0,0.0,2.98,9.03,0.0
20230115:0711,0.0,0.0,0.0,3.44,7.1,0.0
20230115:0811,0.0,0.0,0.0,3.88,5.66,0.0
20230115:0911,360099.0,166.25,4.96,4.27,4.76,0.0
20230115:1011,678834.0,293.05,10.07,4.78,4.41,0.0
20230115:1111,1354752.0,575.81,13.38,5.48,4.14,0.0
20230115:1211,1425708.0,610.2,14.61,6.18,3.66,0.0
20230115:1311,1340064.0,573.41,13.65,6.46,3.72,0.0
20230115:1411,722412.0,313.7,10.58,6.42,3.45,0.0
20230115:1511,126252.0,69.18,5.68,5.86,3.03,0.0
20230115:1611,0.0,0.0,0.0,4.68,2.9,0.0
20230115:1711,0.0,0.0,0.0,3.7,2.55,0.0
20230115:1811,0.0,0.0,0.0,2.86,2.07,0.0
20230115:1911,0.0,0.0,0.0,1.51,1.72,0.0
20230115:2011,0.0,0.0,0.0,0.55,1.66,0.0
20230115:2111,0.0,0.0,0.0,-0.25,1.79,0.0
20230115:2211,0.0,0.0,0.0,-0.42,1.59,0.0
20230115:2311,0.0,0.0,0.0,0.24,1.03,0.0
20230116:0011,0.0,0.0,0.0,0.82,0.48,0.0
20230116:0111,0.0,0.0,0.0,-0.73,1.24,0.0
20230116:0211,0.0,0.0,0.0,-1.48,1.79,0.0
20230116:0311,0.0,0.0,0.0,-1.36,2.14,0.0
20230116:0411,0.0,0.0,0.0,-0.27,2.76,0.0
20230116:0511,0.0,0.0,0.0,0.1,3.31,0.0
20230116:0611,0.0,0.0,0.0,0.3,3.66,0.0
20230116:0711,0.0,0.0,0.0,-0.2,4.0,0.0
20230116:0811,0.0,0.0,0.0,0.13,4.83,0.0
20230116:0911,76464.0,46.08,5.09,0.47,5.59,0.0
20230116:1011,180819.0,90.32,10.22,0.77,4.83,0.0
20230116:1111,730701.0,308.0,13.55,0.86,4.69,0.0
20230116:1211,1503954.0,624.43,14.8,1.08,4.9,0.0
20230116:1311,1462266.0,608.29,13.85,1.15,4.55,0.0
20230116:1411,1126548.0,470.65,10.79,1.02,3.72,0.0
20230116:1511,474498.0,209.23,5.88,0.46,3.52,0.0
20230116:1611,0.0,0.0,0.0,-0.81,3.24,0.0
20230116:1711,0.0,0.0,0.0,-2.02,2.97,0.0
20230116:1811,0.0,0.0,0.0,-2.62,2.9,0.0
20230116:1911,0.0,0.0,0.0,-2.97,2.62,0.0
20230116:2011,0.0,0.0,0.0,-3.25,2.55,0.0
20230116:2111,0.0,0.0,0.0,-3.46,2.55,0.0
20230116:2211,0.0,0.0,0.0,-3.63,2.48,0.0
20230116:2311,0.0,0.0,0.0,-3.86,2.41,0.0
20230117:0011,0.0,0.0,0.0,-4.05,2.41,0.0
20230117:0111,0.0,0.0,0.0,-4.21,2.41,0.0
20230117:0211,0.0,0.0,0.0,-4.35,2.34,0.0
20230117:0311,0.0,0.0,0.0,-4.48,2.41,0.0
20230117:0411,0.0,0.0,0.0,-4.39,2.55,0.0
20230117:0511,0.0,0.0,0.0,-4.2,2.69,0.0
20230117:0611,0.0,0.0,0.0,-3.99,2.76,0.0
20230117:0711,0.0,0.0,0.0,-4.04,2.76,0.0
20230117:0811,0.0,0.0,0.0,-4.0,2.76,0.0
20230117:0911,507951.0,220.03,5.24,-3.74,2.69,0.0
20230117:1011,634203.0,268.24,10.38,-2.16,2.69,0.0
20230117:1111,1352241.0,564.34,13.73,-0.27,2.83,0.0
20230117:1211,1547289.0,649.65,14.99,0.89,3.24,0.0
20230117:1311,1468746.0,617.01,14.05,1.58,3.38,0.0
20230117:1411,1206900.0,506.73,10.99,1.76,3.45,0.0
20230117:1511,583308.0,253.87,6.09,1.27,3.38,0.0
20230117:1611,0.0,0.0,0.0,0.0,3.31,0.0
20230117:1711,0.0,0.0,0.0,-1.05,3.45,0.0
20230117:1811,0.0,0.0,0.0,-1.39,3.66,0.0
20230117:1911,0.0,0.0,0.0,-1.09,3.72,0.0
20230117:2011,0.0,0.0,0.0,-0.82,3.79,0.0
20230117:2111,0.0,0.0,0.0,-0.67,3.79,0.0
20230117:2211,0.0,0.0,0.0,-0.48,3.86,0.0
20230117:2311,0.0,0.0,0.0,-0.41,3.79,0.0
20230118:0011,0.0,0.0,0.0,-0.58,3.79,0.0
20230118:0111,0.0,0.0,0.0,-0.41,4.0,0.0
20230118:0211,0.0,0.0,0.0,-0.45,4.21,0.0
20230118:0311,0.0,0.0,0.0,-0.31,4.41,0.0
20230118:0411,0.0,0.0,0.0,-0.11,4.55,0.0
20230118:0511,0.0,0.0,0.0,0.19,4.55,0.0
20230118:0611,0.0,0.0,0.0,0.62,4.62,0.0
20230118:0711,0.0,0.0,0.0,0.46,5.1,0.0
20230118:0811,0.0,0.0,0.0,0.49,5.03,0.0
20230118:0911,559143.0,243.42,5.39,0.45,4.97,0.0
20230118:1011,978939.0,408.24,10.55,1.18,5.17,0.0
20230118:1111,1351485.0,563.22,13.91,2.28,5.03,0.0
20230118:1211,1482408.0,622.22,15.19,3.03,4.55,0.0
20230118:1311,1421955.0,596.88,14.26,3.51,4.83,0.0
20230118:1411,937845.0,395.62,11.21,3.61,5.1,0.0
20230118:1511,639414.0,277.97,6.3,3.27,4.69,0.0
20230118:1611,0.0,0.0,0.0,2.46,4.41,0.0
20230118:1711,0.0,0.0,0.0,1.73,4.34,0.0
20230118:1811,0.0,0.0,0.0,1.53,4.41,0.0
20230118:1911,0.0,0.0,0.0,1.46,3.93,0.0
20230118:2011,0.0,0.0,0.0,0.31,3.72,0.0
20230118:2111,0.0,0.0,0.0,-0.4,3.72,0.0
20230118:2211,0.0,0.0,0.0,-0.92,3.72,0.0
20230118:2311,0.0,0.0,0.0,-1.27,3.66,0.0
20230119:0011,0.0,0.0,0.0,-1.51,3.52,0.0
20230119:0111,0.0,0.0,0.0,-1.65,3.38,0.0
20230119:0211,0.0,0.0,0.0,-1.83,3.24,0.0
20230119:0311,0.0,0.0,0.0,-1.98,3.03,0.0
20230119:0411,0.0,0.0,0.0,-2.14,2.9,0.0
20230119:0511,0.0,0.0,0.0,-2.31,2.69,0.0
20230119:0611,0.0,0.0,0.0,-2.48,2.41,0.0
20230119:0711,0.0,0.0,0.0,-2.49,2.62,0.0
20230119:0811,0.0,0.0,0.0,-2.6,2.55,0.0
20230119:0911,395766.0,176.36,5.54,-2.53,2.48,0.0
20230119:1011,1005669.0,420.5,10.72,-0.78,2.41,0.0
20230119:1111,1372005.0,577.7,14.11,1.21,2.62,0.0
20230119:1211,1496340.0,632.08,15.4,2.44,3.24,0.0
20230119:1311,1277586.0,537.79,14.47,2.99,3.66,0.0
20230119:1411,555390.0,241.56,11.43,3.01,3.93,0.0
20230119:1511,525663.0,231.36,6.52,2.6,4.0,0.0
20230119:1611,0.0,0.0,0.0,2.02,4.34,0.0
20230119:1711,0.0,0.0,0.0,1.91,4.76,0.0
20230119:1811,0.0,0.0,0.0,2.32,4.9,0.0
20230119:1911,0.0,0.0,0.0,1.86,4.76,0.0
20230119:2011,0.0,0.0,0.0,1.65,4.62,0.0
20230119:2111,0.0,0.0,0.0,1.43,4.62,0.0
20230119:2211,0.0,0.0,0.0,1.42,4.55,0.0
20230119:2311,0.0,0.0,0.0,1.19,4.48,0.0
20230120:0011,0.0,0.0,0.0,1.0,4.34,0.0
20230120:0111,0.0,0.0,0.0,0.68,4.28,0.0
20230120:0211,0.0,0.0,0.0,0.49,4.28,0.0
20230120:0311,0.0,0.0,0.0,0.3,4.21,0.0
20230120:0411,0.0,0.0,0.0,0.15,4.21,0.0
20230120:0511,0.0,0.0,0.0,0.04,4.14,0.0
20230120:0611,0.0,0.0,0.0,-0.08,4.21,0.0
20230120:0711,0.0,0.0,0.0,0.4,4.28,0.0
20230120:0811,0.0,0.0,0.0,0.48,4.14,0.0
20230120:0911,67959.0,42.29,5.7,0.76,4.0,0.0
20230120:1011,141183.0,74.37,10.91,1.85,4.07,0.0
20230120:1111,619326.0,267.33,14.3,3.01,3.52,0.0
20230120:1211,647946.0,279.61,15.61,4.05,4.21,0.0
20230120:1311,441153.0,197.27,14.69,4.52,4.28,0.0
20230120:1411,677295.0,292.6,11.65,4.62,3.72,0.0
20230120:1511,404244.0,183.82,6.75,4.41,3.45,0.0
20230120:1611,0.0,0.0,0.0,3.72,3.03,0.0
20230120:1711,0.0,0.0,0.0,2.46,2.9,0.0
20230120:1811,0.0,0.0,0.0,1.59,2.69,0.0
20230120:1911,0.0,0.0,0.0,0.81,2.55,0.0
20230120:2011,0.0,0.0,0.0,0.13,2.21,0.0
20230120:2111,0.0,0.0,0.0,-0.79,2.07,0.0
20230120:2211,0.0,0.0,0.0,-1.43,1.86,0.0
20230120:2311,0.0,0.0,0.0,-1.48,1.52,0.0
20230121:0011,0.0,0.0,0.0,-1.41,1.38,0.0
20230121:0111,0.0,0.0,0.0,-0.29,1.03,0.0
20230121:0211,0.0,0.0,0.0,0.53,0.76,0.0
20230121:0311,0.0,0.0,0.0,0.57,0.14,0.0
20230121:0411,0.0,0.0,0.0,0.31,0.97,0.0
20230121:0511,0.0,0.0,0.0,-1.51,1.52,0.0
20230121:0611,0.0,0.0,0.0,-1.63,1.66,0.0
20230121:0711,0.0,0.0,0.0,-1.94,1.24,0.0
20230121:0811,0.0,0.0,0.0,-2.3,1.03,0.0
20230121:0911,255771.0,120.37,5.87,-2.73,1.31,0.0
20230121:1011,477900.0,208.51,11.09,-1.15,1.38,0.0
20230121:1111,320868.0,147.43,14.51,0.67,1.72,0.0
20230121:1211,411885.0,184.55,15.83,2.01,2.28,0.0
20230121:1311,476199.0,210.01,14.92,2.32,2.83,0.0
20230121:1411,485487.0,213.47,11.88,2.27,3.03,0.0
20230121:1511,222426.0,108.11,6.97,1.62,2.97,0.0
20230121:1611,0.0,0.0,0.0,0.18,2.97,0.0
20230121:1711,0.0,0.0,0.0,-1.42,2.97,0.0
20230121:1811,0.0,0.0,0.0,-2.32,2.9,0.0
20230121:1911,0.0,0.0,0.0,-2.17,2.83,0.0
20230121:2011,0.0,0.0,0.0,-2.47,2.69,0.0
20230121:2111,0.0,0.0,0.0,-2.66,2.83,0.0
20230121:2211,0.0,0.0,0.0,-2.35,2.9,0.0
20230121:2311,0.0,0.0,0.0,-2.44,2.97,0.0
20230122:0011,0.0,0.0,0.0,-2.51,3.03,0.0
20230122:0111,0.0,0.0,0.0,-2.27,2.9,0.0
20230122:0211,0.0,0.0,0.0,-2.47,2.83,0.0
20230122:0311,0.0,0.0,0.0,-2.67,2.9,0.0
20230122:0411,0.0,0.0,0.0,-2.48,2.97,0.0
20230122:0511,0.0,0.0,0.0,-2.34,2.97,0.0
20230122:0611,0.0,0.0,0.0,-2.03,2.97,0.0
20230122:0711,0.0,0.0,0.0,-2.13,2.83,0.0
20230122:0811,0.0,0.0,0.0,-2.06,2.76,0.0
20230122:0911,3375.0,8.34,6.05,-1.57,2.9,0.0
20230122:1011,107433.0,59.5,11.29,-0.55,2.83,0.0
20230122:1111,30078.0,24.1,14.72,0.58,2.62,0.0
20230122:1211,31725.0,25.03,16.05,1.46,2.83,0.0
20230122:1311,52245.0,35.23,15.16,2.41,2.9,0.0
20230122:1411,57942.0,38.01,12.12,2.98,2.69,0.0
20230122:1511,29700.0,24.1,7.21,2.87,2.48,0.0
20230122:1611,0.0,0.0,0.0,2.47,2.55,0.0
20230122:1711,0.0,0.0,0.0,1.91,2.69,0.0
20230122:1811,0.0,0.0,0.0,1.67,2.62,0.0
20230122:1911,0.0,0.0,0.0,0.83,1.86,0.0
20230122:2011,0.0,0.0,0.0,0.78,2.07,0.0
20230122:2111,0.0,0.0,0.0,0.7,2.0,0.0
20230122:2211,0.0,0.0,0.0,0.35,2.0,0.0
20230122:2311,0.0,0.0,0.0,0.2,2.07,0.0
20230123:0011,0.0,0.0,0.0,0.38,1.86,0.0
20230123:0111,0.0,0.0,0.0,0.16,1.86,0.0
20230123:0211,0.0,0.0,0.0,-0.12,2.07,0.0
20230123:0311,0.0,0.0,0.0,-0.12,2.21,0.0
20230123:0411,0.0,0.0,0.0,0.0,2.21,0.0
20230123:0511,0.0,0.0,0.0,-0.27,2.28,0.0
20230123:0611,0.0,0.0,0.0,-0.47,2.07,0.0
20230123:0711,0.0,0.0,0.0,0.73,2.07,0.0
20230123:0811,0.0,0.0,0.0,0.96,2.21,0.0
20230123:0911,157383.0,81.21,6.23,0.95,2.28,0.0
20230123:1011,76545.0,46.36,11.49,1.4,2.34,0.0
20230123:1111,811431.0,345.2,14.94,2.17,2.28,0.0
20230123:1211,183222.0,92.77,16.28,3.14,2.34,0.0
20230123:1311,386019.0,175.73,15.39,4.43,2.55,0.0
20230123:1411,327321.0,152.08,12.36,4.85,2.55,0.0
20230123:1511,55944.0,37.25,7.45,4.67,2.41,0.0
20230123:1611,0.0,0.0,0.0,4.23,2.28,0.0
20230123:1711,0.0,0.0,0.0,3.47,2.14,0.0
20230123:1811,0.0,0.0,0.0,3.3,2.0,0.0
20230123:1911,0.0,0.0,0.0,2.89,1.93,0.0
20230123:2011,0.0,0.0,0.0,2.22,2.0,0.0
20230123:2111,0.0,0.0,0.0,1.95,2.0,0.0
20230123:2211,0.0,0.0,0.0,1.83,1.93,0.0
20230123:2311,0.0,0.0,0.0,1.68,1.93,0.0
20230124:0011,0.0,0.0,0.0,1.45,1.86,0.0
20230124:0111,0.0,0.0,0.0,1.49,1.59,0.0
20230124:0211,0.0,0.0,0.0,1.36,1.52,0.0
20230124:0311,0.0,0.0,0.0,1.62,1.45,0.0
20230124:0411,0.0,0.0,0.0,2.12,1.52,0.0
20230124:0511,0.0,0.0,0.0,2.38,1.66,0.0
20230124:0611,0.0,0.0,0.0,2.91,1.79,0.0
20230124:0711,0.0,0.0,0.0,3.1,2.14,0.0
20230124:0811,0.0,0.0,0.0,3.51,1.93,0.0
20230124:0911,3213.0,8.34,6.42,3.84,1.93,0.0
20230124:1011,51489.0,35.23,11.69,5.08,1.93,0.0
20230124:1111,103248.0,59.33,15.16,6.21,2.14,0.0
20230124:1211,104949.0,60.26,16.52,7.03,2.9,0.0
20230124:1311,123606.0,68.61,15.64,7.37,3.38,0.0
20230124:1411,218673.0,108.89,12.6,7.5,3.17,0.0
20230124:1511,343332.0,160.75,7.69,7.25,3.17,0.0
20230124:1611,0.0,0.0,0.0,6.9,3.03,0.0
20230124:1711,0.0,0.0,0.0,6.49,3.03,0.0
20230124:1811,0.0,0.0,0.0,6.52,2.97,0.0
20230124:1911,0.0,0.0,0.0,6.15,3.1,0.0
20230124:2011,0.0,0.0,0.0,6.31,3.17,0.0
20230124:2111,0.0,0.0,0.0,6.17,3.1,0.0
20230124:2211,0.0,0.0,0.0,6.36,3.1,0.0
20230124:2311,0.0,0.0,0.0,6.48,3.1,0.0
20230125:0011,0.0,0.0,0.0,6.47,3.24,0.0
20230125:0111,0.0,0.0,0.0,6.53,3.31,0.0
20230125:0211,0.0,0.0,0.0,6.57,3.45,0.0
20230125:0311,0.0,0.0,0.0,6.75,3.45,0.0
20230125:0411,0.0,0.0,0.0,6.92,3.45,0.0
20230125:0511,0.0,0.0,0.0,7.05,3.38,0.0
20230125:0611,0.0,0.0,0.0,7.26,3.38,0.0
20230125:0711,0.0,0.0,0.0,7.51,3.72,0.0
20230125:0811,0.0,0.0,0.0,7.59,3.86,0.0
20230125:0911,70902.0,44.77,6.62,7.69,4.28,0.0
20230125:1011,467073.0,210.55,11.91,7.94,4.55,0.0
20230125:1111,915948.0,395.02,15.39,8.3,4.62,0.0
20230125:1211,23679.0,21.32,16.76,8.58,4.41,0.0
20230125:1311,20358.0,19.47,15.89,8.59,4.34,0.0
20230125:1411,196560.0,99.97,12.85,8.55,4.69,0.0
20230125:1511,663309.0,293.43,7.94,8.57,4.97,0.0
20230125:1611,0.0,0.0,0.0,7.87,4.62,0.0
20230125:1711,0.0,0.0,0.0,6.33,4.41,0.0
20230125:1811,0.0,0.0,0.0,5.21,4.28,0.0
20230125:1911,0.0,0.0,0.0,4.63,4.0,0.0
20230125:2011,0.0,0.0,0.0,3.87,3.79,0.0
20230125:2111,0.0,0.0,0.0,3.33,3.79,0.0
20230125:2211,0.0,0.0,0.0,2.96,3.79,0.0
20230125:2311,0.0,0.0,0.0,2.71,3.86,0.0
20230126:0011,0.0,0.0,0.0,2.51,3.93,0.0
20230126:0111,0.0,0.0,0.0,2.46,4.0,0.0
20230126:0211,0.0,0.0,0.0,2.46,4.0,0.0
20230126:0311,0.0,0.0,0.0,2.57,4.07,0.0
20230126:0411,0.0,0.0,0.0,2.87,4.21,0.0
20230126:0511,0.0,0.0,0.0,3.2,4.55,0.0
20230126:0611,0.0,0.0,0.0,4.11,5.03,0.0
20230126:0711,0.0,0.0,0.0,4.67,4.9,0.0
20230126:0811,0.0,0.0,0.0,4.97,5.1,0.0
20230126:0911,625698.0,275.4,6.82,5.36,5.1,0.0
20230126:1011,895212.0,382.15,12.13,5.66,4.97,0.0
20230126:1111,277371.0,132.5,15.63,6.11,4.69,0.0
20230126:1211,70713.0,44.5,17.01,6.5,5.59,0.0
20230126:1311,290520.0,138.18,16.14,6.83,5.38,0.0
20230126:1411,51111.0,35.23,13.11,6.72,4.97,0.0
20230126:1511,401247.0,183.6,8.19,6.55,4.62,0.0
20230126:1611,0.0,0.93,1.75,5.69,4.07,0.0
20230126:1711,0.0,0.0,0.0,4.81,3.93,0.0
20230126:1811,0.0,0.0,0.0,4.26,3.79,0.0
20230126:1911,0.0,0.0,0.0,4.59,4.14,0.0
20230126:2011,0.0,0.0,0.0,4.92,4.41,0.0
20230126:2111,0.0,0.0,0.0,4.96,4.48,0.0
20230126:2211,0.0,0.0,0.0,4.88,4.21,0.0
20230126:2311,0.0,0.0,0.0,4.95,3.93,0.0
20230127:0011,0.0,0.0,0.0,4.88,3.72,0.0
20230127:0111,0.0,0.0,0.0,4.7,3.59,0.0
20230127:0211,0.0,0.0,0.0,4.46,3.31,0.0
20230127:0311,0.0,0.0,0.0,4.16,2.97,0.0
20230127:0411,0.0,0.0,0.0,3.96,2.62,0.0
20230127:0511,0.0,0.0,0.0,3.91,2.21,0.0
20230127:0611,0.0,0.0,0.0,3.75,2.07,0.0
20230127:0711,0.0,0.0,0.0,3.57,2.21,0.0
20230127:0811,0.0,0.0,0.0,3.6,2.21,0.0
20230127:0911,88209.0,51.98,7.02,3.64,2.07,0.0
20230127:1011,138321.0,74.03,12.35,4.12,1.86,0.0
20230127:1111,450225.0,202.64,15.87,5.04,1.86,0.0
20230127:1211,514242.0,229.49,17.26,5.39,1.45,0.0
20230127:1311,825498.0,359.06,16.4,5.66,1.17,0.0
20230127:1411,55026.0,37.08,13.37,6.14,1.52,0.0
20230127:1511,64233.0,41.41,8.44,6.11,1.52,0.0
20230127:1611,0.0,0.93,2.0,5.78,1.1,0.0
20230127:1711,0.0,0.0,0.0,4.69,1.1,0.0
20230127:1811,0.0,0.0,0.0,3.6,1.45,0.0
20230127:1911,0.0,0.0,0.0,2.37,1.93,0.0
20230127:2011,0.0,0.0,0.0,1.98,2.07,0.0
20230127:2111,0.0,0.0,0.0,1.3,2.21,0.0
20230127:2211,0.0,0.0,0.0,1.05,2.21,0.0
20230127:2311,0.0,0.0,0.0,0.59,2.34,0.0
20230128:0011,0.0,0.0,0.0,0.24,2.48,0.0
20230128:0111,0.0,0.0,0.0,0.23,2.62,0.0
20230128:0211,0.0,0.0,0.0,0.95,2.62,0.0
20230128:0311,0.0,0.0,0.0,0.93,2.76,0.0
20230128:0411,0.0,0.0,0.0,1.45,2.76,0.0
20230128:0511,0.0,0.0,0.0,1.89,2.69,0.0
20230128:0611,0.0,0.0,0.0,1.85,2.62,0.0
20230128:0711,0.0,0.0,0.0,2.87,2.41,0.0
20230128:0811,0.0,0.0,0.0,3.14,1.79,0.0
20230128:0911,344898.0,159.89,7.24,3.37,1.66,0.0
20230128:1011,285282.0,135.33,12.58,4.8,1.66,0.0
20230128:1111,266274.0,128.31,16.12,5.78,1.86,0.0
20230128:1211,300861.0,142.8,17.52,6.19,2.28,0.0
20230128:1311,464508.0,209.19,16.67,6.18,2.41,0.0
20230128:1411,134325.0,72.96,13.64,6.28,2.55,0.0
20230128:1511,56889.0,38.01,8.7,6.46,2.48,0.0
20230128:1611,0.0,0.93,2.25,6.38,2.28,0.0
20230128:1711,0.0,0.0,0.0,5.83,2.21,0.0
20230128:1811,0.0,0.0,0.0,5.2,2.21,0.0
20230128:1911,0.0,0.0,0.0,5.32,2.48,0.0
20230128:2011,0.0,0.0,0.0,5.64,2.21,0.0
20230128:2111,0.0,0.0,0.0,5.41,2.14,0.0
20230128:2211,0.0,0.0,0.0,5.22,1.79,0.0
20230128:2311,0.0,0.0,0.0,5.16,1.79,0.0
20230129:0011,0.0,0.0,0.0,5.14,1.93,0.0
20230129:0111,0.0,0.0,0.0,5.02,2.14,0.0
20230129:0211,0.0,0.0,0.0,5.15,2.21,0.0
20230129:0311,0.0,0.0,0.0,4.92,2.21,0.0
20230129:0411,0.0,0.0,0.0,4.95,2.21,0.0
20230129:0511,0.0,0.0,0.0,4.54,2.34,0.0
20230129:0611,0.0,0.0,0.0,4.24,2.62,0.0
20230129:0711,0.0,0.0,0.0,4.3,4.14,0.0
20230129:0811,0.0,0.0,0.0,4.3,4.69,0.0
20230129:0911,2025.0,7.42,7.46,4.8,4.97,0.0
20230129:1011,259065.0,124.44,12.82,5.55,5.38,0.0
20230129:1111,565704.0,248.5,16.37,6.17,5.45,0.0
20230129:1211,124092.0,68.61,17.79,6.92,6.41,0.0
20230129:1311,361071.0,166.87,16.94,7.18,6.76,0.0
20230129:1411,255906.0,123.93,13.9,7.25,6.69,0.0
20230129:1511,39798.0,29.67,8.96,7.16,6.76,0.0
20230129:1611,0.0,1.85,2.5,7.24,7.17,0.0
20230129:1711,0.0,0.0,0.0,7.33,7.31,0.0
20230129:1811,0.0,0.0,0.0,7.51,6.9,0.0
20230129:1911,0.0,0.0,0.0,7.88,6.83,0.0
20230129:2011,0.0,0.0,0.0,8.39,6.83,0.0
20230129:2111,0.0,0.0,0.0,8.97,6.83,0.0
20230129:2211,0.0,0.0,0.0,8.46,7.45,0.0
20230129:2311,0.0,0.0,0.0,6.96,7.45,0.0
20230130:0011,0.0,0.0,0.0,5.96,7.1,0.0
20230130:0111,0.0,0.0,0.0,5.84,7.17,0.0
20230130:0211,0.0,0.0,0.0,5.51,7.03,0.0
20230130:0311,0.0,0.0,0.0,5.21,6.97,0.0
20230130:0411,0.0,0.0,0.0,5.13,6.9,0.0
20230130:0511,0.0,0.0,0.0,5.2,6.9,0.0
20230130:0611,0.0,0.0,0.0,5.35,6.83,0.0
20230130:0711,0.0,0.0,0.0,5.81,7.1,0.0
20230130:0811,0.0,0.0,0.0,5.85,6.76,0.0
20230130:0911,641898.0,281.79,7.68,5.93,6.34,0.0
20230130:1011,1082943.0,460.62,13.06,6.72,5.93,0.0
20230130:1111,1391796.0,594.57,16.63,7.44,5.03,0.0
20230130:1211,1457055.0,622.42,18.06,8.16,5.86,0.0
20230130:1311,1510542.0,647.55,17.21,8.59,5.66,0.0
20230130:1411,1267380.0,544.24,14.18,8.72,5.24,0.0
20230130:1511,812727.0,355.61,9.23,8.46,4.55,0.0
20230130:1611,918.0,6.49,2.76,7.62,4.14,0.0
20230130:1711,0.0,0.0,0.0,6.25,3.79,0.0
20230130:1811,0.0,0.0,0.0,5.27,3.66,0.0
20230130:1911,0.0,0.0,0.0,5.33,3.66,0.0
20230130:2011,0.0,0.0,0.0,5.07,3.59,0.0
20230130:2111,0.0,0.0,0.0,5.21,4.0,0.0
20230130:2211,0.0,0.0,0.0,5.62,5.1,0.0
20230130:2311,0.0,0.0,0.0,6.07,6.0,0.0
20230131:0011,0.0,0.0,0.0,6.59,6.21,0.0
20230131:0111,0.0,0.0,0.0,6.63,6.07,0.0
20230131:0211,0.0,0.0,0.0,7.04,6.34,0.0
20230131:0311,0.0,0.0,0.0,7.52,6.83,0.0
20230131:0411,0.0,0.0,0.0,7.67,6.9,0.0
20230131:0511,0.0,0.0,0.0,7.95,6.83,0.0
20230131:0611,0.0,0.0,0.0,8.37,7.17,0.0
20230131:0711,0.0,0.0,0.0,8.91,8.0,0.0
20230131:0811,0.0,0.0,0.0,8.37,8.48,0.0
20230131:0911,636228.0,280.57,7.92,7.62,8.41,0.0
20230131:1011,1093743.0,463.59,13.31,7.61,8.76,0.0
20230131:1111,1262088.0,533.85,16.89,7.71,8.0,0.0
20230131:1211,1530954.0,646.66,18.34,7.66,8.34,0.0
20230131:1311,1496232.0,631.18,17.49,7.46,8.34,0.0
20230131:1411,1295568.0,547.24,14.46,7.17,7.79,0.0
20230131:1511,487593.0,217.86,9.5,6.65,7.52,0.0
20230131:1611,0.0,5.56,3.02,5.94,8.0,0.0
20230131:1711,0.0,0.0,0.0,5.31,7.72,0.0
20230131:1811,0.0,0.0,0.0,5.03,7.66,0.0
20230131:1911,0.0,0.0,0.0,5.63,8.21,0.0
20230131:2011,0.0,0.0,0.0,5.82,8.34,0.0
20230131:2111,0.0,0.0,0.0,5.77,8.55,0.0
20230131:2211,0.0,0.0,0.0,5.65,8.28,0.0
20230131:2311,0.0,0.0,0.0,5.45,7.86,0.0
20230201:0011,0.0,0.0,0.0,5.38,7.86,0.0
20230201:0111,0.0,0.0,0.0,5.25,7.66,0.0
20230201:0211,0.0,0.0,0.0,5.29,7.45,0.0
20230201:0311,0.0,0.0,0.0,5.32,7.38,0.0
20230201:0411,0.0,0.0,0.0,5.43,7.93,0.0
20230201:0511,0.0,0.0,0.0,5.71,8.34,0.0
20230201:0611,0.0,0.0,0.0,5.94,8.69,0.0
20230201:0711,0.0,0.0,0.0,6.14,8.34,0.0
20230201:0811,0.0,0.0,0.0,6.01,7.93,0.0
20230201:0911,733131.0,319.28,8.15,6.63,7.79,0.0
20230201:1011,1075869.0,456.42,13.57,7.31,7.86,0.0
20230201:1111,1436508.0,611.76,17.16,7.97,6.28,0.0
20230201:1211,1108161.0,472.13,18.62,8.43,7.38,0.0
20230201:1311,813996.0,350.9,17.78,8.59,7.86,0.0
20230201:1411,335880.0,157.43,14.74,8.79,7.86,0.0
20230201:1511,132516.0,72.51,9.78,8.46,6.34,0.0
20230201:1611,3078.0,8.34,3.29,7.93,6.48,0.0
20230201:1711,0.0,0.0,0.0,7.66,6.14,0.0
20230201:1811,0.0,0.0,0.0,7.59,6.07,0.0
20230201:1911,0.0,0.0,0.0,7.62,5.52,0.0
20230201:2011,0.0,0.0,0.0,7.8,5.59,0.0
20230201:2111,0.0,0.0,0.0,8.24,6.07,0.0
20230201:2211,0.0,0.0,0.0,8.22,6.0,0.0
20230201:2311,0.0,0.0,0.0,8.08,6.0,0.0
20230202:0011,0.0,0.0,0.0,8.34,6.41,0.0
20230202:0111,0.0,0.0,0.0,8.51,6.48,0.0
20230202:0211,0.0,0.0,0.0,8.58,6.21,0.0
20230202:0311,0.0,0.0,0.0,8.45,5.86,0.0
20230202:0411,0.0,0.0,0.0,8.5,5.72,0.0
20230202:0511,0.0,0.0,0.0,8.6,5.66,0.0
20230202:0611,0.0,0.0,0.0,8.4,5.24,0.0
20230202:0711,0.0,0.0,0.0,8.88,5.45,0.0
20230202:0811,0.0,0.0,0.0,8.98,5.52,0.0
20230202:0911,6804.0,11.13,8.4,9.07,5.79,0.0
20230202:1011,50490.0,35.23,13.83,9.13,6.21,0.0
20230202:1111,152145.0,81.59,17.44,9.38,6.41,0.0
20230202:1211,103815.0,60.26,18.9,9.53,5.38,0.0
20230202:1311,191052.0,98.46,18.07,9.6,5.24,0.0
20230202:1411,95607.0,56.55,15.02,9.67,6.14,0.0
20230202:1511,26946.0,23.18,10.05,9.49,7.45,0.0
20230202:1611,0.0,4.64,3.56,9.32,7.45,0.0
20230202:1711,0.0,0.0,0.0,8.9,7.59,0.0
20230202:1811,0.0,0.0,0.0,8.67,7.1,0.0
20230202:1911,0.0,0.0,0.0,9.39,6.97,0.0
20230202:2011,0.0,0.0,0.0,9.32,6.55,0.0
20230202:2111,0.0,0.0,0.0,9.25,6.69,0.0
20230202:2211,0.0,0.0,0.0,9.37,7.03,0.0
20230202:2311,0.0,0.0,0.0,9.66,7.38,0.0
20230203:0011,0.0,0.0,0.0,9.67,7.72,0.0
20230203:0111,0.0,0.0,0.0,9.82,7.66,0.0
20230203:0211,0.0,0.0,0.0,9.91,7.24,0.0
20230203:0311,0.0,0.0,0.0,9.97,6.62,0.0
20230203:0411,0.0,0.0,0.0,10.11,6.0,0.0
20230203:0511,0.0,0.0,0.0,9.97,5.52,0.0
20230203:0611,0.0,0.0,0.0,9.67,5.59,0.0
20230203:0711,0.0,0.0,0.0,9.86,5.59,0.0
20230203:0811,0.0,0.93,1.78,9.82,5.45,0.0
20230203:0911,35613.0,27.81,8.65,9.8,5.03,0.0
20230203:1011,255447.0,125.39,14.09,9.93,4.76,0.0
20230203:1111,153576.0,82.51,17.72,9.99,4.34,0.0
20230203:1211,299241.0,144.23,19.2,10.08,3.93,0.0
20230203:1311,361611.0,169.95,18.36,10.23,4.21,0.0
20230203:1411,139428.0,76.34,15.31,10.49,4.69,0.0
20230203:1511,55755.0,38.01,10.33,10.54,4.41,0.0
20230203:1611,864.0,6.49,3.83,10.37,4.48,0.0
20230203:1711,0.0,0.0,0.0,10.05,3.72,0.0
20230203:1811,0.0,0.0,0.0,9.38,3.52,0.0
20230203:1911,0.0,0.0,0.0,9.14,3.24,0.0
20230203:2011,0.0,0.0,0.0,8.99,2.97,0.0
20230203:2111,0.0,0.0,0.0,8.87,2.76,0.0
20230203:2211,0.0,0.0,0.0,8.42,2.28,0.0
20230203:2311,0.0,0.0,0.0,8.17,2.07,0.0
20230204:0011,0.0,0.0,0.0,7.21,2.28,0.0
20230204:0111,0.0,0.0,0.0,6.99,2.41,0.0
20230204:0211,0.0,0.0,0.0,7.11,2.41,0.0
20230204:0311,0.0,0.0,0.0,6.93,2.41,0.0
20230204:0411,0.0,0.0,0.0,6.89,2.34,0.0
20230204:0511,0.0,0.0,0.0,6.57,2.28,0.0
20230204:0611,0.0,0.0,0.0,6.68,2.14,0.0
20230204:0711,0.0,0.0,0.0,7.13,2.28,0.0
20230204:0811,0.0,1.85,2.02,7.3,2.48,0.0
20230204:0911,8208.0,12.05,8.9,8.01,2.76,0.0
20230204:1011,48708.0,34.3,14.37,8.59,3.1,0.0
20230204:1111,93717.0,55.63,18.01,9.16,4.14,0.0
20230204:1211,54162.0,37.08,19.49,9.46,4.48,0.0
20230204:1311,77409.0,48.21,18.66,9.74,4.62,0.0
20230204:1411,54027.0,37.08,15.61,9.96,4.83,0.0
20230204:1511,21843.0,20.4,10.62,9.86,4.28,0.0
20230204:1611,0.0,5.56,4.1,9.51,4.55,0.0
20230204:1711,0.0,0.0,0.0,8.99,4.41,0.0
20230204:1811,0.0,0.0,0.0,8.41,4.28,0.0
20230204:1911,0.0,0.0,0.0,9.17,4.62,0.0
20230204:2011,0.0,0.0,0.0,9.23,5.24,0.0
20230204:2111,0.0,0.0,0.0,8.25,5.38,0.0
20230204:2211,0.0,0.0,0.0,6.86,4.62,0.0
20230204:2311,0.0,0.0,0.0,5.25,4.21,0.0
20230205:0011,0.0,0.0,0.0,4.08,3.93,0.0
20230205:0111,0.0,0.0,0.0,3.08,3.86,0.0
20230205:0211,0.0,0.0,0.0,2.44,3.66,0.0
20230205:0311,0.0,0.0,0.0,2.0,3.79,0.0
20230205:0411,0.0,0.0,0.0,1.81,3.79,0.0
20230205:0511,0.0,0.0,0.0,1.43,3.1,0.0
20230205:0611,0.0,0.0,0.0,0.95,3.1,0.0
20230205:0711,0.0,0.0,0.0,0.64,3.03,0.0
20230205:0811,0.0,2.78,2.27,0.24,2.62,0.0
20230205:0911,307989.0,142.76,9.16,0.48,1.86,0.0
20230205:1011,1078191.0,462.2,14.64,2.89,1.24,0.0
20230205:1111,1152117.0,500.98,18.3,4.86,0.76,0.0
20230205:1211,1137861.0,497.97,19.79,5.71,0.55,0.0
20230205:1311,997110.0,432.74,18.96,6.4,1.66,0.0
20230205:1411,960336.0,415.65,15.9,6.69,2.34,0.0
20230205:1511,373302.0,172.67,10.91,6.52,2.34,0.0
20230205:1611,5616.0,10.2,4.38,5.79,2.14,0.0
20230205:1711,0.0,0.0,0.0,4.45,2.21,0.0
20230205:1811,0.0,0.0,0.0,3.56,2.0,0.0
20230205:1911,0.0,0.0,0.0,2.87,1.93,0.0
20230205:2011,0.0,0.0,0.0,2.06,1.59,0.0
20230205:2111,0.0,0.0,0.0,0.84,2.0,0.0
20230205:2211,0.0,0.0,0.0,-0.8,2.34,0.0
20230205:2311,0.0,0.0,0.0,-1.72,2.28,0.0
20230206:0011,0.0,0.0,0.0,-2.34,2.28,0.0
20230206:0111,0.0,0.0,0.0,-2.56,2.41,0.0
20230206:0211,0.0,0.0,0.0,-2.51,2.41,0.0
20230206:0311,0.0,0.0,0.0,-2.45,2.41,0.0
20230206:0411,0.0,0.0,0.0,-2.52,2.34,0.0
20230206:0511,0.0,0.0,0.0,-2.82,2.41,0.0
20230206:0611,0.0,0.0,0.0,-3.16,2.34,0.0
20230206:0711,0.0,0.0,0.0,-3.2,1.72,0.0
20230206:0811,0.0,1.85,2.52,-2.84,1.52,0.0
20230206:0911,819666.0,349.09,9.43,-1.53,1.38,0.0
20230206:1011,1395576.0,597.72,14.93,1.83,1.45,0.0
20230206:1111,1578528.0,682.84,18.6,3.9,1.86,0.0
20230206:1211,1689498.0,735.32,20.1,5.19,2.28,0.0
20230206:1311,1677861.0,729.29,19.27,5.98,2.69,0.0
20230206:1411,1329858.0,572.93,16.2,6.5,2.97,0.0
20230206:1511,355104.0,165.05,11.19,6.53,2.76,0.0
20230206:1611,19008.0,18.54,4.65,6.0,2.0,0.0
20230206:1711,0.0,0.0,0.0,4.53,2.34,0.0
20230206:1811,0.0,0.0,0.0,2.86,2.41,0.0
20230206:1911,0.0,0.0,0.0,2.48,2.41,0.0
20230206:2011,0.0,0.0,0.0,1.61,2.34,0.0
20230206:2111,0.0,0.0,0.0,1.16,2.14,0.0
20230206:2211,0.0,0.0,0.0,0.41,2.28,0.0
20230206:2311,0.0,0.0,0.0,-0.36,2.34,0.0
20230207:0011,0.0,0.0,0.0,-0.56,2.28,0.0
20230207:0111,0.0,0.0,0.0,-0.86,2.21,0.0
20230207:0211,0.0,0.0,0.0,-0.97,2.07,0.0
20230207:0311,0.0,0.0,0.0,-0.7,1.86,0.0
20230207:0411,0.0,0.0,0.0,-0.21,1.66,0.0
20230207:0511,0.0,0.0,0.0,0.38,1.52,0.0
20230207:0611,0.0,0.0,0.0,0.44,1.59,0.0
20230207:0711,0.0,0.0,0.0,-0.44,2.14,0.0
20230207:0811,0.0,2.78,2.77,-0.03,2.28,0.0
20230207:0911,119070.0,65.06,9.7,1.47,2.21,0.0
20230207:1011,125334.0,68.61,15.21,4.3,2.07,0.0
20230207:1111,130410.0,71.39,18.9,6.48,2.76,0.0
20230207:1211,326484.0,154.38,20.41,7.76,3.38,0.0
20230207:1311,445878.0,203.46,19.58,8.44,3.72,0.0
20230207:1411,780084.0,340.87,16.51,8.6,3.59,0.0
20230207:1511,117774.0,66.19,11.49,8.36,2.97,0.0
20230207:1611,15633.0,16.69,4.93,7.68,2.48,0.0
20230207:1711,0.0,0.0,0.0,6.41,2.34,0.0
20230207:1811,0.0,0.0,0.0,5.57,2.21,0.0
20230207:1911,0.0,0.0,0.0,4.95,2.0,0.0
20230207:2011,0.0,0.0,0.0,4.15,1.86,0.0
20230207:2111,0.0,0.0,0.0,3.36,1.86,0.0
20230207:2211,0.0,0.0,0.0,2.13,1.93,0.0
20230207:2311,0.0,0.0,0.0,1.53,2.07,0.0
20230208:0011,0.0,0.0,0.0,1.35,2.14,0.0
20230208:0111,0.0,0.0,0.0,1.65,2.07,0.0
20230208:0211,0.0,0.0,0.0,2.02,1.93,0.0
20230208:0311,0.0,0.0,0.0,2.08,1.86,0.0
20230208:0411,0.0,0.0,0.0,1.66,1.93,0.0
20230208:0511,0.0,0.0,0.0,1.51,2.14,0.0
20230208:0611,0.0,0.0,0.0,0.94,2.21,0.0
20230208:0711,0.0,0.0,0.0,0.41,2.55,0.0
20230208:0811,0.0,4.64,3.03,0.1,2.76,0.0
20230208:0911,648675.0,280.48,9.97,1.28,2.9,0.0
20230208:1011,1066878.0,452.58,15.5,3.54,3.17,0.0
20230208:1111,894834.0,382.58,19.2,5.24,4.0,0.0
20230208:1211,1348542.0,574.79,20.72,6.38,4.62,0.0
20230208:1311,1454004.0,621.0,19.9,7.32,5.24,0.0
20230208:1411,1155303.0,493.48,16.81,7.68,5.52,0.0
20230208:1511,349056.0,162.61,11.78,7.48,5.31,0.0
20230208:1611,14175.0,15.76,5.22,6.62,5.1,0.0
20230208:1711,0.0,0.0,0.0,5.26,4.9,0.0
20230208:1811,0.0,0.0,0.0,4.5,5.1,0.0
20230208:1911,0.0,0.0,0.0,4.2,5.1,0.0
20230208:2011,0.0,0.0,0.0,4.14,5.24,0.0
20230208:2111,0.0,0.0,0.0,4.02,5.17,0.0
20230208:2211,0.0,0.0,0.0,3.98,5.24,0.0
20230208:2311,0.0,0.0,0.0,4.28,5.1,0.0
20230209:0011,0.0,0.0,0.0,5.04,4.69,0.0
20230209:0111,0.0,0.0,0.0,6.23,3.79,0.0
20230209:0211,0.0,0.0,0.0,6.15,3.03,0.0
20230209:0311,0.0,0.0,0.0,5.01,3.1,0.0
20230209:0411,0.0,0.0,0.0,3.35,2.55,0.0
20230209:0511,0.0,0.0,0.0,1.75,2.07,0.0
20230209:0611,0.0,0.0,0.0,0.29,2.21,0.0
20230209:0711,0.0,0.0,0.0,-0.39,2.62,0.0
20230209:0811,18684.0,18.37,3.3,-0.64,2.62,0.0
20230209:0911,849933.0,362.94,10.25,1.14,2.76,0.0
20230209:1011,1351404.0,575.48,15.8,4.18,3.17,0.0
20230209:1111,1577178.0,674.28,19.52,6.26,4.48,0.0
20230209:1211,1667331.0,711.53,21.04,7.44,6.14,0.0
20230209:1311,1456434.0,621.95,20.21,7.81,5.72,0.0
20230209:1411,425358.0,193.89,17.12,7.88,5.24,0.0
20230209:1511,94446.0,55.63,12.08,7.64,4.34,0.0
20230209:1611,22194.0,20.4,5.5,7.09,3.72,0.0
20230209:1711,0.0,0.0,0.0,6.11,3.38,0.0
20230209:1811,0.0,0.0,0.0,4.92,3.1,0.0
20230209:1911,0.0,0.0,0.0,4.84,3.38,0.0
20230209:2011,0.0,0.0,0.0,4.36,3.1,0.0
20230209:2111,0.0,0.0,0.0,3.81,2.83,0.0
20230209:2211,0.0,0.0,0.0,3.32,2.76,0.0
20230209:2311,0.0,0.0,0.0,2.97,2.69,0.0
20230210:0011,0.0,0.0,0.0,2.74,2.69,0.0
20230210:0111,0.0,0.0,0.0,2.38,2.69,0.0
20230210:0211,0.0,0.0,0.0,2.46,2.76,0.0
20230210:0311,0.0,0.0,0.0,2.48,2.97,0.0
20230210:0411,0.0,0.0,0.0,3.03,3.45,0.0
20230210:0511,0.0,0.0,0.0,3.53,4.0,0.0
20230210:0611,0.0,0.0,0.0,3.85,4.34,0.0
20230210:0711,0.0,0.0,0.0,3.83,4.34,0.0
20230210:0811,0.0,4.64,3.57,4.01,4.55,0.0
20230210:0911,45927.0,32.45,10.54,4.76,4.97,0.0
20230210:1011,40122.0,29.67,16.1,5.58,5.38,0.0
20230210:1111,43686.0,31.52,19.83,6.35,5.86,0.0
20230210:1211,49059.0,34.3,21.36,7.35,4.76,0.0
20230210:1311,34182.0,26.89,20.54,7.92,4.28,0.0
20230210:1411,30591.0,25.03,17.44,8.31,6.21,0.0
20230210:1511,22005.0,20.4,12.38,8.51,5.93,0.0
20230210:1611,3051.0,8.34,5.79,8.55,5.79,0.0
20230210:1711,0.0,0.0,0.0,8.5,5.66,0.0
20230210:1811,0.0,0.0,0.0,8.48,5.59,0.0
20230210:1911,0.0,0.0,0.0,8.96,5.86,0.0
20230210:2011,0.0,0.0,0.0,8.94,6.07,0.0
20230210:2111,0.0,0.0,0.0,8.7,6.21,0.0
20230210:2211,0.0,0.0,0.0,8.49,6.21,0.0
20230210:2311,0.0,0.0,0.0,8.27,6.07,0.0
20230211:0011,0.0,0.0,0.0,8.02,5.72,0.0
20230211:0111,0.0,0.0,0.0,7.77,5.1,0.0
20230211:0211,0.0,0.0,0.0,7.64,4.28,0.0
20230211:0311,0.0,0.0,0.0,7.73,3.31,0.0
20230211:0411,0.0,0.0,0.0,7.73,2.55,0.0
20230211:0511,0.0,0.0,0.0,7.23,2.21,0.0
20230211:0611,0.0,0.0,0.0,6.67,2.28,0.0
20230211:0711,0.0,0.0,0.0,6.8,2.62,0.0
20230211:0811,1971.0,7.42,3.84,7.07,2.69,0.0
20230211:0911,188271.0,96.58,10.83,7.81,2.76,0.0
20230211:1011,992142.0,431.9,16.41,8.7,2.97,0.0
20230211:1111,909738.0,395.85,20.15,9.66,4.55,0.0
20230211:1211,1375164.0,598.12,21.69,10.23,4.34,0.0
20230211:1311,1664739.0,731.2,20.86,10.48,3.93,0.0
20230211:1411,1502874.0,658.06,17.75,10.43,3.79,0.0
20230211:1511,517671.0,234.85,12.68,10.15,3.52,0.0
20230211:1611,8127.0,12.05,6.08,9.42,2.69,0.0
20230211:1711,0.0,0.0,0.0,8.08,2.34,0.0
20230211:1811,0.0,0.0,0.0,6.88,2.28,0.0
20230211:1911,0.0,0.0,0.0,5.68,2.28,0.0
20230211:2011,0.0,0.0,0.0,4.93,2.21,0.0
20230211:2111,0.0,0.0,0.0,4.4,2.14,0.0
20230211:2211,0.0,0.0,0.0,4.24,2.0,0.0
20230211:2311,0.0,0.0,0.0,4.24,1.93,0.0
20230212:0011,0.0,0.0,0.0,4.0,1.93,0.0
20230212:0111,0.0,0.0,0.0,3.77,1.59,0.0
20230212:0211,0.0,0.0,0.0,3.45,1.45,0.0
20230212:0311,0.0,0.0,0.0,2.7,1.52,0.0
20230212:0411,0.0,0.0,0.0,2.02,1.59,0.0
20230212:0511,0.0,0.0,0.0,1.94,1.52,0.0
20230212:0611,0.0,0.0,0.0,2.64,1.31,0.0
20230212:0711,0.0,0.0,0.0,1.69,1.59,0.0
20230212:0811,54.0,5.56,4.12,1.62,1.59,0.0
20230212:0911,67527.0,42.65,11.12,3.72,1.03,0.0
20230212:1011,113697.0,63.97,16.72,5.93,1.17,0.0
20230212:1111,110565.0,63.04,20.48,7.96,1.86,0.0
20230212:1211,93879.0,55.63,22.02,8.64,2.55,0.0
20230212:1311,93717.0,55.63,21.19,9.0,2.9,0.0
20230212:1411,105894.0,61.19,18.07,9.18,2.97,0.0
20230212:1511,93636.0,55.63,12.99,9.22,3.1,0.0
20230212:1611,128304.0,71.93,6.37,8.5,2.21,0.0
20230212:1711,0.0,0.0,0.0,7.26,2.28,0.0
20230212:1811,0.0,0.0,0.0,6.2,2.48,0.0
20230212:1911,0.0,0.0,0.0,6.27,2.69,0.0
20230212:2011,0.0,0.0,0.0,5.77,2.83,0.0
20230212:2111,0.0,0.0,0.0,5.13,2.83,0.0
20230212:2211,0.0,0.0,0.0,4.42,2.76,0.0
20230212:2311,0.0,0.0,0.0,3.97,2.76,0.0
20230213:0011,0.0,0.0,0.0,3.68,2.76,0.0
20230213:0111,0.0,0.0,0.0,3.77,2.69,0.0
20230213:0211,0.0,0.0,0.0,3.91,2.55,0.0
20230213:0311,0.0,0.0,0.0,3.81,2.55,0.0
20230213:0411,0.0,0.0,0.0,3.72,2.48,0.0
20230213:0511,0.0,0.0,0.0,3.56,2.48,0.0
20230213:0611,0.0,0.0,0.0,3.61,2.41,0.0
20230213:0711,0.0,0.0,0.0,3.74,2.34,0.0
20230213:0811,3213.0,8.34,4.41,3.66,2.21,0.0
20230213:0911,85509.0,50.99,11.42,4.56,2.62,0.0
20230213:1011,110106.0,62.12,17.04,5.29,3.45,0.0
20230213:1111,135162.0,73.24,20.8,5.86,3.59,0.0
20230213:1211,179847.0,92.71,22.36,6.59,3.72,0.0
20230213:1311,149175.0,79.73,21.52,7.22,3.79,0.0
20230213:1411,104652.0,60.26,18.39,7.75,3.93,0.0
20230213:1511,204714.0,103.45,13.3,7.99,3.86,0.0
20230213:1611,489456.0,227.86,6.66,7.75,3.52,0.0
20230213:1711,0.0,0.0,0.0,6.25,2.9,0.0
20230213:1811,0.0,0.0,0.0,4.67,2.97,0.0
20230213:1911,0.0,0.0,0.0,4.1,2.83,0.0
20230213:2011,0.0,0.0,0.0,3.38,2.62,0.0
20230213:2111,0.0,0.0,0.0,2.65,2.55,0.0
20230213:2211,0.0,0.0,0.0,2.05,2.48,0.0
20230213:2311,0.0,0.0,0.0,1.57,2.48,0.0
20230214:0011,0.0,0.0,0.0,1.14,2.55,0.0
20230214:0111,0.0,0.0,0.0,0.85,2.55,0.0
20230214:0211,0.0,0.0,0.0,0.53,2.55,0.0
20230214:0311,0.0,0.0,0.0,0.15,2.55,0.0
20230214:0411,0.0,0.0,0.0,-0.29,2.41,0.0
20230214:0511,0.0,0.0,0.0,-0.73,2.21,0.0
20230214:0611,0.0,0.0,0.0,-1.09,1.86,0.0
20230214:0711,0.0,0.0,0.0,-1.74,1.52,0.0
20230214:0811,45036.0,31.81,4.7,-1.95,1.31,0.0
20230214:0911,233226.0,112.13,11.73,-0.2,1.38,0.0
20230214:1011,302508.0,141.53,17.36,2.41,1.72,0.0
20230214:1111,432270.0,196.19,21.14,5.31,2.34,0.0
20230214:1211,262953.0,128.42,22.7,7.85,2.83,0.0
20230214:1311,494451.0,225.14,21.86,9.63,3.17,0.0
20230214:1411,950778.0,417.59,18.72,10.93,3.38,0.0
20230214:1511,768447.0,342.37,13.6,11.51,3.17,0.0
20230214:1611,431352.0,205.83,6.95,10.96,2.83,0.0
20230214:1711,0.0,0.0,0.0,9.32,3.17,0.0
20230214:1811,0.0,0.0,0.0,7.8,3.17,0.0
20230214:1911,0.0,0.0,0.0,6.37,2.83,0.0
20230214:2011,0.0,0.0,0.0,5.46,2.69,0.0
20230214:2111,0.0,0.0,0.0,4.8,2.62,0.0
20230214:2211,0.0,0.0,0.0,4.23,2.62,0.0
20230214:2311,0.0,0.0,0.0,3.79,2.69,0.0
20230215:0011,0.0,0.0,0.0,3.44,2.83,0.0
20230215:0111,0.0,0.0,0.0,3.28,2.76,0.0
20230215:0211,0.0,0.0,0.0,3.1,2.9,0.0
20230215:0311,0.0,0.0,0.0,2.94,3.03,0.0
20230215:0411,0.0,0.0,0.0,2.75,3.17,0.0
20230215:0511,0.0,0.0,0.0,2.39,3.24,0.0
20230215:0611,0.0,0.0,0.0,2.0,3.24,0.0
20230215:0711,0.0,0.0,0.0,1.48,3.24,0.0
20230215:0811,0.0,4.64,4.99,1.39,3.31,0.0
20230215:0911,662688.0,287.42,12.04,2.93,3.24,0.0
20230215:1011,1476117.0,632.27,17.68,5.47,3.52,0.0
20230215:1111,1706022.0,739.04,21.47,7.97,4.28,0.0
20230215:1211,1601424.0,695.07,23.04,9.65,4.9,0.0
20230215:1311,235251.0,117.5,22.2,9.86,5.03,0.0
20230215:1411,347382.0,163.73,19.05,9.7,5.24,0.0
20230215:1511,357858.0,168.11,13.92,9.78,4.34,0.0
20230215:1611,175770.0,92.98,7.25,9.31,3.86,0.0
20230215:1711,0.0,0.0,0.0,7.84,3.24,0.0
20230215:1811,0.0,0.0,0.0,6.35,2.97,0.0
20230215:1911,0.0,0.0,0.0,5.96,2.83,0.0
20230215:2011,0.0,0.0,0.0,5.59,2.9,0.0
20230215:2111,0.0,0.0,0.0,5.43,3.17,0.0
20230215:2211,0.0,0.0,0.0,5.19,3.38,0.0
20230215:2311,0.0,0.0,0.0,5.22,3.52,0.0
20230216:0011,0.0,0.0,0.0,5.23,3.45,0.0
20230216:0111,0.0,0.0,0.0,5.28,3.31,0.0
20230216:0211,0.0,0.0,0.0,5.32,3.24,0.0
20230216:0311,0.0,0.0,0.0,5.11,2.9,0.0
20230216:0411,0.0,0.0,0.0,4.82,2.48,0.0
20230216:0511,0.0,0.0,0.0,4.73,2.62,0.0
20230216:0611,0.0,0.0,0.0,4.63,2.83,0.0
20230216:0711,0.0,0.0,0.0,5.63,3.45,0.0
20230216:0811,0.0,4.64,5.29,5.87,3.1,0.0
20230216:0911,90909.0,53.77,12.35,6.27,2.69,0.0
20230216:1011,337284.0,158.37,18.01,7.05,2.41,0.0
20230216:1111,202284.0,102.91,21.82,7.9,2.62,0.0
20230216:1211,199314.0,101.98,23.38,8.81,2.97,0.0
20230216:1311,91287.0,54.7,22.54,10.03,4.21,0.0
20230216:1411,979074.0,425.75,19.37,10.03,4.55,0.0
20230216:1511,296136.0,142.47,14.23,9.91,5.03,0.0
20230216:1611,362232.0,173.39,7.54,9.33,5.38,0.0
20230216:1711,0.0,0.0,0.0,8.8,4.97,0.0
20230216:1811,0.0,0.0,0.0,8.42,5.03,0.0
20230216:1911,0.0,0.0,0.0,9.11,4.9,0.0
20230216:2011,0.0,0.0,0.0,9.53,5.17,0.0
20230216:2111,0.0,0.0,0.0,9.92,5.52,0.0
20230216:2211,0.0,0.0,0.0,10.35,5.72,0.0
20230216:2311,0.0,0.0,0.0,10.69,5.86,0.0
20230217:0011,0.0,0.0,0.0,10.96,5.93,0.0
20230217:0111,0.0,0.0,0.0,11.11,6.48,0.0
20230217:0211,0.0,0.0,0.0,11.13,7.31,0.0
20230217:0311,0.0,0.0,0.0,10.98,8.28,0.0
20230217:0411,0.0,0.0,0.0,10.72,9.1,0.0
20230217:0511,0.0,0.0,0.0,10.69,10.28,0.0
20230217:0611,0.0,0.0,0.0,11.03,11.31,0.0
20230217:0711,0.0,0.0,0.0,12.07,12.48,0.0
20230217:0811,165159.0,90.98,5.59,12.05,12.97,0.0
20230217:0911,331128.0,157.63,12.67,11.82,12.97,0.0
20230217:1011,676971.0,297.61,18.34,10.81,10.9,0.0
20230217:1111,1196316.0,510.21,22.16,10.29,10.55,0.0
20230217:1211,1712475.0,730.3,23.73,10.2,9.86,0.0
20230217:1311,1569213.0,671.29,22.88,10.27,8.55,0.0
20230217:1411,1353861.0,580.97,19.71,10.07,7.03,0.0
20230217:1511,589977.0,263.38,14.54,9.69,5.1,0.0
20230217:1611,263601.0,131.13,7.84,9.37,3.79,0.0
20230217:1711,0.0,0.0,0.0,8.26,2.83,0.0
20230217:1811,0.0,0.0,0.0,7.82,2.48,0.0
20230217:1911,0.0,0.0,0.0,8.1,2.34,0.0
20230217:2011,0.0,0.0,0.0,7.99,2.34,0.0
20230217:2111,0.0,0.0,0.0,7.69,2.41,0.0
20230217:2211,0.0,0.0,0.0,7.57,2.34,0.0
20230217:2311,0.0,0.0,0.0,7.42,2.41,0.0
20230218:0011,0.0,0.0,0.0,7.81,2.69,0.0
20230218:0111,0.0,0.0,0.0,9.25,4.55,0.0
20230218:0211,0.0,0.0,0.0,9.9,6.14,0.0
20230218:0311,0.0,0.0,0.0,9.48,6.97,0.0
20230218:0411,0.0,0.0,0.0,9.72,8.41,0.0
20230218:0511,0.0,0.0,0.0,10.21,8.9,0.0
20230218:0611,0.0,0.0,0.0,10.27,8.41,0.0
20230218:0711,0.0,0.0,0.0,10.47,8.21,0.0
20230218:0811,343791.0,170.1,5.9,10.53,8.0,0.0
20230218:0911,450603.0,206.6,12.99,10.57,7.72,0.0
20230218:1011,821178.0,359.05,18.68,10.79,6.34,0.0
20230218:1111,889326.0,388.34,22.51,11.27,6.41,0.0
20230218:1211,900828.0,394.15,24.08,11.81,6.62,0.0
20230218:1311,286146.0,140.04,23.23,11.87,5.17,0.0
20230218:1411,370872.0,175.09,20.04,11.55,4.14,0.0
20230218:1511,144504.0,78.8,14.86,11.12,4.9,0.0
20230218:1611,131868.0,73.58,8.14,10.59,4.76,0.0
20230218:1711,0.0,0.0,0.0,10.15,4.48,0.0
20230218:1811,0.0,0.0,0.0,9.75,4.34,0.0
20230218:1911,0.0,0.0,0.0,9.53,4.28,0.0
20230218:2011,0.0,0.0,0.0,9.5,4.97,0.0
20230218:2111,0.0,0.0,0.0,9.52,5.45,0.0
20230218:2211,0.0,0.0,0.0,9.49,5.45,0.0
20230218:2311,0.0,0.0,0.0,9.35,5.24,0.0
20230219:0011,0.0,0.0,0.0,9.29,5.17,0.0
20230219:0111,0.0,0.0,0.0,8.84,5.1,0.0
20230219:0211,0.0,0.0,0.0,8.38,4.76,0.0
20230219:0311,0.0,0.0,0.0,7.65,3.93,0.0
20230219:0411,0.0,0.0,0.0,7.13,3.38,0.0
20230219:0511,0.0,0.0,0.0,6.81,2.34,0.0
20230219:0611,0.0,0.0,0.0,6.69,1.59,0.0
20230219:0711,0.0,0.0,0.0,6.48,1.93,0.0
20230219:0811,413235.0,198.37,6.21,6.18,2.34,0.0
20230219:0911,1033857.0,448.84,13.32,6.49,2.97,0.0
20230219:1011,1502172.0,648.55,19.02,7.13,3.59,0.0
20230219:1111,1699812.0,734.64,22.86,7.94,4.55,0.0
20230219:1211,755919.0,330.39,24.44,9.13,6.14,0.0
20230219:1311,97551.0,57.48,23.58,9.91,6.83,0.0
20230219:1411,196371.0,100.77,20.37,9.84,6.83,0.0
20230219:1511,99738.0,58.41,15.18,9.61,6.55,0.0
20230219:1611,32130.0,25.96,8.44,9.59,7.52,0.0
20230219:1711,0.0,0.0,0.0,8.81,6.83,0.0
20230219:1811,0.0,0.0,0.0,8.21,6.76,0.0
20230219:1911,0.0,0.0,0.0,7.7,6.62,0.0
20230219:2011,0.0,0.0,0.0,7.65,6.9,0.0
20230219:2111,0.0,0.0,0.0,8.08,7.24,0.0
20230219:2211,0.0,0.0,0.0,8.48,7.66,0.0
20230219:2311,0.0,0.0,0.0,8.79,8.07,0.0
20230220:0011,0.0,0.0,0.0,9.23,8.34,0.0
20230220:0111,0.0,0.0,0.0,9.64,8.55,0.0
20230220:0211,0.0,0.0,0.0,9.85,8.62,0.0
20230220:0311,0.0,0.0,0.0,9.82,8.69,0.0
20230220:0411,0.0,0.0,0.0,9.79,8.55,0.0
20230220:0511,0.0,0.0,0.0,9.66,8.28,0.0
20230220:0611,0.0,0.0,0.0,9.52,7.86,0.0
20230220:0711,0.0,0.0,0.0,10.22,8.0,0.0
20230220:0811,81135.0,50.7,6.53,10.39,8.07,0.0
20230220:0911,216351.0,109.31,13.65,10.59,8.07,0.0
20230220:1011,79110.0,49.14,19.37,10.62,6.34,0.0
20230220:1111,404919.0,188.4,23.22,10.78,6.55,0.0
20230220:1211,136350.0,75.1,24.8,10.73,6.07,0.0
20230220:1311,967059.0,420.59,23.93,11.16,6.83,0.0
20230220:1411,1477089.0,638.16,20.71,11.43,7.17,0.0
20230220:1511,1037772.0,452.01,15.49,11.35,6.62,0.0
20230220:1611,579366.0,267.54,8.74,10.9,5.1,0.0
20230220:1711,0.0,0.0,0.0,10.48,5.93,0.0
20230220:1811,0.0,0.0,0.0,10.18,5.66,0.0
20230220:1911,0.0,0.0,0.0,10.36,6.0,0.0
20230220:2011,0.0,0.0,0.0,10.19,5.86,0.0
20230220:2111,0.0,0.0,0.0,10.08,5.52,0.0
20230220:2211,0.0,0.0,0.0,10.04,5.17,0.0
20230220:2311,0.0,0.0,0.0,9.83,4.76,0.0
20230221:0011,0.0,0.0,0.0,9.79,4.41,0.0
20230221:0111,0.0,0.0,0.0,9.58,4.0,0.0
20230221:0211,0.0,0.0,0.0,9.51,3.66,0.0
20230221:0311,0.0,0.0,0.0,9.33,3.38,0.0
20230221:0411,0.0,0.0,0.0,9.13,3.1,0.0
20230221:0511,0.0,0.0,0.0,8.95,2.76,0.0
20230221:0611,0.0,0.0,0.0,8.24,2.41,0.0
20230221:0711,0.0,0.0,0.0,7.76,2.55,0.0
20230221:0811,59400.0,39.73,6.85,7.84,2.07,0.0
20230221:0911,209088.0,105.96,13.98,8.84,2.41,0.0
20230221:1011,179226.0,93.64,19.71,9.8,3.79,0.0
20230221:1111,224127.0,113.11,23.57,10.23,4.14,0.0
20230221:1211,69255.0,44.5,25.16,10.49,4.48,0.0
20230221:1311,151200.0,81.59,24.28,10.41,4.62,0.0
20230221:1411,825444.0,362.23,21.05,10.41,4.48,0.0
20230221:1511,805275.0,354.69,15.81,10.28,4.14,0.0
20230221:1611,271350.0,134.4,9.04,9.97,3.66,0.0
20230221:1711,0.0,0.0,0.0,9.45,3.03,0.0
20230221:1811,0.0,0.0,0.0,8.7,2.69,0.0
20230221:1911,0.0,0.0,0.0,8.59,2.48,0.0
20230221:2011,0.0,0.0,0.0,7.75,2.28,0.0
20230221:2111,0.0,0.0,0.0,6.83,2.14,0.0
20230221:2211,0.0,0.0,0.0,6.12,2.21,0.0
20230221:2311,0.0,0.0,0.0,5.71,2.28,0.0
20230222:0011,0.0,0.0,0.0,6.09,2.34,0.0
20230222:0111,0.0,0.0,0.0,6.37,2.41,0.0
20230222:0211,0.0,0.0,0.0,6.56,2.28,0.0
20230222:0311,0.0,0.0,0.0,6.51,2.34,0.0
20230222:0411,0.0,0.0,0.0,6.24,2.34,0.0
20230222:0511,0.0,0.0,0.0,6.23,2.28,0.0
20230222:0611,0.0,0.0,0.0,5.99,2.28,0.0
20230222:0711,0.0,0.0,0.0,5.55,2.28,0.0
20230222:0811,340335.0,165.15,7.17,5.98,2.28,0.0
20230222:0911,78597.0,48.21,14.32,6.49,2.21,0.0
20230222:1011,337905.0,158.68,20.06,7.25,3.66,0.0
20230222:1111,327078.0,154.83,23.94,7.92,4.41,0.0
20230222:1211,88263.0,52.85,25.52,7.81,4.55,0.0
20230222:1311,411048.0,189.02,24.64,7.79,5.24,0.0
20230222:1411,244107.0,119.83,21.39,7.2,5.45,0.0
20230222:1511,318870.0,150.05,16.14,6.74,5.45,0.0
20230222:1611,126441.0,69.76,9.34,6.34,5.1,0.0
20230222:1711,0.0,0.0,0.0,6.09,4.97,0.0
20230222:1811,0.0,0.0,0.0,5.71,4.48,0.0
20230222:1911,0.0,0.0,0.0,5.57,4.76,0.0
20230222:2011,0.0,0.0,0.0,5.36,4.62,0.0
20230222:2111,0.0,0.0,0.0,5.18,5.03,0.0
20230222:2211,0.0,0.0,0.0,4.87,5.66,0.0
20230222:2311,0.0,0.0,0.0,4.84,6.14,0.0
20230223:0011,0.0,0.0,0.0,4.6,6.28,0.0
20230223:0111,0.0,0.0,0.0,4.63,6.28,0.0
20230223:0211,0.0,0.0,0.0,4.34,5.93,0.0
20230223:0311,0.0,0.0,0.0,4.24,5.72,0.0
20230223:0411,0.0,0.0,0.0,3.82,5.45,0.0
20230223:0511,0.0,0.0,0.0,3.57,5.31,0.0
20230223:0611,0.0,0.0,0.0,3.26,4.9,0.0
20230223:0711,0.0,0.0,0.0,3.17,4.69,0.0
20230223:0811,491292.0,226.87,7.5,2.97,4.07,0.0
20230223:0911,1164402.0,496.58,14.66,3.59,3.52,0.0
20230223:1011,1610280.0,687.53,20.42,4.67,3.86,0.0
20230223:1111,1913193.0,829.86,24.3,5.6,3.66,0.0
20230223:1211,1925181.0,841.94,25.89,6.31,3.31,0.0
20230223:1311,1877715.0,824.36,25.0,6.45,2.83,0.0
20230223:1411,1630557.0,710.33,21.73,6.88,2.83,0.0
20230223:1511,1177848.0,510.15,16.46,7.14,3.03,0.0
20230223:1611,650133.0,294.46,9.65,6.95,2.55,0.0
20230223:1711,0.0,1.85,1.77,5.88,2.14,0.0
20230223:1811,0.0,0.0,0.0,4.47,2.55,0.0
20230223:1911,0.0,0.0,0.0,3.79,2.97,0.0
20230223:2011,0.0,0.0,0.0,3.87,3.24,0.0
20230223:2111,0.0,0.0,0.0,3.99,3.52,0.0
20230223:2211,0.0,0.0,0.0,4.76,3.72,0.0
20230223:2311,0.0,0.0,0.0,5.57,4.0,0.0
20230224:0011,0.0,0.0,0.0,6.29,4.41,0.0
20230224:0111,0.0,0.0,0.0,6.62,4.76,0.0
20230224:0211,0.0,0.0,0.0,7.02,5.1,0.0
20230224:0311,0.0,0.0,0.0,7.25,5.24,0.0
20230224:0411,0.0,0.0,0.0,7.29,5.17,0.0
20230224:0511,0.0,0.0,0.0,7.48,5.03,0.0
20230224:0611,0.0,0.0,0.0,7.69,4.83,0.0
20230224:0711,0.0,0.0,0.0,7.72,4.14,0.0
20230224:0811,4266.0,9.27,7.83,7.79,4.14,0.0
20230224:0911,857574.0,373.33,15.0,8.06,4.76,0.0
20230224:1011,1256850.0,539.22,20.78,8.41,5.38,0.0
20230224:1111,388017.0,180.01,24.67,8.44,5.79,0.0
20230224:1211,1354995.0,579.81,26.26,8.6,6.48,0.0
20230224:1311,1506735.0,643.29,25.36,8.3,6.76,0.0
20230224:1411,1083456.0,462.28,22.08,7.81,6.83,0.0
20230224:1511,1007019.0,430.57,16.78,7.11,6.55,0.0
20230224:1611,589167.0,265.09,9.95,6.31,5.86,0.0
20230224:1711,0.0,3.71,2.06,5.61,6.34,0.0
20230224:1811,0.0,0.0,0.0,4.93,5.93,0.0
20230224:1911,0.0,0.0,0.0,4.67,5.66,0.0
20230224:2011,0.0,0.0,0.0,4.49,5.86,0.0
20230224:2111,0.0,0.0,0.0,4.42,5.86,0.0
20230224:2211,0.0,0.0,0.0,4.07,5.66,0.0
20230224:2311,0.0,0.0,0.0,3.8,5.52,0.0
20230225:0011,0.0,0.0,0.0,3.63,5.31,0.0
20230225:0111,0.0,0.0,0.0,3.4,5.1,0.0
20230225:0211,0.0,0.0,0.0,3.36,5.17,0.0
20230225:0311,0.0,0.0,0.0,3.35,5.17,0.0
20230225:0411,0.0,0.0,0.0,3.46,5.45,0.0
20230225:0511,0.0,0.0,0.0,3.33,5.31,0.0
20230225:0611,0.0,0.0,0.0,3.05,5.1,0.0
20230225:0711,0.0,0.0,0.0,2.97,5.38,0.0
20230225:0811,236925.0,117.47,8.16,3.21,5.17,0.0
20230225:0911,149013.0,78.56,15.35,4.0,4.69,0.0
20230225:1011,251451.0,121.59,21.14,4.7,6.34,0.0
20230225:1111,767745.0,329.65,25.04,5.62,7.31,0.0
20230225:1211,81054.0,49.14,26.63,5.86,6.9,0.0
20230225:1311,336366.0,157.14,25.72,5.85,6.55,0.0
20230225:1411,154710.0,81.59,22.42,5.95,6.55,0.0
20230225:1511,1150902.0,488.78,17.1,5.94,6.07,0.0
20230225:1611,217836.0,108.84,10.25,5.75,5.72,0.0
20230225:1711,0.0,3.71,2.35,5.11,4.62,0.0
20230225:1811,0.0,0.0,0.0,4.3,4.14,0.0
20230225:1911,0.0,0.0,0.0,4.07,4.62,0.0
20230225:2011,0.0,0.0,0.0,3.88,4.41,0.0
20230225:2111,0.0,0.0,0.0,3.72,4.07,0.0
20230225:2211,0.0,0.0,0.0,4.11,3.93,0.0
20230225:2311,0.0,0.0,0.0,3.94,3.59,0.0
20230226:0011,0.0,0.0,0.0,3.76,3.24,0.0
20230226:0111,0.0,0.0,0.0,3.59,3.17,0.0
20230226:0211,0.0,0.0,0.0,3.29,3.1,0.0
20230226:0311,0.0,0.0,0.0,3.01,3.17,0.0
20230226:0411,0.0,0.0,0.0,3.16,3.24,0.0
20230226:0511,0.0,0.0,0.0,3.1,3.24,0.0
20230226:0611,0.0,0.0,0.0,3.2,3.17,0.0
20230226:0711,0.0,0.0,0.0,3.65,3.66,0.0
20230226:0811,181602.0,93.88,8.5,3.84,3.52,0.0
20230226:0911,524826.0,233.36,15.7,5.06,3.24,0.0
20230226:1011,872964.0,374.12,21.5,6.07,5.38,0.0
20230226:1111,511569.0,228.68,25.41,6.6,5.66,0.0
20230226:1211,447822.0,203.54,27.01,6.98,5.45,0.0
20230226:1311,439911.0,200.46,26.09,7.2,5.17,0.0
20230226:1411,616977.0,272.11,22.77,7.25,4.76,0.0
20230226:1511,1212651.0,520.88,17.43,7.14,4.48,0.0
20230226:1611,195507.0,99.83,10.56,6.72,3.79,0.0
20230226:1711,4347.0,9.27,2.64,6.05,2.97,0.0
20230226:1811,0.0,0.0,0.0,5.06,2.55,0.0
20230226:1911,0.0,0.0,0.0,4.61,3.17,0.0
20230226:2011,0.0,0.0,0.0,4.06,3.17,0.0
20230226:2111,0.0,0.0,0.0,4.3,3.31,0.0
20230226:2211,0.0,0.0,0.0,4.13,3.17,0.0
20230226:2311,0.0,0.0,0.0,4.19,3.1,0.0
20230227:0011,0.0,0.0,0.0,4.24,3.03,0.0
20230227:0111,0.0,0.0,0.0,4.0,2.97,0.0
20230227:0211,0.0,0.0,0.0,4.02,2.97,0.0
20230227:0311,0.0,0.0,0.0,3.76,2.97,0.0
20230227:0411,0.0,0.0,0.0,3.55,3.03,0.0
20230227:0511,0.0,0.0,0.0,3.35,3.03,0.0
20230227:0611,0.0,0.0,0.0,3.41,3.03,0.0
20230227:0711,0.0,0.0,0.0,3.56,3.31,0.0
20230227:0811,301752.0,145.53,8.84,4.12,3.38,0.0
20230227:0911,908496.0,391.72,16.05,5.14,3.24,0.0
20230227:1011,786618.0,339.86,21.87,6.25,4.69,0.0
20230227:1111,680157.0,298.02,25.79,7.06,4.76,0.0
20230227:1211,524610.0,235.04,27.38,7.11,4.9,0.0
20230227:1311,1167912.0,501.24,26.45,7.6,4.9,0.0
20230227:1411,886653.0,382.29,23.12,7.31,5.1,0.0
20230227:1511,1179252.0,505.76,17.75,7.19,4.9,0.0
20230227:1611,715932.0,319.83,10.86,6.75,4.34,0.0
20230227:1711,0.0,3.71,2.93,6.28,4.0,0.0
20230227:1811,0.0,0.0,0.0,5.63,3.72,0.0
20230227:1911,0.0,0.0,0.0,5.65,3.72,0.0
20230227:2011,0.0,0.0,0.0,5.58,3.59,0.0
20230227:2111,0.0,0.0,0.0,5.56,3.45,0.0
20230227:2211,0.0,0.0,0.0,5.61,3.31,0.0
20230227:2311,0.0,0.0,0.0,5.53,3.03,0.0
20230228:0011,0.0,0.0,0.0,5.44,2.76,0.0
20230228:0111,0.0,0.0,0.0,5.25,2.55,0.0
20230228:0211,0.0,0.0,0.0,4.89,2.48,0.0
20230228:0311,0.0,0.0,0.0,4.63,2.69,0.0
20230228:0411,0.0,0.0,0.0,4.33,2.97,0.0
20230228:0511,0.0,0.0,0.0,4.76,3.17,0.0
20230228:0611,0.0,0.0,0.0,5.18,3.52,0.0
20230228:0711,0.0,0.0,0.0,4.9,3.72,0.0
20230228:0811,351243.0,167.07,9.18,5.28,4.14,0.0
20230228:0911,160461.0,84.0,16.41,5.73,4.83,0.0
20230228:1011,247806.0,120.96,22.24,6.33,6.28,0.0
20230228:1111,368010.0,170.81,26.17,6.88,6.21,0.0
20230228:1211,826821.0,357.09,27.76,7.24,6.41,0.0
20230228:1311,303885.0,144.99,26.82,7.77,7.17,0.0
20230228:1411,225207.0,112.18,23.46,7.7,6.62,0.0
20230228:1511,266868.0,129.22,18.08,7.61,6.69,0.0
20230228:1611,269244.0,131.18,11.17,7.33,5.79,0.0
20230228:1711,918.0,6.49,3.22,6.76,5.79,0.0
20230228:1811,0.0,0.0,0.0,6.47,5.59,0.0
20230228:1911,0.0,0.0,0.0,6.13,5.45,0.0
20230228:2011,0.0,0.0,0.0,5.96,5.24,0.0
20230228:2111,0.0,0.0,0.0,6.1,5.1,0.0
20230228:2211,0.0,0.0,0.0,5.98,4.76,0.0
20230228:2311,0.0,0.0,0.0,5.92,4.76,0.0
20230301:0011,0.0,0.0,0.0,5.9,4.9,0.0
20230301:0111,0.0,0.0,0.0,5.78,5.03,0.0
20230301:0211,0.0,0.0,0.0,5.54,5.03,0.0
20230301:0311,0.0,0.0,0.0,5.54,4.9,0.0
20230301:0411,0.0,0.0,0.0,5.55,4.69,0.0
20230301:0511,0.0,0.0,0.0,5.33,4.55,0.0
20230301:0611,0.0,0.0,0.0,5.32,4.69,0.0
20230301:0711,0.0,0.0,0.0,5.25,4.76,0.0
20230301:0811,221589.0,111.3,9.53,5.53,5.03,0.0
20230301:0911,257013.0,124.37,16.77,5.82,5.1,0.0
20230301:1011,799200.0,343.46,22.61,6.35,6.9,0.0
20230301:1111,348840.0,162.82,26.55,6.91,7.31,0.0
20230301:1211,156060.0,82.51,28.14,7.08,6.97,0.0
20230301:1311,615249.0,271.06,27.19,7.51,7.45,0.0
20230301:1411,454599.0,205.96,23.81,7.67,7.66,0.0
20230301:1511,335799.0,157.3,18.41,7.27,6.69,0.0
20230301:1611,240327.0,118.72,11.47,7.08,6.62,0.0
20230301:1711,0.0,5.56,3.51,6.65,6.07,0.0
20230301:1811,0.0,0.0,0.0,6.12,5.59,0.0
20230301:1911,0.0,0.0,0.0,5.89,5.38,0.0
20230301:2011,0.0,0.0,0.0,5.79,5.17,0.0
20230301:2111,0.0,0.0,0.0,5.59,4.9,0.0
20230301:2211,0.0,0.0,0.0,5.34,4.41,0.0
20230301:2311,0.0,0.0,0.0,5.24,3.93,0.0
20230302:0011,0.0,0.0,0.0,4.96,3.24,0.0
20230302:0111,0.0,0.0,0.0,4.37,2.62,0.0
20230302:0211,0.0,0.0,0.0,3.99,2.28,0.0
20230302:0311,0.0,0.0,0.0,3.84,2.14,0.0
20230302:0411,0.0,0.0,0.0,3.35,2.14,0.0
20230302:0511,0.0,0.0,0.0,3.12,2.14,0.0
20230302:0611,0.0,0.0,0.0,2.95,2.07,0.0
20230302:0711,0.0,0.93,1.72,2.77,1.93,0.0
20230302:0811,71766.0,44.5,9.88,3.19,1.66,0.0
20230302:0911,112455.0,63.04,17.13,4.57,2.0,0.0
20230302:1011,199935.0,101.05,22.99,5.72,2.28,0.0
20230302:1111,360585.0,168.32,26.93,6.23,2.34,0.0
20230302:1211,140994.0,76.02,28.52,6.39,2.07,0.0
20230302:1311,311931.0,148.66,27.56,6.65,1.86,0.0
20230302:1411,174906.0,90.86,24.16,6.78,1.66,0.0
20230302:1511,216540.0,108.49,18.73,6.74,1.79,0.0
20230302:1611,133056.0,72.69,11.78,6.54,2.0,0.0
20230302:1711,945.0,6.49,3.8,6.17,1.93,0.0
20230302:1811,0.0,0.0,0.0,5.3,1.86,0.0
20230302:1911,0.0,0.0,0.0,4.44,1.86,0.0
20230302:2011,0.0,0.0,0.0,3.9,1.72,0.0
20230302:2111,0.0,0.0,0.0,2.97,1.79,0.0
20230302:2211,0.0,0.0,0.0,2.49,1.59,0.0
20230302:2311,0.0,0.0,0.0,1.65,1.86,0.0
20230303:0011,0.0,0.0,0.0,1.47,1.72,0.0
20230303:0111,0.0,0.0,0.0,1.63,1.72,0.0
20230303:0211,0.0,0.0,0.0,1.76,1.79,0.0
20230303:0311,0.0,0.0,0.0,1.89,1.93,0.0
20230303:0411,0.0,0.0,0.0,1.92,2.14,0.0
20230303:0511,0.0,0.0,0.0,2.25,2.21,0.0
20230303:0611,0.0,0.0,0.0,2.03,2.41,0.0
20230303:0711,0.0,0.93,2.06,2.39,2.55,0.0
20230303:0811,87723.0,51.75,10.23,2.93,2.55,0.0
20230303:0911,209493.0,104.35,17.49,4.46,2.9,0.0
20230303:1011,296622.0,141.12,23.36,5.85,4.14,0.0
20230303:1111,225963.0,112.18,27.32,6.49,4.0,0.0
20230303:1211,155817.0,82.51,28.91,6.92,3.66,0.0
20230303:1311,253638.0,124.23,27.93,7.22,3.52,0.0
20230303:1411,222669.0,111.25,24.51,7.37,3.45,0.0
20230303:1511,212166.0,106.55,19.06,7.09,3.59,0.0
20230303:1611,145017.0,77.86,12.09,6.67,3.72,0.0
20230303:1711,3132.0,8.34,4.09,6.03,3.17,0.0
20230303:1811,0.0,0.0,0.0,5.12,2.97,0.0
20230303:1911,0.0,0.0,0.0,4.38,2.83,0.0
20230303:2011,0.0,0.0,0.0,4.02,2.97,0.0
20230303:2111,0.0,0.0,0.0,3.61,2.83,0.0
20230303:2211,0.0,0.0,0.0,3.22,2.69,0.0
20230303:2311,0.0,0.0,0.0,3.31,2.55,0.0
20230304:0011,0.0,0.0,0.0,3.13,2.34,0.0
20230304:0111,0.0,0.0,0.0,3.09,2.21,0.0
20230304:0211,0.0,0.0,0.0,2.8,2.34,0.0
20230304:0311,0.0,0.0,0.0,2.59,2.48,0.0
20230304:0411,0.0,0.0,0.0,2.37,2.62,0.0
20230304:0511,0.0,0.0,0.0,2.25,2.69,0.0
20230304:0611,0.0,0.0,0.0,2.12,2.62,0.0
20230304:0711,0.0,1.85,2.4,1.85,2.55,0.0
20230304:0811,159705.0,83.32,10.58,2.52,2.34,0.0
20230304:0911,266382.0,127.6,17.86,3.81,2.76,0.0
20230304:1011,278235.0,133.24,23.74,4.85,2.83,0.0
20230304:1111,498420.0,224.58,27.7,6.19,2.83,0.0
20230304:1211,1258956.0,546.43,29.29,7.23,2.83,0.0
20230304:1311,1595565.0,698.24,28.3,7.28,2.69,0.0
20230304:1411,617301.0,274.27,24.86,7.54,2.97,0.0
20230304:1511,480384.0,217.35,19.39,7.26,3.17,0.0
20230304:1611,94716.0,55.63,12.39,6.9,3.03,0.0
20230304:1711,1998.0,7.42,4.38,6.33,2.34,0.0
20230304:1811,0.0,0.0,0.0,5.22,2.14,0.0
20230304:1911,0.0,0.0,0.0,4.71,1.66,0.0
20230304:2011,0.0,0.0,0.0,4.28,1.66,0.0
20230304:2111,0.0,0.0,0.0,3.98,1.59,0.0
20230304:2211,0.0,0.0,0.0,3.56,1.59,0.0
20230304:2311,0.0,0.0,0.0,2.48,2.0,0.0
20230305:0011,0.0,0.0,0.0,1.6,2.0,0.0
20230305:0111,0.0,0.0,0.0,1.09,2.07,0.0
20230305:0211,0.0,0.0,0.0,0.54,2.14,0.0
20230305:0311,0.0,0.0,0.0,0.32,2.14,0.0
20230305:0411,0.0,0.0,0.0,0.7,2.07,0.0
20230305:0511,0.0,0.0,0.0,0.66,2.0,0.0
20230305:0611,0.0,0.0,0.0,0.39,1.93,0.0
20230305:0711,0.0,3.71,2.75,0.91,1.72,0.0
20230305:0811,90018.0,52.53,10.94,1.56,1.52,0.0
20230305:0911,388989.0,177.12,18.23,2.7,1.72,0.0
20230305:1011,403866.0,183.92,24.12,3.49,2.0,0.0
20230305:1111,736371.0,320.58,28.09,4.41,2.14,0.0
20230305:1211,583470.0,259.0,29.68,5.14,2.14,0.0
20230305:1311,692820.0,304.23,28.68,5.57,2.21,0.0
20230305:1411,186786.0,95.49,25.22,5.87,2.62,0.0
20230305:1511,109593.0,62.12,19.71,6.04,2.41,0.0
20230305:1611,187542.0,96.12,12.7,6.14,2.14,0.0
20230305:1711,40554.0,31.56,4.67,5.93,1.38,0.0
20230305:1811,0.0,0.0,0.0,5.02,1.38,0.0
20230305:1911,0.0,0.0,0.0,3.36,1.59,0.0
20230305:2011,0.0,0.0,0.0,1.75,1.72,0.0
20230305:2111,0.0,0.0,0.0,0.94,1.66,0.0
20230305:2211,0.0,0.0,0.0,0.97,1.31,0.0
20230305:2311,0.0,0.0,0.0,1.61,0.83,0.0
20230306:0011,0.0,0.0,0.0,1.63,0.55,0.0
20230306:0111,0.0,0.0,0.0,0.55,0.97,0.0
20230306:0211,0.0,0.0,0.0,-0.84,1.31,0.0
20230306:0311,0.0,0.0,0.0,-0.81,1.52,0.0
20230306:0411,0.0,0.0,0.0,0.22,1.79,0.0
20230306:0511,0.0,0.0,0.0,0.9,2.14,0.0
20230306:0611,0.0,0.0,0.0,1.61,2.48,0.0
20230306:0711,27.0,5.56,3.1,2.28,2.41,0.0
20230306:0811,91152.0,53.39,11.3,3.6,2.9,0.0
20230306:0911,412317.0,187.08,18.6,4.43,3.79,0.0
20230306:1011,768366.0,331.51,24.51,5.58,5.1,0.0
20230306:1111,1007100.0,432.51,28.48,6.29,4.28,0.0
20230306:1211,926775.0,399.5,30.07,6.99,5.1,0.0
20230306:1311,1303506.0,558.1,29.05,7.38,5.31,0.0
20230306:1411,586332.0,259.64,25.57,7.08,5.31,0.0
20230306:1511,793071.0,342.6,20.04,6.09,4.9,0.0
20230306:1611,356427.0,166.3,13.0,5.25,4.14,0.0
20230306:1711,17550.0,17.62,4.96,4.51,3.31,0.0
20230306:1811,0.0,0.0,0.0,3.08,2.76,0.0
20230306:1911,0.0,0.0,0.0,2.37,2.0,0.0
20230306:2011,0.0,0.0,0.0,1.4,2.21,0.0
20230306:2111,0.0,0.0,0.0,0.72,2.28,0.0
20230306:2211,0.0,0.0,0.0,0.0,2.41,0.0
20230306:2311,0.0,0.0,0.0,-0.47,2.48,0.0
20230307:0011,0.0,0.0,0.0,-0.98,2.55,0.0
20230307:0111,0.0,0.0,0.0,-1.26,2.69,0.0
20230307:0211,0.0,0.0,0.0,-1.53,2.83,0.0
20230307:0311,0.0,0.0,0.0,-1.82,2.9,0.0
20230307:0411,0.0,0.0,0.0,-2.14,2.9,0.0
20230307:0511,0.0,0.0,0.0,-2.52,2.97,0.0
20230307:0611,0.0,0.0,0.0,-2.64,3.17,0.0
20230307:0711,17631.0,18.09,3.45,-2.5,3.17,0.0
20230307:0811,724221.0,316.4,11.66,-1.25,2.97,0.0
20230307:0911,1327293.0,556.36,18.97,0.36,3.66,0.0
20230307:1011,1791207.0,756.38,24.89,1.74,4.21,0.0
20230307:1111,1585305.0,671.48,28.88,2.91,4.07,0.0
20230307:1211,2167128.0,942.52,30.46,3.74,3.72,0.0
20230307:1311,2108997.0,918.73,29.43,4.35,3.59,0.0
20230307:1411,1737288.0,748.13,25.92,4.64,3.38,0.0
20230307:1511,555066.0,245.19,20.37,4.64,3.38,0.0
20230307:1611,47925.0,33.38,13.31,4.24,3.31,0.0
20230307:1711,193752.0,112.06,5.25,3.3,2.41,0.0
20230307:1811,0.0,0.0,0.0,1.98,1.93,0.0
20230307:1911,0.0,0.0,0.0,0.56,1.45,0.0
20230307:2011,0.0,0.0,0.0,-0.73,1.31,0.0
20230307:2111,0.0,0.0,0.0,-2.47,1.66,0.0
20230307:2211,0.0,0.0,0.0,-3.43,1.66,0.0
20230307:2311,0.0,0.0,0.0,-3.68,1.38,0.0
20230308:0011,0.0,0.0,0.0,-3.74,1.24,0.0
20230308:0111,0.0,0.0,0.0,-3.68,1.1,0.0
20230308:0211,0.0,0.0,0.0,-3.92,1.1,0.0
20230308:0311,0.0,0.0,0.0,-4.88,1.38,0.0
20230308:0411,0.0,0.0,0.0,-5.25,1.66,0.0
20230308:0511,0.0,0.0,0.0,-5.03,1.86,0.0
20230308:0611,0.0,0.0,0.0,-4.86,1.93,0.0
20230308:0711,7479.0,11.13,3.81,-4.52,2.14,0.0
20230308:0811,316764.0,146.53,12.02,-2.47,1.86,0.0
20230308:0911,753516.0,322.16,19.35,0.69,2.21,0.0
20230308:1011,1048734.0,444.04,25.28,2.15,2.97,0.0
20230308:1111,1780056.0,761.72,29.27,2.97,3.45,0.0
20230308:1211,919998.0,393.1,30.85,3.62,3.66,0.0
20230308:1311,495612.0,221.01,29.8,3.82,3.66,0.0
20230308:1411,480195.0,214.31,26.27,3.72,3.79,0.0
20230308:1511,392229.0,178.2,20.7,3.25,3.72,0.0
20230308:1611,243756.0,118.12,13.61,2.69,3.24,0.0
20230308:1711,59778.0,40.49,5.54,1.91,2.76,0.0
20230308:1811,0.0,0.0,0.0,0.81,2.55,0.0
20230308:1911,0.0,0.0,0.0,0.55,2.41,0.0
20230308:2011,0.0,0.0,0.0,0.02,2.41,0.0
20230308:2111,0.0,0.0,0.0,-0.1,2.28,0.0
20230308:2211,0.0,0.0,0.0,-0.29,2.34,0.0
20230308:2311,0.0,0.0,0.0,-0.36,2.34,0.0
20230309:0011,0.0,0.0,0.0,-0.65,2.34,0.0
20230309:0111,0.0,0.0,0.0,-0.92,2.34,0.0
20230309:0211,0.0,0.0,0.0,-1.34,2.41,0.0
20230309:0311,0.0,0.0,0.0,-1.65,2.48,0.0
20230309:0411,0.0,0.0,0.0,-1.65,2.41,0.0
20230309:0511,0.0,0.0,0.0,-1.59,2.34,0.0
20230309:0611,0.0,0.0,0.0,-1.49,2.34,0.0
20230309:0711,3348.0,8.34,4.16,-0.94,2.34,0.0
20230309:0811,79056.0,47.28,12.39,0.18,2.21,0.0
20230309:0911,122742.0,66.75,19.73,1.59,2.34,0.0
20230309:1011,250479.0,120.52,25.67,2.33,3.17,0.0
20230309:1111,241785.0,116.82,29.67,2.39,4.34,0.0
20230309:1211,337959.0,155.91,31.24,2.11,4.28,0.0
20230309:1311,364311.0,166.32,30.18,1.95,4.83,0.0
20230309:1411,321165.0,148.76,26.62,1.79,4.69,0.0
20230309:1511,122958.0,66.75,21.02,1.59,4.76,0.0
20230309:1611,66447.0,41.72,13.92,1.49,4.9,0.0
20230309:1711,77436.0,49.2,5.83,1.27,4.69,0.0
20230309:1811,0.0,0.0,0.0,1.17,4.83,0.0
20230309:1911,0.0,0.0,0.0,1.2,5.17,0.0
20230309:2011,0.0,0.0,0.0,1.09,5.38,0.0
20230309:2111,0.0,0.0,0.0,1.18,5.66,0.0
20230309:2211,0.0,0.0,0.0,1.19,5.86,0.0
20230309:2311,0.0,0.0,0.0,1.16,6.07,0.0
20230310:0011,0.0,0.0,0.0,1.13,6.14,0.0
20230310:0111,0.0,0.0,0.0,1.05,6.28,0.0
20230310:0211,0.0,0.0,0.0,0.96,6.41,0.0
20230310:0311,0.0,0.0,0.0,0.88,6.34,0.0
20230310:0411,0.0,0.0,0.0,0.84,6.21,0.0
20230310:0511,0.0,0.0,0.0,0.77,5.79,0.0
20230310:0611,0.0,0.0,0.0,0.61,5.72,0.0
20230310:0711,1053.0,6.49,4.52,0.62,5.79,0.0
20230310:0811,81054.0,48.21,12.75,0.77,5.45,0.0
20230310:0911,321651.0,148.2,20.1,1.13,5.1,0.0
20230310:1011,520614.0,228.18,26.06,1.67,4.62,0.0
20230310:1111,1166697.0,488.23,30.06,2.05,5.38,0.0
20230310:1211,1753623.0,736.93,31.64,2.32,5.52,0.0
20230310:1311,1930176.0,817.44,30.56,2.58,5.03,0.0
20230310:1411,1835757.0,777.78,26.98,2.84,4.62,0.0
20230310:1511,1465992.0,619.85,21.35,2.87,4.07,0.0
20230310:1611,394011.0,179.99,14.22,2.59,3.1,0.0
20230310:1711,233064.0,127.87,6.12,1.53,1.93,0.0
20230310:1811,0.0,0.0,0.0,0.36,1.24,0.0
20230310:1911,0.0,0.0,0.0,-1.27,1.59,0.0
20230310:2011,0.0,0.0,0.0,-3.48,2.0,0.0
20230310:2111,0.0,0.0,0.0,-4.1,2.07,0.0
20230310:2211,0.0,0.0,0.0,-4.99,2.21,0.0
20230310:2311,0.0,0.0,0.0,-3.92,1.93,0.0
20230311:0011,0.0,0.0,0.0,-3.44,1.72,0.0
20230311:0111,0.0,0.0,0.0,-4.11,1.79,0.0
20230311:0211,0.0,0.0,0.0,-4.94,1.86,0.0
20230311:0311,0.0,0.0,0.0,-5.27,1.79,0.0
20230311:0411,0.0,0.0,0.0,-4.74,1.66,0.0
20230311:0511,0.0,0.0,0.0,-3.77,1.52,0.0
20230311:0611,0.0,0.0,0.0,-4.12,1.52,0.0
20230311:0711,32589.0,26.31,4.88,-2.0,1.45,0.0
20230311:0811,474039.0,213.25,13.12,-0.02,1.17,0.0
20230311:0911,1085238.0,465.54,20.48,2.1,1.31,0.0
20230311:1011,1020492.0,431.56,26.45,0.11,1.79,0.0
20230311:1111,766908.0,334.21,30.46,5.02,2.34,0.0
20230311:1211,1174392.0,506.35,32.03,5.22,2.55,0.0
20230311:1311,1205145.0,520.11,30.93,5.63,2.62,0.0
20230311:1411,556875.0,248.18,27.33,5.89,2.83,0.0
20230311:1511,598914.0,264.77,21.67,5.74,2.83,0.0
20230311:1611,158274.0,83.12,14.52,5.32,2.83,0.0
20230311:1711,22491.0,20.4,6.41,4.63,2.55,0.0
20230311:1811,0.0,0.0,0.0,3.42,2.55,0.0
20230311:1911,0.0,0.0,0.0,3.09,3.38,0.0
20230311:2011,0.0,0.0,0.0,2.21,4.21,0.0
20230311:2111,0.0,0.0,0.0,2.04,4.76,0.0
20230311:2211,0.0,0.0,0.0,1.33,4.97,0.0
20230311:2311,0.0,0.0,0.0,1.06,5.24,0.0
20230312:0011,0.0,0.0,0.0,1.01,5.31,0.0
20230312:0111,0.0,0.0,0.0,0.79,5.1,0.0
20230312:0211,0.0,0.0,0.0,0.92,4.21,0.0
20230312:0311,0.0,0.0,0.0,1.44,3.31,0.0
20230312:0411,0.0,0.0,0.0,3.4,3.31,0.0
20230312:0511,0.0,0.0,0.0,6.4,5.45,0.0
20230312:0611,0.0,0.0,0.0,7.04,6.07,0.0
20230312:0711,14121.0,15.76,5.24,7.44,5.86,0.0
20230312:0811,442665.0,204.66,13.49,7.71,6.07,0.0
20230312:0911,1236195.0,531.68,20.86,8.44,5.79,0.0
20230312:1011,724572.0,317.85,26.84,9.8,8.62,0.0
20230312:1111,101466.0,59.33,30.86,10.38,8.76,0.0
20230312:1211,875016.0,382.21,32.42,10.4,7.38,0.0
20230312:1311,1551447.0,672.32,31.31,10.62,6.48,0.0
20230312:1411,600939.0,270.16,27.68,11.1,6.0,0.0
20230312:1511,174258.0,91.78,22.0,10.98,6.14,0.0
20230312:1611,211977.0,108.09,14.83,10.67,5.31,0.0
20230312:1711,4185.0,9.27,6.7,10.45,5.79,0.0
20230312:1811,0.0,0.0,0.0,9.6,5.59,0.0
20230312:1911,0.0,0.0,0.0,9.49,5.03,0.0
20230312:2011,0.0,0.0,0.0,9.28,4.83,0.0
20230312:2111,0.0,0.0,0.0,9.05,4.48,0.0
20230312:2211,0.0,0.0,0.0,8.8,4.83,0.0
20230312:2311,0.0,0.0,0.0,8.92,5.31,0.0
20230313:0011,0.0,0.0,0.0,9.26,5.66,0.0
20230313:0111,0.0,0.0,0.0,10.1,6.34,0.0
20230313:0211,0.0,0.0,0.0,10.85,7.24,0.0
20230313:0311,0.0,0.0,0.0,11.18,7.79,0.0
20230313:0411,0.0,0.0,0.0,11.3,8.14,0.0
20230313:0511,0.0,0.0,0.0,11.51,8.97,0.0
20230313:0611,0.0,0.0,0.0,11.35,8.69,0.0
20230313:0711,1890.0,7.42,5.61,10.52,8.69,0.0
20230313:0811,218565.0,110.74,13.86,10.22,9.1,0.0
20230313:0911,520695.0,234.84,21.25,10.16,9.31,0.0
20230313:1011,353133.0,166.69,27.24,10.23,8.9,0.0
20230313:1111,724977.0,319.63,31.26,10.48,8.48,0.0
20230313:1211,565110.0,255.25,32.82,10.87,7.31,0.0
20230313:1311,103221.0,60.26,31.69,10.92,8.41,0.0
20230313:1411,246240.0,122.38,28.03,10.65,8.21,0.0
20230313:1511,183411.0,95.49,22.33,10.49,7.45,0.0
20230313:1611,16956.0,17.62,15.13,10.24,7.59,0.0
20230313:1711,864.0,6.49,6.98,9.81,6.76,0.0
20230313:1811,0.0,0.0,0.0,9.47,5.31,0.0
20230313:1911,0.0,0.0,0.0,8.57,4.41,0.0
20230313:2011,0.0,0.0,0.0,6.61,4.97,0.0
20230313:2111,0.0,0.0,0.0,4.65,5.38,0.0
20230313:2211,0.0,0.0,0.0,3.82,5.45,0.0
20230313:2311,0.0,0.0,0.0,3.61,5.93,0.0
20230314:0011,0.0,0.0,0.0,3.4,6.14,0.0
20230314:0111,0.0,0.0,0.0,3.38,5.93,0.0
20230314:0211,0.0,0.0,0.0,3.33,5.31,0.0
20230314:0311,0.0,0.0,0.0,3.23,5.17,0.0
20230314:0411,0.0,0.0,0.0,2.78,5.31,0.0
20230314:0511,0.0,0.0,0.0,2.27,5.1,0.0
20230314:0611,0.0,0.0,0.0,1.65,4.41,0.0
20230314:0711,190836.0,111.26,5.97,1.19,3.17,0.0
20230314:0811,533115.0,237.59,14.23,1.63,2.9,0.0
20230314:0911,1296486.0,548.11,21.63,2.88,4.0,0.0
20230314:1011,1676376.0,711.82,27.63,4.29,4.83,0.0
20230314:1111,2154843.0,925.72,31.66,5.42,5.93,0.0
20230314:1211,1598940.0,679.91,33.21,6.16,6.41,0.0
20230314:1311,683451.0,297.86,32.07,5.94,6.69,0.0
20230314:1411,685449.0,297.62,28.39,5.47,6.55,0.0
20230314:1511,170424.0,88.08,22.65,5.25,5.93,0.0
20230314:1611,756891.0,331.43,15.43,4.89,5.03,0.0
20230314:1711,63828.0,41.58,7.27,4.12,4.21,0.0
20230314:1811,0.0,0.0,0.0,3.09,3.38,0.0
20230314:1911,0.0,0.0,0.0,2.12,2.76,0.0
20230314:2011,0.0,0.0,0.0,1.45,2.28,0.0
20230314:2111,0.0,0.0,0.0,0.45,1.86,0.0
20230314:2211,0.0,0.0,0.0,-0.62,2.0,0.0
20230314:2311,0.0,0.0,0.0,-1.85,2.14,0.0
20230315:0011,0.0,0.0,0.0,-2.67,2.0,0.0
20230315:0111,0.0,0.0,0.0,-3.63,1.79,0.0
20230315:0211,0.0,0.0,0.0,-4.53,1.66,0.0
20230315:0311,0.0,0.0,0.0,-5.2,1.59,0.0
20230315:0411,0.0,0.0,0.0,-5.49,1.52,0.0
20230315:0511,0.0,0.0,0.0,-5.6,1.45,0.0
20230315:0611,0.0,0.0,0.0,-5.57,1.45,0.0
20230315:0711,148500.0,84.87,6.33,-4.63,1.59,0.0
20230315:0811,431217.0,193.07,14.61,-1.82,1.52,0.0
20230315:0911,1259361.0,534.67,22.01,1.05,2.07,0.0
20230315:1011,1308096.0,556.17,28.03,3.24,3.1,0.0
20230315:1111,1610523.0,691.16,32.06,4.82,3.72,0.0
20230315:1211,1516266.0,650.94,33.61,5.95,4.28,0.0
20230315:1311,912627.0,394.02,32.44,6.54,4.69,0.0
20230315:1411,643626.0,283.47,28.74,6.56,4.28,0.0
20230315:1511,296595.0,141.43,22.97,6.34,4.0,0.0
20230315:1611,97281.0,56.55,15.73,5.97,3.79,0.0
20230315:1711,49518.0,34.58,7.55,5.21,3.66,0.0
20230315:1811,0.0,0.0,0.0,4.14,4.0,0.0
20230315:1911,0.0,0.0,0.0,4.18,4.62,0.0
20230315:2011,0.0,0.0,0.0,4.25,5.1,0.0
20230315:2111,0.0,0.0,0.0,4.56,5.24,0.0
20230315:2211,0.0,0.0,0.0,4.94,5.24,0.0
20230315:2311,0.0,0.0,0.0,5.39,5.31,0.0
20230316:0011,0.0,0.0,0.0,5.8,5.1,0.0
20230316:0111,0.0,0.0,0.0,6.12,4.9,0.0
20230316:0211,0.0,0.0,0.0,6.51,5.03,0.0
20230316:0311,0.0,0.0,0.0,6.94,5.38,0.0
20230316:0411,0.0,0.0,0.0,7.47,5.52,0.0
20230316:0511,0.0,0.0,0.0,8.06,5.52,0.0
20230316:0611,0.0,0.0,0.0,8.43,5.31,0.0
20230316:0711,27027.0,23.18,6.7,8.88,5.31,0.0
20230316:0811,374679.0,176.73,14.98,9.12,5.1,0.0
20230316:0911,97686.0,57.48,22.4,9.51,5.38,0.0
20230316:1011,143262.0,77.88,28.42,9.81,5.66,0.0
20230316:1111,81243.0,50.06,32.46,10.21,6.07,0.0
20230316:1211,180657.0,94.56,34.01,10.95,5.72,0.0
20230316:1311,405999.0,190.35,32.82,11.67,6.55,0.0
20230316:1411,227421.0,114.96,29.09,11.61,6.34,0.0
20230316:1511,432891.0,200.55,23.3,11.13,6.07,0.0
20230316:1611,155817.0,83.65,16.03,10.64,5.79,0.0
20230316:1711,25083.0,22.25,7.84,10.45,5.66,0.0
20230316:1811,0.0,0.0,0.0,10.15,5.31,0.0
20230316:1911,0.0,0.0,0.0,10.42,5.45,0.0
20230316:2011,0.0,0.0,0.0,10.16,5.1,0.0
20230316:2111,0.0,0.0,0.0,9.87,4.83,0.0
20230316:2211,0.0,0.0,0.0,9.51,4.48,0.0
20230316:2311,0.0,0.0,0.0,9.39,4.28,0.0
20230317:0011,0.0,0.0,0.0,9.34,3.93,0.0
20230317:0111,0.0,0.0,0.0,9.48,3.79,0.0
20230317:0211,0.0,0.0,0.0,9.54,3.66,0.0
20230317:0311,0.0,0.0,0.0,9.43,3.52,0.0
20230317:0411,0.0,0.0,0.0,9.32,3.45,0.0
20230317:0511,0.0,0.0,0.0,9.03,3.17,0.0
20230317:0611,0.0,0.0,0.0,8.97,3.1,0.0
20230317:0711,74034.0,48.37,7.07,8.98,3.24,0.0
20230317:0811,591462.0,270.39,15.36,9.42,2.9,0.0
20230317:0911,1111698.0,485.95,22.78,10.55,4.48,0.0
20230317:1011,1798740.0,795.27,28.82,11.57,4.55,0.0
20230317:1111,269487.0,133.5,32.87,12.3,4.62,0.0
20230317:1211,426519.0,200.49,34.4,12.69,4.34,0.0
20230317:1311,1319895.0,584.93,33.2,13.11,4.21,0.0
20230317:1411,1733130.0,776.28,29.44,13.28,3.79,0.0
20230317:1511,903231.0,403.55,23.62,13.47,3.52,0.0
20230317:1611,163728.0,88.24,16.33,13.37,3.17,0.0
20230317:1711,276399.0,152.88,8.12,11.81,2.21,0.0
20230317:1811,0.0,0.0,0.0,10.72,2.28,0.0
20230317:1911,0.0,0.0,0.0,9.42,2.41,0.0
20230317:2011,0.0,0.0,0.0,8.66,2.41,0.0
20230317:2111,0.0,0.0,0.0,8.11,2.34,0.0
20230317:2211,0.0,0.0,0.0,7.41,2.55,0.0
20230317:2311,0.0,0.0,0.0,6.99,2.41,0.0
20230318:0011,0.0,0.0,0.0,6.89,2.28,0.0
20230318:0111,0.0,0.0,0.0,6.74,2.21,0.0
20230318:0211,0.0,0.0,0.0,6.71,2.21,0.0
20230318:0311,0.0,0.0,0.0,6.94,2.14,0.0
20230318:0411,0.0,0.0,0.0,6.69,2.14,0.0
20230318:0511,0.0,0.0,0.0,6.68,2.07,0.0
20230318:0611,0.0,0.0,0.0,6.81,2.0,0.0
20230318:0711,12663.0,14.83,7.43,6.54,1.66,0.0
20230318:0811,75897.0,47.28,15.73,8.19,1.86,0.0
20230318:0911,136755.0,75.1,23.17,9.55,2.41,0.0
20230318:1011,387180.0,182.98,29.22,10.87,2.21,0.0
20230318:1111,360666.0,172.47,33.27,11.79,2.76,0.0
20230318:1211,465588.0,217.29,34.8,12.41,3.17,0.0
20230318:1311,170262.0,90.86,33.58,12.67,3.03,0.0
20230318:1411,56808.0,38.94,29.79,13.18,3.03,0.0
20230318:1511,40257.0,30.59,23.94,13.22,2.97,0.0
20230318:1611,426870.0,202.01,16.63,12.92,2.9,0.0
20230318:1711,47790.0,34.3,8.41,12.04,2.34,0.0
20230318:1811,0.0,0.0,0.0,10.98,2.55,0.0
20230318:1911,0.0,0.0,0.0,10.04,2.9,0.0
20230318:2011,0.0,0.0,0.0,9.32,3.24,0.0
20230318:2111,0.0,0.0,0.0,8.84,3.24,0.0
20230318:2211,0.0,0.0,0.0,8.36,3.52,0.0
20230318:2311,0.0,0.0,0.0,7.95,4.0,0.0
20230319:0011,0.0,0.0,0.0,7.49,4.21,0.0
20230319:0111,0.0,0.0,0.0,6.9,4.14,0.0
20230319:0211,0.0,0.0,0.0,6.39,4.0,0.0
20230319:0311,0.0,0.0,0.0,5.88,3.79,0.0
20230319:0411,0.0,0.0,0.0,5.55,3.52,0.0
20230319:0511,0.0,0.0,0.0,5.58,3.03,0.0
20230319:0611,0.0,0.0,0.0,5.51,2.97,0.0
20230319:0711,242865.0,135.53,7.8,5.64,2.62,0.0
20230319:0811,846585.0,376.25,16.11,6.82,3.31,0.0
20230319:0911,1425357.0,619.22,23.56,7.71,3.45,0.0
20230319:1011,1789965.0,791.32,29.61,8.52,2.9,0.0
20230319:1111,1560249.0,688.44,33.67,9.53,3.03,0.0
20230319:1211,1199637.0,528.44,35.2,10.23,3.03,0.0
20230319:1311,1583388.0,701.8,33.95,10.41,3.1,0.0
20230319:1411,653049.0,292.93,30.14,10.56,3.79,0.0
20230319:1511,820665.0,362.29,24.26,10.22,3.79,0.0
20230319:1611,122229.0,68.61,16.93,9.75,4.14,0.0
20230319:1711,101493.0,60.72,8.69,8.96,4.28,0.0
20230319:1811,0.0,0.0,0.0,8.01,3.52,0.0
20230319:1911,0.0,0.0,0.0,7.57,3.24,0.0
20230319:2011,0.0,0.0,0.0,7.14,2.28,0.0
20230319:2111,0.0,0.0,0.0,6.62,1.79,0.0
20230319:2211,0.0,0.0,0.0,5.87,2.21,0.0
20230319:2311,0.0,0.0,0.0,6.06,2.48,0.0
20230320:0011,0.0,0.0,0.0,6.18,2.83,0.0
20230320:0111,0.0,0.0,0.0,6.28,3.17,0.0
20230320:0211,0.0,0.0,0.0,6.35,3.17,0.0
20230320:0311,0.0,0.0,0.0,6.39,3.1,0.0
20230320:0411,0.0,0.0,0.0,6.52,2.97,0.0
20230320:0511,0.0,0.0,0.0,6.8,2.83,0.0
20230320:0611,0.0,0.0,0.0,7.26,2.76,0.0
20230320:0711,12582.0,14.83,8.17,7.41,1.72,0.0
20230320:0811,54486.0,37.08,16.48,8.05,1.45,0.0
20230320:0911,222534.0,112.18,23.94,8.74,1.17,0.0
20230320:1011,388908.0,182.73,30.01,9.45,2.07,0.0
20230320:1111,356832.0,169.65,34.07,10.29,3.03,0.0
20230320:1211,575478.0,261.34,35.59,10.46,3.38,0.0
20230320:1311,330183.0,158.54,34.33,10.84,4.07,0.0
20230320:1411,244566.0,122.38,30.49,11.18,3.66,0.0
20230320:1511,209655.0,107.54,24.58,11.33,2.76,0.0
20230320:1611,283500.0,139.71,17.23,11.81,2.48,0.0
20230320:1711,179874.0,101.08,8.97,11.98,2.62,0.0
20230320:1811,0.0,0.0,0.0,11.16,2.48,0.0
20230320:1911,0.0,0.0,0.0,10.75,2.41,0.0
20230320:2011,0.0,0.0,0.0,10.43,2.62,0.0
20230320:2111,0.0,0.0,0.0,10.64,3.03,0.0
20230320:2211,0.0,0.0,0.0,10.87,3.66,0.0
20230320:2311,0.0,0.0,0.0,10.82,4.0,0.0
20230321:0011,0.0,0.0,0.0,10.57,4.14,0.0
20230321:0111,0.0,0.0,0.0,10.38,4.55,0.0
20230321:0211,0.0,0.0,0.0,9.99,4.69,0.0
20230321:0311,0.0,0.0,0.0,9.59,4.9,0.0
20230321:0411,0.0,0.0,0.0,9.25,4.9,0.0
20230321:0511,0.0,0.0,0.0,9.09,4.62,0.0
20230321:0611,0.0,0.0,0.0,8.98,4.62,0.0
20230321:0711,0.0,0.0,0.0,9.52,4.48,0.0
20230321:0811,0.0,0.0,0.0,10.0,4.76,0.0
20230321:0911,512730.0,233.28,24.33,10.29,4.97,0.0
20230321:1011,755676.0,335.71,30.41,11.45,5.31,0.0
20230321:1111,721791.0,323.26,34.48,12.49,5.79,0.0
20230321:1211,281934.0,139.07,35.99,13.05,6.07,0.0
20230321:1311,771633.0,343.4,34.71,12.53,6.9,0.0
20230321:1411,296298.0,144.63,30.83,12.34,7.31,0.0
20230321:1511,781974.0,346.53,24.9,12.15,6.34,0.0
20230321:1611,512298.0,236.45,17.52,12.19,5.93,0.0
20230321:1711,160623.0,90.61,9.25,11.64,5.31,0.0
20230321:1811,0.0,0.0,0.0,10.95,5.1,0.0
20230321:1911,0.0,0.0,0.0,10.38,4.69,0.0
20230321:2011,0.0,0.0,0.0,9.99,4.97,0.0
20230321:2111,0.0,0.0,0.0,9.7,5.38,0.0
20230321:2211,0.0,0.0,0.0,9.21,5.86,0.0
20230321:2311,0.0,0.0,0.0,9.04,6.62,0.0
20230322:0011,0.0,0.0,0.0,9.0,7.24,0.0
20230322:0111,0.0,0.0,0.0,9.1,7.66,0.0
20230322:0211,0.0,0.0,0.0,9.23,8.14,0.0
20230322:0311,0.0,0.0,0.0,9.54,8.28,0.0
20230322:0411,0.0,0.0,0.0,9.92,7.86,0.0
20230322:0511,0.0,0.0,0.0,10.16,7.86,0.0
20230322:0611,0.0,0.0,0.0,9.11,8.07,0.0
20230322:0711,0.0,0.0,0.0,8.48,7.1,0.0
20230322:0811,857493.0,378.89,17.23,8.39,6.48,0.0
20230322:0911,1438560.0,617.72,24.72,9.29,7.1,0.0
20230322:1011,1778895.0,767.11,30.81,10.16,7.59,0.0
20230322:1111,2117313.0,925.28,34.88,11.03,7.52,0.0
20230322:1211,2117151.0,928.76,36.38,11.65,7.52,0.0
20230322:1311,2036718.0,892.77,35.08,12.26,7.72,0.0
20230322:1411,1705428.0,743.9,31.18,12.51,7.38,0.0
20230322:1511,1427814.0,619.65,25.22,12.21,7.86,0.0
20230322:1611,944703.0,420.63,17.82,11.09,5.93,0.0
20230322:1711,311202.0,166.87,9.53,11.21,5.93,0.0
20230322:1811,0.0,0.0,0.0,10.62,5.52,0.0
20230322:1911,0.0,0.0,0.0,10.01,5.31,0.0
20230322:2011,0.0,0.0,0.0,9.5,5.93,0.0
20230322:2111,0.0,0.0,0.0,8.92,6.21,0.0
20230322:2211,0.0,0.0,0.0,8.63,6.41,0.0
20230322:2311,0.0,0.0,0.0,8.51,6.28,0.0
20230323:0011,0.0,0.0,0.0,8.5,6.28,0.0
20230323:0111,0.0,0.0,0.0,8.01,6.69,0.0
20230323:0211,0.0,0.0,0.0,7.16,6.62,0.0
20230323:0311,0.0,0.0,0.0,6.65,6.34,0.0
20230323:0411,0.0,0.0,0.0,6.34,5.93,0.0
20230323:0511,0.0,0.0,0.0,6.14,5.79,0.0
20230323:0611,0.0,0.0,0.0,6.31,5.86,0.0
20230323:0711,126846.0,72.12,9.27,6.65,5.93,0.0
20230323:0811,80325.0,49.14,17.61,7.6,6.07,0.0
20230323:0911,122904.0,68.61,25.1,8.89,6.69,0.0
20230323:1011,428733.0,198.27,31.2,10.4,9.03,0.0
20230323:1111,111429.0,63.97,35.28,10.94,8.76,0.0
20230323:1211,111186.0,63.97,36.78,11.37,8.48,0.0
20230323:1311,2009421.0,877.49,35.46,11.7,7.86,0.0
20230323:1411,364662.0,173.28,31.53,12.2,7.72,0.0
20230323:1511,701595.0,312.73,25.54,12.21,7.31,0.0
20230323:1611,915354.0,408.82,18.11,12.03,6.55,0.0
20230323:1711,40689.0,30.59,9.81,11.42,5.72,0.0
20230323:1811,0.0,0.0,0.0,10.24,5.24,0.0
20230323:1911,0.0,0.0,0.0,9.87,4.48,0.0
20230323:2011,0.0,0.0,0.0,9.02,4.41,0.0
20230323:2111,0.0,0.0,0.0,8.53,4.34,0.0
20230323:2211,0.0,0.0,0.0,7.98,4.07,0.0
20230323:2311,0.0,0.0,0.0,7.32,4.34,0.0
20230324:0011,0.0,0.0,0.0,7.35,4.97,0.0
20230324:0111,0.0,0.0,0.0,7.45,5.66,0.0
20230324:0211,0.0,0.0,0.0,7.14,6.28,0.0
20230324:0311,0.0,0.0,0.0,7.0,6.34,0.0
20230324:0411,0.0,0.0,0.0,6.88,6.21,0.0
20230324:0511,0.0,0.0,0.0,6.65,5.93,0.0
20230324:0611,0.0,0.0,0.0,6.57,5.86,0.0
20230324:0711,69498.0,44.28,9.64,7.15,6.97,0.0
20230324:0811,882900.0,388.95,17.98,8.06,6.07,0.0
20230324:0911,1096821.0,470.41,25.49,9.13,8.83,0.0
20230324:1011,925344.0,401.42,31.6,10.01,8.76,0.0
20230324:1111,451116.0,208.43,35.68,11.09,8.41,0.0
20230324:1211,1470555.0,637.45,37.18,11.65,8.28,0.0
20230324:1311,785808.0,347.81,35.83,12.06,8.69,0.0
20230324:1411,1351836.0,586.56,31.87,11.72,7.45,0.0
20230324:1511,1088505.0,473.51,25.85,11.47,7.31,0.0
20230324:1611,421173.0,196.84,18.4,11.31,6.48,0.0
20230324:1711,18495.0,18.54,10.09,10.78,6.34,0.0
20230324:1811,0.0,0.0,0.0,9.96,6.07,0.0
20230324:1911,0.0,0.0,0.0,9.26,5.72,0.0
20230324:2011,0.0,0.0,0.0,8.68,5.72,0.0
20230324:2111,0.0,0.0,0.0,8.46,5.79,0.0
20230324:2211,0.0,0.0,0.0,8.06,5.66,0.0
20230324:2311,0.0,0.0,0.0,7.74,5.72,0.0
20230325:0011,0.0,0.0,0.0,7.59,5.93,0.0
20230325:0111,0.0,0.0,0.0,7.53,6.41,0.0
20230325:0211,0.0,0.0,0.0,7.32,6.76,0.0
20230325:0311,0.0,0.0,0.0,6.81,6.62,0.0
20230325:0411,0.0,0.0,0.0,6.8,6.48,0.0
20230325:0511,0.0,0.0,0.0,6.93,6.34,0.0
20230325:0611,0.0,0.0,0.0,7.02,6.07,0.0
20230325:0711,130437.0,73.37,10.01,7.21,6.14,0.0
20230325:0811,432378.0,198.41,18.36,7.52,6.76,0.0
20230325:0911,438291.0,200.48,25.88,8.01,6.07,0.0
20230325:1011,307881.0,147.41,32.0,8.59,5.79,0.0
20230325:1111,780435.0,343.32,36.09,9.12,5.45,0.0
20230325:1211,1742472.0,763.53,37.57,9.65,4.76,0.0
20230325:1311,1412721.0,617.84,36.2,9.62,4.0,0.0
20230325:1411,688068.0,307.62,32.21,9.73,2.97,0.0
20230325:1511,234954.0,117.74,26.17,9.6,2.0,0.0
20230325:1611,377865.0,178.77,18.7,9.18,1.03,0.0
20230325:1711,82566.0,50.74,10.37,8.69,0.48,0.0
20230325:1811,0.0,0.0,0.0,7.78,1.52,0.0
20230325:1911,0.0,0.0,0.0,6.99,2.07,0.0
20230325:2011,0.0,0.0,0.0,6.29,2.48,0.0
20230325:2111,0.0,0.0,0.0,5.93,2.41,0.0
20230325:2211,0.0,0.0,0.0,5.67,2.34,0.0
20230325:2311,0.0,0.0,0.0,5.37,2.41,0.0
20230326:0011,0.0,0.0,0.0,5.27,2.62,0.0
20230326:0111,0.0,0.0,0.0,5.26,2.76,0.0
20230326:0211,0.0,0.0,0.0,5.26,2.9,0.0
20230326:0311,0.0,0.0,0.0,5.17,3.17,0.0
20230326:0411,0.0,0.0,0.0,5.09,3.38,0.0
20230326:0511,0.0,0.0,0.0,4.93,3.52,0.0
20230326:0611,0.0,0.0,0.0,4.69,3.66,0.0
20230326:0711,323298.0,167.59,10.38,4.42,3.93,0.0
20230326:0811,923967.0,401.85,18.73,4.85,4.62,0.0
20230326:0911,734346.0,318.25,26.26,5.34,5.17,0.0
20230326:1011,1023759.0,438.12,32.39,6.18,5.66,0.0
20230326:1111,825120.0,358.61,36.49,7.17,5.72,0.0
20230326:1211,500310.0,225.91,37.96,7.15,5.52,0.0
20230326:1311,631287.0,279.45,36.58,7.24,5.59,0.0
20230326:1411,615978.0,272.74,32.56,7.25,5.72,0.0
20230326:1511,516051.0,231.4,26.48,6.99,5.59,0.0
20230326:1611,481572.0,218.26,18.99,6.69,5.24,0.0
20230326:1711,108702.0,62.24,10.65,5.89,4.76,0.0
20230326:1811,0.0,1.85,1.93,4.89,4.14,0.0
20230326:1911,0.0,0.0,0.0,3.84,3.59,0.0
20230326:2011,0.0,0.0,0.0,3.26,3.38,0.0
20230326:2111,0.0,0.0,0.0,2.33,3.1,0.0
20230326:2211,0.0,0.0,0.0,1.57,2.9,0.0
20230326:2311,0.0,0.0,0.0,0.97,2.97,0.0
20230327:0011,0.0,0.0,0.0,0.46,2.97,0.0
20230327:0111,0.0,0.0,0.0,0.24,2.9,0.0
20230327:0211,0.0,0.0,0.0,0.12,2.76,0.0
20230327:0311,0.0,0.0,0.0,-0.02,2.69,0.0
20230327:0411,0.0,0.0,0.0,-0.29,2.62,0.0
20230327:0511,0.0,0.0,0.0,-0.78,2.55,0.0
20230327:0611,0.0,1.85,2.02,-1.24,2.48,0.0
20230327:0711,381321.0,192.23,10.74,-0.58,2.0,0.0
20230327:0811,1014633.0,439.36,19.11,2.13,2.48,0.0
20230327:0911,1547991.0,664.79,26.65,3.58,2.76,0.0
20230327:1011,1922562.0,846.09,32.79,4.74,2.28,0.0
20230327:1111,2159001.0,976.44,36.89,5.62,1.79,0.0
20230327:1211,2203443.0,1011.34,38.36,6.31,1.45,0.0
20230327:1311,2119608.0,978.09,36.95,7.04,1.1,0.0
20230327:1411,1935873.0,881.8,32.9,7.82,1.24,0.0
20230327:1511,1501983.0,668.08,26.79,8.07,1.45,0.0
20230327:1611,979614.0,438.41,19.27,8.2,1.66,0.0
20230327:1711,352539.0,183.56,10.92,8.1,1.86,0.0
20230327:1811,0.0,2.78,2.21,7.04,2.07,0.0
20230327:1911,0.0,0.0,0.0,5.36,2.62,0.0
20230327:2011,0.0,0.0,0.0,4.04,2.55,0.0
20230327:2111,0.0,0.0,0.0,3.12,2.76,0.0
20230327:2211,0.0,0.0,0.0,2.41,2.97,0.0
20230327:2311,0.0,0.0,0.0,2.0,3.1,0.0
20230328:0011,0.0,0.0,0.0,1.7,3.24,0.0
20230328:0111,0.0,0.0,0.0,1.57,3.24,0.0
20230328:0211,0.0,0.0,0.0,1.97,3.24,0.0
20230328:0311,0.0,0.0,0.0,2.29,3.24,0.0
20230328:0411,0.0,0.0,0.0,2.78,3.45,0.0
20230328:0511,0.0,0.0,0.0,3.26,3.66,0.0
20230328:0611,0.0,0.93,2.39,3.77,3.86,0.0
20230328:0711,9855.0,12.98,11.11,4.49,3.86,0.0
20230328:0811,161514.0,84.37,19.48,5.16,3.86,0.0
20230328:0911,255771.0,124.23,27.03,5.83,4.97,0.0
20230328:1011,202203.0,101.98,33.18,6.32,5.24,0.0
20230328:1111,221940.0,110.33,37.29,6.27,4.62,0.0
20230328:1211,113481.0,63.97,38.75,6.93,4.9,0.0
20230328:1311,289332.0,139.07,37.32,7.44,5.1,0.0
20230328:1411,224910.0,112.18,33.24,7.74,5.24,0.0
20230328:1511,310635.0,148.04,27.1,7.64,4.76,0.0
20230328:1611,82350.0,50.06,19.56,7.47,4.41,0.0
20230328:1711,9666.0,12.98,11.2,7.27,4.14,0.0
20230328:1811,0.0,0.93,2.48,7.2,3.66,0.0
20230328:1911,0.0,0.0,0.0,7.64,3.86,0.0
20230328:2011,0.0,0.0,0.0,7.83,3.38,0.0
20230328:2111,0.0,0.0,0.0,8.1,3.03,0.0
20230328:2211,0.0,0.0,0.0,8.43,2.9,0.0
20230328:2311,0.0,0.0,0.0,8.59,2.9,0.0
20230329:0011,0.0,0.0,0.0,8.81,2.9,0.0
20230329:0111,0.0,0.0,0.0,8.94,3.1,0.0
20230329:0211,0.0,0.0,0.0,8.99,3.03,0.0
20230329:0311,0.0,0.0,0.0,8.78,2.9,0.0
20230329:0411,0.0,0.0,0.0,8.68,2.9,0.0
20230329:0511,0.0,0.0,0.0,8.64,2.76,0.0
20230329:0611,0.0,1.85,2.75,8.44,2.83,0.0
20230329:0711,161325.0,87.91,11.47,9.36,3.24,0.0
20230329:0811,151470.0,81.59,19.85,9.87,3.59,0.0
20230329:0911,324243.0,155.28,27.41,10.2,5.03,0.0
20230329:1011,431298.0,200.58,33.58,11.01,5.86,0.0
20230329:1111,621189.0,280.45,37.68,11.48,5.66,0.0
20230329:1211,318978.0,153.9,39.14,11.46,5.72,0.0
20230329:1311,341226.0,163.17,37.68,11.37,6.14,0.0
20230329:1411,203688.0,104.76,33.57,11.58,6.07,0.0
20230329:1511,745362.0,332.04,27.41,11.64,4.9,0.0
20230329:1611,316170.0,153.16,19.85,12.04,5.31,0.0
20230329:1711,29889.0,25.03,11.47,12.39,5.17,0.0
20230329:1811,0.0,2.78,2.75,12.29,4.9,0.0
20230329:1911,0.0,0.0,0.0,12.09,4.76,0.0
20230329:2011,0.0,0.0,0.0,11.51,4.14,0.0
20230329:2111,0.0,0.0,0.0,11.07,3.93,0.0
20230329:2211,0.0,0.0,0.0,10.85,3.45,0.0
20230329:2311,0.0,0.0,0.0,10.55,3.17,0.0
20230330:0011,0.0,0.0,0.0,10.46,3.17,0.0
20230330:0111,0.0,0.0,0.0,10.55,3.24,0.0
20230330:0211,0.0,0.0,0.0,10.29,3.03,0.0
20230330:0311,0.0,0.0,0.0,10.05,3.59,0.0
20230330:0411,0.0,0.0,0.0,9.76,4.28,0.0
20230330:0511,0.0,0.0,0.0,9.29,3.93,0.0
20230330:0611,0.0,3.71,3.11,8.88,3.93,0.0
20230330:0711,123363.0,69.78,11.84,9.52,4.76,0.0
20230330:0811,149256.0,80.66,20.22,10.1,4.28,0.0
20230330:0911,1398330.0,609.09,27.79,11.15,5.66,0.0
20230330:1011,1204551.0,527.21,33.97,11.98,5.79,0.0
20230330:1111,665037.0,300.25,38.08,12.41,5.24,0.0
20230330:1211,650997.0,295.08,39.53,13.22,6.07,0.0
20230330:1311,468450.0,218.31,38.05,13.28,6.14,0.0
20230330:1411,557955.0,254.96,33.91,12.59,5.79,0.0
20230330:1511,956340.0,423.14,27.72,12.95,5.31,0.0
20230330:1611,643032.0,293.26,20.13,12.74,4.69,0.0
20230330:1711,227205.0,121.23,11.74,12.55,4.28,0.0
20230330:1811,4050.0,9.54,3.02,11.79,3.17,0.0
20230330:1911,0.0,0.0,0.0,10.65,2.83,0.0
20230330:2011,0.0,0.0,0.0,9.7,2.48,0.0
20230330:2111,0.0,0.0,0.0,8.84,2.55,0.0
20230330:2211,0.0,0.0,0.0,8.59,2.76,0.0
20230330:2311,0.0,0.0,0.0,8.26,3.1,0.0
20230331:0011,0.0,0.0,0.0,8.23,3.24,0.0
20230331:0111,0.0,0.0,0.0,8.03,3.24,0.0
20230331:0211,0.0,0.0,0.0,7.87,3.45,0.0
20230331:0311,0.0,0.0,0.0,8.12,3.59,0.0
20230331:0411,0.0,0.0,0.0,8.21,3.72,0.0
20230331:0511,0.0,0.0,0.0,8.32,3.86,0.0
20230331:0611,3051.0,8.34,3.47,8.41,4.07,0.0
20230331:0711,144153.0,79.06,12.2,8.65,3.86,0.0
20230331:0811,355050.0,167.54,20.59,9.05,5.03,0.0
20230331:0911,431082.0,199.25,28.17,9.73,5.45,0.0
20230331:1011,316548.0,152.05,34.36,10.23,5.93,0.0
20230331:1111,630504.0,282.84,38.48,10.33,6.0,0.0
20230331:1211,252774.0,125.16,39.91,10.3,5.86,0.0
20230331:1311,762264.0,337.15,38.42,9.95,5.66,0.0
20230331:1411,391716.0,183.24,34.25,9.73,5.31,0.0
20230331:1511,294732.0,142.57,28.02,9.62,5.1,0.0
20230331:1611,276291.0,134.58,20.42,9.04,4.62,0.0
20230331:1711,123039.0,69.15,12.02,8.4,4.34,0.0
20230331:1811,0.0,2.78,3.29,7.74,4.34,0.0
20230331:1911,0.0,0.0,0.0,7.72,4.21,0.0
20230331:2011,0.0,0.0,0.0,7.38,4.21,0.0
20230331:2111,0.0,0.0,0.0,7.1,4.21,0.0
20230331:2211,0.0,0.0,0.0,6.97,4.21,0.0
20230331:2311,0.0,0.0,0.0,6.84,4.28,0.0
20230401:0011,0.0,0.0,0.0,6.77,4.14,0.0
20230401:0111,0.0,0.0,0.0,6.63,4.21,0.0
20230401:0211,0.0,0.0,0.0,6.55,4.14,0.0
20230401:0311,0.0,0.0,0.0,6.41,4.14,0.0
20230401:0411,0.0,0.0,0.0,6.22,3.93,0.0
20230401:0511,0.0,0.0,0.0,6.11,3.79,0.0
20230401:0611,3132.0,8.34,3.83,5.79,3.66,0.0
20230401:0711,293571.0,148.0,12.56,6.17,4.97,0.0
20230401:0811,321597.0,152.09,20.96,6.84,5.24,0.0
20230401:0911,306882.0,146.26,28.55,7.32,5.1,0.0
20230401:1011,324621.0,153.9,34.75,7.65,5.17,0.0
20230401:1111,339498.0,160.39,38.87,8.16,5.38,0.0
20230401:1211,241596.0,119.6,40.3,8.57,5.52,0.0
20230401:1311,263844.0,128.87,38.78,8.48,6.0,0.0
20230401:1411,228906.0,114.03,34.58,8.23,5.93,0.0
20230401:1511,240300.0,118.67,28.33,7.66,4.83,0.0
20230401:1611,179226.0,92.71,20.7,7.5,4.76,0.0
20230401:1711,86535.0,51.92,12.29,7.11,4.07,0.0
20230401:1811,0.0,3.71,3.55,6.8,4.0,0.0
20230401:1911,0.0,0.0,0.0,6.66,3.93,0.0
20230401:2011,0.0,0.0,0.0,6.48,3.86,0.0
20230401:2111,0.0,0.0,0.0,6.35,3.66,0.0
20230401:2211,0.0,0.0,0.0,6.26,3.45,0.0
20230401:2311,0.0,0.0,0.0,6.16,3.17,0.0
20230402:0011,0.0,0.0,0.0,6.01,3.03,0.0
20230402:0111,0.0,0.0,0.0,5.83,2.9,0.0
20230402:0211,0.0,0.0,0.0,5.32,2.83,0.0
20230402:0311,0.0,0.0,0.0,4.81,2.69,0.0
20230402:0411,0.0,0.0,0.0,4.25,2.69,0.0
20230402:0511,0.0,0.0,0.0,3.7,2.69,0.0
20230402:0611,2052.0,7.42,4.19,3.71,2.55,0.0
20230402:0711,408753.0,203.75,12.92,5.03,2.41,0.0
20230402:0811,902178.0,394.28,21.33,5.66,3.38,0.0
20230402:0911,1438398.0,620.08,28.93,6.04,3.45,0.0
20230402:1011,1612764.0,701.51,35.14,6.62,3.24,0.0
20230402:1111,1884006.0,832.88,39.27,7.29,3.03,0.0
20230402:1211,1683180.0,742.73,40.69,7.92,2.9,0.0
20230402:1311,1410588.0,619.27,39.14,8.21,2.76,0.0
20230402:1411,1555200.0,683.66,34.91,8.44,2.9,0.0
20230402:1511,1221210.0,532.84,28.63,8.33,3.03,0.0
20230402:1611,815589.0,362.12,20.98,7.81,2.9,0.0
20230402:1711,312363.0,158.98,12.56,7.3,2.69,0.0
20230402:1811,13743.0,16.09,3.82,6.37,2.07,0.0
20230402:1911,0.0,0.0,0.0,5.18,2.28,0.0
20230402:2011,0.0,0.0,0.0,3.91,2.14,0.0
20230402:2111,0.0,0.0,0.0,2.93,1.93,0.0
20230402:2211,0.0,0.0,0.0,2.22,1.86,0.0
20230402:2311,0.0,0.0,0.0,1.13,2.0,0.0
20230403:0011,0.0,0.0,0.0,0.88,1.79,0.0
20230403:0111,0.0,0.0,0.0,0.62,1.66,0.0
20230403:0211,0.0,0.0,0.0,0.06,1.66,0.0
20230403:0311,0.0,0.0,0.0,-0.36,1.72,0.0
20230403:0411,0.0,0.0,0.0,-0.45,1.72,0.0
20230403:0511,0.0,0.0,0.0,-0.23,1.59,0.0
20230403:0611,24516.0,21.85,4.55,-0.6,1.59,0.0
20230403:0711,296109.0,145.28,13.28,1.67,1.45,0.0
20230403:0811,879336.0,382.19,21.69,3.93,2.9,0.0
20230403:0911,1557873.0,666.94,29.3,5.0,4.07,0.0
20230403:1011,1254339.0,538.25,35.52,5.83,4.14,0.0
20230403:1111,2204469.0,971.89,39.66,6.72,4.21,0.0
20230403:1211,2326104.0,1036.27,41.07,7.56,4.21,0.0
20230403:1311,2241945.0,999.73,39.5,8.32,4.07,0.0
20230403:1411,2010609.0,891.36,35.24,8.87,3.79,0.0
20230403:1511,1563894.0,685.83,28.93,9.3,3.66,0.0
20230403:1611,1039365.0,461.97,21.26,9.28,3.38,0.0
20230403:1711,399114.0,204.09,12.82,9.01,3.31,0.0
20230403:1811,16659.0,17.9,4.09,8.11,2.62,0.0
20230403:1911,0.0,0.0,0.0,6.34,2.97,0.0
20230403:2011,0.0,0.0,0.0,4.97,3.24,0.0
20230403:2111,0.0,0.0,0.0,3.85,3.38,0.0
20230403:2211,0.0,0.0,0.0,3.02,3.31,0.0
20230403:2311,0.0,0.0,0.0,2.39,3.17,0.0
20230404:0011,0.0,0.0,0.0,1.92,3.03,0.0
20230404:0111,0.0,0.0,0.0,1.39,2.83,0.0
20230404:0211,0.0,0.0,0.0,0.81,2.69,0.0
20230404:0311,0.0,0.0,0.0,0.27,2.55,0.0
20230404:0411,0.0,0.0,0.0,-0.29,2.34,0.0
20230404:0511,0.0,0.0,0.0,-0.83,2.34,0.0
20230404:0611,29754.0,24.88,4.9,-1.2,2.34,0.0
20230404:0711,492318.0,238.5,13.64,0.32,2.0,0.0
20230404:0811,1109781.0,480.22,22.05,3.06,2.55,0.0
20230404:0911,1664577.0,720.15,29.68,5.08,3.1,0.0
20230404:1011,2004048.0,881.71,35.91,6.84,3.52,0.0
20230404:1111,2226690.0,994.54,40.05,8.31,3.86,0.0
20230404:1211,2280285.0,1025.94,41.45,9.54,4.07,0.0
20230404:1311,2162754.0,971.29,39.86,10.5,4.14,0.0
20230404:1411,1951803.0,870.67,35.57,11.21,4.14,0.0
20230404:1511,1595592.0,705.92,29.23,11.6,4.07,0.0
20230404:1611,911142.0,408.75,21.54,11.67,4.0,0.0
20230404:1711,44334.0,32.45,13.09,11.26,3.38,0.0
20230404:1811,19899.0,19.59,4.35,9.95,3.1,0.0
20230404:1911,0.0,0.0,0.0,8.35,3.03,0.0
20230404:2011,0.0,0.0,0.0,7.06,3.03,0.0
20230404:2111,0.0,0.0,0.0,6.29,3.03,0.0
20230404:2211,0.0,0.0,0.0,5.65,2.9,0.0
20230404:2311,0.0,0.0,0.0,4.93,2.76,0.0
20230405:0011,0.0,0.0,0.0,4.26,2.76,0.0
20230405:0111,0.0,0.0,0.0,4.01,2.69,0.0
20230405:0211,0.0,0.0,0.0,3.66,2.62,0.0
20230405:0311,0.0,0.0,0.0,3.31,2.55,0.0
20230405:0411,0.0,0.0,0.0,3.35,2.48,0.0
20230405:0511,0.0,0.0,0.0,3.71,2.48,0.0
20230405:0611,4401.0,9.27,5.26,4.38,2.48,0.0
20230405:0711,57132.0,38.01,13.99,5.66,2.48,0.0
20230405:0811,125982.0,69.53,22.42,6.78,2.69,0.0
20230405:0911,262170.0,127.94,30.05,7.3,3.03,0.0
20230405:1011,301455.0,144.63,36.29,7.71,3.24,0.0
20230405:1111,420417.0,194.48,40.44,8.15,3.79,0.0
20230405:1211,354105.0,166.88,41.83,8.47,4.48,0.0
20230405:1311,219591.0,110.33,40.22,8.5,4.69,0.0
20230405:1411,182655.0,94.56,35.9,8.47,4.34,0.0
20230405:1511,106434.0,61.19,29.53,8.28,3.79,0.0
20230405:1611,309312.0,148.1,21.82,8.15,3.66,0.0
20230405:1711,181251.0,95.49,13.36,7.95,3.31,0.0
20230405:1811,0.0,3.71,4.61,7.83,3.03,0.0
20230405:1911,0.0,0.0,0.0,8.46,2.69,0.0
20230405:2011,0.0,0.0,0.0,8.46,2.55,0.0
20230405:2111,0.0,0.0,0.0,8.42,2.48,0.0
20230405:2211,0.0,0.0,0.0,8.4,2.41,0.0
20230405:2311,0.0,0.0,0.0,8.38,2.28,0.0
20230406:0011,0.0,0.0,0.0,8.36,2.28,0.0
20230406:0111,0.0,0.0,0.0,8.52,2.28,0.0
20230406:0211,0.0,0.0,0.0,8.59,2.28,0.0
20230406:0311,0.0,0.0,0.0,8.61,2.0,0.0
20230406:0411,0.0,0.0,0.0,8.56,1.72,0.0
20230406:0511,0.0,0.0,0.0,8.45,1.72,0.0
20230406:0611,0.0,4.64,5.61,8.42,2.07,0.0
20230406:0711,134136.0,73.95,14.34,8.77,2.97,0.0
20230406:0811,478629.0,219.52,22.77,9.11,3.79,0.0
20230406:0911,1282743.0,558.36,30.42,9.32,4.21,0.0
20230406:1011,1870263.0,825.49,36.67,9.78,4.14,0.0
20230406:1111,1129221.0,495.03,40.82,10.68,4.9,0.0
20230406:1211,1351296.0,591.82,42.21,11.44,5.72,0.0
20230406:1311,1528929.0,669.26,40.57,11.61,6.07,0.0
20230406:1411,1106271.0,483.92,36.22,11.4,6.0,0.0
20230406:1511,752760.0,335.0,29.82,11.78,5.86,0.0
20230406:1611,558657.0,254.19,22.09,10.62,5.45,0.0
20230406:1711,164997.0,88.28,13.62,9.63,5.45,0.0
20230406:1811,1917.0,7.42,4.88,8.94,4.55,0.0
20230406:1911,0.0,0.0,0.0,8.95,3.86,0.0
20230406:2011,0.0,0.0,0.0,8.56,3.38,0.0
20230406:2111,0.0,0.0,0.0,7.69,3.17,0.0
20230406:2211,0.0,0.0,0.0,6.71,3.17,0.0
20230406:2311,0.0,0.0,0.0,6.12,3.38,0.0
20230407:0011,0.0,0.0,0.0,5.19,3.52,0.0
20230407:0111,0.0,0.0,0.0,4.5,3.45,0.0
20230407:0211,0.0,0.0,0.0,3.92,3.31,0.0
20230407:0311,0.0,0.0,0.0,3.38,3.1,0.0
20230407:0411,0.0,0.0,0.0,2.74,2.83,0.0
20230407:0511,0.0,0.0,0.0,2.13,2.76,0.0
20230407:0611,49140.0,45.19,5.96,1.79,2.55,0.0
20230407:0711,520830.0,253.2,14.69,3.89,2.34,0.0
20230407:0811,1122471.0,492.36,23.13,6.72,2.9,0.0
20230407:0911,1648971.0,721.11,30.79,8.38,3.66,0.0
20230407:1011,1858383.0,821.05,37.05,9.59,4.0,0.0
20230407:1111,1855170.0,824.28,41.21,10.25,4.0,0.0
20230407:1211,1878039.0,838.3,42.59,10.74,3.93,0.0
20230407:1311,2069172.0,932.95,40.93,10.96,3.66,0.0
20230407:1411,1523178.0,674.4,36.54,11.09,3.59,0.0
20230407:1511,1512378.0,669.87,30.12,11.38,3.52,0.0
20230407:1611,1025838.0,459.68,22.37,11.2,3.45,0.0
20230407:1711,435726.0,223.39,13.88,10.46,3.45,0.0
20230407:1811,20763.0,26.52,5.14,9.37,3.17,0.0
20230407:1911,0.0,0.0,0.0,7.32,2.55,0.0
20230407:2011,0.0,0.0,0.0,6.33,1.93,0.0
20230407:2111,0.0,0.0,0.0,5.63,1.72,0.0
20230407:2211,0.0,0.0,0.0,5.34,1.45,0.0
20230407:2311,0.0,0.0,0.0,5.39,1.31,0.0
20230408:0011,0.0,0.0,0.0,5.61,1.31,0.0
20230408:0111,0.0,0.0,0.0,5.84,0.97,0.0
20230408:0211,0.0,0.0,0.0,5.69,0.76,0.0
20230408:0311,0.0,0.0,0.0,5.82,0.41,0.0
20230408:0411,0.0,0.0,0.0,5.56,0.55,0.0
20230408:0511,0.0,0.0,0.0,5.12,0.76,0.0
20230408:0611,48492.0,35.16,6.3,5.0,0.55,0.0
20230408:0711,379620.0,184.9,15.04,5.17,0.69,0.0
20230408:0811,690363.0,307.84,23.49,5.62,0.76,0.0
20230408:0911,1008126.0,444.26,31.15,6.49,0.83,0.0
20230408:1011,1561113.0,697.68,37.43,7.62,1.24,0.0
20230408:1111,2078514.0,952.53,41.59,9.02,1.86,0.0
20230408:1211,2176524.0,1008.08,42.96,10.67,2.14,0.0
20230408:1311,1985688.0,915.01,41.28,11.47,2.0,0.0
20230408:1411,1795554.0,818.22,36.86,12.05,2.14,0.0
20230408:1511,1180332.0,527.82,30.41,12.1,2.21,0.0
20230408:1611,1013688.0,459.39,22.64,12.23,2.34,0.0
20230408:1711,420903.0,217.6,14.14,12.02,2.34,0.0
20230408:1811,22896.0,27.96,5.4,11.07,2.41,0.0
20230408:1911,0.0,0.0,0.0,9.5,3.38,0.0
20230408:2011,0.0,0.0,0.0,7.95,3.59,0.0
20230408:2111,0.0,0.0,0.0,6.56,3.24,0.0
20230408:2211,0.0,0.0,0.0,5.68,2.9,0.0
20230408:2311,0.0,0.0,0.0,5.02,2.48,0.0
20230409:0011,0.0,0.0,0.0,4.46,2.28,0.0
20230409:0111,0.0,0.0,0.0,3.96,2.07,0.0
20230409:0211,0.0,0.0,0.0,3.53,2.0,0.0
20230409:0311,0.0,0.0,0.0,3.18,1.93,0.0
20230409:0411,0.0,0.0,0.0,2.65,2.07,0.0
20230409:0511,0.0,0.0,0.0,2.34,2.28,0.0
20230409:0611,27.0,5.56,6.65,2.77,2.28,0.0
20230409:0711,351783.0,169.97,15.39,4.88,3.38,0.0
20230409:0811,200205.0,101.05,23.84,5.77,3.52,0.0
20230409:0911,240840.0,118.67,31.51,6.94,3.79,0.0
20230409:1011,233064.0,115.89,37.8,8.12,4.34,0.0
20230409:1111,197424.0,101.05,41.97,8.99,5.03,0.0
20230409:1211,248913.0,123.31,43.33,9.81,5.52,0.0
20230409:1311,1213191.0,529.2,41.63,10.41,5.66,0.0
20230409:1411,1184787.0,517.64,37.18,11.13,5.72,0.0
20230409:1511,614709.0,277.75,30.7,11.88,5.79,0.0
20230409:1611,495747.0,229.47,22.91,12.09,4.62,0.0
20230409:1711,57159.0,38.94,14.4,12.23,4.9,0.0
20230409:1811,9369.0,12.98,5.66,11.87,5.03,0.0
20230409:1911,0.0,0.0,0.0,10.78,4.41,0.0
20230409:2011,0.0,0.0,0.0,10.52,4.76,0.0
20230409:2111,0.0,0.0,0.0,10.29,5.03,0.0
20230409:2211,0.0,0.0,0.0,10.39,5.45,0.0
20230409:2311,0.0,0.0,0.0,10.17,5.66,0.0
20230410:0011,0.0,0.0,0.0,9.78,5.79,0.0
20230410:0111,0.0,0.0,0.0,9.25,5.66,0.0
20230410:0211,0.0,0.0,0.0,8.69,5.79,0.0
20230410:0311,0.0,0.0,0.0,8.7,5.93,0.0
20230410:0411,0.0,0.0,0.0,8.92,6.0,0.0
20230410:0511,0.0,0.0,0.0,9.27,5.72,0.0
20230410:0611,12420.0,14.83,6.99,9.51,5.45,0.0
20230410:0711,126495.0,70.46,15.73,9.67,4.97,0.0
20230410:0811,656586.0,295.0,24.19,10.15,4.34,0.0
20230410:0911,1061100.0,464.9,31.87,10.83,4.9,0.0
20230410:1011,287253.0,140.92,38.17,11.93,4.41,0.0
20230410:1111,159732.0,86.22,42.35,12.91,4.21,0.0
20230410:1211,465426.0,217.62,43.7,12.98,4.21,0.0
20230410:1311,249102.0,124.23,41.97,11.38,5.1,0.0
20230410:1411,213489.0,108.47,37.5,10.24,5.03,0.0
20230410:1511,389988.0,182.27,30.99,9.4,5.03,0.0
20230410:1611,809784.0,357.54,23.18,8.96,6.07,0.0
20230410:1711,399006.0,199.8,14.66,8.38,5.38,0.0
20230410:1811,1944.0,7.42,5.92,7.93,4.69,0.0
20230410:1911,0.0,0.0,0.0,7.24,5.1,0.0
20230410:2011,0.0,0.0,0.0,6.78,4.97,0.0
20230410:2111,0.0,0.0,0.0,6.57,4.9,0.0
20230410:2211,0.0,0.0,0.0,6.2,5.17,0.0
20230410:2311,0.0,0.0,0.0,6.08,5.86,0.0
20230411:0011,0.0,0.0,0.0,6.03,6.28,0.0
20230411:0111,0.0,0.0,0.0,5.84,6.41,0.0
20230411:0211,0.0,0.0,0.0,5.51,6.41,0.0
20230411:0311,0.0,0.0,0.0,5.48,6.28,0.0
20230411:0411,0.0,0.0,0.0,5.25,5.86,0.0
20230411:0511,0.0,0.0,0.0,5.19,5.66,0.0
20230411:0611,69444.0,58.07,7.33,5.21,5.38,0.0
20230411:0711,523638.0,251.58,16.07,6.09,4.69,0.0
20230411:0811,1126737.0,487.65,24.53,7.27,6.0,0.0
20230411:0911,1571238.0,675.67,32.23,8.5,6.21,0.0
20230411:1011,1874178.0,815.38,38.54,9.53,6.14,0.0
20230411:1111,1931904.0,849.7,42.72,10.44,5.72,0.0
20230411:1211,2214270.0,989.61,44.07,11.32,5.38,0.0
20230411:1311,1030077.0,454.49,42.32,12.27,6.0,0.0
20230411:1411,602397.0,273.83,37.81,12.64,6.28,0.0
20230411:1511,344763.0,164.68,31.28,11.67,7.1,0.0
20230411:1611,194670.0,100.13,23.45,9.9,6.9,0.0
20230411:1711,75924.0,47.28,14.92,8.65,7.03,0.0
20230411:1811,5535.0,10.2,6.17,8.18,8.07,0.0
20230411:1911,0.0,0.0,0.0,7.43,8.9,0.0
20230411:2011,0.0,0.0,0.0,6.9,10.07,0.0
20230411:2111,0.0,0.0,0.0,6.93,10.55,0.0
20230411:2211,0.0,0.0,0.0,7.61,9.79,0.0
20230411:2311,0.0,0.0,0.0,6.08,8.28,0.0
20230412:0011,0.0,0.0,0.0,5.36,7.45,0.0
20230412:0111,0.0,0.0,0.0,4.68,7.1,0.0
20230412:0211,0.0,0.0,0.0,4.42,6.28,0.0
20230412:0311,0.0,0.0,0.0,3.89,5.66,0.0
20230412:0411,0.0,0.0,0.0,3.55,5.17,0.0
20230412:0511,0.0,0.0,0.0,3.29,4.9,0.0
20230412:0611,77463.0,61.81,7.67,3.23,4.97,0.0
20230412:0711,573237.0,272.51,16.41,3.98,4.41,0.0
20230412:0811,1174986.0,502.08,24.88,5.17,6.76,0.0
20230412:0911,1565703.0,664.59,32.59,6.39,6.97,0.0
20230412:1011,1150254.0,493.14,38.91,7.53,6.97,0.0
20230412:1111,764208.0,335.2,43.09,8.5,7.66,0.0
20230412:1211,259902.0,127.01,44.44,8.44,8.21,0.0
20230412:1311,364203.0,169.66,42.66,7.45,8.62,0.0
20230412:1411,220401.0,109.4,38.13,6.13,7.59,0.0
20230412:1511,406512.0,186.82,31.56,6.79,6.28,0.0
20230412:1611,175284.0,90.86,23.71,7.18,5.52,0.0
20230412:1711,220617.0,112.11,15.18,7.6,4.07,0.0
20230412:1811,52056.0,37.67,6.43,7.19,1.59,0.0
20230412:1911,0.0,0.0,0.0,6.44,1.45,0.0
20230412:2011,0.0,0.0,0.0,5.43,2.69,0.0
20230412:2111,0.0,0.0,0.0,5.14,4.0,0.0
20230412:2211,0.0,0.0,0.0,4.99,4.69,0.0
20230412:2311,0.0,0.0,0.0,4.54,4.28,0.0
20230413:0011,0.0,0.0,0.0,4.3,3.72,0.0
20230413:0111,0.0,0.0,0.0,4.41,3.59,0.0
20230413:0211,0.0,0.0,0.0,4.35,4.0,0.0
20230413:0311,0.0,0.0,0.0,5.13,4.76,0.0
20230413:0411,0.0,0.0,0.0,5.55,5.17,0.0
20230413:0511,0.0,0.0,0.0,5.89,5.38,0.0
20230413:0611,82782.0,54.1,8.0,6.15,5.17,0.0
20230413:0711,323595.0,156.17,16.74,6.57,5.17,0.0
20230413:0811,461079.0,209.6,25.22,6.95,5.31,0.0
20230413:0911,1303533.0,559.65,32.94,7.6,5.59,0.0
20230413:1011,812106.0,355.07,39.27,8.05,5.86,0.0
20230413:1111,463455.0,212.02,43.46,8.58,6.21,0.0
20230413:1211,1517238.0,657.64,44.8,9.29,6.21,0.0
20230413:1311,97713.0,57.48,43.0,9.54,6.48,0.0
20230413:1411,93555.0,55.63,38.44,9.75,6.83,0.0
20230413:1511,786402.0,345.25,31.85,9.63,7.1,0.0
20230413:1611,341469.0,161.8,23.98,9.46,7.17,0.0
20230413:1711,324378.0,161.33,15.43,9.3,6.48,0.0
20230413:1811,56619.0,41.65,6.68,8.79,5.24,0.0
20230413:1911,0.0,0.0,0.0,7.54,4.62,0.0
20230413:2011,0.0,0.0,0.0,6.87,4.21,0.0
20230413:2111,0.0,0.0,0.0,6.35,3.72,0.0
20230413:2211,0.0,0.0,0.0,5.62,3.38,0.0
20230413:2311,0.0,0.0,0.0,5.02,3.1,0.0
20230414:0011,0.0,0.0,0.0,4.22,2.69,0.0
20230414:0111,0.0,0.0,0.0,3.44,2.55,0.0
20230414:0211,0.0,0.0,0.0,2.78,2.41,0.0
20230414:0311,0.0,0.0,0.0,2.16,2.21,0.0
20230414:0411,0.0,0.0,0.0,1.44,2.14,0.0
20230414:0511,0.0,0.0,0.0,0.96,2.0,0.0
20230414:0611,87885.0,54.16,8.33,0.94,1.72,0.0
20230414:0711,460161.0,217.03,17.07,3.47,1.86,0.0
20230414:0811,1076220.0,469.72,25.55,5.66,2.48,0.0
20230414:0911,1260549.0,548.21,33.29,7.47,3.1,0.0
20230414:1011,864189.0,380.43,39.63,9.13,4.14,0.0
20230414:1111,783756.0,347.67,43.83,9.44,4.07,0.0
20230414:1211,618678.0,279.5,45.16,9.94,3.59,0.0
20230414:1311,893133.0,396.62,43.34,9.99,2.97,0.0
20230414:1411,363744.0,172.44,38.74,9.65,2.28,0.0
20230414:1511,231282.0,115.89,32.13,9.05,2.14,0.0
20230414:1611,158409.0,84.37,24.24,8.5,1.31,0.0
20230414:1711,71820.0,45.43,15.68,8.34,0.9,0.0
20230414:1811,15633.0,16.69,6.94,7.72,1.31,0.0
20230414:1911,0.0,0.0,0.0,6.96,1.45,0.0
20230414:2011,0.0,0.0,0.0,6.77,1.45,0.0
20230414:2111,0.0,0.0,0.0,6.45,1.45,0.0
20230414:2211,0.0,0.0,0.0,6.31,1.45,0.0
20230414:2311,0.0,0.0,0.0,6.16,1.52,0.0
20230415:0011,0.0,0.0,0.0,6.14,1.59,0.0
20230415:0111,0.0,0.0,0.0,6.11,1.72,0.0
20230415:0211,0.0,0.0,0.0,5.91,1.93,0.0
20230415:0311,0.0,0.0,0.0,5.86,1.93,0.0
20230415:0411,0.0,0.0,0.0,5.41,2.14,0.0
20230415:0511,0.0,0.0,0.0,4.8,2.41,0.0
20230415:0611,90666.0,71.96,8.66,5.04,2.48,0.0
20230415:0711,389205.0,185.5,17.4,6.06,2.69,0.0
20230415:0811,926451.0,406.86,25.89,7.79,3.45,0.0
20230415:0911,548640.0,248.75,33.63,9.15,3.38,0.0
20230415:1011,1479006.0,654.55,39.99,10.08,3.03,0.0
20230415:1111,1461645.0,652.54,44.2,10.68,2.55,0.0
20230415:1211,1021086.0,458.07,45.52,11.14,1.79,0.0
20230415:1311,703431.0,321.57,43.67,11.97,1.1,0.0
20230415:1411,509976.0,237.91,39.05,12.08,0.9,0.0
20230415:1511,634419.0,291.63,32.4,12.39,0.9,0.0
20230415:1611,554148.0,257.58,24.5,12.31,0.97,0.0
20230415:1711,451980.0,232.1,15.94,12.2,1.52,0.0
20230415:1811,48438.0,44.9,7.19,11.21,2.0,0.0
20230415:1911,0.0,0.0,0.0,10.19,2.34,0.0
20230415:2011,0.0,0.0,0.0,8.53,2.62,0.0
20230415:2111,0.0,0.0,0.0,7.69,2.76,0.0
20230415:2211,0.0,0.0,0.0,7.04,2.76,0.0
20230415:2311,0.0,0.0,0.0,6.77,2.48,0.0
20230416:0011,0.0,0.0,0.0,6.54,2.34,0.0
20230416:0111,0.0,0.0,0.0,6.43,2.14,0.0
20230416:0211,0.0,0.0,0.0,6.42,2.0,0.0
20230416:0311,0.0,0.0,0.0,6.15,2.07,0.0
20230416:0411,0.0,0.0,0.0,6.01,2.0,0.0
20230416:0511,0.0,0.0,0.0,6.08,1.79,0.0
20230416:0611,91692.0,56.53,8.98,6.16,1.66,0.0
20230416:0711,425412.0,203.94,17.73,7.28,1.52,0.0
20230416:0811,1057833.0,470.54,26.22,8.9,1.86,0.0
20230416:0911,1553229.0,692.64,33.97,10.14,2.21,0.0
20230416:1011,1559439.0,698.23,40.35,11.44,2.69,0.0
20230416:1111,1075491.0,479.81,44.56,12.08,3.1,0.0
20230416:1211,1029213.0,459.49,45.87,12.38,3.45,0.0
20230416:1311,1395603.0,622.94,44.01,13.03,3.79,0.0
20230416:1411,1486701.0,664.73,39.35,13.72,3.93,0.0
20230416:1511,609039.0,279.28,32.68,13.55,3.31,0.0
20230416:1611,429732.0,203.35,24.76,13.54,3.03,0.0
20230416:1711,58698.0,39.87,16.19,13.11,2.48,0.0
20230416:1811,837.0,6.49,7.44,12.64,2.28,0.0
20230416:1911,0.0,0.0,0.0,12.3,1.86,0.0
20230416:2011,0.0,0.0,0.0,11.35,1.86,0.0
20230416:2111,0.0,0.0,0.0,10.71,1.59,0.0
20230416:2211,0.0,0.0,0.0,9.92,1.31,0.0
20230416:2311,0.0,0.0,0.0,9.69,0.97,0.0
20230417:0011,0.0,0.0,0.0,9.52,0.97,0.0
20230417:0111,0.0,0.0,0.0,9.41,0.97,0.0
20230417:0211,0.0,0.0,0.0,9.26,0.97,0.0
20230417:0311,0.0,0.0,0.0,9.04,1.1,0.0
20230417:0411,0.0,0.0,0.0,9.03,1.24,0.0
20230417:0511,0.0,0.0,0.0,8.97,1.31,0.0
20230417:0611,76653.0,48.69,9.3,9.07,1.24,0.0
20230417:0711,243891.0,122.42,18.05,9.28,1.17,0.0
20230417:0811,447471.0,208.84,26.55,10.61,1.72,0.0
20230417:0911,772416.0,347.74,34.31,11.69,2.34,0.0
20230417:1011,880740.0,395.84,40.7,12.38,2.62,0.0
20230417:1111,1110159.0,499.95,44.92,13.56,2.69,0.0
20230417:1211,288171.0,142.77,46.22,13.93,3.03,0.0
20230417:1311,473661.0,222.78,44.34,14.17,3.1,0.0
20230417:1411,1113642.0,501.52,39.65,14.44,3.03,0.0
20230417:1511,1301967.0,585.26,32.96,14.16,2.97,0.0
20230417:1611,966303.0,438.19,25.01,13.52,3.1,0.0
20230417:1711,420876.0,213.13,16.44,12.64,3.38,0.0
20230417:1811,59886.0,48.49,7.69,11.13,2.97,0.0
20230417:1911,0.0,0.0,0.0,9.37,2.62,0.0
20230417:2011,0.0,0.0,0.0,7.37,2.28,0.0
20230417:2111,0.0,0.0,0.0,5.98,1.93,0.0
20230417:2211,0.0,0.0,0.0,4.99,1.72,0.0
20230417:2311,0.0,0.0,0.0,4.65,1.31,0.0
20230418:0011,0.0,0.0,0.0,4.76,1.17,0.0
20230418:0111,0.0,0.0,0.0,4.95,1.45,0.0
20230418:0211,0.0,0.0,0.0,5.35,2.0,0.0
20230418:0311,0.0,0.0,0.0,5.39,1.86,0.0
20230418:0411,0.0,0.0,0.0,5.44,2.14,0.0
20230418:0511,0.0,0.0,0.0,5.04,2.41,0.0
20230418:0611,120798.0,76.69,9.62,5.52,2.55,0.0
20230418:0711,609039.0,289.04,18.37,6.97,3.72,0.0
20230418:0811,1206009.0,528.32,26.87,8.11,3.66,0.0
20230418:0911,1718064.0,756.3,34.64,9.69,3.86,0.0
20230418:1011,2060046.0,923.66,41.04,11.14,4.07,0.0
20230418:1111,2261034.0,1023.81,45.27,12.15,4.62,0.0
20230418:1211,2206845.0,1000.43,46.57,12.89,4.76,0.0
20230418:1311,2082780.0,941.83,44.66,13.25,4.62,0.0
20230418:1411,1981368.0,888.98,39.95,13.31,4.83,0.0
20230418:1511,1580202.0,699.0,33.23,12.95,5.03,0.0
20230418:1611,1087317.0,485.55,25.27,12.34,5.1,0.0
20230418:1711,490482.0,248.05,16.68,11.35,4.76,0.0
20230418:1811,61722.0,50.62,7.94,10.05,4.34,0.0
20230418:1911,0.0,0.0,0.0,8.12,3.93,0.0
20230418:2011,0.0,0.0,0.0,6.94,3.72,0.0
20230418:2111,0.0,0.0,0.0,6.49,3.79,0.0
20230418:2211,0.0,0.0,0.0,6.31,3.86,0.0
20230418:2311,0.0,0.0,0.0,6.11,3.72,0.0
20230419:0011,0.0,0.0,0.0,5.83,3.52,0.0
20230419:0111,0.0,0.0,0.0,5.6,3.31,0.0
20230419:0211,0.0,0.0,0.0,5.26,3.24,0.0
20230419:0311,0.0,0.0,0.0,5.1,3.31,0.0
20230419:0411,0.0,0.0,0.0,5.37,3.38,0.0
20230419:0511,0.0,0.0,0.0,5.65,3.52,0.0
20230419:0611,122337.0,74.02,9.93,6.53,3.72,0.0
20230419:0711,187461.0,96.59,18.68,8.08,4.0,0.0
20230419:0811,435996.0,201.12,27.19,9.2,5.66,0.0
20230419:0911,772173.0,341.13,34.98,9.71,5.38,0.0
20230419:1011,970029.0,425.67,41.39,10.27,5.45,0.0
20230419:1111,2294676.0,1025.88,45.62,11.21,5.59,0.0
20230419:1211,2367063.0,1062.72,46.92,12.07,6.0,0.0
20230419:1311,2287656.0,1022.7,44.99,12.63,6.41,0.0
20230419:1411,1989981.0,878.84,40.25,12.59,6.55,0.0
20230419:1511,1588869.0,695.64,33.5,12.2,6.28,0.0
20230419:1611,1096524.0,486.79,25.52,11.61,5.72,0.0
20230419:1711,497853.0,250.76,16.93,10.85,4.83,0.0
20230419:1811,59886.0,51.33,8.18,9.85,3.86,0.0
20230419:1911,0.0,0.0,0.0,8.15,3.24,0.0
20230419:2011,0.0,0.0,0.0,6.6,3.03,0.0
20230419:2111,0.0,0.0,0.0,5.75,3.17,0.0
20230419:2211,0.0,0.0,0.0,5.33,3.31,0.0
20230419:2311,0.0,0.0,0.0,5.2,3.31,0.0
20230420:0011,0.0,0.0,0.0,5.11,3.17,0.0
20230420:0111,0.0,0.0,0.0,4.67,2.97,0.0
20230420:0211,0.0,0.0,0.0,4.2,2.83,0.0
20230420:0311,0.0,0.0,0.0,3.88,2.9,0.0
20230420:0411,0.0,0.0,0.0,3.68,2.9,0.0
20230420:0511,0.0,0.87,1.67,3.7,2.9,0.0
20230420:0611,125118.0,87.31,10.24,4.35,2.83,0.0
20230420:0711,653697.0,309.58,18.99,6.74,3.1,0.0
20230420:0811,1238436.0,541.95,27.51,8.59,4.21,0.0
20230420:0911,1716660.0,753.22,35.3,9.89,4.41,0.0
20230420:1011,1797201.0,792.06,41.73,10.97,5.17,0.0
20230420:1111,2294703.0,1027.55,45.97,11.6,5.66,0.0
20230420:1211,2399625.0,1076.82,47.26,11.93,6.14,0.0
20230420:1311,2308743.0,1029.14,45.31,12.0,6.48,0.0
20230420:1411,1999296.0,880.6,40.54,11.79,6.41,0.0
20230420:1511,1609578.0,702.22,33.77,11.38,6.28,0.0
20230420:1611,1113345.0,491.86,25.77,10.81,6.0,0.0
20230420:1711,501093.0,250.51,17.17,10.15,5.59,0.0
20230420:1811,65691.0,53.67,8.43,9.24,4.97,0.0
20230420:1911,0.0,0.0,0.0,8.06,4.76,0.0
20230420:2011,0.0,0.0,0.0,7.34,4.34,0.0
20230420:2111,0.0,0.0,0.0,7.35,4.21,0.0
20230420:2211,0.0,0.0,0.0,6.95,3.86,0.0
20230420:2311,0.0,0.0,0.0,6.65,3.66,0.0
20230421:0011,0.0,0.0,0.0,6.72,3.86,0.0
20230421:0111,0.0,0.0,0.0,6.87,4.21,0.0
20230421:0211,0.0,0.0,0.0,7.0,4.34,0.0
20230421:0311,0.0,0.0,0.0,7.13,4.41,0.0
20230421:0411,0.0,0.0,0.0,7.32,4.48,0.0
20230421:0511,0.0,0.87,1.98,7.37,4.83,0.0
20230421:0611,119745.0,69.97,10.55,7.93,5.17,0.0
20230421:0711,356751.0,170.65,19.3,8.96,5.79,0.0
20230421:0811,324648.0,155.05,27.82,9.7,6.0,0.0
20230421:0911,263628.0,129.79,35.63,10.62,7.31,0.0
20230421:1011,213165.0,108.47,42.06,10.98,7.86,0.0
20230421:1111,214623.0,109.4,46.32,11.72,8.34,0.0
20230421:1211,270675.0,133.5,47.6,11.97,7.52,0.0
20230421:1311,279639.0,137.21,45.63,11.63,6.62,0.0
20230421:1411,286578.0,139.99,40.83,11.28,6.21,0.0
20230421:1511,176661.0,92.71,34.03,10.61,5.59,0.0
20230421:1611,54000.0,37.08,26.02,10.06,5.1,0.0
20230421:1711,21951.0,20.4,17.41,8.93,4.41,0.0
20230421:1811,20385.0,19.47,8.67,8.34,4.07,0.0
20230421:1911,0.0,0.0,0.0,7.71,3.86,0.0
20230421:2011,0.0,0.0,0.0,7.48,3.66,0.0
20230421:2111,0.0,0.0,0.0,7.44,3.45,0.0
20230421:2211,0.0,0.0,0.0,7.49,3.66,0.0
20230421:2311,0.0,0.0,0.0,7.45,3.79,0.0
20230422:0011,0.0,0.0,0.0,7.5,3.72,0.0
20230422:0111,0.0,0.0,0.0,7.66,3.52,0.0
20230422:0211,0.0,0.0,0.0,7.68,3.31,0.0
20230422:0311,0.0,0.0,0.0,7.67,2.97,0.0
20230422:0411,0.0,0.0,0.0,7.66,2.48,0.0
20230422:0511,0.0,0.87,2.29,7.68,1.93,0.0
20230422:0611,27162.0,23.18,10.85,7.77,1.38,0.0
20230422:0711,88047.0,52.85,19.6,7.98,1.93,0.0
20230422:0811,106110.0,61.19,28.13,8.5,1.59,0.0
20230422:0911,159759.0,85.29,35.95,9.41,1.03,0.0
20230422:1011,168102.0,89.0,42.4,9.95,2.21,0.0
20230422:1111,264762.0,130.72,46.66,10.42,2.97,0.0
20230422:1211,530280.0,244.06,47.94,11.21,3.1,0.0
20230422:1311,959958.0,428.67,45.94,11.83,3.24,0.0
20230422:1411,1075977.0,477.55,41.12,11.93,3.72,0.0
20230422:1511,784701.0,351.48,34.3,12.12,4.0,0.0
20230422:1611,785916.0,353.24,26.27,11.45,3.93,0.0
20230422:1711,144288.0,78.8,17.65,11.02,3.52,0.0
20230422:1811,78624.0,50.0,8.92,10.53,3.03,0.0
20230422:1911,0.0,0.0,0.0,9.57,2.07,0.0
20230422:2011,0.0,0.0,0.0,8.17,1.93,0.0
20230422:2111,0.0,0.0,0.0,6.62,1.72,0.0
20230422:2211,0.0,0.0,0.0,5.36,1.52,0.0
20230422:2311,0.0,0.0,0.0,5.7,0.97,0.0
20230423:0011,0.0,0.0,0.0,4.48,0.9,0.0
20230423:0111,0.0,0.0,0.0,3.38,1.03,0.0
20230423:0211,0.0,0.0,0.0,3.41,0.83,0.0
20230423:0311,0.0,0.0,0.0,3.95,1.17,0.0
20230423:0411,0.0,0.0,0.0,4.44,1.45,0.0
20230423:0511,0.0,2.62,2.6,4.63,1.79,0.0
20230423:0611,83538.0,50.54,11.15,5.45,2.21,0.0
20230423:0711,218592.0,109.81,19.9,7.41,3.03,0.0
20230423:0811,476955.0,218.26,28.43,8.46,3.52,0.0
20230423:0911,680886.0,304.55,36.26,9.61,3.66,0.0
20230423:1011,407619.0,190.98,42.73,10.4,3.86,0.0
20230423:1111,633096.0,286.16,47.0,10.63,4.07,0.0
20230423:1211,659124.0,297.04,48.27,10.59,4.21,0.0
20230423:1311,1676619.0,742.32,46.26,10.72,4.21,0.0
20230423:1411,1913760.0,850.13,41.4,10.86,4.28,0.0
20230423:1511,819450.0,363.63,34.56,10.94,4.62,0.0
20230423:1611,696843.0,313.0,26.51,10.78,4.97,0.0
20230423:1711,329211.0,161.88,17.89,10.36,5.17,0.0
20230423:1811,12447.0,14.83,9.16,9.28,4.97,0.0
20230423:1911,0.0,0.0,0.0,8.23,5.31,0.0
20230423:2011,0.0,0.0,0.0,7.37,5.45,0.0
20230423:2111,0.0,0.0,0.0,6.86,5.59,0.0
20230423:2211,0.0,0.0,0.0,6.24,5.79,0.0
20230423:2311,0.0,0.0,0.0,5.73,5.72,0.0
20230424:0011,0.0,0.0,0.0,5.34,5.24,0.0
20230424:0111,0.0,0.0,0.0,5.38,5.03,0.0
20230424:0211,0.0,0.0,0.0,5.09,4.83,0.0
20230424:0311,0.0,0.0,0.0,5.02,4.83,0.0
20230424:0411,0.0,0.0,0.0,4.49,4.55,0.0
20230424:0511,0.0,2.62,2.89,4.32,4.55,0.0
20230424:0611,109944.0,62.6,11.45,4.5,4.14,0.0
20230424:0711,449550.0,207.87,20.19,5.23,5.38,0.0
20230424:0811,862353.0,372.71,28.73,6.02,6.48,0.0
20230424:0911,748440.0,326.63,36.57,6.91,6.48,0.0
20230424:1011,1074924.0,463.17,43.05,7.64,6.62,0.0
20230424:1111,327780.0,154.83,47.33,7.34,6.34,0.0
20230424:1211,441477.0,202.11,48.6,7.63,6.28,0.0
20230424:1311,809514.0,354.73,46.57,7.98,5.86,0.0
20230424:1411,1576989.0,679.17,41.69,7.97,6.0,0.0
20230424:1511,900396.0,390.4,34.81,7.69,6.21,0.0
20230424:1611,1052379.0,457.97,26.76,7.52,6.0,0.0
20230424:1711,472581.0,228.75,18.13,7.03,5.72,0.0
20230424:1811,74763.0,59.52,9.39,6.35,4.97,0.0
20230424:1911,0.0,0.0,0.0,5.45,3.93,0.0
20230424:2011,0.0,0.0,0.0,4.64,3.72,0.0
20230424:2111,0.0,0.0,0.0,3.97,3.52,0.0
20230424:2211,0.0,0.0,0.0,3.24,3.31,0.0
20230424:2311,0.0,0.0,0.0,2.59,3.17,0.0
20230425:0011,0.0,0.0,0.0,2.05,3.03,0.0
20230425:0111,0.0,0.0,0.0,1.68,2.97,0.0
20230425:0211,0.0,0.0,0.0,1.41,2.9,0.0
20230425:0311,0.0,0.0,0.0,0.95,2.83,0.0
20230425:0411,0.0,0.0,0.0,0.61,2.83,0.0
20230425:0511,3834.0,8.74,3.19,0.58,2.83,0.0
20230425:0611,156357.0,104.28,11.74,1.33,2.55,0.0
20230425:0711,710397.0,326.83,20.48,2.9,3.24,0.0
20230425:0811,1304424.0,560.9,29.03,4.37,3.72,0.0
20230425:0911,1777032.0,771.37,36.88,5.53,3.38,0.0
20230425:1011,1975590.0,871.51,43.37,6.58,3.24,0.0
20230425:1111,2098818.0,938.14,47.66,7.67,3.24,0.0
20230425:1211,2139507.0,964.23,48.93,8.23,3.03,0.0
20230425:1311,2098440.0,949.21,46.87,8.64,2.69,0.0
20230425:1411,1668384.0,743.62,41.96,8.85,2.34,0.0
20230425:1511,1219779.0,538.62,35.07,8.89,2.14,0.0
20230425:1611,961146.0,429.51,27.0,8.79,1.79,0.0
20230425:1711,371304.0,180.12,18.36,8.16,2.07,0.0
20230425:1811,105732.0,66.01,9.63,7.43,2.76,0.0
20230425:1911,0.0,0.0,0.0,6.37,2.9,0.0
20230425:2011,0.0,0.0,0.0,4.56,2.83,0.0
20230425:2111,0.0,0.0,0.0,3.37,2.34,0.0
20230425:2211,0.0,0.0,0.0,2.72,1.93,0.0
20230425:2311,0.0,0.0,0.0,2.66,1.79,0.0
20230426:0011,0.0,0.0,0.0,2.08,1.79,0.0
20230426:0111,0.0,0.0,0.0,1.96,1.66,0.0
20230426:0211,0.0,0.0,0.0,1.65,1.59,0.0
20230426:0311,0.0,0.0,0.0,1.39,1.52,0.0
20230426:0411,0.0,0.0,0.0,0.94,1.52,0.0
20230426:0511,0.0,2.62,3.48,0.75,1.45,0.0
20230426:0611,74196.0,45.43,12.02,1.94,0.97,0.0
20230426:0711,341550.0,160.92,20.77,4.04,1.31,0.0
20230426:0811,667440.0,296.36,29.32,5.38,1.38,0.0
20230426:0911,501039.0,228.54,37.18,7.18,1.45,0.0
20230426:1011,781974.0,349.88,43.69,8.76,1.52,0.0
20230426:1111,2105865.0,969.71,47.99,9.35,1.86,0.0
20230426:1211,934065.0,417.68,49.25,9.66,1.66,0.0
20230426:1311,720090.0,325.49,47.17,10.19,1.66,0.0
20230426:1411,778383.0,350.79,42.24,10.48,1.59,0.0
20230426:1511,695844.0,315.54,35.32,10.28,0.97,0.0
20230426:1611,943515.0,427.99,27.24,10.31,0.83,0.0
20230426:1711,495909.0,248.9,18.6,10.19,0.41,0.0
20230426:1811,101412.0,66.77,9.87,9.99,0.48,0.0
20230426:1911,0.0,0.0,0.0,9.37,1.86,0.0
20230426:2011,0.0,0.0,0.0,7.49,2.28,0.0
20230426:2111,0.0,0.0,0.0,6.16,2.41,0.0
20230426:2211,0.0,0.0,0.0,5.23,2.41,0.0
20230426:2311,0.0,0.0,0.0,4.23,2.28,0.0
20230427:0011,0.0,0.0,0.0,3.27,2.14,0.0
20230427:0111,0.0,0.0,0.0,2.42,1.93,0.0
20230427:0211,0.0,0.0,0.0,2.21,1.59,0.0
20230427:0311,0.0,0.0,0.0,1.73,1.72,0.0
20230427:0411,0.0,0.0,0.0,1.52,1.93,0.0
20230427:0511,0.0,2.62,3.77,1.53,1.86,0.0
20230427:0611,75978.0,46.36,12.3,2.76,1.59,0.0
20230427:0711,237978.0,117.13,21.05,5.33,2.28,0.0
20230427:0811,625158.0,278.67,29.61,6.8,2.83,0.0
20230427:0911,1235790.0,538.58,37.48,8.08,3.38,0.0
20230427:1011,811917.0,359.8,44.0,9.69,4.21,0.0
20230427:1111,1521882.0,668.63,48.31,10.62,4.97,0.0
20230427:1211,864783.0,383.65,49.57,11.6,6.28,0.0
20230427:1311,534384.0,244.89,47.47,11.87,6.34,0.0
20230427:1411,680724.0,305.85,42.51,11.68,6.21,0.0
20230427:1511,565866.0,257.45,35.58,11.68,6.21,0.0
20230427:1611,127548.0,71.39,27.47,11.43,5.86,0.0
20230427:1711,48195.0,34.3,18.83,10.72,5.45,0.0
20230427:1811,41040.0,30.59,10.1,9.84,5.38,0.0
20230427:1911,0.0,0.0,0.0,9.6,4.83,0.0
20230427:2011,0.0,0.0,0.0,8.48,4.41,0.0
20230427:2111,0.0,0.0,0.0,7.53,4.14,0.0
20230427:2211,0.0,0.0,0.0,6.91,3.72,0.0
20230427:2311,0.0,0.0,0.0,6.64,3.17,0.0
20230428:0011,0.0,0.0,0.0,6.65,3.38,0.0
20230428:0111,0.0,0.0,0.0,6.56,3.17,0.0
20230428:0211,0.0,0.0,0.0,6.59,3.38,0.0
20230428:0311,0.0,0.0,0.0,6.62,3.45,0.0
20230428:0411,0.0,0.0,0.0,6.54,3.17,0.0
20230428:0511,0.0,2.62,4.05,6.61,2.83,0.0
20230428:0611,99387.0,57.96,12.58,6.73,2.34,0.0
20230428:0711,146745.0,78.8,21.33,7.1,1.45,0.0
20230428:0811,184977.0,95.49,29.89,7.61,1.72,0.0
20230428:0911,269784.0,131.65,37.77,7.81,1.93,0.0
20230428:1011,321948.0,153.9,44.31,8.29,2.14,0.0
20230428:1111,389286.0,182.64,48.63,8.86,2.28,0.0
20230428:1211,350784.0,166.88,49.88,9.5,2.21,0.0
20230428:1311,432432.0,202.11,47.77,10.31,2.28,0.0
20230428:1411,448956.0,210.0,42.79,10.97,1.79,0.0
20230428:1511,535950.0,247.57,35.82,11.35,1.45,0.0
20230428:1611,841725.0,384.24,27.71,11.84,0.97,0.0
20230428:1711,518913.0,264.5,19.06,11.95,0.48,0.0
20230428:1811,33345.0,26.89,10.33,12.01,0.21,0.0
20230428:1911,0.0,0.87,1.92,11.56,1.72,0.0
20230428:2011,0.0,0.0,0.0,10.44,2.0,0.0
20230428:2111,0.0,0.0,0.0,9.37,1.93,0.0
20230428:2211,0.0,0.0,0.0,8.59,1.79,0.0
20230428:2311,0.0,0.0,0.0,7.76,1.79,0.0
20230429:0011,0.0,0.0,0.0,6.94,1.59,0.0
20230429:0111,0.0,0.0,0.0,6.11,1.24,0.0
20230429:0211,0.0,0.0,0.0,5.97,0.83,0.0
20230429:0311,0.0,0.0,0.0,5.29,0.97,0.0
20230429:0411,0.0,0.0,0.0,5.13,1.31,0.0
20230429:0511,3672.0,8.74,4.33,5.23,1.59,0.0
20230429:0611,145017.0,79.73,12.85,6.54,1.86,0.0
20230429:0711,237627.0,118.01,21.6,7.74,2.97,0.0
20230429:0811,338607.0,161.01,30.16,8.78,2.76,0.0
20230429:0911,304857.0,147.41,38.06,9.62,2.48,0.0
20230429:1011,288495.0,140.92,44.61,10.32,2.34,0.0
20230429:1111,297999.0,145.56,48.94,11.09,1.93,0.0
20230429:1211,294543.0,144.63,50.19,11.63,1.24,0.0
20230429:1311,324864.0,157.61,48.06,11.66,1.45,0.0
20230429:1411,433944.0,204.43,43.05,12.03,1.93,0.0
20230429:1511,759105.0,342.88,36.07,12.07,2.41,0.0
20230429:1611,585306.0,268.25,27.94,11.73,2.9,0.0
20230429:1711,129546.0,72.31,19.29,11.15,3.17,0.0
20230429:1811,44550.0,32.45,10.56,10.36,3.38,0.0
20230429:1911,0.0,0.87,2.16,9.98,2.9,0.0
20230429:2011,0.0,0.0,0.0,9.35,2.55,0.0
20230429:2111,0.0,0.0,0.0,8.98,2.28,0.0
20230429:2211,0.0,0.0,0.0,8.72,2.21,0.0
20230429:2311,0.0,0.0,0.0,8.46,2.07,0.0
20230430:0011,0.0,0.0,0.0,8.31,1.93,0.0
20230430:0111,0.0,0.0,0.0,8.33,1.66,0.0
20230430:0211,0.0,0.0,0.0,7.99,1.45,0.0
20230430:0311,0.0,0.0,0.0,7.89,1.17,0.0
20230430:0411,0.0,0.0,0.0,7.73,1.17,0.0
20230430:0511,0.0,3.5,4.6,7.42,1.38,0.0
20230430:0611,133461.0,74.18,13.12,8.02,1.52,0.0
20230430:0711,73494.0,46.36,21.86,9.45,2.62,0.0
20230430:0811,279369.0,137.21,30.44,10.98,3.24,0.0
20230430:0911,620379.0,282.48,38.34,12.28,3.93,0.0
20230430:1011,993465.0,443.04,44.91,12.96,4.41,0.0
20230430:1111,768933.0,347.88,49.25,13.56,4.41,0.0
20230430:1211,900207.0,404.22,50.5,13.9,5.1,0.0
20230430:1311,631233.0,288.42,48.35,13.47,4.9,0.0
20230430:1411,379701.0,180.79,43.32,12.73,4.62,0.0
20230430:1511,139158.0,76.95,36.31,12.53,4.28,0.0
20230430:1611,318843.0,154.68,28.17,12.75,5.59,0.0
20230430:1711,53352.0,37.08,19.51,12.33,4.14,0.0
20230430:1811,62883.0,41.72,10.79,12.07,3.66,0.0
20230430:1911,0.0,0.87,2.39,12.38,2.97,0.0
20230430:2011,0.0,0.0,0.0,11.22,2.76,0.0
20230430:2111,0.0,0.0,0.0,10.77,2.48,0.0
20230430:2211,0.0,0.0,0.0,10.34,2.41,0.0
20230430:2311,0.0,0.0,0.0,9.93,2.34,0.0
20230501:0011,0.0,0.0,0.0,10.06,2.07,0.0
20230501:0111,0.0,0.0,0.0,9.99,2.07,0.0
20230501:0211,0.0,0.0,0.0,10.06,2.07,0.0
20230501:0311,0.0,0.0,0.0,10.01,2.21,0.0
20230501:0411,0.0,0.0,0.0,9.99,2.21,0.0
20230501:0511,15282.0,16.61,4.87,9.95,2.14,0.0
20230501:0611,176148.0,118.9,13.38,10.3,2.48,0.0
20230501:0711,681615.0,322.12,22.13,10.97,3.79,0.0
20230501:0811,780813.0,350.41,30.7,11.89,3.93,0.0
20230501:0911,769419.0,346.81,38.62,12.84,3.79,0.0
20230501:1011,431352.0,203.96,45.2,13.87,4.07,0.0
20230501:1111,1470825.0,662.17,49.55,14.63,4.14,0.0
20230501:1211,790830.0,360.57,50.8,14.89,3.66,0.0
20230501:1311,610011.0,282.68,48.64,15.07,3.24,0.0
20230501:1411,748332.0,341.06,43.58,14.66,3.72,0.0
20230501:1511,1359099.0,604.09,36.55,13.47,4.41,0.0
20230501:1611,990279.0,440.76,28.4,11.39,4.76,0.0
20230501:1711,497259.0,242.67,19.73,9.91,4.76,0.0
20230501:1811,105813.0,62.05,11.01,9.09,4.55,0.0
20230501:1911,0.0,1.75,2.63,8.69,3.86,0.0
20230501:2011,0.0,0.0,0.0,8.23,3.52,0.0
20230501:2111,0.0,0.0,0.0,8.12,3.31,0.0
20230501:2211,0.0,0.0,0.0,7.99,2.62,0.0
20230501:2311,0.0,0.0,0.0,7.84,2.34,0.0
20230502:0011,0.0,0.0,0.0,7.72,2.0,0.0
20230502:0111,0.0,0.0,0.0,7.5,1.66,0.0
20230502:0211,0.0,0.0,0.0,7.4,1.59,0.0
20230502:0311,0.0,0.0,0.0,7.28,1.52,0.0
20230502:0411,0.0,0.0,0.0,7.21,1.38,0.0
20230502:0511,2511.0,7.87,5.13,7.12,1.31,0.0
20230502:0611,167616.0,90.33,13.64,7.19,1.79,0.0
20230502:0711,0.0,0.0,0.0,7.26,2.21,0.0
20230502:0811,540405.0,244.64,30.97,7.62,2.41,0.0
20230502:0911,691875.0,308.52,38.89,8.06,2.55,0.0
20230502:1011,691929.0,309.8,45.49,8.81,2.76,0.0
20230502:1111,476577.0,219.72,49.85,9.49,2.9,0.0
20230502:1211,398682.0,187.28,51.1,9.99,2.83,0.0
20230502:1311,1282959.0,570.07,48.92,10.51,2.83,0.0
20230502:1411,912006.0,406.44,43.84,10.85,2.97,0.0
20230502:1511,698382.0,314.75,36.79,11.14,3.1,0.0
20230502:1611,752517.0,339.04,28.63,11.24,3.38,0.0
20230502:1711,296082.0,146.04,19.95,11.16,3.31,0.0
20230502:1811,128547.0,78.25,11.24,10.9,3.03,0.0
20230502:1911,0.0,3.5,2.86,10.93,2.97,0.0
20230502:2011,0.0,0.0,0.0,10.19,2.97,0.0
20230502:2111,0.0,0.0,0.0,9.64,2.97,0.0
20230502:2211,0.0,0.0,0.0,9.05,2.9,0.0
20230502:2311,0.0,0.0,0.0,8.39,2.9,0.0
20230503:0011,0.0,0.0,0.0,7.84,2.83,0.0
20230503:0111,0.0,0.0,0.0,7.52,2.76,0.0
20230503:0211,0.0,0.0,0.0,7.23,2.62,0.0
20230503:0311,0.0,0.0,0.0,6.92,2.55,0.0
20230503:0411,0.0,0.0,0.0,6.83,2.41,0.0
20230503:0511,34830.0,27.11,5.39,6.59,2.28,0.0
20230503:0611,206712.0,118.42,13.89,7.02,2.34,0.0
20230503:0711,406647.0,190.46,22.64,7.52,2.76,0.0
20230503:0811,1141776.0,502.98,31.22,9.08,3.1,0.0
20230503:0911,1226259.0,541.08,39.16,10.48,3.31,0.0
20230503:1011,1897182.0,854.59,45.77,11.77,3.45,0.0
20230503:1111,2142180.0,976.4,50.15,12.67,3.86,0.0
20230503:1211,1737558.0,780.37,51.4,12.83,4.14,0.0
20230503:1311,1360962.0,606.37,49.2,13.06,4.34,0.0
20230503:1411,1620945.0,722.19,44.09,12.98,4.48,0.0
20230503:1511,812295.0,363.75,37.03,12.56,4.48,0.0
20230503:1611,721116.0,325.12,28.85,11.82,4.55,0.0
20230503:1711,451710.0,219.06,20.17,10.96,4.55,0.0
20230503:1811,109593.0,63.75,11.46,9.84,4.21,0.0
20230503:1911,0.0,4.37,3.09,8.54,3.93,0.0
20230503:2011,0.0,0.0,0.0,7.09,3.59,0.0
20230503:2111,0.0,0.0,0.0,6.19,3.38,0.0
20230503:2211,0.0,0.0,0.0,5.87,3.24,0.0
20230503:2311,0.0,0.0,0.0,5.59,3.17,0.0
20230504:0011,0.0,0.0,0.0,5.36,3.17,0.0
20230504:0111,0.0,0.0,0.0,5.06,3.03,0.0
20230504:0211,0.0,0.0,0.0,4.97,2.97,0.0
20230504:0311,0.0,0.0,0.0,4.87,3.1,0.0
20230504:0411,0.0,0.0,0.0,4.68,3.24,0.0
20230504:0511,31806.0,25.36,5.64,4.7,3.24,0.0
20230504:0611,214947.0,120.18,14.14,5.71,3.03,0.0
20230504:0711,172908.0,89.93,22.88,7.37,5.24,0.0
20230504:0811,527715.0,238.08,31.48,8.01,5.52,0.0
20230504:0911,993438.0,432.22,39.42,8.84,5.79,0.0
20230504:1011,1192050.0,517.65,46.05,9.26,6.0,0.0
20230504:1111,1553823.0,677.5,50.44,10.21,6.28,0.0
20230504:1211,1701216.0,744.31,51.69,10.54,6.34,0.0
20230504:1311,1659447.0,725.96,49.47,10.96,6.48,0.0
20230504:1411,1185597.0,518.05,44.34,11.08,6.48,0.0
20230504:1511,724410.0,322.42,37.26,10.82,6.55,0.0
20230504:1611,605394.0,272.87,29.07,10.34,6.48,0.0
20230504:1711,436239.0,209.06,20.39,9.73,6.28,0.0
20230504:1811,75735.0,47.28,11.68,9.06,5.66,0.0
20230504:1911,1458.0,7.0,3.32,8.03,4.76,0.0
20230504:2011,0.0,0.0,0.0,7.39,4.48,0.0
20230504:2111,0.0,0.0,0.0,7.09,4.0,0.0
20230504:2211,0.0,0.0,0.0,7.32,3.59,0.0
20230504:2311,0.0,0.0,0.0,7.5,3.17,0.0
20230505:0011,0.0,0.0,0.0,7.62,2.76,0.0
20230505:0111,0.0,0.0,0.0,8.13,2.21,0.0
20230505:0211,0.0,0.0,0.0,8.34,1.59,0.0
20230505:0311,0.0,0.0,0.0,8.12,1.52,0.0
20230505:0411,0.0,0.0,0.0,7.85,1.66,0.0
20230505:0511,15471.0,16.61,5.89,8.08,1.66,0.0
20230505:0611,63774.0,41.72,14.38,9.13,1.66,0.0
20230505:0711,239193.0,119.69,23.13,9.37,1.38,0.0
20230505:0811,281367.0,138.14,31.72,10.77,2.34,0.0
20230505:0911,293031.0,143.7,39.68,11.93,2.83,0.0
20230505:1011,448038.0,210.45,46.32,12.56,2.9,0.0
20230505:1111,813402.0,369.8,50.72,13.57,2.62,0.0
20230505:1211,1440072.0,657.46,51.97,14.71,2.48,0.0
20230505:1311,1614357.0,742.12,49.74,15.66,2.69,0.0
20230505:1411,707238.0,327.44,44.59,16.2,2.34,0.0
20230505:1511,563004.0,263.71,37.49,16.31,2.76,0.0
20230505:1611,779544.0,357.22,29.29,15.55,3.72,0.0
20230505:1711,45333.0,33.38,20.6,14.68,2.76,0.0
20230505:1811,36504.0,28.74,11.89,14.13,2.0,0.0
20230505:1911,0.0,5.25,3.54,13.25,1.93,0.0
20230505:2011,0.0,0.0,0.0,11.95,2.28,0.0
20230505:2111,0.0,0.0,0.0,11.13,2.21,0.0
20230505:2211,0.0,0.0,0.0,10.5,2.14,0.0
20230505:2311,0.0,0.0,0.0,9.89,1.93,0.0
20230506:0011,0.0,0.0,0.0,8.84,1.86,0.0
20230506:0111,0.0,0.0,0.0,7.73,1.72,0.0
20230506:0211,0.0,0.0,0.0,7.02,1.52,0.0
20230506:0311,0.0,0.0,0.0,6.4,1.38,0.0
20230506:0411,0.0,0.0,0.0,5.99,1.24,0.0
20230506:0511,43524.0,31.48,6.13,6.19,1.03,0.0
20230506:0611,114561.0,64.9,14.62,7.92,0.76,0.0
20230506:0711,361962.0,173.38,23.36,10.43,2.07,0.0
20230506:0811,577692.0,265.09,31.96,12.02,2.69,0.0
20230506:0911,722925.0,329.09,39.93,13.62,3.03,0.0
20230506:1011,835839.0,380.72,46.59,14.94,3.1,0.0
20230506:1111,1152468.0,523.53,51.0,16.09,3.52,0.0
20230506:1211,1428003.0,650.83,52.26,16.55,3.72,0.0
20230506:1311,1423656.0,648.41,50.01,16.81,3.86,0.0
20230506:1411,999270.0,455.23,44.84,17.05,3.86,0.0
20230506:1511,777411.0,356.43,37.72,16.69,3.72,0.0
20230506:1611,442989.0,210.64,29.5,15.72,3.86,0.0
20230506:1711,193887.0,101.92,20.81,14.37,4.14,0.0
20230506:1811,117423.0,68.75,12.11,13.95,3.79,0.0
20230506:1911,3402.0,8.74,3.76,13.31,2.62,0.0
20230506:2011,0.0,0.0,0.0,12.55,2.21,0.0
20230506:2111,0.0,0.0,0.0,12.12,1.86,0.0
20230506:2211,0.0,0.0,0.0,11.59,1.79,0.0
20230506:2311,0.0,0.0,0.0,11.18,1.79,0.0
20230507:0011,0.0,0.0,0.0,10.99,1.66,0.0
20230507:0111,0.0,0.0,0.0,11.12,1.52,0.0
20230507:0211,0.0,0.0,0.0,11.12,1.38,0.0
20230507:0311,0.0,0.0,0.0,11.11,1.17,0.0
20230507:0411,0.0,0.0,0.0,10.66,1.31,0.0
20230507:0511,49518.0,34.98,6.37,10.48,1.17,0.0
20230507:0611,187569.0,100.88,14.85,10.99,1.66,0.0
20230507:0711,229311.0,116.85,23.59,12.19,0.97,0.0
20230507:0811,563868.0,262.15,32.2,13.41,1.38,0.0
20230507:0911,743715.0,342.52,40.18,14.56,1.31,0.0
20230507:1011,1655910.0,777.89,46.85,15.51,1.1,0.0
20230507:1111,1705644.0,808.86,51.28,16.34,1.1,0.0
20230507:1211,1461996.0,687.1,52.53,16.87,1.1,0.0
20230507:1311,1395333.0,651.47,50.27,17.39,1.52,0.0
20230507:1411,1319625.0,614.4,45.08,17.86,1.59,0.0
20230507:1511,1361637.0,632.32,37.94,18.36,1.93,0.0
20230507:1611,1042416.0,484.55,29.71,18.22,2.48,0.0
20230507:1711,515160.0,262.36,21.02,17.94,2.9,0.0
20230507:1811,98010.0,78.93,12.32,17.25,2.76,0.0
20230507:1911,9288.0,13.12,3.98,16.31,2.0,0.0
20230507:2011,0.0,0.0,0.0,14.84,2.07,0.0
20230507:2111,0.0,0.0,0.0,13.1,1.66,0.0
20230507:2211,0.0,0.0,0.0,11.82,1.24,0.0
20230507:2311,0.0,0.0,0.0,10.72,1.38,0.0
20230508:0011,0.0,0.0,0.0,10.06,1.45,0.0
20230508:0111,0.0,0.0,0.0,9.0,1.66,0.0
20230508:0211,0.0,0.0,0.0,8.83,2.21,0.0
20230508:0311,0.0,0.0,0.0,9.28,2.41,0.0
20230508:0411,0.0,0.0,0.0,9.95,2.76,0.0
20230508:0511,0.0,5.25,6.61,10.45,3.03,0.0
20230508:0611,51840.0,36.16,15.08,10.92,3.24,0.0
20230508:0711,104544.0,61.19,23.82,11.78,3.31,0.0
20230508:0811,232362.0,117.74,32.43,12.45,3.72,0.0
20230508:0911,390501.0,185.42,40.42,12.5,3.86,0.0
20230508:1011,461619.0,215.51,47.11,12.52,4.34,0.0
20230508:1111,570942.0,261.92,51.55,12.4,4.34,0.0
20230508:1211,484866.0,225.29,52.8,12.63,5.03,0.0
20230508:1311,273267.0,135.36,50.53,12.81,4.97,0.0
20230508:1411,527040.0,243.66,45.32,13.27,5.17,0.0
20230508:1511,330129.0,160.39,38.16,13.95,5.17,0.0
20230508:1611,265113.0,132.58,29.93,13.98,4.48,0.0
20230508:1711,41877.0,31.52,21.23,14.11,3.86,0.0
20230508:1811,16578.0,17.62,12.53,14.02,3.38,0.0
20230508:1911,0.0,2.62,4.2,13.75,3.86,0.0
20230508:2011,0.0,0.0,0.0,13.47,3.45,0.0
20230508:2111,0.0,0.0,0.0,13.44,3.1,0.0
20230508:2211,0.0,0.0,0.0,13.31,2.69,0.0
20230508:2311,0.0,0.0,0.0,12.96,2.76,0.0
20230509:0011,0.0,0.0,0.0,12.69,2.69,0.0
20230509:0111,0.0,0.0,0.0,12.39,2.62,0.0
20230509:0211,0.0,0.0,0.0,12.11,2.48,0.0
20230509:0311,0.0,0.0,0.0,11.95,2.48,0.0
20230509:0411,0.0,0.0,0.0,11.86,2.55,0.0
20230509:0511,37152.0,28.86,6.83,11.97,2.41,0.0
20230509:0611,215784.0,134.62,15.3,12.14,2.21,0.0
20230509:0711,704511.0,332.73,24.04,13.1,4.21,0.0
20230509:0811,1194453.0,535.17,32.66,13.79,3.93,0.0
20230509:0911,1041768.0,468.55,40.66,14.56,3.72,0.0
20230509:1011,2007909.0,927.63,47.36,15.54,3.31,0.0
20230509:1111,1893645.0,877.94,51.82,16.51,3.31,0.0
20230509:1211,1645380.0,757.18,53.07,17.04,3.52,0.0
20230509:1311,1465425.0,670.27,50.79,17.34,3.79,0.0
20230509:1411,1176930.0,535.81,45.55,17.34,3.86,0.0
20230509:1511,324540.0,160.39,38.38,17.0,3.66,0.0
20230509:1611,225315.0,116.82,30.13,16.82,3.66,0.0
20230509:1711,331344.0,165.1,21.44,16.17,2.83,0.0
20230509:1811,114372.0,67.32,12.74,15.71,2.07,0.0
20230509:1911,0.0,3.5,4.42,14.8,1.24,0.0
20230509:2011,0.0,0.0,0.0,13.09,1.45,0.0
20230509:2111,0.0,0.0,0.0,11.69,2.48,0.0
20230509:2211,0.0,0.0,0.0,10.53,2.97,0.0
20230509:2311,0.0,0.0,0.0,10.02,3.03,0.0
20230510:0011,0.0,0.0,0.0,9.58,2.97,0.0
20230510:0111,0.0,0.0,0.0,8.87,2.83,0.0
20230510:0211,0.0,0.0,0.0,8.4,2.62,0.0
20230510:0311,0.0,0.0,0.0,7.87,2.21,0.0
20230510:0411,0.0,0.0,0.0,7.18,2.14,0.0
20230510:0511,41634.0,30.61,7.06,6.92,2.07,0.0
20230510:0611,218808.0,115.38,15.52,9.04,2.0,0.0
20230510:0711,758403.0,357.57,24.26,11.5,3.03,0.0
20230510:0811,1319976.0,589.16,32.88,12.85,3.93,0.0
20230510:0911,1091340.0,487.47,40.89,13.81,4.28,0.0
20230510:1011,1475739.0,659.79,47.6,14.12,4.69,0.0
20230510:1111,1118259.0,501.18,52.08,14.39,4.76,0.0
20230510:1211,1506114.0,677.95,53.34,14.81,4.55,0.0
20230510:1311,797904.0,363.52,51.04,15.18,4.14,0.0
20230510:1411,867915.0,394.25,45.78,15.36,3.86,0.0
20230510:1511,885924.0,399.67,38.59,14.62,4.14,0.0
20230510:1611,636795.0,292.42,30.34,14.18,4.14,0.0
20230510:1711,105354.0,62.12,21.64,14.13,3.66,0.0
20230510:1811,101547.0,60.47,12.94,13.69,2.9,0.0
20230510:1911,0.0,3.5,4.63,12.81,2.69,0.0
20230510:2011,0.0,0.0,0.0,11.92,2.62,0.0
20230510:2111,0.0,0.0,0.0,11.18,2.48,0.0
20230510:2211,0.0,0.0,0.0,10.68,2.21,0.0
20230510:2311,0.0,0.0,0.0,10.34,2.07,0.0
20230511:0011,0.0,0.0,0.0,9.76,2.07,0.0
20230511:0111,0.0,0.0,0.0,9.53,2.07,0.0
20230511:0211,0.0,0.0,0.0,9.44,1.93,0.0
20230511:0311,0.0,0.0,0.0,9.64,1.79,0.0
20230511:0411,0.0,0.0,0.0,9.58,1.59,0.0
20230511:0511,18306.0,18.36,7.27,9.31,1.45,0.0
20230511:0611,142857.0,78.34,15.73,10.46,1.45,0.0
20230511:0711,496341.0,234.06,24.47,11.54,1.66,0.0
20230511:0811,624753.0,286.78,33.09,11.95,1.38,0.0
20230511:0911,859221.0,390.73,41.11,12.69,1.24,0.0
20230511:1011,1121661.0,515.71,47.84,13.81,0.69,0.0
20230511:1111,588465.0,276.25,52.33,14.53,0.41,0.0
20230511:1211,360315.0,176.15,53.59,15.11,0.28,0.0
20230511:1311,800685.0,371.34,51.28,15.4,0.9,0.0
20230511:1411,120987.0,69.53,46.01,14.84,2.41,0.0
20230511:1511,165078.0,89.0,38.8,13.88,3.17,0.0
20230511:1611,205362.0,106.62,30.54,13.54,2.97,0.0
20230511:1711,530820.0,262.31,21.84,13.37,2.69,0.0
20230511:1811,125874.0,87.95,13.15,13.19,2.9,0.0
20230511:1911,25623.0,22.74,4.84,12.64,2.34,0.0
20230511:2011,0.0,0.0,0.0,11.32,2.62,0.0
20230511:2111,0.0,0.0,0.0,10.08,2.55,0.0
20230511:2211,0.0,0.0,0.0,9.18,2.62,0.0
20230511:2311,0.0,0.0,0.0,8.82,2.9,0.0
20230512:0011,0.0,0.0,0.0,9.08,3.03,0.0
20230512:0111,0.0,0.0,0.0,9.06,3.24,0.0
20230512:0211,0.0,0.0,0.0,9.28,3.66,0.0
20230512:0311,0.0,0.0,0.0,9.37,3.59,0.0
20230512:0411,0.0,0.0,0.0,9.44,3.38,0.0
20230512:0511,9720.0,13.12,7.48,9.45,3.66,0.0
20230512:0611,126495.0,70.46,15.94,9.53,3.72,0.0
20230512:0711,233361.0,116.82,24.67,9.87,5.1,0.0
20230512:0811,343575.0,163.39,33.3,10.1,5.38,0.0
20230512:0911,382860.0,179.86,41.33,10.21,6.0,0.0
20230512:1011,302616.0,146.48,48.08,10.83,6.41,0.0
20230512:1111,359154.0,170.59,52.58,11.19,6.21,0.0
20230512:1211,385182.0,181.71,53.85,11.39,6.14,0.0
20230512:1311,305883.0,148.34,51.53,11.45,5.79,0.0
20230512:1411,268515.0,132.58,46.24,11.7,6.07,0.0
20230512:1511,355887.0,169.66,39.01,11.72,5.86,0.0
20230512:1611,284121.0,139.07,30.74,11.37,5.72,0.0
20230512:1711,239922.0,120.23,22.03,10.81,5.66,0.0
20230512:1811,101574.0,59.55,13.34,10.05,5.38,0.0
20230512:1911,26163.0,22.74,5.05,9.08,4.97,0.0
20230512:2011,0.0,0.0,0.0,8.54,4.0,0.0
20230512:2111,0.0,0.0,0.0,8.15,3.72,0.0
20230512:2211,0.0,0.0,0.0,7.84,3.59,0.0
20230512:2311,0.0,0.0,0.0,7.62,3.38,0.0
20230513:0011,0.0,0.0,0.0,7.48,3.24,0.0
20230513:0111,0.0,0.0,0.0,7.19,3.03,0.0
20230513:0211,0.0,0.0,0.0,7.08,3.03,0.0
20230513:0311,0.0,0.0,0.0,6.83,2.97,0.0
20230513:0411,0.0,0.0,0.0,6.83,2.9,0.0
20230513:0511,39933.0,29.73,7.69,6.83,3.03,0.0
20230513:0611,165456.0,87.13,16.14,7.08,3.24,0.0
20230513:0711,349947.0,165.09,24.87,7.31,3.38,0.0
20230513:0811,439560.0,202.56,33.5,8.02,3.17,0.0
20230513:0911,683667.0,306.49,41.55,9.07,2.76,0.0
20230513:1011,546372.0,250.21,48.31,9.96,2.28,0.0
20230513:1111,870993.0,392.77,52.82,11.11,1.79,0.0
20230513:1211,1258875.0,571.84,54.1,12.44,1.59,0.0
20230513:1311,2025216.0,959.71,51.76,13.38,1.31,0.0
20230513:1411,1892376.0,897.15,46.46,14.25,0.97,0.0
20230513:1511,1545615.0,721.01,39.22,14.83,0.83,0.0
20230513:1611,1118448.0,520.19,30.93,15.04,0.83,0.0
20230513:1711,586737.0,297.13,22.23,14.88,1.24,0.0
20230513:1811,112158.0,88.25,13.54,14.23,1.79,0.0
20230513:1911,30375.0,25.36,5.25,12.97,2.41,0.0
20230513:2011,0.0,0.0,0.0,10.85,2.48,0.0
20230513:2111,0.0,0.0,0.0,9.19,2.48,0.0
20230513:2211,0.0,0.0,0.0,8.08,2.28,0.0
20230513:2311,0.0,0.0,0.0,7.32,2.14,0.0
20230514:0011,0.0,0.0,0.0,6.76,2.14,0.0
20230514:0111,0.0,0.0,0.0,6.55,2.21,0.0
20230514:0211,0.0,0.0,0.0,6.21,2.14,0.0
20230514:0311,0.0,0.0,0.0,6.22,2.0,0.0
20230514:0411,0.0,0.0,0.0,6.46,1.86,0.0
20230514:0511,33102.0,26.23,7.89,6.8,1.66,0.0
20230514:0611,138321.0,75.56,16.33,7.91,1.45,0.0
20230514:0711,224073.0,113.11,25.06,9.43,1.45,0.0
20230514:0811,788562.0,356.79,33.7,11.77,1.93,0.0
20230514:0911,1283607.0,580.79,41.75,13.69,2.21,0.0
20230514:1011,1427193.0,652.72,48.53,15.39,2.48,0.0
20230514:1111,2047680.0,960.24,53.06,16.71,3.03,0.0
20230514:1211,2115342.0,989.72,54.34,17.27,3.72,0.0
20230514:1311,1588707.0,727.68,52.0,17.21,3.93,0.0
20230514:1411,872829.0,399.05,46.67,17.1,4.28,0.0
20230514:1511,1036719.0,468.8,39.42,16.37,4.41,0.0
20230514:1611,663147.0,305.2,31.13,15.5,4.62,0.0
20230514:1711,210600.0,109.29,22.42,14.34,3.45,0.0
20230514:1811,150606.0,83.97,13.73,13.7,3.38,0.0
20230514:1911,0.0,4.37,5.45,13.52,3.38,0.0
20230514:2011,0.0,0.0,0.0,12.59,3.03,0.0
20230514:2111,0.0,0.0,0.0,12.11,3.31,0.0
20230514:2211,0.0,0.0,0.0,11.16,3.66,0.0
20230514:2311,0.0,0.0,0.0,10.58,3.93,0.0
20230515:0011,0.0,0.0,0.0,9.57,4.0,0.0
20230515:0111,0.0,0.0,0.0,8.73,4.21,0.0
20230515:0211,0.0,0.0,0.0,7.62,4.34,0.0
20230515:0311,0.0,0.0,0.0,6.97,4.28,0.0
20230515:0411,0.0,0.0,0.0,6.58,4.14,0.0
20230515:0511,59751.0,39.35,8.08,6.46,4.14,0.0
20230515:0611,239301.0,150.01,16.52,7.44,3.66,0.0
20230515:0711,803601.0,370.28,25.25,8.52,4.48,0.0
20230515:0811,1345680.0,589.69,33.89,9.71,4.55,0.0
20230515:0911,1714419.0,754.22,41.96,10.68,4.76,0.0
20230515:1011,2133972.0,955.19,48.75,11.49,4.83,0.0
20230515:1111,2292678.0,1039.65,53.3,12.11,4.69,0.0
20230515:1211,1852686.0,832.94,54.58,12.47,4.34,0.0
20230515:1311,1930149.0,872.98,52.23,12.92,4.07,0.0
20230515:1411,1159866.0,518.31,46.88,13.21,3.86,0.0
20230515:1511,644544.0,294.37,39.62,13.18,3.66,0.0
20230515:1611,1189836.0,537.02,31.32,13.37,3.52,0.0
20230515:1711,609255.0,303.26,22.61,13.22,3.24,0.0
20230515:1811,31536.0,25.96,13.93,12.73,2.41,0.0
20230515:1911,21060.0,20.11,5.65,11.81,1.66,0.0
20230515:2011,0.0,0.0,0.0,10.52,1.03,0.0
20230515:2111,0.0,0.0,0.0,10.27,0.28,0.0
20230515:2211,0.0,0.0,0.0,7.23,1.79,0.0
20230515:2311,0.0,0.0,0.0,6.77,2.62,0.0
20230516:0011,0.0,0.0,0.0,6.88,3.24,0.0
20230516:0111,0.0,0.0,0.0,6.7,3.38,0.0
20230516:0211,0.0,0.0,0.0,6.27,3.31,0.0
20230516:0311,0.0,0.0,0.0,5.91,3.24,0.0
20230516:0411,0.0,0.0,0.0,5.61,3.17,0.0
20230516:0511,72954.0,45.47,8.27,5.83,3.03,0.0
20230516:0611,246213.0,148.19,16.7,7.37,2.83,0.0
20230516:0711,770472.0,356.66,25.43,9.42,3.93,0.0
20230516:0811,1256283.0,552.62,34.08,10.95,4.9,0.0
20230516:0911,878202.0,390.73,42.15,12.31,5.59,0.0
20230516:1011,1143531.0,507.84,48.96,13.18,5.31,0.0
20230516:1111,1505358.0,674.01,53.52,13.33,4.28,0.0
20230516:1211,812565.0,367.23,54.81,13.5,4.28,0.0
20230516:1311,1879092.0,849.98,52.45,14.28,4.62,0.0
20230516:1411,1433079.0,643.54,47.09,14.45,4.14,0.0
20230516:1511,773118.0,351.36,39.81,14.97,4.41,0.0
20230516:1611,848988.0,385.85,31.51,15.1,4.55,0.0
20230516:1711,585765.0,291.45,22.79,14.9,4.48,0.0
20230516:1811,116748.0,91.81,14.11,13.43,3.79,0.0
20230516:1911,42012.0,31.48,5.84,13.02,2.76,0.0
20230516:2011,0.0,0.0,0.0,11.87,2.28,0.0
20230516:2111,0.0,0.0,0.0,10.73,1.72,0.0
20230516:2211,0.0,0.0,0.0,9.94,1.52,0.0
20230516:2311,0.0,0.0,0.0,8.77,1.66,0.0
20230517:0011,0.0,0.0,0.0,8.14,1.66,0.0
20230517:0111,0.0,0.0,0.0,8.2,1.45,0.0
20230517:0211,0.0,0.0,0.0,8.19,1.38,0.0
20230517:0311,0.0,0.0,0.0,8.19,1.24,0.0
20230517:0411,0.0,0.0,0.0,8.08,1.03,0.0
20230517:0511,60723.0,40.23,8.46,8.73,0.55,0.0
20230517:0611,246240.0,128.35,16.88,9.42,0.14,0.0
20230517:0711,521802.0,245.07,25.61,10.24,0.34,0.0
20230517:0811,1209249.0,552.12,34.26,11.14,0.41,0.0
20230517:0911,1459539.0,667.94,42.34,12.53,1.1,0.0
20230517:1011,1945701.0,914.6,49.16,13.6,1.38,0.0
20230517:1111,2102814.0,1006.31,53.74,14.23,1.31,0.0
20230517:1211,2073735.0,995.85,55.04,14.73,1.24,0.0
20230517:1311,1287846.0,593.23,52.67,15.16,1.52,0.0
20230517:1411,1438911.0,661.48,47.3,15.62,2.07,0.0
20230517:1511,1281204.0,583.47,40.0,15.71,2.55,0.0
20230517:1611,392499.0,189.13,31.69,15.7,3.03,0.0
20230517:1711,199530.0,104.76,22.97,15.18,3.03,0.0
20230517:1811,65880.0,43.57,14.3,14.4,2.34,0.0
20230517:1911,30186.0,25.36,6.03,13.96,2.07,0.0
20230517:2011,0.0,0.0,0.0,13.02,1.93,0.0
20230517:2111,0.0,0.0,0.0,12.02,1.86,0.0
20230517:2211,0.0,0.0,0.0,11.1,1.79,0.0
20230517:2311,0.0,0.0,0.0,10.37,1.72,0.0
20230518:0011,0.0,0.0,0.0,9.74,1.72,0.0
20230518:0111,0.0,0.0,0.0,9.4,1.66,0.0
20230518:0211,0.0,0.0,0.0,9.19,1.66,0.0
20230518:0311,0.0,0.0,0.0,8.79,1.59,0.0
20230518:0411,0.0,0.0,0.0,8.18,1.45,0.0
20230518:0511,11178.0,13.99,8.63,8.26,1.17,0.0
20230518:0611,123552.0,69.53,17.05,10.26,0.9,0.0
20230518:0711,371385.0,178.69,25.78,12.46,1.72,0.0
20230518:0811,1144908.0,517.64,34.43,13.74,2.48,0.0
20230518:0911,1665765.0,759.22,42.52,15.01,2.9,0.0
20230518:1011,1417797.0,645.76,49.36,16.16,3.38,0.0
20230518:1111,872694.0,400.26,53.96,16.96,3.72,0.0
20230518:1211,1106703.0,505.55,55.26,17.4,3.93,0.0
20230518:1311,675702.0,313.45,52.88,17.02,3.86,0.0
20230518:1411,564057.0,264.26,47.5,16.52,3.52,0.0
20230518:1511,498717.0,235.41,40.19,16.21,3.45,0.0
20230518:1611,367929.0,178.59,31.87,15.96,3.31,0.0
20230518:1711,288414.0,144.57,23.15,15.57,2.76,0.0
20230518:1811,45252.0,33.38,14.48,14.91,2.41,0.0
20230518:1911,41715.0,31.48,6.22,14.26,1.86,0.0
20230518:2011,0.0,0.0,0.0,13.29,1.79,0.0
20230518:2111,0.0,0.0,0.0,12.18,2.0,0.0
20230518:2211,0.0,0.0,0.0,11.44,2.0,0.0
20230518:2311,0.0,0.0,0.0,10.75,2.0,0.0
20230519:0011,0.0,0.0,0.0,10.05,2.0,0.0
20230519:0111,0.0,0.0,0.0,9.58,1.79,0.0
20230519:0211,0.0,0.0,0.0,9.12,1.59,0.0
20230519:0311,0.0,0.0,0.0,8.62,1.59,0.0
20230519:0411,0.0,0.0,0.0,8.26,1.52,0.0
20230519:0511,66366.0,42.85,8.8,8.39,1.45,0.0
20230519:0611,227124.0,117.29,17.22,10.14,1.45,0.0
20230519:0711,474147.0,223.56,25.94,11.76,1.66,0.0
20230519:0811,588357.0,271.57,34.6,12.73,1.79,0.0
20230519:0911,416070.0,197.78,42.7,13.51,2.41,0.0
20230519:1011,519048.0,242.73,49.56,14.19,2.69,0.0
20230519:1111,486243.0,228.07,54.17,13.87,3.03,0.0
20230519:1211,921753.0,414.86,55.48,13.37,3.93,0.0
20230519:1311,1291248.0,580.83,53.09,13.64,3.38,0.0
20230519:1411,1509705.0,684.87,47.69,14.16,2.83,0.0
20230519:1511,1519803.0,688.38,40.38,14.42,2.83,0.0
20230519:1611,1064556.0,483.35,32.05,14.61,3.31,0.0
20230519:1711,257715.0,130.21,23.33,14.61,3.38,0.0
20230519:1811,185679.0,102.74,14.66,14.08,3.17,0.0
20230519:1911,47034.0,34.1,6.41,13.42,2.14,0.0
20230519:2011,0.0,0.0,0.0,12.12,1.93,0.0
20230519:2111,0.0,0.0,0.0,10.7,1.52,0.0
20230519:2211,0.0,0.0,0.0,9.32,1.17,0.0
20230519:2311,0.0,0.0,0.0,8.71,0.97,0.0
20230520:0011,0.0,0.0,0.0,7.7,1.1,0.0
20230520:0111,0.0,0.0,0.0,7.37,1.03,0.0
20230520:0211,0.0,0.0,0.0,6.82,0.55,0.0
20230520:0311,0.0,0.0,0.0,5.68,0.34,0.0
20230520:0411,0.0,0.0,0.0,5.29,0.48,0.0
20230520:0511,52515.0,35.85,8.97,5.79,0.62,0.0
20230520:0611,246429.0,124.92,17.38,6.67,0.69,0.0
20230520:0711,761886.0,358.55,26.1,9.16,0.34,0.0
20230520:0811,1289088.0,588.46,34.76,10.96,0.55,0.0
20230520:0911,1736613.0,809.19,42.87,12.92,0.9,0.0
20230520:1011,2049894.0,971.43,49.74,14.34,1.52,0.0
20230520:1111,2240163.0,1069.71,54.37,15.32,2.14,0.0
20230520:1211,2288709.0,1095.01,55.69,15.95,2.41,0.0
20230520:1311,2200500.0,1046.56,53.3,16.33,2.48,0.0
20230520:1411,1925937.0,900.14,47.89,16.57,2.55,0.0
20230520:1511,1584873.0,729.87,40.56,16.6,2.48,0.0
20230520:1611,1110456.0,511.02,32.22,16.35,2.55,0.0
20230520:1711,584361.0,291.16,23.5,15.88,2.76,0.0
20230520:1811,139536.0,100.52,14.83,15.09,2.76,0.0
20230520:1911,46953.0,34.1,6.59,13.77,2.07,0.0
20230520:2011,0.0,0.0,0.0,12.05,2.0,0.0
20230520:2111,0.0,0.0,0.0,10.31,1.66,0.0
20230520:2211,0.0,0.0,0.0,8.86,1.03,0.0
20230520:2311,0.0,0.0,0.0,9.09,0.34,0.0
20230521:0011,0.0,0.0,0.0,8.53,0.0,0.0
20230521:0111,0.0,0.0,0.0,8.12,0.07,0.0
20230521:0211,0.0,0.0,0.0,7.84,0.48,0.0
20230521:0311,0.0,0.0,0.0,7.34,0.76,0.0
20230521:0411,0.0,0.0,0.0,7.22,0.69,0.0
20230521:0511,89478.0,53.34,9.13,6.93,0.9,0.0
20230521:0611,258471.0,155.58,17.53,8.55,0.62,0.0
20230521:0711,758484.0,361.56,26.25,11.71,0.28,0.0
20230521:0811,1243512.0,575.85,34.91,13.51,0.34,0.0
20230521:0911,1698597.0,800.76,43.04,14.69,0.69,0.0
20230521:1011,1316871.0,610.51,49.92,15.77,1.24,0.0
20230521:1111,2105001.0,1010.75,54.57,16.61,1.79,0.0
20230521:1211,2161188.0,1034.33,55.89,17.19,2.34,0.0
20230521:1311,1989819.0,938.68,53.5,17.46,2.69,0.0
20230521:1411,1872234.0,872.8,48.07,17.41,2.9,0.0
20230521:1511,1588653.0,730.17,40.73,17.07,2.9,0.0
20230521:1611,1113993.0,511.61,32.39,16.73,3.1,0.0
20230521:1711,582795.0,289.65,23.67,16.09,3.1,0.0
20230521:1811,145557.0,102.64,15.01,15.13,2.62,0.0
20230521:1911,52137.0,36.73,6.77,13.87,2.34,0.0
20230521:2011,0.0,0.0,0.0,12.04,2.34,0.0
20230521:2111,0.0,0.0,0.0,10.33,2.41,0.0
20230521:2211,0.0,0.0,0.0,9.06,2.55,0.0
20230521:2311,0.0,0.0,0.0,8.17,2.69,0.0
20230522:0011,0.0,0.0,0.0,7.63,2.76,0.0
20230522:0111,0.0,0.0,0.0,7.26,2.83,0.0
20230522:0211,0.0,0.0,0.0,7.03,2.9,0.0
20230522:0311,0.0,0.0,0.0,7.09,2.97,0.0
20230522:0411,0.0,0.87,1.56,6.89,3.1,0.0
20230522:0511,70389.0,44.6,9.28,7.73,3.03,0.0
20230522:0611,252828.0,157.89,17.68,9.54,2.69,0.0
20230522:0711,786672.0,369.07,26.4,11.91,3.1,0.0
20230522:0811,1309824.0,589.14,35.06,13.66,3.31,0.0
20230522:0911,1720710.0,782.81,43.2,15.19,3.38,0.0
20230522:1011,2073681.0,963.57,50.1,16.29,3.45,0.0
20230522:1111,2256687.0,1065.59,54.76,17.16,3.45,0.0
20230522:1211,2215620.0,1048.1,56.09,17.57,3.38,0.0
20230522:1311,2108592.0,989.51,53.7,17.65,3.52,0.0
20230522:1411,1855575.0,856.54,48.26,17.54,3.79,0.0
20230522:1511,1573884.0,714.96,40.91,17.28,4.34,0.0
20230522:1611,1098036.0,498.98,32.56,16.37,4.76,0.0
20230522:1711,562437.0,273.95,23.83,15.03,4.9,0.0
20230522:1811,199368.0,110.23,15.17,13.79,4.97,0.0
20230522:1911,50868.0,35.85,6.94,12.3,4.0,0.0
20230522:2011,0.0,0.0,0.0,11.37,3.38,0.0
20230522:2111,0.0,0.0,0.0,10.53,2.83,0.0
20230522:2211,0.0,0.0,0.0,9.82,2.48,0.0
20230522:2311,0.0,0.0,0.0,9.11,2.34,0.0
20230523:0011,0.0,0.0,0.0,8.58,2.14,0.0
20230523:0111,0.0,0.0,0.0,8.18,2.0,0.0
20230523:0211,0.0,0.0,0.0,7.65,2.07,0.0
20230523:0311,0.0,0.0,0.0,7.39,1.93,0.0
20230523:0411,0.0,0.87,1.72,7.64,1.45,0.0
20230523:0511,81270.0,49.84,9.43,8.31,0.9,0.0
20230523:0611,275454.0,143.82,17.82,9.77,0.55,0.0
20230523:0711,705510.0,332.69,26.54,11.12,0.55,0.0
20230523:0811,1030077.0,470.98,35.21,12.12,0.41,0.0
20230523:0911,1362204.0,623.32,43.35,13.09,1.1,0.0
20230523:1011,1997379.0,936.38,50.26,14.04,1.79,0.0
20230523:1111,926127.0,424.39,54.94,15.21,2.07,0.0
20230523:1211,2128734.0,1018.18,56.29,16.36,2.0,0.0
20230523:1311,1001133.0,463.06,53.89,17.02,1.79,0.0
20230523:1411,1405701.0,651.46,48.44,17.51,2.14,0.0
20230523:1511,1507167.0,694.21,41.08,18.11,2.97,0.0
20230523:1611,820017.0,379.91,32.72,17.92,3.17,0.0
20230523:1711,508518.0,249.97,24.0,17.72,3.66,0.0
20230523:1811,181899.0,111.25,15.34,16.88,3.79,0.0
20230523:1911,49977.0,35.85,7.11,15.59,3.66,0.0
20230523:2011,0.0,0.0,0.0,13.93,3.72,0.0
20230523:2111,0.0,0.0,0.0,12.73,3.66,0.0
20230523:2211,0.0,0.0,0.0,12.07,3.52,0.0
20230523:2311,0.0,0.0,0.0,11.33,3.38,0.0
20230524:0011,0.0,0.0,0.0,10.65,3.17,0.0
20230524:0111,0.0,0.0,0.0,9.87,2.9,0.0
20230524:0211,0.0,0.0,0.0,9.37,2.69,0.0
20230524:0311,0.0,0.0,0.0,8.73,2.55,0.0
20230524:0411,0.0,0.87,1.87,8.16,2.48,0.0
20230524:0511,75681.0,47.22,9.57,8.5,2.41,0.0
20230524:0611,255960.0,158.5,17.96,10.1,2.62,0.0
20230524:0711,786807.0,368.6,26.67,11.69,3.1,0.0
20230524:0811,1297377.0,583.66,35.35,12.9,2.76,0.0
20230524:0911,1704591.0,778.91,43.5,14.11,2.41,0.0
20230524:1011,1962873.0,919.61,50.43,15.15,2.07,0.0
20230524:1111,2071656.0,986.04,55.12,16.18,2.0,0.0
20230524:1211,2153196.0,1035.95,56.48,17.1,2.0,0.0
20230524:1311,2065581.0,991.01,54.07,17.82,2.0,0.0
20230524:1411,1889514.0,896.53,48.61,18.38,2.07,0.0
20230524:1511,1560789.0,728.15,41.24,18.7,2.21,0.0
20230524:1611,1098954.0,511.64,32.88,18.86,2.55,0.0
20230524:1711,462024.0,227.36,24.16,18.24,2.55,0.0
20230524:1811,111672.0,65.82,15.5,17.07,2.76,0.0
20230524:1911,3321.0,8.74,7.28,15.68,3.24,0.0
20230524:2011,0.0,0.0,0.0,14.02,2.69,0.0
20230524:2111,0.0,0.0,0.0,13.19,1.86,0.0
20230524:2211,0.0,0.0,0.0,12.84,0.97,0.0
20230524:2311,0.0,0.0,0.0,12.7,0.34,0.0
20230525:0011,0.0,0.0,0.0,12.71,0.28,0.0
20230525:0111,0.0,0.0,0.0,12.83,0.34,0.0
20230525:0211,0.0,0.0,0.0,12.53,0.55,0.0
20230525:0311,0.0,0.0,0.0,12.03,0.69,0.0
20230525:0411,0.0,0.87,2.01,11.45,0.76,0.0
20230525:0511,72792.0,46.35,9.71,10.89,0.76,0.0
20230525:0611,252963.0,158.69,18.09,12.08,0.69,0.0
20230525:0711,769905.0,367.31,26.8,13.13,1.1,0.0
20230525:0811,1258821.0,575.77,35.48,14.08,1.52,0.0
20230525:0911,1663578.0,768.69,43.64,15.0,1.79,0.0
20230525:1011,1968462.0,929.3,50.58,15.86,1.86,0.0
20230525:1111,1964196.0,929.15,55.3,16.57,2.14,0.0
20230525:1211,541620.0,256.28,56.66,17.17,2.34,0.0
20230525:1311,342090.0,168.73,54.25,17.36,2.34,0.0
20230525:1411,266274.0,135.36,48.78,17.32,2.41,0.0
20230525:1511,281178.0,141.85,41.41,17.29,2.62,0.0
20230525:1611,249966.0,127.94,33.04,17.16,3.1,0.0
20230525:1711,243108.0,124.87,24.31,16.83,3.24,0.0
20230525:1811,104058.0,62.12,15.66,16.47,2.97,0.0
20230525:1911,16227.0,17.49,7.44,15.39,3.03,0.0
20230525:2011,0.0,0.0,0.0,14.73,2.9,0.0
20230525:2111,0.0,0.0,0.0,14.18,2.83,0.0
20230525:2211,0.0,0.0,0.0,13.66,2.9,0.0
20230525:2311,0.0,0.0,0.0,13.21,2.9,0.0
20230526:0011,0.0,0.0,0.0,12.71,2.83,0.0
20230526:0111,0.0,0.0,0.0,12.34,2.83,0.0
20230526:0211,0.0,0.0,0.0,11.83,2.83,0.0
20230526:0311,0.0,0.0,0.0,11.56,2.69,0.0
20230526:0411,0.0,0.87,2.15,11.1,2.48,0.0
20230526:0511,91449.0,55.09,9.84,11.2,2.21,0.0
20230526:0611,264546.0,157.77,18.21,11.85,2.34,0.0
20230526:0711,749817.0,354.04,26.92,13.09,2.34,0.0
20230526:0811,1279530.0,580.53,35.6,14.24,2.48,0.0
20230526:0911,1669491.0,765.52,43.77,15.22,2.48,0.0
20230526:1011,1959822.0,919.51,50.73,16.51,2.41,0.0
20230526:1111,2177415.0,1034.67,55.46,17.05,2.69,0.0
20230526:1211,2135970.0,1009.92,56.84,17.4,3.03,0.0
20230526:1311,1789803.0,834.73,54.43,17.64,2.97,0.0
20230526:1411,1780623.0,827.99,48.95,17.79,2.97,0.0
20230526:1511,1266651.0,584.28,41.56,17.94,2.34,0.0
20230526:1611,471609.0,226.25,33.19,17.94,2.14,0.0
20230526:1711,399708.0,197.11,24.46,17.92,2.07,0.0
20230526:1811,199908.0,110.4,15.81,17.51,1.79,0.0
20230526:1911,27972.0,24.48,7.6,17.75,2.14,0.0
20230526:2011,0.0,0.0,0.0,16.5,2.83,0.0
20230526:2111,0.0,0.0,0.0,14.97,3.38,0.0
20230526:2211,0.0,0.0,0.0,13.54,3.52,0.0
20230526:2311,0.0,0.0,0.0,12.47,3.31,0.0
20230527:0011,0.0,0.0,0.0,11.67,3.03,0.0
20230527:0111,0.0,0.0,0.0,11.16,2.9,0.0
20230527:0211,0.0,0.0,0.0,10.38,2.83,0.0
20230527:0311,0.0,0.0,0.0,10.02,2.62,0.0
20230527:0411,0.0,1.75,2.28,9.9,2.41,0.0
20230527:0511,97659.0,57.71,9.96,10.16,2.21,0.0
20230527:0611,286659.0,151.04,18.33,11.17,2.28,0.0
20230527:0711,745821.0,351.71,27.04,13.44,2.9,0.0
20230527:0811,1263006.0,569.63,35.72,14.48,3.38,0.0
20230527:0911,1671975.0,759.02,43.9,15.53,3.59,0.0
20230527:1011,1925316.0,889.75,50.87,16.95,3.66,0.0
20230527:1111,1691442.0,782.83,55.62,17.99,3.59,0.0
20230527:1211,1289952.0,594.69,57.01,18.89,3.66,0.0
20230527:1311,679779.0,318.65,54.6,19.15,3.59,0.0
20230527:1411,1233900.0,569.14,49.11,19.2,3.38,0.0
20230527:1511,964332.0,445.63,41.72,19.13,3.1,0.0
20230527:1611,723762.0,338.52,33.34,18.96,3.1,0.0
20230527:1711,552312.0,274.2,24.61,18.61,2.76,0.0
20230527:1811,204012.0,113.67,15.96,18.16,2.34,0.0
20230527:1911,51111.0,36.73,7.75,17.59,2.48,0.0
20230527:2011,0.0,0.0,0.0,16.04,2.55,0.0
20230527:2111,0.0,0.0,0.0,14.61,2.76,0.0
20230527:2211,0.0,0.0,0.0,13.74,2.9,0.0
20230527:2311,0.0,0.0,0.0,13.08,2.97,0.0
20230528:0011,0.0,0.0,0.0,12.25,3.03,0.0
20230528:0111,0.0,0.0,0.0,11.4,3.03,0.0
20230528:0211,0.0,0.0,0.0,10.75,3.03,0.0
20230528:0311,0.0,0.0,0.0,10.25,3.17,0.0
20230528:0411,0.0,0.87,2.41,9.8,3.45,0.0
20230528:0511,60399.0,40.23,10.08,10.15,3.52,0.0
20230528:0611,264249.0,134.57,18.44,10.92,3.52,0.0
20230528:0711,490401.0,229.52,27.15,12.46,4.07,0.0
20230528:0811,747765.0,338.06,35.84,13.02,4.14,0.0
20230528:0911,814725.0,367.57,44.02,13.7,4.41,0.0
20230528:1011,387747.0,185.42,51.01,14.13,4.28,0.0
20230528:1111,389070.0,186.35,55.77,14.52,4.14,0.0
20230528:1211,689877.0,315.28,57.17,14.05,4.21,0.0
20230528:1311,833220.0,377.23,54.76,14.08,4.21,0.0
20230528:1411,899397.0,405.32,49.27,13.8,4.0,0.0
20230528:1511,286875.0,141.85,41.87,13.61,3.86,0.0
20230528:1611,274698.0,136.28,33.49,13.12,4.07,0.0
20230528:1711,242595.0,122.23,24.76,12.54,4.07,0.0
20230528:1811,94311.0,56.55,16.11,12.13,3.72,0.0
20230528:1911,70686.0,45.47,7.9,12.01,2.97,0.0
20230528:2011,0.0,0.0,0.0,11.1,2.62,0.0
20230528:2111,0.0,0.0,0.0,10.1,2.28,0.0
20230528:2211,0.0,0.0,0.0,9.13,1.79,0.0
20230528:2311,0.0,0.0,0.0,8.22,1.59,0.0
20230529:0011,0.0,0.0,0.0,7.12,1.93,0.0
20230529:0111,0.0,0.0,0.0,6.28,2.14,0.0
20230529:0211,0.0,0.0,0.0,5.83,2.14,0.0
20230529:0311,0.0,0.0,0.0,5.67,2.14,0.0
20230529:0411,1512.0,7.0,2.53,5.81,2.14,0.0
20230529:0511,101466.0,58.59,10.19,6.41,2.14,0.0
20230529:0611,280341.0,162.82,18.55,8.49,2.34,0.0
20230529:0711,790236.0,366.49,27.26,10.1,3.24,0.0
20230529:0811,1093581.0,485.5,35.94,11.32,3.72,0.0
20230529:0911,1400544.0,623.56,44.13,12.18,3.59,0.0
20230529:1011,1700622.0,767.25,51.14,12.94,3.45,0.0
20230529:1111,2187378.0,1012.66,55.92,13.79,3.31,0.0
20230529:1211,2178171.0,1016.56,57.33,14.45,3.03,0.0
20230529:1311,2112237.0,987.31,54.92,15.05,2.83,0.0
20230529:1411,1918620.0,890.09,49.42,15.4,2.62,0.0
20230529:1511,1603287.0,734.75,42.01,15.65,2.55,0.0
20230529:1611,1151658.0,527.98,33.63,15.66,2.55,0.0
20230529:1711,615627.0,303.39,24.9,15.36,2.69,0.0
20230529:1811,165213.0,113.59,16.25,14.73,2.76,0.0
20230529:1911,64692.0,42.85,8.05,13.5,2.48,0.0
20230529:2011,0.0,0.0,0.0,11.82,2.21,0.0
20230529:2111,0.0,0.0,0.0,10.27,1.72,0.0
20230529:2211,0.0,0.0,0.0,8.95,0.97,0.0
20230529:2311,0.0,0.0,0.0,7.33,1.45,0.0
20230530:0011,0.0,0.0,0.0,6.26,1.93,0.0
20230530:0111,0.0,0.0,0.0,5.64,2.07,0.0
20230530:0211,0.0,0.0,0.0,5.4,2.21,0.0
20230530:0311,0.0,0.0,0.0,5.37,2.41,0.0
20230530:0411,0.0,1.75,2.65,5.77,2.41,0.0
20230530:0511,21600.0,20.11,10.3,7.57,2.07,0.0
20230530:0611,138510.0,76.02,18.65,10.06,2.34,0.0
20230530:0711,255231.0,127.01,27.35,11.46,4.14,0.0
20230530:0811,365580.0,174.44,36.04,12.17,4.21,0.0
20230530:0911,456516.0,213.5,44.24,12.54,4.0,0.0
20230530:1011,545049.0,251.93,51.26,13.02,3.79,0.0
20230530:1111,839754.0,379.62,56.06,13.5,3.86,0.0
20230530:1211,1421685.0,639.58,57.48,14.05,4.07,0.0
20230530:1311,1774872.0,803.76,55.07,14.41,4.28,0.0
20230530:1411,1749114.0,789.31,49.57,14.52,4.34,0.0
20230530:1511,1591947.0,712.33,42.15,14.11,4.34,0.0
20230530:1611,1133838.0,510.55,33.77,14.22,4.34,0.0
20230530:1711,616815.0,298.91,25.03,13.74,4.21,0.0
20230530:1811,163998.0,113.87,16.39,13.1,4.14,0.0
20230530:1911,65097.0,42.85,8.19,12.32,3.24,0.0
20230530:2011,0.0,0.0,0.0,11.21,2.69,0.0
20230530:2111,0.0,0.0,0.0,10.0,2.34,0.0
20230530:2211,0.0,0.0,0.0,9.48,2.28,0.0
20230530:2311,0.0,0.0,0.0,9.52,2.41,0.0
20230531:0011,0.0,0.0,0.0,9.78,2.62,0.0
20230531:0111,0.0,0.0,0.0,9.89,2.76,0.0
20230531:0211,0.0,0.0,0.0,9.83,2.76,0.0
20230531:0311,0.0,0.0,0.0,9.8,2.76,0.0
20230531:0411,0.0,1.75,2.75,9.8,2.83,0.0
20230531:0511,29268.0,24.48,10.4,9.89,3.03,0.0
20230531:0611,132354.0,73.24,18.75,10.16,3.79,0.0
20230531:0711,254556.0,126.09,27.45,10.19,3.93,0.0
20230531:0811,334665.0,160.39,36.14,10.71,3.86,0.0
20230531:0911,583659.0,266.48,44.35,11.52,3.86,0.0
20230531:1011,599049.0,273.95,51.38,12.19,3.93,0.0
20230531:1111,836109.0,377.28,56.19,12.99,3.79,0.0
20230531:1211,874530.0,395.01,57.63,13.46,3.72,0.0
20230531:1311,840618.0,381.13,55.22,14.06,3.72,0.0
20230531:1411,1254366.0,563.99,49.71,14.3,3.79,0.0
20230531:1511,1522881.0,683.83,42.29,14.2,3.86,0.0
20230531:1611,1038177.0,468.16,33.9,13.89,3.86,0.0
20230531:1711,504468.0,240.21,25.17,13.49,3.93,0.0
20230531:1811,132732.0,74.17,16.53,12.77,3.93,0.0
20230531:1911,24246.0,21.86,8.33,11.29,3.52,0.0
20230531:2011,0.0,0.0,0.0,10.48,3.03,0.0
20230531:2111,0.0,0.0,0.0,9.91,2.97,0.0
20230531:2211,0.0,0.0,0.0,9.49,2.9,0.0
20230531:2311,0.0,0.0,0.0,9.27,2.76,0.0
20230601:0011,0.0,0.0,0.0,9.21,2.9,0.0
20230601:0111,0.0,0.0,0.0,9.1,2.69,0.0
20230601:0211,0.0,0.0,0.0,9.12,2.48,0.0
20230601:0311,0.0,0.0,0.0,9.09,2.48,0.0
20230601:0411,0.0,1.75,2.85,8.95,2.55,0.0
20230601:0511,32670.0,26.23,10.49,9.19,2.97,0.0
20230601:0611,107649.0,62.12,18.83,9.86,3.66,0.0
20230601:0711,229851.0,115.89,27.53,10.85,3.79,0.0
20230601:0811,252747.0,126.09,36.23,11.67,4.0,0.0
20230601:0911,393282.0,186.35,44.44,12.33,4.28,0.0
20230601:1011,425709.0,200.25,51.49,12.61,4.62,0.0
20230601:1111,499068.0,231.78,56.32,13.05,4.97,0.0
20230601:1211,457488.0,214.16,57.77,13.19,5.03,0.0
20230601:1311,318600.0,154.83,55.36,12.97,5.03,0.0
20230601:1411,338040.0,163.17,49.85,13.04,5.03,0.0
20230601:1511,716094.0,323.76,42.42,13.13,5.1,0.0
20230601:1611,295326.0,144.63,34.03,12.52,4.97,0.0
20230601:1711,183897.0,96.42,25.3,11.98,4.97,0.0
20230601:1811,90693.0,54.7,16.66,11.4,4.83,0.0
20230601:1911,12366.0,14.87,8.46,10.91,4.62,0.0
20230601:2011,0.0,0.0,0.0,10.49,4.0,0.0
20230601:2111,0.0,0.0,0.0,10.04,3.79,0.0
20230601:2211,0.0,0.0,0.0,9.77,3.86,0.0
20230601:2311,0.0,0.0,0.0,9.46,3.79,0.0
20230602:0011,0.0,0.0,0.0,9.09,3.52,0.0
20230602:0111,0.0,0.0,0.0,8.88,3.31,0.0
20230602:0211,0.0,0.0,0.0,8.79,3.17,0.0
20230602:0311,0.0,0.0,0.0,8.73,3.03,0.0
20230602:0411,0.0,1.75,2.95,8.68,2.9,0.0
20230602:0511,90720.0,54.22,10.58,8.8,2.9,0.0
20230602:0611,298053.0,150.95,18.92,9.2,3.59,0.0
20230602:0711,697545.0,319.87,27.61,10.03,4.21,0.0
20230602:0811,1312497.0,579.44,36.31,10.97,4.28,0.0
20230602:0911,1761345.0,783.03,44.53,12.04,4.34,0.0
20230602:1011,2102139.0,949.8,51.59,12.92,4.48,0.0
20230602:1111,2325996.0,1067.47,56.44,13.74,4.48,0.0
20230602:1211,2317140.0,1069.82,57.9,14.34,4.28,0.0
20230602:1311,2212839.0,1019.77,55.5,14.78,4.14,0.0
20230602:1411,2017089.0,920.78,49.98,14.98,4.14,0.0
20230602:1511,1668411.0,752.25,42.55,14.93,4.07,0.0
20230602:1611,1195182.0,540.03,34.16,14.6,4.0,0.0
20230602:1711,648756.0,316.82,25.42,14.03,3.86,0.0
20230602:1811,203850.0,124.78,16.78,13.2,3.52,0.0
20230602:1911,59805.0,40.23,8.59,11.91,2.69,0.0
20230602:2011,0.0,0.0,0.0,10.56,2.28,0.0
20230602:2111,0.0,0.0,0.0,9.09,2.07,0.0
20230602:2211,0.0,0.0,0.0,8.12,1.86,0.0
20230602:2311,0.0,0.0,0.0,7.19,1.72,0.0
20230603:0011,0.0,0.0,0.0,6.24,1.79,0.0
20230603:0111,0.0,0.0,0.0,5.52,1.93,0.0
20230603:0211,0.0,0.0,0.0,5.02,1.93,0.0
20230603:0311,0.0,0.0,0.0,4.78,1.93,0.0
20230603:0411,0.0,5.25,3.04,4.51,2.07,0.0
20230603:0511,90288.0,53.34,10.66,5.35,1.72,0.0
20230603:0611,269460.0,165.56,18.99,8.63,1.72,0.0
20230603:0711,810189.0,377.74,27.69,9.91,2.28,0.0
20230603:0811,1309905.0,586.38,36.39,11.18,2.41,0.0
20230603:0911,1737477.0,787.57,44.62,12.57,2.55,0.0
20230603:1011,2027268.0,934.75,51.69,13.87,2.9,0.0
20230603:1111,2257146.0,1057.12,56.55,14.93,3.17,0.0
20230603:1211,2288385.0,1077.4,58.03,15.64,3.24,0.0
20230603:1311,2163942.0,1015.86,55.63,16.15,3.1,0.0
20230603:1411,1970568.0,917.12,50.11,16.44,2.97,0.0
20230603:1511,1616436.0,742.12,42.67,16.51,2.83,0.0
20230603:1611,1175283.0,539.34,34.28,16.32,2.83,0.0
20230603:1711,639009.0,314.69,25.54,15.77,3.1,0.0
20230603:1811,174825.0,119.59,16.9,14.78,3.24,0.0
20230603:1911,75654.0,48.1,8.72,13.35,2.76,0.0
20230603:2011,0.0,0.0,0.0,11.61,2.21,0.0
20230603:2111,0.0,0.0,0.0,10.03,2.0,0.0
20230603:2211,0.0,0.0,0.0,8.83,1.86,0.0
20230603:2311,0.0,0.0,0.0,7.75,1.79,0.0
20230604:0011,0.0,0.0,0.0,6.73,1.86,0.0
20230604:0111,0.0,0.0,0.0,6.02,1.93,0.0
20230604:0211,0.0,0.0,0.0,5.55,2.07,0.0
20230604:0311,0.0,0.0,0.0,5.27,2.14,0.0
20230604:0411,7344.0,11.37,3.12,5.11,2.14,0.0
20230604:0511,88047.0,52.47,10.74,6.05,1.79,0.0
20230604:0611,269190.0,164.7,19.06,9.0,1.79,0.0
20230604:0711,790992.0,368.58,27.76,10.97,3.17,0.0
20230604:0811,923832.0,413.24,36.46,11.52,3.1,0.0
20230604:0911,718686.0,325.67,44.69,12.27,3.17,0.0
20230604:1011,415098.0,196.55,51.78,13.0,3.31,0.0
20230604:1111,527958.0,245.68,56.66,13.63,3.24,0.0
20230604:1211,589545.0,273.32,58.15,14.52,3.24,0.0
20230604:1311,568755.0,264.94,55.76,15.08,3.24,0.0
20230604:1411,886545.0,404.22,50.23,15.45,3.24,0.0
20230604:1511,1038609.0,471.54,42.79,15.71,3.24,0.0
20230604:1611,954612.0,435.58,34.39,15.64,3.31,0.0
20230604:1711,618327.0,300.43,25.66,15.11,3.38,0.0
20230604:1811,178281.0,120.84,17.02,14.25,3.38,0.0
20230604:1911,72225.0,46.35,8.84,12.79,3.03,0.0
20230604:2011,0.0,0.0,0.0,11.39,2.48,0.0
20230604:2111,0.0,0.0,0.0,10.0,2.07,0.0
20230604:2211,0.0,0.0,0.0,9.56,1.79,0.0
20230604:2311,0.0,0.0,0.0,8.82,1.79,0.0
20230605:0011,0.0,0.0,0.0,8.31,1.59,0.0
20230605:0111,0.0,0.0,0.0,8.14,1.52,0.0
20230605:0211,0.0,0.0,0.0,8.39,1.52,0.0
20230605:0311,0.0,0.0,0.0,8.6,1.79,0.0
20230605:0411,0.0,1.75,3.2,8.88,2.07,0.0
20230605:0511,53433.0,36.73,10.81,9.24,2.62,0.0
20230605:0611,284796.0,143.08,19.13,9.57,3.38,0.0
20230605:0711,583713.0,268.9,27.82,10.38,3.45,0.0
20230605:0811,1249317.0,554.61,36.52,11.1,3.45,0.0
20230605:0911,1716822.0,768.55,44.77,11.97,3.38,0.0
20230605:1011,1963845.0,892.89,51.86,12.92,3.45,0.0
20230605:1111,2233980.0,1032.53,56.76,13.62,3.52,0.0
20230605:1211,2253015.0,1046.16,58.27,14.35,3.59,0.0
20230605:1311,2159541.0,997.66,55.88,14.76,3.72,0.0
20230605:1411,1980882.0,907.28,50.35,15.06,3.72,0.0
20230605:1511,1647486.0,743.48,42.91,14.87,3.86,0.0
20230605:1611,1198206.0,540.94,34.51,14.49,4.0,0.0
20230605:1711,655317.0,318.46,25.77,13.91,4.14,0.0
20230605:1811,171612.0,120.05,17.13,12.98,4.14,0.0
20230605:1911,66987.0,43.72,8.95,12.23,3.72,0.0
20230605:2011,0.0,0.87,1.56,11.03,3.03,0.0
20230605:2111,0.0,0.0,0.0,10.16,2.69,0.0
20230605:2211,0.0,0.0,0.0,9.69,2.41,0.0
20230605:2311,0.0,0.0,0.0,9.61,2.21,0.0
20230606:0011,0.0,0.0,0.0,9.32,1.86,0.0
20230606:0111,0.0,0.0,0.0,9.35,2.0,0.0
20230606:0211,0.0,0.0,0.0,9.3,2.21,0.0
20230606:0311,0.0,0.0,0.0,9.33,2.28,0.0
20230606:0411,0.0,1.75,3.27,9.26,2.28,0.0
20230606:0511,21357.0,20.11,10.87,9.5,2.97,0.0
20230606:0611,101520.0,59.33,19.19,9.77,3.17,0.0
20230606:0711,0.0,0.0,0.0,10.07,2.97,0.0
20230606:0811,340686.0,163.17,36.58,10.75,3.1,0.0
20230606:0911,381294.0,180.79,44.83,11.31,3.24,0.0
20230606:1011,290952.0,142.77,51.94,12.05,3.31,0.0
20230606:1111,576558.0,265.51,56.85,12.76,3.38,0.0
20230606:1211,673488.0,307.85,58.37,13.3,3.52,0.0
20230606:1311,917325.0,414.37,55.99,13.73,3.59,0.0
20230606:1411,889893.0,402.4,50.46,13.99,3.59,0.0
20230606:1511,864243.0,390.89,43.02,13.99,3.45,0.0
20230606:1611,708426.0,323.63,34.61,13.79,3.31,0.0
20230606:1711,392823.0,188.66,25.88,13.43,3.24,0.0
20230606:1811,114156.0,65.82,17.24,12.76,3.1,0.0
20230606:1911,13716.0,15.74,9.06,11.69,3.17,0.0
20230606:2011,0.0,0.87,1.67,11.08,2.97,0.0
20230606:2111,0.0,0.0,0.0,10.67,2.62,0.0
20230606:2211,0.0,0.0,0.0,10.25,2.14,0.0
20230606:2311,0.0,0.0,0.0,9.97,1.93,0.0
20230607:0011,0.0,0.0,0.0,9.73,1.72,0.0
20230607:0111,0.0,0.0,0.0,9.32,1.59,0.0
20230607:0211,0.0,0.0,0.0,9.29,1.45,0.0
20230607:0311,0.0,0.0,0.0,8.86,1.59,0.0
20230607:0411,0.0,2.62,3.33,8.69,1.72,0.0
20230607:0511,18333.0,18.36,10.93,9.14,1.66,0.0
20230607:0611,123876.0,69.53,19.24,10.1,2.21,0.0
20230607:0711,240921.0,120.52,27.93,10.32,2.76,0.0
20230607:0811,349272.0,166.88,36.63,10.78,2.97,0.0
20230607:0911,391959.0,185.42,44.89,11.35,3.03,0.0
20230607:1011,429975.0,202.11,52.01,11.98,3.1,0.0
20230607:1111,444150.0,208.6,56.94,12.54,3.24,0.0
20230607:1211,643248.0,295.02,58.47,13.31,3.31,0.0
20230607:1311,809541.0,368.13,56.1,13.91,3.24,0.0
20230607:1411,964359.0,436.96,50.57,14.42,3.1,0.0
20230607:1511,1357884.0,613.63,43.12,14.5,3.03,0.0
20230607:1611,867105.0,394.23,34.72,14.29,3.17,0.0
20230607:1711,607068.0,290.33,25.98,13.75,3.52,0.0
20230607:1811,244647.0,132.77,17.35,12.94,3.79,0.0
20230607:1911,80217.0,49.84,9.17,11.35,3.66,0.0
20230607:2011,0.0,0.87,1.78,10.34,3.03,0.0
20230607:2111,0.0,0.0,0.0,9.74,2.69,0.0
20230607:2211,0.0,0.0,0.0,9.14,2.21,0.0
20230607:2311,0.0,0.0,0.0,8.8,2.0,0.0
20230608:0011,0.0,0.0,0.0,9.12,2.0,0.0
20230608:0111,0.0,0.0,0.0,9.09,2.28,0.0
20230608:0211,0.0,0.0,0.0,8.9,2.07,0.0
20230608:0311,0.0,0.0,0.0,8.91,2.07,0.0
20230608:0411,0.0,2.62,3.39,8.93,2.21,0.0
20230608:0511,27783.0,23.61,10.98,9.03,2.69,0.0
20230608:0611,145368.0,78.8,19.29,9.47,3.38,0.0
20230608:0711,267786.0,131.65,27.98,9.86,3.24,0.0
20230608:0811,547857.0,250.55,36.68,10.61,3.38,0.0
20230608:0911,707319.0,318.73,44.94,11.07,3.52,0.0
20230608:1011,691929.0,313.38,52.07,11.87,3.72,0.0
20230608:1111,1151334.0,514.74,57.02,12.75,3.93,0.0
20230608:1211,1727514.0,781.47,58.57,13.69,4.0,0.0
20230608:1311,1678590.0,758.67,56.2,14.06,4.07,0.0
20230608:1411,1843641.0,834.76,50.67,14.39,4.21,0.0
20230608:1511,1658178.0,744.23,43.22,14.34,4.28,0.0
20230608:1611,1203255.0,540.63,34.82,14.07,4.48,0.0
20230608:1711,648162.0,310.72,26.08,13.35,4.48,0.0
20230608:1811,202797.0,129.0,17.45,12.53,4.28,0.0
20230608:1911,32265.0,26.23,9.27,11.52,4.0,0.0
20230608:2011,0.0,0.87,1.88,10.56,3.31,0.0
20230608:2111,0.0,0.0,0.0,9.83,2.83,0.0
20230608:2211,0.0,0.0,0.0,9.34,2.62,0.0
20230608:2311,0.0,0.0,0.0,8.77,2.34,0.0
20230609:0011,0.0,0.0,0.0,8.02,2.21,0.0
20230609:0111,0.0,0.0,0.0,7.69,2.14,0.0
20230609:0211,0.0,0.0,0.0,7.49,2.07,0.0
20230609:0311,0.0,0.0,0.0,7.41,2.14,0.0
20230609:0411,0.0,2.62,3.44,7.24,2.14,0.0
20230609:0511,46575.0,33.23,11.03,8.24,1.86,0.0
20230609:0611,188676.0,98.16,19.33,10.01,3.52,0.0
20230609:0711,417933.0,195.97,28.01,10.25,3.59,0.0
20230609:0811,965385.0,430.16,36.72,11.27,3.45,0.0
20230609:0911,1567269.0,699.8,44.99,12.4,3.59,0.0
20230609:1011,1940247.0,881.52,52.13,13.61,3.72,0.0
20230609:1111,2181465.0,1007.88,57.09,14.91,3.86,0.0
20230609:1211,2227230.0,1034.34,58.66,15.82,4.07,0.0
20230609:1311,2145744.0,992.73,56.3,16.44,4.28,0.0
20230609:1411,1745577.0,796.54,50.77,16.65,4.28,0.0
20230609:1511,1582335.0,716.6,43.32,16.62,4.34,0.0
20230609:1611,1155006.0,524.95,34.91,16.32,4.28,0.0
20230609:1711,643086.0,313.25,26.18,15.73,4.14,0.0
20230609:1811,189432.0,125.8,17.54,14.81,4.0,0.0
20230609:1911,85023.0,52.47,9.36,13.18,3.38,0.0
20230609:2011,0.0,0.87,1.97,11.99,2.76,0.0
20230609:2111,0.0,0.0,0.0,10.66,2.41,0.0
20230609:2211,0.0,0.0,0.0,9.78,2.28,0.0
20230609:2311,0.0,0.0,0.0,9.2,2.21,0.0
20230610:0011,0.0,0.0,0.0,8.81,2.28,0.0
20230610:0111,0.0,0.0,0.0,8.72,2.34,0.0
20230610:0211,0.0,0.0,0.0,8.66,2.41,0.0
20230610:0311,0.0,0.0,0.0,8.66,2.48,0.0
20230610:0411,2457.0,7.87,3.49,8.74,2.55,0.0
20230610:0511,105543.0,61.21,11.07,9.78,2.34,0.0
20230610:0611,271809.0,162.78,19.36,11.95,2.62,0.0
20230610:0711,768798.0,363.65,28.05,13.61,3.03,0.0
20230610:0811,1259496.0,571.53,36.76,15.57,3.31,0.0
20230610:0911,1656234.0,760.42,45.03,17.45,3.38,0.0
20230610:1011,1968084.0,923.33,52.18,19.26,3.52,0.0
20230610:1111,2150658.0,1027.66,57.16,20.81,3.59,0.0
20230610:1211,2150550.0,1031.27,58.74,22.14,3.93,0.0
20230610:1311,2064069.0,984.6,56.38,23.14,4.41,0.0
20230610:1411,1876041.0,885.01,50.86,23.62,4.83,0.0
20230610:1511,1560222.0,726.58,43.41,23.54,5.17,0.0
20230610:1611,1127034.0,526.32,35.0,22.88,5.17,0.0
20230610:1711,627291.0,314.07,26.26,21.84,5.03,0.0
20230610:1811,174204.0,124.43,17.63,20.47,4.48,0.0
20230610:1911,79083.0,50.72,9.45,18.59,3.79,0.0
20230610:2011,0.0,2.62,2.07,16.74,3.38,0.0
20230610:2111,0.0,0.0,0.0,15.06,2.83,0.0
20230610:2211,0.0,0.0,0.0,13.84,2.41,0.0
20230610:2311,0.0,0.0,0.0,12.96,2.07,0.0
20230611:0011,0.0,0.0,0.0,12.02,1.86,0.0
20230611:0111,0.0,0.0,0.0,10.96,1.59,0.0
20230611:0211,0.0,0.0,0.0,10.27,1.59,0.0
20230611:0311,0.0,0.0,0.0,9.96,1.45,0.0
20230611:0411,0.0,2.62,3.53,9.73,1.45,0.0
20230611:0511,19656.0,19.24,11.1,10.86,1.03,0.0
20230611:0611,129654.0,73.24,19.39,13.61,0.9,0.0
20230611:0711,539703.0,257.35,28.08,15.6,1.52,0.0
20230611:0811,1074249.0,497.73,36.79,17.22,1.59,0.0
20230611:0911,1061937.0,495.24,45.07,18.91,1.59,0.0
20230611:1011,1531926.0,728.1,52.23,20.49,1.72,0.0
20230611:1111,1926855.0,937.61,57.22,21.99,2.07,0.0
20230611:1211,1914057.0,930.61,58.81,23.22,2.55,0.0
20230611:1311,1984932.0,966.42,56.47,24.3,2.97,0.0
20230611:1411,1805787.0,870.03,50.95,24.94,3.17,0.0
20230611:1511,1490400.0,710.42,43.5,25.39,3.17,0.0
20230611:1611,1070442.0,511.73,35.09,25.43,3.1,0.0
20230611:1711,130383.0,76.95,26.35,25.13,2.69,0.0
20230611:1811,20034.0,20.4,17.72,24.32,2.34,0.0
20230611:1911,4185.0,9.62,9.54,22.48,2.21,0.0
20230611:2011,0.0,0.87,2.15,20.48,2.07,0.0
20230611:2111,0.0,0.0,0.0,18.46,2.07,0.0
20230611:2211,0.0,0.0,0.0,16.96,1.86,0.0
20230611:2311,0.0,0.0,0.0,15.8,1.79,0.0
20230612:0011,0.0,0.0,0.0,14.72,1.72,0.0
20230612:0111,0.0,0.0,0.0,13.86,1.72,0.0
20230612:0211,0.0,0.0,0.0,13.19,1.79,0.0
20230612:0311,0.0,0.0,0.0,12.69,2.0,0.0
20230612:0411,459.0,6.12,3.56,12.42,2.14,0.0
20230612:0511,98010.0,58.59,11.13,13.21,1.79,0.0
20230612:0611,258579.0,160.8,19.42,15.86,1.86,0.0
20230612:0711,745389.0,362.17,28.1,18.21,2.21,0.0
20230612:0811,1222344.0,569.97,36.81,20.16,2.62,0.0
20230612:0911,0.0,0.0,0.0,21.82,3.17,0.0
20230612:1011,1637442.0,774.42,52.26,23.01,3.59,0.0
20230612:1111,2066418.0,998.57,57.27,23.85,3.66,0.0
20230612:1211,2070954.0,1006.96,58.88,24.46,3.52,0.0
20230612:1311,1707426.0,820.65,56.54,24.87,3.38,0.0
20230612:1411,1824471.0,876.73,51.03,24.91,3.45,0.0
20230612:1511,1509894.0,715.63,43.58,24.81,3.52,0.0
20230612:1611,1099008.0,521.92,35.17,24.63,3.52,0.0
20230612:1711,619218.0,314.8,26.43,24.17,3.72,0.0
20230612:1811,190215.0,128.19,17.8,23.1,3.66,0.0
20230612:1911,90180.0,56.84,9.62,21.97,3.1,0.0
20230612:2011,0.0,0.87,2.23,20.38,3.03,0.0
20230612:2111,0.0,0.0,0.0,18.89,2.76,0.0
20230612:2211,0.0,0.0,0.0,18.08,2.55,0.0
20230612:2311,0.0,0.0,0.0,17.33,2.14,0.0
20230613:0011,0.0,0.0,0.0,16.33,1.86,0.0
20230613:0111,0.0,0.0,0.0,15.27,1.93,0.0
20230613:0211,0.0,0.0,0.0,14.22,1.79,0.0
20230613:0311,0.0,0.0,0.0,13.18,1.79,0.0
20230613:0411,3429.0,8.74,3.59,12.5,2.07,0.0
20230613:0511,90585.0,55.09,11.15,13.03,1.93,0.0
20230613:0611,266679.0,163.22,19.44,15.45,2.14,0.0
20230613:0711,761832.0,367.18,28.12,17.3,2.97,0.0
20230613:0811,1261791.0,581.24,36.83,18.98,3.59,0.0
20230613:0911,1676862.0,777.32,45.12,20.43,4.07,0.0
20230613:1011,1961469.0,923.08,52.3,21.58,4.34,0.0
20230613:1111,2082969.0,992.67,57.32,22.53,4.34,0.0
20230613:1211,2118231.0,1019.08,58.94,23.26,4.07,0.0
20230613:1311,2043495.0,985.77,56.62,23.85,3.72,0.0
20230613:1411,1843614.0,882.73,51.1,24.27,3.59,0.0
20230613:1511,1542618.0,730.63,43.65,24.41,3.52,0.0
20230613:1611,1112967.0,527.81,35.24,24.21,3.45,0.0
20230613:1711,634392.0,322.16,26.51,23.76,3.24,0.0
20230613:1811,182763.0,128.6,17.87,22.85,2.97,0.0
20230613:1911,67500.0,45.47,9.7,20.8,3.03,0.0
20230613:2011,0.0,1.75,2.31,18.81,2.55,0.0
20230613:2111,0.0,0.0,0.0,16.93,2.21,0.0
20230613:2211,0.0,0.0,0.0,15.42,2.0,0.0
20230613:2311,0.0,0.0,0.0,13.87,1.86,0.0
20230614:0011,0.0,0.0,0.0,12.45,1.93,0.0
20230614:0111,0.0,0.0,0.0,11.25,1.86,0.0
20230614:0211,0.0,0.0,0.0,10.48,1.72,0.0
20230614:0311,0.0,0.0,0.0,9.69,1.86,0.0
20230614:0411,16875.0,17.49,3.61,8.92,2.07,0.0
20230614:0511,78840.0,48.97,11.17,9.89,1.93,0.0
20230614:0611,259119.0,165.53,19.45,13.58,1.93,0.0
20230614:0711,788643.0,378.19,28.13,16.22,3.17,0.0
20230614:0811,1294893.0,592.53,36.84,17.84,3.86,0.0
20230614:0911,1682127.0,774.01,45.13,19.17,4.28,0.0
20230614:1011,2001537.0,935.08,52.32,20.31,4.62,0.0
20230614:1111,2191779.0,1034.67,57.36,21.2,5.03,0.0
20230614:1211,2223234.0,1051.25,58.99,21.75,5.38,0.0
20230614:1311,2132460.0,1004.53,56.68,22.02,5.45,0.0
20230614:1411,1947429.0,910.8,51.17,22.04,5.24,0.0
20230614:1511,1619406.0,750.1,43.72,21.83,4.97,0.0
20230614:1611,1231227.0,571.7,35.31,21.34,4.83,0.0
20230614:1711,689202.0,344.65,26.58,20.55,4.55,0.0
20230614:1811,174096.0,128.92,17.94,19.52,4.07,0.0
20230614:1911,66798.0,44.6,9.77,17.81,3.31,0.0
20230614:2011,0.0,1.75,2.38,16.2,2.83,0.0
20230614:2111,0.0,0.0,0.0,14.49,2.34,0.0
20230614:2211,0.0,0.0,0.0,13.31,2.0,0.0
20230614:2311,0.0,0.0,0.0,12.32,1.79,0.0
20230615:0011,0.0,0.0,0.0,11.31,1.79,0.0
20230615:0111,0.0,0.0,0.0,10.48,1.72,0.0
20230615:0211,0.0,0.0,0.0,9.79,1.79,0.0
20230615:0311,0.0,0.0,0.0,9.22,1.79,0.0
20230615:0411,15390.0,16.61,3.63,8.85,1.79,0.0
20230615:0511,88101.0,53.34,11.18,10.09,1.24,0.0
20230615:0611,259146.0,162.67,19.46,13.27,1.17,0.0
20230615:0711,768339.0,370.21,28.13,15.27,1.45,0.0
20230615:0811,1253583.0,582.0,36.85,17.09,1.59,0.0
20230615:0911,1632069.0,769.23,45.14,18.81,1.72,0.0
20230615:1011,1922508.0,924.14,52.34,20.29,2.07,0.0
20230615:1111,2103408.0,1024.66,57.39,21.4,2.41,0.0
20230615:1211,2099034.0,1021.64,59.04,22.18,2.76,0.0
20230615:1311,1926018.0,928.45,56.74,22.73,2.97,0.0
20230615:1411,1634364.0,776.64,51.23,22.86,3.03,0.0
20230615:1511,1535382.0,720.8,43.79,22.29,3.31,0.0
20230615:1611,1138536.0,533.28,35.38,22.04,3.72,0.0
20230615:1711,648459.0,324.64,26.64,21.48,3.79,0.0
20230615:1811,183087.0,129.6,18.01,20.72,3.45,0.0
20230615:1911,67878.0,45.47,9.83,19.7,2.76,0.0
20230615:2011,0.0,1.75,2.44,18.03,2.48,0.0
20230615:2111,0.0,0.0,0.0,16.18,2.28,0.0
20230615:2211,0.0,0.0,0.0,14.79,2.07,0.0
20230615:2311,0.0,0.0,0.0,13.49,1.79,0.0
20230616:0011,0.0,0.0,0.0,12.28,1.38,0.0
20230616:0111,0.0,0.0,0.0,13.3,0.76,0.0
20230616:0211,0.0,0.0,0.0,13.06,0.21,0.0
20230616:0311,0.0,0.0,0.0,12.66,0.69,0.0
20230616:0411,9585.0,13.12,3.64,11.61,0.97,0.0
20230616:0511,88938.0,54.22,11.18,12.21,0.55,0.0
20230616:0611,257283.0,162.62,19.46,13.85,0.34,0.0
20230616:0711,761184.0,370.49,28.13,16.49,0.9,0.0
20230616:0811,1241622.0,579.54,36.85,18.05,1.52,0.0
20230616:0911,1625751.0,767.45,45.15,19.51,1.86,0.0
20230616:1011,1911033.0,921.04,52.35,21.08,2.14,0.0
20230616:1111,2062773.0,1008.96,57.42,22.34,2.34,0.0
20230616:1211,2080296.0,1024.86,59.08,23.23,2.34,0.0
20230616:1311,2000565.0,985.08,56.79,23.78,2.21,0.0
20230616:1411,1815723.0,883.52,51.29,24.02,2.21,0.0
20230616:1511,1531683.0,733.04,43.85,24.23,2.41,0.0
20230616:1611,1094175.0,521.14,35.44,24.08,2.69,0.0
20230616:1711,624564.0,314.86,26.7,23.64,3.03,0.0
20230616:1811,187299.0,131.41,18.07,22.92,3.24,0.0
20230616:1911,84942.0,54.22,9.89,21.65,3.1,0.0
20230616:2011,0.0,1.75,2.5,19.87,2.9,0.0
20230616:2111,0.0,0.0,0.0,18.02,2.69,0.0
20230616:2211,0.0,0.0,0.0,16.56,2.41,0.0
20230616:2311,0.0,0.0,0.0,15.35,2.21,0.0
20230617:0011,0.0,0.0,0.0,14.3,2.0,0.0
20230617:0111,0.0,0.0,0.0,13.17,1.93,0.0
20230617:0211,0.0,0.0,0.0,12.26,1.93,0.0
20230617:0311,0.0,0.0,0.0,11.38,1.79,0.0
20230617:0411,9639.0,13.12,3.64,10.83,1.66,0.0
20230617:0511,119907.0,68.21,11.18,11.47,1.24,0.0
20230617:0611,287253.0,163.19,19.45,14.09,1.1,0.0
20230617:0711,594486.0,283.43,28.13,15.87,1.52,0.0
20230617:0811,828495.0,384.78,36.84,17.61,2.0,0.0
20230617:0911,1142883.0,530.5,45.15,19.07,2.28,0.0
20230617:1011,946323.0,441.47,52.36,20.08,2.76,0.0
20230617:1111,989577.0,461.53,57.43,20.48,3.17,0.0
20230617:1211,851472.0,399.63,59.12,20.77,2.97,0.0
20230617:1311,322191.0,162.24,56.83,21.0,3.31,0.0
20230617:1411,282474.0,144.63,51.34,21.01,2.97,0.0
20230617:1511,394362.0,194.69,43.9,21.21,2.9,0.0
20230617:1611,279990.0,143.7,35.49,21.33,3.03,0.0
20230617:1711,236331.0,124.07,26.76,21.11,2.9,0.0
20230617:1811,141399.0,80.66,18.12,20.67,2.9,0.0
20230617:1911,42201.0,32.35,9.94,19.5,2.28,0.0
20230617:2011,0.0,1.75,2.55,18.12,2.07,0.0
20230617:2111,0.0,0.0,0.0,16.39,2.28,0.0
20230617:2211,0.0,0.0,0.0,14.89,2.34,0.0
20230617:2311,0.0,0.0,0.0,13.92,2.0,0.0
20230618:0011,0.0,0.0,0.0,12.88,1.79,0.0
20230618:0111,0.0,0.0,0.0,11.88,1.72,0.0
20230618:0211,0.0,0.0,0.0,10.9,1.59,0.0
20230618:0311,0.0,0.0,0.0,10.49,1.31,0.0
20230618:0411,3510.0,8.74,3.64,10.47,1.17,0.0
20230618:0511,112293.0,64.71,11.17,11.22,0.97,0.0
20230618:0611,93447.0,56.55,19.44,13.48,1.03,0.0
20230618:0711,401382.0,193.72,28.12,14.85,1.66,0.0
20230618:0811,948078.0,435.8,36.83,16.54,2.34,0.0
20230618:0911,1265409.0,581.58,45.14,17.78,2.76,0.0
20230618:1011,1851552.0,871.21,52.36,18.8,2.69,0.0
20230618:1111,1382670.0,644.84,57.45,20.28,3.17,0.0
20230618:1211,1923642.0,912.34,59.14,21.5,3.79,0.0
20230618:1311,1537110.0,719.43,56.87,22.17,4.28,0.0
20230618:1411,744876.0,351.53,51.39,22.38,4.48,0.0
20230618:1511,246240.0,128.87,43.95,22.42,4.97,0.0
20230618:1611,165132.0,91.78,35.54,21.62,4.83,0.0
20230618:1711,109998.0,65.82,26.81,20.15,3.38,0.0
20230618:1811,22248.0,21.32,18.17,19.19,2.97,0.0
20230618:1911,15984.0,17.49,9.99,17.61,2.48,0.0
20230618:2011,0.0,2.62,2.6,16.72,2.41,0.0
20230618:2111,0.0,0.0,0.0,16.24,2.07,0.0
20230618:2211,0.0,0.0,0.0,16.04,1.52,0.0
20230618:2311,0.0,0.0,0.0,15.94,1.03,0.0
20230619:0011,0.0,0.0,0.0,15.89,0.76,0.0
20230619:0111,0.0,0.0,0.0,15.9,0.69,0.0
20230619:0211,0.0,0.0,0.0,15.92,0.83,0.0
20230619:0311,0.0,0.0,0.0,15.9,2.07,0.0
20230619:0411,0.0,2.62,3.63,15.79,3.45,0.0
20230619:0511,25164.0,22.74,11.16,15.89,4.21,0.0
20230619:0611,251046.0,158.31,19.43,16.0,4.21,0.0
20230619:0711,746577.0,358.09,28.1,16.95,4.34,0.0
20230619:0811,1152954.0,524.73,36.82,17.96,4.97,0.0
20230619:0911,1269864.0,578.57,45.13,18.71,4.83,0.0
20230619:1011,1436373.0,659.75,52.35,19.85,4.9,0.0
20230619:1111,1092042.0,504.97,57.45,20.7,4.76,0.0
20230619:1211,869049.0,405.43,59.16,21.04,4.48,0.0
20230619:1311,853821.0,398.82,56.91,21.35,4.62,0.0
20230619:1411,1195614.0,553.96,51.43,21.67,4.76,0.0
20230619:1511,338715.0,169.66,43.99,21.5,4.41,0.0
20230619:1611,1118880.0,521.03,35.59,21.35,4.07,0.0
20230619:1711,248724.0,129.64,26.85,21.37,3.72,0.0
20230619:1811,212598.0,135.94,18.22,21.09,3.03,0.0
20230619:1911,81810.0,52.47,10.04,20.45,2.14,0.0
20230619:2011,0.0,1.75,2.64,19.23,1.79,0.0
20230619:2111,0.0,0.0,0.0,17.58,1.31,0.0
20230619:2211,0.0,0.0,0.0,16.21,1.31,0.0
20230619:2311,0.0,0.0,0.0,15.31,1.38,0.0
20230620:0011,0.0,0.0,0.0,16.0,0.9,0.0
20230620:0111,0.0,0.0,0.0,16.17,0.28,0.0
20230620:0211,0.0,0.0,0.0,15.7,0.69,0.0
20230620:0311,0.0,0.0,0.0,14.7,1.1,0.0
20230620:0411,0.0,2.62,3.61,14.6,1.03,0.0
20230620:0511,41499.0,31.48,11.14,15.08,0.76,0.0
20230620:0611,37935.0,29.67,19.41,15.49,0.69,0.0
20230620:0711,77922.0,50.06,28.08,17.69,0.97,0.0
20230620:0811,124632.0,72.31,36.8,18.35,1.03,0.0
20230620:0911,157032.0,87.15,45.11,18.11,0.97,0.0
20230620:1011,143127.0,80.66,52.34,17.86,1.38,0.0
20230620:1111,157518.0,87.15,57.45,17.8,1.86,0.0
20230620:1211,202851.0,107.54,59.18,17.85,2.14,0.0
20230620:1311,170262.0,92.71,56.93,17.48,2.62,0.0
20230620:1411,356076.0,174.3,51.46,16.77,2.69,0.0
20230620:1511,462051.0,220.17,44.03,16.32,2.62,0.0
20230620:1611,520587.0,245.65,35.63,16.31,2.62,0.0
20230620:1711,339255.0,167.31,26.89,16.86,3.31,0.0
20230620:1811,191187.0,132.38,18.26,17.32,3.03,0.0
20230620:1911,13230.0,15.74,10.07,17.25,2.07,0.0
20230620:2011,0.0,1.75,2.67,16.75,2.21,0.0
20230620:2111,0.0,0.0,0.0,16.4,2.48,0.0
20230620:2211,0.0,0.0,0.0,15.85,2.76,0.0
20230620:2311,0.0,0.0,0.0,15.31,3.03,0.0
20230621:0011,0.0,0.0,0.0,14.51,3.1,0.0
20230621:0111,0.0,0.0,0.0,13.9,2.97,0.0
20230621:0211,0.0,0.0,0.0,13.4,2.83,0.0
20230621:0311,0.0,0.0,0.0,13.36,2.9,0.0
20230621:0411,0.0,4.37,3.59,13.43,2.97,0.0
20230621:0511,86454.0,53.34,11.12,14.08,3.1,0.0
20230621:0611,251586.0,158.95,19.38,15.21,3.59,0.0
20230621:0711,721143.0,344.62,28.05,16.83,4.14,0.0
20230621:0811,1146447.0,523.18,36.77,18.05,4.55,0.0
20230621:0911,1506330.0,687.09,45.09,18.85,4.9,0.0
20230621:1011,1803681.0,829.1,52.32,19.45,5.38,0.0
20230621:1111,1906605.0,881.21,57.44,19.98,5.72,0.0
20230621:1211,1528416.0,702.5,59.18,20.26,5.79,0.0
20230621:1311,1986525.0,923.78,56.95,20.45,5.45,0.0
20230621:1411,1847988.0,855.39,51.49,20.89,5.45,0.0
20230621:1511,1600776.0,737.63,44.06,20.98,4.97,0.0
20230621:1611,1152954.0,534.79,35.66,20.93,4.41,0.0
20230621:1711,659178.0,327.68,26.93,20.75,3.86,0.0
20230621:1811,196722.0,134.44,18.29,20.26,3.03,0.0
20230621:1911,71226.0,47.22,10.1,20.14,1.93,0.0
20230621:2011,351.0,6.12,2.7,18.8,2.14,0.0
20230621:2111,0.0,0.0,0.0,17.23,2.14,0.0
20230621:2211,0.0,0.0,0.0,15.75,1.93,0.0
20230621:2311,0.0,0.0,0.0,14.44,1.86,0.0
20230622:0011,0.0,0.0,0.0,13.4,1.72,0.0
20230622:0111,0.0,0.0,0.0,12.6,1.59,0.0
20230622:0211,0.0,0.0,0.0,12.33,1.45,0.0
20230622:0311,0.0,0.0,0.0,11.84,1.38,0.0
20230622:0411,12312.0,14.87,3.57,11.44,1.31,0.0
20230622:0511,81378.0,50.72,11.09,12.58,0.9,0.0
20230622:0611,249480.0,157.47,19.35,15.02,0.83,0.0
20230622:0711,730323.0,357.07,28.02,17.55,1.17,0.0
20230622:0811,1216053.0,568.49,36.74,18.75,1.66,0.0
20230622:0911,1589760.0,754.54,45.06,19.73,1.45,0.0
20230622:1011,1865781.0,913.74,52.3,20.61,1.03,0.0
20230622:1111,2006370.0,1001.89,57.43,21.42,0.97,0.0
20230622:1211,2024487.0,1025.01,59.18,21.66,0.62,0.0
20230622:1311,1850175.0,928.22,56.96,22.0,0.48,0.0
20230622:1411,1035909.0,496.36,51.51,22.0,0.62,0.0
20230622:1511,1046277.0,500.32,44.09,21.92,0.62,0.0
20230622:1611,940545.0,445.64,35.69,21.39,1.59,0.0
20230622:1711,388827.0,193.43,26.96,20.97,2.28,0.0
20230622:1811,249642.0,136.16,18.32,20.52,2.55,0.0
20230622:1911,98928.0,60.34,10.13,19.03,2.9,0.0
20230622:2011,0.0,1.75,2.72,17.82,2.83,0.0
20230622:2111,0.0,0.0,0.0,16.38,2.48,0.0
20230622:2211,0.0,0.0,0.0,15.31,2.21,0.0
20230622:2311,0.0,0.0,0.0,14.4,2.14,0.0
20230623:0011,0.0,0.0,0.0,13.75,2.07,0.0
20230623:0111,0.0,0.0,0.0,13.32,1.93,0.0
20230623:0211,0.0,0.0,0.0,12.97,1.86,0.0
20230623:0311,0.0,0.0,0.0,12.74,1.93,0.0
20230623:0411,0.0,2.62,3.53,12.83,1.86,0.0
20230623:0511,5697.0,10.49,11.05,13.52,1.66,0.0
20230623:0611,58158.0,39.87,19.31,14.81,1.93,0.0
20230623:0711,144855.0,80.66,27.98,15.69,2.14,0.0
20230623:0811,273348.0,138.14,36.7,16.72,2.34,0.0
20230623:0911,422523.0,204.19,45.02,17.6,2.41,0.0
20230623:1011,792990.0,369.56,52.27,18.65,2.62,0.0
20230623:1111,542241.0,259.0,57.41,19.68,2.9,0.0
20230623:1211,1179954.0,548.94,59.17,20.64,3.52,0.0
20230623:1311,1811214.0,852.27,56.97,21.5,4.07,0.0
20230623:1411,775089.0,364.69,51.53,22.17,4.48,0.0
20230623:1511,646623.0,307.14,44.11,22.48,4.76,0.0
20230623:1611,209358.0,112.18,35.72,22.13,4.21,0.0
20230623:1711,300213.0,153.13,26.98,21.55,3.17,0.0
20230623:1811,56214.0,39.87,18.34,21.4,3.86,0.0
20230623:1911,21681.0,20.99,10.15,19.07,4.0,0.0
20230623:2011,0.0,1.75,2.74,18.3,3.93,0.0
20230623:2111,0.0,0.0,0.0,17.99,3.86,0.0
20230623:2211,0.0,0.0,0.0,17.94,3.79,0.0
20230623:2311,0.0,0.0,0.0,17.82,3.93,0.0
20230624:0011,0.0,0.0,0.0,17.89,4.0,0.0
20230624:0111,0.0,0.0,0.0,17.82,4.0,0.0
20230624:0211,0.0,0.0,0.0,17.89,4.07,0.0
20230624:0311,0.0,0.0,0.0,17.74,4.0,0.0
20230624:0411,0.0,4.37,3.5,17.66,3.93,0.0
20230624:0511,5508.0,10.49,11.01,17.81,3.86,0.0
20230624:0611,157923.0,87.53,19.27,18.31,3.38,0.0
20230624:0711,177606.0,96.42,27.94,18.89,4.34,0.0
20230624:0811,331749.0,165.02,36.66,19.57,5.1,0.0
20230624:0911,390582.0,191.91,44.98,20.81,5.03,0.0
20230624:1011,405189.0,199.33,52.23,22.06,5.45,0.0
20230624:1111,458919.0,223.43,57.38,22.17,5.03,0.0
20230624:1211,1441017.0,671.99,59.16,22.5,4.9,0.0
20230624:1311,1404486.0,655.99,56.97,23.37,5.17,0.0
20230624:1411,1782756.0,838.77,51.54,23.87,4.97,0.0
20230624:1511,1368657.0,639.82,44.13,23.77,4.48,0.0
20230624:1611,1073007.0,505.78,35.74,24.07,4.21,0.0
20230624:1711,648648.0,328.37,27.0,23.96,3.52,0.0
20230624:1811,186678.0,133.56,18.36,23.56,2.41,0.0
20230624:1911,73683.0,48.97,10.17,22.7,0.9,0.0
20230624:2011,0.0,1.75,2.75,21.77,0.55,0.0
20230624:2111,0.0,0.0,0.0,19.96,1.72,0.0
20230624:2211,0.0,0.0,0.0,18.74,2.07,0.0
20230624:2311,0.0,0.0,0.0,18.22,2.28,0.0
20230625:0011,0.0,0.0,0.0,18.03,2.62,0.0
20230625:0111,0.0,0.0,0.0,17.87,2.76,0.0
20230625:0211,0.0,0.0,0.0,17.7,2.9,0.0
20230625:0311,0.0,0.0,0.0,17.41,3.03,0.0
20230625:0411,6723.0,11.37,3.45,17.22,3.24,0.0
20230625:0511,83133.0,52.47,10.97,17.5,3.31,0.0
20230625:0611,237384.0,154.18,19.22,18.72,3.59,0.0
20230625:0711,721737.0,352.65,27.89,20.4,4.76,0.0
20230625:0811,1182951.0,546.58,36.61,21.46,5.24,0.0
20230625:0911,1027242.0,477.0,44.94,22.55,5.38,0.0
20230625:1011,1817235.0,851.76,52.19,23.74,5.59,0.0
20230625:1111,1888029.0,893.5,57.35,24.85,5.72,0.0
20230625:1211,1357506.0,638.25,59.14,25.67,6.21,0.0
20230625:1311,448875.0,222.51,56.96,26.19,6.28,0.0
20230625:1411,1195155.0,561.4,51.54,25.98,6.34,0.0
20230625:1511,1591434.0,735.71,44.14,22.49,5.52,0.0
20230625:1611,614007.0,290.05,35.75,20.41,4.69,0.0
20230625:1711,292680.0,148.66,27.01,19.79,2.83,0.0
20230625:1811,211977.0,113.84,18.37,19.61,2.9,0.0
20230625:1911,95445.0,58.59,10.18,18.64,3.03,0.0
20230625:2011,0.0,1.75,2.75,17.52,3.66,0.0
20230625:2111,0.0,0.0,0.0,16.51,3.86,0.0
20230625:2211,0.0,0.0,0.0,15.51,3.52,0.0
20230625:2311,0.0,0.0,0.0,14.67,3.31,0.0
20230626:0011,0.0,0.0,0.0,14.31,3.79,0.0
20230626:0111,0.0,0.0,0.0,14.17,4.14,0.0
20230626:0211,0.0,0.0,0.0,13.9,4.07,0.0
20230626:0311,0.0,0.0,0.0,13.44,3.79,0.0
20230626:0411,1350.0,7.0,3.4,13.23,3.59,0.0
20230626:0511,79353.0,49.84,10.91,13.42,3.66,0.0
20230626:0611,254556.0,156.27,19.17,14.26,4.0,0.0
20230626:0711,717255.0,340.56,27.84,15.35,4.48,0.0
20230626:0811,826389.0,375.93,36.56,16.14,5.45,0.0
20230626:0911,1250235.0,560.85,44.88,16.57,6.14,0.0
20230626:1011,897831.0,406.81,52.14,16.49,6.34,0.0
20230626:1111,1935684.0,877.01,57.3,17.04,6.62,0.0
20230626:1211,1797093.0,813.98,59.11,17.42,6.69,0.0
20230626:1311,1972836.0,897.16,56.95,17.59,6.55,0.0
20230626:1411,1836378.0,829.83,51.54,17.79,6.83,0.0
20230626:1511,1583523.0,712.54,44.14,17.84,6.48,0.0
20230626:1611,1086615.0,492.67,35.75,17.53,6.14,0.0
20230626:1711,659448.0,317.86,27.02,17.36,6.14,0.0
20230626:1811,220752.0,140.41,18.38,17.11,5.59,0.0
20230626:1911,96552.0,58.59,10.18,16.59,4.55,0.0
20230626:2011,6804.0,11.37,2.75,15.85,3.66,0.0
20230626:2111,0.0,0.0,0.0,14.87,3.24,0.0
20230626:2211,0.0,0.0,0.0,14.13,2.97,0.0
20230626:2311,0.0,0.0,0.0,13.63,2.69,0.0
20230627:0011,0.0,0.0,0.0,13.01,2.62,0.0
20230627:0111,0.0,0.0,0.0,12.83,2.48,0.0
20230627:0211,0.0,0.0,0.0,12.7,2.28,0.0
20230627:0311,0.0,0.0,0.0,12.49,2.0,0.0
20230627:0411,2376.0,7.87,3.35,12.39,1.93,0.0
20230627:0511,101952.0,60.34,10.86,12.92,1.86,0.0
20230627:0611,217728.0,113.74,19.11,14.41,1.93,0.0
20230627:0711,445176.0,213.23,27.78,15.16,2.55,0.0
20230627:0811,317655.0,156.68,36.5,15.97,3.72,0.0
20230627:0911,343656.0,167.81,44.83,16.08,4.69,0.0
20230627:1011,180198.0,96.42,52.09,16.02,4.48,0.0
20230627:1111,122391.0,70.46,57.26,16.22,4.55,0.0
20230627:1211,230337.0,118.67,59.07,16.45,5.1,0.0
20230627:1311,217323.0,113.11,56.93,16.79,5.31,0.0
20230627:1411,295083.0,147.41,51.53,17.36,5.66,0.0
20230627:1511,245187.0,126.09,44.14,18.26,5.52,0.0
20230627:1611,236736.0,122.38,35.76,17.97,4.07,0.0
20230627:1711,201501.0,106.62,27.02,17.53,3.45,0.0
20230627:1811,34101.0,27.81,18.38,17.51,2.9,0.0
20230627:1911,4374.0,9.62,10.18,17.2,2.69,0.0
20230627:2011,0.0,1.75,2.75,17.34,2.76,0.0
20230627:2111,0.0,0.0,0.0,17.24,3.1,0.0
20230627:2211,0.0,0.0,0.0,17.23,3.45,0.0
20230627:2311,0.0,0.0,0.0,17.33,3.59,0.0
20230628:0011,0.0,0.0,0.0,17.27,3.59,0.0
20230628:0111,0.0,0.0,0.0,17.08,3.38,0.0
20230628:0211,0.0,0.0,0.0,16.85,3.03,0.0
20230628:0311,0.0,0.0,0.0,16.72,2.69,0.0
20230628:0411,0.0,1.75,3.29,16.75,2.41,0.0
20230628:0511,42795.0,32.35,10.8,16.92,2.28,0.0
20230628:0611,270756.0,144.61,19.05,17.27,2.21,0.0
20230628:0711,474309.0,229.15,27.72,17.98,2.9,0.0
20230628:0811,763317.0,355.76,36.44,18.66,2.76,0.0
20230628:0911,1079649.0,496.7,44.77,19.12,3.59,0.0
20230628:1011,1041174.0,479.4,52.03,19.45,4.21,0.0
20230628:1111,1130814.0,521.45,57.2,19.96,4.41,0.0
20230628:1211,1224018.0,564.37,59.03,20.67,5.1,0.0
20230628:1311,264465.0,136.28,56.9,21.06,4.76,0.0
20230628:1411,328590.0,165.02,51.51,21.42,4.76,0.0
20230628:1511,145260.0,82.51,44.13,21.27,5.1,0.0
20230628:1611,103923.0,63.04,35.75,20.71,5.24,0.0
20230628:1711,176823.0,96.42,27.02,19.78,4.34,0.0
20230628:1811,124470.0,72.31,18.37,19.2,3.66,0.0
20230628:1911,79137.0,50.72,10.17,18.27,2.62,0.0
20230628:2011,0.0,1.75,2.73,17.61,2.69,0.0
20230628:2111,0.0,0.0,0.0,16.93,2.9,0.0
20230628:2211,0.0,0.0,0.0,16.22,3.1,0.0
20230628:2311,0.0,0.0,0.0,15.78,3.17,0.0
20230629:0011,0.0,0.0,0.0,15.26,3.17,0.0
20230629:0111,0.0,0.0,0.0,14.86,3.1,0.0
20230629:0211,0.0,0.0,0.0,14.33,3.1,0.0
20230629:0311,0.0,0.0,0.0,13.56,3.03,0.0
20230629:0411,10854.0,13.99,3.22,12.48,3.03,0.0
20230629:0511,77895.0,48.97,10.73,12.39,2.9,0.0
20230629:0611,234576.0,153.57,18.98,13.15,2.97,0.0
20230629:0711,739233.0,352.7,27.65,14.32,3.24,0.0
20230629:0811,1177605.0,534.15,36.37,15.62,3.59,0.0
20230629:0911,1635903.0,743.67,44.7,16.59,4.0,0.0
20230629:1011,1159164.0,527.42,51.97,17.43,4.48,0.0
20230629:1111,488943.0,232.7,57.14,17.99,4.41,0.0
20230629:1211,1034910.0,474.07,58.98,17.86,4.21,0.0
20230629:1311,1202958.0,549.5,56.86,17.88,4.34,0.0
20230629:1411,1180764.0,538.33,51.49,17.77,4.34,0.0
20230629:1511,1265814.0,575.1,44.12,17.69,4.48,0.0
20230629:1611,1025271.0,468.14,35.74,17.73,4.76,0.0
20230629:1711,644382.0,310.33,27.01,17.44,4.83,0.0
20230629:1811,205902.0,139.01,18.36,16.92,4.41,0.0
20230629:1911,76410.0,48.97,10.15,16.17,3.66,0.0
20230629:2011,4455.0,9.62,2.71,15.34,3.17,0.0
20230629:2111,0.0,0.0,0.0,13.89,3.03,0.0
20230629:2211,0.0,0.0,0.0,12.97,2.83,0.0
20230629:2311,0.0,0.0,0.0,12.32,2.55,0.0
20230630:0011,0.0,0.0,0.0,11.98,2.48,0.0
20230630:0111,0.0,0.0,0.0,11.76,2.48,0.0
20230630:0211,0.0,0.0,0.0,11.42,2.48,0.0
20230630:0311,0.0,0.0,0.0,11.09,2.55,0.0
20230630:0411,0.0,1.75,3.15,10.99,2.62,0.0
20230630:0511,13689.0,15.74,10.66,11.92,2.55,0.0
20230630:0611,187488.0,98.99,18.91,13.22,2.9,0.0
20230630:0711,293733.0,145.31,27.58,14.23,3.66,0.0
20230630:0811,404541.0,193.16,36.3,14.86,4.34,0.0
20230630:0911,220806.0,114.03,44.63,15.44,4.83,0.0
20230630:1011,529686.0,247.23,51.89,15.62,5.66,0.0
20230630:1111,0.0,0.0,0.0,15.32,5.1,0.0
20230630:1211,856062.0,388.3,58.92,15.11,4.83,0.0
20230630:1311,253044.0,127.94,56.82,15.15,4.9,0.0
20230630:1411,325485.0,159.46,51.46,15.19,4.07,0.0
20230630:1511,307503.0,152.05,44.1,15.85,4.41,0.0
20230630:1611,175824.0,94.56,35.73,16.2,4.21,0.0
20230630:1711,136701.0,76.95,27.0,16.01,3.79,0.0
20230630:1811,82728.0,51.92,18.35,15.88,3.72,0.0
20230630:1911,19035.0,19.24,10.13,16.26,3.59,0.0
20230630:2011,0.0,1.75,2.69,16.17,3.66,0.0
20230630:2111,0.0,0.0,0.0,16.17,3.86,0.0
20230630:2211,0.0,0.0,0.0,16.24,3.93,0.0
20230630:2311,0.0,0.0,0.0,16.22,3.93,0.0
20230701:0011,0.0,0.0,0.0,16.1,4.0,0.0
20230701:0111,0.0,0.0,0.0,16.03,4.21,0.0
20230701:0211,0.0,0.0,0.0,15.85,4.34,0.0
20230701:0311,0.0,0.0,0.0,15.61,4.41,0.0
20230701:0411,0.0,1.75,3.07,15.42,4.41,0.0
20230701:0511,39825.0,30.61,10.58,15.34,4.41,0.0
20230701:0611,112698.0,65.82,18.83,15.46,4.07,0.0
20230701:0711,210033.0,109.4,27.5,15.62,4.76,0.0
20230701:0811,402867.0,193.16,36.22,16.11,5.45,0.0
20230701:0911,965736.0,435.61,44.55,16.79,6.83,0.0
20230701:1011,954828.0,432.16,51.82,17.07,6.76,0.0
20230701:1111,1686609.0,760.62,57.0,17.75,7.38,0.0
20230701:1211,284202.0,142.77,58.86,17.9,7.45,0.0
20230701:1311,1520991.0,685.9,56.78,17.93,7.24,0.0
20230701:1411,936333.0,424.04,51.43,17.61,7.86,0.0
20230701:1511,1433565.0,639.39,44.07,16.73,7.38,0.0
20230701:1611,628803.0,290.13,35.71,16.66,7.31,0.0
20230701:1711,362178.0,176.46,26.98,16.8,7.1,0.0
20230701:1811,198045.0,137.77,18.32,16.29,5.93,0.0
20230701:1911,99063.0,59.46,10.11,15.42,6.07,0.0
20230701:2011,8127.0,12.24,2.65,14.37,5.72,0.0
20230701:2111,0.0,0.0,0.0,13.54,5.38,0.0
20230701:2211,0.0,0.0,0.0,12.77,5.17,0.0
20230701:2311,0.0,0.0,0.0,12.38,4.97,0.0
20230702:0011,0.0,0.0,0.0,12.15,4.76,0.0
20230702:0111,0.0,0.0,0.0,11.85,4.55,0.0
20230702:0211,0.0,0.0,0.0,11.7,4.41,0.0
20230702:0311,0.0,0.0,0.0,11.54,4.28,0.0
20230702:0411,0.0,1.75,2.99,11.6,4.21,0.0
20230702:0511,112239.0,64.71,10.5,11.95,4.07,0.0
20230702:0611,277938.0,153.93,18.75,12.8,3.86,0.0
20230702:0711,443664.0,209.98,27.42,13.98,6.0,0.0
20230702:0811,815211.0,367.96,36.14,14.69,6.21,0.0
20230702:0911,842562.0,379.99,44.47,15.12,6.28,0.0
20230702:1011,563382.0,260.54,51.74,14.86,6.34,0.0
20230702:1111,854496.0,386.23,56.93,15.42,6.62,0.0
20230702:1211,394605.0,189.13,58.79,16.02,7.52,0.0
20230702:1311,637659.0,293.47,56.72,16.31,8.14,0.0
20230702:1411,751437.0,341.73,51.39,16.19,8.28,0.0
20230702:1511,742149.0,337.28,44.04,15.98,7.86,0.0
20230702:1611,1140534.0,509.7,35.68,15.64,7.59,0.0
20230702:1711,396576.0,190.49,26.95,15.29,6.48,0.0
20230702:1811,34587.0,27.81,18.3,15.2,6.48,0.0
20230702:1911,69903.0,45.47,10.07,14.37,5.79,0.0
20230702:2011,0.0,1.75,2.62,13.65,5.45,0.0
20230702:2111,0.0,0.0,0.0,12.76,4.9,0.0
20230702:2211,0.0,0.0,0.0,12.13,4.48,0.0
20230702:2311,0.0,0.0,0.0,11.55,4.14,0.0
20230703:0011,0.0,0.0,0.0,11.04,3.86,0.0
20230703:0111,0.0,0.0,0.0,10.72,3.72,0.0
20230703:0211,0.0,0.0,0.0,10.51,3.72,0.0
20230703:0311,0.0,0.0,0.0,10.58,3.93,0.0
20230703:0411,7047.0,11.37,2.9,10.69,4.14,0.0
20230703:0511,19656.0,19.24,10.41,11.08,4.34,0.0
20230703:0611,272430.0,139.52,18.67,11.72,4.41,0.0
20230703:0711,763857.0,360.67,27.33,12.97,6.21,0.0
20230703:0811,604449.0,276.34,36.05,13.63,6.34,0.0
20230703:0911,806841.0,363.38,44.38,14.21,6.07,0.0
20230703:1011,372438.0,178.93,51.65,14.69,5.72,0.0
20230703:1111,366525.0,176.15,56.84,14.36,5.72,0.0
20230703:1211,584118.0,269.22,58.72,14.06,5.03,0.0
20230703:1311,1557522.0,698.73,56.66,14.12,4.76,0.0
20230703:1411,1764099.0,792.46,51.34,14.51,5.03,0.0
20230703:1511,1624509.0,725.16,44.0,15.45,5.86,0.0
20230703:1611,1210140.0,540.95,35.65,15.6,7.03,0.0
20230703:1711,704025.0,336.47,26.92,15.12,6.62,0.0
20230703:1811,213435.0,139.84,18.26,14.66,5.93,0.0
20230703:1911,101439.0,60.34,10.04,14.43,5.59,0.0
20230703:2011,0.0,1.75,2.57,13.19,4.83,0.0
20230703:2111,0.0,0.0,0.0,12.27,4.28,0.0
20230703:2211,0.0,0.0,0.0,11.6,4.07,0.0
20230703:2311,0.0,0.0,0.0,11.14,4.28,0.0
20230704:0011,0.0,0.0,0.0,10.83,4.14,0.0
20230704:0111,0.0,0.0,0.0,10.6,4.07,0.0
20230704:0211,0.0,0.0,0.0,10.54,4.14,0.0
20230704:0311,0.0,0.0,0.0,10.4,4.0,0.0
20230704:0411,9666.0,13.12,2.81,10.3,3.79,0.0
20230704:0511,109026.0,62.96,10.32,10.71,3.72,0.0
20230704:0611,227718.0,147.9,18.57,12.02,4.0,0.0
20230704:0711,733644.0,346.55,27.24,13.38,5.86,0.0
20230704:0811,1013148.0,452.62,35.96,14.22,6.21,0.0
20230704:0911,721440.0,328.77,44.29,15.26,5.72,0.0
20230704:1011,499662.0,234.87,51.56,16.11,5.59,0.0
20230704:1111,996813.0,451.32,56.75,16.48,5.66,0.0
20230704:1211,2099898.0,962.39,58.63,16.89,5.59,0.0
20230704:1311,2002428.0,916.49,56.59,17.28,5.52,0.0
20230704:1411,1890567.0,862.99,51.29,17.46,5.17,0.0
20230704:1511,1607904.0,730.76,43.96,17.4,4.48,0.0
20230704:1611,1122984.0,513.05,35.61,17.4,4.0,0.0
20230704:1711,451305.0,217.7,26.88,17.16,3.66,0.0
20230704:1811,201771.0,107.25,18.22,16.66,3.1,0.0
20230704:1911,100413.0,60.34,9.99,15.94,2.14,0.0
20230704:2011,1323.0,7.0,2.52,14.9,1.93,0.0
20230704:2111,0.0,0.0,0.0,13.7,2.0,0.0
20230704:2211,0.0,0.0,0.0,12.53,2.14,0.0
20230704:2311,0.0,0.0,0.0,11.7,2.14,0.0
20230705:0011,0.0,0.0,0.0,10.81,2.28,0.0
20230705:0111,0.0,0.0,0.0,10.23,2.28,0.0
20230705:0211,0.0,0.0,0.0,10.14,2.07,0.0
20230705:0311,0.0,0.0,0.0,9.85,2.0,0.0
20230705:0411,0.0,1.75,2.71,9.65,2.21,0.0
20230705:0511,107136.0,62.09,10.22,10.43,2.28,0.0
20230705:0611,269514.0,139.42,18.48,12.35,2.97,0.0
20230705:0711,0.0,0.0,0.0,13.21,3.86,0.0
20230705:0811,1258038.0,564.37,35.87,14.27,4.41,0.0
20230705:0911,1187622.0,532.25,44.19,15.29,5.03,0.0
20230705:1011,525420.0,246.0,51.46,16.06,5.45,0.0
20230705:1111,876636.0,398.01,56.65,15.86,5.24,0.0
20230705:1211,320625.0,157.61,58.54,15.96,5.45,0.0
20230705:1311,245052.0,125.16,56.52,16.65,5.72,0.0
20230705:1411,473418.0,224.36,51.23,16.99,5.86,0.0
20230705:1511,398061.0,191.91,43.91,17.08,5.59,0.0
20230705:1611,541404.0,253.74,35.56,16.95,5.31,0.0
20230705:1711,273672.0,137.87,26.84,16.77,5.24,0.0
20230705:1811,178929.0,96.46,18.18,16.3,4.69,0.0
20230705:1911,74763.0,48.1,9.94,15.8,3.79,0.0
20230705:2011,0.0,5.25,2.46,14.77,3.24,0.0
20230705:2111,0.0,0.0,0.0,13.55,3.03,0.0
20230705:2211,0.0,0.0,0.0,13.04,2.76,0.0
20230705:2311,0.0,0.0,0.0,12.6,2.83,0.0
20230706:0011,0.0,0.0,0.0,12.34,2.83,0.0
20230706:0111,0.0,0.0,0.0,12.18,2.9,0.0
20230706:0211,0.0,0.0,0.0,12.15,2.76,0.0
20230706:0311,0.0,0.0,0.0,12.54,2.76,0.0
20230706:0411,0.0,1.75,2.61,12.3,2.76,0.0
20230706:0511,45549.0,33.23,10.12,12.53,2.83,0.0
20230706:0611,159651.0,86.58,18.38,13.39,3.31,0.0
20230706:0711,238815.0,121.45,27.05,14.47,4.48,0.0
20230706:0811,384669.0,184.72,35.77,14.92,4.21,0.0
20230706:0911,773550.0,353.16,44.09,15.92,4.62,0.0
20230706:1011,1251018.0,566.07,51.35,16.39,4.41,0.0
20230706:1111,1056429.0,480.94,56.55,17.44,4.9,0.0
20230706:1211,1429704.0,651.64,58.45,18.36,5.38,0.0
20230706:1311,1397358.0,637.53,56.44,19.18,5.79,0.0
20230706:1411,528309.0,250.95,51.16,19.38,5.31,0.0
20230706:1511,470043.0,225.77,43.85,19.6,4.9,0.0
20230706:1611,333909.0,166.05,35.51,19.69,5.03,0.0
20230706:1711,490725.0,238.08,26.79,19.28,4.14,0.0
20230706:1811,243702.0,130.18,18.12,18.28,3.52,0.0
20230706:1911,97578.0,59.46,9.88,18.23,4.41,0.0
20230706:2011,5508.0,10.49,2.4,17.81,4.62,0.0
20230706:2111,0.0,0.0,0.0,17.21,4.62,0.0
20230706:2211,0.0,0.0,0.0,16.67,4.9,0.0
20230706:2311,0.0,0.0,0.0,16.03,5.1,0.0
20230707:0011,0.0,0.0,0.0,15.6,5.17,0.0
20230707:0111,0.0,0.0,0.0,15.09,5.17,0.0
20230707:0211,0.0,0.0,0.0,14.76,5.03,0.0
20230707:0311,0.0,0.0,0.0,14.39,4.76,0.0
20230707:0411,0.0,1.75,2.5,13.89,4.48,0.0
20230707:0511,84672.0,52.47,10.02,14.09,4.41,0.0
20230707:0611,245295.0,128.2,18.28,15.0,4.0,0.0
20230707:0711,423009.0,203.68,26.94,16.49,4.97,0.0
20230707:0811,1180899.0,536.86,35.66,17.97,5.31,0.0
20230707:0911,1335420.0,607.99,43.99,19.68,5.79,0.0
20230707:1011,1846665.0,851.75,51.25,20.94,5.93,0.0
20230707:1111,2083374.0,974.94,56.44,21.86,5.79,0.0
20230707:1211,2080863.0,981.05,58.35,22.6,5.52,0.0
20230707:1311,2033748.0,961.11,56.35,23.13,5.24,0.0
20230707:1411,1786536.0,839.41,51.09,23.69,5.1,0.0
20230707:1511,1580715.0,738.27,43.79,24.03,5.1,0.0
20230707:1611,1150497.0,540.08,35.45,24.21,4.97,0.0
20230707:1711,653400.0,328.13,26.73,24.34,4.55,0.0
20230707:1811,202635.0,137.88,18.07,24.11,3.38,0.0
20230707:1911,70200.0,47.22,9.82,23.02,3.24,0.0
20230707:2011,2160.0,7.87,2.33,21.15,3.38,0.0
20230707:2111,0.0,0.0,0.0,19.59,3.59,0.0
20230707:2211,0.0,0.0,0.0,19.0,3.93,0.0
20230707:2311,0.0,0.0,0.0,18.75,4.28,0.0
20230708:0011,0.0,0.0,0.0,18.2,4.07,0.0
20230708:0111,0.0,0.0,0.0,17.5,3.86,0.0
20230708:0211,0.0,0.0,0.0,16.87,3.72,0.0
20230708:0311,0.0,0.0,0.0,16.39,3.59,0.0
20230708:0411,0.0,3.5,2.39,16.06,3.38,0.0
20230708:0511,87264.0,54.22,9.91,16.45,3.24,0.0
20230708:0611,222102.0,141.48,18.17,17.97,3.1,0.0
20230708:0711,523611.0,254.71,26.84,20.31,4.21,0.0
20230708:0811,632394.0,299.54,35.56,21.64,4.97,0.0
20230708:0911,1252017.0,579.55,43.87,22.7,5.38,0.0
20230708:1011,167805.0,93.64,51.13,23.33,5.38,0.0
20230708:1111,348165.0,175.22,56.32,23.5,5.03,0.0
20230708:1211,338715.0,171.51,58.24,24.1,4.76,0.0
20230708:1311,445986.0,220.65,56.25,24.88,4.28,0.0
20230708:1411,273429.0,142.77,51.01,25.05,4.34,0.0
20230708:1511,673704.0,322.9,43.72,24.79,4.34,0.0
20230708:1611,134919.0,78.8,35.39,24.49,4.28,0.0
20230708:1711,105867.0,64.9,26.67,24.18,4.0,0.0
20230708:1811,185274.0,102.67,18.0,23.41,3.93,0.0
20230708:1911,92124.0,57.71,9.75,21.69,2.9,0.0
20230708:2011,0.0,0.87,2.26,20.11,3.17,0.0
20230708:2111,0.0,0.0,0.0,18.96,3.31,0.0
20230708:2211,0.0,0.0,0.0,18.27,3.45,0.0
20230708:2311,0.0,0.0,0.0,17.94,3.03,0.0
20230709:0011,0.0,0.0,0.0,17.58,2.76,0.0
20230709:0111,0.0,0.0,0.0,17.28,2.97,0.0
20230709:0211,0.0,0.0,0.0,17.15,3.17,0.0
20230709:0311,0.0,0.0,0.0,17.21,3.38,0.0
20230709:0411,0.0,0.87,2.27,17.11,3.45,0.0
20230709:0511,79785.0,50.72,9.79,16.82,3.45,0.0
20230709:0611,256041.0,139.01,18.05,16.56,2.69,0.0
20230709:0711,522234.0,251.57,26.72,16.98,2.28,0.0
20230709:0811,692415.0,323.5,35.44,17.94,2.48,0.0
20230709:0911,279126.0,141.85,43.76,18.76,2.55,0.0
20230709:1011,863703.0,403.07,51.01,19.64,2.62,0.0
20230709:1111,973998.0,454.22,56.2,20.42,3.1,0.0
20230709:1211,1567458.0,735.03,58.12,20.96,3.45,0.0
20230709:1311,2006586.0,953.06,56.15,21.49,3.79,0.0
20230709:1411,1814670.0,852.86,50.92,21.52,3.86,0.0
20230709:1511,1422711.0,660.33,43.65,21.14,3.72,0.0
20230709:1611,901044.0,421.36,35.32,21.25,3.59,0.0
20230709:1711,613953.0,302.3,26.6,21.19,3.52,0.0
20230709:1811,22194.0,21.32,17.93,19.55,3.93,0.0
20230709:1911,37287.0,29.73,9.68,19.45,2.69,0.0
20230709:2011,0.0,0.87,2.17,18.5,3.03,0.0
20230709:2111,0.0,0.0,0.0,17.49,3.17,0.0
20230709:2211,0.0,0.0,0.0,16.06,2.83,0.0
20230709:2311,0.0,0.0,0.0,15.08,2.55,0.0
20230710:0011,0.0,0.0,0.0,14.22,2.48,0.0
20230710:0111,0.0,0.0,0.0,13.65,2.28,0.0
20230710:0211,0.0,0.0,0.0,13.01,2.21,0.0
20230710:0311,0.0,0.0,0.0,12.61,2.14,0.0
20230710:0411,0.0,1.75,2.15,12.13,2.14,0.0
20230710:0511,74061.0,47.22,9.67,12.64,2.0,0.0
20230710:0611,218646.0,114.81,17.94,14.3,2.14,0.0
20230710:0711,498744.0,238.82,26.61,15.6,2.41,0.0
20230710:0811,1243215.0,569.27,35.33,16.9,3.17,0.0
20230710:0911,1242864.0,566.98,43.64,18.35,4.21,0.0
20230710:1011,994923.0,457.83,50.89,19.3,4.41,0.0
20230710:1111,1109322.0,510.31,56.08,20.17,5.24,0.0
20230710:1211,982395.0,453.59,58.0,20.4,5.38,0.0
20230710:1311,313713.0,156.68,56.04,18.63,4.0,0.0
20230710:1411,639090.0,299.16,50.83,18.05,3.45,0.0
20230710:1511,763479.0,352.15,43.57,18.22,4.83,0.0
20230710:1611,314415.0,155.75,35.25,17.1,5.03,0.0
20230710:1711,124011.0,71.39,26.53,17.0,5.45,0.0
20230710:1811,101790.0,61.19,17.86,17.38,6.0,0.0
20230710:1911,11853.0,14.87,9.6,17.59,5.72,0.0
20230710:2011,0.0,0.87,2.09,17.06,5.31,0.0
20230710:2111,0.0,0.0,0.0,16.48,4.97,0.0
20230710:2211,0.0,0.0,0.0,15.92,4.55,0.0
20230710:2311,0.0,0.0,0.0,15.15,4.48,0.0
20230711:0011,0.0,0.0,0.0,14.88,4.34,0.0
20230711:0111,0.0,0.0,0.0,14.52,3.72,0.0
20230711:0211,0.0,0.0,0.0,14.39,3.79,0.0
20230711:0311,0.0,0.0,0.0,14.2,2.97,0.0
20230711:0411,0.0,0.87,2.02,14.07,2.14,0.0
20230711:0511,20763.0,20.11,9.55,14.28,1.79,0.0
20230711:0611,175500.0,94.65,17.81,14.88,1.93,0.0
20230711:0711,262197.0,132.46,26.49,15.84,4.07,0.0
20230711:0811,915408.0,415.84,35.21,16.43,5.1,0.0
20230711:0911,1176795.0,529.66,43.52,16.89,5.72,0.0
20230711:1011,1063422.0,482.32,50.76,17.57,5.59,0.0
20230711:1111,786888.0,362.86,55.94,18.43,5.52,0.0
20230711:1211,1125441.0,513.84,57.87,18.66,5.38,0.0
20230711:1311,338607.0,167.81,55.93,19.22,4.97,0.0
20230711:1411,1503171.0,685.96,50.73,18.73,5.1,0.0
20230711:1511,462510.0,220.23,43.48,17.46,5.24,0.0
20230711:1611,572157.0,268.21,35.17,17.59,4.55,0.0
20230711:1711,578529.0,277.68,26.45,17.26,4.34,0.0
20230711:1811,204768.0,137.16,17.78,17.04,4.14,0.0
20230711:1911,70767.0,46.35,9.51,16.82,3.86,0.0
20230711:2011,3321.0,8.74,1.99,15.82,3.66,0.0
20230711:2111,0.0,0.0,0.0,14.65,3.45,0.0
20230711:2211,0.0,0.0,0.0,13.83,3.24,0.0
20230711:2311,0.0,0.0,0.0,13.13,3.17,0.0
20230712:0011,0.0,0.0,0.0,12.64,3.1,0.0
20230712:0111,0.0,0.0,0.0,12.43,3.17,0.0
20230712:0211,0.0,0.0,0.0,12.44,3.24,0.0
20230712:0311,0.0,0.0,0.0,12.4,3.24,0.0
20230712:0411,0.0,0.87,1.89,12.3,3.45,0.0
20230712:0511,35316.0,27.98,9.42,12.91,3.72,0.0
20230712:0611,105570.0,62.12,17.69,13.82,4.28,0.0
20230712:0711,500769.0,237.15,26.36,14.88,6.07,0.0
20230712:0811,344385.0,167.0,35.08,14.87,5.86,0.0
20230712:0911,533628.0,248.19,43.39,15.33,6.34,0.0
20230712:1011,432783.0,205.82,50.63,16.16,6.69,0.0
20230712:1111,684666.0,314.98,55.81,16.67,6.41,0.0
20230712:1211,1038555.0,469.88,57.74,17.11,6.41,0.0
20230712:1311,1484055.0,668.12,55.81,17.2,6.69,0.0
20230712:1411,475362.0,225.29,50.63,17.34,6.69,0.0
20230712:1511,844155.0,384.01,43.39,17.32,6.62,0.0
20230712:1611,506628.0,238.58,35.08,17.33,6.69,0.0
20230712:1711,187974.0,100.13,26.36,16.9,6.0,0.0
20230712:1811,252585.0,138.75,17.69,16.53,5.72,0.0
20230712:1911,80190.0,50.72,9.42,15.98,4.69,0.0
20230712:2011,0.0,0.87,1.89,15.26,4.62,0.0
20230712:2111,0.0,0.0,0.0,14.37,4.07,0.0
20230712:2211,0.0,0.0,0.0,13.55,3.79,0.0
20230712:2311,0.0,0.0,0.0,13.16,3.72,0.0
20230713:0011,0.0,0.0,0.0,12.77,3.66,0.0
20230713:0111,0.0,0.0,0.0,12.7,3.45,0.0
20230713:0211,0.0,0.0,0.0,12.68,3.31,0.0
20230713:0311,0.0,0.0,0.0,12.39,3.17,0.0
20230713:0411,0.0,0.87,1.75,12.05,2.97,0.0
20230713:0511,87183.0,53.34,9.29,12.45,2.97,0.0
20230713:0611,214245.0,137.18,17.56,13.36,3.72,0.0
20230713:0711,572886.0,272.15,26.24,14.6,3.45,0.0
20230713:0811,1142343.0,516.8,34.95,15.74,4.28,0.0
20230713:0911,1456758.0,658.43,43.26,16.44,4.34,0.0
20230713:1011,1757403.0,801.56,50.49,16.97,4.55,0.0
20230713:1111,1501794.0,683.35,55.66,17.45,4.9,0.0
20230713:1211,1735992.0,794.53,57.6,18.06,5.24,0.0
20230713:1311,1668114.0,763.19,55.68,18.15,5.03,0.0
20230713:1411,1005696.0,459.84,50.51,18.42,4.9,0.0
20230713:1511,756810.0,350.16,43.29,18.51,4.41,0.0
20230713:1611,788508.0,365.0,34.99,18.64,4.21,0.0
20230713:1711,548640.0,264.64,26.27,18.31,4.14,0.0
20230713:1811,245646.0,140.73,17.6,17.77,3.79,0.0
20230713:1911,90585.0,55.97,9.32,17.17,2.83,0.0
20230713:2011,0.0,0.87,1.78,16.14,2.41,0.0
20230713:2111,0.0,0.0,0.0,14.74,2.07,0.0
20230713:2211,0.0,0.0,0.0,13.65,1.93,0.0
20230713:2311,0.0,0.0,0.0,12.64,1.86,0.0
20230714:0011,0.0,0.0,0.0,12.51,1.79,0.0
20230714:0111,0.0,0.0,0.0,12.32,2.0,0.0
20230714:0211,0.0,0.0,0.0,12.34,2.07,0.0
20230714:0311,0.0,0.0,0.0,12.11,2.07,0.0
20230714:0411,0.0,0.87,1.61,12.01,2.07,0.0
20230714:0511,63288.0,41.97,9.15,12.23,1.93,0.0
20230714:0611,51057.0,36.16,17.43,13.63,2.14,0.0
20230714:0711,197667.0,103.84,26.1,14.87,2.83,0.0
20230714:0811,558117.0,260.71,34.82,15.88,3.59,0.0
20230714:0911,519399.0,244.51,43.12,16.76,4.34,0.0
20230714:1011,482868.0,229.32,50.34,17.33,4.41,0.0
20230714:1111,1007559.0,459.92,55.51,17.87,4.9,0.0
20230714:1211,565407.0,264.07,57.45,16.63,5.17,0.0
20230714:1311,600750.0,278.72,55.54,15.96,4.83,0.0
20230714:1411,301239.0,149.26,50.4,16.01,5.38,0.0
20230714:1511,181035.0,96.42,43.18,15.42,6.69,0.0
20230714:1611,129357.0,73.24,34.89,15.11,6.83,0.0
20230714:1711,127359.0,72.31,26.18,15.05,6.69,0.0
20230714:1811,94986.0,57.48,17.5,15.19,6.9,0.0
20230714:1911,6831.0,11.37,9.21,15.13,6.97,0.0
20230714:2011,0.0,1.75,1.67,15.44,6.21,0.0
20230714:2111,0.0,0.0,0.0,15.86,5.24,0.0
20230714:2211,0.0,0.0,0.0,16.31,4.83,0.0
20230714:2311,0.0,0.0,0.0,16.56,4.9,0.0
20230715:0011,0.0,0.0,0.0,16.14,4.97,0.0
20230715:0111,0.0,0.0,0.0,15.27,4.69,0.0
20230715:0211,0.0,0.0,0.0,14.43,4.62,0.0
20230715:0311,0.0,0.0,0.0,13.84,4.62,0.0
20230715:0411,0.0,0.87,1.47,13.66,4.69,0.0
20230715:0511,40149.0,30.61,9.01,13.87,4.69,0.0
20230715:0611,245322.0,132.36,17.29,14.56,4.62,0.0
20230715:0711,350271.0,170.34,25.97,15.21,6.14,0.0
20230715:0811,610416.0,282.13,34.68,16.08,5.86,0.0
20230715:0911,440991.0,210.71,42.98,17.53,6.14,0.0
20230715:1011,573723.0,266.53,50.2,16.44,6.97,0.0
20230715:1111,1569294.0,708.44,55.36,17.07,6.07,0.0
20230715:1211,660393.0,306.91,57.29,18.5,6.62,0.0
20230715:1311,2156841.0,972.28,55.4,16.28,7.38,0.0
20230715:1411,1586115.0,712.04,50.27,17.1,6.83,0.0
20230715:1511,700299.0,322.65,43.07,17.76,6.41,0.0
20230715:1611,298269.0,148.34,34.78,16.78,6.28,0.0
20230715:1711,527958.0,252.14,26.07,17.04,6.69,0.0
20230715:1811,106677.0,63.04,17.39,15.72,6.48,0.0
20230715:1911,84024.0,52.47,9.1,15.79,7.17,0.0
20230715:2011,0.0,0.87,1.55,15.35,7.17,0.0
20230715:2111,0.0,0.0,0.0,14.95,7.31,0.0
20230715:2211,0.0,0.0,0.0,14.72,7.17,0.0
20230715:2311,0.0,0.0,0.0,14.58,6.97,0.0
20230716:0011,0.0,0.0,0.0,14.43,6.34,0.0
20230716:0111,0.0,0.0,0.0,14.37,5.79,0.0
20230716:0211,0.0,0.0,0.0,14.42,5.52,0.0
20230716:0311,0.0,0.0,0.0,14.29,5.66,0.0
20230716:0411,0.0,0.87,1.32,14.19,6.41,0.0
20230716:0511,5670.0,10.49,8.87,13.94,6.69,0.0
20230716:0611,21330.0,20.4,17.15,13.92,6.62,0.0
20230716:0711,366282.0,176.55,25.83,14.28,6.9,0.0
20230716:0811,758997.0,342.63,34.54,14.28,6.9,0.0
20230716:0911,863730.0,387.16,42.83,14.91,7.72,0.0
20230716:1011,1263384.0,563.02,50.04,16.25,7.93,0.0
20230716:1111,1657719.0,741.57,55.2,16.93,8.14,0.0
20230716:1211,1338552.0,599.81,57.14,17.24,8.14,0.0
20230716:1311,1609794.0,721.84,55.26,17.16,7.72,0.0
20230716:1411,1040769.0,469.27,50.14,17.64,7.86,0.0
20230716:1511,1577556.0,707.5,42.95,17.62,6.83,0.0
20230716:1611,1026783.0,465.34,34.67,17.65,6.55,0.0
20230716:1711,483678.0,231.86,25.96,16.95,5.72,0.0
20230716:1811,136647.0,76.95,17.28,16.24,4.9,0.0
20230716:1911,73062.0,47.22,8.99,15.51,4.21,0.0
20230716:2011,0.0,0.87,1.43,14.73,3.93,0.0
20230716:2111,0.0,0.0,0.0,13.72,3.66,0.0
20230716:2211,0.0,0.0,0.0,13.29,3.72,0.0
20230716:2311,0.0,0.0,0.0,12.89,3.66,0.0
20230717:0011,0.0,0.0,0.0,12.55,3.52,0.0
20230717:0111,0.0,0.0,0.0,12.38,3.31,0.0
20230717:0211,0.0,0.0,0.0,12.45,3.45,0.0
20230717:0311,0.0,0.0,0.0,12.58,3.59,0.0
20230717:0411,0.0,0.0,0.0,12.74,3.38,0.0
20230717:0511,83295.0,51.59,8.72,12.82,3.24,0.0
20230717:0611,213651.0,112.2,17.01,13.22,3.59,0.0
20230717:0711,154278.0,84.37,25.69,14.5,3.86,0.0
20230717:0811,1155168.0,520.85,34.4,15.59,4.83,0.0
20230717:0911,925020.0,418.02,42.68,16.1,5.45,0.0
20230717:1011,1030104.0,465.6,49.89,16.4,5.24,0.0
20230717:1111,1214217.0,549.85,55.03,17.06,5.17,0.0
20230717:1211,1104030.0,501.77,56.97,17.58,5.31,0.0
20230717:1311,1346031.0,610.37,55.1,17.67,5.45,0.0
20230717:1411,1226826.0,555.94,50.0,17.86,5.52,0.0
20230717:1511,808461.0,370.57,42.83,17.81,5.31,0.0
20230717:1611,771795.0,355.03,34.56,17.75,5.17,0.0
20230717:1711,476145.0,229.57,25.85,17.73,4.83,0.0
20230717:1811,209034.0,135.23,17.16,17.36,4.48,0.0
20230717:1911,81756.0,51.59,8.86,16.5,3.66,0.0
20230717:2011,0.0,0.0,0.0,15.24,3.17,0.0
20230717:2111,0.0,0.0,0.0,13.92,2.83,0.0
20230717:2211,0.0,0.0,0.0,13.18,2.69,0.0
20230717:2311,0.0,0.0,0.0,12.69,2.62,0.0
20230718:0011,0.0,0.0,0.0,12.18,2.41,0.0
20230718:0111,0.0,0.0,0.0,11.39,2.14,0.0
20230718:0211,0.0,0.0,0.0,10.48,1.79,0.0
20230718:0311,0.0,0.0,0.0,9.5,1.66,0.0
20230718:0411,0.0,0.0,0.0,8.96,1.66,0.0
20230718:0511,2430.0,7.87,8.56,9.67,1.24,0.0
20230718:0611,219537.0,116.15,16.86,12.58,1.1,0.0
20230718:0711,352593.0,172.08,25.54,14.27,1.66,0.0
20230718:0811,655857.0,303.84,34.25,15.17,2.14,0.0
20230718:0911,623754.0,290.19,42.53,15.81,2.41,0.0
20230718:1011,719388.0,332.33,49.72,15.93,2.62,0.0
20230718:1111,983313.0,449.86,54.86,15.96,2.69,0.0
20230718:1211,462753.0,220.65,56.8,16.56,2.83,0.0
20230718:1311,250398.0,127.94,54.94,16.78,3.03,0.0
20230718:1411,246564.0,126.09,49.86,16.57,3.31,0.0
20230718:1511,241704.0,123.31,42.7,15.33,3.38,0.0
20230718:1611,576099.0,268.47,34.43,14.99,2.34,0.0
20230718:1711,383967.0,186.38,25.73,14.84,1.93,0.0
20230718:1811,45279.0,33.38,17.04,14.72,1.79,0.0
20230718:1911,8127.0,12.24,8.73,14.18,1.72,0.0
20230718:2011,0.0,0.0,0.0,13.92,1.66,0.0
20230718:2111,0.0,0.0,0.0,13.7,1.66,0.0
20230718:2211,0.0,0.0,0.0,13.55,1.52,0.0
20230718:2311,0.0,0.0,0.0,13.41,1.31,0.0
20230719:0011,0.0,0.0,0.0,13.23,1.1,0.0
20230719:0111,0.0,0.0,0.0,12.97,0.9,0.0
20230719:0211,0.0,0.0,0.0,13.03,0.62,0.0
20230719:0311,0.0,0.0,0.0,12.68,0.9,0.0
20230719:0411,0.0,0.0,0.0,12.21,1.45,0.0
20230719:0511,75897.0,48.1,8.41,12.56,1.45,0.0
20230719:0611,208710.0,110.62,16.71,13.45,1.66,0.0
20230719:0711,608337.0,291.07,25.39,13.74,2.41,0.0
20230719:0811,913194.0,415.87,34.1,14.45,2.48,0.0
20230719:0911,1089342.0,495.14,42.37,15.03,2.34,0.0
20230719:1011,1387476.0,639.39,49.56,16.44,2.14,0.0
20230719:1111,1067256.0,493.17,54.69,17.1,1.93,0.0
20230719:1211,1392930.0,649.58,56.62,17.67,1.86,0.0
20230719:1311,1800846.0,860.9,54.77,17.98,1.45,0.0
20230719:1411,583362.0,277.53,49.71,18.53,1.31,0.0
20230719:1511,414639.0,202.38,42.56,18.51,1.1,0.0
20230719:1611,709371.0,335.46,34.3,17.72,0.21,0.0
20230719:1711,380295.0,188.22,25.6,17.53,0.14,0.0
20230719:1811,61398.0,41.72,16.91,16.22,0.83,0.0
20230719:1911,5589.0,10.49,8.6,15.71,0.48,0.0
20230719:2011,0.0,0.0,0.0,14.41,0.41,0.0
20230719:2111,0.0,0.0,0.0,13.54,0.97,0.0
20230719:2211,0.0,0.0,0.0,12.67,0.9,0.0
20230719:2311,0.0,0.0,0.0,12.02,1.03,0.0
20230720:0011,0.0,0.0,0.0,11.6,1.45,0.0
20230720:0111,0.0,0.0,0.0,10.57,1.93,0.0
20230720:0211,0.0,0.0,0.0,10.18,1.93,0.0
20230720:0311,0.0,0.0,0.0,9.75,2.14,0.0
20230720:0411,0.0,0.0,0.0,9.37,2.21,0.0
20230720:0511,39366.0,29.73,8.25,9.51,2.07,0.0
20230720:0611,201366.0,106.01,16.55,11.57,1.93,0.0
20230720:0711,498717.0,237.64,25.24,13.98,2.83,0.0
20230720:0811,1082052.0,490.98,33.95,15.05,3.24,0.0
20230720:0911,1563408.0,709.56,42.21,15.97,3.59,0.0
20230720:1011,1454085.0,663.1,49.39,16.44,3.45,0.0
20230720:1111,1149255.0,525.71,54.51,17.04,3.31,0.0
20230720:1211,1141344.0,524.44,56.44,17.6,3.1,0.0
20230720:1311,1629720.0,755.03,54.6,17.81,3.17,0.0
20230720:1411,261792.0,133.5,49.55,17.87,3.31,0.0
20230720:1511,502173.0,238.78,42.42,17.78,3.17,0.0
20230720:1611,319167.0,158.54,34.17,17.61,3.38,0.0
20230720:1711,268542.0,136.11,25.47,17.07,3.38,0.0
20230720:1811,44820.0,33.38,16.77,16.74,3.17,0.0
20230720:1911,16200.0,17.49,8.46,15.5,2.62,0.0
20230720:2011,0.0,0.0,0.0,14.9,2.48,0.0
20230720:2111,0.0,0.0,0.0,14.04,2.21,0.0
20230720:2211,0.0,0.0,0.0,12.99,2.14,0.0
20230720:2311,0.0,0.0,0.0,12.11,2.34,0.0
20230721:0011,0.0,0.0,0.0,11.9,2.48,0.0
20230721:0111,0.0,0.0,0.0,11.41,2.69,0.0
20230721:0211,0.0,0.0,0.0,11.32,2.76,0.0
20230721:0311,0.0,0.0,0.0,11.2,2.69,0.0
20230721:0411,0.0,0.0,0.0,11.08,2.69,0.0
20230721:0511,29079.0,24.48,8.09,10.96,2.69,0.0
20230721:0611,150309.0,82.25,16.39,12.08,2.55,0.0
20230721:0711,152955.0,83.44,25.08,13.27,2.76,0.0
20230721:0811,294543.0,145.56,33.79,14.02,3.1,0.0
20230721:0911,792315.0,361.03,42.05,14.75,3.17,0.0
20230721:1011,613926.0,284.82,49.21,15.15,2.9,0.0
20230721:1111,1376946.0,630.97,54.32,15.8,2.55,0.0
20230721:1211,421524.0,203.04,56.25,16.89,2.62,0.0
20230721:1311,1038420.0,478.29,54.42,17.45,2.62,0.0
20230721:1411,823932.0,381.51,49.39,17.61,2.55,0.0
20230721:1511,1086426.0,499.14,42.27,17.67,2.62,0.0
20230721:1611,873774.0,400.67,34.03,17.3,4.0,0.0
20230721:1711,325080.0,160.67,25.33,16.73,4.62,0.0
20230721:1811,197424.0,105.9,16.63,16.34,4.07,0.0
20230721:1911,17631.0,18.36,8.31,15.59,2.14,0.0
20230721:2011,0.0,0.0,0.0,14.88,2.55,0.0
20230721:2111,0.0,0.0,0.0,14.37,2.62,0.0
20230721:2211,0.0,0.0,0.0,13.89,2.69,0.0
20230721:2311,0.0,0.0,0.0,13.48,2.34,0.0
20230722:0011,0.0,0.0,0.0,13.11,1.72,0.0
20230722:0111,0.0,0.0,0.0,12.83,1.59,0.0
20230722:0211,0.0,0.0,0.0,12.72,2.21,0.0
20230722:0311,0.0,0.0,0.0,12.55,2.76,0.0
20230722:0411,0.0,0.0,0.0,12.52,3.03,0.0
20230722:0511,6939.0,11.37,7.92,12.66,3.03,0.0
20230722:0611,128817.0,72.65,16.23,12.81,3.03,0.0
20230722:0711,83862.0,51.92,24.92,13.12,3.17,0.0
20230722:0811,276426.0,137.21,33.63,13.34,3.72,0.0
20230722:0911,378162.0,180.79,41.88,13.58,4.62,0.0
20230722:1011,453519.0,213.23,49.03,13.59,4.0,0.0
20230722:1111,334071.0,162.24,54.13,13.85,4.07,0.0
20230722:1211,480411.0,225.29,56.05,14.15,4.07,0.0
20230722:1311,371871.0,178.93,54.24,14.49,4.14,0.0
20230722:1411,278883.0,139.07,49.22,14.7,3.72,0.0
20230722:1511,325620.0,159.46,42.11,14.88,3.45,0.0
20230722:1611,306045.0,151.12,33.88,15.04,3.38,0.0
20230722:1711,162054.0,88.08,25.18,14.98,2.97,0.0
20230722:1811,94824.0,57.48,16.49,15.01,2.48,0.0
20230722:1911,58563.0,40.23,8.16,15.9,2.34,0.0
20230722:2011,0.0,0.0,0.0,15.48,2.48,0.0
20230722:2111,0.0,0.0,0.0,15.01,2.34,0.0
20230722:2211,0.0,0.0,0.0,14.79,2.07,0.0
20230722:2311,0.0,0.0,0.0,14.51,2.07,0.0
20230723:0011,0.0,0.0,0.0,14.52,1.93,0.0
20230723:0111,0.0,0.0,0.0,14.46,1.86,0.0
20230723:0211,0.0,0.0,0.0,14.41,2.07,0.0
20230723:0311,0.0,0.0,0.0,14.37,2.28,0.0
20230723:0411,0.0,0.0,0.0,14.34,2.48,0.0
20230723:0511,50274.0,35.85,7.75,14.32,2.48,0.0
20230723:0611,18090.0,18.54,16.07,14.34,2.62,0.0
20230723:0711,174825.0,93.64,24.76,14.59,2.69,0.0
20230723:0811,293463.0,145.56,33.46,14.69,2.9,0.0
20230723:0911,370710.0,178.93,41.71,14.78,3.24,0.0
20230723:1011,383319.0,184.49,48.85,14.99,3.38,0.0
20230723:1111,515511.0,241.44,53.93,15.01,3.72,0.0
20230723:1211,492858.0,231.78,55.85,15.34,4.21,0.0
20230723:1311,527553.0,246.08,54.05,15.18,5.17,0.0
20230723:1411,343494.0,166.88,49.04,14.99,5.03,0.0
20230723:1511,492075.0,230.49,41.95,14.83,4.76,0.0
20230723:1611,309690.0,152.05,33.73,14.57,5.1,0.0
20230723:1711,253692.0,127.79,25.03,14.28,5.59,0.0
20230723:1811,138726.0,77.31,16.33,13.83,5.31,0.0
20230723:1911,70173.0,45.47,8.0,13.62,5.52,0.0
20230723:2011,0.0,0.0,0.0,13.31,5.24,0.0
20230723:2111,0.0,0.0,0.0,13.09,4.9,0.0
20230723:2211,0.0,0.0,0.0,12.9,4.83,0.0
20230723:2311,0.0,0.0,0.0,12.67,4.83,0.0
20230724:0011,0.0,0.0,0.0,12.36,4.69,0.0
20230724:0111,0.0,0.0,0.0,12.25,4.69,0.0
20230724:0211,0.0,0.0,0.0,11.93,4.83,0.0
20230724:0311,0.0,0.0,0.0,11.54,4.83,0.0
20230724:0411,0.0,0.0,0.0,11.21,4.69,0.0
20230724:0511,67419.0,43.72,7.58,11.05,4.76,0.0
20230724:0611,224478.0,122.98,15.9,11.33,5.31,0.0
20230724:0711,523719.0,246.39,24.6,12.24,5.66,0.0
20230724:0811,739449.0,333.29,33.29,13.36,6.34,0.0
20230724:0911,519912.0,241.02,41.53,14.05,6.14,0.0
20230724:1011,1040121.0,465.12,48.66,14.79,6.0,0.0
20230724:1111,1996515.0,904.72,53.73,15.46,5.52,0.0
20230724:1211,1089234.0,491.47,55.65,15.86,5.1,0.0
20230724:1311,2126061.0,976.44,53.85,15.97,4.69,0.0
20230724:1411,1791288.0,817.38,48.86,16.48,4.28,0.0
20230724:1511,806382.0,369.18,41.78,16.52,3.79,0.0
20230724:1611,973107.0,444.45,33.57,16.19,3.17,0.0
20230724:1711,605421.0,291.43,24.88,15.48,2.69,0.0
20230724:1811,187785.0,101.3,16.17,15.03,2.41,0.0
20230724:1911,69741.0,45.47,7.83,14.42,1.79,0.0
20230724:2011,0.0,0.0,0.0,13.54,1.79,0.0
20230724:2111,0.0,0.0,0.0,12.36,1.79,0.0
20230724:2211,0.0,0.0,0.0,11.53,1.72,0.0
20230724:2311,0.0,0.0,0.0,11.02,1.66,0.0
20230725:0011,0.0,0.0,0.0,10.57,1.59,0.0
20230725:0111,0.0,0.0,0.0,9.73,1.52,0.0
20230725:0211,0.0,0.0,0.0,8.94,1.38,0.0
20230725:0311,0.0,0.0,0.0,8.16,1.66,0.0
20230725:0411,0.0,0.0,0.0,7.7,2.0,0.0
20230725:0511,23058.0,20.99,7.4,8.37,1.86,0.0
20230725:0611,210951.0,111.95,15.73,10.64,1.86,0.0
20230725:0711,652752.0,315.02,24.43,12.87,2.48,0.0
20230725:0811,1195452.0,542.61,33.12,14.49,2.83,0.0
20230725:0911,1530549.0,695.58,41.36,15.55,3.1,0.0
20230725:1011,1037124.0,472.67,48.47,16.1,3.03,0.0
20230725:1111,638442.0,297.8,53.53,16.99,3.17,0.0
20230725:1211,1116963.0,512.43,55.44,17.23,3.03,0.0
20230725:1311,884817.0,407.96,53.65,17.61,3.1,0.0
20230725:1411,1447551.0,665.78,48.68,18.12,3.38,0.0
20230725:1511,827901.0,379.28,41.61,16.5,3.31,0.0
20230725:1611,763020.0,349.86,33.4,16.46,4.41,0.0
20230725:1711,562113.0,268.65,24.71,15.66,4.83,0.0
20230725:1811,169776.0,92.23,16.01,15.03,3.86,0.0
20230725:1911,33237.0,27.11,7.66,15.2,3.38,0.0
20230725:2011,0.0,0.0,0.0,14.35,3.17,0.0
20230725:2111,0.0,0.0,0.0,13.51,3.17,0.0
20230725:2211,0.0,0.0,0.0,12.69,3.1,0.0
20230725:2311,0.0,0.0,0.0,12.08,3.1,0.0
20230726:0011,0.0,0.0,0.0,11.95,3.03,0.0
20230726:0111,0.0,0.0,0.0,11.79,3.1,0.0
20230726:0211,0.0,0.0,0.0,12.15,3.03,0.0
20230726:0311,0.0,0.0,0.0,12.25,2.76,0.0
20230726:0411,0.0,0.0,0.0,11.99,2.41,0.0
20230726:0511,21060.0,20.11,7.22,11.81,2.21,0.0
20230726:0611,169668.0,118.16,15.55,12.71,2.0,0.0
20230726:0711,655290.0,318.58,24.25,14.4,3.45,0.0
20230726:0811,899343.0,408.12,32.95,15.81,4.76,0.0
20230726:0911,1487943.0,674.61,41.17,17.03,4.21,0.0
20230726:1011,1044522.0,477.38,48.28,18.01,4.14,0.0
20230726:1111,1222884.0,560.06,53.32,18.56,4.21,0.0
20230726:1211,1181196.0,541.87,55.22,18.91,4.34,0.0
20230726:1311,1329912.0,610.69,53.44,18.91,4.14,0.0
20230726:1411,1890999.0,877.7,48.48,19.6,4.34,0.0
20230726:1511,1067850.0,489.9,41.43,19.95,4.83,0.0
20230726:1611,308772.0,155.0,33.23,19.52,4.41,0.0
20230726:1711,186030.0,100.13,24.54,18.72,4.41,0.0
20230726:1811,50166.0,36.16,15.84,17.16,4.0,0.0
20230726:1911,8046.0,12.24,7.49,15.74,3.45,0.0
20230726:2011,0.0,0.0,0.0,14.89,3.45,0.0
20230726:2111,0.0,0.0,0.0,14.57,3.86,0.0
20230726:2211,0.0,0.0,0.0,14.37,4.21,0.0
20230726:2311,0.0,0.0,0.0,14.21,4.0,0.0
20230727:0011,0.0,0.0,0.0,14.09,3.59,0.0
20230727:0111,0.0,0.0,0.0,13.96,3.31,0.0
20230727:0211,0.0,0.0,0.0,14.04,3.31,0.0
20230727:0311,0.0,0.0,0.0,14.17,2.83,0.0
20230727:0411,0.0,0.0,0.0,14.35,2.34,0.0
20230727:0511,28485.0,24.48,7.04,14.57,2.21,0.0
20230727:0611,102789.0,61.19,15.38,14.88,2.0,0.0
20230727:0711,327537.0,162.3,24.08,15.63,1.52,0.0
20230727:0811,654102.0,304.78,32.77,16.38,2.07,0.0
20230727:0911,763047.0,352.5,40.99,17.07,2.69,0.0
20230727:1011,1263519.0,579.33,48.08,17.93,3.24,0.0
20230727:1111,606960.0,285.35,53.1,18.42,3.66,0.0
20230727:1211,374355.0,183.57,55.0,19.08,4.28,0.0
20230727:1311,804303.0,372.89,53.22,19.22,4.34,0.0
20230727:1411,959310.0,441.12,48.28,19.05,4.28,0.0
20230727:1511,838296.0,386.99,41.24,18.99,4.0,0.0
20230727:1611,538029.0,255.22,33.05,18.98,3.93,0.0
20230727:1711,505386.0,247.16,24.37,19.26,3.66,0.0
20230727:1811,208062.0,121.25,15.66,19.12,2.83,0.0
20230727:1911,61101.0,41.97,7.3,19.08,3.52,0.0
20230727:2011,0.0,0.0,0.0,17.83,3.45,0.0
20230727:2111,0.0,0.0,0.0,16.7,3.1,0.0
20230727:2211,0.0,0.0,0.0,15.96,2.9,0.0
20230727:2311,0.0,0.0,0.0,15.25,2.62,0.0
20230728:0011,0.0,0.0,0.0,14.85,2.21,0.0
20230728:0111,0.0,0.0,0.0,14.52,2.07,0.0
20230728:0211,0.0,0.0,0.0,14.17,2.07,0.0
20230728:0311,0.0,0.0,0.0,14.15,1.86,0.0
20230728:0411,0.0,0.0,0.0,13.82,1.79,0.0
20230728:0511,5670.0,10.49,6.85,13.78,1.59,0.0
20230728:0611,205578.0,115.65,15.2,15.43,1.45,0.0
20230728:0711,447525.0,218.19,23.9,16.88,2.41,0.0
20230728:0811,695682.0,323.84,32.59,17.6,2.9,0.0
20230728:0911,597294.0,280.78,40.8,18.58,3.72,0.0
20230728:1011,1283418.0,589.09,47.87,19.62,4.41,0.0
20230728:1111,840834.0,390.77,52.88,20.38,4.69,0.0
20230728:1211,993303.0,459.84,54.77,20.77,4.83,0.0
20230728:1311,1034856.0,478.82,53.0,20.94,4.83,0.0
20230728:1411,1445229.0,667.69,48.08,21.11,4.76,0.0
20230728:1511,1016712.0,469.42,41.05,20.9,4.62,0.0
20230728:1611,504009.0,241.83,32.87,20.57,4.28,0.0
20230728:1711,444420.0,219.0,24.19,20.27,3.59,0.0
20230728:1811,80973.0,51.92,15.48,19.82,2.41,0.0
20230728:1911,48951.0,35.85,7.11,19.3,2.21,0.0
20230728:2011,0.0,0.0,0.0,18.37,2.28,0.0
20230728:2111,0.0,0.0,0.0,17.55,2.41,0.0
20230728:2211,0.0,0.0,0.0,16.81,2.41,0.0
20230728:2311,0.0,0.0,0.0,16.29,2.48,0.0
20230729:0011,0.0,0.0,0.0,15.88,2.62,0.0
20230729:0111,0.0,0.0,0.0,15.51,2.97,0.0
20230729:0211,0.0,0.0,0.0,15.26,3.38,0.0
20230729:0311,0.0,0.0,0.0,14.91,3.45,0.0
20230729:0411,0.0,0.0,0.0,14.67,3.52,0.0
20230729:0511,14850.0,16.61,6.66,14.62,3.66,0.0
20230729:0611,159597.0,88.11,15.02,14.94,3.38,0.0
20230729:0711,603450.0,291.56,23.72,15.25,5.1,0.0
20230729:0811,645570.0,296.61,32.41,15.38,5.31,0.0
20230729:0911,389961.0,187.58,40.61,15.99,5.17,0.0
20230729:1011,1243350.0,560.66,47.67,17.11,5.59,0.0
20230729:1111,1729107.0,785.04,52.66,17.62,5.86,0.0
20230729:1211,2124846.0,975.07,54.54,18.38,6.34,0.0
20230729:1311,1916217.0,874.0,52.77,18.37,6.34,0.0
20230729:1411,1258443.0,569.04,47.86,18.62,6.69,0.0
20230729:1511,1564191.0,705.17,40.85,18.52,6.55,0.0
20230729:1611,172152.0,93.64,32.68,18.4,6.48,0.0
20230729:1711,238734.0,123.2,24.0,18.05,6.14,0.0
20230729:1811,183789.0,121.54,15.29,17.53,5.45,0.0
20230729:1911,9261.0,13.12,6.92,16.79,5.52,0.0
20230729:2011,0.0,0.0,0.0,15.99,4.76,0.0
20230729:2111,0.0,0.0,0.0,15.31,4.28,0.0
20230729:2211,0.0,0.0,0.0,14.69,4.28,0.0
20230729:2311,0.0,0.0,0.0,14.42,4.28,0.0
20230730:0011,0.0,0.0,0.0,14.06,4.14,0.0
20230730:0111,0.0,0.0,0.0,13.74,4.28,0.0
20230730:0211,0.0,0.0,0.0,13.54,4.34,0.0
20230730:0311,0.0,0.0,0.0,13.34,4.34,0.0
20230730:0411,0.0,0.0,0.0,13.16,4.62,0.0
20230730:0511,52434.0,36.73,6.47,13.02,4.83,0.0
20230730:0611,156681.0,113.08,14.83,13.69,4.69,0.0
20230730:0711,648729.0,314.46,23.54,14.61,5.93,0.0
20230730:0811,823149.0,370.98,32.22,14.93,7.1,0.0
20230730:0911,1223937.0,543.52,40.41,15.48,7.17,0.0
20230730:1011,1258524.0,561.63,47.46,16.19,7.17,0.0
20230730:1111,446742.0,212.31,52.43,16.96,7.72,0.0
20230730:1211,601695.0,279.01,54.3,16.94,7.45,0.0
20230730:1311,1501497.0,673.92,52.54,17.16,7.17,0.0
20230730:1411,1217322.0,547.74,47.65,17.62,6.9,0.0
20230730:1511,707211.0,324.75,40.65,17.56,7.03,0.0
20230730:1611,385425.0,186.43,32.49,17.38,6.41,0.0
20230730:1711,107811.0,63.97,23.81,17.25,6.0,0.0
20230730:1811,55809.0,38.94,15.1,16.71,4.69,0.0
20230730:1911,3321.0,8.74,6.72,15.8,3.72,0.0
20230730:2011,0.0,0.0,0.0,15.12,2.69,0.0
20230730:2111,0.0,0.0,0.0,14.44,2.41,0.0
20230730:2211,0.0,0.0,0.0,14.21,2.62,0.0
20230730:2311,0.0,0.0,0.0,14.28,2.41,0.0
20230731:0011,0.0,0.0,0.0,14.39,2.41,0.0
20230731:0111,0.0,0.0,0.0,14.69,2.55,0.0
20230731:0211,0.0,0.0,0.0,15.09,2.62,0.0
20230731:0311,0.0,0.0,0.0,15.47,2.76,0.0
20230731:0411,0.0,0.0,0.0,15.92,3.38,0.0
20230731:0511,13311.0,15.74,6.28,16.23,3.93,0.0
20230731:0611,48519.0,35.23,14.64,16.45,4.07,0.0
20230731:0711,495072.0,240.5,23.35,16.82,4.07,0.0
20230731:0811,254610.0,129.79,32.03,17.02,3.72,0.0
20230731:0911,400032.0,193.16,40.21,17.49,5.24,0.0
20230731:1011,902610.0,412.63,47.24,17.55,4.41,0.0
20230731:1111,445716.0,213.23,52.2,17.8,5.52,0.0
20230731:1211,265437.0,134.43,54.06,17.27,5.52,0.0
20230731:1311,234252.0,120.52,52.3,16.66,4.83,0.0
20230731:1411,392040.0,189.13,47.42,16.63,4.83,0.0
20230731:1511,167643.0,90.86,40.44,16.04,4.28,0.0
20230731:1611,67500.0,44.5,32.29,15.43,4.83,0.0
20230731:1711,112671.0,65.82,23.62,15.51,3.86,0.0
20230731:1811,161892.0,89.19,14.9,15.2,4.28,0.0
20230731:1911,50193.0,35.85,6.52,14.82,4.07,0.0
20230731:2011,0.0,0.0,0.0,14.48,3.72,0.0
20230731:2111,0.0,0.0,0.0,14.26,4.07,0.0
20230731:2211,0.0,0.0,0.0,14.2,4.14,0.0
20230731:2311,0.0,0.0,0.0,14.15,3.93,0.0
20230801:0011,0.0,0.0,0.0,14.07,4.07,0.0
20230801:0111,0.0,0.0,0.0,14.18,4.0,0.0
20230801:0211,0.0,0.0,0.0,14.19,4.0,0.0
20230801:0311,0.0,0.0,0.0,14.16,3.93,0.0
20230801:0411,0.0,0.0,0.0,14.0,3.86,0.0
20230801:0511,12096.0,14.87,6.08,14.22,3.79,0.0
20230801:0611,181386.0,100.31,14.45,14.63,3.93,0.0
20230801:0711,336744.0,165.25,23.17,14.67,3.59,0.0
20230801:0811,647838.0,297.57,31.84,15.46,5.45,0.0
20230801:0911,492480.0,231.98,40.01,16.49,5.59,0.0
20230801:1011,803331.0,367.7,47.02,17.27,5.17,0.0
20230801:1111,1128087.0,514.14,51.96,17.84,4.48,0.0
20230801:1211,248886.0,127.94,53.81,18.48,4.69,0.0
20230801:1311,565758.0,266.5,52.06,18.33,4.62,0.0
20230801:1411,508437.0,241.35,47.19,18.16,4.28,0.0
20230801:1511,194940.0,103.84,40.23,18.01,4.14,0.0
20230801:1611,302697.0,151.32,32.08,17.89,4.14,0.0
20230801:1711,310689.0,155.4,23.41,17.74,4.34,0.0
20230801:1811,176931.0,98.6,14.69,17.31,3.59,0.0
20230801:1911,49653.0,35.85,6.31,16.63,2.07,0.0
20230801:2011,0.0,0.0,0.0,15.75,2.14,0.0
20230801:2111,0.0,0.0,0.0,14.86,2.0,0.0
20230801:2211,0.0,0.0,0.0,14.35,1.66,0.0
20230801:2311,0.0,0.0,0.0,13.74,1.93,0.0
20230802:0011,0.0,0.0,0.0,12.99,2.41,0.0
20230802:0111,0.0,0.0,0.0,12.81,2.62,0.0
20230802:0211,0.0,0.0,0.0,12.85,2.76,0.0
20230802:0311,0.0,0.0,0.0,12.85,2.76,0.0
20230802:0411,0.0,0.0,0.0,12.94,2.97,0.0
20230802:0511,2349.0,7.87,5.88,13.22,3.24,0.0
20230802:0611,26298.0,23.18,14.26,13.68,3.72,0.0
20230802:0711,34722.0,27.81,22.98,14.38,3.03,0.0
20230802:0811,65799.0,43.57,31.65,14.87,4.41,0.0
20230802:0911,347436.0,168.73,39.81,14.99,4.34,0.0
20230802:1011,223182.0,114.96,46.8,15.08,4.34,0.0
20230802:1111,319464.0,156.68,51.72,15.17,4.9,0.0
20230802:1211,221535.0,114.03,53.56,14.89,5.45,0.0
20230802:1311,179307.0,95.49,51.81,14.92,6.21,0.0
20230802:1411,225963.0,115.89,46.96,14.84,6.14,0.0
20230802:1511,374139.0,179.86,40.01,15.0,5.93,0.0
20230802:1611,275103.0,137.21,31.87,14.82,5.66,0.0
20230802:1711,212949.0,110.29,23.2,14.81,5.72,0.0
20230802:1811,50895.0,36.16,14.48,14.59,6.62,0.0
20230802:1911,6831.0,11.37,6.09,14.92,5.86,0.0
20230802:2011,0.0,0.0,0.0,14.54,6.07,0.0
20230802:2111,0.0,0.0,0.0,14.14,6.28,0.0
20230802:2211,0.0,0.0,0.0,13.77,6.14,0.0
20230802:2311,0.0,0.0,0.0,13.47,6.07,0.0
20230803:0011,0.0,0.0,0.0,13.15,5.72,0.0
20230803:0111,0.0,0.0,0.0,12.79,5.45,0.0
20230803:0211,0.0,0.0,0.0,12.73,5.17,0.0
20230803:0311,0.0,0.0,0.0,12.66,4.9,0.0
20230803:0411,0.0,0.0,0.0,12.79,4.69,0.0
20230803:0511,35316.0,27.98,5.68,13.01,4.55,0.0
20230803:0611,144261.0,106.49,14.06,13.48,4.34,0.0
20230803:0711,649242.0,316.15,22.78,14.11,5.03,0.0
20230803:0811,866025.0,391.06,31.45,15.11,5.72,0.0
20230803:0911,976644.0,440.27,39.6,16.05,5.1,0.0
20230803:1011,805221.0,368.21,46.58,16.67,4.55,0.0
20230803:1111,1686555.0,772.08,51.48,17.44,4.34,0.0
20230803:1211,884844.0,406.11,53.3,17.71,4.21,0.0
20230803:1311,462726.0,221.58,51.56,18.33,4.41,0.0
20230803:1411,820638.0,378.52,46.72,18.63,4.41,0.0
20230803:1511,600939.0,282.23,39.78,18.52,3.72,0.0
20230803:1611,248319.0,127.94,31.65,18.61,3.45,0.0
20230803:1711,208872.0,110.3,22.99,18.02,2.62,0.0
20230803:1811,89586.0,55.63,14.27,17.59,1.52,0.0
20230803:1911,0.0,5.25,5.87,16.88,1.72,0.0
20230803:2011,0.0,0.0,0.0,15.63,2.14,0.0
20230803:2111,0.0,0.0,0.0,15.0,1.86,0.0
20230803:2211,0.0,0.0,0.0,14.56,1.66,0.0
20230803:2311,0.0,0.0,0.0,14.2,1.86,0.0
20230804:0011,0.0,0.0,0.0,13.62,2.0,0.0
20230804:0111,0.0,0.0,0.0,13.7,1.93,0.0
20230804:0211,0.0,0.0,0.0,13.74,1.72,0.0
20230804:0311,0.0,0.0,0.0,13.73,1.79,0.0
20230804:0411,0.0,0.0,0.0,13.68,2.0,0.0
20230804:0511,38502.0,29.73,5.47,13.57,1.86,0.0
20230804:0611,177552.0,106.76,13.87,13.72,1.79,0.0
20230804:0711,340767.0,167.39,22.59,14.0,1.59,0.0
20230804:0811,658746.0,304.01,31.25,14.08,1.79,0.0
20230804:0911,392850.0,188.54,39.39,14.22,2.0,0.0
20230804:1011,413046.0,197.47,46.35,14.46,2.14,0.0
20230804:1111,588195.0,273.05,51.23,14.17,2.28,0.0
20230804:1211,877338.0,399.7,53.04,14.6,2.69,0.0
20230804:1311,1229607.0,556.34,51.3,14.52,2.97,0.0
20230804:1411,528768.0,247.39,46.47,14.72,2.76,0.0
20230804:1511,483840.0,228.38,39.55,15.0,2.34,0.0
20230804:1611,209331.0,109.4,31.43,15.37,1.59,0.0
20230804:1711,77031.0,49.14,22.77,15.21,1.38,0.0
20230804:1811,112833.0,66.18,14.05,15.32,1.45,0.0
20230804:1911,28485.0,24.48,5.64,14.65,2.21,0.0
20230804:2011,0.0,0.0,0.0,13.42,2.41,0.0
20230804:2111,0.0,0.0,0.0,13.07,2.34,0.0
20230804:2211,0.0,0.0,0.0,12.66,2.14,0.0
20230804:2311,0.0,0.0,0.0,12.33,2.07,0.0
20230805:0011,0.0,0.0,0.0,12.08,1.86,0.0
20230805:0111,0.0,0.0,0.0,11.95,1.79,0.0
20230805:0211,0.0,0.0,0.0,11.96,1.52,0.0
20230805:0311,0.0,0.0,0.0,11.95,1.24,0.0
20230805:0411,0.0,0.0,0.0,11.81,1.03,0.0
20230805:0511,0.0,4.37,5.26,11.51,0.97,0.0
20230805:0611,63018.0,41.72,13.67,11.26,0.55,0.0
20230805:0711,106272.0,62.12,22.39,11.93,1.17,0.0
20230805:0811,345762.0,167.56,31.05,12.98,1.31,0.0
20230805:0911,473283.0,223.4,39.17,13.57,1.1,0.0
20230805:1011,991521.0,455.43,46.11,14.43,0.9,0.0
20230805:1111,903204.0,415.93,50.97,15.01,1.17,0.0
20230805:1211,621756.0,289.4,52.77,15.21,2.0,0.0
20230805:1311,318681.0,156.68,51.03,15.23,3.52,0.0
20230805:1411,415719.0,197.47,46.22,14.41,4.83,0.0
20230805:1511,412803.0,195.05,39.31,13.35,5.72,0.0
20230805:1611,185382.0,97.35,31.2,12.83,5.86,0.0
20230805:1711,308340.0,151.0,22.55,12.84,5.93,0.0
20230805:1811,136269.0,76.47,13.82,12.63,6.21,0.0
20230805:1911,0.0,4.37,5.41,12.3,5.24,0.0
20230805:2011,0.0,0.0,0.0,11.99,4.83,0.0
20230805:2111,0.0,0.0,0.0,11.78,4.69,0.0
20230805:2211,0.0,0.0,0.0,11.5,4.62,0.0
20230805:2311,0.0,0.0,0.0,11.17,4.55,0.0
20230806:0011,0.0,0.0,0.0,10.89,4.48,0.0
20230806:0111,0.0,0.0,0.0,10.52,4.48,0.0
20230806:0211,0.0,0.0,0.0,10.38,4.48,0.0
20230806:0311,0.0,0.0,0.0,10.21,4.28,0.0
20230806:0411,0.0,0.0,0.0,10.14,4.07,0.0
20230806:0511,32535.0,26.23,5.05,10.03,4.0,0.0
20230806:0611,150444.0,103.61,13.47,10.65,4.0,0.0
20230806:0711,643464.0,311.22,22.19,11.95,4.41,0.0
20230806:0811,1169046.0,519.72,30.84,13.2,5.66,0.0
20230806:0911,1568835.0,696.4,38.96,14.11,5.38,0.0
20230806:1011,2011473.0,907.22,45.88,15.04,5.38,0.0
20230806:1111,1804437.0,816.79,50.72,15.34,4.83,0.0
20230806:1211,607176.0,281.51,52.5,16.01,4.83,0.0
20230806:1311,251397.0,127.94,50.76,16.45,4.76,0.0
20230806:1411,735021.0,337.63,45.97,16.61,4.48,0.0
20230806:1511,1130598.0,510.68,39.07,16.18,4.0,0.0
20230806:1611,1031319.0,468.32,30.97,16.03,4.07,0.0
20230806:1711,334152.0,164.97,22.32,15.54,3.17,0.0
20230806:1811,165402.0,92.61,13.59,14.91,2.28,0.0
20230806:1911,17766.0,18.36,5.17,14.43,1.52,0.0
20230806:2011,0.0,0.0,0.0,13.7,1.03,0.0
20230806:2111,0.0,0.0,0.0,12.71,1.03,0.0
20230806:2211,0.0,0.0,0.0,11.42,1.31,0.0
20230806:2311,0.0,0.0,0.0,10.15,1.66,0.0
20230807:0011,0.0,0.0,0.0,9.35,1.66,0.0
20230807:0111,0.0,0.0,0.0,8.74,1.79,0.0
20230807:0211,0.0,0.0,0.0,8.31,2.0,0.0
20230807:0311,0.0,0.0,0.0,8.14,2.07,0.0
20230807:0411,0.0,0.0,0.0,7.97,2.21,0.0
20230807:0511,16956.0,17.49,4.84,8.07,2.21,0.0
20230807:0611,143613.0,101.41,13.26,9.98,2.07,0.0
20230807:0711,619677.0,302.78,21.99,13.14,2.69,0.0
20230807:0811,1120149.0,505.56,30.64,14.54,3.79,0.0
20230807:0911,1448037.0,650.27,38.74,15.59,4.48,0.0
20230807:1011,1741365.0,787.09,45.64,16.18,5.03,0.0
20230807:1111,2250774.0,1034.6,50.45,16.76,5.45,0.0
20230807:1211,623457.0,289.48,52.22,17.06,5.52,0.0
20230807:1311,1259631.0,569.2,50.49,17.4,5.66,0.0
20230807:1411,831978.0,379.69,45.7,17.45,5.86,0.0
20230807:1511,1261143.0,566.73,38.82,16.94,5.59,0.0
20230807:1611,963360.0,437.02,30.73,16.82,5.66,0.0
20230807:1711,556254.0,270.95,22.08,16.47,5.1,0.0
20230807:1811,155898.0,87.94,13.35,15.94,4.34,0.0
20230807:1911,30024.0,25.36,4.93,15.11,3.93,0.0
20230807:2011,0.0,0.0,0.0,14.05,3.79,0.0
20230807:2111,0.0,0.0,0.0,13.06,3.86,0.0
20230807:2211,0.0,0.0,0.0,12.94,4.0,0.0
20230807:2311,0.0,0.0,0.0,12.65,3.93,0.0
20230808:0011,0.0,0.0,0.0,12.76,3.66,0.0
20230808:0111,0.0,0.0,0.0,12.53,3.31,0.0
20230808:0211,0.0,0.0,0.0,12.45,3.03,0.0
20230808:0311,0.0,0.0,0.0,11.93,2.97,0.0
20230808:0411,0.0,0.0,0.0,11.37,2.97,0.0
20230808:0511,29106.0,24.48,4.63,10.83,2.97,0.0
20230808:0611,146880.0,101.12,13.05,11.52,3.17,0.0
20230808:0711,613602.0,299.15,21.78,13.21,3.45,0.0
20230808:0811,1129815.0,509.39,30.43,14.47,3.93,0.0
20230808:0911,1636200.0,738.48,38.52,15.62,4.14,0.0
20230808:1011,1497771.0,678.68,45.4,16.5,4.28,0.0
20230808:1111,2156922.0,997.12,50.19,17.52,4.9,0.0
20230808:1211,1381887.0,628.18,51.94,17.92,5.1,0.0
20230808:1311,1541133.0,701.51,50.21,18.12,5.24,0.0
20230808:1411,1734588.0,790.13,45.44,17.94,5.17,0.0
20230808:1511,1239840.0,561.64,38.57,17.65,4.62,0.0
20230808:1611,1150632.0,525.21,30.48,17.81,4.62,0.0
20230808:1711,628263.0,312.4,21.84,17.51,4.0,0.0
20230808:1811,131895.0,102.01,13.11,16.98,3.59,0.0
20230808:1911,19062.0,19.24,4.68,16.08,3.38,0.0
20230808:2011,0.0,0.0,0.0,14.36,3.17,0.0
20230808:2111,0.0,0.0,0.0,13.39,3.24,0.0
20230808:2211,0.0,0.0,0.0,12.41,3.31,0.0
20230808:2311,0.0,0.0,0.0,11.73,3.38,0.0
20230809:0011,0.0,0.0,0.0,11.15,3.17,0.0
20230809:0111,0.0,0.0,0.0,10.49,3.1,0.0
20230809:0211,0.0,0.0,0.0,10.03,2.97,0.0
20230809:0311,0.0,0.0,0.0,9.63,2.76,0.0
20230809:0411,0.0,0.0,0.0,9.5,2.62,0.0
20230809:0511,18306.0,18.36,4.41,9.44,2.55,0.0
20230809:0611,162783.0,92.85,12.85,10.57,2.34,0.0
20230809:0711,595134.0,291.66,21.58,13.33,2.55,0.0
20230809:0811,1073412.0,486.93,30.22,15.04,3.31,0.0
20230809:0911,1638117.0,740.4,38.29,16.65,4.55,0.0
20230809:1011,1844640.0,839.06,45.15,17.97,5.59,0.0
20230809:1111,1719144.0,786.42,49.92,18.66,5.31,0.0
20230809:1211,1761723.0,814.02,51.66,19.89,5.03,0.0
20230809:1311,1291788.0,594.33,49.93,20.26,4.69,0.0
20230809:1411,836676.0,388.9,45.16,20.63,4.41,0.0
20230809:1511,1045737.0,482.25,38.31,20.71,4.28,0.0
20230809:1611,472149.0,227.67,30.23,20.39,4.07,0.0
20230809:1711,300861.0,153.18,21.59,20.03,3.52,0.0
20230809:1811,144666.0,84.2,12.86,19.49,3.03,0.0
20230809:1911,20169.0,20.11,4.43,19.14,2.28,0.0
20230809:2011,0.0,0.0,0.0,18.29,2.14,0.0
20230809:2111,0.0,0.0,0.0,17.59,2.07,0.0
20230809:2211,0.0,0.0,0.0,17.12,2.0,0.0
20230809:2311,0.0,0.0,0.0,16.68,1.93,0.0
20230810:0011,0.0,0.0,0.0,16.41,1.72,0.0
20230810:0111,0.0,0.0,0.0,15.57,1.45,0.0
20230810:0211,0.0,0.0,0.0,14.8,1.17,0.0
20230810:0311,0.0,0.0,0.0,13.96,1.24,0.0
20230810:0411,0.0,0.0,0.0,13.81,1.1,0.0
20230810:0511,12069.0,14.87,4.19,14.51,0.69,0.0
20230810:0611,153873.0,90.45,12.64,15.33,0.14,0.0
20230810:0711,386424.0,192.1,21.37,16.46,0.55,0.0
20230810:0811,822258.0,385.45,30.0,18.24,1.1,0.0
20230810:0911,1311795.0,614.75,38.06,19.51,1.45,0.0
20230810:1011,1453005.0,686.86,44.9,20.71,1.79,0.0
20230810:1111,1518021.0,720.1,49.65,21.96,2.41,0.0
20230810:1211,1934712.0,931.88,51.37,23.09,3.1,0.0
20230810:1311,461916.0,226.7,49.64,23.61,3.86,0.0
20230810:1411,849204.0,401.22,44.89,23.87,3.86,0.0
20230810:1511,995625.0,468.37,38.04,23.72,3.31,0.0
20230810:1611,1053135.0,497.73,29.98,23.71,3.45,0.0
20230810:1711,550692.0,282.47,21.34,23.63,3.66,0.0
20230810:1811,131598.0,96.11,12.61,23.26,3.45,0.0
20230810:1911,22707.0,21.86,4.17,22.56,3.38,0.0
20230810:2011,0.0,0.0,0.0,21.24,3.17,0.0
20230810:2111,0.0,0.0,0.0,20.42,3.1,0.0
20230810:2211,0.0,0.0,0.0,19.91,3.1,0.0
20230810:2311,0.0,0.0,0.0,19.42,3.1,0.0
20230811:0011,0.0,0.0,0.0,19.2,3.1,0.0
20230811:0111,0.0,0.0,0.0,18.82,3.31,0.0
20230811:0211,0.0,0.0,0.0,18.87,3.45,0.0
20230811:0311,0.0,0.0,0.0,18.61,3.72,0.0
20230811:0411,0.0,0.0,0.0,18.47,3.93,0.0
20230811:0511,3240.0,8.74,3.97,18.3,4.21,0.0
20230811:0611,137295.0,95.83,12.42,18.43,4.69,0.0
20230811:0711,573723.0,286.03,21.16,18.56,5.17,0.0
20230811:0811,1114884.0,508.83,29.79,18.51,5.45,0.0
20230811:0911,1637604.0,743.36,37.83,18.78,5.52,0.0
20230811:1011,1810188.0,829.13,44.65,19.38,5.52,0.0
20230811:1111,1759455.0,808.46,49.37,20.18,5.93,0.0
20230811:1211,1603314.0,737.39,51.08,21.02,6.14,0.0
20230811:1311,1989036.0,927.65,49.34,21.3,5.45,0.0
20230811:1411,1213353.0,558.0,44.6,21.44,5.59,0.0
20230811:1511,1062990.0,489.55,37.77,21.23,5.03,0.0
20230811:1611,566649.0,269.93,29.72,21.24,4.76,0.0
20230811:1711,469449.0,235.32,21.09,21.06,3.86,0.0
20230811:1811,123876.0,94.07,12.35,20.31,3.17,0.0
20230811:1911,18711.0,19.24,3.91,19.3,3.1,0.0
20230811:2011,0.0,0.0,0.0,17.79,2.76,0.0
20230811:2111,0.0,0.0,0.0,16.74,2.76,0.0
20230811:2211,0.0,0.0,0.0,15.9,2.9,0.0
20230811:2311,0.0,0.0,0.0,15.52,3.1,0.0
20230812:0011,0.0,0.0,0.0,15.13,3.31,0.0
20230812:0111,0.0,0.0,0.0,14.5,3.45,0.0
20230812:0211,0.0,0.0,0.0,14.4,3.59,0.0
20230812:0311,0.0,0.0,0.0,14.59,3.86,0.0
20230812:0411,0.0,0.0,0.0,14.7,4.0,0.0
20230812:0511,9396.0,13.12,3.75,14.45,3.93,0.0
20230812:0611,19602.0,19.47,12.21,14.9,4.14,0.0
20230812:0711,286902.0,144.19,20.95,16.01,4.69,0.0
20230812:0811,769149.0,351.13,29.57,17.11,7.1,0.0
20230812:0911,403083.0,194.57,37.6,18.15,7.03,0.0
20230812:1011,690498.0,319.5,44.4,18.58,6.41,0.0
20230812:1111,576207.0,271.03,49.09,19.23,6.48,0.0
20230812:1211,380403.0,186.35,50.78,19.92,6.48,0.0
20230812:1311,980910.0,449.27,49.05,19.92,6.41,0.0
20230812:1411,1582038.0,723.41,44.32,19.63,5.31,0.0
20230812:1511,999675.0,452.42,37.5,17.74,5.72,0.0
20230812:1611,674163.0,313.75,29.45,18.53,4.69,0.0
20230812:1711,504927.0,251.17,20.83,18.45,3.86,0.0
20230812:1811,125442.0,92.33,12.09,18.42,4.76,0.0
20230812:1911,2241.0,7.87,3.64,17.63,4.55,0.0
20230812:2011,0.0,0.0,0.0,17.16,4.34,0.0
20230812:2111,0.0,0.0,0.0,16.63,4.41,0.0
20230812:2211,0.0,0.0,0.0,16.23,4.41,0.0
20230812:2311,0.0,0.0,0.0,15.97,4.34,0.0
20230813:0011,0.0,0.0,0.0,15.67,4.28,0.0
20230813:0111,0.0,0.0,0.0,15.37,4.07,0.0
20230813:0211,0.0,0.0,0.0,15.04,3.93,0.0
20230813:0311,0.0,0.0,0.0,15.1,3.86,0.0
20230813:0411,0.0,0.0,0.0,14.89,3.72,0.0
20230813:0511,0.0,2.62,3.53,14.85,3.66,0.0
20230813:0611,56268.0,38.94,11.99,15.05,3.66,0.0
20230813:0711,287280.0,144.32,20.73,15.66,3.79,0.0
20230813:0811,330777.0,162.18,29.35,15.96,4.34,0.0
20230813:0911,713367.0,327.16,37.37,16.37,4.48,0.0
20230813:1011,750006.0,344.5,44.14,17.13,4.69,0.0
20230813:1111,1249020.0,566.21,48.81,17.77,5.17,0.0
20230813:1211,820233.0,377.11,50.48,18.46,5.45,0.0
20230813:1311,1570806.0,716.13,48.74,18.84,5.52,0.0
20230813:1411,341361.0,168.73,44.02,18.98,5.52,0.0
20230813:1511,450468.0,216.26,37.22,18.91,5.24,0.0
20230813:1611,485865.0,231.47,29.18,18.62,4.97,0.0
20230813:1711,505926.0,251.16,20.56,18.09,4.48,0.0
20230813:1811,93852.0,57.81,11.82,17.58,3.24,0.0
20230813:1911,0.0,2.62,3.37,16.78,3.17,0.0
20230813:2011,0.0,0.0,0.0,15.72,2.9,0.0
20230813:2111,0.0,0.0,0.0,14.91,2.62,0.0
20230813:2211,0.0,0.0,0.0,14.65,2.41,0.0
20230813:2311,0.0,0.0,0.0,14.3,2.34,0.0
20230814:0011,0.0,0.0,0.0,13.85,2.41,0.0
20230814:0111,0.0,0.0,0.0,13.46,2.41,0.0
20230814:0211,0.0,0.0,0.0,13.71,2.41,0.0
20230814:0311,0.0,0.0,0.0,14.19,2.55,0.0
20230814:0411,0.0,0.0,0.0,14.52,2.62,0.0
20230814:0511,0.0,1.75,3.3,14.43,2.48,0.0
20230814:0611,7830.0,12.05,11.77,14.57,2.62,0.0
20230814:0711,315630.0,156.99,20.51,14.71,2.55,0.0
20230814:0811,92691.0,56.55,29.12,15.34,2.48,0.0
20230814:0911,98496.0,59.33,37.13,15.59,2.28,0.0
20230814:1011,120339.0,69.53,43.88,15.92,2.48,0.0
20230814:1111,240651.0,123.31,48.52,16.05,2.83,0.0
20230814:1211,396306.0,190.98,50.17,16.3,3.93,0.0
20230814:1311,391122.0,189.13,48.44,16.65,3.66,0.0
20230814:1411,146097.0,81.59,43.73,17.04,3.24,0.0
20230814:1511,238950.0,123.31,36.93,17.78,3.72,0.0
20230814:1611,1049220.0,483.5,28.91,18.73,3.79,0.0
20230814:1711,376461.0,188.81,20.29,19.23,4.0,0.0
20230814:1811,70443.0,46.36,11.55,17.85,4.69,0.0
20230814:1911,10476.0,13.99,3.09,17.83,2.55,0.0
20230814:2011,0.0,0.0,0.0,17.02,2.55,0.0
20230814:2111,0.0,0.0,0.0,16.37,2.9,0.0
20230814:2211,0.0,0.0,0.0,15.81,3.52,0.0
20230814:2311,0.0,0.0,0.0,15.45,4.14,0.0
20230815:0011,0.0,0.0,0.0,15.24,3.79,0.0
20230815:0111,0.0,0.0,0.0,15.13,3.38,0.0
20230815:0211,0.0,0.0,0.0,14.96,3.03,0.0
20230815:0311,0.0,0.0,0.0,14.52,2.83,0.0
20230815:0411,0.0,0.0,0.0,13.96,2.97,0.0
20230815:0511,0.0,2.62,3.07,13.92,3.1,0.0
20230815:0611,134487.0,89.34,11.55,14.42,3.31,0.0
20230815:0711,482814.0,236.86,20.3,15.54,3.52,0.0
20230815:0811,1001673.0,456.55,28.9,16.63,4.0,0.0
20230815:0911,1495908.0,681.47,36.89,17.74,3.86,0.0
20230815:1011,1537542.0,706.24,43.61,18.45,3.72,0.0
20230815:1111,1574073.0,726.69,48.23,18.85,3.72,0.0
20230815:1211,987714.0,455.78,49.86,19.39,3.79,0.0
20230815:1311,989523.0,457.17,48.12,19.85,3.86,0.0
20230815:1411,756432.0,353.31,43.43,20.01,3.45,0.0
20230815:1511,254691.0,131.65,36.65,20.12,3.17,0.0
20230815:1611,470556.0,227.24,28.63,20.19,3.17,0.0
20230815:1711,198990.0,106.71,20.01,19.73,2.97,0.0
20230815:1811,122256.0,74.09,11.28,18.99,2.69,0.0
20230815:1911,0.0,3.5,2.81,17.99,1.79,0.0
20230815:2011,0.0,0.0,0.0,16.42,1.86,0.0
20230815:2111,0.0,0.0,0.0,15.54,1.93,0.0
20230815:2211,0.0,0.0,0.0,14.49,2.0,0.0
20230815:2311,0.0,0.0,0.0,13.57,2.14,0.0
20230816:0011,0.0,0.0,0.0,12.93,2.14,0.0
20230816:0111,0.0,0.0,0.0,12.45,1.93,0.0
20230816:0211,0.0,0.0,0.0,11.9,1.86,0.0
20230816:0311,0.0,0.0,0.0,11.64,1.79,0.0
20230816:0411,0.0,0.0,0.0,11.25,1.86,0.0
20230816:0511,5805.0,10.49,2.84,11.03,1.66,0.0
20230816:0611,113805.0,66.66,11.33,11.7,1.93,0.0
20230816:0711,338175.0,166.37,20.08,12.56,1.31,0.0
20230816:0811,864162.0,397.62,28.67,14.47,1.1,0.0
20230816:0911,1082241.0,500.68,36.64,16.45,0.9,0.0
20230816:1011,934929.0,437.48,43.35,17.88,0.62,0.0
20230816:1111,521694.0,251.0,47.94,18.89,0.76,0.0
20230816:1211,302319.0,152.97,49.55,19.23,1.03,0.0
20230816:1311,495072.0,239.33,47.81,19.72,1.31,0.0
20230816:1411,537003.0,258.14,43.12,20.03,1.45,0.0
20230816:1511,151686.0,85.29,36.35,19.96,1.45,0.0
20230816:1611,310149.0,156.68,28.35,19.97,1.66,0.0
20230816:1711,385803.0,194.72,19.73,19.37,2.21,0.0
20230816:1811,107703.0,65.8,10.99,18.61,2.62,0.0
20230816:1911,0.0,3.5,2.52,17.69,2.62,0.0
20230816:2011,0.0,0.0,0.0,16.3,2.55,0.0
20230816:2111,0.0,0.0,0.0,15.54,2.34,0.0
20230816:2211,0.0,0.0,0.0,14.77,2.21,0.0
20230816:2311,0.0,0.0,0.0,14.16,2.0,0.0
20230817:0011,0.0,0.0,0.0,14.32,1.93,0.0
20230817:0111,0.0,0.0,0.0,14.15,1.93,0.0
20230817:0211,0.0,0.0,0.0,14.37,2.0,0.0
20230817:0311,0.0,0.0,0.0,14.53,2.28,0.0
20230817:0411,0.0,0.0,0.0,14.5,2.21,0.0
20230817:0511,0.0,1.75,2.61,14.42,2.28,0.0
20230817:0611,52677.0,37.08,11.11,14.67,3.52,0.0
20230817:0711,307098.0,152.93,19.85,14.84,4.41,0.0
20230817:0811,714744.0,327.36,28.44,15.53,4.34,0.0
20230817:0911,762129.0,347.8,36.4,16.05,4.28,0.0
20230817:1011,644004.0,298.57,43.08,16.99,4.34,0.0
20230817:1111,925128.0,423.42,47.64,17.92,4.34,0.0
20230817:1211,749763.0,347.53,49.23,18.53,4.21,0.0
20230817:1311,1089531.0,499.65,47.49,19.04,4.21,0.0
20230817:1411,1374597.0,628.91,42.81,19.2,4.41,0.0
20230817:1511,1451844.0,661.11,36.05,18.8,4.62,0.0
20230817:1611,842373.0,388.26,28.06,18.6,4.83,0.0
20230817:1711,335178.0,168.35,19.45,17.84,4.69,0.0
20230817:1811,78651.0,50.38,10.71,16.85,4.34,0.0
20230817:1911,0.0,1.75,2.23,15.29,3.93,0.0
20230817:2011,0.0,0.0,0.0,14.49,3.52,0.0
20230817:2111,0.0,0.0,0.0,13.79,3.1,0.0
20230817:2211,0.0,0.0,0.0,13.25,3.03,0.0
20230817:2311,0.0,0.0,0.0,12.81,2.9,0.0
20230818:0011,0.0,0.0,0.0,12.52,2.62,0.0
20230818:0111,0.0,0.0,0.0,12.38,2.48,0.0
20230818:0211,0.0,0.0,0.0,12.37,2.55,0.0
20230818:0311,0.0,0.0,0.0,12.24,2.69,0.0
20230818:0411,0.0,0.0,0.0,12.45,2.9,0.0
20230818:0511,0.0,0.87,2.38,12.57,3.1,0.0
20230818:0611,38448.0,29.67,10.89,13.37,3.38,0.0
20230818:0711,256203.0,129.83,19.63,14.19,3.66,0.0
20230818:0811,225288.0,115.89,28.21,15.41,5.86,0.0
20230818:0911,273726.0,137.21,36.15,15.86,5.66,0.0
20230818:1011,216027.0,112.18,42.8,16.09,5.66,0.0
20230818:1111,211491.0,110.33,47.34,16.42,5.72,0.0
20230818:1211,256851.0,130.72,48.91,17.35,5.52,0.0
20230818:1311,273402.0,138.14,47.16,17.68,5.66,0.0
20230818:1411,162162.0,89.0,42.49,17.89,5.59,0.0
20230818:1511,365337.0,178.44,35.75,17.98,5.31,0.0
20230818:1611,242487.0,125.16,27.76,18.8,5.72,0.0
20230818:1711,97308.0,59.33,19.16,18.3,4.76,0.0
20230818:1811,24111.0,22.25,10.42,17.43,4.97,0.0
20230818:1911,0.0,0.87,1.93,16.5,4.97,0.0
20230818:2011,0.0,0.0,0.0,16.16,4.83,0.0
20230818:2111,0.0,0.0,0.0,15.98,4.9,0.0
20230818:2211,0.0,0.0,0.0,15.95,4.69,0.0
20230818:2311,0.0,0.0,0.0,15.92,4.69,0.0
20230819:0011,0.0,0.0,0.0,16.22,4.62,0.0
20230819:0111,0.0,0.0,0.0,16.99,4.97,0.0
20230819:0211,0.0,0.0,0.0,17.78,5.17,0.0
20230819:0311,0.0,0.0,0.0,18.66,5.66,0.0
20230819:0411,0.0,0.0,0.0,18.96,5.66,0.0
20230819:0511,3267.0,8.74,2.14,18.23,5.31,0.0
20230819:0611,107865.0,82.08,10.66,17.48,5.52,0.0
20230819:0711,455274.0,225.69,19.4,17.7,6.21,0.0
20230819:0811,1032831.0,468.2,27.98,18.36,7.79,0.0
20230819:0911,947646.0,429.93,35.9,19.05,7.45,0.0
20230819:1011,959931.0,437.56,42.53,19.91,7.66,0.0
20230819:1111,1418013.0,644.36,47.04,20.71,7.79,0.0
20230819:1211,1240218.0,567.03,48.59,21.26,7.17,0.0
20230819:1311,268758.0,138.14,46.84,21.55,7.72,0.0
20230819:1411,771579.0,358.94,42.17,21.27,6.14,0.0
20230819:1511,1504791.0,687.08,35.45,21.54,6.55,0.0
20230819:1611,683640.0,321.45,27.47,21.45,5.79,0.0
20230819:1711,295299.0,152.36,18.87,21.13,5.03,0.0
20230819:1811,110538.0,74.32,10.13,20.38,4.41,0.0
20230819:1911,0.0,4.37,1.64,19.08,4.07,0.0
20230819:2011,0.0,0.0,0.0,18.02,3.52,0.0
20230819:2111,0.0,0.0,0.0,17.24,3.45,0.0
20230819:2211,0.0,0.0,0.0,16.58,3.38,0.0
20230819:2311,0.0,0.0,0.0,16.09,3.38,0.0
20230820:0011,0.0,0.0,0.0,15.65,3.45,0.0
20230820:0111,0.0,0.0,0.0,15.37,3.66,0.0
20230820:0211,0.0,0.0,0.0,15.08,3.38,0.0
20230820:0311,0.0,0.0,0.0,14.6,2.97,0.0
20230820:0411,0.0,0.0,0.0,14.35,2.97,0.0
20230820:0511,0.0,3.5,1.91,14.27,3.1,0.0
20230820:0611,110430.0,82.46,10.43,14.82,2.97,0.0
20230820:0711,472419.0,233.24,19.18,15.88,3.38,0.0
20230820:0811,980505.0,446.69,27.74,17.29,4.97,0.0
20230820:0911,1149822.0,521.79,35.65,18.62,5.1,0.0
20230820:1011,742095.0,344.01,42.25,19.35,5.03,0.0
20230820:1111,995193.0,457.4,46.73,19.9,5.03,0.0
20230820:1211,2028780.0,946.19,48.26,20.44,5.17,0.0
20230820:1311,1225881.0,562.54,46.5,20.41,5.17,0.0
20230820:1411,1338741.0,614.23,41.85,20.36,4.83,0.0
20230820:1511,1503306.0,691.29,35.13,20.61,4.55,0.0
20230820:1611,908280.0,422.98,27.16,20.45,4.0,0.0
20230820:1711,527337.0,272.26,18.57,20.27,3.72,0.0
20230820:1811,101628.0,73.16,9.83,19.55,2.9,0.0
20230820:1911,0.0,1.75,1.33,18.41,2.34,0.0
20230820:2011,0.0,0.0,0.0,16.86,2.07,0.0
20230820:2111,0.0,0.0,0.0,15.31,2.0,0.0
20230820:2211,0.0,0.0,0.0,13.99,2.14,0.0
20230820:2311,0.0,0.0,0.0,13.31,2.41,0.0
20230821:0011,0.0,0.0,0.0,13.01,2.62,0.0
20230821:0111,0.0,0.0,0.0,12.91,2.9,0.0
20230821:0211,0.0,0.0,0.0,12.94,3.03,0.0
20230821:0311,0.0,0.0,0.0,12.91,3.03,0.0
20230821:0411,0.0,0.0,0.0,12.75,2.97,0.0
20230821:0511,0.0,1.75,1.67,12.58,2.97,0.0
20230821:0611,114696.0,79.81,10.2,13.08,2.9,0.0
20230821:0711,534087.0,264.36,18.95,14.99,3.31,0.0
20230821:0811,1075761.0,488.68,27.51,16.48,4.41,0.0
20230821:0911,1603854.0,724.78,35.4,17.85,5.38,0.0
20230821:1011,1869156.0,852.81,41.97,18.92,5.86,0.0
20230821:1111,2026620.0,934.1,46.42,19.81,6.07,0.0
20230821:1211,2159217.0,1002.45,47.93,20.45,6.21,0.0
20230821:1311,1782594.0,822.05,46.17,20.75,5.79,0.0
20230821:1411,1018170.0,467.54,41.52,20.71,5.66,0.0
20230821:1511,369846.0,182.65,34.82,21.22,6.62,0.0
20230821:1611,670194.0,315.1,26.86,20.69,4.97,0.0
20230821:1711,432270.0,220.75,18.27,20.5,4.55,0.0
20230821:1811,103491.0,69.95,9.53,19.78,4.48,0.0
20230821:1911,0.0,0.0,0.0,18.91,4.34,0.0
20230821:2011,0.0,0.0,0.0,18.18,4.28,0.0
20230821:2111,0.0,0.0,0.0,17.73,4.41,0.0
20230821:2211,0.0,0.0,0.0,16.99,4.28,0.0
20230821:2311,0.0,0.0,0.0,16.62,4.28,0.0
20230822:0011,0.0,0.0,0.0,16.36,4.21,0.0
20230822:0111,0.0,0.0,0.0,16.03,4.21,0.0
20230822:0211,0.0,0.0,0.0,16.01,4.21,0.0
20230822:0311,0.0,0.0,0.0,15.64,4.21,0.0
20230822:0411,0.0,0.0,0.0,15.38,4.21,0.0
20230822:0511,0.0,1.75,1.43,15.21,4.28,0.0
20230822:0611,105786.0,78.08,9.97,15.33,4.34,0.0
20230822:0711,508005.0,252.48,18.72,16.36,4.14,0.0
20230822:0811,1043280.0,472.78,27.27,17.44,6.34,0.0
20230822:0911,1039743.0,469.1,35.14,18.07,6.48,0.0
20230822:1011,1893861.0,861.63,41.69,18.9,6.34,0.0
20230822:1111,2186595.0,1005.06,46.11,19.26,6.69,0.0
20230822:1211,1938357.0,889.1,47.6,19.35,6.21,0.0
20230822:1311,871425.0,400.25,45.83,19.54,6.07,0.0
20230822:1411,1374273.0,624.96,41.19,20.02,6.21,0.0
20230822:1511,765072.0,353.7,34.5,19.93,5.59,0.0
20230822:1611,615195.0,288.8,26.55,19.33,5.17,0.0
20230822:1711,271890.0,140.36,17.96,18.9,4.69,0.0
20230822:1811,91827.0,59.42,9.22,18.2,4.07,0.0
20230822:1911,0.0,0.0,0.0,17.19,3.52,0.0
20230822:2011,0.0,0.0,0.0,16.19,3.31,0.0
20230822:2111,0.0,0.0,0.0,15.54,3.17,0.0
20230822:2211,0.0,0.0,0.0,15.14,3.03,0.0
20230822:2311,0.0,0.0,0.0,14.55,2.83,0.0
20230823:0011,0.0,0.0,0.0,14.22,2.62,0.0
20230823:0111,0.0,0.0,0.0,13.82,2.48,0.0
20230823:0211,0.0,0.0,0.0,13.74,2.48,0.0
20230823:0311,0.0,0.0,0.0,13.64,2.55,0.0
20230823:0411,0.0,0.0,0.0,13.4,2.48,0.0
20230823:0511,0.0,0.0,0.0,13.46,2.41,0.0
20230823:0611,60345.0,40.79,9.74,13.94,2.34,0.0
20230823:0711,24408.0,22.25,18.49,15.17,2.48,0.0
20230823:0811,403974.0,194.31,27.03,15.99,2.83,0.0
20230823:0911,943542.0,429.73,34.88,17.15,3.59,0.0
20230823:1011,1013229.0,462.95,41.4,18.53,4.28,0.0
20230823:1111,658395.0,308.12,45.79,19.31,4.41,0.0
20230823:1211,879201.0,406.17,47.26,19.71,4.48,0.0
20230823:1311,791613.0,368.37,45.49,19.87,3.79,0.0
20230823:1411,607662.0,287.39,40.86,20.17,3.52,0.0
20230823:1511,831627.0,386.69,34.18,20.19,3.1,0.0
20230823:1611,238734.0,124.59,26.23,20.09,2.69,0.0
20230823:1711,64098.0,43.57,17.65,19.58,2.14,0.0
20230823:1811,19089.0,19.47,8.91,19.14,2.0,0.0
20230823:1911,0.0,0.0,0.0,18.34,2.07,0.0
20230823:2011,0.0,0.0,0.0,17.98,2.07,0.0
20230823:2111,0.0,0.0,0.0,17.7,2.14,0.0
20230823:2211,0.0,0.0,0.0,17.54,2.07,0.0
20230823:2311,0.0,0.0,0.0,17.27,1.86,0.0
20230824:0011,0.0,0.0,0.0,17.05,1.72,0.0
20230824:0111,0.0,0.0,0.0,16.57,1.93,0.0
20230824:0211,0.0,0.0,0.0,16.06,2.28,0.0
20230824:0311,0.0,0.0,0.0,15.84,2.48,0.0
20230824:0411,0.0,0.0,0.0,16.28,2.83,0.0
20230824:0511,0.0,0.0,0.0,16.14,3.1,0.0
20230824:0611,85968.0,54.87,9.51,15.94,3.03,0.0
20230824:0711,113913.0,66.75,18.25,16.43,1.79,0.0
20230824:0811,150039.0,83.44,26.79,16.93,1.93,0.0
20230824:0911,215784.0,113.11,34.62,17.49,2.34,0.0
20230824:1011,225882.0,117.74,41.11,17.84,2.48,0.0
20230824:1111,254610.0,130.72,45.47,18.35,2.69,0.0
20230824:1211,827928.0,384.15,46.92,18.65,2.83,0.0
20230824:1311,513378.0,245.3,45.14,19.21,3.1,0.0
20230824:1411,1019196.0,469.19,40.52,19.36,3.45,0.0
20230824:1511,741231.0,343.54,33.85,19.04,3.86,0.0
20230824:1611,891459.0,411.5,25.92,18.54,4.28,0.0
20230824:1711,480789.0,247.72,17.34,17.88,3.93,0.0
20230824:1811,71604.0,60.05,8.6,17.33,3.38,0.0
20230824:1911,0.0,0.0,0.0,15.67,3.1,0.0
20230824:2011,0.0,0.0,0.0,14.42,2.9,0.0
20230824:2111,0.0,0.0,0.0,13.65,2.97,0.0
20230824:2211,0.0,0.0,0.0,12.61,2.9,0.0
20230824:2311,0.0,0.0,0.0,11.8,2.76,0.0
20230825:0011,0.0,0.0,0.0,11.3,2.48,0.0
20230825:0111,0.0,0.0,0.0,11.01,2.41,0.0
20230825:0211,0.0,0.0,0.0,10.83,2.28,0.0
20230825:0311,0.0,0.0,0.0,10.54,2.21,0.0
20230825:0411,0.0,0.0,0.0,10.74,2.21,0.0
20230825:0511,0.0,0.0,0.0,11.11,2.14,0.0
20230825:0611,106812.0,71.31,9.27,11.72,2.07,0.0
20230825:0711,441558.0,216.85,18.02,13.01,2.34,0.0
20230825:0811,928368.0,420.7,26.54,14.28,3.17,0.0
20230825:0911,1094499.0,493.22,34.35,15.37,3.45,0.0
20230825:1011,1544589.0,702.21,40.82,16.03,3.45,0.0
20230825:1111,704511.0,325.37,45.15,16.75,3.59,0.0
20230825:1211,1116990.0,508.42,46.58,16.8,3.52,0.0
20230825:1311,759699.0,349.88,44.79,16.79,3.31,0.0
20230825:1411,710262.0,326.91,40.18,16.45,3.66,0.0
20230825:1511,532575.0,249.49,33.52,16.21,3.66,0.0
20230825:1611,456597.0,216.74,25.59,15.6,3.1,0.0
20230825:1711,408699.0,206.62,17.02,15.45,3.1,0.0
20230825:1811,75195.0,49.64,8.28,15.05,2.97,0.0
20230825:1911,0.0,0.0,0.0,14.63,3.03,0.0
20230825:2011,0.0,0.0,0.0,13.48,2.83,0.0
20230825:2111,0.0,0.0,0.0,12.66,2.55,0.0
20230825:2211,0.0,0.0,0.0,11.98,2.34,0.0
20230825:2311,0.0,0.0,0.0,11.49,2.34,0.0
20230826:0011,0.0,0.0,0.0,11.23,2.34,0.0
20230826:0111,0.0,0.0,0.0,11.18,2.28,0.0
20230826:0211,0.0,0.0,0.0,10.69,2.21,0.0
20230826:0311,0.0,0.0,0.0,10.82,2.0,0.0
20230826:0411,0.0,0.0,0.0,10.61,1.93,0.0
20230826:0511,0.0,0.0,0.0,10.74,1.79,0.0
20230826:0611,102276.0,70.14,9.04,10.94,1.52,0.0
20230826:0711,461511.0,227.31,17.78,11.88,0.76,0.0
20230826:0811,999729.0,457.51,26.3,13.3,1.03,0.0
20230826:0911,1378539.0,635.61,34.09,14.3,0.83,0.0
20230826:1011,1606068.0,759.35,40.53,15.35,0.48,0.0
20230826:1111,1967571.0,958.46,44.83,16.01,0.55,0.0
20230826:1211,2051352.0,1004.66,46.23,16.58,0.76,0.0
20230826:1311,399033.0,193.77,44.44,16.7,1.31,0.0
20230826:1411,430569.0,206.97,39.83,16.62,2.07,0.0
20230826:1511,1076328.0,491.9,33.18,16.48,2.14,0.0
20230826:1611,762750.0,352.6,25.27,16.29,2.62,0.0
20230826:1711,456246.0,234.07,16.7,15.99,2.97,0.0
20230826:1811,76626.0,51.1,7.96,15.3,2.28,0.0
20230826:1911,0.0,0.0,0.0,13.87,1.93,0.0
20230826:2011,0.0,0.0,0.0,12.68,2.21,0.0
20230826:2111,0.0,0.0,0.0,12.08,2.34,0.0
20230826:2211,0.0,0.0,0.0,11.63,2.41,0.0
20230826:2311,0.0,0.0,0.0,11.12,2.28,0.0
20230827:0011,0.0,0.0,0.0,10.79,2.07,0.0
20230827:0111,0.0,0.0,0.0,10.62,1.93,0.0
20230827:0211,0.0,0.0,0.0,10.12,1.93,0.0
20230827:0311,0.0,0.0,0.0,10.07,1.59,0.0
20230827:0411,0.0,0.0,0.0,9.83,1.59,0.0
20230827:0511,0.0,0.0,0.0,9.43,1.38,0.0
20230827:0611,82863.0,52.22,8.8,9.28,1.17,0.0
20230827:0711,146016.0,79.73,17.54,11.02,1.38,0.0
20230827:0811,543591.0,252.07,26.05,12.6,1.66,0.0
20230827:0911,1086912.0,495.01,33.82,14.87,1.59,0.0
20230827:1011,619245.0,289.79,40.23,15.75,0.97,0.0
20230827:1111,997758.0,463.86,44.5,16.65,0.69,0.0
20230827:1211,1055781.0,490.13,45.88,17.79,1.45,0.0
20230827:1311,1899207.0,900.12,44.08,18.29,2.21,0.0
20230827:1411,93636.0,57.48,39.48,17.47,2.55,0.0
20230827:1511,195777.0,103.84,32.84,16.73,2.55,0.0
20230827:1611,220536.0,114.96,24.94,17.03,2.55,0.0
20230827:1711,86319.0,53.77,16.38,16.21,1.59,0.0
20230827:1811,39771.0,30.59,7.63,15.32,2.0,0.0
20230827:1911,0.0,0.0,0.0,14.58,2.34,0.0
20230827:2011,0.0,0.0,0.0,14.05,2.48,0.0
20230827:2111,0.0,0.0,0.0,13.86,2.28,0.0
20230827:2211,0.0,0.0,0.0,12.93,2.48,0.0
20230827:2311,0.0,0.0,0.0,12.4,2.55,0.0
20230828:0011,0.0,0.0,0.0,11.79,2.62,0.0
20230828:0111,0.0,0.0,0.0,11.38,2.69,0.0
20230828:0211,0.0,0.0,0.0,11.16,2.55,0.0
20230828:0311,0.0,0.0,0.0,11.03,2.41,0.0
20230828:0411,0.0,0.0,0.0,10.71,2.48,0.0
20230828:0511,0.0,0.0,0.0,10.85,2.55,0.0
20230828:0611,65691.0,43.55,8.56,11.16,2.55,0.0
20230828:0711,303021.0,151.14,17.31,12.58,2.69,0.0
20230828:0811,855441.0,386.57,25.8,13.59,3.52,0.0
20230828:0911,1044900.0,468.97,33.55,14.43,3.45,0.0
20230828:1011,900558.0,408.5,39.94,15.18,3.1,0.0
20230828:1111,1034046.0,469.7,44.17,16.02,3.24,0.0
20230828:1211,798255.0,366.65,45.53,16.49,3.1,0.0
20230828:1311,1360692.0,621.94,43.72,16.99,3.1,0.0
20230828:1411,810243.0,372.64,39.13,17.22,2.97,0.0
20230828:1511,663660.0,308.24,32.5,17.34,2.83,0.0
20230828:1611,264276.0,134.35,24.61,17.11,2.41,0.0
20230828:1711,267840.0,139.05,16.05,16.86,2.41,0.0
20230828:1811,37800.0,29.67,7.3,16.32,2.48,0.0
20230828:1911,0.0,0.0,0.0,15.21,2.55,0.0
20230828:2011,0.0,0.0,0.0,14.59,2.62,0.0
20230828:2111,0.0,0.0,0.0,13.75,2.62,0.0
20230828:2211,0.0,0.0,0.0,13.41,2.69,0.0
20230828:2311,0.0,0.0,0.0,12.9,2.62,0.0
20230829:0011,0.0,0.0,0.0,12.05,2.62,0.0
20230829:0111,0.0,0.0,0.0,11.59,2.48,0.0
20230829:0211,0.0,0.0,0.0,11.44,2.28,0.0
20230829:0311,0.0,0.0,0.0,11.34,1.93,0.0
20230829:0411,0.0,0.0,0.0,11.18,2.0,0.0
20230829:0511,0.0,0.0,0.0,11.26,2.21,0.0
20230829:0611,63558.0,42.64,8.32,11.84,2.28,0.0
20230829:0711,239139.0,122.6,17.06,13.35,2.21,0.0
20230829:0811,231687.0,118.67,25.55,14.72,3.03,0.0
20230829:0911,273510.0,137.21,33.28,15.27,2.97,0.0
20230829:1011,906471.0,412.59,39.64,15.96,3.1,0.0
20230829:1111,1122714.0,510.49,43.84,16.86,3.59,0.0
20230829:1211,1140561.0,519.78,45.18,17.42,3.72,0.0
20230829:1311,1139373.0,517.75,43.36,17.5,4.21,0.0
20230829:1411,1824741.0,834.76,38.77,17.84,4.55,0.0
20230829:1511,1525554.0,691.62,32.16,17.66,4.55,0.0
20230829:1611,959931.0,440.37,24.27,17.27,4.48,0.0
20230829:1711,460863.0,240.28,15.72,16.65,4.14,0.0
20230829:1811,50706.0,45.7,6.97,15.62,3.59,0.0
20230829:1911,0.0,0.0,0.0,14.58,3.45,0.0
20230829:2011,0.0,0.0,0.0,13.44,3.38,0.0
20230829:2111,0.0,0.0,0.0,13.05,3.38,0.0
20230829:2211,0.0,0.0,0.0,12.53,3.45,0.0
20230829:2311,0.0,0.0,0.0,12.36,3.59,0.0
20230830:0011,0.0,0.0,0.0,12.2,3.52,0.0
20230830:0111,0.0,0.0,0.0,11.7,3.38,0.0
20230830:0211,0.0,0.0,0.0,11.19,3.31,0.0
20230830:0311,0.0,0.0,0.0,10.89,3.31,0.0
20230830:0411,0.0,0.0,0.0,10.52,3.24,0.0
20230830:0511,0.0,0.0,0.0,10.12,3.1,0.0
20230830:0611,86886.0,66.32,8.08,10.11,2.9,0.0
20230830:0711,345546.0,170.44,16.82,11.59,2.69,0.0
20230830:0811,1041147.0,467.23,25.29,13.17,3.79,0.0
20230830:0911,1219320.0,544.14,33.01,14.2,4.0,0.0
20230830:1011,1656855.0,745.98,39.33,15.05,4.34,0.0
20230830:1111,1275966.0,574.03,43.51,15.91,4.62,0.0
20230830:1211,1282554.0,579.15,44.82,16.09,4.21,0.0
20230830:1311,800442.0,365.29,43.0,16.23,4.28,0.0
20230830:1411,749520.0,342.92,38.41,16.37,4.28,0.0
20230830:1511,944298.0,427.49,31.81,16.22,3.86,0.0
20230830:1611,565083.0,264.45,23.93,16.17,3.45,0.0
20230830:1711,425655.0,221.86,15.39,16.08,2.83,0.0
20230830:1811,59346.0,44.17,6.64,15.52,1.52,0.0
20230830:1911,0.0,0.0,0.0,14.39,1.59,0.0
20230830:2011,0.0,0.0,0.0,12.9,1.1,0.0
20230830:2111,0.0,0.0,0.0,11.42,1.38,0.0
20230830:2211,0.0,0.0,0.0,9.71,1.72,0.0
20230830:2311,0.0,0.0,0.0,8.72,1.79,0.0
20230831:0011,0.0,0.0,0.0,8.08,1.79,0.0
20230831:0111,0.0,0.0,0.0,7.68,1.72,0.0
20230831:0211,0.0,0.0,0.0,7.09,1.79,0.0
20230831:0311,0.0,0.0,0.0,6.82,1.59,0.0
20230831:0411,0.0,0.0,0.0,6.56,1.52,0.0
20230831:0511,0.0,0.0,0.0,6.48,1.45,0.0
20230831:0611,86157.0,61.55,7.84,7.0,0.97,0.0
20230831:0711,464535.0,227.68,16.58,9.4,0.41,0.0
20230831:0811,1059426.0,488.72,25.04,12.38,0.07,0.0
20230831:0911,1454949.0,676.47,32.73,14.7,0.62,0.0
20230831:1011,1705860.0,799.02,39.03,16.27,1.52,0.0
20230831:1111,2122659.0,1010.38,43.17,17.35,2.41,0.0
20230831:1211,2187270.0,1043.85,44.46,18.03,2.76,0.0
20230831:1311,2052513.0,970.55,42.63,18.33,2.9,0.0
20230831:1411,1404864.0,647.88,38.05,18.31,2.69,0.0
20230831:1511,1155492.0,530.8,31.46,18.47,2.69,0.0
20230831:1611,923319.0,430.38,23.59,18.34,2.55,0.0
20230831:1711,433053.0,230.16,15.05,18.12,2.48,0.0
20230831:1811,54216.0,40.15,6.3,16.99,2.48,0.0
20230831:1911,0.0,0.0,0.0,15.59,2.62,0.0
20230831:2011,0.0,0.0,0.0,14.73,2.41,0.0
20230831:2111,0.0,0.0,0.0,14.05,2.55,0.0
20230831:2211,0.0,0.0,0.0,13.87,2.28,0.0
20230831:2311,0.0,0.0,0.0,13.39,2.28,0.0
20230901:0011,0.0,0.0,0.0,12.9,2.14,0.0
20230901:0111,0.0,0.0,0.0,12.65,2.21,0.0
20230901:0211,0.0,0.0,0.0,12.66,2.07,0.0
20230901:0311,0.0,0.0,0.0,12.91,1.86,0.0
20230901:0411,0.0,0.0,0.0,13.13,1.93,0.0
20230901:0511,0.0,0.0,0.0,13.26,2.07,0.0
20230901:0611,61506.0,42.29,7.59,13.46,2.48,0.0
20230901:0711,123849.0,70.46,16.33,13.36,1.86,0.0
20230901:0811,193995.0,101.98,24.78,14.18,2.41,0.0
20230901:0911,197667.0,103.84,32.45,14.82,2.69,0.0
20230901:1011,316116.0,155.75,38.72,15.35,3.1,0.0
20230901:1111,241164.0,123.31,42.83,15.71,3.1,0.0
20230901:1211,200475.0,105.69,44.1,16.4,3.24,0.0
20230901:1311,277776.0,139.99,42.26,16.95,3.31,0.0
20230901:1411,297945.0,149.26,37.69,17.66,3.38,0.0
20230901:1511,357372.0,175.12,31.11,17.59,3.38,0.0
20230901:1611,378648.0,184.34,23.25,17.33,3.38,0.0
20230901:1711,134298.0,76.45,14.71,16.81,3.17,0.0
20230901:1811,24273.0,22.25,5.96,16.07,2.9,0.0
20230901:1911,0.0,0.0,0.0,15.44,2.41,0.0
20230901:2011,0.0,0.0,0.0,15.05,2.28,0.0
20230901:2111,0.0,0.0,0.0,14.62,2.07,0.0
20230901:2211,0.0,0.0,0.0,14.43,1.79,0.0
20230901:2311,0.0,0.0,0.0,14.09,1.79,0.0
20230902:0011,0.0,0.0,0.0,13.77,1.72,0.0
20230902:0111,0.0,0.0,0.0,13.44,1.66,0.0
20230902:0211,0.0,0.0,0.0,13.39,1.52,0.0
20230902:0311,0.0,0.0,0.0,13.35,1.52,0.0
20230902:0411,0.0,0.0,0.0,12.83,1.52,0.0
20230902:0511,0.0,0.0,0.0,12.39,1.38,0.0
20230902:0611,56295.0,39.56,7.35,12.0,1.52,0.0
20230902:0711,192699.0,102.01,16.09,13.48,0.9,0.0
20230902:0811,459567.0,218.87,24.53,15.15,0.97,0.0
20230902:0911,1280178.0,589.86,32.17,16.53,1.45,0.0
20230902:1011,1547046.0,722.36,38.41,17.36,1.59,0.0
20230902:1111,1794015.0,857.95,42.49,18.41,1.38,0.0
20230902:1211,2039229.0,1003.0,43.73,19.18,1.1,0.0
20230902:1311,2010771.0,980.07,41.89,19.6,1.45,0.0
20230902:1411,1695141.0,802.97,37.32,19.93,1.93,0.0
20230902:1511,1342467.0,625.3,30.75,20.14,2.28,0.0
20230902:1611,764802.0,361.21,22.9,20.16,2.41,0.0
20230902:1711,390771.0,211.72,14.37,19.92,2.07,0.0
20230902:1811,38934.0,32.74,5.62,19.36,2.07,0.0
20230902:1911,0.0,0.0,0.0,18.5,2.07,0.0
20230902:2011,0.0,0.0,0.0,16.48,2.21,0.0
20230902:2111,0.0,0.0,0.0,14.78,1.79,0.0
20230902:2211,0.0,0.0,0.0,13.61,2.07,0.0
20230902:2311,0.0,0.0,0.0,13.07,2.34,0.0
20230903:0011,0.0,0.0,0.0,12.85,2.41,0.0
20230903:0111,0.0,0.0,0.0,12.49,2.14,0.0
20230903:0211,0.0,0.0,0.0,11.82,1.86,0.0
20230903:0311,0.0,0.0,0.0,11.35,1.86,0.0
20230903:0411,0.0,0.0,0.0,11.12,2.07,0.0
20230903:0511,0.0,0.0,0.0,11.01,2.0,0.0
20230903:0611,67986.0,46.85,7.1,10.95,1.93,0.0
20230903:0711,354159.0,177.08,15.84,13.41,2.14,0.0
20230903:0811,982071.0,451.64,24.27,16.5,2.34,0.0
20230903:0911,1496907.0,686.94,31.89,18.1,3.1,0.0
20230903:1011,1898181.0,887.91,38.1,19.49,3.45,0.0
20230903:1111,2048976.0,969.78,42.15,20.62,3.72,0.0
20230903:1211,2085804.0,988.0,43.36,21.37,4.21,0.0
20230903:1311,1936791.0,909.97,41.51,21.85,4.55,0.0
20230903:1411,1714446.0,798.86,36.95,21.91,4.41,0.0
20230903:1511,1428516.0,662.16,30.39,21.93,4.14,0.0
20230903:1611,892242.0,420.67,22.55,21.54,3.66,0.0
20230903:1711,394308.0,215.34,14.02,20.92,2.83,0.0
20230903:1811,23706.0,26.48,5.27,19.69,2.34,0.0
20230903:1911,0.0,0.0,0.0,18.29,2.0,0.0
20230903:2011,0.0,0.0,0.0,16.03,1.72,0.0
20230903:2111,0.0,0.0,0.0,14.41,1.52,0.0
20230903:2211,0.0,0.0,0.0,13.77,1.24,0.0
20230903:2311,0.0,0.0,0.0,12.86,1.31,0.0
20230904:0011,0.0,0.0,0.0,11.98,1.52,0.0
20230904:0111,0.0,0.0,0.0,12.21,1.31,0.0
20230904:0211,0.0,0.0,0.0,13.01,1.03,0.0
20230904:0311,0.0,0.0,0.0,12.81,1.1,0.0
20230904:0411,0.0,0.0,0.0,12.36,1.24,0.0
20230904:0511,0.0,0.0,0.0,11.24,1.59,0.0
20230904:0611,69579.0,56.37,6.86,10.82,1.79,0.0
20230904:0711,461376.0,231.17,15.59,13.3,1.17,0.0
20230904:0811,1021302.0,473.11,24.01,16.91,1.66,0.0
20230904:0911,1497528.0,696.45,31.61,19.06,2.28,0.0
20230904:1011,1861974.0,884.35,37.79,20.86,2.69,0.0
20230904:1111,2043441.0,983.54,41.8,22.25,3.1,0.0
20230904:1211,2070225.0,1001.88,43.0,23.2,3.24,0.0
20230904:1311,1955637.0,943.19,41.14,23.88,3.24,0.0
20230904:1411,1731888.0,827.75,36.58,24.37,3.17,0.0
20230904:1511,1296918.0,614.12,30.03,24.62,2.83,0.0
20230904:1611,847827.0,409.07,22.19,24.65,2.34,0.0
20230904:1711,354780.0,197.86,13.67,24.28,1.59,0.0
20230904:1811,29727.0,27.7,4.93,23.23,1.79,0.0
20230904:1911,0.0,0.0,0.0,21.2,2.48,0.0
20230904:2011,0.0,0.0,0.0,19.21,2.55,0.0
20230904:2111,0.0,0.0,0.0,17.7,2.34,0.0
20230904:2211,0.0,0.0,0.0,16.26,2.0,0.0
20230904:2311,0.0,0.0,0.0,15.15,1.52,0.0
20230905:0011,0.0,0.0,0.0,15.96,0.97,0.0
20230905:0111,0.0,0.0,0.0,15.62,0.55,0.0
20230905:0211,0.0,0.0,0.0,15.08,0.41,0.0
20230905:0311,0.0,0.0,0.0,14.6,0.62,0.0
20230905:0411,0.0,0.0,0.0,13.12,1.17,0.0
20230905:0511,0.0,0.0,0.0,11.28,1.59,0.0
20230905:0611,66069.0,53.25,6.61,11.17,1.93,0.0
20230905:0711,470556.0,236.09,15.34,13.47,1.38,0.0
20230905:0811,1023570.0,473.44,23.74,16.59,1.66,0.0
20230905:0911,1495260.0,697.38,31.32,18.83,1.93,0.0
20230905:1011,1846287.0,879.28,37.47,20.61,2.34,0.0
20230905:1111,2013714.0,966.26,41.45,21.83,3.03,0.0
20230905:1211,2064636.0,989.77,42.62,22.59,3.66,0.0
20230905:1311,1960875.0,932.35,40.76,22.93,4.0,0.0
20230905:1411,1756512.0,826.17,36.21,22.83,4.0,0.0
20230905:1511,1413477.0,658.08,29.66,22.38,3.79,0.0
20230905:1611,887679.0,418.96,21.84,21.61,3.79,0.0
20230905:1711,369981.0,203.56,13.32,20.5,3.31,0.0
20230905:1811,25083.0,24.51,4.58,18.92,2.83,0.0
20230905:1911,0.0,0.0,0.0,17.12,2.76,0.0
20230905:2011,0.0,0.0,0.0,15.66,2.34,0.0
20230905:2111,0.0,0.0,0.0,14.62,2.28,0.0
20230905:2211,0.0,0.0,0.0,13.84,2.28,0.0
20230905:2311,0.0,0.0,0.0,13.46,2.28,0.0
20230906:0011,0.0,0.0,0.0,13.08,2.14,0.0
20230906:0111,0.0,0.0,0.0,12.69,2.07,0.0
20230906:0211,0.0,0.0,0.0,12.34,2.0,0.0
20230906:0311,0.0,0.0,0.0,12.01,2.0,0.0
20230906:0411,0.0,0.0,0.0,11.73,1.93,0.0
20230906:0511,0.0,0.0,0.0,11.49,1.79,0.0
20230906:0611,2970.0,8.34,6.36,11.51,1.59,0.0
20230906:0711,197046.0,104.66,15.09,14.35,1.1,0.0
20230906:0811,364095.0,177.48,23.48,15.36,0.76,0.0
20230906:0911,789615.0,367.04,31.04,16.15,0.28,0.0
20230906:1011,1668789.0,807.29,37.15,17.57,0.14,0.0
20230906:1111,1844424.0,918.12,41.1,19.61,0.14,0.0
20230906:1211,1904499.0,953.72,42.25,21.36,0.48,0.0
20230906:1311,1787751.0,881.95,40.38,22.74,0.97,0.0
20230906:1411,1539108.0,745.15,35.83,23.73,1.31,0.0
20230906:1511,1239867.0,594.26,29.3,24.4,1.38,0.0
20230906:1611,495396.0,245.28,21.48,24.7,1.45,0.0
20230906:1711,197910.0,112.42,12.97,24.65,1.24,0.0
20230906:1811,19656.0,20.23,4.22,23.67,1.72,0.0
20230906:1911,0.0,0.0,0.0,22.0,2.0,0.0
20230906:2011,0.0,0.0,0.0,20.25,1.93,0.0
20230906:2111,0.0,0.0,0.0,18.63,1.79,0.0
20230906:2211,0.0,0.0,0.0,17.32,1.72,0.0
20230906:2311,0.0,0.0,0.0,16.49,1.59,0.0
20230907:0011,0.0,0.0,0.0,16.05,1.52,0.0
20230907:0111,0.0,0.0,0.0,16.85,0.97,0.0
20230907:0211,0.0,0.0,0.0,17.13,0.48,0.0
20230907:0311,0.0,0.0,0.0,16.95,0.28,0.0
20230907:0411,0.0,0.0,0.0,16.77,0.62,0.0
20230907:0511,0.0,0.0,0.0,16.38,0.83,0.0
20230907:0611,19494.0,19.47,6.11,15.62,1.03,0.0
20230907:0711,226800.0,119.5,14.84,15.85,1.1,0.0
20230907:0811,741798.0,348.79,23.21,18.46,1.1,0.0
20230907:0911,1091016.0,509.34,30.75,19.72,1.31,0.0
20230907:1011,1182627.0,558.63,36.83,21.17,1.17,0.0
20230907:1111,1289331.0,612.02,40.75,22.21,1.59,0.0
20230907:1211,1765395.0,859.89,41.88,23.25,1.72,0.0
20230907:1311,1001889.0,477.04,39.99,24.01,1.72,0.0
20230907:1411,1505655.0,725.64,35.45,24.59,1.79,0.0
20230907:1511,1250316.0,594.59,28.93,24.62,2.21,0.0
20230907:1611,519615.0,254.72,21.12,24.2,2.76,0.0
20230907:1711,100791.0,62.43,12.61,23.06,2.41,0.0
20230907:1811,12933.0,15.76,3.87,21.27,2.21,0.0
20230907:1911,0.0,0.0,0.0,18.89,2.21,0.0
20230907:2011,0.0,0.0,0.0,17.55,2.0,0.0
20230907:2111,0.0,0.0,0.0,16.68,1.66,0.0
20230907:2211,0.0,0.0,0.0,15.98,1.79,0.0
20230907:2311,0.0,0.0,0.0,15.48,1.86,0.0
20230908:0011,0.0,0.0,0.0,14.95,1.93,0.0
20230908:0111,0.0,0.0,0.0,14.56,2.0,0.0
20230908:0211,0.0,0.0,0.0,14.62,1.93,0.0
20230908:0311,0.0,0.0,0.0,14.43,1.66,0.0
20230908:0411,0.0,0.0,0.0,14.21,1.31,0.0
20230908:0511,0.0,0.0,0.0,14.0,1.24,0.0
20230908:0611,37395.0,30.02,5.86,13.89,1.24,0.0
20230908:0711,189270.0,101.36,14.58,14.44,0.76,0.0
20230908:0811,369954.0,180.28,22.95,15.45,0.48,0.0
20230908:0911,612090.0,288.56,30.46,16.97,0.28,0.0
20230908:1011,1160163.0,549.3,36.51,18.68,0.07,0.0
20230908:1111,1478250.0,718.68,40.4,20.48,0.14,0.0
20230908:1211,1277532.0,618.5,41.5,22.05,0.21,0.0
20230908:1311,1329291.0,648.8,39.61,23.22,0.21,0.0
20230908:1411,663876.0,322.25,35.07,24.07,0.41,0.0
20230908:1511,1231956.0,594.98,28.56,24.51,0.83,0.0
20230908:1611,683235.0,334.62,20.76,24.88,1.1,0.0
20230908:1711,243000.0,138.54,12.26,24.9,1.03,0.0
20230908:1811,9612.0,13.7,3.51,24.06,1.59,0.0
20230908:1911,0.0,0.0,0.0,22.3,1.59,0.0
20230908:2011,0.0,0.0,0.0,20.29,1.79,0.0
20230908:2111,0.0,0.0,0.0,18.89,1.86,0.0
20230908:2211,0.0,0.0,0.0,17.96,1.93,0.0
20230908:2311,0.0,0.0,0.0,17.42,1.79,0.0
20230909:0011,0.0,0.0,0.0,17.12,1.66,0.0
20230909:0111,0.0,0.0,0.0,17.21,1.38,0.0
20230909:0211,0.0,0.0,0.0,16.35,1.86,0.0
20230909:0311,0.0,0.0,0.0,16.08,1.79,0.0
20230909:0411,0.0,0.0,0.0,15.74,1.72,0.0
20230909:0511,0.0,0.0,0.0,15.22,1.79,0.0
20230909:0611,17955.0,18.54,5.61,15.38,1.86,0.0
20230909:0711,215973.0,115.2,14.33,16.9,0.97,0.0
20230909:0811,225423.0,118.97,22.68,20.21,1.17,0.0
20230909:0911,883440.0,415.9,30.17,22.13,1.79,0.0
20230909:1011,1623537.0,781.54,36.19,23.72,1.93,0.0
20230909:1111,1828089.0,897.64,40.04,24.93,1.93,0.0
20230909:1211,1868238.0,923.75,41.12,25.84,2.0,0.0
20230909:1311,1718442.0,837.07,39.22,26.53,2.62,0.0
20230909:1411,1399221.0,670.71,34.69,26.5,2.76,0.0
20230909:1511,1242378.0,593.32,28.18,26.18,2.55,0.0
20230909:1611,774576.0,377.99,20.4,25.72,2.07,0.0
20230909:1711,172854.0,100.49,11.9,24.34,1.52,0.0
20230909:1811,8802.0,13.12,3.15,23.81,1.31,0.0
20230909:1911,0.0,0.0,0.0,23.01,1.72,0.0
20230909:2011,0.0,0.0,0.0,21.03,1.79,0.0
20230909:2111,0.0,0.0,0.0,19.58,1.86,0.0
20230909:2211,0.0,0.0,0.0,18.65,1.86,0.0
20230909:2311,0.0,0.0,0.0,17.76,1.72,0.0
20230910:0011,0.0,0.0,0.0,16.98,1.52,0.0
20230910:0111,0.0,0.0,0.0,16.79,1.59,0.0
20230910:0211,0.0,0.0,0.0,16.49,1.45,0.0
20230910:0311,0.0,0.0,0.0,16.35,1.45,0.0
20230910:0411,0.0,0.0,0.0,16.25,1.59,0.0
20230910:0511,0.0,0.0,0.0,16.23,1.59,0.0
20230910:0611,40446.0,37.37,5.36,16.43,1.59,0.0
20230910:0711,251937.0,132.39,14.07,16.61,1.24,0.0
20230910:0811,915435.0,426.13,22.41,17.5,1.38,0.0
20230910:0911,918243.0,426.17,29.87,19.23,1.72,0.0
20230910:1011,795717.0,374.84,35.87,21.92,2.28,0.0
20230910:1111,175230.0,97.35,39.69,23.43,2.48,0.0
20230910:1211,293301.0,152.05,40.74,24.76,2.48,0.0
20230910:1311,1137267.0,540.58,38.83,24.88,2.41,0.0
20230910:1411,961659.0,454.79,34.3,24.47,2.69,0.0
20230910:1511,257418.0,135.11,27.81,23.66,2.07,0.0
20230910:1611,312120.0,159.89,20.03,22.97,1.59,0.0
20230910:1711,80217.0,52.28,11.54,22.16,1.31,0.0
20230910:1811,5346.0,10.49,2.79,21.35,0.21,0.0
20230910:1911,0.0,0.0,0.0,20.7,1.59,0.0
20230910:2011,0.0,0.0,0.0,20.25,1.93,0.0
20230910:2111,0.0,0.0,0.0,19.79,1.93,0.0
20230910:2211,0.0,0.0,0.0,19.3,2.0,0.0
20230910:2311,0.0,0.0,0.0,19.03,2.07,0.0
20230911:0011,0.0,0.0,0.0,18.51,2.28,0.0
20230911:0111,0.0,0.0,0.0,17.98,2.28,0.0
20230911:0211,0.0,0.0,0.0,17.73,2.55,0.0
20230911:0311,0.0,0.0,0.0,17.72,2.83,0.0
20230911:0411,0.0,0.0,0.0,17.44,3.17,0.0
20230911:0511,0.0,0.0,0.0,17.52,3.38,0.0
20230911:0611,34911.0,31.52,5.11,17.49,3.38,0.0
20230911:0711,271647.0,142.46,13.82,18.18,3.38,0.0
20230911:0811,675243.0,314.0,22.14,18.65,4.83,0.0
20230911:0911,679239.0,315.01,29.58,19.44,5.17,0.0
20230911:1011,650727.0,304.68,35.54,20.27,4.76,0.0
20230911:1111,664767.0,312.19,39.33,20.87,4.62,0.0
20230911:1211,362394.0,179.86,40.36,21.05,4.28,0.0
20230911:1311,187515.0,101.98,38.44,21.45,4.07,0.0
20230911:1411,168129.0,92.71,33.92,20.15,3.24,0.0
20230911:1511,382185.0,187.95,27.43,20.25,3.03,0.0
20230911:1611,165402.0,91.46,19.66,19.99,2.76,0.0
20230911:1711,187542.0,106.81,11.18,19.48,2.28,0.0
20230911:1811,5454.0,10.49,2.43,18.78,2.28,0.0
20230911:1911,0.0,0.0,0.0,17.33,2.07,0.0
20230911:2011,0.0,0.0,0.0,16.74,2.0,0.0
20230911:2111,0.0,0.0,0.0,16.09,2.07,0.0
20230911:2211,0.0,0.0,0.0,15.8,1.72,0.0
20230911:2311,0.0,0.0,0.0,15.59,1.66,0.0
20230912:0011,0.0,0.0,0.0,15.41,1.79,0.0
20230912:0111,0.0,0.0,0.0,15.19,1.79,0.0
20230912:0211,0.0,0.0,0.0,15.06,1.86,0.0
20230912:0311,0.0,0.0,0.0,14.89,2.14,0.0
20230912:0411,0.0,0.0,0.0,14.65,2.55,0.0
20230912:0511,0.0,0.0,0.0,14.28,2.97,0.0
20230912:0611,26622.0,24.36,4.85,13.94,3.31,0.0
20230912:0711,18144.0,18.54,13.56,13.84,3.38,0.0
20230912:0811,295353.0,145.58,21.86,13.81,3.59,0.0
20230912:0911,425790.0,201.29,29.28,13.93,3.59,0.0
20230912:1011,222021.0,114.03,35.21,14.11,3.93,0.0
20230912:1111,224073.0,114.96,38.97,14.19,3.93,0.0
20230912:1211,230715.0,117.74,39.98,14.09,4.55,0.0
20230912:1311,379539.0,181.55,38.05,13.95,4.83,0.0
20230912:1411,252450.0,127.01,33.53,13.88,4.83,0.0
20230912:1511,235332.0,119.6,27.05,13.93,5.17,0.0
20230912:1611,197937.0,103.26,19.29,13.68,5.03,0.0
20230912:1711,155412.0,87.52,10.81,13.33,4.62,0.0
20230912:1811,2349.0,7.87,2.07,12.85,4.07,0.0
20230912:1911,0.0,0.0,0.0,12.64,3.93,0.0
20230912:2011,0.0,0.0,0.0,12.16,3.93,0.0
20230912:2111,0.0,0.0,0.0,11.75,3.93,0.0
20230912:2211,0.0,0.0,0.0,11.29,3.79,0.0
20230912:2311,0.0,0.0,0.0,10.85,3.59,0.0
20230913:0011,0.0,0.0,0.0,10.8,3.45,0.0
20230913:0111,0.0,0.0,0.0,10.85,3.45,0.0
20230913:0211,0.0,0.0,0.0,10.81,3.38,0.0
20230913:0311,0.0,0.0,0.0,10.7,3.31,0.0
20230913:0411,0.0,0.0,0.0,10.36,3.31,0.0
20230913:0511,0.0,0.0,0.0,10.8,3.31,0.0
20230913:0611,34263.0,34.37,4.6,10.29,2.9,0.0
20230913:0711,477198.0,236.97,13.3,10.31,2.76,0.0
20230913:0811,1053567.0,473.76,21.59,12.27,2.76,0.0
20230913:0911,1516212.0,682.16,28.98,13.84,2.97,0.0
20230913:1011,1850688.0,852.33,34.88,14.89,2.55,0.0
20230913:1111,1899531.0,891.8,38.61,15.41,1.79,0.0
20230913:1211,1199124.0,551.84,39.59,15.67,1.24,0.0
20230913:1311,1233657.0,568.47,37.66,15.94,1.24,0.0
20230913:1411,1143639.0,522.6,33.14,16.06,1.79,0.0
20230913:1511,1251774.0,570.36,26.67,16.02,2.28,0.0
20230913:1611,661230.0,309.44,18.92,15.91,2.48,0.0
20230913:1711,161811.0,92.21,10.45,15.61,2.55,0.0
20230913:1811,0.0,5.25,1.7,14.94,2.62,0.0
20230913:1911,0.0,0.0,0.0,14.3,2.97,0.0
20230913:2011,0.0,0.0,0.0,13.77,3.52,0.0
20230913:2111,0.0,0.0,0.0,13.68,4.21,0.0
20230913:2211,0.0,0.0,0.0,13.62,4.62,0.0
20230913:2311,0.0,0.0,0.0,13.59,4.62,0.0
20230914:0011,0.0,0.0,0.0,13.96,4.62,0.0
20230914:0111,0.0,0.0,0.0,14.3,4.55,0.0
20230914:0211,0.0,0.0,0.0,14.63,4.62,0.0
20230914:0311,0.0,0.0,0.0,14.81,4.69,0.0
20230914:0411,0.0,0.0,0.0,14.8,4.41,0.0
20230914:0511,0.0,0.0,0.0,14.67,3.93,0.0
20230914:0611,0.0,4.64,4.34,14.5,3.45,0.0
20230914:0711,75465.0,48.21,13.04,14.53,2.97,0.0
20230914:0811,332370.0,162.59,21.31,15.13,2.76,0.0
20230914:0911,1012041.0,457.47,28.68,16.07,3.24,0.0
20230914:1011,1402380.0,638.77,34.55,16.79,3.03,0.0
20230914:1111,1027458.0,469.07,38.24,17.63,3.24,0.0
20230914:1211,1094931.0,500.23,39.2,18.43,3.72,0.0
20230914:1311,741879.0,343.37,37.26,18.67,3.79,0.0
20230914:1411,1463751.0,670.06,32.75,18.77,3.72,0.0
20230914:1511,450900.0,216.24,26.29,18.55,3.31,0.0
20230914:1611,594405.0,282.27,18.55,18.18,2.83,0.0
20230914:1711,42795.0,32.45,10.08,17.64,2.0,0.0
20230914:1811,0.0,0.87,1.34,16.56,1.52,0.0
20230914:1911,0.0,0.0,0.0,15.1,1.38,0.0
20230914:2011,0.0,0.0,0.0,14.59,0.97,0.0
20230914:2111,0.0,0.0,0.0,14.6,0.76,0.0
20230914:2211,0.0,0.0,0.0,14.47,0.69,0.0
20230914:2311,0.0,0.0,0.0,13.98,0.83,0.0
20230915:0011,0.0,0.0,0.0,13.93,1.24,0.0
20230915:0111,0.0,0.0,0.0,13.79,1.66,0.0
20230915:0211,0.0,0.0,0.0,13.62,1.66,0.0
20230915:0311,0.0,0.0,0.0,13.32,1.66,0.0
20230915:0411,0.0,0.0,0.0,13.25,1.59,0.0
20230915:0511,0.0,0.0,0.0,13.33,1.59,0.0
20230915:0611,2916.0,8.34,4.09,13.33,1.52,0.0
20230915:0711,40257.0,30.59,12.78,13.09,1.79,0.0
20230915:0811,91530.0,55.63,21.04,13.47,1.86,0.0
20230915:0911,246618.0,125.16,28.38,14.17,1.72,0.0
20230915:1011,514701.0,241.77,34.22,14.99,1.72,0.0
20230915:1111,383832.0,186.23,37.88,15.74,1.31,0.0
20230915:1211,597456.0,280.74,38.82,16.44,1.03,0.0
20230915:1311,615141.0,288.78,36.87,16.95,1.17,0.0
20230915:1411,1207413.0,560.13,32.36,17.76,1.17,0.0
20230915:1511,973755.0,451.61,25.91,18.17,1.17,0.0
20230915:1611,558387.0,267.67,18.18,18.35,1.66,0.0
20230915:1711,197748.0,115.23,9.71,17.96,1.79,0.0
20230915:1811,0.0,0.0,0.0,17.34,2.07,0.0
20230915:1911,0.0,0.0,0.0,15.68,2.62,0.0
20230915:2011,0.0,0.0,0.0,15.12,2.62,0.0
20230915:2111,0.0,0.0,0.0,14.71,2.41,0.0
20230915:2211,0.0,0.0,0.0,14.42,2.34,0.0
20230915:2311,0.0,0.0,0.0,13.81,2.62,0.0
20230916:0011,0.0,0.0,0.0,13.68,2.83,0.0
20230916:0111,0.0,0.0,0.0,13.58,2.97,0.0
20230916:0211,0.0,0.0,0.0,13.48,3.03,0.0
20230916:0311,0.0,0.0,0.0,13.75,3.24,0.0
20230916:0411,0.0,0.0,0.0,13.5,3.59,0.0
20230916:0511,0.0,0.0,0.0,13.46,3.72,0.0
20230916:0611,0.0,2.78,3.83,13.44,3.93,0.0
20230916:0711,175635.0,94.84,12.51,13.37,4.41,0.0
20230916:0811,152820.0,83.44,20.76,13.93,5.45,0.0
20230916:0911,141939.0,78.8,28.08,14.65,5.66,0.0
20230916:1011,124983.0,71.39,33.88,15.46,5.72,0.0
20230916:1111,335421.0,164.1,37.51,16.17,5.72,0.0
20230916:1211,267246.0,134.43,38.43,15.81,5.24,0.0
20230916:1311,319464.0,156.68,36.47,15.27,5.24,0.0
20230916:1411,577017.0,265.57,31.97,14.92,5.38,0.0
20230916:1511,219483.0,113.11,25.53,14.91,6.0,0.0
20230916:1611,453681.0,215.09,17.8,15.09,6.21,0.0
20230916:1711,32940.0,26.89,9.34,14.76,5.17,0.0
20230916:1811,0.0,0.0,0.0,14.35,4.48,0.0
20230916:1911,0.0,0.0,0.0,14.18,4.48,0.0
20230916:2011,0.0,0.0,0.0,14.13,4.14,0.0
20230916:2111,0.0,0.0,0.0,14.18,3.72,0.0
20230916:2211,0.0,0.0,0.0,14.21,3.45,0.0
20230916:2311,0.0,0.0,0.0,14.18,3.31,0.0
20230917:0011,0.0,0.0,0.0,14.22,3.31,0.0
20230917:0111,0.0,0.0,0.0,14.25,2.97,0.0
20230917:0211,0.0,0.0,0.0,14.32,2.97,0.0
20230917:0311,0.0,0.0,0.0,14.36,2.97,0.0
20230917:0411,0.0,0.0,0.0,14.36,2.83,0.0
20230917:0511,0.0,0.0,0.0,14.21,2.48,0.0
20230917:0611,0.0,2.78,3.57,14.26,2.48,0.0
20230917:0711,52623.0,37.08,12.25,14.78,3.38,0.0
20230917:0811,347193.0,168.73,20.48,15.29,3.93,0.0
20230917:0911,292005.0,145.32,27.78,16.09,4.76,0.0
20230917:1011,487944.0,230.17,33.55,17.05,5.38,0.0
20230917:1111,185166.0,99.2,37.15,17.61,5.59,0.0
20230917:1211,608067.0,283.04,38.04,18.03,5.52,0.0
20230917:1311,894996.0,407.3,36.07,18.29,5.45,0.0
20230917:1411,820989.0,374.45,31.57,18.14,5.17,0.0
20230917:1511,679050.0,312.99,25.14,17.88,4.62,0.0
20230917:1611,113535.0,66.75,17.43,17.53,4.28,0.0
20230917:1711,46602.0,34.3,8.98,16.93,4.48,0.0
20230917:1811,0.0,0.0,0.0,16.11,4.07,0.0
20230917:1911,0.0,0.0,0.0,15.56,3.38,0.0
20230917:2011,0.0,0.0,0.0,15.41,3.66,0.0
20230917:2111,0.0,0.0,0.0,15.32,4.0,0.0
20230917:2211,0.0,0.0,0.0,15.18,3.45,0.0
20230917:2311,0.0,0.0,0.0,14.95,3.24,0.0
20230918:0011,0.0,0.0,0.0,14.95,3.45,0.0
20230918:0111,0.0,0.0,0.0,14.98,3.31,0.0
20230918:0211,0.0,0.0,0.0,15.17,3.17,0.0
20230918:0311,0.0,0.0,0.0,15.43,3.1,0.0
20230918:0411,0.0,0.0,0.0,15.65,3.03,0.0
20230918:0511,0.0,0.0,0.0,15.86,3.24,0.0
20230918:0611,7749.0,12.05,3.31,16.13,3.72,0.0
20230918:0711,50517.0,36.16,11.98,15.85,3.79,0.0
20230918:0811,90477.0,55.63,20.2,16.12,4.34,0.0
20230918:0911,847044.0,382.78,27.47,16.48,4.97,0.0
20230918:1011,431703.0,205.48,33.21,16.08,4.76,0.0
20230918:1111,108567.0,63.97,36.78,15.75,4.69,0.0
20230918:1211,261090.0,131.65,37.65,15.57,4.97,0.0
20230918:1311,554688.0,256.39,35.68,14.55,4.76,0.0
20230918:1411,837783.0,374.94,31.18,14.01,4.9,0.0
20230918:1511,1092096.0,482.36,24.76,13.71,5.86,0.0
20230918:1611,578205.0,268.62,17.05,13.85,5.59,0.0
20230918:1711,202419.0,118.4,8.61,13.36,6.0,0.0
20230918:1811,0.0,0.0,0.0,12.14,5.72,0.0
20230918:1911,0.0,0.0,0.0,11.65,4.76,0.0
20230918:2011,0.0,0.0,0.0,11.28,5.1,0.0
20230918:2111,0.0,0.0,0.0,11.04,5.03,0.0
20230918:2211,0.0,0.0,0.0,11.19,4.9,0.0
20230918:2311,0.0,0.0,0.0,10.99,4.9,0.0
20230919:0011,0.0,0.0,0.0,10.78,5.17,0.0
20230919:0111,0.0,0.0,0.0,10.72,5.31,0.0
20230919:0211,0.0,0.0,0.0,10.96,5.24,0.0
20230919:0311,0.0,0.0,0.0,11.42,5.45,0.0
20230919:0411,0.0,0.0,0.0,11.69,5.45,0.0
20230919:0511,0.0,0.0,0.0,11.32,5.1,0.0
20230919:0611,0.0,3.71,3.05,11.02,4.21,0.0
20230919:0711,48033.0,34.3,11.72,11.35,4.55,0.0
20230919:0811,124902.0,70.46,19.92,12.31,5.66,0.0
20230919:0911,246537.0,124.23,27.16,14.0,8.0,0.0
20230919:1011,153522.0,84.37,32.87,16.21,10.0,0.0
20230919:1111,562626.0,261.23,36.41,17.39,9.31,0.0
20230919:1211,380025.0,184.42,37.26,18.11,7.79,0.0
20230919:1311,175203.0,94.56,35.28,17.32,6.97,0.0
20230919:1411,280530.0,140.92,30.78,17.25,6.28,0.0
20230919:1511,99927.0,60.26,24.37,17.18,6.55,0.0
20230919:1611,126090.0,72.31,16.68,17.09,7.59,0.0
20230919:1711,7722.0,12.05,8.24,16.83,7.72,0.0
20230919:1811,0.0,0.0,0.0,16.67,7.17,0.0
20230919:1911,0.0,0.0,0.0,16.85,7.59,0.0
20230919:2011,0.0,0.0,0.0,16.72,7.66,0.0
20230919:2111,0.0,0.0,0.0,16.96,8.07,0.0
20230919:2211,0.0,0.0,0.0,16.88,8.34,0.0
20230919:2311,0.0,0.0,0.0,16.76,8.28,0.0
20230920:0011,0.0,0.0,0.0,16.94,8.34,0.0
20230920:0111,0.0,0.0,0.0,16.91,8.41,0.0
20230920:0211,0.0,0.0,0.0,17.06,8.62,0.0
20230920:0311,0.0,0.0,0.0,17.32,8.69,0.0
20230920:0411,0.0,0.0,0.0,17.27,8.69,0.0
20230920:0511,0.0,0.0,0.0,17.27,8.62,0.0
20230920:0611,0.0,1.85,2.79,17.11,8.69,0.0
20230920:0711,7668.0,12.05,11.45,17.47,9.31,0.0
20230920:0811,59400.0,40.79,19.63,17.32,9.03,0.0
20230920:0911,391797.0,187.93,26.85,16.99,8.9,0.0
20230920:1011,415044.0,198.22,32.53,17.15,9.1,0.0
20230920:1111,451386.0,214.03,36.04,17.24,8.76,0.0
20230920:1211,234576.0,120.52,36.87,16.91,8.0,0.0
20230920:1311,1311282.0,583.77,34.88,16.58,6.83,0.0
20230920:1411,1044657.0,466.96,30.39,16.45,6.07,0.0
20230920:1511,277020.0,138.89,23.99,16.48,5.66,0.0
20230920:1611,74844.0,48.21,16.3,16.37,5.52,0.0
20230920:1711,10503.0,13.91,7.87,15.79,4.76,0.0
20230920:1811,0.0,0.0,0.0,15.07,4.34,0.0
20230920:1911,0.0,0.0,0.0,13.81,3.93,0.0
20230920:2011,0.0,0.0,0.0,13.32,3.79,0.0
20230920:2111,0.0,0.0,0.0,13.12,3.72,0.0
20230920:2211,0.0,0.0,0.0,12.48,3.79,0.0
20230920:2311,0.0,0.0,0.0,11.96,3.86,0.0
20230921:0011,0.0,0.0,0.0,11.42,3.52,0.0
20230921:0111,0.0,0.0,0.0,11.01,3.38,0.0
20230921:0211,0.0,0.0,0.0,10.66,3.31,0.0
20230921:0311,0.0,0.0,0.0,10.32,3.31,0.0
20230921:0411,0.0,0.0,0.0,10.0,3.24,0.0
20230921:0511,0.0,0.0,0.0,9.55,3.1,0.0
20230921:0611,9612.0,15.68,2.53,9.11,3.1,0.0
20230921:0711,458784.0,229.23,11.18,9.73,3.31,0.0
20230921:0811,1018845.0,454.32,19.35,11.31,3.59,0.0
20230921:0911,1499229.0,663.29,26.55,12.86,4.41,0.0
20230921:1011,1737882.0,776.86,32.19,13.93,4.55,0.0
20230921:1111,478467.0,224.34,35.67,14.86,4.9,0.0
20230921:1211,1021032.0,457.36,36.48,15.5,5.17,0.0
20230921:1311,1405674.0,628.83,34.48,15.67,4.97,0.0
20230921:1411,1335312.0,597.88,29.99,15.59,4.34,0.0
20230921:1511,1272348.0,571.97,23.6,15.46,3.79,0.0
20230921:1611,717822.0,335.73,15.93,15.2,3.17,0.0
20230921:1711,196830.0,120.77,7.49,14.53,2.14,0.0
20230921:1811,0.0,0.0,0.0,13.53,1.93,0.0
20230921:1911,0.0,0.0,0.0,11.67,2.14,0.0
20230921:2011,0.0,0.0,0.0,10.39,2.0,0.0
20230921:2111,0.0,0.0,0.0,9.1,1.86,0.0
20230921:2211,0.0,0.0,0.0,7.97,1.86,0.0
20230921:2311,0.0,0.0,0.0,7.11,1.86,0.0
20230922:0011,0.0,0.0,0.0,6.63,1.86,0.0
20230922:0111,0.0,0.0,0.0,6.54,2.0,0.0
20230922:0211,0.0,0.0,0.0,6.56,2.21,0.0
20230922:0311,0.0,0.0,0.0,6.63,2.34,0.0
20230922:0411,0.0,0.0,0.0,7.14,2.21,0.0
20230922:0511,0.0,0.0,0.0,7.35,2.28,0.0
20230922:0611,0.0,3.71,2.27,7.72,2.21,0.0
20230922:0711,328050.0,166.41,10.91,9.37,2.21,0.0
20230922:0811,704430.0,317.21,19.06,11.33,3.86,0.0
20230922:0911,716553.0,321.77,26.23,12.46,3.86,0.0
20230922:1011,717687.0,324.68,31.85,13.66,3.72,0.0
20230922:1111,691146.0,315.33,35.3,14.62,3.59,0.0
20230922:1211,880362.0,397.99,36.08,14.77,3.17,0.0
20230922:1311,815562.0,369.49,34.08,15.2,3.66,0.0
20230922:1411,887895.0,400.76,29.6,15.33,3.45,0.0
20230922:1511,711261.0,324.57,23.22,15.43,3.38,0.0
20230922:1611,403029.0,194.88,15.55,14.9,2.76,0.0
20230922:1711,74844.0,49.73,7.12,13.45,2.28,0.0
20230922:1811,0.0,0.0,0.0,12.61,2.55,0.0
20230922:1911,0.0,0.0,0.0,11.55,2.83,0.0
20230922:2011,0.0,0.0,0.0,10.79,2.69,0.0
20230922:2111,0.0,0.0,0.0,10.14,2.83,0.0
20230922:2211,0.0,0.0,0.0,9.81,2.9,0.0
20230922:2311,0.0,0.0,0.0,9.59,2.97,0.0
20230923:0011,0.0,0.0,0.0,9.49,2.9,0.0
20230923:0111,0.0,0.0,0.0,9.43,2.76,0.0
20230923:0211,0.0,0.0,0.0,9.43,2.55,0.0
20230923:0311,0.0,0.0,0.0,9.12,2.48,0.0
20230923:0411,0.0,0.0,0.0,9.12,2.34,0.0
20230923:0511,0.0,0.0,0.0,8.79,2.28,0.0
20230923:0611,891.0,6.49,2.0,8.82,1.86,0.0
20230923:0711,172044.0,93.11,10.64,9.79,0.97,0.0
20230923:0811,349272.0,167.94,18.78,11.26,0.76,0.0
20230923:0911,163647.0,88.08,25.92,12.2,0.48,0.0
20230923:1011,1135863.0,510.88,31.51,12.84,1.72,0.0
20230923:1111,1081647.0,486.63,34.93,14.08,2.62,0.0
20230923:1211,666306.0,305.19,35.69,14.89,3.59,0.0
20230923:1311,726273.0,330.81,33.68,15.33,4.0,0.0
20230923:1411,358101.0,173.41,29.2,15.36,4.14,0.0
20230923:1511,652050.0,297.91,22.83,15.07,4.14,0.0
20230923:1611,236250.0,120.95,15.17,14.64,3.86,0.0
20230923:1711,97875.0,63.3,6.75,13.89,3.17,0.0
20230923:1811,0.0,0.0,0.0,12.88,2.62,0.0
20230923:1911,0.0,0.0,0.0,12.14,2.62,0.0
20230923:2011,0.0,0.0,0.0,11.18,3.03,0.0
20230923:2111,0.0,0.0,0.0,10.8,3.52,0.0
20230923:2211,0.0,0.0,0.0,10.87,4.28,0.0
20230923:2311,0.0,0.0,0.0,11.14,4.76,0.0
20230924:0011,0.0,0.0,0.0,11.33,5.03,0.0
20230924:0111,0.0,0.0,0.0,11.52,5.52,0.0
20230924:0211,0.0,0.0,0.0,11.82,5.66,0.0
20230924:0311,0.0,0.0,0.0,12.17,5.66,0.0
20230924:0411,0.0,0.0,0.0,12.84,5.59,0.0
20230924:0511,0.0,0.0,0.0,13.59,5.38,0.0
20230924:0611,0.0,1.85,1.74,14.16,5.1,0.0
20230924:0711,24462.0,22.25,10.37,14.82,5.17,0.0
20230924:0811,280125.0,139.73,18.49,15.55,5.31,0.0
20230924:0911,241272.0,123.29,25.61,16.24,5.17,0.0
20230924:1011,112077.0,65.82,31.17,16.74,5.72,0.0
20230924:1111,101925.0,61.19,34.55,17.19,6.97,0.0
20230924:1211,152388.0,84.37,35.3,17.35,6.48,0.0
20230924:1311,119853.0,69.53,33.28,17.31,6.9,0.0
20230924:1411,53730.0,38.01,28.81,17.67,6.97,0.0
20230924:1511,472743.0,223.49,22.45,18.17,7.24,0.0
20230924:1611,174042.0,94.76,14.79,18.69,7.86,0.0
20230924:1711,3888.0,9.27,6.38,18.51,8.14,0.0
20230924:1811,0.0,0.0,0.0,18.08,8.55,0.0
20230924:1911,0.0,0.0,0.0,17.86,8.55,0.0
20230924:2011,0.0,0.0,0.0,17.52,9.1,0.0
20230924:2111,0.0,0.0,0.0,17.21,9.31,0.0
20230924:2211,0.0,0.0,0.0,16.94,9.03,0.0
20230924:2311,0.0,0.0,0.0,16.54,8.55,0.0
20230925:0011,0.0,0.0,0.0,16.44,7.17,0.0
20230925:0111,0.0,0.0,0.0,16.14,6.21,0.0
20230925:0211,0.0,0.0,0.0,15.45,5.72,0.0
20230925:0311,0.0,0.0,0.0,14.84,5.66,0.0
20230925:0411,0.0,0.0,0.0,14.26,5.45,0.0
20230925:0511,0.0,0.0,0.0,13.7,5.38,0.0
20230925:0611,0.0,2.78,1.48,13.3,5.31,0.0
20230925:0711,348057.0,179.42,10.1,13.64,5.38,0.0
20230925:0811,924966.0,417.76,18.2,14.77,4.83,0.0
20230925:0911,1334124.0,592.63,25.3,15.93,6.14,0.0
20230925:1011,1539270.0,686.61,30.82,16.97,6.76,0.0
20230925:1111,1698192.0,762.75,34.18,17.73,6.9,0.0
20230925:1211,1535733.0,690.35,34.9,18.37,6.97,0.0
20230925:1311,835353.0,379.9,32.88,18.59,7.03,0.0
20230925:1411,1465182.0,659.26,28.41,18.65,6.34,0.0
20230925:1511,901611.0,409.7,22.06,18.36,5.52,0.0
20230925:1611,428193.0,208.77,14.42,18.03,4.48,0.0
20230925:1711,49896.0,37.5,6.01,17.32,3.59,0.0
20230925:1811,0.0,0.0,0.0,15.8,3.03,0.0
20230925:1911,0.0,0.0,0.0,14.98,3.03,0.0
20230925:2011,0.0,0.0,0.0,14.18,2.97,0.0
20230925:2111,0.0,0.0,0.0,13.45,2.97,0.0
20230925:2211,0.0,0.0,0.0,12.87,2.97,0.0
20230925:2311,0.0,0.0,0.0,12.34,2.97,0.0
20230926:0011,0.0,0.0,0.0,11.92,2.97,0.0
20230926:0111,0.0,0.0,0.0,11.63,3.03,0.0
20230926:0211,0.0,0.0,0.0,11.42,3.1,0.0
20230926:0311,0.0,0.0,0.0,11.4,3.24,0.0
20230926:0411,0.0,0.0,0.0,11.41,3.31,0.0
20230926:0511,0.0,0.0,0.0,11.31,3.59,0.0
20230926:0611,0.0,0.0,0.0,11.23,3.79,0.0
20230926:0711,187218.0,101.67,9.83,12.72,4.69,0.0
20230926:0811,124389.0,70.46,17.91,13.12,5.38,0.0
20230926:0911,411561.0,194.44,24.98,14.18,5.79,0.0
20230926:1011,274590.0,137.21,30.48,15.22,5.72,0.0
20230926:1111,837540.0,376.52,33.81,15.57,6.21,0.0
20230926:1211,1232631.0,549.79,34.51,16.06,5.86,0.0
20230926:1311,1644840.0,741.0,32.48,17.49,5.79,0.0
20230926:1411,217728.0,114.03,28.02,18.59,6.55,0.0
20230926:1511,378432.0,183.93,21.67,18.89,6.55,0.0
20230926:1611,513108.0,247.02,14.04,18.19,5.45,0.0
20230926:1711,126657.0,88.31,5.64,17.12,4.55,0.0
20230926:1811,0.0,0.0,0.0,15.84,3.93,0.0
20230926:1911,0.0,0.0,0.0,14.42,3.45,0.0
20230926:2011,0.0,0.0,0.0,14.12,3.52,0.0
20230926:2111,0.0,0.0,0.0,14.11,3.86,0.0
20230926:2211,0.0,0.0,0.0,13.51,3.86,0.0
20230926:2311,0.0,0.0,0.0,12.9,3.59,0.0
20230927:0011,0.0,0.0,0.0,12.36,3.38,0.0
20230927:0111,0.0,0.0,0.0,11.75,3.03,0.0
20230927:0211,0.0,0.0,0.0,11.26,2.69,0.0
20230927:0311,0.0,0.0,0.0,10.89,2.41,0.0
20230927:0411,0.0,0.0,0.0,10.65,2.07,0.0
20230927:0511,0.0,0.0,0.0,10.19,2.28,0.0
20230927:0611,0.0,0.0,0.0,9.74,2.34,0.0
20230927:0711,205497.0,110.28,9.56,11.0,2.14,0.0
20230927:0811,459432.0,214.48,17.62,12.15,2.97,0.0
20230927:0911,244080.0,123.36,24.67,13.61,3.59,0.0
20230927:1011,524718.0,243.55,30.13,14.67,4.21,0.0
20230927:1111,375165.0,180.9,33.43,15.77,5.31,0.0
20230927:1211,69147.0,45.43,34.12,16.35,6.76,0.0
20230927:1311,132354.0,75.1,32.08,16.82,7.38,0.0
20230927:1411,112347.0,65.82,27.62,16.37,6.34,0.0
20230927:1511,55944.0,38.94,21.29,16.4,6.48,0.0
20230927:1611,27513.0,24.1,13.67,16.62,7.1,0.0
20230927:1711,0.0,4.64,5.27,16.94,8.07,0.0
20230927:1811,0.0,0.0,0.0,17.25,8.62,0.0
20230927:1911,0.0,0.0,0.0,16.8,9.03,0.0
20230927:2011,0.0,0.0,0.0,16.62,8.9,0.0
20230927:2111,0.0,0.0,0.0,16.4,8.97,0.0
20230927:2211,0.0,0.0,0.0,15.9,9.17,0.0
20230927:2311,0.0,0.0,0.0,16.16,9.38,0.0
20230928:0011,0.0,0.0,0.0,16.15,8.69,0.0
20230928:0111,0.0,0.0,0.0,15.97,8.28,0.0
20230928:0211,0.0,0.0,0.0,15.63,7.79,0.0
20230928:0311,0.0,0.0,0.0,15.29,7.52,0.0
20230928:0411,0.0,0.0,0.0,15.08,7.38,0.0
20230928:0511,0.0,0.0,0.0,14.76,6.9,0.0
20230928:0611,0.0,0.0,0.0,14.33,6.07,0.0
20230928:0711,22896.0,21.32,9.28,14.4,5.52,0.0
20230928:0811,158652.0,86.33,17.33,14.78,5.17,0.0
20230928:0911,160137.0,87.15,24.35,15.37,6.28,0.0
20230928:1011,280476.0,139.99,29.79,15.6,5.66,0.0
20230928:1111,628830.0,287.95,33.06,15.55,5.93,0.0
20230928:1211,336555.0,164.15,33.72,15.69,5.93,0.0
20230928:1311,1011717.0,451.76,31.68,16.26,6.55,0.0
20230928:1411,803493.0,362.51,27.23,16.45,6.14,0.0
20230928:1511,182007.0,97.35,20.9,16.45,5.24,0.0
20230928:1611,370332.0,181.8,13.29,15.94,4.48,0.0
20230928:1711,50706.0,39.2,4.9,15.28,4.28,0.0
20230928:1811,0.0,0.0,0.0,14.81,4.41,0.0
20230928:1911,0.0,0.0,0.0,14.02,4.62,0.0
20230928:2011,0.0,0.0,0.0,13.87,4.97,0.0
20230928:2111,0.0,0.0,0.0,13.65,5.17,0.0
20230928:2211,0.0,0.0,0.0,14.06,5.03,0.0
20230928:2311,0.0,0.0,0.0,14.05,4.62,0.0
20230929:0011,0.0,0.0,0.0,13.91,4.14,0.0
20230929:0111,0.0,0.0,0.0,13.57,3.79,0.0
20230929:0211,0.0,0.0,0.0,13.55,3.45,0.0
20230929:0311,0.0,0.0,0.0,13.55,3.31,0.0
20230929:0411,0.0,0.0,0.0,12.8,3.24,0.0
20230929:0511,0.0,0.0,0.0,12.25,3.31,0.0
20230929:0611,0.0,0.0,0.0,11.63,3.45,0.0
20230929:0711,266355.0,140.32,9.01,12.12,3.86,0.0
20230929:0811,864837.0,390.25,17.04,13.38,3.93,0.0
20230929:0911,1333746.0,588.89,24.03,14.54,5.93,0.0
20230929:1011,1529631.0,677.35,29.44,15.26,6.41,0.0
20230929:1111,1766961.0,788.93,32.68,16.08,6.62,0.0
20230929:1211,1177038.0,523.9,33.33,16.31,6.76,0.0
20230929:1311,1408725.0,626.69,31.28,16.62,6.83,0.0
20230929:1411,1404486.0,623.7,26.83,16.59,6.9,0.0
20230929:1511,1122795.0,501.76,20.52,16.24,6.07,0.0
20230929:1611,528606.0,252.56,12.92,15.68,4.9,0.0
20230929:1711,79488.0,60.06,4.54,14.95,4.83,0.0
20230929:1811,0.0,0.0,0.0,14.07,4.28,0.0
20230929:1911,0.0,0.0,0.0,13.47,4.14,0.0
20230929:2011,0.0,0.0,0.0,13.01,4.0,0.0
20230929:2111,0.0,0.0,0.0,12.88,3.86,0.0
20230929:2211,0.0,0.0,0.0,12.61,3.59,0.0
20230929:2311,0.0,0.0,0.0,12.24,3.45,0.0
20230930:0011,0.0,0.0,0.0,12.14,3.17,0.0
20230930:0111,0.0,0.0,0.0,11.74,2.76,0.0
20230930:0211,0.0,0.0,0.0,11.24,2.28,0.0
20230930:0311,0.0,0.0,0.0,10.84,2.21,0.0
20230930:0411,0.0,0.0,0.0,10.45,2.0,0.0
20230930:0511,0.0,0.0,0.0,9.81,1.93,0.0
20230930:0611,0.0,0.0,0.0,9.3,1.93,0.0
20230930:0711,167481.0,92.05,8.73,9.13,1.59,0.0
20230930:0811,713691.0,325.08,16.75,11.63,1.52,0.0
20230930:0911,488511.0,227.84,23.71,13.66,2.14,0.0
20230930:1011,233712.0,119.6,29.09,14.64,2.55,0.0
20230930:1111,290547.0,144.63,32.31,15.36,3.24,0.0
20230930:1211,230850.0,118.67,32.94,15.64,3.66,0.0
20230930:1311,197505.0,103.84,30.88,15.26,3.66,0.0
20230930:1411,133326.0,75.1,26.44,14.84,3.31,0.0
20230930:1511,77463.0,49.14,20.14,14.42,3.45,0.0
20230930:1611,41985.0,31.52,12.55,13.6,3.31,0.0
20230930:1711,27189.0,25.07,4.17,13.23,3.45,0.0
20230930:1811,0.0,0.0,0.0,12.94,4.0,0.0
20230930:1911,0.0,0.0,0.0,12.78,4.0,0.0
20230930:2011,0.0,0.0,0.0,12.73,4.76,0.0
20230930:2111,0.0,0.0,0.0,12.79,4.97,0.0
20230930:2211,0.0,0.0,0.0,13.04,4.62,0.0
20230930:2311,0.0,0.0,0.0,13.55,4.07,0.0
20231001:0011,0.0,0.0,0.0,14.45,3.86,0.0
20231001:0111,0.0,0.0,0.0,15.43,4.07,0.0
20231001:0211,0.0,0.0,0.0,16.18,4.28,0.0
20231001:0311,0.0,0.0,0.0,16.55,4.41,0.0
20231001:0411,0.0,0.0,0.0,16.71,4.34,0.0
20231001:0511,0.0,0.0,0.0,16.78,4.07,0.0
20231001:0611,0.0,0.0,0.0,16.7,3.72,0.0
20231001:0711,195210.0,109.02,8.46,16.91,4.07,0.0
20231001:0811,549558.0,258.09,16.45,17.19,3.86,0.0
20231001:0911,250749.0,128.26,23.4,17.46,3.59,0.0
20231001:1011,351135.0,172.12,28.74,17.73,4.21,0.0
20231001:1111,217944.0,114.03,31.94,17.84,3.79,0.0
20231001:1211,832140.0,380.87,32.55,18.38,4.21,0.0
20231001:1311,794394.0,364.38,30.49,18.26,3.79,0.0
20231001:1411,519426.0,244.93,26.05,18.46,4.0,0.0
20231001:1511,690174.0,318.94,19.76,18.2,3.72,0.0
20231001:1611,224802.0,118.41,12.17,17.92,3.24,0.0
20231001:1711,48033.0,41.42,3.8,17.23,2.97,0.0
20231001:1811,0.0,0.0,0.0,15.83,2.48,0.0
20231001:1911,0.0,0.0,0.0,15.22,2.07,0.0
20231001:2011,0.0,0.0,0.0,14.35,2.07,0.0
20231001:2111,0.0,0.0,0.0,13.96,2.0,0.0
20231001:2211,0.0,0.0,0.0,13.84,2.0,0.0
20231001:2311,0.0,0.0,0.0,13.85,2.0,0.0
20231002:0011,0.0,0.0,0.0,13.79,2.07,0.0
20231002:0111,0.0,0.0,0.0,13.87,2.28,0.0
20231002:0211,0.0,0.0,0.0,13.94,2.41,0.0
20231002:0311,0.0,0.0,0.0,14.0,2.48,0.0
20231002:0411,0.0,0.0,0.0,13.93,2.41,0.0
20231002:0511,0.0,0.0,0.0,13.71,2.28,0.0
20231002:0611,0.0,0.0,0.0,13.45,2.14,0.0
20231002:0711,29700.0,25.03,8.18,13.32,1.72,0.0
20231002:0811,260118.0,130.77,16.16,13.97,2.0,0.0
20231002:0911,394416.0,188.45,23.08,14.56,2.41,0.0
20231002:1011,151551.0,83.44,28.4,15.18,2.97,0.0
20231002:1111,110592.0,64.9,31.56,15.55,3.52,0.0
20231002:1211,178362.0,95.49,32.15,15.55,3.66,0.0
20231002:1311,218592.0,113.11,30.09,15.28,3.72,0.0
20231002:1411,199800.0,104.76,25.66,14.92,3.1,0.0
20231002:1511,192321.0,101.26,19.38,14.35,2.48,0.0
20231002:1611,34776.0,27.81,11.8,13.92,2.21,0.0
20231002:1711,13554.0,16.6,3.44,13.03,1.86,0.0
20231002:1811,0.0,0.0,0.0,12.51,1.66,0.0
20231002:1911,0.0,0.0,0.0,12.67,1.52,0.0
20231002:2011,0.0,0.0,0.0,12.64,1.86,0.0
20231002:2111,0.0,0.0,0.0,12.32,1.59,0.0
20231002:2211,0.0,0.0,0.0,11.95,1.38,0.0
20231002:2311,0.0,0.0,0.0,11.83,1.38,0.0
20231003:0011,0.0,0.0,0.0,11.69,1.86,0.0
20231003:0111,0.0,0.0,0.0,11.51,2.34,0.0
20231003:0211,0.0,0.0,0.0,11.32,2.69,0.0
20231003:0311,0.0,0.0,0.0,11.06,2.76,0.0
20231003:0411,0.0,0.0,0.0,11.07,3.03,0.0
20231003:0511,0.0,0.0,0.0,11.13,3.38,0.0
20231003:0611,0.0,0.0,0.0,11.22,3.59,0.0
20231003:0711,2997.0,8.34,7.9,11.06,4.21,0.0
20231003:0811,580446.0,264.92,15.86,12.07,4.83,0.0
20231003:0911,1427490.0,624.23,22.76,12.55,6.0,0.0
20231003:1011,1693035.0,741.61,28.05,13.22,6.9,0.0
20231003:1111,1229850.0,538.29,31.19,13.51,7.38,0.0
20231003:1211,1611711.0,708.99,31.76,14.38,7.38,0.0
20231003:1311,1050219.0,462.57,29.7,14.5,7.86,0.0
20231003:1411,487296.0,225.86,25.27,14.49,7.72,0.0
20231003:1511,1099683.0,486.58,19.0,14.36,6.69,0.0
20231003:1611,474417.0,227.78,11.43,14.19,6.21,0.0
20231003:1711,0.0,4.64,3.08,13.44,5.66,0.0
20231003:1811,0.0,0.0,0.0,12.75,5.03,0.0
20231003:1911,0.0,0.0,0.0,12.55,4.48,0.0
20231003:2011,0.0,0.0,0.0,12.34,4.14,0.0
20231003:2111,0.0,0.0,0.0,12.28,3.93,0.0
20231003:2211,0.0,0.0,0.0,11.98,3.86,0.0
20231003:2311,0.0,0.0,0.0,11.71,3.66,0.0
20231004:0011,0.0,0.0,0.0,11.48,3.45,0.0
20231004:0111,0.0,0.0,0.0,11.63,3.59,0.0
20231004:0211,0.0,0.0,0.0,12.11,3.79,0.0
20231004:0311,0.0,0.0,0.0,12.0,4.07,0.0
20231004:0411,0.0,0.0,0.0,12.07,4.34,0.0
20231004:0511,0.0,0.0,0.0,11.95,4.28,0.0
20231004:0611,0.0,0.0,0.0,11.72,4.41,0.0
20231004:0711,21546.0,20.4,7.62,12.26,4.9,0.0
20231004:0811,47655.0,34.3,15.57,12.79,5.24,0.0
20231004:0911,91773.0,55.63,22.44,13.38,4.83,0.0
20231004:1011,130113.0,73.24,27.7,13.81,5.45,0.0
20231004:1111,334719.0,162.41,30.81,14.4,6.21,0.0
20231004:1211,522504.0,242.22,31.37,15.24,6.69,0.0
20231004:1311,521775.0,242.41,29.3,16.2,7.72,0.0
20231004:1411,775548.0,348.91,24.88,16.33,7.59,0.0
20231004:1511,299241.0,147.71,18.62,16.02,7.31,0.0
20231004:1611,22761.0,21.32,11.07,15.39,6.83,0.0
20231004:1711,0.0,1.85,2.72,14.73,6.34,0.0
20231004:1811,0.0,0.0,0.0,14.08,6.0,0.0
20231004:1911,0.0,0.0,0.0,14.16,6.34,0.0
20231004:2011,0.0,0.0,0.0,14.41,6.21,0.0
20231004:2111,0.0,0.0,0.0,14.32,5.86,0.0
20231004:2211,0.0,0.0,0.0,14.5,5.59,0.0
20231004:2311,0.0,0.0,0.0,14.52,5.24,0.0
20231005:0011,0.0,0.0,0.0,14.41,4.97,0.0
20231005:0111,0.0,0.0,0.0,14.23,4.62,0.0
20231005:0211,0.0,0.0,0.0,14.1,4.21,0.0
20231005:0311,0.0,0.0,0.0,13.73,3.72,0.0
20231005:0411,0.0,0.0,0.0,13.39,3.38,0.0
20231005:0511,0.0,0.0,0.0,13.47,3.17,0.0
20231005:0611,0.0,0.0,0.0,13.63,3.1,0.0
20231005:0711,60399.0,41.33,7.34,13.74,2.97,0.0
20231005:0811,226692.0,115.9,15.27,13.75,3.45,0.0
20231005:0911,177768.0,94.56,22.12,13.95,4.07,0.0
20231005:1011,95283.0,57.48,27.35,14.34,4.34,0.0
20231005:1111,133083.0,75.1,30.44,15.55,5.38,0.0
20231005:1211,163782.0,89.0,30.98,15.91,5.72,0.0
20231005:1311,102600.0,61.19,28.91,15.66,4.69,0.0
20231005:1411,84996.0,52.85,24.49,15.3,5.31,0.0
20231005:1511,99279.0,59.33,18.24,14.48,5.66,0.0
20231005:1611,62316.0,41.72,10.7,13.95,5.31,0.0
20231005:1711,0.0,2.78,2.36,13.9,5.66,0.0
20231005:1811,0.0,0.0,0.0,14.32,5.79,0.0
20231005:1911,0.0,0.0,0.0,14.74,6.0,0.0
20231005:2011,0.0,0.0,0.0,14.99,6.21,0.0
20231005:2111,0.0,0.0,0.0,15.21,6.34,0.0
20231005:2211,0.0,0.0,0.0,15.43,6.48,0.0
20231005:2311,0.0,0.0,0.0,15.71,6.41,0.0
20231006:0011,0.0,0.0,0.0,15.84,6.41,0.0
20231006:0111,0.0,0.0,0.0,15.92,6.48,0.0
20231006:0211,0.0,0.0,0.0,16.03,6.62,0.0
20231006:0311,0.0,0.0,0.0,16.11,6.76,0.0
20231006:0411,0.0,0.0,0.0,16.12,6.97,0.0
20231006:0511,0.0,0.0,0.0,16.13,6.83,0.0
20231006:0611,0.0,0.0,0.0,16.17,6.55,0.0
20231006:0711,3942.0,9.27,7.06,16.91,6.48,0.0
20231006:0811,35964.0,28.74,14.97,17.12,6.69,0.0
20231006:0911,144261.0,80.66,21.79,17.27,6.76,0.0
20231006:1011,178956.0,96.42,27.0,17.68,6.14,0.0
20231006:1111,91746.0,56.55,30.07,17.81,6.69,0.0
20231006:1211,160083.0,88.08,30.6,18.06,6.76,0.0
20231006:1311,82053.0,51.92,28.52,17.66,6.14,0.0
20231006:1411,119799.0,69.53,24.11,17.31,6.0,0.0
20231006:1511,76383.0,49.14,17.87,17.41,6.34,0.0
20231006:1611,51948.0,37.08,10.34,17.43,6.07,0.0
20231006:1711,0.0,1.85,2.0,17.22,6.41,0.0
20231006:1811,0.0,0.0,0.0,16.93,6.07,0.0
20231006:1911,0.0,0.0,0.0,17.3,6.83,0.0
20231006:2011,0.0,0.0,0.0,17.16,6.9,0.0
20231006:2111,0.0,0.0,0.0,17.03,6.83,0.0
20231006:2211,0.0,0.0,0.0,16.81,6.97,0.0
20231006:2311,0.0,0.0,0.0,16.63,7.31,0.0
20231007:0011,0.0,0.0,0.0,16.4,7.17,0.0
20231007:0111,0.0,0.0,0.0,15.82,7.03,0.0
20231007:0211,0.0,0.0,0.0,15.41,6.83,0.0
20231007:0311,0.0,0.0,0.0,15.11,6.21,0.0
20231007:0411,0.0,0.0,0.0,15.05,6.0,0.0
20231007:0511,0.0,0.0,0.0,15.12,5.86,0.0
20231007:0611,0.0,0.0,0.0,15.18,5.79,0.0
20231007:0711,783.0,6.49,6.78,15.21,5.59,0.0
20231007:0811,36261.0,28.74,14.68,15.56,5.86,0.0
20231007:0911,65475.0,43.57,21.47,15.89,6.0,0.0
20231007:1011,239166.0,122.38,26.65,16.31,6.0,0.0
20231007:1111,892782.0,401.21,29.69,17.12,6.83,0.0
20231007:1211,894105.0,402.46,30.21,17.83,7.59,0.0
20231007:1311,1067661.0,477.97,28.13,18.42,7.86,0.0
20231007:1411,469044.0,221.65,23.72,18.26,7.17,0.0
20231007:1511,22383.0,21.32,17.49,18.16,6.48,0.0
20231007:1611,59184.0,40.79,9.97,17.89,5.66,0.0
20231007:1711,0.0,3.71,1.65,17.34,4.55,0.0
20231007:1811,0.0,0.0,0.0,16.79,3.52,0.0
20231007:1911,0.0,0.0,0.0,16.91,3.31,0.0
20231007:2011,0.0,0.0,0.0,16.4,2.48,0.0
20231007:2111,0.0,0.0,0.0,15.8,1.93,0.0
20231007:2211,0.0,0.0,0.0,15.03,2.07,0.0
20231007:2311,0.0,0.0,0.0,14.09,2.62,0.0
20231008:0011,0.0,0.0,0.0,13.33,2.76,0.0
20231008:0111,0.0,0.0,0.0,12.76,2.83,0.0
20231008:0211,0.0,0.0,0.0,12.41,2.48,0.0
20231008:0311,0.0,0.0,0.0,12.28,2.62,0.0
20231008:0411,0.0,0.0,0.0,12.27,3.1,0.0
20231008:0511,0.0,0.0,0.0,12.3,2.97,0.0
20231008:0611,0.0,0.0,0.0,12.34,2.55,0.0
20231008:0711,7965.0,12.05,6.5,12.3,3.1,0.0
20231008:0811,104085.0,61.19,14.38,12.64,3.03,0.0
20231008:0911,134379.0,75.1,21.15,13.25,3.1,0.0
20231008:1011,150255.0,82.51,26.31,14.16,3.03,0.0
20231008:1111,224910.0,115.89,29.32,15.18,3.31,0.0
20231008:1211,344412.0,168.56,29.82,16.48,3.31,0.0
20231008:1311,279315.0,141.16,27.74,17.77,2.97,0.0
20231008:1411,151038.0,84.37,23.34,18.62,3.1,0.0
20231008:1511,153846.0,85.68,17.12,18.67,2.62,0.0
20231008:1611,172557.0,95.59,9.61,18.4,2.83,0.0
20231008:1711,0.0,0.93,1.29,17.18,3.38,0.0
20231008:1811,0.0,0.0,0.0,16.35,3.79,0.0
20231008:1911,0.0,0.0,0.0,15.96,4.48,0.0
20231008:2011,0.0,0.0,0.0,15.61,4.83,0.0
20231008:2111,0.0,0.0,0.0,15.25,4.69,0.0
20231008:2211,0.0,0.0,0.0,15.1,4.76,0.0
20231008:2311,0.0,0.0,0.0,15.09,4.9,0.0
20231009:0011,0.0,0.0,0.0,15.03,4.69,0.0
20231009:0111,0.0,0.0,0.0,15.14,4.48,0.0
20231009:0211,0.0,0.0,0.0,15.17,4.34,0.0
20231009:0311,0.0,0.0,0.0,15.25,4.0,0.0
20231009:0411,0.0,0.0,0.0,15.33,3.52,0.0
20231009:0511,0.0,0.0,0.0,15.51,3.1,0.0
20231009:0611,0.0,0.0,0.0,15.55,2.76,0.0
20231009:0711,13338.0,15.76,6.22,16.26,3.66,0.0
20231009:0811,74709.0,48.21,14.08,16.51,3.59,0.0
20231009:0911,150498.0,83.44,20.83,16.67,3.31,0.0
20231009:1011,282663.0,142.44,25.96,17.75,3.52,0.0
20231009:1111,1447443.0,664.1,28.95,18.24,2.9,0.0
20231009:1211,755298.0,349.17,29.44,18.81,2.9,0.0
20231009:1311,1642734.0,761.88,27.35,19.36,2.97,0.0
20231009:1411,1300509.0,598.48,22.96,19.9,2.97,0.0
20231009:1511,734292.0,342.82,16.75,19.89,2.55,0.0
20231009:1611,300591.0,156.43,9.25,19.51,2.28,0.0
20231009:1711,0.0,0.0,0.0,18.3,2.48,0.0
20231009:1811,0.0,0.0,0.0,17.19,2.62,0.0
20231009:1911,0.0,0.0,0.0,16.33,2.48,0.0
20231009:2011,0.0,0.0,0.0,15.77,2.55,0.0
20231009:2111,0.0,0.0,0.0,15.41,2.55,0.0
20231009:2211,0.0,0.0,0.0,15.04,2.41,0.0
20231009:2311,0.0,0.0,0.0,14.78,2.55,0.0
20231010:0011,0.0,0.0,0.0,14.58,2.83,0.0
20231010:0111,0.0,0.0,0.0,14.54,3.17,0.0
20231010:0211,0.0,0.0,0.0,14.65,3.66,0.0
20231010:0311,0.0,0.0,0.0,14.62,4.0,0.0
20231010:0411,0.0,0.0,0.0,14.69,4.21,0.0
20231010:0511,0.0,0.0,0.0,14.75,3.66,0.0
20231010:0611,0.0,0.0,0.0,14.88,2.55,0.0
20231010:0711,10557.0,13.91,5.94,15.01,2.76,0.0
20231010:0811,43308.0,32.45,13.78,15.51,2.62,0.0
20231010:0911,30888.0,25.96,20.51,16.41,3.31,0.0
20231010:1011,44739.0,33.38,25.61,17.16,3.31,0.0
20231010:1111,53487.0,38.01,28.58,18.31,4.0,0.0
20231010:1211,489105.0,232.52,29.06,19.04,4.41,0.0
20231010:1311,681048.0,314.95,26.97,19.69,5.59,0.0
20231010:1411,615357.0,285.57,22.58,18.9,4.9,0.0
20231010:1511,89397.0,55.63,16.39,18.56,5.31,0.0
20231010:1611,3915.0,9.27,8.9,18.01,5.45,0.0
20231010:1711,0.0,0.0,0.0,17.49,5.79,0.0
20231010:1811,0.0,0.0,0.0,16.89,6.0,0.0
20231010:1911,0.0,0.0,0.0,17.17,6.34,0.0
20231010:2011,0.0,0.0,0.0,17.01,6.69,0.0
20231010:2111,0.0,0.0,0.0,17.0,6.97,0.0
20231010:2211,0.0,0.0,0.0,17.23,7.17,0.0
20231010:2311,0.0,0.0,0.0,17.27,7.52,0.0
20231011:0011,0.0,0.0,0.0,17.06,7.79,0.0
20231011:0111,0.0,0.0,0.0,16.75,7.72,0.0
20231011:0211,0.0,0.0,0.0,16.47,7.79,0.0
20231011:0311,0.0,0.0,0.0,16.08,7.45,0.0
20231011:0411,0.0,0.0,0.0,15.83,7.31,0.0
20231011:0511,0.0,0.0,0.0,15.64,6.69,0.0
20231011:0611,0.0,0.0,0.0,15.08,5.79,0.0
20231011:0711,15012.0,16.69,5.66,14.4,5.1,0.0
20231011:0811,42039.0,31.52,13.48,13.42,4.69,0.0
20231011:0911,43983.0,32.45,20.19,12.83,4.21,0.0
20231011:1011,72279.0,46.36,25.26,12.86,4.28,0.0
20231011:1111,74196.0,47.28,28.21,12.93,4.34,0.0
20231011:1211,108027.0,63.04,28.67,13.0,4.14,0.0
20231011:1311,134676.0,75.1,26.58,12.95,3.86,0.0
20231011:1411,145098.0,79.73,22.21,12.79,3.45,0.0
20231011:1511,78192.0,49.14,16.02,12.58,3.17,0.0
20231011:1611,49599.0,35.23,8.55,12.32,3.1,0.0
20231011:1711,0.0,0.0,0.0,11.76,2.69,0.0
20231011:1811,0.0,0.0,0.0,11.22,2.62,0.0
20231011:1911,0.0,0.0,0.0,10.8,2.48,0.0
20231011:2011,0.0,0.0,0.0,10.3,2.55,0.0
20231011:2111,0.0,0.0,0.0,9.4,2.41,0.0
20231011:2211,0.0,0.0,0.0,8.33,2.21,0.0
20231011:2311,0.0,0.0,0.0,7.18,2.21,0.0
20231012:0011,0.0,0.0,0.0,6.32,2.28,0.0
20231012:0111,0.0,0.0,0.0,5.61,2.14,0.0
20231012:0211,0.0,0.0,0.0,4.86,1.93,0.0
20231012:0311,0.0,0.0,0.0,4.18,1.72,0.0
20231012:0411,0.0,0.0,0.0,3.72,1.52,0.0
20231012:0511,0.0,0.0,0.0,3.16,1.52,0.0
20231012:0611,0.0,0.0,0.0,2.68,1.45,0.0
20231012:0711,158031.0,88.72,5.38,2.29,1.45,0.0
20231012:0811,831708.0,368.8,13.18,4.66,0.62,0.0
20231012:0911,1271673.0,567.62,19.86,7.89,0.41,0.0
20231012:1011,1583577.0,721.6,24.92,9.67,0.55,0.0
20231012:1111,1844451.0,839.1,27.85,10.81,1.86,0.0
20231012:1211,1984635.0,906.31,28.29,11.64,2.41,0.0
20231012:1311,1838403.0,834.23,26.2,12.18,2.48,0.0
20231012:1411,1554336.0,697.48,21.84,12.48,2.55,0.0
20231012:1511,1000458.0,448.68,15.66,12.47,2.48,0.0
20231012:1611,443475.0,217.55,8.19,12.15,2.28,0.0
20231012:1711,0.0,0.0,0.0,10.86,2.28,0.0
20231012:1811,0.0,0.0,0.0,9.52,2.48,0.0
20231012:1911,0.0,0.0,0.0,8.66,2.34,0.0
20231012:2011,0.0,0.0,0.0,8.52,2.14,0.0
20231012:2111,0.0,0.0,0.0,8.63,2.07,0.0
20231012:2211,0.0,0.0,0.0,8.72,2.21,0.0
20231012:2311,0.0,0.0,0.0,9.05,2.34,0.0
20231013:0011,0.0,0.0,0.0,9.39,2.34,0.0
20231013:0111,0.0,0.0,0.0,9.8,2.41,0.0
20231013:0211,0.0,0.0,0.0,10.17,2.55,0.0
20231013:0311,0.0,0.0,0.0,10.43,2.41,0.0
20231013:0411,0.0,0.0,0.0,10.84,2.14,0.0
20231013:0511,0.0,0.0,0.0,11.15,1.45,0.0
20231013:0611,0.0,0.0,0.0,11.3,0.9,0.0
20231013:0711,39555.0,30.88,5.1,11.29,0.48,0.0
20231013:0811,12258.0,14.83,12.88,11.54,1.03,0.0
20231013:0911,49653.0,35.23,19.54,12.0,1.86,0.0
20231013:1011,206334.0,106.62,24.57,12.61,3.1,0.0
20231013:1111,118314.0,67.68,27.48,12.78,4.0,0.0
20231013:1211,95958.0,57.48,27.92,12.94,4.34,0.0
20231013:1311,294219.0,144.45,25.82,13.26,4.97,0.0
20231013:1411,248508.0,124.64,21.46,13.17,5.72,0.0
20231013:1511,959634.0,424.81,15.3,12.54,5.59,0.0
20231013:1611,119070.0,68.92,7.85,12.05,5.52,0.0
20231013:1711,0.0,0.0,0.0,11.1,5.1,0.0
20231013:1811,0.0,0.0,0.0,10.08,4.9,0.0
20231013:1911,0.0,0.0,0.0,9.52,5.03,0.0
20231013:2011,0.0,0.0,0.0,9.1,4.97,0.0
20231013:2111,0.0,0.0,0.0,8.81,5.17,0.0
20231013:2211,0.0,0.0,0.0,8.62,5.45,0.0
20231013:2311,0.0,0.0,0.0,8.44,5.59,0.0
20231014:0011,0.0,0.0,0.0,8.25,5.52,0.0
20231014:0111,0.0,0.0,0.0,8.07,5.45,0.0
20231014:0211,0.0,0.0,0.0,7.86,5.31,0.0
20231014:0311,0.0,0.0,0.0,7.51,5.1,0.0
20231014:0411,0.0,0.0,0.0,7.21,4.9,0.0
20231014:0511,0.0,0.0,0.0,6.99,4.69,0.0
20231014:0611,0.0,0.0,0.0,6.62,4.69,0.0
20231014:0711,106299.0,65.0,4.82,6.17,4.48,0.0
20231014:0811,817209.0,359.34,12.59,6.86,4.41,0.0
20231014:0911,1332774.0,575.46,19.22,8.2,4.34,0.0
20231014:1011,1755810.0,762.42,24.23,9.47,5.38,0.0
20231014:1111,1893105.0,828.55,27.11,10.46,5.59,0.0
20231014:1211,1950966.0,855.51,27.54,11.02,6.0,0.0
20231014:1311,1703889.0,741.73,25.45,11.1,6.21,0.0
20231014:1411,1292193.0,559.77,21.1,10.77,6.0,0.0
20231014:1511,993708.0,435.15,14.95,10.21,5.59,0.0
20231014:1611,420930.0,204.84,7.5,9.61,4.76,0.0
20231014:1711,0.0,0.0,0.0,8.62,4.21,0.0
20231014:1811,0.0,0.0,0.0,7.69,3.93,0.0
20231014:1911,0.0,0.0,0.0,6.73,3.93,0.0
20231014:2011,0.0,0.0,0.0,6.08,4.0,0.0
20231014:2111,0.0,0.0,0.0,5.51,3.93,0.0
20231014:2211,0.0,0.0,0.0,5.01,3.93,0.0
20231014:2311,0.0,0.0,0.0,4.62,3.86,0.0
20231015:0011,0.0,0.0,0.0,4.29,3.79,0.0
20231015:0111,0.0,0.0,0.0,3.93,3.79,0.0
20231015:0211,0.0,0.0,0.0,3.59,3.79,0.0
20231015:0311,0.0,0.0,0.0,3.22,3.79,0.0
20231015:0411,0.0,0.0,0.0,2.84,3.79,0.0
20231015:0511,0.0,0.0,0.0,2.56,3.72,0.0
20231015:0611,0.0,0.0,0.0,2.29,3.66,0.0
20231015:0711,90126.0,56.35,4.53,2.24,3.59,0.0
20231015:0811,792801.0,345.27,12.29,3.36,3.1,0.0
20231015:0911,1298862.0,556.65,18.9,5.5,3.38,0.0
20231015:1011,1687419.0,732.03,23.88,7.48,3.86,0.0
20231015:1111,1891620.0,828.66,26.75,9.04,4.48,0.0
20231015:1211,1834677.0,805.01,27.16,10.22,4.83,0.0
20231015:1311,1803600.0,794.35,25.07,11.09,4.69,0.0
20231015:1411,753462.0,334.25,20.73,11.53,4.48,0.0
20231015:1511,834597.0,371.77,14.59,11.5,3.86,0.0
20231015:1611,337041.0,169.12,7.16,10.97,2.69,0.0
20231015:1711,0.0,0.0,0.0,9.75,2.41,0.0
20231015:1811,0.0,0.0,0.0,8.03,2.62,0.0
20231015:1911,0.0,0.0,0.0,7.2,2.34,0.0
20231015:2011,0.0,0.0,0.0,6.42,2.28,0.0
20231015:2111,0.0,0.0,0.0,5.46,2.28,0.0
20231015:2211,0.0,0.0,0.0,4.63,2.21,0.0
20231015:2311,0.0,0.0,0.0,4.14,2.0,0.0
20231016:0011,0.0,0.0,0.0,3.82,1.86,0.0
20231016:0111,0.0,0.0,0.0,3.47,1.72,0.0
20231016:0211,0.0,0.0,0.0,3.34,1.59,0.0
20231016:0311,0.0,0.0,0.0,3.1,1.52,0.0
20231016:0411,0.0,0.0,0.0,2.96,1.38,0.0
20231016:0511,0.0,0.0,0.0,2.83,1.31,0.0
20231016:0611,0.0,0.0,0.0,2.79,1.24,0.0
20231016:0711,37962.0,29.26,4.25,2.07,1.31,0.0
20231016:0811,329643.0,154.81,11.99,3.65,0.62,0.0
20231016:0911,979371.0,432.24,18.58,6.24,0.14,0.0
20231016:1011,924723.0,410.18,23.54,8.07,0.41,0.0
20231016:1111,1147932.0,510.0,26.39,9.19,0.97,0.0
20231016:1211,906633.0,403.51,26.79,9.92,1.17,0.0
20231016:1311,1084725.0,482.45,24.7,10.3,1.24,0.0
20231016:1411,942678.0,419.03,20.37,10.54,1.45,0.0
20231016:1511,480006.0,221.71,14.24,10.52,1.66,0.0
20231016:1611,207846.0,110.26,6.82,9.99,1.38,0.0
20231016:1711,0.0,0.0,0.0,8.84,1.59,0.0
20231016:1811,0.0,0.0,0.0,6.84,1.52,0.0
20231016:1911,0.0,0.0,0.0,5.31,1.45,0.0
20231016:2011,0.0,0.0,0.0,5.62,1.1,0.0
20231016:2111,0.0,0.0,0.0,5.96,0.9,0.0
20231016:2211,0.0,0.0,0.0,5.83,0.69,0.0
20231016:2311,0.0,0.0,0.0,5.36,0.83,0.0
20231017:0011,0.0,0.0,0.0,4.02,1.38,0.0
20231017:0111,0.0,0.0,0.0,2.99,1.52,0.0
20231017:0211,0.0,0.0,0.0,2.43,1.72,0.0
20231017:0311,0.0,0.0,0.0,1.99,1.86,0.0
20231017:0411,0.0,0.0,0.0,1.75,2.07,0.0
20231017:0511,0.0,0.0,0.0,2.05,2.14,0.0
20231017:0611,0.0,0.0,0.0,2.62,2.07,0.0
20231017:0711,11394.0,13.91,3.97,3.41,2.21,0.0
20231017:0811,77085.0,47.28,11.69,5.18,1.79,0.0
20231017:0911,273861.0,133.57,18.26,8.85,1.72,0.0
20231017:1011,184626.0,96.42,23.2,10.53,2.21,0.0
20231017:1111,1051947.0,463.71,26.03,11.72,3.52,0.0
20231017:1211,622701.0,281.09,26.42,12.54,5.1,0.0
20231017:1311,644544.0,290.14,24.33,12.73,5.1,0.0
20231017:1411,391122.0,184.25,20.01,12.54,4.69,0.0
20231017:1511,215082.0,109.83,13.89,12.17,4.55,0.0
20231017:1611,159057.0,88.31,6.48,11.56,4.28,0.0
20231017:1711,0.0,0.0,0.0,10.47,4.21,0.0
20231017:1811,0.0,0.0,0.0,9.64,4.28,0.0
20231017:1911,0.0,0.0,0.0,9.19,4.41,0.0
20231017:2011,0.0,0.0,0.0,9.09,4.41,0.0
20231017:2111,0.0,0.0,0.0,9.33,4.48,0.0
20231017:2211,0.0,0.0,0.0,9.56,4.55,0.0
20231017:2311,0.0,0.0,0.0,9.7,4.55,0.0
20231018:0011,0.0,0.0,0.0,9.93,4.69,0.0
20231018:0111,0.0,0.0,0.0,9.83,4.76,0.0
20231018:0211,0.0,0.0,0.0,9.76,4.76,0.0
20231018:0311,0.0,0.0,0.0,9.62,4.69,0.0
20231018:0411,0.0,0.0,0.0,9.46,4.62,0.0
20231018:0511,0.0,0.0,0.0,9.41,4.76,0.0
20231018:0611,0.0,0.0,0.0,9.6,5.03,0.0
20231018:0711,5454.0,10.2,3.69,9.88,5.1,0.0
20231018:0811,139671.0,76.46,11.39,10.18,5.03,0.0
20231018:0911,306504.0,147.7,17.94,10.96,4.83,0.0
20231018:1011,952614.0,416.57,22.86,11.88,6.07,0.0
20231018:1111,1552851.0,676.05,25.67,12.94,7.45,0.0
20231018:1211,1761075.0,771.78,26.06,13.38,7.1,0.0
20231018:1311,1058319.0,462.97,23.97,13.51,7.52,0.0
20231018:1411,914193.0,402.0,19.65,13.52,7.45,0.0
20231018:1511,711558.0,319.36,13.55,12.93,6.28,0.0
20231018:1611,54216.0,37.96,6.15,12.24,6.21,0.0
20231018:1711,0.0,0.0,0.0,11.62,6.14,0.0
20231018:1811,0.0,0.0,0.0,11.37,6.34,0.0
20231018:1911,0.0,0.0,0.0,11.61,6.34,0.0
20231018:2011,0.0,0.0,0.0,11.56,6.41,0.0
20231018:2111,0.0,0.0,0.0,11.52,6.55,0.0
20231018:2211,0.0,0.0,0.0,11.46,6.9,0.0
20231018:2311,0.0,0.0,0.0,11.11,7.31,0.0
20231019:0011,0.0,0.0,0.0,10.96,7.52,0.0
20231019:0111,0.0,0.0,0.0,11.1,7.45,0.0
20231019:0211,0.0,0.0,0.0,11.14,7.31,0.0
20231019:0311,0.0,0.0,0.0,11.28,6.14,0.0
20231019:0411,0.0,0.0,0.0,11.46,3.03,0.0
20231019:0511,0.0,0.0,0.0,11.49,1.1,0.0
20231019:0611,0.0,0.0,0.0,11.51,3.17,0.0
20231019:0711,0.0,2.78,3.41,12.39,4.55,0.0
20231019:0811,396306.0,188.27,11.1,12.83,4.55,0.0
20231019:0911,97767.0,58.41,17.63,13.4,4.69,0.0
20231019:1011,58428.0,39.87,22.52,14.29,5.52,0.0
20231019:1111,156330.0,85.29,25.31,14.71,4.76,0.0
20231019:1211,1222533.0,545.26,25.69,15.51,4.34,0.0
20231019:1311,211572.0,110.33,23.6,16.19,4.97,0.0
20231019:1411,296352.0,146.84,19.3,16.35,4.41,0.0
20231019:1511,473985.0,223.35,13.21,16.33,4.21,0.0
20231019:1611,1782.0,7.42,5.82,15.68,4.0,0.0
20231019:1711,0.0,0.0,0.0,14.75,4.0,0.0
20231019:1811,0.0,0.0,0.0,14.1,3.93,0.0
20231019:1911,0.0,0.0,0.0,14.02,4.0,0.0
20231019:2011,0.0,0.0,0.0,13.82,3.72,0.0
20231019:2111,0.0,0.0,0.0,13.83,3.52,0.0
20231019:2211,0.0,0.0,0.0,13.77,3.45,0.0
20231019:2311,0.0,0.0,0.0,13.6,3.59,0.0
20231020:0011,0.0,0.0,0.0,13.49,3.79,0.0
20231020:0111,0.0,0.0,0.0,13.08,4.69,0.0
20231020:0211,0.0,0.0,0.0,12.7,5.79,0.0
20231020:0311,0.0,0.0,0.0,12.25,6.62,0.0
20231020:0411,0.0,0.0,0.0,11.87,7.24,0.0
20231020:0511,0.0,0.0,0.0,11.62,7.72,0.0
20231020:0611,0.0,0.0,0.0,11.56,8.41,0.0
20231020:0711,0.0,2.78,3.13,11.53,7.86,0.0
20231020:0811,8019.0,12.05,10.8,11.58,8.21,0.0
20231020:0911,65178.0,42.65,17.31,11.29,9.1,0.0
20231020:1011,79029.0,49.14,22.18,10.97,9.38,0.0
20231020:1111,71253.0,45.43,24.96,10.7,9.59,0.0
20231020:1211,124227.0,69.53,25.33,10.38,9.86,0.0
20231020:1311,77409.0,48.21,23.24,10.06,9.79,0.0
20231020:1411,63720.0,41.72,18.95,9.9,9.52,0.0
20231020:1511,33858.0,26.89,12.87,9.85,9.1,0.0
20231020:1611,13932.0,15.76,5.5,9.74,8.9,0.0
20231020:1711,0.0,0.0,0.0,9.6,8.69,0.0
20231020:1811,0.0,0.0,0.0,9.65,8.76,0.0
20231020:1911,0.0,0.0,0.0,9.4,7.72,0.0
20231020:2011,0.0,0.0,0.0,9.24,7.86,0.0
20231020:2111,0.0,0.0,0.0,8.96,7.59,0.0
20231020:2211,0.0,0.0,0.0,8.77,7.17,0.0
20231020:2311,0.0,0.0,0.0,8.67,6.83,0.0
20231021:0011,0.0,0.0,0.0,8.7,6.55,0.0
20231021:0111,0.0,0.0,0.0,9.01,6.14,0.0
20231021:0211,0.0,0.0,0.0,9.03,5.59,0.0
20231021:0311,0.0,0.0,0.0,9.1,4.97,0.0
20231021:0411,0.0,0.0,0.0,9.16,4.48,0.0
20231021:0511,0.0,0.0,0.0,9.11,4.21,0.0
20231021:0611,0.0,0.0,0.0,9.02,4.14,0.0
20231021:0711,0.0,3.71,2.85,8.95,3.66,0.0
20231021:0811,8154.0,12.05,10.5,9.09,3.31,0.0
20231021:0911,23544.0,21.32,16.99,9.41,2.97,0.0
20231021:1011,351108.0,166.1,21.84,9.52,2.62,0.0
20231021:1111,1180548.0,517.62,24.61,10.14,2.9,0.0
20231021:1211,1240353.0,546.29,24.97,11.06,2.97,0.0
20231021:1311,636849.0,286.96,22.88,11.64,2.9,0.0
20231021:1411,179010.0,94.31,18.6,11.7,2.62,0.0
20231021:1511,344736.0,165.1,12.54,11.7,2.55,0.0
20231021:1611,5373.0,10.2,5.17,11.35,2.21,0.0
20231021:1711,0.0,0.0,0.0,10.6,2.14,0.0
20231021:1811,0.0,0.0,0.0,9.14,2.41,0.0
20231021:1911,0.0,0.0,0.0,8.78,2.48,0.0
20231021:2011,0.0,0.0,0.0,7.87,2.41,0.0
20231021:2111,0.0,0.0,0.0,6.95,2.34,0.0
20231021:2211,0.0,0.0,0.0,6.08,2.14,0.0
20231021:2311,0.0,0.0,0.0,5.4,2.14,0.0
20231022:0011,0.0,0.0,0.0,4.85,2.21,0.0
20231022:0111,0.0,0.0,0.0,4.65,2.34,0.0
20231022:0211,0.0,0.0,0.0,4.67,2.34,0.0
20231022:0311,0.0,0.0,0.0,4.86,2.41,0.0
20231022:0411,0.0,0.0,0.0,5.27,2.48,0.0
20231022:0511,0.0,0.0,0.0,5.2,2.48,0.0
20231022:0611,0.0,0.0,0.0,5.08,2.41,0.0
20231022:0711,82863.0,55.98,2.57,4.7,2.34,0.0
20231022:0811,345654.0,162.38,10.21,5.47,2.07,0.0
20231022:0911,1166022.0,510.97,16.68,8.44,2.07,0.0
20231022:1011,1565865.0,690.4,21.51,10.5,3.24,0.0
20231022:1111,1728162.0,763.81,24.26,11.43,4.14,0.0
20231022:1211,1853280.0,822.1,24.61,12.21,4.69,0.0
20231022:1311,1000728.0,440.58,22.53,12.36,4.34,0.0
20231022:1411,1315062.0,580.85,18.25,12.23,3.52,0.0
20231022:1511,906714.0,407.07,12.21,12.11,2.83,0.0
20231022:1611,212112.0,115.18,4.86,11.22,2.07,0.0
20231022:1711,0.0,0.0,0.0,9.85,2.14,0.0
20231022:1811,0.0,0.0,0.0,8.31,1.86,0.0
20231022:1911,0.0,0.0,0.0,7.23,1.38,0.0
20231022:2011,0.0,0.0,0.0,7.45,1.1,0.0
20231022:2111,0.0,0.0,0.0,7.56,0.83,0.0
20231022:2211,0.0,0.0,0.0,7.5,0.55,0.0
20231022:2311,0.0,0.0,0.0,7.27,0.48,0.0
20231023:0011,0.0,0.0,0.0,7.09,0.76,0.0
20231023:0111,0.0,0.0,0.0,6.14,0.97,0.0
20231023:0211,0.0,0.0,0.0,4.78,1.31,0.0
20231023:0311,0.0,0.0,0.0,4.44,1.38,0.0
20231023:0411,0.0,0.0,0.0,4.25,1.45,0.0
20231023:0511,0.0,0.0,0.0,4.37,1.38,0.0
20231023:0611,0.0,0.0,0.0,4.14,1.45,0.0
20231023:0711,0.0,5.56,2.29,4.45,1.59,0.0
20231023:0811,206361.0,103.92,9.91,5.2,1.24,0.0
20231023:0911,332181.0,156.95,16.36,7.6,1.52,0.0
20231023:1011,239031.0,119.06,21.18,8.98,1.86,0.0
20231023:1111,250938.0,124.8,23.91,10.35,2.41,0.0
20231023:1211,258363.0,128.51,24.26,11.56,3.03,0.0
20231023:1311,515808.0,236.75,22.18,12.35,3.24,0.0
20231023:1411,388530.0,183.54,17.91,12.83,3.31,0.0
20231023:1511,138591.0,76.77,11.88,12.69,2.62,0.0
20231023:1611,28917.0,24.83,4.54,11.88,2.41,0.0
20231023:1711,0.0,0.0,0.0,10.65,2.76,0.0
20231023:1811,0.0,0.0,0.0,10.0,2.83,0.0
20231023:1911,0.0,0.0,0.0,9.88,2.83,0.0
20231023:2011,0.0,0.0,0.0,9.88,2.83,0.0
20231023:2111,0.0,0.0,0.0,10.07,2.97,0.0
20231023:2211,0.0,0.0,0.0,10.28,3.03,0.0
20231023:2311,0.0,0.0,0.0,10.29,3.03,0.0
20231024:0011,0.0,0.0,0.0,10.18,2.9,0.0
20231024:0111,0.0,0.0,0.0,10.02,2.55,0.0
20231024:0211,0.0,0.0,0.0,9.71,2.28,0.0
20231024:0311,0.0,0.0,0.0,9.67,2.07,0.0
20231024:0411,0.0,0.0,0.0,9.7,2.21,0.0
20231024:0511,0.0,0.0,0.0,9.78,2.34,0.0
20231024:0611,0.0,0.0,0.0,9.76,2.48,0.0
20231024:0711,891.0,6.49,2.01,9.4,2.0,0.0
20231024:0811,309474.0,149.85,9.62,9.47,2.14,0.0
20231024:0911,81270.0,50.06,16.05,9.75,2.34,0.0
20231024:1011,142641.0,77.88,20.84,10.16,2.34,0.0
20231024:1111,140400.0,76.95,23.56,10.38,2.41,0.0
20231024:1211,265113.0,130.99,23.91,10.56,2.0,0.0
20231024:1311,239193.0,119.97,21.83,10.67,1.79,0.0
20231024:1411,69012.0,44.5,17.58,10.79,1.59,0.0
20231024:1511,78786.0,49.14,11.56,10.85,1.38,0.0
20231024:1611,24408.0,22.29,4.23,10.52,1.38,0.0
20231024:1711,0.0,0.0,0.0,9.41,2.0,0.0
20231024:1811,0.0,0.0,0.0,8.21,2.34,0.0
20231024:1911,0.0,0.0,0.0,8.26,2.28,0.0
20231024:2011,0.0,0.0,0.0,8.17,2.48,0.0
20231024:2111,0.0,0.0,0.0,8.05,2.76,0.0
20231024:2211,0.0,0.0,0.0,8.06,2.83,0.0
20231024:2311,0.0,0.0,0.0,7.86,2.97,0.0
20231025:0011,0.0,0.0,0.0,7.71,3.1,0.0
20231025:0111,0.0,0.0,0.0,7.63,3.31,0.0
20231025:0211,0.0,0.0,0.0,7.3,3.03,0.0
20231025:0311,0.0,0.0,0.0,7.3,2.83,0.0
20231025:0411,0.0,0.0,0.0,7.24,2.69,0.0
20231025:0511,0.0,0.0,0.0,6.74,2.62,0.0
20231025:0611,0.0,0.0,0.0,6.94,2.83,0.0
20231025:0711,0.0,1.85,1.73,7.93,2.9,0.0
20231025:0811,54459.0,37.08,9.32,8.26,2.76,0.0
20231025:0911,48546.0,34.3,15.74,9.17,3.17,0.0
20231025:1011,111753.0,63.97,20.51,9.93,4.0,0.0
20231025:1111,121743.0,68.61,23.22,10.49,3.72,0.0
20231025:1211,253071.0,125.78,23.56,10.84,3.52,0.0
20231025:1311,263115.0,130.06,21.49,11.06,3.31,0.0
20231025:1411,76815.0,48.21,17.24,11.09,2.83,0.0
20231025:1511,20061.0,19.47,11.24,10.97,2.41,0.0
20231025:1611,1890.0,7.42,3.93,10.8,2.14,0.0
20231025:1711,0.0,0.0,0.0,10.53,2.14,0.0
20231025:1811,0.0,0.0,0.0,10.35,2.07,0.0
20231025:1911,0.0,0.0,0.0,10.46,2.07,0.0
20231025:2011,0.0,0.0,0.0,10.3,1.66,0.0
20231025:2111,0.0,0.0,0.0,10.21,1.45,0.0
20231025:2211,0.0,0.0,0.0,9.97,0.76,0.0
20231025:2311,0.0,0.0,0.0,9.84,0.62,0.0
20231026:0011,0.0,0.0,0.0,9.65,0.62,0.0
20231026:0111,0.0,0.0,0.0,9.55,0.97,0.0
20231026:0211,0.0,0.0,0.0,9.45,1.52,0.0
20231026:0311,0.0,0.0,0.0,9.27,1.93,0.0
20231026:0411,0.0,0.0,0.0,9.09,2.34,0.0
20231026:0511,0.0,0.0,0.0,8.87,2.62,0.0
20231026:0611,0.0,0.0,0.0,8.45,2.55,0.0
20231026:0711,0.0,0.93,1.45,7.82,2.21,0.0
20231026:0811,34182.0,26.89,9.03,7.85,2.07,0.0
20231026:0911,18738.0,18.54,15.43,8.44,2.21,0.0
20231026:1011,32184.0,25.96,20.19,9.03,2.07,0.0
20231026:1111,39150.0,29.67,22.88,9.88,1.93,0.0
20231026:1211,121770.0,68.61,23.21,10.07,1.86,0.0
20231026:1311,123768.0,69.53,21.15,10.21,2.0,0.0
20231026:1411,23409.0,21.32,16.92,10.32,2.21,0.0
20231026:1511,12339.0,14.83,10.92,10.44,1.79,0.0
20231026:1611,0.0,2.78,3.63,10.36,1.24,0.0
20231026:1711,0.0,0.0,0.0,10.14,0.83,0.0
20231026:1811,0.0,0.0,0.0,9.75,1.1,0.0
20231026:1911,0.0,0.0,0.0,9.44,1.17,0.0
20231026:2011,0.0,0.0,0.0,9.04,1.03,0.0
20231026:2111,0.0,0.0,0.0,9.4,0.41,0.0
20231026:2211,0.0,0.0,0.0,9.29,0.28,0.0
20231026:2311,0.0,0.0,0.0,8.89,0.55,0.0
20231027:0011,0.0,0.0,0.0,9.08,0.55,0.0
20231027:0111,0.0,0.0,0.0,9.27,0.62,0.0
20231027:0211,0.0,0.0,0.0,9.09,0.55,0.0
20231027:0311,0.0,0.0,0.0,8.81,0.69,0.0
20231027:0411,0.0,0.0,0.0,8.79,0.83,0.0
20231027:0511,0.0,0.0,0.0,8.46,0.9,0.0
20231027:0611,0.0,0.0,0.0,8.24,1.1,0.0
20231027:0711,0.0,0.0,0.0,7.47,0.83,0.0
20231027:0811,89451.0,53.55,8.74,7.76,0.76,0.0
20231027:0911,30537.0,25.03,15.12,8.31,0.69,0.0
20231027:1011,69444.0,44.5,19.86,9.42,0.69,0.0
20231027:1111,169803.0,89.93,22.54,10.0,0.9,0.0
20231027:1211,40824.0,30.59,22.87,10.48,1.03,0.0
20231027:1311,79110.0,49.14,20.81,10.07,1.59,0.0
20231027:1411,52002.0,36.16,16.59,10.23,2.07,0.0
20231027:1511,28485.0,24.1,10.61,10.31,1.79,0.0
20231027:1611,0.0,2.78,3.33,10.11,1.66,0.0
20231027:1711,0.0,0.0,0.0,9.87,1.72,0.0
20231027:1811,0.0,0.0,0.0,9.79,1.72,0.0
20231027:1911,0.0,0.0,0.0,9.88,2.34,0.0
20231027:2011,0.0,0.0,0.0,9.81,2.41,0.0
20231027:2111,0.0,0.0,0.0,9.45,2.21,0.0
20231027:2211,0.0,0.0,0.0,9.1,2.21,0.0
20231027:2311,0.0,0.0,0.0,8.6,2.14,0.0
20231028:0011,0.0,0.0,0.0,8.24,2.0,0.0
20231028:0111,0.0,0.0,0.0,7.73,2.0,0.0
20231028:0211,0.0,0.0,0.0,7.26,1.86,0.0
20231028:0311,0.0,0.0,0.0,6.88,1.79,0.0
20231028:0411,0.0,0.0,0.0,6.57,1.79,0.0
20231028:0511,0.0,0.0,0.0,7.11,2.07,0.0
20231028:0611,0.0,0.0,0.0,7.26,2.21,0.0
20231028:0711,0.0,0.0,0.0,7.46,2.21,0.0
20231028:0811,47007.0,33.38,8.45,7.77,2.34,0.0
20231028:0911,28809.0,24.1,14.81,8.33,1.79,0.0
20231028:1011,39366.0,29.67,19.54,8.87,2.28,0.0
20231028:1111,175500.0,91.78,22.21,9.12,3.72,0.0
20231028:1211,83160.0,50.99,22.53,10.23,3.86,0.0
20231028:1311,65151.0,42.65,20.48,11.01,3.72,0.0
20231028:1411,277533.0,135.76,16.27,11.03,3.1,0.0
20231028:1511,183735.0,96.09,10.31,11.22,2.97,0.0
20231028:1611,58671.0,41.84,3.04,10.93,2.62,0.0
20231028:1711,0.0,0.0,0.0,10.53,2.9,0.0
20231028:1811,0.0,0.0,0.0,10.08,3.24,0.0
20231028:1911,0.0,0.0,0.0,9.71,3.31,0.0
20231028:2011,0.0,0.0,0.0,9.63,3.45,0.0
20231028:2111,0.0,0.0,0.0,9.5,3.59,0.0
20231028:2211,0.0,0.0,0.0,9.61,3.66,0.0
20231028:2311,0.0,0.0,0.0,9.99,3.72,0.0
20231029:0011,0.0,0.0,0.0,10.19,3.66,0.0
20231029:0111,0.0,0.0,0.0,10.32,3.52,0.0
20231029:0211,0.0,0.0,0.0,10.19,3.24,0.0
20231029:0311,0.0,0.0,0.0,10.12,2.83,0.0
20231029:0411,0.0,0.0,0.0,9.99,1.72,0.0
20231029:0511,0.0,0.0,0.0,9.82,0.55,0.0
20231029:0611,0.0,0.0,0.0,9.41,1.72,0.0
20231029:0711,0.0,0.0,0.0,9.27,2.62,0.0
20231029:0811,42876.0,31.52,8.16,9.58,2.83,0.0
20231029:0911,44631.0,32.45,14.51,10.0,3.1,0.0
20231029:1011,81162.0,50.06,19.22,10.13,3.03,0.0
20231029:1111,264195.0,130.24,21.88,10.43,2.9,0.0
20231029:1211,201393.0,103.84,22.2,11.1,2.97,0.0
20231029:1311,232767.0,117.54,20.15,11.62,2.48,0.0
20231029:1411,286794.0,140.29,15.95,11.97,2.34,0.0
20231029:1511,129249.0,72.44,10.0,11.89,1.59,0.0
20231029:1611,1863.0,7.42,2.75,11.32,1.38,0.0
20231029:1711,0.0,0.0,0.0,9.6,1.24,0.0
20231029:1811,0.0,0.0,0.0,9.89,0.48,0.0
20231029:1911,0.0,0.0,0.0,7.58,1.86,0.0
20231029:2011,0.0,0.0,0.0,7.28,1.93,0.0
20231029:2111,0.0,0.0,0.0,7.2,2.07,0.0
20231029:2211,0.0,0.0,0.0,7.39,2.41,0.0
20231029:2311,0.0,0.0,0.0,7.84,2.55,0.0
20231030:0011,0.0,0.0,0.0,8.18,2.83,0.0
20231030:0111,0.0,0.0,0.0,8.29,2.9,0.0
20231030:0211,0.0,0.0,0.0,8.41,2.97,0.0
20231030:0311,0.0,0.0,0.0,8.43,3.1,0.0
20231030:0411,0.0,0.0,0.0,8.45,3.24,0.0
20231030:0511,0.0,0.0,0.0,8.42,3.52,0.0
20231030:0611,0.0,0.0,0.0,8.39,3.52,0.0
20231030:0711,0.0,0.0,0.0,8.25,2.97,0.0
20231030:0811,89181.0,53.54,7.87,8.36,2.83,0.0
20231030:0911,56268.0,38.01,14.2,8.62,2.69,0.0
20231030:1011,410724.0,189.66,18.9,8.85,3.03,0.0
20231030:1111,341172.0,161.52,21.55,9.24,3.24,0.0
20231030:1211,188082.0,97.35,21.87,9.42,3.45,0.0
20231030:1311,388584.0,181.13,19.83,9.54,3.24,0.0
20231030:1411,63774.0,41.72,15.64,9.36,3.24,0.0
20231030:1511,297243.0,143.4,9.71,9.07,3.38,0.0
20231030:1611,15849.0,17.6,2.46,8.83,3.66,0.0
20231030:1711,0.0,0.0,0.0,8.62,3.52,0.0
20231030:1811,0.0,0.0,0.0,8.55,3.24,0.0
20231030:1911,0.0,0.0,0.0,7.8,2.83,0.0
20231030:2011,0.0,0.0,0.0,7.64,2.76,0.0
20231030:2111,0.0,0.0,0.0,7.7,2.48,0.0
20231030:2211,0.0,0.0,0.0,7.54,2.34,0.0
20231030:2311,0.0,0.0,0.0,7.73,2.41,0.0
20231031:0011,0.0,0.0,0.0,7.79,2.41,0.0
20231031:0111,0.0,0.0,0.0,7.87,2.28,0.0
20231031:0211,0.0,0.0,0.0,7.79,2.14,0.0
20231031:0311,0.0,0.0,0.0,7.87,2.21,0.0
20231031:0411,0.0,0.0,0.0,7.9,2.28,0.0
20231031:0511,0.0,0.0,0.0,7.93,2.48,0.0
20231031:0611,0.0,0.0,0.0,7.88,2.9,0.0
20231031:0711,0.0,0.0,0.0,7.83,2.28,0.0
20231031:0811,27135.0,23.18,7.59,8.05,2.34,0.0
20231031:0911,52542.0,36.16,13.9,8.34,2.48,0.0
20231031:1011,83862.0,50.99,18.58,8.52,3.17,0.0
20231031:1111,122796.0,68.61,21.22,8.67,3.31,0.0
20231031:1211,35802.0,27.81,21.54,8.75,3.45,0.0
20231031:1311,56295.0,38.01,19.51,8.57,3.38,0.0
20231031:1411,140265.0,76.15,15.34,8.44,3.52,0.0
20231031:1511,112455.0,63.86,9.42,8.29,3.59,0.0
20231031:1611,3078.0,8.34,2.19,8.13,3.45,0.0
20231031:1711,0.0,0.0,0.0,8.02,3.1,0.0
20231031:1811,0.0,0.0,0.0,8.01,2.62,0.0
20231031:1911,0.0,0.0,0.0,7.89,2.69,0.0
20231031:2011,0.0,0.0,0.0,7.95,2.76,0.0
20231031:2111,0.0,0.0,0.0,7.98,2.83,0.0
20231031:2211,0.0,0.0,0.0,8.07,2.97,0.0
20231031:2311,0.0,0.0,0.0,8.12,2.48,0.0
20231101:0011,0.0,0.0,0.0,8.16,2.48,0.0
20231101:0111,0.0,0.0,0.0,8.23,2.28,0.0
20231101:0211,0.0,0.0,0.0,8.16,2.55,0.0
20231101:0311,0.0,0.0,0.0,8.13,2.83,0.0
20231101:0411,0.0,0.0,0.0,8.21,3.45,0.0
20231101:0511,0.0,0.0,0.0,8.33,3.86,0.0
20231101:0611,0.0,0.0,0.0,8.62,4.62,0.0
20231101:0711,0.0,0.0,0.0,9.01,4.69,0.0
20231101:0811,18630.0,18.54,7.3,9.56,4.41,0.0
20231101:0911,50085.0,35.23,13.6,10.61,4.97,0.0
20231101:1011,264411.0,130.32,18.27,11.52,5.17,0.0
20231101:1111,522234.0,237.87,20.9,12.12,5.31,0.0
20231101:1211,771687.0,341.17,21.22,12.39,6.07,0.0
20231101:1311,348921.0,166.07,19.19,12.61,6.69,0.0
20231101:1411,230580.0,116.14,15.03,12.4,6.76,0.0
20231101:1511,245052.0,122.28,9.13,11.56,7.1,0.0
20231101:1611,0.0,5.56,1.91,10.44,6.28,0.0
20231101:1711,0.0,0.0,0.0,9.58,5.31,0.0
20231101:1811,0.0,0.0,0.0,8.9,5.03,0.0
20231101:1911,0.0,0.0,0.0,8.74,4.83,0.0
20231101:2011,0.0,0.0,0.0,8.37,4.55,0.0
20231101:2111,0.0,0.0,0.0,7.51,4.21,0.0
20231101:2211,0.0,0.0,0.0,6.52,3.72,0.0
20231101:2311,0.0,0.0,0.0,5.63,3.59,0.0
20231102:0011,0.0,0.0,0.0,5.44,3.59,0.0
20231102:0111,0.0,0.0,0.0,5.53,3.38,0.0
20231102:0211,0.0,0.0,0.0,6.13,3.72,0.0
20231102:0311,0.0,0.0,0.0,7.31,4.55,0.0
20231102:0411,0.0,0.0,0.0,8.1,5.86,0.0
20231102:0511,0.0,0.0,0.0,8.55,5.86,0.0
20231102:0611,0.0,0.0,0.0,8.96,5.17,0.0
20231102:0711,0.0,0.0,0.0,9.09,4.48,0.0
20231102:0811,72198.0,45.79,7.02,9.27,4.07,0.0
20231102:0911,13905.0,15.76,13.31,9.79,4.0,0.0
20231102:1011,39150.0,29.67,17.96,10.13,4.14,0.0
20231102:1111,39069.0,29.67,20.58,10.46,4.28,0.0
20231102:1211,155439.0,83.44,20.9,10.47,5.17,0.0
20231102:1311,318627.0,152.15,18.88,10.27,5.45,0.0
20231102:1411,417582.0,192.22,14.74,10.02,5.93,0.0
20231102:1511,57915.0,38.94,8.84,9.76,6.07,0.0
20231102:1611,891.0,6.49,1.64,9.64,6.07,0.0
20231102:1711,0.0,0.0,0.0,9.27,6.0,0.0
20231102:1811,0.0,0.0,0.0,9.13,6.07,0.0
20231102:1911,0.0,0.0,0.0,9.23,5.86,0.0
20231102:2011,0.0,0.0,0.0,9.29,6.07,0.0
20231102:2111,0.0,0.0,0.0,9.18,6.14,0.0
20231102:2211,0.0,0.0,0.0,9.01,6.21,0.0
20231102:2311,0.0,0.0,0.0,8.99,6.0,0.0
20231103:0011,0.0,0.0,0.0,8.91,5.79,0.0
20231103:0111,0.0,0.0,0.0,8.8,5.86,0.0
20231103:0211,0.0,0.0,0.0,8.73,5.93,0.0
20231103:0311,0.0,0.0,0.0,8.65,5.79,0.0
20231103:0411,0.0,0.0,0.0,8.46,5.45,0.0
20231103:0511,0.0,0.0,0.0,8.21,5.1,0.0
20231103:0611,0.0,0.0,0.0,7.9,4.76,0.0
20231103:0711,0.0,0.0,0.0,8.5,5.17,0.0
20231103:0811,211896.0,107.76,6.74,8.29,4.9,0.0
20231103:0911,603288.0,267.64,13.01,8.77,4.83,0.0
20231103:1011,1197828.0,516.48,17.65,9.54,5.17,0.0
20231103:1111,1367847.0,591.35,20.27,10.32,5.45,0.0
20231103:1211,1623699.0,705.12,20.59,11.08,5.93,0.0
20231103:1311,760887.0,334.79,18.57,11.32,6.0,0.0
20231103:1411,256662.0,126.62,14.44,11.35,5.72,0.0
20231103:1511,170694.0,90.3,8.57,11.09,4.97,0.0
20231103:1611,0.0,2.78,1.38,10.68,4.28,0.0
20231103:1711,0.0,0.0,0.0,10.0,3.79,0.0
20231103:1811,0.0,0.0,0.0,9.43,3.59,0.0
20231103:1911,0.0,0.0,0.0,8.1,3.38,0.0
20231103:2011,0.0,0.0,0.0,7.75,3.31,0.0
20231103:2111,0.0,0.0,0.0,7.37,3.1,0.0
20231103:2211,0.0,0.0,0.0,7.09,2.97,0.0
20231103:2311,0.0,0.0,0.0,7.0,3.24,0.0
20231104:0011,0.0,0.0,0.0,7.12,3.45,0.0
20231104:0111,0.0,0.0,0.0,7.42,3.31,0.0
20231104:0211,0.0,0.0,0.0,7.41,2.69,0.0
20231104:0311,0.0,0.0,0.0,7.32,2.28,0.0
20231104:0411,0.0,0.0,0.0,6.88,2.28,0.0
20231104:0511,0.0,0.0,0.0,6.82,2.48,0.0
20231104:0611,0.0,0.0,0.0,6.49,2.21,0.0
20231104:0711,0.0,0.0,0.0,5.66,2.07,0.0
20231104:0811,36342.0,27.81,6.46,5.94,2.28,0.0
20231104:0911,90828.0,53.77,12.72,6.45,3.03,0.0
20231104:1011,379485.0,175.33,17.35,7.16,3.1,0.0
20231104:1111,662607.0,292.32,19.96,8.3,3.38,0.0
20231104:1211,473202.0,215.29,20.27,9.16,3.93,0.0
20231104:1311,166482.0,88.08,18.27,9.76,4.07,0.0
20231104:1411,52191.0,36.16,14.15,9.72,4.0,0.0
20231104:1511,32157.0,25.96,8.29,9.31,3.93,0.0
20231104:1611,0.0,0.0,0.0,8.9,4.14,0.0
20231104:1711,0.0,0.0,0.0,8.45,4.41,0.0
20231104:1811,0.0,0.0,0.0,8.25,4.62,0.0
20231104:1911,0.0,0.0,0.0,8.07,4.69,0.0
20231104:2011,0.0,0.0,0.0,8.2,5.1,0.0
20231104:2111,0.0,0.0,0.0,8.14,4.97,0.0
20231104:2211,0.0,0.0,0.0,8.29,5.1,0.0
20231104:2311,0.0,0.0,0.0,8.29,5.1,0.0
20231105:0011,0.0,0.0,0.0,8.27,5.24,0.0
20231105:0111,0.0,0.0,0.0,8.26,5.03,0.0
20231105:0211,0.0,0.0,0.0,8.23,5.03,0.0
20231105:0311,0.0,0.0,0.0,8.1,5.03,0.0
20231105:0411,0.0,0.0,0.0,7.9,4.97,0.0
20231105:0511,0.0,0.0,0.0,7.83,4.9,0.0
20231105:0611,0.0,0.0,0.0,7.9,4.97,0.0
20231105:0711,0.0,0.0,0.0,7.9,5.24,0.0
20231105:0811,154791.0,82.94,6.19,7.82,4.76,0.0
20231105:0911,578367.0,256.87,12.43,8.14,4.55,0.0
20231105:1011,835299.0,362.45,17.05,8.58,4.69,0.0
20231105:1111,1632933.0,707.43,19.65,9.06,4.69,0.0
20231105:1211,1606689.0,698.06,19.97,9.84,4.76,0.0
20231105:1311,1534221.0,668.22,17.97,10.39,4.55,0.0
20231105:1411,878256.0,385.07,13.87,10.52,4.07,0.0
20231105:1511,245106.0,122.2,8.03,10.23,3.17,0.0
20231105:1611,0.0,0.0,0.0,9.37,2.76,0.0
20231105:1711,0.0,0.0,0.0,8.05,2.83,0.0
20231105:1811,0.0,0.0,0.0,7.36,2.83,0.0
20231105:1911,0.0,0.0,0.0,6.89,2.83,0.0
20231105:2011,0.0,0.0,0.0,6.55,2.9,0.0
20231105:2111,0.0,0.0,0.0,6.24,2.62,0.0
20231105:2211,0.0,0.0,0.0,5.73,2.55,0.0
20231105:2311,0.0,0.0,0.0,5.55,2.62,0.0
20231106:0011,0.0,0.0,0.0,5.66,2.62,0.0
20231106:0111,0.0,0.0,0.0,5.8,2.62,0.0
20231106:0211,0.0,0.0,0.0,5.91,2.76,0.0
20231106:0311,0.0,0.0,0.0,6.19,2.83,0.0
20231106:0411,0.0,0.0,0.0,6.69,2.97,0.0
20231106:0511,0.0,0.0,0.0,7.12,3.1,0.0
20231106:0611,0.0,0.0,0.0,7.2,3.1,0.0
20231106:0711,0.0,0.0,0.0,6.9,3.03,0.0
20231106:0811,0.0,5.56,5.91,6.95,3.1,0.0
20231106:0911,412533.0,189.28,12.15,7.96,3.31,0.0
20231106:1011,460269.0,209.75,16.75,8.99,3.17,0.0
20231106:1111,408294.0,188.93,19.35,9.83,4.55,0.0
20231106:1211,555120.0,249.15,19.67,10.32,5.52,0.0
20231106:1311,1067526.0,462.13,17.68,10.38,5.45,0.0
20231106:1411,309474.0,148.02,13.59,10.21,4.62,0.0
20231106:1511,107325.0,61.93,7.76,9.77,4.9,0.0
20231106:1611,0.0,0.0,0.0,9.07,4.21,0.0
20231106:1711,0.0,0.0,0.0,8.24,4.14,0.0
20231106:1811,0.0,0.0,0.0,8.27,4.28,0.0
20231106:1911,0.0,0.0,0.0,8.39,4.07,0.0
20231106:2011,0.0,0.0,0.0,8.24,4.07,0.0
20231106:2111,0.0,0.0,0.0,8.05,4.21,0.0
20231106:2211,0.0,0.0,0.0,8.05,4.41,0.0
20231106:2311,0.0,0.0,0.0,8.12,4.55,0.0
20231107:0011,0.0,0.0,0.0,8.21,4.55,0.0
20231107:0111,0.0,0.0,0.0,8.45,4.62,0.0
20231107:0211,0.0,0.0,0.0,8.81,4.69,0.0
20231107:0311,0.0,0.0,0.0,8.97,4.69,0.0
20231107:0411,0.0,0.0,0.0,8.83,4.48,0.0
20231107:0511,0.0,0.0,0.0,8.39,4.28,0.0
20231107:0611,0.0,0.0,0.0,8.11,4.14,0.0
20231107:0711,0.0,0.0,0.0,7.79,3.79,0.0
20231107:0811,72711.0,45.9,5.64,7.62,3.72,0.0
20231107:0911,291843.0,139.86,11.86,8.6,4.07,0.0
20231107:1011,1159164.0,501.27,16.46,9.69,4.69,0.0
20231107:1111,368388.0,172.74,19.05,10.26,4.97,0.0
20231107:1211,1038285.0,451.42,19.37,10.94,5.17,0.0
20231107:1311,969408.0,422.34,17.39,10.84,4.9,0.0
20231107:1411,764586.0,336.99,13.32,10.79,4.62,0.0
20231107:1511,2997.0,8.34,7.51,10.35,4.28,0.0
20231107:1611,0.0,0.0,0.0,9.56,4.0,0.0
20231107:1711,0.0,0.0,0.0,8.66,3.93,0.0
20231107:1811,0.0,0.0,0.0,7.97,3.79,0.0
20231107:1911,0.0,0.0,0.0,7.53,3.59,0.0
20231107:2011,0.0,0.0,0.0,7.21,3.38,0.0
20231107:2111,0.0,0.0,0.0,6.64,3.1,0.0
20231107:2211,0.0,0.0,0.0,6.31,2.83,0.0
20231107:2311,0.0,0.0,0.0,5.94,2.76,0.0
20231108:0011,0.0,0.0,0.0,6.08,2.83,0.0
20231108:0111,0.0,0.0,0.0,6.45,2.83,0.0
20231108:0211,0.0,0.0,0.0,6.43,2.69,0.0
20231108:0311,0.0,0.0,0.0,6.43,3.03,0.0
20231108:0411,0.0,0.0,0.0,6.35,3.66,0.0
20231108:0511,0.0,0.0,0.0,6.55,4.28,0.0
20231108:0611,0.0,0.0,0.0,6.84,4.9,0.0
20231108:0711,0.0,0.0,0.0,7.23,5.45,0.0
20231108:0811,6858.0,11.13,5.37,7.52,6.48,0.0
20231108:0911,37800.0,28.74,11.58,7.93,6.9,0.0
20231108:1011,114750.0,64.9,16.17,8.58,6.55,0.0
20231108:1111,245214.0,121.23,18.75,9.59,5.79,0.0
20231108:1211,778410.0,339.7,19.08,9.65,5.72,0.0
20231108:1311,653670.0,288.32,17.11,9.54,5.45,0.0
20231108:1411,555174.0,248.23,13.05,9.37,4.83,0.0
20231108:1511,77382.0,48.09,7.26,9.07,4.21,0.0
20231108:1611,0.0,0.0,0.0,8.36,3.66,0.0
20231108:1711,0.0,0.0,0.0,7.57,3.59,0.0
20231108:1811,0.0,0.0,0.0,7.25,3.59,0.0
20231108:1911,0.0,0.0,0.0,7.16,3.79,0.0
20231108:2011,0.0,0.0,0.0,7.09,3.86,0.0
20231108:2111,0.0,0.0,0.0,6.73,3.93,0.0
20231108:2211,0.0,0.0,0.0,6.55,3.93,0.0
20231108:2311,0.0,0.0,0.0,6.62,4.07,0.0
20231109:0011,0.0,0.0,0.0,6.73,4.28,0.0
20231109:0111,0.0,0.0,0.0,6.64,4.28,0.0
20231109:0211,0.0,0.0,0.0,6.36,3.79,0.0
20231109:0311,0.0,0.0,0.0,6.33,3.59,0.0
20231109:0411,0.0,0.0,0.0,5.95,3.24,0.0
20231109:0511,0.0,0.0,0.0,5.29,2.9,0.0
20231109:0611,0.0,0.0,0.0,4.52,2.97,0.0
20231109:0711,0.0,0.0,0.0,4.35,2.97,0.0
20231109:0811,5670.0,10.2,5.11,4.75,3.17,0.0
20231109:0911,71010.0,44.5,11.3,5.49,3.17,0.0
20231109:1011,969786.0,416.64,15.88,6.2,3.17,0.0
20231109:1111,1015524.0,437.31,18.46,7.07,3.31,0.0
20231109:1211,1114101.0,478.87,18.79,8.15,4.48,0.0
20231109:1311,1383291.0,598.27,16.83,8.58,3.86,0.0
20231109:1411,313497.0,148.85,12.79,8.5,3.1,0.0
20231109:1511,342495.0,162.46,7.01,8.13,2.83,0.0
20231109:1611,0.0,0.0,0.0,7.01,2.69,0.0
20231109:1711,0.0,0.0,0.0,6.08,2.69,0.0
20231109:1811,0.0,0.0,0.0,5.73,2.48,0.0
20231109:1911,0.0,0.0,0.0,5.91,2.41,0.0
20231109:2011,0.0,0.0,0.0,5.12,1.93,0.0
20231109:2111,0.0,0.0,0.0,4.93,1.66,0.0
20231109:2211,0.0,0.0,0.0,5.17,1.52,0.0
20231109:2311,0.0,0.0,0.0,4.58,1.79,0.0
20231110:0011,0.0,0.0,0.0,3.6,1.79,0.0
20231110:0111,0.0,0.0,0.0,2.77,1.72,0.0
20231110:0211,0.0,0.0,0.0,2.87,1.72,0.0
20231110:0311,0.0,0.0,0.0,3.14,1.79,0.0
20231110:0411,0.0,0.0,0.0,3.08,1.93,0.0
20231110:0511,0.0,0.0,0.0,3.47,2.07,0.0
20231110:0611,0.0,0.0,0.0,3.43,2.41,0.0
20231110:0711,0.0,0.0,0.0,2.68,2.62,0.0
20231110:0811,68283.0,43.14,4.84,2.74,3.03,0.0
20231110:0911,802035.0,344.73,11.03,3.96,3.1,0.0
20231110:1011,1230984.0,524.93,15.6,5.41,3.52,0.0
20231110:1111,1492641.0,637.82,18.18,6.6,4.55,0.0
20231110:1211,1442367.0,617.34,18.51,7.34,4.76,0.0
20231110:1311,1394307.0,598.22,16.56,7.73,4.55,0.0
20231110:1411,829359.0,359.75,12.53,7.75,4.21,0.0
20231110:1511,401166.0,186.3,6.77,7.31,3.52,0.0
20231110:1611,0.0,0.0,0.0,6.01,3.24,0.0
20231110:1711,0.0,0.0,0.0,4.54,3.24,0.0
20231110:1811,0.0,0.0,0.0,3.73,3.38,0.0
20231110:1911,0.0,0.0,0.0,3.5,2.9,0.0
20231110:2011,0.0,0.0,0.0,3.1,2.97,0.0
20231110:2111,0.0,0.0,0.0,2.99,2.97,0.0
20231110:2211,0.0,0.0,0.0,2.82,2.9,0.0
20231110:2311,0.0,0.0,0.0,2.72,2.97,0.0
20231111:0011,0.0,0.0,0.0,2.71,2.97,0.0
20231111:0111,0.0,0.0,0.0,2.87,3.03,0.0
20231111:0211,0.0,0.0,0.0,3.2,3.1,0.0
20231111:0311,0.0,0.0,0.0,3.2,3.17,0.0
20231111:0411,0.0,0.0,0.0,3.31,3.52,0.0
20231111:0511,0.0,0.0,0.0,3.47,3.79,0.0
20231111:0611,0.0,0.0,0.0,3.62,3.86,0.0
20231111:0711,0.0,0.0,0.0,4.38,4.0,0.0
20231111:0811,67284.0,43.02,4.58,4.65,3.72,0.0
20231111:0911,644247.0,281.67,10.76,5.51,3.45,0.0
20231111:1011,743661.0,323.07,15.32,6.52,3.17,0.0
20231111:1111,1545048.0,668.64,17.89,7.54,3.52,0.0
20231111:1211,1620486.0,707.24,18.23,8.2,3.17,0.0
20231111:1311,1363419.0,593.31,16.3,8.61,2.97,0.0
20231111:1411,1140750.0,499.51,12.28,8.67,2.21,0.0
20231111:1511,312390.0,150.54,6.54,8.42,1.38,0.0
20231111:1611,0.0,0.0,0.0,7.56,1.31,0.0
20231111:1711,0.0,0.0,0.0,5.1,1.45,0.0
20231111:1811,0.0,0.0,0.0,5.6,0.9,0.0
20231111:1911,0.0,0.0,0.0,6.09,0.41,0.0
20231111:2011,0.0,0.0,0.0,5.16,1.03,0.0
20231111:2111,0.0,0.0,0.0,3.7,1.31,0.0
20231111:2211,0.0,0.0,0.0,4.11,1.1,0.0
20231111:2311,0.0,0.0,0.0,3.95,0.97,0.0
20231112:0011,0.0,0.0,0.0,3.66,1.1,0.0
20231112:0111,0.0,0.0,0.0,4.08,0.69,0.0
20231112:0211,0.0,0.0,0.0,4.08,0.48,0.0
20231112:0311,0.0,0.0,0.0,3.13,1.1,0.0
20231112:0411,0.0,0.0,0.0,1.76,1.45,0.0
20231112:0511,0.0,0.0,0.0,1.84,1.31,0.0
20231112:0611,0.0,0.0,0.0,1.76,1.31,0.0
20231112:0711,0.0,0.0,0.0,1.52,1.86,0.0
20231112:0811,50652.0,34.72,4.32,1.94,1.52,0.0
20231112:0911,98901.0,56.67,10.49,3.11,1.31,0.0
20231112:1011,1318545.0,569.46,15.05,5.35,1.93,0.0
20231112:1111,1372086.0,590.89,17.62,6.78,3.17,0.0
20231112:1211,370737.0,171.74,17.96,7.51,4.21,0.0
20231112:1311,100737.0,58.41,16.03,7.4,4.21,0.0
20231112:1411,82377.0,50.06,12.04,7.31,4.07,0.0
20231112:1511,36153.0,27.81,6.31,6.95,3.38,0.0
20231112:1611,0.0,0.0,0.0,6.53,3.52,0.0
20231112:1711,0.0,0.0,0.0,6.33,3.79,0.0
20231112:1811,0.0,0.0,0.0,6.35,4.07,0.0
20231112:1911,0.0,0.0,0.0,6.77,4.76,0.0
20231112:2011,0.0,0.0,0.0,6.91,4.69,0.0
20231112:2111,0.0,0.0,0.0,7.05,4.41,0.0
20231112:2211,0.0,0.0,0.0,7.18,3.79,0.0
20231112:2311,0.0,0.0,0.0,7.23,3.24,0.0
20231113:0011,0.0,0.0,0.0,7.12,2.83,0.0
20231113:0111,0.0,0.0,0.0,7.04,2.41,0.0
20231113:0211,0.0,0.0,0.0,6.67,2.76,0.0
20231113:0311,0.0,0.0,0.0,6.73,3.1,0.0
20231113:0411,0.0,0.0,0.0,6.76,3.66,0.0
20231113:0511,0.0,0.0,0.0,7.09,4.76,0.0
20231113:0611,0.0,0.0,0.0,7.79,5.66,0.0
20231113:0711,0.0,0.0,0.0,7.94,6.69,0.0
20231113:0811,0.0,3.71,4.07,8.06,7.66,0.0
20231113:0911,234873.0,115.7,10.23,8.39,7.38,0.0
20231113:1011,23463.0,21.32,14.77,10.15,7.03,0.0
20231113:1111,1080837.0,463.15,17.34,10.51,9.1,0.0
20231113:1211,491859.0,221.6,17.69,10.02,9.52,0.0
20231113:1311,139320.0,76.02,15.78,9.8,9.86,0.0
20231113:1411,10962.0,13.91,11.8,9.68,10.28,0.0
20231113:1511,92016.0,54.92,6.08,9.58,11.24,0.0
20231113:1611,0.0,0.0,0.0,9.49,12.48,0.0
20231113:1711,0.0,0.0,0.0,9.45,12.55,0.0
20231113:1811,0.0,0.0,0.0,9.36,11.31,0.0
20231113:1911,0.0,0.0,0.0,9.43,9.79,0.0
20231113:2011,0.0,0.0,0.0,9.67,8.9,0.0
20231113:2111,0.0,0.0,0.0,9.77,8.07,0.0
20231113:2211,0.0,0.0,0.0,9.95,7.38,0.0
20231113:2311,0.0,0.0,0.0,9.87,6.76,0.0
20231114:0011,0.0,0.0,0.0,9.8,6.21,0.0
20231114:0111,0.0,0.0,0.0,9.79,5.72,0.0
20231114:0211,0.0,0.0,0.0,9.9,5.45,0.0
20231114:0311,0.0,0.0,0.0,10.06,4.97,0.0
20231114:0411,0.0,0.0,0.0,9.78,4.0,0.0
20231114:0511,0.0,0.0,0.0,9.31,3.31,0.0
20231114:0611,0.0,0.0,0.0,9.14,2.62,0.0
20231114:0711,0.0,0.0,0.0,9.36,2.76,0.0
20231114:0811,0.0,4.64,3.81,9.17,2.21,0.0
20231114:0911,15498.0,16.69,9.96,9.12,2.07,0.0
20231114:1011,17037.0,17.62,14.51,9.45,2.28,0.0
20231114:1111,32049.0,25.96,17.08,9.78,2.0,0.0
20231114:1211,338310.0,160.68,17.43,10.08,2.28,0.0
20231114:1311,360558.0,169.75,15.53,10.23,2.34,0.0
20231114:1411,697896.0,310.92,11.56,10.21,2.14,0.0
20231114:1511,63180.0,41.64,5.87,10.11,1.86,0.0
20231114:1611,0.0,0.0,0.0,9.67,1.59,0.0
20231114:1711,0.0,0.0,0.0,8.64,1.52,0.0
20231114:1811,0.0,0.0,0.0,8.54,1.79,0.0
20231114:1911,0.0,0.0,0.0,8.82,2.97,0.0
20231114:2011,0.0,0.0,0.0,8.99,3.24,0.0
20231114:2111,0.0,0.0,0.0,9.33,3.59,0.0
20231114:2211,0.0,0.0,0.0,9.23,3.93,0.0
20231114:2311,0.0,0.0,0.0,9.09,4.21,0.0
20231115:0011,0.0,0.0,0.0,8.86,4.34,0.0
20231115:0111,0.0,0.0,0.0,8.63,4.48,0.0
20231115:0211,0.0,0.0,0.0,8.63,4.62,0.0
20231115:0311,0.0,0.0,0.0,8.46,4.55,0.0
20231115:0411,0.0,0.0,0.0,8.84,4.83,0.0
20231115:0511,0.0,0.0,0.0,8.94,5.24,0.0
20231115:0611,0.0,0.0,0.0,8.87,5.52,0.0
20231115:0711,0.0,0.0,0.0,9.28,6.0,0.0
20231115:0811,189702.0,100.01,3.56,9.43,6.0,0.0
20231115:0911,500742.0,226.04,9.71,9.58,5.93,0.0
20231115:1011,319248.0,151.51,14.25,9.81,5.72,0.0
20231115:1111,532521.0,239.2,16.81,10.16,5.59,0.0
20231115:1211,511947.0,231.08,17.17,10.45,5.72,0.0
20231115:1311,99306.0,58.41,15.29,10.32,5.17,0.0
20231115:1411,13878.0,15.76,11.33,10.08,4.9,0.0
20231115:1511,1917.0,7.42,5.65,9.64,3.93,0.0
20231115:1611,0.0,0.0,0.0,8.92,2.97,0.0
20231115:1711,0.0,0.0,0.0,8.38,2.28,0.0
20231115:1811,0.0,0.0,0.0,8.17,1.79,0.0
20231115:1911,0.0,0.0,0.0,8.0,1.38,0.0
20231115:2011,0.0,0.0,0.0,7.38,1.38,0.0
20231115:2111,0.0,0.0,0.0,6.8,1.31,0.0
20231115:2211,0.0,0.0,0.0,6.39,0.97,0.0
20231115:2311,0.0,0.0,0.0,6.51,0.69,0.0
20231116:0011,0.0,0.0,0.0,6.32,0.83,0.0
20231116:0111,0.0,0.0,0.0,6.17,1.03,0.0
20231116:0211,0.0,0.0,0.0,5.8,1.31,0.0
20231116:0311,0.0,0.0,0.0,4.79,1.52,0.0
20231116:0411,0.0,0.0,0.0,4.17,1.52,0.0
20231116:0511,0.0,0.0,0.0,4.09,1.59,0.0
20231116:0611,0.0,0.0,0.0,4.05,1.52,0.0
20231116:0711,0.0,0.0,0.0,3.68,1.03,0.0
20231116:0811,24219.0,21.51,3.32,3.85,0.9,0.0
20231116:0911,236520.0,115.49,9.45,4.64,0.69,0.0
20231116:1011,319896.0,150.42,13.99,5.55,0.62,0.0
20231116:1111,409401.0,188.37,16.56,6.77,0.55,0.0
20231116:1211,313983.0,149.37,16.92,7.42,0.83,0.0
20231116:1311,234036.0,116.09,15.05,7.75,0.97,0.0
20231116:1411,180576.0,93.29,11.11,7.81,0.9,0.0
20231116:1511,27189.0,23.18,5.45,7.6,0.97,0.0
20231116:1611,0.0,0.0,0.0,7.2,1.45,0.0
20231116:1711,0.0,0.0,0.0,6.52,1.72,0.0
20231116:1811,0.0,0.0,0.0,6.08,1.79,0.0
20231116:1911,0.0,0.0,0.0,5.75,1.93,0.0
20231116:2011,0.0,0.0,0.0,5.53,2.0,0.0
20231116:2111,0.0,0.0,0.0,5.31,2.0,0.0
20231116:2211,0.0,0.0,0.0,5.29,2.14,0.0
20231116:2311,0.0,0.0,0.0,5.16,1.79,0.0
20231117:0011,0.0,0.0,0.0,4.77,1.72,0.0
20231117:0111,0.0,0.0,0.0,4.26,1.45,0.0
20231117:0211,0.0,0.0,0.0,3.98,1.66,0.0
20231117:0311,0.0,0.0,0.0,3.97,1.93,0.0
20231117:0411,0.0,0.0,0.0,4.02,1.66,0.0
20231117:0511,0.0,0.0,0.0,4.15,1.31,0.0
20231117:0611,0.0,0.0,0.0,4.22,1.31,0.0
20231117:0711,0.0,0.0,0.0,4.16,1.79,0.0
20231117:0811,44658.0,32.21,3.08,3.62,1.72,0.0
20231117:0911,797904.0,348.15,9.21,4.9,1.24,0.0
20231117:1011,1198098.0,521.71,13.74,6.61,1.45,0.0
20231117:1111,1454679.0,639.25,16.31,7.64,1.66,0.0
20231117:1211,1359234.0,598.36,16.68,8.3,1.52,0.0
20231117:1311,944406.0,414.49,14.81,8.63,1.45,0.0
20231117:1411,279828.0,135.51,10.9,8.77,0.83,0.0
20231117:1511,145962.0,79.26,5.25,8.55,0.97,0.0
20231117:1611,0.0,0.0,0.0,7.88,1.66,0.0
20231117:1711,0.0,0.0,0.0,6.95,2.07,0.0
20231117:1811,0.0,0.0,0.0,6.7,2.21,0.0
20231117:1911,0.0,0.0,0.0,5.85,2.14,0.0
20231117:2011,0.0,0.0,0.0,5.65,2.34,0.0
20231117:2111,0.0,0.0,0.0,5.56,2.55,0.0
20231117:2211,0.0,0.0,0.0,5.6,2.55,0.0
20231117:2311,0.0,0.0,0.0,5.53,2.69,0.0
20231118:0011,0.0,0.0,0.0,5.4,3.24,0.0
20231118:0111,0.0,0.0,0.0,5.59,3.59,0.0
20231118:0211,0.0,0.0,0.0,5.88,4.0,0.0
20231118:0311,0.0,0.0,0.0,6.21,4.97,0.0
20231118:0411,0.0,0.0,0.0,6.55,6.48,0.0
20231118:0511,0.0,0.0,0.0,6.79,6.9,0.0
20231118:0611,0.0,0.0,0.0,7.02,6.69,0.0
20231118:0711,0.0,0.0,0.0,6.65,5.31,0.0
20231118:0811,3105.0,8.34,2.84,6.95,4.55,0.0
20231118:0911,107757.0,61.42,8.96,7.69,4.07,0.0
20231118:1011,58185.0,38.94,13.49,8.7,3.86,0.0
20231118:1111,52110.0,36.16,16.06,9.97,4.0,0.0
20231118:1211,343926.0,162.95,16.44,11.09,4.28,0.0
20231118:1311,76572.0,48.21,14.59,11.89,4.41,0.0
20231118:1411,13689.0,15.76,10.69,12.29,4.41,0.0
20231118:1511,10746.0,13.91,5.06,12.33,4.48,0.0
20231118:1611,0.0,0.0,0.0,12.29,4.69,0.0
20231118:1711,0.0,0.0,0.0,12.05,4.83,0.0
20231118:1811,0.0,0.0,0.0,11.69,4.83,0.0
20231118:1911,0.0,0.0,0.0,11.43,4.76,0.0
20231118:2011,0.0,0.0,0.0,11.4,4.83,0.0
20231118:2111,0.0,0.0,0.0,11.25,5.1,0.0
20231118:2211,0.0,0.0,0.0,11.27,5.24,0.0
20231118:2311,0.0,0.0,0.0,11.14,5.45,0.0
20231119:0011,0.0,0.0,0.0,10.91,5.66,0.0
20231119:0111,0.0,0.0,0.0,10.87,5.72,0.0
20231119:0211,0.0,0.0,0.0,10.73,5.79,0.0
20231119:0311,0.0,0.0,0.0,10.53,5.52,0.0
20231119:0411,0.0,0.0,0.0,10.36,5.38,0.0
20231119:0511,0.0,0.0,0.0,10.42,5.31,0.0
20231119:0611,0.0,0.0,0.0,10.26,4.83,0.0
20231119:0711,0.0,0.0,0.0,10.23,4.76,0.0
20231119:0811,0.0,5.56,2.6,10.27,4.48,0.0
20231119:0911,699003.0,310.49,8.72,10.52,4.34,0.0
20231119:1011,488214.0,222.07,13.24,11.0,4.28,0.0
20231119:1111,137835.0,76.02,15.82,11.4,4.21,0.0
20231119:1211,108702.0,63.04,16.2,11.68,3.79,0.0
20231119:1311,102762.0,60.26,14.37,11.29,3.24,0.0
20231119:1411,8019.0,12.05,10.48,11.15,2.83,0.0
20231119:1511,20061.0,19.47,4.87,10.84,2.48,0.0
20231119:1611,0.0,0.0,0.0,10.81,2.62,0.0
20231119:1711,0.0,0.0,0.0,10.92,2.97,0.0
20231119:1811,0.0,0.0,0.0,11.09,3.24,0.0
20231119:1911,0.0,0.0,0.0,11.35,3.66,0.0
20231119:2011,0.0,0.0,0.0,11.44,4.14,0.0
20231119:2111,0.0,0.0,0.0,11.08,4.83,0.0
20231119:2211,0.0,0.0,0.0,10.86,5.38,0.0
20231119:2311,0.0,0.0,0.0,10.61,5.52,0.0
20231120:0011,0.0,0.0,0.0,10.3,5.38,0.0
20231120:0111,0.0,0.0,0.0,9.95,4.97,0.0
20231120:0211,0.0,0.0,0.0,9.63,4.55,0.0
20231120:0311,0.0,0.0,0.0,9.18,4.14,0.0
20231120:0411,0.0,0.0,0.0,8.76,3.66,0.0
20231120:0511,0.0,0.0,0.0,8.51,3.24,0.0
20231120:0611,0.0,0.0,0.0,8.22,2.9,0.0
20231120:0711,0.0,0.0,0.0,8.49,3.03,0.0
20231120:0811,39771.0,30.52,2.37,8.57,3.1,0.0
20231120:0911,249156.0,122.42,8.48,9.12,3.1,0.0
20231120:1011,115857.0,65.71,13.01,9.77,3.1,0.0
20231120:1111,247077.0,122.43,15.58,10.48,3.24,0.0
20231120:1211,121365.0,68.61,15.98,11.12,3.93,0.0
20231120:1311,88668.0,53.77,14.15,11.37,3.93,0.0
20231120:1411,10827.0,13.91,10.29,11.35,3.31,0.0
20231120:1511,53082.0,36.91,4.69,11.28,3.17,0.0
20231120:1611,0.0,0.0,0.0,10.96,3.31,0.0
20231120:1711,0.0,0.0,0.0,10.64,3.79,0.0
20231120:1811,0.0,0.0,0.0,10.53,4.07,0.0
20231120:1911,0.0,0.0,0.0,10.58,4.14,0.0
20231120:2011,0.0,0.0,0.0,10.3,5.31,0.0
20231120:2111,0.0,0.0,0.0,9.76,5.72,0.0
20231120:2211,0.0,0.0,0.0,9.41,6.14,0.0
20231120:2311,0.0,0.0,0.0,9.03,6.48,0.0
20231121:0011,0.0,0.0,0.0,8.78,6.76,0.0
20231121:0111,0.0,0.0,0.0,8.77,7.17,0.0
20231121:0211,0.0,0.0,0.0,8.77,7.45,0.0
20231121:0311,0.0,0.0,0.0,8.55,7.72,0.0
20231121:0411,0.0,0.0,0.0,8.38,7.86,0.0
20231121:0511,0.0,0.0,0.0,8.38,7.79,0.0
20231121:0611,0.0,0.0,0.0,8.52,7.86,0.0
20231121:0711,0.0,0.0,0.0,8.53,6.55,0.0
20231121:0811,891.0,6.49,2.14,8.33,5.86,0.0
20231121:0911,22059.0,20.4,8.25,8.12,5.24,0.0
20231121:1011,635013.0,278.96,12.77,8.1,4.62,0.0
20231121:1111,83862.0,50.99,15.35,8.7,5.38,0.0
20231121:1211,563328.0,250.74,15.76,8.81,4.41,0.0
20231121:1311,130923.0,72.12,13.95,8.85,4.0,0.0
20231121:1411,23652.0,21.32,10.1,8.69,3.24,0.0
20231121:1511,469854.0,217.67,4.52,8.35,2.48,0.0
20231121:1611,0.0,0.0,0.0,7.15,2.21,0.0
20231121:1711,0.0,0.0,0.0,6.63,1.93,0.0
20231121:1811,0.0,0.0,0.0,5.68,1.45,0.0
20231121:1911,0.0,0.0,0.0,3.81,1.31,0.0
20231121:2011,0.0,0.0,0.0,3.27,1.17,0.0
20231121:2111,0.0,0.0,0.0,1.87,1.66,0.0
20231121:2211,0.0,0.0,0.0,2.02,1.86,0.0
20231121:2311,0.0,0.0,0.0,2.67,2.28,0.0
20231122:0011,0.0,0.0,0.0,3.24,2.55,0.0
20231122:0111,0.0,0.0,0.0,4.0,2.69,0.0
20231122:0211,0.0,0.0,0.0,4.45,2.83,0.0
20231122:0311,0.0,0.0,0.0,5.41,3.31,0.0
20231122:0411,0.0,0.0,0.0,6.47,3.79,0.0
20231122:0511,0.0,0.0,0.0,7.34,4.14,0.0
20231122:0611,0.0,0.0,0.0,8.13,4.62,0.0
20231122:0711,0.0,0.0,0.0,8.74,4.97,0.0
20231122:0811,891.0,6.49,1.92,9.32,4.97,0.0
20231122:0911,15444.0,16.69,8.03,9.82,5.17,0.0
20231122:1011,81189.0,50.06,12.54,10.33,5.72,0.0
20231122:1111,290871.0,140.3,15.13,10.68,6.21,0.0
20231122:1211,49977.0,35.23,15.54,11.12,6.76,0.0
20231122:1311,292734.0,141.3,13.75,11.47,6.9,0.0
20231122:1411,53568.0,37.08,9.91,11.72,7.03,0.0
20231122:1511,13770.0,15.76,4.35,11.5,6.9,0.0
20231122:1611,0.0,0.0,0.0,11.03,6.48,0.0
20231122:1711,0.0,0.0,0.0,10.7,6.0,0.0
20231122:1811,0.0,0.0,0.0,10.58,5.66,0.0
20231122:1911,0.0,0.0,0.0,11.64,6.21,0.0
20231122:2011,0.0,0.0,0.0,11.76,6.48,0.0
20231122:2111,0.0,0.0,0.0,11.89,6.97,0.0
20231122:2211,0.0,0.0,0.0,11.61,7.31,0.0
20231122:2311,0.0,0.0,0.0,11.18,7.52,0.0
20231123:0011,0.0,0.0,0.0,11.03,7.45,0.0
20231123:0111,0.0,0.0,0.0,11.09,7.17,0.0
20231123:0211,0.0,0.0,0.0,11.17,6.69,0.0
20231123:0311,0.0,0.0,0.0,11.16,6.07,0.0
20231123:0411,0.0,0.0,0.0,11.27,5.86,0.0
20231123:0511,0.0,0.0,0.0,11.44,5.86,0.0
20231123:0611,0.0,0.0,0.0,11.44,5.66,0.0
20231123:0711,0.0,0.0,0.0,11.84,6.34,0.0
20231123:0811,0.0,1.85,1.7,11.96,6.83,0.0
20231123:0911,99198.0,58.5,7.8,12.02,7.24,0.0
20231123:1011,1034829.0,448.82,12.32,12.13,7.66,0.0
20231123:1111,274374.0,134.27,14.91,12.51,8.14,0.0
20231123:1211,231660.0,116.61,15.33,12.84,8.0,0.0
20231123:1311,1146663.0,497.55,13.55,12.88,7.66,0.0
20231123:1411,18279.0,18.54,9.73,12.74,7.79,0.0
20231123:1511,1863.0,7.42,4.19,11.93,8.07,0.0
20231123:1611,0.0,0.0,0.0,10.77,7.66,0.0
20231123:1711,0.0,0.0,0.0,10.05,6.97,0.0
20231123:1811,0.0,0.0,0.0,9.51,6.55,0.0
20231123:1911,0.0,0.0,0.0,8.86,6.69,0.0
20231123:2011,0.0,0.0,0.0,8.5,6.41,0.0
20231123:2111,0.0,0.0,0.0,8.44,6.21,0.0
20231123:2211,0.0,0.0,0.0,8.25,6.0,0.0
20231123:2311,0.0,0.0,0.0,7.93,6.0,0.0
20231124:0011,0.0,0.0,0.0,7.43,5.86,0.0
20231124:0111,0.0,0.0,0.0,6.78,5.59,0.0
20231124:0211,0.0,0.0,0.0,6.24,5.45,0.0
20231124:0311,0.0,0.0,0.0,5.76,5.38,0.0
20231124:0411,0.0,0.0,0.0,5.37,5.31,0.0
20231124:0511,0.0,0.0,0.0,4.95,5.31,0.0
20231124:0611,0.0,0.0,0.0,4.61,5.38,0.0
20231124:0711,0.0,0.0,0.0,4.64,5.38,0.0
20231124:0811,0.0,0.93,1.49,4.41,5.38,0.0
20231124:0911,895239.0,381.97,7.59,4.28,5.45,0.0
20231124:1011,859302.0,364.88,12.1,4.76,5.59,0.0
20231124:1111,1047573.0,442.28,14.69,5.24,5.72,0.0
20231124:1211,878499.0,373.27,15.13,5.53,6.07,0.0
20231124:1311,1074114.0,453.87,13.36,5.71,6.07,0.0
20231124:1411,776790.0,333.65,9.56,5.62,5.52,0.0
20231124:1511,223992.0,111.37,4.04,5.06,5.38,0.0
20231124:1611,0.0,0.0,0.0,4.15,5.1,0.0
20231124:1711,0.0,0.0,0.0,3.5,4.83,0.0
20231124:1811,0.0,0.0,0.0,3.19,4.55,0.0
20231124:1911,0.0,0.0,0.0,3.54,4.76,0.0
20231124:2011,0.0,0.0,0.0,3.17,4.41,0.0
20231124:2111,0.0,0.0,0.0,2.88,4.34,0.0
20231124:2211,0.0,0.0,0.0,2.49,4.28,0.0
20231124:2311,0.0,0.0,0.0,2.17,4.21,0.0
20231125:0011,0.0,0.0,0.0,1.3,3.93,0.0
20231125:0111,0.0,0.0,0.0,0.56,3.79,0.0
20231125:0211,0.0,0.0,0.0,0.32,3.86,0.0
20231125:0311,0.0,0.0,0.0,0.3,3.93,0.0
20231125:0411,0.0,0.0,0.0,0.22,3.93,0.0
20231125:0511,0.0,0.0,0.0,0.1,3.93,0.0
20231125:0611,0.0,0.0,0.0,0.27,3.93,0.0
20231125:0711,0.0,0.0,0.0,-0.03,3.59,0.0
20231125:0811,0.0,0.0,0.0,-0.04,3.52,0.0
20231125:0911,459432.0,202.4,7.37,0.61,3.52,0.0
20231125:1011,1147203.0,482.0,11.89,1.89,3.24,0.0
20231125:1111,1360962.0,574.89,14.49,3.36,3.52,0.0
20231125:1211,1436130.0,609.78,14.93,4.43,3.66,0.0
20231125:1311,1254366.0,533.11,13.18,4.99,3.66,0.0
20231125:1411,446661.0,200.39,9.4,5.01,3.24,0.0
20231125:1511,5697.0,10.2,3.89,4.28,2.9,0.0
20231125:1611,0.0,0.0,0.0,2.77,2.83,0.0
20231125:1711,0.0,0.0,0.0,1.74,2.83,0.0
20231125:1811,0.0,0.0,0.0,1.28,2.69,0.0
20231125:1911,0.0,0.0,0.0,0.64,2.41,0.0
20231125:2011,0.0,0.0,0.0,0.02,2.28,0.0
20231125:2111,0.0,0.0,0.0,-0.54,2.14,0.0
20231125:2211,0.0,0.0,0.0,-0.96,2.14,0.0
20231125:2311,0.0,0.0,0.0,-1.44,2.0,0.0
20231126:0011,0.0,0.0,0.0,-1.98,1.66,0.0
20231126:0111,0.0,0.0,0.0,-2.15,1.31,0.0
20231126:0211,0.0,0.0,0.0,-2.35,1.17,0.0
20231126:0311,0.0,0.0,0.0,-2.53,1.17,0.0
20231126:0411,0.0,0.0,0.0,-2.4,0.97,0.0
20231126:0511,0.0,0.0,0.0,-1.7,0.69,0.0
20231126:0611,0.0,0.0,0.0,-1.5,0.76,0.0
20231126:0711,0.0,0.0,0.0,-0.11,0.83,0.0
20231126:0811,0.0,0.0,0.0,0.42,0.62,0.0
20231126:0911,219672.0,106.75,7.17,0.64,0.69,0.0
20231126:1011,282852.0,132.6,11.68,1.54,0.97,0.0
20231126:1111,400950.0,181.3,14.29,3.09,1.17,0.0
20231126:1211,159705.0,83.28,14.74,3.9,1.24,0.0
20231126:1311,598941.0,262.75,13.01,4.56,1.38,0.0
20231126:1411,464508.0,208.41,9.24,4.84,1.52,0.0
20231126:1511,105624.0,60.41,3.75,4.52,1.72,0.0
20231126:1611,0.0,0.0,0.0,3.75,2.07,0.0
20231126:1711,0.0,0.0,0.0,2.87,2.14,0.0
20231126:1811,0.0,0.0,0.0,2.55,1.93,0.0
20231126:1911,0.0,0.0,0.0,2.1,1.38,0.0
20231126:2011,0.0,0.0,0.0,1.66,1.52,0.0
20231126:2111,0.0,0.0,0.0,1.53,1.17,0.0
20231126:2211,0.0,0.0,0.0,2.56,0.41,0.0
20231126:2311,0.0,0.0,0.0,2.51,0.41,0.0
20231127:0011,0.0,0.0,0.0,2.24,0.55,0.0
20231127:0111,0.0,0.0,0.0,2.46,0.69,0.0
20231127:0211,0.0,0.0,0.0,2.9,0.55,0.0
20231127:0311,0.0,0.0,0.0,3.2,0.07,0.0
20231127:0411,0.0,0.0,0.0,2.62,1.17,0.0
20231127:0511,0.0,0.0,0.0,2.82,1.52,0.0
20231127:0611,0.0,0.0,0.0,3.15,1.79,0.0
20231127:0711,0.0,0.0,0.0,4.35,2.97,0.0
20231127:0811,0.0,0.0,0.0,4.68,3.45,0.0
20231127:0911,27648.0,23.18,6.96,4.79,3.52,0.0
20231127:1011,1131489.0,480.44,11.48,4.99,3.93,0.0
20231127:1111,61209.0,39.87,14.09,5.28,4.0,0.0
20231127:1211,73062.0,45.43,14.56,5.52,4.55,0.0
20231127:1311,14229.0,15.76,12.84,6.04,4.97,0.0
20231127:1411,5616.0,10.2,9.09,6.19,5.59,0.0
20231127:1511,0.0,2.78,3.62,6.17,5.45,0.0
20231127:1611,0.0,0.0,0.0,5.55,4.97,0.0
20231127:1711,0.0,0.0,0.0,5.53,4.55,0.0
20231127:1811,0.0,0.0,0.0,5.61,4.21,0.0
20231127:1911,0.0,0.0,0.0,5.4,4.76,0.0
20231127:2011,0.0,0.0,0.0,5.23,4.83,0.0
20231127:2111,0.0,0.0,0.0,5.53,4.69,0.0
20231127:2211,0.0,0.0,0.0,5.4,4.48,0.0
20231127:2311,0.0,0.0,0.0,5.07,4.07,0.0
20231128:0011,0.0,0.0,0.0,4.76,3.72,0.0
20231128:0111,0.0,0.0,0.0,4.34,3.45,0.0
20231128:0211,0.0,0.0,0.0,3.78,3.31,0.0
20231128:0311,0.0,0.0,0.0,3.47,3.1,0.0
20231128:0411,0.0,0.0,0.0,2.94,2.97,0.0
20231128:0511,0.0,0.0,0.0,2.86,2.9,0.0
20231128:0611,0.0,0.0,0.0,2.54,2.83,0.0
20231128:0711,0.0,0.0,0.0,2.15,2.69,0.0
20231128:0811,0.0,0.0,0.0,1.72,2.69,0.0
20231128:0911,605205.0,262.73,6.77,1.63,2.62,0.0
20231128:1011,721818.0,309.82,11.29,2.92,2.34,0.0
20231128:1111,228717.0,111.7,13.9,4.07,2.9,0.0
20231128:1211,985797.0,419.59,14.38,4.72,3.31,0.0
20231128:1311,490023.0,217.46,12.68,4.97,3.31,0.0
20231128:1411,115668.0,64.18,8.95,4.81,3.31,0.0
20231128:1511,86292.0,51.59,3.49,4.13,3.1,0.0
20231128:1611,0.0,0.0,0.0,2.75,2.9,0.0
20231128:1711,0.0,0.0,0.0,1.62,2.97,0.0
20231128:1811,0.0,0.0,0.0,0.97,3.17,0.0
20231128:1911,0.0,0.0,0.0,0.81,3.24,0.0
20231128:2011,0.0,0.0,0.0,0.53,3.45,0.0
20231128:2111,0.0,0.0,0.0,0.3,3.59,0.0
20231128:2211,0.0,0.0,0.0,0.08,3.72,0.0
20231128:2311,0.0,0.0,0.0,-0.12,3.72,0.0
20231129:0011,0.0,0.0,0.0,-0.26,3.66,0.0
20231129:0111,0.0,0.0,0.0,-0.44,3.59,0.0
20231129:0211,0.0,0.0,0.0,-0.74,3.38,0.0
20231129:0311,0.0,0.0,0.0,-0.94,3.17,0.0
20231129:0411,0.0,0.0,0.0,-1.34,2.97,0.0
20231129:0511,0.0,0.0,0.0,-1.68,2.9,0.0
20231129:0611,0.0,0.0,0.0,-1.65,2.69,0.0
20231129:0711,0.0,0.0,0.0,-1.84,2.76,0.0
20231129:0811,0.0,0.0,0.0,-1.94,2.76,0.0
20231129:0911,93906.0,53.37,6.57,-1.28,2.76,0.0
20231129:1011,221265.0,106.59,11.1,-0.21,2.55,0.0
20231129:1111,349677.0,158.62,13.72,1.09,2.97,0.0
20231129:1211,1410345.0,593.68,14.21,1.92,3.1,0.0
20231129:1311,973323.0,410.58,12.52,2.32,3.03,0.0
20231129:1411,898884.0,382.13,8.81,2.41,2.76,0.0
20231129:1511,26136.0,22.25,3.37,1.9,2.34,0.0
20231129:1611,0.0,0.0,0.0,0.75,2.34,0.0
20231129:1711,0.0,0.0,0.0,0.02,2.28,0.0
20231129:1811,0.0,0.0,0.0,-0.53,2.21,0.0
20231129:1911,0.0,0.0,0.0,0.27,3.03,0.0
20231129:2011,0.0,0.0,0.0,0.66,2.97,0.0
20231129:2111,0.0,0.0,0.0,0.73,2.97,0.0
20231129:2211,0.0,0.0,0.0,0.82,2.83,0.0
20231129:2311,0.0,0.0,0.0,0.36,2.69,0.0
20231130:0011,0.0,0.0,0.0,-0.04,2.69,0.0
20231130:0111,0.0,0.0,0.0,-0.47,2.69,0.0
20231130:0211,0.0,0.0,0.0,-0.66,2.69,0.0
20231130:0311,0.0,0.0,0.0,-0.9,2.76,0.0
20231130:0411,0.0,0.0,0.0,-0.95,2.76,0.0
20231130:0511,0.0,0.0,0.0,-1.0,2.83,0.0
20231130:0611,0.0,0.0,0.0,-0.74,2.83,0.0
20231130:0711,0.0,0.0,0.0,-0.64,2.97,0.0
20231130:0811,0.0,0.0,0.0,-0.64,2.97,0.0
20231130:0911,315522.0,144.87,6.39,0.06,2.9,0.0
20231130:1011,270027.0,126.68,10.92,1.14,3.1,0.0
20231130:1111,856089.0,362.22,13.55,2.25,3.03,0.0
20231130:1211,113454.0,63.04,14.05,3.01,3.24,0.0
20231130:1311,576369.0,250.17,12.37,3.11,3.38,0.0
20231130:1411,5751.0,10.2,8.68,3.09,3.45,0.0
20231130:1511,999.0,6.49,3.26,2.28,2.69,0.0
20231130:1611,0.0,0.0,0.0,0.81,2.76,0.0
20231130:1711,0.0,0.0,0.0,0.16,2.9,0.0
20231130:1811,0.0,0.0,0.0,-0.32,2.97,0.0
20231130:1911,0.0,0.0,0.0,-0.28,3.1,0.0
20231130:2011,0.0,0.0,0.0,-0.38,3.1,0.0
20231130:2111,0.0,0.0,0.0,-0.36,3.17,0.0
20231130:2211,0.0,0.0,0.0,-0.32,3.31,0.0
20231130:2311,0.0,0.0,0.0,-0.5,3.45,0.0
20231201:0011,0.0,0.0,0.0,-0.4,3.52,0.0
20231201:0111,0.0,0.0,0.0,-0.67,3.59,0.0
20231201:0211,0.0,0.0,0.0,-0.8,3.59,0.0
20231201:0311,0.0,0.0,0.0,-0.87,3.52,0.0
20231201:0411,0.0,0.0,0.0,-0.68,3.31,0.0
20231201:0511,0.0,0.0,0.0,-0.82,3.17,0.0
20231201:0611,0.0,0.0,0.0,-0.86,3.1,0.0
20231201:0711,0.0,0.0,0.0,-1.51,2.97,0.0
20231201:0811,0.0,0.0,0.0,-1.32,2.76,0.0
20231201:0911,110349.0,60.51,6.21,-1.09,2.48,0.0
20231201:1011,579852.0,248.93,10.74,-0.21,2.28,0.0
20231201:1111,208089.0,101.88,13.38,0.79,2.34,0.0
20231201:1211,140319.0,74.15,13.89,1.47,2.34,0.0
20231201:1311,127710.0,68.86,12.23,1.83,2.34,0.0
20231201:1411,81216.0,48.4,8.56,1.49,2.07,0.0
20231201:1511,5859.0,10.2,3.15,0.81,2.07,0.0
20231201:1611,0.0,0.0,0.0,-0.71,2.28,0.0
20231201:1711,0.0,0.0,0.0,-1.55,2.14,0.0
20231201:1811,0.0,0.0,0.0,-1.99,2.07,0.0
20231201:1911,0.0,0.0,0.0,-2.71,1.59,0.0
20231201:2011,0.0,0.0,0.0,-2.52,1.31,0.0
20231201:2111,0.0,0.0,0.0,-2.3,1.03,0.0
20231201:2211,0.0,0.0,0.0,-2.22,1.03,0.0
20231201:2311,0.0,0.0,0.0,-2.18,1.03,0.0
20231202:0011,0.0,0.0,0.0,-2.23,0.9,0.0
20231202:0111,0.0,0.0,0.0,-2.58,0.97,0.0
20231202:0211,0.0,0.0,0.0,-2.81,1.03,0.0
20231202:0311,0.0,0.0,0.0,-3.05,1.1,0.0
20231202:0411,0.0,0.0,0.0,-3.08,0.97,0.0
20231202:0511,0.0,0.0,0.0,-3.27,0.97,0.0
20231202:0611,0.0,0.0,0.0,-3.33,1.1,0.0
20231202:0711,0.0,0.0,0.0,-4.25,1.03,0.0
20231202:0811,0.0,0.0,0.0,-4.42,1.1,0.0
20231202:0911,180252.0,88.65,6.03,-4.5,1.24,0.0
20231202:1011,149121.0,76.2,10.57,-3.69,1.38,0.0
20231202:1111,84294.0,49.14,13.21,-2.51,1.52,0.0
20231202:1211,629343.0,267.4,13.74,-1.49,1.93,0.0
20231202:1311,90018.0,51.92,12.1,-0.99,2.55,0.0
20231202:1411,33858.0,25.96,8.44,-0.3,2.21,0.0
20231202:1511,81.0,5.56,3.05,-0.43,2.28,0.0
20231202:1611,0.0,0.0,0.0,-0.97,2.41,0.0
20231202:1711,0.0,0.0,0.0,-1.76,2.48,0.0
20231202:1811,0.0,0.0,0.0,-1.75,2.48,0.0
20231202:1911,0.0,0.0,0.0,-1.62,2.48,0.0
20231202:2011,0.0,0.0,0.0,-1.55,2.48,0.0
20231202:2111,0.0,0.0,0.0,-1.49,2.48,0.0
20231202:2211,0.0,0.0,0.0,-1.3,2.62,0.0
20231202:2311,0.0,0.0,0.0,-1.12,2.69,0.0
20231203:0011,0.0,0.0,0.0,-0.95,2.76,0.0
20231203:0111,0.0,0.0,0.0,-1.18,2.83,0.0
20231203:0211,0.0,0.0,0.0,-1.31,2.83,0.0
20231203:0311,0.0,0.0,0.0,-1.46,2.69,0.0
20231203:0411,0.0,0.0,0.0,-1.67,2.76,0.0
20231203:0511,0.0,0.0,0.0,-1.81,2.62,0.0
20231203:0611,0.0,0.0,0.0,-1.8,2.34,0.0
20231203:0711,0.0,0.0,0.0,-1.12,2.07,0.0
20231203:0811,0.0,0.0,0.0,-1.03,1.79,0.0
20231203:0911,7290.0,11.13,5.86,-0.91,1.24,0.0
20231203:1011,26622.0,22.25,10.4,-0.33,1.24,0.0
20231203:1111,43092.0,30.59,13.06,0.32,0.83,0.0
20231203:1211,163053.0,83.63,13.6,0.9,0.9,0.0
20231203:1311,62343.0,39.87,11.97,1.29,0.76,0.0
20231203:1411,42822.0,30.59,8.33,1.48,0.76,0.0
20231203:1511,0.0,3.71,2.96,1.15,0.83,0.0
20231203:1611,0.0,0.0,0.0,0.79,1.1,0.0
20231203:1711,0.0,0.0,0.0,0.13,1.31,0.0
20231203:1811,0.0,0.0,0.0,-0.43,1.31,0.0
20231203:1911,0.0,0.0,0.0,-1.41,1.72,0.0
20231203:2011,0.0,0.0,0.0,-1.32,1.93,0.0
20231203:2111,0.0,0.0,0.0,-0.63,2.07,0.0
20231203:2211,0.0,0.0,0.0,-0.77,2.34,0.0
20231203:2311,0.0,0.0,0.0,-0.5,2.41,0.0
20231204:0011,0.0,0.0,0.0,-0.08,2.76,0.0
20231204:0111,0.0,0.0,0.0,0.58,3.1,0.0
20231204:0211,0.0,0.0,0.0,1.19,3.38,0.0
20231204:0311,0.0,0.0,0.0,1.74,3.38,0.0
20231204:0411,0.0,0.0,0.0,2.39,3.24,0.0
20231204:0511,0.0,0.0,0.0,3.01,3.1,0.0
20231204:0611,0.0,0.0,0.0,3.7,3.03,0.0
20231204:0711,0.0,0.0,0.0,4.09,2.76,0.0
20231204:0811,0.0,0.0,0.0,4.26,2.69,0.0
20231204:0911,19197.0,18.54,5.7,4.33,2.55,0.0
20231204:1011,89235.0,52.54,10.25,4.45,2.62,0.0
20231204:1111,71334.0,44.5,12.91,4.51,2.62,0.0
20231204:1211,55485.0,37.08,13.46,4.66,2.62,0.0
20231204:1311,11313.0,13.91,11.86,4.61,2.62,0.0
20231204:1411,4401.0,9.27,8.23,4.6,2.76,0.0
20231204:1511,0.0,2.78,2.88,4.48,2.97,0.0
20231204:1611,0.0,0.0,0.0,4.33,3.1,0.0
20231204:1711,0.0,0.0,0.0,4.28,3.17,0.0
20231204:1811,0.0,0.0,0.0,4.28,3.17,0.0
20231204:1911,0.0,0.0,0.0,5.17,3.45,0.0
20231204:2011,0.0,0.0,0.0,5.24,3.93,0.0
20231204:2111,0.0,0.0,0.0,5.18,4.14,0.0
20231204:2211,0.0,0.0,0.0,5.15,4.21,0.0
20231204:2311,0.0,0.0,0.0,5.08,4.0,0.0
20231205:0011,0.0,0.0,0.0,5.01,3.72,0.0
20231205:0111,0.0,0.0,0.0,5.0,3.45,0.0
20231205:0211,0.0,0.0,0.0,4.95,3.24,0.0
20231205:0311,0.0,0.0,0.0,4.89,3.24,0.0
20231205:0411,0.0,0.0,0.0,4.92,3.38,0.0
20231205:0511,0.0,0.0,0.0,4.97,3.59,0.0
20231205:0611,0.0,0.0,0.0,4.85,3.66,0.0
20231205:0711,0.0,0.0,0.0,5.2,4.41,0.0
20231205:0811,0.0,0.0,0.0,5.02,4.34,0.0
20231205:0911,49464.0,34.15,5.54,4.95,4.34,0.0
20231205:1011,164403.0,84.99,10.09,5.06,4.34,0.0
20231205:1111,1269567.0,537.7,12.77,5.3,4.41,0.0
20231205:1211,1105731.0,469.02,13.34,5.58,4.41,0.0
20231205:1311,1034019.0,440.02,11.74,5.82,4.28,0.0
20231205:1411,486216.0,216.26,8.14,5.34,4.0,0.0
20231205:1511,27000.0,22.95,2.8,4.77,3.66,0.0
20231205:1611,0.0,0.0,0.0,3.62,3.38,0.0
20231205:1711,0.0,0.0,0.0,3.2,3.17,0.0
20231205:1811,0.0,0.0,0.0,2.67,3.03,0.0
20231205:1911,0.0,0.0,0.0,2.73,2.97,0.0
20231205:2011,0.0,0.0,0.0,2.55,2.76,0.0
20231205:2111,0.0,0.0,0.0,2.53,2.62,0.0
20231205:2211,0.0,0.0,0.0,1.92,2.55,0.0
20231205:2311,0.0,0.0,0.0,1.31,2.48,0.0
20231206:0011,0.0,0.0,0.0,0.85,2.41,0.0
20231206:0111,0.0,0.0,0.0,0.5,2.28,0.0
20231206:0211,0.0,0.0,0.0,-0.1,2.21,0.0
20231206:0311,0.0,0.0,0.0,-0.78,2.07,0.0
20231206:0411,0.0,0.0,0.0,-1.63,2.07,0.0
20231206:0511,0.0,0.0,0.0,-2.4,2.07,0.0
20231206:0611,0.0,0.0,0.0,-2.8,1.93,0.0
20231206:0711,0.0,0.0,0.0,-2.49,1.93,0.0
20231206:0811,0.0,0.0,0.0,-2.75,1.72,0.0
20231206:0911,305586.0,139.98,5.39,-2.46,1.38,0.0
20231206:1011,910980.0,386.88,9.95,-0.24,0.62,0.0
20231206:1111,1227150.0,528.72,12.63,1.59,0.28,0.0
20231206:1211,1303317.0,566.28,13.21,2.78,0.28,0.0
20231206:1311,712422.0,308.46,11.64,3.38,0.97,0.0
20231206:1411,834813.0,359.09,8.05,3.23,1.66,0.0
20231206:1511,45927.0,32.41,2.73,2.19,2.07,0.0
20231206:1611,0.0,0.0,0.0,0.64,2.41,0.0
20231206:1711,0.0,0.0,0.0,-0.02,2.55,0.0
20231206:1811,0.0,0.0,0.0,-0.05,2.83,0.0
20231206:1911,0.0,0.0,0.0,0.41,3.03,0.0
20231206:2011,0.0,0.0,0.0,0.17,3.45,0.0
20231206:2111,0.0,0.0,0.0,0.42,3.72,0.0
20231206:2211,0.0,0.0,0.0,0.69,3.93,0.0
20231206:2311,0.0,0.0,0.0,1.02,4.21,0.0
20231207:0011,0.0,0.0,0.0,1.29,4.41,0.0
20231207:0111,0.0,0.0,0.0,1.47,4.55,0.0
20231207:0211,0.0,0.0,0.0,1.56,4.62,0.0
20231207:0311,0.0,0.0,0.0,1.68,4.83,0.0
20231207:0411,0.0,0.0,0.0,1.97,5.03,0.0
20231207:0511,0.0,0.0,0.0,2.32,5.31,0.0
20231207:0611,0.0,0.0,0.0,2.68,5.72,0.0
20231207:0711,0.0,0.0,0.0,3.68,6.34,0.0
20231207:0811,0.0,0.0,0.0,3.99,6.69,0.0
20231207:0911,7047.0,11.13,5.24,4.15,6.97,0.0
20231207:1011,91989.0,53.66,9.81,4.34,7.17,0.0
20231207:1111,22518.0,20.4,12.51,4.57,7.24,0.0
20231207:1211,34776.0,26.89,13.1,4.89,7.31,0.0
20231207:1311,25893.0,22.25,11.54,5.02,7.31,0.0
20231207:1411,15903.0,16.69,7.97,5.08,7.24,0.0
20231207:1511,0.0,2.78,2.66,5.11,7.1,0.0
20231207:1611,0.0,0.0,0.0,5.06,7.1,0.0
20231207:1711,0.0,0.0,0.0,4.98,7.17,0.0
20231207:1811,0.0,0.0,0.0,4.93,7.1,0.0
20231207:1911,0.0,0.0,0.0,5.0,6.83,0.0
20231207:2011,0.0,0.0,0.0,4.85,6.55,0.0
20231207:2111,0.0,0.0,0.0,4.81,5.79,0.0
20231207:2211,0.0,0.0,0.0,4.81,4.97,0.0
20231207:2311,0.0,0.0,0.0,4.88,4.14,0.0
20231208:0011,0.0,0.0,0.0,4.95,3.45,0.0
20231208:0111,0.0,0.0,0.0,5.13,3.1,0.0
20231208:0211,0.0,0.0,0.0,5.2,2.9,0.0
20231208:0311,0.0,0.0,0.0,5.03,2.76,0.0
20231208:0411,0.0,0.0,0.0,4.91,2.69,0.0
20231208:0511,0.0,0.0,0.0,4.98,2.69,0.0
20231208:0611,0.0,0.0,0.0,4.97,2.76,0.0
20231208:0711,0.0,0.0,0.0,5.0,2.83,0.0
20231208:0811,0.0,0.0,0.0,4.89,2.9,0.0
20231208:0911,19143.0,18.54,5.11,4.91,3.03,0.0
20231208:1011,275751.0,131.09,9.68,5.53,3.24,0.0
20231208:1111,438480.0,197.94,12.38,6.54,3.1,0.0
20231208:1211,297297.0,141.14,12.99,7.59,4.0,0.0
20231208:1311,81972.0,50.06,11.45,8.35,4.21,0.0
20231208:1411,248751.0,121.45,7.9,8.58,4.41,0.0
20231208:1511,0.0,1.85,2.61,8.44,4.34,0.0
20231208:1611,0.0,0.0,0.0,8.01,4.41,0.0
20231208:1711,0.0,0.0,0.0,7.6,4.48,0.0
20231208:1811,0.0,0.0,0.0,7.32,4.62,0.0
20231208:1911,0.0,0.0,0.0,7.04,4.0,0.0
20231208:2011,0.0,0.0,0.0,6.76,4.14,0.0
20231208:2111,0.0,0.0,0.0,6.57,4.28,0.0
20231208:2211,0.0,0.0,0.0,6.47,4.55,0.0
20231208:2311,0.0,0.0,0.0,6.33,4.83,0.0
20231209:0011,0.0,0.0,0.0,6.15,4.69,0.0
20231209:0111,0.0,0.0,0.0,5.91,4.41,0.0
20231209:0211,0.0,0.0,0.0,5.71,4.21,0.0
20231209:0311,0.0,0.0,0.0,5.56,3.86,0.0
20231209:0411,0.0,0.0,0.0,5.11,3.86,0.0
20231209:0511,0.0,0.0,0.0,5.13,4.07,0.0
20231209:0611,0.0,0.0,0.0,5.29,4.14,0.0
20231209:0711,0.0,0.0,0.0,5.68,4.76,0.0
20231209:0811,0.0,0.0,0.0,6.1,5.31,0.0
20231209:0911,40608.0,29.98,4.97,6.69,5.59,0.0
20231209:1011,6885.0,11.13,9.55,7.43,6.07,0.0
20231209:1111,64314.0,41.72,12.27,7.91,6.48,0.0
20231209:1211,47061.0,33.38,12.89,7.81,5.93,0.0
20231209:1311,35964.0,27.81,11.37,8.06,4.48,0.0
20231209:1411,25272.0,22.25,7.83,9.3,6.07,0.0
20231209:1511,44874.0,32.75,2.56,9.65,7.66,0.0
20231209:1611,0.0,0.0,0.0,9.4,8.14,0.0
20231209:1711,0.0,0.0,0.0,8.63,8.83,0.0
20231209:1811,0.0,0.0,0.0,7.88,9.31,0.0
20231209:1911,0.0,0.0,0.0,8.3,9.03,0.0
20231209:2011,0.0,0.0,0.0,8.26,9.59,0.0
20231209:2111,0.0,0.0,0.0,8.13,9.66,0.0
20231209:2211,0.0,0.0,0.0,8.1,9.45,0.0
20231209:2311,0.0,0.0,0.0,8.11,8.97,0.0
20231210:0011,0.0,0.0,0.0,8.13,8.34,0.0
20231210:0111,0.0,0.0,0.0,8.34,7.79,0.0
20231210:0211,0.0,0.0,0.0,8.43,7.59,0.0
20231210:0311,0.0,0.0,0.0,8.53,7.52,0.0
20231210:0411,0.0,0.0,0.0,8.29,7.1,0.0
20231210:0511,0.0,0.0,0.0,8.13,6.55,0.0
20231210:0611,0.0,0.0,0.0,7.6,5.17,0.0
20231210:0711,0.0,0.0,0.0,6.56,4.14,0.0
20231210:0811,0.0,0.0,0.0,6.11,3.1,0.0
20231210:0911,945.0,6.49,4.85,6.03,2.55,0.0
20231210:1011,6939.0,11.13,9.44,6.32,2.14,0.0
20231210:1111,39906.0,29.67,12.16,6.38,2.69,0.0
20231210:1211,14202.0,15.76,12.8,6.4,3.38,0.0
20231210:1311,173502.0,89.32,11.3,6.3,3.59,0.0
20231210:1411,267867.0,128.28,7.77,6.35,3.86,0.0
20231210:1511,0.0,1.85,2.52,6.47,3.72,0.0
20231210:1611,0.0,0.0,0.0,6.63,2.9,0.0
20231210:1711,0.0,0.0,0.0,7.36,4.0,0.0
20231210:1811,0.0,0.0,0.0,7.82,4.55,0.0
20231210:1911,0.0,0.0,0.0,7.09,3.52,0.0
20231210:2011,0.0,0.0,0.0,6.85,2.9,0.0
20231210:2111,0.0,0.0,0.0,6.61,2.69,0.0
20231210:2211,0.0,0.0,0.0,6.69,2.55,0.0
20231210:2311,0.0,0.0,0.0,6.89,2.34,0.0
20231211:0011,0.0,0.0,0.0,6.89,1.79,0.0
20231211:0111,0.0,0.0,0.0,6.72,1.66,0.0
20231211:0211,0.0,0.0,0.0,6.87,4.48,0.0
20231211:0311,0.0,0.0,0.0,6.99,5.03,0.0
20231211:0411,0.0,0.0,0.0,6.88,4.28,0.0
20231211:0511,0.0,0.0,0.0,6.69,3.79,0.0
20231211:0611,0.0,0.0,0.0,6.36,3.45,0.0
20231211:0711,0.0,0.0,0.0,5.07,3.31,0.0
20231211:0811,0.0,0.0,0.0,4.42,3.1,0.0
20231211:0911,306666.0,144.01,4.73,4.09,2.83,0.0
20231211:1011,845613.0,363.12,9.32,4.81,2.69,0.0
20231211:1111,1198530.0,514.93,12.06,5.75,2.34,0.0
20231211:1211,1267542.0,545.65,12.72,6.46,2.62,0.0
20231211:1311,1066392.0,460.04,11.23,6.85,2.48,0.0
20231211:1411,834462.0,363.65,7.72,6.84,2.21,0.0
20231211:1511,4347.0,9.27,2.48,6.01,2.0,0.0
20231211:1611,0.0,0.0,0.0,4.85,1.93,0.0
20231211:1711,0.0,0.0,0.0,3.61,1.66,0.0
20231211:1811,0.0,0.0,0.0,2.72,1.31,0.0
20231211:1911,0.0,0.0,0.0,2.09,0.76,0.0
20231211:2011,0.0,0.0,0.0,1.33,0.48,0.0
20231211:2111,0.0,0.0,0.0,0.64,0.48,0.0
20231211:2211,0.0,0.0,0.0,1.02,1.03,0.0
20231211:2311,0.0,0.0,0.0,1.27,1.52,0.0
20231212:0011,0.0,0.0,0.0,1.77,2.0,0.0
20231212:0111,0.0,0.0,0.0,2.55,2.34,0.0
20231212:0211,0.0,0.0,0.0,3.16,2.9,0.0
20231212:0311,0.0,0.0,0.0,4.0,3.52,0.0
20231212:0411,0.0,0.0,0.0,4.74,3.59,0.0
20231212:0511,0.0,0.0,0.0,5.16,3.86,0.0
20231212:0611,0.0,0.0,0.0,5.46,3.59,0.0
20231212:0711,0.0,0.0,0.0,5.89,3.93,0.0
20231212:0811,0.0,0.0,0.0,5.96,3.45,0.0
20231212:0911,19008.0,18.54,4.61,6.03,2.76,0.0
20231212:1011,36288.0,27.81,9.22,6.19,2.34,0.0
20231212:1111,53028.0,36.16,11.97,6.43,1.86,0.0
20231212:1211,18900.0,18.54,12.64,6.84,1.93,0.0
20231212:1311,348624.0,162.15,11.17,6.97,1.72,0.0
20231212:1411,22140.0,20.4,7.68,7.22,1.52,0.0
20231212:1511,918.0,6.49,2.45,7.18,1.17,0.0
20231212:1611,0.0,0.0,0.0,6.86,1.59,0.0
20231212:1711,0.0,0.0,0.0,6.77,1.79,0.0
20231212:1811,0.0,0.0,0.0,6.83,1.86,0.0
20231212:1911,0.0,0.0,0.0,6.65,2.28,0.0
20231212:2011,0.0,0.0,0.0,6.63,2.62,0.0
20231212:2111,0.0,0.0,0.0,6.64,2.97,0.0
20231212:2211,0.0,0.0,0.0,6.77,3.38,0.0
20231212:2311,0.0,0.0,0.0,6.74,3.66,0.0
20231213:0011,0.0,0.0,0.0,6.63,4.14,0.0
20231213:0111,0.0,0.0,0.0,6.74,4.76,0.0
20231213:0211,0.0,0.0,0.0,6.81,5.38,0.0
20231213:0311,0.0,0.0,0.0,6.59,5.79,0.0
20231213:0411,0.0,0.0,0.0,6.13,6.07,0.0
20231213:0511,0.0,0.0,0.0,5.66,6.0,0.0
20231213:0611,0.0,0.0,0.0,5.37,6.14,0.0
20231213:0711,0.0,0.0,0.0,5.28,6.07,0.0
20231213:0811,0.0,0.0,0.0,5.11,6.14,0.0
20231213:0911,292842.0,138.41,4.51,4.98,5.93,0.0
20231213:1011,1009233.0,426.61,9.12,5.22,6.14,0.0
20231213:1111,918135.0,389.11,11.89,5.47,5.86,0.0
20231213:1211,1175634.0,494.92,12.57,5.42,5.93,0.0
20231213:1311,884385.0,375.68,11.12,5.4,5.52,0.0
20231213:1411,9801.0,12.98,7.64,5.14,5.17,0.0
20231213:1511,0.0,1.85,2.43,4.93,4.83,0.0
20231213:1611,0.0,0.0,0.0,4.09,3.93,0.0
20231213:1711,0.0,0.0,0.0,3.8,3.59,0.0
20231213:1811,0.0,0.0,0.0,3.37,3.31,0.0
20231213:1911,0.0,0.0,0.0,3.46,2.97,0.0
20231213:2011,0.0,0.0,0.0,2.91,2.69,0.0
20231213:2111,0.0,0.0,0.0,2.62,2.41,0.0
20231213:2211,0.0,0.0,0.0,2.14,2.07,0.0
20231213:2311,0.0,0.0,0.0,1.17,2.14,0.0
20231214:0011,0.0,0.0,0.0,0.81,1.52,0.0
20231214:0111,0.0,0.0,0.0,0.36,1.45,0.0
20231214:0211,0.0,0.0,0.0,0.1,1.66,0.0
20231214:0311,0.0,0.0,0.0,0.41,2.0,0.0
20231214:0411,0.0,0.0,0.0,1.52,2.21,0.0
20231214:0511,0.0,0.0,0.0,2.27,2.69,0.0
20231214:0611,0.0,0.0,0.0,2.57,3.03,0.0
20231214:0711,0.0,0.0,0.0,3.24,3.38,0.0
20231214:0811,0.0,0.0,0.0,3.85,3.52,0.0
20231214:0911,5670.0,10.2,4.41,4.59,3.45,0.0
20231214:1011,209115.0,103.79,9.03,5.61,2.97,0.0
20231214:1111,635688.0,279.15,11.81,6.95,2.48,0.0
20231214:1211,1045197.0,452.74,12.51,8.02,2.62,0.0
20231214:1311,240192.0,118.1,11.07,8.55,3.03,0.0
20231214:1411,194157.0,98.64,7.62,8.32,3.03,0.0
20231214:1511,0.0,2.78,2.42,7.76,3.03,0.0
20231214:1611,0.0,0.0,0.0,6.64,2.83,0.0
20231214:1711,0.0,0.0,0.0,5.7,2.76,0.0
20231214:1811,0.0,0.0,0.0,5.17,2.76,0.0
20231214:1911,0.0,0.0,0.0,4.66,2.76,0.0
20231214:2011,0.0,0.0,0.0,4.72,2.83,0.0
20231214:2111,0.0,0.0,0.0,5.07,2.83,0.0
20231214:2211,0.0,0.0,0.0,5.22,2.97,0.0
20231214:2311,0.0,0.0,0.0,5.46,3.1,0.0
20231215:0011,0.0,0.0,0.0,5.56,3.24,0.0
20231215:0111,0.0,0.0,0.0,5.41,3.31,0.0
20231215:0211,0.0,0.0,0.0,5.52,3.31,0.0
20231215:0311,0.0,0.0,0.0,5.54,3.31,0.0
20231215:0411,0.0,0.0,0.0,5.59,3.31,0.0
20231215:0511,0.0,0.0,0.0,5.33,2.83,0.0
20231215:0611,0.0,0.0,0.0,5.06,2.62,0.0
20231215:0711,0.0,0.0,0.0,5.16,2.9,0.0
20231215:0811,0.0,0.0,0.0,4.83,2.69,0.0
20231215:0911,11286.0,13.91,4.31,4.84,2.55,0.0
20231215:1011,178119.0,90.92,8.95,5.56,2.34,0.0
20231215:1111,236358.0,115.99,11.74,7.1,2.34,0.0
20231215:1211,75978.0,47.28,12.46,8.13,2.76,0.0
20231215:1311,64098.0,41.72,11.03,8.3,3.1,0.0
20231215:1411,100278.0,58.17,7.6,8.44,3.17,0.0
20231215:1511,0.0,2.78,2.41,7.71,3.1,0.0
20231215:1611,0.0,0.0,0.0,6.91,3.17,0.0
20231215:1711,0.0,0.0,0.0,6.3,3.66,0.0
20231215:1811,0.0,0.0,0.0,6.64,4.21,0.0
20231215:1911,0.0,0.0,0.0,7.48,4.48,0.0
20231215:2011,0.0,0.0,0.0,8.36,4.9,0.0
20231215:2111,0.0,0.0,0.0,9.07,5.31,0.0
20231215:2211,0.0,0.0,0.0,9.5,5.72,0.0
20231215:2311,0.0,0.0,0.0,9.84,5.93,0.0
20231216:0011,0.0,0.0,0.0,10.04,6.14,0.0
20231216:0111,0.0,0.0,0.0,10.08,6.28,0.0
20231216:0211,0.0,0.0,0.0,9.98,6.34,0.0
20231216:0311,0.0,0.0,0.0,9.8,6.55,0.0
20231216:0411,0.0,0.0,0.0,9.64,6.55,0.0
20231216:0511,0.0,0.0,0.0,9.49,6.34,0.0
20231216:0611,0.0,0.0,0.0,9.39,6.14,0.0
20231216:0711,0.0,0.0,0.0,9.44,5.52,0.0
20231216:0811,0.0,0.0,0.0,9.2,5.66,0.0
20231216:0911,32670.0,26.17,4.23,9.13,6.07,0.0
20231216:1011,398223.0,182.81,8.87,9.32,6.41,0.0
20231216:1111,916731.0,394.76,11.68,9.62,6.83,0.0
20231216:1211,1329399.0,568.38,12.41,9.99,7.38,0.0
20231216:1311,44658.0,32.45,11.0,10.18,7.52,0.0
20231216:1411,3024.0,8.34,7.58,10.18,7.45,0.0
20231216:1511,0.0,1.85,2.42,9.99,7.38,0.0
20231216:1611,0.0,0.0,0.0,9.87,7.17,0.0
20231216:1711,0.0,0.0,0.0,9.83,6.97,0.0
20231216:1811,0.0,0.0,0.0,9.7,6.76,0.0
20231216:1911,0.0,0.0,0.0,9.78,6.83,0.0
20231216:2011,0.0,0.0,0.0,9.72,7.03,0.0
20231216:2111,0.0,0.0,0.0,9.54,7.1,0.0
20231216:2211,0.0,0.0,0.0,9.61,7.03,0.0
20231216:2311,0.0,0.0,0.0,9.83,7.03,0.0
20231217:0011,0.0,0.0,0.0,9.99,7.1,0.0
20231217:0111,0.0,0.0,0.0,9.92,7.1,0.0
20231217:0211,0.0,0.0,0.0,9.75,7.03,0.0
20231217:0311,0.0,0.0,0.0,9.6,6.97,0.0
20231217:0411,0.0,0.0,0.0,9.37,6.83,0.0
20231217:0511,0.0,0.0,0.0,8.92,6.69,0.0
20231217:0611,0.0,0.0,0.0,8.47,6.9,0.0
20231217:0711,0.0,0.0,0.0,8.57,7.1,0.0
20231217:0811,0.0,0.0,0.0,8.66,7.31,0.0
20231217:0911,14013.0,15.76,4.15,8.64,7.45,0.0
20231217:1011,48654.0,34.3,8.8,9.04,7.59,0.0
20231217:1111,111429.0,63.53,11.62,9.58,7.45,0.0
20231217:1211,125550.0,69.9,12.37,9.88,7.31,0.0
20231217:1311,270810.0,131.05,10.98,10.23,7.59,0.0
20231217:1411,20142.0,19.47,7.58,10.43,7.72,0.0
20231217:1511,0.0,1.85,2.42,10.38,7.38,0.0
20231217:1611,0.0,0.0,0.0,10.21,7.1,0.0
20231217:1711,0.0,0.0,0.0,10.09,6.9,0.0
20231217:1811,0.0,0.0,0.0,10.1,6.55,0.0
20231217:1911,0.0,0.0,0.0,10.01,6.21,0.0
20231217:2011,0.0,0.0,0.0,10.13,5.86,0.0
20231217:2111,0.0,0.0,0.0,10.36,5.45,0.0
20231217:2211,0.0,0.0,0.0,10.58,5.17,0.0
20231217:2311,0.0,0.0,0.0,10.82,5.03,0.0
20231218:0011,0.0,0.0,0.0,10.95,4.97,0.0
20231218:0111,0.0,0.0,0.0,11.19,4.76,0.0
20231218:0211,0.0,0.0,0.0,11.21,4.48,0.0
20231218:0311,0.0,0.0,0.0,11.21,4.34,0.0
20231218:0411,0.0,0.0,0.0,11.22,4.34,0.0
20231218:0511,0.0,0.0,0.0,11.22,4.55,0.0
20231218:0611,0.0,0.0,0.0,11.23,4.76,0.0
20231218:0711,0.0,0.0,0.0,11.27,4.69,0.0
20231218:0811,0.0,0.0,0.0,11.43,4.83,0.0
20231218:0911,0.0,3.71,4.07,11.55,4.97,0.0
20231218:1011,44253.0,32.45,8.74,11.71,5.1,0.0
20231218:1111,236520.0,117.83,11.58,11.79,5.31,0.0
20231218:1211,66879.0,43.57,12.34,11.83,5.66,0.0
20231218:1311,55404.0,38.01,10.97,11.81,5.86,0.0
20231218:1411,31725.0,25.96,7.58,11.86,5.93,0.0
20231218:1511,0.0,1.85,2.44,11.86,6.0,0.0
20231218:1611,0.0,0.0,0.0,11.79,5.93,0.0
20231218:1711,0.0,0.0,0.0,11.8,5.72,0.0
20231218:1811,0.0,0.0,0.0,11.81,5.38,0.0
20231218:1911,0.0,0.0,0.0,12.11,4.48,0.0
20231218:2011,0.0,0.0,0.0,11.95,4.21,0.0
20231218:2111,0.0,0.0,0.0,11.6,3.86,0.0
20231218:2211,0.0,0.0,0.0,11.08,3.52,0.0
20231218:2311,0.0,0.0,0.0,10.64,3.24,0.0
20231219:0011,0.0,0.0,0.0,10.16,2.97,0.0
20231219:0111,0.0,0.0,0.0,9.78,2.97,0.0
20231219:0211,0.0,0.0,0.0,9.41,2.83,0.0
20231219:0311,0.0,0.0,0.0,9.17,2.83,0.0
20231219:0411,0.0,0.0,0.0,9.1,2.76,0.0
20231219:0511,0.0,0.0,0.0,9.06,2.83,0.0
20231219:0611,0.0,0.0,0.0,8.85,3.03,0.0
20231219:0711,0.0,0.0,0.0,8.99,2.83,0.0
20231219:0811,0.0,0.0,0.0,8.87,2.97,0.0
20231219:0911,5508.0,10.2,4.01,8.49,3.1,0.0
20231219:1011,56430.0,38.01,8.69,8.08,3.17,0.0
20231219:1111,68229.0,43.57,11.54,7.76,3.38,0.0
20231219:1211,1183410.0,508.43,12.32,7.76,3.72,0.0
20231219:1311,1040148.0,447.36,10.96,7.9,3.93,0.0
20231219:1411,443529.0,200.77,7.59,7.84,4.62,0.0
20231219:1511,1971.0,7.42,2.46,7.56,4.76,0.0
20231219:1611,0.0,0.0,0.0,6.54,4.76,0.0
20231219:1711,0.0,0.0,0.0,6.06,4.97,0.0
20231219:1811,0.0,0.0,0.0,5.79,5.03,0.0
20231219:1911,0.0,0.0,0.0,6.18,5.03,0.0
20231219:2011,0.0,0.0,0.0,6.19,5.31,0.0
20231219:2111,0.0,0.0,0.0,6.26,5.66,0.0
20231219:2211,0.0,0.0,0.0,6.22,5.93,0.0
20231219:2311,0.0,0.0,0.0,6.41,6.41,0.0
20231220:0011,0.0,0.0,0.0,6.61,6.9,0.0
20231220:0111,0.0,0.0,0.0,6.74,6.76,0.0
20231220:0211,0.0,0.0,0.0,6.84,6.69,0.0
20231220:0311,0.0,0.0,0.0,7.14,6.76,0.0
20231220:0411,0.0,0.0,0.0,7.54,6.69,0.0
20231220:0511,0.0,0.0,0.0,7.46,6.28,0.0
20231220:0611,0.0,0.0,0.0,7.11,5.93,0.0
20231220:0711,0.0,0.0,0.0,7.13,5.93,0.0
20231220:0811,0.0,0.0,0.0,7.15,5.38,0.0
20231220:0911,0.0,5.56,3.95,7.5,5.38,0.0
20231220:1011,352458.0,163.56,8.64,8.33,5.86,0.0
20231220:1111,56241.0,38.01,11.51,9.04,6.55,0.0
20231220:1211,18630.0,18.54,12.3,9.44,7.31,0.0
20231220:1311,81567.0,50.06,10.96,9.61,8.07,0.0
20231220:1411,427815.0,194.91,7.6,9.5,8.07,0.0
20231220:1511,0.0,5.56,2.49,9.47,7.66,0.0
20231220:1611,0.0,0.0,0.0,9.63,7.45,0.0
20231220:1711,0.0,0.0,0.0,9.78,7.31,0.0
20231220:1811,0.0,0.0,0.0,10.06,7.45,0.0
20231220:1911,0.0,0.0,0.0,10.34,7.24,0.0
20231220:2011,0.0,0.0,0.0,10.38,7.03,0.0
20231220:2111,0.0,0.0,0.0,10.34,6.9,0.0
20231220:2211,0.0,0.0,0.0,10.39,7.03,0.0
20231220:2311,0.0,0.0,0.0,10.44,7.45,0.0
20231221:0011,0.0,0.0,0.0,10.59,8.34,0.0
20231221:0111,0.0,0.0,0.0,10.74,9.31,0.0
20231221:0211,0.0,0.0,0.0,10.79,9.52,0.0
20231221:0311,0.0,0.0,0.0,10.69,9.45,0.0
20231221:0411,0.0,0.0,0.0,10.8,10.34,0.0
20231221:0511,0.0,0.0,0.0,11.05,11.1,0.0
20231221:0611,0.0,0.0,0.0,11.36,11.66,0.0
20231221:0711,0.0,0.0,0.0,11.64,11.93,0.0
20231221:0811,0.0,0.0,0.0,11.87,11.45,0.0
20231221:0911,51327.0,35.87,3.89,11.31,11.1,0.0
20231221:1011,319221.0,150.98,8.6,10.78,10.9,0.0
20231221:1111,983637.0,421.36,11.48,10.66,10.76,0.0
20231221:1211,215838.0,108.41,12.3,10.44,10.55,0.0
20231221:1311,827172.0,356.82,10.97,10.25,10.21,0.0
20231221:1411,630639.0,277.45,7.63,9.88,9.93,0.0
20231221:1511,0.0,2.78,2.53,9.3,9.45,0.0
20231221:1611,0.0,0.0,0.0,8.66,8.83,0.0
20231221:1711,0.0,0.0,0.0,8.11,8.48,0.0
20231221:1811,0.0,0.0,0.0,7.73,8.14,0.0
20231221:1911,0.0,0.0,0.0,7.84,7.66,0.0
20231221:2011,0.0,0.0,0.0,7.53,7.24,0.0
20231221:2111,0.0,0.0,0.0,7.43,6.9,0.0
20231221:2211,0.0,0.0,0.0,7.47,6.83,0.0
20231221:2311,0.0,0.0,0.0,7.51,6.76,0.0
20231222:0011,0.0,0.0,0.0,7.56,6.41,0.0
20231222:0111,0.0,0.0,0.0,7.74,6.0,0.0
20231222:0211,0.0,0.0,0.0,7.69,5.24,0.0
20231222:0311,0.0,0.0,0.0,7.87,4.83,0.0
20231222:0411,0.0,0.0,0.0,7.96,4.62,0.0
20231222:0511,0.0,0.0,0.0,8.4,5.31,0.0
20231222:0611,0.0,0.0,0.0,9.05,6.62,0.0
20231222:0711,0.0,0.0,0.0,9.52,7.03,0.0
20231222:0811,0.0,0.0,0.0,9.47,6.9,0.0
20231222:0911,8127.0,12.05,3.85,9.67,7.24,0.0
20231222:1011,68580.0,43.89,8.57,9.61,7.59,0.0
20231222:1111,186300.0,95.65,11.46,9.58,7.79,0.0
20231222:1211,75573.0,47.28,12.29,9.59,8.0,0.0
20231222:1311,261036.0,126.61,10.99,9.49,7.93,0.0
20231222:1411,346518.0,161.73,7.66,9.49,7.79,0.0
20231222:1511,68472.0,44.12,2.57,9.12,7.66,0.0
20231222:1611,0.0,0.0,0.0,8.36,7.17,0.0
20231222:1711,0.0,0.0,0.0,7.76,6.97,0.0
20231222:1811,0.0,0.0,0.0,7.23,6.28,0.0
20231222:1911,0.0,0.0,0.0,8.99,5.38,0.0
20231222:2011,0.0,0.0,0.0,9.21,4.9,0.0
20231222:2111,0.0,0.0,0.0,9.47,5.45,0.0
20231222:2211,0.0,0.0,0.0,9.53,6.83,0.0
20231222:2311,0.0,0.0,0.0,9.54,7.66,0.0
20231223:0011,0.0,0.0,0.0,9.72,8.83,0.0
20231223:0111,0.0,0.0,0.0,9.92,9.17,0.0
20231223:0211,0.0,0.0,0.0,10.09,9.38,0.0
20231223:0311,0.0,0.0,0.0,9.95,9.31,0.0
20231223:0411,0.0,0.0,0.0,9.65,9.03,0.0
20231223:0511,0.0,0.0,0.0,9.52,8.55,0.0
20231223:0611,0.0,0.0,0.0,9.49,8.0,0.0
20231223:0711,0.0,0.0,0.0,9.8,8.0,0.0
20231223:0811,0.0,0.0,0.0,9.64,7.45,0.0
20231223:0911,4212.0,9.27,3.81,9.92,7.38,0.0
20231223:1011,72360.0,45.78,8.55,10.28,7.45,0.0
20231223:1111,77247.0,48.21,11.46,10.38,7.45,0.0
20231223:1211,210762.0,106.41,12.3,10.5,7.31,0.0
20231223:1311,39069.0,29.67,11.01,10.61,7.31,0.0
20231223:1411,13851.0,15.76,7.7,10.59,7.31,0.0
20231223:1511,0.0,1.85,2.62,10.46,7.38,0.0
20231223:1611,0.0,0.0,0.0,10.2,7.17,0.0
20231223:1711,0.0,0.0,0.0,10.05,6.76,0.0
20231223:1811,0.0,0.0,0.0,10.12,6.62,0.0
20231223:1911,0.0,0.0,0.0,10.12,7.03,0.0
20231223:2011,0.0,0.0,0.0,10.3,6.83,0.0
20231223:2111,0.0,0.0,0.0,10.49,6.69,0.0
20231223:2211,0.0,0.0,0.0,10.81,6.9,0.0
20231223:2311,0.0,0.0,0.0,11.13,6.69,0.0
20231224:0011,0.0,0.0,0.0,11.58,6.48,0.0
20231224:0111,0.0,0.0,0.0,11.91,6.48,0.0
20231224:0211,0.0,0.0,0.0,12.07,6.48,0.0
20231224:0311,0.0,0.0,0.0,12.15,6.69,0.0
20231224:0411,0.0,0.0,0.0,12.09,6.9,0.0
20231224:0511,0.0,0.0,0.0,12.21,6.9,0.0
20231224:0611,0.0,0.0,0.0,12.47,7.1,0.0
20231224:0711,0.0,0.0,0.0,12.67,8.62,0.0
20231224:0811,0.0,0.0,0.0,12.78,9.79,0.0
20231224:0911,10719.0,13.91,3.78,12.91,11.03,0.0
20231224:1011,226071.0,113.54,8.53,13.04,11.86,0.0
20231224:1111,881361.0,382.81,11.45,13.07,12.14,0.0
20231224:1211,92178.0,55.63,12.32,12.99,12.48,0.0
20231224:1311,448632.0,204.58,11.04,12.05,12.14,0.0
20231224:1411,263790.0,128.38,7.75,11.11,11.24,0.0
20231224:1511,0.0,1.85,2.68,10.28,10.9,0.0
20231224:1611,0.0,0.0,0.0,9.85,10.76,0.0
20231224:1711,0.0,0.0,0.0,9.76,10.83,0.0
20231224:1811,0.0,0.0,0.0,9.64,10.83,0.0
20231224:1911,0.0,0.0,0.0,10.02,10.62,0.0
20231224:2011,0.0,0.0,0.0,9.73,10.0,0.0
20231224:2111,0.0,0.0,0.0,9.48,9.24,0.0
20231224:2211,0.0,0.0,0.0,9.25,8.41,0.0
20231224:2311,0.0,0.0,0.0,8.93,7.66,0.0
20231225:0011,0.0,0.0,0.0,8.74,6.69,0.0
20231225:0111,0.0,0.0,0.0,8.68,5.79,0.0
20231225:0211,0.0,0.0,0.0,8.56,5.03,0.0
20231225:0311,0.0,0.0,0.0,8.3,4.28,0.0
20231225:0411,0.0,0.0,0.0,8.38,4.07,0.0
20231225:0511,0.0,0.0,0.0,8.79,4.21,0.0
20231225:0611,0.0,0.0,0.0,8.84,4.0,0.0
20231225:0711,0.0,0.0,0.0,8.46,2.34,0.0
20231225:0811,0.0,0.0,0.0,8.29,2.69,0.0
20231225:0911,3051.0,8.34,3.76,8.55,3.72,0.0
20231225:1011,54351.0,37.08,8.52,8.78,4.76,0.0
20231225:1111,41175.0,30.59,11.46,9.2,5.03,0.0
20231225:1211,56133.0,38.01,12.34,9.26,5.03,0.0
20231225:1311,37503.0,28.74,11.08,9.43,5.66,0.0
20231225:1411,103653.0,59.84,7.8,9.5,6.14,0.0
20231225:1511,0.0,5.56,2.75,9.39,6.34,0.0
20231225:1611,0.0,0.0,0.0,9.21,6.41,0.0
20231225:1711,0.0,0.0,0.0,8.96,6.41,0.0
20231225:1811,0.0,0.0,0.0,8.86,6.69,0.0
20231225:1911,0.0,0.0,0.0,8.6,6.83,0.0
20231225:2011,0.0,0.0,0.0,7.9,6.69,0.0
20231225:2111,0.0,0.0,0.0,7.28,7.03,0.0
20231225:2211,0.0,0.0,0.0,7.07,7.59,0.0
20231225:2311,0.0,0.0,0.0,6.91,8.07,0.0
20231226:0011,0.0,0.0,0.0,6.98,8.21,0.0
20231226:0111,0.0,0.0,0.0,7.14,8.14,0.0
20231226:0211,0.0,0.0,0.0,7.09,8.34,0.0
20231226:0311,0.0,0.0,0.0,6.81,8.07,0.0
20231226:0411,0.0,0.0,0.0,6.68,7.72,0.0
20231226:0511,0.0,0.0,0.0,6.58,6.9,0.0
20231226:0611,0.0,0.0,0.0,6.22,6.0,0.0
20231226:0711,0.0,0.0,0.0,6.09,5.17,0.0
20231226:0811,0.0,0.0,0.0,5.12,4.07,0.0
20231226:0911,215298.0,106.56,3.74,4.03,3.59,0.0
20231226:1011,774495.0,332.07,8.52,4.12,3.31,0.0
20231226:1111,1177605.0,503.73,11.47,5.01,2.48,0.0
20231226:1211,1163727.0,499.93,12.37,6.03,2.48,0.0
20231226:1311,813780.0,352.4,11.13,6.68,2.62,0.0
20231226:1411,270405.0,129.7,7.86,6.78,2.62,0.0
20231226:1511,208467.0,105.37,2.82,6.14,2.55,0.0
20231226:1611,0.0,0.0,0.0,5.1,2.21,0.0
20231226:1711,0.0,0.0,0.0,3.93,1.86,0.0
20231226:1811,0.0,0.0,0.0,2.65,1.66,0.0
20231226:1911,0.0,0.0,0.0,3.78,0.76,0.0
20231226:2011,0.0,0.0,0.0,3.55,0.62,0.0
20231226:2111,0.0,0.0,0.0,1.41,1.66,0.0
20231226:2211,0.0,0.0,0.0,1.52,1.93,0.0
20231226:2311,0.0,0.0,0.0,1.95,2.21,0.0
20231227:0011,0.0,0.0,0.0,2.57,2.69,0.0
20231227:0111,0.0,0.0,0.0,3.02,3.1,0.0
20231227:0211,0.0,0.0,0.0,3.56,3.79,0.0
20231227:0311,0.0,0.0,0.0,4.03,4.62,0.0
20231227:0411,0.0,0.0,0.0,4.32,5.38,0.0
20231227:0511,0.0,0.0,0.0,4.33,6.0,0.0
20231227:0611,0.0,0.0,0.0,4.42,6.48,0.0
20231227:0711,0.0,0.0,0.0,5.1,7.24,0.0
20231227:0811,0.0,0.0,0.0,5.71,7.38,0.0
20231227:0911,0.0,5.56,3.73,6.37,7.72,0.0
20231227:1011,23868.0,21.32,8.52,7.25,7.79,0.0
20231227:1111,17145.0,17.62,11.5,8.44,8.28,0.0
20231227:1211,25245.0,22.25,12.41,9.57,8.62,0.0
20231227:1311,35505.0,27.81,11.19,10.57,8.97,0.0
20231227:1411,10827.0,13.91,7.93,11.42,9.45,0.0
20231227:1511,0.0,1.85,2.9,11.7,9.17,0.0
20231227:1611,0.0,0.0,0.0,11.48,7.93,0.0
20231227:1711,0.0,0.0,0.0,10.24,8.69,0.0
20231227:1811,0.0,0.0,0.0,9.0,8.62,0.0
20231227:1911,0.0,0.0,0.0,7.76,7.66,0.0
20231227:2011,0.0,0.0,0.0,7.46,7.59,0.0
20231227:2111,0.0,0.0,0.0,7.36,8.55,0.0
20231227:2211,0.0,0.0,0.0,7.54,8.41,0.0
20231227:2311,0.0,0.0,0.0,7.11,7.45,0.0
20231228:0011,0.0,0.0,0.0,6.55,7.1,0.0
20231228:0111,0.0,0.0,0.0,7.48,10.07,0.0
20231228:0211,0.0,0.0,0.0,7.31,8.97,0.0
20231228:0311,0.0,0.0,0.0,7.29,8.34,0.0
20231228:0411,0.0,0.0,0.0,7.29,8.55,0.0
20231228:0511,0.0,0.0,0.0,7.34,8.0,0.0
20231228:0611,0.0,0.0,0.0,7.66,7.86,0.0
20231228:0711,0.0,0.0,0.0,7.53,7.52,0.0
20231228:0811,0.0,0.0,0.0,7.52,6.97,0.0
20231228:0911,343629.0,161.34,3.73,7.56,6.97,0.0
20231228:1011,561897.0,248.03,8.53,8.16,7.45,0.0
20231228:1111,151092.0,80.58,11.53,8.92,7.66,0.0
20231228:1211,41202.0,30.59,12.46,9.13,7.86,0.0
20231228:1311,239814.0,117.64,11.25,9.03,8.76,0.0
20231228:1411,266058.0,128.35,8.0,9.05,9.1,0.0
20231228:1511,336015.0,159.47,2.98,8.46,8.34,0.0
20231228:1611,0.0,0.0,0.0,8.08,7.86,0.0
20231228:1711,0.0,0.0,0.0,7.83,7.45,0.0
20231228:1811,0.0,0.0,0.0,7.69,7.45,0.0
20231228:1911,0.0,0.0,0.0,7.88,8.48,0.0
20231228:2011,0.0,0.0,0.0,7.74,8.9,0.0
20231228:2111,0.0,0.0,0.0,7.5,9.24,0.0
20231228:2211,0.0,0.0,0.0,7.37,9.38,0.0
20231228:2311,0.0,0.0,0.0,7.32,9.86,0.0
20231229:0011,0.0,0.0,0.0,7.27,9.93,0.0
20231229:0111,0.0,0.0,0.0,7.07,9.86,0.0
20231229:0211,0.0,0.0,0.0,7.02,9.79,0.0
20231229:0311,0.0,0.0,0.0,6.95,9.72,0.0
20231229:0411,0.0,0.0,0.0,6.81,9.93,0.0
20231229:0511,0.0,0.0,0.0,6.54,9.93,0.0
20231229:0611,0.0,0.0,0.0,6.4,10.07,0.0
20231229:0711,0.0,0.0,0.0,6.95,10.07,0.0
20231229:0811,0.0,0.0,0.0,6.6,9.45,0.0
20231229:0911,945.0,6.49,3.73,6.39,8.9,0.0
20231229:1011,471636.0,209.95,8.55,6.61,8.41,0.0
20231229:1111,449685.0,201.27,11.56,6.95,8.21,0.0
20231229:1211,1109268.0,469.78,12.51,7.26,7.03,0.0
20231229:1311,771363.0,330.67,11.32,7.2,8.07,0.0
20231229:1411,553068.0,243.28,8.09,7.04,7.86,0.0
20231229:1511,245322.0,120.45,3.08,6.42,7.1,0.0
20231229:1611,0.0,0.0,0.0,5.71,6.34,0.0
20231229:1711,0.0,0.0,0.0,5.17,5.93,0.0
20231229:1811,0.0,0.0,0.0,5.19,5.45,0.0
20231229:1911,0.0,0.0,0.0,5.24,6.55,0.0
20231229:2011,0.0,0.0,0.0,5.1,6.62,0.0
20231229:2111,0.0,0.0,0.0,5.31,6.62,0.0
20231229:2211,0.0,0.0,0.0,4.88,6.14,0.0
20231229:2311,0.0,0.0,0.0,4.56,5.52,0.0
20231230:0011,0.0,0.0,0.0,4.07,4.9,0.0
20231230:0111,0.0,0.0,0.0,3.44,4.34,0.0
20231230:0211,0.0,0.0,0.0,3.23,4.0,0.0
20231230:0311,0.0,0.0,0.0,2.79,3.45,0.0
20231230:0411,0.0,0.0,0.0,2.45,2.97,0.0
20231230:0511,0.0,0.0,0.0,2.39,2.48,0.0
20231230:0611,0.0,0.0,0.0,2.32,2.14,0.0
20231230:0711,0.0,0.0,0.0,2.19,2.07,0.0
20231230:0811,0.0,0.0,0.0,2.46,2.41,0.0
20231230:0911,5751.0,10.2,3.75,3.01,2.9,0.0
20231230:1011,24354.0,21.32,8.58,3.51,3.52,0.0
20231230:1111,44226.0,31.52,11.61,3.91,4.34,0.0
20231230:1211,49842.0,34.3,12.57,4.33,5.31,0.0
20231230:1311,42093.0,30.59,11.39,5.11,5.31,0.0
20231230:1411,22302.0,20.4,8.18,6.3,5.72,0.0
20231230:1511,0.0,4.64,3.18,7.61,6.28,0.0
20231230:1611,0.0,0.0,0.0,8.44,6.28,0.0
20231230:1711,0.0,0.0,0.0,8.81,5.79,0.0
20231230:1811,0.0,0.0,0.0,8.89,5.79,0.0
20231230:1911,0.0,0.0,0.0,9.54,8.07,0.0
20231230:2011,0.0,0.0,0.0,9.68,7.59,0.0
20231230:2111,0.0,0.0,0.0,9.32,5.72,0.0
20231230:2211,0.0,0.0,0.0,8.76,4.62,0.0
20231230:2311,0.0,0.0,0.0,8.14,4.21,0.0
20231231:0011,0.0,0.0,0.0,7.57,3.72,0.0
20231231:0111,0.0,0.0,0.0,6.98,3.1,0.0
20231231:0211,0.0,0.0,0.0,6.48,2.21,0.0
20231231:0311,0.0,0.0,0.0,5.95,2.14,0.0
20231231:0411,0.0,0.0,0.0,5.77,2.62,0.0
20231231:0511,0.0,0.0,0.0,5.52,2.28,0.0
20231231:0611,0.0,0.0,0.0,4.99,3.03,0.0
20231231:0711,0.0,0.0,0.0,4.27,2.62,0.0
20231231:0811,0.0,0.0,0.0,4.09,2.55,0.0
20231231:0911,71577.0,44.44,3.77,3.59,2.76,0.0
20231231:1011,260604.0,124.06,8.62,3.91,3.31,0.0
20231231:1111,425898.0,191.38,11.66,4.98,3.38,0.0
20231231:1211,260334.0,125.0,12.64,5.69,3.93,0.0
20231231:1311,1210275.0,513.55,11.48,6.03,4.69,0.0
20231231:1411,768528.0,332.53,8.27,6.48,3.93,0.0
20231231:1511,360450.0,169.01,3.28,6.62,3.45,0.0
20231231:1611,0.0,0.0,0.0,5.72,3.45,0.0
20231231:1711,0.0,0.0,0.0,5.55,3.52,0.0
20231231:1811,0.0,0.0,0.0,5.36,3.66,0.0
20231231:1911,0.0,0.0,0.0,6.17,4.07,0.0
20231231:2011,0.0,0.0,0.0,6.22,4.28,0.0
20231231:2111,0.0,0.0,0.0,6.09,4.34,0.0
20231231:2211,0.0,0.0,0.0,6.09,4.34,0.0
20231231:2311,0.0,0.0,0.0,5.99,4.41,0.0

P: PV system power (W)
G(i): Global irradiance on the inclined plane (plane of the array) (W/m2)
H_sun: Sun height (degree)
T2m: 2-m air temperature (degree Celsius)
WS10m: 10-m total wind speed (m/s)
Int: 1 means solar radiation values are reconstructed



PVGIS (c) European Union, 2001-2026