Start Date,00:00:00,00:30:00,01:00:00,01:30:00,02:00:00,02:30:00,03:00:00,03:30:00,04:00:00,04:30:00,05:00:00,05:30:00,06:00:00,06:30:00,07:00:00,07:30:00,08:00:00,08:30:00,09:00:00,09:30:00,10:00:00,10:30:00,11:00:00,11:30:00,12:00:00,12:30:00,13:00:00,13:30:00,14:00:00,14:30:00,15:00:00,15:30:00,16:00:00,16:30:00,17:00:00,17:30:00,18:00:00,18:30:00,19:00:00,19:30:00,20:00:00,20:30:00,21:00:00,21:30:00,22:00:00,22:30:00,23:00:00,23:30:00
01-01,0,0,0,0,0,0,0,0,0,0,0,0,0,0,0,0,0.836,35.552,148.676,339.46,371.976,418.66,437.096,401.192,479.952,584.672,642.576,432.212,352.704,185.24,73.304,16.456,0.352,0,0,0,0,0,0,0,0,0,0,0,0,0,0,0
02-01,0,0.176,0,0,0,0,0,0,0,0,0,0,0,0,0,0,3.3,94.248,356.004,589.688,826.98,955.372,1011.164,1044.516,997.304,923.648,784.916,663.124,491.832,259.556,137.104,44.176,5.808,0.088,0,0,0,0,0,0,0,0,0,0,0,0,0,0
03-01,0,0,0,0,0,0,0,0,0,0,0,0,0,0,0,0,1.276,86.9,258.192,450.868,656.612,754.336,971.828,997.26,804.452,862.664,884.84,607.904,491.304,280.764,80.432,17.468,0.704,0,0,0,0,0,0,0,0,0,0,0,0,0,0,0
04-01,0,0,0,0,0,0,0,0,0,0,0,0,0,0,0,0,0.889777778,42.23022222,171.8591111,272.2817778,386.3395556,562.76,714.2031111,750.0044444,865.0106667,931.0546667,803.1466667,648.4768889,482.9537778,285.6724444,121.2053333,16.42666667,0.620888889,0,0,0,0,0,0,0,0,0,0,0,0,0,0,0
05-01,0,0,0,0,0,0,0,0,0,0,0,0,0,0,0,0,1.672,43.44755556,125.576,218.6946667,320.9262222,434.412,460.7582222,501.1893333,552.2733333,534.6977778,416.9488889,309.6133333,303.4826667,233.596,129.1693333,27.83733333,0.894666667,0,0,0,0,0,0,0,0,0,0,0,0,0,0,0
06-01,0,0,0,0,0,0,0,0,0,0,0,0,0,0,0,0,3.886666667,46.55688889,119.4306667,179.2217778,266.2733333,407.3715556,537.0542222,629.8795556,598.6884444,598.6933333,610.5,496.76,471.8071111,255.8257778,110.748,18.95422222,0.806666667,0,0,0,0,0,0,0,0,0,0,0,0,0,0,0
07-01,0,0,0,0,0,0,0,0,0,0,0,0,0,0,0,0,2.498222222,84.54355556,239.0568889,325.5266667,408.3297778,536.228,603.9293333,637.8435556,932.4431111,720.7737778,633.5902222,645.2257778,371.3062222,289.1973333,131.9315556,27.73955556,1.642666667,0,0,0,0,0,0,0,0,0,0,0,0,0,0,0
08-01,0,0,0,0,0,0,0,0,0,0,0,0,0,0,0,0,3.656888889,69.28533333,203.0942222,330.132,426.5115556,533.7786667,545.7857778,567.38,654.8031111,622.2773333,627.9435556,480.2746667,374.2102222,242.88,130.3817778,27.06977778,0.611111111,0,0,0,0,0,0,0,0,0,0,0,0,0,0,0
09-01,0,0,0,0,0,0,0,0,0,0,0,0,0,0,0,0,3.212,83.424,309.848,471.108,663.564,766.084,933.416,979.264,1072.192,1119.448,940.896,762.784,549.78,393.228,170.456,37.796,2.068,0,0,0,0,0,0,0,0,0,0,0,0,0,0,0
10-01,0,0,0,0,0,0,0,0,0,0,0,0,0,0,0,0,2.948,109.34,343.816,502.612,646.712,748.088,833.932,931.876,853.116,892.98,826.76,690.756,562.672,349.448,177.672,45.628,1.32,0,0,0,0,0,0,0,0,0,0,0,0,0,0,0
11-01,0,0,0,0,0,0,0,0,0,0,0,0,0,0,0,0,4.092,72.864,291.72,457.292,642.576,769.12,898.128,1006.06,951.456,920.568,773.476,635.844,413.996,272.58,148.764,46.552,2.288,0,0,0,0,0,0,0,0,0,0,0,0,0,0,0
12-01,0,0,0,0,0,0,0,0,0,0,0,0,0,0,0,0,3.08,79.156,290.356,443.344,721.732,880.044,999.064,1018.424,889.46,645.92,579.524,612.964,519.376,347.952,192.896,68.068,2.684,0,0,0,0,0,0,0,0,0,0,0,0,0,0,0
13-01,0,0,0,0,0,0,0,0,0,0,0,0,0,0,0,0,8.8,82.544,216.172,395.956,498.124,543.576,707.828,767.58,749.584,723.272,764.764,660.088,448.404,299.024,203.236,46.112,3.388,0,0,0,0,0,0,0,0,0,0,0,0,0,0,0
14-01,0,0,0,0,0,0,0,0,0,0,0,0,0,0,0,0,5.148,104.676,348.568,611.556,812.24,978.78,1167.232,1131.328,1173.92,932.492,746.416,599.764,537.548,412.588,180.488,78.408,4.84,0,0,0,0,0,0,0,0,0,0,0,0,0,0,0
15-01,0,0,0,0,0,0,0,0,0,0,0,0,0,0,0,0,13.2,173.096,381.172,531.828,760.716,936.496,1049.796,1108.184,1205.468,1200.276,1104.708,980.584,840.532,634.832,330.22,113.872,10.78,0,0,0,0,0,0,0,0,0,0,0,0,0,0,0
16-01,0,0,0,0,0,0,0,0,0,0,0,0,0,0,0,0,10.692,124.036,416.856,627.44,718.916,826.364,917.752,919.6,939.884,1009.712,1033.604,855.888,713.108,541.244,270.952,107.36,7.92,0,0,0,0,0,0,0,0,0,0,0,0,0,0,0
17-01,0,0,0,0,0,0,0,0,0,0,0,0,0,0,0,0,11.572,140.8,329.12,517.836,790.46,1135.2,1184.172,1256.86,1533.928,1342.308,1157.684,998.448,848.1,589.292,360.14,135.168,12.672,0,0,0,0,0,0,0,0,0,0,0,0,0,0,0
18-01,0,0,0,0,0,0,0,0,0,0,0,0,0,0,0,0.088,13.2,130.064,230.12,407.616,693.836,922.856,1081.168,1276,1307.46,1354.276,1229.404,1079.76,874.5,596.2,308.088,136.18,16.06,0.264,0,0,0,0,0,0,0,0,0,0,0,0,0,0
19-01,0,0,0,0,0,0,0,0,0,0,0,0,0,0,0,0.088,12.716,101.64,184.976,336.688,518.98,620.532,682.572,732.336,777.876,827.816,709.456,628.848,525.492,457.116,301.224,120.648,12.496,0.088,0,0,0,0,0,0,0,0,0,0,0,0,0,0
20-01,0,0,0,0,0,0,0,0,0,0,0,0,0,0,0,0,10.384,133.056,300.344,424.864,601.392,719.092,786.06,829.444,950.488,970.068,955.856,884.62,786.28,561.748,344.564,185.328,25.784,0.352,0,0,0,0,0,0,0,0,0,0,0,0,0,0
21-01,0,0,0,0,0,0,0,0,0,0,0,0,0,0,0,0,14.916,143.88,290.18,441.408,566.016,711.172,840.532,923.78,972.708,930.732,882.992,892.408,765.688,531.256,353.012,153.692,16.236,0.22,0,0,0,0,0,0,0,0,0,0,0,0,0,0
22-01,0,0,0,0,0,0,0,0,0,0,0,0,0,0,0,0.396,28.336,184.932,306.108,409.728,589.82,582.56,728.332,802.34,767.712,848.012,836.484,614.328,509.696,507.54,302.764,112.816,21.78,0.132,0,0,0,0,0,0,0,0,0,0,0,0,0,0
23-01,0,0,0,0,0,0,0,0,0,0,0,0,0,0,0,0,40.48,146.212,279.444,437.448,643.28,780.956,813.252,927.916,835.516,848.936,792.088,725.604,758.736,843.964,366.564,174.416,25.08,0.484,0,0,0,0,0,0,0,0,0,0,0,0,0,0
24-01,0,0,0,0,0,0,0,0,0,0,0,0,0,0,0,0,17.116,108.9,209.616,330.704,450.472,603.9,901.56,951.368,1120.02,1045.792,760.408,862.532,707.344,604.956,275.44,176.308,36.124,0.704,0,0,0,0,0,0,0,0,0,0,0,0,0,0
25-01,0,0,0,0,0,0,0,0,0,0,0,0,0,0,0,0.132,55.748,271.7,541.2,810.612,1037.212,1313.092,1349.876,1353.572,1424.896,1375.704,1256.508,1081.212,896.676,675.4,388.652,173.228,44.836,1.276,0,0,0,0,0,0,0,0,0,0,0,0,0,0
26-01,0,0,0,0,0,0,0,0,0,0,0,0,0,0,0,0,17.072,108.548,316.228,510.532,682.088,692.736,525.668,533.28,605.836,463.452,626.252,469.744,427.196,280.324,190.388,76.56,15.664,0.572,0,0,0,0,0,0,0,0,0,0,0,0,0,0
27-01,0,0,0,0,0,0,0,0,0,0,0,0,0,0,0,0,49.588,287.408,489.28,784.608,834.9,883.124,1098.196,1265.132,1294.7,1203.136,1177.088,1009.14,909.92,596.2,397.892,189.2,40.964,1.364,0,0,0,0,0,0,0,0,0,0,0,0,0,0
28-01,0,0,0,0,0,0,0,0,0,0,0,0,0,0,0,0.088,37.048,164.208,297.616,490.292,698.324,835.692,899.976,948.596,1004.652,897.644,629.112,525.096,417.384,296.384,273.812,120.164,47.344,1.144,0,0,0,0,0,0,0,0,0,0,0,0,0,0
29-01,0,0,0,0,0,0,0,0,0,0,0,0,0,0,0,0.176,42.636,196.416,584.804,766.832,997.04,1178.716,1384.592,1446.632,1440.956,1467.092,1236.444,1102.376,816.288,566.412,389.752,183.216,43.076,2.684,0,0,0,0,0,0,0,0,0,0,0,0,0,0
30-01,0,0,0,0,0,0,0,0,0,0,0,0,0,0,0,0.66,99.836,351.604,628.628,855.8,1105.852,1301.124,1539.12,1629.1,1602.172,1535.248,1496.616,1347.104,1093.092,913.352,532.444,260.26,93.588,5.412,0,0,0,0,0,0,0,0,0,0,0,0,0,0
31-01,0,0,0,0,0,0,0,0,0,0,0,0,0,0,0,1.672,59.224,193.6,330.264,506.528,734.404,812.9,819.852,931.436,1099.472,922.9,842.82,622.116,551.496,394.284,295.196,172.832,42.152,3.52,0,0,0,0,0,0,0,0,0,0,0,0,0,0
01-02,0,0,0,0,0,0,0,0,0,0,0,0,0,0,0,1.672,62.172,220.836,393.272,681.824,933.988,1046.496,1033.076,1010.46,1157.992,1240.492,1000.692,884.444,666.248,429.528,304.172,161.656,74.58,8.184,0.176,0,0,0,0,0,0,0,0,0,0,0,0,0
02-02,0,0.088,0,0,0,0,0,0,0,0,0,0,0,0,0,1.144,73.612,191.3462222,534.9471111,713.152,896.588,981.552,1243.704,1080.244,1274.812,1338.304,1454.42,1218.58,887.92,582.384,424.248,301.4,158.664,32.12,1.54,0,0,0,0,0,0,0,0,0,0,0,0,0
03-02,0,0,0,0,0,0,0,0,0,0,0,0,0,0,0,10.516,170.368,463.848,800.888,916.3,1091.42,1125.784,1287.264,1638.56,1690.172,1615.944,1390.356,1118.788,868.56,602.492,571.516,335.236,117.26,12.408,0,0,0,0,0,0,0,0,0,0,0,0,0,0
04-02,0,0,0,0,0,0,0,0,0,0,0,0,0,0,0,5.588,136.004,445.544,784.52,1001.176,998.844,1123.892,1336.808,1245.552,1217.524,1204.94,962.324,1012.88,860.86,768.02,506.616,292.864,109.428,16.588,0.088,0,0,0,0,0,0,0,0,0,0,0,0,0
05-02,0,0,0,0,0,0,0,0,0,0,0,0,0,0,0,17.688,210.76,470.668,702.416,834.504,1191.96,1444.696,1414.116,1426.524,1254.22,1107.216,884.708,726.748,803.748,673.948,460.592,302.412,138.732,18.964,0.264,0,0,0,0,0,0,0,0,0,0,0,0,0
06-02,0,0,0,0,0,0,0,0,0,0,0,0,0,0,0,15.84,213.048,483.428,769.604,1019.172,1281.456,1385.164,1660.912,1737.912,1633.28,1524.336,1365.936,1158.3,1070.212,859.32,467.412,277.332,146.168,23.804,0.484,0,0,0,0,0,0,0,0,0,0,0,0,0
07-02,0,0,0,0,0,0,0,0,0,0,0,0,0,0,0,9.064,102.872,267.08,503.36,682.968,817.388,1051.732,1234.948,1396.736,1361.668,1240.756,1077.34,980.188,976.58,735.68,504.548,353.276,128.788,26.532,0.176,0,0,0,0,0,0,0,0,0,0,0,0,0
08-02,0,0,0,0,0,0,0,0,0,0,0,0,0,0,0,7.788,60.192,152.548,253.924,329.604,425.876,573.628,735.768,843.304,853.16,778.272,809.908,746.284,603.768,420.816,314.336,200.42,82.896,16.148,0.176,0,0,0,0,0,0,0,0,0,0,0,0,0
09-02,0,0,0,0,0,0,0,0,0,0,0,0,0,0,0,7.656,92.488,234.784,333.432,473.924,640.904,749.892,902.528,876.172,1037.388,1015.256,959.244,829.532,755.612,614.636,562.848,299.86,112.244,24.332,0.396,0,0,0,0,0,0,0,0,0,0,0,0,0
10-02,0,0,0,0,0,0,0,0,0,0,0,0,0,0,0,10.472,76.868,239.008,391.292,588.104,664.576,807.048,901.648,1032.24,994.972,939.62,793.188,692.868,730.664,664.532,556.732,350.856,129.844,37.092,1.1,0,0,0,0,0,0,0,0,0,0,0,0,0
11-02,0,0,0,0,0,0,0,0,0,0,0,0,0,0,0,29.348,137.72,299.2,402.864,592.812,845.064,1014.816,1171.896,1183.952,1279.256,1197.196,1066.956,887.524,713.68,650.936,519.596,346.808,153.736,43.56,1.32,0,0,0,0,0,0,0,0,0,0,0,0,0
12-02,0,0,0,0,0,0,0,0,0,0,0,0,0,0,0.044,19.756,102.608,237.6,465.784,661.32,771.144,1062.688,1012.66,1116.72,1051.908,880.924,722.964,674.696,546.876,437.14,522.72,389.4,188.98,42.548,2.156,0,0,0,0,0,0,0,0,0,0,0,0,0
13-02,0,0,0,0,0,0,0,0,0,0,0,0,0,0,0.66,15.356,104.016,226.732,351.34,518.012,634.92,704.088,726.484,898.788,1063.48,1012.748,979.088,898.128,785.62,659.34,567.82,364.452,172.04,53.68,3.036,0,0,0,0,0,0,0,0,0,0,0,0,0
14-02,0,0,0,0,0,0,0,0,0,0,0,0,0,0,0.66,49.852,220.352,435.952,658.724,870.364,1052.832,1326.424,1278.464,1313.972,1391.5,1199.176,1236.796,1097.712,1136.124,1119.536,856.416,512.248,227.216,63.272,4.488,0,0,0,0,0,0,0,0,0,0,0,0,0
15-02,0,0,0,0,0,0,0,0,0,0,0,0,0,0,0.176,36.564,163.46,364.364,544.016,759.616,850.608,991.496,974.204,1165.648,1271.644,1127.06,1044.34,965.712,847.396,717.376,536.8,328.196,187.088,69.916,4.312,0,0,0,0,0,0,0,0,0,0,0,0,0
16-02,0,0,0,0,0,0,0,0,0,0,0,0,0,0,1.161111111,43.02222222,180.7422222,446.5694444,635.0177778,747.1138889,974.2516667,1231.975556,1220.572222,1283.901667,1296.362222,950.4672222,777.8344444,791.1811111,631.8216667,560.285,447.5288889,357.8177778,191.2594444,64.54555556,4.381666667,0,0,0,0,0,0,0,0,0,0,0,0,0
17-02,0,0,0,0,0,0,0,0,0,0,0,0,0,0,1.750222222,68.10222222,202.2142222,470.272,824.6871111,845.4208889,973.0551111,1118.093778,1240.281778,1071.629778,988.5088889,1097.560444,1327.357778,1056.488889,907.7053333,774.1311111,610.544,423.9742222,205.7733333,76.50133333,5.431555556,0,0,0,0,0,0,0,0,0,0,0,0,0
18-02,0,0,0,0,0,0,0,0,0,0,0,0,0,0,1.804,123.068,417.428,812.592,1113.992,1215.324,1626.636,1538.24,1649.428,1791.592,2032.052,1820.676,1876.864,1714.68,1399.156,1206.788,876.568,627.044,332.816,130.328,11.748,0,0,0,0,0,0,0,0,0,0,0,0,0
19-02,0,0,0,0,0,0,0,0,0,0,0,0,0,0,6.688,103.136,291.368,470.316,682.748,919.16,1041.128,1086.58,958.628,865.7,932.624,809.644,760.276,616.308,523.16,603.636,362.296,270.996,131.34,51.172,8.448,0.132,0,0,0,0,0,0,0,0,0,0,0,0
20-02,0,0,0,0,0,0,0,0,0,0,0,0,0,0,2.024,61.204,184.448,345.136,469.7,692.252,859.364,1089.528,1249.908,1111.044,1032.152,1058.464,990.748,1198.824,853.82,794.2,668.624,424.644,255.86,99.528,15.928,0,0,0,0,0,0,0,0,0,0,0,0,0
21-02,0,0,0,0,0,0,0,0,0,0,0,0,0,0,3.96,50.336,140.668,296.428,503.668,704.968,819.28,845.592,982.696,1053.14,1017.676,1003.42,976.668,1084.16,933.636,815.584,657.316,440.22,309.364,173.844,22.528,0,0,0,0,0,0,0,0,0,0,0,0,0
22-02,0,0,0,0,0,0,0,0,0,0,0,0,0,0,11.48888889,115.7688889,304.5777778,626.8533333,955.8266667,1083.328889,1225.937778,1418.56,1708.568889,1929.937778,2006.84,2011.582222,2045.413333,1798.035556,1506.902222,1531.493333,1346.008889,1045.977778,532.6444444,208.3155556,31.19111111,0.391111111,0,0,0,0,0,0,0,0,0,0,0,0
23-02,0,0,0,0,0,0,0,0,0,0,0,0,0,0,15.4,110.528,275.132,512.908,726.396,824.12,1183.82,1359.6,1609.388,1542.068,1659.548,1755.468,1596.936,1291.136,974.028,997.744,823.856,616.616,375.452,168.696,30.8,0.176,0,0,0,0,0,0,0,0,0,0,0,0
24-02,0,0,0,0,0,0,0,0,0,0,0,0,0,0.088,25.32933333,156.5031111,476.5102222,704.6551111,1143.384,1566.096889,1846.264444,1623.854222,1873.696,1756.123111,2378.380889,2019.536444,2033.948889,1699.568444,1858.124889,1709.605333,1417.308444,920.0204444,587.928,267.1777778,57.62533333,1.232,0,0,0,0,0,0,0,0,0,0,0,0
25-02,0,0,0,0,0,0,0,0,0,0,0,0,0,0.176,31.24,227.92,768.372,912.868,1464.144,1603.052,1674.992,1986.248,2249.412,2129.424,2515.568,1875.324,1720.708,2146.144,1558.612,1643.4,1353.616,687.72,477.796,276.056,57.948,1.76,0,0,0,0,0,0,0,0,0,0,0,0
26-02,0,0,0,0,0,0,0,0,0,0,0,0,0,0.088,42.988,169.488,360.668,618.288,892.716,1291.004,1439.372,1587.344,1650.264,1633.104,1791.328,1961.256,2101.792,1363.208,1210.88,1439.064,1361.624,758.252,632.676,269.676,70.048,3.124,0,0,0,0,0,0,0,0,0,0,0,0
27-02,0,0,0,0,0,0,0,0,0,0,0,0,0,0.132,44.748,223.432,741.048,1072.588,1351.064,1592.272,1841.268,2128.236,2269.52,2278.584,2492.028,2423.828,2297.988,2381.544,2035.616,1858.56,1349.348,849.376,710.6,349.36,98.12,2.992,0,0,0,0,0,0,0,0,0,0,0,0
28-02,0,0,0,0,0,0,0,0,0,0,0,0,0,0.176,45.98,186.164,583,894.036,1183.688,1404.304,1650.308,1978.592,2047.056,2140.644,2171.224,1975.512,1755.644,1231.648,1126.004,1191.872,956.736,638.264,320.012,163.988,48.84,1.672,0,0,0,0,0,0,0,0,0,0,0,0
01-03,0,0,0,0,0,0,0,0,0,0,0,0,0,1.848,83.028,254.408,634.128,835.164,1032.24,1328.316,1515.184,1696.728,1956.152,1970.628,1992.584,1952.456,1817.024,1806.728,1508.76,1441.176,1166.132,855.756,625.24,279.4,91.52,3.872,0,0,0,0,0,0,0,0,0,0,0,0
02-03,0,0.088,0,0,0,0,0,0,0,0,0,0,0,1.452,72.16,212.08,664.092,898.5631111,1245.410222,1467.224,1679.568,1738.748,1905.42,2000.416,2144.428,2047.892,2060.74,1573.088,1611.456,1273.888,1294.48,751.388,483.252,268.312,71.368,4.268,0,0,0,0,0,0,0,0,0,0,0,0
03-03,0,0,0,0,0,0,0,0,0,0,0,0,0,11.132,120.472,346.148,657.624,837.98,990.308,1170.092,1361.14,1457.632,1462.78,1408.22,1326.908,1184.084,1138.324,1482.492,1372.096,1186.064,946.22,686.4,530.244,233.992,79.068,3.696,0,0,0,0,0,0,0,0,0,0,0,0
04-03,0,0,0,0,0,0,0,0,0,0,0,0,0,6.116,84.216,231.22,669.9,1027.18,1433.608,1726.824,1782.396,1867.14,2067.824,2249.192,1967.372,1886.808,1772.804,1767.48,1737.692,1228.304,951.412,949.872,642.928,208.56,105.644,7.964,0,0,0,0,0,0,0,0,0,0,0,0
05-03,0,0,0,0,0,0,0,0,0,0,0,0,0,6.116,104.544,239.228,431.816,661.848,920.436,1225.752,1416.228,1669.712,1995.576,2353.032,2418.152,2405.876,2212.056,2122.472,2070.552,1615.636,1271.556,1085.656,799.964,372.152,142.604,16.148,0,0,0,0,0,0,0,0,0,0,0,0
06-03,0,0,0,0,0,0,0,0,0,0,0,0,0,12.13422222,142.1102222,389.4782222,814.6453333,1118.431111,1506.188444,1726.618667,1953.521778,2268.552,2439.164444,2456.471111,2359.778667,2500.109333,2396.171556,1980.039111,1457.485333,1838.134222,1564.503111,952.9226667,514.3111111,379.2506667,160.0231111,15.60533333,0,0,0,0,0,0,0,0,0,0,0,0
07-03,0,0,0,0,0,0,0,0,0,0,0,0,0,11,115.192,320.76,590.128,899.272,1169.168,1426.48,1805.98,2175.008,2350.04,2233.176,2414.764,2008.336,1563.012,1747.416,1446.588,1275.912,1125.212,827.772,601.964,442.068,212.696,33.792,0,0,0,0,0,0,0,0,0,0,0,0
08-03,0,0,0,0,0,0,0,0,0,0,0,0,0,24.156,159.28,383.152,711.92,1185.668,1442.276,1631.828,1755.512,1986.952,2037.068,2103.772,2147.816,2206.424,2508.044,2234.892,2033.064,1760.308,1378.256,970.816,702.944,366.828,170.544,22.704,0,0,0,0,0,0,0,0,0,0,0,0
09-03,0,0,0,0,0,0,0,0,0,0,0,0,0,22.484,172.084,424.204,833.228,1211.144,1683.924,1988.448,2050.092,2467.124,2625.304,2541.704,2342.296,1966.14,1910.656,1505.504,1352.208,1346.62,1303.192,892.232,541.332,268.004,132.484,17.556,0,0,0,0,0,0,0,0,0,0,0,0
10-03,0,0,0,0,0,0,0,0,0,0,0,0,0,18.48,124.124,305.316,393.668,623.7,1036.86,1211.012,1306.184,1326.996,1113.288,1258.532,1115.796,1270.808,1662.98,1507.22,1144.616,858.792,745.184,570.9,295.856,159.764,89.892,12.452,0.132,0,0,0,0,0,0,0,0,0,0,0
11-03,0,0,0,0,0,0,0,0,0,0,0,0,0,29.568,256.344,423.588,621.324,1155.484,1593.152,1811.964,1705.044,1692.592,1903.924,1800.392,1819.532,1738.924,1547.568,1346.048,1519.628,1026.3,770.352,691.02,367.576,283.272,117.128,19.492,0.088,0,0,0,0,0,0,0,0,0,0,0
12-03,0,0,0,0,0,0,0,0,0,0,0,0,0.097777778,38.456,171.5902222,387.7866667,592.4355556,904.8062222,1140.734222,1318.406222,1532.549333,1824.582222,1870.303111,1861.522667,1850.112,1971.464,1947.205333,2041.111111,2122.902222,1464.085333,1343.740444,1338.744,851.7813333,332.5128889,172.5777778,31.43555556,0.723555556,0,0,0,0,0,0,0,0,0,0,0
13-03,0,0,0,0,0,0,0,0,0,0,0,0,0.264,49.31911111,211.3075556,360.8,677.4631111,1031.760889,1221.723556,1301.647111,1569.392,1529.616,1843.717333,2124.535111,1799.306667,1774.187556,1861.092444,1215.690667,1515.056889,1833.108444,939.7324444,734.4088889,737.4888889,516.4133333,262.7875556,60.632,0.899555556,0,0,0,0,0,0,0,0,0,0,0
14-03,0,0,0,0,0,0,0,0,0,0,0,0,0.840888889,68.03377778,291.6906667,606.8577778,1170.409778,1363.442667,1518.977778,1773.737778,2112.127111,2103.688889,1977.223111,2303.693333,2297.122667,2237.566222,2339.382222,1933.017778,2100.423111,2103.796444,1276.332444,1015.383111,761.2684444,543.7911111,256.6568889,65.77511111,1.476444444,0,0,0,0,0,0,0,0,0,0,0
15-03,0,0,0,0,0,0,0,0,0,0,0,0,2.415111111,85.57511111,254.8284444,445.8177778,1191.608,1556.172444,1883.483556,2029.162667,2039.214222,2177.833778,1768.536,2024.361778,2009.235556,1936.733333,1544.859556,1671.139556,1459.079111,1284.056889,1151.939556,1087.386667,656.832,452.9848889,217.1351111,52.26222222,1.867555556,0,0,0,0,0,0,0,0,0,0,0
16-03,0,0,0,0,0,0,0,0,0,0,0,0,6.375111111,81.00888889,252.4231111,555.7884444,808.016,1015.637333,1334.148444,1644.749333,1792.168889,2015.151111,1907.605333,2183.759111,1962.879111,1701.147556,1849.730667,1371.558222,1303.905778,1030.959111,854.4897778,707.2951111,424.4826667,342.1831111,146.7644444,37.00888889,1.623111111,0,0,0,0,0,0,0,0,0,0,0
17-03,0,0,0,0,0,0,0,0,0,0,0,0,3.089777778,77.16622222,230.2568889,398.7573333,634.5582222,798.3653333,1063.646222,1210.762667,1198.863111,1377.816,1606.733333,1778.030222,1902.237333,2062.827556,2111.071111,1856.878222,1613.656,1485.498667,1228.284444,1076.230222,881.0071111,476.5884444,330.8115556,82.66133333,4.282666667,0,0,0,0,0,0,0,0,0,0,0
18-03,0,0,0,0,0,0,0,0,0,0,0,0,9.347555556,108.8951111,310.4053333,680.6897778,1153.768,1440.843556,1753.126222,2042.352889,2263.946667,2402.722667,2460.577778,2583.660444,2592.597333,2619.202667,2508.039111,2271.064889,1956.200889,1726.247111,1449.741333,1136.265778,895.664,602.9466667,245.7448889,91.40266667,7.167111111,0,0,0,0,0,0,0,0,0,0,0
19-03,0,0,0,0,0,0,0,0,0,0,0,0,17.6,122.2222222,312.6444444,711.7733333,1171.133333,1551.831111,1890.484444,2127.791111,2374.484444,2414.28,2549.36,2667.768889,2833.942222,2770.875556,2714.311111,2617.217778,2262.626667,1731.546667,1339.8,1265.977778,948.4444444,785.9377778,380.7466667,149.3066667,17.35555556,0,0,0,0,0,0,0,0,0,0,0
20-03,0,0,0,0,0,0,0,0,0,0,0,0,13.464,118.1057778,302.7982222,725.6675556,1143.041778,1530.065778,1821.903111,2087.144889,2321.342222,2616.699556,2695.645333,2598.845333,2712.120889,2608.818667,2521.160889,2584.256889,2483.330667,1967.455111,1919.808,1468.182222,885.3093333,666.7173333,369.6097778,118.0275556,13.35644444,0,0,0,0,0,0,0,0,0,0,0
21-03,0,0,0,0,0,0,0,0,0,0,0,0,26.664,193.908,466.972,618.2,980.936,1281.72,1668.304,2033.988,2065.844,2280.124,2366.936,2316.116,2580.16,2483.316,2142.184,1746.228,1422.608,1424.412,1299.936,1158.036,774.224,475.992,264.308,96.888,9.504,0,0,0,0,0,0,0,0,0,0,0
22-03,0,0,0,0,0,0,0,0,0,0,0,0,12.59377778,95.75377778,267.8231111,521.664,838.112,1078.44,1210.205333,1556.514667,1695.32,2012.970667,2103.473778,2203.304889,2161.475556,2030.932444,1987.636444,1752.656889,1387.232,1324.869333,1197.386667,869.9288889,651.7475556,442.9528889,241.1591111,81.40977778,11.13688889,0,0,0,0,0,0,0,0,0,0,0
23-03,0,0,0,0,0,0,0,0,0,0,0,0,22.924,131.076,303.732,489.06,699.996,927.74,1257.168,1356.96,1506.296,1788.996,1893.012,1908.588,2051.632,2065.052,2171.84,1879.064,1539.032,1402.764,1129.26,936.188,662.42,475.552,278.74,96.976,10.868,0,0,0,0,0,0,0,0,0,0,0
24-03,0,0,0,0,0,0,0,0,0,0,0,0.088,39.248,187.924,390.764,735.592,1140.48,1507.572,1942.336,2453.792,2577.388,2872.848,3216.664,3102.924,3301.276,2718.672,2506.768,2391.928,2358.84,2495.372,2172.412,1829.124,1328.272,964.744,446.732,176.748,30.536,0,0,0,0,0,0,0,0,0,0,0
25-03,0,0,0,0,0,0,0,0,0,0,0,0.537777778,52.50666667,219.56,539.3422222,1010.582222,1290.324444,1766.893333,2429.044444,2703.848889,2699.057778,2837.413333,3116.08,3168.782222,2881.266667,2684.244444,2558.844444,2264.484444,2531.368889,2082.617778,2212.515556,1565.471111,1418.071111,1078.391111,528.2444444,250.36,47.56888889,0.195555556,0,0,0,0,0,0,0,0,0,0
26-03,0,0,0,0,0,0,0,0,0,0,0,1.173333333,76.26666667,251.68,542.08,1097.555556,1499.813333,1879.582222,2093.666667,2311.564444,2289.417778,2840.542222,3066.408889,2963.986667,3115.982222,3104.2,3176.017778,2713.137778,2647.724444,2241.604444,2017.497778,1694.635556,1341.217778,1014.151111,453.0044444,199.5644444,46.64,6.942222222,0.831111111,0,0,0,0,0,0,0,0,0
27-03,0,0,0,0,0,0,0,0,0,0,0,0.308,46.464,148.544,324.544,915.376,1361.404,1695.98,2035.704,2310.924,2610.212,2718.364,2983.992,3039.476,3117.532,3111.284,2833.072,2856.568,2692.404,2095.72,2009.348,1817.244,1312.74,960.96,592.416,303.336,98.912,31.856,7.128,0.088,0,0,0,0,0,0,0,0
28-03,0,0,0,0,0,0,0,0,0,0,0,0.371555556,44.30311111,104.7248889,292.1844444,665.9937778,816.684,1242.863111,1732.944889,2063.375111,2100.56,2318.179111,2220.152,2754.434222,2511.769333,3104.478667,2974.390222,2888.150222,2438.108444,2195.116,1979.335111,1719.916,1366.86,867.9146667,524.8564444,252.0662222,106.2257778,37.67377778,6.634222222,0.141777778,0,0,0,0,0,0,0,0
29-03,0,0,0,0,0,0,0,0,0,0,0,7.128,105.468,368.896,638.44,848.012,1157.904,1745.348,2165.284,2466.816,2235.068,2222.748,2508.264,2912.052,2830.432,2826.076,2519.704,2240.26,2329.976,1623.248,1344.464,1350.8,821.436,764.06,548.988,232.276,63.712,15.444,3.916,0,0,0,0,0,0,0,0,0
30-03,0,0,0,0,0,0,0,0,0,0,0,8.14,146.212,311.96,674.52,1174.712,1427.008,1370.072,1781.164,2439.36,2796.64,3047.22,3126.992,3180.98,3152.908,3102.792,3146.264,2832.632,2640,2426.512,2242.152,1827.716,1451.516,1169.784,730.664,396.308,138.072,33.704,8.8,0.176,0,0,0,0,0,0,0,0
31-03,0,0,0,0,0,0,0,0,0,0,0,9.279111111,91.20711111,209.0977778,690.8684444,1091.434667,1440.452444,1501.612444,1695.955556,1843.639111,1901.416,2265.814222,2315.426667,2220.474667,2417.496889,2664.151111,2747.760889,2690.805333,1914.410667,1655.827556,1428.220444,1215.729778,1022.745778,811.0862222,574.8746667,239.1155556,95.70488889,26.664,10.81422222,0.410666667,0,0,0,0,0,0,0,0
01-04,0,0,0,0,0,0,0,0,0,0,0,9.142222222,74.07644444,186.3057778,580.1644444,864.6097778,1084.785778,1270.837333,1843.805333,2082.999111,2391.732444,2594.230222,2640.088,2748.826667,2824.956444,2718.173333,2756.805333,2537.695111,2354.635556,2108.137778,1874.048,1763.226667,1380.964444,979.1955556,580.8,305.1937778,121.7333333,22.76266667,4.722666667,0.088,0,0,0,0,0,0,0,0
02-04,0,0.097777778,0,0,0,0,0,0,0,0,0,14.80355556,108.8853333,257.0871111,610.8568889,939.1262222,1242.706667,1633.377778,2011.777778,2353.237333,2530.322667,2653.288,2767.375111,2899.424,2931.201778,2989.653333,3157.645333,2877.179556,2680.92,2449.049778,2280.461333,2008.365333,1553.415111,1155.948444,820.6684444,379.7395556,223.5395556,97.66044444,31.02488889,1.241777778,0,0,0,0,0,0,0,0
03-04,0,0,0,0,0,0,0,0,0,0,0.152777778,19.59222222,118.1705556,323.1861111,675.4122222,1040.606111,1475.191667,1927.083889,2373.170556,2609.505556,2594.79,2936.346111,3200.431667,3398.333889,3390.236667,3354.150556,3475.132222,3308.732778,3245.079444,2910.648889,2721.057778,2041.483889,1574.784444,1094.377778,954.0238889,545.8261111,243.4911111,93.20666667,26.46722222,1.197777778,0,0,0,0,0,0,0,0
04-04,0,0,0,0,0,0,0,0,0,0,0,27.15288889,157.0408889,336.1013333,727.9848889,1073.854222,1314.778667,1674.229333,1908.837333,2212.144,2318.144889,2783.264,2892.794667,2881.256889,2786.754667,2877.981333,2609.180444,2517.220444,2467.040889,2338.267556,2108.538667,2008.140444,1652.092444,1213.793778,784.784,417.1297778,242.5377778,109.0515556,30.30133333,1.104888889,0,0,0,0,0,0,0,0
05-04,0,0,0,0,0,0,0,0,0,0,0,21.05155556,112.2391111,280.3484444,488.048,800.7413333,1329.054222,1651.896889,2353.951111,2767.648889,3113.606222,3189.403556,3178.217778,3060.688889,3274.020444,3253.477333,3261.592889,3031.981333,2829.170667,2510.952889,2394.802667,2017.673778,1700.639111,1443.757333,926.7671111,488.5271111,299.3857778,105.7271111,36.24622222,4.84,0,0,0,0,0,0,0,0
06-04,0,0,0,0,0,0,0,0,0,0,0,33.561,171.787,415.877,885.863,1327.821,1844.689,2202.376,2543.09,2737.57,3117.356,3377.418,3377.528,3347.047,3519.406,3574.989,3723.709,3781.712,3420.252,3237.575,2639.571,2300.562,1871.177,1447.864,975.997,478.28,261.03,107.162,36.036,3.575,0,0,0,0,0,0,0,0
07-04,0,0,0,0,0,0,0,0,0,0,1.012,51.524,182.38,365.244,915.728,1233.98,1606.308,1992.144,2289.144,2607.792,2880.768,3039.74,3283.984,3335.508,3330.888,3462.756,3554.584,3517.932,3174.248,2862.552,2231.108,1857.856,1615.68,1371.568,899.272,443.256,233.508,95.26,43.868,3.696,0,0,0,0,0,0,0,0
08-04,0,0,0,0,0,0,0,0,0,0,0.44,43.912,163.108,429.264,932.58,1300.244,1697.124,2023.736,2536.248,2846.668,3097.82,3134.208,3256.836,3308.052,3357.816,3346.2,3312.32,3250.588,2956.272,2544.476,2302.872,1987.7,1717.804,1248.94,845.768,423.148,219.824,77.044,18.304,2.332,0,0,0,0,0,0,0,0
09-04,0,0,0,0,0,0,0,0,0,0,1.188,42.46,118.756,278.388,523.116,785.884,1140.304,1380.896,1811.612,2277.968,2914.34,2990.9,3316.852,3255.868,3696.044,3417.964,2940.564,2282.368,1960.156,1549.416,1292.94,1032.196,942.612,796.004,590.92,336.996,168.168,64.724,17.292,4.576,0.088,0,0,0,0,0,0,0
10-04,0,0,0,0,0,0,0,0,0,0,3.441777778,68.64,214.8471111,524.4408889,983.1555556,1367.011556,1787.270222,2141.245333,2394.734222,2684.713778,2857.966222,3090.980444,3374.819556,3320.298667,3242.770667,3343.745778,3084.957333,3167.188444,2698.265778,2472.301333,2152.646222,1820.553778,1541.750222,1189.955556,835.5795556,387.3564444,208.8631111,64.95377778,38.70044444,4.859555556,0.088,0,0,0,0,0,0,0
11-04,0,0,0,0,0,0,0,0,0,0,3.774222222,77.84088889,213.6248889,492.8097778,982.7253333,1424.632,1823.604444,2203.119111,2539.376889,3018.908444,3135.352,3253.281778,3388.850667,3563.159111,3676.160889,3651.159111,3567.705778,3228.710222,3023.298667,2813.164444,2488.649778,1986.727111,1579.003556,1246.510222,822.5848889,362.1102222,188.5546667,47.94044444,24.85511111,3.344,0.088,0,0,0,0,0,0,0
12-04,0,0,0,0,0,0,0,0,0,0,7.949333333,69.76444444,197.1884444,529.8675556,933.4746667,1241.728889,1612.072,1846.181333,2311.672,2569.365333,2633.282667,2678.544,2437.120889,2735.802667,2755.788444,2685.241778,2658.411556,2064.313778,2279.366222,1778.098667,1852.957333,1497.740444,1222.329778,1107.079111,684.2,458.1475556,267.608,108.3866667,43.59911111,9.562666667,0.088,0,0,0,0,0,0,0
13-04,0,0,0,0,0,0,0,0,0,0,7.861333333,85.54577778,207.6995556,550.7528889,780.1591111,986.9982222,1361.232889,1555.908444,1908.583111,2444.209778,2733.172444,2522.881778,2790.225778,2497.752889,2774.258667,2413.096889,2398.948444,2190.271111,2312.190222,2022.015111,1636.653333,1518.136889,1346.693333,1096.880889,900.9928889,577.808,388.6275556,180.6248889,61.66844444,11.704,0.361777778,0,0,0,0,0,0,0
14-04,0,0,0,0,0,0,0,0,0,0,15.03822222,103.6835556,246.2533333,686.6737778,1094.856889,1405.457778,1874.527111,2292.439111,2254.804444,2501.879111,2872.212444,2645.133333,2589.761778,2671.660444,2344.153778,2390.832889,2104.158222,2528.152,2146.906667,1862.979556,1502.111111,1369.837333,1113.571556,996.6684444,725.7066667,485.7111111,290.4977778,103.2924444,30.91733333,7.343111111,0.176,0,0,0,0,0,0,0
15-04,0,0,0,0,0,0,0,0,0,0,11.88977778,83.97155556,235.4684444,475.3955556,671.5084444,938.1191111,1278.082667,1674.004444,1857.846222,2305.130667,3140.837333,3460.531556,3102.664889,3024.853333,2645.201778,2523.507556,2364.608889,2362.311111,2075.010667,1765.368,1280.184889,1147.539556,1118.861333,819.2995556,632.9742222,483.1591111,319.1466667,146.1777778,41.54577778,11.45955556,0.488888889,0,0,0,0,0,0,0
16-04,0,0,0,0,0,0,0,0,0,0,18.91022222,96.31111111,194.0888889,413.0328889,687.7982222,998.0275556,1288.261333,1487.434667,1607.945778,1683.576889,1853.309333,1883.874667,2046.782222,2324.549333,2257.190222,2147.190222,2187.914667,2169.102222,2218.225778,2214.529778,2161.915556,1881.801778,1350.790222,918.2408889,686.8106667,485.5155556,368.104,172.8808889,58.82311111,14.66666667,0.312888889,0,0,0,0,0,0,0
17-04,0,0,0,0,0,0,0,0,0,0,20.14222222,122.6035556,264.3226667,771.4471111,1162.861333,1510.314667,1928.52,2401.735111,2930.908444,3233.960889,3416.658667,3630.459556,3638.399111,3851.662222,3980.719111,3674.312889,3641.205333,3492.671111,3020.912889,2587.307556,2054.770667,1907.204444,1577.478222,1267.258667,863.2017778,683.3493333,326.0497778,126.9546667,60.05511111,17.97155556,0.909333333,0,0,0,0,0,0,0
18-04,0,0,0,0,0,0,0,0,0,0.088,30.316,172.392,289.124,452.1,713.02,969.408,1114.828,1539.648,1889.272,1986.864,2403.368,2909.28,3035.736,2489.124,2379.696,2238.588,2073.94,1949.64,1925.088,1751.42,1547.7,1284.096,1027.752,808.852,673.508,422.796,271.26,130.856,50.116,12.672,0.616,0,0,0,0,0,0,0
19-04,0,0,0,0,0,0,0,0,0,0.283555556,31.88533333,142.9315556,293.4897778,565.8302222,884.3022222,1188.635556,1530.808889,1994.696,2332.606222,2314.048,2855.6,3290.584,3114.799111,2911.157333,3291.2,3301.427556,2900.812444,2983.219556,2715.68,2462.513778,2235.268444,2059.855111,1757.36,1291.673778,953.5484444,662.1022222,409.2391111,218.4746667,97.56266667,31.57244444,2.239111111,0,0,0,0,0,0,0
20-04,0,0,0,0,0,0,0,0,0,0.66,41.36,166.76,342.32,625.24,934.648,1246.872,1763.74,2270.488,2729.804,2994.024,3363.58,3344.792,3837.592,4089.536,4211.9,4189.68,4061.552,3874.288,3590.752,3319.624,3126.816,2766.06,2299,1819.4,1356.608,862.356,470.316,228.008,75.548,20.284,1.232,0,0,0,0,0,0,0
21-04,0,0,0,0,0,0,0,0,0,1.628,41.36,136.928,307.032,549.428,717.376,988.548,1205.82,1423.268,1572.736,1699.104,2012.384,2236.256,2339.04,2277.528,2264.944,2485.472,2282.06,2101.88,2099.328,1913.912,1858.648,1950.124,1728.276,1446.368,1307.284,722.7,387.244,159.28,53.768,16.192,1.628,0,0,0,0,0,0,0
22-04,0,0,0,0,0,0,0,0,0,1.276,56.98,199.056,420.42,949.652,1316.216,1725.108,2060.344,2497.748,2610.3,2961.904,2358.972,2456.96,3017.564,3630.572,2728.176,3174.82,2998.468,3032.348,2347.048,2384.272,2719.904,1904.1,1204.764,1160.016,962.324,793.98,403.832,171.864,68.112,23.76,2.992,0,0,0,0,0,0,0
23-04,0,0,0,0,0,0,0,0,0,1.628,52.844,166.716,299.86,457.732,737.792,990.66,1218.272,1648.68,2001.296,2149.664,2477.156,2734.336,3072.608,3178.076,3518.24,2204.84,2950.948,3028.256,2446.752,2331.736,2207.964,1869.34,1553.64,1211.1,995.72,783.728,515.548,205.348,72.996,22.088,2.728,0,0,0,0,0,0,0
24-04,0,0,0,0,0,0,0,0,0,2.464,51.568,139.524,303.028,529.408,782.232,1153.372,2048.288,2405.26,2636.656,3047.308,2580.336,2257.376,2478.036,2272.688,2347.356,2621.828,2478.212,2484.812,2099.724,2614.964,1619.42,2117.72,1293.776,1408.924,1169.564,886.16,401.544,215.38,56.892,21.516,3.212,0,0,0,0,0,0,0
25-04,0,0,0,0,0,0,0,0,0,3.3,75.152,203.588,381.172,686.884,1081.3,1431.144,2033.196,2034.912,1773.068,1991.572,2264.504,2260.808,2370.896,2071.344,2105.4,2359.5,2733.368,2312.332,2697.464,2440.504,2174.128,1836.692,1304.644,1168.464,1063.128,945.472,624.624,262.944,84.348,19.932,3.476,0.088,0,0,0,0,0,0
26-04,0,0,0,0,0,0,0,0,0,2.64,65.12,184.36,324.28,604.604,836.748,1048.696,1251.8,1484.252,1776.544,2322.1,2554.948,2812.876,3062.62,3301.672,3281.608,2632.036,1989.812,2419.78,2060.388,1865.864,1866.436,1775.62,1529.176,1042.932,874.984,620.576,385.176,198.484,81.004,28.688,4.224,0,0,0,0,0,0,0
27-04,0,0,0,0,0,0,0,0,0,9.768,89.276,214.632,403.172,940.676,1326.864,1595.836,1501.28,1844.964,2363.68,2560.932,2739.616,3000.536,3060.64,2952.752,2864.796,2871.044,2936.428,2792.328,2584.252,2211.572,1928.212,1666.192,1463.484,1146.992,718.036,519.42,326.172,157.784,55.264,16.148,1.452,0,0,0,0,0,0,0
28-04,0,0,0,0,0,0,0,0,0,8.052,89.408,221.276,432.96,665.544,1258.488,1402.192,1686.432,2159.52,2125.552,2088.768,2257.068,2258.08,2690.952,2600.796,2766.896,2652.452,2852.388,2574.484,2375.384,2321.352,2005.476,1717.584,1439.944,1149.5,1146.552,813.824,419.32,212.872,75.064,30.14,5.192,0.176,0,0,0,0,0,0
29-04,0,0,0,0,0,0,0,0,0,9.9,86.372,225.104,508.024,853.16,1204.808,1460.712,1731.444,2101.484,2318.316,2592.7,2895.728,3019.544,3161.972,3527.524,3408.064,3390.552,3185.028,3155.328,2887.764,2552.484,2262.876,1819.532,1625.492,1333.904,1057.496,678.7,460.02,267.476,93.148,37.048,6.82,0.176,0,0,0,0,0,0
30-04,0,0,0,0,0,0,0,0,0,16.896,110.924,249.876,495.044,1144.264,1420.892,1822.92,2329.932,2650.56,3062.268,3389.496,3540.9,3657.368,3572.404,3574.736,3664.144,3439.26,3478.2,3601.4,3316.368,3133.9,2654.696,2570.524,2055.504,1684.584,1314.94,987.272,639.716,295.636,74.316,30.14,4.884,0,0,0,0,0,0,0
01-05,0,0,0,0,0,0,0,0,0,17.732,100.232,223.784,419.54,987.756,1291.004,1760.396,2101.308,2255.484,2547.776,2639.428,2619.056,2960.936,3053.864,3267.044,3560.656,3524.884,3128.136,2872.584,2734.116,2568.72,2372.612,2158.596,1666.5,1416.932,1092.828,834.548,567.908,291.324,100.452,20.46,2.816,0,0,0,0,0,0,0
02-05,0,0.195555556,0,0,0,0,0,0,0,7.792888889,87.06133333,223.784,470.36,917.5857778,1030.362667,1269.175111,1796.216889,2331.56,2488.358889,2682.650667,2699.136,2967.418667,3282.126222,3215.627556,3308.956444,3117.282667,3378.584,3082.024,2677.4,2661.198222,2812.304,2445.236444,1910.92,1436.199111,778.8097778,520.0213333,447.48,301.2337778,99.45955556,31.44533333,6.306666667,0.176,0,0,0,0,0,0
03-05,0,0,0,0,0,0,0,0,0.088,27.37777778,112.0142222,249.6071111,520.1191111,994.4782222,1419.371556,1724.545778,2122.227556,2433.483556,2696.593778,2322.114667,2036.867556,1953.394667,1914.234667,1722.873778,1852.312,2762.926222,2404.815111,2477.992,2137.911111,2300.496,1835.552889,1775.341333,1576.784,1344.493333,1082.497778,866.5457778,588.1333333,298.5448889,103.6151111,48.54666667,14.79377778,0.264,0,0,0,0,0,0
04-05,0,0,0,0,0,0,0,0,0.264,29.568,135.696,269.984,538.032,777.436,1109.812,1607.628,1771.924,2215.84,2054.14,2166.032,2196.612,2451.812,2691.216,2567.312,2761.176,2511.52,2513.016,3047.176,2237.048,2518.164,2059.992,1831.06,1547.7,1305.7,826.716,884.048,440.572,288.596,113.652,35.596,6.864,0.528,0,0,0,0,0,0
05-05,0,0,0,0,0,0,0,0,0.088,35.816,155.584,356.708,689.348,1106.248,1585.804,1777.468,2055.328,2685.144,2632.96,2527.58,2868.756,2713.216,2918.388,2808.036,2697.728,2726.768,2598.508,2765.576,2614.084,2628.824,2429.504,1917.124,1617.748,1394.668,1157.024,987.36,633.028,428.34,175.208,56.32,15.84,0.88,0,0,0,0,0,0
06-05,0,0,0,0,0,0,0,0,0.616,41.008,148.236,284.768,556.468,894.52,1246.256,1723.392,2157.496,2456.476,2994.464,3062.136,2914.868,3514.5,3105.828,3628.812,3625.028,3511.244,3293.4,3137.508,2668.556,2596.616,2474.912,1984.048,1685.288,1353.748,1043.064,722.436,506.176,278.784,90.376,18.392,3.036,0.264,0,0,0,0,0,0
07-05,0,0,0,0,0,0,0,0,1.496,43.912,150.524,280.236,517.044,849.596,1222.32,1528.472,1836.384,2325.796,2671.328,2619.32,3008.72,2966.392,3042.644,3270.608,3004.012,3045.24,3006.432,2799.412,2842.312,2424.928,1992.98,1652.156,1346.268,1236.092,967.252,792,527.032,362.648,170.456,57.86,14.124,1.1,0,0,0,0,0,0
08-05,0,0,0,0,0,0,0,0,0.836,26.092,109.956,258.148,474.276,704.176,898.392,1000.868,1343.628,1653.696,1836.912,2257.772,2114.904,2282.016,2223.848,2352.02,2369.84,2221.78,2277.924,2195.6,2005.828,1899.788,1625.36,1411.608,1141.58,1030.876,886.336,666.248,487.036,281.16,109.296,26.708,7.216,0.968,0,0,0,0,0,0
09-05,0,0,0,0,0,0,0,0,1.628,45.54,141.02,279.796,613.932,1112.144,1541.848,1868.02,2242.636,2611.62,3035.032,3394.776,3546.796,3703.656,3771.108,3682.448,3797.332,3611.652,3541.78,3372.996,2927.056,2942.192,2724.04,2379.872,1886.984,1582.02,1272.524,984.544,777.348,479.908,163.46,73.964,22.66,3.124,0,0,0,0,0,0
10-05,0,0,0,0,0,0,0,0,2.156,50.644,153.208,273.152,645.436,1066.12,1425.644,1784.068,2164.096,2475.264,2801.876,3047.396,3086.6,3169.936,3375.768,2880.152,3073.312,2916.98,3081.496,2942.324,3350.864,2682.416,1973.708,2287.252,1803.12,1507.352,1176.956,836.22,750.068,474.892,178.244,88.264,31.988,5.236,0,0,0,0,0,0
11-05,0,0,0,0,0,0,0,0,5.852,77.22,199.584,358.072,718.872,1104.488,1511.136,1959.408,2174.304,2555.256,2704.152,3089.02,3338.764,3503.852,3621.904,3400.804,3566.728,3058.044,2850.584,2813.976,2603.656,2758.096,2341.152,2162.996,1996.676,1602.304,1181.928,1001,709.412,455.224,155.496,67.1,16.236,2.42,0,0,0,0,0,0
12-05,0,0,0,0,0,0,0,0,8.448,84.788,240.812,404.932,799.436,1145.276,1559.8,1749.572,1881.132,2256.54,2301.948,2995.52,3230.92,3133.856,3329.964,3520,3457.74,3361.204,3080.968,3156.648,3074.588,2902.416,2616.416,2256.232,1909.776,1583.34,1270.764,924.044,723.228,420.728,158.4,60.324,23.848,4.972,0.088,0,0,0,0,0
13-05,0,0,0,0,0,0,0,0,4.664,58.3,163.944,317.24,756.36,1224.344,1620.124,1953.16,2345.42,2744.676,3111.108,3253.448,3528.976,3737.712,3742.42,3591.06,3593.7,3390.948,3446.52,3311,3197.568,3143.14,2805.88,2576.332,2322.012,1853.94,1514.876,1198.296,900.944,554.356,211.728,80.564,31.944,3.96,0,0,0,0,0,0
14-05,0,0,0,0,0,0,0,0,7.436,60.764,169.84,353.672,540.628,842.952,1266.232,1617.572,1916.112,2197.272,2595.076,2942.852,3349.456,3727.416,3408.768,3277.208,2871.264,3280.068,3874.2,3563.692,3476.44,3500.992,3004.144,2478.784,2204.356,1898.776,1646.964,1308.252,966.724,565.664,194.832,70.136,25.96,3.784,0,0,0,0,0,0
15-05,0,0,0,0,0,0,0,0,19.008,82.72,167.42,303.996,577.368,886.468,1103.124,1401.62,1694.44,1832.952,2019.6,2185.612,2519.308,2723.952,2633.224,2557.104,2779.964,2765.972,2462.108,2371.116,2763.068,2125.992,2237.136,1766.424,1492.128,1216.512,840.444,650.1,456.368,281.072,139.92,52.976,18.744,2.2,0,0,0,0,0,0
16-05,0,0,0,0,0,0,0,0,9.005333333,68.66933333,178.1706667,290.2631111,739.2684444,1164.748444,1474.635556,1874.732444,2235.992,2540.589333,2772.928889,3068.618667,3296.088889,3326.849778,3329.871111,3365.481778,3486.980444,3694.259556,3609.535111,3206.299556,3186.607111,3090.247111,2774.327111,2512.664,2122.247111,1799.316444,1443.884444,1208.357333,877.976,552.3075556,185.24,71.71022222,28.952,6.072,0.176,0,0,0,0,0
17-05,0,0,0,0,0,0,0,0,5.28,41.624,127.072,244.86,433.928,588.324,801.46,1058.992,1269.708,1667.204,2016.652,2177.604,2355.056,2600.092,2933.7,3436.752,3765.344,3473.58,3338.72,3326.62,2943.864,2825.724,2732.048,2368.652,2037.068,1749.176,1354.188,1120.196,861.52,508.816,190.74,75.944,22.132,3.74,0.176,0,0,0,0,0
18-05,0,0,0,0,0,0,0,0,5.852,53.108,148.324,272.976,494.384,762.476,993.036,1274.02,1606.704,1968.208,2322.804,2564.1,2941.576,2771.34,2950.156,2521.244,2484.856,2388.848,2703.844,2838.616,2223.98,1835.988,1500.444,1147.564,1139.292,1329.108,1304.424,928.928,648.208,425.656,190.916,80.828,31.548,7.48,0.352,0,0,0,0,0
19-05,0,0,0,0,0,0,0,0,11.44,82.852,214.192,403.832,600.908,936.804,1224.74,1439.196,1811.26,2021.052,2009.48,1994.872,1916.992,2006.84,2463.384,2542.496,2561.9,2623.368,2808.344,3107.5,3238.4,2895.42,2052.424,2277.88,2293.148,1674.904,1509.596,977.9,932.36,593.912,259.116,90.948,32.076,5.764,0.308,0,0,0,0,0
20-05,0,0,0,0,0,0,0,0,11.792,72.468,189.332,373.076,652.256,997.172,1381.468,1888.964,2405.48,2902.372,3191.716,3256.484,3380.652,3476.484,3628.46,3566.288,3541.12,3501.96,2892.648,3173.28,2425.896,2341.768,1867.668,1723.832,1685.332,1225.048,767.712,653.356,442.332,341.616,189.156,74.448,27.016,5.852,0.308,0,0,0,0,0
21-05,0,0,0,0,0,0,0,0.528,19.008,87.12,198.308,368.324,811.58,1120.9,1416.36,1849.98,2385.196,2735.524,3093.684,2854.808,2725.932,2854.324,2994.684,3460.952,3738.02,3651.076,3592.556,3526.204,3050.344,2932.424,2692.184,2563.088,2231.768,1901.68,1550.618667,1204.412,927.52,649.264,304.876,139.7,64.592,23.144,3.344,0,0,0,0,0
22-05,0,0,0,0,0,0,0,0,3.339111111,58.77422222,162.6582222,299.1266667,467.9302222,626.4817778,654.5244444,845.3817778,1208.098222,1385.384,1767.216,1823.839111,2080.163556,2308.870667,2390.720444,2737.733778,3010.411556,3132.853778,3075.702667,3553.308,2988.563111,2526.445778,2871.528,2532.532444,2561.797333,1938.552,1528.486667,1334.275556,908.1942222,709.0257778,331.804,166.2417778,56.408,19.008,2.874666667,0.044,0,0,0,0
23-05,0,0,0,0,0,0,0,0.733333333,26.49288889,118.2817778,232.7746667,383.6604444,918.9644444,1273.892889,1620.568889,2044.816889,2405.123111,2676.916,2905.921333,2488.434667,3187.628889,3519.178667,3334.300444,3569.651556,3179.987556,2771.604,2913.606667,2860.224889,3118.509778,2987.595111,2577.940444,2328.26,2023.276444,1702.565333,1480.805333,1041.132889,653.7862222,382.3551111,238.9786667,132.2835556,60.95955556,12.55955556,3.461333333,0.352,0,0,0,0
24-05,0,0,0,0,0,0,0,0.425333333,19.14977778,74.80488889,200.1217778,354.1853333,509.168,819.2017778,963.0524444,1200.818667,1471.198667,1821.101333,2015.141333,2281.184889,2551.750667,2893.112444,2840.542222,2616.215556,2643.348889,2254.750667,2258.837778,2195.296889,2370.099111,2440.210667,2167.992444,1920.585333,1767.568,1518.968,1199.620889,917.2728889,641.9795556,463.4715556,309.4031111,203.8226667,92.136,28.17466667,4.258222222,0.176,0,0,0,0
25-05,0,0,0,0,0,0,0,0.733333333,21.93155556,108.416,208.4328889,368.3386667,541.5031111,1051.443556,1327.841778,1726.051556,2454.085333,2374.807111,2409.723556,2598.923556,2563.752889,3053.453333,3274.059556,3184.915556,3329.079111,3383.120889,3165.976,2949.564444,3276.689778,2559.059556,2403.739556,2120.115556,1313.898667,1610.018667,1110.794667,1291.224,591.624,601.6364444,339.2497778,149.248,58.67644444,23.408,5.123555556,0.195555556,0,0,0,0
26-05,0,0,0,0,0,0,0,0.469333333,42.77777778,107.8195556,229.7288889,360.2133333,885.456,1209.315556,1416.809778,1700.668444,1966.086222,2253.181333,2252.751111,1977.594667,2591.893333,2422.532444,2534.243556,2493.196444,2884.855111,2523.116444,2536.404444,2383.988444,2857.868444,2360.502222,2220.640889,2341.220444,1841.341333,1415.616889,1183.639111,860.9431111,660.0977778,486.112,316.9662222,160.3262222,66.59644444,31.56266667,6.150222222,0.244444444,0,0,0,0
27-05,0,0,0,0,0,0,0,1.289444444,28.38,102.3916667,268.7605556,489.5977778,797.6955556,946.9166667,1462.028333,1961.373333,2260.738333,2926.446111,2446.748333,2415.031667,2506.777778,2772.751667,2999.119444,2769.873333,2329.952778,2340.421111,2853.571111,2679.538889,2365.299444,2235.2,1897.463333,1808.485556,1448.516667,1235.086111,1047.444444,830.4938889,617.9433333,402.1111111,231.0611111,124.0677778,47.53833333,14.69722222,1.54,0,0,0,0,0
28-05,0,0,0,0,0,0,0,0.508444444,17.776,77.33244444,217.4577778,448.8391111,622.7857778,819.0257778,1062.16,2067.129778,2281.263111,2205.368,1777.463111,1923.406222,2207.000889,2212.916444,2429.728889,2335.852444,2666.967111,3003.860444,2868.164444,2871.273778,3335.923556,3106.967111,2849.176,2705.970667,2163.489778,1953.707556,1615.748444,1393.871111,1134.476444,594.968,267.2266667,124.1093333,54.61866667,19.26222222,2.581333333,0,0,0,0,0
29-05,0,0,0,0,0,0,0,0.919111111,21.71644444,80.432,164.384,383.9146667,657.7608889,866.6826667,892.9946667,1155.185778,1443.493333,1454.884444,2038.373333,2793.872889,2869.787556,3428.333333,3591.514667,3361.756444,3422.916444,3695.217778,3732.207111,3748.741333,3393.182222,3068.090667,2824.848889,2531.016889,2234.632889,1988.076444,1491.169778,1058.591111,536.8391111,492.7315556,303.8542222,155.5253333,58.48088889,19.42844444,2.933333333,0,0,0,0,0
30-05,0,0,0,0,0,0,0,0.928888889,26.81066667,126.3973333,229.5235556,398.1608889,550.4888889,701.1546667,836.0586667,975.2062222,1121.960889,1343.574222,1465.992,1798.143111,2168.202667,2231.200889,2262.851556,2783.254222,2179.329778,2006.116444,1749.176,1999.252444,2092.913778,1886.485333,2520.926222,2524.299556,2440.259556,2151.834667,1463.645333,1155.704,833.7706667,559.7288889,296.4622222,158.8497778,67.27111111,19.79022222,2.141333333,0,0,0,0,0
31-05,0,0,0,0,0,0,0,1.310222222,39.952,138.7662222,269.6515556,432.5395556,566.8568889,743.512,1045.009778,1328.770667,1902.188444,2274.721778,2514.932444,2617.139556,2516.868444,2321.811556,2920.094222,2593.174222,3051.409778,3096.954667,3252.392,2751.681778,2903.481778,2701.541333,2163.255111,1975.081778,2076.927111,1448.294222,1263.425778,1176.657778,854.1866667,543.0284444,362.7164444,207.4355556,55.90933333,20.73866667,5.935111111,0.146666667,0,0,0,0
01-06,0,0,0,0,0,0,0,1.437333333,40.79288889,137.9937778,278.1288889,432.5688889,888.8293333,1163.438222,1463.645333,1293.218667,1449.105778,2158.698667,2504.304,2613.805333,2807.268444,2500.793778,3205.341333,2737.924444,2939.180444,2507.149333,3237.402667,2277.606222,1842.768889,2336.429333,1914.488889,2072.898667,1716.938667,1983.52,1667.365333,1176.061333,911.0542222,673.904,329.0613333,176.6746667,75.12266667,23.62311111,5.651555556,0.479111111,0,0,0,0
02-06,0,0,0,0.097777778,0,0,0,0.928888889,35.44444444,109.12,180.9866667,316.0177778,619.08,1024.662222,1562.342222,1987.577778,2417.848889,2828.075556,2695.977778,2313.055556,3397.178889,3168.244444,3392.644444,3194.204444,3838.217778,2957.826667,2842.106667,3333.244444,3144.386667,3010.431111,2799.084444,2364.217778,2205.964444,2122.071111,1759.56,1353.782222,963.0622222,735.6311111,393.4577778,203.6711111,72.74666667,20.97333333,3.422222222,0.097777778,0,0,0,0
03-06,0,0,0,0,0,0,0,0.924,22.264,84.172,160.556,344.124,488.4,662.64,899.624,1226.236,1504.756,2360.952,2546.06,2538.448,2621.652,2914.868,3188.328,3271.268,3552.12,2998.6,3172.268,3661.548,3104.596,3139.224,2530.132,1962.4,1988.228,1681.504,1288.056,1329.504,872.784,538.208,355.168,200.728,84.04,35.684,10.296,1.012,0,0,0,0
04-06,0,0,0,0,0,0,0,1.144,40.876,139.788,257.4,486.464,826.892,1102.068,1554.036,1804.792,1917.08,2271.764,2560.316,2990.724,2971.012,3021.964,2692.14,2971.276,2544.344,2292.004,2079.484,2613.6,2431.176,2126.344,2283.996,1737.208,1567.412,1637.592,1442.188,1170.488,799.304,603.988,330.044,203.632,80.08,34.584,9.152,1.056,0,0,0,0
05-06,0,0,0,0,0,0,0,2.464,25.476,93.192,153.076,264.396,435.336,717.068,904.904,970.244,1110.384,1418.868,1536.128,2071.124,2832.852,3035.692,2591.6,2489.916,3533.288,2873.772,2222.132,2644.356,1992.056,2073.588,2206.028,2331.736,1734.172,1352.428,1216.776,854.832,669.152,523.556,320.98,150.348,55.88,18.612,2.684,0,0,0,0,0
06-06,0,0,0,0,0,0,0,2.068,24.288,69.3,164.78,419.496,640.376,765.072,881.496,1589.808,2183.104,2607.616,2332.308,3110.668,2925.164,2803.064,3047.352,3058.528,2756.336,3200.296,3147.188,3062.576,2062.456,1889.404,1904.452,1577.136,1900.668,1851.344,1321.892,1195.832,756.58,553.828,287.76,125.444,50.072,16.984,3.256,0.176,0,0,0,0
07-06,0,0,0,0,0,0,0,4.092,36.256,107.8,255.728,472.604,671.704,855.888,1370.6,1655.676,1879.944,2145.396,2000.988,2033.724,2221.208,2564.584,2874.74,2973.3,2505.096,2723.204,2445.124,2133.736,2362.536,2071.52,2396.9,1525.656,1655.192,1599.268,1129.084,944.064,785.928,536.932,348.348,142.56,61.424,22.044,4.312,0.088,0,0,0,0
08-06,0,0,0,0,0,0,0,1.012,37.928,142.604,224.752,372.24,595.716,1024.672,1337.424,1869.296,2087.448,2315.06,2268.86,2256.584,2143.68,2641.672,2953.764,2616.856,2287.032,2430.516,2774.42,2536.864,2815.296,2815.868,2248.62,2714.492,2136.904,1833.436,1568.556,1215.06,969.276,672.452,457.688,220.132,84.964,36.344,7.04,0.704,0,0,0,0
09-06,0,0,0,0,0,0,0,4.972,41.668,134.244,239.228,469.348,667.876,904.596,1250.084,1612.688,2158.948,2673.968,3137.068,3271.136,3451.58,3120.348,3020.908,2938.452,2868.844,2835.228,3141.424,2711.148,2318.008,2111.868,1962.532,1753.576,1457.764,1179.112,1190.508,981.904,736.12,449.548,247.896,153.56,79.376,32.912,12.32,1.496,0,0,0,0
10-06,0,0,0,0,0,0,0,4.312,62.304,167.5128889,273.4257778,379.7884444,580.9075556,959.0435556,1139.287111,1663.542222,2062.759111,2355.984889,2383.343111,2480.446222,3377.606222,3573.337778,3532.310222,3344.498667,3368.297778,3608.968,3232.621333,2998.16,2618.889778,2527.868444,2539.885333,2357.314667,2067.335111,1735.115556,1477.412444,1177.752889,916.4906667,694.1537778,286.1271111,118.184,49.77866667,30.24266667,6.688,0.176,0,0,0,0
11-06,0,0,0,0,0,0,0,3.432,39.336,114.664,235.532,389.752,764.852,1103.168,1417.812,1830.048,1902.384,2015.156,2487.012,2532.508,3048.848,2830.3,2645.28,2996.532,3090.34,3022.976,2940.476,2896.212,3062.664,2985.4,2509.232,2148.036,2018.94,1609.608,1527.988,1205.732,803.308,625.372,377.212,208.208,94.6,45.804,18.92,3.124,0,0,0,0
12-06,0,0,0,0,0,0,0,1.232,35.2,78.78933333,236.3191111,377.8426667,550.9777778,991.1342222,1208.406222,1470.392,1957.882667,2286.973333,2383.450667,1997.072,2374.611556,2523.566222,2423.823111,2948.224889,2329.496889,1923.983111,2124.505778,1620.226667,1890.181333,1517.951111,1962.380444,2548.401778,2183.553778,1754.377778,1178.936,1264.696889,1003.737778,693.0586667,372.7386667,169.2924444,66.55733333,30.02755556,8.399111111,0.811555556,0,0,0,0
13-06,0,0,0,0,0,0,0,4.820444444,54.07111111,140.0177778,227.1182222,463.0168889,780.1004444,1115.849778,1421.346667,1517.423111,2019.981333,2365.528,2686.982222,2921.463111,3078.464889,3283.592889,3327.592889,3247.473778,3164.939556,2974.898667,3151.299556,3069.039111,2990.24,2824.350222,2618.479111,2402.321778,2091.691556,1609.832889,1221.361778,916.3146667,852.2408889,569.3404444,358.6782222,162.9075556,79.96266667,28.35555556,5.964444444,0.312888889,0,0,0,0
14-06,0,0,0,0,0,0,0,1.32,51.788,137.148,226.248,379.5,517.264,715.528,864.996,979.924,1063.656,1307.548,2297.856,2619.936,2895.86,2928.992,3367.056,3252.304,3336.212,3757.82,3608.792,2945.844,3372.116,2691.7,3014.044,2748.108,1959.804,2059.728,1636.756,1355.904,833.492,621.72,361.988,190.168,103.4,36.608,12.804,1.408,0,0,0,0
15-06,0,0,0,0,0,0,0,3.08,34.32,136.356,301.752,466.18,671.792,1072.28,1460.932,1712.128,1944.624,2693.988,2638.856,3012.988,2866.688,3116.652,3009.864,3256.132,3549.876,3128.532,3282.092,2774.332,2262.92,2322.496,2539.02,2543.904,1930.06,2245.892,1661.792,1003.244,785.796,535.26,346.28,200.904,101.068,40.568,10.032,0.572,0,0,0,0
16-06,0,0,0,0,0,0,0,3.608,43.648,121.088,239.58,413.952,828.212,1107.7,1377.684,1996.456,2348.544,2612.192,2943.864,3100.46,3230.568,3390.816,3678.796,3876.488,3827.868,3853.872,3965.896,3674.704,3520.616,3378.276,2812.876,2781.944,2271.896,1999.712,1731.884,1325.896,902.528,704.572,370.612,198.44,107.448,39.424,11.264,0.44,0,0,0,0
17-06,0,0,0,0,0,0,0.088,5.06,47.212,163.724,229.284,422.884,600.864,843.876,1209.076,1355.772,1559.668,2182.708,2424.928,2478.52,2768.084,3127.872,3321.604,3310.956,3376.032,3392.62,3484.052,3330.228,3314.784,3121.58,2665.3,2571.844,2331.164,1936.088,1511.048,1069.728,715.88,566.676,369.776,244.948,108.328,40.7,11.44,1.892,0.044,0,0,0
18-06,0,0,0,0,0,0,0,3.124,52.228,123.508,237.336,388.476,839.08,1221.088,1418.824,1738.484,2000.724,2623.104,2817.32,2990.152,3180.892,3497.472,3473.58,3379.596,3429.976,3252.304,3229.864,2894.32,2598.024,2435.4,2469.544,2095.676,1765.192,1571.592,1304.292,996.996,731.764,512.336,328.24,146.256,78.628,27.192,12.056,3.212,0.044,0,0,0
19-06,0,0,0,0,0,0,0,12.232,56.628,128.876,251.108,415.008,856.592,1176.868,1638.076,1985.412,2307.008,2505.888,2744.456,3130.952,3351.92,3388.792,3318.964,3456.684,3357.2,3402.344,3370.576,3287.02,3048.452,2766.06,2470.028,2365.132,2297.724,1988.58,1535.776,1330.076,949.696,738.628,490.424,215.512,105.292,52.14,17.292,1.628,0,0,0,0
20-06,0,0,0,0,0,0,0,4.4,51.568,170.28,362.252,662.376,712.448,995.852,1062.688,1286.736,1703.064,1756.48,2059.068,2516.712,2635.952,3016.244,3019.72,2737.9,2473.68,2599.784,2988.964,2844.248,2807.596,2527.932,2246.816,2057.836,1859.924,1534.324,1150.82,915.508,739.288,558.668,362.692,198.66,100.848,40.304,11.308,0.616,0,0,0,0
21-06,0,0,0,0,0,0,0,8.184,63.36,140.448,267.696,502.392,887.348,1405.976,1709.796,1941.412,2249.764,2772.044,2908.004,3482.644,3224.76,2996.4,3096.544,2679.292,2525.82,2240.876,2326.764,2510.772,2211,2162.468,2580.116,2876.544,2103.42,1842.5,1536.392,1369.94,908.336,670.648,416.02,208.56,91.212,44.572,12.716,0.924,0,0,0,0
22-06,0,0,0,0,0,0,0,4.004,51.788,163.46,276.232,521.356,1010.328,1461.768,1882.452,2261.512,2642.2,2561.724,2398.792,2371.512,2326.984,2419.648,2521.244,2883.628,3144.504,2641.188,2876.104,3395.436,3449.292,2580.468,2623.72,2069.452,2236.3,1719.036,1435.5,1209.428,1031.096,694.012,448.888,245.388,111.056,46.42,17.38,1.408,0,0,0,0
23-06,0,0,0,0,0,0,0,3.124,39.028,122.584,314.688,491.656,863.984,1078.704,1291.884,1244.32,1397.924,1815.924,2165.548,2066.9,2416.568,2759.68,3022.448,2834.26,2998.864,2951.212,3582.304,3410.484,3318.216,3035.12,2541.792,2574.352,1916.112,1859.396,1480.512,1283.612,1016.708,656.568,436.04,204.028,103.444,24.464,9.504,1.188,0,0,0,0
24-06,0,0,0,0,0,0,0,4.268,38.104,101.86,195.756,367.092,653.356,808.368,1203.708,1439.284,1760.088,1982.86,2203.74,2276.824,2830.608,2625.7,2264.724,2633.532,2395.668,2497.968,2958.912,2085.952,2251.392,1967.064,2461.228,2305.556,1736.416,1509.156,1275.296,988.592,1090.98,561.704,322.784,170.896,100.056,39.996,8.536,1.1,0,0,0,0
25-06,0,0,0,0,0,0,0,2.112,27.632,97.196,229.108,393.316,640.904,888.14,1499.784,1496.264,2100.076,1995.4,2218.524,2291.96,2521.64,2921.952,3210.988,3279.408,3282.356,2671.284,2854.808,2779.832,2582.096,1906.476,1972.916,2239.908,1710.368,1533.884,960.652,735.548,531.08,411.136,248.16,146.696,69.696,27.984,7.48,0.352,0,0,0,0
26-06,0,0,0,0,0,0,0,3.08,46.464,154.88,238.656,406.12,605.616,805.596,1269.62,1370.6,1485.704,1732.896,2327.908,2764.3,2672.692,3067.328,2618.396,3337.708,3754.168,4089.844,3949.836,3787.74,3532.364,2952.62,2689.324,2750.66,2131.58,1828.376,1391.808,1146.332,962.28,747.824,404.888,192.764,89.628,31.372,7.524,0.352,0,0,0,0
27-06,0,0,0,0,0,0,0,5.573333333,32.58933333,111.9555556,188.9457778,325.4435556,419.0657778,399.1093333,620.0773333,808.5146667,1058.825778,1211.251556,1710.035556,2148.197333,2080.114667,2431.117333,2682.621333,2580.766222,3346.395556,3040.761778,2761.469333,3369.793778,2242.435556,2123.997333,2051.524444,2334.825778,2346.764444,1462.589333,1204.426667,1193.250667,809.0622222,554.0382222,251.4746667,144.3493333,67.496,26.73244444,8.232888889,0.840888889,0,0,0,0
28-06,0,0,0,0,0,0,0,3.735111111,39.49244444,96.19377778,226.7857778,321.3662222,447.0302222,574.0924444,849.7475556,1016.458667,1391.72,1707.630222,1670.435556,2181.617778,3265.856,2831.585778,3125.711111,3514.886222,3590.312,3267.097778,3084.507556,3012.220444,2924.103111,2724.343111,2778.570667,2435.742222,2058.525333,1775.439111,1435.416889,826.2906667,636.8755556,374.9386667,316.6826667,152.3964444,36.20711111,8.291555556,1.222222222,0,0,0,0,0
29-06,0,0,0,0,0,0,0,6.204,49.808,163.504,309.144,451.132,620.18,901.736,1054.064,1461.988,1508.76,1859.088,2253.9,2676.916,2894.98,3306.116,2944.744,2894.892,2632.784,2823.172,2696.628,2285.668,2687.168,2187.02,2357.168,2201.144,1871.716,1442.628,1146.332,1047.552,823.548,621.28,398.156,237.204,90.42,30.8,6.952,0.396,0,0,0,0
30-06,0,0,0,0,0,0,0,2.630222222,37.43911111,124.0017778,234.8622222,413.0524444,861.0604444,1057.310222,1393.225778,1754.368,2224.894222,2463.921778,2685.711111,2890.594667,3073.184889,3232.533333,3073.888889,3461.401778,3349.993778,3114.114667,3119.512,3036.029333,2658.528889,2792.611556,2275.562667,2330.406222,1794.368889,1611.866667,1443.835556,1120.249778,939.5173333,619.6862222,275.0488889,159.3582222,49.50488889,10.70666667,4.096888889,0.088,0,0,0,0
01-07,0,0,0,0,0,0,0,0.792,27.016,101.156,189.024,375.32,531.52,781.572,1115.136,1518.968,1658.228,1934.636,1826.88,1800.656,2001.296,1845.14,2021.58,1934.24,1923.988,1895.74,2114.992,2123.616,1972.344,1839.112,1797.048,1833.832,1656.292,1420.276,1251.096,994.18,773.08,678.744,422.972,201.872,86.944,31.548,7.084,0.572,0,0,0,0
02-07,0,0.088,0,0,0,0,0,1.716,19.888,73.084,141.636,333.872,459.184,595.276,820.688,1024.188,1180.564,1404.548444,1755.702667,1832.248,1672.396,2598.068,2981.704,3913.712,3463.9,3907.42,3447.444,3556.96,3427.424,3422.012,3156.736,2637.492,2308.24,2158.024,1905.244,1631.652,1261.7,906.532,587.928,235.664,113.696,41.756,11.572,1.1,0,0,0,0
03-07,0,0,0,0,0,0,0,1.486222222,31.68488889,103.9035556,216.172,350.5871111,717.9577778,1035.882222,1250.152444,1710.167556,2078.320444,2460.313778,2685.945778,2565.996889,2148.705778,2670.848889,3105.823111,3160.769333,3037.1,3131.020444,3351.734222,3413.784,3671.399111,3364.02,2761.948444,2764.896444,2270.595556,2051.148,1921.797778,1606.708889,987.9515556,793.232,572.4351111,262.5431111,101.5177778,29.20133333,6.409333333,0.337333333,0,0,0,0
04-07,0,0,0,0,0,0,0,4.668888889,56.44711111,129.668,229.3964444,515.4306667,945.9071111,1278.283111,1581.863556,1634.086667,1703.812,2135.525333,2745.096444,2719.170667,3295.013333,3720.478667,3302.180444,3530.848444,3253.262222,3403.263111,2869.528444,2470.419111,2381.578222,2158.165778,1957.437778,1764.947556,1233.153778,930.9715556,691.0688889,714.3497778,762.3097778,652.8817778,320.8284444,128.876,65.26666667,31.66533333,10.94133333,2.571555556,0.044,0,0,0
05-07,0,0,0,0,0,0,0,0.572,16.324,79.64,232.276,423.104,756.624,1048.872,1170.84,1525.568,1834.58,2497.924,2923.492,3117.136,3366.836,3275.228,3258.156,2613.336,2480.896,3239.94,3395.656,3342.328,3201.044,2909.368,2887.984,2582.976,2240.656,1917.652,1203.4,1207.668,870.408,641.96,365.464,204.204,76.164,24.42,4.356,0.264,0,0,0,0
06-07,0,0,0,0,0,0,0,2.112,23.54,68.86,150.656,247.808,346.544,540.804,783.552,948.684,1513.468,2031.392,1976.612,2077.02,2277.704,2858.24,2723.864,2612.984,2314.752,2432.716,2261.6,2703.668,2208.536,2242.68,2586.936,2186.58,1902.956,1525.656,1192.884,856.9,681.736,442.112,300.74,175.956,56.672,23.364,5.72,0.088,0,0,0,0
07-07,0,0,0,0,0,0,0,1.144,40.304,137.544,270.38,539.308,865.04,1370.556,1518.44,1788.996,1640.32,1918.752,2594.9,2812.568,3011.624,2723.248,2851.42,2988.656,3005.464,3285.172,3297.58,3354.032,3169.584,2978.888,2645.06,2482.612,2153.184,1937.936,1635.964,1356.784,1015.608,685.828,338.932,201.476,80.872,28.072,7.128,1.1,0,0,0,0
08-07,0,0,0,0,0,0,0,0.586666667,31.24,107.3893333,208.9706667,365.9626667,776.4435556,1273.311111,1785.207111,2247.578667,2274.976,2594.914667,3027.796444,3206.299556,3403.429333,3519.56,3665.972444,3726.008,3825.575111,3754.725333,3620.007111,3382.299556,3302.884444,3196.6,2943.785778,2666.957333,2288.195556,1850.112,1523.192,1437.206222,1049.214222,844.2035556,543.6151111,184.5653333,95.11822222,41.272,12.54488889,1.652444444,0,0,0,0
09-07,0,0,0,0,0,0,0,0,8.8,60.72,131.472,230.78,438.856,774.62,1169.652,1255.364,1311.64,1829.696,1588.664,1590.6,1707.024,1687.796,2452.56,1971.904,2930.884,2788.192,3001.724,2782.032,2399.32,2535.016,2647.744,1921.524,1499.652,1502.688,1127.148,927.74,1032.416,752.84,417.032,182.952,84.7,29.128,6.336,0.396,0,0,0,0
10-07,0,0,0,0,0,0,0,0.836,31.328,107.756,239.184,391.732,624.932,1083.412,1410.596,1678.248,2046.88,2437.512,2723.82,2513.324,2559.128,2904.44,3440.008,3186.304,3668.896,3278.308,2864.004,2969.472,2674.188,2879.096,2576.288,2370.456,2162.82,1854.6,1380.94,1054.592,901.472,753.368,421.784,210.144,92.752,37.444,10.472,1.188,0,0,0,0
11-07,0,0,0,0,0,0,0,0.44,16.456,82.104,176.088,314.644,639.672,1090.364,1424.324,1764.4,2053.568,2466.42,2728.44,2857.008,2888.776,2961.244,3129.588,3140.28,3257.892,3604.92,3427.908,3235.364,3063.104,2665.476,2495.856,2142.052,1932.612,1607.232,1304.996,1077.868,806.652,600.204,333.916,129.624,58.652,21.648,2.508,0,0,0,0,0
12-07,0,0,0,0,0,0,0,0.044,22.44,89.98,190.168,349.008,696.608,1108.624,1474.176,1809.896,1978.152,2343.088,2533.212,2859.12,3182.432,3245.572,3338.412,3358.872,3355.176,3410.396,3308.932,3197.568,3240.732,3048.364,2668.556,2551.208,2317.348,1959.496,1575.992,1309.836,1029.028,769.34,485.848,188.672,90.464,40.392,9.416,1.276,0,0,0,0
13-07,0,0,0,0,0,0,0,0.088,16.852,73.172,145.376,245.3,498.432,933.9,1230.372,1443.728,1608.992,2024.704,2612.368,2682.724,2634.984,2228.688,2953.588,3004.056,3239.236,2999.48,2629.088,2460.92,2441.516,2456.828,2483.58,2017.444,1262.404,1499.652,1270.104,1243.792,700.568,528.572,296.296,169.268,89.76,34.98,6.16,0.088,0,0,0,0
14-07,0,0,0,0,0,0,0,0,9.9,54.076,156.728,360.184,604.34,847.396,1083.984,1211.76,1507.66,2213.772,1937.892,1946.912,2903.384,2886.752,2054.668,2756.512,2881.56,3178.208,2975.72,2912.096,2794.924,2609.2,2145.176,1883.86,1412.532,1310.892,1580.568,1374.076,1014.024,755.48,424.292,168.96,66.308,21.164,3.652,0.088,0,0,0,0
15-07,0,0,0,0,0,0,0,0,20.064,77.308,209.352,439.648,886.776,911.24,895.048,1149.456,1361.316,1675.432,1662.188,1830.312,2147.42,2189.044,2152.744,1732.28,2126.036,1773.156,1752.256,2097.48,2394.788,2353.34,1810.028,2066.812,1336.588,1380.236,981.42,848.408,814.044,579.744,359.04,224.884,93.896,32.384,5.412,0.352,0,0,0,0
16-07,0,0,0,0,0,0,0,0,6.952,63.55066667,189.8257778,288.9577778,597.2071111,914.9604444,1456.541778,1732.94,1933.951556,1911.169333,2166.188444,2893.537778,2939.962667,2615.775556,3076.450667,2799.055111,2868.584889,2509.266222,2531.808889,3179.332444,2810.544,2895.014222,2478.896444,2329.922222,2057.914222,1795.992,1379.419556,1056.963111,814.8946667,607.6351111,440.6795556,171.7417778,83.28222222,35.508,10.43777778,1.207555556,0,0,0,0
17-07,0,0,0,0,0,0,0,0,20.44533333,128.1671111,234.5884444,416.4844444,581.4648889,887.392,1123.261333,1585.378667,1748.247111,1806.688889,2252.594667,2459.688,2251.959111,2444.776889,2200.899556,2098.301333,2293.690667,2625.069333,2582.917333,3066.663111,2788.016,2428.096,2231.904889,2112.850667,1960.552,1570.076444,1400.676444,1419.909333,998.1546667,737.7431111,418.5964444,227.3724444,99.29333333,43.80444444,11.95822222,1.652444444,0,0,0,0
18-07,0,0,0,0,0,0,0,0,4.268,38.852,133.936,280.192,538.34,740.124,1184.7,1573.044,1906.3,2418.856,2190.848,2797.96,3441.24,3118.544,3587.408,2830.784,2735.304,2818.244,2843.896,3089.284,2790.656,2672.824,2472.976,2058.672,1688.148,1495.032,1441.176,1326.248,883.036,625.988,385.704,195.712,78.54,31.504,6.028,0.22,0,0,0,0
19-07,0,0,0,0,0,0,0,0,9.328,66.088,157.564,260.26,477.752,751.036,1008.216,1211.32,1414.028,1562.352,1751.86,2066.548,2202.2,2340.096,2272.028,2233.264,2476.804,2286.064,2135.628,1965.04,2016.96,2157.98,1997.336,1855.392,1594.252,1348.292,1023.132,898.128,703.34,522.148,328.416,182.776,70.092,24.684,6.204,0,0,0,0,0
20-07,0,0,0,0,0,0,0,0,7.656,69.74,229.416,362.956,686.752,930.776,1450.284,1149.456,1354.1,1570.844,1765.236,1899.26,1793,1978.504,2332.396,1991.924,1702.58,1599.752,2096.512,2043.052,2139.632,1917.388,1669.844,1517.912,1242.516,974.116,921.976,921.096,917.708,676.632,298.76,152.064,72.996,31.02,7.084,0.44,0,0,0,0
21-07,0,0,0,0,0,0,0,0,13.2,84.23555556,175.56,387.8844444,614.1422222,819.8177778,1097.751111,1213.177778,1975.942222,2382.942222,2553.075556,2798.791111,2725.555556,2088.68,1858.56,2169.542222,2230.8,1728.32,1733.648889,1443.053333,1550.853333,1630.982222,1964.648889,1731.888889,2053.822222,1701.382222,1411.617778,794.6888889,563.2977778,385,256.2266667,113.4711111,31.19111111,10.12,1.124444444,0,0,0,0,0
22-07,0,0,0,0,0,0,0,0,9.137333333,62.69022222,185.1862222,326.3724444,412.2995556,530.86,753.4951111,955.9,1110.281333,1281.617333,1573.958222,1837,1958.083111,2163.822222,2414.231111,2729.813778,2507.296,2594.934222,2444.429778,2430.535556,2660.714222,2286.856,2610.456444,1942.052444,1784.684,1115.072444,855.0568889,672.7257778,482.6213333,311.872,247.6075556,92.23377778,29.964,7.758666667,0.435111111,0,0,0,0,0
23-07,0,0,0,0,0,0,0,0,8.888,74.888,209.616,375.144,516.208,860.596,1122.44,1435.764,1634.6,1896.18,1880.428,1712.612,2157.496,2378.772,2626.976,2496.516,2557.632,2341.504,2178.616,2140.248,1943.832,2127.356,1644.5,1590.908,1357.092,1125.608,883.08,649.616,390.324,225.016,124.08,59.752,23.584,4.444,0.176,0,0,0,0,0
24-07,0,0,0,0,0,0,0,0,2.42,41.228,117.876,198.792,413.424,613.844,866.096,1022.824,1405.272,1607.76,2019.908,2301.64,2242.46,2258.124,2555.212,2334.816,2261.908,2062.588,2113.848,2035.088,1821.996,1428.9,1290.256,1239.348,1035.276,990.176,1063.348,831.468,557.172,390.544,273.944,133.584,53.68,12.892,1.408,0,0,0,0,0
25-07,0,0,0,0,0,0,0,0,4.351111111,56.27111111,171.2088889,322.8133333,622.7955556,1064.506667,1240.946667,1251.311111,1844.871111,2522.471111,2807.64,2766.573333,3252.382222,3560.968889,3023.875556,3488.515556,3554.564444,3245.44,2969.951111,2948.635556,2815.364444,2660.484444,2764.128889,2392.768889,1985.475556,1644.28,1174.897778,1055.951111,729.08,562.32,358.2577778,105.6,31.77777778,8.213333333,0.684444444,0,0,0,0,0
26-07,0,0,0,0,0,0,0,0,2.835555556,55.34222222,135.96,264.5377778,438.0933333,574.7377778,829.2044444,1113.688889,1545.28,1883.444444,1789.92,1803.511111,1883.688889,2146.026667,2177.853333,2200.048889,2412.226667,3165.115556,3058.928889,2891.386667,2458.573333,1975.257778,1993.151111,2533.177778,2236.324444,1589.328889,1192.302222,969.8577778,560.1688889,500.3777778,262.4355556,92.74222222,28.55111111,7.235555556,0.244444444,0,0,0,0,0
27-07,0,0,0,0,0,0,0,0,1.144,26.84,93.148,192.324,298.056,610.676,687.28,876.92,1105.06,1220.208,1420.98,1344.156,1386,1706.452,1845.844,1645.952,1770.208,1932.832,1885.312,2092.86,2073.632,1732.544,1914.572,1873.124,1564.86,1235.784,1038.004,744.964,731.5,452.672,207.196,84.304,33.792,8.58,0.352,0,0,0,0,0
28-07,0,0,0,0,0,0,0,0,0.88,41.668,136.752,275.176,475.86,677.908,983.884,1390.312,1613.172,2075.216,2505.052,2123.44,2025.848,2514.204,2989.844,2377.144,2286.328,2441.164,2521.948,2410.584,2749.648,2831.268,2289.892,2001.384,1399.2,1597.772,1067.572,933.284,796.004,503.14,242.88,76.384,21.868,8.052,0.176,0,0,0,0,0
29-07,0,0,0,0,0,0,0,0,0.704,19.888,75.9,157.916,285.032,462.264,646.976,945.824,1341.868,1540.924,1640.232,2057,2193.136,1868.856,2074.688,2106.28,2264.812,2415.468,2333.32,2262.304,2172.148,1914.396,1901.46,1612.38,1394.184,1128.468,1022.912,747.032,528.748,348.568,162.58,84.876,40.656,12.012,0.352,0,0,0,0,0
30-07,0,0,0,0,0,0,0,0,0.308,19.668,83.336,182.732,385.352,627.968,883.036,1026.124,1432.64,1954.128,1863.752,2293.28,2703.8,2634.28,2846.492,3143.096,2922.084,3222.956,2718.584,2924.636,2592.216,1934.592,1606.396,1732.06,1773.068,1273.228,849.068,765.82,695.64,461.032,236.104,90.508,31.636,6.336,0.088,0,0,0,0,0
31-07,0,0,0,0,0,0,0,0,0.396,43.78,105.292,228.008,502.348,934.78,1367.828,1611.236,2046.66,2257.332,2327.512,2629.748,2931.72,2732.4,2497.44,3064.248,3223.924,2993.892,2120.844,2092.508,1878.316,1982.464,2124.32,2273.876,1976.524,1586.42,1218.404,995.148,793.98,552.332,209,69.784,17.6,2.904,0,0,0,0,0,0
01-08,0,0,0,0,0,0,0,0,0.22,23.188,104.544,232.848,438.284,539.924,720.764,1162.788,1262.844,1490.544,2061.092,2111.868,2317.172,2357.344,2592.304,2377.98,2162.82,2237.884,1783.496,1889.316,1584.132,1509.332,1405.316,1571.02,1481.04,1227.6,1060.136,724.284,513.876,372.064,207.592,74.096,20.592,5.676,0.088,0,0,0,0,0
02-08,0,0.088,0,0,0,0,0,0,0,12.188,76.076,208.032,361.856,566.72,770.22,996.952,1450.152,1610.874222,1680.902667,1942.952,2199.648,2054.536,2387.352,2373.712,3170.376,2886.312,2460.964,2549.096,2977.304,2808.608,2666.004,2326.104,2115.96,1761.848,1336.852,1073.556,803.484,624.712,240.416,87.34,46.728,10.428,0.132,0,0,0,0,0
03-08,0,0,0,0,0,0,0,0,0.361777778,23.87733333,121.7235556,211.3368889,405.6506667,503.3111111,899.7315556,1153.044444,1263.093333,1454.679111,2153.584889,2330.210667,2282.700444,2435.976889,2430.824,3167.325333,2997.993778,3363.888,3541.648,3538.382222,3119.394667,2790.030222,2299.088,2188.168889,1818.451556,1371.000889,987.7413333,822.9466667,548.5137778,363.6844444,189.2488889,64.74844444,16.48533333,3.011555556,0.088,0,0,0,0,0
04-08,0,0,0,0,0,0,0,0,0.484,21.516,89.012,213.444,393.888,513.084,581.768,815.76,1187.208,1393.392,1436.38,1926.32,2291.696,2532.332,2969.78,3335.904,2602.116,3487.924,3422.364,3288.56,2946.9,2967.36,2516.976,2322.056,2207.524,1856.58,1537.008,1213.432,905.916,590.788,248.116,87.604,24.816,4.048,0,0,0,0,0,0
05-08,0,0,0,0,0,0,0,0,0,16.77866667,121.1271111,184.008,423.368,829.7226667,867.0444444,1146.209778,1843.257778,2365.459556,2169.2,2911.167111,2882.44,2764.412444,3411.183111,2586.349333,2882.342222,2823.597333,2950.053333,3309.132444,2858.181333,2588.803556,2775.608,1913.266667,2005.529778,1509.767111,1220.041778,1157.923556,677.0915556,457.3751111,184.8293333,87.86311111,28.81511111,2.933333333,0,0,0,0,0,0
06-08,0,0,0,0,0,0,0,0,0,23.61333333,112.8942222,222.3857778,418.9484444,936.6915556,1303.045333,1670.288889,2053.822222,2367.503111,2265.775111,2844.140444,2624.433778,2978.477333,3290.456889,3836.389333,3080.811556,2854.299556,3266.100444,2721.859556,2277.831111,1893.613333,2180.053333,1925.254222,1957.276444,1469.707556,1222.994667,1016.664,718.9111111,436.2355556,217.5946667,90.40533333,42.18133333,5.299555556,0,0,0,0,0,0
07-08,0,0,0,0,0,0,0,0,0.088,9.592,73.084,205.172,454.3,882.772,1293.644,1245.772,1390.576,1606.968,1794.408,1961.564,2144.384,2243.296,2762.1,3060.684,2791.184,2392.764,2402.444,3194.884,2908.576,2884.948,2576.596,2572.988,2326.896,1837.264,1247.18,1058.64,722.92,469.172,224.268,88.352,27.984,3.3,0,0,0,0,0,0
08-08,0,0,0,0,0,0,0,0,0,12.76,82.808,193.732,348.832,779.856,1008.568,1552.936,1976.964,2489.124,2743.576,2408.032,2604.8,2643.608,3294.588,2875.664,2477.024,3111.988,3083.3,2955.832,3024.824,2637.052,2399.056,2085.292,2035.616,1691.624,1404.7,1108.052,910.448,457.072,200.288,92.312,40.612,6.204,0.088,0,0,0,0,0
09-08,0,0,0,0,0,0,0,0,0,8.536,69.036,183.172,356.972,861.476,1210,1544.224,1861.86,2041.644,1770.12,1986.16,1993.112,2434.74,2918.696,2815.252,2467.256,3062.796,3320.548,3482.644,2808.036,2279.288,3107.104,2199.076,2122.516,1604.724,1400.872,1147.168,738.452,390.544,154.132,61.512,27.852,2.2,0,0,0,0,0,0
10-08,0,0,0,0,0,0,0,0,0,12.452,91.74,206.272,368.368,941.864,1377.552,1811.964,2194.896,2518.076,2808.036,3027.244,3074.06,3519.384,3743.3,3671.228,3563.34,3462.976,3398.296,3368.156,3277.56,3348.268,3141.512,2777.632,2312.904,2001.472,1274.944,1248.764,794.464,442.42,159.676,51.964,19.228,1.144,0,0,0,0,0,0
11-08,0,0,0,0,0,0,0,0,0,11.572,85.756,202.488,366.652,706.2,1110.516,1599.84,1792.736,1949.464,2041.512,2347.4,3144.724,3419.856,3199.02,3369.872,3275.36,3616.492,2588.344,2430.032,2129.16,2236.432,2088.856,1790.712,1568.556,1221.132,1055.34,792.176,541.024,330.044,147.356,59.092,17.072,1.672,0,0,0,0,0,0
12-08,0,0,0,0,0,0,0,0,0,5.808,57.64,104.192,305.272,559.636,888.096,927.652,1056.088,1187.296,1404.128,1465.596,1715.208,2045.296,2015.992,2344.232,2761.308,3314.564,3577.684,3312.144,3228.412,3062.268,2843.544,2358.84,1633.412,1157.508,1118.216,1175.812,755.524,464.904,201.344,68.376,17.556,1.188,0,0,0,0,0,0
13-08,0,0,0,0,0,0,0,0,0,4.092,74.492,164.472,337.656,792.88,1182.148,1513.644,1938.596,2378.376,2599.828,2847.636,3069.044,3208.216,3190.22,3452.504,3353.548,3385.976,3439.656,3415.5,3091.44,2887.764,2784.012,2350.26,1948.628,1551.308,1183.908,870.144,659.252,340.252,186.516,64.24,12.54,0.748,0,0,0,0,0,0
14-08,0,0,0,0,0,0,0,0,0,1.804,32.34,124.696,320.1,691.768,758.472,1029.82,1206.656,1246.696,1505.944,1951.048,2402.444,2047.496,2310.396,2643.3,2809.092,2515.392,2595.34,2322.276,2088.636,1762.024,1682.252,2029.896,1679.788,1275.956,885.016,752.84,577.808,235.752,123.332,51.656,9.68,0.352,0,0,0,0,0,0
15-08,0,0,0,0,0,0,0,0,0,2.332,61.908,158.048,288.508,748.924,993.124,1175.196,1828.64,2198.504,2583.196,2889.612,3075.512,3299.252,3266.604,3317.776,3012.108,3007.312,2892.164,2564.364,2648.536,2560.888,2479.752,2049.124,1641.596,1265.396,1005.664,776.38,524.832,257.004,97.944,31.988,8.316,0.22,0,0,0,0,0,0
16-08,0,0,0,0,0,0,0,0,0,1.408,39.028,156.684,276.144,366.828,473.88,651.552,895.004,1055.78,1251.976,1546.424,1748.868,1657.876,1916.596,2141.744,2178.792,2034.824,2050.972,1904.496,1867.14,1621.532,1841.84,1527.284,1334.916,1217.04,931.964,789.8,434.588,239.844,92.928,27.192,5.324,0.176,0,0,0,0,0,0
17-08,0,0,0,0,0,0,0,0,0,1.452,45.276,137.324,271.744,571.12,884.884,1104.84,1315.82,1757.448,1867.008,1832.336,2245.76,2199.648,1921.348,1941.5,2128.06,2217.336,2070.992,1979.472,2052.996,1993.684,1849.936,1729.2,1499.344,1171.896,965.316,767.536,521.708,239.228,89.628,32.34,3.168,0,0,0,0,0,0,0
18-08,0,0,0,0,0,0,0,0,0,0.396,19.316,84.7,182.556,344.564,543.224,776.864,991.364,1123.76,1274.9,1443.728,1397.264,1568.248,1553.728,1738.308,2145.792,2173.16,2008.644,1911.668,1825.472,1491.996,1550.164,1222.188,1152.624,813.472,580.36,450.252,290.136,138.556,73.392,32.428,4.488,0.176,0,0,0,0,0,0
19-08,0,0,0,0,0,0,0,0,0,0.396,36.916,119.46,247.236,382.272,584.276,732.38,990.572,1225.928,1284.008,1735.8,1483.152,1616.384,1769.02,1974.236,1756.964,1551.176,1332.364,1432.244,1461.46,1548.888,1162.084,1229.008,1036.904,812.108,686.708,486.86,360.316,180.444,67.848,22.176,3.74,0,0,0,0,0,0,0
20-08,0,0,0,0,0,0,0,0,0,0.044,31.328,143.528,224.62,441.672,643.808,896.412,1182.148,1558.876,1857.372,2303.488,2173.116,2446.796,2521.024,2528.372,2303.444,2491.852,2635.16,2296.096,2110.328,1854.292,2196.832,1643.708,1138.456,1041.832,736.78,540.144,335.544,177.32,106.48,36.3,2.772,0,0,0,0,0,0,0
21-08,0,0,0,0,0,0,0,0,0,0,15.4,109.472,266.288,446.908,692.648,927.3,1390.664,1573.22,1821.82,2107.644,2301.024,2357.52,2124.496,1790.316,1665.4,2205.192,2043.756,1722.6,1789.744,1653.74,1789.832,1531.596,1260.644,1009.624,747.032,599.72,367.884,144.672,43.648,13.376,1.452,0,0,0,0,0,0,0
22-08,0,0,0,0,0,0,0,0,0,0,21.56,119.416,180.224,374.88,567.292,823.152,900.152,1191.696,1423.576,1732.192,1926.892,1935.648,1819.268,1736.196,1623.292,1547.788,1910.48,1919.544,1718.728,1476.728,1312.916,1142.372,1103.784,963.952,760.98,588.192,373.472,170.632,69.124,18.04,1.408,0,0,0,0,0,0,0
23-08,0,0,0,0,0,0,0,0,0,0,22.088,120.78,351.032,611.776,756.756,1008.216,1223.596,1445.488,1415.568,1837.66,2029.016,2153.272,1803.604,1989.812,1964.116,2178.352,1872.816,1985.544,1938.244,1916.64,1746.448,1619.464,1542.684,1131.944,731.896,471.02,311.872,161.744,48.664,16.456,1.188,0,0,0,0,0,0,0
24-08,0,0,0,0,0,0,0,0,0,0,15.708,82.808,197.56,433.4,711.392,975.612,1235.96,1722.38,1847.34,2556.268,2760.912,2845.524,3079.56,2925.824,2750.616,2097.964,3280.596,2227.412,2098.14,2217.512,1994.476,1392.204,1289.992,953.084,790.372,597.872,366.608,171.468,50.292,11,0.396,0,0,0,0,0,0,0
25-08,0,0,0,0,0,0,0,0,0,0,11.66,77.22,188.452,580.624,950.488,1268.52,1600.236,1920.6,2256.54,2333.628,2575.804,2738.12,2914.824,2749.824,2595.692,2389.992,2575.1,2664.508,2180.992,2385.548,1766.996,1656.204,1412.268,1012.176,877.272,680.372,366.08,165.352,75.68,24.068,0.748,0,0,0,0,0,0,0
26-08,0,0,0,0,0,0,0,0,0,0,14.036,101.068,167.948,299.42,528.616,739.068,1189.716,1750.232,2329.888,2721.444,2825.46,3006.608,2509.716,2167.132,2360.864,2536.424,2437.512,2320.12,1764.092,2166.868,1612.776,1697.608,1494.944,994.312,1017.808,655.952,372.372,230.252,82.984,21.428,0.792,0,0,0,0,0,0,0
27-08,0,0,0,0,0,0,0,0,0,0,11.484,102.168,222.772,506.264,1016.884,1271.688,1602.216,2018.94,1904.76,2051.588,2293.192,1795.42,1936.396,1582.196,2056.076,1869.34,1401.092,1795.64,2306.304,1984.532,1893.408,1104.312,1024.144,866.272,642.444,485.892,199.232,91.784,43.824,11.176,0.352,0,0,0,0,0,0,0
28-08,0,0,0,0,0,0,0,0,0,0,12.32,90.332,206.14,563.948,838.596,993.212,1162.744,1543.168,2055.68,2166.956,2363.504,2693.812,2650.692,2615.096,1835.02,1990.692,1893.012,2018.764,1695.32,1543.608,1792.076,1683.748,1145.364,614.372,532.928,517.044,273.856,87.428,14.432,3.3,0.088,0,0,0,0,0,0,0
29-08,0,0,0,0,0,0,0,0,0,0,12.144,111.54,246.708,402.336,597.256,705.98,1059.124,1641.772,1897.852,2189.352,1837.924,2395.536,2438.612,2799.896,2271.984,2164.184,2259.972,2106.676,1992.1,2127.356,2206.952,2101.836,1629.892,1286.12,968.748,518.936,272.844,105.116,39.644,6.512,0.088,0,0,0,0,0,0,0
30-08,0,0,0,0,0,0,0,0,0,0,4.312,74.668,190.344,564.564,756.096,1318.68,1545.148,2019.204,2486.088,2220.504,2705.076,2427.26,2181.916,2444.772,2424.312,2220.768,2035.396,1839.464,1755.732,1522.62,1281.236,1115.752,893.948,766.7,603.416,402.336,254.892,111.364,44,5.764,0.088,0,0,0,0,0,0,0
31-08,0,0,0,0,0,0,0,0,0,0,26.84,130.372,429.792,815.848,1230.592,1538.152,1940.136,2269.872,2433.376,2555.608,2960.012,2804.824,3067.724,2668.248,2988.568,3313.596,2883.716,2787.576,2703.052,2499.816,1664.168,1508.1,1166.924,837.452,611.38,401.632,228.976,91.036,26.092,4.444,0.088,0,0,0,0,0,0,0
01-09,0,0,0,0,0,0,0,0,0,3.52,39.204,110.748,265.936,514.668,679.14,1094.72,1293.292,1530.232,1792.164,1912.812,2010.536,2019.82,2514.776,2157.936,2402.796,2217.072,2593.888,2663.232,1870.352,1762.288,2058.188,1665.84,1363.736,1145.584,657.36,446.512,239.712,94.6,33.22,4.18,0.088,0,0,0,0,0,0,0
02-09,0,0,0,0.088,0,0,0,0,0,3.52,23.98,88.968,353.276,634.832,989.164,1355.464,1492.304,2068.308,2485.208,2687.128889,3248.989333,2899.38,2790.304,2116.092,2390.564,2104.74,2379.696,2233.616,1865.292,1608.64,1469.512,1302.444,1064.184,821.04,626.428,404.052,217.976,85.184,31.064,3.916,0.22,0,0,0,0,0,0,0
03-09,0,0,0,0,0,0,0,0,0,0,0.66,44.132,159.588,334.092,507.144,636.416,655.996,993.388,1200.848,1467.532,1806.376,2077.02,2322.232,1873.036,1545.676,1494.944,1533.224,2125.772,1668.128,1490.632,1278.464,1181.136,952.336,786.016,494.956,299.728,140.404,58.168,21.472,2.596,0,0,0,0,0,0,0,0
04-09,0,0,0,0,0,0,0,0,0,0,32.736,40.7,94.512,241.692,373.12,485.32,812.152,1153.9,1196.272,1328.624,1628.88,1507.704,1535.512,1593.592,1655.368,1883.332,1857.284,1995.356,1355.86,1366.112,1390.488,1391.896,1160.412,938.3,494.736,338.8,198.088,91.432,31.372,2.992,0,0,0,0,0,0,0,0
05-09,0,0,0,0,0,0,0,0,0,0,14.82311111,74.63377778,313.9791111,651.816,832.348,1177.322667,1499.823111,1809.651556,1592.726667,2467.837778,2579.974222,2329.061778,2736.853778,2524.592889,2827.014667,2720.270667,2584.486667,2845.876,2296.966222,1773.718222,1790.110667,1255.525333,1391.856889,956.3106667,602.7217778,331.628,153.3008889,61.84444444,25.53955556,1.833333333,0,0,0,0,0,0,0,0
06-09,0,0,0,0,0,0,0,0,0,0,7.128,63.36,203.72,284.284,815.364,821.436,903.496,1230.636,1804.572,2139.632,2287.384,2261.116,2191.596,2528.24,2283.6,2478.96,2432.32,1949.772,1991.396,1838.452,1941.412,1401.312,1155.88,908.248,741.004,421.916,199.012,86.812,29.392,1.76,0,0,0,0,0,0,0,0
07-09,0,0,0,0,0,0,0,0,0,0,3.564,54.428,143.396,286.088,562.012,934.912,1212.728,1305.788,1934.812,2166.56,1858.428,1806.068,1787.28,1898.248,1660.78,1643.356,1570.492,1633.544,1405.052,1509.992,1468.016,1381.996,1221.088,731.28,485.628,266.024,138.864,69.916,18.348,0.88,0,0,0,0,0,0,0,0
08-09,0,0,0,0,0,0,0,0,0,0,7.084,50.864,166.54,611.204,839.52,1100.528,1457.192,1912.24,2489.212,2686.552,2603.524,2462.724,2475.66,2457.488,2642.112,2650.956,2097.128,2486.176,2327.732,2256.716,1498.464,1620.08,1330.868,951.588,549.604,315.216,159.984,58.3,17.732,0.748,0,0,0,0,0,0,0,0
09-09,0,0,0,0,0,0,0,0,0,0,7.04,46.552,146.872,580.052,818.004,1102.464,1500.928,1862.388,2133.296,2228.072,2466.816,2413.708,2748.68,3036.132,2797.3,2449.172,2639.824,2576.728,2064.084,1656.996,1312.256,1109.592,932.844,688.028,463.408,296.076,128.216,53.636,13.024,0.396,0,0,0,0,0,0,0,0
10-09,0,0,0,0,0,0,0,0,0,0,0,25.74,108.9,204.776,415.184,568.568,749.628,715.572,1302.356,1363.912,1230.152,1498.948,1827.672,1983.652,1907.356,1463.836,1548.316,1608.464,1430.088,1153.944,1107.26,1008.216,767.184,660.528,342.936,167.332,89.188,37.4,9.02,0.22,0,0,0,0,0,0,0,0
11-09,0,0,0,0,0,0,0,0,0,0,3.52,64.46,193.644,332.332,544.236,750.112,1519.892,1679.172,1994.696,2087.976,2196.128,2697.728,2572.46,2858.68,2261.292,3135.88,2812.392,2564.936,2430.516,2236.652,1830.972,1276.88,979.088,802.78,500.104,256.828,90.816,28.512,7.04,0.088,0,0,0,0,0,0,0,0
12-09,0,0,0,0,0,0,0,0,0,0,3.52,42.592,151.052,555.764,888.228,1254,1315.688,1823.932,1874.796,1816.408,2084.104,2214.696,2088.504,2782.692,2509.804,2545.356,2563.968,2078.604,2119.436,2085.512,1816.892,1316.964,999.064,561.352,321.728,149.864,53.68,19.008,4.532,0.176,0,0,0,0,0,0,0,0
13-09,0,0,0,0,0,0,0,0,0,0,3.52,63.096,202.444,480.128,800.096,1218.8,1656.556,1974.412,2286.768,2588.696,2735.216,2724.744,2561.636,2199.164,3239.192,2868.052,3056.812,2535.94,2444.068,2370.368,1826.792,1551,1064.888,661.804,370.876,231.22,88.528,30.448,6.116,0.132,0,0,0,0,0,0,0,0
14-09,0,0,0,0,0,0,0,0,0,0,14.08,79.85511111,199.4862222,472.5208889,701.7853333,1080.820889,1339.355111,1593.244889,1873.476,2071.578667,1957.496444,1918.942667,1763.480889,1816.158667,1840.202222,1776.676,1674.014222,1604.416,1505.816889,1362.445333,1327.440889,1187.173778,922.0395556,562.3591111,321.7964444,161.1475556,76.08577778,23.60355556,2.464,0,0,0,0,0,0,0,0,0
15-09,0,0,0,0,0,0,0,0,0,0,0,10.56,81.928,226.38,377.344,582.164,781.484,1194.028,1496.22,1468.852,1661.66,1691.36,2077.46,2138.576,2334.288,2304.148,1776.676,1983.96,1975.292,1632.62,1170.268,1023.66,795.476,591.976,409.684,244.904,147.004,39.16,2.86,0,0,0,0,0,0,0,0,0
16-09,0,0,0,0,0,0,0,0,0,0,0,27.984,158.928,328.372,403.876,778.448,915.2,1684.232,1999.58,1961.608,2125.024,2259.708,2590.06,2679.644,2530.352,2728.22,1830.84,2094.312,1591.304,1696.024,1426.392,1379.972,1112.188,702.24,447.348,227.172,85.096,24.376,1.98,0,0,0,0,0,0,0,0,0
17-09,0,0,0,0,0,0,0,0,0,0,0,6.556,49.104,167.816,353.1,596.86,919.6,1145.716,1369.368,1819.444,1898.556,2274.184,2630.408,2501.18,2754.4,2343.308,2027.916,1849.584,1881.66,2010.052,1677.148,1431.54,1150.16,831.82,451.704,228.316,104.28,37.708,3.52,0,0,0,0,0,0,0,0,0
18-09,0,0,0,0,0,0,0,0,0,0,0,41.976,140.404,234.828,506.308,850.256,1172.644,1248.588,1565.608,1561.736,1732.544,2003.144,2444.684,2614.172,2422.552,2463.34,2303.224,2489.168,1907.488,1710.94,1612.38,1273.14,1020.008,657.448,432.96,223.08,96.8,26.532,1.364,0,0,0,0,0,0,0,0,0
19-09,0,0,0,0,0,0,0,0,0,0,0,6.248,90.332,168.124,281.688,537.636,835.12,903.32,971.828,1143.604,1280.488,1371.348,1629.848,1567.148,1879.196,1898.028,1955.492,2067.472,1975.908,1813.68,1480.908,1194.072,780.648,594.616,346.544,184.184,70.488,24.068,1.232,0,0,0,0,0,0,0,0,0
20-09,0,0,0,0,0,0,0,0,0,0,0,11.22,43.824,90.552,190.608,498.3,998.756,1150.072,1194.864,1186.372,1330.472,1252.724,1203.532,1274.152,1364.968,1314.984,1278.244,1149.544,1017.016,1013.364,848.144,785.928,575.652,372.328,298.716,194.084,111.628,33.132,1.144,0,0,0,0,0,0,0,0,0
21-09,0,0,0,0,0,0,0,0,0,0,0,14.608,57.86,255.464,668.052,913.748,1282.248,1675.212,2052.864,2434.96,2665.08,2840.244,3040.224,3102.66,2873.508,2525.864,2610.036,2595.208,1821.424,1841.84,1679.216,1382.304,935.044,632.104,390.764,196.504,77.352,23.32,0.352,0,0,0,0,0,0,0,0,0
22-09,0,0,0,0,0,0,0,0,0,0,0,14.79377778,70.61511111,278.0115556,736.5404444,994.6835556,1301.969778,1704.608889,2035.176,2369.722667,2505.369778,2620.043556,2543.268444,2515.059556,2583.269333,2579.710222,2536.189333,2208.751111,2094.048,1699.397333,1353.528,1033.579556,581.9244444,441.8382222,231.3128889,89.81866667,29.92977778,7.343111111,0.44,0,0,0,0,0,0,0,0,0
23-09,0,0,0,0,0,0,0,0,0,0,0,14.256,73.7,243.848,721.6,937.684,1242.34,1645.688,2055.988,2348.148,2615.448,2822.996,2726.02,2219.448,2245.232,1800.348,1520.552,1473.824,1759.824,1410.244,884.092,880.088,724.108,480.348,305.8,168.168,58.828,20.68,0.132,0,0,0,0,0,0,0,0,0
24-09,0,0,0,0,0,0,0,0,0,0,0,22,83.688,210.54,645.084,890.516,1222.848,1515.932,1548.272,1708.784,1892.924,2005.652,1956.592,1518.396,1762.904,1874.752,1552.936,1242.604,1241.196,1231.296,1088.78,882.068,714.736,480.612,280.544,142.428,81.532,14.828,0.088,0,0,0,0,0,0,0,0,0
25-09,0,0,0,0,0,0,0,0,0,0,0,7.084,48.84,174.636,618.728,875.424,1169.256,1528.384,1928.828,2275.988,2300.496,2348.324,2272.776,2052.776,2101.924,2227.324,1866.92,2374.372,2140.116,1843.204,1273.404,1105.456,788.964,599.72,253.308,127.424,27.412,5.896,0.088,0,0,0,0,0,0,0,0,0
26-09,0,0,0,0,0,0,0,0,0,0,0,10.56,52.096,158.4,548.284,825.748,1101.936,1191.388,1502.028,2110.768,1760.924,1405.536,1428.46,1819.928,1626.416,1357.356,1298.792,1345.168,1115.004,1004.96,786.192,695.068,433.708,348.128,183.744,90.112,32.56,5.104,0,0,0,0,0,0,0,0,0,0
27-09,0,0,0,0,0,0,0,0,0,0,0,14.08,51.35777778,175.9315556,536.3795556,734.2622222,1027.131111,1257.353778,1508.32,1423.986667,1548.663111,1655.641778,1870.361778,1681.332889,1514.851556,1461.196,1548.687556,1426.641333,1440.203111,1438.927111,1164.264444,842.0573333,634.6315556,488.2044444,326.2111111,163.2008889,54.12,5.905777778,0,0,0,0,0,0,0,0,0,0
28-09,0,0,0,0,0,0,0,0,0,0,0,0.097777778,23.30044444,134.9333333,334.9475556,635.2328889,928.5075556,1556.016,1889.399111,2279.767111,2328.382222,2454.427556,2728.655111,2627.347556,2514.6,2202.385778,2215.712889,1779.545778,1194.316444,1221.713778,931.1475556,695.6888889,484.2737778,267.5493333,103.2435556,29.34311111,6.834666667,0.88,0,0,0,0,0,0,0,0,0,0
29-09,0,0,0,0,0,0,0,0,0,0,0,3.52,37.884,117.744,556.6,853.952,1131.152,1560.636,1834.316,2372.568,2548.128,1966.8,2145.528,2121.812,2250.952,2133.252,2021.536,1651.584,1600.148,1484.956,1199.176,1148.048,817.96,587.224,324.016,119.988,34.496,4.092,0,0,0,0,0,0,0,0,0,0
30-09,0,0,0,0,0,0,0,0,0,0,0,0,30.05688889,127.0817778,524.7537778,687.9057778,917.4977778,1131.807111,1237.514667,1760.234667,2144.051556,2135.153778,2186.193778,1773.473778,1830.673778,1883.904,1791.347556,1322.493333,907.0551111,718.0897778,589.2577778,461.1786667,316.2524444,130.0835556,60.62222222,20.96355556,8.614222222,1.036444444,0,0,0,0,0,0,0,0,0,0
01-10,0,0,0,0,0,0,0,0,0,0,0,0,13.288,67.232,186.384,401.148,601.612,769.824,931.084,988.504,1063.26,1118.128,1184.084,1070.344,1132.648,971.784,963.512,902.264,1051.556,969.54,819.72,648.032,572.044,359.348,170.236,90.2,20.68,0.924,0,0,0,0,0,0,0,0,0,0
02-10,0,0,0,0,0,0,0,0,0,0,0,0,13.64,106.7,329.868,563.728,774.972,1049.752,1331,1459.26,1601.644,1802.812,1849.276,1913.032,2070.596,2034.12,1736.812,1396.164,1187.78,985.204,937.816,767.272,480.48,275.704,101.948,38.016,9.416,0.44,0,0,0,0,0,0,0,0,0,0
03-10,0,0,0,0,0,0,0,0,0,0,0,3.564,37.664,125.576,209.484,328.812,512.468,805.288,899.052,1064.668,1229.448,1211.408,1352.472,1388.112,1332.54,1345.124,1100.792,995.588,923.076,832.04,741.708,643.676,388.608,318.516,136.576,55.836,23.452,0.572,0,0,0,0,0,0,0,0,0,0
04-10,0,0,0,0,0,0,0,0,0,0,0,3.52,50.864,187.176,458.832,373.296,455.224,687.104,946.264,1257.168,1502.336,1702.624,1716.748,1770.912,2012.516,1866.876,2097.436,1643.972,1567.94,1457.676,889.856,718.3,465.916,316.536,177.936,77.748,18.568,0.176,0,0,0,0,0,0,0,0,0,0
05-10,0,0,0,0,0,0,0,0,0,0,0,0,20.25955556,125.8595556,425.4408889,778.6142222,1095.345778,1157.092444,1568.922667,2031.597333,2168.681778,2025.232,2065.311111,2000.024889,2190.838222,1811.978667,1649.276444,1506.912,1342.166222,954.2426667,906.6151111,589.1697778,434.4951111,248.5608889,84.27466667,31.38666667,10.05155556,0,0,0,0,0,0,0,0,0,0,0
06-10,0,0,0,0,0,0,0,0,0,0,0,0,15.18,80.916,356.048,678.612,1034.088,1447.908,1680.8,1983.036,2216.456,2377.408,2314.092,2485.824,2492.248,2034.032,1912.592,1451.252,1179.288,1082.884,1282.776,819.676,433.224,261.888,102.608,43.516,11,0.088,0,0,0,0,0,0,0,0,0,0
07-10,0,0,0,0,0,0,0,0,0,0,0,0,11.396,88.968,210.276,296.912,554.84,705.936,737.396,915.64,1114.344,1045.352,1058.992,1228.964,1338.128,1235.3,1163.756,1135.948,962.852,886.072,868.956,647.372,406.692,251.988,153.868,53.9,9.196,0.088,0,0,0,0,0,0,0,0,0,0
08-10,0,0,0,0,0,0,0,0,0,0,0,0,4.136,60.852,171.468,357.016,498.344,776.336,932.624,1221.924,1500.18,1705.88,1755.468,1952.06,1878.272,1733.864,1659.152,1512.104,1386.528,1208.812,1092.168,817.124,574.596,316.404,137.896,54.252,5.06,0,0,0,0,0,0,0,0,0,0,0
09-10,0,0,0,0,0,0,0,0,0,0,0,0,7.685333333,105.6195556,186.3155556,524.8906667,554.9084444,1029.443556,1248.133333,1733.658667,2307.330667,2186.663111,2065.663111,2310.449778,2136.297778,2054.438222,1593.288889,1239.245333,1548.643556,1284.408889,1036.581333,664.3315556,381.3333333,217.6533333,106.6071111,41.37955556,5.622222222,0,0,0,0,0,0,0,0,0,0,0
10-10,0,0,0,0,0,0,0,0,0,0,0,0,3.803555556,36.432,126.0453333,267.2951111,524.6853333,772.9431111,1050.622222,1438.545778,1741.813333,1849.124444,1690.333333,1657.206222,1645.648889,1473.970667,1259.465778,1274.836444,1318.034667,1136.735111,836.0097778,671.4693333,569.6924444,347.8151111,175.5795556,66.97777778,3.471111111,0,0,0,0,0,0,0,0,0,0,0
11-10,0,0,0,0,0,0,0,0,0,0,0,3.52,43.032,134.596,327.36,456.676,737.792,1085.348,1369.676,1605.604,1817.244,2098.976,1859.088,1918.004,1866.48,1748.648,1729.552,1615.768,1334.872,1210.968,817.916,469.216,306.064,190.344,101.244,38.544,3.784,0,0,0,0,0,0,0,0,0,0,0
12-10,0,0,0,0,0,0,0,0,0,0,0,0,17.776,78.408,309.012,568.7,795.916,1050.5,1342.176,1524.908,1623.776,1761.98,1876.776,2063.38,1918.84,1861.552,1694.924,1513.16,1246.036,1010.548,709.5,364.012,236.016,105.424,43.956,12.012,1.32,0,0,0,0,0,0,0,0,0,0,0
13-10,0,0,0,0,0,0,0,0,0,0,0,0,3.52,33.704,114.576,258.72,580.008,804.144,780.384,901.824,1042.448,1050.544,1096.216,1035.936,1204.148,1078.132,1028.192,810.612,769.692,612.964,481.756,391.556,231.704,143.572,67.144,33.484,2.552,0,0,0,0,0,0,0,0,0,0,0
14-10,0,0,0,0,0,0,0,0,0,0,0,0,0.048888889,11.14666667,74.976,189.0631111,353.0266667,485.7991111,776.4631111,1101.124444,1313.126222,1252.68,1270.28,1235.549333,1404.147556,1259.592889,960.7448889,1012.322667,906.1946667,743.9715556,657.8195556,355.1093333,275.2444444,132.3715556,79.97244444,22.63555556,1.368888889,0,0,0,0,0,0,0,0,0,0,0
15-10,0,0,0,0,0,0,0,0,0,0,0,0,0,14.476,58.872,151.448,326.524,495.616,725.076,990.836,1201.068,1242.516,1427.624,1360.964,1400.124,1394.932,1351.592,1167.452,1163.976,959.024,811.404,510.136,366.388,251.24,94.38,25.3,0.924,0,0,0,0,0,0,0,0,0,0,0
16-10,0,0,0,0,0,0,0,0,0,0,0,0,0,8.536,58.608,135.432,214.808,390.324,617.1,786.28,904.904,1179.772,1172.6,1204.5,1145.848,1129.832,1162.92,1009.492,943.536,838.508,748.484,518.628,296.032,154.748,68.728,17.732,0.44,0,0,0,0,0,0,0,0,0,0,0
17-10,0,0,0,0,0,0,0,0,0,0,0,0,0,17.204,96.976,265.1,492.008,751.08,903.54,1107.128,1391.28,1525.568,1668.92,1707.332,1402.984,1354.892,1255.76,1354.144,1141.888,960.124,750.508,530.42,321.42,170.28,59.84,15.048,0.396,0,0,0,0,0,0,0,0,0,0,0
18-10,0,0,0,0,0,0,0,0,0,0,0,0,0,12.01688889,80.77422222,218.2497778,382.6533333,704.8995556,979.528,1144.215111,1276.752889,1448.255111,1545.456,1378.950222,1385.902222,1452.410667,1256.855111,1305.059556,1179.160889,878.4257778,599.4168889,366.784,178.4933333,61.82488889,17.73688889,4.478222222,0,0,0,0,0,0,0,0,0,0,0,0
19-10,0,0,0,0,0,0,0,0,0,0,0,0,0,60.67111111,203.3777778,286.7822222,580.5066667,884.9866667,916.5688889,1031.848889,950.2044444,1078.586667,946.2933333,1049.448889,1006.524444,991.4666667,931.04,887.2355556,601.5777778,483.4133333,335.1333333,263.4622222,150.48,67.85777778,31.53333333,6.013333333,0,0,0,0,0,0,0,0,0,0,0,0
20-10,0,0,0,0,0,0,0,0,0,0,0,0,0,15.004,64.812,173.448,305.008,550.264,575.74,668.272,933.592,894.212,952.424,849.904,1114.696,871.024,877.932,997.128,1049.532,769.912,570.196,280.192,115.368,89.936,33.704,6.16,0,0,0,0,0,0,0,0,0,0,0,0
21-10,0,0,0,0,0,0,0,0,0,0,0,0,3.52,39.6,162.888,297.308,369.82,419.804,637.736,800.712,899.756,1194.688,1360.04,991.54,1143.428,1129.964,992.464,960.344,702.152,623.876,615.12,434.588,280.016,134.112,56.98,6.556,0.088,0,0,0,0,0,0,0,0,0,0,0
22-10,0,0,0,0,0,0,0,0,0,0,0,0,0,31.416,259.248,516.868,795.388,1059.212,967.516,1289.464,1594.912,1634.16,1858.56,1824.46,1707.904,1803.516,1962.708,1471.712,1260.82,839.96,704.528,452.936,238.084,99.44,35.904,6.16,0,0,0,0,0,0,0,0,0,0,0,0
23-10,0,0,0,0,0,0,0,0,0,0,0,0,0,2.068,64.284,166.056,310.156,583.704,854.744,1068.364,1184.964,1275.252,1399.376,1684.936,1784.068,1600.456,1417.328,935.044,1067.924,616.616,494.12,284.328,134.024,74.888,24.904,2.2,0,0,0,0,0,0,0,0,0,0,0,0
24-10,0,0,0,0,0,0,0,0,0,0,0,0,0,28.512,231.616,415.184,608.124,751.08,653.752,1036.728,1142.284,1056.176,1139.336,1430.66,1456.312,1488.08,1210.836,1226.368,1118.744,920.832,551.408,320.144,175.736,75.064,32.296,2.948,0,0,0,0,0,0,0,0,0,0,0,0
25-10,0,0,0,0,0,0,0,0,0,0,0,0,0,18.568,195.668,533.984,675.268,937.288,1245.948,1309.396,1350.844,1557.864,1793.132,1703.768,1811.04,1486.892,1187.824,1702.624,1082.752,1007.6,699.072,379.5,183.26,114.092,30.58,1.936,0,0,0,0,0,0,0,0,0,0,0,0
26-10,0,0,0,0,0,0,0,0,0,0,0,0,0,33.704,261.536,437.976,557.436,698.368,765.424,760.54,790.812,750.288,664.708,751.476,745.36,923.076,804.232,815.32,863.28,622.116,403.348,332.2,187.396,77.572,22.088,2.068,0,0,0,0,0,0,0,0,0,0,0,0
27-10,0,0,0,0,0,0,0,0,0,0,0,0,0,11.176,92.356,376.508,668.712,884.752,1161.864,1048.96,1121.824,1359.204,1354.76,1205.644,1457.984,1562.66,1467.576,1500.62,1070.74,754.6,533.06,300.124,132.484,36.344,14.872,0.88,0,0,0,0,0,0,0,0,0,0,0,0
28-10,0,0,0,0,0,0,0,0,0,0,0,0,0,11.22,73.876,349.844,598.928,690.756,1044.736,1419.352,1626.108,1846.02,1910.128,1732.764,1831.764,1512.148,1315.952,1040.6,812.504,637.428,469.656,209.308,111.98,43.252,19.668,0.968,0,0,0,0,0,0,0,0,0,0,0,0
29-10,0,0,0,0,0,0,0,0,0,0,0,0,0,3.784,42.46,147.664,292.512,439.252,593.692,809.644,1136.872,1373.416,1711.556,1778.392,1754.632,1629.408,1339.36,1047.992,919.468,661.1,436.832,248.116,142.076,39.556,9.46,0.22,0,0,0,0,0,0,0,0,0,0,0,0
30-10,0,0,0,0,0,0,0,0,0,0,0,0,3.52,35.992,147.708,287.804,409.024,659.692,917.664,903.056,1020.668,1199.44,1061.94,930.38,943.052,926.816,793.54,658.02,629.2,558.932,386.716,181.764,92.4,34.628,9.988,0.308,0,0,0,0,0,0,0,0,0,0,0,0
31-10,0,0,0,0,0,0,0,0,0,0,0,0,0,0,48.71288889,187.0782222,272.8244444,463.7502222,524.1182222,660.9288889,819.0502222,784.5053333,877.8928889,1189.188,1045.195556,972.6004444,936.496,854.4653333,682.6013333,423.1186667,229.7044444,114.312,21.97555556,0.391111111,0,0,0,0,0,0,0,0,0,0,0,0,0,0
01-11,0,0,0,0,0,0,0,0,0,0,0,0,0,0,82.896,236.896,414.392,480.128,637.516,957.792,1108.624,948.552,1366.552,1482.8,1530.936,1204.72,1070.344,755.084,704.528,490.248,362.78,177.716,47.96,1.32,0,0,0,0,0,0,0,0,0,0,0,0,0,0
02-11,0,0.176,0,0,0,0,0,0,0,0,0,0,0,3.52,66.88,200.904,595.672,938.718,1164.658,1087.944,1566.664,1491.776,1377.288,1403.908,1539.78,1518.88,1450.24,1243.704,919.864,582.208,335.456,142.516,33.176,1.584,0,0,0,0,0,0,0,0,0,0,0,0,0,0
03-11,0,0,0,0,0,0,0,0,0,0,0,0,0,0,17.732,131.56,352.66,595.672,787.424,1020.316,992.992,1027.488,1046.232,1157.156,1099.868,819.412,783.464,721.38,461.692,355.74,235.004,76.34,10.428,0,0,0,0,0,0,0,0,0,0,0,0,0,0,0
04-11,0,0,0,0,0,0,0,0,0,0,0,0,0,0,22.352,104.368,224.004,378.62,566.324,723.316,1007.82,1155.352,1358.192,1564.904,1375.792,945.296,815.584,641.432,574.024,395.56,220.132,113.696,17.952,0.044,0,0,0,0,0,0,0,0,0,0,0,0,0,0
05-11,0,0,0,0,0,0,0,0,0,0,0,0,0,0,9.944,83.468,291.236,499.136,665.632,887.304,1323.212,1358.632,1493.58,1233.452,1237.368,863.764,597.124,548.9,419.804,334.18,238.436,100.144,13.332,0,0,0,0,0,0,0,0,0,0,0,0,0,0,0
06-11,0,0,0,0,0,0,0,0,0,0,0,0,0,0,20.45511111,152.1226667,282.568,522.1626667,862.8888889,1029.091556,957.4791111,1015.334222,1003.649778,1167.691556,1214.184889,1130.174222,879.9706667,651.5031111,557.5777778,378.4488889,201.5297778,60.896,10.48177778,0,0,0,0,0,0,0,0,0,0,0,0,0,0,0
07-11,0,0,0,0,0,0,0,0,0,0,0,0,0,0,26.488,97.812,210.848,476.696,518.936,647.02,690.448,582.604,654.588,666.38,561.968,431.948,372.636,341.308,309.716,210.364,114.928,42.812,5.544,0,0,0,0,0,0,0,0,0,0,0,0,0,0,0
08-11,0,0,0,0,0,0,0,0,0,0,0,0,0,0,32.032,106.348,329.428,432.696,616.616,816.816,1248.632,940.852,1045.264,1057.848,1020.888,919.468,811.58,679.404,531.168,403.612,178.904,61.908,6.072,0,0,0,0,0,0,0,0,0,0,0,0,0,0,0
09-11,0,0,0,0,0,0,0,0,0,0,0,0,0,0,43.164,101.464,194.656,357.016,644.512,667.216,720.544,675.092,688.336,880.704,750.816,606.54,565.4,467.368,337.612,189.42,83.732,33.924,3.212,0,0,0,0,0,0,0,0,0,0,0,0,0,0,0
10-11,0,0,0,0,0,0,0,0,0,0,0,0,0,0,41.536,207.064,502.964,730.18,776.38,940.368,1144.66,1104.884,982.74,951.28,829.004,673.42,679.8,583.132,333.916,235.84,192.28,52.14,8.976,0,0,0,0,0,0,0,0,0,0,0,0,0,0,0
11-11,0,0,0,0,0,0,0,0,0,0,0,0,0,0,0.899555556,59.488,188.1928889,301.048,453.6008889,654.6711111,787.424,820.0524444,825.9777778,883.8231111,983.6542222,1043.24,817.696,670.0026667,507.7697778,310.4542222,187.4791111,49.11377778,3.158222222,0,0,0,0,0,0,0,0,0,0,0,0,0,0,0
12-11,0,0,0,0,0,0,0,0,0,0,0,0,0,0,0.396,32.56,146.74,330.176,521.092,782.936,799.128,877.976,903.144,840.576,838.948,798.424,743.644,573.54,478.236,346.588,164.78,46.42,2.552,0,0,0,0,0,0,0,0,0,0,0,0,0,0,0
13-11,0,0,0,0,0,0,0,0,0,0,0,0,0,0,4.752,154.792,433.62,682.352,947.54,1207.536,1376.672,1233.804,1200.716,1222.452,1222.804,1078.132,867.988,749.98,579.744,353.056,156.816,43.692,2.068,0,0,0,0,0,0,0,0,0,0,0,0,0,0,0
14-11,0,0,0,0,0,0,0,0,0,0,0,0,0,0,0,15.268,59.752,153.164,255.684,354.992,401.324,469.788,468.424,544.192,491.304,416.372,370.128,280.676,218.9,156.156,68.552,20.196,1.54,0,0,0,0,0,0,0,0,0,0,0,0,0,0,0
15-11,0,0,0,0,0,0,0,0,0,0,0,0,0,0,0,14.575,81.257,177.727,299.651,436.59,568.073,679.382,795.707,755.612,658.801,660.671,641.817,458.029,366.982,268.4,126.225,35.343,1.606,0,0,0,0,0,0,0,0,0,0,0,0,0,0,0
16-11,0,0,0,0,0,0,0,0,0,0,0,0,0,0,0.132,21.032,108.108,277.288,443.124,560.824,710.424,622.468,560.868,621.72,595.936,547.14,580.844,352.704,342.144,225.676,109.472,32.956,1.232,0,0,0,0,0,0,0,0,0,0,0,0,0,0,0
17-11,0,0,0,0,0,0,0,0,0,0,0,0,0,0,3.52,89.19288889,349.0666667,531.5591111,766.7831111,968.3324444,1174.232889,1259.485333,1332.32,1225.439111,1151.519111,950.6542222,871.112,682.7235556,426.8293333,262.5333333,109.2373333,22.24444444,1.046222222,0,0,0,0,0,0,0,0,0,0,0,0,0,0,0
18-11,0,0,0,0,0,0,0,0,0,0,0,0,0,0,3.52,37.488,130.064,237.688,416.372,561.308,657.536,938.52,914.1,1279.828,1164.9,787.644,655.248,576.752,420.068,237.336,149.6,40.48,1.804,0,0,0,0,0,0,0,0,0,0,0,0,0,0,0
19-11,0,0,0,0,0,0,0,0,0,0,0,0,0,0,0.195555556,29.03022222,200.0337778,342.2613333,585.4248889,925.144,939.7422222,1127.456,1161.345778,996.2382222,873.3902222,666.5413333,747.8435556,647.4257778,449.1715556,291.28,120.8533333,25.64711111,0.850666667,0,0,0,0,0,0,0,0,0,0,0,0,0,0,0
20-11,0,0,0,0,0,0,0,0,0,0,0,0,0,0,3.52,44.49866667,233.7377778,413.3262222,383.4746667,604.6186667,910.4871111,893.1022222,934.208,1126.321778,1028.524444,829.8693333,780.1395556,678.9786667,437.5457778,281.9813333,137.5635556,26.08711111,0.371555556,0,0,0,0,0,0,0,0,0,0,0,0,0,0,0
21-11,0,0,0,0,0,0,0,0,0,0,0,0,0,0,3.52,60.984,280.72,464.112,629.156,805.816,931.172,992.684,988.108,1035.364,1023.924,826.364,720.06,576.004,346.236,188.672,62.084,11.352,0.352,0,0,0,0,0,0,0,0,0,0,0,0,0,0,0
22-11,0,0,0,0,0,0,0,0,0,0,0,0,0,0,0,16.324,112.112,245.608,375.848,422.312,462.704,520.696,572.792,641.784,765.952,709.456,682.572,518.32,321.64,194.832,69.036,13.728,0.264,0,0,0,0,0,0,0,0,0,0,0,0,0,0,0
23-11,0,0,0,0,0,0,0,0,0,0,0,0,0,0,0,8.448,92.4,317.504,423.896,631.092,841.632,698.94,596.772,608.212,539.352,524.744,479.688,357.896,352.044,223.564,80.52,16.236,0.264,0,0,0,0,0,0,0,0,0,0,0,0,0,0,0
24-11,0,0,0,0,0,0,0,0,0,0,0,0,0,0,0,39.292,101.332,208.032,321.684,451.088,613.14,745.58,642.268,582.78,650.188,655.82,550.396,569.712,395.34,233.376,108.152,17.072,0.264,0,0,0,0,0,0,0,0,0,0,0,0,0,0,0
25-11,0,0,0,0,0,0,0,0,0,0,0,0,0,0,0,16.984,209.836,397.628,676.456,891.264,1098.988,1220.032,1332.32,1346.092,1269.092,1198.912,1225.488,807.268,550.22,337.7,128.656,21.252,0.264,0,0,0,0,0,0,0,0,0,0,0,0,0,0,0
26-11,0,0,0,0,0,0,0,0,0,0,0,0,0,0,0,29.67555556,232.1244444,456.3288889,697.84,899.6533333,992.5422222,1115.106667,1213.263333,981.3955556,919.0133333,820.9422222,648.12,447.5288889,283.3111111,217.7511111,100.6133333,13.54222222,0,0,0,0,0,0,0,0,0,0,0,0,0,0,0,0
27-11,0,0,0,0,0,0,0,0,0,0,0,0,0,0,0,0.044,60.06,159.148,243.628,296.428,491.656,641.52,584.452,678.436,686.092,744.48,679.228,489.412,295.284,197.032,86.768,10.164,0.176,0,0,0,0,0,0,0,0,0,0,0,0,0,0,0
28-11,0,0,0,0,0,0,0,0,0,0,0,0,0,0,0,4.830222222,158.664,395.4133333,627.264,793.6133333,991.3004444,1066.198222,976.36,940.6515556,815.2124444,672.3786667,669.7484444,622.2968889,490.5804444,319.1564444,125.136,17.336,0.234666667,0,0,0,0,0,0,0,0,0,0,0,0,0,0,0
29-11,0,0,0,0,0,0,0,0,0,0,0,0,0,0,0,0.572,34.716,155.1,315.348,417.296,605.66,689.084,743.732,743.116,771.628,694.98,670.956,532.884,370.656,257.444,103.048,12.276,0.088,0,0,0,0,0,0,0,0,0,0,0,0,0,0,0
30-11,0,0,0,0,0,0,0,0,0,0,0,0,0,0,0,14.608,145.156,392.524,640.86,847.924,1029.424,1112.848,1061.544,1108.756,1066.12,965.756,768.02,664.268,355.608,186.692,72.908,9.812,0.264,0,0,0,0,0,0,0,0,0,0,0,0,0,0,0
01-12,0,0,0,0,0,0,0,0,0,0,0,0,0,0,0,0.528,26.972,116.688,307.164,457.908,526.108,608.608,653.224,665.94,740.608,717.244,602.58,537.856,392.172,181.72,54.736,8.58,0.176,0,0,0,0,0,0,0,0,0,0,0,0,0,0,0
02-12,0,0.088,0,0,0,0,0,0,0,0,0,0,0,0,0,14.212,138.16,292.0182222,529.6524444,709.764,899.228,1174.888,1285.9,1245.86,1208.812,1093.928,959.42,775.104,472.824,256.168,70.532,16.764,1.452,0,0,0,0,0,0,0,0,0,0,0,0,0,0,0
03-12,0,0,0,0,0,0,0,0,0,0,0,0,0,0,0,10.648,78.32,200.596,358.468,557.92,740.74,813.208,923.252,966.636,919.336,855.756,792.308,547.888,372.108,190.3,54.648,6.204,0,0,0,0,0,0,0,0,0,0,0,0,0,0,0,0
04-12,0,0,0,0,0,0,0,0,0,0,0,0,0,0,0,0.088,28.10622222,140.1448889,271.0253333,441.9751111,575.6275556,591.0617778,587.3364444,583.6208889,549.3742222,473.8506667,378.4977778,359.4897778,213.8302222,122.1097778,47.696,4.478222222,0,0,0,0,0,0,0,0,0,0,0,0,0,0,0,0
05-12,0,0,0,0,0,0,0,0,0,0,0,0,0,0,0,10.56,54.648,190.3,303.556,336.6,456.808,517.616,591.536,639.804,648.076,518.232,452.188,291.5,192.808,98.736,34.496,3.168,0,0,0,0,0,0,0,0,0,0,0,0,0,0,0,0
06-12,0,0,0,0,0,0,0,0,0,0,0,0,0,0,0,0,12.54,117.832,258.72,356.488,411.004,534.38,619.564,559.064,521.004,460.592,424.996,335.676,182.292,134.156,43.648,4.004,0,0,0,0,0,0,0,0,0,0,0,0,0,0,0,0
07-12,0,0,0,0,0,0,0,0,0,0,0,0,0,0,0,0,30.36,93.86666667,159.7688889,240.5333333,367.1066667,438.7288889,593.8044444,589.0133333,638.0977778,557.6755556,484.2444444,407.88,275.8311111,158.9377778,66.34222222,6.208888889,0,0,0,0,0,0,0,0,0,0,0,0,0,0,0,0
08-12,0,0,0,0,0,0,0,0,0,0,0,0,0,0,0,0,59.29244444,166.5253333,287.76,598.4,699.0915556,802.0222222,873.048,919.2675556,886.5804444,745.976,608.0115556,516.912,382.6044444,181.0257778,63.46755556,8.868444444,0,0,0,0,0,0,0,0,0,0,0,0,0,0,0,0
09-12,0,0,0,0,0,0,0,0,0,0,0,0,0,0,0,0,12.188,130.064,310.64,434.764,569.36,625.768,646.8,691.46,652.52,654.676,601.656,563.024,391.292,211.288,68.068,4.708,0,0,0,0,0,0,0,0,0,0,0,0,0,0,0,0
10-12,0,0,0,0,0,0,0,0,0,0,0,0,0,0,0,7.04,73.26,173.14,349.228,563.024,748.352,821.216,875.996,867.68,803.924,658.372,532.4,358.82,233.068,106.524,29.172,3.476,0,0,0,0,0,0,0,0,0,0,0,0,0,0,0,0
11-12,0,0,0,0,0,0,0,0,0,0,0,0,0,0,0,0,35.772,130.592,259.644,304.832,429.44,608.344,857.472,771.32,599.632,536.976,475.068,357.764,212.08,105.908,35.288,4.884,0,0,0,0,0,0,0,0,0,0,0,0,0,0,0,0
12-12,0,0,0,0,0,0,0,0,0,0,0,0,0,0,0,0,4.752,63.272,119.68,199.056,269.94,279.84,281.468,309.672,355.74,360.888,398.024,334.532,212.344,124.784,41.668,3.124,0,0,0,0,0,0,0,0,0,0,0,0,0,0,0,0
13-12,0,0,0,0,0,0,0,0,0,0,0,0,0,0,0,3.564,71.148,260.216,361.988,420.816,425.744,542.168,637.78,687.632,675.18,518.584,372.592,286.044,225.104,121.396,34.012,3.564,0,0,0,0,0,0,0,0,0,0,0,0,0,0,0,0
14-12,0,0,0,0,0,0,0,0,0,0,0,0,0,0,0,0,19.492,161.744,415.756,653.752,892.188,1063.744,1172.16,1309.352,1035.76,880.176,707.3,641.784,402.952,209.748,77.836,7.524,0.132,0,0,0,0,0,0,0,0,0,0,0,0,0,0,0
15-12,0,0,0,0,0,0,0,0,0,0,0,0,0,0,0,0,7.92,100.584,193.028,333.74,496.716,611.292,642.268,654.016,620.708,615.868,482.856,398.376,270.6,142.824,48.752,5.148,0,0,0,0,0,0,0,0,0,0,0,0,0,0,0,0
16-12,0,0,0,0,0,0,0,0,0,0,0,0,0,0,0,0,5.676,116.248,256.08,427.372,614.284,776.908,931.832,953.524,974.028,774.488,758.032,547.712,378.972,216.744,83.776,6.952,0.132,0,0,0,0,0,0,0,0,0,0,0,0,0,0,0
17-12,0,0,0,0,0,0,0,0,0,0,0,0,0,0,0,0,5.94,97.504,246.224,376.596,566.324,727.144,771.496,724.46,764.324,716.76,580.052,365.728,227.392,124.388,62.084,6.908,0,0,0,0,0,0,0,0,0,0,0,0,0,0,0,0
18-12,0,0,0,0,0,0,0,0,0,0,0,0,0,0,0,0,4.444,51.172,119.504,177.144,212.124,251.416,319.176,354.376,319.924,257.928,223.652,198.968,144.936,84.48,25.3,1.496,0,0,0,0,0,0,0,0,0,0,0,0,0,0,0,0
19-12,0,0,0,0,0,0,0,0,0,0,0,0,0,0,0,0,36.01155556,170.6711111,350.3866667,487.8231111,627.2053333,718.2071111,780.9315556,833.36,820.9128889,748.4497778,766.2062222,509.5591111,336.3555556,178.904,60.28,5.514666667,0,0,0,0,0,0,0,0,0,0,0,0,0,0,0,0
20-12,0,0,0,0,0,0,0,0,0,0,0,0,0,0,0,0,12.364,79.948,182.952,300.696,493.9,520.608,599.544,541.244,500.896,511.236,534.644,405.108,288.552,126.236,46.992,6.16,0,0,0,0,0,0,0,0,0,0,0,0,0,0,0,0
21-12,0,0,0,0,0,0,0,0,0,0,0,0,0,0,0,0,0.606222222,15.93777778,70.928,153.1884444,221.7404444,298.2906667,356.8008889,330.6062222,356.752,379.2311111,383.3964444,307.9706667,215.3066667,139.3333333,52.008,3.578666667,0,0,0,0,0,0,0,0,0,0,0,0,0,0,0,0
22-12,0,0,0,0,0,0,0,0,0,0,0,0,0,0,0,0,1.672,55.308,205.172,346.852,463.232,559.636,618.992,579.392,536.8,546.348,491.392,290.928,219.076,166.672,60.148,8.404,0,0,0,0,0,0,0,0,0,0,0,0,0,0,0,0
23-12,0,0,0,0,0,0,0,0,0,0,0,0,0,0,0,0,1.251555556,37.61511111,113.3048889,190.7448889,245.168,319.6942222,305.976,328.4355556,305.0862222,303.6977778,250.3502222,199.5155556,142.032,94.688,38.56355556,6.844444444,0.684444444,0,0,0,0,0,0,0,0,0,0,0,0,0,0,0
24-12,0,0,0,0,0,0,0,0,0,0,0,0,0,0,0,0,41.75111111,194.3333333,406.6137778,441.0168889,576.1506667,718.6666667,706.8404444,719.9573333,645.436,627.7137778,536.7168889,499.3902222,328.8071111,195.1351111,77.72355556,9.093333333,0.283555556,0,0,0,0,0,0,0,0,0,0,0,0,0,0,0
25-12,0,0,0,0,0,0,0,0,0,0,0,0,0,0,0,0,4.312,70.4,184.932,321.596,462.704,558.14,640.288,736.56,657.008,686.708,543.356,427.636,268.708,168.52,56.98,6.204,0,0,0,0,0,0,0,0,0,0,0,0,0,0,0,0
26-12,0,0,0,0,0,0,0,0,0,0,0,0,0,0,0,0,35.508,223.696,414.744,592.504,741.18,921.052,995.016,1045.748,975.92,858.616,794.464,600.996,406.12,233.728,59.84,6.512,0,0,0,0,0,0,0,0,0,0,0,0,0,0,0,0
27-12,0,0,0,0,0,0,0,0,0,0,0,0,0,0,0,0,4.312,44.484,133.892,259.468,362.824,446.028,493.548,549.384,541.596,482.68,415.184,318.78,257.048,167.728,69.036,8.184,0.088,0,0,0,0,0,0,0,0,0,0,0,0,0,0,0
28-12,0,0,0,0,0,0,0,0,0,0,0,0,0,0,0,0,0.748,46.64,135.74,283.096,436.832,509.652,609.708,556.82,493.812,511.5,431.112,353.408,271.92,169.4,72.116,10.252,0.088,0,0,0,0,0,0,0,0,0,0,0,0,0,0,0
29-12,0,0,0,0,0,0,0,0,0,0,0,0,0,0,0,0,4.004,42.724,145.156,250.536,370.04,488.84,516.208,610.676,602.36,553.432,541.992,480.216,461.296,254.98,111.496,19.228,0.968,0,0,0,0,0,0,0,0,0,0,0,0,0,0,0
30-12,0,0,0,0,0,0,0,0,0,0,0,0,0,0,0,0,5.94,84.392,237.688,378.752,540.276,664.928,670.648,693.088,762.3,707.124,598.004,520.564,400.048,242.748,99.308,18.876,0.572,0,0,0,0,0,0,0,0,0,0,0,0,0,0,0
31-12,0,0,0,0,0,0,0,0,0,0,0,0,0,0,0,0,33.09777778,221.0755556,421.9111111,599.0844444,777.9688889,895.3511111,944.3866667,1006.622222,933.9733333,1045.537778,853.9422222,631.0577778,466.2044444,315.7244444,119.8266667,15.15555556,0.097777778,0,0,0,0,0,0,0,0,0,0,0,0,0,0,0
Total Result,0,1.085333333,0,0.185777778,0,0,0.088,130.9085556,2088.636,8363.479667,20681.35422,41905.831,79250.314,133707.9064,198551.8553,267978.7501,352637.6724,446796.2693,526688.7866,598959.416,661373.1593,701847.8867,735760.3941,745318.4897,750127.8204,729903.658,705654.0456,669195.8044,610735.1226,549612.9076,483782.1878,413533.5087,335006.6476,265923.4588,199070.487,148267.9782,101540.7653,64751.11622,33334.80211,14980.60544,5947.151222,2007.745667,466.5564444,41.70222222,0.132,0,0,0
