Start Date,00:00:00,00:30:00,01:00:00,01:30:00,02:00:00,02:30:00,03:00:00,03:30:00,04:00:00,04:30:00,05:00:00,05:30:00,06:00:00,06:30:00,07:00:00,07:30:00,08:00:00,08:30:00,09:00:00,09:30:00,10:00:00,10:30:00,11:00:00,11:30:00,12:00:00,12:30:00,13:00:00,13:30:00,14:00:00,14:30:00,15:00:00,15:30:00,16:00:00,16:30:00,17:00:00,17:30:00,18:00:00,18:30:00,19:00:00,19:30:00,20:00:00,20:30:00,21:00:00,21:30:00,22:00:00,22:30:00,23:00:00,23:30:00
01-01,0,0,0,0,0,0,0,0,0,0,0,0,0,0,0,0,0.08892,3.78144,15.81372,36.1062,39.56472,44.5302,46.49112,42.67224,51.04944,62.18784,68.34672,45.97164,37.51488,19.7028,7.79688,1.75032,0.03744,0,0,0,0,0,0,0,0,0,0,0,0,0,0,0
02-01,0,0.01872,0,0,0,0,0,0,0,0,0,0,0,0,0,0,0.351,10.02456,37.86588,62.72136,87.9606,101.61684,107.55108,111.09852,106.07688,98.24256,83.48652,70.53228,52.31304,27.60732,14.58288,4.69872,0.61776,0.00936,0,0,0,0,0,0,0,0,0,0,0,0,0,0
03-01,0,0,0,0,0,0,0,0,0,0,0,0,0,0,0,0,0.13572,9.243,27.46224,47.95596,69.83964,80.23392,103.36716,106.0722,85.56444,91.75608,94.1148,64.65888,52.25688,29.86308,8.55504,1.85796,0.07488,0,0,0,0,0,0,0,0,0,0,0,0,0,0,0
04-01,0,0,0,0,0,0,0,0,0,0,0,0,0,0,0,0,0.09464,4.49176,18.27956,28.96088,41.09248,59.8572,75.96524,79.7732,92.00568,99.03036,85.4256,68.97436,51.36872,30.38516,12.89184,1.7472,0.06604,0,0,0,0,0,0,0,0,0,0,0,0,0,0,0
05-01,0,0,0,0,0,0,0,0,0,0,0,0,0,0,0,0,0.17784,4.62124,13.35672,23.26116,34.13488,46.20564,49.00792,53.30832,58.7418,56.8724,44.3482,32.9316,32.27952,24.84612,13.73892,2.96088,0.09516,0,0,0,0,0,0,0,0,0,0,0,0,0,0,0
06-01,0,0,0,0,0,0,0,0,0,0,0,0,0,0,0,0,0.4134,4.95196,12.70308,19.06268,28.3218,43.32952,57.12304,66.99628,63.67868,63.6792,64.935,52.8372,50.18312,27.21056,11.77956,2.01604,0.0858,0,0,0,0,0,0,0,0,0,0,0,0,0,0,0
07-01,0,0,0,0,0,0,0,0,0,0,0,0,0,0,0,0,0.26572,8.99236,25.42696,34.6242,43.43144,57.03516,64.23612,67.84336,99.17804,76.66412,67.39096,68.62856,39.49348,30.76008,14.03272,2.95048,0.17472,0,0,0,0,0,0,0,0,0,0,0,0,0,0,0
08-01,0,0,0,0,0,0,0,0,0,0,0,0,0,0,0,0,0.38896,7.36944,21.60184,35.11404,45.36532,56.77464,58.05176,60.3486,69.64724,66.18768,66.79036,51.08376,39.80236,25.8336,13.86788,2.87924,0.065,0,0,0,0,0,0,0,0,0,0,0,0,0,0,0
09-01,0,0,0,0,0,0,0,0,0,0,0,0,0,0,0,0,0.34164,8.87328,32.95656,50.10876,70.57908,81.48348,99.28152,104.15808,114.04224,119.06856,100.07712,81.13248,58.4766,41.82516,18.13032,4.02012,0.21996,0,0,0,0,0,0,0,0,0,0,0,0,0,0,0
10-01,0,0,0,0,0,0,0,0,0,0,0,0,0,0,0,0,0.31356,11.6298,36.56952,53.45964,68.78664,79.56936,88.70004,99.11772,90.74052,94.9806,87.9372,73.47132,59.84784,37.16856,18.89784,4.85316,0.1404,0,0,0,0,0,0,0,0,0,0,0,0,0,0,0
11-01,0,0,0,0,0,0,0,0,0,0,0,0,0,0,0,0,0.43524,7.75008,31.0284,48.63924,68.34672,81.8064,95.52816,107.0082,101.20032,97.91496,82.26972,67.63068,44.03412,28.9926,15.82308,4.95144,0.24336,0,0,0,0,0,0,0,0,0,0,0,0,0,0,0
12-01,0,0,0,0,0,0,0,0,0,0,0,0,0,0,0,0,0.3276,8.41932,30.88332,47.15568,76.76604,93.60468,106.26408,108.32328,94.6062,68.7024,61.64028,65.19708,55.24272,37.00944,20.51712,7.23996,0.28548,0,0,0,0,0,0,0,0,0,0,0,0,0,0,0
13-01,0,0,0,0,0,0,0,0,0,0,0,0,0,0,0,0,0.936,8.77968,22.99284,42.11532,52.98228,57.81672,75.28716,81.6426,79.72848,76.92984,81.34308,70.20936,47.69388,31.80528,21.61692,4.90464,0.36036,0,0,0,0,0,0,0,0,0,0,0,0,0,0,0
14-01,0,0,0,0,0,0,0,0,0,0,0,0,0,0,0,0,0.54756,11.13372,37.07496,65.04732,86.3928,104.1066,124.15104,120.33216,124.8624,99.18324,79.39152,63.79308,57.17556,43.88436,19.19736,8.33976,0.5148,0,0,0,0,0,0,0,0,0,0,0,0,0,0,0
15-01,0,0,0,0,0,0,0,0,0,0,0,0,0,0,0,0,1.404,18.41112,40.54284,56.56716,80.91252,99.60912,111.66012,117.87048,128.21796,127.66572,117.50076,104.29848,89.40204,67.52304,35.1234,12.11184,1.1466,0,0,0,0,0,0,0,0,0,0,0,0,0,0,0
16-01,0,0,0,0,0,0,0,0,0,0,0,0,0,0,0,0,1.13724,13.19292,44.33832,66.7368,76.46652,87.89508,97.61544,97.812,99.96948,107.39664,109.93788,91.03536,75.84876,57.56868,28.81944,11.4192,0.8424,0,0,0,0,0,0,0,0,0,0,0,0,0,0,0
17-01,0,0,0,0,0,0,0,0,0,0,0,0,0,0,0,0,1.23084,14.976,35.0064,55.07892,84.0762,120.744,125.95284,133.6842,163.15416,142.77276,123.13548,106.19856,90.207,62.67924,38.3058,14.37696,1.34784,0,0,0,0,0,0,0,0,0,0,0,0,0,0,0
18-01,0,0,0,0,0,0,0,0,0,0,0,0,0,0,0,0.00936,1.404,13.83408,24.4764,43.35552,73.79892,98.15832,114.99696,135.72,139.0662,144.04572,130.76388,114.8472,93.015,63.414,32.76936,14.4846,1.7082,0.02808,0,0,0,0,0,0,0,0,0,0,0,0,0,0
19-01,0,0,0,0,0,0,0,0,0,0,0,0,0,0,0,0.00936,1.35252,10.8108,19.67472,35.81136,55.2006,66.00204,72.60084,77.89392,82.73772,88.04952,75.46032,66.88656,55.89324,48.62052,32.03928,12.83256,1.32912,0.00936,0,0,0,0,0,0,0,0,0,0,0,0,0,0
20-01,0,0,0,0,0,0,0,0,0,0,0,0,0,0,0,0,1.10448,14.15232,31.94568,45.19008,63.96624,76.48524,83.6082,88.22268,101.09736,103.17996,101.66832,94.0914,83.6316,59.74956,36.64908,19.71216,2.74248,0.03744,0,0,0,0,0,0,0,0,0,0,0,0,0,0
21-01,0,0,0,0,0,0,0,0,0,0,0,0,0,0,0,0,1.58652,15.3036,30.8646,46.94976,60.20352,75.64284,89.40204,98.2566,103.46076,98.99604,93.91824,94.91976,81.44136,56.50632,37.54764,16.34724,1.72692,0.0234,0,0,0,0,0,0,0,0,0,0,0,0,0,0
22-01,0,0,0,0,0,0,0,0,0,0,0,0,0,0,0,0.04212,3.01392,19.67004,32.55876,43.58016,62.7354,61.9632,77.46804,85.3398,81.65664,90.19764,88.97148,65.34216,54.21312,53.9838,32.20308,11.99952,2.3166,0.01404,0,0,0,0,0,0,0,0,0,0,0,0,0,0
23-01,0,0,0,0,0,0,0,0,0,0,0,0,0,0,0,0,4.3056,15.55164,29.72268,46.52856,68.4216,83.06532,86.50044,98.69652,88.86852,90.29592,84.24936,77.17788,80.70192,89.76708,38.98908,18.55152,2.6676,0.05148,0,0,0,0,0,0,0,0,0,0,0,0,0,0
24-01,0,0,0,0,0,0,0,0,0,0,0,0,0,0,0,0,1.82052,11.583,22.29552,35.17488,47.91384,64.233,95.8932,101.19096,119.1294,111.23424,80.87976,91.74204,75.23568,64.34532,29.2968,18.75276,3.84228,0.07488,0,0,0,0,0,0,0,0,0,0,0,0,0,0
25-01,0,0,0,0,0,0,0,0,0,0,0,0,0,0,0,0.01404,5.92956,28.899,57.564,86.21964,110.32164,139.66524,143.57772,143.97084,151.55712,146.32488,133.64676,115.00164,95.37372,71.838,41.33844,18.42516,4.76892,0.13572,0,0,0,0,0,0,0,0,0,0,0,0,0,0
26-01,0,0,0,0,0,0,0,0,0,0,0,0,0,0,0,0,1.81584,11.54556,33.63516,54.30204,72.54936,73.68192,55.91196,56.7216,64.43892,49.29444,66.61044,49.96368,45.43812,29.81628,20.25036,8.1432,1.66608,0.06084,0,0,0,0,0,0,0,0,0,0,0,0,0,0
27-01,0,0,0,0,0,0,0,0,0,0,0,0,0,0,0,0,5.27436,30.56976,52.0416,83.45376,88.803,93.93228,116.80812,134.56404,137.709,127.96992,125.19936,107.3358,96.7824,63.414,42.32124,20.124,4.35708,0.14508,0,0,0,0,0,0,0,0,0,0,0,0,0,0
28-01,0,0,0,0,0,0,0,0,0,0,0,0,0,0,0,0.00936,3.94056,17.46576,31.65552,52.14924,74.27628,88.88724,95.72472,100.89612,106.85844,95.47668,66.91464,55.85112,44.39448,31.52448,29.12364,12.78108,5.03568,0.12168,0,0,0,0,0,0,0,0,0,0,0,0,0,0
29-01,0,0,0,0,0,0,0,0,0,0,0,0,0,0,0,0.01872,4.53492,20.89152,62.20188,81.56304,106.0488,125.37252,147.27024,153.86904,153.26532,156.04524,131.51268,117.25272,86.82336,60.24564,41.45544,19.48752,4.58172,0.28548,0,0,0,0,0,0,0,0,0,0,0,0,0,0
30-01,0,0,0,0,0,0,0,0,0,0,0,0,0,0,0,0.0702,10.61892,37.39788,66.86316,91.026,117.62244,138.39228,163.7064,173.277,170.41284,163.29456,159.18552,143.28288,116.26524,97.14744,56.63268,27.6822,9.95436,0.57564,0,0,0,0,0,0,0,0,0,0,0,0,0,0
31-01,0,0,0,0,0,0,0,0,0,0,0,0,0,0,0,0.17784,6.29928,20.592,35.12808,53.87616,78.11388,86.463,87.20244,99.07092,116.94384,98.163,89.6454,66.17052,58.65912,41.93748,31.39812,18.38304,4.48344,0.3744,0,0,0,0,0,0,0,0,0,0,0,0,0,0
01-02,0,0,0,0,0,0,0,0,0,0,0,0,0,0,0,0.17784,6.61284,23.48892,41.82984,72.52128,99.34236,111.30912,109.88172,107.4762,123.16824,131.94324,106.43724,94.07268,70.86456,45.68616,32.35284,17.19432,7.9326,0.87048,0.01872,0,0,0,0,0,0,0,0,0,0,0,0,0
02-02,0,0.00936,0,0,0,0,0,0,0,0,0,0,0,0,0,0.12168,7.82964,20.35228,56.89892,75.85344,95.36436,104.40144,132.28488,114.89868,135.59364,142.34688,154.6974,129.6126,94.4424,61.94448,45.12456,32.058,16.87608,3.4164,0.1638,0,0,0,0,0,0,0,0,0,0,0,0,0
03-02,0,0,0,0,0,0,0,0,0,0,0,0,0,0,0,1.11852,18.12096,49.33656,85.18536,97.461,116.0874,119.74248,136.91808,174.2832,179.77284,171.87768,147.88332,118.99836,92.3832,64.08324,60.78852,35.65692,12.4722,1.31976,0,0,0,0,0,0,0,0,0,0,0,0,0,0
04-02,0,0,0,0,0,0,0,0,0,0,0,0,0,0,0,0.59436,14.46588,47.38968,83.4444,106.48872,106.24068,119.54124,142.18776,132.48144,129.50028,128.1618,102.35628,107.7336,91.5642,81.6894,53.88552,31.15008,11.63916,1.76436,0.00936,0,0,0,0,0,0,0,0,0,0,0,0,0
05-02,0,0,0,0,0,0,0,0,0,0,0,0,0,0,0,1.88136,22.4172,50.06196,74.71152,88.76088,126.7812,153.66312,150.41052,151.73028,133.4034,117.76752,94.10076,77.29956,85.48956,71.68356,48.99024,32.16564,14.75604,2.01708,0.02808,0,0,0,0,0,0,0,0,0,0,0,0,0
06-02,0,0,0,0,0,0,0,0,0,0,0,0,0,0,0,1.6848,22.66056,51.41916,81.85788,108.40284,136.30032,147.33108,176.66064,184.85064,173.7216,162.13392,145.28592,123.201,113.83164,91.4004,49.71564,29.49804,15.54696,2.53188,0.05148,0,0,0,0,0,0,0,0,0,0,0,0,0
07-02,0,0,0,0,0,0,0,0,0,0,0,0,0,0,0,0.96408,10.94184,28.4076,53.5392,72.64296,86.94036,111.86604,131.35356,148.56192,144.83196,131.97132,114.5898,104.25636,103.8726,78.2496,53.66556,37.57572,13.69836,2.82204,0.01872,0,0,0,0,0,0,0,0,0,0,0,0,0
08-02,0,0,0,0,0,0,0,0,0,0,0,0,0,0,0,0.82836,6.40224,16.22556,27.00828,35.05788,45.29772,61.01316,78.25896,89.69688,90.7452,82.77984,86.14476,79.37748,64.21896,44.75952,33.43392,21.3174,8.81712,1.71756,0.01872,0,0,0,0,0,0,0,0,0,0,0,0,0
09-02,0,0,0,0,0,0,0,0,0,0,0,0,0,0,0,0.81432,9.83736,24.97248,35.46504,50.40828,68.16888,79.76124,95.99616,93.19284,110.34036,107.98632,102.02868,88.23204,80.36964,65.37492,59.86656,31.8942,11.93868,2.58804,0.04212,0,0,0,0,0,0,0,0,0,0,0,0,0
10-02,0,0,0,0,0,0,0,0,0,0,0,0,0,0,0,1.11384,8.17596,25.42176,41.61924,62.55288,70.68672,85.84056,95.90256,109.7928,105.82884,99.9414,84.36636,73.69596,77.71608,70.68204,59.21604,37.31832,13.81068,3.94524,0.117,0,0,0,0,0,0,0,0,0,0,0,0,0
11-02,0,0,0,0,0,0,0,0,0,0,0,0,0,0,0,3.12156,14.6484,31.824,42.85008,63.05364,89.88408,107.93952,124.64712,125.92944,136.06632,127.33812,113.48532,94.40028,75.9096,69.23592,55.26612,36.88776,16.35192,4.6332,0.1404,0,0,0,0,0,0,0,0,0,0,0,0,0
12-02,0,0,0,0,0,0,0,0,0,0,0,0,0,0,0.00468,2.10132,10.91376,25.272,49.54248,70.3404,82.02168,113.03136,107.7102,118.7784,111.88476,93.69828,76.89708,71.76312,58.16772,46.4958,55.5984,41.418,20.1006,4.52556,0.22932,0,0,0,0,0,0,0,0,0,0,0,0,0
13-02,0,0,0,0,0,0,0,0,0,0,0,0,0,0,0.0702,1.63332,11.06352,24.11604,37.3698,55.09764,67.5324,74.88936,77.27148,95.59836,113.1156,107.71956,104.13936,95.52816,83.5614,70.1298,60.3954,38.76444,18.2988,5.7096,0.32292,0,0,0,0,0,0,0,0,0,0,0,0,0
14-02,0,0,0,0,0,0,0,0,0,0,0,0,0,0,0.0702,5.30244,23.43744,46.36944,70.06428,92.57508,111.98304,141.08328,135.98208,139.75884,148.005,127.54872,131.55012,116.75664,120.84228,119.07792,91.09152,54.48456,24.16752,6.72984,0.47736,0,0,0,0,0,0,0,0,0,0,0,0,0
15-02,0,0,0,0,0,0,0,0,0,0,0,0,0,0,0.01872,3.88908,17.3862,38.75508,57.86352,80.79552,90.47376,105.45912,103.61988,123.98256,135.25668,119.8782,111.0798,102.71664,90.13212,76.30272,57.096,34.90812,19.89936,7.43652,0.45864,0,0,0,0,0,0,0,0,0,0,0,0,0
16-02,0,0,0,0,0,0,0,0,0,0,0,0,0,0,0.1235,4.576,19.2244,47.49875,67.5428,79.46575,103.62495,131.0374,129.8245,136.56045,137.8858,101.09515,82.7333,84.1529,67.20285,59.59395,47.6008,38.0588,20.34305,6.8653,0.46605,0,0,0,0,0,0,0,0,0,0,0,0,0
17-02,0,0,0,0,0,0,0,0,0,0,0,0,0,0,0.18616,7.2436,21.50824,50.01984,87.71672,89.92204,103.49768,118.92452,131.92088,113.98244,105.1414,116.74052,141.1826,112.372,96.54684,82.3394,64.93968,45.09544,21.8868,8.13696,0.57772,0,0,0,0,0,0,0,0,0,0,0,0,0
18-02,0,0,0,0,0,0,0,0,0,0,0,0,0,0,0.19188,13.08996,44.39916,86.43024,118.48824,129.26628,173.01492,163.6128,175.43916,190.56024,216.13644,193.65372,199.63008,182.3796,148.81932,128.35836,93.23496,66.69468,35.39952,13.86216,1.24956,0,0,0,0,0,0,0,0,0,0,0,0,0
19-02,0,0,0,0,0,0,0,0,0,0,0,0,0,0,0.71136,10.96992,30.99096,50.02452,72.61956,97.7652,110.73816,115.5726,101.96316,92.079,99.19728,86.11668,80.86572,65.55276,55.6452,64.20492,38.53512,28.82412,13.9698,5.44284,0.89856,0.01404,0,0,0,0,0,0,0,0,0,0,0,0
20-02,0,0,0,0,0,0,0,0,0,0,0,0,0,0,0.21528,6.50988,19.61856,36.70992,49.959,73.63044,91.40508,115.88616,132.94476,118.17468,109.78344,112.58208,105.37956,127.51128,90.8154,84.474,71.11728,45.16668,27.2142,10.58616,1.69416,0,0,0,0,0,0,0,0,0,0,0,0,0
21-02,0,0,0,0,0,0,0,0,0,0,0,0,0,0,0.4212,5.35392,14.96196,31.52916,53.57196,74.98296,87.1416,89.94024,104.52312,112.0158,108.24372,106.7274,103.88196,115.3152,99.30492,86.74848,69.91452,46.8234,32.90508,18.49068,2.39616,0,0,0,0,0,0,0,0,0,0,0,0,0
22-02,0,0,0,0,0,0,0,0,0,0,0,0,0,0,1.222,12.3136,32.396,66.6744,101.6652,115.2268,130.3952,150.8832,181.7296,205.2752,213.4548,213.9592,217.5576,191.2456,160.2796,162.8952,143.1664,111.254,56.654,22.1572,3.3176,0.0416,0,0,0,0,0,0,0,0,0,0,0,0
23-02,0,0,0,0,0,0,0,0,0,0,0,0,0,0,1.638,11.75616,29.26404,54.55476,77.26212,87.6564,125.9154,144.612,171.18036,164.01996,176.51556,186.71796,169.85592,137.32992,103.60116,106.12368,87.62832,65.58552,39.93444,17.94312,3.276,0.01872,0,0,0,0,0,0,0,0,0,0,0,0
24-02,0,0,0,0,0,0,0,0,0,0,0,0,0,0.00936,2.69412,16.64624,50.68336,74.94968,121.61448,166.57576,196.3754,172.71904,199.29312,186.78764,252.97324,214.80524,216.3382,180.77228,197.63692,181.83984,150.75008,97.85672,62.53416,28.418,6.12924,0.13104,0,0,0,0,0,0,0,0,0,0,0,0
25-02,0,0,0,0,0,0,0,0,0,0,0,0,0,0.01872,3.3228,24.2424,81.72684,97.09596,155.73168,170.50644,178.15824,211.26456,239.25564,226.49328,267.56496,199.46628,183.02076,228.27168,165.77964,174.798,143.97552,73.1484,50.82012,29.36232,6.16356,0.1872,0,0,0,0,0,0,0,0,0,0,0,0
26-02,0,0,0,0,0,0,0,0,0,0,0,0,0,0.00936,4.57236,18.02736,38.36196,65.76336,94.95252,137.31588,153.09684,168.83568,175.52808,173.70288,190.53216,208.60632,223.55424,144.99576,128.7936,153.06408,144.82728,80.65044,67.29372,28.68372,7.45056,0.33228,0,0,0,0,0,0,0,0,0,0,0,0
27-02,0,0,0,0,0,0,0,0,0,0,0,0,0,0.01404,4.75956,23.76504,78.82056,114.08436,143.70408,169.35984,195.84396,226.36692,241.3944,242.35848,265.06116,257.80716,244.42236,253.30968,216.51552,197.6832,143.52156,90.34272,75.582,37.1592,10.4364,0.31824,0,0,0,0,0,0,0,0,0,0,0,0
28-02,0,0,0,0,0,0,0,0,0,0,0,0,0,0.01872,4.8906,19.80108,62.01,95.09292,125.90136,149.36688,175.53276,210.45024,217.73232,227.68668,230.93928,210.12264,186.73668,131.00256,119.76588,126.77184,101.76192,67.88808,34.03764,17.44236,5.1948,0.17784,0,0,0,0,0,0,0,0,0,0,0,0
01-03,0,0,0,0,0,0,0,0,0,0,0,0,0,0.19656,8.83116,27.05976,67.44816,88.83108,109.7928,141.28452,161.16048,180.47016,208.06344,209.60316,211.93848,207.67032,193.26528,192.17016,160.4772,153.28872,124.03404,91.02132,66.5028,29.718,9.7344,0.41184,0,0,0,0,0,0,0,0,0,0,0,0
02-03,0,0.00936,0,0,0,0,0,0,0,0,0,0,0,0.15444,7.6752,22.5576,70.63524,95.57444,132.46636,156.05928,178.64496,184.93956,202.6674,212.77152,228.08916,217.82124,219.1878,167.31936,171.40032,135.49536,137.6856,79.92036,51.40044,28.53864,7.59096,0.45396,0,0,0,0,0,0,0,0,0,0,0,0
03-03,0,0,0,0,0,0,0,0,0,0,0,0,0,1.18404,12.81384,36.81756,69.94728,89.1306,105.33276,124.45524,144.7758,155.03904,155.5866,149.7834,141.13476,125.94348,121.07628,157.68324,145.94112,126.15408,100.6434,73.008,56.39868,24.88824,8.40996,0.39312,0,0,0,0,0,0,0,0,0,0,0,0
04-03,0,0,0,0,0,0,0,0,0,0,0,0,0,0.65052,8.95752,24.5934,71.253,109.2546,152.48376,183.67128,189.58212,198.5958,219.94128,239.23224,209.25684,200.68776,188.56188,187.9956,184.82724,130.64688,101.19564,101.03184,68.38416,22.1832,11.23668,0.84708,0,0,0,0,0,0,0,0,0,0,0,0
05-03,0,0,0,0,0,0,0,0,0,0,0,0,0,0.65052,11.11968,25.44516,45.92952,70.39656,97.90092,130.37544,150.63516,177.59664,212.25672,250.27704,257.20344,255.89772,235.28232,225.75384,220.23144,171.84492,135.24732,115.47432,85.08708,39.58344,15.16788,1.71756,0,0,0,0,0,0,0,0,0,0,0,0
06-03,0,0,0,0,0,0,0,0,0,0,0,0,0,1.29064,15.11536,41.42632,86.64864,118.9604,160.20368,183.64944,207.78368,241.29144,259.4384,261.2792,250.99464,265.92072,254.86552,210.60416,155.02344,195.51064,166.40624,101.35632,54.704,40.33848,17.02064,1.65984,0,0,0,0,0,0,0,0,0,0,0,0
07-03,0,0,0,0,0,0,0,0,0,0,0,0,0,1.17,12.25224,34.1172,62.76816,95.64984,124.35696,151.7256,192.0906,231.34176,249.9588,237.52872,256.84308,213.61392,166.24764,185.86152,153.86436,135.71064,119.68164,88.04484,64.02708,47.01996,22.62312,3.59424,0,0,0,0,0,0,0,0,0,0,0,0
08-03,0,0,0,0,0,0,0,0,0,0,0,0,0,2.56932,16.9416,40.75344,75.7224,126.11196,153.40572,173.56716,186.72264,211.33944,216.66996,223.76484,228.44952,234.68328,266.76468,237.71124,216.24408,187.23276,146.59632,103.25952,74.76768,39.01716,18.13968,2.41488,0,0,0,0,0,0,0,0,0,0,0,0
09-03,0,0,0,0,0,0,0,0,0,0,0,0,0,2.39148,18.30348,45.11988,88.62516,128.82168,179.10828,211.49856,218.05524,262.41228,279.23688,270.34488,249.13512,209.1258,203.22432,160.13088,143.82576,143.2314,138.61224,94.90104,57.57804,28.50588,14.09148,1.86732,0,0,0,0,0,0,0,0,0,0,0,0
10-03,0,0,0,0,0,0,0,0,0,0,0,0,0,1.9656,13.20228,32.47452,41.87196,66.339,110.2842,128.80764,138.93048,141.14412,118.41336,133.86204,118.68012,135.16776,176.8806,160.3134,121.74552,91.34424,79.26048,60.723,31.46832,16.99308,9.56124,1.32444,0.01404,0,0,0,0,0,0,0,0,0,0,0
11-03,0,0,0,0,0,0,0,0,0,0,0,0,0,3.14496,27.26568,45.05436,66.08628,122.90148,169.45344,192.72708,181.35468,180.03024,202.50828,191.49624,193.53204,184.95828,164.60496,143.17056,161.63316,109.161,81.93744,73.4994,39.09672,30.12984,12.45816,2.07324,0.00936,0,0,0,0,0,0,0,0,0,0,0
12-03,0,0,0,0,0,0,0,0,0,0,0,0,0.0104,4.09032,18.25096,41.2464,63.0136,96.23848,121.33264,140.23048,163.00752,194.0692,198.93224,197.99832,196.78464,209.69208,207.11184,217.1,225.7996,155.72544,142.92512,142.39368,90.59856,35.36728,18.356,3.3436,0.07696,0,0,0,0,0,0,0,0,0,0,0
13-03,0,0,0,0,0,0,0,0,0,0,0,0,0.02808,5.24576,22.47544,38.376,72.05744,109.74184,129.94696,138.44792,166.92624,162.69552,196.10448,225.97328,191.3808,188.70904,197.95256,129.30528,161.14696,194.97608,99.95336,78.1144,78.442,54.9276,27.95104,6.44904,0.09568,0,0,0,0,0,0,0,0,0,0,0
14-03,0,0,0,0,0,0,0,0,0,0,0,0,0.08944,7.23632,31.02528,64.5476,124.48904,145.02072,161.564,188.6612,224.65352,223.756,210.30464,245.0292,244.33032,237.99568,248.8252,205.6028,223.40864,223.76744,135.75536,107.99984,80.97128,57.8396,27.29896,6.99608,0.15704,0,0,0,0,0,0,0,0,0,0,0
15-03,0,0,0,0,0,0,0,0,0,0,0,0,0.25688,9.10208,27.10448,47.4188,126.74376,165.52016,200.33416,215.82912,216.89824,231.64232,188.10792,215.31848,213.7096,205.998,164.31688,177.74848,155.19296,136.57696,122.52448,115.6584,69.86304,48.18112,23.09528,5.5588,0.19864,0,0,0,0,0,0,0,0,0,0,0
16-03,0,0,0,0,0,0,0,0,0,0,0,0,0.67808,8.6164,26.84864,59.11568,85.94352,108.02688,141.90488,174.94152,190.6216,214.3388,202.89984,232.27256,208.77896,180.94024,196.74408,145.88392,138.68816,109.65656,90.88664,75.23048,45.14952,36.39584,15.6104,3.9364,0.17264,0,0,0,0,0,0,0,0,0,0,0
17-03,0,0,0,0,0,0,0,0,0,0,0,0,0.32864,8.20768,24.49096,42.41328,67.49392,84.91704,113.13328,128.78112,127.51544,146.54952,170.898,189.11776,202.32888,219.40984,224.5412,197.50432,171.63432,158.00304,130.6448,114.47176,93.70712,50.69168,35.18632,8.79216,0.45552,0,0,0,0,0,0,0,0,0,0,0
18-03,0,0,0,0,0,0,0,0,0,0,0,0,0.99424,11.58248,33.01584,72.40064,122.71896,153.25336,186.46888,217.23208,240.8016,255.56232,261.716,274.80752,275.75808,278.58792,266.76416,241.55872,208.06864,183.60992,154.19976,120.85736,95.26608,64.1316,26.13832,9.72192,0.76232,0,0,0,0,0,0,0,0,0,0,0
19-03,0,0,0,0,0,0,0,0,0,0,0,0,1.872,13,33.254,75.7068,124.566,165.0584,201.0788,226.3196,252.5588,256.7916,271.1592,283.7536,301.4284,294.7204,288.704,278.3768,240.6612,184.1736,142.506,134.654,100.88,83.5952,40.4976,15.8808,1.846,0,0,0,0,0,0,0,0,0,0,0
20-03,0,0,0,0,0,0,0,0,0,0,0,0,1.43208,12.56216,32.20672,77.18464,121.57808,162.74336,193.78424,221.99632,246.9064,278.32168,286.71864,276.42264,288.47104,277.48344,268.15984,274.87096,264.13608,209.26568,204.19776,156.1612,94.16472,70.91448,39.31304,12.55384,1.42064,0,0,0,0,0,0,0,0,0,0,0
21-03,0,0,0,0,0,0,0,0,0,0,0,0,2.83608,20.62476,49.66884,65.754,104.33592,136.3284,177.44688,216.34236,219.73068,242.52228,251.75592,246.35052,274.4352,264.13452,227.85048,185.73516,151.31376,151.50564,138.26592,123.17292,82.34928,50.62824,28.11276,10.30536,1.01088,0,0,0,0,0,0,0,0,0,0,0
22-03,0,0,0,0,0,0,0,0,0,0,0,0,1.33952,10.18472,28.48664,55.48608,89.14464,114.7068,128.72184,165.55656,180.3204,214.10688,223.73312,234.35152,229.9024,216.01736,211.41224,186.41896,147.55104,140.91792,127.3584,92.5288,69.32224,47.11408,25.65056,8.65904,1.18456,0,0,0,0,0,0,0,0,0,0,0
23-03,0,0,0,0,0,0,0,0,0,0,0,0,2.43828,13.94172,32.30604,52.0182,74.45412,98.6778,133.71696,144.3312,160.21512,190.28412,201.34764,203.00436,218.21904,219.64644,231.0048,199.86408,163.69704,149.20308,120.1122,99.57636,70.4574,50.58144,29.6478,10.31472,1.15596,0,0,0,0,0,0,0,0,0,0,0
24-03,0,0,0,0,0,0,0,0,0,0,0,0.00936,4.17456,19.98828,41.56308,78.24024,121.3056,160.35084,206.59392,260.99424,274.14036,305.56656,342.13608,330.03828,351.13572,289.16784,266.62896,254.41416,250.8948,265.41684,231.06564,194.55228,141.27984,102.61368,47.51604,18.79956,3.24792,0,0,0,0,0,0,0,0,0,0,0
25-03,0,0,0,0,0,0,0,0,0,0,0,0.0572,5.5848,23.3532,57.3664,107.4892,137.2436,187.9332,258.362,287.5912,287.0816,301.7976,331.4376,337.0432,306.462,285.506,272.168,240.8588,269.2456,221.5148,235.3312,166.5092,150.8312,114.7016,56.186,26.6292,5.0596,0.0208,0,0,0,0,0,0,0,0,0,0
26-03,0,0,0,0,0,0,0,0,0,0,0,0.1248,8.112,26.7696,57.6576,116.74,159.5256,199.9192,222.69,245.8664,243.5108,302.1304,326.1544,315.2604,331.4272,330.174,337.8128,288.5792,281.6216,238.4252,214.5884,180.2476,142.6568,107.8688,48.1832,21.2264,4.9608,0.7384,0.0884,0,0,0,0,0,0,0,0,0
27-03,0,0,0,0,0,0,0,0,0,0,0,0.03276,4.94208,15.79968,34.51968,97.36272,144.80388,180.3906,216.52488,245.79828,277.63164,289.13508,317.38824,323.28972,331.59204,330.92748,301.33584,303.83496,286.37388,222.9084,213.72156,193.28868,139.6278,102.2112,63.01152,32.26392,10.52064,3.38832,0.75816,0.00936,0,0,0,0,0,0,0,0
28-03,0,0,0,0,0,0,0,0,0,0,0,0.03952,4.71224,11.13892,31.0778,70.83752,86.86548,132.19544,184.32232,219.46808,223.4232,246.56996,236.14344,292.97164,267.16092,330.20364,316.36696,307.19416,259.32608,233.48052,210.52928,182.93652,145.3842,92.31456,55.82564,26.81068,11.29856,4.00712,0.70564,0.01508,0,0,0,0,0,0,0,0
29-03,0,0,0,0,0,0,0,0,0,0,0,0.75816,11.21796,39.23712,67.9068,90.19764,123.15888,185.64156,230.30748,262.37952,237.72996,236.41956,266.78808,309.73644,301.05504,300.59172,268.00488,238.2822,247.82472,172.65456,143.00208,143.676,87.37092,81.2682,58.39236,24.70572,6.77664,1.64268,0.41652,0,0,0,0,0,0,0,0,0
30-03,0,0,0,0,0,0,0,0,0,0,0,0.8658,15.55164,33.1812,71.7444,124.94664,151.78176,145.72584,189.45108,259.4592,297.4608,324.1134,332.59824,338.3406,335.35476,330.02424,334.64808,301.28904,280.8,258.09264,238.48344,194.40252,154.38852,124.42248,77.71608,42.15276,14.68584,3.58488,0.936,0.01872,0,0,0,0,0,0,0,0
31-03,0,0,0,0,0,0,0,0,0,0,0,0.98696,9.70112,22.2404,73.48328,116.08896,153.21176,159.71696,180.388,196.09616,202.24152,241.00024,246.2772,236.17776,257.13376,283.3688,292.26184,286.20384,203.62368,176.11984,151.91072,129.30944,108.78296,86.27008,61.14576,25.4332,10.17952,2.83608,1.15024,0.04368,0,0,0,0,0,0,0,0
01-04,0,0,0,0,0,0,0,0,0,0,0,0.9724,7.87904,19.81616,61.7084,91.96304,115.38176,135.17088,196.11384,221.55536,254.39336,275.93176,280.80936,292.3752,300.47264,289.1148,293.22384,269.91848,250.4476,224.2292,199.33056,187.5432,146.8844,104.1508,61.776,32.46152,12.948,2.42112,0.50232,0.00936,0,0,0,0,0,0,0,0
02-04,0,0.0104,0,0,0,0,0,0,0,0,0,1.57456,11.58144,27.34472,64.97296,99.88888,132.1788,173.732,213.98,250.29888,269.13432,282.21336,294.34808,308.39328,311.77328,317.9904,335.85864,306.02728,285.1524,260.48984,242.55816,213.61704,165.22688,122.95088,87.28928,40.39048,23.77648,10.38752,3.29992,0.13208,0,0,0,0,0,0,0,0
03-04,0,0,0,0,0,0,0,0,0,0,0.01625,2.0839,12.56905,34.37525,71.8393,110.68265,156.90675,204.97165,252.41905,277.5565,275.9913,312.32045,340.40955,361.45915,360.5979,356.75965,369.6277,351.92885,345.15845,309.5872,289.4216,217.13965,167.4998,116.402,101.47345,58.05605,25.8986,9.9138,2.81515,0.1274,0,0,0,0,0,0,0,0
04-04,0,0,0,0,0,0,0,0,0,0,0,2.88808,16.70344,35.74896,77.43112,114.21904,139.84464,178.07712,203.03088,235.29168,246.56632,296.03808,307.68816,306.46096,296.40936,306.11256,277.52192,267.74072,262.40344,248.70664,224.27184,213.59312,175.72256,129.10352,83.47248,44.36744,25.7972,11.59912,3.22296,0.11752,0,0,0,0,0,0,0,0
05-04,0,0,0,0,0,0,0,0,0,0,0,2.23912,11.93816,29.81888,51.91056,85.16976,141.36304,175.70176,250.3748,294.3772,331.17448,339.23656,338.0468,325.546,348.23672,346.05168,346.91488,322.49256,300.92088,267.07408,254.71992,214.60712,180.88616,153.56328,98.57432,51.96152,31.84376,11.24552,3.85528,0.5148,0,0,0,0,0,0,0,0
06-04,0,0,0,0,0,0,0,0,0,0,0,3.56967,18.27189,44.23419,94.22361,141.23187,196.20783,234.25272,270.4923,291.1779,331.57332,359.23446,359.24616,356.00409,374.33682,380.24883,396.06723,402.23664,363.79044,344.36025,280.75437,244.69614,199.02519,154.00008,103.81059,50.8716,27.7641,11.39814,3.83292,0.38025,0,0,0,0,0,0,0,0
07-04,0,0,0,0,0,0,0,0,0,0,0.10764,5.48028,19.3986,38.84868,97.40016,131.2506,170.85276,211.89168,243.48168,277.37424,306.40896,323.3178,349.29648,354.77676,354.28536,368.31132,378.07848,374.18004,337.62456,304.47144,237.30876,197.60832,171.8496,145.88496,95.64984,47.14632,24.83676,10.1322,4.66596,0.39312,0,0,0,0,0,0,0,0
08-04,0,0,0,0,0,0,0,0,0,0,0.0468,4.67064,17.34876,45.65808,99.1926,138.29868,180.51228,215.25192,269.76456,302.78196,329.4954,333.36576,346.40892,351.85644,357.14952,355.914,352.3104,345.74436,314.43984,270.63972,244.94184,211.419,182.71188,132.8418,89.95896,45.00756,23.38128,8.19468,1.94688,0.24804,0,0,0,0,0,0,0,0
09-04,0,0,0,0,0,0,0,0,0,0,0.12636,4.5162,12.63132,29.61036,55.64052,83.58948,121.28688,146.87712,192.68964,242.29296,309.9798,318.123,352.79244,346.30596,393.12468,363.54708,312.76908,242.76096,208.48932,164.80152,137.5218,109.78812,100.25964,84.66588,62.8524,35.84412,17.88696,6.88428,1.83924,0.48672,0.00936,0,0,0,0,0,0,0
10-04,0,0,0,0,0,0,0,0,0,0,0.36608,7.3008,22.85192,55.78144,104.572,145.40032,190.10056,227.75064,254.71264,285.55592,303.98368,328.76792,358.95808,353.15904,344.91288,355.65296,328.12728,336.87368,286.99736,262.96296,228.96328,193.64072,163.98616,126.568,88.87528,41.20064,22.21544,6.90872,4.11632,0.51688,0.00936,0,0,0,0,0,0,0
11-04,0,0,0,0,0,0,0,0,0,0,0.40144,8.27944,22.72192,52.41704,104.52624,151.52904,193.9652,234.33176,270.09736,321.10208,333.48744,346.03088,360.45048,378.99056,391.00984,388.35056,379.47416,343.41736,321.56904,299.2184,264.70184,211.31552,167.94856,132.58336,87.49312,38.51536,20.05536,5.09912,2.64368,0.35568,0.00936,0,0,0,0,0,0,0
12-04,0,0,0,0,0,0,0,0,0,0,0.84552,7.4204,20.97368,56.35864,99.28776,132.0748,171.46584,196.36656,245.87784,273.28704,280.08552,284.89968,259.22104,290.98992,293.11568,285.61208,282.75832,219.56792,242.44168,189.12504,197.08728,159.30512,130.01144,117.75296,72.774,48.73024,28.46376,11.5284,4.63736,1.01712,0.00936,0,0,0,0,0,0,0
13-04,0,0,0,0,0,0,0,0,0,0,0.83616,9.09896,22.09168,58.58008,82.98056,104.98072,144.78568,165.49208,203.00384,259.97504,290.71016,268.34288,296.77856,265.67008,295.08024,256.66576,255.16088,232.9652,245.93296,215.06888,174.0804,161.47456,143.2392,116.66824,95.83288,61.45776,41.33584,19.21192,6.55928,1.24488,0.03848,0,0,0,0,0,0,0
14-04,0,0,0,0,0,0,0,0,0,0,1.59952,11.02816,26.1924,73.03712,116.45296,149.4896,199.38152,243.83216,239.8292,266.10896,305.49896,281.346,275.45648,284.16752,249.33272,254.29768,223.80592,268.90344,228.3528,198.15328,159.77,145.70088,118.44352,106.00928,77.1888,51.662,30.8984,10.98656,3.28848,0.78104,0.01872,0,0,0,0,0,0,0
15-04,0,0,0,0,0,0,0,0,0,0,1.26464,8.93152,25.04528,50.5648,71.42408,99.78176,135.94152,178.0532,197.60728,245.18208,334.07088,368.07472,330.01072,321.7344,281.35328,268.40944,251.5084,251.264,220.70568,187.77096,136.16512,122.05648,119.00616,87.14368,67.32544,51.39056,33.9456,15.548,4.41896,1.21888,0.052,0,0,0,0,0,0,0
16-04,0,0,0,0,0,0,0,0,0,0,2.01136,10.244,20.644,43.93168,73.15672,106.15384,137.02416,158.20896,171.02696,179.07136,197.12472,200.37576,217.7032,247.24752,240.08296,228.38296,232.71456,230.7136,235.93856,235.54544,229.9492,200.15528,143.67496,97.66744,73.05168,51.6412,39.15288,18.38824,6.25664,1.56,0.03328,0,0,0,0,0,0,0
17-04,0,0,0,0,0,0,0,0,0,0,2.1424,13.04056,28.11432,82.05392,123.68616,160.64256,205.1244,255.45728,311.74208,343.97584,363.40824,386.14888,386.99336,409.6768,423.40376,390.81328,387.29184,371.4932,321.31528,275.19544,218.55288,202.8572,167.78632,134.79024,91.81328,72.68352,34.67984,13.50336,6.38768,1.91152,0.09672,0,0,0,0,0,0,0
18-04,0,0,0,0,0,0,0,0,0,0.00936,3.22452,18.33624,30.75228,48.087,75.8394,103.10976,118.57716,163.76256,200.94984,211.33008,255.63096,309.4416,322.89192,264.75228,253.11312,238.10436,220.5918,207.3708,204.75936,186.2874,164.619,136.58112,109.31544,86.03244,71.63676,44.97012,28.8522,13.91832,5.33052,1.34784,0.06552,0,0,0,0,0,0,0
19-04,0,0,0,0,0,0,0,0,0,0.03016,3.39144,15.20272,31.21664,60.18376,94.0576,126.4276,162.8224,212.16312,248.10448,246.13056,303.732,349.99848,331.30136,309.64128,350.064,351.15184,308.54096,317.30608,288.8496,261.92192,237.75128,219.09368,186.9192,137.38712,101.42288,70.4236,43.52816,23.23776,10.37712,3.35816,0.23816,0,0,0,0,0,0,0
20-04,0,0,0,0,0,0,0,0,0,0.0702,4.3992,17.7372,36.4104,66.5028,99.41256,132.62184,187.5978,241.49736,290.35188,318.45528,357.7626,355.76424,408.18024,434.97792,447.993,445.6296,432.00144,412.08336,381.92544,353.08728,332.57952,294.2082,244.53,193.518,144.29376,91.72332,50.02452,24.25176,8.03556,2.15748,0.13104,0,0,0,0,0,0,0
21-04,0,0,0,0,0,0,0,0,0,0.17316,4.3992,14.56416,32.65704,58.43916,76.30272,105.14556,128.2554,151.38396,167.28192,180.72288,214.04448,237.85632,248.7888,242.24616,240.90768,264.36384,242.7282,223.5636,223.29216,203.57064,197.69256,207.42228,183.82572,153.84096,139.04748,76.869,41.18868,16.9416,5.71896,1.72224,0.17316,0,0,0,0,0,0,0
22-04,0,0,0,0,0,0,0,0,0,0.13572,6.0606,21.17232,44.7174,101.00844,139.99752,183.48876,219.14568,265.66956,277.641,315.03888,250.90884,261.3312,320.95908,386.16084,290.17872,337.6854,318.92796,322.53156,249.64056,253.59984,289.29888,202.527,128.14308,123.38352,102.35628,84.4506,42.95304,18.28008,7.24464,2.5272,0.31824,0,0,0,0,0,0,0
23-04,0,0,0,0,0,0,0,0,0,0.17316,5.62068,17.73252,31.8942,48.68604,78.47424,105.3702,129.57984,175.3596,212.86512,228.64608,263.47932,290.83392,326.81376,338.03172,374.2128,234.5148,313.87356,322.09632,260.24544,248.01192,234.84708,198.8298,165.2508,128.817,105.9084,83.36016,54.83556,21.84156,7.76412,2.34936,0.29016,0,0,0,0,0,0,0
24-04,0,0,0,0,0,0,0,0,0,0.26208,5.48496,14.84028,32.23116,56.30976,83.20104,122.67684,217.86336,255.8322,280.44432,324.12276,274.45392,240.10272,263.57292,241.73136,249.67332,278.86716,263.59164,264.29364,223.33428,278.13708,172.2474,225.2484,137.61072,149.85828,124.39908,94.2552,42.70968,22.9086,6.05124,2.28852,0.34164,0,0,0,0,0,0,0
25-04,0,0,0,0,0,0,0,0,0,0.351,7.99344,21.65436,40.54284,73.05948,115.011,152.22168,216.25812,216.44064,188.58996,211.83084,240.86088,240.46776,252.17712,220.31568,223.938,250.965,290.73096,245.94804,286.91208,259.58088,231.24816,195.35724,138.76668,124.28208,113.07816,100.56384,66.43728,27.96768,8.97156,2.12004,0.36972,0.00936,0,0,0,0,0,0
26-04,0,0,0,0,0,0,0,0,0,0.2808,6.9264,19.6092,34.4916,64.30788,88.99956,111.54312,133.146,157.87044,188.95968,246.987,271.75356,299.18772,325.7514,351.17784,349.04376,279.95292,211.64364,257.3766,219.15036,198.46008,198.52092,188.8614,162.64872,110.93004,93.06648,66.00672,40.96872,21.11148,8.61588,3.05136,0.44928,0,0,0,0,0,0,0
27-04,0,0,0,0,0,0,0,0,0,1.03896,9.49572,22.82904,42.88284,100.05372,141.13008,169.73892,159.6816,196.23708,251.4096,272.39004,291.39552,319.14792,325.5408,314.06544,304.71012,305.37468,312.32916,297.00216,274.87044,235.23084,205.09164,177.22224,155.66148,121.99824,76.37292,55.2474,34.69284,16.78248,5.87808,1.71756,0.15444,0,0,0,0,0,0,0
28-04,0,0,0,0,0,0,0,0,0,0.85644,9.50976,23.53572,46.0512,70.78968,133.85736,149.14224,179.37504,229.6944,226.08144,222.16896,240.06996,240.1776,286.21944,276.63012,294.29712,282.12444,303.39036,273.83148,252.65448,246.90744,213.30972,182.68848,153.15768,122.265,121.95144,86.56128,44.6004,22.64184,7.98408,3.2058,0.55224,0.01872,0,0,0,0,0,0
29-04,0,0,0,0,0,0,0,0,0,1.053,9.18684,23.94288,54.03528,90.7452,128.14776,155.36664,184.16268,223.52148,246.58452,275.769,308.00016,321.16968,336.31884,375.20028,362.49408,360.63144,338.77116,335.61216,307.15308,271.49148,240.68772,193.53204,172.89324,141.87888,112.47912,72.189,48.9294,28.44972,9.90756,3.94056,0.7254,0.01872,0,0,0,0,0,0
30-04,0,0,0,0,0,0,0,0,0,1.79712,11.79828,26.57772,52.65468,121.70808,151.13124,193.8924,247.82004,281.9232,325.71396,360.51912,376.623,389.01096,379.97388,380.22192,389.73168,365.8122,369.954,383.058,352.74096,333.333,282.36312,273.41028,218.63088,179.17848,139.8618,105.00984,68.04252,31.44492,7.90452,3.2058,0.51948,0,0,0,0,0,0,0
01-05,0,0,0,0,0,0,0,0,0,1.88604,10.66104,23.80248,44.6238,105.06132,137.31588,187.24212,223.50276,239.90148,270.99072,280.73916,278.57232,314.93592,324.82008,347.49468,378.72432,374.91948,332.71992,305.53848,290.81052,273.2184,252.35964,229.59612,177.255,150.71004,116.23716,88.76556,60.40476,30.98628,10.68444,2.1762,0.29952,0,0,0,0,0,0,0
02-05,0,0.0208,0,0,0,0,0,0,0,0.82888,9.26016,23.80248,50.0292,97.59776,109.59312,134.99408,191.05216,247.9932,264.6709,285.33648,287.08992,315.62544,349.09888,342.02584,351.95264,331.56552,359.35848,327.81528,284.778,283.05472,299.12688,260.08424,203.2524,152.75936,82.83704,55.31136,47.5956,32.04032,10.57888,3.34464,0.6708,0.01872,0,0,0,0,0,0
03-05,0,0,0,0,0,0,0,0,0.00936,2.912,11.91424,26.54912,55.32176,105.77632,150.96952,183.42896,225.72784,258.83416,286.81952,246.98856,216.64864,207.77016,203.60496,183.25112,197.01864,293.87488,255.78488,263.56824,227.396,244.68912,195.23608,188.83176,167.71248,143.0052,115.1384,92.16896,62.556,31.75432,11.02088,5.1636,1.57352,0.02808,0,0,0,0,0,0
04-05,0,0,0,0,0,0,0,0,0.02808,3.14496,14.43312,28.71648,57.22704,82.69092,118.04364,170.99316,188.46828,235.6848,218.4858,230.38704,233.63964,260.78364,286.24752,273.06864,293.68872,267.1344,267.29352,324.10872,237.94056,267.84108,219.10824,194.7582,164.619,138.879,87.93252,94.03056,46.86084,30.69612,12.08844,3.78612,0.73008,0.05616,0,0,0,0,0,0
05-05,0,0,0,0,0,0,0,0,0.00936,3.80952,16.54848,37.94076,73.32156,117.66456,168.67188,189.05796,218.61216,285.60168,280.0512,268.8426,305.13132,288.58752,310.41036,298.67292,286.94016,290.02896,276.38676,294.15672,278.04348,279.61128,258.41088,203.91228,172.06956,148.34196,123.06528,105.0192,67.33116,45.5598,18.63576,5.9904,1.6848,0.0936,0,0,0,0,0,0
06-05,0,0,0,0,0,0,0,0,0.06552,4.36176,15.76692,30.28896,59.18796,95.1444,132.55632,183.30624,229.47912,261.27972,318.50208,325.69992,310.03596,373.815,330.34716,385.97364,385.57116,373.46868,350.298,333.71676,283.83732,276.18552,263.24064,211.03056,179.25336,143.98956,110.94408,76.84092,53.83872,29.65248,9.61272,1.95624,0.32292,0.02808,0,0,0,0,0,0
07-05,0,0,0,0,0,0,0,0,0.15912,4.67064,16.01028,29.80692,54.99468,90.36612,130.0104,162.57384,195.32448,247.38012,284.13216,278.6004,320.0184,315.51624,323.62668,347.87376,319.51764,323.9028,319.77504,297.75564,302.31864,257.92416,211.9806,175.72932,143.19396,131.47524,102.88044,84.24,56.05704,38.57256,18.13032,6.1542,1.50228,0.117,0,0,0,0,0,0
08-05,0,0,0,0,0,0,0,0,0.08892,2.77524,11.69532,27.45756,50.44572,74.89872,95.55624,106.45596,142.91316,175.89312,195.38064,240.14484,224.94888,242.72352,236.53656,250.1694,252.0648,236.3166,242.28828,233.532,213.34716,202.06836,172.8792,150.14376,121.4226,109.64772,94.27392,70.86456,51.80292,29.9052,11.62512,2.84076,0.76752,0.10296,0,0,0,0,0,0
09-05,0,0,0,0,0,0,0,0,0.17316,4.8438,14.9994,29.76012,65.30004,118.29168,163.99656,198.6894,238.53492,277.7814,322.81704,361.08072,377.25012,393.93432,401.10876,391.67856,403.89804,384.14844,376.7166,358.76412,311.33232,312.94224,289.7388,253.13184,200.70648,168.2694,135.35028,104.71968,82.68156,51.04476,17.3862,7.86708,2.4102,0.33228,0,0,0,0,0,0
10-05,0,0,0,0,0,0,0,0,0.22932,5.38668,16.29576,29.05344,68.65092,113.3964,151.63668,189.75996,230.18112,263.27808,298.01772,324.13212,328.302,337.16592,359.05896,306.34344,326.88864,310.2606,327.75912,312.95628,356.41008,285.31152,209.93076,243.28044,191.7864,160.32744,125.18532,88.9434,79.77996,50.51124,18.95868,9.38808,3.40236,0.55692,0,0,0,0,0,0
11-05,0,0,0,0,0,0,0,0,0.62244,8.2134,21.22848,38.08584,76.46184,117.47736,160.72992,208.40976,231.26688,271.78632,287.62344,328.5594,355.12308,372.68244,385.23888,361.72188,379.37016,325.26468,303.19848,299.30472,276.93432,293.36112,249.01344,230.06412,212.37372,170.42688,125.71416,106.47,75.45564,48.41928,16.53912,7.137,1.72692,0.2574,0,0,0,0,0,0
12-05,0,0,0,0,0,0,0,0,0.89856,9.01836,25.61364,43.07004,85.03092,121.81572,165.906,186.09084,200.08404,240.0138,244.84356,318.6144,343.6524,333.32832,354.18708,374.4,367.7778,357.50988,327.70296,335.75256,327.02436,308.71152,278.29152,239.98104,203.13072,168.4098,135.16308,98.28468,76.92516,44.75016,16.848,6.41628,2.53656,0.52884,0.00936,0,0,0,0,0
13-05,0,0,0,0,0,0,0,0,0.49608,6.201,17.43768,33.7428,80.4492,130.22568,172.32228,207.7452,249.4674,291.93372,330.90876,346.04856,375.35472,397.55664,398.0574,381.9582,382.239,360.67356,366.5844,352.17,340.10496,334.3158,298.4436,274.02804,246.97764,197.1918,161.12772,127.45512,95.82768,58.96332,22.52016,8.56908,3.39768,0.4212,0,0,0,0,0,0
14-05,0,0,0,0,0,0,0,0,0.79092,6.46308,18.0648,37.61784,57.50316,89.65944,134.68104,172.05084,203.80464,233.70984,276.02172,313.01244,356.26032,396.46152,362.56896,348.57576,305.39808,348.87996,412.074,379.04724,369.7668,372.37824,319.53168,263.65248,234.46332,201.96072,175.17708,139.15044,102.82428,60.16608,20.72304,7.45992,2.7612,0.40248,0,0,0,0,0,0
15-05,0,0,0,0,0,0,0,0,2.02176,8.7984,17.8074,32.33412,61.41096,94.28796,117.33228,149.0814,180.2268,194.95944,214.812,232.46964,267.96276,289.72944,280.07928,271.98288,295.68708,294.19884,261.87876,252.20052,293.88996,226.12824,237.94992,187.88328,158.70816,129.39264,89.39268,69.147,48.54096,29.89584,14.8824,5.63472,1.99368,0.234,0,0,0,0,0,0
16-05,0,0,0,0,0,0,0,0,0.95784,7.30392,18.95088,30.87344,78.63128,123.88688,156.8476,199.40336,237.82824,270.22632,294.9388,326.38944,350.584,353.85584,354.1772,357.96488,370.88792,392.93488,383.92328,341.03368,338.93912,328.68992,295.08752,267.25608,225.72992,191.38184,153.5768,128.52528,93.38472,58.74544,19.7028,7.62736,3.07944,0.64584,0.01872,0,0,0,0,0
17-05,0,0,0,0,0,0,0,0,0.5616,4.42728,13.51584,26.0442,46.15416,62.57628,85.2462,112.63824,135.05076,177.32988,214.49844,231.61788,250.49232,276.55524,312.039,365.54544,400.49568,369.4626,355.1184,353.8314,313.12008,300.55428,290.59056,251.93844,216.66996,186.04872,144.03636,119.14812,91.6344,54.11952,20.2878,8.07768,2.35404,0.3978,0.01872,0,0,0,0,0
18-05,0,0,0,0,0,0,0,0,0.62244,5.64876,15.77628,29.03472,52.58448,81.09972,105.62292,135.5094,170.89488,209.34576,247.06188,272.727,312.87672,294.7698,313.78932,268.16868,264.29832,254.08656,287.59068,301.92552,236.5506,195.28236,159.59268,122.05908,121.17924,141.36876,138.74328,98.80416,68.94576,45.27432,20.30652,8.59716,3.35556,0.7956,0.03744,0,0,0,0,0
19-05,0,0,0,0,0,0,0,0,1.2168,8.81244,22.78224,42.95304,63.91476,99.64188,130.2678,153.07812,192.6522,214.96644,213.7356,212.18184,203.89824,213.4548,262.01448,270.42912,272.493,279.03096,298.70568,330.525,344.448,307.9674,218.30328,242.2836,243.90756,178.14888,160.56612,104.013,99.1692,63.17064,27.56052,9.67356,3.41172,0.61308,0.03276,0,0,0,0,0
20-05,0,0,0,0,0,0,0,0,1.25424,7.70796,20.13804,39.68172,69.37632,106.06284,146.93796,200.91708,255.8556,308.70684,339.48252,346.37148,359.57844,369.77148,385.9362,379.32336,376.6464,372.4812,307.67256,337.5216,258.02712,249.07896,198.65196,183.35304,179.25804,130.30056,81.65664,69.49332,47.04804,36.33552,20.11932,7.91856,2.87352,0.62244,0.03276,0,0,0,0,0
21-05,0,0,0,0,0,0,0,0.05616,2.02176,9.2664,21.09276,39.17628,86.3226,119.223,150.6492,196.7706,253.69812,290.96028,329.05548,303.64776,289.94004,303.59628,318.52548,368.11944,397.5894,388.34172,382.11732,375.05988,324.44568,311.90328,286.35048,272.61936,237.37896,202.2696,164.92944,128.10564,98.6544,69.05808,32.42772,14.859,6.87024,2.46168,0.35568,0,0,0,0,0
22-05,0,0,0,0,0,0,0,0,0.35516,6.25144,17.30092,31.8162,49.77076,66.63488,69.6176,89.91788,128.49772,147.35448,187.96752,193.99016,221.25376,245.57988,254.28572,291.19532,320.19832,333.22172,327.14292,377.94276,317.87444,268.72196,305.42616,269.36936,272.48208,206.19144,162.5754,141.9184,96.59884,75.41456,35.29188,17.68208,5.99976,2.02176,0.30576,0.00468,0,0,0,0
23-05,0,0,0,0,0,0,0,0.078,2.81788,12.58088,24.75876,40.80752,97.7444,135.49588,172.3696,217.49416,255.81764,284.72652,309.08436,264.67896,339.0478,374.31264,354.64832,379.68112,338.23504,294.79788,309.9018,304.22392,331.69604,317.77148,274.19912,247.6422,215.20304,181.09104,157.50384,110.73868,69.53908,40.66868,25.41864,14.07016,6.48388,1.33588,0.36816,0.03744,0,0,0,0
24-05,0,0,0,0,0,0,0,0.04524,2.03684,7.95652,21.28568,37.67244,54.15696,87.13328,102.43376,127.72344,156.48204,193.69896,214.33776,242.63512,271.41348,307.72196,302.1304,278.2702,281.1562,239.82348,240.2582,233.49976,252.09236,259.54968,230.59556,204.28044,188.00496,161.56296,127.59604,97.56448,68.28328,49.29652,32.90924,21.67932,9.79992,2.99676,0.45292,0.01872,0,0,0,0
25-05,0,0,0,0,0,0,0,0.078,2.33272,11.53152,22.16968,39.17784,57.59624,111.83536,141.23408,183.58912,261.02544,252.59312,256.30696,276.43096,272.69008,324.7764,348.24088,338.7592,354.09296,359.84104,336.74472,313.7264,348.52064,272.19088,255.67048,225.5032,139.75104,171.24744,118.14816,137.33928,62.92728,63.99224,36.08384,15.87456,6.24104,2.48976,0.54496,0.0208,0,0,0,0
26-05,0,0,0,0,0,0,0,0.04992,4.55,11.46808,24.4348,38.3136,94.18032,128.6272,150.69704,180.88928,209.12008,239.65656,239.6108,210.34416,275.6832,257.66936,269.55136,265.18544,306.84368,268.36784,269.7812,253.56968,303.97328,251.0716,236.19544,249.02072,195.85176,150.57016,125.89616,91.57304,70.2104,51.70464,33.71368,17.05288,7.08344,3.35712,0.65416,0.026,0,0,0,0
27-05,0,0,0,0,0,0,0,0.13715,3.0186,10.89075,28.58635,52.0754,84.8458,100.7175,155.50665,208.6188,240.46035,311.26745,260.24505,256.87155,266.63,294.91995,318.99725,294.6138,247.82225,248.9357,303.5162,285.0055,251.58185,237.744,201.8211,192.3571,154.0695,131.36825,111.41,88.33435,65.7267,42.77,24.5765,13.1963,5.05635,1.56325,0.1638,0,0,0,0,0
28-05,0,0,0,0,0,0,0,0.05408,1.89072,8.22536,23.1296,47.74016,66.24176,87.11456,112.9752,219.86744,242.64344,234.57096,189.05744,204.58048,234.74464,235.37384,258.4348,248.44976,283.66832,319.50152,305.0684,305.39912,354.82096,330.46832,303.04872,287.81688,230.11664,207.80344,171.85688,148.2572,120.66704,63.28296,28.4232,13.20072,5.80944,2.0488,0.27456,0,0,0,0,0
29-05,0,0,0,0,0,0,0,0.09776,2.30984,8.55504,17.48448,40.83456,69.96184,92.18352,94.98216,122.86976,153.5352,154.7468,216.8088,297.16648,305.24104,364.65,382.00656,357.56864,364.07384,393.0368,396.97112,398.72976,360.9112,326.33328,300.4612,269.20816,237.68368,211.45904,158.60624,112.5956,57.10016,52.40872,32.31904,16.54224,6.22024,2.06648,0.312,0,0,0,0,0
30-05,0,0,0,0,0,0,0,0.0988,2.85168,13.44408,24.41296,42.34984,58.552,74.57736,88.92624,103.72648,119.33584,142.90744,155.92824,191.25704,230.61792,237.31864,240.68512,296.03704,231.80144,213.37784,186.04872,212.64776,222.60992,200.65344,268.13488,268.49368,259.55488,228.87696,155.67864,122.92488,88.68288,59.5348,31.5328,16.89584,7.1552,2.10496,0.22776,0,0,0,0,0
31-05,0,0,0,0,0,0,0,0.13936,4.24944,14.75968,28.68112,46.00648,60.29296,79.08264,111.15104,141.33288,202.32368,241.94768,267.49736,278.36848,267.70328,246.95632,310.59184,275.81944,324.55904,329.40336,345.93624,292.67888,308.82488,287.34576,230.09168,210.07688,220.90952,154.04584,134.38256,125.1536,90.8544,57.75848,38.57984,22.0636,5.94672,2.20584,0.63128,0.0156,0,0,0,0
01-06,0,0,0,0,0,0,0,0.15288,4.33888,14.67752,29.5828,46.0096,94.53912,123.74752,155.67864,137.55144,154.13216,229.60704,266.36688,278.01384,298.59128,265.99352,340.93176,291.2156,312.62192,266.66952,344.34192,242.25448,196.0036,248.51112,203.632,220.48104,182.61984,210.9744,177.34704,125.09016,96.90304,71.67888,35.00016,18.79176,7.99032,2.51264,0.60112,0.05096,0,0,0,0
02-06,0,0,0,0.0104,0,0,0,0.0988,3.77,11.6064,19.2504,33.6128,65.8476,108.9868,166.1764,211.406,257.1712,300.8044,286.754,246.025,361.3363,336.986,360.854,339.7472,408.2468,314.6052,302.2968,354.536,334.4484,320.2004,297.7208,251.4668,234.6344,225.7112,187.1532,143.9932,102.4348,78.2444,41.8496,21.6632,7.7376,2.2308,0.364,0.0104,0,0,0,0
03-06,0,0,0,0,0,0,0,0.09828,2.36808,8.95284,17.07732,36.60228,51.948,70.4808,95.68728,130.42692,160.05132,251.11944,270.8082,269.99856,278.84844,310.03596,339.12216,347.94396,377.8164,318.942,337.41396,389.45556,330.21612,333.89928,269.11404,208.728,211.47516,178.85088,137.00232,141.41088,92.83248,57.24576,37.77696,21.35016,8.9388,3.79548,1.09512,0.10764,0,0,0,0
04-06,0,0,0,0,0,0,0,0.12168,4.34772,14.86836,27.378,51.74208,87.95124,117.21996,165.29292,191.96424,203.9076,241.63308,272.32452,318.10428,316.00764,321.42708,286.3458,316.03572,270.62568,243.78588,221.18148,277.992,258.58872,226.16568,242.93412,184.77576,166.71564,174.18024,153.39636,124.49736,85.01688,64.24236,35.10468,21.65904,8.5176,3.67848,0.97344,0.11232,0,0,0,0
05-06,0,0,0,0,0,0,0,0.26208,2.70972,9.91224,16.28172,28.12212,46.30392,76.26996,96.24888,103.19868,118.10448,150.91596,163.38816,220.29228,301.31244,322.88724,275.652,264.83652,375.81336,305.66484,236.35404,281.26332,211.88232,220.55436,234.64116,248.01192,184.45284,143.84916,129.42072,90.92304,71.17344,55.68732,34.1406,15.99156,5.9436,1.97964,0.28548,0,0,0,0,0
06-06,0,0,0,0,0,0,0,0.21996,2.58336,7.371,17.5266,44.61912,68.11272,81.37584,93.75912,169.09776,232.20288,277.35552,248.07276,330.86196,311.13108,298.14408,324.12744,325.31616,293.17392,340.39512,334.74636,325.74672,219.37032,200.96388,202.56444,167.74992,202.16196,196.91568,140.60124,127.19304,80.4726,58.90716,30.6072,13.34268,5.32584,1.80648,0.34632,0.01872,0,0,0,0
07-06,0,0,0,0,0,0,0,0.43524,3.85632,11.466,27.20016,50.26788,71.44488,91.03536,145.782,176.10372,199.95768,228.19212,212.83236,216.31428,236.25576,272.77848,305.7678,316.251,266.45112,289.64988,260.07228,226.95192,251.28792,220.3344,254.943,162.27432,176.05224,170.10396,120.09348,100.41408,83.59416,57.11004,37.05156,15.1632,6.53328,2.34468,0.45864,0.00936,0,0,0,0
08-06,0,0,0,0,0,0,0,0.10764,4.03416,15.16788,23.90544,39.5928,63.36252,108.98784,142.25328,198.82512,222.02856,246.2382,241.3242,240.01848,228.0096,280.97784,314.17308,278.33832,243.25704,258.51852,295.0974,269.83008,299.44512,299.50596,239.1714,288.72324,227.28888,195.01092,166.83732,129.2382,103.09572,71.52444,48.68136,23.41404,9.03708,3.86568,0.7488,0.07488,0,0,0,0
09-06,0,0,0,0,0,0,0,0.52884,4.43196,14.27868,25.44516,49.92156,71.03772,96.21612,132.96348,171.53136,229.63356,284.41296,333.66996,347.92992,367.1226,331.89156,321.31476,312.54444,305.14068,301.56516,334.13328,288.36756,246.55176,224.62596,208.74204,186.51672,155.05308,125.41464,126.62676,104.43888,78.2964,47.81556,26.36712,16.3332,8.44272,3.50064,1.3104,0.15912,0,0,0,0
10-06,0,0,0,0,0,0,0,0.45864,6.62688,17.81728,29.08256,40.39568,61.78744,102.00736,121.17872,176.9404,219.40256,250.59112,253.50104,263.82928,359.25448,380.0732,375.70936,355.73304,358.2644,383.86296,343.83336,318.8952,278.55464,268.87328,270.15144,250.73256,219.88928,184.5532,157.14296,125.27008,97.48128,73.83272,30.43352,12.57048,5.29464,3.21672,0.71136,0.01872,0,0,0,0
11-06,0,0,0,0,0,0,0,0.36504,4.18392,12.19608,25.05204,41.45544,81.35244,117.33696,150.80364,194.65056,202.34448,214.33932,264.52764,269.36676,324.28656,301.041,281.3616,318.72204,328.6998,321.53472,312.75972,308.05164,325.75608,317.538,266.89104,228.47292,214.7418,171.20376,162.52236,128.24604,85.44276,66.51684,40.12164,22.14576,10.062,4.87188,2.0124,0.33228,0,0,0,0
12-06,0,0,0,0,0,0,0,0.13104,3.744,8.38032,25.13576,40.18872,58.604,105.42064,128.53048,156.39624,208.24752,243.2508,253.51248,212.41584,252.57232,268.41568,257.80664,313.58392,247.77376,204.64184,225.97016,172.3332,201.04656,161.4548,208.72592,271.05728,232.25072,186.602,125.39592,134.51776,106.7612,73.71624,39.64584,18.00656,7.07928,3.19384,0.89336,0.08632,0,0,0,0
13-06,0,0,0,0,0,0,0,0.51272,5.7512,14.8928,24.15712,49.24816,82.97432,118.68584,151.1796,161.39864,214.85256,251.60616,285.7972,310.73744,327.43672,349.25488,353.93488,345.41312,336.63448,316.42104,335.18368,326.43416,318.0528,300.40816,278.51096,255.51968,222.47992,171.22768,129.90848,97.46256,90.64744,60.55712,38.15032,17.32744,8.50512,3.016,0.6344,0.03328,0,0,0,0
14-06,0,0,0,0,0,0,0,0.1404,5.50836,14.58756,24.06456,40.365,55.01808,76.10616,92.00412,104.22828,113.13432,139.07556,244.40832,278.66592,308.0142,311.53824,358.13232,345.92688,354.85164,399.6954,383.84424,313.33068,358.67052,286.299,320.58468,292.29876,208.45188,219.08016,174.09132,144.21888,88.65324,66.1284,38.50236,20.22696,10.998,3.89376,1.36188,0.14976,0,0,0,0
15-06,0,0,0,0,0,0,0,0.3276,3.6504,14.50332,32.09544,49.5846,71.45424,114.0516,155.39004,182.10816,206.83728,286.54236,280.67832,320.47236,304.91136,331.49844,320.14008,346.33404,377.57772,332.76204,349.09524,295.08804,240.6924,247.02912,270.0594,270.57888,205.2882,238.88124,176.75424,106.70868,83.58012,56.9322,36.8316,21.36888,10.74996,4.31496,1.06704,0.06084,0,0,0,0
16-06,0,0,0,0,0,0,0,0.38376,4.64256,12.87936,25.4826,44.02944,88.09164,117.819,146.53548,212.35032,249.79968,277.84224,313.12008,329.7762,343.61496,360.65952,391.29012,412.31736,407.14596,409.91184,421.82712,390.85488,374.46552,359.32572,299.18772,295.89768,241.64712,212.69664,184.20948,141.02712,95.99616,74.94084,39.41964,21.1068,11.42856,4.19328,1.19808,0.0468,0,0,0,0
17-06,0,0,0,0,0,0,0.00936,0.5382,5.02164,17.41428,24.38748,44.97948,63.91008,89.75772,128.60172,144.20484,165.89196,232.16076,257.92416,263.6244,294.42348,332.69184,353.29788,352.16532,359.08704,360.8514,370.57644,354.21516,352.57248,332.0226,283.491,273.55068,247.95108,205.92936,160.72056,113.78016,76.1436,60.27372,39.33072,26.05356,11.52216,4.329,1.2168,0.20124,0.00468,0,0,0
18-06,0,0,0,0,0,0,0,0.33228,5.55516,13.13676,25.24392,41.31972,89.2476,129.87936,150.91128,184.91148,212.80428,279.00288,299.6604,318.04344,338.33124,372.00384,369.4626,359.46612,364.82472,345.92688,343.54008,307.8504,276.33528,259.038,262.66968,222.90372,187.75224,167.16024,138.72924,106.04412,77.83308,54.49392,34.9128,15.55632,8.36316,2.89224,1.28232,0.34164,0.00468,0,0,0
19-06,0,0,0,0,0,0,0,1.30104,6.02316,13.70772,26.70876,44.14176,91.11024,125.17596,174.23172,211.17564,245.38176,266.53536,291.91032,333.01944,356.5224,360.44424,353.01708,367.66548,357.084,361.88568,358.50672,349.6194,324.24444,294.2082,262.72116,251.56404,244.39428,211.5126,163.35072,141.47172,101.01312,78.56316,52.16328,22.92264,11.19924,5.5458,1.83924,0.17316,0,0,0,0
20-06,0,0,0,0,0,0,0,0.468,5.48496,18.1116,38.53044,70.45272,75.77856,105.92244,113.03136,136.86192,181.14408,186.8256,219.00996,267.68664,280.36944,320.81868,321.1884,291.213,263.1096,276.52248,317.91708,302.52456,298.62612,268.88004,238.97952,218.87892,197.82828,163.19628,122.4054,97.37676,78.63336,59.42196,38.57724,21.1302,10.72656,4.28688,1.20276,0.06552,0,0,0,0
21-06,0,0,0,0,0,0,0,0.87048,6.7392,14.93856,28.47312,53.43624,94.38156,149.54472,181.86012,206.49564,239.29308,294.84468,309.30588,370.42668,342.9972,318.708,329.35968,284.97924,268.6554,238.34772,247.48308,267.05484,235.17,230.00796,274.43052,305.95968,223.7274,195.975,163.41624,145.7118,96.61392,71.33256,44.2494,22.1832,9.70164,4.74084,1.35252,0.09828,0,0,0,0
22-06,0,0,0,0,0,0,0,0.42588,5.50836,17.3862,29.38104,55.45332,107.46216,155.47896,200.22444,240.54264,281.034,272.47428,255.14424,252.24264,247.50648,257.36256,268.16868,306.71316,334.46088,280.92636,305.91288,361.15092,366.87924,274.46796,279.0684,220.11444,237.861,182.84292,152.685,128.63916,109.67112,73.81764,47.74536,26.10036,11.81232,4.9374,1.8486,0.14976,0,0,0,0
23-06,0,0,0,0,0,0,0,0.33228,4.15116,13.03848,33.47136,52.29432,91.89648,114.73488,137.40948,132.3504,148.68828,193.14828,230.33556,219.843,257.03496,293.5296,321.47856,301.4622,318.97008,313.90164,381.02688,362.75148,352.93752,322.8264,270.35424,273.81744,203.80464,197.77212,157.47264,136.52964,108.14076,69.83496,46.3788,21.70116,11.00268,2.60208,1.01088,0.12636,0,0,0,0
24-06,0,0,0,0,0,0,0,0.45396,4.05288,10.8342,20.82132,39.04524,69.49332,85.98096,128.03076,153.08748,187.20936,210.9042,234.3978,242.17128,301.07376,279.279,240.88428,280.11204,254.81196,265.69296,314.72064,221.86944,239.46624,209.22408,261.78516,245.22732,184.69152,160.51932,135.64512,105.15024,116.0406,59.74488,34.33248,18.17712,10.64232,4.25412,0.90792,0.117,0,0,0,0
25-06,0,0,0,0,0,0,0,0.22464,2.93904,10.33812,24.36876,41.83452,68.16888,94.4658,159.52248,159.14808,223.37172,212.238,235.97028,243.7812,268.2108,310.78944,341.53236,348.80976,349.12332,284.12748,303.64776,295.67304,274.64112,202.77972,209.84652,238.24476,181.92096,163.14948,102.17844,78.23556,56.4876,43.72992,26.3952,15.60312,7.41312,2.97648,0.7956,0.03744,0,0,0,0
26-06,0,0,0,0,0,0,0,0.3276,4.94208,16.4736,25.38432,43.1964,64.41552,85.68612,135.0414,145.782,158.02488,184.31712,247.60476,294.021,284.27724,326.25216,278.50212,355.01076,399.30696,435.01068,420.11892,402.8778,375.71508,314.0514,286.04628,292.5702,226.7226,194.47272,148.03776,121.92804,102.3516,79.54128,43.06536,20.50308,9.53316,3.33684,0.80028,0.03744,0,0,0,0
27-06,0,0,0,0,0,0,0,0.5928,3.46632,11.908,20.09696,34.61536,44.57336,42.45072,65.95368,85.99656,112.62056,128.83312,181.8856,228.49008,221.24856,258.58248,285.33336,274.49968,355.9348,323.42648,293.71992,358.42352,238.5136,225.91608,218.2076,248.34056,249.6104,155.56632,128.1072,126.91848,86.0548,58.92952,26.74776,15.35352,7.17912,2.84336,0.87568,0.08944,0,0,0,0
28-06,0,0,0,0,0,0,0,0.39728,4.20056,10.23152,24.12176,34.18168,47.54776,61.06256,90.38224,108.11424,148.0284,181.62976,177.6736,232.0448,347.36832,301.17776,332.462,373.85608,381.87864,347.5004,328.07944,320.39072,311.01824,289.77104,295.53888,259.0744,218.95224,188.84216,152.67616,87.88728,67.7404,39.87984,33.68352,16.20944,3.85112,0.88192,0.13,0,0,0,0,0
29-06,0,0,0,0,0,0,0,0.65988,5.29776,17.39088,32.88168,47.98404,65.9646,95.91192,112.11408,155.50236,160.4772,197.73936,239.733,284.72652,307.9206,351.65052,313.21368,307.91124,280.03248,300.28284,286.82316,243.11196,285.81696,232.6194,250.71696,234.12168,199.08252,153.44316,121.92804,111.42144,87.59556,66.0816,42.34932,25.22988,9.6174,3.276,0.73944,0.04212,0,0,0,0
30-06,0,0,0,0,0,0,0,0.27976,3.98216,13.18928,24.9808,43.93376,91.58552,112.45936,148.18856,186.60096,236.64784,262.07168,285.662,307.45416,326.87512,343.824,326.95,368.16728,356.31752,331.22856,331.80264,322.92312,282.7708,297.03232,242.03712,247.87048,190.8556,171.444,153.5716,119.15384,99.93048,65.91208,29.2552,16.94992,5.26552,1.1388,0.43576,0.00936,0,0,0,0
01-07,0,0,0,0,0,0,0,0.08424,2.87352,10.75932,20.10528,39.9204,56.5344,83.13084,118.60992,161.56296,176.37516,205.77492,194.3136,191.52432,212.86512,196.2558,215.0226,205.7328,204.64236,201.6378,224.95824,225.87552,209.78568,195.61464,191.14056,195.05304,176.16924,151.06572,133.07112,105.7446,82.2276,72.19368,44.98884,21.47184,9.24768,3.35556,0.75348,0.06084,0,0,0,0
02-07,0,0.00936,0,0,0,0,0,0.18252,2.11536,7.77348,15.06492,35.51184,48.84048,63.31572,87.29136,108.93636,125.56908,149.39288,186.74292,194.88456,177.88212,276.33996,317.14488,416.27664,368.433,415.6074,366.68268,378.3312,364.55328,363.97764,335.76192,280.53324,245.5128,229.53528,202.64868,173.54844,134.199,96.42204,62.53416,25.06608,12.09312,4.44132,1.23084,0.117,0,0,0,0
03-07,0,0,0,0,0,0,0,0.15808,3.37012,11.05156,22.99284,37.28972,76.3646,110.1802,132.97076,181.89964,221.05772,261.68792,285.68696,272.92876,228.54416,284.0812,330.34664,336.19092,323.037,333.02672,356.50264,363.10248,390.50336,357.8094,293.77088,294.08444,241.5088,218.16756,204.4094,170.8954,105.08212,84.37104,60.88628,27.92504,10.7978,3.10596,0.68172,0.03588,0,0,0,0
04-07,0,0,0,0,0,0,0,0.4966,6.00392,13.79196,24.39944,54.82308,100.61012,135.96284,168.25276,173.8074,181.22364,227.14224,291.97844,289.22088,350.4696,395.72364,351.23192,375.55388,346.0288,361.98344,305.21348,262.76276,253.31332,229.55036,208.2002,187.72624,131.16272,99.02152,73.5046,75.98084,81.08204,69.44288,34.12448,13.70772,6.942,3.36804,1.16376,0.27352,0.00468,0,0,0
05-07,0,0,0,0,0,0,0,0.06084,1.73628,8.4708,24.70572,45.00288,80.47728,111.56184,124.5348,162.26496,195.1326,265.68828,310.95324,331.54992,358.10892,348.36516,346.54932,277.96392,263.87712,344.6118,361.17432,355.50216,340.47468,309.45096,307.17648,274.73472,238.32432,203.96844,127.998,128.45196,92.57976,68.2812,38.87208,21.71988,8.10108,2.5974,0.46332,0.02808,0,0,0,0
06-07,0,0,0,0,0,0,0,0.22464,2.5038,7.3242,16.02432,26.35776,36.85968,57.52188,83.34144,100.90548,160.97796,216.06624,210.23964,220.9194,242.26488,304.0128,289.72008,277.92648,246.20544,258.75252,240.552,287.57196,234.90792,238.5396,275.15592,232.5726,202.40532,162.27432,126.87948,91.143,72.51192,47.02464,31.9878,18.71532,6.02784,2.48508,0.6084,0.00936,0,0,0,0
07-07,0,0,0,0,0,0,0,0.12168,4.28688,14.62968,28.7586,57.36276,92.0088,145.77732,161.5068,190.28412,174.4704,204.08544,276.003,299.15496,320.32728,289.65456,303.2874,317.88432,319.67208,349.42284,350.7426,356.74704,337.12848,316.84536,281.3382,264.05964,229.02048,206.12592,174.00708,144.31248,108.02376,72.94716,36.05004,21.42972,8.60184,2.98584,0.75816,0.117,0,0,0,0
08-07,0,0,0,0,0,0,0,0.0624,3.3228,11.42232,22.22688,38.92512,82.58536,135.434,189.88112,239.06064,241.97472,276.00456,322.04744,341.03368,362.00112,374.3532,389.92616,396.31176,406.90208,399.36624,385.03712,359.75368,351.3068,340.002,313.11176,283.66728,243.3808,196.78464,162.01224,152.86648,111.59824,89.79256,57.82088,19.63104,10.11712,4.38984,1.33432,0.17576,0,0,0,0
09-07,0,0,0,0,0,0,0,0,0.936,6.4584,13.98384,24.5466,46.67832,82.3914,124.40844,133.52508,139.5108,194.61312,168.97608,169.182,181.56528,179.52012,260.8632,209.73888,311.73948,296.56224,319.27428,295.90704,255.2004,269.63352,281.62368,204.38028,159.50844,159.83136,119.88756,98.6778,109.81152,80.0748,44.35704,19.45944,9.009,3.09816,0.67392,0.04212,0,0,0,0
10-07,0,0,0,0,0,0,0,0.08892,3.33216,11.46132,25.44048,41.66604,66.47004,115.23564,150.03612,178.50456,217.7136,259.26264,289.7154,267.32628,272.19816,308.9268,365.89176,338.90688,390.23712,348.69276,304.62588,315.84384,284.43636,306.23112,274.02336,252.13032,230.0454,197.262,146.8818,112.17024,95.88384,80.13096,44.86248,22.35168,9.86544,3.98268,1.11384,0.12636,0,0,0,0
11-07,0,0,0,0,0,0,0,0.0468,1.75032,8.73288,18.72936,33.46668,68.03784,115.97508,151.49628,187.668,218.42496,262.3374,290.2068,303.88176,307.26072,314.96868,332.87436,334.0116,346.52124,383.4324,364.60476,344.12508,325.80288,283.50972,265.46832,227.83644,205.55964,170.95104,138.80412,114.64596,85.79844,63.83988,35.51652,13.78728,6.23844,2.30256,0.26676,0,0,0,0,0
12-07,0,0,0,0,0,0,0,0.00468,2.3868,9.5706,20.22696,37.12176,74.09376,117.91728,156.79872,192.50712,210.40344,249.21936,269.44164,304.1064,338.49504,345.21084,355.08564,357.26184,356.86872,362.74212,351.95004,340.10496,344.69604,324.23508,283.83732,271.35576,246.48156,208.41912,167.62824,139.31892,109.45116,81.8298,51.67656,20.06784,9.62208,4.29624,1.00152,0.13572,0,0,0,0
13-07,0,0,0,0,0,0,0,0.00936,1.79244,7.78284,15.46272,26.091,53.01504,99.333,130.86684,153.56016,171.13824,215.35488,277.86096,285.34428,280.26648,237.05136,314.15436,319.52232,344.53692,319.0356,279.63936,261.7524,259.68852,261.31716,264.1626,214.58268,134.27388,159.50844,135.09288,132.29424,74.51496,56.22084,31.51512,18.00396,9.5472,3.7206,0.6552,0.00936,0,0,0,0
14-07,0,0,0,0,0,0,0,0,1.053,5.75172,16.67016,38.31048,64.2798,90.13212,115.29648,128.8872,160.3602,235.46484,206.12124,207.08064,308.81448,307.04544,218.54196,293.19264,306.4932,338.04576,316.5084,309.74112,297.27828,277.524,228.16872,200.3742,150.24204,139.43124,168.11496,146.15172,107.85528,80.3556,45.12924,17.9712,7.05276,2.25108,0.38844,0.00936,0,0,0,0
15-07,0,0,0,0,0,0,0,0,2.13408,8.22276,22.26744,46.76256,94.32072,96.9228,95.20056,122.26032,144.79452,178.20504,176.79636,194.67864,228.4074,232.83468,228.97368,184.2516,226.13292,188.59932,186.37632,223.0956,254.71836,250.3098,192.52116,219.83364,142.16436,146.80692,104.3874,90.23976,86.58468,61.66368,38.1888,23.91948,9.98712,3.44448,0.57564,0.03744,0,0,0,0
16-07,0,0,0,0,0,0,0,0,0.73944,6.75948,20.19056,30.7346,63.52112,97.31852,154.92308,184.3218,205.70212,203.27892,230.40368,307.7672,312.70512,278.2234,327.22248,297.71768,305.11312,266.89468,269.2924,338.16536,298.93968,307.92424,263.66444,247.819,218.88724,191.02824,146.72008,112.42244,86.67516,64.63028,46.87228,18.26708,8.8582,3.77676,1.1102,0.12844,0,0,0,0
17-07,0,0,0,0,0,0,0,0,2.17464,13.63232,24.95168,44.2988,61.84672,94.38624,119.47416,168.62664,185.94992,192.166,239.59416,261.62136,239.52656,260.03536,234.09568,223.18296,243.96528,279.21192,274.72848,326.18144,296.54352,258.26112,237.39352,224.73048,208.53144,166.99904,148.98104,151.02672,106.16736,78.46904,44.52344,24.18416,10.5612,4.6592,1.27192,0.17576,0,0,0,0
18-07,0,0,0,0,0,0,0,0,0.45396,4.13244,14.24592,29.80224,57.2598,78.72228,126.009,167.31468,202.761,257.27832,233.02656,297.6012,366.0228,331.69968,381.56976,301.09248,290.93688,299.75868,302.48712,328.58748,296.82432,284.29128,263.03472,218.96784,179.55756,159.01704,153.28872,141.06456,93.92292,66.58236,41.02488,20.81664,8.3538,3.35088,0.64116,0.0234,0,0,0,0
19-07,0,0,0,0,0,0,0,0,0.99216,7.02936,16.75908,27.6822,50.81544,79.88292,107.23752,128.8404,150.40116,166.17744,186.3342,219.80556,234.234,248.90112,241.66116,237.53808,263.44188,243.15408,227.15316,209.0088,214.5312,229.5306,212.44392,197.34624,169.57044,143.40924,108.82404,95.52816,74.8098,55.53756,34.93152,19.44072,7.45524,2.62548,0.65988,0,0,0,0,0
20-07,0,0,0,0,0,0,0,0,0.81432,7.4178,24.40152,38.60532,73.04544,99.00072,154.25748,122.26032,144.027,167.08068,187.75692,202.0122,190.71,210.44088,248.08212,211.86828,181.0926,170.15544,222.99264,217.30644,227.57904,203.94036,177.61068,161.45064,132.15852,103.61052,98.06472,97.97112,97.61076,71.96904,31.7772,16.17408,7.76412,3.2994,0.75348,0.0468,0,0,0,0
21-07,0,0,0,0,0,0,0,0,1.404,8.9596,18.6732,41.2568,65.3224,87.1988,116.7608,129.038,210.1684,253.4584,271.5544,297.6896,289.9,222.1596,197.6832,230.7604,237.276,183.8304,184.3972,153.4884,164.9544,173.4772,208.9672,184.21,218.452,180.9652,150.1448,84.526,59.9144,40.95,27.2532,12.0692,3.3176,1.0764,0.1196,0,0,0,0,0
22-07,0,0,0,0,0,0,0,0,0.97188,6.66796,19.69708,34.71416,43.85368,56.4642,80.14448,101.673,118.09356,136.31748,167.41192,195.39,208.26884,230.152,256.7864,290.35292,266.68512,276.00664,259.99844,258.5206,283.00324,243.23832,277.65764,206.56376,189.82548,118.60316,90.94696,71.55356,51.33336,33.17184,26.33644,9.81032,3.18708,0.82524,0.04628,0,0,0,0,0
23-07,0,0,0,0,0,0,0,0,0.94536,7.96536,22.29552,39.90168,54.90576,91.53612,119.3868,152.71308,173.862,201.6846,200.00916,182.15964,229.47912,253.01484,279.41472,265.53852,272.03904,249.05088,231.72552,227.64456,206.75304,226.27332,174.915,169.21476,144.34524,119.72376,93.9276,69.09552,41.51628,23.93352,13.1976,6.35544,2.50848,0.47268,0.01872,0,0,0,0,0
24-07,0,0,0,0,0,0,0,0,0.2574,4.38516,12.53772,21.14424,43.97328,65.29068,92.12112,108.79128,149.46984,171.0072,214.84476,244.8108,238.5162,240.18228,271.78164,248.33952,240.58476,219.38436,224.83656,216.45936,193.79412,151.983,137.23632,131.82156,110.11572,105.31872,113.10156,88.43796,59.26284,41.53968,29.13768,14.20848,5.7096,1.37124,0.14976,0,0,0,0,0
25-07,0,0,0,0,0,0,0,0,0.4628,5.9852,18.2104,34.3356,66.2428,113.2248,131.9916,133.094,196.2272,268.2992,298.6308,294.2628,345.9352,378.7576,321.6304,371.0512,378.0764,345.1968,315.8948,313.6276,299.4524,282.9788,294.0028,254.5036,211.1824,174.8916,124.9664,112.3148,77.5476,59.8104,38.1056,11.232,3.38,0.8736,0.0728,0,0,0,0,0
26-07,0,0,0,0,0,0,0,0,0.3016,5.8864,14.4612,28.1372,46.5972,61.1312,88.1972,118.456,164.3616,200.33,190.3824,191.828,200.356,228.2592,231.6444,234.0052,256.5732,336.6532,325.3588,307.5384,261.5028,210.0956,211.9988,269.438,237.8636,169.0468,126.8176,103.1576,59.5816,53.222,27.9136,9.8644,3.0368,0.7696,0.026,0,0,0,0,0
27-07,0,0,0,0,0,0,0,0,0.12168,2.8548,9.90756,20.45628,31.70232,64.95372,73.1016,93.2724,117.5382,129.78576,151.1406,142.96932,147.42,181.50444,196.33068,175.06944,188.28576,205.58304,200.52864,222.6042,220.55904,184.27968,203.64084,199.23228,166.4442,131.44248,110.40588,79.23708,77.805,48.14784,22.03812,8.96688,3.59424,0.9126,0.03744,0,0,0,0,0
28-07,0,0,0,0,0,0,0,0,0.0936,4.43196,14.54544,29.26872,50.6142,72.10476,104.64948,147.87864,171.58284,220.72752,266.44644,225.8568,215.47656,267.41988,318.01068,252.84168,243.18216,259.65108,268.24356,256.39848,292.46256,301.14396,243.56124,212.87448,148.824,169.94484,113.55084,99.26748,84.66588,53.5158,25.8336,8.12448,2.32596,0.85644,0.01872,0,0,0,0,0
29-07,0,0,0,0,0,0,0,0,0.07488,2.11536,8.073,16.79652,30.31704,49.16808,68.81472,100.60128,142.72596,163.89828,174.46104,218.79,233.26992,198.77832,220.67136,224.0316,240.89364,256.91796,248.1804,240.62688,231.03756,203.62212,202.2462,171.4986,148.29048,120.02796,108.80064,79.45704,56.23956,37.07496,17.2926,9.02772,4.32432,1.27764,0.03744,0,0,0,0,0
30-07,0,0,0,0,0,0,0,0,0.03276,2.09196,8.86392,19.43604,40.98744,66.79296,93.92292,109.14228,152.3808,207.84816,198.23544,243.9216,287.586,280.1916,302.76324,334.31112,310.80348,342.80532,289.15848,311.07492,275.71752,205.77024,170.86212,184.2282,188.58996,135.42516,90.30996,81.4554,73.9908,49.03704,25.11288,9.62676,3.36492,0.67392,0.00936,0,0,0,0,0
31-07,0,0,0,0,0,0,0,0,0.04212,4.6566,11.19924,24.25176,53.43156,99.4266,145.48716,171.37692,217.6902,240.09804,247.56264,279.70956,311.8284,290.628,265.6368,325.92456,342.90828,318.44124,225.58068,222.56676,199.78452,210.86208,225.9504,241.85772,210.23028,168.7374,129.59388,105.84756,84.4506,58.74804,22.23,7.42248,1.872,0.30888,0,0,0,0,0,0
01-08,0,0,0,0,0,0,0,0,0.0234,2.46636,11.11968,24.76656,46.61748,57.42828,76.66308,123.67836,134.32068,158.53968,219.22524,224.62596,246.46284,250.73568,275.72688,252.9306,230.0454,238.02948,189.69912,200.95452,168.49404,160.53804,149.47452,167.0994,157.5288,130.572,112.75992,77.03748,54.65772,39.57408,22.08024,7.88112,2.19024,0.60372,0.00936,0,0,0,0,0
02-08,0,0.00936,0,0,0,0,0,0,0,1.29636,8.09172,22.12704,38.48832,60.2784,81.9234,106.03944,154.24344,171.33844,178.78692,206.65944,233.96256,218.52792,253.92744,252.47664,337.21272,306.99864,261.75708,271.13112,316.67688,298.73376,283.56588,247.41288,225.0612,187.39656,142.19244,114.18732,85.46148,66.44664,25.57152,9.2898,4.97016,1.10916,0.01404,0,0,0,0,0
03-08,0,0,0,0,0,0,0,0,0.03848,2.53968,12.94696,22.47856,43.14648,53.534,95.69872,122.642,134.3472,154.72496,229.06312,247.84968,242.79632,259.09936,258.55128,336.88824,318.87752,357.79536,376.70256,376.3552,331.79016,296.75776,244.53936,232.7416,193.41712,145.82464,105.05976,87.5316,58.34192,38.6828,20.1292,6.88688,1.75344,0.32032,0.00936,0,0,0,0,0
04-08,0,0,0,0,0,0,0,0,0.05148,2.28852,9.46764,22.70268,41.89536,54.57348,61.87896,86.7672,126.27576,148.20624,152.7786,204.8904,243.75312,269.34804,315.8766,354.81888,276.77052,370.98828,364.01508,349.7832,313.443,315.6192,267.71472,246.98232,234.80028,197.4726,163.48176,129.06504,96.35652,62.83836,26.39052,9.31788,2.63952,0.43056,0,0,0,0,0,0
05-08,0,0,0,0,0,0,0,0,0,1.78464,12.88352,19.57176,45.03096,88.25232,92.222,121.91504,196.0556,251.59888,230.724,309.64232,306.5868,294.03296,362.82584,275.09352,306.5764,300.32808,313.7784,351.97136,304.00656,275.35456,295.22376,203.502,213.31544,160.58432,129.76808,123.16096,72.01792,48.64808,19.65912,9.34544,3.06488,0.312,0,0,0,0,0,0
06-08,0,0,0,0,0,0,0,0,0,2.5116,12.00784,23.65376,44.56088,99.62992,138.59664,177.658,218.452,251.81624,240.99608,302.51312,279.14432,316.80168,349.98496,408.05232,327.68632,303.59368,347.39432,289.50688,242.2784,201.4116,231.8784,204.77704,208.18304,156.32344,130.08216,108.13608,76.466,46.3996,23.14416,9.61584,4.48656,0.56368,0,0,0,0,0,0
07-08,0,0,0,0,0,0,0,0,0.00936,1.02024,7.77348,21.82284,48.321,93.89484,137.59668,132.50484,147.90672,170.92296,190.85976,208.63908,228.08448,238.60512,293.787,325.54548,296.88048,254.50308,255.53268,339.81948,309.36672,306.85356,274.05612,273.67236,247.49712,195.41808,132.6546,112.6008,76.8924,49.90284,23.85396,9.39744,2.97648,0.351,0,0,0,0,0,0
08-08,0,0,0,0,0,0,0,0,0,1.3572,8.80776,20.60604,37.10304,82.94832,107.27496,165.17592,210.27708,264.75228,291.81672,256.12704,277.056,281.18376,350.42436,305.86608,263.46528,331.00236,327.951,314.39304,321.73128,280.48644,255.17232,221.79924,216.51552,179.92728,149.409,117.85644,96.83856,48.61584,21.30336,9.81864,4.31964,0.65988,0.00936,0,0,0,0,0
09-08,0,0,0,0,0,0,0,0,0,0.90792,7.34292,19.48284,37.96884,91.62972,128.7,164.24928,198.0342,217.15668,188.2764,211.2552,211.99464,258.9678,310.44312,299.44044,262.42632,325.77012,353.18556,370.42668,298.67292,242.43336,330.48288,233.90172,225.75852,170.68428,149.00184,122.01696,78.54444,41.53968,16.39404,6.54264,2.96244,0.234,0,0,0,0,0,0
10-08,0,0,0,0,0,0,0,0,0,1.32444,9.7578,21.93984,39.18096,100.18008,146.52144,192.72708,233.45712,267.83172,298.67292,321.98868,326.9682,374.33448,398.151,390.48516,379.0098,368.33472,361.45512,358.24932,348.6132,356.13396,334.14264,295.43904,246.00888,212.88384,135.60768,132.82308,84.50208,47.0574,16.98372,5.52708,2.04516,0.12168,0,0,0,0,0,0
11-08,0,0,0,0,0,0,0,0,0,1.23084,9.12132,21.53736,38.99844,75.114,118.11852,170.1648,190.68192,207.35208,217.14264,249.678,334.48428,363.74832,340.2594,358.43184,348.3792,384.66324,275.30568,258.46704,226.4652,237.87504,222.17832,190.46664,166.83732,129.88404,112.2498,84.25872,57.54528,35.10468,15.67332,6.28524,1.81584,0.17784,0,0,0,0,0,0
12-08,0,0,0,0,0,0,0,0,0,0.61776,6.1308,11.08224,32.46984,59.52492,94.46112,98.66844,112.32936,126.28512,149.34816,155.88612,182.43576,217.54512,214.42824,249.34104,293.70276,352.54908,380.53548,352.29168,343.38564,325.71396,302.44968,250.8948,173.73564,123.11676,118.93752,125.06364,80.36028,49.44888,21.41568,7.27272,1.86732,0.12636,0,0,0,0,0,0
13-08,0,0,0,0,0,0,0,0,0,0.43524,7.92324,17.49384,35.91432,84.3336,125.73756,160.99668,206.19612,252.97272,276.52716,302.88492,326.43468,341.23752,339.3234,367.22088,356.69556,360.14472,365.85432,363.285,328.8168,307.15308,296.11764,249.9822,207.26316,165.00276,125.92476,92.55168,70.12044,36.19044,19.83852,6.8328,1.3338,0.07956,0,0,0,0,0,0
14-08,0,0,0,0,0,0,0,0,0,0.19188,3.4398,13.26312,34.047,73.57896,80.67384,109.5354,128.34432,132.60312,160.17768,207.52056,255.53268,217.77912,245.74212,281.151,298.78524,267.54624,276.0498,247.00572,222.15492,187.41528,178.93044,215.90712,178.66836,135.71532,94.13352,80.0748,61.45776,25.07544,13.11804,5.49432,1.0296,0.03744,0,0,0,0,0,0
15-08,0,0,0,0,0,0,0,0,0,0.24804,6.58476,16.81056,30.68676,79.65828,105.63228,124.99812,194.5008,233.84088,274.75812,307.34964,327.12264,350.92044,347.44788,352.89072,320.37876,319.86864,307.62108,272.75508,281.70792,272.38536,263.75544,217.95228,174.60612,134.59212,106.96608,82.5786,55.82304,27.33588,10.41768,3.40236,0.88452,0.0234,0,0,0,0,0,0
16-08,0,0,0,0,0,0,0,0,0,0.14976,4.15116,16.66548,29.37168,39.01716,50.4036,69.30144,95.19588,112.2966,133.16472,164.48328,186.01596,176.33772,203.85612,227.80368,231.74424,216.43128,218.14884,202.56912,198.5958,172.47204,195.9048,162.44748,141.98652,129.4488,99.12708,84.006,46.22436,25.51068,9.88416,2.89224,0.56628,0.01872,0,0,0,0,0,0
17-08,0,0,0,0,0,0,0,0,0,0.15444,4.81572,14.60628,28.90368,60.7464,94.11948,117.5148,139.9554,186.92856,198.58176,194.89392,238.8672,233.96256,204.36156,206.505,226.3482,235.84392,220.27824,210.54384,218.36412,212.05548,196.76592,183.924,159.47568,124.64712,102.67452,81.63792,55.49076,25.44516,9.53316,3.4398,0.33696,0,0,0,0,0,0,0
18-08,0,0,0,0,0,0,0,0,0,0.04212,2.05452,9.009,19.41732,36.64908,57.77928,82.63008,105.44508,119.5272,135.603,153.56016,148.61808,166.80456,165.26016,184.89276,228.23424,231.1452,213.64668,203.33196,194.16384,158.69412,164.88108,129.99636,122.59728,86.52384,61.7292,47.89044,30.85992,14.73732,7.80624,3.44916,0.47736,0.01872,0,0,0,0,0,0
19-08,0,0,0,0,0,0,0,0,0,0.04212,3.92652,12.7062,26.29692,40.65984,62.14572,77.8986,105.36084,130.39416,136.57176,184.626,157.75344,171.92448,188.1594,209.98692,186.87708,164.98872,141.71508,152.33868,155.4462,164.74536,123.60348,130.72176,110.28888,86.37876,73.04076,51.7842,38.32452,19.19268,7.21656,2.35872,0.3978,0,0,0,0,0,0,0
20-08,0,0,0,0,0,0,0,0,0,0.00468,3.33216,15.26616,23.8914,46.97784,68.47776,95.34564,125.73756,165.80772,197.55684,245.00736,231.14052,260.25012,268.14528,268.92684,245.00268,265.04244,280.2852,244.22112,224.46216,197.22924,233.66304,174.83076,121.09032,110.81304,78.3666,57.45168,35.68968,18.8604,11.3256,3.861,0.29484,0,0,0,0,0,0,0
21-08,0,0,0,0,0,0,0,0,0,0,1.638,11.64384,28.32336,47.53476,73.67256,98.631,147.91608,167.3334,193.7754,224.17668,244.74528,250.7544,225.96912,190.42452,177.138,234.55224,217.38132,183.222,190.36368,175.8978,190.37304,162.90612,134.08668,107.38728,79.45704,63.7884,39.12948,15.38784,4.64256,1.42272,0.15444,0,0,0,0,0,0,0
22-08,0,0,0,0,0,0,0,0,0,0,2.2932,12.70152,19.16928,39.8736,60.33924,87.55344,95.74344,126.75312,151.41672,184.24224,204.95124,205.88256,193.50396,184.66812,172.65924,164.62836,203.2056,204.16968,182.81016,157.07016,139.64652,121.50684,117.40248,102.52944,80.9406,62.56224,39.72384,18.14904,7.35228,1.9188,0.14976,0,0,0,0,0,0,0
23-08,0,0,0,0,0,0,0,0,0,0,2.34936,12.8466,37.33704,65.07072,80.49132,107.23752,130.14612,153.74736,150.56496,195.4602,215.81352,229.02984,191.83788,211.64364,208.91052,231.69744,199.19952,211.18968,206.15868,203.8608,185.75856,172.25208,164.08548,120.39768,77.84712,50.0994,33.17184,17.20368,5.17608,1.75032,0.12636,0,0,0,0,0,0,0
24-08,0,0,0,0,0,0,0,0,0,0,1.67076,8.80776,21.0132,46.098,75.66624,103.76964,131.4612,183.1986,196.4898,271.89396,293.66064,302.66028,327.5532,311.20128,292.56552,223.14708,348.93612,236.91564,223.1658,235.86264,212.13972,148.07988,137.20824,101.37348,84.06684,63.59184,38.99376,18.23796,5.34924,1.17,0.04212,0,0,0,0,0,0,0
25-08,0,0,0,0,0,0,0,0,0,0,1.2402,8.2134,20.04444,61.75728,101.09736,134.9244,170.20692,204.282,240.0138,248.21316,273.97188,291.2364,310.03128,292.48128,276.08724,254.20824,273.897,283.40676,231.97824,253.73556,187.94412,176.15988,150.21396,107.65872,93.30984,72.36684,38.9376,17.58744,8.0496,2.55996,0.07956,0,0,0,0,0,0,0
26-08,0,0,0,0,0,0,0,0,0,0,1.49292,10.74996,17.86356,31.8474,56.22552,78.60996,126.54252,186.16104,247.81536,289.46268,300.5262,319.79376,266.94252,230.50404,251.11008,269.78328,259.26264,246.7764,187.63524,230.47596,171.54072,180.56376,159.00768,105.75864,108.25776,69.76944,39.60684,24.49044,8.82648,2.27916,0.08424,0,0,0,0,0,0,0
27-08,0,0,0,0,0,0,0,0,0,0,1.22148,10.86696,23.69484,53.84808,108.15948,135.26136,170.41752,214.7418,202.5972,218.21436,243.91224,190.9674,205.96212,168.28812,218.69172,198.8298,149.02524,190.9908,245.30688,211.08204,201.38976,117.45864,108.93168,92.13984,68.33268,51.68124,21.19104,9.76248,4.66128,1.18872,0.03744,0,0,0,0,0,0,0
28-08,0,0,0,0,0,0,0,0,0,0,1.3104,9.60804,21.9258,59.98356,89.19612,105.64164,123.67368,164.13696,218.6496,230.48532,251.39088,286.52364,281.93724,278.15112,195.1794,211.73724,201.34764,214.72308,180.3204,164.18376,190.61172,179.08956,121.82508,65.34684,56.68416,54.99468,29.12832,9.29916,1.53504,0.351,0.00936,0,0,0,0,0,0,0
29-08,0,0,0,0,0,0,0,0,0,0,1.29168,11.8638,26.24076,42.79392,63.52632,75.0906,112.65228,174.62484,201.86244,232.86744,195.48828,254.79792,259.37964,297.80712,241.65648,230.19048,240.37884,224.07372,211.887,226.27332,234.73944,223.55892,173.36124,136.7964,103.03956,55.19592,29.02068,11.18052,4.21668,0.69264,0.00936,0,0,0,0,0,0,0
30-08,0,0,0,0,0,0,0,0,0,0,0.45864,7.94196,20.24568,60.04908,80.42112,140.2596,164.34756,214.76988,264.42936,236.18088,287.72172,258.1722,232.07652,260.03484,257.85864,236.20896,216.49212,195.65208,186.74604,161.9514,136.27692,118.67544,95.08356,81.549,64.18152,42.79392,27.11124,11.84508,4.68,0.61308,0.00936,0,0,0,0,0,0,0
31-08,0,0,0,0,0,0,0,0,0,0,2.8548,13.86684,45.71424,86.77656,130.89024,163.60344,206.35992,241.43184,258.82272,271.82376,314.83764,298.33128,326.29428,283.80456,317.87496,352.44612,306.72252,296.49672,287.50644,265.88952,177.00696,160.407,124.11828,89.07444,65.0286,42.71904,24.35472,9.68292,2.77524,0.47268,0.00936,0,0,0,0,0,0,0
01-09,0,0,0,0,0,0,0,0,0,0.3744,4.16988,11.77956,28.28592,54.74196,72.2358,116.4384,137.55924,162.76104,190.62108,203.45364,213.84792,214.8354,267.48072,229.52592,255.57012,235.81584,275.89536,283.27104,198.93744,187.44336,218.91636,177.1848,145.05192,121.84848,69.9192,47.49264,25.49664,10.062,3.5334,0.4446,0.00936,0,0,0,0,0,0,0
02-09,0,0,0,0.00936,0,0,0,0,0,0.3744,2.5506,9.46296,37.57572,67.52304,105.21108,144.17208,158.72688,219.99276,264.33576,285.8128,345.57432,308.3886,296.78688,225.07524,254.26908,223.8678,253.11312,237.57552,198.39924,171.1008,156.30264,138.53268,113.19048,87.3288,66.62916,42.97644,23.18472,9.06048,3.30408,0.41652,0.0234,0,0,0,0,0,0,0
03-09,0,0,0,0,0,0,0,0,0,0,0.0702,4.69404,16.97436,35.53524,53.94168,67.69152,69.77412,105.66036,127.72656,156.09204,192.13272,220.9194,247.00104,199.22292,164.40372,159.00768,163.07928,226.10484,177.42816,158.54904,135.98208,125.62992,101.29392,83.60352,52.64532,31.88016,14.93388,6.18696,2.28384,0.27612,0,0,0,0,0,0,0,0
04-09,0,0,0,0,0,0,0,0,0,0,3.48192,4.329,10.05264,25.70724,39.6864,51.6204,86.38344,122.733,127.23984,141.31728,173.2536,160.36488,163.32264,169.50024,176.07096,200.31804,197.54748,212.23332,144.2142,145.30464,147.89736,148.04712,123.42564,99.801,52.62192,36.036,21.06936,9.72504,3.33684,0.31824,0,0,0,0,0,0,0,0
05-09,0,0,0,0,0,0,0,0,0,0,1.57664,7.93832,33.39596,69.32952,88.53156,125.22432,159.52664,192.48112,169.4082,262.4882,274.41544,247.72748,291.10172,268.52488,300.69156,289.33788,274.8954,302.69772,244.31368,188.65912,190.40268,133.54224,148.04296,101.71668,64.10768,35.27316,16.30564,6.578,2.71648,0.195,0,0,0,0,0,0,0,0
06-09,0,0,0,0,0,0,0,0,0,0,0.75816,6.7392,21.6684,30.23748,86.72508,87.37092,96.09912,130.89492,191.94084,227.57904,243.29448,240.50052,233.10612,268.9128,242.892,263.6712,258.7104,207.38484,211.81212,195.54444,206.49564,149.04864,122.9436,96.60456,78.81588,44.87652,21.16764,9.23364,3.12624,0.1872,0,0,0,0,0,0,0,0
07-09,0,0,0,0,0,0,0,0,0,0,0.37908,5.78916,15.25212,30.42936,59.77764,99.44064,128.99016,138.88836,205.79364,230.4432,197.66916,192.09996,190.1016,201.90456,176.6466,174.79332,167.04324,173.74968,149.44644,160.60824,156.14352,146.99412,129.87936,77.7816,51.65316,28.29528,14.77008,7.43652,1.95156,0.0936,0,0,0,0,0,0,0,0
08-09,0,0,0,0,0,0,0,0,0,0,0.75348,5.41008,17.7138,65.00988,89.2944,117.05616,154.99224,203.3928,264.76164,285.75144,276.92028,261.94428,263.3202,261.38736,281.02464,281.96532,223.05816,264.43872,247.58604,240.03252,159.38208,172.3176,141.55596,101.21436,58.45788,33.52752,17.01648,6.201,1.88604,0.07956,0,0,0,0,0,0,0,0
09-09,0,0,0,0,0,0,0,0,0,0,0.7488,4.95144,15.62184,61.69644,87.00588,117.26208,159.64416,198.09036,226.90512,236.98584,262.37952,256.73076,292.3596,322.93404,297.531,260.50284,280.78128,274.07016,219.54348,176.24412,139.57632,118.02024,99.22068,73.18116,49.28976,31.49172,13.63752,5.70492,1.38528,0.04212,0,0,0,0,0,0,0,0
10-09,0,0,0,0,0,0,0,0,0,0,0,2.7378,11.583,21.78072,44.16048,60.47496,79.73316,76.11084,138.52332,145.07064,130.84344,159.43356,194.39784,210.98844,202.87332,155.69892,164.68452,171.08208,152.10936,122.73768,117.7722,107.23752,81.60048,70.25616,36.47592,17.79804,9.48636,3.978,0.9594,0.0234,0,0,0,0,0,0,0,0
11-09,0,0,0,0,0,0,0,0,0,0,0.3744,6.8562,20.59668,35.34804,57.88692,79.78464,161.66124,178.60284,212.16312,222.08472,233.58816,286.94016,273.6162,304.0596,240.51924,333.5436,299.13624,272.81592,258.51852,237.89844,194.74884,135.8136,104.13936,85.3866,53.19288,27.31716,9.65952,3.03264,0.7488,0.00936,0,0,0,0,0,0,0,0
12-09,0,0,0,0,0,0,0,0,0,0,0.3744,4.53024,16.06644,59.11308,94.47516,133.38,139.94136,194.00004,199.41012,193.19976,221.67288,235.56312,222.14088,295.97724,266.95188,270.73332,272.71296,221.08788,225.43092,221.82264,193.25124,140.07708,106.26408,59.70744,34.22016,15.94008,5.7096,2.02176,0.48204,0.01872,0,0,0,0,0,0,0,0
13-09,0,0,0,0,0,0,0,0,0,0,0.3744,6.71112,21.53268,51.06816,85.10112,129.636,176.19732,210.00564,243.22896,275.34312,290.92752,289.81368,272.46492,233.91108,344.53224,305.05644,325.13364,269.7318,259.95996,252.12096,194.30424,164.97,113.26536,70.39188,39.44772,24.5934,9.41616,3.23856,0.65052,0.01404,0,0,0,0,0,0,0,0
14-09,0,0,0,0,0,0,0,0,0,0,1.4976,8.49368,21.21808,50.25904,74.64444,114.96004,142.45868,169.46332,199.26972,220.34064,208.20644,204.10572,187.57024,193.17324,195.7306,188.97372,178.05424,170.65152,160.16416,144.91464,141.19144,126.27212,98.07148,59.81456,34.22744,17.14024,8.09276,2.51056,0.26208,0,0,0,0,0,0,0,0,0
15-09,0,0,0,0,0,0,0,0,0,0,0,1.1232,8.71416,24.0786,40.13568,61.92108,83.12148,127.00116,159.1434,156.23244,176.7402,179.8992,220.9662,227.46672,248.28336,245.07756,188.97372,211.0212,210.09924,173.6514,124.47396,108.8802,84.60972,62.96472,43.57548,26.04888,15.63588,4.1652,0.3042,0,0,0,0,0,0,0,0,0
16-09,0,0,0,0,0,0,0,0,0,0,0,2.97648,16.90416,34.92684,42.95772,82.79856,97.344,179.14104,212.6826,208.64376,226.02528,240.35076,275.4882,285.01668,269.13744,290.1834,194.7348,222.75864,169.25688,180.39528,151.71624,146.77884,118.29636,74.6928,47.58156,24.16284,9.05112,2.59272,0.2106,0,0,0,0,0,0,0,0,0
17-09,0,0,0,0,0,0,0,0,0,0,0,0.69732,5.22288,17.84952,37.557,63.4842,97.812,121.86252,145.65096,193.52268,201.93732,241.89048,279.77976,266.0346,292.968,249.24276,215.69652,196.72848,200.1402,213.79644,178.38756,152.2638,122.3352,88.4754,48.04488,24.28452,11.0916,4.01076,0.3744,0,0,0,0,0,0,0,0,0
18-09,0,0,0,0,0,0,0,0,0,0,0,4.46472,14.93388,24.97716,53.85276,90.43632,124.72668,132.80436,166.52376,166.11192,184.27968,213.06168,260.02548,278.05284,257.67144,262.0098,244.97928,264.75696,202.88736,181.9818,171.4986,135.4158,108.49176,69.92856,46.0512,23.7276,10.296,2.82204,0.14508,0,0,0,0,0,0,0,0,0
19-09,0,0,0,0,0,0,0,0,0,0,0,0.66456,9.60804,17.88228,29.96136,57.18492,88.8264,96.0804,103.36716,121.63788,136.19736,145.86156,173.35656,166.68756,199.87812,201.88116,207.99324,219.90384,210.16476,192.9096,157.51476,127.00584,83.03256,63.24552,36.85968,19.59048,7.49736,2.55996,0.13104,0,0,0,0,0,0,0,0,0
20-09,0,0,0,0,0,0,0,0,0,0,0,1.1934,4.66128,9.63144,20.27376,53.001,106.23132,122.32584,127.09008,126.18684,141.51384,133.24428,128.01204,135.52344,145.18296,139.86648,135.95868,122.26968,108.17352,107.78508,90.21168,83.59416,61.22844,39.60216,31.77252,20.64348,11.87316,3.52404,0.12168,0,0,0,0,0,0,0,0,0
21-09,0,0,0,0,0,0,0,0,0,0,0,1.55376,6.1542,27.17208,71.05644,97.18956,136.38456,178.18164,218.35008,258.9912,283.4676,302.09868,323.36928,330.0102,305.63676,268.66008,277.61292,276.03576,193.73328,195.9048,178.60752,147.02688,99.45468,67.23288,41.56308,20.90088,8.22744,2.4804,0.03744,0,0,0,0,0,0,0,0,0
22-09,0,0,0,0,0,0,0,0,0,0,0,1.57352,7.51088,29.57032,78.34112,105.79816,138.48224,181.3084,216.46872,252.05232,266.48024,278.67736,270.51128,267.51088,274.76592,274.38736,269.75832,234.9308,222.73056,180.75408,143.96616,109.93528,61.8956,46.99552,24.60328,9.55344,3.18344,0.78104,0.0468,0,0,0,0,0,0,0,0,0
23-09,0,0,0,0,0,0,0,0,0,0,0,1.51632,7.839,25.93656,76.752,99.73548,132.1398,175.04136,218.68236,249.75756,278.18856,300.26412,289.9494,236.06856,238.81104,191.49156,161.73144,156.76128,187.18128,149.99868,94.03524,93.60936,77.01876,51.09156,32.526,17.88696,6.25716,2.1996,0.01404,0,0,0,0,0,0,0,0,0
24-09,0,0,0,0,0,0,0,0,0,0,0,2.34,8.90136,22.3938,68.61348,94.71852,130.06656,161.24004,164.67984,181.75248,201.33828,213.32844,208.11024,161.50212,187.50888,199.40544,165.17592,132.16788,132.01812,130.96512,115.8066,93.81996,76.02192,51.11964,29.83968,15.14916,8.67204,1.57716,0.00936,0,0,0,0,0,0,0,0,0
25-09,0,0,0,0,0,0,0,0,0,0,0,0.75348,5.1948,18.57492,65.81016,93.11328,124.36632,162.56448,205.15716,242.08236,244.68912,249.77628,241.74072,218.34072,223.56828,236.90628,198.5724,252.54684,227.63052,196.04988,135.44388,117.58032,83.91708,63.7884,26.94276,13.55328,2.91564,0.62712,0.00936,0,0,0,0,0,0,0,0,0
26-09,0,0,0,0,0,0,0,0,0,0,0,1.1232,5.54112,16.848,58.31748,87.82956,117.20592,126.72036,159.76116,224.50896,187.29828,149.49792,151.9362,193.57416,172.99152,144.37332,138.14424,143.07696,118.59588,106.8912,83.62224,73.92996,46.13076,37.02816,19.54368,9.58464,3.4632,0.54288,0,0,0,0,0,0,0,0,0,0
27-09,0,0,0,0,0,0,0,0,0,0,0,1.4976,5.4626,18.71272,57.05128,78.0988,109.2494,133.73672,160.4304,151.4604,164.72144,176.10008,198.93848,178.83268,161.12512,155.41812,164.72404,151.74276,153.18524,153.04952,123.8354,89.56428,67.50172,51.9272,34.697,17.35864,5.7564,0.62816,0,0,0,0,0,0,0,0,0,0
28-09,0,0,0,0,0,0,0,0,0,0,0,0.0104,2.47832,14.352,35.62624,67.56568,98.75944,165.50352,200.96336,242.48432,247.6552,261.06184,290.22968,279.45424,267.462,234.25376,235.67128,189.27896,127.03184,129.94592,99.04024,73.996,51.50912,28.45752,10.98136,3.12104,0.72696,0.0936,0,0,0,0,0,0,0,0,0,0
29-09,0,0,0,0,0,0,0,0,0,0,0,0.3744,4.02948,12.52368,59.202,90.82944,120.31344,165.99492,195.10452,252.35496,271.02816,209.196,228.20616,225.68364,239.41944,226.90044,215.01792,175.66848,170.19756,157.94532,127.54872,122.11056,87.0012,62.45928,34.46352,12.76236,3.66912,0.43524,0,0,0,0,0,0,0,0,0,0
30-09,0,0,0,0,0,0,0,0,0,0,0,0,3.19696,13.51688,55.81472,73.16816,97.5884,120.38312,131.62656,187.22496,228.04912,227.10272,232.53152,188.63312,194.71712,200.37888,190.53424,140.6652,96.47768,76.37864,62.6756,49.05264,33.63776,13.83616,6.448,2.22976,0.91624,0.11024,0,0,0,0,0,0,0,0,0,0
01-10,0,0,0,0,0,0,0,0,0,0,0,0,1.41336,7.15104,19.82448,42.66756,63.98964,81.88128,99.03348,105.14088,113.0922,118.92816,125.94348,113.84568,120.47256,103.36248,102.48264,95.96808,111.84732,103.1238,87.1884,68.92704,60.84468,38.22156,18.10692,9.594,2.1996,0.09828,0,0,0,0,0,0,0,0,0,0
02-10,0,0,0,0,0,0,0,0,0,0,0,0,1.4508,11.349,35.08596,59.96016,82.42884,111.65544,141.57,155.2122,170.35668,191.75364,196.69572,203.47704,220.23612,216.3564,184.73364,148.50108,126.3366,104.78988,99.74952,81.60984,51.1056,29.32488,10.84356,4.04352,1.00152,0.0468,0,0,0,0,0,0,0,0,0,0
03-10,0,0,0,0,0,0,0,0,0,0,0,0.37908,4.00608,13.35672,22.28148,34.97364,54.50796,85.65336,95.62644,113.24196,130.76856,128.84976,143.85384,147.64464,141.7338,143.07228,117.08424,105.89436,98.18172,88.4988,78.89076,68.46372,41.33376,33.87852,14.52672,5.93892,2.49444,0.06084,0,0,0,0,0,0,0,0,0,0
04-10,0,0,0,0,0,0,0,0,0,0,0,0.3744,5.41008,19.90872,48.80304,39.70512,48.41928,73.08288,100.64808,133.71696,159.79392,181.09728,182.59956,188.36064,214.05852,198.56772,223.09092,174.85884,166.7718,155.04372,94.64832,76.401,49.55652,33.66792,18.92592,8.26956,1.97496,0.01872,0,0,0,0,0,0,0,0,0,0
05-10,0,0,0,0,0,0,0,0,0,0,0,0,2.15488,13.38688,45.25144,82.81624,116.50496,123.07256,166.87632,216.08808,230.66888,215.41104,219.674,212.72992,233.02552,192.72864,175.42304,160.28064,142.75768,101.49672,96.43088,62.66624,46.21448,26.43784,8.96376,3.3384,1.06912,0,0,0,0,0,0,0,0,0,0,0
06-10,0,0,0,0,0,0,0,0,0,0,0,0,1.6146,8.60652,37.87056,72.17964,109.98936,154.00476,178.776,210.92292,235.75032,252.86976,246.13524,264.40128,265.08456,216.34704,203.43024,154.36044,125.43336,115.17948,136.44072,87.18372,46.07928,27.85536,10.91376,4.62852,1.17,0.00936,0,0,0,0,0,0,0,0,0,0
07-10,0,0,0,0,0,0,0,0,0,0,0,0,1.21212,9.46296,22.36572,31.58064,59.0148,75.08592,78.43212,97.3908,118.52568,111.18744,112.63824,130.71708,142.32816,131.391,123.78132,120.82356,102.41244,94.24584,92.42532,68.85684,43.25724,26.80236,16.36596,5.733,0.97812,0.00936,0,0,0,0,0,0,0,0,0,0
08-10,0,0,0,0,0,0,0,0,0,0,0,0,0.43992,6.47244,18.23796,37.97352,53.00568,82.57392,99.19728,129.96828,159.5646,181.4436,186.71796,207.6282,199.77984,184.42008,176.47344,160.83288,147.47616,128.57364,116.16696,86.91228,61.11612,33.65388,14.66712,5.77044,0.5382,0,0,0,0,0,0,0,0,0,0,0
09-10,0,0,0,0,0,0,0,0,0,0,0,0,0.81744,11.23408,19.8172,55.82928,59.02208,109.49536,132.756,184.39824,245.41608,232.58144,219.71144,245.74784,227.2244,218.51752,169.468,131.81064,164.71936,136.6144,110.25456,70.66072,40.56,23.1504,11.33912,4.40128,0.598,0,0,0,0,0,0,0,0,0,0,0
10-10,0,0,0,0,0,0,0,0,0,0,0,0,0.40456,3.87504,13.40664,28.43048,55.80744,82.21304,111.748,153.00896,185.2656,196.6796,179.79,176.26648,175.0372,156.77688,133.96136,135.59624,140.19096,120.90728,88.92104,71.41992,60.59456,36.99488,18.67528,7.124,0.3692,0,0,0,0,0,0,0,0,0,0,0
11-10,0,0,0,0,0,0,0,0,0,0,0,0.3744,4.57704,14.31612,34.8192,48.57372,78.47424,115.44156,145.68372,170.77788,193.28868,223.25472,197.73936,204.00588,198.5256,185.99256,183.96144,171.85896,141.98184,128.80296,86.99652,49.90752,32.55408,20.24568,10.76868,4.09968,0.40248,0,0,0,0,0,0,0,0,0,0,0
12-10,0,0,0,0,0,0,0,0,0,0,0,0,1.89072,8.33976,32.86764,60.489,84.65652,111.735,142.75872,162.19476,172.71072,187.4106,199.62072,219.4686,204.0948,198.00144,180.27828,160.9452,132.53292,107.48556,75.465,38.71764,25.10352,11.21328,4.67532,1.27764,0.1404,0,0,0,0,0,0,0,0,0,0,0
13-10,0,0,0,0,0,0,0,0,0,0,0,0,0.3744,3.58488,12.18672,27.5184,61.69176,85.53168,83.00448,95.92128,110.87856,111.73968,116.59752,110.18592,128.07756,114.67404,109.36224,86.21964,81.86724,65.19708,51.24132,41.64732,24.64488,15.27084,7.14168,3.56148,0.27144,0,0,0,0,0,0,0,0,0,0,0
14-10,0,0,0,0,0,0,0,0,0,0,0,0,0.0052,1.1856,7.97472,20.10944,37.5492,51.67136,82.58744,117.1196,139.66888,133.2396,135.1116,131.41752,149.35024,133.97488,102.18832,107.67432,96.38616,79.13152,69.96808,37.77072,29.276,14.07952,8.50616,2.4076,0.1456,0,0,0,0,0,0,0,0,0,0,0
15-10,0,0,0,0,0,0,0,0,0,0,0,0,0,1.53972,6.26184,16.10856,34.73028,52.71552,77.12172,105.38892,127.74996,132.15852,151.84728,144.75708,148.92228,148.37004,143.76024,124.17444,123.80472,102.00528,86.30388,54.25992,38.97036,26.7228,10.0386,2.691,0.09828,0,0,0,0,0,0,0,0,0,0,0
16-10,0,0,0,0,0,0,0,0,0,0,0,0,0,0.90792,6.23376,14.40504,22.84776,41.51628,65.637,83.6316,96.24888,125.48484,124.722,128.115,121.87656,120.17304,123.6924,107.37324,100.35792,89.18676,79.61148,55.16316,31.48704,16.45956,7.31016,1.88604,0.0468,0,0,0,0,0,0,0,0,0,0,0
17-10,0,0,0,0,0,0,0,0,0,0,0,0,0,1.82988,10.31472,28.197,52.33176,79.8876,96.1038,117.75816,147.9816,162.26496,177.5124,181.59804,149.22648,144.11124,133.5672,144.03168,121.45536,102.12228,79.82676,56.4174,34.1874,18.1116,6.3648,1.60056,0.04212,0,0,0,0,0,0,0,0,0,0,0
18-10,0,0,0,0,0,0,0,0,0,0,0,0,0,1.27816,8.59144,23.21384,40.7004,74.97568,104.18616,121.70288,135.80008,154.04168,164.38032,146.67016,147.4096,154.48368,133.68368,138.81088,125.41984,93.43256,63.75616,39.01248,18.9852,6.57592,1.88656,0.47632,0,0,0,0,0,0,0,0,0,0,0,0
19-10,0,0,0,0,0,0,0,0,0,0,0,0,0,6.4532,21.632,30.5032,61.7448,94.1304,97.4896,109.7512,101.0672,114.7224,100.6512,111.6232,107.0576,105.456,99.0288,94.3696,63.986,51.4176,35.646,28.0228,16.0056,7.2176,3.354,0.6396,0,0,0,0,0,0,0,0,0,0,0,0
20-10,0,0,0,0,0,0,0,0,0,0,0,0,0,1.59588,6.89364,18.44856,32.44176,58.52808,61.2378,71.07984,99.30024,95.11164,101.30328,90.39888,118.56312,92.64528,93.38004,106.05816,111.63204,81.89064,60.64812,29.80224,12.27096,9.56592,3.58488,0.6552,0,0,0,0,0,0,0,0,0,0,0,0
21-10,0,0,0,0,0,0,0,0,0,0,0,0,0.3744,4.212,17.32536,31.62276,39.3354,44.65188,67.83192,85.16664,95.70132,127.07136,144.6588,105.4638,121.61916,120.18708,105.56208,102.14568,74.68344,66.35772,65.4264,46.22436,29.78352,14.26464,6.0606,0.69732,0.00936,0,0,0,0,0,0,0,0,0,0,0
22-10,0,0,0,0,0,0,0,0,0,0,0,0,0,3.34152,27.57456,54.97596,84.60036,112.66164,102.90852,137.15208,169.64064,173.8152,197.6832,194.0562,181.65888,191.82852,208.76076,156.53664,134.1054,89.3412,74.93616,48.17592,25.32348,10.5768,3.81888,0.6552,0,0,0,0,0,0,0,0,0,0,0,0
23-10,0,0,0,0,0,0,0,0,0,0,0,0,0,0.21996,6.83748,17.66232,32.98932,62.08488,90.91368,113.63508,126.03708,135.64044,148.84272,179.21592,189.75996,170.23032,150.75216,99.45468,113.58828,65.58552,52.5564,30.24216,14.25528,7.96536,2.64888,0.234,0,0,0,0,0,0,0,0,0,0,0,0
24-10,0,0,0,0,0,0,0,0,0,0,0,0,0,3.03264,24.63552,44.16048,64.68228,79.8876,69.53544,110.27016,121.49748,112.33872,121.18392,152.1702,154.89864,158.2776,128.78892,130.44096,118.99368,97.94304,58.64976,34.05168,18.69192,7.98408,3.43512,0.31356,0,0,0,0,0,0,0,0,0,0,0,0
25-10,0,0,0,0,0,0,0,0,0,0,0,0,0,1.97496,20.81196,56.79648,71.82396,99.69336,132.52356,139.27212,143.68068,165.70008,190.72404,181.21896,192.6288,158.15124,126.34128,181.09728,115.16544,107.172,74.35584,40.365,19.4922,12.13524,3.2526,0.20592,0,0,0,0,0,0,0,0,0,0,0,0
26-10,0,0,0,0,0,0,0,0,0,0,0,0,0,3.58488,27.81792,46.58472,59.29092,74.28096,81.41328,80.8938,84.11364,79.80336,70.70076,79.92972,79.2792,98.18172,85.54104,86.7204,91.8216,66.17052,42.90156,35.334,19.93212,8.25084,2.34936,0.21996,0,0,0,0,0,0,0,0,0,0,0,0
27-10,0,0,0,0,0,0,0,0,0,0,0,0,0,1.18872,9.82332,40.04676,71.12664,94.10544,123.58008,111.5712,119.32128,144.56988,144.0972,128.23668,155.07648,166.2102,156.09672,159.6114,113.8878,80.262,56.6982,31.92228,14.09148,3.86568,1.58184,0.0936,0,0,0,0,0,0,0,0,0,0,0,0
28-10,0,0,0,0,0,0,0,0,0,0,0,0,0,1.1934,7.85772,37.21068,63.70416,73.47132,111.12192,150.96744,172.95876,196.3494,203.16816,184.30308,194.83308,160.83756,139.96944,110.682,86.42088,67.79916,49.95432,22.26276,11.9106,4.60044,2.09196,0.10296,0,0,0,0,0,0,0,0,0,0,0,0
29-10,0,0,0,0,0,0,0,0,0,0,0,0,0,0.40248,4.5162,15.70608,31.11264,46.72044,63.14724,86.11668,120.92184,146.08152,182.04732,189.15624,186.62904,173.30976,142.4592,111.46824,97.79796,70.317,46.46304,26.39052,15.11172,4.20732,1.0062,0.0234,0,0,0,0,0,0,0,0,0,0,0,0
30-10,0,0,0,0,0,0,0,0,0,0,0,0,0.3744,3.82824,15.71076,30.61188,43.50528,70.16724,97.60608,96.05232,108.56196,127.5768,112.9518,98.9586,100.30644,98.57952,84.4038,69.9894,66.924,59.45004,41.13252,19.33308,9.828,3.68316,1.06236,0.03276,0,0,0,0,0,0,0,0,0,0,0,0
31-10,0,0,0,0,0,0,0,0,0,0,0,0,0,0,5.18128,19.89832,29.0186,49.32616,55.74712,70.2988,87.11716,83.44284,93.37588,126.48636,111.1708,103.44932,99.60912,90.88404,72.60396,45.00444,24.4322,12.15864,2.3374,0.0416,0,0,0,0,0,0,0,0,0,0,0,0,0,0
01-11,0,0,0,0,0,0,0,0,0,0,0,0,0,0,8.81712,25.19712,44.07624,51.06816,67.80852,101.87424,117.91728,100.89144,145.35144,157.716,162.83592,128.1384,113.84568,80.31348,74.93616,52.14456,38.5866,18.90252,5.1012,0.1404,0,0,0,0,0,0,0,0,0,0,0,0,0,0
02-11,0,0.01872,0,0,0,0,0,0,0,0,0,0,0,0.3744,7.1136,21.36888,63.35784,99.84546,123.87726,115.71768,166.63608,158.67072,146.49336,149.32476,163.7766,161.5536,154.2528,132.28488,97.84008,61.92576,35.68032,15.15852,3.52872,0.16848,0,0,0,0,0,0,0,0,0,0,0,0,0,0
03-11,0,0,0,0,0,0,0,0,0,0,0,0,0,0,1.88604,13.9932,37.5102,63.35784,83.75328,108.52452,105.61824,109.28736,111.28104,123.07932,116.98596,87.15564,83.33208,76.7286,49.10724,37.8378,24.99588,8.1198,1.10916,0,0,0,0,0,0,0,0,0,0,0,0,0,0,0
04-11,0,0,0,0,0,0,0,0,0,0,0,0,0,0,2.37744,11.10096,23.82588,40.2714,60.23628,76.93452,107.1954,122.88744,144.46224,166.44888,146.33424,100.54512,86.74848,68.22504,61.05528,42.0732,23.41404,12.09312,1.90944,0.00468,0,0,0,0,0,0,0,0,0,0,0,0,0,0
05-11,0,0,0,0,0,0,0,0,0,0,0,0,0,0,1.05768,8.87796,30.97692,53.08992,70.79904,94.37688,140.74164,144.50904,158.8626,131.19444,131.61096,91.87308,63.51228,58.383,44.65188,35.5446,25.36092,10.65168,1.41804,0,0,0,0,0,0,0,0,0,0,0,0,0,0,0
06-11,0,0,0,0,0,0,0,0,0,0,0,0,0,0,2.17568,16.18032,30.05496,55.53912,91.78,109.45792,101.84096,107.99464,106.75184,124.19992,129.14512,120.20944,93.59688,69.29624,59.306,40.2532,21.43544,6.47712,1.11488,0,0,0,0,0,0,0,0,0,0,0,0,0,0,0
07-11,0,0,0,0,0,0,0,0,0,0,0,0,0,0,2.81736,10.40364,22.42656,50.70312,55.19592,68.8194,73.43856,61.96788,69.62436,70.8786,59.77296,45.94356,39.63492,36.30276,32.94252,22.37508,12.22416,4.55364,0.58968,0,0,0,0,0,0,0,0,0,0,0,0,0,0,0
08-11,0,0,0,0,0,0,0,0,0,0,0,0,0,0,3.40704,11.31156,35.03916,46.02312,65.58552,86.87952,132.80904,100.07244,111.17808,112.51656,108.58536,97.79796,86.3226,72.26388,56.49696,42.92964,19.02888,6.58476,0.64584,0,0,0,0,0,0,0,0,0,0,0,0,0,0,0
09-11,0,0,0,0,0,0,0,0,0,0,0,0,0,0,4.59108,10.79208,20.70432,37.97352,68.55264,70.96752,76.63968,71.80524,73.21392,93.67488,79.85952,64.5138,60.138,49.71096,35.90964,20.1474,8.90604,3.60828,0.34164,0,0,0,0,0,0,0,0,0,0,0,0,0,0,0
10-11,0,0,0,0,0,0,0,0,0,0,0,0,0,0,4.41792,22.02408,53.49708,77.6646,82.5786,100.02096,121.7502,117.51948,104.5278,101.1816,88.17588,71.6274,72.306,62.02404,35.51652,25.0848,20.4516,5.5458,0.95472,0,0,0,0,0,0,0,0,0,0,0,0,0,0,0
11-11,0,0,0,0,0,0,0,0,0,0,0,0,0,0,0.09568,6.32736,20.01688,32.02056,48.24664,69.6332,83.75328,87.22376,87.854,94.00664,104.62504,110.9628,86.97312,71.26392,54.00824,33.02104,19.94096,5.22392,0.33592,0,0,0,0,0,0,0,0,0,0,0,0,0,0,0
12-11,0,0,0,0,0,0,0,0,0,0,0,0,0,0,0.04212,3.4632,15.6078,35.11872,55.42524,83.27592,84.99816,93.38472,96.06168,89.40672,89.23356,84.92328,79.09668,61.0038,50.86692,36.86436,17.5266,4.9374,0.27144,0,0,0,0,0,0,0,0,0,0,0,0,0,0,0
13-11,0,0,0,0,0,0,0,0,0,0,0,0,0,0,0.50544,16.46424,46.1214,72.57744,100.7838,128.43792,146.42784,131.23188,127.71252,130.02444,130.06188,114.67404,92.32236,79.7706,61.66368,37.55232,16.67952,4.64724,0.21996,0,0,0,0,0,0,0,0,0,0,0,0,0,0,0
14-11,0,0,0,0,0,0,0,0,0,0,0,0,0,0,0,1.62396,6.35544,16.29108,27.19548,37.75824,42.68628,49.96836,49.82328,57.88224,52.25688,44.28684,39.36816,29.85372,23.283,16.60932,7.29144,2.14812,0.1638,0,0,0,0,0,0,0,0,0,0,0,0,0,0,0
15-11,0,0,0,0,0,0,0,0,0,0,0,0,0,0,0,1.55025,8.64279,18.90369,31.87197,46.4373,60.42231,72.26154,84.63429,80.36964,70.07247,70.27137,68.26599,48.71763,39.03354,28.548,13.42575,3.75921,0.17082,0,0,0,0,0,0,0,0,0,0,0,0,0,0,0
16-11,0,0,0,0,0,0,0,0,0,0,0,0,0,0,0.01404,2.23704,11.49876,29.49336,47.13228,59.65128,75.56328,66.20796,59.65596,66.1284,63.38592,58.1958,61.78068,37.51488,36.39168,24.00372,11.64384,3.50532,0.13104,0,0,0,0,0,0,0,0,0,0,0,0,0,0,0
17-11,0,0,0,0,0,0,0,0,0,0,0,0,0,0,0.3744,9.48688,37.128,56.53856,81.55784,102.99536,124.89568,133.96344,141.7104,130.34216,122.47976,101.11504,92.65464,72.61696,45.39912,27.924,11.61888,2.366,0.11128,0,0,0,0,0,0,0,0,0,0,0,0,0,0,0
18-11,0,0,0,0,0,0,0,0,0,0,0,0,0,0,0.3744,3.98736,13.83408,25.28136,44.28684,59.70276,69.93792,99.8244,97.227,136.12716,123.903,83.77668,69.69456,61.34544,44.67996,25.24392,15.912,4.3056,0.19188,0,0,0,0,0,0,0,0,0,0,0,0,0,0,0
19-11,0,0,0,0,0,0,0,0,0,0,0,0,0,0,0.0208,3.08776,21.27632,36.40416,62.26792,98.40168,99.9544,119.92032,123.52496,105.96352,92.89696,70.89576,79.54336,68.86256,47.77552,30.9816,12.8544,2.72792,0.09048,0,0,0,0,0,0,0,0,0,0,0,0,0,0,0
20-11,0,0,0,0,0,0,0,0,0,0,0,0,0,0,0.3744,4.73304,24.8612,43.96288,40.78776,64.30944,96.84272,94.9936,99.36576,119.79968,109.3976,88.26792,82.97848,72.21864,46.53896,29.99256,14.63176,2.77472,0.03952,0,0,0,0,0,0,0,0,0,0,0,0,0,0,0
21-11,0,0,0,0,0,0,0,0,0,0,0,0,0,0,0.3744,6.48648,29.8584,49.36464,66.91932,85.70952,99.04284,105.58548,105.09876,110.12508,108.90828,87.89508,76.5882,61.26588,36.82692,20.06784,6.60348,1.20744,0.03744,0,0,0,0,0,0,0,0,0,0,0,0,0,0,0
22-11,0,0,0,0,0,0,0,0,0,0,0,0,0,0,0,1.73628,11.92464,26.12376,39.97656,44.91864,49.21488,55.38312,60.92424,68.26248,81.46944,75.46032,72.60084,55.1304,34.2108,20.72304,7.34292,1.46016,0.02808,0,0,0,0,0,0,0,0,0,0,0,0,0,0,0
23-11,0,0,0,0,0,0,0,0,0,0,0,0,0,0,0,0.89856,9.828,33.77088,45.08712,67.12524,89.51904,74.3418,63.47484,64.69164,57.36744,55.81368,51.02136,38.06712,37.44468,23.77908,8.5644,1.72692,0.02808,0,0,0,0,0,0,0,0,0,0,0,0,0,0,0
24-11,0,0,0,0,0,0,0,0,0,0,0,0,0,0,0,4.17924,10.77804,22.12704,34.21548,47.97936,65.2158,79.3026,68.31396,61.9866,69.15636,69.7554,58.54212,60.59664,42.0498,24.82272,11.50344,1.81584,0.02808,0,0,0,0,0,0,0,0,0,0,0,0,0,0,0
25-11,0,0,0,0,0,0,0,0,0,0,0,0,0,0,0,1.80648,22.31892,42.29316,71.95032,94.79808,116.89236,129.76704,141.7104,143.17524,134.98524,127.52064,130.34736,85.86396,58.5234,35.919,13.68432,2.26044,0.02808,0,0,0,0,0,0,0,0,0,0,0,0,0,0,0
26-11,0,0,0,0,0,0,0,0,0,0,0,0,0,0,0,3.1564,24.6896,48.5368,74.2248,95.6904,105.5704,118.6068,129.0471,104.3848,97.7496,87.3184,68.9364,47.6008,30.134,23.1608,10.7016,1.4404,0,0,0,0,0,0,0,0,0,0,0,0,0,0,0,0
27-11,0,0,0,0,0,0,0,0,0,0,0,0,0,0,0,0.00468,6.3882,16.92756,25.91316,31.52916,52.29432,68.2344,62.16444,72.16092,72.97524,79.1856,72.24516,52.05564,31.40748,20.95704,9.22896,1.08108,0.01872,0,0,0,0,0,0,0,0,0,0,0,0,0,0,0
28-11,0,0,0,0,0,0,0,0,0,0,0,0,0,0,0,0.51376,16.87608,42.0576,66.71808,84.4116,105.43832,113.40472,103.8492,100.05112,86.70896,71.51664,71.23688,66.18976,52.17992,33.94664,13.30992,1.84392,0.02496,0,0,0,0,0,0,0,0,0,0,0,0,0,0,0
29-11,0,0,0,0,0,0,0,0,0,0,0,0,0,0,0,0.06084,3.69252,16.497,33.54156,44.38512,64.4202,73.29348,79.10604,79.04052,82.07316,73.9206,71.36532,56.67948,39.42432,27.38268,10.96056,1.30572,0.00936,0,0,0,0,0,0,0,0,0,0,0,0,0,0,0
30-11,0,0,0,0,0,0,0,0,0,0,0,0,0,0,0,1.55376,15.43932,41.75028,68.1642,90.18828,109.49328,118.36656,112.90968,117.93132,113.3964,102.72132,81.6894,70.65396,37.82376,19.85724,7.75476,1.04364,0.02808,0,0,0,0,0,0,0,0,0,0,0,0,0,0,0
01-12,0,0,0,0,0,0,0,0,0,0,0,0,0,0,0,0.05616,2.86884,12.41136,32.67108,48.70476,55.95876,64.73376,69.47928,70.8318,78.77376,76.28868,64.0926,57.20832,41.71284,19.3284,5.82192,0.9126,0.01872,0,0,0,0,0,0,0,0,0,0,0,0,0,0,0
02-12,0,0.00936,0,0,0,0,0,0,0,0,0,0,0,0,0,1.51164,14.6952,31.06012,56.33576,75.49308,95.64516,124.96536,136.773,132.5142,128.57364,116.35416,102.0474,82.44288,50.29128,27.24696,7.50204,1.78308,0.15444,0,0,0,0,0,0,0,0,0,0,0,0,0,0,0
03-12,0,0,0,0,0,0,0,0,0,0,0,0,0,0,0,1.13256,8.3304,21.33612,38.12796,59.3424,78.7878,86.49576,98.20044,102.81492,97.78392,91.02132,84.27276,58.27536,39.57876,20.241,5.81256,0.65988,0,0,0,0,0,0,0,0,0,0,0,0,0,0,0,0
04-12,0,0,0,0,0,0,0,0,0,0,0,0,0,0,0,0.00936,2.98948,14.90632,28.82724,47.01008,61.22584,62.86748,62.47124,62.07604,58.43344,50.40048,40.2584,38.23664,22.74376,12.98804,5.07312,0.47632,0,0,0,0,0,0,0,0,0,0,0,0,0,0,0,0
05-12,0,0,0,0,0,0,0,0,0,0,0,0,0,0,0,1.1232,5.81256,20.241,32.28732,35.802,48.58776,55.05552,62.91792,68.05188,68.93172,55.12104,48.09636,31.005,20.50776,10.50192,3.66912,0.33696,0,0,0,0,0,0,0,0,0,0,0,0,0,0,0,0
06-12,0,0,0,0,0,0,0,0,0,0,0,0,0,0,0,0,1.3338,12.53304,27.5184,37.91736,43.71588,56.8386,65.89908,59.46408,55.41588,48.99024,45.20412,35.70372,19.38924,14.26932,4.64256,0.42588,0,0,0,0,0,0,0,0,0,0,0,0,0,0,0,0
07-12,0,0,0,0,0,0,0,0,0,0,0,0,0,0,0,0,3.2292,9.984,16.9936,25.584,39.0468,46.6648,63.1592,62.6496,67.8704,59.3164,51.506,43.3836,29.3384,16.9052,7.0564,0.6604,0,0,0,0,0,0,0,0,0,0,0,0,0,0,0,0
08-12,0,0,0,0,0,0,0,0,0,0,0,0,0,0,0,0,6.30656,17.71224,30.6072,63.648,74.35792,85.306,92.86056,97.77664,94.29992,79.34472,64.67032,54.98064,40.6952,19.25456,6.75064,0.94328,0,0,0,0,0,0,0,0,0,0,0,0,0,0,0,0
09-12,0,0,0,0,0,0,0,0,0,0,0,0,0,0,0,0,1.29636,13.83408,33.0408,46.24308,60.5592,66.55896,68.796,73.5462,69.4044,69.63372,63.99432,59.88528,41.61924,22.47336,7.23996,0.50076,0,0,0,0,0,0,0,0,0,0,0,0,0,0,0,0
10-12,0,0,0,0,0,0,0,0,0,0,0,0,0,0,0,0.7488,7.7922,18.4158,37.14516,59.88528,79.59744,87.34752,93.17412,92.2896,85.50828,70.02684,56.628,38.1654,24.78996,11.33028,3.10284,0.36972,0,0,0,0,0,0,0,0,0,0,0,0,0,0,0,0
11-12,0,0,0,0,0,0,0,0,0,0,0,0,0,0,0,0,3.80484,13.89024,27.61668,32.42304,45.6768,64.70568,91.20384,82.0404,63.77904,57.11472,50.52996,38.05308,22.5576,11.26476,3.75336,0.51948,0,0,0,0,0,0,0,0,0,0,0,0,0,0,0,0
12-12,0,0,0,0,0,0,0,0,0,0,0,0,0,0,0,0,0.50544,6.72984,12.7296,21.17232,28.7118,29.7648,29.93796,32.93784,37.8378,38.38536,42.33528,35.58204,22.58568,13.27248,4.43196,0.33228,0,0,0,0,0,0,0,0,0,0,0,0,0,0,0,0
13-12,0,0,0,0,0,0,0,0,0,0,0,0,0,0,0,0.37908,7.56756,27.67752,38.50236,44.75952,45.28368,57.66696,67.8366,73.13904,71.8146,55.15848,39.63024,30.42468,23.94288,12.91212,3.61764,0.37908,0,0,0,0,0,0,0,0,0,0,0,0,0,0,0,0
14-12,0,0,0,0,0,0,0,0,0,0,0,0,0,0,0,0,2.07324,17.20368,44.22132,69.53544,94.89636,113.14368,124.6752,139.26744,110.1672,93.61872,75.231,68.26248,42.85944,22.30956,8.27892,0.80028,0.01404,0,0,0,0,0,0,0,0,0,0,0,0,0,0,0
15-12,0,0,0,0,0,0,0,0,0,0,0,0,0,0,0,0,0.8424,10.69848,20.53116,35.4978,52.83252,65.01924,68.31396,69.56352,66.02076,65.50596,51.35832,42.37272,28.782,15.19128,5.18544,0.54756,0,0,0,0,0,0,0,0,0,0,0,0,0,0,0,0
16-12,0,0,0,0,0,0,0,0,0,0,0,0,0,0,0,0,0.60372,12.36456,27.2376,45.45684,65.33748,82.63476,99.11304,101.42028,103.60116,82.37736,80.62704,58.25664,40.30884,23.05368,8.91072,0.73944,0.01404,0,0,0,0,0,0,0,0,0,0,0,0,0,0,0
17-12,0,0,0,0,0,0,0,0,0,0,0,0,0,0,0,0,0.6318,10.37088,26.18928,40.05612,60.23628,77.34168,82.05912,77.0562,81.29628,76.2372,61.69644,38.90016,24.18624,13.23036,6.60348,0.73476,0,0,0,0,0,0,0,0,0,0,0,0,0,0,0,0
18-12,0,0,0,0,0,0,0,0,0,0,0,0,0,0,0,0,0.47268,5.44284,12.71088,18.84168,22.56228,26.74152,33.94872,37.69272,34.02828,27.43416,23.78844,21.16296,15.41592,8.9856,2.691,0.15912,0,0,0,0,0,0,0,0,0,0,0,0,0,0,0,0
19-12,0,0,0,0,0,0,0,0,0,0,0,0,0,0,0,0,3.83032,18.1532,37.2684,51.88664,66.71184,76.39112,83.06272,88.6392,87.31528,79.60784,81.49648,54.19856,35.776,19.02888,6.4116,0.58656,0,0,0,0,0,0,0,0,0,0,0,0,0,0,0,0
20-12,0,0,0,0,0,0,0,0,0,0,0,0,0,0,0,0,1.31508,8.50356,19.45944,31.98312,52.533,55.37376,63.76968,57.56868,53.27712,54.37692,56.86668,43.08876,30.69144,13.42692,4.99824,0.6552,0,0,0,0,0,0,0,0,0,0,0,0,0,0,0,0
21-12,0,0,0,0,0,0,0,0,0,0,0,0,0,0,0,0,0.06448,1.6952,7.54416,16.29368,23.58512,31.72728,37.95064,35.16448,37.94544,40.3364,40.77944,32.75688,22.9008,14.82,5.53176,0.38064,0,0,0,0,0,0,0,0,0,0,0,0,0,0,0,0
22-12,0,0,0,0,0,0,0,0,0,0,0,0,0,0,0,0,0.17784,5.88276,21.82284,36.89244,49.27104,59.52492,65.83824,61.62624,57.096,58.11156,52.26624,30.94416,23.30172,17.72784,6.39756,0.89388,0,0,0,0,0,0,0,0,0,0,0,0,0,0,0,0
23-12,0,0,0,0,0,0,0,0,0,0,0,0,0,0,0,0,0.13312,4.00088,12.05152,20.28832,26.07696,34.00384,32.54472,34.9336,32.45008,32.3024,26.62816,21.2212,15.10704,10.07136,4.10176,0.728,0.0728,0,0,0,0,0,0,0,0,0,0,0,0,0,0,0
24-12,0,0,0,0,0,0,0,0,0,0,0,0,0,0,0,0,4.4408,20.67,43.24892,46.90816,61.28148,76.44,75.18212,76.57728,68.65092,66.76592,57.08716,53.11696,34.97312,20.75528,8.26696,0.9672,0.03016,0,0,0,0,0,0,0,0,0,0,0,0,0,0,0
25-12,0,0,0,0,0,0,0,0,0,0,0,0,0,0,0,0,0.45864,7.488,19.67004,34.20612,49.21488,59.3658,68.10336,78.3432,69.88176,73.04076,57.79332,45.48492,28.58076,17.9244,6.0606,0.65988,0,0,0,0,0,0,0,0,0,0,0,0,0,0,0,0
26-12,0,0,0,0,0,0,0,0,0,0,0,0,0,0,0,0,3.77676,23.79312,44.11368,63.02088,78.8346,97.96644,105.83352,111.22956,103.8024,91.32552,84.50208,63.92412,43.1964,24.86016,6.3648,0.69264,0,0,0,0,0,0,0,0,0,0,0,0,0,0,0,0
27-12,0,0,0,0,0,0,0,0,0,0,0,0,0,0,0,0,0.45864,4.73148,14.24124,27.59796,38.59128,47.44116,52.49556,58.43448,57.60612,51.3396,44.16048,33.9066,27.34056,17.84016,7.34292,0.87048,0.00936,0,0,0,0,0,0,0,0,0,0,0,0,0,0,0
28-12,0,0,0,0,0,0,0,0,0,0,0,0,0,0,0,0,0.07956,4.9608,14.4378,30.11112,46.46304,54.20844,64.85076,59.2254,52.52364,54.405,45.85464,37.58976,28.9224,18.018,7.67052,1.09044,0.00936,0,0,0,0,0,0,0,0,0,0,0,0,0,0,0
29-12,0,0,0,0,0,0,0,0,0,0,0,0,0,0,0,0,0.42588,4.54428,15.43932,26.64792,39.3588,51.9948,54.90576,64.95372,64.0692,58.86504,57.64824,51.07752,49.06512,27.1206,11.85912,2.04516,0.10296,0,0,0,0,0,0,0,0,0,0,0,0,0,0,0
30-12,0,0,0,0,0,0,0,0,0,0,0,0,0,0,0,0,0.6318,8.97624,25.28136,40.28544,57.46572,70.72416,71.33256,73.71936,81.081,75.21228,63.60588,55.36908,42.55056,25.81956,10.56276,2.00772,0.06084,0,0,0,0,0,0,0,0,0,0,0,0,0,0,0
31-12,0,0,0,0,0,0,0,0,0,0,0,0,0,0,0,0,3.5204,23.5144,44.876,63.7208,82.7476,95.2328,100.4484,107.068,99.3408,111.2072,90.8284,67.1216,49.5872,33.5816,12.7452,1.612,0.0104,0,0,0,0,0,0,0,0,0,0,0,0,0,0,0
