Start Date,00:00:00,00:30:00,01:00:00,01:30:00,02:00:00,02:30:00,03:00:00,03:30:00,04:00:00,04:30:00,05:00:00,05:30:00,06:00:00,06:30:00,07:00:00,07:30:00,08:00:00,08:30:00,09:00:00,09:30:00,10:00:00,10:30:00,11:00:00,11:30:00,12:00:00,12:30:00,13:00:00,13:30:00,14:00:00,14:30:00,15:00:00,15:30:00,16:00:00,16:30:00,17:00:00,17:30:00,18:00:00,18:30:00,19:00:00,19:30:00,20:00:00,20:30:00,21:00:00,21:30:00,22:00:00,22:30:00,23:00:00,23:30:00,,
01-01,0,0,0,0,0,0,0,0,0,0,0,0,0,0,0,0,0.3135,13.332,55.7535,127.2975,139.491,156.9975,163.911,150.447,179.982,219.252,240.966,162.0795,132.264,69.465,27.489,6.171,0.132,0,0,0,0,0,0,0,0,0,0,0,0,0,0,0,,
02-01,0,0.066,0,0,0,0,0,0,0,0,0,0,0,0,0,0,1.2375,35.343,133.5015,221.133,310.1175,358.2645,379.1865,391.6935,373.989,346.368,294.3435,248.6715,184.437,97.3335,51.414,16.566,2.178,0.033,0,0,0,0,0,0,0,0,0,0,0,0,0,0,,
03-01,0,0,0,0,0,0,0,0,0,0,0,0,0,0,0,0,0.4785,32.5875,96.822,169.0755,246.2295,282.876,364.4355,373.9725,301.6695,323.499,331.815,227.964,184.239,105.2865,30.162,6.5505,0.264,0,0,0,0,0,0,0,0,0,0,0,0,0,0,0,,
04-01,0,0,0,0,0,0,0,0,0,0,0,0,0,0,0,0,0.333666667,15.83633333,64.44716667,102.1056667,144.8773333,211.035,267.8261667,281.2516667,324.379,349.1455,301.18,243.1788333,181.1076667,107.1271667,45.452,6.16,0.232833333,0,0,0,0,0,0,0,0,0,0,0,0,0,0,0,,
05-01,0,0,0,0,0,0,0,0,0,0,0,0,0,0,0,0,0.627,16.29283333,47.091,82.0105,120.3473333,162.9045,172.7843333,187.946,207.1025,200.5116667,156.3558333,116.105,113.806,87.5985,48.4385,10.439,0.3355,0,0,0,0,0,0,0,0,0,0,0,0,0,0,0,,
06-01,0,0,0,0,0,0,0,0,0,0,0,0,0,0,0,0,1.4575,17.45883333,44.7865,67.20816667,99.8525,152.7643333,201.3953333,236.2048333,224.5081667,224.51,228.9375,186.285,176.9276667,95.93466667,41.5305,7.107833333,0.3025,0,0,0,0,0,0,0,0,0,0,0,0,0,0,0,,
07-01,0,0,0,0,0,0,0,0,0,0,0,0,0,0,0,0,0.936833333,31.70383333,89.64633333,122.0725,153.1236667,201.0855,226.4735,239.1913333,349.6661667,270.2901667,237.5963333,241.9596667,139.2398333,108.449,49.47433333,10.40233333,0.616,0,0,0,0,0,0,0,0,0,0,0,0,0,0,0,,
08-01,0,0,0,0,0,0,0,0,0,0,0,0,0,0,0,0,1.371333333,25.982,76.16033333,123.7995,159.9418333,200.167,204.6696667,212.7675,245.5511667,233.354,235.4788333,180.103,140.3288333,91.08,48.89316667,10.15116667,0.229166667,0,0,0,0,0,0,0,0,0,0,0,0,0,0,0,,
09-01,0,0,0,0,0,0,0,0,0,0,0,0,0,0,0,0,1.2045,31.284,116.193,176.6655,248.8365,287.2815,350.031,367.224,402.072,419.793,352.836,286.044,206.1675,147.4605,63.921,14.1735,0.7755,0,0,0,0,0,0,0,0,0,0,0,0,0,0,0,,
10-01,0,0,0,0,0,0,0,0,0,0,0,0,0,0,0,0,1.1055,41.0025,128.931,188.4795,242.517,280.533,312.7245,349.4535,319.9185,334.8675,310.035,259.0335,211.002,131.043,66.627,17.1105,0.495,0,0,0,0,0,0,0,0,0,0,0,0,0,0,0,,
11-01,0,0,0,0,0,0,0,0,0,0,0,0,0,0,0,0,1.5345,27.324,109.395,171.4845,240.966,288.42,336.798,377.2725,356.796,345.213,290.0535,238.4415,155.2485,102.2175,55.7865,17.457,0.858,0,0,0,0,0,0,0,0,0,0,0,0,0,0,0,,
12-01,0,0,0,0,0,0,0,0,0,0,0,0,0,0,0,0,1.155,29.6835,108.8835,166.254,270.6495,330.0165,374.649,381.909,333.5475,242.22,217.3215,229.8615,194.766,130.482,72.336,25.5255,1.0065,0,0,0,0,0,0,0,0,0,0,0,0,0,0,0,,
13-01,0,0,0,0,0,0,0,0,0,0,0,0,0,0,0,0,3.3,30.954,81.0645,148.4835,186.7965,203.841,265.4355,287.8425,281.094,271.227,286.7865,247.533,168.1515,112.134,76.2135,17.292,1.2705,0,0,0,0,0,0,0,0,0,0,0,0,0,0,0,,
14-01,0,0,0,0,0,0,0,0,0,0,0,0,0,0,0,0,1.9305,39.2535,130.713,229.3335,304.59,367.0425,437.712,424.248,440.22,349.6845,279.906,224.9115,201.5805,154.7205,67.683,29.403,1.815,0,0,0,0,0,0,0,0,0,0,0,0,0,0,0,,
15-01,0,0,0,0,0,0,0,0,0,0,0,0,0,0,0,0,4.95,64.911,142.9395,199.4355,285.2685,351.186,393.6735,415.569,452.0505,450.1035,414.2655,367.719,315.1995,238.062,123.8325,42.702,4.0425,0,0,0,0,0,0,0,0,0,0,0,0,0,0,0,,
16-01,0,0,0,0,0,0,0,0,0,0,0,0,0,0,0,0,4.0095,46.5135,156.321,235.29,269.5935,309.8865,344.157,344.85,352.4565,378.642,387.6015,320.958,267.4155,202.9665,101.607,40.26,2.97,0,0,0,0,0,0,0,0,0,0,0,0,0,0,0,,
17-01,0,0,0,0,0,0,0,0,0,0,0,0,0,0,0,0,4.3395,52.8,123.42,194.1885,296.4225,425.7,444.0645,471.3225,575.223,503.3655,434.1315,374.418,318.0375,220.9845,135.0525,50.688,4.752,0,0,0,0,0,0,0,0,0,0,0,0,0,0,0,,
18-01,0,0,0,0,0,0,0,0,0,0,0,0,0,0,0,0.033,4.95,48.774,86.295,152.856,260.1885,346.071,405.438,478.5,490.2975,507.8535,461.0265,404.91,327.9375,223.575,115.533,51.0675,6.0225,0.099,0,0,0,0,0,0,0,0,0,0,0,0,0,0,,
19-01,0,0,0,0,0,0,0,0,0,0,0,0,0,0,0,0.033,4.7685,38.115,69.366,126.258,194.6175,232.6995,255.9645,274.626,291.7035,310.431,266.046,235.818,197.0595,171.4185,112.959,45.243,4.686,0.033,0,0,0,0,0,0,0,0,0,0,0,0,0,0,,
20-01,0,0,0,0,0,0,0,0,0,0,0,0,0,0,0,0,3.894,49.896,112.629,159.324,225.522,269.6595,294.7725,311.0415,356.433,363.7755,358.446,331.7325,294.855,210.6555,129.2115,69.498,9.669,0.132,0,0,0,0,0,0,0,0,0,0,0,0,0,0,,
21-01,0,0,0,0,0,0,0,0,0,0,0,0,0,0,0,0,5.5935,53.955,108.8175,165.528,212.256,266.6895,315.1995,346.4175,364.7655,349.0245,331.122,334.653,287.133,199.221,132.3795,57.6345,6.0885,0.0825,0,0,0,0,0,0,0,0,0,0,0,0,0,0,,
22-01,0,0,0,0,0,0,0,0,0,0,0,0,0,0,0,0.1485,10.626,69.3495,114.7905,153.648,221.1825,218.46,273.1245,300.8775,287.892,318.0045,313.6815,230.373,191.136,190.3275,113.5365,42.306,8.1675,0.0495,0,0,0,0,0,0,0,0,0,0,0,0,0,0,,
23-01,0,0,0,0,0,0,0,0,0,0,0,0,0,0,0,0,15.18,54.8295,104.7915,164.043,241.23,292.8585,304.9695,347.9685,313.3185,318.351,297.033,272.1015,284.526,316.4865,137.4615,65.406,9.405,0.1815,0,0,0,0,0,0,0,0,0,0,0,0,0,0,,
24-01,0,0,0,0,0,0,0,0,0,0,0,0,0,0,0,0,6.4185,40.8375,78.606,124.014,168.927,226.4625,338.085,356.763,420.0075,392.172,285.153,323.4495,265.254,226.8585,103.29,66.1155,13.5465,0.264,0,0,0,0,0,0,0,0,0,0,0,0,0,0,,
25-01,0,0,0,0,0,0,0,0,0,0,0,0,0,0,0,0.0495,20.9055,101.8875,202.95,303.9795,388.9545,492.4095,506.2035,507.5895,534.336,515.889,471.1905,405.4545,336.2535,253.275,145.7445,64.9605,16.8135,0.4785,0,0,0,0,0,0,0,0,0,0,0,0,0,0,,
26-01,0,0,0,0,0,0,0,0,0,0,0,0,0,0,0,0,6.402,40.7055,118.5855,191.4495,255.783,259.776,197.1255,199.98,227.1885,173.7945,234.8445,176.154,160.1985,105.1215,71.3955,28.71,5.874,0.2145,0,0,0,0,0,0,0,0,0,0,0,0,0,0,,
27-01,0,0,0,0,0,0,0,0,0,0,0,0,0,0,0,0,18.5955,107.778,183.48,294.228,313.0875,331.1715,411.8235,474.4245,485.5125,451.176,441.408,378.4275,341.22,223.575,149.2095,70.95,15.3615,0.5115,0,0,0,0,0,0,0,0,0,0,0,0,0,0,,
28-01,0,0,0,0,0,0,0,0,0,0,0,0,0,0,0,0.033,13.893,61.578,111.606,183.8595,261.8715,313.3845,337.491,355.7235,376.7445,336.6165,235.917,196.911,156.519,111.144,102.6795,45.0615,17.754,0.429,0,0,0,0,0,0,0,0,0,0,0,0,0,0,,
29-01,0,0,0,0,0,0,0,0,0,0,0,0,0,0,0,0.066,15.9885,73.656,219.3015,287.562,373.89,442.0185,519.222,542.487,540.3585,550.1595,463.6665,413.391,306.108,212.4045,146.157,68.706,16.1535,1.0065,0,0,0,0,0,0,0,0,0,0,0,0,0,0,,
30-01,0,0,0,0,0,0,0,0,0,0,0,0,0,0,0,0.2475,37.4385,131.8515,235.7355,320.925,414.6945,487.9215,577.17,610.9125,600.8145,575.718,561.231,505.164,409.9095,342.507,199.6665,97.5975,35.0955,2.0295,0,0,0,0,0,0,0,0,0,0,0,0,0,0,,
31-01,0,0,0,0,0,0,0,0,0,0,0,0,0,0,0,0.627,22.209,72.6,123.849,189.948,275.4015,304.8375,307.4445,349.2885,412.302,346.0875,316.0575,233.2935,206.811,147.8565,110.6985,64.812,15.807,1.32,0,0,0,0,0,0,0,0,0,0,0,0,0,0,,
01-02,0,0,0,0,0,0,0,0,0,0,0,0,0,0,0,0.627,23.3145,82.8135,147.477,255.684,350.2455,392.436,387.4035,378.9225,434.247,465.1845,375.2595,331.6665,249.843,161.073,114.0645,60.621,27.9675,3.069,0.066,0,0,0,0,0,0,0,0,0,0,0,0,0,,
02-02,0,0.033,0,0,0,0,0,0,0,0,0,0,0,0,0,0.429,27.6045,71.75483333,200.6051667,267.432,336.2205,368.082,466.389,405.0915,478.0545,501.864,545.4075,456.9675,332.97,218.394,159.093,113.025,59.499,12.045,0.5775,0,0,0,0,0,0,0,0,0,0,0,0,0,,
03-02,0,0,0,0,0,0,0,0,0,0,0,0,0,0,0,3.9435,63.888,173.943,300.333,343.6125,409.2825,422.169,482.724,614.46,633.8145,605.979,521.3835,419.5455,325.71,225.9345,214.3185,125.7135,43.9725,4.653,0,0,0,0,0,0,0,0,0,0,0,0,0,0,,
04-02,0,0,0,0,0,0,0,0,0,0,0,0,0,0,0,2.0955,51.0015,167.079,294.195,375.441,374.5665,421.4595,501.303,467.082,456.5715,451.8525,360.8715,379.83,322.8225,288.0075,189.981,109.824,41.0355,6.2205,0.033,0,0,0,0,0,0,0,0,0,0,0,0,0,,
05-02,0,0,0,0,0,0,0,0,0,0,0,0,0,0,0,6.633,79.035,176.5005,263.406,312.939,446.985,541.761,530.2935,534.9465,470.3325,415.206,331.7655,272.5305,301.4055,252.7305,172.722,113.4045,52.0245,7.1115,0.099,0,0,0,0,0,0,0,0,0,0,0,0,0,,
06-02,0,0,0,0,0,0,0,0,0,0,0,0,0,0,0,5.94,79.893,181.2855,288.6015,382.1895,480.546,519.4365,622.842,651.717,612.48,571.626,512.226,434.3625,401.3295,322.245,175.2795,103.9995,54.813,8.9265,0.1815,0,0,0,0,0,0,0,0,0,0,0,0,0,,
07-02,0,0,0,0,0,0,0,0,0,0,0,0,0,0,0,3.399,38.577,100.155,188.76,256.113,306.5205,394.3995,463.1055,523.776,510.6255,465.2835,404.0025,367.5705,366.2175,275.88,189.2055,132.4785,48.2955,9.9495,0.066,0,0,0,0,0,0,0,0,0,0,0,0,0,,
08-02,0,0,0,0,0,0,0,0,0,0,0,0,0,0,0,2.9205,22.572,57.2055,95.2215,123.6015,159.7035,215.1105,275.913,316.239,319.935,291.852,303.7155,279.8565,226.413,157.806,117.876,75.1575,31.086,6.0555,0.066,0,0,0,0,0,0,0,0,0,0,0,0,0,,
09-02,0,0,0,0,0,0,0,0,0,0,0,0,0,0,0,2.871,34.683,88.044,125.037,177.7215,240.339,281.2095,338.448,328.5645,389.0205,380.721,359.7165,311.0745,283.3545,230.4885,211.068,112.4475,42.0915,9.1245,0.1485,0,0,0,0,0,0,0,0,0,0,0,0,0,,
10-02,0,0,0,0,0,0,0,0,0,0,0,0,0,0,0,3.927,28.8255,89.628,146.7345,220.539,249.216,302.643,338.118,387.09,373.1145,352.3575,297.4455,259.8255,273.999,249.1995,208.7745,131.571,48.6915,13.9095,0.4125,0,0,0,0,0,0,0,0,0,0,0,0,0,,
11-02,0,0,0,0,0,0,0,0,0,0,0,0,0,0,0,11.0055,51.645,112.2,151.074,222.3045,316.899,380.556,439.461,443.982,479.721,448.9485,400.1085,332.8215,267.63,244.101,194.8485,130.053,57.651,16.335,0.495,0,0,0,0,0,0,0,0,0,0,0,0,0,,
12-02,0,0,0,0,0,0,0,0,0,0,0,0,0,0,0.0165,7.4085,38.478,89.1,174.669,247.995,289.179,398.508,379.7475,418.77,394.4655,330.3465,271.1115,253.011,205.0785,163.9275,196.02,146.025,70.8675,15.9555,0.8085,0,0,0,0,0,0,0,0,0,0,0,0,0,,
13-02,0,0,0,0,0,0,0,0,0,0,0,0,0,0,0.2475,5.7585,39.006,85.0245,131.7525,194.2545,238.095,264.033,272.4315,337.0455,398.805,379.7805,367.158,336.798,294.6075,247.2525,212.9325,136.6695,64.515,20.13,1.1385,0,0,0,0,0,0,0,0,0,0,0,0,0,,
14-02,0,0,0,0,0,0,0,0,0,0,0,0,0,0,0.2475,18.6945,82.632,163.482,247.0215,326.3865,394.812,497.409,479.424,492.7395,521.8125,449.691,463.7985,411.642,426.0465,419.826,321.156,192.093,85.206,23.727,1.683,0,0,0,0,0,0,0,0,0,0,0,0,0,,
15-02,0,0,0,0,0,0,0,0,0,0,0,0,0,0,0.066,13.7115,61.2975,136.6365,204.006,284.856,318.978,371.811,365.3265,437.118,476.8665,422.6475,391.6275,362.142,317.7735,269.016,201.3,123.0735,70.158,26.2185,1.617,0,0,0,0,0,0,0,0,0,0,0,0,0,,
16-02,0,0,0,0,0,0,0,0,0,0,0,0,0,0,0.435416667,16.13333333,67.77833333,167.4635417,238.1316667,280.1677083,365.344375,461.9908333,457.7145833,481.463125,486.1358333,356.4252083,291.6879167,296.6929167,236.933125,210.106875,167.8233333,134.1816667,71.72229167,24.20458333,1.643125,0,0,0,0,0,0,0,0,0,0,0,0,0,,
17-02,0,0,0,0,0,0,0,0,0,0,0,0,0,0,0.656333333,25.53833333,75.83033333,176.352,309.2576667,317.0328333,364.8956667,419.2851667,465.1056667,401.8611667,370.6908333,411.5851667,497.7591667,396.1833333,340.3895,290.2991667,228.954,158.9903333,77.165,28.688,2.036833333,0,0,0,0,0,0,0,0,0,0,0,0,0,,
18-02,0,0,0,0,0,0,0,0,0,0,0,0,0,0,0.6765,46.1505,156.5355,304.722,417.747,455.7465,609.9885,576.84,618.5355,671.847,762.0195,682.7535,703.824,643.005,524.6835,452.5455,328.713,235.1415,124.806,48.873,4.4055,0,0,0,0,0,0,0,0,0,0,0,0,0,,
19-02,0,0,0,0,0,0,0,0,0,0,0,0,0,0,2.508,38.676,109.263,176.3685,256.0305,344.685,390.423,407.4675,359.4855,324.6375,349.734,303.6165,285.1035,231.1155,196.185,226.3635,135.861,101.6235,49.2525,19.1895,3.168,0.0495,0,0,0,0,0,0,0,0,0,0,0,0,,
20-02,0,0,0,0,0,0,0,0,0,0,0,0,0,0,0.759,22.9515,69.168,129.426,176.1375,259.5945,322.2615,408.573,468.7155,416.6415,387.057,396.924,371.5305,449.559,320.1825,297.825,250.734,159.2415,95.9475,37.323,5.973,0,0,0,0,0,0,0,0,0,0,0,0,0,,
21-02,0,0,0,0,0,0,0,0,0,0,0,0,0,0,1.485,18.876,52.7505,111.1605,188.8755,264.363,307.23,317.097,368.511,394.9275,381.6285,376.2825,366.2505,406.56,350.1135,305.844,246.4935,165.0825,116.0115,65.1915,8.448,0,0,0,0,0,0,0,0,0,0,0,0,0,,
22-02,0,0,0,0,0,0,0,0,0,0,0,0,0,0,4.308333333,43.41333333,114.2166667,235.07,358.435,406.2483333,459.7266667,531.96,640.7133333,723.7266667,752.565,754.3433333,767.03,674.2633333,565.0883333,574.31,504.7533333,392.2416667,199.7416667,78.11833333,11.69666667,0.146666667,0,0,0,0,0,0,0,0,0,0,0,0,,
23-02,0,0,0,0,0,0,0,0,0,0,0,0,0,0,5.775,41.448,103.1745,192.3405,272.3985,309.045,443.9325,509.85,603.5205,578.2755,622.3305,658.3005,598.851,484.176,365.2605,374.154,308.946,231.231,140.7945,63.261,11.55,0.066,0,0,0,0,0,0,0,0,0,0,0,0,,
24-02,0,0,0,0,0,0,0,0,0,0,0,0,0,0.033,9.4985,58.68866667,178.6913333,264.2456667,428.769,587.2863333,692.3491667,608.9453333,702.636,658.5461667,891.8928333,757.3261667,762.7308333,637.3381667,696.7968333,641.102,531.4906667,345.0076667,220.473,100.1916667,21.6095,0.462,0,0,0,0,0,0,0,0,0,0,0,0,,
25-02,0,0,0,0,0,0,0,0,0,0,0,0,0,0.066,11.715,85.47,288.1395,342.3255,549.054,601.1445,628.122,744.843,843.5295,798.534,943.338,703.2465,645.2655,804.804,584.4795,616.275,507.606,257.895,179.1735,103.521,21.7305,0.66,0,0,0,0,0,0,0,0,0,0,0,0,,
26-02,0,0,0,0,0,0,0,0,0,0,0,0,0,0.033,16.1205,63.558,135.2505,231.858,334.7685,484.1265,539.7645,595.254,618.849,612.414,671.748,735.471,788.172,511.203,454.08,539.649,510.609,284.3445,237.2535,101.1285,26.268,1.1715,0,0,0,0,0,0,0,0,0,0,0,0,,
27-02,0,0,0,0,0,0,0,0,0,0,0,0,0,0.0495,16.7805,83.787,277.893,402.2205,506.649,597.102,690.4755,798.0885,851.07,854.469,934.5105,908.9355,861.7455,893.079,763.356,696.96,506.0055,318.516,266.475,131.01,36.795,1.122,0,0,0,0,0,0,0,0,0,0,0,0,,
28-02,0,0,0,0,0,0,0,0,0,0,0,0,0,0.066,17.2425,69.8115,218.625,335.2635,443.883,526.614,618.8655,741.972,767.646,802.7415,814.209,740.817,658.3665,461.868,422.2515,446.952,358.776,239.349,120.0045,61.4955,18.315,0.627,0,0,0,0,0,0,0,0,0,0,0,0,,
01-03,0,0,0,0,0,0,0,0,0,0,0,0,0,0.693,31.1355,95.403,237.798,313.1865,387.09,498.1185,568.194,636.273,733.557,738.9855,747.219,732.171,681.384,677.523,565.785,540.441,437.2995,320.9085,234.465,104.775,34.32,1.452,0,0,0,0,0,0,0,0,0,0,0,0,,
02-03,0,0.033,0,0,0,0,0,0,0,0,0,0,0,0.5445,27.06,79.53,249.0345,336.9611667,467.0288333,550.209,629.838,652.0305,714.5325,750.156,804.1605,767.9595,772.7775,589.908,604.296,477.708,485.43,281.7705,181.2195,100.617,26.763,1.6005,0,0,0,0,0,0,0,0,0,0,0,0,,
03-03,0,0,0,0,0,0,0,0,0,0,0,0,0,4.1745,45.177,129.8055,246.609,314.2425,371.3655,438.7845,510.4275,546.612,548.5425,528.0825,497.5905,444.0315,426.8715,555.9345,514.536,444.774,354.8325,257.4,198.8415,87.747,29.6505,1.386,0,0,0,0,0,0,0,0,0,0,0,0,,
04-03,0,0,0,0,0,0,0,0,0,0,0,0,0,2.2935,31.581,86.7075,251.2125,385.1925,537.603,647.559,668.3985,700.1775,775.434,843.447,737.7645,707.553,664.8015,662.805,651.6345,460.614,356.7795,356.202,241.098,78.21,39.6165,2.9865,0,0,0,0,0,0,0,0,0,0,0,0,,
05-03,0,0,0,0,0,0,0,0,0,0,0,0,0,2.2935,39.204,89.7105,161.931,248.193,345.1635,459.657,531.0855,626.142,748.341,882.387,906.807,902.2035,829.521,795.927,776.457,605.8635,476.8335,407.121,299.9865,139.557,53.4765,6.0555,0,0,0,0,0,0,0,0,0,0,0,0,,
06-03,0,0,0,0,0,0,0,0,0,0,0,0,0,4.550333333,53.29133333,146.0543333,305.492,419.4116667,564.8206667,647.482,732.5706667,850.707,914.6866667,921.1766667,884.917,937.541,898.5643333,742.5146667,546.557,689.3003333,586.6886667,357.346,192.8666667,142.219,60.00866667,5.852,0,0,0,0,0,0,0,0,0,0,0,0,,
07-03,0,0,0,0,0,0,0,0,0,0,0,0,0,4.125,43.197,120.285,221.298,337.227,438.438,534.93,677.2425,815.628,881.265,837.441,905.5365,753.126,586.1295,655.281,542.4705,478.467,421.9545,310.4145,225.7365,165.7755,79.761,12.672,0,0,0,0,0,0,0,0,0,0,0,0,,
08-03,0,0,0,0,0,0,0,0,0,0,0,0,0,9.0585,59.73,143.682,266.97,444.6255,540.8535,611.9355,658.317,745.107,763.9005,788.9145,805.431,827.409,940.5165,838.0845,762.399,660.1155,516.846,364.056,263.604,137.5605,63.954,8.514,0,0,0,0,0,0,0,0,0,0,0,0,,
09-03,0,0,0,0,0,0,0,0,0,0,0,0,0,8.4315,64.5315,159.0765,312.4605,454.179,631.4715,745.668,768.7845,925.1715,984.489,953.139,878.361,737.3025,716.496,564.564,507.078,504.9825,488.697,334.587,202.9995,100.5015,49.6815,6.5835,0,0,0,0,0,0,0,0,0,0,0,0,,
10-03,0,0,0,0,0,0,0,0,0,0,0,0,0,6.93,46.5465,114.4935,147.6255,233.8875,388.8225,454.1295,489.819,497.6235,417.483,471.9495,418.4235,476.553,623.6175,565.2075,429.231,322.047,279.444,214.0875,110.946,59.9115,33.7095,4.6695,0.0495,0,0,0,0,0,0,0,0,0,0,0,,
11-03,0,0,0,0,0,0,0,0,0,0,0,0,0,11.088,96.129,158.8455,232.9965,433.3065,597.432,679.4865,639.3915,634.722,713.9715,675.147,682.3245,652.0965,580.338,504.768,569.8605,384.8625,288.882,259.1325,137.841,106.227,43.923,7.3095,0.033,0,0,0,0,0,0,0,0,0,0,0,,
12-03,0,0,0,0,0,0,0,0,0,0,0,0,0.036666667,14.421,64.34633333,145.42,222.1633333,339.3023333,427.7753333,494.4023333,574.706,684.2183333,701.3636667,698.071,693.792,739.299,730.202,765.4166667,796.0883333,549.032,503.9026667,502.029,319.418,124.6923333,64.71666667,11.78833333,0.271333333,0,0,0,0,0,0,0,0,0,0,0,,
13-03,0,0,0,0,0,0,0,0,0,0,0,0,0.099,18.49466667,79.24033333,135.3,254.0486667,386.9103333,458.1463333,488.1176667,588.522,573.606,691.394,796.7006667,674.74,665.3203333,697.9096667,455.884,568.1463333,687.4156667,352.3996667,275.4033333,276.5583333,193.655,98.54533333,22.737,0.337333333,0,0,0,0,0,0,0,0,0,0,0,,
14-03,0,0,0,0,0,0,0,0,0,0,0,0,0.315333333,25.51266667,109.384,227.5716667,438.9036667,511.291,569.6166667,665.1516667,792.0476667,788.8833333,741.4586667,863.885,861.421,839.0873333,877.2683333,724.8816667,787.6586667,788.9236667,478.6246667,380.7686667,285.4756667,203.9216667,96.24633333,24.66566667,0.553666667,0,0,0,0,0,0,0,0,0,0,0,,
15-03,0,0,0,0,0,0,0,0,0,0,0,0,0.905666667,32.09066667,95.56066667,167.1816667,446.853,583.5646667,706.3063333,760.936,764.7053333,816.6876667,663.201,759.1356667,753.4633333,726.275,579.3223333,626.6773333,547.1546667,481.5213333,431.9773333,407.77,246.312,169.8693333,81.42566667,19.59833333,0.700333333,0,0,0,0,0,0,0,0,0,0,0,,
16-03,0,0,0,0,0,0,0,0,0,0,0,0,2.390666667,30.37833333,94.65866667,208.4206667,303.006,380.864,500.3056667,616.781,672.0633333,755.6816667,715.352,818.9096667,736.0796667,637.9303333,693.649,514.3343333,488.9646667,386.6096667,320.4336667,265.2356667,159.181,128.3186667,55.03666667,13.87833333,0.608666667,0,0,0,0,0,0,0,0,0,0,0,,
17-03,0,0,0,0,0,0,0,0,0,0,0,0,1.158666667,28.93733333,86.34633333,149.534,237.9593333,299.387,398.8673333,454.036,449.5736667,516.681,602.525,666.7613333,713.339,773.5603333,791.6516667,696.3293333,605.121,557.062,460.6066667,403.5863333,330.3776667,178.7206667,124.0543333,30.998,1.606,0,0,0,0,0,0,0,0,0,0,0,,
18-03,0,0,0,0,0,0,0,0,0,0,0,0,3.505333333,40.83566667,116.402,255.2586667,432.663,540.3163333,657.4223333,765.8823333,848.98,901.021,922.7166667,968.8726667,972.224,982.201,940.5146667,851.6493333,733.5753333,647.3426667,543.653,426.0996667,335.874,226.105,92.15433333,34.276,2.687666667,0,0,0,0,0,0,0,0,0,0,0,,
19-03,0,0,0,0,0,0,0,0,0,0,0,0,6.6,45.83333333,117.2416667,266.915,439.175,581.9366667,708.9316667,797.9216667,890.4316667,905.355,956.01,1000.413333,1062.728333,1039.078333,1017.866667,981.4566667,848.485,649.33,502.425,474.7416667,355.6666667,294.7266667,142.78,55.99,6.508333333,0,0,0,0,0,0,0,0,0,0,0,,
20-03,0,0,0,0,0,0,0,0,0,0,0,0,5.049,44.28966667,113.5493333,272.1253333,428.6406667,573.7746667,683.2136667,782.6793333,870.5033333,981.2623333,1010.867,974.567,1017.045333,978.307,945.4353333,969.0963333,931.249,737.7956667,719.928,550.5683333,331.991,250.019,138.6036667,44.26033333,5.008666667,0,0,0,0,0,0,0,0,0,0,0,,
21-03,0,0,0,0,0,0,0,0,0,0,0,0,9.999,72.7155,175.1145,231.825,367.851,480.645,625.614,762.7455,774.6915,855.0465,887.601,868.5435,967.56,931.2435,803.319,654.8355,533.478,534.1545,487.476,434.2635,290.334,178.497,99.1155,36.333,3.564,0,0,0,0,0,0,0,0,0,0,0,,
22-03,0,0,0,0,0,0,0,0,0,0,0,0,4.722666667,35.90766667,100.4336667,195.624,314.292,404.415,453.827,583.693,635.745,754.864,788.8026667,826.2393333,810.5533333,761.5996667,745.3636667,657.2463333,520.212,496.826,449.02,326.2233333,244.4053333,166.1073333,90.43466667,30.52866667,4.176333333,0,0,0,0,0,0,0,0,0,0,0,,
23-03,0,0,0,0,0,0,0,0,0,0,0,0,8.5965,49.1535,113.8995,183.3975,262.4985,347.9025,471.438,508.86,564.861,670.8735,709.8795,715.7205,769.362,774.3945,814.44,704.649,577.137,526.0365,423.4725,351.0705,248.4075,178.332,104.5275,36.366,4.0755,0,0,0,0,0,0,0,0,0,0,0,,
24-03,0,0,0,0,0,0,0,0,0,0,0,0.033,14.718,70.4715,146.5365,275.847,427.68,565.3395,728.376,920.172,966.5205,1077.318,1206.249,1163.5965,1237.9785,1019.502,940.038,896.973,884.565,935.7645,814.6545,685.9215,498.102,361.779,167.5245,66.2805,11.451,0,0,0,0,0,0,0,0,0,0,0,,
25-03,0,0,0,0,0,0,0,0,0,0,0,0.201666667,19.69,82.335,202.2533333,378.9683333,483.8716667,662.585,910.8916667,1013.943333,1012.146667,1064.03,1168.53,1188.293333,1080.475,1006.591667,959.5666667,849.1816667,949.2633333,780.9816667,829.6933333,587.0516667,531.7766667,404.3966667,198.0916667,93.885,17.83833333,0.073333333,0,0,0,0,0,0,0,0,0,0,,
26-03,0,0,0,0,0,0,0,0,0,0,0,0.44,28.6,94.38,203.28,411.5833333,562.43,704.8433333,785.125,866.8366667,858.5316667,1065.203333,1149.903333,1111.495,1168.493333,1164.075,1191.006667,1017.426667,992.8966667,840.6016667,756.5616667,635.4883333,502.9566667,380.3066667,169.8766667,74.83666667,17.49,2.603333333,0.311666667,0,0,0,0,0,0,0,0,0,,
27-03,0,0,0,0,0,0,0,0,0,0,0,0.1155,17.424,55.704,121.704,343.266,510.5265,635.9925,763.389,866.5965,978.8295,1019.3865,1118.997,1139.8035,1169.0745,1166.7315,1062.402,1071.213,1009.6515,785.895,753.5055,681.4665,492.2775,360.36,222.156,113.751,37.092,11.946,2.673,0.033,0,0,0,0,0,0,0,0,,
28-03,0,0,0,0,0,0,0,0,0,0,0,0.139333333,16.61366667,39.27183333,109.5691667,249.7476667,306.2565,466.0736667,649.8543333,773.7656667,787.71,869.3171667,832.557,1032.912833,941.9135,1164.1795,1115.396333,1083.056333,914.2906667,823.1685,742.2506667,644.9685,512.5725,325.468,196.8211667,94.52483333,39.83466667,14.12766667,2.487833333,0.053166667,0,0,0,0,0,0,0,0,,
29-03,0,0,0,0,0,0,0,0,0,0,0,2.673,39.5505,138.336,239.415,318.0045,434.214,654.5055,811.9815,925.056,838.1505,833.5305,940.599,1092.0195,1061.412,1059.7785,944.889,840.0975,873.741,608.718,504.174,506.55,308.0385,286.5225,205.8705,87.1035,23.892,5.7915,1.4685,0,0,0,0,0,0,0,0,0,,
30-03,0,0,0,0,0,0,0,0,0,0,0,3.0525,54.8295,116.985,252.945,440.517,535.128,513.777,667.9365,914.76,1048.74,1142.7075,1172.622,1192.8675,1182.3405,1163.547,1179.849,1062.237,990,909.942,840.807,685.3935,544.3185,438.669,273.999,148.6155,51.777,12.639,3.3,0.066,0,0,0,0,0,0,0,0,,
31-03,0,0,0,0,0,0,0,0,0,0,0,3.479666667,34.20266667,78.41166667,259.0756667,409.288,540.1696667,563.1046667,635.9833333,691.3646667,713.031,849.6803333,868.285,832.678,906.5613333,999.0566667,1030.410333,1009.052,717.904,620.9353333,535.5826667,455.8986667,383.5296667,304.1573333,215.578,89.66833333,35.88933333,9.999,4.055333333,0.154,0,0,0,0,0,0,0,0,,
01-04,0,0,0,0,0,0,0,0,0,0,0,3.428333333,27.77866667,69.86466667,217.5616667,324.2286667,406.7946667,476.564,691.427,781.1246667,896.8996667,972.8363333,990.033,1030.81,1059.358667,1019.315,1033.802,951.6356667,882.9883333,790.5516667,702.768,661.21,517.8616667,367.1983333,217.8,114.4476667,45.65,8.536,1.771,0.033,0,0,0,0,0,0,0,0,,
02-04,0,0.036666667,0,0,0,0,0,0,0,0,0,5.551333333,40.832,96.40766667,229.0713333,352.1723333,466.015,612.5166667,754.4166667,882.464,948.871,994.983,1037.765667,1087.284,1099.200667,1121.12,1184.117,1078.942333,1005.345,918.3936667,855.173,753.137,582.5306667,433.4806667,307.7506667,142.4023333,83.82733333,36.62266667,11.63433333,0.465666667,0,0,0,0,0,0,0,0,,
03-04,0,0,0,0,0,0,0,0,0,0,0.057291667,7.347083333,44.31395833,121.1947917,253.2795833,390.2272917,553.196875,722.6564583,889.9389583,978.5645833,973.04625,1101.129792,1200.161875,1274.375208,1271.33875,1257.806458,1303.174583,1240.774792,1216.904792,1091.493333,1020.396667,765.5564583,590.5441667,410.3916667,357.7589583,204.6847917,91.30916667,34.9525,9.925208333,0.449166667,0,0,0,0,0,0,0,0,,
04-04,0,0,0,0,0,0,0,0,0,0,0,10.18233333,58.89033333,126.038,272.9943333,402.6953333,493.042,627.836,715.814,829.554,869.3043333,1043.724,1084.798,1080.471333,1045.033,1079.243,978.4426667,943.9576667,925.1403333,876.8503333,790.702,753.0526667,619.5346667,455.1726667,294.294,156.4236667,90.95166667,40.89433333,11.363,0.414333333,0,0,0,0,0,0,0,0,,
05-04,0,0,0,0,0,0,0,0,0,0,0,7.894333333,42.08966667,105.1306667,183.018,300.278,498.3953333,619.4613333,882.7316667,1037.868333,1167.602333,1196.026333,1191.831667,1147.758333,1227.757667,1220.054,1223.097333,1136.993,1060.939,941.6073333,898.051,756.6276667,637.7396667,541.409,347.5376667,183.1976667,112.2696667,39.64766667,13.59233333,1.815,0,0,0,0,0,0,0,0,,
06-04,0,0,0,0,0,0,0,0,0,0,0,12.585375,64.420125,155.953875,332.198625,497.932875,691.758375,825.891,953.65875,1026.58875,1169.0085,1266.53175,1266.573,1255.142625,1319.77725,1340.620875,1396.390875,1418.142,1282.5945,1214.090625,989.839125,862.71075,701.691375,542.949,365.998875,179.355,97.88625,40.18575,13.5135,1.340625,0,0,0,0,0,0,0,0,,
07-04,0,0,0,0,0,0,0,0,0,0,0.3795,19.3215,68.3925,136.9665,343.398,462.7425,602.3655,747.054,858.429,977.922,1080.288,1139.9025,1231.494,1250.8155,1249.083,1298.5335,1332.969,1319.2245,1190.343,1073.457,836.6655,696.696,605.88,514.338,337.227,166.221,87.5655,35.7225,16.4505,1.386,0,0,0,0,0,0,0,0,,
08-04,0,0,0,0,0,0,0,0,0,0,0.165,16.467,61.1655,160.974,349.7175,487.5915,636.4215,758.901,951.093,1067.5005,1161.6825,1175.328,1221.3135,1240.5195,1259.181,1254.825,1242.12,1218.9705,1108.602,954.1785,863.577,745.3875,644.1765,468.3525,317.163,158.6805,82.434,28.8915,6.864,0.8745,0,0,0,0,0,0,0,0,,
09-04,0,0,0,0,0,0,0,0,0,0,0.4455,15.9225,44.5335,104.3955,196.1685,294.7065,427.614,517.836,679.3545,854.238,1092.8775,1121.5875,1243.8195,1220.9505,1386.0165,1281.7365,1102.7115,855.888,735.0585,581.031,484.8525,387.0735,353.4795,298.5015,221.595,126.3735,63.063,24.2715,6.4845,1.716,0.033,0,0,0,0,0,0,0,,
10-04,0,0,0,0,0,0,0,0,0,0,1.290666667,25.74,80.56766667,196.6653333,368.6833333,512.6293333,670.2263333,802.967,898.0253333,1006.767667,1071.737333,1159.117667,1265.557333,1245.112,1216.039,1253.904667,1156.859,1187.695667,1011.849667,927.113,807.2423333,682.7076667,578.1563333,446.2333333,313.3423333,145.2586667,78.32366667,24.35766667,14.51266667,1.822333333,0.033,0,0,0,0,0,0,0,,
11-04,0,0,0,0,0,0,0,0,0,0,1.415333333,29.19033333,80.10933333,184.8036667,368.522,534.237,683.8516667,826.1696667,952.2663333,1132.090667,1175.757,1219.980667,1270.819,1336.184667,1378.560333,1369.184667,1337.889667,1210.766333,1133.737,1054.936667,933.2436667,745.0226667,592.1263333,467.4413333,308.4693333,135.7913333,70.708,17.97766667,9.320666667,1.254,0.033,0,0,0,0,0,0,0,,
12-04,0,0,0,0,0,0,0,0,0,0,2.981,26.16166667,73.94566667,198.7003333,350.053,465.6483333,604.527,692.318,866.877,963.512,987.481,1004.454,913.9203333,1025.926,1033.420667,1006.965667,996.9043333,774.1176667,854.7623333,666.787,694.859,561.6526667,458.3736667,415.1546667,256.575,171.8053333,100.353,40.645,16.34966667,3.586,0.033,0,0,0,0,0,0,0,,
13-04,0,0,0,0,0,0,0,0,0,0,2.948,32.07966667,77.88733333,206.5323333,292.5596667,370.1243333,510.4623333,583.4656667,715.7186667,916.5786667,1024.939667,946.0806667,1046.334667,936.6573333,1040.347,904.9113333,899.6056667,821.3516667,867.0713333,758.2556667,613.745,569.3013333,505.01,411.3303333,337.8723333,216.678,145.7353333,67.73433333,23.12566667,4.389,0.135666667,0,0,0,0,0,0,0,,
14-04,0,0,0,0,0,0,0,0,0,0,5.639333333,38.88133333,92.345,257.5026667,410.5713333,527.0466667,702.9476667,859.6646667,845.5516667,938.2046667,1077.079667,991.925,971.1606667,1001.872667,879.0576667,896.5623333,789.0593333,948.057,805.09,698.6173333,563.2916667,513.689,417.5893333,373.7506667,272.14,182.1416667,108.9366667,38.73466667,11.594,2.753666667,0.066,0,0,0,0,0,0,0,,
15-04,0,0,0,0,0,0,0,0,0,0,4.458666667,31.48933333,88.30066667,178.2733333,251.8156667,351.7946667,479.281,627.7516667,696.6923333,864.424,1177.814,1297.699333,1163.499333,1134.32,991.9506667,946.3153333,886.7283333,885.8666667,778.129,662.013,480.0693333,430.3273333,419.573,307.2373333,237.3653333,181.1846667,119.68,54.81666667,15.57966667,4.297333333,0.183333333,0,0,0,0,0,0,0,,
16-04,0,0,0,0,0,0,0,0,0,0,7.091333333,36.11666667,72.78333333,154.8873333,257.9243333,374.2603333,483.098,557.788,602.9796667,631.3413333,694.991,706.453,767.5433333,871.706,846.4463333,805.1963333,820.468,813.4133333,831.8346667,830.4486667,810.7183333,705.6756667,506.5463333,344.3403333,257.554,182.0683333,138.039,64.83033333,22.05866667,5.5,0.117333333,0,0,0,0,0,0,0,,
17-04,0,0,0,0,0,0,0,0,0,0,7.553333333,45.97633333,99.121,289.2926667,436.073,566.368,723.195,900.6506667,1099.090667,1212.735333,1281.247,1361.422333,1364.399667,1444.373333,1492.769667,1377.867333,1365.452,1309.751667,1132.842333,970.2403333,770.539,715.2016667,591.5543333,475.222,323.7006667,256.256,122.2686667,47.608,22.52066667,6.739333333,0.341,0,0,0,0,0,0,0,,
18-04,0,0,0,0,0,0,0,0,0,0.033,11.3685,64.647,108.4215,169.5375,267.3825,363.528,418.0605,577.368,708.477,745.074,901.263,1090.98,1138.401,933.4215,892.386,839.4705,777.7275,731.115,721.908,656.7825,580.3875,481.536,385.407,303.3195,252.5655,158.5485,101.7225,49.071,18.7935,4.752,0.231,0,0,0,0,0,0,0,,
19-04,0,0,0,0,0,0,0,0,0,0.106333333,11.957,53.59933333,110.0586667,212.1863333,331.6133333,445.7383333,574.0533333,748.011,874.7273333,867.768,1070.85,1233.969,1168.049667,1091.684,1234.2,1238.035333,1087.804667,1118.707333,1018.38,923.4426667,838.2256667,772.4456667,659.01,484.3776667,357.5806667,248.2883333,153.4646667,81.928,36.586,11.83966667,0.839666667,0,0,0,0,0,0,0,,
20-04,0,0,0,0,0,0,0,0,0,0.2475,15.51,62.535,128.37,234.465,350.493,467.577,661.4025,851.433,1023.6765,1122.759,1261.3425,1254.297,1439.097,1533.576,1579.4625,1571.13,1523.082,1452.858,1346.532,1244.859,1172.556,1037.2725,862.125,682.275,508.728,323.3835,176.3685,85.503,28.3305,7.6065,0.462,0,0,0,0,0,0,0,,
21-04,0,0,0,0,0,0,0,0,0,0.6105,15.51,51.348,115.137,206.0355,269.016,370.7055,452.1825,533.7255,589.776,637.164,754.644,838.596,877.14,854.073,849.354,932.052,855.7725,788.205,787.248,717.717,696.993,731.2965,648.1035,542.388,490.2315,271.0125,145.2165,59.73,20.163,6.072,0.6105,0,0,0,0,0,0,0,,
22-04,0,0,0,0,0,0,0,0,0,0.4785,21.3675,74.646,157.6575,356.1195,493.581,646.9155,772.629,936.6555,978.8625,1110.714,884.6145,921.36,1131.5865,1361.4645,1023.066,1190.5575,1124.4255,1137.1305,880.143,894.102,1019.964,714.0375,451.7865,435.006,360.8715,297.7425,151.437,64.449,25.542,8.91,1.122,0,0,0,0,0,0,0,,
23-04,0,0,0,0,0,0,0,0,0,0.6105,19.8165,62.5185,112.4475,171.6495,276.672,371.4975,456.852,618.255,750.486,806.124,928.9335,1025.376,1152.228,1191.7785,1319.34,826.815,1106.6055,1135.596,917.532,874.401,827.9865,701.0025,582.615,454.1625,373.395,293.898,193.3305,77.0055,27.3735,8.283,1.023,0,0,0,0,0,0,0,,
24-04,0,0,0,0,0,0,0,0,0,0.924,19.338,52.3215,113.6355,198.528,293.337,432.5145,768.108,901.9725,988.746,1142.7405,967.626,846.516,929.2635,852.258,880.2585,983.1855,929.3295,931.8045,787.3965,980.6115,607.2825,794.145,485.166,528.3465,438.5865,332.31,150.579,80.7675,21.3345,8.0685,1.2045,0,0,0,0,0,0,0,,
25-04,0,0,0,0,0,0,0,0,0,1.2375,28.182,76.3455,142.9395,257.5815,405.4875,536.679,762.4485,763.092,664.9005,746.8395,849.189,847.803,889.086,776.754,789.525,884.8125,1025.013,867.1245,1011.549,915.189,815.298,688.7595,489.2415,438.174,398.673,354.552,234.234,98.604,31.6305,7.4745,1.3035,0.033,0,0,0,0,0,0,,
26-04,0,0,0,0,0,0,0,0,0,0.99,24.42,69.135,121.605,226.7265,313.7805,393.261,469.425,556.5945,666.204,870.7875,958.1055,1054.8285,1148.4825,1238.127,1230.603,987.0135,746.1795,907.4175,772.6455,699.699,699.9135,665.8575,573.441,391.0995,328.119,232.716,144.441,74.4315,30.3765,10.758,1.584,0,0,0,0,0,0,0,,
27-04,0,0,0,0,0,0,0,0,0,3.663,33.4785,80.487,151.1895,352.7535,497.574,598.4385,562.98,691.8615,886.38,960.3495,1027.356,1125.201,1147.74,1107.282,1074.2985,1076.6415,1101.1605,1047.123,969.0945,829.3395,723.0795,624.822,548.8065,430.122,269.2635,194.7825,122.3145,59.169,20.724,6.0555,0.5445,0,0,0,0,0,0,0,,
28-04,0,0,0,0,0,0,0,0,0,3.0195,33.528,82.9785,162.36,249.579,471.933,525.822,632.412,809.82,797.082,783.288,846.4005,846.78,1009.107,975.2985,1037.586,994.6695,1069.6455,965.4315,890.769,870.507,752.0535,644.094,539.979,431.0625,429.957,305.184,157.245,79.827,28.149,11.3025,1.947,0.066,0,0,0,0,0,0,,
29-04,0,0,0,0,0,0,0,0,0,3.7125,32.3895,84.414,190.509,319.935,451.803,547.767,649.2915,788.0565,869.3685,972.2625,1085.898,1132.329,1185.7395,1322.8215,1278.024,1271.457,1194.3855,1183.248,1082.9115,957.1815,848.5785,682.3245,609.5595,500.214,396.561,254.5125,172.5075,100.3035,34.9305,13.893,2.5575,0.066,0,0,0,0,0,0,,
30-04,0,0,0,0,0,0,0,0,0,6.336,41.5965,93.7035,185.6415,429.099,532.8345,683.595,873.7245,993.96,1148.3505,1271.061,1327.8375,1371.513,1339.6515,1340.526,1374.054,1289.7225,1304.325,1350.525,1243.638,1175.2125,995.511,963.9465,770.814,631.719,493.1025,370.227,239.8935,110.8635,27.8685,11.3025,1.8315,0,0,0,0,0,0,0,,
01-05,0,0,0,0,0,0,0,0,0,6.6495,37.587,83.919,157.3275,370.4085,484.1265,660.1485,787.9905,845.8065,955.416,989.7855,982.146,1110.351,1145.199,1225.1415,1335.246,1321.8315,1173.051,1077.219,1025.2935,963.27,889.7295,809.4735,624.9375,531.3495,409.8105,312.9555,212.9655,109.2465,37.6695,7.6725,1.056,0,0,0,0,0,0,0,,
02-05,0,0.073333333,0,0,0,0,0,0,0,2.922333333,32.648,83.919,176.385,344.0946667,386.386,475.9406667,673.5813333,874.335,933.1345833,1005.994,1012.176,1112.782,1230.797333,1205.860333,1240.858667,1168.981,1266.969,1155.759,1004.025,997.9493333,1054.614,916.9636667,716.595,538.5746667,292.0536667,195.008,167.805,112.9626667,37.29733333,11.792,2.365,0.066,0,0,0,0,0,0,,
03-05,0,0,0,0,0,0,0,0,0.033,10.26666667,42.00533333,93.60266667,195.0446667,372.9293333,532.2643333,646.7046667,795.8353333,912.5563333,1011.222667,870.793,763.8253333,732.523,717.838,646.0776667,694.617,1036.097333,901.8056667,929.247,801.7166667,862.686,688.3323333,665.753,591.294,504.185,405.9366667,324.9546667,220.55,111.9543333,38.85566667,18.205,5.547666667,0.099,0,0,0,0,0,0,,
04-05,0,0,0,0,0,0,0,0,0.099,11.088,50.886,101.244,201.762,291.5385,416.1795,602.8605,664.4715,830.94,770.3025,812.262,823.7295,919.4295,1009.206,962.742,1035.441,941.82,942.381,1142.691,838.893,944.3115,772.497,686.6475,580.3875,489.6375,310.0185,331.518,165.2145,108.2235,42.6195,13.3485,2.574,0.198,0,0,0,0,0,0,,
05-05,0,0,0,0,0,0,0,0,0.033,13.431,58.344,133.7655,258.5055,414.843,594.6765,666.5505,770.748,1006.929,987.36,947.8425,1075.7835,1017.456,1094.3955,1053.0135,1011.648,1022.538,974.4405,1037.091,980.2815,985.809,911.064,718.9215,606.6555,523.0005,433.884,370.26,237.3855,160.6275,65.703,21.12,5.94,0.33,0,0,0,0,0,0,,
06-05,0,0,0,0,0,0,0,0,0.231,15.378,55.5885,106.788,208.6755,335.445,467.346,646.272,809.061,921.1785,1122.924,1148.301,1093.0755,1317.9375,1164.6855,1360.8045,1359.3855,1316.7165,1235.025,1176.5655,1000.7085,973.731,928.092,744.018,631.983,507.6555,391.149,270.9135,189.816,104.544,33.891,6.897,1.1385,0.099,0,0,0,0,0,0,,
07-05,0,0,0,0,0,0,0,0,0.561,16.467,56.4465,105.0885,193.8915,318.5985,458.37,573.177,688.644,872.1735,1001.748,982.245,1128.27,1112.397,1140.9915,1226.478,1126.5045,1141.965,1127.412,1049.7795,1065.867,909.348,747.3675,619.5585,504.8505,463.5345,362.7195,297,197.637,135.993,63.921,21.6975,5.2965,0.4125,0,0,0,0,0,0,,
08-05,0,0,0,0,0,0,0,0,0.3135,9.7845,41.2335,96.8055,177.8535,264.066,336.897,375.3255,503.8605,620.136,688.842,846.6645,793.089,855.756,833.943,882.0075,888.69,833.1675,854.2215,823.35,752.1855,712.4205,609.51,529.353,428.0925,386.5785,332.376,249.843,182.6385,105.435,40.986,10.0155,2.706,0.363,0,0,0,0,0,0,,
09-05,0,0,0,0,0,0,0,0,0.6105,17.0775,52.8825,104.9235,230.2245,417.054,578.193,700.5075,840.9885,979.3575,1138.137,1273.041,1330.0485,1388.871,1414.1655,1380.918,1423.9995,1354.3695,1328.1675,1264.8735,1097.646,1103.322,1021.515,892.452,707.619,593.2575,477.1965,369.204,291.5055,179.9655,61.2975,27.7365,8.4975,1.1715,0,0,0,0,0,0,,
10-05,0,0,0,0,0,0,0,0,0.8085,18.9915,57.453,102.432,242.0385,399.795,534.6165,669.0255,811.536,928.224,1050.7035,1142.7735,1157.475,1188.726,1265.913,1080.057,1152.492,1093.8675,1155.561,1103.3715,1256.574,1005.906,740.1405,857.7195,676.17,565.257,441.3585,313.5825,281.2755,178.0845,66.8415,33.099,11.9955,1.9635,0,0,0,0,0,0,,
11-05,0,0,0,0,0,0,0,0,2.1945,28.9575,74.844,134.277,269.577,414.183,566.676,734.778,815.364,958.221,1014.057,1158.3825,1252.0365,1313.9445,1358.214,1275.3015,1337.523,1146.7665,1068.969,1055.241,976.371,1034.286,877.932,811.1235,748.7535,600.864,443.223,375.375,266.0295,170.709,58.311,25.1625,6.0885,0.9075,0,0,0,0,0,0,,
12-05,0,0,0,0,0,0,0,0,3.168,31.7955,90.3045,151.8495,299.7885,429.4785,584.925,656.0895,705.4245,846.2025,863.2305,1123.32,1211.595,1175.196,1248.7365,1320,1296.6525,1260.4515,1155.363,1183.743,1152.9705,1088.406,981.156,846.087,716.166,593.7525,476.5365,346.5165,271.2105,157.773,59.4,22.6215,8.943,1.8645,0.033,0,0,0,0,0,,
13-05,0,0,0,0,0,0,0,0,1.749,21.8625,61.479,118.965,283.635,459.129,607.5465,732.435,879.5325,1029.2535,1166.6655,1220.043,1323.366,1401.642,1403.4075,1346.6475,1347.6375,1271.6055,1292.445,1241.625,1199.088,1178.6775,1052.205,966.1245,870.7545,695.2275,568.0785,449.361,337.854,207.8835,79.398,30.2115,11.979,1.485,0,0,0,0,0,0,,
14-05,0,0,0,0,0,0,0,0,2.7885,22.7865,63.69,132.627,202.7355,316.107,474.837,606.5895,718.542,823.977,973.1535,1103.5695,1256.046,1397.781,1278.288,1228.953,1076.724,1230.0255,1452.825,1336.3845,1303.665,1312.872,1126.554,929.544,826.6335,712.041,617.6115,490.5945,362.5215,212.124,73.062,26.301,9.735,1.419,0,0,0,0,0,0,,
15-05,0,0,0,0,0,0,0,0,7.128,31.02,62.7825,113.9985,216.513,332.4255,413.6715,525.6075,635.415,687.357,757.35,819.6045,944.7405,1021.482,987.459,958.914,1042.4865,1037.2395,923.2905,889.1685,1036.1505,797.247,838.926,662.409,559.548,456.192,315.1665,243.7875,171.138,105.402,52.47,19.866,7.029,0.825,0,0,0,0,0,0,,
16-05,0,0,0,0,0,0,0,0,3.377,25.751,66.814,108.8486667,277.2256667,436.7806667,552.9883333,703.0246667,838.497,952.721,1039.848333,1150.732,1236.033333,1247.568667,1248.701667,1262.055667,1307.617667,1385.347333,1353.575667,1202.362333,1194.977667,1158.842667,1040.372667,942.249,795.8426667,674.7436667,541.4566667,453.134,329.241,207.1153333,69.465,26.89133333,10.857,2.277,0.066,0,0,0,0,0,,
17-05,0,0,0,0,0,0,0,0,1.98,15.609,47.652,91.8225,162.723,220.6215,300.5475,397.122,476.1405,625.2015,756.2445,816.6015,883.146,975.0345,1100.1375,1288.782,1412.004,1302.5925,1252.02,1247.4825,1103.949,1059.6465,1024.518,888.2445,763.9005,655.941,507.8205,420.0735,323.07,190.806,71.5275,28.479,8.2995,1.4025,0.066,0,0,0,0,0,,
18-05,0,0,0,0,0,0,0,0,2.1945,19.9155,55.6215,102.366,185.394,285.9285,372.3885,477.7575,602.514,738.078,871.0515,961.5375,1103.091,1039.2525,1106.3085,945.4665,931.821,895.818,1013.9415,1064.481,833.9925,688.4955,562.6665,430.3365,427.2345,498.4155,489.159,348.348,243.078,159.621,71.5935,30.3105,11.8305,2.805,0.132,0,0,0,0,0,,
19-05,0,0,0,0,0,0,0,0,4.29,31.0695,80.322,151.437,225.3405,351.3015,459.2775,539.6985,679.2225,757.8945,753.555,748.077,718.872,752.565,923.769,953.436,960.7125,983.763,1053.129,1165.3125,1214.4,1085.7825,769.659,854.205,859.9305,628.089,566.0985,366.7125,349.635,222.717,97.1685,34.1055,12.0285,2.1615,0.1155,0,0,0,0,0,,
20-05,0,0,0,0,0,0,0,0,4.422,27.1755,70.9995,139.9035,244.596,373.9395,518.0505,708.3615,902.055,1088.3895,1196.8935,1221.1815,1267.7445,1303.6815,1360.6725,1337.358,1327.92,1313.235,1084.743,1189.98,909.711,878.163,700.3755,646.437,631.9995,459.393,287.892,245.0085,165.8745,128.106,70.9335,27.918,10.131,2.1945,0.1155,0,0,0,0,0,,
21-05,0,0,0,0,0,0,0,0.198,7.128,32.67,74.3655,138.1215,304.3425,420.3375,531.135,693.7425,894.4485,1025.8215,1160.1315,1070.553,1022.2245,1070.3715,1123.0065,1297.857,1401.7575,1369.1535,1347.2085,1322.3265,1143.879,1099.659,1009.569,961.158,836.913,713.13,581.482,451.6545,347.82,243.474,114.3285,52.3875,24.222,8.679,1.254,0,0,0,0,0,,
22-05,0,0,0,0,0,0,0,0,1.252166667,22.04033333,60.99683333,112.1725,175.4738333,234.9306667,245.4466667,317.0181667,453.0368333,519.519,662.706,683.9396667,780.0613333,865.8265,896.5201667,1026.650167,1128.904333,1174.820167,1153.3885,1332.4905,1120.711167,947.4171667,1076.823,949.6996667,960.674,726.957,573.1825,500.3533333,340.5728333,265.8846667,124.4265,62.34066667,21.153,7.128,1.078,0.0165,0,0,0,0,,
23-05,0,0,0,0,0,0,0,0.275,9.934833333,44.35566667,87.2905,143.8726667,344.6116667,477.7098333,607.7133333,766.8063333,901.9211667,1003.8435,1089.7205,933.163,1195.360833,1319.692,1250.362667,1338.619333,1192.495333,1039.3515,1092.6025,1072.584333,1169.441167,1120.348167,966.7276667,873.0975,758.7286667,638.462,555.302,390.4248333,245.1698333,143.3831667,89.617,49.60633333,22.85983333,4.709833333,1.298,0.132,0,0,0,0,,
24-05,0,0,0,0,0,0,0,0.1595,7.181166667,28.05183333,75.04566667,132.8195,190.938,307.2006667,361.1446667,450.307,551.6995,682.913,755.678,855.4443333,956.9065,1084.917167,1065.203333,981.0808333,991.2558333,845.5315,847.0641667,823.2363333,888.7871667,915.079,812.9971667,720.2195,662.838,569.613,449.8578333,343.9773333,240.7423333,173.8018333,116.0261667,76.4335,34.551,10.5655,1.596833333,0.066,0,0,0,0,,
25-05,0,0,0,0,0,0,0,0.275,8.224333333,40.656,78.16233333,138.127,203.0636667,394.2913333,497.9406667,647.2693333,920.282,890.5526667,903.6463333,974.5963333,961.4073333,1145.045,1227.772333,1194.343333,1248.404667,1268.670333,1187.241,1106.086667,1228.758667,959.6473333,901.4023333,795.0433333,492.712,603.757,416.548,484.209,221.859,225.6136667,127.2186667,55.968,22.00366667,8.778,1.921333333,0.073333333,0,0,0,0,,
26-05,0,0,0,0,0,0,0,0.176,16.04166667,40.43233333,86.14833333,135.08,332.046,453.4933333,531.3036667,637.7506667,737.2823333,844.943,844.7816667,741.598,971.96,908.4496667,950.3413333,934.9486667,1081.820667,946.1686667,951.1516667,893.9956667,1071.700667,885.1883333,832.7403333,877.9576667,690.503,530.8563333,443.8646667,322.8536667,247.5366667,182.292,118.8623333,60.12233333,24.97366667,11.836,2.306333333,0.091666667,0,0,0,0,,
27-05,0,0,0,0,0,0,0,0.483541667,10.6425,38.396875,100.7852083,183.5991667,299.1358333,355.09375,548.260625,735.515,847.776875,1097.417292,917.530625,905.636875,940.0416667,1039.781875,1124.669792,1038.7025,873.7322917,877.6579167,1070.089167,1004.827083,886.9872917,838.2,711.54875,678.1820833,543.19375,463.1572917,392.7916667,311.4352083,231.72875,150.7916667,86.64791667,46.52541667,17.826875,5.511458333,0.5775,0,0,0,0,0,,
28-05,0,0,0,0,0,0,0,0.190666667,6.666,28.99966667,81.54666667,168.3146667,233.5446667,307.1346667,398.31,775.1736667,855.4736667,827.013,666.5486667,721.2773333,827.6253333,829.8436667,911.1483333,875.9446667,1000.112667,1126.447667,1075.561667,1076.727667,1250.971333,1165.112667,1068.441,1014.739,811.3086667,732.6403333,605.9056667,522.7016667,425.4286667,223.113,100.21,46.541,20.482,7.223333333,0.968,0,0,0,0,0,,
29-05,0,0,0,0,0,0,0,0.344666667,8.143666667,30.162,61.644,143.968,246.6603333,325.006,334.873,433.1946667,541.31,545.5816667,764.39,1047.702333,1076.170333,1285.625,1346.818,1260.658667,1283.593667,1385.706667,1399.577667,1405.778,1272.443333,1150.534,1059.318333,949.1313333,837.9873333,745.5286667,559.1886667,396.9716667,201.3146667,184.7743333,113.9453333,58.322,21.93033333,7.285666667,1.1,0,0,0,0,0,,
30-05,0,0,0,0,0,0,0,0.348333333,10.054,47.399,86.07133333,149.3103333,206.4333333,262.933,313.522,365.7023333,420.7353333,503.8403333,549.747,674.3036667,813.076,836.7003333,848.5693333,1043.720333,817.2486667,752.2936667,655.941,749.7196667,784.8426667,707.432,945.3473333,946.6123333,915.0973333,806.938,548.867,433.389,312.664,209.8983333,111.1733333,59.56866667,25.22666667,7.421333333,0.803,0,0,0,0,0,,
31-05,0,0,0,0,0,0,0,0.491333333,14.982,52.03733333,101.1193333,162.2023333,212.5713333,278.817,391.8786667,498.289,713.3206667,853.0206667,943.0996667,981.4273333,943.8256667,870.6793333,1095.035333,972.4403333,1144.278667,1161.358,1219.647,1031.880667,1088.805667,1013.078,811.2206667,740.6556667,778.8476667,543.1103333,473.7846667,441.2466667,320.32,203.6356667,136.0186667,77.78833333,20.966,7.777,2.225666667,0.055,0,0,0,0,,
01-06,0,0,0,0,0,0,0,0.539,15.29733333,51.74766667,104.2983333,162.2133333,333.311,436.2893333,548.867,484.957,543.4146667,809.512,939.114,980.177,1052.725667,937.7976667,1202.003,1026.721667,1102.192667,940.181,1214.026,854.1023333,691.0383333,876.161,717.9333333,777.337,643.852,743.82,625.262,441.023,341.6453333,252.714,123.398,66.253,28.171,8.858666667,2.119333333,0.179666667,0,0,0,0,,
02-06,0,0,0,0.036666667,0,0,0,0.348333333,13.29166667,40.92,67.87,118.5066667,232.155,384.2483333,585.8783333,745.3416667,906.6933333,1060.528333,1010.991667,867.3958333,1273.942083,1188.091667,1272.241667,1197.826667,1439.331667,1109.185,1065.79,1249.966667,1179.145,1128.911667,1049.656667,886.5816667,827.2366667,795.7766667,659.835,507.6683333,361.1483333,275.8616667,147.5466667,76.37666667,27.28,7.865,1.283333333,0.036666667,0,0,0,0,,
03-06,0,0,0,0,0,0,0,0.3465,8.349,31.5645,60.2085,129.0465,183.15,248.49,337.359,459.8385,564.2835,885.357,954.7725,951.918,983.1195,1093.0755,1195.623,1226.7255,1332.045,1124.475,1189.6005,1373.0805,1164.2235,1177.209,948.7995,735.9,745.5855,630.564,483.021,498.564,327.294,201.828,133.188,75.273,31.515,13.3815,3.861,0.3795,0,0,0,0,,
04-06,0,0,0,0,0,0,0,0.429,15.3285,52.4205,96.525,182.424,310.0845,413.2755,582.7635,676.797,718.905,851.9115,960.1185,1121.5215,1114.1295,1133.2365,1009.5525,1114.2285,954.129,859.5015,779.8065,980.1,911.691,797.379,856.4985,651.453,587.7795,614.097,540.8205,438.933,299.739,226.4955,123.7665,76.362,30.03,12.969,3.432,0.396,0,0,0,0,,
05-06,0,0,0,0,0,0,0,0.924,9.5535,34.947,57.4035,99.1485,163.251,268.9005,339.339,363.8415,416.394,532.0755,576.048,776.6715,1062.3195,1138.3845,971.85,933.7185,1324.983,1077.6645,833.2995,991.6335,747.021,777.5955,827.2605,874.401,650.3145,507.1605,456.291,320.562,250.932,196.3335,120.3675,56.3805,20.955,6.9795,1.0065,0,0,0,0,0,,
06-06,0,0,0,0,0,0,0,0.7755,9.108,25.9875,61.7925,157.311,240.141,286.902,330.561,596.178,818.664,977.856,874.6155,1166.5005,1096.9365,1051.149,1142.757,1146.948,1033.626,1200.111,1180.1955,1148.466,773.421,708.5265,714.1695,591.426,712.7505,694.254,495.7095,448.437,283.7175,207.6855,107.91,47.0415,18.777,6.369,1.221,0.066,0,0,0,0,,
07-06,0,0,0,0,0,0,0,1.5345,13.596,40.425,95.898,177.2265,251.889,320.958,513.975,620.8785,704.979,804.5235,750.3705,762.6465,832.953,961.719,1078.0275,1114.9875,939.411,1021.2015,916.9215,800.151,885.951,776.82,898.8375,572.121,620.697,599.7255,423.4065,354.024,294.723,201.3495,130.6305,53.46,23.034,8.2665,1.617,0.033,0,0,0,0,,
08-06,0,0,0,0,0,0,0,0.3795,14.223,53.4765,84.282,139.59,223.3935,384.252,501.534,700.986,782.793,868.1475,850.8225,846.219,803.88,990.627,1107.6615,981.321,857.637,911.4435,1040.4075,951.324,1055.736,1055.9505,843.2325,1017.9345,801.339,687.5385,588.2085,455.6475,363.4785,252.1695,171.633,82.5495,31.8615,13.629,2.64,0.264,0,0,0,0,,
09-06,0,0,0,0,0,0,0,1.8645,15.6255,50.3415,89.7105,176.0055,250.4535,339.2235,468.7815,604.758,809.6055,1002.738,1176.4005,1226.676,1294.3425,1170.1305,1132.8405,1101.9195,1075.8165,1063.2105,1178.034,1016.6805,869.253,791.9505,735.9495,657.591,546.6615,442.167,446.4405,368.214,276.045,168.5805,92.961,57.585,29.766,12.342,4.62,0.561,0,0,0,0,,
10-06,0,0,0,0,0,0,0,1.617,23.364,62.81733333,102.5346667,142.4206667,217.8403333,359.6413333,427.2326667,623.8283333,773.5346667,883.4943333,893.7536667,930.1673333,1266.602333,1340.001667,1324.616333,1254.187,1263.111667,1353.363,1212.233,1124.31,982.0836667,947.9506667,952.457,883.993,775.2506667,650.6683333,554.0296667,441.6573333,343.684,260.3076667,107.2976667,44.319,18.667,11.341,2.508,0.066,0,0,0,0,,
11-06,0,0,0,0,0,0,0,1.287,14.751,42.999,88.3245,146.157,286.8195,413.688,531.6795,686.268,713.394,755.6835,932.6295,949.6905,1143.318,1061.3625,991.98,1123.6995,1158.8775,1133.616,1102.6785,1086.0795,1148.499,1119.525,940.962,805.5135,757.1025,603.603,572.9955,452.1495,301.2405,234.5145,141.4545,78.078,35.475,17.1765,7.095,1.1715,0,0,0,0,,
12-06,0,0,0,0,0,0,0,0.462,13.2,29.546,88.61966667,141.691,206.6166667,371.6753333,453.1523333,551.397,734.206,857.615,893.794,748.902,890.4793333,946.3373333,908.9336667,1105.584333,873.5613333,721.4936667,796.6896667,607.585,708.818,569.2316667,735.8926667,955.6506667,818.8326667,657.8916667,442.101,474.2613333,376.4016667,259.897,139.777,63.48466667,24.959,11.26033333,3.149666667,0.304333333,0,0,0,0,,
13-06,0,0,0,0,0,0,0,1.807666667,20.27666667,52.50666667,85.16933333,173.6313333,292.5376667,418.4436667,533.005,569.0336667,757.493,887.073,1007.618333,1095.548667,1154.424333,1231.347333,1247.847333,1217.802667,1186.852333,1115.587,1181.737333,1150.889667,1121.34,1059.131333,981.9296667,900.8706667,784.3843333,603.6873333,458.0106667,343.618,319.5903333,213.5026667,134.5043333,61.09033333,29.986,10.63333333,2.236666667,0.117333333,0,0,0,0,,
14-06,0,0,0,0,0,0,0,0.495,19.4205,51.4305,84.843,142.3125,193.974,268.323,324.3735,367.4715,398.871,490.3305,861.696,982.476,1085.9475,1098.372,1262.646,1219.614,1251.0795,1409.1825,1353.297,1104.6915,1264.5435,1009.3875,1130.2665,1030.5405,734.9265,772.398,613.7835,508.464,312.5595,233.145,135.7455,71.313,38.775,13.728,4.8015,0.528,0,0,0,0,,
15-06,0,0,0,0,0,0,0,1.155,12.87,51.1335,113.157,174.8175,251.922,402.105,547.8495,642.048,729.234,1010.2455,989.571,1129.8705,1075.008,1168.7445,1128.699,1221.0495,1331.2035,1173.1995,1230.7845,1040.3745,848.595,870.936,952.1325,953.964,723.7725,842.2095,623.172,376.2165,294.6735,200.7225,129.855,75.339,37.9005,15.213,3.762,0.2145,0,0,0,0,,
16-06,0,0,0,0,0,0,0,1.353,16.368,45.408,89.8425,155.232,310.5795,415.3875,516.6315,748.671,880.704,979.572,1103.949,1162.6725,1211.463,1271.556,1379.5485,1453.683,1435.4505,1445.202,1487.211,1378.014,1320.231,1266.8535,1054.8285,1043.229,851.961,749.892,649.4565,497.211,338.448,264.2145,138.9795,74.415,40.293,14.784,4.224,0.165,0,0,0,0,,
17-06,0,0,0,0,0,0,0.033,1.8975,17.7045,61.3965,85.9815,158.5815,225.324,316.4535,453.4035,508.4145,584.8755,818.5155,909.348,929.445,1038.0315,1172.952,1245.6015,1241.6085,1266.012,1272.2325,1306.5195,1248.8355,1243.044,1170.5925,999.4875,964.4415,874.1865,726.033,566.643,401.148,268.455,212.5035,138.666,91.8555,40.623,15.2625,4.29,0.7095,0.0165,0,0,0,,
18-06,0,0,0,0,0,0,0,1.1715,19.5855,46.3155,89.001,145.6785,314.655,457.908,532.059,651.9315,750.2715,983.664,1056.495,1121.307,1192.8345,1311.552,1302.5925,1267.3485,1286.241,1219.614,1211.199,1085.37,974.259,913.275,926.079,785.8785,661.947,589.347,489.1095,373.8735,274.4115,192.126,123.09,54.846,29.4855,10.197,4.521,1.2045,0.0165,0,0,0,,
19-06,0,0,0,0,0,0,0,4.587,21.2355,48.3285,94.1655,155.628,321.222,441.3255,614.2785,744.5295,865.128,939.708,1029.171,1174.107,1256.97,1270.797,1244.6115,1296.2565,1258.95,1275.879,1263.966,1232.6325,1143.1695,1037.2725,926.2605,886.9245,861.6465,745.7175,575.916,498.7785,356.136,276.9855,183.909,80.817,39.4845,19.5525,6.4845,0.6105,0,0,0,0,,
20-06,0,0,0,0,0,0,0,1.65,19.338,63.855,135.8445,248.391,267.168,373.4445,398.508,482.526,638.649,658.68,772.1505,943.767,988.482,1131.0915,1132.395,1026.7125,927.63,974.919,1120.8615,1066.593,1052.8485,947.9745,842.556,771.6885,697.4715,575.3715,431.5575,343.3155,277.233,209.5005,136.0095,74.4975,37.818,15.114,4.2405,0.231,0,0,0,0,,
21-06,0,0,0,0,0,0,0,3.069,23.76,52.668,100.386,188.397,332.7555,527.241,641.1735,728.0295,843.6615,1039.5165,1090.5015,1305.9915,1209.285,1123.65,1161.204,1004.7345,947.1825,840.3285,872.5365,941.5395,829.125,810.9255,967.5435,1078.704,788.7825,690.9375,576.147,513.7275,340.626,251.493,156.0075,78.21,34.2045,16.7145,4.7685,0.3465,0,0,0,0,,
22-06,0,0,0,0,0,0,0,1.5015,19.4205,61.2975,103.587,195.5085,378.873,548.163,705.9195,848.067,990.825,960.6465,899.547,889.317,872.619,907.368,945.4665,1081.3605,1179.189,990.4455,1078.539,1273.2885,1293.4845,967.6755,983.895,776.0445,838.6125,644.6385,538.3125,453.5355,386.661,260.2545,168.333,92.0205,41.646,17.4075,6.5175,0.528,0,0,0,0,,
23-06,0,0,0,0,0,0,0,1.1715,14.6355,45.969,118.008,184.371,323.994,404.514,484.4565,466.62,524.2215,680.9715,812.0805,775.0875,906.213,1034.88,1133.418,1062.8475,1124.574,1106.7045,1343.364,1278.9315,1244.331,1138.17,953.172,965.382,718.542,697.2735,555.192,481.3545,381.2655,246.213,163.515,76.5105,38.7915,9.174,3.564,0.4455,0,0,0,0,,
24-06,0,0,0,0,0,0,0,1.6005,14.289,38.1975,73.4085,137.6595,245.0085,303.138,451.3905,539.7315,660.033,743.5725,826.4025,853.809,1061.478,984.6375,849.2715,987.5745,898.3755,936.738,1109.592,782.232,844.272,737.649,922.9605,864.5835,651.156,565.9335,478.236,370.722,409.1175,210.639,121.044,64.086,37.521,14.9985,3.201,0.4125,0,0,0,0,,
25-06,0,0,0,0,0,0,0,0.792,10.362,36.4485,85.9155,147.4935,240.339,333.0525,562.419,561.099,787.5285,748.275,831.9465,859.485,945.615,1095.732,1204.1205,1229.778,1230.8835,1001.7315,1070.553,1042.437,968.286,714.9285,739.8435,839.9655,641.388,575.2065,360.2445,275.8305,199.155,154.176,93.06,55.011,26.136,10.494,2.805,0.132,0,0,0,0,,
26-06,0,0,0,0,0,0,0,1.155,17.424,58.08,89.496,152.295,227.106,302.0985,476.1075,513.975,557.139,649.836,872.9655,1036.6125,1002.2595,1150.248,981.8985,1251.6405,1407.813,1533.6915,1481.1885,1420.4025,1324.6365,1107.2325,1008.4965,1031.4975,799.3425,685.641,521.928,429.8745,360.855,280.434,151.833,72.2865,33.6105,11.7645,2.8215,0.132,0,0,0,0,,
27-06,0,0,0,0,0,0,0,2.09,12.221,41.98333333,70.85466667,122.0413333,157.1496667,149.666,232.529,303.193,397.0596667,454.2193333,641.2633333,805.574,780.043,911.669,1005.983,967.7873333,1254.898333,1140.285667,1035.551,1263.672667,840.9133333,796.499,769.3216667,875.5596667,880.0366667,548.471,451.66,447.469,303.3983333,207.7643333,94.303,54.131,25.311,10.02466667,3.087333333,0.315333333,0,0,0,0,,
28-06,0,0,0,0,0,0,0,1.400666667,14.80966667,36.07266667,85.04466667,120.5123333,167.6363333,215.2846667,318.6553333,381.172,521.895,640.3613333,626.4133333,818.1066667,1224.696,1061.844667,1172.141667,1318.082333,1346.367,1225.161667,1156.690333,1129.582667,1096.538667,1021.628667,1041.964,913.4033333,771.947,665.7896667,538.2813333,309.859,238.8283333,140.602,118.756,57.14866667,13.57766667,3.109333333,0.458333333,0,0,0,0,0,,
29-06,0,0,0,0,0,0,0,2.3265,18.678,61.314,115.929,169.1745,232.5675,338.151,395.274,548.2455,565.785,697.158,845.2125,1003.8435,1085.6175,1239.7935,1104.279,1085.5845,987.294,1058.6895,1011.2355,857.1255,1007.688,820.1325,883.938,825.429,701.8935,540.9855,429.8745,392.832,308.8305,232.98,149.3085,88.9515,33.9075,11.55,2.607,0.1485,0,0,0,0,,
30-06,0,0,0,0,0,0,0,0.986333333,14.03966667,46.50066667,88.07333333,154.8946667,322.8976667,396.4913333,522.4596667,657.888,834.3353333,923.9706667,1007.141667,1083.973,1152.444333,1212.2,1152.708333,1298.025667,1256.247667,1167.793,1169.817,1138.511,996.9483333,1047.229333,853.336,873.9023333,672.8883333,604.45,541.4383333,420.0936667,352.319,232.3823333,103.1433333,59.75933333,18.56433333,4.015,1.536333333,0.033,0,0,0,0,,
01-07,0,0,0,0,0,0,0,0.297,10.131,37.9335,70.884,140.745,199.32,293.0895,418.176,569.613,621.8355,725.4885,685.08,675.246,750.486,691.9275,758.0925,725.34,721.4955,710.9025,793.122,796.356,739.629,689.667,673.893,687.687,621.1095,532.6035,469.161,372.8175,289.905,254.529,158.6145,75.702,32.604,11.8305,2.6565,0.2145,0,0,0,0,,
02-07,0,0.033,0,0,0,0,0,0.6435,7.458,27.4065,53.1135,125.202,172.194,223.2285,307.758,384.0705,442.7115,526.7056667,658.3885,687.093,627.1485,974.2755,1118.139,1467.642,1298.9625,1465.2825,1292.7915,1333.86,1285.284,1283.2545,1183.776,989.0595,865.59,809.259,714.4665,611.8695,473.1375,339.9495,220.473,88.374,42.636,15.6585,4.3395,0.4125,0,0,0,0,,
03-07,0,0,0,0,0,0,0,0.557333333,11.88183333,38.96383333,81.0645,131.4701667,269.2341667,388.4558333,468.8071667,641.3128333,779.3701667,922.6176667,1007.229667,962.2488333,805.7646667,1001.568333,1164.683667,1185.2885,1138.9125,1174.132667,1256.900333,1280.169,1376.774667,1261.5075,1035.730667,1036.836167,851.4733333,769.1805,720.6741667,602.5158333,370.4818333,297.462,214.6631667,98.45366667,38.06916667,10.9505,2.4035,0.1265,0,0,0,0,,
04-07,0,0,0,0,0,0,0,1.750833333,21.16766667,48.6255,86.02366667,193.2865,354.7151667,479.3561667,593.1988333,612.7825,638.9295,800.822,1029.411167,1019.689,1235.63,1395.1795,1238.317667,1324.068167,1219.973333,1276.223667,1076.073167,926.4071667,893.0918333,809.3121667,734.0391667,661.8553333,462.4326667,349.1143333,259.1508333,267.8811667,285.8661667,244.8306667,120.3106667,48.3285,24.475,11.8745,4.103,0.964333333,0.0165,0,0,0,,
05-07,0,0,0,0,0,0,0,0.2145,6.1215,29.865,87.1035,158.664,283.734,393.327,439.065,572.088,687.9675,936.7215,1096.3095,1168.926,1262.5635,1228.2105,1221.8085,980.001,930.336,1214.9775,1273.371,1253.373,1200.3915,1091.013,1082.994,968.616,840.246,719.1195,451.275,452.8755,326.403,240.735,137.049,76.5765,28.5615,9.1575,1.6335,0.099,0,0,0,0,,
06-07,0,0,0,0,0,0,0,0.792,8.8275,25.8225,56.496,92.928,129.954,202.8015,293.832,355.7565,567.5505,761.772,741.2295,778.8825,854.139,1071.84,1021.449,979.869,868.032,912.2685,848.1,1013.8755,828.201,841.005,970.101,819.9675,713.6085,572.121,447.3315,321.3375,255.651,165.792,112.7775,65.9835,21.252,8.7615,2.145,0.033,0,0,0,0,,
07-07,0,0,0,0,0,0,0,0.429,15.114,51.579,101.3925,202.2405,324.39,513.9585,569.415,670.8735,615.12,719.532,973.0875,1054.713,1129.359,1021.218,1069.2825,1120.746,1127.049,1231.9395,1236.5925,1257.762,1188.594,1117.083,991.8975,930.9795,807.444,726.726,613.4865,508.794,380.853,257.1855,127.0995,75.5535,30.327,10.527,2.673,0.4125,0,0,0,0,,
08-07,0,0,0,0,0,0,0,0.22,11.715,40.271,78.364,137.236,291.1663333,477.4916667,669.4526667,842.842,853.116,973.093,1135.423667,1202.362333,1276.286,1319.835,1374.739667,1397.253,1434.590667,1408.022,1357.502667,1268.362333,1238.581667,1198.725,1103.919667,1000.109,858.0733333,693.792,571.197,538.9523333,393.4553333,316.5763333,203.8556667,69.212,35.66933333,15.477,4.704333333,0.619666667,0,0,0,0,,
09-07,0,0,0,0,0,0,0,0,3.3,22.77,49.302,86.5425,164.571,290.4825,438.6195,470.7615,491.865,686.136,595.749,596.475,640.134,632.9235,919.71,739.464,1099.0815,1045.572,1125.6465,1043.262,899.745,950.631,992.904,720.5715,562.3695,563.508,422.6805,347.9025,387.156,282.315,156.387,68.607,31.7625,10.923,2.376,0.1485,0,0,0,0,,
10-07,0,0,0,0,0,0,0,0.3135,11.748,40.4085,89.694,146.8995,234.3495,406.2795,528.9735,629.343,767.58,914.067,1021.4325,942.4965,959.673,1089.165,1290.003,1194.864,1375.836,1229.3655,1074.0015,1113.552,1002.8205,1079.661,966.108,888.921,811.0575,695.475,517.8525,395.472,338.052,282.513,158.169,78.804,34.782,14.0415,3.927,0.4455,0,0,0,0,,
11-07,0,0,0,0,0,0,0,0.165,6.171,30.789,66.033,117.9915,239.877,408.8865,534.1215,661.65,770.088,924.9075,1023.165,1071.378,1083.291,1110.4665,1173.5955,1177.605,1221.7095,1351.845,1285.4655,1213.2615,1148.664,999.5535,935.946,803.2695,724.7295,602.712,489.3735,404.2005,302.4945,225.0765,125.2185,48.609,21.9945,8.118,0.9405,0,0,0,0,0,,
12-07,0,0,0,0,0,0,0,0.0165,8.415,33.7425,71.313,130.878,261.228,415.734,552.816,678.711,741.807,878.658,949.9545,1072.17,1193.412,1217.0895,1251.9045,1259.577,1258.191,1278.8985,1240.8495,1199.088,1215.2745,1143.1365,1000.7085,956.703,869.0055,734.811,590.997,491.1885,385.8855,288.5025,182.193,70.752,33.924,15.147,3.531,0.4785,0,0,0,0,,
13-07,0,0,0,0,0,0,0,0.033,6.3195,27.4395,54.516,91.9875,186.912,350.2125,461.3895,541.398,603.372,759.264,979.638,1006.0215,988.119,835.758,1107.5955,1126.521,1214.7135,1124.805,985.908,922.845,915.5685,921.3105,931.3425,756.5415,473.4015,562.3695,476.289,466.422,262.713,198.2145,111.111,63.4755,33.66,13.1175,2.31,0.033,0,0,0,0,,
14-07,0,0,0,0,0,0,0,0,3.7125,20.2785,58.773,135.069,226.6275,317.7735,406.494,454.41,565.3725,830.1645,726.7095,730.092,1088.769,1082.532,770.5005,1033.692,1080.585,1191.828,1115.895,1092.036,1048.0965,978.45,804.441,706.4475,529.6995,491.5845,592.713,515.2785,380.259,283.305,159.1095,63.36,24.8655,7.9365,1.3695,0.033,0,0,0,0,,
15-07,0,0,0,0,0,0,0,0,7.524,28.9905,78.507,164.868,332.541,341.715,335.643,431.046,510.4935,628.287,623.3205,686.367,805.2825,820.8915,807.279,649.605,797.2635,664.9335,657.096,786.555,898.0455,882.5025,678.7605,775.0545,501.2205,517.5885,368.0325,318.153,305.2665,217.404,134.64,84.3315,35.211,12.144,2.0295,0.132,0,0,0,0,,
16-07,0,0,0,0,0,0,0,0,2.607,23.8315,71.18466667,108.3591667,223.9526667,343.1101667,546.2031667,649.8525,725.2318333,716.6885,812.3206667,1085.076667,1102.486,980.9158333,1153.669,1049.645667,1075.719333,940.9748333,949.4283333,1192.249667,1053.954,1085.630333,929.5861667,873.7208333,771.7178333,673.497,517.2823333,396.3611667,305.5855,227.8631667,165.2548333,64.40316667,31.23083333,13.3155,3.914166667,0.452833333,0,0,0,0,,
17-07,0,0,0,0,0,0,0,0,7.667,48.06266667,87.97066667,156.1816667,218.0493333,332.772,421.223,594.517,655.5926667,677.5083333,844.723,922.383,844.4846667,916.7913333,825.3373333,786.863,860.134,984.401,968.594,1149.998667,1045.506,910.536,836.9643333,792.319,735.207,588.7786667,525.2536667,532.466,374.308,276.6536667,156.9736667,85.26466667,37.235,16.42666667,4.484333333,0.619666667,0,0,0,0,,
18-07,0,0,0,0,0,0,0,0,1.6005,14.5695,50.226,105.072,201.8775,277.5465,444.2625,589.8915,714.8625,907.071,821.568,1049.235,1290.465,1169.454,1345.278,1061.544,1025.739,1056.8415,1066.461,1158.4815,1046.496,1002.309,927.366,772.002,633.0555,560.637,540.441,497.343,331.1385,234.7455,144.639,73.392,29.4525,11.814,2.2605,0.0825,0,0,0,0,,
19-07,0,0,0,0,0,0,0,0,3.498,24.783,59.0865,97.5975,179.157,281.6385,378.081,454.245,530.2605,585.882,656.9475,774.9555,825.825,877.536,852.0105,837.474,928.8015,857.274,800.8605,736.89,756.36,809.2425,749.001,695.772,597.8445,505.6095,383.6745,336.798,263.7525,195.8055,123.156,68.541,26.2845,9.2565,2.3265,0,0,0,0,0,,
20-07,0,0,0,0,0,0,0,0,2.871,26.1525,86.031,136.1085,257.532,349.041,543.8565,431.046,507.7875,589.0665,661.9635,712.2225,672.375,741.939,874.6485,746.9715,638.4675,599.907,786.192,766.1445,802.362,719.0205,626.1915,569.217,465.9435,365.2935,345.741,345.411,344.1405,253.737,112.035,57.024,27.3735,11.6325,2.6565,0.165,0,0,0,0,,
21-07,0,0,0,0,0,0,0,0,4.95,31.58833333,65.835,145.4566667,230.3033333,307.4316667,411.6566667,454.9416667,740.9783333,893.6033333,957.4033333,1049.546667,1022.083333,783.255,696.96,813.5783333,836.55,648.12,650.1183333,541.145,581.57,611.6183333,736.7433333,649.4583333,770.1833333,638.0183333,529.3566667,298.0083333,211.2366667,144.375,96.085,42.55166667,11.69666667,3.795,0.421666667,0,0,0,0,0,,
22-07,0,0,0,0,0,0,0,0,3.4265,23.50883333,69.44483333,122.3896667,154.6123333,199.0725,282.5606667,358.4625,416.3555,480.6065,590.2343333,688.875,734.2811667,811.4333333,905.3366667,1023.680167,940.236,973.1003333,916.6611667,911.4508333,997.7678333,857.571,978.9211667,728.2696667,669.2565,418.1521667,320.6463333,252.2721667,180.983,116.952,92.85283333,34.58766667,11.2365,2.9095,0.163166667,0,0,0,0,0,,
23-07,0,0,0,0,0,0,0,0,3.333,28.083,78.606,140.679,193.578,322.7235,420.915,538.4115,612.975,711.0675,705.1605,642.2295,809.061,892.0395,985.116,936.1935,959.112,878.064,816.981,802.593,728.937,797.7585,616.6875,596.5905,508.9095,422.103,331.155,243.606,146.3715,84.381,46.53,22.407,8.844,1.6665,0.066,0,0,0,0,0,,
24-07,0,0,0,0,0,0,0,0,0.9075,15.4605,44.2035,74.547,155.034,230.1915,324.786,383.559,526.977,602.91,757.4655,863.115,840.9225,846.7965,958.2045,875.556,848.2155,773.4705,792.693,763.158,683.2485,535.8375,483.846,464.7555,388.2285,371.316,398.7555,311.8005,208.9395,146.454,102.729,50.094,20.13,4.8345,0.528,0,0,0,0,0,,
25-07,0,0,0,0,0,0,0,0,1.631666667,21.10166667,64.20333333,121.055,233.5483333,399.19,465.355,469.2416667,691.8266667,945.9266667,1052.865,1037.465,1219.643333,1335.363333,1133.953333,1308.193333,1332.961667,1217.04,1113.731667,1105.738333,1055.761667,997.6816667,1036.548333,897.2883333,744.5533333,616.605,440.5866667,395.9816667,273.405,210.87,134.3466667,39.6,11.91666667,3.08,0.256666667,0,0,0,0,0,,
26-07,0,0,0,0,0,0,0,0,1.063333333,20.75333333,50.985,99.20166667,164.285,215.5266667,310.9516667,417.6333333,579.48,706.2916667,671.22,676.3166667,706.3833333,804.76,816.695,825.0183333,904.585,1186.918333,1147.098333,1084.27,921.965,740.7216667,747.4316667,949.9416667,838.6216667,595.9983333,447.1133333,363.6966667,210.0633333,187.6416667,98.41333333,34.77833333,10.70666667,2.713333333,0.091666667,0,0,0,0,0,,
27-07,0,0,0,0,0,0,0,0,0.429,10.065,34.9305,72.1215,111.771,229.0035,257.73,328.845,414.3975,457.578,532.8675,504.0585,519.75,639.9195,692.1915,617.232,663.828,724.812,706.992,784.8225,777.612,649.704,717.9645,702.4215,586.8225,463.419,389.2515,279.3615,274.3125,169.752,77.6985,31.614,12.672,3.2175,0.132,0,0,0,0,0,,
28-07,0,0,0,0,0,0,0,0,0.33,15.6255,51.282,103.191,178.4475,254.2155,368.9565,521.367,604.9395,778.206,939.3945,796.29,759.693,942.8265,1121.1915,891.429,857.373,915.4365,945.7305,903.969,1031.118,1061.7255,858.7095,750.519,524.7,599.1645,400.3395,349.9815,298.5015,188.6775,91.08,28.644,8.2005,3.0195,0.066,0,0,0,0,0,,
29-07,0,0,0,0,0,0,0,0,0.264,7.458,28.4625,59.2185,106.887,173.349,242.616,354.684,503.2005,577.8465,615.087,771.375,822.426,700.821,778.008,789.855,849.3045,905.8005,874.995,848.364,814.5555,717.8985,713.0475,604.6425,522.819,423.1755,383.592,280.137,198.2805,130.713,60.9675,31.8285,15.246,4.5045,0.132,0,0,0,0,0,,
30-07,0,0,0,0,0,0,0,0,0.1155,7.3755,31.251,68.5245,144.507,235.488,331.1385,384.7965,537.24,732.798,698.907,859.98,1013.925,987.855,1067.4345,1178.661,1095.7815,1208.6085,1019.469,1096.7385,972.081,725.472,602.3985,649.5225,664.9005,477.4605,318.4005,287.1825,260.865,172.887,88.539,33.9405,11.8635,2.376,0.033,0,0,0,0,0,,
31-07,0,0,0,0,0,0,0,0,0.1485,16.4175,39.4845,85.503,188.3805,350.5425,512.9355,604.2135,767.4975,846.4995,872.817,986.1555,1099.395,1024.65,936.54,1149.093,1208.9715,1122.7095,795.3165,784.6905,704.3685,743.424,796.62,852.7035,741.1965,594.9075,456.9015,373.1805,297.7425,207.1245,78.375,26.169,6.6,1.089,0,0,0,0,0,0,,
01-08,0,0,0,0,0,0,0,0,0.0825,8.6955,39.204,87.318,164.3565,202.4715,270.2865,436.0455,473.5665,558.954,772.9095,791.9505,868.9395,884.004,972.114,891.7425,811.0575,839.2065,668.811,708.4935,594.0495,565.9995,526.9935,589.1325,555.39,460.35,397.551,271.6065,192.7035,139.524,77.847,27.786,7.722,2.1285,0.033,0,0,0,0,0,,
02-08,0,0.033,0,0,0,0,0,0,0,4.5705,28.5285,78.012,135.696,212.52,288.8325,373.857,543.807,604.0778333,630.3385,728.607,824.868,770.451,895.257,890.142,1188.891,1082.367,922.8615,955.911,1116.489,1053.228,999.7515,872.289,793.485,660.693,501.3195,402.5835,301.3065,234.267,90.156,32.7525,17.523,3.9105,0.0495,0,0,0,0,0,,
03-08,0,0,0,0,0,0,0,0,0.135666667,8.954,45.64633333,79.25133333,152.119,188.7416667,337.3993333,432.3916667,473.66,545.5046667,807.5943333,873.829,856.0126667,913.4913333,911.559,1187.747,1124.247667,1261.458,1328.118,1326.893333,1169.773,1046.261333,862.158,820.5633333,681.9193333,514.1253333,370.403,308.605,205.6926667,136.3816667,70.96833333,24.28066667,6.182,1.129333333,0.033,0,0,0,0,0,,
04-08,0,0,0,0,0,0,0,0,0.1815,8.0685,33.3795,80.0415,147.708,192.4065,218.163,305.91,445.203,522.522,538.6425,722.37,859.386,949.6245,1113.6675,1250.964,975.7935,1307.9715,1283.3865,1233.21,1105.0875,1112.76,943.866,870.771,827.8215,696.2175,576.378,455.037,339.7185,221.5455,93.0435,32.8515,9.306,1.518,0,0,0,0,0,0,,
05-08,0,0,0,0,0,0,0,0,0,6.292,45.42266667,69.003,158.763,311.146,325.1416667,429.8286667,691.2216667,887.0473333,813.45,1091.687667,1080.915,1036.654667,1279.193667,969.881,1080.878333,1058.849,1106.27,1240.924667,1071.818,970.8013333,1040.853,717.475,752.0736667,566.1626667,457.5156667,434.2213333,253.9093333,171.5156667,69.311,32.94866667,10.80566667,1.1,0,0,0,0,0,0,,
06-08,0,0,0,0,0,0,0,0,0,8.855,42.33533333,83.39466667,157.1056667,351.2593333,488.642,626.3583333,770.1833333,887.8136667,849.6656667,1066.552667,984.1626667,1116.929,1233.921333,1438.646,1155.304333,1070.362333,1224.787667,1020.697333,854.1866667,710.105,817.52,721.9703333,733.9786667,551.1403333,458.623,381.249,269.5916667,163.5883333,81.598,33.902,15.818,1.987333333,0,0,0,0,0,0,,
07-08,0,0,0,0,0,0,0,0,0.033,3.597,27.4065,76.9395,170.3625,331.0395,485.1165,467.1645,521.466,602.613,672.903,735.5865,804.144,841.236,1035.7875,1147.7565,1046.694,897.2865,900.9165,1198.0815,1090.716,1081.8555,966.2235,964.8705,872.586,688.974,467.6925,396.99,271.095,175.9395,84.1005,33.132,10.494,1.2375,0,0,0,0,0,0,,
08-08,0,0,0,0,0,0,0,0,0,4.785,31.053,72.6495,130.812,292.446,378.213,582.351,741.3615,933.4215,1028.841,903.012,976.8,991.353,1235.4705,1078.374,928.884,1166.9955,1156.2375,1108.437,1134.309,988.8945,899.646,781.9845,763.356,634.359,526.7625,415.5195,341.418,171.402,75.108,34.617,15.2295,2.3265,0.033,0,0,0,0,0,,
09-08,0,0,0,0,0,0,0,0,0,3.201,25.8885,68.6895,133.8645,323.0535,453.75,579.084,698.1975,765.6165,663.795,744.81,747.417,913.0275,1094.511,1055.7195,925.221,1148.5485,1245.2055,1305.9915,1053.0135,854.733,1165.164,824.6535,795.9435,601.7715,525.327,430.188,276.9195,146.454,57.7995,23.067,10.4445,0.825,0,0,0,0,0,0,,
10-08,0,0,0,0,0,0,0,0,0,4.6695,34.4025,77.352,138.138,353.199,516.582,679.4865,823.086,944.2785,1053.0135,1135.2165,1152.7725,1319.769,1403.7375,1376.7105,1336.2525,1298.616,1274.361,1263.0585,1229.085,1255.6005,1178.067,1041.612,867.339,750.552,478.104,468.2865,297.924,165.9075,59.8785,19.4865,7.2105,0.429,0,0,0,0,0,0,,
11-08,0,0,0,0,0,0,0,0,0,4.3395,32.1585,75.933,137.4945,264.825,416.4435,599.94,672.276,731.049,765.567,880.275,1179.2715,1282.446,1199.6325,1263.702,1228.26,1356.1845,970.629,911.262,798.435,838.662,783.321,671.517,588.2085,457.9245,395.7525,297.066,202.884,123.7665,55.2585,22.1595,6.402,0.627,0,0,0,0,0,0,,
12-08,0,0,0,0,0,0,0,0,0,2.178,21.615,39.072,114.477,209.8635,333.036,347.8695,396.033,445.236,526.548,549.5985,643.203,766.986,755.997,879.087,1035.4905,1242.9615,1341.6315,1242.054,1210.6545,1148.3505,1066.329,884.565,612.5295,434.0655,419.331,440.9295,283.3215,174.339,75.504,25.641,6.5835,0.4455,0,0,0,0,0,0,,
13-08,0,0,0,0,0,0,0,0,0,1.5345,27.9345,61.677,126.621,297.33,443.3055,567.6165,726.9735,891.891,974.9355,1067.8635,1150.8915,1203.081,1196.3325,1294.689,1257.5805,1269.741,1289.871,1280.8125,1159.29,1082.9115,1044.0045,881.3475,730.7355,581.7405,443.9655,326.304,247.2195,127.5945,69.9435,24.09,4.7025,0.2805,0,0,0,0,0,0,,
14-08,0,0,0,0,0,0,0,0,0,0.6765,12.1275,46.761,120.0375,259.413,284.427,386.1825,452.496,467.511,564.729,731.643,900.9165,767.811,866.3985,991.2375,1053.4095,943.272,973.2525,870.8535,783.2385,660.759,630.8445,761.211,629.9205,478.4835,331.881,282.315,216.678,88.407,46.2495,19.371,3.63,0.132,0,0,0,0,0,0,,
15-08,0,0,0,0,0,0,0,0,0,0.8745,23.2155,59.268,108.1905,280.8465,372.4215,440.6985,685.74,824.439,968.6985,1083.6045,1153.317,1237.2195,1224.9765,1244.166,1129.5405,1127.742,1084.5615,961.6365,993.201,960.333,929.907,768.4215,615.5985,474.5235,377.124,291.1425,196.812,96.3765,36.729,11.9955,3.1185,0.0825,0,0,0,0,0,0,,
16-08,0,0,0,0,0,0,0,0,0,0.528,14.6355,58.7565,103.554,137.5605,177.705,244.332,335.6265,395.9175,469.491,579.909,655.8255,621.7035,718.7235,803.154,817.047,763.059,769.1145,714.186,700.1775,608.0745,690.69,572.7315,500.5935,456.39,349.4865,296.175,162.9705,89.9415,34.848,10.197,1.9965,0.066,0,0,0,0,0,0,,
17-08,0,0,0,0,0,0,0,0,0,0.5445,16.9785,51.4965,101.904,214.17,331.8315,414.315,493.4325,659.043,700.128,687.126,842.16,824.868,720.5055,728.0625,798.0225,831.501,776.622,742.302,769.8735,747.6315,693.726,648.45,562.254,439.461,361.9935,287.826,195.6405,89.7105,33.6105,12.1275,1.188,0,0,0,0,0,0,0,,
18-08,0,0,0,0,0,0,0,0,0,0.1485,7.2435,31.7625,68.4585,129.2115,203.709,291.324,371.7615,421.41,478.0875,541.398,523.974,588.093,582.648,651.8655,804.672,814.935,753.2415,716.8755,684.552,559.4985,581.3115,458.3205,432.234,305.052,217.635,168.8445,108.801,51.9585,27.522,12.1605,1.683,0.066,0,0,0,0,0,0,,
19-08,0,0,0,0,0,0,0,0,0,0.1485,13.8435,44.7975,92.7135,143.352,219.1035,274.6425,371.4645,459.723,481.503,650.925,556.182,606.144,663.3825,740.3385,658.8615,581.691,499.6365,537.0915,548.0475,580.833,435.7815,460.878,388.839,304.5405,257.5155,182.5725,135.1185,67.6665,25.443,8.316,1.4025,0,0,0,0,0,0,0,,
20-08,0,0,0,0,0,0,0,0,0,0.0165,11.748,53.823,84.2325,165.627,241.428,336.1545,443.3055,584.5785,696.5145,863.808,814.9185,917.5485,945.384,948.1395,863.7915,934.4445,988.185,861.036,791.373,695.3595,823.812,616.3905,426.921,390.687,276.2925,202.554,125.829,66.495,39.93,13.6125,1.0395,0,0,0,0,0,0,0,,
21-08,0,0,0,0,0,0,0,0,0,0,5.775,41.052,99.858,167.5905,259.743,347.7375,521.499,589.9575,683.1825,790.3665,862.884,884.07,796.686,671.3685,624.525,826.947,766.4085,645.975,671.154,620.1525,671.187,574.3485,472.7415,378.609,280.137,224.895,137.9565,54.252,16.368,5.016,0.5445,0,0,0,0,0,0,0,,
22-08,0,0,0,0,0,0,0,0,0,0,8.085,44.781,67.584,140.58,212.7345,308.682,337.557,446.886,533.841,649.572,722.5845,725.868,682.2255,651.0735,608.7345,580.4205,716.43,719.829,644.523,553.773,492.3435,428.3895,413.919,361.482,285.3675,220.572,140.052,63.987,25.9215,6.765,0.528,0,0,0,0,0,0,0,,
23-08,0,0,0,0,0,0,0,0,0,0,8.283,45.2925,131.637,229.416,283.7835,378.081,458.8485,542.058,530.838,689.1225,760.881,807.477,676.3515,746.1795,736.5435,816.882,702.306,744.579,726.8415,718.74,654.918,607.299,578.5065,424.479,274.461,176.6325,116.952,60.654,18.249,6.171,0.4455,0,0,0,0,0,0,0,,
24-08,0,0,0,0,0,0,0,0,0,0,5.8905,31.053,74.085,162.525,266.772,365.8545,463.485,645.8925,692.7525,958.6005,1035.342,1067.0715,1154.835,1097.184,1031.481,786.7365,1230.2235,835.2795,786.8025,831.567,747.9285,522.0765,483.747,357.4065,296.3895,224.202,137.478,64.3005,18.8595,4.125,0.1485,0,0,0,0,0,0,0,,
25-08,0,0,0,0,0,0,0,0,0,0,4.3725,28.9575,70.6695,217.734,356.433,475.695,600.0885,720.225,846.2025,875.1105,965.9265,1026.795,1093.059,1031.184,973.3845,896.247,965.6625,999.1905,817.872,894.5805,662.6235,621.0765,529.6005,379.566,328.977,255.1395,137.28,62.007,28.38,9.0255,0.2805,0,0,0,0,0,0,0,,
26-08,0,0,0,0,0,0,0,0,0,0,5.2635,37.9005,62.9805,112.2825,198.231,277.1505,446.1435,656.337,873.708,1020.5415,1059.5475,1127.478,941.1435,812.6745,885.324,951.159,914.067,870.045,661.5345,812.5755,604.791,636.603,560.604,372.867,381.678,245.982,139.6395,86.3445,31.119,8.0355,0.297,0,0,0,0,0,0,0,,
27-08,0,0,0,0,0,0,0,0,0,0,4.3065,38.313,83.5395,189.849,381.3315,476.883,600.831,757.1025,714.285,769.3455,859.947,673.2825,726.1485,593.3235,771.0285,701.0025,525.4095,673.365,864.864,744.1995,710.028,414.117,384.054,324.852,240.9165,182.2095,74.712,34.419,16.434,4.191,0.132,0,0,0,0,0,0,0,,
28-08,0,0,0,0,0,0,0,0,0,0,4.62,33.8745,77.3025,211.4805,314.4735,372.4545,436.029,578.688,770.88,812.6085,886.314,1010.1795,994.0095,980.661,688.1325,746.5095,709.8795,757.0365,635.745,578.853,672.0285,631.4055,429.5115,230.3895,199.848,193.8915,102.696,32.7855,5.412,1.2375,0.033,0,0,0,0,0,0,0,,
29-08,0,0,0,0,0,0,0,0,0,0,4.554,41.8275,92.5155,150.876,223.971,264.7425,397.1715,615.6645,711.6945,821.007,689.2215,898.326,914.4795,1049.961,851.994,811.569,847.4895,790.0035,747.0375,797.7585,827.607,788.1885,611.2095,482.295,363.2805,194.601,102.3165,39.4185,14.8665,2.442,0.033,0,0,0,0,0,0,0,,
30-08,0,0,0,0,0,0,0,0,0,0,1.617,28.0005,71.379,211.7115,283.536,494.505,579.4305,757.2015,932.283,832.689,1014.4035,910.2225,818.2185,916.7895,909.117,832.788,763.2735,689.799,658.3995,570.9825,480.4635,418.407,335.2305,287.5125,226.281,150.876,95.5845,41.7615,16.5,2.1615,0.033,0,0,0,0,0,0,0,,
31-08,0,0,0,0,0,0,0,0,0,0,10.065,48.8895,161.172,305.943,461.472,576.807,727.551,851.202,912.516,958.353,1110.0045,1051.809,1150.3965,1000.593,1120.713,1242.5985,1081.3935,1045.341,1013.6445,937.431,624.063,565.5375,437.5965,314.0445,229.2675,150.612,85.866,34.1385,9.7845,1.6665,0.033,0,0,0,0,0,0,0,,
01-09,0,0,0,0,0,0,0,0,0,1.32,14.7015,41.5305,99.726,193.0005,254.6775,410.52,484.9845,573.837,672.0615,717.3045,753.951,757.4325,943.041,809.226,901.0485,831.402,972.708,998.712,701.382,660.858,771.8205,624.69,511.401,429.594,246.51,167.442,89.892,35.475,12.4575,1.5675,0.033,0,0,0,0,0,0,0,,
02-09,0,0,0,0.033,0,0,0,0,0,1.32,8.9925,33.363,132.4785,238.062,370.9365,508.299,559.614,775.6155,931.953,1007.673333,1218.371,1087.2675,1046.364,793.5345,896.4615,789.2775,892.386,837.606,699.4845,603.24,551.067,488.4165,399.069,307.89,234.9105,151.5195,81.741,31.944,11.649,1.4685,0.0825,0,0,0,0,0,0,0,,
03-09,0,0,0,0,0,0,0,0,0,0,0.2475,16.5495,59.8455,125.2845,190.179,238.656,245.9985,372.5205,450.318,550.3245,677.391,778.8825,870.837,702.3885,579.6285,560.604,574.959,797.1645,625.548,558.987,479.424,442.926,357.126,294.756,185.6085,112.398,52.6515,21.813,8.052,0.9735,0,0,0,0,0,0,0,0,,
04-09,0,0,0,0,0,0,0,0,0,0,12.276,15.2625,35.442,90.6345,139.92,181.995,304.557,432.7125,448.602,498.234,610.83,565.389,575.817,597.597,620.763,706.2495,696.4815,748.2585,508.4475,512.292,521.433,521.961,435.1545,351.8625,185.526,127.05,74.283,34.287,11.7645,1.122,0,0,0,0,0,0,0,0,,
05-09,0,0,0,0,0,0,0,0,0,0,5.558666667,27.98766667,117.7421667,244.431,312.1305,441.496,562.4336667,678.6193333,597.2725,925.4391667,967.4903333,873.3981667,1026.320167,946.7223333,1060.1305,1020.1015,969.1825,1067.2035,861.3623333,665.1443333,671.2915,470.822,521.9463333,358.6165,226.0206667,124.3605,57.48783333,23.19166667,9.577333333,0.6875,0,0,0,0,0,0,0,0,,
06-09,0,0,0,0,0,0,0,0,0,0,2.673,23.76,76.395,106.6065,305.7615,308.0385,338.811,461.4885,676.7145,802.362,857.769,847.9185,821.8485,948.09,856.35,929.61,912.12,731.1645,746.7735,689.4195,728.0295,525.492,433.455,340.593,277.8765,158.2185,74.6295,32.5545,11.022,0.66,0,0,0,0,0,0,0,0,,
07-09,0,0,0,0,0,0,0,0,0,0,1.3365,20.4105,53.7735,107.283,210.7545,350.592,454.773,489.6705,725.5545,812.46,696.9105,677.2755,670.23,711.843,622.7925,616.2585,588.9345,612.579,526.8945,566.247,550.506,518.2485,457.908,274.23,182.1105,99.759,52.074,26.2185,6.8805,0.33,0,0,0,0,0,0,0,0,,
08-09,0,0,0,0,0,0,0,0,0,0,2.6565,19.074,62.4525,229.2015,314.82,412.698,546.447,717.09,933.4545,1007.457,976.3215,923.5215,928.3725,921.558,990.792,994.1085,786.423,932.316,872.8995,846.2685,561.924,607.53,499.0755,356.8455,206.1015,118.206,59.994,21.8625,6.6495,0.2805,0,0,0,0,0,0,0,0,,
09-09,0,0,0,0,0,0,0,0,0,0,2.64,17.457,55.077,217.5195,306.7515,413.424,562.848,698.3955,799.986,835.527,925.056,905.1405,1030.755,1138.5495,1048.9875,918.4395,989.934,966.273,774.0315,621.3735,492.096,416.097,349.8165,258.0105,173.778,111.0285,48.081,20.1135,4.884,0.1485,0,0,0,0,0,0,0,0,,
10-09,0,0,0,0,0,0,0,0,0,0,0,9.6525,40.8375,76.791,155.694,213.213,281.1105,268.3395,488.3835,511.467,461.307,562.1055,685.377,743.8695,715.2585,548.9385,580.6185,603.174,536.283,432.729,415.2225,378.081,287.694,247.698,128.601,62.7495,33.4455,14.025,3.3825,0.0825,0,0,0,0,0,0,0,0,,
11-09,0,0,0,0,0,0,0,0,0,0,1.32,24.1725,72.6165,124.6245,204.0885,281.292,569.9595,629.6895,748.011,782.991,823.548,1011.648,964.6725,1072.005,847.9845,1175.955,1054.647,961.851,911.4435,838.7445,686.6145,478.83,367.158,301.0425,187.539,96.3105,34.056,10.692,2.64,0.033,0,0,0,0,0,0,0,0,,
12-09,0,0,0,0,0,0,0,0,0,0,1.32,15.972,56.6445,208.4115,333.0855,470.25,493.383,683.9745,703.0485,681.153,781.539,830.511,783.189,1043.5095,941.1765,954.5085,961.488,779.4765,794.7885,782.067,681.3345,493.8615,374.649,210.507,120.648,56.199,20.13,7.128,1.6995,0.066,0,0,0,0,0,0,0,0,,
13-09,0,0,0,0,0,0,0,0,0,0,1.32,23.661,75.9165,180.048,300.036,457.05,621.2085,740.4045,857.538,970.761,1025.706,1021.779,960.6135,824.6865,1214.697,1075.5195,1146.3045,950.9775,916.5255,888.888,685.047,581.625,399.333,248.1765,139.0785,86.7075,33.198,11.418,2.2935,0.0495,0,0,0,0,0,0,0,0,,
14-09,0,0,0,0,0,0,0,0,0,0,5.28,29.94566667,74.80733333,177.1953333,263.1695,405.3078333,502.2581667,597.4668333,702.5535,776.842,734.0611667,719.6035,661.3053333,681.0595,690.0758333,666.2535,627.7553333,601.656,564.6813333,510.917,497.7903333,445.1901667,345.7648333,210.8846667,120.6736667,60.43033333,28.53216667,8.851333333,0.924,0,0,0,0,0,0,0,0,0,,
15-09,0,0,0,0,0,0,0,0,0,0,0,3.96,30.723,84.8925,141.504,218.3115,293.0565,447.7605,561.0825,550.8195,623.1225,634.26,779.0475,801.966,875.358,864.0555,666.2535,743.985,740.7345,612.2325,438.8505,383.8725,298.3035,221.991,153.6315,91.839,55.1265,14.685,1.0725,0,0,0,0,0,0,0,0,0,,
16-09,0,0,0,0,0,0,0,0,0,0,0,10.494,59.598,123.1395,151.4535,291.918,343.2,631.587,749.8425,735.603,796.884,847.3905,971.2725,1004.8665,948.882,1023.0825,686.565,785.367,596.739,636.009,534.897,517.4895,417.0705,263.34,167.7555,85.1895,31.911,9.141,0.7425,0,0,0,0,0,0,0,0,0,,
17-09,0,0,0,0,0,0,0,0,0,0,0,2.4585,18.414,62.931,132.4125,223.8225,344.85,429.6435,513.513,682.2915,711.9585,852.819,986.403,937.9425,1032.9,878.7405,760.4685,693.594,705.6225,753.7695,628.9305,536.8275,431.31,311.9325,169.389,85.6185,39.105,14.1405,1.32,0,0,0,0,0,0,0,0,0,,
18-09,0,0,0,0,0,0,0,0,0,0,0,15.741,52.6515,88.0605,189.8655,318.846,439.7415,468.2205,587.103,585.651,649.704,751.179,916.7565,980.3145,908.457,923.7525,863.709,933.438,715.308,641.6025,604.6425,477.4275,382.503,246.543,162.36,83.655,36.3,9.9495,0.5115,0,0,0,0,0,0,0,0,0,,
19-09,0,0,0,0,0,0,0,0,0,0,0,2.343,33.8745,63.0465,105.633,201.6135,313.17,338.745,364.4355,428.8515,480.183,514.2555,611.193,587.6805,704.6985,711.7605,733.3095,775.302,740.9655,680.13,555.3405,447.777,292.743,222.981,129.954,69.069,26.433,9.0255,0.462,0,0,0,0,0,0,0,0,0,,
20-09,0,0,0,0,0,0,0,0,0,0,0,4.2075,16.434,33.957,71.478,186.8625,374.5335,431.277,448.074,444.8895,498.927,469.7715,451.3245,477.807,511.863,493.119,479.3415,431.079,381.381,380.0115,318.054,294.723,215.8695,139.623,112.0185,72.7815,41.8605,12.4245,0.429,0,0,0,0,0,0,0,0,0,,
21-09,0,0,0,0,0,0,0,0,0,0,0,5.478,21.6975,95.799,250.5195,342.6555,480.843,628.2045,769.824,913.11,999.405,1065.0915,1140.084,1163.4975,1077.5655,947.199,978.7635,973.203,683.034,690.69,629.706,518.364,350.6415,237.039,146.5365,73.689,29.007,8.745,0.132,0,0,0,0,0,0,0,0,0,,
22-09,0,0,0,0,0,0,0,0,0,0,0,5.547666667,26.48066667,104.2543333,276.2026667,373.0063333,488.2386667,639.2283333,763.191,888.646,939.5136667,982.5163333,953.7256667,943.1473333,968.726,967.3913333,951.071,828.2816667,785.268,637.274,507.573,387.5923333,218.2216667,165.6893333,86.74233333,33.682,11.22366667,2.753666667,0.165,0,0,0,0,0,0,0,0,0,,
23-09,0,0,0,0,0,0,0,0,0,0,0,5.346,27.6375,91.443,270.6,351.6315,465.8775,617.133,770.9955,880.5555,980.793,1058.6235,1022.2575,832.293,841.962,675.1305,570.207,552.684,659.934,528.8415,331.5345,330.033,271.5405,180.1305,114.675,63.063,22.0605,7.755,0.0495,0,0,0,0,0,0,0,0,0,,
24-09,0,0,0,0,0,0,0,0,0,0,0,8.25,31.383,78.9525,241.9065,333.9435,458.568,568.4745,580.602,640.794,709.8465,752.1195,733.722,569.3985,661.089,703.032,582.351,465.9765,465.4485,461.736,408.2925,330.7755,268.026,180.2295,105.204,53.4105,30.5745,5.5605,0.033,0,0,0,0,0,0,0,0,0,,
25-09,0,0,0,0,0,0,0,0,0,0,0,2.6565,18.315,65.4885,232.023,328.284,438.471,573.144,723.3105,853.4955,862.686,880.6215,852.291,769.791,788.2215,835.2465,700.095,890.3895,802.5435,691.2015,477.5265,414.546,295.8615,224.895,94.9905,47.784,10.2795,2.211,0.033,0,0,0,0,0,0,0,0,0,,
26-09,0,0,0,0,0,0,0,0,0,0,0,3.96,19.536,59.4,205.6065,309.6555,413.226,446.7705,563.2605,791.538,660.3465,527.076,535.6725,682.473,609.906,509.0085,487.047,504.438,418.1265,376.86,294.822,260.6505,162.6405,130.548,68.904,33.792,12.21,1.914,0,0,0,0,0,0,0,0,0,0,,
27-09,0,0,0,0,0,0,0,0,0,0,0,5.28,19.25916667,65.97433333,201.1423333,275.3483333,385.1741667,471.5076667,565.62,533.995,580.7486667,620.8656667,701.3856667,630.4998333,568.0693333,547.9485,580.7578333,534.9905,540.0761667,539.5976667,436.5991667,315.7715,237.9868333,183.0766667,122.3291667,61.20033333,20.295,2.214666667,0,0,0,0,0,0,0,0,0,0,,
28-09,0,0,0,0,0,0,0,0,0,0,0,0.036666667,8.737666667,50.6,125.6053333,238.2123333,348.1903333,583.506,708.5246667,854.9126667,873.1433333,920.4103333,1023.245667,985.2553333,942.975,825.8946667,830.8923333,667.3296667,447.8686667,458.1426667,349.1803333,260.8833333,181.6026667,100.331,38.71633333,11.00366667,2.563,0.33,0,0,0,0,0,0,0,0,0,0,,
29-09,0,0,0,0,0,0,0,0,0,0,0,1.32,14.2065,44.154,208.725,320.232,424.182,585.2385,687.8685,889.713,955.548,737.55,804.573,795.6795,844.107,799.9695,758.076,619.344,600.0555,556.8585,449.691,430.518,306.735,220.209,121.506,44.9955,12.936,1.5345,0,0,0,0,0,0,0,0,0,0,,
30-09,0,0,0,0,0,0,0,0,0,0,0,0,11.27133333,47.65566667,196.7826667,257.9646667,344.0616667,424.4276667,464.068,660.088,804.0193333,800.6826667,819.8226667,665.0526667,686.5026667,706.464,671.7553333,495.935,340.1456667,269.2836667,220.9716667,172.942,118.5946667,48.78133333,22.73333333,7.861333333,3.230333333,0.388666667,0,0,0,0,0,0,0,0,0,0,,
01-10,0,0,0,0,0,0,0,0,0,0,0,0,4.983,25.212,69.894,150.4305,225.6045,288.684,349.1565,370.689,398.7225,419.298,444.0315,401.379,424.743,364.419,361.317,338.349,394.3335,363.5775,307.395,243.012,214.5165,134.7555,63.8385,33.825,7.755,0.3465,0,0,0,0,0,0,0,0,0,0,,
02-10,0,0,0,0,0,0,0,0,0,0,0,0,5.115,40.0125,123.7005,211.398,290.6145,393.657,499.125,547.2225,600.6165,676.0545,693.4785,717.387,776.4735,762.795,651.3045,523.5615,445.4175,369.4515,351.681,287.727,180.18,103.389,38.2305,14.256,3.531,0.165,0,0,0,0,0,0,0,0,0,0,,
03-10,0,0,0,0,0,0,0,0,0,0,0,1.3365,14.124,47.091,78.5565,123.3045,192.1755,301.983,337.1445,399.2505,461.043,454.278,507.177,520.542,499.7025,504.4215,412.797,373.3455,346.1535,312.015,278.1405,241.3785,145.728,119.4435,51.216,20.9385,8.7945,0.2145,0,0,0,0,0,0,0,0,0,0,,
04-10,0,0,0,0,0,0,0,0,0,0,0,1.32,19.074,70.191,172.062,139.986,170.709,257.664,354.849,471.438,563.376,638.484,643.7805,664.092,754.6935,700.0785,786.5385,616.4895,587.9775,546.6285,333.696,269.3625,174.7185,118.701,66.726,29.1555,6.963,0.066,0,0,0,0,0,0,0,0,0,0,,
05-10,0,0,0,0,0,0,0,0,0,0,0,0,7.597333333,47.19733333,159.5403333,291.9803333,410.7546667,433.9096667,588.346,761.849,813.2556667,759.462,774.4916667,750.0093333,821.5643333,679.492,618.4786667,565.092,503.3123333,357.841,339.9806667,220.9386667,162.9356667,93.21033333,31.603,11.77,3.769333333,0,0,0,0,0,0,0,0,0,0,0,,
06-10,0,0,0,0,0,0,0,0,0,0,0,0,5.6925,30.3435,133.518,254.4795,387.783,542.9655,630.3,743.6385,831.171,891.528,867.7845,932.184,934.593,762.762,717.222,544.2195,442.233,406.0815,481.041,307.3785,162.459,98.208,38.478,16.3185,4.125,0.033,0,0,0,0,0,0,0,0,0,0,,
07-10,0,0,0,0,0,0,0,0,0,0,0,0,4.2735,33.363,78.8535,111.342,208.065,264.726,276.5235,343.365,417.879,392.007,397.122,460.8615,501.798,463.2375,436.4085,425.9805,361.0695,332.277,325.8585,242.7645,152.5095,94.4955,57.7005,20.2125,3.4485,0.033,0,0,0,0,0,0,0,0,0,0,,
08-10,0,0,0,0,0,0,0,0,0,0,0,0,1.551,22.8195,64.3005,133.881,186.879,291.126,349.734,458.2215,562.5675,639.705,658.3005,732.0225,704.352,650.199,622.182,567.039,519.948,453.3045,409.563,306.4215,215.4735,118.6515,51.711,20.3445,1.8975,0,0,0,0,0,0,0,0,0,0,0,,
09-10,0,0,0,0,0,0,0,0,0,0,0,0,2.882,39.60733333,69.86833333,196.834,208.0906667,386.0413333,468.05,650.122,865.249,819.9986667,774.6236667,866.4186667,801.1116667,770.4143333,597.4833333,464.717,580.7413333,481.6533333,388.718,249.1243333,143,81.62,39.97766667,15.51733333,2.108333333,0,0,0,0,0,0,0,0,0,0,0,,
10-10,0,0,0,0,0,0,0,0,0,0,0,0,1.426333333,13.662,47.267,100.2356667,196.757,289.8536667,393.9833333,539.4546667,653.18,693.4216667,633.875,621.4523333,617.1183333,552.739,472.2996667,478.0636667,494.263,426.2756667,313.5036667,251.801,213.6346667,130.4306667,65.84233333,25.11666667,1.301666667,0,0,0,0,0,0,0,0,0,0,0,,
11-10,0,0,0,0,0,0,0,0,0,0,0,1.32,16.137,50.4735,122.76,171.2535,276.672,407.0055,513.6285,602.1015,681.4665,787.116,697.158,719.2515,699.93,655.743,648.582,605.913,500.577,454.113,306.7185,175.956,114.774,71.379,37.9665,14.454,1.419,0,0,0,0,0,0,0,0,0,0,0,,
12-10,0,0,0,0,0,0,0,0,0,0,0,0,6.666,29.403,115.8795,213.2625,298.4685,393.9375,503.316,571.8405,608.916,660.7425,703.791,773.7675,719.565,698.082,635.5965,567.435,467.2635,378.9555,266.0625,136.5045,88.506,39.534,16.4835,4.5045,0.495,0,0,0,0,0,0,0,0,0,0,0,,
13-10,0,0,0,0,0,0,0,0,0,0,0,0,1.32,12.639,42.966,97.02,217.503,301.554,292.644,338.184,390.918,393.954,411.081,388.476,451.5555,404.2995,385.572,303.9795,288.6345,229.8615,180.6585,146.8335,86.889,53.8395,25.179,12.5565,0.957,0,0,0,0,0,0,0,0,0,0,0,,
14-10,0,0,0,0,0,0,0,0,0,0,0,0,0.018333333,4.18,28.116,70.89866667,132.385,182.1746667,291.1736667,412.9216667,492.4223333,469.755,476.355,463.331,526.5553333,472.3473333,360.2793333,379.621,339.823,278.9893333,246.6823333,133.166,103.2166667,49.63933333,29.98966667,8.488333333,0.513333333,0,0,0,0,0,0,0,0,0,0,0,,
15-10,0,0,0,0,0,0,0,0,0,0,0,0,0,5.4285,22.077,56.793,122.4465,185.856,271.9035,371.5635,450.4005,465.9435,535.359,510.3615,525.0465,523.0995,506.847,437.7945,436.491,359.634,304.2765,191.301,137.3955,94.215,35.3925,9.4875,0.3465,0,0,0,0,0,0,0,0,0,0,0,,
16-10,0,0,0,0,0,0,0,0,0,0,0,0,0,3.201,21.978,50.787,80.553,146.3715,231.4125,294.855,339.339,442.4145,439.725,451.6875,429.693,423.687,436.095,378.5595,353.826,314.4405,280.6815,194.4855,111.012,58.0305,25.773,6.6495,0.165,0,0,0,0,0,0,0,0,0,0,0,,
17-10,0,0,0,0,0,0,0,0,0,0,0,0,0,6.4515,36.366,99.4125,184.503,281.655,338.8275,415.173,521.73,572.088,625.845,640.2495,526.119,508.0845,470.91,507.804,428.208,360.0465,281.4405,198.9075,120.5325,63.855,22.44,5.643,0.1485,0,0,0,0,0,0,0,0,0,0,0,,
18-10,0,0,0,0,0,0,0,0,0,0,0,0,0,4.506333333,30.29033333,81.84366667,143.495,264.3373333,367.323,429.0806667,478.7823333,543.0956667,579.546,517.1063333,519.7133333,544.654,471.3206667,489.3973333,442.1853333,329.4096667,224.7813333,137.544,66.935,23.18433333,6.651333333,1.679333333,0,0,0,0,0,0,0,0,0,0,0,0,,
19-10,0,0,0,0,0,0,0,0,0,0,0,0,0,22.75166667,76.26666667,107.5433333,217.69,331.87,343.7133333,386.9433333,356.3266667,404.47,354.86,393.5433333,377.4466667,371.8,349.14,332.7133333,225.5916667,181.28,125.675,98.79833333,56.43,25.44666667,11.825,2.255,0,0,0,0,0,0,0,0,0,0,0,0,,
20-10,0,0,0,0,0,0,0,0,0,0,0,0,0,5.6265,24.3045,65.043,114.378,206.349,215.9025,250.602,350.097,335.3295,357.159,318.714,418.011,326.634,329.2245,373.923,393.5745,288.717,213.8235,105.072,43.263,33.726,12.639,2.31,0,0,0,0,0,0,0,0,0,0,0,0,,
21-10,0,0,0,0,0,0,0,0,0,0,0,0,1.32,14.85,61.083,111.4905,138.6825,157.4265,239.151,300.267,337.4085,448.008,510.015,371.8275,428.7855,423.7365,372.174,360.129,263.307,233.9535,230.67,162.9705,105.006,50.292,21.3675,2.4585,0.033,0,0,0,0,0,0,0,0,0,0,0,,
22-10,0,0,0,0,0,0,0,0,0,0,0,0,0,11.781,97.218,193.8255,298.2705,397.2045,362.8185,483.549,598.092,612.81,696.96,684.1725,640.464,676.3185,736.0155,551.892,472.8075,314.985,264.198,169.851,89.2815,37.29,13.464,2.31,0,0,0,0,0,0,0,0,0,0,0,0,,
23-10,0,0,0,0,0,0,0,0,0,0,0,0,0,0.7755,24.1065,62.271,116.3085,218.889,320.529,400.6365,444.3615,478.2195,524.766,631.851,669.0255,600.171,531.498,350.6415,400.4715,231.231,185.295,106.623,50.259,28.083,9.339,0.825,0,0,0,0,0,0,0,0,0,0,0,0,,
24-10,0,0,0,0,0,0,0,0,0,0,0,0,0,10.692,86.856,155.694,228.0465,281.655,245.157,388.773,428.3565,396.066,427.251,536.4975,546.117,558.03,454.0635,459.888,419.529,345.312,206.778,120.054,65.901,28.149,12.111,1.1055,0,0,0,0,0,0,0,0,0,0,0,0,,
25-10,0,0,0,0,0,0,0,0,0,0,0,0,0,6.963,73.3755,200.244,253.2255,351.483,467.2305,491.0235,506.5665,584.199,672.4245,638.913,679.14,557.5845,445.434,638.484,406.032,377.85,262.152,142.3125,68.7225,42.7845,11.4675,0.726,0,0,0,0,0,0,0,0,0,0,0,0,,
26-10,0,0,0,0,0,0,0,0,0,0,0,0,0,12.639,98.076,164.241,209.0385,261.888,287.034,285.2025,296.5545,281.358,249.2655,281.8035,279.51,346.1535,301.587,305.745,323.73,233.2935,151.2555,124.575,70.2735,29.0895,8.283,0.7755,0,0,0,0,0,0,0,0,0,0,0,0,,
27-10,0,0,0,0,0,0,0,0,0,0,0,0,0,4.191,34.6335,141.1905,250.767,331.782,435.699,393.36,420.684,509.7015,508.035,452.1165,546.744,585.9975,550.341,562.7325,401.5275,282.975,199.8975,112.5465,49.6815,13.629,5.577,0.33,0,0,0,0,0,0,0,0,0,0,0,0,,
28-10,0,0,0,0,0,0,0,0,0,0,0,0,0,4.2075,27.7035,131.1915,224.598,259.0335,391.776,532.257,609.7905,692.2575,716.298,649.7865,686.9115,567.0555,493.482,390.225,304.689,239.0355,176.121,78.4905,41.9925,16.2195,7.3755,0.363,0,0,0,0,0,0,0,0,0,0,0,0,,
29-10,0,0,0,0,0,0,0,0,0,0,0,0,0,1.419,15.9225,55.374,109.692,164.7195,222.6345,303.6165,426.327,515.031,641.8335,666.897,657.987,611.028,502.26,392.997,344.8005,247.9125,163.812,93.0435,53.2785,14.8335,3.5475,0.0825,0,0,0,0,0,0,0,0,0,0,0,0,,
30-10,0,0,0,0,0,0,0,0,0,0,0,0,1.32,13.497,55.3905,107.9265,153.384,247.3845,344.124,338.646,382.7505,449.79,398.2275,348.8925,353.6445,347.556,297.5775,246.7575,235.95,209.5995,145.0185,68.1615,34.65,12.9855,3.7455,0.1155,0,0,0,0,0,0,0,0,0,0,0,0,,
31-10,0,0,0,0,0,0,0,0,0,0,0,0,0,0,18.26733333,70.15433333,102.3091667,173.9063333,196.5443333,247.8483333,307.1438333,294.1895,329.2098333,445.9455,391.9483333,364.7251667,351.186,320.4245,255.9755,158.6695,86.13916667,42.867,8.240833333,0.146666667,0,0,0,0,0,0,0,0,0,0,0,0,0,0,,
01-11,0,0,0,0,0,0,0,0,0,0,0,0,0,0,31.086,88.836,155.397,180.048,239.0685,359.172,415.734,355.707,512.457,556.05,574.101,451.77,401.379,283.1565,264.198,183.843,136.0425,66.6435,17.985,0.495,0,0,0,0,0,0,0,0,0,0,0,0,0,0,,
02-11,0,0.066,0,0,0,0,0,0,0,0,0,0,0,1.32,25.08,75.339,223.377,352.01925,436.74675,407.979,587.499,559.416,516.483,526.4655,577.4175,569.58,543.84,466.389,344.949,218.328,125.796,53.4435,12.441,0.594,0,0,0,0,0,0,0,0,0,0,0,0,0,0,,
03-11,0,0,0,0,0,0,0,0,0,0,0,0,0,0,6.6495,49.335,132.2475,223.377,295.284,382.6185,372.372,385.308,392.337,433.9335,412.4505,307.2795,293.799,270.5175,173.1345,133.4025,88.1265,28.6275,3.9105,0,0,0,0,0,0,0,0,0,0,0,0,0,0,0,,
04-11,0,0,0,0,0,0,0,0,0,0,0,0,0,0,8.382,39.138,84.0015,141.9825,212.3715,271.2435,377.9325,433.257,509.322,586.839,515.922,354.486,305.844,240.537,215.259,148.335,82.5495,42.636,6.732,0.0165,0,0,0,0,0,0,0,0,0,0,0,0,0,0,,
05-11,0,0,0,0,0,0,0,0,0,0,0,0,0,0,3.729,31.3005,109.2135,187.176,249.612,332.739,496.2045,509.487,560.0925,462.5445,464.013,323.9115,223.9215,205.8375,157.4265,125.3175,89.4135,37.554,4.9995,0,0,0,0,0,0,0,0,0,0,0,0,0,0,0,,
06-11,0,0,0,0,0,0,0,0,0,0,0,0,0,0,7.670666667,57.046,105.963,195.811,323.5833333,385.9093333,359.0546667,380.7503333,376.3686667,437.8843333,455.3193333,423.8153333,329.989,244.3136667,209.0916667,141.9183333,75.57366667,22.836,3.930666667,0,0,0,0,0,0,0,0,0,0,0,0,0,0,0,,
07-11,0,0,0,0,0,0,0,0,0,0,0,0,0,0,9.933,36.6795,79.068,178.761,194.601,242.6325,258.918,218.4765,245.4705,249.8925,210.738,161.9805,139.7385,127.9905,116.1435,78.8865,43.098,16.0545,2.079,0,0,0,0,0,0,0,0,0,0,0,0,0,0,0,,
08-11,0,0,0,0,0,0,0,0,0,0,0,0,0,0,12.012,39.8805,123.5355,162.261,231.231,306.306,468.237,352.8195,391.974,396.693,382.833,344.8005,304.3425,254.7765,199.188,151.3545,67.089,23.2155,2.277,0,0,0,0,0,0,0,0,0,0,0,0,0,0,0,,
09-11,0,0,0,0,0,0,0,0,0,0,0,0,0,0,16.1865,38.049,72.996,133.881,241.692,250.206,270.204,253.1595,258.126,330.264,281.556,227.4525,212.025,175.263,126.6045,71.0325,31.3995,12.7215,1.2045,0,0,0,0,0,0,0,0,0,0,0,0,0,0,0,,
10-11,0,0,0,0,0,0,0,0,0,0,0,0,0,0,15.576,77.649,188.6115,273.8175,291.1425,352.638,429.2475,414.3315,368.5275,356.73,310.8765,252.5325,254.925,218.6745,125.2185,88.44,72.105,19.5525,3.366,0,0,0,0,0,0,0,0,0,0,0,0,0,0,0,,
11-11,0,0,0,0,0,0,0,0,0,0,0,0,0,0,0.337333333,22.308,70.57233333,112.893,170.1003333,245.5016667,295.284,307.5196667,309.7416667,331.4336667,368.8703333,391.215,306.636,251.251,190.4136667,116.4203333,70.30466667,18.41766667,1.184333333,0,0,0,0,0,0,0,0,0,0,0,0,0,0,0,,
12-11,0,0,0,0,0,0,0,0,0,0,0,0,0,0,0.1485,12.21,55.0275,123.816,195.4095,293.601,299.673,329.241,338.679,315.216,314.6055,299.409,278.8665,215.0775,179.3385,129.9705,61.7925,17.4075,0.957,0,0,0,0,0,0,0,0,0,0,0,0,0,0,0,,
13-11,0,0,0,0,0,0,0,0,0,0,0,0,0,0,1.782,58.047,162.6075,255.882,355.3275,452.826,516.252,462.6765,450.2685,458.4195,458.5515,404.2995,325.4955,281.2425,217.404,132.396,58.806,16.3845,0.7755,0,0,0,0,0,0,0,0,0,0,0,0,0,0,0,,
14-11,0,0,0,0,0,0,0,0,0,0,0,0,0,0,0,5.7255,22.407,57.4365,95.8815,133.122,150.4965,176.1705,175.659,204.072,184.239,156.1395,138.798,105.2535,82.0875,58.5585,25.707,7.5735,0.5775,0,0,0,0,0,0,0,0,0,0,0,0,0,0,0,,
15-11,0,0,0,0,0,0,0,0,0,0,0,0,0,0,0,5.465625,30.471375,66.647625,112.369125,163.72125,213.027375,254.76825,298.390125,283.3545,247.050375,247.751625,240.681375,171.760875,137.61825,100.65,47.334375,13.253625,0.60225,0,0,0,0,0,0,0,0,0,0,0,0,0,0,0,,
16-11,0,0,0,0,0,0,0,0,0,0,0,0,0,0,0.0495,7.887,40.5405,103.983,166.1715,210.309,266.409,233.4255,210.3255,233.145,223.476,205.1775,217.8165,132.264,128.304,84.6285,41.052,12.3585,0.462,0,0,0,0,0,0,0,0,0,0,0,0,0,0,0,,
17-11,0,0,0,0,0,0,0,0,0,0,0,0,0,0,1.32,33.44733333,130.9,199.3346667,287.5436667,363.1246667,440.3373333,472.307,499.62,459.5396667,431.8196667,356.4953333,326.667,256.0213333,160.061,98.45,40.964,8.341666667,0.392333333,0,0,0,0,0,0,0,0,0,0,0,0,0,0,0,,
18-11,0,0,0,0,0,0,0,0,0,0,0,0,0,0,1.32,14.058,48.774,89.133,156.1395,210.4905,246.576,351.945,342.7875,479.9355,436.8375,295.3665,245.718,216.282,157.5255,89.001,56.1,15.18,0.6765,0,0,0,0,0,0,0,0,0,0,0,0,0,0,0,,
19-11,0,0,0,0,0,0,0,0,0,0,0,0,0,0,0.073333333,10.88633333,75.01266667,128.348,219.5343333,346.929,352.4033333,422.796,435.5046667,373.5893333,327.5213333,249.953,280.4413333,242.7846667,168.4393333,109.23,45.32,9.617666667,0.319,0,0,0,0,0,0,0,0,0,0,0,0,0,0,0,,
20-11,0,0,0,0,0,0,0,0,0,0,0,0,0,0,1.32,16.687,87.65166667,154.9973333,143.803,226.732,341.4326667,334.9133333,350.328,422.3706667,385.6966667,311.201,292.5523333,254.617,164.0796667,105.743,51.58633333,9.782666667,0.139333333,0,0,0,0,0,0,0,0,0,0,0,0,0,0,0,,
21-11,0,0,0,0,0,0,0,0,0,0,0,0,0,0,1.32,22.869,105.27,174.042,235.9335,302.181,349.1895,372.2565,370.5405,388.2615,383.9715,309.8865,270.0225,216.0015,129.8385,70.752,23.2815,4.257,0.132,0,0,0,0,0,0,0,0,0,0,0,0,0,0,0,,
22-11,0,0,0,0,0,0,0,0,0,0,0,0,0,0,0,6.1215,42.042,92.103,140.943,158.367,173.514,195.261,214.797,240.669,287.232,266.046,255.9645,194.37,120.615,73.062,25.8885,5.148,0.099,0,0,0,0,0,0,0,0,0,0,0,0,0,0,0,,
23-11,0,0,0,0,0,0,0,0,0,0,0,0,0,0,0,3.168,34.65,119.064,158.961,236.6595,315.612,262.1025,223.7895,228.0795,202.257,196.779,179.883,134.211,132.0165,83.8365,30.195,6.0885,0.099,0,0,0,0,0,0,0,0,0,0,0,0,0,0,0,,
24-11,0,0,0,0,0,0,0,0,0,0,0,0,0,0,0,14.7345,37.9995,78.012,120.6315,169.158,229.9275,279.5925,240.8505,218.5425,243.8205,245.9325,206.3985,213.642,148.2525,87.516,40.557,6.402,0.099,0,0,0,0,0,0,0,0,0,0,0,0,0,0,0,,
25-11,0,0,0,0,0,0,0,0,0,0,0,0,0,0,0,6.369,78.6885,149.1105,253.671,334.224,412.1205,457.512,499.62,504.7845,475.9095,449.592,459.558,302.7255,206.3325,126.6375,48.246,7.9695,0.099,0,0,0,0,0,0,0,0,0,0,0,0,0,0,0,,
26-11,0,0,0,0,0,0,0,0,0,0,0,0,0,0,0,11.12833333,87.04666667,171.1233333,261.69,337.37,372.2033333,418.165,454.97375,368.0233333,344.63,307.8533333,243.045,167.8233333,106.2416667,81.65666667,37.73,5.078333333,0,0,0,0,0,0,0,0,0,0,0,0,0,0,0,0,,
27-11,0,0,0,0,0,0,0,0,0,0,0,0,0,0,0,0.0165,22.5225,59.6805,91.3605,111.1605,184.371,240.57,219.1695,254.4135,257.2845,279.18,254.7105,183.5295,110.7315,73.887,32.538,3.8115,0.066,0,0,0,0,0,0,0,0,0,0,0,0,0,0,0,,
28-11,0,0,0,0,0,0,0,0,0,0,0,0,0,0,0,1.811333333,59.499,148.28,235.224,297.605,371.7376667,399.8243333,366.135,352.7443333,305.7046667,252.142,251.1556667,233.3613333,183.9676667,119.6836667,46.926,6.501,0.088,0,0,0,0,0,0,0,0,0,0,0,0,0,0,0,,
29-11,0,0,0,0,0,0,0,0,0,0,0,0,0,0,0,0.2145,13.0185,58.1625,118.2555,156.486,227.1225,258.4065,278.8995,278.6685,289.3605,260.6175,251.6085,199.8315,138.996,96.5415,38.643,4.6035,0.033,0,0,0,0,0,0,0,0,0,0,0,0,0,0,0,,
30-11,0,0,0,0,0,0,0,0,0,0,0,0,0,0,0,5.478,54.4335,147.1965,240.3225,317.9715,386.034,417.318,398.079,415.7835,399.795,362.1585,288.0075,249.1005,133.353,70.0095,27.3405,3.6795,0.099,0,0,0,0,0,0,0,0,0,0,0,0,0,0,0,,
01-12,0,0,0,0,0,0,0,0,0,0,0,0,0,0,0,0.198,10.1145,43.758,115.1865,171.7155,197.2905,228.228,244.959,249.7275,277.728,268.9665,225.9675,201.696,147.0645,68.145,20.526,3.2175,0.066,0,0,0,0,0,0,0,0,0,0,0,0,0,0,0,,
02-12,0,0.033,0,0,0,0,0,0,0,0,0,0,0,0,0,5.3295,51.81,109.5068333,198.6196667,266.1615,337.2105,440.583,482.2125,467.1975,453.3045,410.223,359.7825,290.664,177.309,96.063,26.4495,6.2865,0.5445,0,0,0,0,0,0,0,0,0,0,0,0,0,0,0,,
03-12,0,0,0,0,0,0,0,0,0,0,0,0,0,0,0,3.993,29.37,75.2235,134.4255,209.22,277.7775,304.953,346.2195,362.4885,344.751,320.9085,297.1155,205.458,139.5405,71.3625,20.493,2.3265,0,0,0,0,0,0,0,0,0,0,0,0,0,0,0,0,,
04-12,0,0,0,0,0,0,0,0,0,0,0,0,0,0,0,0.033,10.53983333,52.55433333,101.6345,165.7406667,215.8603333,221.6481667,220.2511667,218.8578333,206.0153333,177.694,141.9366667,134.8086667,80.18633333,45.79116667,17.886,1.679333333,0,0,0,0,0,0,0,0,0,0,0,0,0,0,0,0,,
05-12,0,0,0,0,0,0,0,0,0,0,0,0,0,0,0,3.96,20.493,71.3625,113.8335,126.225,171.303,194.106,221.826,239.9265,243.0285,194.337,169.5705,109.3125,72.303,37.026,12.936,1.188,0,0,0,0,0,0,0,0,0,0,0,0,0,0,0,0,,
06-12,0,0,0,0,0,0,0,0,0,0,0,0,0,0,0,0,4.7025,44.187,97.02,133.683,154.1265,200.3925,232.3365,209.649,195.3765,172.722,159.3735,125.8785,68.3595,50.3085,16.368,1.5015,0,0,0,0,0,0,0,0,0,0,0,0,0,0,0,0,,
07-12,0,0,0,0,0,0,0,0,0,0,0,0,0,0,0,0,11.385,35.2,59.91333333,90.2,137.665,164.5233333,222.6766667,220.88,239.2866667,209.1283333,181.5916667,152.955,103.4366667,59.60166667,24.87833333,2.328333333,0,0,0,0,0,0,0,0,0,0,0,0,0,0,0,0,,
08-12,0,0,0,0,0,0,0,0,0,0,0,0,0,0,0,0,22.23466667,62.447,107.91,224.4,262.1593333,300.7583333,327.393,344.7253333,332.4676667,279.741,228.0043333,193.842,143.4766667,67.88466667,23.80033333,3.325666667,0,0,0,0,0,0,0,0,0,0,0,0,0,0,0,0,,
09-12,0,0,0,0,0,0,0,0,0,0,0,0,0,0,0,0,4.5705,48.774,116.49,163.0365,213.51,234.663,242.55,259.2975,244.695,245.5035,225.621,211.134,146.7345,79.233,25.5255,1.7655,0,0,0,0,0,0,0,0,0,0,0,0,0,0,0,0,,
10-12,0,0,0,0,0,0,0,0,0,0,0,0,0,0,0,2.64,27.4725,64.9275,130.9605,211.134,280.632,307.956,328.4985,325.38,301.4715,246.8895,199.65,134.5575,87.4005,39.9465,10.9395,1.3035,0,0,0,0,0,0,0,0,0,0,0,0,0,0,0,0,,
11-12,0,0,0,0,0,0,0,0,0,0,0,0,0,0,0,0,13.4145,48.972,97.3665,114.312,161.04,228.129,321.552,289.245,224.862,201.366,178.1505,134.1615,79.53,39.7155,13.233,1.8315,0,0,0,0,0,0,0,0,0,0,0,0,0,0,0,0,,
12-12,0,0,0,0,0,0,0,0,0,0,0,0,0,0,0,0,1.782,23.727,44.88,74.646,101.2275,104.94,105.5505,116.127,133.4025,135.333,149.259,125.4495,79.629,46.794,15.6255,1.1715,0,0,0,0,0,0,0,0,0,0,0,0,0,0,0,0,,
13-12,0,0,0,0,0,0,0,0,0,0,0,0,0,0,0,1.3365,26.6805,97.581,135.7455,157.806,159.654,203.313,239.1675,257.862,253.1925,194.469,139.722,107.2665,84.414,45.5235,12.7545,1.3365,0,0,0,0,0,0,0,0,0,0,0,0,0,0,0,0,,
14-12,0,0,0,0,0,0,0,0,0,0,0,0,0,0,0,0,7.3095,60.654,155.9085,245.157,334.5705,398.904,439.56,491.007,388.41,330.066,265.2375,240.669,151.107,78.6555,29.1885,2.8215,0.0495,0,0,0,0,0,0,0,0,0,0,0,0,0,0,0,,
15-12,0,0,0,0,0,0,0,0,0,0,0,0,0,0,0,0,2.97,37.719,72.3855,125.1525,186.2685,229.2345,240.8505,245.256,232.7655,230.9505,181.071,149.391,101.475,53.559,18.282,1.9305,0,0,0,0,0,0,0,0,0,0,0,0,0,0,0,0,,
16-12,0,0,0,0,0,0,0,0,0,0,0,0,0,0,0,0,2.1285,43.593,96.03,160.2645,230.3565,291.3405,349.437,357.5715,365.2605,290.433,284.262,205.392,142.1145,81.279,31.416,2.607,0.0495,0,0,0,0,0,0,0,0,0,0,0,0,0,0,0,,
17-12,0,0,0,0,0,0,0,0,0,0,0,0,0,0,0,0,2.2275,36.564,92.334,141.2235,212.3715,272.679,289.311,271.6725,286.6215,268.785,217.5195,137.148,85.272,46.6455,23.2815,2.5905,0,0,0,0,0,0,0,0,0,0,0,0,0,0,0,0,,
18-12,0,0,0,0,0,0,0,0,0,0,0,0,0,0,0,0,1.6665,19.1895,44.814,66.429,79.5465,94.281,119.691,132.891,119.9715,96.723,83.8695,74.613,54.351,31.68,9.4875,0.561,0,0,0,0,0,0,0,0,0,0,0,0,0,0,0,0,,
19-12,0,0,0,0,0,0,0,0,0,0,0,0,0,0,0,0,13.50433333,64.00166667,131.395,182.9336667,235.202,269.3276667,292.8493333,312.51,307.8423333,280.6686667,287.3273333,191.0846667,126.1333333,67.089,22.605,2.068,0,0,0,0,0,0,0,0,0,0,0,0,0,0,0,0,,
20-12,0,0,0,0,0,0,0,0,0,0,0,0,0,0,0,0,4.6365,29.9805,68.607,112.761,185.2125,195.228,224.829,202.9665,187.836,191.7135,200.4915,151.9155,108.207,47.3385,17.622,2.31,0,0,0,0,0,0,0,0,0,0,0,0,0,0,0,0,,
21-12,0,0,0,0,0,0,0,0,0,0,0,0,0,0,0,0,0.227333333,5.976666667,26.598,57.44566667,83.15266667,111.859,133.8003333,123.9773333,133.782,142.2116667,143.7736667,115.489,80.74,52.25,19.503,1.342,0,0,0,0,0,0,0,0,0,0,0,0,0,0,0,0,,
22-12,0,0,0,0,0,0,0,0,0,0,0,0,0,0,0,0,0.627,20.7405,76.9395,130.0695,173.712,209.8635,232.122,217.272,201.3,204.8805,184.272,109.098,82.1535,62.502,22.5555,3.1515,0,0,0,0,0,0,0,0,0,0,0,0,0,0,0,0,,
23-12,0,0,0,0,0,0,0,0,0,0,0,0,0,0,0,0,0.469333333,14.10566667,42.48933333,71.52933333,91.938,119.8853333,114.741,123.1633333,114.4073333,113.8866667,93.88133333,74.81833333,53.262,35.508,14.46133333,2.566666667,0.256666667,0,0,0,0,0,0,0,0,0,0,0,0,0,0,0,,
24-12,0,0,0,0,0,0,0,0,0,0,0,0,0,0,0,0,15.65666667,72.875,152.4801667,165.3813333,216.0565,269.5,265.0651667,269.984,242.0385,235.3926667,201.2688333,187.2713333,123.3026667,73.17566667,29.14633333,3.41,0.106333333,0,0,0,0,0,0,0,0,0,0,0,0,0,0,0,,
25-12,0,0,0,0,0,0,0,0,0,0,0,0,0,0,0,0,1.617,26.4,69.3495,120.5985,173.514,209.3025,240.108,276.21,246.378,257.5155,203.7585,160.3635,100.7655,63.195,21.3675,2.3265,0,0,0,0,0,0,0,0,0,0,0,0,0,0,0,0,,
26-12,0,0,0,0,0,0,0,0,0,0,0,0,0,0,0,0,13.3155,83.886,155.529,222.189,277.9425,345.3945,373.131,392.1555,365.97,321.981,297.924,225.3735,152.295,87.648,22.44,2.442,0,0,0,0,0,0,0,0,0,0,0,0,0,0,0,0,,
27-12,0,0,0,0,0,0,0,0,0,0,0,0,0,0,0,0,1.617,16.6815,50.2095,97.3005,136.059,167.2605,185.0805,206.019,203.0985,181.005,155.694,119.5425,96.393,62.898,25.8885,3.069,0.033,0,0,0,0,0,0,0,0,0,0,0,0,0,0,0,,
28-12,0,0,0,0,0,0,0,0,0,0,0,0,0,0,0,0,0.2805,17.49,50.9025,106.161,163.812,191.1195,228.6405,208.8075,185.1795,191.8125,161.667,132.528,101.97,63.525,27.0435,3.8445,0.033,0,0,0,0,0,0,0,0,0,0,0,0,0,0,0,,
29-12,0,0,0,0,0,0,0,0,0,0,0,0,0,0,0,0,1.5015,16.0215,54.4335,93.951,138.765,183.315,193.578,229.0035,225.885,207.537,203.247,180.081,172.986,95.6175,41.811,7.2105,0.363,0,0,0,0,0,0,0,0,0,0,0,0,0,0,0,,
30-12,0,0,0,0,0,0,0,0,0,0,0,0,0,0,0,0,2.2275,31.647,89.133,142.032,202.6035,249.348,251.493,259.908,285.8625,265.1715,224.2515,195.2115,150.018,91.0305,37.2405,7.0785,0.2145,0,0,0,0,0,0,0,0,0,0,0,0,0,0,0,,
31-12,0,0,0,0,0,0,0,0,0,0,0,0,0,0,0,0,12.41166667,82.90333333,158.2166667,224.6566667,291.7383333,335.7566667,354.145,377.4833333,350.24,392.0766667,320.2283333,236.6466667,174.8266667,118.3966667,44.935,5.683333333,0.036666667,0,0,0,0,0,0,0,0,0,0,0,0,0,0,0,,
